run_id,device_id,protocol_version,round,split,formal,block_index,window_in_block,obs_id,wall_start_utc,mono_start_ns,action,workload_bin,n_records,background,background_duty,T_start_C,T_end_C,cpu_freq_start_min_mhz,cpu_freq_start_max_mhz,cpu_freq_end_min_mhz,cpu_freq_end_max_mhz,telemetry_ms,feature_ms,risk_ms,inference_ms,controller_basic_ms,end_to_end_ms,window_elapsed_ms,deadline_overrun_ms,mean_risk,mean_action_probability,valid
pi3bplus_v2_power_corrected_preflight_20260909T123851Z,pi3bplus,2,0,fit,false,0,0,0,2026-09-09T12:39:01Z,291009463575,lucid_revision,n1024,1024,B2,1.0,30.558,32.172,1400.000,1400.000,1400.000,1400.000,3.034573,84.747781,2.992959,704.601570,0.225985,800.160901,801.921125,700.160901,0.678978790,0.595677879,1
pi3bplus_v2_power_corrected_preflight_20260909T123851Z,pi3bplus,2,0,fit,false,0,1,1,2026-09-09T12:39:02Z,291813388149,lucid_revision,n1024,1024,B2,1.0,32.172,32.172,1400.000,1400.000,1400.000,1400.000,1.716372,67.060401,1.869649,612.604110,0.268693,686.731556,688.512406,586.731556,0.678189465,0.589723069,1
pi3bplus_v2_power_corrected_preflight_20260909T123851Z,pi3bplus,2,0,fit,false,0,2,2,2026-09-09T12:39:03Z,292503818432,lucid_revision,n1024,1024,B2,1.0,32.172,32.710,1400.000,1400.000,1400.000,1400.000,1.768453,68.216383,1.828504,640.475870,0.181975,715.663311,717.586397,615.663311,0.688062159,0.604751086,1
pi3bplus_v2_power_corrected_preflight_20260909T123851Z,pi3bplus,2,0,fit,false,0,3,3,2026-09-09T12:39:03Z,293223319738,lucid_revision,n1024,1024,B2,1.0,32.710,33.248,1400.000,1400.000,1400.000,1400.000,1.775276,70.233173,1.894910,642.542793,0.199944,719.838690,722.333068,619.838690,0.671272213,0.587756786,1
pi3bplus_v2_power_corrected_preflight_20260909T123851Z,pi3bplus,2,0,fit,false,0,4,4,2026-09-09T12:39:04Z,293947582715,lucid_revision,n1024,1024,B2,1.0,33.248,33.248,1400.000,1400.000,1400.000,1400.000,1.797881,67.746928,1.839703,638.800924,0.181142,713.571723,715.346323,613.571723,0.701360784,0.611563610,1
pi3bplus_v2_power_corrected_preflight_20260909T123851Z,pi3bplus,2,0,fit,false,0,5,5,2026-09-09T12:39:05Z,294664898947,lucid_revision,n1024,1024,B2,1.0,33.248,33.248,1400.000,1400.000,1400.000,1400.000,1.715695,67.247473,1.819287,636.245478,0.197756,710.399170,712.298664,610.399170,0.689681949,0.601591644,1
pi3bplus_v2_power_corrected_preflight_20260909T123851Z,pi3bplus,2,0,fit,false,0,6,6,2026-09-09T12:39:06Z,295379161270,lucid_revision,n1024,1024,B2,1.0,33.786,33.786,1400.000,1400.000,1400.000,1400.000,1.781788,67.265196,1.835172,641.789386,0.180101,716.001843,717.900972,616.001843,0.676002312,0.589582282,1
pi3bplus_v2_power_corrected_preflight_20260909T123851Z,pi3bplus,2,0,fit,false,0,7,7,2026-09-09T12:39:06Z,296099023089,lucid_revision,n1024,1024,B2,1.0,34.324,34.324,1400.000,1400.000,1400.000,1400.000,1.765695,66.848694,1.890901,637.924161,0.186090,711.831468,713.717734,611.831468,0.673620950,0.584654720,1
pi3bplus_v2_power_corrected_preflight_20260909T123851Z,pi3bplus,2,0,fit,false,0,8,8,2026-09-09T12:39:07Z,296814704222,lucid_revision,n1024,1024,B2,1.0,33.786,34.324,1400.000,1400.000,1400.000,1400.000,1.788195,68.039831,1.891890,644.167345,0.178486,719.194437,720.980028,619.194437,0.694198524,0.612651756,1
pi3bplus_v2_power_corrected_preflight_20260909T123851Z,pi3bplus,2,0,fit,false,0,9,9,2026-09-09T12:39:08Z,297537668534,lucid_revision,n1024,1024,B2,1.0,34.862,34.324,1400.000,1400.000,1400.000,1400.000,1.713665,66.867419,1.787570,639.323295,0.179684,713.059489,714.932058,613.059489,0.676133869,0.589164547,1
pi3bplus_v2_power_corrected_preflight_20260909T123851Z,pi3bplus,2,0,fit,false,0,10,10,2026-09-09T12:39:09Z,298254520243,lucid_revision,n1024,1024,B2,1.0,34.324,34.324,1400.000,1400.000,1400.000,1400.000,1.768768,67.257217,1.872569,642.862368,0.190048,717.118463,719.091446,617.118463,0.699788339,0.611263983,1
pi3bplus_v2_power_corrected_preflight_20260909T123851Z,pi3bplus,2,0,fit,false,0,11,11,2026-09-09T12:39:09Z,298975555611,lucid_revision,n1024,1024,B2,1.0,34.324,34.862,1400.000,1400.000,1400.000,1400.000,1.807778,67.605492,1.870329,642.381892,0.184371,716.956835,718.726281,616.956835,0.690975492,0.605196611,1
pi3bplus_v2_power_corrected_preflight_20260909T123851Z,pi3bplus,2,0,fit,false,0,12,12,2026-09-09T12:39:10Z,299696288938,lucid_revision,n1024,1024,B2,1.0,35.400,34.862,1400.000,1400.000,1400.000,1400.000,1.717988,67.512695,1.810331,639.386603,0.189476,713.795940,715.583511,613.795940,0.672544178,0.584948133,1
pi3bplus_v2_power_corrected_preflight_20260909T123851Z,pi3bplus,2,0,fit,false,0,13,13,2026-09-09T12:39:11Z,300413929234,lucid_revision,n1024,1024,B2,1.0,34.324,34.324,1400.000,1400.000,1400.000,1400.000,1.708719,67.435835,1.842257,636.927682,0.187289,711.285471,713.061011,611.285471,0.675889024,0.589350158,1
pi3bplus_v2_power_corrected_preflight_20260909T123851Z,pi3bplus,2,0,fit,false,0,14,14,2026-09-09T12:39:11Z,301129017655,lucid_revision,n1024,1024,B2,1.0,34.862,34.324,1400.000,1400.000,1400.000,1400.000,1.718198,67.692392,1.826216,638.871562,0.177028,713.467577,715.336136,613.467577,0.691227305,0.606344415,1
pi3bplus_v2_power_corrected_preflight_20260909T123851Z,pi3bplus,2,0,fit,false,0,15,15,2026-09-09T12:39:12Z,301846332453,lucid_revision,n1024,1024,B2,1.0,35.400,35.400,1400.000,1400.000,1400.000,1400.000,1.759499,67.390483,1.906632,637.454573,0.180883,711.842011,713.660520,611.842011,0.680674492,0.594683384,1
pi3bplus_v2_power_corrected_preflight_20260909T123851Z,pi3bplus,2,0,fit,false,0,16,16,2026-09-09T12:39:13Z,302561995384,lucid_revision,n1024,1024,B2,1.0,35.400,35.400,1400.000,1400.000,1400.000,1400.000,1.710906,67.933299,1.870851,640.498804,0.176924,715.355833,717.127728,615.355833,0.690239952,0.602292447,1
pi3bplus_v2_power_corrected_preflight_20260909T123851Z,pi3bplus,2,0,fit,false,0,17,17,2026-09-09T12:39:14Z,303281107087,lucid_revision,n1024,1024,B2,1.0,35.400,35.400,1400.000,1400.000,1400.000,1400.000,1.720803,66.900570,1.801374,638.766921,0.186351,712.532836,714.304992,612.532836,0.696873324,0.609455827,1
pi3bplus_v2_power_corrected_preflight_20260909T123851Z,pi3bplus,2,0,fit,false,0,18,18,2026-09-09T12:39:14Z,303997735631,lucid_revision,n1024,1024,B2,1.0,35.400,35.400,1400.000,1400.000,1400.000,1400.000,1.762104,67.530976,1.809030,638.833619,0.187705,713.308948,715.191310,613.308948,0.671676143,0.583792471,1
pi3bplus_v2_power_corrected_preflight_20260909T123851Z,pi3bplus,2,0,fit,false,0,19,19,2026-09-09T12:39:15Z,304714849303,lucid_revision,n1024,1024,B2,1.0,35.400,35.400,1400.000,1400.000,1400.000,1400.000,1.766479,67.296304,1.888977,637.704589,0.188122,711.990040,713.866466,611.990040,0.673353374,0.586491968,1
pi3bplus_v2_power_corrected_preflight_20260909T123851Z,pi3bplus,2,0,fit,false,0,20,20,2026-09-09T12:39:16Z,305430684953,lucid_revision,n1024,1024,B2,1.0,35.400,35.400,1400.000,1400.000,1400.000,1400.000,1.764344,67.890212,1.909498,639.499694,0.182392,714.400253,716.171315,614.400253,0.688921184,0.605008447,1
pi3bplus_v2_power_corrected_preflight_20260909T123851Z,pi3bplus,2,0,fit,false,0,21,21,2026-09-09T12:39:16Z,306148880087,lucid_revision,n1024,1024,B2,1.0,35.400,35.400,1400.000,1400.000,1400.000,1400.000,1.753407,67.027520,1.799239,636.769174,0.187289,710.712614,712.614872,610.712614,0.692894430,0.607137346,1
pi3bplus_v2_power_corrected_preflight_20260909T123851Z,pi3bplus,2,0,fit,false,0,22,22,2026-09-09T12:39:17Z,306863464039,lucid_revision,n1024,1024,B2,1.0,35.400,35.400,1400.000,1400.000,1400.000,1400.000,1.764344,67.541898,1.865905,640.503338,0.185466,715.023240,716.910499,615.023240,0.682989369,0.592949763,1
pi3bplus_v2_power_corrected_preflight_20260909T123851Z,pi3bplus,2,0,fit,false,0,23,23,2026-09-09T12:39:18Z,307582303932,lucid_revision,n1024,1024,B2,1.0,35.400,35.400,1400.000,1400.000,1400.000,1400.000,1.753876,67.338840,1.870541,637.228406,0.185674,711.532230,713.310117,611.532230,0.703347796,0.618521844,1
pi3bplus_v2_power_corrected_preflight_20260909T123851Z,pi3bplus,2,0,fit,false,0,24,24,2026-09-09T12:39:19Z,308297602088,lucid_revision,n1024,1024,B2,1.0,35.938,35.938,1400.000,1400.000,1400.000,1400.000,1.713304,67.977903,1.866947,640.843605,0.177706,715.786493,717.559171,615.786493,0.674615977,0.585929329,1
pi3bplus_v2_power_corrected_preflight_20260909T123851Z,pi3bplus,2,0,fit,false,0,25,25,2026-09-09T12:39:19Z,309017153100,lucid_revision,n1024,1024,B2,1.0,35.938,35.938,1400.000,1400.000,1400.000,1400.000,1.729658,67.044325,1.817730,637.039792,0.242235,711.083634,712.870062,611.083634,0.665730603,0.579381063,1
pi3bplus_v2_power_corrected_preflight_20260909T123851Z,pi3bplus,2,0,fit,false,0,26,26,2026-09-09T12:39:20Z,309731984692,lucid_revision,n1024,1024,B2,1.0,35.400,35.400,1400.000,1400.000,1400.000,1400.000,1.710388,67.362144,1.805595,639.731317,0.176664,714.041677,715.825866,614.041677,0.687075709,0.604604726,1
pi3bplus_v2_power_corrected_preflight_20260909T123851Z,pi3bplus,2,0,fit,false,0,27,27,2026-09-09T12:39:21Z,310449863441,lucid_revision,n1024,1024,B2,1.0,35.938,35.938,1400.000,1400.000,1400.000,1400.000,1.717836,67.175701,1.830542,637.824290,0.184059,711.876750,713.647189,611.876750,0.690332017,0.603323154,1
pi3bplus_v2_power_corrected_preflight_20260909T123851Z,pi3bplus,2,0,fit,false,0,28,28,2026-09-09T12:39:21Z,311165897986,lucid_revision,n1024,1024,B2,1.0,36.476,36.476,1400.000,1400.000,1400.000,1400.000,1.746064,67.942718,1.872989,638.751460,0.185622,713.671615,715.572937,613.671615,0.685547263,0.595604075,1
pi3bplus_v2_power_corrected_preflight_20260909T123851Z,pi3bplus,2,0,fit,false,0,29,29,2026-09-09T12:39:22Z,311883471203,lucid_revision,n1024,1024,B2,1.0,35.938,36.476,1400.000,1400.000,1400.000,1400.000,1.776377,67.737577,1.861011,636.536035,0.179060,711.221517,713.108205,611.221517,0.703926583,0.619715773,1
pi3bplus_v2_power_corrected_preflight_20260909T123851Z,pi3bplus,2,0,fit,false,0,30,30,2026-09-09T12:39:23Z,312598512033,lucid_revision,n1024,1024,B2,1.0,36.476,36.476,1400.000,1400.000,1400.000,1400.000,1.762315,67.718786,1.874917,639.883173,0.179372,714.587053,716.356035,614.587053,0.673845994,0.584095954,1
pi3bplus_v2_power_corrected_preflight_20260909T123851Z,pi3bplus,2,0,fit,false,0,31,31,2026-09-09T12:39:24Z,313316873296,lucid_revision,n1024,1024,B2,1.0,36.476,35.938,1400.000,1400.000,1400.000,1400.000,1.738149,67.249586,1.823772,639.173435,0.186872,713.321294,715.094859,613.321294,0.666076759,0.581951579,1
pi3bplus_v2_power_corrected_preflight_20260909T123851Z,pi3bplus,2,0,fit,false,0,32,32,2026-09-09T12:39:24Z,314033984268,lucid_revision,n1024,1024,B2,1.0,36.476,36.476,1400.000,1400.000,1400.000,1400.000,1.708775,67.899524,1.884292,638.895860,0.179841,713.735376,715.654355,613.735376,0.682251469,0.598136677,1
pi3bplus_v2_power_corrected_preflight_20260909T123851Z,pi3bplus,2,0,fit,false,0,33,33,2026-09-09T12:39:25Z,314751576769,lucid_revision,n1024,1024,B2,1.0,36.476,36.476,1400.000,1400.000,1400.000,1400.000,1.773253,67.016319,1.868043,637.413857,0.189372,711.358034,713.261493,611.358034,0.694750426,0.607134675,1
pi3bplus_v2_power_corrected_preflight_20260909T123851Z,pi3bplus,2,0,fit,false,0,34,34,2026-09-09T12:39:26Z,315466807137,lucid_revision,n1024,1024,B2,1.0,35.938,36.476,1400.000,1400.000,1400.000,1400.000,1.766899,67.661580,1.883824,639.043220,0.178590,713.699064,715.468463,613.699064,0.692546974,0.601506878,1
pi3bplus_v2_power_corrected_preflight_20260909T123851Z,pi3bplus,2,0,fit,false,0,35,35,2026-09-09T12:39:26Z,316184290256,lucid_revision,n1024,1024,B2,1.0,35.938,36.476,1400.000,1400.000,1400.000,1400.000,1.721848,67.427053,1.815857,638.040990,0.181403,712.383818,714.162593,612.383818,0.693575479,0.609173475,1
pi3bplus_v2_power_corrected_preflight_20260909T123851Z,pi3bplus,2,0,fit,false,0,36,36,2026-09-09T12:39:27Z,316900472973,lucid_revision,n1024,1024,B2,1.0,36.476,36.476,1400.000,1400.000,1400.000,1400.000,1.749295,68.372777,1.851950,640.529912,0.181038,715.954713,717.736925,615.954713,0.676507981,0.588676920,1
pi3bplus_v2_power_corrected_preflight_20260909T123851Z,pi3bplus,2,0,fit,false,0,37,37,2026-09-09T12:39:28Z,317620181847,lucid_revision,n1024,1024,B2,1.0,36.476,36.476,1400.000,1400.000,1400.000,1400.000,1.706796,67.119578,2.004448,636.242429,0.178591,710.389448,712.706131,610.389448,0.675807288,0.592424004,1
pi3bplus_v2_power_corrected_preflight_20260909T123851Z,pi3bplus,2,0,fit,false,0,38,38,2026-09-09T12:39:29Z,318334894457,lucid_revision,n1024,1024,B2,1.0,37.014,36.476,1400.000,1400.000,1400.000,1400.000,1.789868,67.603903,1.856326,641.351703,0.186403,715.968676,717.820730,615.968676,0.675819136,0.591962803,1
pi3bplus_v2_power_corrected_preflight_20260909T123851Z,pi3bplus,2,0,fit,false,0,39,39,2026-09-09T12:39:29Z,319054719427,lucid_revision,n1024,1024,B2,1.0,36.476,36.476,1400.000,1400.000,1400.000,1400.000,1.777316,67.262294,1.883981,637.144864,0.185778,711.416112,713.192127,611.416112,0.698451572,0.607223121,1
pi3bplus_v2_power_corrected_preflight_20260909T123851Z,pi3bplus,2,0,fit,false,0,40,40,2026-09-09T12:39:30Z,319769907565,lucid_revision,n1024,1024,B2,1.0,37.014,37.014,1400.000,1400.000,1400.000,1400.000,1.716328,68.143384,1.862107,639.378683,0.180310,714.520814,716.312454,614.520814,0.689967656,0.600308572,1
pi3bplus_v2_power_corrected_preflight_20260909T123851Z,pi3bplus,2,0,fit,false,0,41,41,2026-09-09T12:39:31Z,320488237436,lucid_revision,n1024,1024,B2,1.0,37.014,36.476,1400.000,1400.000,1400.000,1400.000,1.710234,67.045546,1.862680,636.823833,0.186664,710.752296,712.641173,610.752296,0.679819216,0.596657527,1
pi3bplus_v2_power_corrected_preflight_20260909T123851Z,pi3bplus,2,0,fit,false,0,42,42,2026-09-09T12:39:31Z,321202847434,lucid_revision,n1024,1024,B2,1.0,36.476,36.476,1400.000,1400.000,1400.000,1400.000,1.784296,68.594900,1.829400,639.432374,0.176976,715.028939,716.815787,615.028939,0.678015174,0.590071667,1
pi3bplus_v2_power_corrected_preflight_20260909T123851Z,pi3bplus,2,0,fit,false,0,43,43,2026-09-09T12:39:32Z,321921716680,lucid_revision,n1024,1024,B2,1.0,36.476,36.476,1400.000,1400.000,1400.000,1400.000,1.720495,67.755545,1.833306,637.444697,0.186299,712.095606,713.877663,612.095606,0.688032288,0.604658433,1
pi3bplus_v2_power_corrected_preflight_20260909T123851Z,pi3bplus,2,0,fit,false,0,44,44,2026-09-09T12:39:33Z,322637586605,lucid_revision,n1024,1024,B2,1.0,36.476,36.476,1400.000,1400.000,1400.000,1400.000,1.721954,68.220131,1.859712,638.709727,0.185622,713.902357,715.802954,613.902357,0.671491990,0.587683499,1
pi3bplus_v2_power_corrected_preflight_20260909T123851Z,pi3bplus,2,0,fit,false,0,45,45,2026-09-09T12:39:34Z,323355328489,lucid_revision,n1024,1024,B2,1.0,36.476,37.014,1400.000,1400.000,1400.000,1400.000,1.884399,67.865250,1.809765,640.001188,0.172237,715.267110,717.124531,615.267110,0.699724908,0.610206588,1
pi3bplus_v2_power_corrected_preflight_20260909T123851Z,pi3bplus,2,0,fit,false,0,46,46,2026-09-09T12:39:34Z,324074407991,lucid_revision,n1024,1024,B2,1.0,36.476,37.014,1400.000,1400.000,1400.000,1400.000,1.749141,67.486557,1.856066,640.090009,0.186508,714.524537,716.287844,614.524537,0.690017107,0.601577541,1
pi3bplus_v2_power_corrected_preflight_20260909T123851Z,pi3bplus,2,0,fit,false,0,47,47,2026-09-09T12:39:35Z,324792692733,lucid_revision,n1024,1024,B2,1.0,36.476,37.552,1400.000,1400.000,1400.000,1400.000,1.724558,67.717969,1.803932,637.681446,0.191821,712.348324,714.113559,612.348324,0.677505810,0.591521396,1
pi3bplus_v2_power_corrected_preflight_20260909T123851Z,pi3bplus,2,0,fit,false,0,48,48,2026-09-09T12:39:36Z,325508830325,lucid_revision,n1024,1024,B2,1.0,36.476,36.476,1400.000,1400.000,1400.000,1400.000,1.718934,68.056879,1.832682,638.599922,0.189164,713.567743,715.398707,613.567743,0.672527916,0.583943855,1
pi3bplus_v2_power_corrected_preflight_20260909T123851Z,pi3bplus,2,0,fit,false,0,49,49,2026-09-09T12:39:36Z,326226207805,lucid_revision,n1024,1024,B2,1.0,37.014,36.476,1400.000,1400.000,1400.000,1400.000,1.703413,67.174970,1.819505,638.299489,0.187602,712.350975,714.231521,612.350975,0.693084166,0.611355939,1
pi3bplus_v2_power_corrected_preflight_20260909T123851Z,pi3bplus,2,0,fit,false,0,50,50,2026-09-09T12:39:37Z,326942599347,lucid_revision,n1024,1024,B2,1.0,37.552,36.476,1400.000,1400.000,1400.000,1400.000,2.458923,67.764757,1.880755,639.509107,0.184737,715.009951,716.768885,615.009951,0.676645892,0.589023069,1
pi3bplus_v2_power_corrected_preflight_20260909T123851Z,pi3bplus,2,0,fit,false,0,51,51,2026-09-09T12:39:38Z,327661380182,lucid_revision,n1024,1024,B2,1.0,37.014,36.476,1400.000,1400.000,1400.000,1400.000,1.730392,67.411855,1.827631,637.072573,0.184216,711.374850,713.146179,611.374850,0.704035409,0.615089933,1
pi3bplus_v2_power_corrected_preflight_20260909T123851Z,pi3bplus,2,0,fit,false,0,52,52,2026-09-09T12:39:39Z,328376548676,lucid_revision,n1024,1024,B2,1.0,37.014,37.014,1400.000,1400.000,1400.000,1400.000,1.723935,68.219872,1.827578,639.969734,0.165622,715.317266,718.973673,615.317266,0.686867225,0.600982022,1
pi3bplus_v2_power_corrected_preflight_20260909T123851Z,pi3bplus,2,0,fit,false,0,53,53,2026-09-09T12:39:39Z,329097649506,lucid_revision,n1024,1024,B2,1.0,37.014,37.552,1400.000,1400.000,1400.000,1400.000,1.967628,67.606079,1.798517,636.735160,0.180466,711.461087,713.229135,611.461087,0.673114378,0.586769333,1
pi3bplus_v2_power_corrected_preflight_20260909T123851Z,pi3bplus,2,0,fit,false,0,54,54,2026-09-09T12:39:40Z,329812852676,lucid_revision,n1024,1024,B2,1.0,37.014,37.552,1400.000,1400.000,1400.000,1400.000,1.708361,67.758116,1.819610,639.380376,0.176664,714.043448,715.927849,614.043448,0.675395254,0.588409833,1
pi3bplus_v2_power_corrected_preflight_20260909T123851Z,pi3bplus,2,0,fit,false,0,55,55,2026-09-09T12:39:41Z,330530755758,lucid_revision,n1024,1024,B2,1.0,37.552,37.552,1400.000,1400.000,1400.000,1400.000,1.770132,67.342297,1.849610,638.570171,0.177914,712.871852,714.779325,612.871852,0.690886071,0.606591982,1
pi3bplus_v2_power_corrected_preflight_20260909T123851Z,pi3bplus,2,0,fit,false,0,56,56,2026-09-09T12:39:41Z,331247503858,lucid_revision,n1024,1024,B2,1.0,37.014,37.552,1400.000,1400.000,1400.000,1400.000,1.767996,68.037295,1.819715,640.044917,0.175623,715.017220,716.869487,615.017220,0.682243053,0.594817679,1
pi3bplus_v2_power_corrected_preflight_20260909T123851Z,pi3bplus,2,0,fit,false,0,57,57,2026-09-09T12:39:42Z,331966359047,lucid_revision,n1024,1024,B2,1.0,37.552,37.014,1400.000,1400.000,1400.000,1400.000,1.764507,67.329441,1.901015,636.962404,0.186612,711.327217,713.101152,611.327217,0.689483128,0.601596794,1
pi3bplus_v2_power_corrected_preflight_20260909T123851Z,pi3bplus,2,0,fit,false,0,58,58,2026-09-09T12:39:43Z,332681470744,lucid_revision,n1024,1024,B2,1.0,37.014,37.552,1400.000,1400.000,1400.000,1400.000,1.711487,67.876421,1.806486,638.846014,0.177549,713.613644,715.502525,613.613644,0.698301392,0.611110155,1
pi3bplus_v2_power_corrected_preflight_20260909T123851Z,pi3bplus,2,0,fit,false,0,59,59,2026-09-09T12:39:44Z,333398927722,lucid_revision,n1024,1024,B2,1.0,37.014,37.014,1400.000,1400.000,1400.000,1400.000,1.772841,67.437424,1.859610,637.650257,0.179789,712.006805,713.861312,612.006805,0.667773346,0.580597022,1
pi3bplus_v2_power_corrected_preflight_20260909T123851Z,pi3bplus,2,0,fit,false,0,60,60,2026-09-09T12:39:44Z,334114757705,lucid_revision,n1024,1024,B2,1.0,36.476,37.552,1400.000,1400.000,1400.000,1400.000,1.844558,70.331760,1.858881,639.258530,0.189060,716.649727,718.541055,616.649727,0.679584218,0.592593492,1
pi3bplus_v2_power_corrected_preflight_20260909T123851Z,pi3bplus,2,0,fit,false,0,61,61,2026-09-09T12:39:45Z,334835225245,lucid_revision,n1024,1024,B2,1.0,37.552,37.552,1400.000,1400.000,1400.000,1400.000,1.778622,67.128947,1.859923,637.095995,0.219320,711.213234,713.062272,611.213234,0.685715215,0.602067970,1
pi3bplus_v2_power_corrected_preflight_20260909T123851Z,pi3bplus,2,0,fit,false,0,62,62,2026-09-09T12:39:46Z,335550289574,lucid_revision,n1024,1024,B2,1.0,37.552,37.014,1400.000,1400.000,1400.000,1400.000,1.744820,67.483585,1.847684,640.495261,0.176092,714.938285,716.709720,614.938285,0.691628000,0.605655945,1
pi3bplus_v2_power_corrected_preflight_20260909T123851Z,pi3bplus,2,0,fit,false,0,63,63,2026-09-09T12:39:47Z,336269016820,lucid_revision,n1024,1024,B2,1.0,37.552,38.090,1400.000,1400.000,1400.000,1400.000,1.719665,67.377604,1.825080,638.033646,0.178383,712.298243,714.089782,612.298243,0.682961733,0.592639433,1
pi3bplus_v2_power_corrected_preflight_20260909T123851Z,pi3bplus,2,0,fit,false,0,64,64,2026-09-09T12:39:47Z,336985125794,lucid_revision,n1024,1024,B2,1.0,37.552,37.552,1400.000,1400.000,1400.000,1400.000,1.720967,68.263478,1.811069,638.519365,0.176612,713.674367,715.565124,613.674367,0.702720873,0.618338948,1
pi3bplus_v2_power_corrected_preflight_20260909T123851Z,pi3bplus,2,0,fit,false,0,65,65,2026-09-09T12:39:48Z,337702667298,lucid_revision,n1024,1024,B2,1.0,37.552,37.014,1400.000,1400.000,1400.000,1400.000,1.765185,67.367403,1.852371,637.037548,0.178122,711.355278,713.139317,611.355278,0.673857819,0.584891044,1
pi3bplus_v2_power_corrected_preflight_20260909T123851Z,pi3bplus,2,0,fit,false,0,66,66,2026-09-09T12:39:49Z,338417807006,lucid_revision,n1024,1024,B2,1.0,37.552,37.014,1400.000,1400.000,1400.000,1400.000,1.715447,67.648188,1.808675,639.450174,0.180414,713.995616,715.886738,613.995616,0.669180831,0.582275684,1
pi3bplus_v2_power_corrected_preflight_20260909T123851Z,pi3bplus,2,0,fit,false,0,67,67,2026-09-09T12:39:49Z,339135617469,lucid_revision,n1024,1024,B2,1.0,37.552,37.552,1400.000,1400.000,1400.000,1400.000,1.775967,68.591301,1.780394,638.462281,0.175310,714.325675,716.098517,614.325675,0.687906563,0.604674778,1
pi3bplus_v2_power_corrected_preflight_20260909T123851Z,pi3bplus,2,0,fit,false,0,68,68,2026-09-09T12:39:50Z,339853723513,lucid_revision,n1024,1024,B2,1.0,37.552,37.552,1400.000,1400.000,1400.000,1400.000,1.711385,67.951421,1.868361,640.161411,0.180154,715.056493,716.840637,615.056493,0.686915979,0.601275157,1
pi3bplus_v2_power_corrected_preflight_20260909T123851Z,pi3bplus,2,0,fit,false,0,69,69,2026-09-09T12:39:51Z,340572597249,lucid_revision,n1024,1024,B2,1.0,37.552,38.090,1400.000,1400.000,1400.000,1400.000,1.720915,67.150865,1.817424,637.915123,0.182133,711.976525,713.739836,611.976525,0.686270172,0.596016570,1
pi3bplus_v2_power_corrected_preflight_20260909T123851Z,pi3bplus,2,0,fit,false,0,70,70,2026-09-09T12:39:52Z,341288344612,lucid_revision,n1024,1024,B2,1.0,37.552,37.552,1400.000,1400.000,1400.000,1400.000,1.699510,67.587585,1.784665,639.541259,0.178123,713.972664,715.812173,613.972664,0.705464991,0.621333516,1
pi3bplus_v2_power_corrected_preflight_20260909T123851Z,pi3bplus,2,0,fit,false,0,71,71,2026-09-09T12:39:52Z,342006130301,lucid_revision,n1024,1024,B2,1.0,38.090,37.552,1400.000,1400.000,1400.000,1400.000,1.704093,67.696959,1.867580,637.261752,0.175675,711.854666,713.767871,611.854666,0.673729046,0.584019713,1
pi3bplus_v2_power_corrected_preflight_20260909T123851Z,pi3bplus,2,0,fit,false,0,72,72,2026-09-09T12:39:53Z,342721888512,lucid_revision,n1024,1024,B2,1.0,38.090,37.552,1400.000,1400.000,1400.000,1400.000,1.705343,67.996806,1.880341,639.238690,0.258278,714.252804,716.025282,614.252804,0.662725708,0.579102610,1
pi3bplus_v2_power_corrected_preflight_20260909T123851Z,pi3bplus,2,0,fit,false,0,73,73,2026-09-09T12:39:54Z,343439837051,lucid_revision,n1024,1024,B2,1.0,37.552,37.552,1400.000,1400.000,1400.000,1400.000,1.763259,66.983023,1.856539,637.421259,0.190622,711.334404,713.210787,611.334404,0.685750696,0.600161290,1
pi3bplus_v2_power_corrected_preflight_20260909T123851Z,pi3bplus,2,0,fit,false,0,74,74,2026-09-09T12:39:54Z,344155004272,lucid_revision,n1024,1024,B2,1.0,37.552,37.552,1400.000,1400.000,1400.000,1400.000,1.781384,67.510047,2.975067,639.634730,0.178956,716.310497,718.215474,616.310497,0.695051121,0.608328155,1
pi3bplus_v2_power_corrected_preflight_20260909T123851Z,pi3bplus,2,0,fit,false,0,75,75,2026-09-09T12:39:55Z,344875187430,lucid_revision,n1024,1024,B2,1.0,37.014,38.090,1400.000,1400.000,1400.000,1400.000,1.792999,67.981403,1.911903,637.711454,0.187602,712.688396,714.560508,612.688396,0.692031746,0.600940310,1
pi3bplus_v2_power_corrected_preflight_20260909T123851Z,pi3bplus,2,0,fit,false,0,76,76,2026-09-09T12:39:56Z,345591714008,lucid_revision,n1024,1024,B2,1.0,37.552,38.090,1400.000,1400.000,1400.000,1400.000,1.772687,67.945212,1.815030,639.295480,0.177394,714.171909,715.952617,614.171909,0.695768184,0.611390682,1
pi3bplus_v2_power_corrected_preflight_20260909T123851Z,pi3bplus,2,0,fit,false,0,77,77,2026-09-09T12:39:57Z,346309700507,lucid_revision,n1024,1024,B2,1.0,38.090,37.552,1400.000,1400.000,1400.000,1400.000,1.710292,67.285018,1.815447,638.622523,0.176820,712.771104,714.619936,612.771104,0.675028375,0.587205643,1
pi3bplus_v2_power_corrected_preflight_20260909T123851Z,pi3bplus,2,0,fit,false,0,78,78,2026-09-09T12:39:57Z,347026338023,lucid_revision,n1024,1024,B2,1.0,37.552,38.090,1400.000,1400.000,1400.000,1400.000,1.748104,67.706158,1.847686,639.539902,0.177863,714.220455,715.987829,614.220455,0.673655114,0.589623368,1
pi3bplus_v2_power_corrected_preflight_20260909T123851Z,pi3bplus,2,0,fit,false,0,79,79,2026-09-09T12:39:58Z,347744337912,lucid_revision,n1024,1024,B2,1.0,38.628,37.552,1400.000,1400.000,1400.000,1400.000,1.720656,67.468720,1.787634,637.436262,0.264580,711.870315,713.644252,611.870315,0.677802848,0.594847496,1
pi3bplus_v2_power_corrected_preflight_20260909T123851Z,pi3bplus,2,0,fit,false,0,80,80,2026-09-09T12:39:59Z,348459896516,lucid_revision,n1024,1024,B2,1.0,38.628,38.090,1400.000,1400.000,1400.000,1400.000,1.760760,67.910076,1.826958,638.927639,0.174008,713.775080,715.537455,613.775080,0.695133524,0.603988826,1
pi3bplus_v2_power_corrected_preflight_20260909T123851Z,pi3bplus,2,0,fit,false,0,81,81,2026-09-09T12:39:59Z,349177408218,lucid_revision,n1024,1024,B2,1.0,38.090,37.552,1400.000,1400.000,1400.000,1400.000,1.716229,66.947066,2.574136,637.277040,0.179425,712.025315,713.801388,612.025315,0.691616752,0.601758352,1
pi3bplus_v2_power_corrected_preflight_20260909T123851Z,pi3bplus,2,0,fit,false,0,82,82,2026-09-09T12:40:00Z,349893211301,lucid_revision,n1024,1024,B2,1.0,37.552,38.628,1400.000,1400.000,1400.000,1400.000,1.716126,67.874978,1.784094,640.208651,0.258487,715.034745,716.805609,615.034745,0.680984734,0.597568788,1
pi3bplus_v2_power_corrected_preflight_20260909T123851Z,pi3bplus,2,0,fit,false,0,83,83,2026-09-09T12:40:01Z,350612068605,lucid_revision,n1024,1024,B2,1.0,38.090,37.552,1400.000,1400.000,1400.000,1400.000,1.717688,67.363219,2.021434,637.358248,0.256976,712.124870,713.905682,612.124870,0.678793789,0.590949451,1
pi3bplus_v2_power_corrected_preflight_20260909T123851Z,pi3bplus,2,0,fit,false,0,84,84,2026-09-09T12:40:02Z,351327959420,lucid_revision,n1024,1024,B2,1.0,38.090,38.090,1400.000,1400.000,1400.000,1400.000,1.714772,67.894105,1.810135,639.665928,0.177394,714.482920,716.336440,614.482920,0.686256051,0.603743464,1
pi3bplus_v2_power_corrected_preflight_20260909T123851Z,pi3bplus,2,0,fit,false,0,85,85,2026-09-09T12:40:02Z,352046237452,lucid_revision,n1024,1024,B2,1.0,38.090,38.090,1400.000,1400.000,1400.000,1400.000,1.688209,66.994531,1.812062,636.883399,0.178071,710.771393,712.544237,610.771393,0.670618731,0.586310718,1
pi3bplus_v2_power_corrected_preflight_20260909T123851Z,pi3bplus,2,0,fit,false,0,86,86,2026-09-09T12:40:03Z,352760767499,lucid_revision,n1024,1024,B2,1.0,37.552,38.628,1400.000,1400.000,1400.000,1400.000,1.723261,67.576719,1.794250,639.803136,0.179529,714.258004,716.190117,614.258004,0.702314796,0.612756366,1
pi3bplus_v2_power_corrected_preflight_20260909T123851Z,pi3bplus,2,0,fit,false,0,87,87,2026-09-09T12:40:04Z,353478932906,lucid_revision,n1024,1024,B2,1.0,38.090,37.552,1400.000,1400.000,1400.000,1400.000,1.762427,67.398184,1.892062,637.679186,0.180466,712.007707,713.909560,612.007707,0.688636488,0.599156905,1
pi3bplus_v2_power_corrected_preflight_20260909T123851Z,pi3bplus,2,0,fit,false,0,88,88,2026-09-09T12:40:04Z,354194769683,lucid_revision,n1024,1024,B2,1.0,38.090,38.090,1400.000,1400.000,1400.000,1400.000,1.758470,68.037031,1.885083,638.841571,0.185415,713.822429,715.624336,613.822429,0.678337684,0.593041221,1
pi3bplus_v2_power_corrected_preflight_20260909T123851Z,pi3bplus,2,0,fit,false,0,89,89,2026-09-09T12:40:05Z,354912392902,lucid_revision,n1024,1024,B2,1.0,38.090,38.090,1400.000,1400.000,1400.000,1400.000,1.710710,67.443138,1.823416,645.582618,0.189894,720.038280,721.812895,620.038280,0.670819793,0.582280856,1
pi3bplus_v2_power_corrected_preflight_20260909T123851Z,pi3bplus,2,0,fit,false,0,90,90,2026-09-09T12:40:06Z,355636243274,lucid_revision,n1024,1024,B2,1.0,38.090,38.090,1400.000,1400.000,1400.000,1400.000,1.697950,67.684650,1.820500,643.112260,0.183019,717.741832,719.522437,617.741832,0.694217706,0.612732859,1
pi3bplus_v2_power_corrected_preflight_20260909T123851Z,pi3bplus,2,0,fit,false,0,91,91,2026-09-09T12:40:07Z,356357843136,lucid_revision,n1024,1024,B2,1.0,38.090,37.552,1400.000,1400.000,1400.000,1400.000,1.705918,67.357473,1.820501,639.691509,0.181404,713.910519,715.754144,613.910519,0.674857059,0.587648733,1
pi3bplus_v2_power_corrected_preflight_20260909T123851Z,pi3bplus,2,0,fit,false,0,92,92,2026-09-09T12:40:07Z,357075566112,lucid_revision,n1024,1024,B2,1.0,38.628,38.628,1400.000,1400.000,1400.000,1400.000,1.817428,68.375377,1.815397,638.924895,0.175519,714.367433,716.143819,614.367433,0.703853044,0.614551338,1
pi3bplus_v2_power_corrected_preflight_20260909T123851Z,pi3bplus,2,0,fit,false,0,93,93,2026-09-09T12:40:08Z,357793708398,lucid_revision,n1024,1024,B2,1.0,38.628,38.090,1400.000,1400.000,1400.000,1400.000,1.713366,67.190292,1.830449,637.428898,0.180258,711.496926,713.268417,611.496926,0.686483765,0.600658687,1
pi3bplus_v2_power_corrected_preflight_20260909T123851Z,pi3bplus,2,0,fit,false,0,94,94,2026-09-09T12:40:09Z,358508999813,lucid_revision,n1024,1024,B2,1.0,38.090,38.090,1400.000,1400.000,1400.000,1400.000,1.700293,67.553263,1.798939,639.836194,0.180259,714.297452,716.191702,614.297452,0.672997031,0.586835066,1
pi3bplus_v2_power_corrected_preflight_20260909T123851Z,pi3bplus,2,0,fit,false,0,95,95,2026-09-09T12:40:09Z,359227125764,lucid_revision,n1024,1024,B2,1.0,38.628,38.090,1400.000,1400.000,1400.000,1400.000,1.766127,68.142425,2.566795,637.581477,0.210258,714.303078,716.678625,614.303078,0.676080878,0.588447205,1
pi3bplus_v2_power_corrected_preflight_20260909T123851Z,pi3bplus,2,0,fit,false,0,96,96,2026-09-09T12:40:10Z,359946067958,lucid_revision,n1024,1024,B2,1.0,37.552,38.628,1400.000,1400.000,1400.000,1400.000,1.740710,70.322039,1.827792,641.437455,0.181873,719.021914,720.791478,619.021914,0.692401174,0.608654497,1
pi3bplus_v2_power_corrected_preflight_20260909T123851Z,pi3bplus,2,0,fit,false,0,97,97,2026-09-09T12:40:11Z,360668924778,lucid_revision,n1024,1024,B2,1.0,38.628,38.628,1400.000,1400.000,1400.000,1400.000,1.727690,67.253901,1.811959,637.825750,0.178852,711.970149,713.744245,611.970149,0.683186781,0.594437816,1
pi3bplus_v2_power_corrected_preflight_20260909T123851Z,pi3bplus,2,0,fit,false,0,98,98,2026-09-09T12:40:12Z,361384700459,lucid_revision,n1024,1024,B2,1.0,38.628,38.090,1400.000,1400.000,1400.000,1400.000,1.716492,67.657912,1.783418,639.363794,0.183852,713.889235,715.749944,613.889235,0.690738970,0.603678597,1
pi3bplus_v2_power_corrected_preflight_20260909T123851Z,pi3bplus,2,0,fit,false,0,99,99,2026-09-09T12:40:12Z,362102424861,lucid_revision,n1024,1024,B2,1.0,38.628,38.090,1400.000,1400.000,1400.000,1400.000,1.754148,67.465726,1.881646,638.536240,0.176873,712.967985,714.875204,612.967985,0.696598408,0.609716645,1
pi3bplus_v2_power_corrected_preflight_20260909T123851Z,pi3bplus,2,0,fit,false,0,100,100,2026-09-09T12:40:13Z,362819227596,lucid_revision,n1024,1024,B2,1.0,38.090,38.628,1400.000,1400.000,1400.000,1400.000,1.775189,68.206400,1.828886,640.355466,0.185154,715.551531,717.430208,615.551531,0.668635565,0.581616874,1
pi3bplus_v2_power_corrected_preflight_20260909T123851Z,pi3bplus,2,0,fit,false,0,101,101,2026-09-09T12:40:14Z,363538591429,lucid_revision,n1024,1024,B2,1.0,38.090,37.552,1400.000,1400.000,1400.000,1400.000,1.777793,67.019231,1.871386,636.293556,0.183383,710.300890,712.072590,610.300890,0.679691573,0.592665573,1
pi3bplus_v2_power_corrected_preflight_20260909T123851Z,pi3bplus,2,0,fit,false,0,102,102,2026-09-09T12:40:15Z,364252687330,lucid_revision,n1024,1024,B2,1.0,38.090,38.628,1400.000,1400.000,1400.000,1400.000,1.710816,67.839904,2.650389,640.835533,0.186040,717.220346,719.004859,617.220346,0.685895326,0.601892950,1
pi3bplus_v2_power_corrected_preflight_20260909T123851Z,pi3bplus,2,0,fit,false,0,103,103,2026-09-09T12:40:15Z,364973685605,lucid_revision,n1024,1024,B2,1.0,38.628,38.090,1400.000,1400.000,1400.000,1400.000,1.710711,67.912039,1.866230,638.304601,0.175207,713.153857,715.058004,613.153857,0.690114129,0.605466477,1
pi3bplus_v2_power_corrected_preflight_20260909T123851Z,pi3bplus,2,0,fit,false,0,104,104,2026-09-09T12:40:16Z,365690756192,lucid_revision,n1024,1024,B2,1.0,38.628,38.628,1400.000,1400.000,1400.000,1400.000,1.819721,68.217717,1.879199,639.382843,0.178436,714.667778,716.458540,614.667778,0.681104818,0.590655372,1
pi3bplus_v2_power_corrected_preflight_20260909T123851Z,pi3bplus,2,0,fit,false,0,105,105,2026-09-09T12:40:17Z,366409282836,lucid_revision,n1024,1024,B2,1.0,38.628,38.090,1400.000,1400.000,1400.000,1400.000,1.724565,67.566323,1.815710,636.380774,0.265518,710.908482,712.698828,610.908482,0.704895980,0.619705719,1
pi3bplus_v2_power_corrected_preflight_20260909T123851Z,pi3bplus,2,0,fit,false,0,106,106,2026-09-09T12:40:17Z,367123943258,lucid_revision,n1024,1024,B2,1.0,38.628,38.628,1400.000,1400.000,1400.000,1400.000,1.714826,67.781216,1.806804,643.029442,0.176300,717.768866,719.549525,617.768866,0.672903679,0.583430286,1
pi3bplus_v2_power_corrected_preflight_20260909T123851Z,pi3bplus,2,0,fit,false,0,107,107,2026-09-09T12:40:18Z,367845502606,lucid_revision,n1024,1024,B2,1.0,38.628,38.628,1400.000,1400.000,1400.000,1400.000,1.726701,67.587681,1.837324,639.058518,0.186456,713.562326,715.459077,613.562326,0.666361255,0.580262260,1
pi3bplus_v2_power_corrected_preflight_20260909T123851Z,pi3bplus,2,0,fit,false,0,108,108,2026-09-09T12:40:19Z,368562883017,lucid_revision,n1024,1024,B2,1.0,38.628,38.090,1400.000,1400.000,1400.000,1400.000,1.788106,67.924870,1.877636,638.390269,0.201405,713.387461,715.161297,613.387461,0.691442310,0.607224672,1
pi3bplus_v2_power_corrected_preflight_20260909T123851Z,pi3bplus,2,0,fit,false,0,109,109,2026-09-09T12:40:20Z,369279994085,lucid_revision,n1024,1024,B2,1.0,38.628,38.628,1400.000,1400.000,1400.000,1400.000,1.721805,67.186236,2.552734,637.558495,0.182238,713.263863,715.037855,613.263863,0.689288909,0.604364976,1
pi3bplus_v2_power_corrected_preflight_20260909T123851Z,pi3bplus,2,0,fit,false,0,110,110,2026-09-09T12:40:20Z,369997011503,lucid_revision,n1024,1024,B2,1.0,38.090,38.628,1400.000,1400.000,1400.000,1400.000,1.719774,67.760189,1.794825,639.679388,0.178540,714.326017,716.227352,614.326017,0.682290419,0.591892057,1
pi3bplus_v2_power_corrected_preflight_20260909T123851Z,pi3bplus,2,0,fit,false,0,111,111,2026-09-09T12:40:21Z,370715207584,lucid_revision,n1024,1024,B2,1.0,38.090,38.628,1400.000,1400.000,1400.000,1400.000,1.782014,67.611184,1.871804,638.787442,0.178592,713.332722,715.148225,613.332722,0.709871260,0.625308807,1
pi3bplus_v2_power_corrected_preflight_20260909T123851Z,pi3bplus,2,0,fit,false,0,112,112,2026-09-09T12:40:22Z,371432379173,lucid_revision,n1024,1024,B2,1.0,38.628,38.628,1400.000,1400.000,1400.000,1400.000,1.705607,68.807322,1.819096,639.611891,0.177759,715.335601,717.233082,615.335601,0.670169290,0.580248308,1
pi3bplus_v2_power_corrected_preflight_20260909T123851Z,pi3bplus,2,0,fit,false,0,113,113,2026-09-09T12:40:22Z,372151578797,lucid_revision,n1024,1024,B2,1.0,38.628,38.628,1400.000,1400.000,1400.000,1400.000,1.770659,67.259734,1.881022,637.891582,0.189373,712.112652,714.012216,612.112652,0.661761889,0.578836116,1
pi3bplus_v2_power_corrected_preflight_20260909T123851Z,pi3bplus,2,0,fit,false,0,114,114,2026-09-09T12:40:23Z,372867535785,lucid_revision,n1024,1024,B2,1.0,38.628,38.628,1400.000,1400.000,1400.000,1400.000,1.763524,67.822701,1.931334,640.429339,0.177186,715.297073,717.168148,615.297073,0.684275364,0.598757657,1
pi3bplus_v2_power_corrected_preflight_20260909T123851Z,pi3bplus,2,0,fit,false,0,115,115,2026-09-09T12:40:24Z,373586634435,lucid_revision,n1024,1024,B2,1.0,37.552,38.628,1400.000,1400.000,1400.000,1400.000,1.776284,67.685415,1.892013,637.634285,0.178644,712.277078,714.162164,612.277078,0.699557557,0.612461048,1
pi3bplus_v2_power_corrected_preflight_20260909T123851Z,pi3bplus,2,0,fit,false,0,116,116,2026-09-09T12:40:25Z,374302719913,lucid_revision,n1024,1024,B2,1.0,38.628,38.628,1400.000,1400.000,1400.000,1400.000,1.768993,68.083748,2.533204,644.849145,0.260830,721.514006,723.515809,621.514006,0.689254996,0.598460575,1
pi3bplus_v2_power_corrected_preflight_20260909T123851Z,pi3bplus,2,0,fit,false,0,117,117,2026-09-09T12:40:25Z,375028331431,lucid_revision,n1024,1024,B2,1.0,38.628,38.628,1400.000,1400.000,1400.000,1400.000,1.730920,67.776460,1.801180,646.999883,0.175988,721.729711,723.502975,621.729711,0.696960963,0.613243588,1
pi3bplus_v2_power_corrected_preflight_20260909T123851Z,pi3bplus,2,0,fit,false,0,118,118,2026-09-09T12:40:26Z,375753963551,lucid_revision,n1024,1024,B2,1.0,38.628,39.166,1400.000,1400.000,1400.000,1400.000,1.713785,67.853182,1.870659,638.847070,0.172602,713.631225,715.528342,613.631225,0.676031850,0.587214053,1
pi3bplus_v2_power_corrected_preflight_20260909T123851Z,pi3bplus,2,0,fit,false,0,119,119,2026-09-09T12:40:27Z,376471510883,lucid_revision,n1024,1024,B2,1.0,38.628,39.166,1400.000,1400.000,1400.000,1400.000,1.851128,67.928133,1.824878,637.414973,0.176404,712.374965,714.254582,612.374965,0.672017833,0.587805000,1
pi3bplus_v2_power_corrected_preflight_20260909T123851Z,pi3bplus,2,0,fit,false,0,120,120,2026-09-09T12:40:27Z,377187756747,lucid_revision,n1024,1024,B2,1.0,38.628,38.628,1400.000,1400.000,1400.000,1400.000,1.781233,68.130163,1.810712,639.173692,0.176665,714.278369,716.063456,614.278369,0.677377633,0.593835909,1
pi3bplus_v2_power_corrected_preflight_20260909T123851Z,pi3bplus,2,0,fit,false,0,121,121,2026-09-09T12:40:28Z,377905832163,lucid_revision,n1024,1024,B2,1.0,38.628,38.628,1400.000,1400.000,1400.000,1400.000,1.709150,67.516318,1.817638,635.680517,0.177446,710.064529,711.935760,610.064529,0.693537078,0.603795163,1
pi3bplus_v2_power_corrected_preflight_20260909T123851Z,pi3bplus,2,0,fit,false,0,122,122,2026-09-09T12:40:29Z,378619699988,lucid_revision,n1024,1024,B2,1.0,39.166,37.552,1400.000,1400.000,1400.000,1400.000,1.835086,67.738456,1.813784,638.877225,0.177811,713.635248,715.409970,613.635248,0.696162388,0.606710100,1
pi3bplus_v2_power_corrected_preflight_20260909T123851Z,pi3bplus,2,0,fit,false,0,123,123,2026-09-09T12:40:30Z,379337089471,lucid_revision,n1024,1024,B2,1.0,38.628,38.628,1400.000,1400.000,1400.000,1400.000,1.726858,67.980645,2.578100,638.572886,0.255466,715.103707,716.890825,615.103707,0.679717165,0.595740280,1
pi3bplus_v2_power_corrected_preflight_20260909T123851Z,pi3bplus,2,0,fit,false,0,124,124,2026-09-09T12:40:30Z,380055899757,lucid_revision,n1024,1024,B2,1.0,38.628,38.628,1400.000,1400.000,1400.000,1400.000,1.762535,68.109653,1.830295,639.091555,0.179894,714.140308,715.908833,614.140308,0.677383586,0.589609269,1
pi3bplus_v2_power_corrected_preflight_20260909T123851Z,pi3bplus,2,0,fit,false,0,125,125,2026-09-09T12:40:31Z,380773856070,lucid_revision,n1024,1024,B2,1.0,38.628,38.628,1400.000,1400.000,1400.000,1400.000,1.714515,67.650287,1.807951,637.140239,0.177186,711.655200,713.433985,611.655200,0.690007608,0.606948052,1
pi3bplus_v2_power_corrected_preflight_20260909T123851Z,pi3bplus,2,0,fit,false,0,126,126,2026-09-09T12:40:32Z,381489299983,lucid_revision,n1024,1024,B2,1.0,38.628,39.166,1400.000,1400.000,1400.000,1400.000,1.706442,67.931694,1.797275,639.610290,0.174322,714.389732,716.321692,614.389732,0.668609036,0.584196355,1
pi3bplus_v2_power_corrected_preflight_20260909T123851Z,pi3bplus,2,0,fit,false,0,127,127,2026-09-09T12:40:32Z,382207649625,lucid_revision,n1024,1024,B2,1.0,38.628,38.628,1400.000,1400.000,1400.000,1400.000,1.801077,67.577324,1.882326,637.911799,0.257810,712.544420,714.319768,612.544420,0.700567377,0.611047929,1
pi3bplus_v2_power_corrected_preflight_20260909T123851Z,pi3bplus,2,0,fit,false,0,128,128,2026-09-09T12:40:33Z,382923904062,lucid_revision,n1024,1024,B2,1.0,38.628,38.628,1400.000,1400.000,1400.000,1400.000,1.777587,68.528880,1.823732,639.796333,0.175363,715.266345,717.162212,615.266345,0.689798414,0.599981617,1
pi3bplus_v2_power_corrected_preflight_20260909T123851Z,pi3bplus,2,0,fit,false,0,129,129,2026-09-09T12:40:34Z,383642992298,lucid_revision,n1024,1024,B2,1.0,38.628,38.628,1400.000,1400.000,1400.000,1400.000,1.782587,67.030460,1.832691,637.112315,0.184894,711.093282,712.861234,611.093282,0.678312024,0.593631035,1
pi3bplus_v2_power_corrected_preflight_20260909T123851Z,pi3bplus,2,0,fit,false,0,130,130,2026-09-09T12:40:35Z,384357875336,lucid_revision,n1024,1024,B2,1.0,38.628,38.628,1400.000,1400.000,1400.000,1400.000,1.703578,67.573896,2.615444,640.787309,0.176717,716.198266,717.971999,616.198266,0.670474989,0.582175087,1
pi3bplus_v2_power_corrected_preflight_20260909T123851Z,pi3bplus,2,0,fit,false,0,131,131,2026-09-09T12:40:35Z,385077890181,lucid_revision,n1024,1024,B2,1.0,38.628,38.628,1400.000,1400.000,1400.000,1400.000,1.706703,67.410147,1.823732,637.672157,0.177394,711.969219,713.750504,611.969219,0.694532002,0.611741899,1
pi3bplus_v2_power_corrected_preflight_20260909T123851Z,pi3bplus,2,0,fit,false,0,132,132,2026-09-09T12:40:36Z,385793668791,lucid_revision,n1024,1024,B2,1.0,38.628,38.628,1400.000,1400.000,1400.000,1400.000,1.710140,68.086759,1.867014,639.893249,0.178020,714.901401,716.669197,614.901401,0.674494602,0.588240708,1
pi3bplus_v2_power_corrected_preflight_20260909T123851Z,pi3bplus,2,0,fit,false,0,133,133,2026-09-09T12:40:37Z,386512374011,lucid_revision,n1024,1024,B2,1.0,39.166,38.628,1400.000,1400.000,1400.000,1400.000,1.727224,67.285103,1.811338,636.312937,0.176196,710.477716,712.353219,610.477716,0.703844921,0.614564450,1
pi3bplus_v2_power_corrected_preflight_20260909T123851Z,pi3bplus,2,0,fit,false,0,134,134,2026-09-09T12:40:37Z,387226653827,lucid_revision,n1024,1024,B2,1.0,38.628,38.628,1400.000,1400.000,1400.000,1400.000,1.764411,67.801767,1.882170,640.405327,0.194008,715.223331,717.841484,615.223331,0.688592921,0.602339987,1
pi3bplus_v2_power_corrected_preflight_20260909T123851Z,pi3bplus,2,0,fit,false,0,135,135,2026-09-09T12:40:38Z,387946571594,lucid_revision,n1024,1024,B2,1.0,38.628,38.628,1400.000,1400.000,1400.000,1400.000,1.809515,67.974059,1.875972,637.373500,0.176249,712.319109,714.227060,612.319109,0.671284335,0.585330617,1
pi3bplus_v2_power_corrected_preflight_20260909T123851Z,pi3bplus,2,0,fit,false,0,136,136,2026-09-09T12:40:39Z,388662773583,lucid_revision,n1024,1024,B2,1.0,38.628,38.628,1400.000,1400.000,1400.000,1400.000,1.777692,68.174998,1.912586,639.493498,0.181301,714.665827,716.434145,614.665827,0.675621970,0.588581682,1
pi3bplus_v2_power_corrected_preflight_20260909T123851Z,pi3bplus,2,0,fit,false,0,137,137,2026-09-09T12:40:40Z,389381193178,lucid_revision,n1024,1024,B2,1.0,38.628,38.628,1400.000,1400.000,1400.000,1400.000,1.729047,67.341884,2.471644,637.825622,0.177811,713.092693,714.919031,613.092693,0.693013312,0.609075318,1
pi3bplus_v2_power_corrected_preflight_20260909T123851Z,pi3bplus,2,0,fit,false,0,138,138,2026-09-09T12:40:40Z,390098042868,lucid_revision,n1024,1024,B2,1.0,39.166,39.166,1400.000,1400.000,1400.000,1400.000,1.696078,67.646985,1.844567,639.744120,0.176613,714.437655,716.217014,614.437655,0.680010107,0.591244752,1
pi3bplus_v2_power_corrected_preflight_20260909T123851Z,pi3bplus,2,0,fit,false,0,139,139,2026-09-09T12:40:41Z,390816272780,lucid_revision,n1024,1024,B2,1.0,38.628,38.628,1400.000,1400.000,1400.000,1400.000,1.713005,67.383085,1.793734,637.694833,0.193227,711.999729,713.766640,611.999729,0.693961351,0.607438189,1
pi3bplus_v2_power_corrected_preflight_20260909T123851Z,pi3bplus,2,0,fit,false,0,140,140,2026-09-09T12:40:42Z,391532062579,lucid_revision,n1024,1024,B2,1.0,38.628,38.628,1400.000,1400.000,1400.000,1400.000,1.717484,68.221569,1.817536,639.849570,0.183852,714.961806,716.845123,614.961806,0.694601637,0.606925684,1
pi3bplus_v2_power_corrected_preflight_20260909T123851Z,pi3bplus,2,0,fit,false,0,141,141,2026-09-09T12:40:42Z,392250838674,lucid_revision,n1024,1024,B2,1.0,39.166,38.628,1400.000,1400.000,1400.000,1400.000,1.766546,67.277571,1.853681,637.671806,0.182707,711.911971,713.805339,611.911971,0.668432345,0.581904197,1
pi3bplus_v2_power_corrected_preflight_20260909T123851Z,pi3bplus,2,0,fit,false,0,142,142,2026-09-09T12:40:43Z,392966609360,lucid_revision,n1024,1024,B2,1.0,39.166,39.166,1400.000,1400.000,1400.000,1400.000,1.797744,68.068449,1.887691,639.760870,0.177654,714.866964,716.641739,614.866964,0.681177452,0.593962144,1
pi3bplus_v2_power_corrected_preflight_20260909T123851Z,pi3bplus,2,0,fit,false,0,143,143,2026-09-09T12:40:44Z,393685266915,lucid_revision,n1024,1024,B2,1.0,39.166,38.628,1400.000,1400.000,1400.000,1400.000,1.713839,67.605956,1.806026,637.484396,0.179738,711.944718,713.724181,611.944718,0.687318083,0.602983934,1
pi3bplus_v2_power_corrected_preflight_20260909T123851Z,pi3bplus,2,0,fit,false,0,144,144,2026-09-09T12:40:45Z,394401012953,lucid_revision,n1024,1024,B2,1.0,38.628,38.628,1400.000,1400.000,1400.000,1400.000,1.721235,68.223297,2.787423,639.968094,0.175103,716.079967,717.858909,616.079967,0.685482662,0.601491878,1
pi3bplus_v2_power_corrected_preflight_20260909T123851Z,pi3bplus,2,0,fit,false,0,145,145,2026-09-09T12:40:45Z,395120887001,lucid_revision,n1024,1024,B2,1.0,39.166,38.628,1400.000,1400.000,1400.000,1400.000,1.725246,67.565439,1.816858,637.444392,0.179321,711.913936,713.684180,611.913936,0.683277942,0.592964291,1
pi3bplus_v2_power_corrected_preflight_20260909T123851Z,pi3bplus,2,0,fit,false,0,146,146,2026-09-09T12:40:46Z,395836599028,lucid_revision,n1024,1024,B2,1.0,38.628,38.090,1400.000,1400.000,1400.000,1400.000,1.714308,67.769086,1.801651,641.250624,0.183800,715.913294,717.690987,615.913294,0.703734417,0.617832268,1
pi3bplus_v2_power_corrected_preflight_20260909T123851Z,pi3bplus,2,0,fit,false,0,147,147,2026-09-09T12:40:47Z,396556315570,lucid_revision,n1024,1024,B2,1.0,38.628,39.166,1400.000,1400.000,1400.000,1400.000,1.712485,67.658204,1.808162,637.267706,0.268695,711.888348,713.676822,611.888348,0.673307962,0.583998722,1
pi3bplus_v2_power_corrected_preflight_20260909T123851Z,pi3bplus,2,0,fit,false,0,148,148,2026-09-09T12:40:48Z,397271918521,lucid_revision,n1024,1024,B2,1.0,39.704,39.166,1400.000,1400.000,1400.000,1400.000,1.756599,68.380701,1.829984,639.142352,0.182238,714.446533,716.302507,614.446533,0.667156791,0.580499184,1
pi3bplus_v2_power_corrected_preflight_20260909T123851Z,pi3bplus,2,0,fit,false,0,149,149,2026-09-09T12:40:48Z,397990149500,lucid_revision,n1024,1024,B2,1.0,38.628,39.166,1400.000,1400.000,1400.000,1400.000,1.708475,67.360501,1.791442,637.216658,0.187550,711.427516,713.206355,611.427516,0.693441459,0.609515308,1
pi3bplus_v2_power_corrected_preflight_20260909T123851Z,pi3bplus,2,0,fit,false,0,150,150,2026-09-09T12:40:49Z,398705395212,lucid_revision,n1024,1024,B2,1.0,39.166,39.166,1400.000,1400.000,1400.000,1400.000,1.720297,67.656961,1.818161,639.866858,0.184425,714.434279,716.325825,614.434279,0.686794733,0.601994636,1
pi3bplus_v2_power_corrected_preflight_20260909T123851Z,pi3bplus,2,0,fit,false,0,151,151,2026-09-09T12:40:50Z,399423644562,lucid_revision,n1024,1024,B2,1.0,39.166,39.704,1400.000,1400.000,1400.000,1400.000,1.775818,67.543370,2.706435,638.639700,0.182603,713.966545,715.740279,613.966545,0.684210702,0.594319785,1
pi3bplus_v2_power_corrected_preflight_20260909T123851Z,pi3bplus,2,0,fit,false,0,152,152,2026-09-09T12:40:50Z,400141366751,lucid_revision,n1024,1024,B2,1.0,39.166,38.628,1400.000,1400.000,1400.000,1400.000,1.727172,68.084876,1.807484,639.636227,0.178488,714.629533,716.481964,614.629533,0.710788038,0.625870774,1
pi3bplus_v2_power_corrected_preflight_20260909T123851Z,pi3bplus,2,0,fit,false,0,153,153,2026-09-09T12:40:51Z,400859816303,lucid_revision,n1024,1024,B2,1.0,38.628,39.704,1400.000,1400.000,1400.000,1400.000,1.805661,67.268948,1.863369,637.529489,0.175363,711.773949,713.667787,611.773949,0.668810869,0.578622158,1
pi3bplus_v2_power_corrected_preflight_20260909T123851Z,pi3bplus,2,0,fit,false,0,154,154,2026-09-09T12:40:52Z,401575452979,lucid_revision,n1024,1024,B2,1.0,39.704,38.628,1400.000,1400.000,1400.000,1400.000,1.786131,67.823425,1.859150,639.780734,0.182238,714.563266,716.328407,614.563266,0.663286925,0.580384867,1
pi3bplus_v2_power_corrected_preflight_20260909T123851Z,pi3bplus,2,0,fit,false,0,155,155,2026-09-09T12:40:53Z,402293780275,lucid_revision,n1024,1024,B2,1.0,38.628,38.628,1400.000,1400.000,1400.000,1400.000,1.710923,68.025197,1.860921,636.812398,0.176977,711.861233,713.653978,611.861233,0.686372205,0.601137466,1
pi3bplus_v2_power_corrected_preflight_20260909T123851Z,pi3bplus,2,0,fit,false,0,156,156,2026-09-09T12:40:53Z,403009406996,lucid_revision,n1024,1024,B2,1.0,39.166,38.628,1400.000,1400.000,1400.000,1400.000,1.719412,68.091446,1.868578,639.730099,0.198905,714.862111,716.639023,614.862111,0.696184258,0.609341278,1
pi3bplus_v2_power_corrected_preflight_20260909T123851Z,pi3bplus,2,0,fit,false,0,157,157,2026-09-09T12:40:54Z,403728159438,lucid_revision,n1024,1024,B2,1.0,38.628,38.628,1400.000,1400.000,1400.000,1400.000,1.735662,67.318644,1.816027,637.447685,0.188644,711.695540,713.572816,611.695540,0.688477642,0.597053664,1
pi3bplus_v2_power_corrected_preflight_20260909T123851Z,pi3bplus,2,0,fit,false,0,158,158,2026-09-09T12:40:55Z,404443665310,lucid_revision,n1024,1024,B2,1.0,39.166,38.628,1400.000,1400.000,1400.000,1400.000,1.772225,67.832600,1.798005,640.189606,0.173957,714.956626,716.840620,614.956626,0.699314755,0.616033336,1
pi3bplus_v2_power_corrected_preflight_20260909T123851Z,pi3bplus,2,0,fit,false,0,159,159,2026-09-09T12:40:55Z,405162445549,lucid_revision,n1024,1024,B2,1.0,39.166,39.166,1400.000,1400.000,1400.000,1400.000,1.758839,67.864683,1.913212,638.348551,0.176509,713.186717,715.090347,613.186717,0.674276472,0.585426164,1
pi3bplus_v2_power_corrected_preflight_20260909T123851Z,pi3bplus,2,0,fit,false,0,160,160,2026-09-09T12:40:56Z,405879503327,lucid_revision,n1024,1024,B2,1.0,38.628,39.166,1400.000,1400.000,1400.000,1400.000,1.786391,68.793115,1.817953,640.062977,0.178853,715.830460,717.724142,615.830460,0.672013675,0.587652451,1
pi3bplus_v2_power_corrected_preflight_20260909T123851Z,pi3bplus,2,0,fit,false,0,161,161,2026-09-09T12:40:57Z,406599201046,lucid_revision,n1024,1024,B2,1.0,39.166,39.166,1400.000,1400.000,1400.000,1400.000,1.775610,67.331099,1.872745,636.496458,0.178176,710.762706,712.531390,610.762706,0.677162001,0.593118876,1
pi3bplus_v2_power_corrected_preflight_20260909T123851Z,pi3bplus,2,0,fit,false,0,162,162,2026-09-09T12:40:58Z,407313735440,lucid_revision,n1024,1024,B2,1.0,39.166,39.166,1400.000,1400.000,1400.000,1400.000,1.710246,67.950627,1.854828,640.645767,0.174686,715.558263,717.337206,615.558263,0.695643785,0.606611890,1
pi3bplus_v2_power_corrected_preflight_20260909T123851Z,pi3bplus,2,0,fit,false,0,163,163,2026-09-09T12:40:58Z,408033059400,lucid_revision,n1024,1024,B2,1.0,39.704,39.166,1400.000,1400.000,1400.000,1400.000,1.716860,67.597974,1.833057,637.554248,0.184738,712.034456,713.812462,612.034456,0.693722692,0.604280431,1
pi3bplus_v2_power_corrected_preflight_20260909T123851Z,pi3bplus,2,0,fit,false,0,164,164,2026-09-09T12:40:59Z,408748894554,lucid_revision,n1024,1024,B2,1.0,39.166,38.628,1400.000,1400.000,1400.000,1400.000,1.724048,68.155524,1.790349,639.222059,0.177551,714.254557,716.165791,614.254557,0.683085881,0.598529927,1
pi3bplus_v2_power_corrected_preflight_20260909T123851Z,pi3bplus,2,0,fit,false,0,165,165,2026-09-09T12:41:00Z,409467032464,lucid_revision,n1024,1024,B2,1.0,38.628,38.628,1400.000,1400.000,1400.000,1400.000,2.312689,67.626572,1.853995,637.016572,0.178332,712.149853,714.050462,612.149853,0.677638068,0.590240610,1
pi3bplus_v2_power_corrected_preflight_20260909T123851Z,pi3bplus,2,0,fit,false,0,166,166,2026-09-09T12:41:00Z,410183014577,lucid_revision,n1024,1024,B2,1.0,39.166,39.166,1400.000,1400.000,1400.000,1400.000,1.769725,67.834852,1.878630,639.941882,0.175623,714.742510,716.521401,614.742510,0.685079349,0.602077825,1
pi3bplus_v2_power_corrected_preflight_20260909T123851Z,pi3bplus,2,0,fit,false,0,167,167,2026-09-09T12:41:01Z,410901574243,lucid_revision,n1024,1024,B2,1.0,39.166,38.628,1400.000,1400.000,1400.000,1400.000,1.718892,67.776157,1.834672,638.221961,0.178332,712.920717,714.770024,612.920717,0.670409647,0.585894618,1
pi3bplus_v2_power_corrected_preflight_20260909T123851Z,pi3bplus,2,0,fit,false,0,168,168,2026-09-09T12:41:02Z,411618319303,lucid_revision,n1024,1024,B2,1.0,38.628,39.166,1400.000,1400.000,1400.000,1400.000,1.747486,68.133708,1.874307,639.230611,0.178540,714.270773,716.040550,614.270773,0.697491610,0.608468990,1
pi3bplus_v2_power_corrected_preflight_20260909T123851Z,pi3bplus,2,0,fit,false,0,169,169,2026-09-09T12:41:03Z,412336337701,lucid_revision,n1024,1024,B2,1.0,39.704,39.166,1400.000,1400.000,1400.000,1400.000,1.705454,67.576945,1.807172,637.852048,0.179529,712.293311,714.080328,612.293311,0.693049706,0.601944974,1
pi3bplus_v2_power_corrected_preflight_20260909T123851Z,pi3bplus,2,0,fit,false,0,170,170,2026-09-09T12:41:03Z,413052436398,lucid_revision,n1024,1024,B2,1.0,39.166,39.166,1400.000,1400.000,1400.000,1400.000,1.716548,67.854911,1.802069,640.600427,0.177082,715.333771,717.163339,615.333771,0.679586593,0.596111160,1
pi3bplus_v2_power_corrected_preflight_20260909T123851Z,pi3bplus,2,0,fit,false,0,171,171,2026-09-09T12:41:04Z,413771576075,lucid_revision,n1024,1024,B2,1.0,39.166,38.628,1400.000,1400.000,1400.000,1400.000,1.832224,67.769914,1.827849,637.640203,0.182290,712.407872,714.264420,612.407872,0.672602928,0.583446593,1
pi3bplus_v2_power_corrected_preflight_20260909T123851Z,pi3bplus,2,0,fit,false,0,172,172,2026-09-09T12:41:05Z,414487768500,lucid_revision,n1024,1024,B2,1.0,39.166,39.166,1400.000,1400.000,1400.000,1400.000,1.765090,68.333454,1.819204,640.267903,0.177811,715.534894,717.456388,615.534894,0.690287547,0.607606071,1
pi3bplus_v2_power_corrected_preflight_20260909T123851Z,pi3bplus,2,0,fit,false,0,173,173,2026-09-09T12:41:05Z,415207172008,lucid_revision,n1024,1024,B2,1.0,39.166,39.166,1400.000,1400.000,1400.000,1400.000,1.775298,67.168359,1.862589,637.233626,0.176770,711.339272,713.193007,611.339272,0.674419911,0.588101823,1
pi3bplus_v2_power_corrected_preflight_20260909T123851Z,pi3bplus,2,0,fit,false,0,174,174,2026-09-09T12:41:06Z,415922342864,lucid_revision,n1024,1024,B2,1.0,38.628,38.628,1400.000,1400.000,1400.000,1400.000,1.750455,67.805543,1.849516,640.268613,0.176197,715.025245,716.800804,615.025245,0.704140757,0.615590501,1
pi3bplus_v2_power_corrected_preflight_20260909T123851Z,pi3bplus,2,0,fit,false,0,175,175,2026-09-09T12:41:07Z,416641185787,lucid_revision,n1024,1024,B2,1.0,39.166,39.166,1400.000,1400.000,1400.000,1400.000,1.724152,67.615807,1.842641,637.583751,0.185415,712.115387,713.921987,612.115387,0.688794957,0.602562268,1
pi3bplus_v2_power_corrected_preflight_20260909T123851Z,pi3bplus,2,0,fit,false,0,176,176,2026-09-09T12:41:08Z,417357103695,lucid_revision,n1024,1024,B2,1.0,38.628,39.166,1400.000,1400.000,1400.000,1400.000,1.729673,68.397730,1.862797,640.313849,0.181613,715.660326,717.440624,615.660326,0.673441809,0.587136304,1
pi3bplus_v2_power_corrected_preflight_20260909T123851Z,pi3bplus,2,0,fit,false,0,177,177,2026-09-09T12:41:08Z,418076534980,lucid_revision,n1024,1024,B2,1.0,39.166,38.628,1400.000,1400.000,1400.000,1400.000,1.728892,67.404092,1.820767,637.430243,0.179217,711.818185,713.616296,611.818185,0.673394039,0.585979074,1
pi3bplus_v2_power_corrected_preflight_20260909T123851Z,pi3bplus,2,0,fit,false,0,178,178,2026-09-09T12:41:09Z,418792158447,lucid_revision,n1024,1024,B2,1.0,38.628,39.166,1400.000,1400.000,1400.000,1400.000,1.707955,68.036537,1.788631,640.230596,0.178436,715.127860,717.053625,615.127860,0.693909090,0.610457561,1
pi3bplus_v2_power_corrected_preflight_20260909T123851Z,pi3bplus,2,0,fit,false,0,179,179,2026-09-09T12:41:10Z,419511151692,lucid_revision,n1024,1024,B2,1.0,39.166,39.166,1400.000,1400.000,1400.000,1400.000,1.780923,67.656073,1.882380,638.301509,0.252498,712.978985,714.766939,612.978985,0.677436348,0.588685523,1
pi3bplus_v2_power_corrected_preflight_20260909T123851Z,pi3bplus,2,0,fit,false,0,180,180,2026-09-09T12:41:10Z,420227888772,lucid_revision,n1024,1024,B2,1.0,38.628,38.628,1400.000,1400.000,1400.000,1400.000,1.787642,68.216591,1.831132,640.311721,0.242550,715.592942,717.936621,615.592942,0.695764761,0.609527384,1
pi3bplus_v2_power_corrected_preflight_20260909T123851Z,pi3bplus,2,0,fit,false,0,181,181,2026-09-09T12:41:11Z,420947818763,lucid_revision,n1024,1024,B2,1.0,38.628,38.628,1400.000,1400.000,1400.000,1400.000,1.781027,67.320557,1.868996,636.059370,0.178332,710.346903,712.122305,610.346903,0.696813439,0.608817170,1
pi3bplus_v2_power_corrected_preflight_20260909T123851Z,pi3bplus,2,0,fit,false,0,182,182,2026-09-09T12:41:12Z,421662084854,lucid_revision,n1024,1024,B2,1.0,39.166,39.166,1400.000,1400.000,1400.000,1400.000,1.705768,67.828368,1.846548,640.170389,0.179791,714.918598,716.691656,614.918598,0.668358241,0.581806300,1
pi3bplus_v2_power_corrected_preflight_20260909T123851Z,pi3bplus,2,0,fit,false,0,183,183,2026-09-09T12:41:13Z,422380773630,lucid_revision,n1024,1024,B2,1.0,39.166,39.166,1400.000,1400.000,1400.000,1400.000,1.728893,67.747797,1.841391,638.292190,0.177447,712.951912,714.738669,612.951912,0.678987881,0.591773145,1
pi3bplus_v2_power_corrected_preflight_20260909T123851Z,pi3bplus,2,0,fit,false,0,184,184,2026-09-09T12:41:13Z,423097534470,lucid_revision,n1024,1024,B2,1.0,39.166,38.628,1400.000,1400.000,1400.000,1400.000,1.720663,68.198210,1.859204,639.056158,0.185571,714.184731,716.073987,614.184731,0.690407385,0.605967893,1
pi3bplus_v2_power_corrected_preflight_20260909T123851Z,pi3bplus,2,0,fit,false,0,185,185,2026-09-09T12:41:14Z,423815583962,lucid_revision,n1024,1024,B2,1.0,38.628,39.166,1400.000,1400.000,1400.000,1400.000,1.770298,67.178637,1.878162,636.308742,0.177446,710.435918,712.223039,610.435918,0.680542554,0.596473440,1
pi3bplus_v2_power_corrected_preflight_20260909T123851Z,pi3bplus,2,0,fit,false,0,186,186,2026-09-09T12:41:15Z,424529784382,lucid_revision,n1024,1024,B2,1.0,38.628,39.166,1400.000,1400.000,1400.000,1400.000,1.703059,67.896759,1.828736,640.338721,0.182342,715.162768,716.945202,615.162768,0.682698172,0.592754089,1
pi3bplus_v2_power_corrected_preflight_20260909T123851Z,pi3bplus,2,0,fit,false,0,187,187,2026-09-09T12:41:15Z,425248706860,lucid_revision,n1024,1024,B2,1.0,39.166,38.628,1400.000,1400.000,1400.000,1400.000,1.710300,67.582335,1.821131,638.431826,0.185780,712.910097,714.680396,612.910097,0.705113913,0.618847351,1
pi3bplus_v2_power_corrected_preflight_20260909T123851Z,pi3bplus,2,0,fit,false,0,188,188,2026-09-09T12:41:16Z,425965422917,lucid_revision,n1024,1024,B2,1.0,39.166,39.166,1400.000,1400.000,1400.000,1400.000,1.734830,68.140561,1.881912,638.496420,0.174634,713.594686,715.479880,613.594686,0.674948321,0.585863476,1
pi3bplus_v2_power_corrected_preflight_20260909T123851Z,pi3bplus,2,0,fit,false,0,189,189,2026-09-09T12:41:17Z,426682874552,lucid_revision,n1024,1024,B2,1.0,38.628,39.166,1400.000,1400.000,1400.000,1400.000,1.770143,67.576348,1.870975,637.341543,0.184009,711.856327,713.724177,611.856327,0.667050844,0.580162146,1
pi3bplus_v2_power_corrected_preflight_20260909T123851Z,pi3bplus,2,0,fit,false,0,190,190,2026-09-09T12:41:18Z,427398527620,lucid_revision,n1024,1024,B2,1.0,38.628,38.628,1400.000,1400.000,1400.000,1400.000,1.773736,67.886972,1.834465,640.215023,0.176145,715.040796,716.828855,615.040796,0.693299656,0.609576184,1
pi3bplus_v2_power_corrected_preflight_20260909T123851Z,pi3bplus,2,0,fit,false,0,191,191,2026-09-09T12:41:18Z,428117334741,lucid_revision,n1024,1024,B2,1.0,39.704,39.166,1400.000,1400.000,1400.000,1400.000,1.714258,67.747286,1.816913,638.222450,0.177238,712.855620,714.633992,612.855620,0.686858741,0.601646376,1
pi3bplus_v2_power_corrected_preflight_20260909T123851Z,pi3bplus,2,0,fit,false,0,192,192,2026-09-09T12:41:19Z,428834002727,lucid_revision,n1024,1024,B2,1.0,39.166,39.166,1400.000,1400.000,1400.000,1400.000,1.706289,68.113847,1.864882,639.839010,0.178176,714.870095,716.643987,614.870095,0.683320530,0.593749846,1
pi3bplus_v2_power_corrected_preflight_20260909T123851Z,pi3bplus,2,0,fit,false,0,193,193,2026-09-09T12:41:20Z,429552643574,lucid_revision,n1024,1024,B2,1.0,38.628,39.704,1400.000,1400.000,1400.000,1400.000,1.726340,67.650988,1.784987,637.327319,0.180050,711.828879,713.612251,611.828879,0.710215797,0.625509966,1
pi3bplus_v2_power_corrected_preflight_20260909T123851Z,pi3bplus,2,0,fit,false,0,194,194,2026-09-09T12:41:21Z,430268224872,lucid_revision,n1024,1024,B2,1.0,39.166,39.166,1400.000,1400.000,1400.000,1400.000,1.717904,67.773281,1.801549,640.467780,0.178592,715.147674,717.058597,615.147674,0.668507659,0.578375711,1
pi3bplus_v2_power_corrected_preflight_20260909T123851Z,pi3bplus,2,0,fit,false,0,195,195,2026-09-09T12:41:21Z,430987296839,lucid_revision,n1024,1024,B2,1.0,39.166,39.166,1400.000,1400.000,1400.000,1400.000,1.816913,68.556556,1.826444,637.602969,0.181248,713.187856,714.958051,613.187856,0.664590844,0.580510140,1
pi3bplus_v2_power_corrected_preflight_20260909T123851Z,pi3bplus,2,0,fit,false,0,196,196,2026-09-09T12:41:22Z,431704268051,lucid_revision,n1024,1024,B2,1.0,39.704,39.704,1400.000,1400.000,1400.000,1400.000,1.702695,68.197497,1.809413,639.296247,0.177291,714.359108,716.191751,614.359108,0.686885715,0.602389555,1
pi3bplus_v2_power_corrected_preflight_20260909T123851Z,pi3bplus,2,0,fit,false,0,197,197,2026-09-09T12:41:23Z,432422430880,lucid_revision,n1024,1024,B2,1.0,39.704,39.704,1400.000,1400.000,1400.000,1400.000,1.770247,67.185111,1.870454,637.531792,0.175207,711.713413,713.502670,611.713413,0.695761607,0.609040611,1
pi3bplus_v2_power_corrected_preflight_20260909T123851Z,pi3bplus,2,0,fit,false,0,198,198,2026-09-09T12:41:23Z,433137898587,lucid_revision,n1024,1024,B2,1.0,39.166,39.166,1400.000,1400.000,1400.000,1400.000,1.687591,67.739638,1.842226,639.168045,0.186769,713.825703,715.706105,613.825703,0.688511091,0.597430612,1
pi3bplus_v2_power_corrected_preflight_20260909T123851Z,pi3bplus,2,0,fit,false,0,199,199,2026-09-09T12:41:24Z,433855584573,lucid_revision,n1024,1024,B2,1.0,39.166,39.704,1400.000,1400.000,1400.000,1400.000,1.771497,68.052450,1.806132,638.424465,0.179426,713.418164,715.188567,613.418164,0.701687020,0.617739055,1
pi3bplus_v2_power_corrected_preflight_20260909T123851Z,pi3bplus,2,0,fit,false,0,200,200,2026-09-09T12:41:25Z,434572752552,lucid_revision,n1024,1024,B2,1.0,38.628,39.704,1400.000,1400.000,1400.000,1400.000,1.708790,68.429167,1.839673,639.623318,0.177135,714.984569,716.871273,614.984569,0.671560583,0.583065771,1
pi3bplus_v2_power_corrected_preflight_20260909T123851Z,pi3bplus,2,0,fit,false,0,201,201,2026-09-09T12:41:26Z,435291555321,lucid_revision,n1024,1024,B2,1.0,39.166,39.166,1400.000,1400.000,1400.000,1400.000,1.832747,67.373656,1.871861,636.830438,0.178436,711.200447,713.119703,611.200447,0.672671937,0.587802251,1
pi3bplus_v2_power_corrected_preflight_20260909T123851Z,pi3bplus,2,0,fit,false,0,202,202,2026-09-09T12:41:26Z,436006649228,lucid_revision,n1024,1024,B2,1.0,39.166,39.166,1400.000,1400.000,1400.000,1400.000,1.768580,67.826935,1.847173,639.642354,0.185676,714.413714,716.182972,614.413714,0.679022430,0.595378888,1
pi3bplus_v2_power_corrected_preflight_20260909T123851Z,pi3bplus,2,0,fit,false,0,203,203,2026-09-09T12:41:27Z,436724880465,lucid_revision,n1024,1024,B2,1.0,39.166,39.704,1400.000,1400.000,1400.000,1400.000,1.722331,67.547928,1.826028,636.502177,0.186456,710.967240,712.847591,610.967240,0.694483349,0.605901303,1
pi3bplus_v2_power_corrected_preflight_20260909T123851Z,pi3bplus,2,0,fit,false,0,204,204,2026-09-09T12:41:28Z,437439671166,lucid_revision,n1024,1024,B2,1.0,39.166,39.704,1400.000,1400.000,1400.000,1400.000,1.784778,68.196987,1.819309,643.821507,0.193383,719.008129,721.148269,619.008129,0.693501846,0.604075441,1
pi3bplus_v2_power_corrected_preflight_20260909T123851Z,pi3bplus,2,0,fit,false,0,205,205,2026-09-09T12:41:28Z,438162767285,lucid_revision,n1024,1024,B2,1.0,39.166,39.166,1400.000,1400.000,1400.000,1400.000,1.807486,69.024584,1.788372,641.784870,0.178905,717.836329,719.616785,617.836329,0.683364109,0.598530876,1
pi3bplus_v2_power_corrected_preflight_20260909T123851Z,pi3bplus,2,0,fit,false,0,206,206,2026-09-09T12:41:29Z,438884408273,lucid_revision,n1024,1024,B2,1.0,39.704,39.166,1400.000,1400.000,1400.000,1400.000,1.712695,68.310372,1.826185,638.654016,0.173123,713.849285,715.679480,613.849285,0.678798990,0.590782681,1
pi3bplus_v2_power_corrected_preflight_20260909T123851Z,pi3bplus,2,0,fit,false,0,207,207,2026-09-09T12:41:30Z,439602030290,lucid_revision,n1024,1024,B2,1.0,39.704,39.166,1400.000,1400.000,1400.000,1400.000,1.708581,67.675275,1.871601,637.554553,0.177499,712.129933,713.915336,612.129933,0.683684565,0.600800123,1
pi3bplus_v2_power_corrected_preflight_20260909T123851Z,pi3bplus,2,0,fit,false,0,208,208,2026-09-09T12:41:31Z,440317944466,lucid_revision,n1024,1024,B2,1.0,39.166,39.166,1400.000,1400.000,1400.000,1400.000,1.705664,68.073815,1.868632,638.626901,0.176353,713.641289,715.566692,613.641289,0.671193319,0.586843038,1
pi3bplus_v2_power_corrected_preflight_20260909T123851Z,pi3bplus,2,0,fit,false,0,209,209,2026-09-09T12:41:31Z,441035486039,lucid_revision,n1024,1024,B2,1.0,39.166,39.704,1400.000,1400.000,1400.000,1400.000,1.783424,67.280488,1.860298,636.226930,0.173800,710.438928,712.211102,610.438928,0.696792591,0.608131682,1
pi3bplus_v2_power_corrected_preflight_20260909T123851Z,pi3bplus,2,0,fit,false,0,210,210,2026-09-09T12:41:32Z,441749810094,lucid_revision,n1024,1024,B2,1.0,39.704,39.166,1400.000,1400.000,1400.000,1400.000,1.730664,67.928089,1.850455,638.962073,0.176769,713.911932,715.797752,613.911932,0.692121227,0.600630980,1
pi3bplus_v2_power_corrected_preflight_20260909T123851Z,pi3bplus,2,0,fit,false,0,211,211,2026-09-09T12:41:33Z,442467544915,lucid_revision,n1024,1024,B2,1.0,39.166,38.628,1400.000,1400.000,1400.000,1400.000,1.776602,68.051110,1.820767,638.076516,0.177602,713.055960,714.827873,613.055960,0.677885992,0.595018085,1
pi3bplus_v2_power_corrected_preflight_20260909T123851Z,pi3bplus,2,0,fit,false,0,212,212,2026-09-09T12:41:33Z,443184359857,lucid_revision,n1024,1024,B2,1.0,39.166,39.166,1400.000,1400.000,1400.000,1400.000,1.720040,68.327983,1.841028,638.606109,0.177342,713.867269,715.704912,613.867269,0.673241593,0.584118246,1
pi3bplus_v2_power_corrected_preflight_20260909T123851Z,pi3bplus,2,0,fit,false,0,213,213,2026-09-09T12:41:34Z,443902047202,lucid_revision,n1024,1024,B2,1.0,39.704,39.166,1400.000,1400.000,1400.000,1400.000,1.708894,67.418616,1.818163,636.885139,0.176665,711.182298,712.964993,611.182298,0.694276668,0.610771880,1
pi3bplus_v2_power_corrected_preflight_20260909T123851Z,pi3bplus,2,0,fit,false,0,214,214,2026-09-09T12:41:35Z,444617007805,lucid_revision,n1024,1024,B2,1.0,39.166,39.166,1400.000,1400.000,1400.000,1400.000,1.713529,67.984550,1.791914,639.646532,0.178749,714.516136,716.423675,614.516136,0.670362823,0.584769416,1
pi3bplus_v2_power_corrected_preflight_20260909T123851Z,pi3bplus,2,0,fit,false,0,215,215,2026-09-09T12:41:36Z,445335363757,lucid_revision,n1024,1024,B2,1.0,39.166,39.166,1400.000,1400.000,1400.000,1400.000,1.777279,67.532680,1.904778,638.462334,0.179165,713.048191,714.820886,613.048191,0.703721840,0.615315756,1
pi3bplus_v2_power_corrected_preflight_20260909T123851Z,pi3bplus,2,0,fit,false,0,216,216,2026-09-09T12:41:36Z,446052208535,lucid_revision,n1024,1024,B2,1.0,39.166,39.166,1400.000,1400.000,1400.000,1400.000,1.696550,68.006844,1.837382,638.972131,0.181197,713.893767,715.666411,613.893767,0.689793825,0.603172769,1
pi3bplus_v2_power_corrected_preflight_20260909T123851Z,pi3bplus,2,0,fit,false,0,217,217,2026-09-09T12:41:37Z,446769897795,lucid_revision,n1024,1024,B2,1.0,39.166,39.704,1400.000,1400.000,1400.000,1400.000,1.700664,67.520754,1.793529,635.431540,0.179946,709.793911,711.697439,609.793911,0.672372399,0.586089850,1
pi3bplus_v2_power_corrected_preflight_20260909T123851Z,pi3bplus,2,0,fit,false,0,218,218,2026-09-09T12:41:38Z,447483572719,lucid_revision,n1024,1024,B2,1.0,39.704,39.166,1400.000,1400.000,1400.000,1400.000,1.800924,68.308094,1.814206,639.114541,0.174321,714.409772,716.187155,614.409772,0.673483544,0.586044914,1
pi3bplus_v2_power_corrected_preflight_20260909T123851Z,pi3bplus,2,0,fit,false,0,219,219,2026-09-09T12:41:38Z,448201759911,lucid_revision,n1024,1024,B2,1.0,39.166,39.704,1400.000,1400.000,1400.000,1400.000,1.705821,67.523048,1.829050,638.033572,0.181248,712.440684,714.216036,612.440684,0.696988397,0.613084639,1
pi3bplus_v2_power_corrected_preflight_20260909T123851Z,pi3bplus,2,0,fit,false,0,220,220,2026-09-09T12:41:39Z,448918029890,lucid_revision,n1024,1024,B2,1.0,39.704,39.704,1400.000,1400.000,1400.000,1400.000,1.709467,68.627781,1.906653,640.703039,0.177186,716.252748,718.097213,616.252748,0.674022356,0.585993503,1
pi3bplus_v2_power_corrected_preflight_20260909T123851Z,pi3bplus,2,0,fit,false,0,221,221,2026-09-09T12:41:40Z,449638065579,lucid_revision,n1024,1024,B2,1.0,39.166,39.704,1400.000,1400.000,1400.000,1400.000,1.700040,67.453050,1.807018,636.825053,0.178957,711.123522,712.911322,611.123522,0.697151861,0.610541632,1
pi3bplus_v2_power_corrected_preflight_20260909T123851Z,pi3bplus,2,0,fit,false,0,222,222,2026-09-09T12:41:41Z,450352962303,lucid_revision,n1024,1024,B2,1.0,39.166,39.704,1400.000,1400.000,1400.000,1400.000,1.708477,67.739560,1.813789,640.590764,0.182655,715.319962,717.092032,615.319962,0.697414489,0.609319163,1
pi3bplus_v2_power_corrected_preflight_20260909T123851Z,pi3bplus,2,0,fit,false,0,223,223,2026-09-09T12:41:41Z,451072114164,lucid_revision,n1024,1024,B2,1.0,39.704,39.166,1400.000,1400.000,1400.000,1400.000,1.699258,67.572582,1.822695,637.565431,0.266769,712.106765,713.873315,612.106765,0.668492502,0.582258035,1
pi3bplus_v2_power_corrected_preflight_20260909T123851Z,pi3bplus,2,0,fit,false,0,224,224,2026-09-09T12:41:42Z,451787947621,lucid_revision,n1024,1024,B2,1.0,39.704,39.704,1400.000,1400.000,1400.000,1400.000,1.709727,68.433410,1.826445,639.733652,0.184946,715.124356,717.018717,615.124356,0.678109872,0.590720468,1
pi3bplus_v2_power_corrected_preflight_20260909T123851Z,pi3bplus,2,0,fit,false,0,225,225,2026-09-09T12:41:43Z,452506886168,lucid_revision,n1024,1024,B2,1.0,39.166,39.704,1400.000,1400.000,1400.000,1400.000,1.906809,67.374826,1.870247,636.735139,0.177603,711.183559,712.964432,611.183559,0.692737944,0.608643622,1
pi3bplus_v2_power_corrected_preflight_20260909T123851Z,pi3bplus,2,0,fit,false,0,226,226,2026-09-09T12:41:43Z,453221841314,lucid_revision,n1024,1024,B2,1.0,39.704,39.166,1400.000,1400.000,1400.000,1400.000,1.701029,67.771647,1.842695,639.796274,0.181145,714.574172,716.347232,614.574172,0.681348672,0.596275438,1
pi3bplus_v2_power_corrected_preflight_20260909T123851Z,pi3bplus,2,0,fit,false,0,227,227,2026-09-09T12:41:44Z,453940200876,lucid_revision,n1024,1024,B2,1.0,39.166,39.166,1400.000,1400.000,1400.000,1400.000,2.029986,67.892948,1.814519,637.711452,0.179010,712.785650,714.562200,612.785650,0.682030404,0.592796522,1
pi3bplus_v2_power_corrected_preflight_20260909T123851Z,pi3bplus,2,0,fit,false,0,228,228,2026-09-09T12:41:45Z,454656733947,lucid_revision,n1024,1024,B2,1.0,39.166,39.166,1400.000,1400.000,1400.000,1400.000,1.726185,68.416279,1.809831,639.625611,0.185884,714.947518,716.846619,614.947518,0.702639266,0.615872953,1
pi3bplus_v2_power_corrected_preflight_20260909T123851Z,pi3bplus,2,0,fit,false,0,229,229,2026-09-09T12:41:46Z,455375512114,lucid_revision,n1024,1024,B2,1.0,39.166,39.166,1400.000,1400.000,1400.000,1400.000,1.779206,67.481182,1.865612,635.802522,0.179530,710.223239,712.018955,610.223239,0.675057263,0.585887848,1
pi3bplus_v2_power_corrected_preflight_20260909T123851Z,pi3bplus,2,0,fit,false,0,230,230,2026-09-09T12:41:46Z,456089556680,lucid_revision,n1024,1024,B2,1.0,39.166,39.166,1400.000,1400.000,1400.000,1400.000,1.712748,68.151335,1.867070,638.591418,0.176405,713.671036,715.565814,613.671036,0.668553942,0.582809300,1
pi3bplus_v2_power_corrected_preflight_20260909T123851Z,pi3bplus,2,0,fit,false,0,231,231,2026-09-09T12:41:47Z,456807095865,lucid_revision,n1024,1024,B2,1.0,39.166,39.704,1400.000,1400.000,1400.000,1400.000,1.813997,67.879775,1.871654,636.195868,0.178176,711.035541,712.817039,611.035541,0.693204006,0.609082149,1
pi3bplus_v2_power_corrected_preflight_20260909T123851Z,pi3bplus,2,0,fit,false,0,232,232,2026-09-09T12:41:48Z,457521909035,lucid_revision,n1024,1024,B2,1.0,39.166,39.166,1400.000,1400.000,1400.000,1400.000,1.706915,68.199513,2.282953,639.151791,0.178645,714.692502,716.463947,614.692502,0.686372830,0.601684569,1
pi3bplus_v2_power_corrected_preflight_20260909T123851Z,pi3bplus,2,0,fit,false,0,233,233,2026-09-09T12:41:48Z,458240382291,lucid_revision,n1024,1024,B2,1.0,39.166,39.704,1400.000,1400.000,1400.000,1400.000,1.737748,67.356343,1.821185,635.741565,0.179947,709.979682,711.846804,609.979682,0.683825371,0.593832711,1
pi3bplus_v2_power_corrected_preflight_20260909T123851Z,pi3bplus,2,0,fit,false,0,234,234,2026-09-09T12:41:49Z,458954208352,lucid_revision,n1024,1024,B2,1.0,38.628,39.166,1400.000,1400.000,1400.000,1400.000,1.692280,68.002432,1.839310,639.777064,0.179530,714.669343,716.438966,614.669343,0.710692475,0.624495985,1
pi3bplus_v2_power_corrected_preflight_20260909T123851Z,pi3bplus,2,0,fit,false,0,235,235,2026-09-09T12:41:50Z,459672629178,lucid_revision,n1024,1024,B2,1.0,39.704,39.704,1400.000,1400.000,1400.000,1400.000,1.717123,67.742591,1.826653,637.570992,0.179999,712.206712,713.987793,612.206712,0.669233937,0.580187970,1
pi3bplus_v2_power_corrected_preflight_20260909T123851Z,pi3bplus,2,0,fit,false,0,236,236,2026-09-09T12:41:51Z,460388636227,lucid_revision,n1024,1024,B2,1.0,38.628,38.628,1400.000,1400.000,1400.000,1400.000,1.716185,68.185662,1.817800,639.986973,0.176353,715.074929,716.989603,615.074929,0.662625231,0.578725658,1
pi3bplus_v2_power_corrected_preflight_20260909T123851Z,pi3bplus,2,0,fit,false,0,237,237,2026-09-09T12:41:51Z,461107596181,lucid_revision,n1024,1024,B2,1.0,39.704,39.166,1400.000,1400.000,1400.000,1400.000,1.779258,67.286450,1.853059,637.554550,0.178280,711.760066,713.755833,611.760066,0.688177054,0.603403481,1
pi3bplus_v2_power_corrected_preflight_20260909T123851Z,pi3bplus,2,0,fit,false,0,238,238,2026-09-09T12:41:52Z,461823332573,lucid_revision,n1024,1024,B2,1.0,39.166,39.166,1400.000,1400.000,1400.000,1400.000,1.802539,67.772593,1.877018,639.037306,0.174791,713.803339,715.572389,613.803339,0.695770368,0.608907939,1
pi3bplus_v2_power_corrected_preflight_20260909T123851Z,pi3bplus,2,0,fit,false,0,239,239,2026-09-09T12:41:53Z,462540899219,lucid_revision,n1024,1024,B2,1.0,39.704,39.166,1400.000,1400.000,1400.000,1400.000,1.722176,67.818010,1.816081,637.609613,0.180675,712.311846,714.088291,612.311846,0.688018834,0.597592483,1
pi3bplus_v2_power_corrected_preflight_20260909T123851Z,pi3bplus,2,0,fit,false,0,240,240,2026-09-09T12:41:54Z,463256966298,lucid_revision,n1024,1024,B2,1.0,39.166,39.704,1400.000,1400.000,1400.000,1400.000,1.721134,68.672329,1.867799,639.226694,0.186092,714.841631,716.722764,614.841631,0.699506632,0.615323020,1
pi3bplus_v2_power_corrected_preflight_20260909T123851Z,pi3bplus,2,0,fit,false,0,241,241,2026-09-09T12:41:54Z,463975678579,lucid_revision,n1024,1024,B2,1.0,39.166,39.166,1400.000,1400.000,1400.000,1400.000,1.767487,67.432546,1.871601,636.313388,0.185832,710.692447,712.528945,610.692447,0.672822936,0.584430012,1
pi3bplus_v2_power_corrected_preflight_20260909T123851Z,pi3bplus,2,0,fit,false,0,242,242,2026-09-09T12:41:55Z,464690136416,lucid_revision,n1024,1024,B2,1.0,39.166,38.628,1400.000,1400.000,1400.000,1400.000,1.696342,67.803690,2.226183,638.752022,0.187446,713.842849,715.690857,613.842849,0.671716587,0.586124679,1
pi3bplus_v2_power_corrected_preflight_20260909T123851Z,pi3bplus,2,0,fit,false,0,243,243,2026-09-09T12:41:56Z,465407753926,lucid_revision,n1024,1024,B2,1.0,38.628,39.166,1400.000,1400.000,1400.000,1400.000,1.780300,67.633953,1.816028,636.903657,0.181458,711.524279,713.446922,611.524279,0.677952394,0.594543483,1
pi3bplus_v2_power_corrected_preflight_20260909T123851Z,pi3bplus,2,0,fit,false,0,244,244,2026-09-09T12:41:56Z,466123179428,lucid_revision,n1024,1024,B2,1.0,39.166,39.704,1400.000,1400.000,1400.000,1400.000,1.774154,68.246240,1.827956,640.087913,0.176092,715.297073,717.135550,615.297073,0.698411908,0.610707182,1
pi3bplus_v2_power_corrected_preflight_20260909T123851Z,pi3bplus,2,0,fit,false,0,245,245,2026-09-09T12:41:57Z,466842291006,lucid_revision,n1024,1024,B2,1.0,39.166,39.166,1400.000,1400.000,1400.000,1400.000,1.740717,67.551559,1.841758,636.759452,0.174634,711.214504,712.993137,611.214504,0.692952667,0.602679204,1
pi3bplus_v2_power_corrected_preflight_20260909T123851Z,pi3bplus,2,0,fit,false,0,246,246,2026-09-09T12:41:58Z,467557262463,lucid_revision,n1024,1024,B2,1.0,39.166,39.166,1400.000,1400.000,1400.000,1400.000,1.715040,68.025410,1.799988,639.454022,0.178332,714.379592,716.288225,614.379592,0.682086500,0.597520762,1
pi3bplus_v2_power_corrected_preflight_20260909T123851Z,pi3bplus,2,0,fit,false,0,247,247,2026-09-09T12:41:59Z,468275487601,lucid_revision,n1024,1024,B2,1.0,39.166,39.166,1400.000,1400.000,1400.000,1400.000,1.789831,67.667445,1.896184,636.969621,0.178332,711.639986,713.548671,611.639986,0.678511045,0.590612013,1
pi3bplus_v2_power_corrected_preflight_20260909T123851Z,pi3bplus,2,0,fit,false,0,248,248,2026-09-09T12:41:59Z,468991050424,lucid_revision,n1024,1024,B2,1.0,39.704,39.166,1400.000,1400.000,1400.000,1400.000,1.813112,68.550772,1.830665,638.618991,0.174895,714.173829,715.953608,614.173829,0.684917685,0.601646790,1
pi3bplus_v2_power_corrected_preflight_20260909T123851Z,pi3bplus,2,0,fit,false,0,249,249,2026-09-09T12:42:00Z,469709042716,lucid_revision,n1024,1024,B2,1.0,39.704,39.166,1400.000,1400.000,1400.000,1400.000,1.714831,68.198119,1.804727,636.641145,0.180155,711.879006,713.661963,611.879006,0.670257280,0.586141106,1
pi3bplus_v2_power_corrected_preflight_20260909T123851Z,pi3bplus,2,0,fit,false,0,250,250,2026-09-09T12:42:01Z,470424679665,lucid_revision,n1024,1024,B2,1.0,39.166,39.166,1400.000,1400.000,1400.000,1400.000,1.705405,67.690571,1.792852,639.609047,0.179114,714.172488,716.045027,614.172488,0.697212003,0.608619087,1
pi3bplus_v2_power_corrected_preflight_20260909T123851Z,pi3bplus,2,0,fit,false,0,251,251,2026-09-09T12:42:01Z,471142707126,lucid_revision,n1024,1024,B2,1.0,39.166,39.704,1400.000,1400.000,1400.000,1400.000,1.774259,67.557187,1.903008,638.864529,0.264790,713.481563,715.254623,613.481563,0.692997585,0.600921629,1
pi3bplus_v2_power_corrected_preflight_20260909T123851Z,pi3bplus,2,0,fit,false,0,252,252,2026-09-09T12:42:02Z,471859920642,lucid_revision,n1024,1024,B2,1.0,39.166,39.166,1400.000,1400.000,1400.000,1400.000,1.798425,68.364266,1.823321,639.460102,0.176301,715.262546,717.172064,615.262546,0.677207283,0.594331666,1
pi3bplus_v2_power_corrected_preflight_20260909T123851Z,pi3bplus,2,0,fit,false,0,253,253,2026-09-09T12:42:03Z,472579026599,lucid_revision,n1024,1024,B2,1.0,39.166,39.166,1400.000,1400.000,1400.000,1400.000,1.806134,67.402711,1.889831,636.351327,0.178905,710.753156,712.547726,610.753156,0.673060317,0.584454730,1
pi3bplus_v2_power_corrected_preflight_20260909T123851Z,pi3bplus,2,0,fit,false,0,254,254,2026-09-09T12:42:04Z,473293546916,lucid_revision,n1024,1024,B2,1.0,39.166,39.166,1400.000,1400.000,1400.000,1400.000,1.703269,67.879896,1.807696,640.215631,0.178489,714.999906,716.778696,614.999906,0.694844807,0.611364312,1
pi3bplus_v2_power_corrected_preflight_20260909T123851Z,pi3bplus,2,0,fit,false,0,255,255,2026-09-09T12:42:04Z,474012335598,lucid_revision,n1024,1024,B2,1.0,39.166,39.704,1400.000,1400.000,1400.000,1400.000,1.706655,67.710678,1.830404,637.280345,0.186093,711.994047,713.781535,611.994047,0.670294701,0.585526141,1
pi3bplus_v2_power_corrected_preflight_20260909T123851Z,pi3bplus,2,0,fit,false,0,256,256,2026-09-09T12:42:05Z,474728113890,lucid_revision,n1024,1024,B2,1.0,39.704,38.628,1400.000,1400.000,1400.000,1400.000,1.736759,68.596402,1.824154,639.599031,0.175833,715.119760,716.973133,615.119760,0.701950672,0.612728880,1
pi3bplus_v2_power_corrected_preflight_20260909T123851Z,pi3bplus,2,0,fit,false,0,257,257,2026-09-09T12:42:06Z,475447022270,lucid_revision,n1024,1024,B2,1.0,39.166,39.166,1400.000,1400.000,1400.000,1400.000,1.828634,67.198443,1.864622,636.912701,0.176405,711.085472,712.878011,611.085472,0.691868833,0.604976597,1
pi3bplus_v2_power_corrected_preflight_20260909T123851Z,pi3bplus,2,0,fit,false,0,258,258,2026-09-09T12:42:06Z,476161904122,lucid_revision,n1024,1024,B2,1.0,39.166,39.166,1400.000,1400.000,1400.000,1400.000,1.703114,67.885939,1.844050,640.080239,0.182187,714.875349,716.640337,614.875349,0.670975758,0.584837250,1
pi3bplus_v2_power_corrected_preflight_20260909T123851Z,pi3bplus,2,0,fit,false,0,259,259,2026-09-09T12:42:07Z,476880542206,lucid_revision,n1024,1024,B2,1.0,39.166,38.628,1400.000,1400.000,1400.000,1400.000,1.714937,68.429009,1.844675,637.499949,0.176822,712.871409,714.655616,612.871409,0.675091860,0.587750604,1
pi3bplus_v2_power_corrected_preflight_20260909T123851Z,pi3bplus,2,0,fit,false,0,260,260,2026-09-09T12:42:08Z,477597182965,lucid_revision,n1024,1024,B2,1.0,39.166,39.166,1400.000,1400.000,1400.000,1400.000,1.722436,68.299323,1.878842,639.137754,0.176769,714.420831,716.303162,614.420831,0.693461876,0.609555616,1
pi3bplus_v2_power_corrected_preflight_20260909T123851Z,pi3bplus,2,0,fit,false,0,261,261,2026-09-09T12:42:09Z,478315461739,lucid_revision,n1024,1024,B2,1.0,39.166,39.704,1400.000,1400.000,1400.000,1400.000,1.827227,67.285529,1.868320,638.276725,0.283280,712.676059,714.475422,612.676059,0.676405480,0.588977870,1
pi3bplus_v2_power_corrected_preflight_20260909T123851Z,pi3bplus,2,0,fit,false,0,262,262,2026-09-09T12:42:09Z,479031952043,lucid_revision,n1024,1024,B2,1.0,39.166,39.704,1400.000,1400.000,1400.000,1400.000,1.725405,68.469532,1.793842,639.007351,0.182551,714.393398,716.229791,614.393398,0.698836196,0.611685242,1
pi3bplus_v2_power_corrected_preflight_20260909T123851Z,pi3bplus,2,0,fit,false,0,263,263,2026-09-09T12:42:10Z,479750116040,lucid_revision,n1024,1024,B2,1.0,39.166,39.704,1400.000,1400.000,1400.000,1400.000,1.705301,67.891203,1.869675,638.168038,0.179686,712.966797,714.855482,612.966797,0.696335400,0.608554813,1
pi3bplus_v2_power_corrected_preflight_20260909T123851Z,pi3bplus,2,0,fit,false,0,264,264,2026-09-09T12:42:11Z,480466907343,lucid_revision,n1024,1024,B2,1.0,39.166,39.166,1400.000,1400.000,1400.000,1400.000,1.770092,68.470835,1.804102,638.349187,0.184114,713.737319,715.505119,613.737319,0.668346337,0.581910167,1
pi3bplus_v2_power_corrected_preflight_20260909T123851Z,pi3bplus,2,0,fit,false,0,265,265,2026-09-09T12:42:11Z,481184418542,lucid_revision,n1024,1024,B2,1.0,39.704,39.166,1400.000,1400.000,1400.000,1400.000,1.716968,67.536101,1.815665,636.706914,0.178280,711.105522,712.980249,611.105522,0.677614967,0.590093706,1
pi3bplus_v2_power_corrected_preflight_20260909T123851Z,pi3bplus,2,0,fit,false,0,266,266,2026-09-09T12:42:12Z,481899314455,lucid_revision,n1024,1024,B2,1.0,39.704,39.166,1400.000,1400.000,1400.000,1400.000,1.807071,68.408441,1.798582,639.533514,0.176197,714.910552,716.743560,614.910552,0.691621280,0.607510688,1
pi3bplus_v2_power_corrected_preflight_20260909T123851Z,pi3bplus,2,0,fit,false,0,267,267,2026-09-09T12:42:13Z,482617996023,lucid_revision,n1024,1024,B2,1.0,38.628,39.166,1400.000,1400.000,1400.000,1400.000,1.718009,67.816987,1.856706,637.746238,0.177343,712.478907,714.345665,612.478907,0.680528548,0.595170362,1
pi3bplus_v2_power_corrected_preflight_20260909T123851Z,pi3bplus,2,0,fit,false,0,268,268,2026-09-09T12:42:14Z,483334273759,lucid_revision,n1024,1024,B2,1.0,39.166,39.166,1400.000,1400.000,1400.000,1400.000,1.748843,68.146725,1.867383,639.829459,0.178749,714.917126,716.695812,614.917126,0.683660780,0.595191404,1
pi3bplus_v2_power_corrected_preflight_20260909T123851Z,pi3bplus,2,0,fit,false,0,269,269,2026-09-09T12:42:14Z,484052974037,lucid_revision,n1024,1024,B2,1.0,39.704,39.704,1400.000,1400.000,1400.000,1400.000,1.722071,67.536625,1.792436,636.925995,0.181301,711.455072,713.237873,611.455072,0.704434814,0.617072981,1
pi3bplus_v2_power_corrected_preflight_20260909T123851Z,pi3bplus,2,0,fit,false,0,270,270,2026-09-09T12:42:15Z,484768180751,lucid_revision,n1024,1024,B2,1.0,39.166,39.704,1400.000,1400.000,1400.000,1400.000,1.707072,67.861415,1.783738,640.035978,0.182499,714.754377,716.634886,614.754377,0.672667014,0.584599322,1
pi3bplus_v2_power_corrected_preflight_20260909T123851Z,pi3bplus,2,0,fit,false,0,271,271,2026-09-09T12:42:16Z,485486828904,lucid_revision,n1024,1024,B2,1.0,39.704,38.628,1400.000,1400.000,1400.000,1400.000,1.817644,68.225945,1.884831,637.286365,0.177082,712.538044,714.446521,612.538044,0.668356729,0.582152142,1
pi3bplus_v2_power_corrected_preflight_20260909T123851Z,pi3bplus,2,0,fit,false,0,272,272,2026-09-09T12:42:16Z,486203241609,lucid_revision,n1024,1024,B2,1.0,38.628,39.704,1400.000,1400.000,1400.000,1400.000,1.760405,68.866774,1.787384,639.161151,0.176666,714.923087,716.705731,614.923087,0.693662915,0.609463531,1
pi3bplus_v2_power_corrected_preflight_20260909T123851Z,pi3bplus,2,0,fit,false,0,273,273,2026-09-09T12:42:17Z,486921974514,lucid_revision,n1024,1024,B2,1.0,39.166,39.704,1400.000,1400.000,1400.000,1400.000,1.715249,67.671158,1.862279,635.535033,0.268696,710.205831,711.998371,610.205831,0.688371644,0.602898950,1
pi3bplus_v2_power_corrected_preflight_20260909T123851Z,pi3bplus,2,0,fit,false,0,274,274,2026-09-09T12:42:18Z,487635897039,lucid_revision,n1024,1024,B2,1.0,39.166,39.704,1400.000,1400.000,1400.000,1400.000,1.772748,67.803553,1.820873,638.705693,0.183436,713.497428,715.266323,613.497428,0.682707486,0.593930895,1
pi3bplus_v2_power_corrected_preflight_20260909T123851Z,pi3bplus,2,0,fit,false,0,275,275,2026-09-09T12:42:19Z,488353231056,lucid_revision,n1024,1024,B2,1.0,39.166,39.166,1400.000,1400.000,1400.000,1400.000,1.717176,67.658711,1.832124,637.226698,0.185832,711.746873,713.524882,611.746873,0.709106494,0.622232128,1
pi3bplus_v2_power_corrected_preflight_20260909T123851Z,pi3bplus,2,0,fit,false,0,276,276,2026-09-09T12:42:19Z,489068756758,lucid_revision,n1024,1024,B2,1.0,39.166,39.166,1400.000,1400.000,1400.000,1400.000,1.739623,68.537038,1.823790,638.797995,0.176666,714.247799,716.142422,614.247799,0.671922613,0.582912538,1
pi3bplus_v2_power_corrected_preflight_20260909T123851Z,pi3bplus,2,0,fit,false,0,277,277,2026-09-09T12:42:20Z,489786827344,lucid_revision,n1024,1024,B2,1.0,39.166,39.166,1400.000,1400.000,1400.000,1400.000,1.778061,67.515432,1.844571,635.512656,0.184114,709.943927,711.724435,609.943927,0.661528843,0.577181214,1
pi3bplus_v2_power_corrected_preflight_20260909T123851Z,pi3bplus,2,0,fit,false,0,278,278,2026-09-09T12:42:21Z,490500527287,lucid_revision,n1024,1024,B2,1.0,39.166,39.166,1400.000,1400.000,1400.000,1400.000,1.719468,67.969387,1.788634,639.149510,0.176509,713.961769,715.828319,613.961769,0.688120627,0.604020620,1
pi3bplus_v2_power_corrected_preflight_20260909T123851Z,pi3bplus,2,0,fit,false,0,279,279,2026-09-09T12:42:21Z,491218315957,lucid_revision,n1024,1024,B2,1.0,39.704,39.704,1400.000,1400.000,1400.000,1400.000,1.770873,67.610692,1.954205,636.633857,0.165937,711.559760,715.357703,611.559760,0.695128379,0.608092052,1
pi3bplus_v2_power_corrected_preflight_20260909T123851Z,pi3bplus,2,0,fit,false,0,280,280,2026-09-09T12:42:22Z,491935859948,lucid_revision,n1024,1024,B2,1.0,38.628,39.704,1400.000,1400.000,1400.000,1400.000,1.829675,68.708498,1.804727,638.292807,0.176197,714.007872,715.796038,614.007872,0.688886544,0.598004604,1
pi3bplus_v2_power_corrected_preflight_20260909T123851Z,pi3bplus,2,0,fit,false,0,281,281,2026-09-09T12:42:23Z,492653682066,lucid_revision,n1024,1024,B2,1.0,39.704,39.704,1400.000,1400.000,1400.000,1400.000,1.712176,67.375486,1.809362,635.512257,0.178020,709.742905,711.709038,609.742905,0.698935013,0.615554832,1
pi3bplus_v2_power_corrected_preflight_20260909T123851Z,pi3bplus,2,0,fit,false,0,282,282,2026-09-09T12:42:24Z,493367364111,lucid_revision,n1024,1024,B2,1.0,39.166,39.704,1400.000,1400.000,1400.000,1400.000,1.781811,68.445219,1.815405,639.547026,0.176353,714.969960,716.815833,614.969960,0.671124788,0.582247389,1
pi3bplus_v2_power_corrected_preflight_20260909T123851Z,pi3bplus,2,0,fit,false,0,283,283,2026-09-09T12:42:24Z,494086123108,lucid_revision,n1024,1024,B2,1.0,39.704,39.166,1400.000,1400.000,1400.000,1400.000,1.710874,67.729703,1.888321,636.454344,0.177916,711.178688,712.960916,611.178688,0.673116113,0.587541573,1
pi3bplus_v2_power_corrected_preflight_20260909T123851Z,pi3bplus,2,0,fit,false,0,284,284,2026-09-09T12:42:25Z,494801070417,lucid_revision,n1024,1024,B2,1.0,39.166,39.166,1400.000,1400.000,1400.000,1400.000,1.729415,68.384491,1.797384,639.750367,0.254946,715.128457,716.909747,615.128457,0.677657703,0.594485051,1
pi3bplus_v2_power_corrected_preflight_20260909T123851Z,pi3bplus,2,0,fit,false,0,285,285,2026-09-09T12:42:26Z,495519953640,lucid_revision,n1024,1024,B2,1.0,39.704,38.628,1400.000,1400.000,1400.000,1400.000,1.725666,67.601529,1.835873,636.224456,0.179634,710.831198,712.722644,610.831198,0.698065654,0.610377889,1
pi3bplus_v2_power_corrected_preflight_20260909T123851Z,pi3bplus,2,0,fit,false,0,286,286,2026-09-09T12:42:26Z,496234638042,lucid_revision,n1024,1024,B2,1.0,39.166,39.704,1400.000,1400.000,1400.000,1400.000,1.790613,68.446888,1.864259,640.042405,0.181353,715.461486,717.235016,615.461486,0.691956124,0.601447583,1
pi3bplus_v2_power_corrected_preflight_20260909T123851Z,pi3bplus,2,0,fit,false,0,287,287,2026-09-09T12:42:27Z,496953904450,lucid_revision,n1024,1024,B2,1.0,39.704,39.704,1400.000,1400.000,1400.000,1400.000,3.835912,68.039130,1.798634,637.691123,0.180520,714.705662,716.491900,614.705662,0.684335247,0.599208146,1
pi3bplus_v2_power_corrected_preflight_20260909T123851Z,pi3bplus,2,0,fit,false,0,288,288,2026-09-09T12:42:28Z,497672375868,lucid_revision,n1024,1024,B2,1.0,39.704,39.704,1400.000,1400.000,1400.000,1400.000,1.716708,68.390587,1.832384,638.177268,0.182707,713.484268,715.267016,613.484268,0.681701163,0.593817714,1
pi3bplus_v2_power_corrected_preflight_20260909T123851Z,pi3bplus,2,0,fit,false,0,289,289,2026-09-09T12:42:29Z,498389670683,lucid_revision,n1024,1024,B2,1.0,39.704,39.166,1400.000,1400.000,1400.000,1400.000,1.717540,67.518146,1.812696,635.806455,0.188644,710.303512,712.160323,610.303512,0.680064915,0.597478812,1
pi3bplus_v2_power_corrected_preflight_20260909T123851Z,pi3bplus,2,0,fit,false,0,290,290,2026-09-09T12:42:29Z,499103754535,lucid_revision,n1024,1024,B2,1.0,39.704,39.704,1400.000,1400.000,1400.000,1400.000,1.778061,67.999341,1.804676,638.982793,0.176769,713.920212,715.696085,613.920212,0.672661211,0.587978417,1
pi3bplus_v2_power_corrected_preflight_20260909T123851Z,pi3bplus,2,0,fit,false,0,291,291,2026-09-09T12:42:30Z,499821483107,lucid_revision,n1024,1024,B2,1.0,39.704,39.704,1400.000,1400.000,1400.000,1400.000,1.716499,67.690697,1.830978,637.308901,0.181718,711.881166,713.657405,611.881166,0.695402721,0.607248503,1
pi3bplus_v2_power_corrected_preflight_20260909T123851Z,pi3bplus,2,0,fit,false,0,292,292,2026-09-09T12:42:31Z,500537162061,lucid_revision,n1024,1024,B2,1.0,39.166,39.704,1400.000,1400.000,1400.000,1400.000,1.722958,68.942668,1.863477,645.745879,0.178697,721.624491,723.526718,621.624491,0.693248017,0.600400954,1
pi3bplus_v2_power_corrected_preflight_20260909T123851Z,pi3bplus,2,0,fit,false,0,293,293,2026-09-09T12:42:32Z,501262622568,lucid_revision,n1024,1024,B2,1.0,39.704,39.704,1400.000,1400.000,1400.000,1400.000,1.782593,67.476324,1.834571,636.637924,0.178176,711.138108,714.512929,611.138108,0.676524790,0.595010205,1
pi3bplus_v2_power_corrected_preflight_20260909T123851Z,pi3bplus,2,0,fit,false,0,294,294,2026-09-09T12:42:32Z,501979478034,lucid_revision,n1024,1024,B2,1.0,39.704,39.704,1400.000,1400.000,1400.000,1400.000,2.260610,69.114282,1.814468,638.594893,0.177083,715.157460,717.032448,615.157460,0.677205630,0.587815068,1
pi3bplus_v2_power_corrected_preflight_20260909T123851Z,pi3bplus,2,0,fit,false,0,295,295,2026-09-09T12:42:33Z,502698497500,lucid_revision,n1024,1024,B2,1.0,39.704,39.704,1400.000,1400.000,1400.000,1400.000,1.786134,67.706271,1.880040,647.600618,0.181561,722.244188,724.021624,622.244188,0.691683182,0.608520887,1
pi3bplus_v2_power_corrected_preflight_20260909T123851Z,pi3bplus,2,0,fit,false,0,296,296,2026-09-09T12:42:34Z,503424501923,lucid_revision,n1024,1024,B2,1.0,39.704,39.704,1400.000,1400.000,1400.000,1400.000,1.722906,68.469236,1.811967,638.897711,0.175780,714.291693,716.210326,614.291693,0.670603037,0.585904741,1
pi3bplus_v2_power_corrected_preflight_20260909T123851Z,pi3bplus,2,0,fit,false,0,297,297,2026-09-09T12:42:34Z,504142647340,lucid_revision,n1024,1024,B2,1.0,39.704,39.704,1400.000,1400.000,1400.000,1400.000,1.769832,67.745491,1.878634,635.873100,0.182343,710.583858,712.358794,610.583858,0.701634385,0.612513006,1
pi3bplus_v2_power_corrected_preflight_20260909T123851Z,pi3bplus,2,0,fit,false,0,298,298,2026-09-09T12:42:35Z,504856993412,lucid_revision,n1024,1024,B2,1.0,39.166,39.166,1400.000,1400.000,1400.000,1400.000,1.724781,67.885177,1.806811,639.875212,0.189530,714.714563,716.666269,614.714563,0.692121530,0.603996856,1
pi3bplus_v2_power_corrected_preflight_20260909T123851Z,pi3bplus,2,0,fit,false,0,299,299,2026-09-09T12:42:36Z,505604910777,lucid_revision,n1024,1024,B2,1.0,39.704,39.704,1400.000,1400.000,1400.000,1400.000,1.739572,68.024500,1.803842,637.700854,0.184009,712.653538,714.435558,612.653538,0.675110319,0.589186515,1
pi3bplus_v2_power_corrected_preflight_20260909T123851Z,pi3bplus,2,0,fit,false,0,300,300,2026-09-09T12:42:37Z,506321327728,lucid_revision,n1024,1024,B2,1.0,39.704,39.704,1400.000,1400.000,1400.000,1400.000,1.721708,68.247312,1.893425,639.885532,0.213332,715.197953,717.462261,615.197953,0.671583051,0.584487691,1
pi3bplus_v2_power_corrected_preflight_20260909T123851Z,pi3bplus,2,0,fit,false,0,301,301,2026-09-09T12:42:37Z,507040848361,lucid_revision,n1024,1024,B2,1.0,39.704,39.704,1400.000,1400.000,1400.000,1400.000,1.724520,67.673930,1.808739,634.661299,0.185728,709.203726,710.981735,609.203726,0.694426869,0.611201668,1
pi3bplus_v2_power_corrected_preflight_20260909T123851Z,pi3bplus,2,0,fit,false,0,302,302,2026-09-09T12:42:38Z,507753923728,lucid_revision,n1024,1024,B2,1.0,39.704,39.166,1400.000,1400.000,1400.000,1400.000,1.708062,68.663403,1.863112,638.348361,0.178800,713.933802,715.821863,613.933802,0.676837004,0.589044453,1
pi3bplus_v2_power_corrected_preflight_20260909T123851Z,pi3bplus,2,0,fit,false,0,303,303,2026-09-09T12:42:39Z,508471682505,lucid_revision,n1024,1024,B2,1.0,39.166,39.704,1400.000,1400.000,1400.000,1400.000,1.787072,68.305645,1.821551,636.721969,0.180051,711.999079,713.907504,611.999079,0.698750637,0.611352984,1
pi3bplus_v2_power_corrected_preflight_20260909T123851Z,pi3bplus,2,0,fit,false,0,304,304,2026-09-09T12:42:39Z,509187522652,lucid_revision,n1024,1024,B2,1.0,39.166,39.166,1400.000,1400.000,1400.000,1400.000,1.788843,68.327103,1.824206,638.165714,0.176145,713.453658,715.218282,613.453658,0.693892856,0.607013774,1
pi3bplus_v2_power_corrected_preflight_20260909T123851Z,pi3bplus,2,0,fit,false,0,305,305,2026-09-09T12:42:40Z,509904759983,lucid_revision,n1024,1024,B2,1.0,39.166,39.704,1400.000,1400.000,1400.000,1400.000,1.719833,67.718827,1.789363,635.803909,0.181770,710.378629,712.286897,610.378629,0.669014071,0.582418635,1
pi3bplus_v2_power_corrected_preflight_20260909T123851Z,pi3bplus,2,0,fit,false,0,306,306,2026-09-09T12:42:41Z,510618988534,lucid_revision,n1024,1024,B2,1.0,39.704,39.704,1400.000,1400.000,1400.000,1400.000,1.781291,68.300178,1.859415,640.341121,0.173540,715.654691,717.530148,615.654691,0.675207424,0.587473210,1
pi3bplus_v2_power_corrected_preflight_20260909T123851Z,pi3bplus,2,0,fit,false,0,307,307,2026-09-09T12:42:42Z,511338453565,lucid_revision,n1024,1024,B2,1.0,39.166,39.704,1400.000,1400.000,1400.000,1400.000,1.763634,67.550131,1.862592,638.444575,0.166874,713.259034,717.087394,613.259034,0.694299106,0.610116118,1
pi3bplus_v2_power_corrected_preflight_20260909T123851Z,pi3bplus,2,0,fit,false,0,308,308,2026-09-09T12:42:42Z,512057731830,lucid_revision,n1024,1024,B2,1.0,39.166,39.704,1400.000,1400.000,1400.000,1400.000,1.813998,68.580124,1.885248,638.330205,0.186092,713.931325,715.851417,613.931325,0.681608584,0.595547950,1
pi3bplus_v2_power_corrected_preflight_20260909T123851Z,pi3bplus,2,0,fit,false,0,309,309,2026-09-09T12:42:43Z,512775517557,lucid_revision,n1024,1024,B2,1.0,39.166,38.628,1400.000,1400.000,1400.000,1400.000,1.809415,67.403778,1.854207,636.798134,0.178332,711.168481,713.018365,611.168481,0.685376357,0.597908539,1
pi3bplus_v2_power_corrected_preflight_20260909T123851Z,pi3bplus,2,0,fit,false,0,310,310,2026-09-09T12:42:44Z,513490455128,lucid_revision,n1024,1024,B2,1.0,39.166,39.704,1400.000,1400.000,1400.000,1400.000,1.748322,68.227628,1.879154,639.977804,0.183228,715.168355,717.033499,615.168355,0.699469413,0.611863673,1
pi3bplus_v2_power_corrected_preflight_20260909T123851Z,pi3bplus,2,0,fit,false,0,311,311,2026-09-09T12:42:44Z,514209537780,lucid_revision,n1024,1024,B2,1.0,39.704,39.704,1400.000,1400.000,1400.000,1400.000,1.723166,68.015494,1.842072,636.898557,0.184738,711.852964,713.633994,611.852964,0.674057135,0.585758336,1
pi3bplus_v2_power_corrected_preflight_20260909T123851Z,pi3bplus,2,0,fit,false,0,312,312,2026-09-09T12:42:45Z,514925201084,lucid_revision,n1024,1024,B2,1.0,39.166,39.704,1400.000,1400.000,1400.000,1400.000,1.725614,69.148612,1.885978,639.636562,0.183540,715.707837,717.483242,615.707837,0.670290540,0.584265203,1
pi3bplus_v2_power_corrected_preflight_20260909T123851Z,pi3bplus,2,0,fit,false,0,313,313,2026-09-09T12:42:46Z,515644668115,lucid_revision,n1024,1024,B2,1.0,39.704,39.704,1400.000,1400.000,1400.000,1400.000,1.716500,67.521435,1.786812,636.397992,0.176405,710.736310,712.666350,610.736310,0.692349521,0.607092005,1
pi3bplus_v2_power_corrected_preflight_20260909T123851Z,pi3bplus,2,0,fit,false,0,314,314,2026-09-09T12:42:47Z,516359267265,lucid_revision,n1024,1024,B2,1.0,39.166,39.166,1400.000,1400.000,1400.000,1400.000,1.786447,67.939506,1.856550,640.032503,0.177291,714.941755,716.726952,614.941755,0.689688372,0.604532892,1
pi3bplus_v2_power_corrected_preflight_20260909T123851Z,pi3bplus,2,0,fit,false,0,315,315,2026-09-09T12:42:47Z,517078114568,lucid_revision,n1024,1024,B2,1.0,39.704,39.704,1400.000,1400.000,1400.000,1400.000,1.747853,70.049492,1.809363,636.799143,0.181821,713.761454,715.638525,613.761454,0.682786152,0.593818816,1
pi3bplus_v2_power_corrected_preflight_20260909T123851Z,pi3bplus,2,0,fit,false,0,316,316,2026-09-09T12:42:48Z,517795680997,lucid_revision,n1024,1024,B2,1.0,39.166,39.166,1400.000,1400.000,1400.000,1400.000,1.785457,68.560909,1.813947,638.582675,0.175728,714.080310,715.864725,614.080310,0.706351550,0.620508524,1
pi3bplus_v2_power_corrected_preflight_20260909T123851Z,pi3bplus,2,0,fit,false,0,317,317,2026-09-09T12:42:49Z,518513528313,lucid_revision,n1024,1024,B2,1.0,39.704,39.704,1400.000,1400.000,1400.000,1400.000,1.706968,67.754664,1.810873,636.742325,0.177656,711.321841,713.101256,611.321841,0.673289418,0.584015722,1
pi3bplus_v2_power_corrected_preflight_20260909T123851Z,pi3bplus,2,0,fit,false,0,318,318,2026-09-09T12:42:49Z,519228618775,lucid_revision,n1024,1024,B2,1.0,39.704,39.704,1400.000,1400.000,1400.000,1400.000,1.710874,67.925392,1.808061,639.689653,0.213801,714.593698,716.993579,614.593698,0.662293220,0.576757505,1
pi3bplus_v2_power_corrected_preflight_20260909T123851Z,pi3bplus,2,0,fit,false,0,319,319,2026-09-09T12:42:50Z,519947559424,lucid_revision,n1024,1024,B2,1.0,39.704,39.704,1400.000,1400.000,1400.000,1400.000,1.800457,67.694197,1.883478,637.604149,0.178488,712.259915,714.137871,612.259915,0.686687695,0.604217082,1
pi3bplus_v2_power_corrected_preflight_20260909T123851Z,pi3bplus,2,0,fit,false,0,320,320,2026-09-09T12:42:51Z,520663630095,lucid_revision,n1024,1024,B2,1.0,39.166,39.166,1400.000,1400.000,1400.000,1400.000,1.771187,68.232006,1.850769,639.407108,0.183905,714.597923,716.439890,614.597923,0.694929139,0.607684920,1
pi3bplus_v2_power_corrected_preflight_20260909T123851Z,pi3bplus,2,0,fit,false,0,321,321,2026-09-09T12:42:52Z,521382051899,lucid_revision,n1024,1024,B2,1.0,39.166,39.704,1400.000,1400.000,1400.000,1400.000,1.712853,67.266596,1.802436,637.076085,0.178905,711.216802,712.991947,611.216802,0.689584313,0.598916477,1
pi3bplus_v2_power_corrected_preflight_20260909T123851Z,pi3bplus,2,0,fit,false,0,322,322,2026-09-09T12:42:52Z,522097066281,lucid_revision,n1024,1024,B2,1.0,39.704,39.704,1400.000,1400.000,1400.000,1400.000,1.719833,69.340593,1.920196,640.087370,0.183853,716.962080,718.738527,616.962080,0.698006121,0.613887059,1
pi3bplus_v2_power_corrected_preflight_20260909T123851Z,pi3bplus,2,0,fit,false,0,323,323,2026-09-09T12:42:53Z,522817842347,lucid_revision,n1024,1024,B2,1.0,39.704,39.166,1400.000,1400.000,1400.000,1400.000,1.715719,67.940914,1.882331,639.114828,0.187541,713.991823,715.871917,613.991823,0.674068800,0.585163230,1
pi3bplus_v2_power_corrected_preflight_20260909T123851Z,pi3bplus,2,0,fit,false,0,324,324,2026-09-09T12:42:54Z,523535639199,lucid_revision,n1024,1024,B2,1.0,39.166,40.242,1400.000,1400.000,1400.000,1400.000,1.790412,68.410216,1.820098,639.376388,0.182020,714.880027,716.822253,614.880027,0.668487801,0.583679643,1
pi3bplus_v2_power_corrected_preflight_20260909T123851Z,pi3bplus,2,0,fit,false,0,325,325,2026-09-09T12:42:55Z,524254447425,lucid_revision,n1024,1024,B2,1.0,39.704,39.704,1400.000,1400.000,1400.000,1400.000,1.766924,67.445144,1.824837,636.778559,0.183530,711.166252,712.933333,611.166252,0.679344913,0.595743840,1
pi3bplus_v2_power_corrected_preflight_20260909T123851Z,pi3bplus,2,0,fit,false,0,326,326,2026-09-09T12:42:55Z,524969357044,lucid_revision,n1024,1024,B2,1.0,39.166,39.704,1400.000,1400.000,1400.000,1400.000,1.707813,67.891419,1.826088,639.037752,0.178323,713.872866,715.777700,613.872866,0.697203682,0.609377472,1
pi3bplus_v2_power_corrected_preflight_20260909T123851Z,pi3bplus,2,0,fit,false,0,327,327,2026-09-09T12:42:56Z,525687075044,lucid_revision,n1024,1024,B2,1.0,39.704,40.242,1400.000,1400.000,1400.000,1400.000,1.822130,67.525060,1.895303,637.427929,0.174417,711.977933,713.871882,611.977933,0.692445055,0.602403393,1
pi3bplus_v2_power_corrected_preflight_20260909T123851Z,pi3bplus,2,0,fit,false,0,328,328,2026-09-09T12:42:57Z,526402916653,lucid_revision,n1024,1024,B2,1.0,39.166,39.704,1400.000,1400.000,1400.000,1400.000,1.775572,68.197702,1.860045,640.058998,0.177490,715.246126,717.028415,615.246126,0.687057754,0.601516293,1
pi3bplus_v2_power_corrected_preflight_20260909T123851Z,pi3bplus,2,0,fit,false,0,329,329,2026-09-09T12:42:57Z,527121942397,lucid_revision,n1024,1024,B2,1.0,39.704,39.166,1400.000,1400.000,1400.000,1400.000,1.714481,67.562219,2.355433,636.916380,0.175875,712.716806,714.687939,612.716806,0.677580431,0.590031348,1
pi3bplus_v2_power_corrected_preflight_20260909T123851Z,pi3bplus,2,0,fit,false,0,330,330,2026-09-09T12:42:58Z,527838586418,lucid_revision,n1024,1024,B2,1.0,39.704,40.242,1400.000,1400.000,1400.000,1400.000,1.762812,67.914411,1.864108,640.448074,0.179468,715.294521,717.083426,615.294521,0.683519078,0.599888053,1
pi3bplus_v2_power_corrected_preflight_20260909T123851Z,pi3bplus,2,0,fit,false,0,331,331,2026-09-09T12:42:59Z,528557705088,lucid_revision,n1024,1024,B2,1.0,40.242,40.242,1400.000,1400.000,1400.000,1400.000,1.721201,67.727155,1.826716,637.569364,0.186031,712.186269,713.966113,612.186269,0.670801165,0.587102984,1
pi3bplus_v2_power_corrected_preflight_20260909T123851Z,pi3bplus,2,0,fit,false,0,332,332,2026-09-09T12:43:00Z,529273703894,lucid_revision,n1024,1024,B2,1.0,39.704,39.704,1400.000,1400.000,1400.000,1400.000,1.716931,68.462762,1.870671,638.706971,0.176240,714.093755,716.003643,614.093755,0.697366821,0.607252930,1
pi3bplus_v2_power_corrected_preflight_20260909T123851Z,pi3bplus,2,0,fit,false,0,333,333,2026-09-09T12:43:00Z,529991639039,lucid_revision,n1024,1024,B2,1.0,39.704,39.704,1400.000,1400.000,1400.000,1400.000,1.773698,67.863838,1.818383,635.750849,0.178115,710.534282,712.321418,610.534282,0.691748508,0.600732107,1
pi3bplus_v2_power_corrected_preflight_20260909T123851Z,pi3bplus,2,0,fit,false,0,334,334,2026-09-09T12:43:01Z,530705958309,lucid_revision,n1024,1024,B2,1.0,39.166,40.242,1400.000,1400.000,1400.000,1400.000,1.712348,68.085830,1.821664,639.998855,0.179104,714.990793,716.762878,614.990793,0.678247602,0.596429869,1
pi3bplus_v2_power_corrected_preflight_20260909T123851Z,pi3bplus,2,0,fit,false,0,335,335,2026-09-09T12:43:02Z,531424773152,lucid_revision,n1024,1024,B2,1.0,40.242,39.704,1400.000,1400.000,1400.000,1400.000,1.719120,67.751185,1.821926,638.068667,0.176813,712.732109,714.505496,612.732109,0.679921620,0.590706096,1
pi3bplus_v2_power_corrected_preflight_20260909T123851Z,pi3bplus,2,0,fit,false,0,336,336,2026-09-09T12:43:02Z,532141247597,lucid_revision,n1024,1024,B2,1.0,39.704,39.704,1400.000,1400.000,1400.000,1400.000,1.717140,68.465831,1.882079,640.430257,0.184208,715.849853,717.625064,615.849853,0.688198930,0.604886644,1
pi3bplus_v2_power_corrected_preflight_20260909T123851Z,pi3bplus,2,0,fit,false,0,337,337,2026-09-09T12:43:03Z,532860923897,lucid_revision,n1024,1024,B2,1.0,39.704,39.704,1400.000,1400.000,1400.000,1400.000,1.740213,67.706473,1.813021,638.511692,0.177126,713.103029,714.890687,613.103029,0.669258553,0.584801970,1
pi3bplus_v2_power_corrected_preflight_20260909T123851Z,pi3bplus,2,0,fit,false,0,338,338,2026-09-09T12:43:04Z,533577792336,lucid_revision,n1024,1024,B2,1.0,39.704,39.166,1400.000,1400.000,1400.000,1400.000,1.706204,67.912057,1.848176,639.247557,0.187177,714.095313,715.967446,614.095313,0.703279053,0.614033142,1
pi3bplus_v2_power_corrected_preflight_20260909T123851Z,pi3bplus,2,0,fit,false,0,339,339,2026-09-09T12:43:05Z,534295693735,lucid_revision,n1024,1024,B2,1.0,39.704,39.704,1400.000,1400.000,1400.000,1400.000,1.784534,67.817035,1.833958,638.495206,0.179417,713.283251,715.064400,613.283251,0.690743827,0.603133326,1
pi3bplus_v2_power_corrected_preflight_20260909T123851Z,pi3bplus,2,0,fit,false,0,340,340,2026-09-09T12:43:05Z,535012747658,lucid_revision,n1024,1024,B2,1.0,39.166,39.704,1400.000,1400.000,1400.000,1400.000,1.714643,68.467362,1.806200,638.801865,0.176292,714.141650,715.990816,614.141650,0.675330036,0.589056473,1
pi3bplus_v2_power_corrected_preflight_20260909T123851Z,pi3bplus,2,0,fit,false,0,341,341,2026-09-09T12:43:06Z,535730754089,lucid_revision,n1024,1024,B2,1.0,39.704,40.242,1400.000,1400.000,1400.000,1400.000,1.808231,67.343648,1.976503,635.726535,0.181917,710.178481,711.953746,610.178481,0.672012809,0.584617194,1
pi3bplus_v2_power_corrected_preflight_20260909T123851Z,pi3bplus,2,0,fit,false,0,342,342,2026-09-09T12:43:07Z,536445075931,lucid_revision,n1024,1024,B2,1.0,39.704,39.704,1400.000,1400.000,1400.000,1400.000,1.732820,68.285076,1.796775,639.701259,0.177386,714.902042,716.782926,614.902042,0.694171738,0.610839195,1
pi3bplus_v2_power_corrected_preflight_20260909T123851Z,pi3bplus,2,0,fit,false,0,343,343,2026-09-09T12:43:07Z,537163814893,lucid_revision,n1024,1024,B2,1.0,39.166,39.704,1400.000,1400.000,1400.000,1400.000,1.783962,67.825363,1.821669,639.262280,0.177490,714.021785,715.794967,614.021785,0.676118644,0.588522377,1
pi3bplus_v2_power_corrected_preflight_20260909T123851Z,pi3bplus,2,0,fit,false,0,344,344,2026-09-09T12:43:08Z,537881585844,lucid_revision,n1024,1024,B2,1.0,39.166,39.704,1400.000,1400.000,1400.000,1400.000,1.700322,68.943500,1.882291,639.290629,0.179000,715.124267,716.903231,615.124267,0.700551744,0.613002651,1
pi3bplus_v2_power_corrected_preflight_20260909T123851Z,pi3bplus,2,0,fit,false,0,345,345,2026-09-09T12:43:09Z,538600533024,lucid_revision,n1024,1024,B2,1.0,39.704,39.704,1400.000,1400.000,1400.000,1400.000,1.706624,67.284345,1.808598,636.612043,0.189052,710.761426,712.650280,610.761426,0.691752354,0.605667218,1
pi3bplus_v2_power_corrected_preflight_20260909T123851Z,pi3bplus,2,0,fit,false,0,346,346,2026-09-09T12:43:10Z,539315112729,lucid_revision,n1024,1024,B2,1.0,39.704,39.166,1400.000,1400.000,1400.000,1400.000,1.762455,67.982871,1.894427,639.983355,0.179104,714.916365,716.684913,614.916365,0.671155044,0.583985620,1
pi3bplus_v2_power_corrected_preflight_20260909T123851Z,pi3bplus,2,0,fit,false,0,347,347,2026-09-09T12:43:10Z,540033816594,lucid_revision,n1024,1024,B2,1.0,39.704,39.704,1400.000,1400.000,1400.000,1400.000,1.705843,67.859337,1.879844,638.022169,0.179261,712.816280,714.715499,612.816280,0.674719518,0.587657905,1
pi3bplus_v2_power_corrected_preflight_20260909T123851Z,pi3bplus,2,0,fit,false,0,348,348,2026-09-09T12:43:11Z,540750470008,lucid_revision,n1024,1024,B2,1.0,39.704,39.704,1400.000,1400.000,1400.000,1400.000,1.742249,68.351364,1.864273,639.211494,0.180094,714.481072,716.261288,614.481072,0.692970779,0.608352295,1
pi3bplus_v2_power_corrected_preflight_20260909T123851Z,pi3bplus,2,0,fit,false,0,349,349,2026-09-09T12:43:12Z,541468800975,lucid_revision,n1024,1024,B2,1.0,39.704,39.704,1400.000,1400.000,1400.000,1400.000,1.724385,67.245561,1.810631,637.783434,0.178011,711.923515,713.696179,611.923515,0.682600425,0.596253442,1
pi3bplus_v2_power_corrected_preflight_20260909T123851Z,pi3bplus,2,0,fit,false,0,350,350,2026-09-09T12:43:12Z,542184486108,lucid_revision,n1024,1024,B2,1.0,39.704,39.704,1400.000,1400.000,1400.000,1400.000,1.711105,67.797771,1.793653,640.260437,0.186344,714.926221,716.834868,614.926221,0.688587755,0.600888213,1
pi3bplus_v2_power_corrected_preflight_20260909T123851Z,pi3bplus,2,0,fit,false,0,351,351,2026-09-09T12:43:13Z,542903300660,lucid_revision,n1024,1024,B2,1.0,39.704,39.704,1400.000,1400.000,1400.000,1400.000,1.804226,68.149336,1.824849,638.356751,0.182386,713.467952,715.238481,613.467952,0.696020531,0.607963539,1
pi3bplus_v2_power_corrected_preflight_20260909T123851Z,pi3bplus,2,0,fit,false,0,352,352,2026-09-09T12:43:14Z,543620597520,lucid_revision,n1024,1024,B2,1.0,39.704,39.704,1400.000,1400.000,1400.000,1400.000,1.726366,68.590637,1.814121,638.984022,0.175772,714.483351,716.381426,614.483351,0.674428632,0.586617053,1
pi3bplus_v2_power_corrected_preflight_20260909T123851Z,pi3bplus,2,0,fit,false,0,353,353,2026-09-09T12:43:15Z,544338920041,lucid_revision,n1024,1024,B2,1.0,39.704,39.704,1400.000,1400.000,1400.000,1400.000,1.776936,67.555298,1.879223,636.975925,0.171970,711.458249,713.289974,611.458249,0.669028363,0.582897132,1
pi3bplus_v2_power_corrected_preflight_20260909T123851Z,pi3bplus,2,0,fit,false,0,354,354,2026-09-09T12:43:15Z,545054179910,lucid_revision,n1024,1024,B2,1.0,39.704,39.704,1400.000,1400.000,1400.000,1400.000,1.697774,68.255468,1.849797,639.130246,0.181657,714.291805,716.080616,614.291805,0.691643235,0.606960140,1
pi3bplus_v2_power_corrected_preflight_20260909T123851Z,pi3bplus,2,0,fit,false,0,355,355,2026-09-09T12:43:16Z,545772294637,lucid_revision,n1024,1024,B2,1.0,39.704,39.704,1400.000,1400.000,1400.000,1400.000,1.714441,67.629638,1.811050,643.974480,0.178064,718.487764,720.382300,618.487764,0.692111324,0.607036852,1
pi3bplus_v2_power_corrected_preflight_20260909T123851Z,pi3bplus,2,0,fit,false,0,356,356,2026-09-09T12:43:17Z,546494617095,lucid_revision,n1024,1024,B2,1.0,39.166,39.704,1400.000,1400.000,1400.000,1400.000,1.764906,69.180620,2.408258,638.305171,0.175564,715.392978,717.176165,615.392978,0.685286433,0.595346091,1
pi3bplus_v2_power_corrected_preflight_20260909T123851Z,pi3bplus,2,0,fit,false,0,357,357,2026-09-09T12:43:17Z,547213821382,lucid_revision,n1024,1024,B2,1.0,39.704,39.704,1400.000,1400.000,1400.000,1400.000,1.718451,67.487645,1.804541,636.548122,0.178845,710.887386,712.659949,610.887386,0.703084525,0.617818883,1
pi3bplus_v2_power_corrected_preflight_20260909T123851Z,pi3bplus,2,0,fit,false,0,358,358,2026-09-09T12:43:18Z,547928468727,lucid_revision,n1024,1024,B2,1.0,39.704,39.704,1400.000,1400.000,1400.000,1400.000,1.705275,68.356779,1.809853,640.038841,0.178689,715.281978,717.162141,615.281978,0.672790696,0.583992072,1
pi3bplus_v2_power_corrected_preflight_20260909T123851Z,pi3bplus,2,0,fit,false,0,359,359,2026-09-09T12:43:19Z,548647564152,lucid_revision,n1024,1024,B2,1.0,39.704,39.704,1400.000,1400.000,1400.000,1400.000,1.764283,67.877034,1.826884,637.226809,0.181293,712.035721,713.941976,612.035721,0.664299922,0.578470735,1
pi3bplus_v2_power_corrected_preflight_20260909T123851Z,pi3bplus,2,0,fit,false,0,360,360,2026-09-09T12:43:20Z,549363447903,lucid_revision,n1024,1024,B2,1.0,39.704,39.704,1400.000,1400.000,1400.000,1400.000,1.772616,68.264431,1.783970,639.782051,0.175928,714.983466,716.802226,614.983466,0.686606490,0.604348719,1
pi3bplus_v2_power_corrected_preflight_20260909T123851Z,pi3bplus,2,0,fit,false,0,361,361,2026-09-09T12:43:20Z,550082227787,lucid_revision,n1024,1024,B2,1.0,39.704,39.704,1400.000,1400.000,1400.000,1400.000,1.694183,67.433432,1.864122,636.685034,0.178480,711.025921,712.808537,611.025921,0.693264414,0.605842080,1
pi3bplus_v2_power_corrected_preflight_20260909T123851Z,pi3bplus,2,0,fit,false,0,362,362,2026-09-09T12:43:21Z,550797062886,lucid_revision,n1024,1024,B2,1.0,40.242,39.704,1400.000,1400.000,1400.000,1400.000,1.713870,68.183102,1.807042,639.735039,0.177751,714.789246,716.671128,614.789246,0.686843077,0.596296837,1
pi3bplus_v2_power_corrected_preflight_20260909T123851Z,pi3bplus,2,0,fit,false,0,363,363,2026-09-09T12:43:22Z,551515674019,lucid_revision,n1024,1024,B2,1.0,39.704,38.628,1400.000,1400.000,1400.000,1400.000,1.789179,67.976884,1.842510,637.832025,0.177856,712.795166,714.567575,612.795166,0.700234625,0.615942740,1
pi3bplus_v2_power_corrected_preflight_20260909T123851Z,pi3bplus,2,0,fit,false,0,364,364,2026-09-09T12:43:22Z,552232215920,lucid_revision,n1024,1024,B2,1.0,39.166,39.704,1400.000,1400.000,1400.000,1400.000,1.702517,68.415990,1.827980,640.835764,0.182907,716.215097,717.989590,616.215097,0.674063957,0.585224490,1
pi3bplus_v2_power_corrected_preflight_20260909T123851Z,pi3bplus,2,0,fit,false,0,365,365,2026-09-09T12:43:23Z,552952237698,lucid_revision,n1024,1024,B2,1.0,39.166,39.704,1400.000,1400.000,1400.000,1400.000,1.713923,67.514949,1.811991,637.278049,0.187334,711.663898,713.519272,611.663898,0.668782945,0.584427045,1
pi3bplus_v2_power_corrected_preflight_20260909T123851Z,pi3bplus,2,0,fit,false,0,366,366,2026-09-09T12:43:24Z,553667687237,lucid_revision,n1024,1024,B2,1.0,40.242,39.704,1400.000,1400.000,1400.000,1400.000,1.770275,68.122490,1.793555,639.669024,0.176606,714.730851,716.561957,614.730851,0.680713956,0.596401130,1
pi3bplus_v2_power_corrected_preflight_20260909T123851Z,pi3bplus,2,0,fit,false,0,367,367,2026-09-09T12:43:25Z,554386270447,lucid_revision,n1024,1024,B2,1.0,39.704,39.704,1400.000,1400.000,1400.000,1400.000,1.778348,67.849035,1.880374,637.527619,0.175460,712.349272,714.257666,612.349272,0.697528635,0.610127637,1
pi3bplus_v2_power_corrected_preflight_20260909T123851Z,pi3bplus,2,0,fit,false,0,368,368,2026-09-09T12:43:25Z,555102500774,lucid_revision,n1024,1024,B2,1.0,39.704,39.704,1400.000,1400.000,1400.000,1400.000,1.758453,68.284534,1.888135,639.049220,0.179471,714.304289,716.067586,614.304289,0.690539247,0.599842682,1
pi3bplus_v2_power_corrected_preflight_20260909T123851Z,pi3bplus,2,0,fit,false,0,369,369,2026-09-09T12:43:26Z,555820545761,lucid_revision,n1024,1024,B2,1.0,40.242,39.704,1400.000,1400.000,1400.000,1400.000,1.696790,67.265438,1.798035,636.646060,0.188949,710.754490,712.636480,610.754490,0.690587655,0.605716545,1
pi3bplus_v2_power_corrected_preflight_20260909T123851Z,pi3bplus,2,0,fit,false,0,370,370,2026-09-09T12:43:27Z,556535117353,lucid_revision,n1024,1024,B2,1.0,40.242,39.704,1400.000,1400.000,1400.000,1400.000,1.769288,68.320927,1.820586,639.107086,0.174001,714.372355,716.157214,614.372355,0.676719353,0.588392848,1
pi3bplus_v2_power_corrected_preflight_20260909T123851Z,pi3bplus,2,0,fit,false,0,371,371,2026-09-09T12:43:28Z,557253300091,lucid_revision,n1024,1024,B2,1.0,39.704,39.704,1400.000,1400.000,1400.000,1400.000,1.713300,67.880708,1.802723,638.841037,0.179314,713.574479,715.447928,613.574479,0.680219305,0.597263964,1
pi3bplus_v2_power_corrected_preflight_20260909T123851Z,pi3bplus,2,0,fit,false,0,372,372,2026-09-09T12:43:28Z,557970719171,lucid_revision,n1024,1024,B2,1.0,39.704,39.704,1400.000,1400.000,1400.000,1400.000,1.772829,68.422921,2.388476,639.984386,0.177960,715.912302,717.798511,615.912302,0.672781780,0.588916756,1
pi3bplus_v2_power_corrected_preflight_20260909T123851Z,pi3bplus,2,0,fit,false,0,373,373,2026-09-09T12:43:29Z,558690468993,lucid_revision,n1024,1024,B2,1.0,39.704,39.704,1400.000,1400.000,1400.000,1400.000,1.749758,67.538609,1.862878,637.519714,0.179470,712.042304,713.892682,612.042304,0.697121852,0.606947061,1
pi3bplus_v2_power_corrected_preflight_20260909T123851Z,pi3bplus,2,0,fit,false,0,374,374,2026-09-09T12:43:30Z,559406291477,lucid_revision,n1024,1024,B2,1.0,39.704,40.242,1400.000,1400.000,1400.000,1400.000,1.733770,67.849812,1.835171,639.676575,0.179992,714.479119,716.234606,614.479119,0.692175278,0.601954109,1
pi3bplus_v2_power_corrected_preflight_20260909T123851Z,pi3bplus,2,0,fit,false,0,375,375,2026-09-09T12:43:30Z,560124594420,lucid_revision,n1024,1024,B2,1.0,39.704,39.704,1400.000,1400.000,1400.000,1400.000,1.724395,67.899601,1.808401,637.216444,0.185773,712.009666,713.770206,612.009666,0.678978790,0.595677879,1
pi3bplus_v2_power_corrected_preflight_20260909T123851Z,pi3bplus,2,0,fit,false,0,376,376,2026-09-09T12:43:31Z,560840342343,lucid_revision,n1024,1024,B2,1.0,39.704,40.242,1400.000,1400.000,1400.000,1400.000,1.713302,68.582452,1.836317,639.478883,0.177961,714.960583,716.859242,614.960583,0.678189465,0.589723069,1
pi3bplus_v2_power_corrected_preflight_20260909T123851Z,pi3bplus,2,0,fit,false,0,377,377,2026-09-09T12:43:32Z,561559138522,lucid_revision,n1024,1024,B2,1.0,39.704,39.704,1400.000,1400.000,1400.000,1400.000,1.749759,67.624809,1.891315,636.838227,0.176763,711.382181,713.238654,611.382181,0.688062159,0.604751086,1
pi3bplus_v2_power_corrected_preflight_20260909T123851Z,pi3bplus,2,0,fit,false,0,378,378,2026-09-09T12:43:33Z,562274309011,lucid_revision,n1024,1024,B2,1.0,39.166,39.704,1400.000,1400.000,1400.000,1400.000,1.736636,68.005434,1.870535,639.897995,0.185199,714.855804,716.628063,614.855804,0.671272213,0.587756786,1
pi3bplus_v2_power_corrected_preflight_20260909T123851Z,pi3bplus,2,0,fit,false,0,379,379,2026-09-09T12:43:33Z,562992958018,lucid_revision,n1024,1024,B2,1.0,39.166,39.704,1400.000,1400.000,1400.000,1400.000,1.715595,68.389740,1.846890,638.710886,0.178221,714.019929,715.893954,614.019929,0.701360784,0.611563610,1
pi3bplus_v2_power_corrected_preflight_20260909T123851Z,pi3bplus,2,0,fit,false,0,380,380,2026-09-09T12:43:34Z,563710799796,lucid_revision,n1024,1024,B2,1.0,39.704,39.704,1400.000,1400.000,1400.000,1400.000,1.763926,68.246536,1.881942,639.737187,0.184418,714.959588,716.726015,614.959588,0.689681949,0.601591644,1
pi3bplus_v2_power_corrected_preflight_20260909T123851Z,pi3bplus,2,0,fit,false,0,381,381,2026-09-09T12:43:35Z,564429613420,lucid_revision,n1024,1024,B2,1.0,39.166,39.704,1400.000,1400.000,1400.000,1400.000,1.704868,67.271758,1.813976,636.474295,0.189002,710.702650,712.461108,610.702650,0.676002312,0.589582282,1
pi3bplus_v2_power_corrected_preflight_20260909T123851Z,pi3bplus,2,0,fit,false,0,382,382,2026-09-09T12:43:35Z,565144091308,lucid_revision,n1024,1024,B2,1.0,39.704,39.704,1400.000,1400.000,1400.000,1400.000,1.702836,68.011150,1.819445,639.549940,0.177544,714.437430,716.289322,614.437430,0.673620950,0.584654720,1
pi3bplus_v2_power_corrected_preflight_20260909T123851Z,pi3bplus,2,0,fit,false,0,383,383,2026-09-09T12:43:36Z,565862325955,lucid_revision,n1024,1024,B2,1.0,39.704,39.166,1400.000,1400.000,1400.000,1400.000,1.745907,67.617229,1.871318,638.105106,0.175304,712.640133,714.524263,612.640133,0.694198524,0.612651756,1
pi3bplus_v2_power_corrected_preflight_20260909T123851Z,pi3bplus,2,0,fit,false,0,384,384,2026-09-09T12:43:37Z,566578775440,lucid_revision,n1024,1024,B2,1.0,39.704,39.704,1400.000,1400.000,1400.000,1400.000,1.765022,68.397002,1.879130,653.976234,0.290403,729.487330,731.761234,629.487330,0.676133869,0.589164547,1
pi3bplus_v2_power_corrected_preflight_20260909T123851Z,pi3bplus,2,0,fit,false,0,385,385,2026-09-09T12:43:38Z,567312872034,lucid_revision,n1024,1024,B2,1.0,40.242,40.242,1400.000,1400.000,1400.000,1400.000,2.318590,71.894774,2.780339,640.762065,0.176503,721.855525,723.730334,621.855525,0.699788339,0.611263983,1
pi3bplus_v2_power_corrected_preflight_20260909T123851Z,pi3bplus,2,0,fit,false,0,386,386,2026-09-09T12:43:38Z,568038534361,lucid_revision,n1024,1024,B2,1.0,40.242,39.704,1400.000,1400.000,1400.000,1400.000,1.739294,68.024226,1.882464,639.608294,0.178742,714.615684,716.393206,614.615684,0.690975492,0.605196611,1
pi3bplus_v2_power_corrected_preflight_20260909T123851Z,pi3bplus,2,0,fit,false,0,387,387,2026-09-09T12:43:39Z,568756917631,lucid_revision,n1024,1024,B2,1.0,39.704,39.704,1400.000,1400.000,1400.000,1400.000,1.718826,68.096844,1.801271,637.428126,0.181294,712.456472,714.222849,612.456472,0.672544178,0.584948133,1
pi3bplus_v2_power_corrected_preflight_20260909T123851Z,pi3bplus,2,0,fit,false,0,388,388,2026-09-09T12:43:40Z,569473135440,lucid_revision,n1024,1024,B2,1.0,39.704,39.704,1400.000,1400.000,1400.000,1400.000,1.711796,68.020147,1.853665,640.000256,0.251916,715.011435,716.784531,615.011435,0.675889024,0.589350158,1
pi3bplus_v2_power_corrected_preflight_20260909T123851Z,pi3bplus,2,0,fit,false,0,389,389,2026-09-09T12:43:40Z,570191859152,lucid_revision,n1024,1024,B2,1.0,39.704,39.704,1400.000,1400.000,1400.000,1400.000,1.757471,67.471320,1.861425,636.328042,0.187075,710.712222,712.597084,610.712222,0.691227305,0.606344415,1
pi3bplus_v2_power_corrected_preflight_20260909T123851Z,pi3bplus,2,0,fit,false,0,390,390,2026-09-09T12:43:41Z,570906456509,lucid_revision,n1024,1024,B2,1.0,40.242,39.704,1400.000,1400.000,1400.000,1400.000,1.791949,68.177346,1.865591,640.282956,0.187543,715.449357,717.221568,615.449357,0.680674492,0.594683384,1
pi3bplus_v2_power_corrected_preflight_20260909T123851Z,pi3bplus,2,0,fit,false,0,391,391,2026-09-09T12:43:42Z,571625724702,lucid_revision,n1024,1024,B2,1.0,39.704,40.242,1400.000,1400.000,1400.000,1400.000,1.712422,67.426252,1.813511,637.937011,0.186919,712.249512,714.012974,612.249512,0.690239952,0.602292447,1
pi3bplus_v2_power_corrected_preflight_20260909T123851Z,pi3bplus,2,0,fit,false,0,392,392,2026-09-09T12:43:43Z,572341785604,lucid_revision,n1024,1024,B2,1.0,39.704,39.704,1400.000,1400.000,1400.000,1400.000,1.706381,68.010097,1.883196,639.520157,0.186606,714.572540,716.345116,614.572540,0.696873324,0.609455827,1
pi3bplus_v2_power_corrected_preflight_20260909T123851Z,pi3bplus,2,0,fit,false,0,393,393,2026-09-09T12:43:43Z,573060114849,lucid_revision,n1024,1024,B2,1.0,39.704,39.704,1400.000,1400.000,1400.000,1400.000,1.707527,67.628292,1.795543,635.720046,0.179835,710.213027,712.061277,610.213027,0.671676143,0.583792471,1
pi3bplus_v2_power_corrected_preflight_20260909T123851Z,pi3bplus,2,0,fit,false,0,394,394,2026-09-09T12:43:44Z,573774158329,lucid_revision,n1024,1024,B2,1.0,39.704,40.242,1400.000,1400.000,1400.000,1400.000,1.705184,67.944806,1.877885,639.252790,0.182856,714.233268,716.010636,614.233268,0.673353374,0.586491968,1
pi3bplus_v2_power_corrected_preflight_20260909T123851Z,pi3bplus,2,0,fit,false,0,395,395,2026-09-09T12:43:45Z,574492198510,lucid_revision,n1024,1024,B2,1.0,39.166,39.704,1400.000,1400.000,1400.000,1400.000,1.700497,67.624212,1.811221,637.490785,0.201814,712.080051,713.849295,612.080051,0.688921184,0.605008447,1
pi3bplus_v2_power_corrected_preflight_20260909T123851Z,pi3bplus,2,0,fit,false,0,396,396,2026-09-09T12:43:45Z,575207980687,lucid_revision,n1024,1024,B2,1.0,39.704,39.704,1400.000,1400.000,1400.000,1400.000,1.694403,68.269397,1.826169,639.078586,0.176138,714.279810,716.099989,614.279810,0.692894430,0.607137346,1
pi3bplus_v2_power_corrected_preflight_20260909T123851Z,pi3bplus,2,0,fit,false,0,397,397,2026-09-09T12:43:46Z,575926011267,lucid_revision,n1024,1024,B2,1.0,39.166,39.704,1400.000,1400.000,1400.000,1400.000,1.708153,67.767452,1.855074,635.827420,0.179940,710.526492,712.304694,610.526492,0.682989369,0.592949763,1
pi3bplus_v2_power_corrected_preflight_20260909T123851Z,pi3bplus,2,0,fit,false,0,398,398,2026-09-09T12:43:47Z,576640323373,lucid_revision,n1024,1024,B2,1.0,39.704,39.704,1400.000,1400.000,1400.000,1400.000,1.701904,67.655808,1.814868,639.584687,0.179262,714.142481,715.980681,614.142481,0.703347796,0.618521844,1
pi3bplus_v2_power_corrected_preflight_20260909T123851Z,pi3bplus,2,0,fit,false,0,399,399,2026-09-09T12:43:48Z,577358251937,lucid_revision,n1024,1024,B2,1.0,39.704,39.704,1400.000,1400.000,1400.000,1400.000,1.739611,67.724312,1.866376,638.061192,0.180356,712.736187,714.608553,612.736187,0.674615977,0.585929329,1
pi3bplus_v2_power_corrected_preflight_20260909T123851Z,pi3bplus,2,0,fit,false,0,400,400,2026-09-09T12:43:48Z,578074792592,lucid_revision,n1024,1024,B2,1.0,39.704,39.704,1400.000,1400.000,1400.000,1400.000,1.761902,68.228039,1.892313,638.611404,0.182388,713.821480,715.594892,613.821480,0.665730603,0.579381063,1
pi3bplus_v2_power_corrected_preflight_20260909T123851Z,pi3bplus,2,0,fit,false,0,401,401,2026-09-09T12:43:49Z,578792420572,lucid_revision,n1024,1024,B2,1.0,39.704,39.704,1400.000,1400.000,1400.000,1400.000,1.712425,67.230287,1.800599,636.343466,0.180148,710.448296,712.334256,610.448296,0.687075709,0.604604726,1
pi3bplus_v2_power_corrected_preflight_20260909T123851Z,pi3bplus,2,0,fit,false,0,402,402,2026-09-09T12:43:50Z,579506727398,lucid_revision,n1024,1024,B2,1.0,39.704,39.166,1400.000,1400.000,1400.000,1400.000,1.759142,67.982407,1.868253,640.261933,0.185669,715.195809,716.961982,615.195809,0.690332017,0.603323154,1
pi3bplus_v2_power_corrected_preflight_20260909T123851Z,pi3bplus,2,0,fit,false,0,403,403,2026-09-09T12:43:50Z,580225696115,lucid_revision,n1024,1024,B2,1.0,39.704,39.704,1400.000,1400.000,1400.000,1400.000,1.708363,67.432076,1.821536,636.506940,0.187388,710.814343,712.579892,610.814343,0.685547263,0.595604075,1
pi3bplus_v2_power_corrected_preflight_20260909T123851Z,pi3bplus,2,0,fit,false,0,404,404,2026-09-09T12:43:51Z,580940250140,lucid_revision,n1024,1024,B2,1.0,39.704,39.704,1400.000,1400.000,1400.000,1400.000,2.086316,69.318876,1.866274,638.447578,0.187596,715.063586,716.962202,615.063586,0.703926583,0.619715773,1
pi3bplus_v2_power_corrected_preflight_20260909T123851Z,pi3bplus,2,0,fit,false,0,405,405,2026-09-09T12:43:52Z,581659237099,lucid_revision,n1024,1024,B2,1.0,39.704,39.704,1400.000,1400.000,1400.000,1400.000,1.805496,67.518397,1.870700,635.258530,0.204991,709.793708,711.555716,609.793708,0.673845994,0.584095954,1
pi3bplus_v2_power_corrected_preflight_20260909T123851Z,pi3bplus,2,0,fit,false,0,406,406,2026-09-09T12:43:53Z,582372793823,lucid_revision,n1024,1024,B2,1.0,39.704,39.704,1400.000,1400.000,1400.000,1400.000,1.705083,67.800641,1.795860,639.546545,0.177441,714.207830,716.095822,614.207830,0.666076759,0.581951579,1
pi3bplus_v2_power_corrected_preflight_20260909T123851Z,pi3bplus,2,0,fit,false,0,407,407,2026-09-09T12:43:53Z,583090864509,lucid_revision,n1024,1024,B2,1.0,39.166,39.704,1400.000,1400.000,1400.000,1400.000,1.775862,67.728145,1.879243,635.971829,0.177649,710.653633,712.423610,610.653633,0.682251469,0.598136677,1
pi3bplus_v2_power_corrected_preflight_20260909T123851Z,pi3bplus,2,0,fit,false,0,408,408,2026-09-09T12:43:54Z,583805365114,lucid_revision,n1024,1024,B2,1.0,39.704,39.704,1400.000,1400.000,1400.000,1400.000,1.722687,68.021377,1.808101,639.974451,0.186920,714.988812,716.768216,614.988812,0.694750426,0.607134675,1
pi3bplus_v2_power_corrected_preflight_20260909T123851Z,pi3bplus,2,0,fit,false,0,409,409,2026-09-09T12:43:55Z,584524121995,lucid_revision,n1024,1024,B2,1.0,39.704,39.704,1400.000,1400.000,1400.000,1400.000,1.705032,67.516831,2.402346,637.948897,0.182024,713.474660,715.247033,613.474660,0.692546974,0.601506878,1
pi3bplus_v2_power_corrected_preflight_20260909T123851Z,pi3bplus,2,0,fit,false,0,410,410,2026-09-09T12:43:55Z,585241346861,lucid_revision,n1024,1024,B2,1.0,39.704,39.704,1400.000,1400.000,1400.000,1400.000,1.711698,67.690431,1.779509,642.831081,0.178899,717.430283,719.295621,617.430283,0.693575479,0.609173475,1
pi3bplus_v2_power_corrected_preflight_20260909T123851Z,pi3bplus,2,0,fit,false,0,411,411,2026-09-09T12:43:56Z,585962654012,lucid_revision,n1024,1024,B2,1.0,39.704,39.704,1400.000,1400.000,1400.000,1400.000,1.769249,67.437892,1.888723,640.354512,0.175566,714.775340,716.543079,614.775340,0.676507981,0.588676920,1
pi3bplus_v2_power_corrected_preflight_20260909T123851Z,pi3bplus,2,0,fit,false,0,412,412,2026-09-09T12:43:57Z,586681229610,lucid_revision,n1024,1024,B2,1.0,39.704,39.166,1400.000,1400.000,1400.000,1400.000,1.705814,68.370629,1.876067,640.106117,0.178430,715.413800,717.182060,615.413800,0.675807288,0.592424004,1
pi3bplus_v2_power_corrected_preflight_20260909T123851Z,pi3bplus,2,0,fit,false,0,413,413,2026-09-09T12:43:58Z,587400429554,lucid_revision,n1024,1024,B2,1.0,39.704,39.704,1400.000,1400.000,1400.000,1400.000,1.727324,67.637863,1.786020,639.378555,0.178430,713.902174,715.731629,613.902174,0.675819136,0.591962803,1
pi3bplus_v2_power_corrected_preflight_20260909T123851Z,pi3bplus,2,0,fit,false,0,414,414,2026-09-09T12:43:58Z,588118102092,lucid_revision,n1024,1024,B2,1.0,39.704,39.704,1400.000,1400.000,1400.000,1400.000,1.699669,67.613332,1.842788,641.239652,0.184211,715.777488,717.538926,615.777488,0.698451572,0.607223121,1
pi3bplus_v2_power_corrected_preflight_20260909T123851Z,pi3bplus,2,0,fit,false,0,415,415,2026-09-09T12:43:59Z,588837668434,lucid_revision,n1024,1024,B2,1.0,39.166,39.704,1400.000,1400.000,1400.000,1400.000,1.699096,67.454500,1.818206,638.730775,0.185878,713.047231,714.898093,613.047231,0.689967656,0.600308572,1
pi3bplus_v2_power_corrected_preflight_20260909T123851Z,pi3bplus,2,0,fit,false,0,416,416,2026-09-09T12:44:00Z,589554497489,lucid_revision,n1024,1024,B2,1.0,39.704,39.704,1400.000,1400.000,1400.000,1400.000,1.762376,68.508223,1.872995,639.868153,0.174525,715.298956,717.066072,615.298956,0.679819216,0.596657527,1
pi3bplus_v2_power_corrected_preflight_20260909T123851Z,pi3bplus,2,0,fit,false,0,417,417,2026-09-09T12:44:01Z,590273567124,lucid_revision,n1024,1024,B2,1.0,39.704,39.704,1400.000,1400.000,1400.000,1400.000,1.701441,67.169543,1.820447,637.238091,0.183274,711.262458,713.024365,611.262458,0.678015174,0.590071667,1
pi3bplus_v2_power_corrected_preflight_20260909T123851Z,pi3bplus,2,0,fit,false,0,418,418,2026-09-09T12:44:01Z,590988586095,lucid_revision,n1024,1024,B2,1.0,39.704,39.166,1400.000,1400.000,1400.000,1400.000,1.711180,74.052178,3.278824,649.351241,0.179576,733.768151,735.604223,633.768151,0.688032288,0.604658433,1
pi3bplus_v2_power_corrected_preflight_20260909T123851Z,pi3bplus,2,0,fit,false,0,419,419,2026-09-09T12:44:02Z,591726154613,lucid_revision,n1024,1024,B2,1.0,39.704,40.242,1400.000,1400.000,1400.000,1400.000,1.706754,67.933746,1.876851,637.745598,0.177597,712.611196,714.493829,612.611196,0.671491990,0.587683499,1
pi3bplus_v2_power_corrected_preflight_20260909T123851Z,pi3bplus,2,0,fit,false,0,420,420,2026-09-09T12:44:03Z,592442626643,lucid_revision,n1024,1024,B2,1.0,39.704,39.704,1400.000,1400.000,1400.000,1400.000,1.753158,68.020997,1.873622,641.601688,0.176919,716.586154,718.476650,616.586154,0.699724908,0.610206588,1
pi3bplus_v2_power_corrected_preflight_20260909T123851Z,pi3bplus,2,0,fit,false,0,421,421,2026-09-09T12:44:03Z,593163081494,lucid_revision,n1024,1024,B2,1.0,40.242,39.704,1400.000,1400.000,1400.000,1400.000,1.778938,67.280090,1.843936,637.361841,0.183222,711.546703,713.405066,611.546703,0.690017107,0.601577541,1
pi3bplus_v2_power_corrected_preflight_20260909T123851Z,pi3bplus,2,0,fit,false,0,422,422,2026-09-09T12:44:04Z,593878466949,lucid_revision,n1024,1024,B2,1.0,39.704,39.704,1400.000,1400.000,1400.000,1400.000,1.733576,68.669892,1.890653,641.180932,0.181451,716.795962,718.683282,616.795962,0.677505810,0.591521396,1
pi3bplus_v2_power_corrected_preflight_20260909T123851Z,pi3bplus,2,0,fit,false,0,423,423,2026-09-09T12:44:05Z,594599084581,lucid_revision,n1024,1024,B2,1.0,39.704,39.704,1400.000,1400.000,1400.000,1400.000,1.777898,68.024829,1.903673,638.165351,0.193430,713.240991,715.014149,613.240991,0.672527916,0.583943855,1
pi3bplus_v2_power_corrected_preflight_20260909T123851Z,pi3bplus,2,0,fit,false,0,424,424,2026-09-09T12:44:06Z,595316071620,lucid_revision,n1024,1024,B2,1.0,39.704,40.242,1400.000,1400.000,1400.000,1400.000,1.706286,68.127131,1.816334,640.976146,0.248063,716.076490,717.850795,616.076490,0.693084166,0.611355939,1
pi3bplus_v2_power_corrected_preflight_20260909T123851Z,pi3bplus,2,0,fit,false,0,425,425,2026-09-09T12:44:06Z,596035891711,lucid_revision,n1024,1024,B2,1.0,39.704,39.704,1400.000,1400.000,1400.000,1400.000,1.753941,67.449606,1.811595,638.419063,0.179420,712.774957,714.548637,612.774957,0.676645892,0.589023069,1
pi3bplus_v2_power_corrected_preflight_20260909T123851Z,pi3bplus,2,0,fit,false,0,426,426,2026-09-09T12:44:07Z,596752439227,lucid_revision,n1024,1024,B2,1.0,39.166,39.704,1400.000,1400.000,1400.000,1400.000,1.733369,67.965121,1.823730,639.697578,0.174837,714.575915,716.490007,614.575915,0.704035409,0.615089933,1
pi3bplus_v2_power_corrected_preflight_20260909T123851Z,pi3bplus,2,0,fit,false,0,427,427,2026-09-09T12:44:08Z,597470880459,lucid_revision,n1024,1024,B2,1.0,39.704,39.704,1400.000,1400.000,1400.000,1400.000,1.788211,67.378388,3.050765,639.731055,0.178066,716.266165,718.137290,616.266165,0.686867225,0.600982022,1
pi3bplus_v2_power_corrected_preflight_20260909T123851Z,pi3bplus,2,0,fit,false,0,428,428,2026-09-09T12:44:08Z,598190956266,lucid_revision,n1024,1024,B2,1.0,39.704,39.704,1400.000,1400.000,1400.000,1400.000,1.800971,68.180024,1.858260,640.300908,0.177441,715.470085,717.605106,615.470085,0.673114378,0.586769333,1
pi3bplus_v2_power_corrected_preflight_20260909T123851Z,pi3bplus,2,0,fit,false,0,429,429,2026-09-09T12:44:09Z,598910679726,lucid_revision,n1024,1024,B2,1.0,39.704,39.704,1400.000,1400.000,1400.000,1400.000,1.759931,67.782188,1.880030,638.258670,0.177441,713.002877,714.892908,613.002877,0.675395254,0.588409833,1
pi3bplus_v2_power_corrected_preflight_20260909T123851Z,pi3bplus,2,0,fit,false,0,430,430,2026-09-09T12:44:10Z,599627496048,lucid_revision,n1024,1024,B2,1.0,40.242,39.704,1400.000,1400.000,1400.000,1400.000,1.807118,67.725278,1.865135,641.410393,0.179888,716.149930,718.032877,616.149930,0.690886071,0.606591982,1
pi3bplus_v2_power_corrected_preflight_20260909T123851Z,pi3bplus,2,0,fit,false,0,431,431,2026-09-09T12:44:11Z,600347526192,lucid_revision,n1024,1024,B2,1.0,39.704,39.704,1400.000,1400.000,1400.000,1400.000,1.764567,67.514467,1.889562,640.104414,0.175930,714.593194,716.381770,614.593194,0.682243053,0.594817679,1
pi3bplus_v2_power_corrected_preflight_20260909T123851Z,pi3bplus,2,0,fit,false,0,432,432,2026-09-09T12:44:11Z,601065957622,lucid_revision,n1024,1024,B2,1.0,39.704,40.242,1400.000,1400.000,1400.000,1400.000,1.702069,68.487189,1.891437,640.566953,0.175826,715.956897,717.723756,615.956897,0.689483128,0.601596794,1
pi3bplus_v2_power_corrected_preflight_20260909T123851Z,pi3bplus,2,0,fit,false,0,433,433,2026-09-09T12:44:12Z,601785729372,lucid_revision,n1024,1024,B2,1.0,39.704,39.704,1400.000,1400.000,1400.000,1400.000,1.703528,67.628747,1.809045,637.437095,0.178014,711.940369,713.709103,611.940369,0.698301392,0.611110155,1
pi3bplus_v2_power_corrected_preflight_20260909T123851Z,pi3bplus,2,0,fit,false,0,434,434,2026-09-09T12:44:13Z,602501427253,lucid_revision,n1024,1024,B2,1.0,39.704,39.704,1400.000,1400.000,1400.000,1400.000,1.706341,68.483833,3.105193,641.571029,0.182441,719.373202,721.125531,619.373202,0.667773346,0.580597022,1
pi3bplus_v2_power_corrected_preflight_20260909T123851Z,pi3bplus,2,0,fit,false,0,435,435,2026-09-09T12:44:13Z,603224571404,lucid_revision,n1024,1024,B2,1.0,39.704,39.704,1400.000,1400.000,1400.000,1400.000,1.724830,67.792305,1.838055,637.328509,0.187649,712.033415,713.787515,612.033415,0.679584218,0.592593492,1
pi3bplus_v2_power_corrected_preflight_20260909T123851Z,pi3bplus,2,0,fit,false,0,436,436,2026-09-09T12:44:14Z,603940336760,lucid_revision,n1024,1024,B2,1.0,39.704,39.704,1400.000,1400.000,1400.000,1400.000,2.082941,68.714567,1.817066,640.691067,0.175567,716.640149,718.397999,616.640149,0.685715215,0.602067970,1
pi3bplus_v2_power_corrected_preflight_20260909T123851Z,pi3bplus,2,0,fit,false,0,437,437,2026-09-09T12:44:15Z,604660717184,lucid_revision,n1024,1024,B2,1.0,39.166,39.704,1400.000,1400.000,1400.000,1400.000,1.708945,67.219950,1.799359,637.701721,0.188847,711.780317,713.541761,611.780317,0.691628000,0.605655945,1
pi3bplus_v2_power_corrected_preflight_20260909T123851Z,pi3bplus,2,0,fit,false,0,438,438,2026-09-09T12:44:16Z,605376262151,lucid_revision,n1024,1024,B2,1.0,39.704,39.704,1400.000,1400.000,1400.000,1400.000,1.708686,67.769786,1.791390,641.005920,0.179473,715.654822,717.491784,615.654822,0.682961733,0.592639433,1
pi3bplus_v2_power_corrected_preflight_20260909T123851Z,pi3bplus,2,0,fit,false,0,439,439,2026-09-09T12:44:16Z,606095687768,lucid_revision,n1024,1024,B2,1.0,39.704,39.704,1400.000,1400.000,1400.000,1400.000,1.768371,67.574013,1.858107,639.676132,0.175097,714.158114,715.941328,614.158114,0.702720873,0.618338948,1
pi3bplus_v2_power_corrected_preflight_20260909T123851Z,pi3bplus,2,0,fit,false,0,440,440,2026-09-09T12:44:17Z,606813690373,lucid_revision,n1024,1024,B2,1.0,39.704,39.704,1400.000,1400.000,1400.000,1400.000,1.701342,68.159369,1.893002,640.747257,0.177129,715.839908,717.612186,615.839908,0.673857819,0.584891044,1
pi3bplus_v2_power_corrected_preflight_20260909T123851Z,pi3bplus,2,0,fit,false,0,441,441,2026-09-09T12:44:18Z,607533328785,lucid_revision,n1024,1024,B2,1.0,39.704,39.704,1400.000,1400.000,1400.000,1400.000,1.706550,67.853092,2.508917,639.310561,0.176296,715.551517,717.318951,615.551517,0.669180831,0.582275684,1
pi3bplus_v2_power_corrected_preflight_20260909T123851Z,pi3bplus,2,0,fit,false,0,442,442,2026-09-09T12:44:19Z,608252676618,lucid_revision,n1024,1024,B2,1.0,40.242,39.704,1400.000,1400.000,1400.000,1400.000,1.693478,67.809148,1.775872,643.212781,0.187649,717.883914,719.754261,617.883914,0.687906563,0.604674778,1
pi3bplus_v2_power_corrected_preflight_20260909T123851Z,pi3bplus,2,0,fit,false,0,443,443,2026-09-09T12:44:19Z,608974380494,lucid_revision,n1024,1024,B2,1.0,39.704,39.704,1400.000,1400.000,1400.000,1400.000,1.749049,67.678685,1.869045,641.124351,0.181973,715.776527,717.537972,615.776527,0.686915979,0.601275157,1
pi3bplus_v2_power_corrected_preflight_20260909T123851Z,pi3bplus,2,0,fit,false,0,444,444,2026-09-09T12:44:20Z,609693914486,lucid_revision,n1024,1024,B2,1.0,39.704,39.704,1400.000,1400.000,1400.000,1400.000,1.700458,68.424347,1.876389,640.573295,0.184368,715.864733,717.627637,615.864733,0.686270172,0.596016570,1
pi3bplus_v2_power_corrected_preflight_20260909T123851Z,pi3bplus,2,0,fit,false,0,445,445,2026-09-09T12:44:21Z,610413584756,lucid_revision,n1024,1024,B2,1.0,39.704,39.704,1400.000,1400.000,1400.000,1400.000,1.703792,67.308464,1.805559,638.875273,0.187649,713.063120,714.945395,613.063120,0.705464991,0.621333516,1
pi3bplus_v2_power_corrected_preflight_20260909T123851Z,pi3bplus,2,0,fit,false,0,446,446,2026-09-09T12:44:21Z,611130509662,lucid_revision,n1024,1024,B2,1.0,39.704,39.704,1400.000,1400.000,1400.000,1400.000,1.749832,68.650602,1.866441,641.724294,0.180097,717.350317,719.233477,617.350317,0.673729046,0.584019713,1
pi3bplus_v2_power_corrected_preflight_20260909T123851Z,pi3bplus,2,0,fit,false,0,447,447,2026-09-09T12:44:22Z,611851684943,lucid_revision,n1024,1024,B2,1.0,39.704,39.704,1400.000,1400.000,1400.000,1400.000,1.765769,67.395661,1.873213,640.456492,0.182858,714.787005,716.634594,614.787005,0.662725708,0.579102610,1
pi3bplus_v2_power_corrected_preflight_20260909T123851Z,pi3bplus,2,0,fit,false,0,448,448,2026-09-09T12:44:23Z,612570260247,lucid_revision,n1024,1024,B2,1.0,39.704,39.704,1400.000,1400.000,1400.000,1400.000,1.755561,69.375810,1.812591,641.643393,0.178379,718.417789,720.188246,618.417789,0.685750696,0.600161290,1
pi3bplus_v2_power_corrected_preflight_20260909T123851Z,pi3bplus,2,0,fit,false,0,449,449,2026-09-09T12:44:24Z,613292443942,lucid_revision,n1024,1024,B2,1.0,39.704,39.704,1400.000,1400.000,1400.000,1400.000,1.710876,67.236214,1.811497,638.438571,0.175774,712.538443,714.289369,612.538443,0.695051121,0.608328155,1
pi3bplus_v2_power_corrected_preflight_20260909T123851Z,pi3bplus,2,0,fit,false,0,450,450,2026-09-09T12:44:24Z,614008718187,lucid_revision,n1024,1024,B2,1.0,39.704,39.704,1400.000,1400.000,1400.000,1400.000,1.706605,67.735154,1.833840,641.941658,0.177546,717.333983,719.105274,617.333983,0.692031746,0.600940310,1
pi3bplus_v2_power_corrected_preflight_20260909T123851Z,pi3bplus,2,0,fit,false,0,451,451,2026-09-09T12:44:25Z,614729875262,lucid_revision,n1024,1024,B2,1.0,39.704,39.704,1400.000,1400.000,1400.000,1400.000,1.700200,67.646056,1.828476,639.445201,0.177755,713.997831,715.876409,613.997831,0.695768184,0.611390682,1
pi3bplus_v2_power_corrected_preflight_20260909T123851Z,pi3bplus,2,0,fit,false,0,452,452,2026-09-09T12:44:26Z,615447741235,lucid_revision,n1024,1024,B2,1.0,39.704,39.704,1400.000,1400.000,1400.000,1400.000,1.752385,68.230682,1.834206,641.742910,0.184420,716.914438,718.677032,616.914438,0.675028375,0.587205643,1
pi3bplus_v2_power_corrected_preflight_20260909T123851Z,pi3bplus,2,0,fit,false,0,453,453,2026-09-09T12:44:26Z,616168391790,lucid_revision,n1024,1024,B2,1.0,39.704,39.704,1400.000,1400.000,1400.000,1400.000,1.706554,67.430659,1.793894,638.439499,0.177754,712.701215,714.473912,612.701215,0.673655114,0.589623368,1
pi3bplus_v2_power_corrected_preflight_20260909T123851Z,pi3bplus,2,0,fit,false,0,454,454,2026-09-09T12:44:27Z,616884847194,lucid_revision,n1024,1024,B2,1.0,39.704,39.704,1400.000,1400.000,1400.000,1400.000,1.717386,69.103685,1.861340,642.897323,0.187910,718.955656,720.826319,618.955656,0.677802848,0.594847496,1
pi3bplus_v2_power_corrected_preflight_20260909T123851Z,pi3bplus,2,0,fit,false,0,455,455,2026-09-09T12:44:28Z,617607668234,lucid_revision,n1024,1024,B2,1.0,39.704,40.242,1400.000,1400.000,1400.000,1400.000,1.781447,68.692202,1.827070,640.291544,0.259991,716.501396,718.274146,616.501396,0.695133524,0.603988826,1
pi3bplus_v2_power_corrected_preflight_20260909T123851Z,pi3bplus,2,0,fit,false,0,456,456,2026-09-09T12:44:29Z,618327866323,lucid_revision,n1024,1024,B2,1.0,39.704,39.704,1400.000,1400.000,1400.000,1400.000,1.791916,68.758826,1.807072,641.876539,0.180359,717.619026,719.385213,617.619026,0.691616752,0.601758352,1
pi3bplus_v2_power_corrected_preflight_20260909T123851Z,pi3bplus,2,0,fit,false,0,457,457,2026-09-09T12:44:29Z,619049245893,lucid_revision,n1024,1024,B2,1.0,39.704,39.704,1400.000,1400.000,1400.000,1400.000,1.733324,67.438404,1.788895,639.906858,0.176504,714.173563,716.062350,614.173563,0.680984734,0.597568788,1
pi3bplus_v2_power_corrected_preflight_20260909T123851Z,pi3bplus,2,0,fit,false,0,458,458,2026-09-09T12:44:30Z,619767262029,lucid_revision,n1024,1024,B2,1.0,39.704,39.166,1400.000,1400.000,1400.000,1400.000,1.765251,67.706376,1.877330,641.288593,0.179369,715.963369,717.846897,615.963369,0.678793789,0.590949451,1
pi3bplus_v2_power_corrected_preflight_20260909T123851Z,pi3bplus,2,0,fit,false,0,459,459,2026-09-09T12:44:31Z,620487115731,lucid_revision,n1024,1024,B2,1.0,39.704,39.704,1400.000,1400.000,1400.000,1400.000,1.759886,67.422751,1.872071,640.012252,0.175723,714.376012,716.148606,614.376012,0.686256051,0.603743464,1
pi3bplus_v2_power_corrected_preflight_20260909T123851Z,pi3bplus,2,0,fit,false,0,460,460,2026-09-09T12:44:31Z,621205242237,lucid_revision,n1024,1024,B2,1.0,39.704,39.704,1400.000,1400.000,1400.000,1400.000,1.717179,68.078410,1.827385,641.764961,0.181608,716.733756,718.495935,616.733756,0.670618731,0.586310718,1
pi3bplus_v2_power_corrected_preflight_20260909T123851Z,pi3bplus,2,0,fit,false,0,461,461,2026-09-09T12:44:32Z,621925759977,lucid_revision,n1024,1024,B2,1.0,39.704,39.704,1400.000,1400.000,1400.000,1400.000,1.705201,67.250842,1.812801,638.512225,0.183587,712.600851,714.439902,612.600851,0.702314796,0.612756366,1
pi3bplus_v2_power_corrected_preflight_20260909T123851Z,pi3bplus,2,0,fit,false,0,462,462,2026-09-09T12:44:33Z,622642174238,lucid_revision,n1024,1024,B2,1.0,39.704,39.704,1400.000,1400.000,1400.000,1400.000,1.690619,68.976419,1.822125,642.537722,0.181712,718.851389,720.618672,618.851389,0.688636488,0.599156905,1
pi3bplus_v2_power_corrected_preflight_20260909T123851Z,pi3bplus,2,0,fit,false,0,463,463,2026-09-09T12:44:34Z,623364770967,lucid_revision,n1024,1024,B2,1.0,39.704,39.704,1400.000,1400.000,1400.000,1400.000,1.703535,67.658196,1.801814,640.172845,0.185566,714.682212,716.571886,614.682212,0.678337684,0.593041221,1
pi3bplus_v2_power_corrected_preflight_20260909T123851Z,pi3bplus,2,0,fit,false,0,464,464,2026-09-09T12:44:34Z,624083284714,lucid_revision,n1024,1024,B2,1.0,39.704,39.704,1400.000,1400.000,1400.000,1400.000,2.307369,68.259061,1.835823,642.407916,0.181973,718.183124,719.953845,618.183124,0.670819793,0.582280856,1
pi3bplus_v2_power_corrected_preflight_20260909T123851Z,pi3bplus,2,0,fit,false,0,465,465,2026-09-09T12:44:35Z,624805277083,lucid_revision,n1024,1024,B2,1.0,39.704,39.704,1400.000,1400.000,1400.000,1400.000,1.722806,67.300251,1.808741,640.047850,0.177598,714.207814,716.109885,614.207814,0.694217706,0.612732859,1
pi3bplus_v2_power_corrected_preflight_20260909T123851Z,pi3bplus,2,0,fit,false,0,466,466,2026-09-09T12:44:36Z,625523321642,lucid_revision,n1024,1024,B2,1.0,39.704,40.242,1400.000,1400.000,1400.000,1400.000,1.767440,68.802503,1.799366,641.650360,0.185671,717.398251,719.168764,617.398251,0.674857059,0.587648733,1
pi3bplus_v2_power_corrected_preflight_20260909T123851Z,pi3bplus,2,0,fit,false,0,467,467,2026-09-09T12:44:36Z,626244507265,lucid_revision,n1024,1024,B2,1.0,39.704,39.704,1400.000,1400.000,1400.000,1400.000,1.719160,67.282618,1.822959,640.816695,0.176869,714.996214,716.913024,614.996214,0.703853044,0.614551338,1
pi3bplus_v2_power_corrected_preflight_20260909T123851Z,pi3bplus,2,0,fit,false,0,468,468,2026-09-09T12:44:37Z,626963361838,lucid_revision,n1024,1024,B2,1.0,39.704,39.166,1400.000,1400.000,1400.000,1400.000,1.787596,68.215503,1.844417,642.568532,0.182285,717.791506,719.549520,617.791506,0.686483765,0.600658687,1
pi3bplus_v2_power_corrected_preflight_20260909T123851Z,pi3bplus,2,0,fit,false,0,469,469,2026-09-09T12:44:38Z,627684893843,lucid_revision,n1024,1024,B2,1.0,39.704,39.704,1400.000,1400.000,1400.000,1400.000,1.707911,68.524879,1.865874,640.113936,0.179942,716.122835,717.888453,616.122835,0.672997031,0.586835066,1
pi3bplus_v2_power_corrected_preflight_20260909T123851Z,pi3bplus,2,0,fit,false,0,470,470,2026-09-09T12:44:39Z,628404810561,lucid_revision,n1024,1024,B2,1.0,39.166,39.704,1400.000,1400.000,1400.000,1400.000,1.731973,67.733303,1.825511,642.257071,0.181505,716.966183,718.736384,616.966183,0.676080878,0.588447205,1
pi3bplus_v2_power_corrected_preflight_20260909T123851Z,pi3bplus,2,0,fit,false,0,471,471,2026-09-09T12:44:39Z,629125530160,lucid_revision,n1024,1024,B2,1.0,39.166,39.704,1400.000,1400.000,1400.000,1400.000,1.717964,67.723929,1.823480,640.471292,0.182182,715.049991,716.817171,615.049991,0.692401174,0.608654497,1
pi3bplus_v2_power_corrected_preflight_20260909T123851Z,pi3bplus,2,0,fit,false,0,472,472,2026-09-09T12:44:40Z,629844411065,lucid_revision,n1024,1024,B2,1.0,39.704,39.704,1400.000,1400.000,1400.000,1400.000,1.700932,68.028305,1.823533,641.873336,0.183796,716.789015,718.551978,616.789015,0.683186781,0.594437816,1
pi3bplus_v2_power_corrected_preflight_20260909T123851Z,pi3bplus,2,0,fit,false,0,473,473,2026-09-09T12:44:41Z,630564975736,lucid_revision,n1024,1024,B2,1.0,39.704,39.704,1400.000,1400.000,1400.000,1400.000,1.701871,67.425784,1.807544,655.200508,0.206347,729.535803,731.909058,629.535803,0.690738970,0.603678597,1
pi3bplus_v2_power_corrected_preflight_20260909T123851Z,pi3bplus,2,0,fit,false,0,474,474,2026-09-09T12:44:42Z,631299101387,lucid_revision,n1024,1024,B2,1.0,39.704,39.704,1400.000,1400.000,1400.000,1400.000,2.378984,71.882471,2.323570,646.867446,0.177181,727.515878,729.403316,627.515878,0.696598408,0.609716645,1
pi3bplus_v2_power_corrected_preflight_20260909T123851Z,pi3bplus,2,0,fit,false,0,475,475,2026-09-09T12:44:42Z,632030487085,lucid_revision,n1024,1024,B2,1.0,39.704,39.704,1400.000,1400.000,1400.000,1400.000,1.768848,68.265611,1.914885,638.951069,0.177911,714.171972,715.938007,614.171972,0.668635565,0.581616874,1
pi3bplus_v2_power_corrected_preflight_20260909T123851Z,pi3bplus,2,0,fit,false,0,476,476,2026-09-09T12:44:43Z,632748401382,lucid_revision,n1024,1024,B2,1.0,40.242,40.780,1400.000,1400.000,1400.000,1400.000,1.699632,70.022648,1.920041,640.734715,0.178328,717.895826,719.727641,617.895826,0.679691573,0.592665573,1
pi3bplus_v2_power_corrected_preflight_20260909T123851Z,pi3bplus,2,0,fit,false,0,477,477,2026-09-09T12:44:44Z,633470061720,lucid_revision,n1024,1024,B2,1.0,39.704,39.704,1400.000,1400.000,1400.000,1400.000,1.699423,67.434931,1.789108,640.184386,0.178327,714.479144,716.255232,614.479144,0.685895326,0.601892950,1
pi3bplus_v2_power_corrected_preflight_20260909T123851Z,pi3bplus,2,0,fit,false,0,478,478,2026-09-09T12:44:44Z,634188297304,lucid_revision,n1024,1024,B2,1.0,40.242,39.704,1400.000,1400.000,1400.000,1400.000,1.719527,67.534929,1.802285,641.548142,0.188223,716.066697,717.833670,616.066697,0.690114129,0.605466477,1
pi3bplus_v2_power_corrected_preflight_20260909T123851Z,pi3bplus,2,0,fit,false,0,479,479,2026-09-09T12:44:45Z,634908112577,lucid_revision,n1024,1024,B2,1.0,40.242,40.780,1400.000,1400.000,1400.000,1400.000,1.705830,67.681184,1.814420,640.724060,0.179421,715.269395,717.163553,615.269395,0.681104818,0.590655372,1
pi3bplus_v2_power_corrected_preflight_20260909T123851Z,pi3bplus,2,0,fit,false,0,480,480,2026-09-09T12:44:46Z,635627212994,lucid_revision,n1024,1024,B2,1.0,39.704,39.704,1400.000,1400.000,1400.000,1400.000,1.771297,68.203522,1.815878,649.573624,0.181192,724.755722,726.595350,624.755722,0.704895980,0.619705719,1
pi3bplus_v2_power_corrected_preflight_20260909T123851Z,pi3bplus,2,0,fit,false,0,481,481,2026-09-09T12:44:47Z,636355771666,lucid_revision,n1024,1024,B2,1.0,39.704,39.704,1400.000,1400.000,1400.000,1400.000,1.785984,67.688965,1.809004,640.139328,0.177078,714.793694,716.673425,614.793694,0.672903679,0.583430286,1
pi3bplus_v2_power_corrected_preflight_20260909T123851Z,pi3bplus,2,0,fit,false,0,482,482,2026-09-09T12:44:47Z,637074427839,lucid_revision,n1024,1024,B2,1.0,39.704,39.704,1400.000,1400.000,1400.000,1400.000,1.752496,67.941249,1.868742,641.772328,0.178016,716.650385,718.543553,616.650385,0.666361255,0.580262260,1
pi3bplus_v2_power_corrected_preflight_20260909T123851Z,pi3bplus,2,0,fit,false,0,483,483,2026-09-09T12:44:48Z,637794957943,lucid_revision,n1024,1024,B2,1.0,39.704,40.242,1400.000,1400.000,1400.000,1400.000,1.772860,69.220958,1.775724,639.316421,0.177703,715.883446,717.754532,615.883446,0.691442310,0.607224672,1
pi3bplus_v2_power_corrected_preflight_20260909T123851Z,pi3bplus,2,0,fit,false,0,484,484,2026-09-09T12:44:49Z,638514645643,lucid_revision,n1024,1024,B2,1.0,39.704,40.242,1400.000,1400.000,1400.000,1400.000,1.749215,68.698694,2.002279,641.332406,0.188119,717.157643,719.026437,617.157643,0.689288909,0.604364976,1
pi3bplus_v2_power_corrected_preflight_20260909T123851Z,pi3bplus,2,0,fit,false,0,485,485,2026-09-09T12:44:49Z,639235620195,lucid_revision,n1024,1024,B2,1.0,39.704,39.704,1400.000,1400.000,1400.000,1400.000,1.776141,67.141460,1.889576,640.020203,0.183015,714.124306,715.895447,614.124306,0.682290419,0.591892057,1
pi3bplus_v2_power_corrected_preflight_20260909T123851Z,pi3bplus,2,0,fit,false,0,486,486,2026-09-09T12:44:50Z,639953575525,lucid_revision,n1024,1024,B2,1.0,39.704,40.242,1400.000,1400.000,1400.000,1400.000,1.701196,67.878575,1.804266,641.926977,0.186296,716.701738,718.531368,616.701738,0.709871260,0.625308807,1
pi3bplus_v2_power_corrected_preflight_20260909T123851Z,pi3bplus,2,0,fit,false,0,487,487,2026-09-09T12:44:51Z,640674049956,lucid_revision,n1024,1024,B2,1.0,40.242,39.704,1400.000,1400.000,1400.000,1400.000,1.690312,67.655831,1.868639,639.484139,0.259262,714.113553,715.879123,614.113553,0.670169290,0.580248308,1
pi3bplus_v2_power_corrected_preflight_20260909T123851Z,pi3bplus,2,0,fit,false,0,488,488,2026-09-09T12:44:52Z,641391856883,lucid_revision,n1024,1024,B2,1.0,39.704,39.704,1400.000,1400.000,1400.000,1400.000,1.763695,68.140774,1.820203,642.147571,0.179943,717.227345,718.995518,617.227345,0.661761889,0.578836116,1
pi3bplus_v2_power_corrected_preflight_20260909T123851Z,pi3bplus,2,0,fit,false,0,489,489,2026-09-09T12:44:52Z,642112832131,lucid_revision,n1024,1024,B2,1.0,39.704,39.704,1400.000,1400.000,1400.000,1400.000,1.717550,67.218772,1.792340,638.377878,0.177807,712.475809,714.239452,612.475809,0.684275364,0.598757657,1
pi3bplus_v2_power_corrected_preflight_20260909T123851Z,pi3bplus,2,0,fit,false,0,490,490,2026-09-09T12:44:53Z,642829045896,lucid_revision,n1024,1024,B2,1.0,39.704,39.704,1400.000,1400.000,1400.000,1400.000,1.705416,68.823263,1.889784,642.547177,0.186557,718.855936,720.750564,618.855936,0.699557557,0.612461048,1
pi3bplus_v2_power_corrected_preflight_20260909T123851Z,pi3bplus,2,0,fit,false,0,491,491,2026-09-09T12:44:54Z,643551754785,lucid_revision,n1024,1024,B2,1.0,39.704,40.242,1400.000,1400.000,1400.000,1400.000,1.766508,67.703569,1.832495,640.332873,0.186400,714.957945,716.864604,614.957945,0.689254996,0.598460575,1
pi3bplus_v2_power_corrected_preflight_20260909T123851Z,pi3bplus,2,0,fit,false,0,492,492,2026-09-09T12:44:55Z,644270572037,lucid_revision,n1024,1024,B2,1.0,39.704,39.704,1400.000,1400.000,1400.000,1400.000,1.760050,68.017788,1.888848,641.761776,0.178641,716.751536,719.117817,616.751536,0.696960963,0.613243588,1
pi3bplus_v2_power_corrected_preflight_20260909T123851Z,pi3bplus,2,0,fit,false,0,493,493,2026-09-09T12:44:55Z,644991683802,lucid_revision,n1024,1024,B2,1.0,40.242,40.242,1400.000,1400.000,1400.000,1400.000,1.757810,67.111254,1.901400,639.181349,0.177286,713.238273,715.007698,613.238273,0.676031850,0.587214053,1
pi3bplus_v2_power_corrected_preflight_20260909T123851Z,pi3bplus,2,0,fit,false,0,494,494,2026-09-09T12:44:56Z,645708721906,lucid_revision,n1024,1024,B2,1.0,40.242,39.704,1400.000,1400.000,1400.000,1400.000,1.713957,67.700100,1.863380,641.823613,0.175463,716.474331,718.233547,616.474331,0.672017833,0.587805000,1
pi3bplus_v2_power_corrected_preflight_20260909T123851Z,pi3bplus,2,0,fit,false,0,495,495,2026-09-09T12:44:57Z,646428946069,lucid_revision,n1024,1024,B2,1.0,39.704,39.704,1400.000,1400.000,1400.000,1400.000,1.712812,67.510636,1.823798,641.002769,0.181036,715.481577,717.250272,615.481577,0.677377633,0.593835909,1
pi3bplus_v2_power_corrected_preflight_20260909T123851Z,pi3bplus,2,0,fit,false,0,496,496,2026-09-09T12:44:57Z,647148231852,lucid_revision,n1024,1024,B2,1.0,39.704,39.704,1400.000,1400.000,1400.000,1400.000,1.711614,67.920311,1.827600,640.536465,0.186922,715.373074,717.260724,615.373074,0.693537078,0.603795163,1
pi3bplus_v2_power_corrected_preflight_20260909T123851Z,pi3bplus,2,0,fit,false,0,497,497,2026-09-09T12:44:58Z,647867454912,lucid_revision,n1024,1024,B2,1.0,39.704,39.704,1400.000,1400.000,1400.000,1400.000,1.790050,68.310152,2.189985,638.906775,0.178484,715.090593,716.927725,615.090593,0.696162388,0.606710100,1
pi3bplus_v2_power_corrected_preflight_20260909T123851Z,pi3bplus,2,0,fit,false,0,498,498,2026-09-09T12:44:59Z,648586534967,lucid_revision,n1024,1024,B2,1.0,39.704,40.242,1400.000,1400.000,1400.000,1400.000,2.281858,67.596121,1.854892,642.413282,0.267388,717.646047,719.421357,617.646047,0.679717165,0.595740280,1
pi3bplus_v2_power_corrected_preflight_20260909T123851Z,pi3bplus,2,0,fit,false,0,499,499,2026-09-09T12:45:00Z,649307940952,lucid_revision,n1024,1024,B2,1.0,40.242,39.704,1400.000,1400.000,1400.000,1400.000,1.718490,67.414783,1.823643,640.511393,0.178536,714.869559,716.752731,614.869559,0.677383586,0.589609269,1
pi3bplus_v2_power_corrected_preflight_20260909T123851Z,pi3bplus,2,0,fit,false,0,500,500,2026-09-09T12:45:00Z,650026640135,lucid_revision,n1024,1024,B2,1.0,39.704,40.242,1400.000,1400.000,1400.000,1400.000,1.769530,68.774012,1.842757,640.692707,0.179943,716.436560,718.316607,616.436560,0.690007608,0.606948052,1
pi3bplus_v2_power_corrected_preflight_20260909T123851Z,pi3bplus,2,0,fit,false,0,501,501,2026-09-09T12:45:01Z,650746891007,lucid_revision,n1024,1024,B2,1.0,39.704,39.704,1400.000,1400.000,1400.000,1400.000,1.759843,67.244328,1.858642,638.333610,0.178484,712.518510,714.411213,612.518510,0.668609036,0.584196355,1
pi3bplus_v2_power_corrected_preflight_20260909T123851Z,pi3bplus,2,0,fit,false,0,502,502,2026-09-09T12:45:02Z,651463237267,lucid_revision,n1024,1024,B2,1.0,39.166,39.704,1400.000,1400.000,1400.000,1400.000,1.763437,67.834477,1.854059,642.273188,0.179109,717.136307,718.897452,617.136307,0.700567377,0.611047929,1
pi3bplus_v2_power_corrected_preflight_20260909T123851Z,pi3bplus,2,0,fit,false,0,503,503,2026-09-09T12:45:02Z,652184147367,lucid_revision,n1024,1024,B2,1.0,39.704,39.704,1400.000,1400.000,1400.000,1400.000,1.687814,67.477039,1.819945,639.019000,0.182077,713.353854,715.111406,613.353854,0.689798414,0.599981617,1
pi3bplus_v2_power_corrected_preflight_20260909T123851Z,pi3bplus,2,0,fit,false,0,504,504,2026-09-09T12:45:03Z,652901279702,lucid_revision,n1024,1024,B2,1.0,40.242,40.242,1400.000,1400.000,1400.000,1400.000,1.700158,69.328503,1.940984,642.401449,0.177599,719.132544,720.895616,619.132544,0.678312024,0.593631035,1
pi3bplus_v2_power_corrected_preflight_20260909T123851Z,pi3bplus,2,0,fit,false,0,505,505,2026-09-09T12:45:04Z,653624158541,lucid_revision,n1024,1024,B2,1.0,40.780,39.704,1400.000,1400.000,1400.000,1400.000,1.690418,67.565753,1.815623,638.735096,0.175516,713.162000,714.912781,613.162000,0.670474989,0.582175087,1
pi3bplus_v2_power_corrected_preflight_20260909T123851Z,pi3bplus,2,0,fit,false,0,506,506,2026-09-09T12:45:05Z,654341050222,lucid_revision,n1024,1024,B2,1.0,40.780,39.704,1400.000,1400.000,1400.000,1400.000,1.712293,67.639146,1.822498,642.750679,0.187494,717.281496,719.090245,617.281496,0.694532002,0.611741899,1
pi3bplus_v2_power_corrected_preflight_20260909T123851Z,pi3bplus,2,0,fit,false,0,507,507,2026-09-09T12:45:05Z,655062132595,lucid_revision,n1024,1024,B2,1.0,39.704,39.704,1400.000,1400.000,1400.000,1400.000,1.693023,67.691332,1.878226,638.877063,0.179214,713.556209,715.454278,613.556209,0.674494602,0.588240708,1
pi3bplus_v2_power_corrected_preflight_20260909T123851Z,pi3bplus,2,0,fit,false,0,508,508,2026-09-09T12:45:06Z,655779516243,lucid_revision,n1024,1024,B2,1.0,39.704,40.242,1400.000,1400.000,1400.000,1400.000,1.760000,68.218826,1.826040,640.786690,0.188276,715.968227,717.849057,615.968227,0.703844921,0.614564450,1
pi3bplus_v2_power_corrected_preflight_20260909T123851Z,pi3bplus,2,0,fit,false,0,509,509,2026-09-09T12:45:07Z,656499303264,lucid_revision,n1024,1024,B2,1.0,39.704,39.704,1400.000,1400.000,1400.000,1400.000,1.782604,67.120064,1.865414,639.473032,0.176662,713.532634,715.293884,613.532634,0.688592921,0.602339987,1
pi3bplus_v2_power_corrected_preflight_20260909T123851Z,pi3bplus,2,0,fit,false,0,510,510,2026-09-09T12:45:07Z,657216582455,lucid_revision,n1024,1024,B2,1.0,39.704,39.704,1400.000,1400.000,1400.000,1400.000,1.696096,68.145091,1.788594,641.251244,0.183068,716.324048,718.086393,616.324048,0.671284335,0.585330617,1
pi3bplus_v2_power_corrected_preflight_20260909T123851Z,pi3bplus,2,0,fit,false,0,511,511,2026-09-09T12:45:08Z,657936652019,lucid_revision,n1024,1024,B2,1.0,40.780,39.704,1400.000,1400.000,1400.000,1400.000,1.700367,69.011737,1.883383,639.142659,0.260513,715.600847,717.363712,615.600847,0.675621970,0.588581682,1
pi3bplus_v2_power_corrected_preflight_20260909T123851Z,pi3bplus,2,0,fit,false,0,512,512,2026-09-09T12:45:09Z,658656089733,lucid_revision,n1024,1024,B2,1.0,39.704,39.704,1400.000,1400.000,1400.000,1400.000,1.728752,68.308485,1.817603,641.449099,0.184005,716.675613,718.445093,616.675613,0.693013312,0.609075318,1
pi3bplus_v2_power_corrected_preflight_20260909T123851Z,pi3bplus,2,0,fit,false,0,513,513,2026-09-09T12:45:10Z,659376570496,lucid_revision,n1024,1024,B2,1.0,39.704,39.704,1400.000,1400.000,1400.000,1400.000,1.719377,67.162069,1.807812,639.890983,0.184005,713.931240,715.922120,613.931240,0.680010107,0.591244752,1
pi3bplus_v2_power_corrected_preflight_20260909T123851Z,pi3bplus,2,0,fit,false,0,514,514,2026-09-09T12:45:10Z,660094757655,lucid_revision,n1024,1024,B2,1.0,39.704,40.242,1400.000,1400.000,1400.000,1400.000,2.040305,67.625389,1.859842,641.161071,0.188068,716.049688,717.904531,616.049688,0.693961351,0.607438189,1
pi3bplus_v2_power_corrected_preflight_20260909T123851Z,pi3bplus,2,0,fit,false,0,515,515,2026-09-09T12:45:11Z,660814643014,lucid_revision,n1024,1024,B2,1.0,39.704,39.704,1400.000,1400.000,1400.000,1400.000,1.839426,67.905077,1.890779,639.159301,0.186192,714.093812,715.859907,614.093812,0.694601637,0.606925684,1
pi3bplus_v2_power_corrected_preflight_20260909T123851Z,pi3bplus,2,0,fit,false,0,516,516,2026-09-09T12:45:12Z,661532487760,lucid_revision,n1024,1024,B2,1.0,40.242,39.704,1400.000,1400.000,1400.000,1400.000,1.711201,68.979274,1.880363,640.636858,0.175464,716.591245,718.353382,616.591245,0.668432345,0.581904197,1
pi3bplus_v2_power_corrected_preflight_20260909T123851Z,pi3bplus,2,0,fit,false,0,517,517,2026-09-09T12:45:13Z,662252875771,lucid_revision,n1024,1024,B2,1.0,39.704,39.704,1400.000,1400.000,1400.000,1400.000,1.708128,67.349902,1.807396,639.291823,0.177703,713.523769,715.362206,613.523769,0.681177452,0.593962144,1
pi3bplus_v2_power_corrected_preflight_20260909T123851Z,pi3bplus,2,0,fit,false,0,518,518,2026-09-09T12:45:13Z,662970178078,lucid_revision,n1024,1024,B2,1.0,40.242,39.704,1400.000,1400.000,1400.000,1400.000,1.686723,69.372397,1.784949,642.019196,0.177182,718.674302,720.446335,618.674302,0.687318083,0.602983934,1
pi3bplus_v2_power_corrected_preflight_20260909T123851Z,pi3bplus,2,0,fit,false,0,519,519,2026-09-09T12:45:14Z,663692623992,lucid_revision,n1024,1024,B2,1.0,40.242,40.242,1400.000,1400.000,1400.000,1400.000,1.702712,67.375171,1.815417,638.651734,0.177287,712.897594,714.699054,612.897594,0.685482662,0.601491878,1
pi3bplus_v2_power_corrected_preflight_20260909T123851Z,pi3bplus,2,0,fit,false,0,520,520,2026-09-09T12:45:15Z,664409320020,lucid_revision,n1024,1024,B2,1.0,39.704,39.704,1400.000,1400.000,1400.000,1400.000,1.713805,68.372235,1.888593,642.889853,0.178277,718.222880,720.116837,618.222880,0.683277942,0.592964291,1
pi3bplus_v2_power_corrected_preflight_20260909T123851Z,pi3bplus,2,0,fit,false,0,521,521,2026-09-09T12:45:15Z,665131385500,lucid_revision,n1024,1024,B2,1.0,39.704,40.242,1400.000,1400.000,1400.000,1400.000,1.783387,67.204871,1.873229,639.115815,0.188849,713.292781,715.066064,613.292781,0.703734417,0.617832268,1
pi3bplus_v2_power_corrected_preflight_20260909T123851Z,pi3bplus,2,0,fit,false,0,522,522,2026-09-09T12:45:16Z,665848429790,lucid_revision,n1024,1024,B2,1.0,39.704,39.704,1400.000,1400.000,1400.000,1400.000,1.712556,67.860799,1.809532,642.958772,0.174839,717.698544,719.470578,617.698544,0.673307962,0.583998722,1
pi3bplus_v2_power_corrected_preflight_20260909T123851Z,pi3bplus,2,0,fit,false,0,523,523,2026-09-09T12:45:17Z,666569905885,lucid_revision,n1024,1024,B2,1.0,39.704,39.704,1400.000,1400.000,1400.000,1400.000,1.708703,67.695865,1.877552,638.675083,0.178172,713.300649,715.207523,613.300649,0.667156791,0.580499184,1
pi3bplus_v2_power_corrected_preflight_20260909T123851Z,pi3bplus,2,0,fit,false,0,524,524,2026-09-09T12:45:18Z,667287085176,lucid_revision,n1024,1024,B2,1.0,40.242,39.704,1400.000,1400.000,1400.000,1400.000,1.787398,68.142266,1.841511,640.707393,0.175725,715.804101,718.007009,615.804101,0.693441459,0.609515308,1
pi3bplus_v2_power_corrected_preflight_20260909T123851Z,pi3bplus,2,0,fit,false,0,525,525,2026-09-09T12:45:18Z,668007135044,lucid_revision,n1024,1024,B2,1.0,40.242,39.704,1400.000,1400.000,1400.000,1400.000,1.786408,68.547099,1.781773,639.580191,0.178537,715.465523,717.365001,615.465523,0.686794733,0.601994636,1
pi3bplus_v2_power_corrected_preflight_20260909T123851Z,pi3bplus,2,0,fit,false,0,526,526,2026-09-09T12:45:19Z,668726431867,lucid_revision,n1024,1024,B2,1.0,40.780,40.242,1400.000,1400.000,1400.000,1400.000,1.741046,67.682339,1.845574,641.583409,0.177808,716.247481,718.118627,616.247481,0.684210702,0.594319785,1
pi3bplus_v2_power_corrected_preflight_20260909T123851Z,pi3bplus,2,0,fit,false,0,527,527,2026-09-09T12:45:20Z,669446524919,lucid_revision,n1024,1024,B2,1.0,39.704,39.704,1400.000,1400.000,1400.000,1400.000,1.861459,67.695108,1.863386,639.388108,0.181141,714.124427,715.890888,614.124427,0.710788038,0.625870774,1
pi3bplus_v2_power_corrected_preflight_20260909T123851Z,pi3bplus,2,0,fit,false,0,528,528,2026-09-09T12:45:20Z,670164435022,lucid_revision,n1024,1024,B2,1.0,39.704,39.704,1400.000,1400.000,1400.000,1400.000,1.699641,68.473211,1.812190,640.708928,0.184005,716.048408,717.820495,616.048408,0.668810869,0.578622158,1
pi3bplus_v2_power_corrected_preflight_20260909T123851Z,pi3bplus,2,0,fit,false,0,529,529,2026-09-09T12:45:21Z,670884235462,lucid_revision,n1024,1024,B2,1.0,40.242,39.704,1400.000,1400.000,1400.000,1400.000,1.713078,67.699856,1.784586,638.188572,0.180151,712.743030,714.522669,612.743030,0.663286925,0.580384867,1
pi3bplus_v2_power_corrected_preflight_20260909T123851Z,pi3bplus,2,0,fit,false,0,530,530,2026-09-09T12:45:22Z,671600824793,lucid_revision,n1024,1024,B2,1.0,39.704,39.704,1400.000,1400.000,1400.000,1400.000,2.472328,68.088083,1.829793,641.044734,0.176454,716.840105,718.610474,616.840105,0.686372205,0.601137466,1
pi3bplus_v2_power_corrected_preflight_20260909T123851Z,pi3bplus,2,0,fit,false,0,531,531,2026-09-09T12:45:23Z,672321441202,lucid_revision,n1024,1024,B2,1.0,40.242,39.704,1400.000,1400.000,1400.000,1400.000,1.713443,67.388891,1.823336,639.545521,0.180047,713.817505,715.712349,613.817505,0.696184258,0.609341278,1
pi3bplus_v2_power_corrected_preflight_20260909T123851Z,pi3bplus,2,0,fit,false,0,532,532,2026-09-09T12:45:23Z,673039086050,lucid_revision,n1024,1024,B2,1.0,40.780,39.704,1400.000,1400.000,1400.000,1400.000,1.769847,69.718255,1.827294,640.848253,0.175672,717.943129,719.717248,617.943129,0.688477642,0.597053664,1
pi3bplus_v2_power_corrected_preflight_20260909T123851Z,pi3bplus,2,0,fit,false,0,533,533,2026-09-09T12:45:24Z,673760795431,lucid_revision,n1024,1024,B2,1.0,39.704,39.704,1400.000,1400.000,1400.000,1400.000,1.708599,67.313276,1.794534,636.988296,0.179943,711.146229,712.988627,611.146229,0.699314755,0.616033336,1
pi3bplus_v2_power_corrected_preflight_20260909T123851Z,pi3bplus,2,0,fit,false,0,534,534,2026-09-09T12:45:25Z,674475715151,lucid_revision,n1024,1024,B2,1.0,40.242,39.704,1400.000,1400.000,1400.000,1400.000,1.811722,67.916288,1.839846,642.595798,0.177026,717.521167,719.290025,617.521167,0.674276472,0.585426164,1
pi3bplus_v2_power_corrected_preflight_20260909T123851Z,pi3bplus,2,0,fit,false,0,535,535,2026-09-09T12:45:25Z,675197057413,lucid_revision,n1024,1024,B2,1.0,39.704,39.704,1400.000,1400.000,1400.000,1400.000,1.710787,67.618433,1.818492,640.393743,0.180151,714.882355,716.740795,614.882355,0.672013675,0.587652451,1
pi3bplus_v2_power_corrected_preflight_20260909T123851Z,pi3bplus,2,0,fit,false,0,536,536,2026-09-09T12:45:26Z,675915781280,lucid_revision,n1024,1024,B2,1.0,39.704,39.704,1400.000,1400.000,1400.000,1400.000,1.769640,68.530863,1.805680,641.207827,0.176661,716.682878,718.452258,616.682878,0.677162001,0.593118876,1
pi3bplus_v2_power_corrected_preflight_20260909T123851Z,pi3bplus,2,0,fit,false,0,537,537,2026-09-09T12:45:27Z,676636267806,lucid_revision,n1024,1024,B2,1.0,39.704,40.242,1400.000,1400.000,1400.000,1400.000,1.714485,67.259551,1.818857,638.877723,0.178381,713.017662,714.788448,613.017662,0.695643785,0.606611890,1
pi3bplus_v2_power_corrected_preflight_20260909T123851Z,pi3bplus,2,0,fit,false,0,538,538,2026-09-09T12:45:28Z,677353128126,lucid_revision,n1024,1024,B2,1.0,39.704,40.242,1400.000,1400.000,1400.000,1400.000,1.709277,67.658245,1.787244,642.004577,0.176349,716.554149,718.330091,616.554149,0.693722692,0.604280431,1
pi3bplus_v2_power_corrected_preflight_20260909T123851Z,pi3bplus,2,0,fit,false,0,539,539,2026-09-09T12:45:28Z,678073451758,lucid_revision,n1024,1024,B2,1.0,39.704,39.704,1400.000,1400.000,1400.000,1400.000,1.718131,68.744936,1.902188,639.598973,0.181297,715.739231,717.510017,615.739231,0.683085881,0.598529927,1
pi3bplus_v2_power_corrected_preflight_20260909T123851Z,pi3bplus,2,0,fit,false,0,540,540,2026-09-09T12:45:29Z,678792943233,lucid_revision,n1024,1024,B2,1.0,39.704,39.704,1400.000,1400.000,1400.000,1400.000,1.706830,68.206781,1.830525,640.335973,0.179110,715.501214,717.273823,615.501214,0.677638068,0.590240610,1
pi3bplus_v2_power_corrected_preflight_20260909T123851Z,pi3bplus,2,0,fit,false,0,541,541,2026-09-09T12:45:30Z,679512205701,lucid_revision,n1024,1024,B2,1.0,39.704,40.242,1400.000,1400.000,1400.000,1400.000,1.703549,67.230251,1.809014,639.951339,0.180255,714.037868,715.876048,614.037868,0.685079349,0.602077825,1
pi3bplus_v2_power_corrected_preflight_20260909T123851Z,pi3bplus,2,0,fit,false,0,542,542,2026-09-09T12:45:30Z,680230053728,lucid_revision,n1024,1024,B2,1.0,39.704,39.704,1400.000,1400.000,1400.000,1400.000,1.706830,67.921435,1.952553,642.852741,0.187755,717.824876,719.674931,617.824876,0.670409647,0.585894618,1
pi3bplus_v2_power_corrected_preflight_20260909T123851Z,pi3bplus,2,0,fit,false,0,543,543,2026-09-09T12:45:31Z,680951671056,lucid_revision,n1024,1024,B2,1.0,39.704,39.704,1400.000,1400.000,1400.000,1400.000,1.770474,71.504990,3.778911,642.990544,0.180725,724.795887,726.569695,624.795887,0.697491610,0.608468990,1
pi3bplus_v2_power_corrected_preflight_20260909T123851Z,pi3bplus,2,0,fit,false,0,544,544,2026-09-09T12:45:32Z,681680210959,lucid_revision,n1024,1024,B2,1.0,39.704,39.704,1400.000,1400.000,1400.000,1400.000,1.701206,68.196595,1.809432,640.945325,0.194318,716.061687,717.831120,616.061687,0.693049706,0.601944974,1
pi3bplus_v2_power_corrected_preflight_20260909T123851Z,pi3bplus,2,0,fit,false,0,545,545,2026-09-09T12:45:33Z,682400064109,lucid_revision,n1024,1024,B2,1.0,39.704,39.704,1400.000,1400.000,1400.000,1400.000,1.701935,67.324542,1.857920,637.946813,0.260566,712.193049,713.964253,612.193049,0.679586593,0.596111160,1
pi3bplus_v2_power_corrected_preflight_20260909T123851Z,pi3bplus,2,0,fit,false,0,546,546,2026-09-09T12:45:33Z,683115999300,lucid_revision,n1024,1024,B2,1.0,39.704,40.242,1400.000,1400.000,1400.000,1400.000,1.697924,69.062778,1.868858,641.217103,0.176089,717.726248,719.498858,617.726248,0.672602928,0.583446593,1
pi3bplus_v2_power_corrected_preflight_20260909T123851Z,pi3bplus,2,0,fit,false,0,547,547,2026-09-09T12:45:34Z,683837504460,lucid_revision,n1024,1024,B2,1.0,39.704,40.242,1400.000,1400.000,1400.000,1400.000,1.708966,68.068645,1.871878,638.978919,0.178172,713.961446,715.864678,613.961446,0.690287547,0.607606071,1
pi3bplus_v2_power_corrected_preflight_20260909T123851Z,pi3bplus,2,0,fit,false,0,548,548,2026-09-09T12:45:35Z,684555299869,lucid_revision,n1024,1024,B2,1.0,39.704,40.242,1400.000,1400.000,1400.000,1400.000,1.767610,68.236512,1.834275,641.277128,0.185933,716.462210,718.286537,616.462210,0.674419911,0.588101823,1
pi3bplus_v2_power_corrected_preflight_20260909T123851Z,pi3bplus,2,0,fit,false,0,549,549,2026-09-09T12:45:36Z,685275561199,lucid_revision,n1024,1024,B2,1.0,40.242,40.242,1400.000,1400.000,1400.000,1400.000,1.918075,67.148735,1.880160,637.917177,0.180412,712.169114,714.053597,612.169114,0.704140757,0.615590501,1
pi3bplus_v2_power_corrected_preflight_20260909T123851Z,pi3bplus,2,0,fit,false,0,550,550,2026-09-09T12:45:36Z,685991592557,lucid_revision,n1024,1024,B2,1.0,39.704,40.242,1400.000,1400.000,1400.000,1400.000,1.797246,69.671535,1.812037,640.475127,0.183745,717.127264,718.893573,617.127264,0.688794957,0.602562268,1
pi3bplus_v2_power_corrected_preflight_20260909T123851Z,pi3bplus,2,0,fit,false,0,551,551,2026-09-09T12:45:37Z,686712521703,lucid_revision,n1024,1024,B2,1.0,40.242,39.704,1400.000,1400.000,1400.000,1400.000,1.717873,67.552274,1.790579,638.204704,0.178850,712.598624,714.363683,612.598624,0.673441809,0.587136304,1
pi3bplus_v2_power_corrected_preflight_20260909T123851Z,pi3bplus,2,0,fit,false,0,552,552,2026-09-09T12:45:38Z,687428873251,lucid_revision,n1024,1024,B2,1.0,39.704,39.704,1400.000,1400.000,1400.000,1400.000,1.698237,68.262314,1.844067,639.349567,0.175152,714.504519,716.409470,614.504519,0.673394039,0.585979074,1
pi3bplus_v2_power_corrected_preflight_20260909T123851Z,pi3bplus,2,0,fit,false,0,553,553,2026-09-09T12:45:38Z,688147217932,lucid_revision,n1024,1024,B2,1.0,39.704,39.704,1400.000,1400.000,1400.000,1400.000,1.767871,68.553713,1.800527,637.127760,0.200204,713.059670,714.834625,613.059670,0.693909090,0.610457561,1
pi3bplus_v2_power_corrected_preflight_20260909T123851Z,pi3bplus,2,0,fit,false,0,554,554,2026-09-09T12:45:39Z,688863974279,lucid_revision,n1024,1024,B2,1.0,39.704,39.704,1400.000,1400.000,1400.000,1400.000,1.701311,67.736085,1.806725,641.181861,0.175517,715.867300,717.736003,615.867300,0.677436348,0.588685523,1
pi3bplus_v2_power_corrected_preflight_20260909T123851Z,pi3bplus,2,0,fit,false,0,555,555,2026-09-09T12:45:40Z,689583645233,lucid_revision,n1024,1024,B2,1.0,39.704,39.704,1400.000,1400.000,1400.000,1400.000,1.764956,67.451047,1.892139,639.292936,0.179527,713.720837,715.492928,613.720837,0.695764761,0.609527384,1
pi3bplus_v2_power_corrected_preflight_20260909T123851Z,pi3bplus,2,0,fit,false,0,556,556,2026-09-09T12:45:41Z,690301175089,lucid_revision,n1024,1024,B2,1.0,39.704,39.704,1400.000,1400.000,1400.000,1400.000,1.710530,68.085934,1.826569,640.802282,0.182027,715.767157,717.538258,615.767157,0.696813439,0.608817170,1
pi3bplus_v2_power_corrected_preflight_20260909T123851Z,pi3bplus,2,0,fit,false,0,557,557,2026-09-09T12:45:41Z,691020898604,lucid_revision,n1024,1024,B2,1.0,40.242,39.704,1400.000,1400.000,1400.000,1400.000,1.732508,67.769380,1.784486,638.576398,0.177964,713.227063,714.993685,613.227063,0.668358241,0.581806300,1
pi3bplus_v2_power_corrected_preflight_20260909T123851Z,pi3bplus,2,0,fit,false,0,558,558,2026-09-09T12:45:42Z,691737906144,lucid_revision,n1024,1024,B2,1.0,39.704,39.166,1400.000,1400.000,1400.000,1400.000,1.693499,67.989433,1.852765,641.216212,0.176870,716.157866,717.937457,616.157866,0.678987881,0.591773145,1
pi3bplus_v2_power_corrected_preflight_20260909T123851Z,pi3bplus,2,0,fit,false,0,559,559,2026-09-09T12:45:43Z,692457894696,lucid_revision,n1024,1024,B2,1.0,40.242,40.242,1400.000,1400.000,1400.000,1400.000,1.698395,67.579867,1.809850,638.044670,0.178537,712.479365,714.324475,612.479365,0.690407385,0.605967893,1
pi3bplus_v2_power_corrected_preflight_20260909T123851Z,pi3bplus,2,0,fit,false,0,560,560,2026-09-09T12:45:43Z,693174159903,lucid_revision,n1024,1024,B2,1.0,39.704,39.704,1400.000,1400.000,1400.000,1400.000,1.697041,68.768067,2.421346,640.111922,0.177183,717.183166,719.071400,617.183166,0.680542554,0.596473440,1
pi3bplus_v2_power_corrected_preflight_20260909T123851Z,pi3bplus,2,0,fit,false,0,561,561,2026-09-09T12:45:44Z,693895166359,lucid_revision,n1024,1024,B2,1.0,40.242,39.704,1400.000,1400.000,1400.000,1400.000,1.761206,67.443002,1.882713,638.110653,0.180516,712.492753,714.386404,612.492753,0.682698172,0.592754089,1
pi3bplus_v2_power_corrected_preflight_20260909T123851Z,pi3bplus,2,0,fit,false,0,562,562,2026-09-09T12:45:45Z,694611483392,lucid_revision,n1024,1024,B2,1.0,39.704,40.242,1400.000,1400.000,1400.000,1400.000,1.765685,67.720711,1.853131,642.003197,0.250880,716.761336,718.570510,616.761336,0.705113913,0.618847351,1
pi3bplus_v2_power_corrected_preflight_20260909T123851Z,pi3bplus,2,0,fit,false,0,563,563,2026-09-09T12:45:46Z,695332059061,lucid_revision,n1024,1024,B2,1.0,39.704,39.704,1400.000,1400.000,1400.000,1400.000,1.710270,72.053579,1.787560,645.185258,0.258639,724.192830,725.962838,624.192830,0.674948321,0.585863476,1
pi3bplus_v2_power_corrected_preflight_20260909T123851Z,pi3bplus,2,0,fit,false,0,564,564,2026-09-09T12:45:46Z,696059997788,lucid_revision,n1024,1024,B2,1.0,39.704,40.242,1400.000,1400.000,1400.000,1400.000,1.729020,68.366014,1.821726,640.636099,0.177183,715.967930,717.814603,615.967930,0.667050844,0.580162146,1
pi3bplus_v2_power_corrected_preflight_20260909T123851Z,pi3bplus,2,0,fit,false,0,565,565,2026-09-09T12:45:47Z,696779743749,lucid_revision,n1024,1024,B2,1.0,39.704,40.242,1400.000,1400.000,1400.000,1400.000,1.755269,67.345733,1.854329,637.030233,0.176974,711.259182,713.144657,611.259182,0.693299656,0.609576184,1
pi3bplus_v2_power_corrected_preflight_20260909T123851Z,pi3bplus,2,0,fit,false,0,566,566,2026-09-09T12:45:48Z,697494860545,lucid_revision,n1024,1024,B2,1.0,39.704,39.704,1400.000,1400.000,1400.000,1400.000,1.761571,67.664794,1.890839,640.032073,0.176767,714.639770,716.408216,614.639770,0.686858741,0.601646376,1
pi3bplus_v2_power_corrected_preflight_20260909T123851Z,pi3bplus,2,0,fit,false,0,567,567,2026-09-09T12:45:48Z,698213303763,lucid_revision,n1024,1024,B2,1.0,39.704,40.242,1400.000,1400.000,1400.000,1400.000,1.705531,68.833258,1.893130,638.356135,0.178902,714.488277,716.356148,614.488277,0.683320530,0.593749846,1
pi3bplus_v2_power_corrected_preflight_20260909T123851Z,pi3bplus,2,0,fit,false,0,568,568,2026-09-09T12:45:49Z,698931600540,lucid_revision,n1024,1024,B2,1.0,39.704,40.242,1400.000,1400.000,1400.000,1400.000,1.779644,68.327233,1.787612,639.675932,0.177339,714.943724,716.770034,614.943724,0.710215797,0.625509966,1
pi3bplus_v2_power_corrected_preflight_20260909T123851Z,pi3bplus,2,0,fit,false,0,569,569,2026-09-09T12:45:50Z,699650304224,lucid_revision,n1024,1024,B2,1.0,39.704,40.242,1400.000,1400.000,1400.000,1400.000,1.751832,67.178048,1.813341,638.685626,0.199891,712.880587,715.103658,612.880587,0.668507659,0.578375711,1
pi3bplus_v2_power_corrected_preflight_20260909T123851Z,pi3bplus,2,0,fit,false,0,570,570,2026-09-09T12:45:51Z,700367398042,lucid_revision,n1024,1024,B2,1.0,39.704,39.704,1400.000,1400.000,1400.000,1400.000,1.768290,67.866163,1.864226,640.603912,0.176037,715.395583,717.268090,615.395583,0.664590844,0.580510140,1
pi3bplus_v2_power_corrected_preflight_20260909T123851Z,pi3bplus,2,0,fit,false,0,571,571,2026-09-09T12:45:51Z,701086605720,lucid_revision,n1024,1024,B2,1.0,40.780,39.704,1400.000,1400.000,1400.000,1400.000,1.764853,67.361071,1.845320,637.972464,0.187391,712.289304,714.120874,612.289304,0.686885715,0.602389555,1
pi3bplus_v2_power_corrected_preflight_20260909T123851Z,pi3bplus,2,0,fit,false,0,572,572,2026-09-09T12:45:52Z,701802725504,lucid_revision,n1024,1024,B2,1.0,40.242,39.704,1400.000,1400.000,1400.000,1400.000,1.829227,68.589850,1.829435,640.210725,0.175933,715.825145,717.707079,615.825145,0.695761607,0.609040611,1
pi3bplus_v2_power_corrected_preflight_20260909T123851Z,pi3bplus,2,0,fit,false,0,573,573,2026-09-09T12:45:53Z,702522375921,lucid_revision,n1024,1024,B2,1.0,39.704,39.704,1400.000,1400.000,1400.000,1400.000,1.760791,67.190932,1.842299,636.393092,0.177288,710.519013,712.280638,610.519013,0.688511091,0.597430612,1
pi3bplus_v2_power_corrected_preflight_20260909T123851Z,pi3bplus,2,0,fit,false,0,574,574,2026-09-09T12:45:53Z,703236643177,lucid_revision,n1024,1024,B2,1.0,39.704,40.242,1400.000,1400.000,1400.000,1400.000,1.696470,67.981074,2.691185,640.792369,0.176350,717.327664,719.102518,617.327664,0.701687020,0.617739055,1
pi3bplus_v2_power_corrected_preflight_20260909T123851Z,pi3bplus,2,0,fit,false,0,575,575,2026-09-09T12:45:54Z,703957744761,lucid_revision,n1024,1024,B2,1.0,39.704,39.704,1400.000,1400.000,1400.000,1400.000,1.693553,67.741081,1.911464,638.502202,0.178902,713.212595,715.100206,613.212595,0.671560583,0.583065771,1
pi3bplus_v2_power_corrected_preflight_20260909T123851Z,pi3bplus,2,0,fit,false,0,576,576,2026-09-09T12:45:55Z,704674780806,lucid_revision,n1024,1024,B2,1.0,40.242,40.780,1400.000,1400.000,1400.000,1400.000,1.774073,68.043216,1.901361,640.553228,0.186610,715.599765,717.434253,615.599765,0.672671937,0.587802251,1
pi3bplus_v2_power_corrected_preflight_20260909T123851Z,pi3bplus,2,0,fit,false,0,577,577,2026-09-09T12:45:56Z,705394248708,lucid_revision,n1024,1024,B2,1.0,40.242,39.704,1400.000,1400.000,1400.000,1400.000,1.747198,67.504485,1.841362,637.670895,0.178849,712.096361,714.058501,612.096361,0.679022430,0.595378888,1
pi3bplus_v2_power_corrected_preflight_20260909T123851Z,pi3bplus,2,0,fit,false,0,578,578,2026-09-09T12:45:56Z,706110295547,lucid_revision,n1024,1024,B2,1.0,39.704,39.704,1400.000,1400.000,1400.000,1400.000,1.752198,67.794270,1.861726,641.043783,0.185621,715.820855,717.592271,615.820855,0.694483349,0.605901303,1
pi3bplus_v2_power_corrected_preflight_20260909T123851Z,pi3bplus,2,0,fit,false,0,579,579,2026-09-09T12:45:57Z,706829890583,lucid_revision,n1024,1024,B2,1.0,39.704,39.704,1400.000,1400.000,1400.000,1400.000,1.746156,67.593343,1.857665,640.690959,0.178381,715.275647,717.045761,615.275647,0.693501846,0.604075441,1
pi3bplus_v2_power_corrected_preflight_20260909T123851Z,pi3bplus,2,0,fit,false,0,580,580,2026-09-09T12:45:58Z,707548991712,lucid_revision,n1024,1024,B2,1.0,40.242,40.242,1400.000,1400.000,1400.000,1400.000,1.717876,68.141618,1.808967,639.995331,0.248067,715.113190,716.880440,615.113190,0.683364109,0.598530876,1
pi3bplus_v2_power_corrected_preflight_20260909T123851Z,pi3bplus,2,0,fit,false,0,581,581,2026-09-09T12:45:59Z,708267807576,lucid_revision,n1024,1024,B2,1.0,40.242,40.242,1400.000,1400.000,1400.000,1400.000,1.765532,67.773246,2.414683,637.767784,0.185203,713.887344,715.658396,613.887344,0.678798990,0.590782681,1
pi3bplus_v2_power_corrected_preflight_20260909T123851Z,pi3bplus,2,0,fit,false,0,582,582,2026-09-09T12:45:59Z,708985455457,lucid_revision,n1024,1024,B2,1.0,39.704,40.780,1400.000,1400.000,1400.000,1400.000,1.704387,67.739498,1.812509,640.757962,0.180568,715.376463,717.140120,615.376463,0.683684565,0.600800123,1
pi3bplus_v2_power_corrected_preflight_20260909T123851Z,pi3bplus,2,0,fit,false,0,583,583,2026-09-09T12:46:00Z,709704584593,lucid_revision,n1024,1024,B2,1.0,39.704,40.242,1400.000,1400.000,1400.000,1400.000,1.719074,67.343992,1.822509,637.957538,0.182860,712.182410,713.945390,612.182410,0.671193319,0.586843038,1
pi3bplus_v2_power_corrected_preflight_20260909T123851Z,pi3bplus,2,0,fit,false,0,584,584,2026-09-09T12:46:01Z,710420510145,lucid_revision,n1024,1024,B2,1.0,39.704,39.704,1400.000,1400.000,1400.000,1400.000,1.705012,68.328714,1.808083,639.745508,0.175620,714.946092,716.845006,614.946092,0.696792591,0.608131682,1
pi3bplus_v2_power_corrected_preflight_20260909T123851Z,pi3bplus,2,0,fit,false,0,585,585,2026-09-09T12:46:01Z,711139289064,lucid_revision,n1024,1024,B2,1.0,39.704,40.780,1400.000,1400.000,1400.000,1400.000,1.774177,67.044630,1.868758,637.596391,0.177913,711.593254,713.506908,611.593254,0.692121227,0.600630980,1
pi3bplus_v2_power_corrected_preflight_20260909T123851Z,pi3bplus,2,0,fit,false,0,586,586,2026-09-09T12:46:02Z,711854726968,lucid_revision,n1024,1024,B2,1.0,40.242,39.704,1400.000,1400.000,1400.000,1400.000,1.759803,67.784567,1.857405,641.763461,0.185621,716.466043,718.809114,616.466043,0.677885992,0.595018085,1
pi3bplus_v2_power_corrected_preflight_20260909T123851Z,pi3bplus,2,0,fit,false,0,587,587,2026-09-09T12:46:03Z,712575583951,lucid_revision,n1024,1024,B2,1.0,39.704,40.242,1400.000,1400.000,1400.000,1400.000,1.815270,67.723324,1.846207,638.169408,0.176558,712.899757,714.660497,612.899757,0.673241593,0.584118246,1
pi3bplus_v2_power_corrected_preflight_20260909T123851Z,pi3bplus,2,0,fit,false,0,588,588,2026-09-09T12:46:04Z,713292293620,lucid_revision,n1024,1024,B2,1.0,40.242,39.704,1400.000,1400.000,1400.000,1400.000,1.705117,68.190715,2.751343,640.817368,0.175985,717.654341,719.424977,617.654341,0.694276668,0.610771880,1
pi3bplus_v2_power_corrected_preflight_20260909T123851Z,pi3bplus,2,0,fit,false,0,589,589,2026-09-09T12:46:04Z,714013729019,lucid_revision,n1024,1024,B2,1.0,39.704,39.704,1400.000,1400.000,1400.000,1400.000,1.708398,67.275215,1.803969,637.628055,0.177913,711.804569,713.577341,611.804569,0.670362823,0.584769416,1
pi3bplus_v2_power_corrected_preflight_20260909T123851Z,pi3bplus,2,0,fit,false,0,590,590,2026-09-09T12:46:05Z,714729288866,lucid_revision,n1024,1024,B2,1.0,40.242,39.704,1400.000,1400.000,1400.000,1400.000,1.717669,67.457092,1.818604,641.503829,0.175309,715.863783,717.629941,615.863783,0.703721840,0.615315756,1
pi3bplus_v2_power_corrected_preflight_20260909T123851Z,pi3bplus,2,0,fit,false,0,591,591,2026-09-09T12:46:06Z,715449008238,lucid_revision,n1024,1024,B2,1.0,39.704,39.704,1400.000,1400.000,1400.000,1400.000,1.720533,67.630947,1.833083,639.002102,0.181038,713.523621,715.356495,613.523621,0.689793825,0.603172769,1
pi3bplus_v2_power_corrected_preflight_20260909T123851Z,pi3bplus,2,0,fit,false,0,592,592,2026-09-09T12:46:06Z,716166289429,lucid_revision,n1024,1024,B2,1.0,40.242,39.704,1400.000,1400.000,1400.000,1400.000,1.742408,68.418273,1.890373,641.139606,0.186089,716.507980,718.374396,616.507980,0.672372399,0.586089850,1
pi3bplus_v2_power_corrected_preflight_20260909T123851Z,pi3bplus,2,0,fit,false,0,593,593,2026-09-09T12:46:07Z,716886613988,lucid_revision,n1024,1024,B2,1.0,39.704,39.704,1400.000,1400.000,1400.000,1400.000,1.754647,67.411844,1.882978,637.966219,0.180048,712.351445,714.245152,612.351445,0.673483544,0.586044914,1
pi3bplus_v2_power_corrected_preflight_20260909T123851Z,pi3bplus,2,0,fit,false,0,594,594,2026-09-09T12:46:08Z,717602793263,lucid_revision,n1024,1024,B2,1.0,40.242,39.704,1400.000,1400.000,1400.000,1400.000,1.754074,67.792830,1.876572,641.557157,0.186454,716.302172,718.186921,616.302172,0.696988397,0.613084639,1
pi3bplus_v2_power_corrected_preflight_20260909T123851Z,pi3bplus,2,0,fit,false,0,595,595,2026-09-09T12:46:09Z,718322963837,lucid_revision,n1024,1024,B2,1.0,40.242,39.704,1400.000,1400.000,1400.000,1400.000,1.787511,68.085329,2.422966,640.127185,0.179632,716.536283,718.437334,616.536283,0.674022356,0.585993503,1
pi3bplus_v2_power_corrected_preflight_20260909T123851Z,pi3bplus,2,0,fit,false,0,596,596,2026-09-09T12:46:09Z,719043337429,lucid_revision,n1024,1024,B2,1.0,39.704,39.704,1400.000,1400.000,1400.000,1400.000,1.853187,67.965019,1.821886,641.183348,0.184371,716.183156,718.072072,616.183156,0.697151861,0.610541632,1
pi3bplus_v2_power_corrected_preflight_20260909T123851Z,pi3bplus,2,0,fit,false,0,597,597,2026-09-09T12:46:10Z,719763344561,lucid_revision,n1024,1024,B2,1.0,39.704,39.704,1400.000,1400.000,1400.000,1400.000,1.786627,67.270666,1.982976,637.712467,0.186141,712.063597,713.953450,612.063597,0.697414489,0.609319163,1
pi3bplus_v2_power_corrected_preflight_20260909T123851Z,pi3bplus,2,0,fit,false,0,598,598,2026-09-09T12:46:11Z,720479273540,lucid_revision,n1024,1024,B2,1.0,39.704,39.166,1400.000,1400.000,1400.000,1400.000,1.761315,67.644100,1.847771,640.435877,0.176923,714.996956,716.833009,614.996956,0.668492502,0.582258035,1
pi3bplus_v2_power_corrected_preflight_20260909T123851Z,pi3bplus,2,0,fit,false,0,599,599,2026-09-09T12:46:11Z,721198095670,lucid_revision,n1024,1024,B2,1.0,39.704,39.704,1400.000,1400.000,1400.000,1400.000,1.698712,67.545041,1.872406,637.773854,0.176923,712.225458,714.070625,612.225458,0.678109872,0.590720468,1
pi3bplus_v2_power_corrected_preflight_20260909T123851Z,pi3bplus,2,0,fit,false,0,600,600,2026-09-09T12:46:12Z,721914100470,lucid_revision,n1024,1024,B2,1.0,40.242,39.704,1400.000,1400.000,1400.000,1400.000,1.688973,68.537315,1.863656,639.278693,0.176662,714.662365,716.424617,614.662365,0.692737944,0.608643622,1
pi3bplus_v2_power_corrected_preflight_20260909T123851Z,pi3bplus,2,0,fit,false,0,601,601,2026-09-09T12:46:13Z,722632563531,lucid_revision,n1024,1024,B2,1.0,39.704,39.704,1400.000,1400.000,1400.000,1400.000,1.712462,68.011447,1.810845,636.926431,0.185934,711.874128,713.635339,611.874128,0.681348672,0.596275438,1
pi3bplus_v2_power_corrected_preflight_20260909T123851Z,pi3bplus,2,0,fit,false,0,602,602,2026-09-09T12:46:14Z,723348167263,lucid_revision,n1024,1024,B2,1.0,39.704,39.704,1400.000,1400.000,1400.000,1400.000,1.705118,67.649950,2.606348,642.274897,0.176871,718.479916,720.348156,618.479916,0.682030404,0.592796522,1
pi3bplus_v2_power_corrected_preflight_20260909T123851Z,pi3bplus,2,0,fit,false,0,603,603,2026-09-09T12:46:14Z,724070466834,lucid_revision,n1024,1024,B2,1.0,39.704,39.704,1400.000,1400.000,1400.000,1400.000,1.754857,67.397404,1.855272,637.409005,0.177131,711.762347,713.593608,611.762347,0.702639266,0.615872953,1
pi3bplus_v2_power_corrected_preflight_20260909T123851Z,pi3bplus,2,0,fit,false,0,604,604,2026-09-09T12:46:15Z,724786039669,lucid_revision,n1024,1024,B2,1.0,39.704,39.704,1400.000,1400.000,1400.000,1400.000,1.699753,68.347023,2.281981,640.204283,0.176090,715.832811,717.607512,615.832811,0.675057263,0.585887848,1
pi3bplus_v2_power_corrected_preflight_20260909T123851Z,pi3bplus,2,0,fit,false,0,605,605,2026-09-09T12:46:16Z,725505661876,lucid_revision,n1024,1024,B2,1.0,39.704,40.242,1400.000,1400.000,1400.000,1400.000,1.702410,67.427465,1.813345,637.991030,0.177548,712.282458,714.069085,612.282458,0.668553942,0.582809300,1
pi3bplus_v2_power_corrected_preflight_20260909T123851Z,pi3bplus,2,0,fit,false,0,606,606,2026-09-09T12:46:16Z,726221724511,lucid_revision,n1024,1024,B2,1.0,39.704,39.704,1400.000,1400.000,1400.000,1400.000,1.698556,67.899958,1.837929,641.465378,0.183694,716.290287,718.053321,616.290287,0.693204006,0.609082149,1
pi3bplus_v2_power_corrected_preflight_20260909T123851Z,pi3bplus,2,0,fit,false,0,607,607,2026-09-09T12:46:17Z,726941884973,lucid_revision,n1024,1024,B2,1.0,39.704,39.704,1400.000,1400.000,1400.000,1400.000,2.564474,67.507364,1.869177,638.284073,0.180569,713.551839,715.435079,613.551839,0.686372830,0.601684569,1
pi3bplus_v2_power_corrected_preflight_20260909T123851Z,pi3bplus,2,0,fit,false,0,608,608,2026-09-09T12:46:18Z,727659296102,lucid_revision,n1024,1024,B2,1.0,39.704,39.704,1400.000,1400.000,1400.000,1400.000,1.771524,68.178397,1.821470,640.908835,0.176402,716.006871,717.899694,616.006871,0.683825371,0.593832711,1
pi3bplus_v2_power_corrected_preflight_20260909T123851Z,pi3bplus,2,0,fit,false,0,609,609,2026-09-09T12:46:19Z,728379170753,lucid_revision,n1024,1024,B2,1.0,40.242,39.704,1400.000,1400.000,1400.000,1400.000,1.759597,67.740808,2.447915,637.982532,0.185360,714.092896,715.851868,614.092896,0.710692475,0.624495985,1
pi3bplus_v2_power_corrected_preflight_20260909T123851Z,pi3bplus,2,0,fit,false,0,610,610,2026-09-09T12:46:19Z,729097060129,lucid_revision,n1024,1024,B2,1.0,39.704,39.704,1400.000,1400.000,1400.000,1400.000,1.731525,68.176996,1.805793,640.045447,0.185360,715.204580,716.979073,615.204580,0.669233937,0.580187970,1
pi3bplus_v2_power_corrected_preflight_20260909T123851Z,pi3bplus,2,0,fit,false,0,611,611,2026-09-09T12:46:20Z,729815973118,lucid_revision,n1024,1024,B2,1.0,39.704,39.704,1400.000,1400.000,1400.000,1400.000,1.722254,68.296842,1.823554,640.279948,0.178746,715.496899,717.406076,615.496899,0.662625231,0.578725658,1
pi3bplus_v2_power_corrected_preflight_20260909T123851Z,pi3bplus,2,0,fit,false,0,612,612,2026-09-09T12:46:21Z,730535351860,lucid_revision,n1024,1024,B2,1.0,39.704,40.242,1400.000,1400.000,1400.000,1400.000,1.775639,68.122632,1.821210,641.766401,0.190361,716.916172,718.675300,616.916172,0.688177054,0.603403481,1
pi3bplus_v2_power_corrected_preflight_20260909T123851Z,pi3bplus,2,0,fit,false,0,613,613,2026-09-09T12:46:22Z,731255952900,lucid_revision,n1024,1024,B2,1.0,39.704,39.704,1400.000,1400.000,1400.000,1400.000,1.705953,67.189585,1.896470,638.564018,0.176924,712.702202,714.477685,612.702202,0.695770368,0.608907939,1
pi3bplus_v2_power_corrected_preflight_20260909T123851Z,pi3bplus,2,0,fit,false,0,614,614,2026-09-09T12:46:22Z,731972406740,lucid_revision,n1024,1024,B2,1.0,39.704,39.704,1400.000,1400.000,1400.000,1400.000,1.716109,68.220135,1.809856,641.175608,0.178642,716.289292,718.048421,616.289292,0.688018834,0.597592483,1
pi3bplus_v2_power_corrected_preflight_20260909T123851Z,pi3bplus,2,0,fit,false,0,615,615,2026-09-09T12:46:23Z,732692442201,lucid_revision,n1024,1024,B2,1.0,40.242,39.704,1400.000,1400.000,1400.000,1400.000,1.711525,67.445418,1.814648,639.334633,0.177132,713.641205,715.408459,613.641205,0.699506632,0.615323020,1
pi3bplus_v2_power_corrected_preflight_20260909T123851Z,pi3bplus,2,0,fit,false,0,616,616,2026-09-09T12:46:24Z,733409866658,lucid_revision,n1024,1024,B2,1.0,39.704,39.704,1400.000,1400.000,1400.000,1400.000,1.695953,68.943255,2.337449,641.797221,0.181038,718.971808,720.728958,618.971808,0.672822936,0.584430012,1
pi3bplus_v2_power_corrected_preflight_20260909T123851Z,pi3bplus,2,0,fit,false,0,617,617,2026-09-09T12:46:24Z,734132662186,lucid_revision,n1024,1024,B2,1.0,39.704,39.704,1400.000,1400.000,1400.000,1400.000,1.715172,67.197095,1.816576,638.566916,0.175882,712.637457,714.412471,612.637457,0.671716587,0.586124679,1
pi3bplus_v2_power_corrected_preflight_20260909T123851Z,pi3bplus,2,0,fit,false,0,618,618,2026-09-09T12:46:25Z,734849073208,lucid_revision,n1024,1024,B2,1.0,39.704,39.704,1400.000,1400.000,1400.000,1400.000,1.712411,67.618705,1.798087,642.863048,0.185413,717.366554,719.201983,617.366554,0.677952394,0.594543483,1
pi3bplus_v2_power_corrected_preflight_20260909T123851Z,pi3bplus,2,0,fit,false,0,619,619,2026-09-09T12:46:26Z,735570256555,lucid_revision,n1024,1024,B2,1.0,39.704,39.704,1400.000,1400.000,1400.000,1400.000,1.740796,67.306946,1.884387,638.780818,0.176558,713.048709,714.948929,613.048709,0.698411908,0.610707182,1
pi3bplus_v2_power_corrected_preflight_20260909T123851Z,pi3bplus,2,0,fit,false,0,620,620,2026-09-09T12:46:27Z,736287182577,lucid_revision,n1024,1024,B2,1.0,39.704,39.704,1400.000,1400.000,1400.000,1400.000,1.772618,68.348907,1.829180,641.064824,0.186455,716.372541,718.434997,616.372541,0.692952667,0.602679204,1
pi3bplus_v2_power_corrected_preflight_20260909T123851Z,pi3bplus,2,0,fit,false,0,621,621,2026-09-09T12:46:27Z,737007572428,lucid_revision,n1024,1024,B2,1.0,39.704,39.704,1400.000,1400.000,1400.000,1400.000,2.624631,67.587153,1.783452,638.355384,0.177184,713.685862,715.451137,613.685862,0.682086500,0.597520762,1
pi3bplus_v2_power_corrected_preflight_20260909T123851Z,pi3bplus,2,0,fit,false,0,622,622,2026-09-09T12:46:28Z,737725053313,lucid_revision,n1024,1024,B2,1.0,39.704,39.704,1400.000,1400.000,1400.000,1400.000,1.713037,67.787987,1.807149,641.412375,0.183642,716.105945,717.869397,616.105945,0.678511045,0.590612013,1
pi3bplus_v2_power_corrected_preflight_20260909T123851Z,pi3bplus,2,0,fit,false,0,623,623,2026-09-09T12:46:29Z,738444904491,lucid_revision,n1024,1024,B2,1.0,39.704,39.704,1400.000,1400.000,1400.000,1400.000,1.706890,68.620527,1.883606,639.350160,0.190361,715.385685,717.148461,615.385685,0.684917685,0.601646790,1
pi3bplus_v2_power_corrected_preflight_20260909T123851Z,pi3bplus,2,0,fit,false,0,624,624,2026-09-09T12:46:29Z,739164047024,lucid_revision,n1024,1024,B2,1.0,39.704,39.166,1400.000,1400.000,1400.000,1400.000,1.703349,68.482195,1.808295,642.166185,0.177235,717.516674,719.289292,617.516674,0.670257280,0.586141106,1
pi3bplus_v2_power_corrected_preflight_20260909T123851Z,pi3bplus,2,0,fit,false,0,625,625,2026-09-09T12:46:30Z,739885368461,lucid_revision,n1024,1024,B2,1.0,40.242,39.704,1400.000,1400.000,1400.000,1400.000,1.741682,67.688936,1.805847,640.131723,0.258432,714.789522,716.554068,614.789522,0.697212003,0.608619087,1
pi3bplus_v2_power_corrected_preflight_20260909T123851Z,pi3bplus,2,0,fit,false,0,626,626,2026-09-09T12:46:31Z,740603851395,lucid_revision,n1024,1024,B2,1.0,39.704,40.242,1400.000,1400.000,1400.000,1400.000,1.807618,67.595505,1.808608,642.185923,0.179996,716.758938,718.514162,616.758938,0.692997585,0.600921629,1
pi3bplus_v2_power_corrected_preflight_20260909T123851Z,pi3bplus,2,0,fit,false,0,627,627,2026-09-09T12:46:32Z,741324365619,lucid_revision,n1024,1024,B2,1.0,39.704,39.166,1400.000,1400.000,1400.000,1400.000,1.703610,67.442961,1.816680,639.448573,0.175517,713.762744,715.536196,613.762744,0.677207283,0.594331666,1
pi3bplus_v2_power_corrected_preflight_20260909T123851Z,pi3bplus,2,0,fit,false,0,628,628,2026-09-09T12:46:32Z,742041920158,lucid_revision,n1024,1024,B2,1.0,39.704,39.704,1400.000,1400.000,1400.000,1400.000,1.699287,68.519709,1.895429,641.019981,0.176299,716.408192,718.247685,616.408192,0.673060317,0.584454730,1
pi3bplus_v2_power_corrected_preflight_20260909T123851Z,pi3bplus,2,0,fit,false,0,629,629,2026-09-09T12:46:33Z,742762154833,lucid_revision,n1024,1024,B2,1.0,39.704,39.704,1400.000,1400.000,1400.000,1400.000,1.695173,67.378019,1.860482,638.790833,0.178226,713.053708,714.956898,613.053708,0.694844807,0.611364312,1
pi3bplus_v2_power_corrected_preflight_20260909T123851Z,pi3bplus,2,0,fit,false,0,630,630,2026-09-09T12:46:34Z,743479137470,lucid_revision,n1024,1024,B2,1.0,39.704,39.704,1400.000,1400.000,1400.000,1400.000,1.766422,69.068666,1.810952,641.027378,0.178486,717.493389,719.258612,617.493389,0.670294701,0.585526141,1
pi3bplus_v2_power_corrected_preflight_20260909T123851Z,pi3bplus,2,0,fit,false,0,631,631,2026-09-09T12:46:34Z,744200395520,lucid_revision,n1024,1024,B2,1.0,40.242,39.704,1400.000,1400.000,1400.000,1400.000,1.695485,67.727444,1.827462,639.719376,0.176767,714.337458,716.213825,614.337458,0.701950672,0.612728880,1
pi3bplus_v2_power_corrected_preflight_20260909T123851Z,pi3bplus,2,0,fit,false,0,632,632,2026-09-09T12:46:35Z,744918553263,lucid_revision,n1024,1024,B2,1.0,39.704,39.704,1400.000,1400.000,1400.000,1400.000,1.761161,68.270666,1.870169,642.718245,0.179163,717.923975,719.699928,617.923975,0.691868833,0.604976597,1
pi3bplus_v2_power_corrected_preflight_20260909T123851Z,pi3bplus,2,0,fit,false,0,633,633,2026-09-09T12:46:36Z,745640283201,lucid_revision,n1024,1024,B2,1.0,39.704,40.242,1400.000,1400.000,1400.000,1400.000,1.700746,67.265431,1.803296,638.178155,0.175049,712.308131,714.072469,612.308131,0.670975758,0.584837250,1
pi3bplus_v2_power_corrected_preflight_20260909T123851Z,pi3bplus,2,0,fit,false,0,634,634,2026-09-09T12:46:37Z,746356355681,lucid_revision,n1024,1024,B2,1.0,39.704,40.242,1400.000,1400.000,1400.000,1400.000,1.749703,68.203384,1.831056,642.116338,0.174007,717.371244,719.139750,617.371244,0.675091860,0.587750604,1
pi3bplus_v2_power_corrected_preflight_20260909T123851Z,pi3bplus,2,0,fit,false,0,635,635,2026-09-09T12:46:37Z,747077497473,lucid_revision,n1024,1024,B2,1.0,39.704,39.704,1400.000,1400.000,1400.000,1400.000,1.713454,67.416474,1.839806,638.861806,0.176558,713.156783,715.024661,613.156783,0.693461876,0.609555616,1
pi3bplus_v2_power_corrected_preflight_20260909T123851Z,pi3bplus,2,0,fit,false,0,636,636,2026-09-09T12:46:38Z,747794471052,lucid_revision,n1024,1024,B2,1.0,39.704,39.704,1400.000,1400.000,1400.000,1400.000,1.763297,68.101256,1.866837,641.297039,0.177913,716.357111,718.238479,616.357111,0.676405480,0.588977870,1
pi3bplus_v2_power_corrected_preflight_20260909T123851Z,pi3bplus,2,0,fit,false,0,637,637,2026-09-09T12:46:39Z,748514650376,lucid_revision,n1024,1024,B2,1.0,39.704,39.704,1400.000,1400.000,1400.000,1400.000,1.755850,68.372713,1.820744,638.746440,0.177809,714.389629,716.153447,614.389629,0.698836196,0.611685242,1
pi3bplus_v2_power_corrected_preflight_20260909T123851Z,pi3bplus,2,0,fit,false,0,638,638,2026-09-09T12:46:39Z,749232789095,lucid_revision,n1024,1024,B2,1.0,39.704,40.242,1400.000,1400.000,1400.000,1400.000,1.709288,67.575337,1.793036,642.695046,0.176247,717.173159,718.949060,617.173159,0.696335400,0.608554813,1
pi3bplus_v2_power_corrected_preflight_20260909T123851Z,pi3bplus,2,0,fit,false,0,639,639,2026-09-09T12:46:40Z,749953754260,lucid_revision,n1024,1024,B2,1.0,39.704,40.242,1400.000,1400.000,1400.000,1400.000,1.695642,67.588254,1.817202,639.993305,0.180933,714.484804,716.251904,614.484804,0.668346337,0.581910167,1
pi3bplus_v2_power_corrected_preflight_20260909T123851Z,pi3bplus,2,0,fit,false,0,640,640,2026-09-09T12:46:41Z,750672052893,lucid_revision,n1024,1024,B2,1.0,39.704,39.704,1400.000,1400.000,1400.000,1400.000,1.739860,68.278610,1.845587,640.742428,0.310723,716.077717,717.839920,616.077717,0.677614967,0.590093706,1
pi3bplus_v2_power_corrected_preflight_20260909T123851Z,pi3bplus,2,0,fit,false,0,641,641,2026-09-09T12:46:42Z,751391883658,lucid_revision,n1024,1024,B2,1.0,39.704,39.704,1400.000,1400.000,1400.000,1400.000,1.735694,67.368893,1.875066,638.504172,0.184632,712.789019,714.561223,612.789019,0.691621280,0.607510688,1
pi3bplus_v2_power_corrected_preflight_20260909T123851Z,pi3bplus,2,0,fit,false,0,642,642,2026-09-09T12:46:42Z,752108424476,lucid_revision,n1024,1024,B2,1.0,39.704,39.166,1400.000,1400.000,1400.000,1400.000,1.716840,67.984349,1.784443,641.797632,0.174788,716.676111,718.429617,616.676111,0.680528548,0.595170362,1
pi3bplus_v2_power_corrected_preflight_20260909T123851Z,pi3bplus,2,0,fit,false,0,643,643,2026-09-09T12:46:43Z,752829010925,lucid_revision,n1024,1024,B2,1.0,39.704,39.704,1400.000,1400.000,1400.000,1400.000,1.724444,67.988155,1.806318,638.711936,0.178538,713.572191,715.436580,613.572191,0.683660780,0.595191404,1
pi3bplus_v2_power_corrected_preflight_20260909T123851Z,pi3bplus,2,0,fit,false,0,644,644,2026-09-09T12:46:44Z,753546379394,lucid_revision,n1024,1024,B2,1.0,39.704,39.704,1400.000,1400.000,1400.000,1400.000,1.733507,69.440839,1.804755,639.325175,0.177548,715.955503,717.801039,615.955503,0.704434814,0.617072981,1
pi3bplus_v2_power_corrected_preflight_20260909T123851Z,pi3bplus,2,0,fit,false,0,645,645,2026-09-09T12:46:45Z,754266115238,lucid_revision,n1024,1024,B2,1.0,39.704,39.704,1400.000,1400.000,1400.000,1400.000,1.695226,67.408332,1.798401,637.662904,0.179006,711.887036,713.655021,611.887036,0.672667014,0.584599322,1
pi3bplus_v2_power_corrected_preflight_20260909T123851Z,pi3bplus,2,0,fit,false,0,646,646,2026-09-09T12:46:45Z,754981794958,lucid_revision,n1024,1024,B2,1.0,39.704,39.704,1400.000,1400.000,1400.000,1400.000,1.703143,68.162900,1.860743,641.882118,0.177444,717.007534,718.883590,617.007534,0.668356729,0.582152142,1
pi3bplus_v2_power_corrected_preflight_20260909T123851Z,pi3bplus,2,0,fit,false,0,647,647,2026-09-09T12:46:46Z,755702622884,lucid_revision,n1024,1024,B2,1.0,39.704,39.704,1400.000,1400.000,1400.000,1400.000,1.756163,67.426461,1.859390,637.131922,0.177757,711.491213,713.257479,611.491213,0.693662915,0.609463531,1
pi3bplus_v2_power_corrected_preflight_20260909T123851Z,pi3bplus,2,0,fit,false,0,648,648,2026-09-09T12:46:47Z,756417931833,lucid_revision,n1024,1024,B2,1.0,39.704,39.704,1400.000,1400.000,1400.000,1400.000,1.727517,68.341343,1.861004,640.827920,0.183486,716.089905,717.866952,616.089905,0.688371644,0.602898950,1
pi3bplus_v2_power_corrected_preflight_20260909T123851Z,pi3bplus,2,0,fit,false,0,649,649,2026-09-09T12:46:47Z,757137826766,lucid_revision,n1024,1024,B2,1.0,39.704,39.704,1400.000,1400.000,1400.000,1400.000,1.706425,67.026317,1.804599,637.845464,0.177757,711.721434,713.483014,611.721434,0.682707486,0.593930895,1
pi3bplus_v2_power_corrected_preflight_20260909T123851Z,pi3bplus,2,0,fit,false,0,650,650,2026-09-09T12:46:48Z,757853335365,lucid_revision,n1024,1024,B2,1.0,39.704,39.704,1400.000,1400.000,1400.000,1400.000,1.702102,67.680006,1.801006,641.348540,0.176038,715.900804,717.670353,615.900804,0.709106494,0.622232128,1
pi3bplus_v2_power_corrected_preflight_20260909T123851Z,pi3bplus,2,0,fit,false,0,651,651,2026-09-09T12:46:49Z,758573039688,lucid_revision,n1024,1024,B2,1.0,39.704,39.704,1400.000,1400.000,1400.000,1400.000,1.700696,67.793132,2.421410,637.992535,0.184632,714.130553,715.995829,614.130553,0.671922613,0.582912538,1
pi3bplus_v2_power_corrected_preflight_20260909T123851Z,pi3bplus,2,0,fit,false,0,652,652,2026-09-09T12:46:50Z,759291071206,lucid_revision,n1024,1024,B2,1.0,39.704,39.704,1400.000,1400.000,1400.000,1400.000,1.812152,69.459353,2.228289,648.850430,0.176455,726.150565,727.927717,626.150565,0.661528843,0.577181214,1
pi3bplus_v2_power_corrected_preflight_20260909T123851Z,pi3bplus,2,0,fit,false,0,653,653,2026-09-09T12:46:50Z,760021000029,lucid_revision,n1024,1024,B2,1.0,39.704,39.704,1400.000,1400.000,1400.000,1400.000,1.716008,67.118045,1.787309,638.422019,0.177445,712.386856,714.146144,612.386856,0.688120627,0.604020620,1
pi3bplus_v2_power_corrected_preflight_20260909T123851Z,pi3bplus,2,0,fit,false,0,654,654,2026-09-09T12:46:51Z,760737176446,lucid_revision,n1024,1024,B2,1.0,39.704,39.704,1400.000,1400.000,1400.000,1400.000,1.707258,67.759756,1.820016,640.816836,0.184319,715.467706,717.233296,615.467706,0.695128379,0.608092052,1
pi3bplus_v2_power_corrected_preflight_20260909T123851Z,pi3bplus,2,0,fit,false,0,655,655,2026-09-09T12:46:52Z,761456424702,lucid_revision,n1024,1024,B2,1.0,39.704,39.704,1400.000,1400.000,1400.000,1400.000,1.713664,67.687834,1.827152,639.481629,0.178122,714.078129,715.944811,614.078129,0.688886544,0.598004604,1
pi3bplus_v2_power_corrected_preflight_20260909T123851Z,pi3bplus,2,0,fit,false,0,656,656,2026-09-09T12:46:52Z,762174362807,lucid_revision,n1024,1024,B2,1.0,39.704,39.704,1400.000,1400.000,1400.000,1400.000,1.752257,68.396465,1.851891,640.639455,0.175309,715.956046,717.789864,615.956046,0.698935013,0.615554832,1
pi3bplus_v2_power_corrected_preflight_20260909T123851Z,pi3bplus,2,0,fit,false,0,657,657,2026-09-09T12:46:53Z,762894086227,lucid_revision,n1024,1024,B2,1.0,39.704,39.704,1400.000,1400.000,1400.000,1400.000,1.739445,67.659140,1.868452,636.034567,0.185048,710.674768,712.431973,610.674768,0.671124788,0.582247389,1
pi3bplus_v2_power_corrected_preflight_20260909T123851Z,pi3bplus,2,0,fit,false,0,658,658,2026-09-09T12:46:54Z,763608505974,lucid_revision,n1024,1024,B2,1.0,39.704,40.242,1400.000,1400.000,1400.000,1400.000,1.712102,69.418694,1.876890,640.036175,0.173955,716.820350,718.586149,616.820350,0.673116113,0.587541573,1
pi3bplus_v2_power_corrected_preflight_20260909T123851Z,pi3bplus,2,0,fit,false,0,659,659,2026-09-09T12:46:55Z,764329073178,lucid_revision,n1024,1024,B2,1.0,39.704,39.704,1400.000,1400.000,1400.000,1400.000,1.709811,67.844666,1.794913,638.877377,0.177079,713.568940,715.448851,613.568940,0.677657703,0.594485051,1
pi3bplus_v2_power_corrected_preflight_20260909T123851Z,pi3bplus,2,0,fit,false,0,660,660,2026-09-09T12:46:55Z,765046455950,lucid_revision,n1024,1024,B2,1.0,39.704,39.704,1400.000,1400.000,1400.000,1400.000,1.735695,67.842947,1.869599,641.248349,0.172445,716.008922,717.859303,616.008922,0.698065654,0.610377889,1
pi3bplus_v2_power_corrected_preflight_20260909T123851Z,pi3bplus,2,0,fit,false,0,661,661,2026-09-09T12:46:56Z,765766307193,lucid_revision,n1024,1024,B2,1.0,39.704,39.704,1400.000,1400.000,1400.000,1400.000,1.757466,67.498322,1.853245,636.735854,0.178174,711.197686,712.960360,611.197686,0.691956124,0.601447583,1
pi3bplus_v2_power_corrected_preflight_20260909T123851Z,pi3bplus,2,0,fit,false,0,662,662,2026-09-09T12:46:57Z,766481299858,lucid_revision,n1024,1024,B2,1.0,39.704,39.704,1400.000,1400.000,1400.000,1400.000,1.715591,67.835194,1.782830,640.237580,0.181142,715.003213,716.769949,615.003213,0.684335247,0.599208146,1
pi3bplus_v2_power_corrected_preflight_20260909T123851Z,pi3bplus,2,0,fit,false,0,663,663,2026-09-09T12:46:57Z,767200103361,lucid_revision,n1024,1024,B2,1.0,39.704,39.704,1400.000,1400.000,1400.000,1400.000,1.732259,67.910819,1.830537,637.881412,0.178851,712.723191,714.488105,612.723191,0.681701163,0.593817714,1
pi3bplus_v2_power_corrected_preflight_20260909T123851Z,pi3bplus,2,0,fit,false,0,664,664,2026-09-09T12:46:58Z,767916626530,lucid_revision,n1024,1024,B2,1.0,39.704,40.242,1400.000,1400.000,1400.000,1400.000,1.725331,68.312376,1.809913,640.520705,0.178747,715.811645,717.585985,615.811645,0.680064915,0.597478812,1
pi3bplus_v2_power_corrected_preflight_20260909T123851Z,pi3bplus,2,0,fit,false,0,665,665,2026-09-09T12:46:59Z,768636187529,lucid_revision,n1024,1024,B2,1.0,40.242,39.704,1400.000,1400.000,1400.000,1400.000,1.700280,67.570885,2.458182,637.346047,0.177289,713.226771,714.999758,613.226771,0.672661211,0.587978417,1
pi3bplus_v2_power_corrected_preflight_20260909T123851Z,pi3bplus,2,0,fit,false,0,666,666,2026-09-09T12:47:00Z,769353167874,lucid_revision,n1024,1024,B2,1.0,39.704,40.242,1400.000,1400.000,1400.000,1400.000,1.701426,67.510056,1.781997,641.637088,0.176507,716.022063,717.781977,616.022063,0.695402721,0.607248503,1
pi3bplus_v2_power_corrected_preflight_20260909T123851Z,pi3bplus,2,0,fit,false,0,667,667,2026-09-09T12:47:00Z,770072944969,lucid_revision,n1024,1024,B2,1.0,39.704,39.704,1400.000,1400.000,1400.000,1400.000,1.720175,67.408704,1.815278,640.520628,0.178538,714.815762,716.701820,614.815762,0.693248017,0.600400954,1
pi3bplus_v2_power_corrected_preflight_20260909T123851Z,pi3bplus,2,0,fit,false,0,668,668,2026-09-09T12:47:01Z,770791582741,lucid_revision,n1024,1024,B2,1.0,40.242,39.704,1400.000,1400.000,1400.000,1400.000,1.768143,68.161557,1.798403,640.280392,0.184788,715.391713,717.259281,615.391713,0.676524790,0.595010205,1
pi3bplus_v2_power_corrected_preflight_20260909T123851Z,pi3bplus,2,0,fit,false,0,669,669,2026-09-09T12:47:02Z,771510818547,lucid_revision,n1024,1024,B2,1.0,39.704,39.704,1400.000,1400.000,1400.000,1400.000,1.762883,67.497563,1.882411,637.824940,0.184267,712.279714,714.165355,612.279714,0.677205630,0.587815068,1
pi3bplus_v2_power_corrected_preflight_20260909T123851Z,pi3bplus,2,0,fit,false,0,670,670,2026-09-09T12:47:02Z,772226911729,lucid_revision,n1024,1024,B2,1.0,39.704,39.704,1400.000,1400.000,1400.000,1400.000,1.759445,68.049430,1.874131,640.952102,0.203434,715.993535,718.443228,615.993535,0.691683182,0.608520887,1
pi3bplus_v2_power_corrected_preflight_20260909T123851Z,pi3bplus,2,0,fit,false,0,671,671,2026-09-09T12:47:03Z,772947360960,lucid_revision,n1024,1024,B2,1.0,40.242,40.242,1400.000,1400.000,1400.000,1400.000,1.790643,69.345345,1.824236,637.080427,0.184527,713.380847,715.149095,613.380847,0.670603037,0.585904741,1
pi3bplus_v2_power_corrected_preflight_20260909T123851Z,pi3bplus,2,0,fit,false,0,672,672,2026-09-09T12:47:04Z,773664545016,lucid_revision,n1024,1024,B2,1.0,39.704,40.242,1400.000,1400.000,1400.000,1400.000,1.715228,68.747860,2.454849,640.043358,0.175725,717.162414,718.942119,617.162414,0.701634385,0.612513006,1
pi3bplus_v2_power_corrected_preflight_20260909T123851Z,pi3bplus,2,0,fit,false,0,673,673,2026-09-09T12:47:05Z,774385493764,lucid_revision,n1024,1024,B2,1.0,39.704,40.242,1400.000,1400.000,1400.000,1400.000,1.712468,67.659030,1.790748,638.085818,0.185101,712.589146,714.359998,612.589146,0.692121530,0.603996856,1
pi3bplus_v2_power_corrected_preflight_20260909T123851Z,pi3bplus,2,0,fit,false,0,674,674,2026-09-09T12:47:05Z,775101860130,lucid_revision,n1024,1024,B2,1.0,39.704,39.704,1400.000,1400.000,1400.000,1400.000,1.699238,67.718664,1.840747,640.981783,0.182809,715.596359,717.356221,615.596359,0.675110319,0.589186515,1
pi3bplus_v2_power_corrected_preflight_20260909T123851Z,pi3bplus,2,0,fit,false,0,675,675,2026-09-09T12:47:06Z,775821249750,lucid_revision,n1024,1024,B2,1.0,39.704,39.704,1400.000,1400.000,1400.000,1400.000,1.718144,67.536535,1.835903,638.960747,0.186819,713.387725,715.257065,613.387725,0.671583051,0.584487691,1
pi3bplus_v2_power_corrected_preflight_20260909T123851Z,pi3bplus,2,0,fit,false,0,676,676,2026-09-09T12:47:07Z,776538466049,lucid_revision,n1024,1024,B2,1.0,39.704,39.704,1400.000,1400.000,1400.000,1400.000,1.734759,68.228141,1.894860,640.330167,0.183278,715.488229,717.260904,615.488229,0.694426869,0.611201668,1
pi3bplus_v2_power_corrected_preflight_20260909T123851Z,pi3bplus,2,0,fit,false,0,677,677,2026-09-09T12:47:08Z,777257743947,lucid_revision,n1024,1024,B2,1.0,39.704,40.242,1400.000,1400.000,1400.000,1400.000,1.705333,67.092697,1.811945,637.720041,0.175153,711.679067,713.451586,611.679067,0.676837004,0.589044453,1
pi3bplus_v2_power_corrected_preflight_20260909T123851Z,pi3bplus,2,0,fit,false,0,678,678,2026-09-09T12:47:08Z,777973224088,lucid_revision,n1024,1024,B2,1.0,39.704,39.704,1400.000,1400.000,1400.000,1400.000,1.728040,67.840652,1.797831,640.366420,0.180361,715.191055,716.956699,615.191055,0.698750637,0.611352984,1
pi3bplus_v2_power_corrected_preflight_20260909T123851Z,pi3bplus,2,0,fit,false,0,679,679,2026-09-09T12:47:09Z,778692169865,lucid_revision,n1024,1024,B2,1.0,39.704,39.704,1400.000,1400.000,1400.000,1400.000,1.701531,67.359050,2.600732,638.312311,0.182184,714.152659,715.972521,614.152659,0.693892856,0.607013774,1
pi3bplus_v2_power_corrected_preflight_20260909T123851Z,pi3bplus,2,0,fit,false,0,680,680,2026-09-09T12:47:10Z,779410079537,lucid_revision,n1024,1024,B2,1.0,40.242,39.704,1400.000,1400.000,1400.000,1400.000,1.692156,68.079873,1.876788,639.445336,0.179371,714.449610,716.222702,614.449610,0.669014071,0.582418635,1
pi3bplus_v2_power_corrected_preflight_20260909T123851Z,pi3bplus,2,0,fit,false,0,681,681,2026-09-09T12:47:10Z,780128295014,lucid_revision,n1024,1024,B2,1.0,40.242,39.704,1400.000,1400.000,1400.000,1400.000,1.714239,67.548373,1.829549,638.237992,0.179893,712.696183,714.454327,612.696183,0.675207424,0.587473210,1
pi3bplus_v2_power_corrected_preflight_20260909T123851Z,pi3bplus,2,0,fit,false,0,682,682,2026-09-09T12:47:11Z,780844813209,lucid_revision,n1024,1024,B2,1.0,40.242,39.704,1400.000,1400.000,1400.000,1400.000,1.707364,67.591656,1.826945,642.988234,0.184007,717.539761,719.377175,617.539761,0.694299106,0.610116118,1
pi3bplus_v2_power_corrected_preflight_20260909T123851Z,pi3bplus,2,0,fit,false,0,683,683,2026-09-09T12:47:12Z,781566179461,lucid_revision,n1024,1024,B2,1.0,39.704,39.704,1400.000,1400.000,1400.000,1400.000,1.699812,67.847489,1.873038,639.762791,0.183851,714.535203,716.728704,614.535203,0.681608584,0.595547950,1
pi3bplus_v2_power_corrected_preflight_20260909T123851Z,pi3bplus,2,0,fit,false,0,684,684,2026-09-09T12:47:13Z,782284942867,lucid_revision,n1024,1024,B2,1.0,39.704,40.242,1400.000,1400.000,1400.000,1400.000,1.722416,68.703048,1.860539,639.779385,0.177028,715.495949,717.253937,615.495949,0.685376357,0.597908539,1
pi3bplus_v2_power_corrected_preflight_20260909T123851Z,pi3bplus,2,0,fit,false,0,685,685,2026-09-09T12:47:13Z,783004211871,lucid_revision,n1024,1024,B2,1.0,39.166,39.704,1400.000,1400.000,1400.000,1400.000,1.708562,67.597705,1.808769,637.396535,0.261453,711.922705,713.694912,611.922705,0.699469413,0.611863673,1
pi3bplus_v2_power_corrected_preflight_20260909T123851Z,pi3bplus,2,0,fit,false,0,686,686,2026-09-09T12:47:14Z,783719882684,lucid_revision,n1024,1024,B2,1.0,39.704,39.704,1400.000,1400.000,1400.000,1400.000,1.783613,68.742218,2.397820,640.623629,0.178174,717.742723,719.516544,617.742723,0.674057135,0.585758336,1
pi3bplus_v2_power_corrected_preflight_20260909T123851Z,pi3bplus,2,0,fit,false,0,687,687,2026-09-09T12:47:15Z,784441384087,lucid_revision,n1024,1024,B2,1.0,40.242,39.704,1400.000,1400.000,1400.000,1400.000,1.702781,67.849582,1.831008,638.107447,0.177601,712.814142,714.602599,612.814142,0.670290540,0.584265203,1
pi3bplus_v2_power_corrected_preflight_20260909T123851Z,pi3bplus,2,0,fit,false,0,688,688,2026-09-09T12:47:15Z,785157979826,lucid_revision,n1024,1024,B2,1.0,40.242,39.166,1400.000,1400.000,1400.000,1400.000,1.702416,68.215877,1.837154,641.461583,0.182757,716.579885,718.456621,616.579885,0.692349521,0.607092005,1
pi3bplus_v2_power_corrected_preflight_20260909T123851Z,pi3bplus,2,0,fit,false,0,689,689,2026-09-09T12:47:16Z,785878402557,lucid_revision,n1024,1024,B2,1.0,40.242,39.704,1400.000,1400.000,1400.000,1400.000,1.761426,67.864689,1.861736,638.121818,0.178122,712.902890,714.799001,612.902890,0.689688372,0.604532892,1
pi3bplus_v2_power_corrected_preflight_20260909T123851Z,pi3bplus,2,0,fit,false,0,690,690,2026-09-09T12:47:17Z,786595155116,lucid_revision,n1024,1024,B2,1.0,39.704,39.704,1400.000,1400.000,1400.000,1400.000,1.780749,67.667144,1.879913,641.340787,0.176403,716.000354,717.895007,616.000354,0.682786152,0.593818816,1
pi3bplus_v2_power_corrected_preflight_20260909T123851Z,pi3bplus,2,0,fit,false,0,691,691,2026-09-09T12:47:18Z,787314991910,lucid_revision,n1024,1024,B2,1.0,39.704,39.704,1400.000,1400.000,1400.000,1400.000,1.800956,67.778604,1.899445,638.437274,0.192705,713.278665,715.065716,613.278665,0.706351550,0.620508524,1
pi3bplus_v2_power_corrected_preflight_20260909T123851Z,pi3bplus,2,0,fit,false,0,692,692,2026-09-09T12:47:18Z,788032091287,lucid_revision,n1024,1024,B2,1.0,40.242,39.704,1400.000,1400.000,1400.000,1400.000,1.715750,68.098806,1.826269,640.325648,0.184163,715.327297,717.238408,615.327297,0.673289418,0.584015722,1
pi3bplus_v2_power_corrected_preflight_20260909T123851Z,pi3bplus,2,0,fit,false,0,693,693,2026-09-09T12:47:19Z,788751308148,lucid_revision,n1024,1024,B2,1.0,40.242,40.242,1400.000,1400.000,1400.000,1400.000,1.767988,67.757097,2.702503,639.138656,0.180466,715.560751,717.467643,615.560751,0.662293220,0.576757505,1
pi3bplus_v2_power_corrected_preflight_20260909T123851Z,pi3bplus,2,0,fit,false,0,694,694,2026-09-09T12:47:20Z,789470721121,lucid_revision,n1024,1024,B2,1.0,39.704,39.704,1400.000,1400.000,1400.000,1400.000,1.766114,67.697882,1.836685,641.084214,0.175361,715.712126,717.571154,615.712126,0.686687695,0.604217082,1
pi3bplus_v2_power_corrected_preflight_20260909T123851Z,pi3bplus,2,0,fit,false,0,695,695,2026-09-09T12:47:20Z,790190250573,lucid_revision,n1024,1024,B2,1.0,39.704,39.704,1400.000,1400.000,1400.000,1400.000,1.760072,67.288462,1.893872,639.593074,0.259058,713.954481,715.731688,613.954481,0.694929139,0.607684920,1
pi3bplus_v2_power_corrected_preflight_20260909T123851Z,pi3bplus,2,0,fit,false,0,696,696,2026-09-09T12:47:21Z,790907997433,lucid_revision,n1024,1024,B2,1.0,39.704,39.166,1400.000,1400.000,1400.000,1400.000,1.709448,68.059545,1.822571,641.868206,0.183695,716.870750,718.628010,616.870750,0.689584313,0.598916477,1
pi3bplus_v2_power_corrected_preflight_20260909T123851Z,pi3bplus,2,0,fit,false,0,697,697,2026-09-09T12:47:22Z,791628617594,lucid_revision,n1024,1024,B2,1.0,40.242,40.242,1400.000,1400.000,1400.000,1400.000,1.711323,67.613307,1.802207,637.591112,0.182965,712.088461,713.863846,612.088461,0.698006121,0.613887059,1
pi3bplus_v2_power_corrected_preflight_20260909T123851Z,pi3bplus,2,0,fit,false,0,698,698,2026-09-09T12:47:23Z,792344476456,lucid_revision,n1024,1024,B2,1.0,39.704,40.242,1400.000,1400.000,1400.000,1400.000,1.708563,68.304808,1.815488,641.040294,0.182236,716.254769,718.022706,616.254769,0.674068800,0.585163230,1
pi3bplus_v2_power_corrected_preflight_20260909T123851Z,pi3bplus,2,0,fit,false,0,699,699,2026-09-09T12:47:23Z,793064482719,lucid_revision,n1024,1024,B2,1.0,39.704,39.166,1400.000,1400.000,1400.000,1400.000,1.703198,67.900961,1.832102,637.913552,0.185413,712.694545,714.458993,612.694545,0.668487801,0.583679643,1
pi3bplus_v2_power_corrected_preflight_20260909T123851Z,pi3bplus,2,0,fit,false,0,700,700,2026-09-09T12:47:24Z,793780926155,lucid_revision,n1024,1024,B2,1.0,39.704,39.704,1400.000,1400.000,1400.000,1400.000,1.715958,68.997402,2.461310,639.683953,0.177653,717.023393,718.799716,617.023393,0.679344913,0.595743840,1
pi3bplus_v2_power_corrected_preflight_20260909T123851Z,pi3bplus,2,0,fit,false,0,701,701,2026-09-09T12:47:25Z,794501753386,lucid_revision,n1024,1024,B2,1.0,39.704,39.704,1400.000,1400.000,1400.000,1400.000,1.724552,67.821698,1.841738,637.054852,0.176820,711.796738,713.572487,611.796738,0.697203682,0.609377472,1
pi3bplus_v2_power_corrected_preflight_20260909T123851Z,pi3bplus,2,0,fit,false,0,702,702,2026-09-09T12:47:25Z,795217308702,lucid_revision,n1024,1024,B2,1.0,39.704,39.704,1400.000,1400.000,1400.000,1400.000,1.709344,67.493320,1.818926,640.892572,0.178330,715.296029,717.067768,615.296029,0.692445055,0.602403393,1
pi3bplus_v2_power_corrected_preflight_20260909T123851Z,pi3bplus,2,0,fit,false,0,703,703,2026-09-09T12:47:26Z,795936420235,lucid_revision,n1024,1024,B2,1.0,39.166,39.704,1400.000,1400.000,1400.000,1400.000,1.721115,67.783680,1.800280,638.162118,0.179111,712.850259,714.616738,612.850259,0.687057754,0.601516293,1
pi3bplus_v2_power_corrected_preflight_20260909T123851Z,pi3bplus,2,0,fit,false,0,704,704,2026-09-09T12:47:27Z,796653061832,lucid_revision,n1024,1024,B2,1.0,39.704,39.704,1400.000,1400.000,1400.000,1400.000,1.718406,68.232999,1.835853,640.137204,0.179372,715.383566,717.159055,615.383566,0.677580431,0.590031348,1
pi3bplus_v2_power_corrected_preflight_20260909T123851Z,pi3bplus,2,0,fit,false,0,705,705,2026-09-09T12:47:28Z,797372211321,lucid_revision,n1024,1024,B2,1.0,39.704,39.704,1400.000,1400.000,1400.000,1400.000,1.708355,67.422600,1.802728,637.070406,0.178694,711.351477,713.258474,611.351477,0.683519078,0.599888053,1
pi3bplus_v2_power_corrected_preflight_20260909T123851Z,pi3bplus,2,0,fit,false,0,706,706,2026-09-09T12:47:28Z,798087438666,lucid_revision,n1024,1024,B2,1.0,39.704,39.704,1400.000,1400.000,1400.000,1400.000,1.767313,67.599419,1.860279,640.880206,0.178018,715.442314,717.340353,615.442314,0.670801165,0.587102984,1
pi3bplus_v2_power_corrected_preflight_20260909T123851Z,pi3bplus,2,0,fit,false,0,707,707,2026-09-09T12:47:29Z,798806721797,lucid_revision,n1024,1024,B2,1.0,39.704,39.704,1400.000,1400.000,1400.000,1400.000,1.775072,67.603068,2.516674,637.398566,0.253589,713.511066,715.276607,613.511066,0.697366821,0.607252930,1
pi3bplus_v2_power_corrected_preflight_20260909T123851Z,pi3bplus,2,0,fit,false,0,708,708,2026-09-09T12:47:30Z,799523924568,lucid_revision,n1024,1024,B2,1.0,39.704,39.704,1400.000,1400.000,1400.000,1400.000,1.753510,67.865254,1.811010,640.856332,0.186351,715.630995,717.531534,615.630995,0.691748508,0.600732107,1
pi3bplus_v2_power_corrected_preflight_20260909T123851Z,pi3bplus,2,0,fit,false,0,709,709,2026-09-09T12:47:30Z,800243450755,lucid_revision,n1024,1024,B2,1.0,39.704,39.704,1400.000,1400.000,1400.000,1400.000,1.776166,67.080322,1.858873,638.092295,0.184788,712.102286,714.013138,612.102286,0.678247602,0.596429869,1
pi3bplus_v2_power_corrected_preflight_20260909T123851Z,pi3bplus,2,0,fit,false,0,710,710,2026-09-09T12:47:31Z,800959385890,lucid_revision,n1024,1024,B2,1.0,39.704,39.704,1400.000,1400.000,1400.000,1400.000,1.795333,67.638073,1.881061,640.475292,0.175205,715.105377,716.967219,615.105377,0.679921620,0.590706096,1
pi3bplus_v2_power_corrected_preflight_20260909T123851Z,pi3bplus,2,0,fit,false,0,711,711,2026-09-09T12:47:32Z,801678299637,lucid_revision,n1024,1024,B2,1.0,40.242,40.242,1400.000,1400.000,1400.000,1400.000,1.751948,67.851197,1.896685,637.404111,0.183903,712.239977,714.100257,612.239977,0.688198930,0.604886644,1
pi3bplus_v2_power_corrected_preflight_20260909T123851Z,pi3bplus,2,0,fit,false,0,712,712,2026-09-09T12:47:33Z,802394336839,lucid_revision,n1024,1024,B2,1.0,39.704,39.704,1400.000,1400.000,1400.000,1400.000,1.740699,68.559677,1.890644,641.413386,0.175726,716.906691,718.754731,616.906691,0.669258553,0.584801970,1
pi3bplus_v2_power_corrected_preflight_20260909T123851Z,pi3bplus,2,0,fit,false,0,713,713,2026-09-09T12:47:33Z,803115076118,lucid_revision,n1024,1024,B2,1.0,39.704,39.704,1400.000,1400.000,1400.000,1400.000,1.815176,67.566569,1.878561,637.271191,0.177497,711.819618,713.699376,611.819618,0.703279053,0.614033142,1
pi3bplus_v2_power_corrected_preflight_20260909T123851Z,pi3bplus,2,0,fit,false,0,714,714,2026-09-09T12:47:34Z,803830752855,lucid_revision,n1024,1024,B2,1.0,39.704,40.242,1400.000,1400.000,1400.000,1400.000,1.753615,67.961358,2.529227,640.286778,0.185934,716.740747,718.627121,616.740747,0.690743827,0.603133326,1
pi3bplus_v2_power_corrected_preflight_20260909T123851Z,pi3bplus,2,0,fit,false,0,715,715,2026-09-09T12:47:35Z,804551310827,lucid_revision,n1024,1024,B2,1.0,39.704,40.242,1400.000,1400.000,1400.000,1400.000,1.763302,67.630689,1.884550,638.877703,0.176924,713.468375,715.218344,613.468375,0.675330036,0.589056473,1
pi3bplus_v2_power_corrected_preflight_20260909T123851Z,pi3bplus,2,0,fit,false,0,716,716,2026-09-09T12:47:36Z,805268570854,lucid_revision,n1024,1024,B2,1.0,39.704,39.704,1400.000,1400.000,1400.000,1400.000,1.723772,68.298441,1.837884,641.382113,0.175987,716.652880,718.407589,616.652880,0.672012809,0.584617194,1
pi3bplus_v2_power_corrected_preflight_20260909T123851Z,pi3bplus,2,0,fit,false,0,717,717,2026-09-09T12:47:36Z,805989010959,lucid_revision,n1024,1024,B2,1.0,39.704,39.704,1400.000,1400.000,1400.000,1400.000,1.715178,67.181637,1.794188,636.281543,0.179580,710.305093,712.181414,610.305093,0.694171738,0.610839195,1
pi3bplus_v2_power_corrected_preflight_20260909T123851Z,pi3bplus,2,0,fit,false,0,718,718,2026-09-09T12:47:37Z,806703128017,lucid_revision,n1024,1024,B2,1.0,39.704,39.704,1400.000,1400.000,1400.000,1400.000,1.768458,67.808713,1.860384,640.184355,0.177913,714.935967,716.700103,614.935967,0.676118644,0.588522377,1
pi3bplus_v2_power_corrected_preflight_20260909T123851Z,pi3bplus,2,0,fit,false,0,719,719,2026-09-09T12:47:38Z,807421816523,lucid_revision,n1024,1024,B2,1.0,39.704,39.704,1400.000,1400.000,1400.000,1400.000,1.694190,67.249818,1.808198,639.323400,0.177497,713.397110,715.293119,613.397110,0.700551744,0.613002651,1
pi3bplus_v2_power_corrected_preflight_20260909T123851Z,pi3bplus,2,0,fit,false,0,720,720,2026-09-09T12:47:38Z,808139046952,lucid_revision,n1024,1024,B2,1.0,39.704,40.780,1400.000,1400.000,1400.000,1400.000,1.775281,68.048555,1.888873,640.335647,0.184164,715.361423,717.203058,615.361423,0.691752354,0.605667218,1
pi3bplus_v2_power_corrected_preflight_20260909T123851Z,pi3bplus,2,0,fit,false,0,721,721,2026-09-09T12:47:39Z,808858197945,lucid_revision,n1024,1024,B2,1.0,39.704,39.704,1400.000,1400.000,1400.000,1400.000,1.697679,67.372632,2.539644,637.642166,0.180934,713.440276,715.332119,613.440276,0.671155044,0.583985620,1
pi3bplus_v2_power_corrected_preflight_20260909T123851Z,pi3bplus,2,0,fit,false,0,722,722,2026-09-09T12:47:40Z,809575503207,lucid_revision,n1024,1024,B2,1.0,39.704,39.704,1400.000,1400.000,1400.000,1400.000,1.761271,67.726795,1.862572,641.230764,0.185674,715.899366,717.773031,615.899366,0.674719518,0.587657905,1
pi3bplus_v2_power_corrected_preflight_20260909T123851Z,pi3bplus,2,0,fit,false,0,723,723,2026-09-09T12:47:41Z,810295217351,lucid_revision,n1024,1024,B2,1.0,39.704,40.242,1400.000,1400.000,1400.000,1400.000,1.762157,67.443104,1.893144,638.730467,0.182184,713.198554,714.961336,613.198554,0.692970779,0.608352295,1
pi3bplus_v2_power_corrected_preflight_20260909T123851Z,pi3bplus,2,0,fit,false,0,724,724,2026-09-09T12:47:41Z,811012201048,lucid_revision,n1024,1024,B2,1.0,39.704,39.704,1400.000,1400.000,1400.000,1400.000,1.698513,67.799244,1.819499,640.335615,0.187393,715.046823,716.914447,615.046823,0.682600425,0.596253442,1
pi3bplus_v2_power_corrected_preflight_20260909T123851Z,pi3bplus,2,0,fit,false,0,725,725,2026-09-09T12:47:42Z,811731084576,lucid_revision,n1024,1024,B2,1.0,39.704,39.704,1400.000,1400.000,1400.000,1400.000,1.751585,66.968636,1.941060,637.626404,0.188487,711.640805,713.517023,611.640805,0.688587755,0.600888213,1
pi3bplus_v2_power_corrected_preflight_20260909T123851Z,pi3bplus,2,0,fit,false,0,726,726,2026-09-09T12:47:43Z,812446535107,lucid_revision,n1024,1024,B2,1.0,39.704,40.242,1400.000,1400.000,1400.000,1400.000,1.751533,67.817375,1.860020,641.768070,0.174060,716.506212,718.391439,616.506212,0.696020531,0.607963539,1
pi3bplus_v2_power_corrected_preflight_20260909T123851Z,pi3bplus,2,0,fit,false,0,727,727,2026-09-09T12:47:43Z,813166913491,lucid_revision,n1024,1024,B2,1.0,39.704,39.704,1400.000,1400.000,1400.000,1400.000,1.767365,67.525088,1.853406,637.459367,0.176195,711.891940,713.763783,611.891940,0.674428632,0.586617053,1
pi3bplus_v2_power_corrected_preflight_20260909T123851Z,pi3bplus,2,0,fit,false,0,728,728,2026-09-09T12:47:44Z,813882621408,lucid_revision,n1024,1024,B2,1.0,39.704,39.704,1400.000,1400.000,1400.000,1400.000,1.755751,69.489327,2.692610,640.201365,0.186038,718.443407,720.205720,618.443407,0.669028363,0.582897132,1
pi3bplus_v2_power_corrected_preflight_20260909T123851Z,pi3bplus,2,0,fit,false,0,729,729,2026-09-09T12:47:45Z,814604809855,lucid_revision,n1024,1024,B2,1.0,39.704,39.704,1400.000,1400.000,1400.000,1400.000,1.708981,67.133537,1.786168,638.636406,0.182914,712.634617,714.411045,612.634617,0.691643235,0.606960140,1
pi3bplus_v2_power_corrected_preflight_20260909T123851Z,pi3bplus,2,0,fit,false,0,730,730,2026-09-09T12:47:46Z,815321201283,lucid_revision,n1024,1024,B2,1.0,39.704,39.704,1400.000,1400.000,1400.000,1400.000,1.734137,67.414681,1.784657,641.550493,0.175049,715.830369,717.601120,615.830369,0.692111324,0.607036852,1
pi3bplus_v2_power_corrected_preflight_20260909T123851Z,pi3bplus,2,0,fit,false,0,731,731,2026-09-09T12:47:46Z,816040830181,lucid_revision,n1024,1024,B2,1.0,40.242,39.704,1400.000,1400.000,1400.000,1400.000,1.739189,67.552178,1.830906,637.543029,0.186351,712.019516,713.785475,612.019516,0.685286433,0.595346091,1
pi3bplus_v2_power_corrected_preflight_20260909T123851Z,pi3bplus,2,0,fit,false,0,732,732,2026-09-09T12:47:47Z,816756609737,lucid_revision,n1024,1024,B2,1.0,39.704,39.704,1400.000,1400.000,1400.000,1400.000,1.713096,68.132484,1.831167,639.722484,0.179632,714.820890,716.707629,614.820890,0.703084525,0.617818883,1
pi3bplus_v2_power_corrected_preflight_20260909T123851Z,pi3bplus,2,0,fit,false,0,733,733,2026-09-09T12:47:48Z,817475253114,lucid_revision,n1024,1024,B2,1.0,39.704,39.704,1400.000,1400.000,1400.000,1400.000,1.767210,67.165368,1.872052,638.674132,0.229475,712.812715,714.605602,612.812715,0.672790696,0.583992072,1
pi3bplus_v2_power_corrected_preflight_20260909T123851Z,pi3bplus,2,0,fit,false,0,734,734,2026-09-09T12:47:48Z,818191853057,lucid_revision,n1024,1024,B2,1.0,40.242,39.704,1400.000,1400.000,1400.000,1400.000,1.766845,67.633433,1.811897,639.623411,0.177602,714.205528,716.010185,614.205528,0.664299922,0.578470735,1
pi3bplus_v2_power_corrected_preflight_20260909T123851Z,pi3bplus,2,0,fit,false,0,735,735,2026-09-09T12:47:49Z,818909953258,lucid_revision,n1024,1024,B2,1.0,39.704,39.704,1400.000,1400.000,1400.000,1400.000,1.702887,67.785203,2.528968,637.789967,0.178122,713.957945,715.833382,613.957945,0.686606490,0.604348719,1
pi3bplus_v2_power_corrected_preflight_20260909T123851Z,pi3bplus,2,0,fit,false,0,736,736,2026-09-09T12:47:50Z,819627716868,lucid_revision,n1024,1024,B2,1.0,39.704,39.704,1400.000,1400.000,1400.000,1400.000,1.760752,68.042233,1.813824,639.567086,0.177237,714.545190,716.376461,614.545190,0.693264414,0.605842080,1
pi3bplus_v2_power_corrected_preflight_20260909T123851Z,pi3bplus,2,0,fit,false,0,737,737,2026-09-09T12:47:51Z,820346026682,lucid_revision,n1024,1024,B2,1.0,39.166,39.704,1400.000,1400.000,1400.000,1400.000,1.704607,67.193760,1.811011,638.570508,0.181143,712.633319,714.513339,612.633319,0.686843077,0.596296837,1
pi3bplus_v2_power_corrected_preflight_20260909T123851Z,pi3bplus,2,0,fit,false,0,738,738,2026-09-09T12:47:51Z,821062508165,lucid_revision,n1024,1024,B2,1.0,39.704,39.166,1400.000,1400.000,1400.000,1400.000,1.754501,67.878904,1.827573,640.846947,0.175726,715.625528,717.389404,615.625528,0.700234625,0.615942740,1
pi3bplus_v2_power_corrected_preflight_20260909T123851Z,pi3bplus,2,0,fit,false,0,739,739,2026-09-09T12:47:52Z,821781931129,lucid_revision,n1024,1024,B2,1.0,39.704,39.704,1400.000,1400.000,1400.000,1400.000,1.719138,67.855209,1.876167,637.687691,0.180570,712.489190,714.333013,612.489190,0.674063957,0.585224490,1
pi3bplus_v2_power_corrected_preflight_20260909T123851Z,pi3bplus,2,0,fit,false,0,740,740,2026-09-09T12:47:53Z,822498204161,lucid_revision,n1024,1024,B2,1.0,39.704,40.242,1400.000,1400.000,1400.000,1400.000,1.695284,68.276455,1.869083,645.077530,0.186716,720.217984,722.356594,620.217984,0.668782945,0.584427045,1
pi3bplus_v2_power_corrected_preflight_20260909T123851Z,pi3bplus,2,0,fit,false,0,741,741,2026-09-09T12:47:53Z,823222649053,lucid_revision,n1024,1024,B2,1.0,39.704,40.242,1400.000,1400.000,1400.000,1400.000,2.138402,68.730199,1.794032,642.811341,0.201142,718.956727,721.458352,618.956727,0.680713956,0.596401130,1
pi3bplus_v2_power_corrected_preflight_20260909T123851Z,pi3bplus,2,0,fit,false,0,742,742,2026-09-09T12:47:54Z,823946252317,lucid_revision,n1024,1024,B2,1.0,40.242,39.704,1400.000,1400.000,1400.000,1400.000,1.787574,68.844886,1.820542,640.159213,0.175934,716.370485,718.238006,616.370485,0.697528635,0.610127637,1
pi3bplus_v2_power_corrected_preflight_20260909T123851Z,pi3bplus,2,0,fit,false,0,743,743,2026-09-09T12:47:55Z,824666432217,lucid_revision,n1024,1024,B2,1.0,39.704,40.242,1400.000,1400.000,1400.000,1400.000,1.748929,67.371735,1.884292,637.327502,0.176716,711.685892,713.456279,611.685892,0.690539247,0.599842682,1
pi3bplus_v2_power_corrected_preflight_20260909T123851Z,pi3bplus,2,0,fit,false,0,744,744,2026-09-09T12:47:56Z,825381885806,lucid_revision,n1024,1024,B2,1.0,39.704,40.780,1400.000,1400.000,1400.000,1400.000,1.702628,67.811522,1.880073,639.353424,0.177184,714.088008,715.947404,614.088008,0.690587655,0.605716545,1
pi3bplus_v2_power_corrected_preflight_20260909T123851Z,pi3bplus,2,0,fit,false,0,745,745,2026-09-09T12:47:56Z,826099809219,lucid_revision,n1024,1024,B2,1.0,39.704,39.704,1400.000,1400.000,1400.000,1400.000,1.793668,67.234396,1.842781,636.288339,0.176716,710.439130,712.338786,610.439130,0.676719353,0.588392848,1
pi3bplus_v2_power_corrected_preflight_20260909T123851Z,pi3bplus,2,0,fit,false,0,746,746,2026-09-09T12:47:57Z,826814139846,lucid_revision,n1024,1024,B2,1.0,39.704,39.704,1400.000,1400.000,1400.000,1400.000,1.697471,67.737255,1.863927,641.102542,0.177653,715.756401,717.567465,615.756401,0.680219305,0.597263964,1
pi3bplus_v2_power_corrected_preflight_20260909T123851Z,pi3bplus,2,0,fit,false,0,747,747,2026-09-09T12:47:58Z,827533732850,lucid_revision,n1024,1024,B2,1.0,39.704,39.704,1400.000,1400.000,1400.000,1400.000,1.717680,67.455075,1.820439,636.814657,0.178226,711.135868,712.907557,611.135868,0.672781780,0.588916756,1
pi3bplus_v2_power_corrected_preflight_20260909T123851Z,pi3bplus,2,0,fit,false,0,748,748,2026-09-09T12:47:58Z,828248710425,lucid_revision,n1024,1024,B2,1.0,39.704,40.242,1400.000,1400.000,1400.000,1400.000,1.707003,68.289854,1.845959,641.368355,0.188382,716.546323,718.340512,616.546323,0.697121852,0.606947061,1
pi3bplus_v2_power_corrected_preflight_20260909T123851Z,pi3bplus,2,0,fit,false,0,749,749,2026-09-09T12:47:59Z,828969062987,lucid_revision,n1024,1024,B2,1.0,39.704,39.704,1400.000,1400.000,1400.000,1400.000,1.728044,67.162322,2.578760,637.491663,0.184216,713.120562,714.897772,613.120562,0.692175278,0.601954109,1
pi3bplus_v2_power_corrected_preflight_20260909T123851Z,pi3bplus,2,0,fit,false,0,750,750,2026-09-09T12:48:00Z,829685960310,lucid_revision,n1024,1024,B2,1.0,39.704,39.704,1400.000,1400.000,1400.000,1400.000,1.703305,67.628045,1.842418,641.404267,0.185049,715.950634,717.712324,615.950634,0.678978790,0.595677879,1
pi3bplus_v2_power_corrected_preflight_20260909T123851Z,pi3bplus,2,0,fit,false,0,751,751,2026-09-09T12:48:01Z,830405673434,lucid_revision,n1024,1024,B2,1.0,39.704,39.704,1400.000,1400.000,1400.000,1400.000,1.716117,67.649193,1.823824,637.757573,0.183018,712.291756,714.054748,612.291756,0.678189465,0.589723069,1
pi3bplus_v2_power_corrected_preflight_20260909T123851Z,pi3bplus,2,0,fit,false,0,752,752,2026-09-09T12:48:01Z,831121712472,lucid_revision,n1024,1024,B2,1.0,40.780,39.704,1400.000,1400.000,1400.000,1400.000,1.703201,68.012573,1.955385,639.707404,0.180310,714.773298,716.543998,614.773298,0.688062159,0.604751086,1
pi3bplus_v2_power_corrected_preflight_20260909T123851Z,pi3bplus,2,0,fit,false,0,753,753,2026-09-09T12:48:02Z,831840243780,lucid_revision,n1024,1024,B2,1.0,39.704,39.704,1400.000,1400.000,1400.000,1400.000,1.699711,67.251234,1.822105,638.096610,0.180206,712.242417,714.009159,612.242417,0.671272213,0.587756786,1
pi3bplus_v2_power_corrected_preflight_20260909T123851Z,pi3bplus,2,0,fit,false,0,754,754,2026-09-09T12:48:03Z,832556283114,lucid_revision,n1024,1024,B2,1.0,39.704,40.780,1400.000,1400.000,1400.000,1400.000,1.735440,68.063878,1.800960,640.493405,0.183851,715.454565,717.280160,615.454565,0.701360784,0.611563610,1
pi3bplus_v2_power_corrected_preflight_20260909T123851Z,pi3bplus,2,0,fit,false,0,755,755,2026-09-09T12:48:04Z,833275538554,lucid_revision,n1024,1024,B2,1.0,39.704,39.704,1400.000,1400.000,1400.000,1400.000,1.859084,67.669825,1.875438,638.873296,0.177445,713.561912,715.334748,613.561912,0.689681949,0.601591644,1
pi3bplus_v2_power_corrected_preflight_20260909T123851Z,pi3bplus,2,0,fit,false,0,756,756,2026-09-09T12:48:04Z,833992909362,lucid_revision,n1024,1024,B2,1.0,39.704,39.704,1400.000,1400.000,1400.000,1400.000,1.712888,68.410281,2.655269,639.884337,0.175310,716.850675,718.626011,616.850675,0.676002312,0.589582282,1
pi3bplus_v2_power_corrected_preflight_20260909T123851Z,pi3bplus,2,0,fit,false,0,757,757,2026-09-09T12:48:05Z,834713558517,lucid_revision,n1024,1024,B2,1.0,39.704,40.242,1400.000,1400.000,1400.000,1400.000,1.711170,67.542902,1.820544,636.745389,0.179685,711.191616,712.957160,611.191616,0.673620950,0.584654720,1
pi3bplus_v2_power_corrected_preflight_20260909T123851Z,pi3bplus,2,0,fit,false,0,758,758,2026-09-09T12:48:06Z,835428484759,lucid_revision,n1024,1024,B2,1.0,39.704,39.704,1400.000,1400.000,1400.000,1400.000,1.697733,67.961335,1.812158,641.553243,0.175622,716.405455,718.154020,616.405455,0.694198524,0.612651756,1
pi3bplus_v2_power_corrected_preflight_20260909T123851Z,pi3bplus,2,0,fit,false,0,759,759,2026-09-09T12:48:06Z,836148671558,lucid_revision,n1024,1024,B2,1.0,39.704,39.704,1400.000,1400.000,1400.000,1400.000,1.709086,67.393949,1.827314,637.402133,0.189685,711.793415,713.561198,611.793415,0.676133869,0.589164547,1
pi3bplus_v2_power_corrected_preflight_20260909T123851Z,pi3bplus,2,0,fit,false,0,760,760,2026-09-09T12:48:07Z,836864196005,lucid_revision,n1024,1024,B2,1.0,39.704,39.704,1400.000,1400.000,1400.000,1400.000,1.710076,68.146022,1.815647,641.634315,0.176352,716.655121,718.408894,616.655121,0.699788339,0.611263983,1
pi3bplus_v2_power_corrected_preflight_20260909T123851Z,pi3bplus,2,0,fit,false,0,761,761,2026-09-09T12:48:08Z,837584642418,lucid_revision,n1024,1024,B2,1.0,39.704,39.704,1400.000,1400.000,1400.000,1400.000,1.712837,67.000261,1.823408,637.489134,0.247184,711.442146,713.244981,611.442146,0.690975492,0.605196611,1
pi3bplus_v2_power_corrected_preflight_20260909T123851Z,pi3bplus,2,0,fit,false,0,762,762,2026-09-09T12:48:09Z,838299831691,lucid_revision,n1024,1024,B2,1.0,40.242,39.704,1400.000,1400.000,1400.000,1400.000,1.757940,67.657336,1.792887,641.950383,0.183174,716.607917,718.371170,616.607917,0.672544178,0.584948133,1
pi3bplus_v2_power_corrected_preflight_20260909T123851Z,pi3bplus,2,0,fit,false,0,763,763,2026-09-09T12:48:09Z,839020183974,lucid_revision,n1024,1024,B2,1.0,39.704,39.704,1400.000,1400.000,1400.000,1400.000,1.708462,67.542547,2.568188,639.157526,0.183487,715.156811,717.029853,615.156811,0.675889024,0.589350158,1
pi3bplus_v2_power_corrected_preflight_20260909T123851Z,pi3bplus,2,0,fit,false,0,764,764,2026-09-09T12:48:10Z,839739147181,lucid_revision,n1024,1024,B2,1.0,39.704,39.704,1400.000,1400.000,1400.000,1400.000,1.783148,68.034624,1.878615,639.329359,0.177080,714.335588,716.105351,614.335588,0.691227305,0.606344415,1
pi3bplus_v2_power_corrected_preflight_20260909T123851Z,pi3bplus,2,0,fit,false,0,765,765,2026-09-09T12:48:11Z,840457254062,lucid_revision,n1024,1024,B2,1.0,39.704,39.704,1400.000,1400.000,1400.000,1400.000,1.729972,67.073547,1.821897,637.094513,0.186143,711.118208,712.875003,611.118208,0.680674492,0.594683384,1
pi3bplus_v2_power_corrected_preflight_20260909T123851Z,pi3bplus,2,0,fit,false,0,766,766,2026-09-09T12:48:11Z,841172139813,lucid_revision,n1024,1024,B2,1.0,40.242,39.704,1400.000,1400.000,1400.000,1400.000,1.709452,67.537342,1.793617,640.763848,0.188904,715.191757,717.083705,615.191757,0.690239952,0.602292447,1
pi3bplus_v2_power_corrected_preflight_20260909T123851Z,pi3bplus,2,0,fit,false,0,767,767,2026-09-09T12:48:12Z,841891206455,lucid_revision,n1024,1024,B2,1.0,39.704,39.704,1400.000,1400.000,1400.000,1400.000,1.762524,67.833068,1.933510,638.447178,0.188747,713.278675,715.043595,613.278675,0.696873324,0.609455827,1
pi3bplus_v2_power_corrected_preflight_20260909T123851Z,pi3bplus,2,0,fit,false,0,768,768,2026-09-09T12:48:13Z,842608231164,lucid_revision,n1024,1024,B2,1.0,39.704,39.704,1400.000,1400.000,1400.000,1400.000,1.706535,68.933314,1.816481,639.725190,0.175778,715.539069,717.413466,615.539069,0.671676143,0.583792471,1
pi3bplus_v2_power_corrected_preflight_20260909T123851Z,pi3bplus,2,0,fit,false,0,769,769,2026-09-09T12:48:14Z,843327697357,lucid_revision,n1024,1024,B2,1.0,39.704,40.242,1400.000,1400.000,1400.000,1400.000,1.806377,67.674170,1.849814,637.804249,0.202601,712.583877,714.341401,612.583877,0.673353374,0.586491968,1
pi3bplus_v2_power_corrected_preflight_20260909T123851Z,pi3bplus,2,0,fit,false,0,770,770,2026-09-09T12:48:14Z,844043974664,lucid_revision,n1024,1024,B2,1.0,39.704,39.704,1400.000,1400.000,1400.000,1400.000,1.699712,67.910937,2.776622,640.601459,0.175934,717.234442,719.016862,617.234442,0.688921184,0.605008447,1
pi3bplus_v2_power_corrected_preflight_20260909T123851Z,pi3bplus,2,0,fit,false,0,771,771,2026-09-09T12:48:15Z,844764993264,lucid_revision,n1024,1024,B2,1.0,39.704,39.704,1400.000,1400.000,1400.000,1400.000,1.717524,67.748754,1.800752,637.910263,0.184997,712.537761,714.373512,612.537761,0.692894430,0.607137346,1
pi3bplus_v2_power_corrected_preflight_20260909T123851Z,pi3bplus,2,0,fit,false,0,772,772,2026-09-09T12:48:16Z,845481366900,lucid_revision,n1024,1024,B2,1.0,39.704,39.704,1400.000,1400.000,1400.000,1400.000,1.711743,68.067813,1.843095,640.245603,0.176977,715.204244,716.972028,615.204244,0.682989369,0.592949763,1
pi3bplus_v2_power_corrected_preflight_20260909T123851Z,pi3bplus,2,0,fit,false,0,773,773,2026-09-09T12:48:16Z,846200329677,lucid_revision,n1024,1024,B2,1.0,39.704,39.704,1400.000,1400.000,1400.000,1400.000,1.718878,67.105537,1.831064,636.934113,0.177706,710.922300,712.822999,610.922300,0.703347796,0.618521844,1
pi3bplus_v2_power_corrected_preflight_20260909T123851Z,pi3bplus,2,0,fit,false,0,774,774,2026-09-09T12:48:17Z,846915124676,lucid_revision,n1024,1024,B2,1.0,40.242,39.704,1400.000,1400.000,1400.000,1400.000,1.767003,68.140054,1.870804,640.505317,0.175883,715.607551,717.485229,615.607551,0.674615977,0.585929329,1
pi3bplus_v2_power_corrected_preflight_20260909T123851Z,pi3bplus,2,0,fit,false,0,775,775,2026-09-09T12:48:18Z,847634547426,lucid_revision,n1024,1024,B2,1.0,39.704,39.704,1400.000,1400.000,1400.000,1400.000,1.767419,67.593033,1.870178,638.517443,0.185934,713.092448,715.101895,613.092448,0.665730603,0.579381063,1
pi3bplus_v2_power_corrected_preflight_20260909T123851Z,pi3bplus,2,0,fit,false,0,776,776,2026-09-09T12:48:19Z,848351648039,lucid_revision,n1024,1024,B2,1.0,39.704,39.704,1400.000,1400.000,1400.000,1400.000,1.825908,68.279847,1.854658,640.181495,0.176664,715.547896,717.425054,615.547896,0.687075709,0.604604726,1
pi3bplus_v2_power_corrected_preflight_20260909T123851Z,pi3bplus,2,0,fit,false,0,777,777,2026-09-09T12:48:19Z,849071088738,lucid_revision,n1024,1024,B2,1.0,39.704,39.704,1400.000,1400.000,1400.000,1400.000,1.880960,67.295383,2.556782,636.839533,0.178435,712.762487,714.640165,612.762487,0.690332017,0.603323154,1
pi3bplus_v2_power_corrected_preflight_20260909T123851Z,pi3bplus,2,0,fit,false,0,778,778,2026-09-09T12:48:20Z,849787660018,lucid_revision,n1024,1024,B2,1.0,39.704,39.704,1400.000,1400.000,1400.000,1400.000,2.278037,67.658505,1.805127,641.986858,0.176976,717.103473,718.859852,617.103473,0.685547263,0.595604075,1
pi3bplus_v2_power_corrected_preflight_20260909T123851Z,pi3bplus,2,0,fit,false,0,779,779,2026-09-09T12:48:21Z,850508518588,lucid_revision,n1024,1024,B2,1.0,39.704,39.704,1400.000,1400.000,1400.000,1400.000,1.713462,67.385178,1.808461,638.560465,0.177966,712.831210,714.598109,612.831210,0.703926583,0.619715773,1
pi3bplus_v2_power_corrected_preflight_20260909T123851Z,pi3bplus,2,0,fit,false,0,780,780,2026-09-09T12:48:21Z,851225149426,lucid_revision,n1024,1024,B2,1.0,39.704,39.704,1400.000,1400.000,1400.000,1400.000,1.698671,68.066262,1.821847,640.523995,0.179112,715.480459,717.623862,615.480459,0.673845994,0.584095954,1
pi3bplus_v2_power_corrected_preflight_20260909T123851Z,pi3bplus,2,0,fit,false,0,781,781,2026-09-09T12:48:22Z,851945114814,lucid_revision,n1024,1024,B2,1.0,40.242,39.704,1400.000,1400.000,1400.000,1400.000,1.738827,67.574552,1.813409,637.501189,0.180101,711.996048,713.762530,611.996048,0.666076759,0.581951579,1
pi3bplus_v2_power_corrected_preflight_20260909T123851Z,pi3bplus,2,0,fit,false,0,782,782,2026-09-09T12:48:23Z,852660870594,lucid_revision,n1024,1024,B2,1.0,39.704,40.242,1400.000,1400.000,1400.000,1400.000,1.723567,67.919444,1.791743,641.421503,0.176091,716.217869,717.980237,616.217869,0.682251469,0.598136677,1
pi3bplus_v2_power_corrected_preflight_20260909T123851Z,pi3bplus,2,0,fit,false,0,783,783,2026-09-09T12:48:24Z,853380858038,lucid_revision,n1024,1024,B2,1.0,40.242,39.704,1400.000,1400.000,1400.000,1400.000,1.717682,67.578618,1.819815,638.444794,0.185362,712.887574,714.660463,612.887574,0.694750426,0.607134675,1
pi3bplus_v2_power_corrected_preflight_20260909T123851Z,pi3bplus,2,0,fit,false,0,784,784,2026-09-09T12:48:24Z,854097492168,lucid_revision,n1024,1024,B2,1.0,39.704,39.166,1400.000,1400.000,1400.000,1400.000,1.712316,68.312044,2.660531,639.669217,0.182602,716.536438,718.305525,616.536438,0.692546974,0.601506878,1
pi3bplus_v2_power_corrected_preflight_20260909T123851Z,pi3bplus,2,0,fit,false,0,785,785,2026-09-09T12:48:25Z,854817805161,lucid_revision,n1024,1024,B2,1.0,39.704,39.166,1400.000,1400.000,1400.000,1400.000,1.714712,67.384612,1.797679,638.218573,0.177498,712.441307,714.277424,612.441307,0.693575479,0.609173475,1
pi3bplus_v2_power_corrected_preflight_20260909T123851Z,pi3bplus,2,0,fit,false,0,786,786,2026-09-09T12:48:26Z,855534036096,lucid_revision,n1024,1024,B2,1.0,40.242,39.704,1400.000,1400.000,1400.000,1400.000,1.695911,67.580653,1.864085,639.985171,0.183278,714.525193,716.270269,614.525193,0.676507981,0.588676920,1
pi3bplus_v2_power_corrected_preflight_20260909T123851Z,pi3bplus,2,0,fit,false,0,787,787,2026-09-09T12:48:27Z,856252366750,lucid_revision,n1024,1024,B2,1.0,39.704,40.242,1400.000,1400.000,1400.000,1400.000,1.712161,67.655758,1.802680,638.416098,0.184059,712.951748,714.722189,612.951748,0.675807288,0.592424004,1
pi3bplus_v2_power_corrected_preflight_20260909T123851Z,pi3bplus,2,0,fit,false,0,788,788,2026-09-09T12:48:27Z,856969107709,lucid_revision,n1024,1024,B2,1.0,39.704,39.704,1400.000,1400.000,1400.000,1400.000,1.716431,68.458350,1.861689,639.415678,0.177602,714.878605,716.707326,614.878605,0.675819136,0.591962803,1
pi3bplus_v2_power_corrected_preflight_20260909T123851Z,pi3bplus,2,0,fit,false,0,789,789,2026-09-09T12:48:28Z,857687741984,lucid_revision,n1024,1024,B2,1.0,39.704,40.242,1400.000,1400.000,1400.000,1400.000,1.770285,67.061603,1.891845,636.845051,0.183643,710.858055,712.714796,610.858055,0.698451572,0.607223121,1
pi3bplus_v2_power_corrected_preflight_20260909T123851Z,pi3bplus,2,0,fit,false,0,790,790,2026-09-09T12:48:29Z,858402442166,lucid_revision,n1024,1024,B2,1.0,39.704,39.704,1400.000,1400.000,1400.000,1400.000,1.739713,67.640762,1.819086,639.758092,0.176820,714.331610,716.090749,614.331610,0.689967656,0.600308572,1
pi3bplus_v2_power_corrected_preflight_20260909T123851Z,pi3bplus,2,0,fit,false,0,791,791,2026-09-09T12:48:29Z,859120507467,lucid_revision,n1024,1024,B2,1.0,39.704,39.704,1400.000,1400.000,1400.000,1400.000,1.695129,67.494201,3.191617,638.386775,0.178434,714.571726,716.454041,614.571726,0.679819216,0.596657527,1
pi3bplus_v2_power_corrected_preflight_20260909T123851Z,pi3bplus,2,0,fit,false,0,792,792,2026-09-09T12:48:30Z,859838890852,lucid_revision,n1024,1024,B2,1.0,39.166,39.704,1400.000,1400.000,1400.000,1400.000,1.753775,68.026070,1.897991,640.693363,0.183279,715.689065,717.553619,615.689065,0.678015174,0.590071667,1
pi3bplus_v2_power_corrected_preflight_20260909T123851Z,pi3bplus,2,0,fit,false,0,793,793,2026-09-09T12:48:31Z,860558396992,lucid_revision,n1024,1024,B2,1.0,39.704,39.704,1400.000,1400.000,1400.000,1400.000,1.743983,67.011817,1.813461,637.724669,0.183174,711.648098,713.410154,611.648098,0.688032288,0.604658433,1
pi3bplus_v2_power_corrected_preflight_20260909T123851Z,pi3bplus,2,0,fit,false,0,794,794,2026-09-09T12:48:32Z,861273809406,lucid_revision,n1024,1024,B2,1.0,39.704,39.704,1400.000,1400.000,1400.000,1400.000,1.696380,67.581081,1.803878,639.503825,0.186247,713.943237,715.800760,613.943237,0.671491990,0.587683499,1
pi3bplus_v2_power_corrected_preflight_20260909T123851Z,pi3bplus,2,0,fit,false,0,795,795,2026-09-09T12:48:32Z,861991556958,lucid_revision,n1024,1024,B2,1.0,39.704,40.242,1400.000,1400.000,1400.000,1400.000,1.765181,67.530249,1.875283,638.291512,0.188904,712.869099,714.636832,612.869099,0.699724908,0.610206588,1
pi3bplus_v2_power_corrected_preflight_20260909T123851Z,pi3bplus,2,0,fit,false,0,796,796,2026-09-09T12:48:33Z,862708175634,lucid_revision,n1024,1024,B2,1.0,39.704,39.704,1400.000,1400.000,1400.000,1400.000,1.707005,68.174928,1.826014,640.554924,0.186456,715.622453,717.505132,615.622453,0.690017107,0.601577541,1
pi3bplus_v2_power_corrected_preflight_20260909T123851Z,pi3bplus,2,0,fit,false,0,797,797,2026-09-09T12:48:34Z,863427657611,lucid_revision,n1024,1024,B2,1.0,39.704,39.704,1400.000,1400.000,1400.000,1400.000,1.760181,67.528221,1.898408,637.317695,0.183851,711.818099,713.705049,611.818099,0.677505810,0.591521396,1
pi3bplus_v2_power_corrected_preflight_20260909T123851Z,pi3bplus,2,0,fit,false,0,798,798,2026-09-09T12:48:34Z,864143339921,lucid_revision,n1024,1024,B2,1.0,39.704,39.704,1400.000,1400.000,1400.000,1400.000,1.767421,67.676136,3.396770,640.837344,0.178070,717.368133,719.139616,617.368133,0.672527916,0.583943855,1
pi3bplus_v2_power_corrected_preflight_20260909T123851Z,pi3bplus,2,0,fit,false,0,799,799,2026-09-09T12:48:35Z,864864476642,lucid_revision,n1024,1024,B2,1.0,39.704,39.704,1400.000,1400.000,1400.000,1400.000,1.707161,67.488484,1.818513,639.075610,0.183123,713.427112,715.190887,613.427112,0.693084166,0.611355939,1
