device_id,split,action,workload_bin,background,obs_id,tau_measured_ms,tau_hat_ms,tau_residual_ms,T_next_measured_C,T_next_hat_C,T_residual_C
pi3bplus,fit,lucid_revision,n16,B0,0,15.208642,15.208642,0.0,31.096,31.82894011526666,-0.7329401152666613
pi3bplus,fit,lucid_revision,n16,B0,1,14.001315,15.208642,-1.2073269999999994,31.634,31.828174781381144,-0.1941747813811432
pi3bplus,fit,lucid_revision,n16,B0,2,13.803818,15.208642,-1.4048239999999996,31.096,31.828049586511497,-0.7320495865114971
pi3bplus,fit,lucid_revision,n16,B0,3,13.96142,15.208642,-1.247221999999999,31.096,31.828149491633326,-0.7321494916333258
pi3bplus,fit,lucid_revision,n16,B0,4,13.839183,15.208642,-1.369458999999999,31.634,31.82807200465742,-0.19407200465742136
pi3bplus,fit,lucid_revision,n16,B0,5,14.052148,15.208642,-1.1564939999999986,31.096,31.828207004811418,-0.7322070048114178
pi3bplus,fit,lucid_revision,n16,B0,6,13.877202,15.208642,-1.3314399999999988,32.172,31.37037115493733,0.8016288450626661
pi3bplus,fit,lucid_revision,n16,B0,7,13.725018,15.208642,-1.483623999999999,32.172,31.370274684327434,0.801725315672563
pi3bplus,fit,lucid_revision,n16,B0,8,13.852412,15.208642,-1.35623,31.096,31.370355440365373,-0.2743554403653725
pi3bplus,fit,lucid_revision,n16,B0,9,13.755017,15.208642,-1.4536249999999988,31.096,31.828018651181672,-0.7320186511816722
pi3bplus,fit,lucid_revision,n16,B0,10,13.877047,15.208642,-1.331595,31.634,31.37037105668164,0.2636289433183592
pi3bplus,fit,lucid_revision,n16,B0,11,13.884859,15.208642,-1.3237829999999988,31.634,32.28582590928272,-0.6518259092827208
pi3bplus,fit,lucid_revision,n16,B0,12,13.755642,15.208642,-1.4529999999999994,32.172,31.828019047373992,0.3439809526260049
pi3bplus,fit,lucid_revision,n16,B0,13,13.831631,15.208642,-1.3770109999999995,31.634,31.828067217386447,-0.19406721738644706
pi3bplus,fit,lucid_revision,n16,B0,14,13.953451,15.208642,-1.255191,31.096,31.82814444002284,-0.7321444400228394
pi3bplus,fit,lucid_revision,n16,B0,15,13.742778,15.208642,-1.4658639999999998,31.634,32.285735843042346,-0.6517358430423457
pi3bplus,fit,lucid_revision,n16,B0,16,13.893141,15.208642,-1.3155009999999994,31.634,31.828106209049267,-0.19410620904926645
pi3bplus,fit,lucid_revision,n16,B0,17,13.891682,15.208642,-1.31696,32.172,31.828105284177923,0.3438947158220742
pi3bplus,fit,lucid_revision,n16,B0,18,13.785069,15.208642,-1.4235729999999993,31.634,32.28576265163302,-0.651762651633021
pi3bplus,fit,lucid_revision,n16,B0,19,13.854911,15.208642,-1.3537309999999998,32.172,32.285806925014825,-0.1138069250148277
pi3bplus,fit,lucid_revision,n16,B0,20,13.820746,15.208642,-1.3878959999999996,31.634,31.370335367044042,0.2636646329559582
pi3bplus,fit,lucid_revision,n16,B0,21,13.784653,15.208642,-1.4239889999999988,32.172,31.828037437670368,0.3439625623296294
pi3bplus,fit,lucid_revision,n16,B0,22,13.925484,15.208642,-1.2831579999999985,31.634,31.370401761269058,0.26359823873094257
pi3bplus,fit,lucid_revision,n16,B0,23,13.845068,15.208642,-1.3635739999999998,31.096,31.3703507849472,-0.2743507849471989
pi3bplus,fit,lucid_revision,n16,B0,24,13.838662,15.208642,-1.36998,31.096,31.37034672413445,-0.2743467241344497
pi3bplus,fit,lucid_revision,n16,B0,25,13.878401,15.208642,-1.3302409999999991,31.634,31.82809686524972,-0.19409686524971903
pi3bplus,fit,lucid_revision,n16,B0,26,13.77184,15.208642,-1.4368020000000001,31.634,32.28575426566802,-0.6517542656680178
pi3bplus,fit,lucid_revision,n16,B0,27,13.856943,15.208642,-1.351699,31.634,31.82808326285823,-0.19408326285822852
pi3bplus,fit,lucid_revision,n16,B0,28,13.836266,15.208642,-1.3723759999999992,32.172,31.3703452052916,0.8016547947083978
pi3bplus,fit,lucid_revision,n16,B0,29,13.732674,15.208642,-1.475968,32.172,32.28572943803891,-0.11372943803891644
pi3bplus,fit,lucid_revision,n16,B0,30,13.866162,15.208642,-1.3424800000000001,31.096,31.37036415659629,-0.2743641565962882
pi3bplus,fit,lucid_revision,n16,B0,31,13.748299,15.208642,-1.460343,31.096,31.370289442332677,-0.2742894423326767
pi3bplus,fit,lucid_revision,n16,B0,32,13.782309,15.208642,-1.4263329999999996,32.172,31.370311001533658,0.8016889984663393
pi3bplus,fit,lucid_revision,n16,B0,33,13.989493,15.208642,-1.2191489999999998,32.172,31.828167287324277,0.34383271267572013
pi3bplus,fit,lucid_revision,n16,B0,34,13.812516,15.208642,-1.3961259999999989,31.634,32.28578005049775,-0.6517800504977487
pi3bplus,fit,lucid_revision,n16,B0,35,13.815434,15.208642,-1.3932079999999996,32.172,32.28578190024043,-0.11378190024043278
pi3bplus,fit,lucid_revision,n16,B0,36,13.892516,15.208642,-1.3161259999999988,31.096,31.828105812856947,-0.7321058128569469
pi3bplus,fit,lucid_revision,n16,B0,37,13.75106,15.208642,-1.4575819999999986,31.096,32.285741093065944,-1.189741093065944
pi3bplus,fit,lucid_revision,n16,B0,38,13.873974,15.208642,-1.3346679999999989,32.172,31.370369108683263,0.8016308913167336
pi3bplus,fit,lucid_revision,n16,B0,39,14.132616,15.208642,-1.0760259999999988,31.634,31.828258014096477,-0.19425801409647647
pi3bplus,fit,lucid_revision,n64,B0,40,50.274459,50.274459,0.0,31.096,31.410543055751297,-0.3145430557512974
pi3bplus,fit,lucid_revision,n64,B0,41,46.523938,50.274459,-3.750520999999999,31.096,31.408165571598587,-0.3121655715985874
pi3bplus,fit,lucid_revision,n64,B0,42,48.085688,50.274459,-2.1887710000000027,31.096,32.32460547746808,-1.2286054774680828
pi3bplus,fit,lucid_revision,n64,B0,43,48.487714,50.274459,-1.7867450000000034,31.634,31.409410424332243,0.22458957566775695
pi3bplus,fit,lucid_revision,n64,B0,44,48.117094,50.274459,-2.1573649999999986,31.096,31.4091754854593,-0.3131754854593005
pi3bplus,fit,lucid_revision,n64,B0,45,48.339643,50.274459,-1.9348159999999979,32.172,32.32476646149883,-0.15276646149883533
pi3bplus,fit,lucid_revision,n64,B0,46,48.282768,50.274459,-1.991691000000003,31.096,31.409280507484112,-0.3132805074841123
pi3bplus,fit,lucid_revision,n64,B0,47,48.473183,50.274459,-1.8012760000000014,31.634,32.32485111353351,-0.6908511135335118
pi3bplus,fit,lucid_revision,n64,B0,48,48.158708,50.274459,-2.115751000000003,31.634,32.32465176540857,-0.6906517654085675
pi3bplus,fit,lucid_revision,n64,B0,49,48.607295,50.274459,-1.6671639999999996,32.172,32.324936128163394,-0.15293612816339675
pi3bplus,fit,lucid_revision,n64,B0,50,48.211415,50.274459,-2.063043999999998,32.172,32.32468517678188,-0.15268517678187976
pi3bplus,fit,lucid_revision,n64,B0,51,48.375789,50.274459,-1.8986700000000027,31.096,32.32478937472667,-1.22878937472667
pi3bplus,fit,lucid_revision,n64,B0,52,48.22678,50.274459,-2.0476790000000022,31.634,32.32469491677374,-0.6906949167737366
pi3bplus,fit,lucid_revision,n64,B0,53,48.310477,50.274459,-1.9639820000000014,32.172,32.32474797294677,-0.15274797294677
pi3bplus,fit,lucid_revision,n64,B0,54,48.209801,50.274459,-2.0646580000000014,32.172,32.32468415365484,-0.152684153654846
pi3bplus,fit,lucid_revision,n64,B0,55,48.470423,50.274459,-1.8040360000000035,32.172,31.40939946343415,0.7626005365658486
pi3bplus,fit,lucid_revision,n64,B0,56,48.153032,50.274459,-2.121426999999997,32.172,32.32464816734844,-0.15264816734844544
pi3bplus,fit,lucid_revision,n64,B0,57,48.41709,50.274459,-1.8573689999999985,32.172,32.32481555574872,-0.15281555574872385
pi3bplus,fit,lucid_revision,n64,B0,58,48.338185,50.274459,-1.9362739999999974,32.172,32.324765537261406,-0.15276553726140918
pi3bplus,fit,lucid_revision,n64,B0,59,48.46308,50.274459,-1.8113790000000023,31.634,32.32484470916399,-0.69084470916399
pi3bplus,fit,lucid_revision,n64,B0,60,48.306988,50.274459,-1.9674710000000033,32.172,32.32474576124279,-0.15274576124279093
pi3bplus,fit,lucid_revision,n64,B0,61,48.332822,50.274459,-1.941637,31.634,32.32476213761439,-0.6907621376143922
pi3bplus,fit,lucid_revision,n64,B0,62,48.168657,50.274459,-2.105801999999997,32.172,31.86693312189925,0.30506687810074595
pi3bplus,fit,lucid_revision,n64,B0,63,48.437716,50.274459,-1.8367429999999985,32.172,32.324828630729,-0.15282863072900454
pi3bplus,fit,lucid_revision,n64,B0,64,48.201937,50.274459,-2.0725219999999993,32.172,32.32467916860467,-0.15267916860467068
pi3bplus,fit,lucid_revision,n64,B0,65,48.405893,50.274459,-1.8685660000000013,32.172,32.32480845788417,-0.15280845788416997
pi3bplus,fit,lucid_revision,n64,B0,66,48.488757,50.274459,-1.7857020000000006,32.172,32.324860986012084,-0.15286098601208664
pi3bplus,fit,lucid_revision,n64,B0,67,48.877449,50.274459,-1.3970100000000016,32.172,32.325107380865035,-0.1531073808650376
pi3bplus,fit,lucid_revision,n64,B0,68,48.614484,50.274459,-1.6599750000000029,32.172,32.32494068532588,-0.15294068532588057
pi3bplus,fit,lucid_revision,n64,B0,69,48.577089,50.274459,-1.6973699999999994,32.172,32.32491698034732,-0.15291698034732093
pi3bplus,fit,lucid_revision,n64,B0,70,48.184959,50.274459,-2.089500000000001,32.172,32.324668406119685,-0.15266840611968746
pi3bplus,fit,lucid_revision,n64,B0,71,48.44756,50.274459,-1.8268989999999974,32.172,31.40938497040233,0.7626150295976686
pi3bplus,fit,lucid_revision,n64,B0,72,48.227147,50.274459,-2.047311999999998,32.172,32.32469514941786,-0.1526951494178661
pi3bplus,fit,lucid_revision,n64,B0,73,48.365686,50.274459,-1.9087730000000036,32.172,32.32478297035715,-0.15278297035715127
pi3bplus,fit,lucid_revision,n64,B0,74,48.208293,50.274459,-2.0661660000000026,32.172,31.40923329720792,0.7627667027920779
pi3bplus,fit,lucid_revision,n64,B0,75,48.46183,50.274459,-1.8126290000000012,32.172,32.32484391677936,-0.1528439167793607
pi3bplus,fit,lucid_revision,n64,B0,76,48.378915,50.274459,-1.895544000000001,32.172,32.32479135632215,-0.15279135632215457
pi3bplus,fit,lucid_revision,n64,B0,77,48.47881,50.274459,-1.7956489999999974,32.172,32.324854680532155,-0.15285468053215823
pi3bplus,fit,lucid_revision,n64,B0,78,48.370061,50.274459,-1.9043980000000005,32.172,32.32478574370335,-0.15278574370335463
pi3bplus,fit,lucid_revision,n64,B0,79,48.566152,50.274459,-1.7083069999999978,32.172,32.324910047298765,-0.1529100472987679
pi3bplus,fit,lucid_revision,n512,B2,80,386.213577,386.213577,0.0,32.71,32.84386883898865,-0.1338688389886471
pi3bplus,fit,lucid_revision,n512,B2,81,342.308613,386.213577,-43.90496400000001,33.248,32.81603714410275,0.4319628558972468
pi3bplus,fit,lucid_revision,n512,B2,82,355.507339,386.213577,-30.706237999999985,34.324,34.197578768957015,0.12642123104298264
pi3bplus,fit,lucid_revision,n512,B2,83,356.981173,386.213577,-29.232403999999974,33.786,33.74078809342571,0.04521190657429486
pi3bplus,fit,lucid_revision,n512,B2,84,355.269586,386.213577,-30.943990999999983,34.324,34.19742805549887,0.12657194450112996
pi3bplus,fit,lucid_revision,n512,B2,85,356.357175,386.213577,-29.856402000000003,34.324,34.65584243680087,-0.3318424368008692
pi3bplus,fit,lucid_revision,n512,B2,86,356.221136,386.213577,-29.992440999999985,34.324,34.65575620063084,-0.3317562006308421
pi3bplus,fit,lucid_revision,n512,B2,87,356.104058,386.213577,-30.109518999999977,34.862,34.65568198398477,0.20631801601523136
pi3bplus,fit,lucid_revision,n512,B2,88,356.089579,386.213577,-30.123997999999972,34.324,35.11339775589219,-0.789397755892189
pi3bplus,fit,lucid_revision,n512,B2,89,357.160035,386.213577,-29.053541999999993,34.862,35.11407632619647,-0.252076326196466
pi3bplus,fit,lucid_revision,n512,B2,90,357.079518,386.213577,-29.13405899999998,35.4,35.114025285849934,0.2859747141500648
pi3bplus,fit,lucid_revision,n512,B2,91,357.066862,386.213577,-29.146714999999972,35.4,35.11401726311404,0.28598273688595555
pi3bplus,fit,lucid_revision,n512,B2,92,356.932178,386.213577,-29.281398999999965,35.4,35.11393188588895,0.28606811411104616
pi3bplus,fit,lucid_revision,n512,B2,93,360.025159,386.213577,-26.188418000000013,34.324,34.65816760011348,-0.33416760011348146
pi3bplus,fit,lucid_revision,n512,B2,94,357.435455,386.213577,-28.778121999999996,34.862,35.57197586731312,-0.7099758673131191
pi3bplus,fit,lucid_revision,n512,B2,95,355.685378,386.213577,-30.528198999999972,35.938,35.11314152976467,0.8248584702353341
pi3bplus,fit,lucid_revision,n512,B2,96,355.080283,386.213577,-31.133293999999978,35.4,35.57048290564009,-0.1704829056400925
pi3bplus,fit,lucid_revision,n512,B2,97,358.446487,386.213577,-27.767089999999996,35.4,36.0303417185431,-0.6303417185431002
pi3bplus,fit,lucid_revision,n512,B2,98,355.241327,386.213577,-30.972249999999974,35.4,35.57058499267223,-0.17058499267223226
pi3bplus,fit,lucid_revision,n512,B2,99,364.425212,386.213577,-21.788365,35.938,35.57640672811853,0.3615932718814747
pi3bplus,fit,lucid_revision,n512,B2,100,356.559696,386.213577,-29.653881000000013,35.938,36.02914566719397,-0.09114566719397033
pi3bplus,fit,lucid_revision,n512,B2,101,356.653708,386.213577,-29.559868999999992,35.938,36.02920526212496,-0.09120526212495861
pi3bplus,fit,lucid_revision,n512,B2,102,358.503995,386.213577,-27.70958200000001,35.4,36.03037817330729,-0.6303781733072924
pi3bplus,fit,lucid_revision,n512,B2,103,358.250563,386.213577,-27.963013999999987,35.938,36.48794247106732,-0.5499424710673182
pi3bplus,fit,lucid_revision,n512,B2,104,357.206517,386.213577,-29.007059999999967,35.938,36.02955569200843,-0.09155569200842706
pi3bplus,fit,lucid_revision,n512,B2,105,356.977771,386.213577,-29.235805999999968,36.476,35.57168573789991,0.9043142621000868
pi3bplus,fit,lucid_revision,n512,B2,106,358.708218,386.213577,-27.505359,35.4,36.488232582097204,-1.0882325820972056
pi3bplus,fit,lucid_revision,n512,B2,107,355.425765,386.213577,-30.787811999999974,36.476,36.943876760112346,-0.4678767601123468
pi3bplus,fit,lucid_revision,n512,B2,108,356.727258,386.213577,-29.48631899999998,36.476,35.571526935779474,0.9044730642205252
pi3bplus,fit,lucid_revision,n512,B2,109,355.985865,386.213577,-30.227711999999997,35.938,35.57105696104572,0.3669430389542825
pi3bplus,fit,lucid_revision,n512,B2,110,356.823718,386.213577,-29.389859,35.938,36.94476293328768,-1.0067629332876749
pi3bplus,fit,lucid_revision,n512,B2,111,359.517433,386.213577,-26.696144000000004,36.476,36.488745549719205,-0.01274554971920594
pi3bplus,fit,lucid_revision,n512,B2,112,355.738425,386.213577,-30.47515199999998,35.4,36.48635000743776,-1.0863500074377583
pi3bplus,fit,lucid_revision,n512,B2,113,356.778358,386.213577,-29.43521899999996,35.938,36.48700922897721,-0.549009228977205
pi3bplus,fit,lucid_revision,n512,B2,114,356.29644,386.213577,-29.91713699999997,36.476,36.48670373744473,-0.010703737444728745
pi3bplus,fit,lucid_revision,n512,B2,115,358.478861,386.213577,-27.73471599999999,36.476,36.03036224067108,0.4456377593289176
pi3bplus,fit,lucid_revision,n512,B2,116,356.472638,386.213577,-29.74093899999997,36.476,36.4868154307142,-0.01081543071420299
pi3bplus,fit,lucid_revision,n512,B2,117,360.408992,386.213577,-25.804584999999975,37.014,36.489310715837114,0.5246892841628892
pi3bplus,fit,lucid_revision,n512,B2,118,355.918899,386.213577,-30.294677999999976,36.476,36.48646441129657,-0.010464411296574383
pi3bplus,fit,lucid_revision,n512,B2,119,358.09788,386.213577,-28.11569700000001,36.476,36.48784568413748,-0.011845684137483659
pi3bplus,fit,oi_svdd_as_elm_revision,n1,B0,120,3.605211,4.421503,-0.8162920000000002,35.4,35.03485618810197,0.36514381189802947
pi3bplus,fit,oi_svdd_as_elm_revision,n1,B0,121,3.44063,4.421503,-0.9808730000000003,35.4,35.03475185893828,0.3652481410617199
pi3bplus,fit,oi_svdd_as_elm_revision,n1,B0,122,3.337559,4.421503,-1.0839440000000002,34.862,35.03468652143741,-0.17268652143740582
pi3bplus,fit,oi_svdd_as_elm_revision,n1,B0,123,3.348652,4.421503,-1.0728510000000004,35.4,35.03469355337556,0.36530644662443734
pi3bplus,fit,oi_svdd_as_elm_revision,n1,B0,124,3.310632,4.421503,-1.1108710000000004,34.862,35.03466945220468,-0.17266945220467989
pi3bplus,fit,oi_svdd_as_elm_revision,n1,B0,125,3.288809,4.421503,-1.1326940000000003,34.324,35.03465561843688,-0.7106556184368813
pi3bplus,fit,oi_svdd_as_elm_revision,n1,B0,126,3.376829,4.421503,-1.0446740000000005,34.324,34.57698646473587,-0.2529864647358693
pi3bplus,fit,oi_svdd_as_elm_revision,n1,B0,127,3.313185,4.421503,-1.1083180000000006,34.324,34.576946120314005,-0.2529461203140073
pi3bplus,fit,oi_svdd_as_elm_revision,n1,B0,128,3.351725,4.421503,-1.0697780000000003,34.324,35.03469550137393,-0.7106955013739338
pi3bplus,fit,oi_svdd_as_elm_revision,n1,B0,129,3.29657,4.421503,-1.1249330000000004,34.862,34.11921063768046,0.7427893623195416
pi3bplus,fit,oi_svdd_as_elm_revision,n1,B0,130,4.421503,4.421503,0.0,34.862,34.11992374137468,0.7420762586253247
pi3bplus,fit,oi_svdd_as_elm_revision,n1,B0,131,3.393079,4.421503,-1.0284240000000002,34.324,34.57699676573604,-0.252996765736043
pi3bplus,fit,oi_svdd_as_elm_revision,n1,B0,132,3.295996,4.421503,-1.1255070000000003,34.862,34.11921027381744,0.7427897261825649
pi3bplus,fit,oi_svdd_as_elm_revision,n1,B0,133,3.271258,4.421503,-1.1502450000000004,34.324,34.11919459220868,0.20480540779131928
pi3bplus,fit,oi_svdd_as_elm_revision,n1,B0,134,3.345059,4.421503,-1.0764440000000004,34.324,34.57696632548814,-0.25296632548813847
pi3bplus,fit,oi_svdd_as_elm_revision,n1,B0,135,3.295788,4.421503,-1.1257150000000005,34.324,34.119210141964636,0.20478985803536176
pi3bplus,fit,oi_svdd_as_elm_revision,n1,B0,136,3.347924,4.421503,-1.0735790000000005,34.324,34.11924319137665,0.2047568086233511
pi3bplus,fit,oi_svdd_as_elm_revision,n1,B0,137,3.288913,4.421503,-1.1325900000000004,34.324,34.119205783849175,0.20479421615082316
pi3bplus,fit,oi_svdd_as_elm_revision,n1,B0,138,3.315424,4.421503,-1.1060790000000003,34.324,34.11922258937629,0.2047774106237057
pi3bplus,fit,oi_svdd_as_elm_revision,n1,B0,139,3.332819,4.421503,-1.0886840000000002,34.324,34.11923361620079,0.20476638379921042
pi3bplus,fit,oi_svdd_as_elm_revision,n1,B0,140,3.306362,4.421503,-1.1151410000000004,33.786,34.119216844904685,-0.3332168449046833
pi3bplus,fit,oi_svdd_as_elm_revision,n1,B0,141,3.328861,4.421503,-1.0926420000000006,33.786,33.20378120668,0.5822187933200027
pi3bplus,fit,oi_svdd_as_elm_revision,n1,B0,142,3.35735,4.421503,-1.0641530000000006,33.786,33.66152421633361,0.12447578366639078
pi3bplus,fit,oi_svdd_as_elm_revision,n1,B0,143,3.307246,4.421503,-1.1142570000000003,34.324,34.119217405279095,0.20478259472090343
pi3bplus,fit,oi_svdd_as_elm_revision,n1,B0,144,3.364277,4.421503,-1.0572260000000004,34.324,33.66152860741227,0.6624713925877259
pi3bplus,fit,oi_svdd_as_elm_revision,n1,B0,145,3.319642,4.421503,-1.1018610000000004,34.324,33.66150031294194,0.6624996870580588
pi3bplus,fit,oi_svdd_as_elm_revision,n1,B0,146,3.283237,4.421503,-1.1382660000000002,34.324,34.11920218578905,0.20479781421094856
pi3bplus,fit,oi_svdd_as_elm_revision,n1,B0,147,3.34683,4.421503,-1.0746730000000002,34.324,33.66151754762458,0.6624824523754214
pi3bplus,fit,oi_svdd_as_elm_revision,n1,B0,148,3.301517,4.421503,-1.1199860000000004,34.324,33.66148882336482,0.6625111766351779
pi3bplus,fit,oi_svdd_as_elm_revision,n1,B0,149,3.283341,4.421503,-1.1381620000000003,33.248,33.20375235120135,0.0442476487986454
pi3bplus,fit,oi_svdd_as_elm_revision,n1,B0,150,3.373808,4.421503,-1.0476950000000005,33.786,33.66153464918659,0.12446535081340926
pi3bplus,fit,oi_svdd_as_elm_revision,n1,B0,151,3.29459,4.421503,-1.1269130000000005,33.248,33.66148443228616,-0.41348443228616105
pi3bplus,fit,oi_svdd_as_elm_revision,n1,B0,152,3.353913,4.421503,-1.0675900000000005,33.248,33.66152203759283,-0.4135220375928341
pi3bplus,fit,oi_svdd_as_elm_revision,n1,B0,153,3.288133,4.421503,-1.1333700000000002,33.786,33.20375538888706,0.5822446111129409
pi3bplus,fit,oi_svdd_as_elm_revision,n1,B0,154,3.301622,4.421503,-1.1198810000000003,33.248,33.20376393966807,0.04423606033192584
pi3bplus,fit,oi_svdd_as_elm_revision,n1,B0,155,3.377923,4.421503,-1.0435800000000004,33.248,33.20381230745973,0.04418769254026955
pi3bplus,fit,oi_svdd_as_elm_revision,n1,B0,156,3.304955,4.421503,-1.1165480000000003,33.786,33.20376605248244,0.5822339475175582
pi3bplus,fit,oi_svdd_as_elm_revision,n1,B0,157,3.322611,4.421503,-1.0988920000000002,33.248,33.20377724475685,0.04422275524314756
pi3bplus,fit,oi_svdd_as_elm_revision,n1,B0,158,3.356621,4.421503,-1.0648820000000003,33.248,33.20379880395784,0.04420119604215955
pi3bplus,fit,oi_svdd_as_elm_revision,n1,B0,159,3.316205,4.421503,-1.1052980000000003,33.248,33.66149813420117,-0.4134981342011699
pi3bplus,fit,fisvdd_revision,n1024,B1,160,91.522977,91.522977,0.0,34.324,33.923981126976436,0.4000188730235621
pi3bplus,fit,fisvdd_revision,n1024,B1,161,86.767782,91.522977,-4.7551950000000005,34.324,34.37869172249302,-0.05469172249302545
pi3bplus,fit,fisvdd_revision,n1024,B1,162,84.238597,91.522977,-7.284379999999999,33.786,33.9193635023818,-0.13336350238179762
pi3bplus,fit,fisvdd_revision,n1024,B1,163,84.208753,91.522977,-7.314223999999996,34.324,34.377069534297355,-0.05306953429735728
pi3bplus,fit,fisvdd_revision,n1024,B1,164,85.256187,91.522977,-6.26679,34.862,34.37773351077849,0.48426648922151116
pi3bplus,fit,fisvdd_revision,n1024,B1,165,84.036934,91.522977,-7.486042999999995,34.862,34.834685567166765,0.027314432833236424
pi3bplus,fit,fisvdd_revision,n1024,B1,166,86.170029,91.522977,-5.352947999999998,34.324,33.9205878520047,0.40341214799529723
pi3bplus,fit,fisvdd_revision,n1024,B1,167,83.877821,91.522977,-7.645156,34.324,33.91913480369629,0.4048651963037102
pi3bplus,fit,fisvdd_revision,n1024,B1,168,85.209002,91.522977,-6.313974999999999,34.324,34.377703599843514,-0.053703599843515804
pi3bplus,fit,fisvdd_revision,n1024,B1,169,83.946623,91.522977,-7.576353999999995,33.786,34.376903368071126,-0.5909033680711246
pi3bplus,fit,fisvdd_revision,n1024,B1,170,84.056204,91.522977,-7.466773000000003,34.324,34.37697283231115,-0.052972832311148466
pi3bplus,fit,fisvdd_revision,n1024,B1,171,83.928654,91.522977,-7.594323000000003,33.786,34.83461692764067,-1.0486169276406656
pi3bplus,fit,fisvdd_revision,n1024,B1,172,84.258963,91.522977,-7.264014000000003,34.324,34.834826313060184,-0.5108263130601856
pi3bplus,fit,fisvdd_revision,n1024,B1,173,85.111243,91.522977,-6.411733999999996,34.324,34.37764162966037,-0.053641629660369006
pi3bplus,fit,fisvdd_revision,n1024,B1,174,83.891467,91.522977,-7.631509999999992,34.324,34.376868404257856,-0.05286840425785755
pi3bplus,fit,fisvdd_revision,n1024,B1,175,84.013184,91.522977,-7.509793000000002,34.324,34.37694556160176,-0.052945561601760005
pi3bplus,fit,fisvdd_revision,n1024,B1,176,86.058314,91.522977,-5.464663000000002,34.324,34.37824198526269,-0.05424198526269208
pi3bplus,fit,fisvdd_revision,n1024,B1,177,84.109017,91.522977,-7.413960000000003,34.324,34.83473126113573,-0.5107312611357315
pi3bplus,fit,fisvdd_revision,n1024,B1,178,83.912146,91.522977,-7.61083099999999,34.324,34.37688151283525,-0.05288151283524911
pi3bplus,fit,fisvdd_revision,n1024,B1,179,84.082143,91.522977,-7.440833999999995,34.862,34.834714225500115,0.02728577449988734
pi3bplus,fit,fisvdd_revision,n1024,B1,180,83.940269,91.522977,-7.582707999999997,35.4,34.376899340221584,1.0231006597784145
pi3bplus,fit,fisvdd_revision,n1024,B1,181,84.033966,91.522977,-7.489010999999991,34.862,34.834683685728706,0.027316314271295994
pi3bplus,fit,fisvdd_revision,n1024,B1,182,84.21136,91.522977,-7.311616999999998,34.862,34.37707118689473,0.48492881310527025
pi3bplus,fit,fisvdd_revision,n1024,B1,183,84.206881,91.522977,-7.316096000000002,34.324,34.834793297879195,-0.5107932978791965
pi3bplus,fit,fisvdd_revision,n1024,B1,184,84.079226,91.522977,-7.443750999999992,34.324,34.376987426134285,-0.052987426134286864
pi3bplus,fit,fisvdd_revision,n1024,B1,185,84.076465,91.522977,-7.4465119999999985,34.324,34.83471062617218,-0.5107106261721839
pi3bplus,fit,fisvdd_revision,n1024,B1,186,85.819151,91.522977,-5.703825999999992,34.862,34.83581532825174,0.026184671748261223
pi3bplus,fit,fisvdd_revision,n1024,B1,187,83.823241,91.522977,-7.6997360000000015,34.862,34.83455010552796,0.027449894472042047
pi3bplus,fit,fisvdd_revision,n1024,B1,188,83.71569,91.522977,-7.807287000000002,34.324,34.834481928120574,-0.5104819281205764
pi3bplus,fit,fisvdd_revision,n1024,B1,189,83.913812,91.522977,-7.609165000000004,34.862,34.83460751918254,0.027392480817461262
pi3bplus,fit,fisvdd_revision,n1024,B1,190,83.976937,91.522977,-7.546039999999991,34.862,34.37692258434924,0.485077415650764
pi3bplus,fit,fisvdd_revision,n1024,B1,191,83.768033,91.522977,-7.754943999999995,34.862,34.83451510875148,0.027484891248519716
pi3bplus,fit,fisvdd_revision,n1024,B1,192,83.916677,91.522977,-7.60629999999999,34.862,34.83460933532811,0.02739066467189133
pi3bplus,fit,fisvdd_revision,n1024,B1,193,84.421931,91.522977,-7.101045999999997,34.862,34.37720466947369,0.4847953305263104
pi3bplus,fit,fisvdd_revision,n1024,B1,194,83.854803,91.522977,-7.668173999999993,34.862,35.29229506317993,-0.4302950631799263
pi3bplus,fit,fisvdd_revision,n1024,B1,195,84.056519,91.522977,-7.466458000000003,35.4,34.37697303199207,1.023026968007926
pi3bplus,fit,fisvdd_revision,n1024,B1,196,85.693529,91.522977,-5.829447999999999,34.862,34.83573569549826,0.026264304501744107
pi3bplus,fit,fisvdd_revision,n1024,B1,197,84.08428,91.522977,-7.438696999999991,34.862,35.29244053041792,-0.4304405304179184
pi3bplus,fit,fisvdd_revision,n1024,B1,198,83.964386,91.522977,-7.558590999999993,35.4,34.37691462817366,1.0230853718263404
pi3bplus,fit,fisvdd_revision,n1024,B1,199,84.111884,91.522977,-7.411092999999994,34.862,34.834733078549114,0.02726692145088805
pi3bplus,fit,oi_svdd_as_elm_revision,n512,B2,200,56.252105,56.252105,0.0,34.862,34.96672419521849,-0.10472419521848764
pi3bplus,fit,oi_svdd_as_elm_revision,n512,B2,201,53.327144,56.252105,-2.9249610000000033,34.862,34.964870039909194,-0.10287003990919175
pi3bplus,fit,oi_svdd_as_elm_revision,n512,B2,202,50.350465,56.252105,-5.90164,34.862,34.9629831001613,-0.10098310016130085
pi3bplus,fit,oi_svdd_as_elm_revision,n512,B2,203,50.410309,56.252105,-5.841796000000002,35.4,35.42074598599094,-0.020745985990942017
pi3bplus,fit,oi_svdd_as_elm_revision,n512,B2,204,50.40385,56.252105,-5.848255000000002,35.4,34.50529199106698,0.8947080089330157
pi3bplus,fit,oi_svdd_as_elm_revision,n512,B2,205,50.654368,56.252105,-5.597737000000002,34.862,35.42090069687106,-0.5589006968710564
pi3bplus,fit,oi_svdd_as_elm_revision,n512,B2,206,50.552963,56.252105,-5.699142000000002,35.4,34.96311146520337,0.4368885347966298
pi3bplus,fit,oi_svdd_as_elm_revision,n512,B2,207,50.287602,56.252105,-5.9645030000000006,35.4,35.42066820107841,-0.02066820107841494
pi3bplus,fit,oi_svdd_as_elm_revision,n512,B2,208,50.276664,56.252105,-5.9754410000000036,34.862,34.505211366881845,0.3567886331181569
pi3bplus,fit,oi_svdd_as_elm_revision,n512,B2,209,50.409528,56.252105,-5.842576999999999,35.4,35.42074549090902,-0.02074549090902167
pi3bplus,fit,oi_svdd_as_elm_revision,n512,B2,210,50.699055,56.252105,-5.553049999999999,35.4,34.96320407404754,0.43679592595245964
pi3bplus,fit,oi_svdd_as_elm_revision,n512,B2,211,51.599043,56.252105,-4.6530619999999985,35.4,35.42149953363053,-0.02149953363053214
pi3bplus,fit,oi_svdd_as_elm_revision,n512,B2,212,50.303591,56.252105,-5.948514000000003,35.4,35.420678336628676,-0.02067833662867713
pi3bplus,fit,oi_svdd_as_elm_revision,n512,B2,213,50.403382,56.252105,-5.848723,34.862,34.96301664465523,-0.10101664465522475
pi3bplus,fit,oi_svdd_as_elm_revision,n512,B2,214,50.417861,56.252105,-5.834243999999998,34.862,35.420750773261915,-0.558750773261913
pi3bplus,fit,oi_svdd_as_elm_revision,n512,B2,215,50.910771,56.252105,-5.341334000000003,34.862,34.96333828245082,-0.10133828245081844
pi3bplus,fit,oi_svdd_as_elm_revision,n512,B2,216,52.495385,56.252105,-3.7567200000000014,35.4,34.96434278147193,0.43565721852807116
pi3bplus,fit,oi_svdd_as_elm_revision,n512,B2,217,52.250545,56.252105,-4.001559999999998,35.938,35.42191252576694,0.5160874742330606
pi3bplus,fit,oi_svdd_as_elm_revision,n512,B2,218,50.214791,56.252105,-6.037314000000002,35.4,35.42062204562464,-0.020622045624641316
pi3bplus,fit,oi_svdd_as_elm_revision,n512,B2,219,50.942698,56.252105,-5.309407,35.4,35.42108347147911,-0.02108347147910905
pi3bplus,fit,oi_svdd_as_elm_revision,n512,B2,220,50.401925,56.252105,-5.850180000000002,35.4,34.963015721051704,0.4369842789482945
pi3bplus,fit,oi_svdd_as_elm_revision,n512,B2,221,50.796503,56.252105,-5.455601999999999,35.4,34.963265847085395,0.43673415291460316
pi3bplus,fit,oi_svdd_as_elm_revision,n512,B2,222,50.947854,56.252105,-5.304251000000001,34.862,35.421086739907224,-0.5590867399072224
pi3bplus,fit,oi_svdd_as_elm_revision,n512,B2,223,50.297447,56.252105,-5.954658000000002,35.4,35.42067444189975,-0.020674441899750207
pi3bplus,fit,oi_svdd_as_elm_revision,n512,B2,224,50.367341,56.252105,-5.884763999999997,35.4,35.878443698501805,-0.4784436985018061
pi3bplus,fit,oi_svdd_as_elm_revision,n512,B2,225,50.879679,56.252105,-5.372425999999997,35.4,35.421043523249566,-0.02104352324956693
pi3bplus,fit,oi_svdd_as_elm_revision,n512,B2,226,50.707858,56.252105,-5.544246999999999,35.938,35.4209346045941,0.5170653954059006
pi3bplus,fit,oi_svdd_as_elm_revision,n512,B2,227,50.825461,56.252105,-5.426644000000003,35.4,34.96328420378466,0.4367157962153385
pi3bplus,fit,oi_svdd_as_elm_revision,n512,B2,228,50.457445,56.252105,-5.79466,34.862,35.420775865864435,-0.5587758658644333
pi3bplus,fit,oi_svdd_as_elm_revision,n512,B2,229,52.545334,56.252105,-3.7067710000000034,34.862,35.422099394784844,-0.5600993947848423
pi3bplus,fit,oi_svdd_as_elm_revision,n512,B2,230,50.228698,56.252105,-6.023406999999999,35.4,35.87835581163612,-0.4783558116361206
pi3bplus,fit,oi_svdd_as_elm_revision,n512,B2,231,50.682078,56.252105,-5.570027000000003,35.4,35.42091826245352,-0.020918262453520242
pi3bplus,fit,oi_svdd_as_elm_revision,n512,B2,232,51.099311,56.252105,-5.152794,34.862,34.96345779940917,-0.1014577994091681
pi3bplus,fit,oi_svdd_as_elm_revision,n512,B2,233,50.392863,56.252105,-5.859242000000002,35.4,35.42073492683715,-0.02073492683715017
pi3bplus,fit,oi_svdd_as_elm_revision,n512,B2,234,50.378488,56.252105,-5.873617000000003,35.938,34.96300086415687,0.9749991358431345
pi3bplus,fit,oi_svdd_as_elm_revision,n512,B2,235,50.366508,56.252105,-5.885596999999997,35.4,35.42071822019963,-0.02071822019963321
pi3bplus,fit,oi_svdd_as_elm_revision,n512,B2,236,50.428174,56.252105,-5.823931000000002,35.4,35.42075731075206,-0.02075731075206022
pi3bplus,fit,oi_svdd_as_elm_revision,n512,B2,237,50.672078,56.252105,-5.580027000000001,35.4,35.42091192337649,-0.020911923376488062
pi3bplus,fit,oi_svdd_as_elm_revision,n512,B2,238,50.312708,56.252105,-5.939397,35.938,35.42068411596521,0.5173158840347938
pi3bplus,fit,oi_svdd_as_elm_revision,n512,B2,239,52.606062,56.252105,-3.646042999999999,35.938,34.964412940474794,0.9735870595252081
pi3bplus,fit,tinydl_revision,n256,B0,240,22.424021,24.358578,-1.9345570000000016,34.862,34.70818087045008,0.15381912954992316
pi3bplus,fit,tinydl_revision,n256,B0,241,22.005277,24.358578,-2.353301000000002,34.862,34.25019047514578,0.6118095248542232
pi3bplus,fit,tinydl_revision,n256,B0,242,24.358578,24.358578,0.0,34.862,34.2516822507775,0.6103177492225029
pi3bplus,fit,tinydl_revision,n256,B0,243,22.016423,24.358578,-2.3421550000000018,34.324,34.70792249093809,-0.3839224909380903
pi3bplus,fit,tinydl_revision,n256,B0,244,21.965277,24.358578,-2.393301000000001,34.324,34.25016511883765,0.07383488116234815
pi3bplus,fit,tinydl_revision,n256,B0,245,21.946163,24.358578,-2.412415000000003,34.324,34.25015300232582,0.07384699767418113
pi3bplus,fit,tinydl_revision,n256,B0,246,22.173295,24.358578,-2.185283000000002,34.324,34.25029698305024,0.07370301694975723
pi3bplus,fit,tinydl_revision,n256,B0,247,22.026735,24.358578,-2.3318430000000028,34.324,34.25020407753727,0.07379592246272892
pi3bplus,fit,tinydl_revision,n256,B0,248,22.503291,24.358578,-1.8552870000000006,34.324,34.25050617005665,0.07349382994334519
pi3bplus,fit,tinydl_revision,n256,B0,249,21.948455,24.358578,-2.4101230000000022,34.324,34.25015445524227,0.07384554475773086
pi3bplus,fit,tinydl_revision,n256,B0,250,22.107931,24.358578,-2.2506470000000007,34.324,34.25025554830714,0.07374445169286048
pi3bplus,fit,tinydl_revision,n256,B0,251,21.960017,24.358578,-2.398561000000001,34.324,33.79243683422608,0.5315631657739175
pi3bplus,fit,tinydl_revision,n256,B0,252,22.093922,24.358578,-2.2646560000000022,34.324,33.33479676738002,0.9892032326199782
pi3bplus,fit,tinydl_revision,n256,B0,253,22.809589,24.358578,-1.5489890000000024,34.324,34.25070033471831,0.07329966528168796
pi3bplus,fit,tinydl_revision,n256,B0,254,21.948246,24.358578,-2.4103320000000004,33.786,33.7924293724985,-0.006429372498502062
pi3bplus,fit,tinydl_revision,n256,B0,255,22.025901,24.358578,-2.3326770000000003,34.324,34.250203548858245,0.07379645114175304
pi3bplus,fit,tinydl_revision,n256,B0,256,22.030329,24.358578,-2.328249000000003,34.324,34.25020635580156,0.07379364419843881
pi3bplus,fit,tinydl_revision,n256,B0,257,22.755632,24.358578,-1.6029460000000029,33.786,33.792941180703316,-0.006941180703314842
pi3bplus,fit,tinydl_revision,n256,B0,258,21.995121,24.358578,-2.3634570000000004,33.786,34.250184037179146,-0.4641840371791446
pi3bplus,fit,tinydl_revision,n256,B0,259,22.280951,24.358578,-2.0776269999999997,33.248,34.25036522701794,-1.0023652270179397
pi3bplus,fit,tinydl_revision,n256,B0,260,21.906007,24.358578,-2.4525710000000025,33.786,33.792402596871035,-0.00640259687103395
pi3bplus,fit,tinydl_revision,n256,B0,261,21.866893,24.358578,-2.4916850000000004,33.248,33.33465285194808,-0.08665285194808092
pi3bplus,fit,tinydl_revision,n256,B0,262,22.103088,24.358578,-2.2554900000000018,34.324,34.25025247829213,0.07374752170786536
pi3bplus,fit,tinydl_revision,n256,B0,263,22.036839,24.358578,-2.321739000000001,33.248,33.79248553228365,-0.5444855322836517
pi3bplus,fit,tinydl_revision,n256,B0,264,21.913247,24.358578,-2.445331000000003,33.786,33.33468223610575,0.45131776389425227
pi3bplus,fit,tinydl_revision,n256,B0,265,21.907466,24.358578,-2.451112000000002,33.786,34.250128471999425,-0.4641284719994232
pi3bplus,fit,tinydl_revision,n256,B0,266,22.166526,24.358578,-2.1920520000000003,33.786,33.79256774187195,-0.006567741871947419
pi3bplus,fit,tinydl_revision,n256,B0,267,21.985694,24.358578,-2.3728840000000027,33.786,33.33472816081712,0.45127183918287983
pi3bplus,fit,tinydl_revision,n256,B0,268,21.913508,24.358578,-2.445070000000001,33.786,33.79240735181271,-0.006407351812711681
pi3bplus,fit,tinydl_revision,n256,B0,269,21.934393,24.358578,-2.4241850000000014,33.786,33.7924205909751,-0.006420590975096729
pi3bplus,fit,tinydl_revision,n256,B0,270,22.115692,24.358578,-2.242886000000002,33.786,33.79253551780777,-0.006535517807769509
pi3bplus,fit,tinydl_revision,n256,B0,271,21.912935,24.358578,-2.4456430000000005,33.786,33.7924069885836,-0.006406988583599116
pi3bplus,fit,tinydl_revision,n256,B0,272,21.918768,24.358578,-2.4398100000000014,33.786,33.79241068616723,-0.006410686167228619
pi3bplus,fit,tinydl_revision,n256,B0,273,21.99184,24.358578,-2.3667380000000016,33.786,33.792457007070915,-0.0064570070709137894
pi3bplus,fit,tinydl_revision,n256,B0,274,22.009652,24.358578,-2.3489260000000023,33.248,33.79246829823493,-0.544468298234932
pi3bplus,fit,tinydl_revision,n256,B0,275,21.897987,24.358578,-2.460591000000001,33.248,34.250122463188305,-1.0021224631883072
pi3bplus,fit,tinydl_revision,n256,B0,276,22.041058,24.358578,-2.317520000000002,33.248,33.3347632564832,-0.08676325648320216
pi3bplus,fit,tinydl_revision,n256,B0,277,22.122984,24.358578,-2.2355940000000025,33.786,33.79254014026274,-0.006540140262735861
pi3bplus,fit,tinydl_revision,n256,B0,278,21.991111,24.358578,-2.3674670000000013,33.248,33.7924565449522,-0.5444565449522045
pi3bplus,fit,tinydl_revision,n256,B0,279,21.891738,24.358578,-2.4668400000000013,33.248,33.33466860138496,-0.08666860138496446
pi3bplus,fit,oi_svdd_as_elm_revision,n16,B2,280,5.782839,5.782839,0.0,33.248,33.97653294014411,-0.7285329401441132
pi3bplus,fit,oi_svdd_as_elm_revision,n16,B2,281,5.587946,5.782839,-0.19489300000000043,33.248,33.976409395970116,-0.7284093959701181
pi3bplus,fit,oi_svdd_as_elm_revision,n16,B2,282,5.055505,5.782839,-0.7273339999999999,33.248,33.97607187751875,-0.7280718775187509
pi3bplus,fit,oi_svdd_as_elm_revision,n16,B2,283,4.946288,5.782839,-0.836551,34.324,33.976002644021136,0.34799735597886183
pi3bplus,fit,oi_svdd_as_elm_revision,n16,B2,284,4.91759,5.782839,-0.8652490000000004,33.786,33.97598445213787,-0.18998445213787107
pi3bplus,fit,oi_svdd_as_elm_revision,n16,B2,285,5.038838,5.782839,-0.7440009999999999,33.786,33.97606131217906,-0.1900613121790613
pi3bplus,fit,oi_svdd_as_elm_revision,n16,B2,286,4.899414,5.782839,-0.8834249999999999,34.324,34.43369788048851,-0.10969788048851115
pi3bplus,fit,oi_svdd_as_elm_revision,n16,B2,287,4.950506,5.782839,-0.8323330000000002,33.786,34.43373026810088,-0.6477302681008794
pi3bplus,fit,oi_svdd_as_elm_revision,n16,B2,288,5.022173,5.782839,-0.7606659999999996,34.324,34.433775698364244,-0.1097756983642455
pi3bplus,fit,oi_svdd_as_elm_revision,n16,B2,289,4.911288,5.782839,-0.8715510000000002,34.324,33.975980457251524,0.34801954274847446
pi3bplus,fit,oi_svdd_as_elm_revision,n16,B2,290,5.024412,5.782839,-0.7584270000000002,34.324,34.89150206794064,-0.5675020679406444
pi3bplus,fit,oi_svdd_as_elm_revision,n16,B2,291,5.008266,5.782839,-0.7745730000000002,34.324,34.43376688260981,-0.10976688260981149
pi3bplus,fit,oi_svdd_as_elm_revision,n16,B2,292,5.009672,5.782839,-0.7731669999999999,34.324,34.43376777388404,-0.10976777388404457
pi3bplus,fit,oi_svdd_as_elm_revision,n16,B2,293,4.978527,5.782839,-0.8043120000000004,34.324,34.43374803082863,-0.1097480308286336
pi3bplus,fit,oi_svdd_as_elm_revision,n16,B2,294,4.941497,5.782839,-0.841342,34.324,33.97599960696933,0.34800039303066654
pi3bplus,fit,oi_svdd_as_elm_revision,n16,B2,295,4.914465,5.782839,-0.8683740000000002,34.324,34.43370742143335,-0.10970742143334888
pi3bplus,fit,oi_svdd_as_elm_revision,n16,B2,296,5.027745,5.782839,-0.7550939999999997,34.324,34.43377923049796,-0.10977923049796345
pi3bplus,fit,oi_svdd_as_elm_revision,n16,B2,297,4.924882,5.782839,-0.8579569999999999,34.324,33.518264124335786,0.8057358756642117
pi3bplus,fit,oi_svdd_as_elm_revision,n16,B2,298,4.908892,5.782839,-0.8739470000000003,34.324,34.43370388866572,-0.10970388866572023
pi3bplus,fit,oi_svdd_as_elm_revision,n16,B2,299,5.01462,5.782839,-0.7682190000000002,34.324,34.43377091045936,-0.1097709104593605
pi3bplus,fit,oi_svdd_as_elm_revision,n16,B2,300,4.962641,5.782839,-0.8201980000000004,34.324,34.43373796057086,-0.10973796057086105
pi3bplus,fit,oi_svdd_as_elm_revision,n16,B2,301,4.930715,5.782839,-0.8521239999999999,34.862,34.43371772243353,0.4282822775664741
pi3bplus,fit,oi_svdd_as_elm_revision,n16,B2,302,5.139149,5.782839,-0.6436900000000003,34.324,34.43384985035172,-0.10984985035172201
pi3bplus,fit,oi_svdd_as_elm_revision,n16,B2,303,4.927747,5.782839,-0.855092,34.324,34.43371584099546,-0.10971584099546305
pi3bplus,fit,oi_svdd_as_elm_revision,n16,B2,304,4.977017,5.782839,-0.805822,34.324,34.433747073628,-0.10974707362800018
pi3bplus,fit,oi_svdd_as_elm_revision,n16,B2,305,5.045401,5.782839,-0.737438,34.862,34.43379042277237,0.42820957722763353
pi3bplus,fit,oi_svdd_as_elm_revision,n16,B2,306,4.910612,5.782839,-0.8722269999999996,33.786,34.43370497898697,-0.6477049789869653
pi3bplus,fit,oi_svdd_as_elm_revision,n16,B2,307,4.947538,5.782839,-0.8353010000000003,34.324,34.433728386662814,-0.10972838666281604
pi3bplus,fit,oi_svdd_as_elm_revision,n16,B2,308,4.952278,5.782839,-0.8305610000000003,34.324,34.43373139138533,-0.10973139138533128
pi3bplus,fit,oi_svdd_as_elm_revision,n16,B2,309,4.911757,5.782839,-0.8710820000000004,34.324,33.51825580429718,0.8057441957028146
pi3bplus,fit,oi_svdd_as_elm_revision,n16,B2,310,5.164931,5.782839,-0.6179079999999999,34.324,34.433866193760124,-0.10986619376012641
pi3bplus,fit,oi_svdd_as_elm_revision,n16,B2,311,4.901653,5.782839,-0.8811860000000005,34.324,34.433699299807856,-0.10969929980785764
pi3bplus,fit,oi_svdd_as_elm_revision,n16,B2,312,4.902799,5.782839,-0.8800400000000002,34.324,34.43370002626609,-0.10970002626608988
pi3bplus,fit,oi_svdd_as_elm_revision,n16,B2,313,5.016548,5.782839,-0.7662909999999998,34.324,34.43377213263341,-0.10977213263340957
pi3bplus,fit,oi_svdd_as_elm_revision,n16,B2,314,4.890716,5.782839,-0.8921229999999998,34.324,34.43369236675931,-0.10969236675931171
pi3bplus,fit,oi_svdd_as_elm_revision,n16,B2,315,4.935246,5.782839,-0.8475929999999998,34.324,33.97599564441228,0.3480043555877188
pi3bplus,fit,oi_svdd_as_elm_revision,n16,B2,316,5.028058,5.782839,-0.7547810000000004,34.324,33.97605447865402,0.3479455213459772
pi3bplus,fit,oi_svdd_as_elm_revision,n16,B2,317,4.915194,5.782839,-0.8676450000000004,34.862,34.89143283380912,-0.029432833809117653
pi3bplus,fit,oi_svdd_as_elm_revision,n16,B2,318,4.958214,5.782839,-0.8246250000000002,34.324,34.433735154261456,-0.10973515426145752
pi3bplus,fit,oi_svdd_as_elm_revision,n16,B2,319,4.950246,5.782839,-0.8325930000000001,34.862,34.891455053541925,-0.02945505354192335
pi3bplus,fit,lucid_revision,n512,B1,320,359.172073,372.673798,-13.501724999999965,34.324,34.5179906277302,-0.19399062773020148
pi3bplus,fit,lucid_revision,n512,B1,321,359.242542,372.673798,-13.431255999999962,34.862,34.51803529857213,0.34396470142787194
pi3bplus,fit,lucid_revision,n512,B1,322,358.089331,372.673798,-14.584466999999961,35.4,34.97502921949294,0.42497078050705994
pi3bplus,fit,lucid_revision,n512,B1,323,359.018485,372.673798,-13.655312999999978,34.862,34.97561821737095,-0.11361821737094857
pi3bplus,fit,lucid_revision,n512,B1,324,355.667802,372.673798,-17.005995999999982,35.4,34.973494193606456,0.42650580639354274
pi3bplus,fit,lucid_revision,n512,B1,325,360.437584,372.673798,-12.236213999999961,35.4,35.43424274541562,-0.034242745415618
pi3bplus,fit,lucid_revision,n512,B1,326,356.409252,372.673798,-16.264545999999996,35.4,34.97396420447295,0.4260357955270493
pi3bplus,fit,lucid_revision,n512,B1,327,358.97448,372.673798,-13.699317999999948,34.862,35.433315272519515,-0.571315272519513
pi3bplus,fit,lucid_revision,n512,B1,328,355.991761,372.673798,-16.68203699999998,35.938,35.4314245039691,0.506575496030905
pi3bplus,fit,lucid_revision,n512,B1,329,358.362511,372.673798,-14.311286999999993,35.4,35.432927340656335,-0.03292734065633596
pi3bplus,fit,lucid_revision,n512,B1,330,356.069941,372.673798,-16.603857000000005,35.4,35.431474062873335,-0.031474062873336095
pi3bplus,fit,lucid_revision,n512,B1,331,358.212411,372.673798,-14.461387000000002,35.4,35.43283219111009,-0.032832191110088615
pi3bplus,fit,lucid_revision,n512,B1,332,356.365927,372.673798,-16.307870999999977,35.4,35.43166169067876,-0.031661690678760124
pi3bplus,fit,lucid_revision,n512,B1,333,359.81604,372.673798,-12.85775799999999,35.938,35.43384874388617,0.504151256113829
pi3bplus,fit,lucid_revision,n512,B1,334,356.932224,372.673798,-15.741573999999957,35.4,35.43202067070932,-0.03202067070932202
pi3bplus,fit,lucid_revision,n512,B1,335,358.049294,372.673798,-14.624504000000002,35.938,35.89045374024433,0.04754625975566995
pi3bplus,fit,lucid_revision,n512,B1,336,355.535006,372.673798,-17.138791999999967,35.4,35.88885991371321,-0.48885991371321325
pi3bplus,fit,lucid_revision,n512,B1,337,358.302001,372.673798,-14.371796999999958,35.4,35.89061393315827,-0.4906139331582722
pi3bplus,fit,lucid_revision,n512,B1,338,355.903181,372.673798,-16.77061699999996,35.938,35.431368352424755,0.5066316475752473
pi3bplus,fit,lucid_revision,n512,B1,339,360.60739,372.673798,-12.066407999999967,35.938,35.89207533700412,0.04592466299587983
pi3bplus,fit,lucid_revision,n512,B1,340,356.284843,372.673798,-16.388954999999953,35.4,35.889335241163614,-0.4893352411636158
pi3bplus,fit,lucid_revision,n512,B1,341,360.352344,372.673798,-12.32145399999996,36.476,35.891913661380066,0.5840863386199331
pi3bplus,fit,lucid_revision,n512,B1,342,355.92782,372.673798,-16.74597799999998,35.938,35.88910892153371,0.048891078466290594
pi3bplus,fit,lucid_revision,n512,B1,343,358.10425,372.673798,-14.569547999999998,35.938,35.89048857727607,0.04751142272393594
pi3bplus,fit,lucid_revision,n512,B1,344,372.673798,372.673798,0.0,36.476,35.89972432598461,0.5762756740153918
pi3bplus,fit,lucid_revision,n512,B1,345,365.549362,372.673798,-7.124436000000003,36.476,36.35293304138069,0.1230669586193116
pi3bplus,fit,lucid_revision,n512,B1,346,356.798906,372.673798,-15.874891999999988,35.938,35.889661109659215,0.04833889034078709
pi3bplus,fit,lucid_revision,n512,B1,347,358.324252,372.673798,-14.349545999999975,36.476,35.890628038238575,0.5853719617614246
pi3bplus,fit,lucid_revision,n512,B1,348,356.777867,372.673798,-15.895930999999962,36.476,35.88964777287505,0.586352227124948
pi3bplus,fit,lucid_revision,n512,B1,349,360.195896,372.673798,-12.477901999999972,35.938,36.349539438044765,-0.41153943804476256
pi3bplus,fit,lucid_revision,n512,B1,350,356.223294,372.673798,-16.450503999999967,35.938,36.34702117503544,-0.4090211750354342
pi3bplus,fit,lucid_revision,n512,B1,351,358.744511,372.673798,-13.929286999999988,35.938,35.890894443655995,0.04710555634400748
pi3bplus,fit,lucid_revision,n512,B1,352,357.477967,372.673798,-15.195830999999998,36.476,36.347816521915064,0.12818347808493513
pi3bplus,fit,lucid_revision,n512,B1,353,362.42561,372.673798,-10.24818799999997,36.476,36.35095287092518,0.1250471290748223
pi3bplus,fit,lucid_revision,n512,B1,354,358.327748,372.673798,-14.346049999999991,36.476,35.89063025437991,0.5853697456200919
pi3bplus,fit,lucid_revision,n512,B1,355,357.383441,372.673798,-15.290356999999972,36.476,35.89003165089847,0.5859683491015275
pi3bplus,fit,lucid_revision,n512,B1,356,358.583009,372.673798,-14.090788999999972,35.938,36.34851701655116,-0.4105170165511609
pi3bplus,fit,lucid_revision,n512,B1,357,358.407647,372.673798,-14.26615099999998,36.476,35.43295595271442,1.0430440472855764
pi3bplus,fit,lucid_revision,n512,B1,358,359.233888,372.673798,-13.439909999999998,36.476,35.89120466350604,0.5847953364939613
pi3bplus,fit,lucid_revision,n512,B1,359,359.867213,372.673798,-12.806584999999984,35.938,36.349331083359175,-0.41133108335917257
pi3bplus,fit,fisvdd_revision,n512,B0,360,44.353267,46.495479,-2.1422120000000007,35.4,35.11906884101288,0.28093115898711574
pi3bplus,fit,fisvdd_revision,n512,B0,361,44.042959,46.495479,-2.45252,35.4,35.118872134381334,0.28112786561866443
pi3bplus,fit,fisvdd_revision,n512,B0,362,43.87442,46.495479,-2.6210590000000025,35.4,34.6610403459539,0.7389596540460985
pi3bplus,fit,fisvdd_revision,n512,B0,363,43.956502,46.495479,-2.5389770000000027,35.4,35.118817328623045,0.2811826713769534
pi3bplus,fit,fisvdd_revision,n512,B0,364,43.9252,46.495479,-2.5702790000000064,35.4,34.66107253578707,0.738927464212928
pi3bplus,fit,fisvdd_revision,n512,B0,365,43.737599,46.495479,-2.75788,34.862,35.1186785643251,-0.2566785643250995
pi3bplus,fit,fisvdd_revision,n512,B0,366,43.929888,46.495479,-2.565591000000005,34.862,34.66107550754638,0.20092449245362332
pi3bplus,fit,fisvdd_revision,n512,B0,367,43.954731,46.495479,-2.5407480000000007,34.862,35.1188162059725,-0.2568162059724983
pi3bplus,fit,fisvdd_revision,n512,B0,368,43.930044,46.495479,-2.565435000000001,35.4,34.66107560643598,0.7389243935640195
pi3bplus,fit,fisvdd_revision,n512,B0,369,43.906294,46.495479,-2.5891850000000005,35.4,34.20333560087098,1.1966643991290198
pi3bplus,fit,fisvdd_revision,n512,B0,370,44.133478,46.495479,-2.3620010000000065,34.862,34.66120456481566,0.2007954351843395
pi3bplus,fit,fisvdd_revision,n512,B0,371,44.38535,46.495479,-2.1101290000000006,34.862,35.119089178673725,-0.2570891786737235
pi3bplus,fit,fisvdd_revision,n512,B0,372,44.256498,46.495479,-2.2389810000000026,34.862,34.20355759788425,0.6584424021157531
pi3bplus,fit,fisvdd_revision,n512,B0,373,43.984679,46.495479,-2.5108000000000033,34.324,34.661110239983344,-0.3371102399833461
pi3bplus,fit,fisvdd_revision,n512,B0,374,44.008324,46.495479,-2.4871550000000013,34.862,34.66112522873098,0.20087477126902087
pi3bplus,fit,fisvdd_revision,n512,B0,375,43.926711,46.495479,-2.5687680000000057,34.862,34.203348543364555,0.6586514566354467
pi3bplus,fit,fisvdd_revision,n512,B0,376,44.009782,46.495479,-2.485697000000002,35.4,34.661126152968414,0.7388738470315843
pi3bplus,fit,fisvdd_revision,n512,B0,377,44.19202,46.495479,-2.3034590000000037,34.324,34.20351672478337,0.12048327521662827
pi3bplus,fit,fisvdd_revision,n512,B0,378,43.979419,46.495479,-2.516060000000003,34.862,35.11883185588588,-0.25683185588587776
pi3bplus,fit,fisvdd_revision,n512,B0,379,43.823275,46.495479,-2.6722040000000007,34.862,34.20328297448737,0.6587170255126296
pi3bplus,fit,fisvdd_revision,n512,B0,380,44.179989,46.495479,-2.315490000000004,34.324,34.20350909823979,0.12049090176020627
pi3bplus,fit,fisvdd_revision,n512,B0,381,44.306185,46.495479,-2.189294000000004,34.862,34.2035890948563,0.6584109051437039
pi3bplus,fit,fisvdd_revision,n512,B0,382,44.361653,46.495479,-2.133826000000006,34.862,34.20362425644878,0.6583757435512254
pi3bplus,fit,fisvdd_revision,n512,B0,383,43.815827,46.495479,-2.6796520000000044,34.862,34.66100320339985,0.20099679660015113
pi3bplus,fit,fisvdd_revision,n512,B0,384,43.9702,46.495479,-2.5252790000000047,34.862,34.203376111376656,0.658623888623346
pi3bplus,fit,fisvdd_revision,n512,B0,385,43.773433,46.495479,-2.722046000000006,34.324,34.20325137925963,0.12074862074036474
pi3bplus,fit,fisvdd_revision,n512,B0,386,43.986503,46.495479,-2.508976000000004,34.862,34.20338644597394,0.6586135540260614
pi3bplus,fit,fisvdd_revision,n512,B0,387,46.495479,46.495479,0.0,34.862,33.74725195493029,1.1147480450697103
pi3bplus,fit,fisvdd_revision,n512,B0,388,43.8764,46.495479,-2.6190790000000064,34.324,34.203316650834104,0.12068334916589407
pi3bplus,fit,fisvdd_revision,n512,B0,389,43.947024,46.495479,-2.548455000000004,34.324,34.20336141993173,0.12063858006826678
pi3bplus,fit,fisvdd_revision,n512,B0,390,44.377435,46.495479,-2.1180440000000047,34.324,34.6613592110372,-0.337359211037203
pi3bplus,fit,fisvdd_revision,n512,B0,391,43.982388,46.495479,-2.513091000000003,34.324,34.203383837443745,0.12061616255625296
pi3bplus,fit,fisvdd_revision,n512,B0,392,43.968378,46.495479,-2.527101000000002,34.862,34.661099906653874,0.20090009334612802
pi3bplus,fit,fisvdd_revision,n512,B0,393,44.001815,46.495479,-2.4936640000000025,34.324,34.20339615236869,0.12060384763130827
pi3bplus,fit,fisvdd_revision,n512,B0,394,43.957857,46.495479,-2.537622000000006,34.324,34.20336828705388,0.12063171294612118
pi3bplus,fit,fisvdd_revision,n512,B0,395,43.839109,46.495479,-2.6563700000000026,34.324,34.203293011781945,0.12070698821805337
pi3bplus,fit,fisvdd_revision,n512,B0,396,44.158584,46.495479,-2.3368950000000055,34.324,34.203495529445405,0.12050447055459301
pi3bplus,fit,fisvdd_revision,n512,B0,397,46.302774,46.495479,-0.19270500000000368,34.324,34.20485474800341,0.11914525199658499
pi3bplus,fit,fisvdd_revision,n512,B0,398,43.910097,46.495479,-2.5853820000000027,34.324,34.20333801162197,0.12066198837802489
pi3bplus,fit,fisvdd_revision,n512,B0,399,43.876348,46.495479,-2.619131000000003,34.324,34.203316617870904,0.12068338212909424
pi3bplus,fit,tinydl_revision,n64,B1,400,8.696344,8.696344,0.0,34.324,34.82201558562161,-0.49801558562160864
pi3bplus,fit,tinydl_revision,n64,B1,401,8.313953,8.696344,-0.38239100000000015,34.324,34.36404823476403,-0.04004823476402919
pi3bplus,fit,tinydl_revision,n64,B1,402,7.684951,8.696344,-1.011393,34.324,34.36364950555094,-0.03964950555094049
pi3bplus,fit,tinydl_revision,n64,B1,403,7.752242,8.696344,-0.944102,34.324,34.36369216183419,-0.03969216183418922
pi3bplus,fit,tinydl_revision,n64,B1,404,7.826095,8.696344,-0.8702490000000003,34.324,34.36373897781979,-0.03973897781979474
pi3bplus,fit,tinydl_revision,n64,B1,405,7.671513,8.696344,-1.0248309999999998,34.324,34.363640987099224,-0.03964098709922581
pi3bplus,fit,tinydl_revision,n64,B1,406,7.712086,8.696344,-0.9842579999999996,34.324,34.363666706636465,-0.0396667066364671
pi3bplus,fit,tinydl_revision,n64,B1,407,7.770783,8.696344,-0.9255610000000001,34.324,34.821428865373974,-0.49742886537397624
pi3bplus,fit,tinydl_revision,n64,B1,408,7.696409,8.696344,-0.9999349999999998,33.786,33.90593181860835,-0.11993181860835023
pi3bplus,fit,tinydl_revision,n64,B1,409,7.744117,8.696344,-0.9522269999999997,34.862,34.3636870113341,0.49831298866590146
pi3bplus,fit,tinydl_revision,n64,B1,410,7.770315,8.696344,-0.9260289999999998,34.324,34.363703618448106,-0.0397036184481081
pi3bplus,fit,tinydl_revision,n64,B1,411,7.713023,8.696344,-0.9833210000000001,34.324,34.82139225086504,-0.49739225086504035
pi3bplus,fit,tinydl_revision,n64,B1,412,7.78172,8.696344,-0.9146239999999999,34.324,34.36371084816546,-0.039710848165462664
pi3bplus,fit,tinydl_revision,n64,B1,413,7.787709,8.696344,-0.9086349999999994,34.324,34.3637146446387,-0.03971464463869978
pi3bplus,fit,tinydl_revision,n64,B1,414,7.931771,8.696344,-0.7645729999999995,34.324,34.363805966650226,-0.03980596665022773
pi3bplus,fit,tinydl_revision,n64,B1,415,7.84823,8.696344,-0.8481139999999998,34.862,34.363753009366796,0.49824699063320566
pi3bplus,fit,tinydl_revision,n64,B1,416,8.244787,8.696344,-0.4515569999999993,34.324,34.36400438990383,-0.04000438990383515
pi3bplus,fit,tinydl_revision,n64,B1,417,7.677919,8.696344,-1.0184249999999997,34.324,34.363645047911966,-0.03964504791196788
pi3bplus,fit,tinydl_revision,n64,B1,418,7.740054,8.696344,-0.9562900000000001,33.786,34.363684435767105,-0.5776844357671038
pi3bplus,fit,tinydl_revision,n64,B1,419,7.772919,8.696344,-0.9234249999999999,34.324,34.363705269143765,-0.039705269143766486
pi3bplus,fit,tinydl_revision,n64,B1,420,7.701409,8.696344,-0.9949349999999999,34.324,34.36365993840391,-0.03965993840391491
pi3bplus,fit,tinydl_revision,n64,B1,421,7.748544,8.696344,-0.9478,34.324,34.363689817643504,-0.039689817643505876
pi3bplus,fit,tinydl_revision,n64,B1,422,7.804428,8.696344,-0.8919160000000002,33.248,34.363725242941584,-1.1157252429415863
pi3bplus,fit,tinydl_revision,n64,B1,423,7.656201,8.696344,-1.0401429999999996,34.324,33.90590633044743,0.41809366955256877
pi3bplus,fit,tinydl_revision,n64,B1,424,7.855834,8.696344,-0.8405100000000001,34.324,34.82148277985803,-0.49748277985803213
pi3bplus,fit,tinydl_revision,n64,B1,425,7.706513,8.696344,-0.9898309999999997,34.324,34.36366317386883,-0.039663173868831336
pi3bplus,fit,tinydl_revision,n64,B1,426,7.675107,8.696344,-1.0212370000000002,34.324,34.36364326536351,-0.03964326536350882
pi3bplus,fit,tinydl_revision,n64,B1,427,7.707399,8.696344,-0.9889450000000002,33.248,34.36366373551106,-1.1156637355110632
pi3bplus,fit,tinydl_revision,n64,B1,428,7.742138,8.696344,-0.9542060000000001,34.324,34.363685756830755,-0.0396857568307567
pi3bplus,fit,tinydl_revision,n64,B1,429,7.69193,8.696344,-1.0044139999999997,34.324,34.3636539295928,-0.03965392959280223
pi3bplus,fit,tinydl_revision,n64,B1,430,7.705472,8.696344,-0.9908719999999995,33.786,34.363662513970915,-0.577662513970914
pi3bplus,fit,tinydl_revision,n64,B1,431,7.818647,8.696344,-0.8776969999999995,34.324,34.36373425647522,-0.039734256475220775
pi3bplus,fit,tinydl_revision,n64,B1,432,7.90125,8.696344,-0.7950939999999997,34.324,34.36378661915322,-0.039786619153218794
pi3bplus,fit,tinydl_revision,n64,B1,433,7.722919,8.696344,-0.9734249999999998,34.324,34.36367357375861,-0.03967357375861269
pi3bplus,fit,tinydl_revision,n64,B1,434,8.033853,8.696344,-0.6624909999999993,33.786,34.36387067721638,-0.5778706772163815
pi3bplus,fit,tinydl_revision,n64,B1,435,7.703284,8.696344,-0.9930599999999998,34.324,34.36366112698086,-0.03966112698086022
pi3bplus,fit,tinydl_revision,n64,B1,436,7.73568,8.696344,-0.9606639999999995,34.324,34.36368166305481,-0.039681663054814464
pi3bplus,fit,tinydl_revision,n64,B1,437,7.76146,8.696344,-0.9348840000000003,34.324,33.90597305493835,0.41802694506164784
pi3bplus,fit,tinydl_revision,n64,B1,438,7.735471,8.696344,-0.9608729999999994,33.786,34.3636815305681,-0.5776815305680998
pi3bplus,fit,tinydl_revision,n64,B1,439,7.783804,8.696344,-0.9125399999999999,34.324,34.36371216922912,-0.039712169229119354
pi3bplus,fit,lucid_revision,n1024,B2,440,753.575972,753.575972,0.0,35.4,34.91619219166728,0.4838078083327204
pi3bplus,fit,lucid_revision,n1024,B2,441,685.68817,753.575972,-67.88780199999997,35.4,35.788607491544006,-0.38860749154400764
pi3bplus,fit,lucid_revision,n1024,B2,442,711.159609,753.575972,-42.41636299999993,35.4,35.804754032936295,-0.40475403293629597
pi3bplus,fit,lucid_revision,n1024,B2,443,715.817313,753.575972,-37.758658999999966,36.476,36.72315648789497,-0.24715648789496925
pi3bplus,fit,lucid_revision,n1024,B2,444,708.580954,753.575972,-44.99501799999996,36.476,36.71856930418214,-0.2425693041821404
pi3bplus,fit,lucid_revision,n1024,B2,445,714.733429,753.575972,-38.84254299999998,36.476,36.72246940547805,-0.2464694054780523
pi3bplus,fit,lucid_revision,n1024,B2,446,711.055199,753.575972,-42.52077299999996,36.476,36.72013774714711,-0.24413774714711423
pi3bplus,fit,lucid_revision,n1024,B2,447,714.352608,753.575972,-39.22336399999995,36.476,36.72222800011263,-0.24622800011263024
pi3bplus,fit,lucid_revision,n1024,B2,448,728.536541,753.575972,-25.039430999999922,37.014,37.18894425475927,-0.1749442547592679
pi3bplus,fit,lucid_revision,n1024,B2,449,716.287277,753.575972,-37.28869499999996,36.476,37.18117935195182,-0.7051793519518199
pi3bplus,fit,lucid_revision,n1024,B2,450,710.982247,753.575972,-42.59372499999995,37.014,37.1778164525694,-0.16381645256939947
pi3bplus,fit,lucid_revision,n1024,B2,451,715.733647,753.575972,-37.84232499999996,37.552,36.72310345137307,0.8288965486269291
pi3bplus,fit,lucid_revision,n1024,B2,452,710.156536,753.575972,-43.41943600000002,37.552,37.177293028005934,0.37470697199406544
pi3bplus,fit,lucid_revision,n1024,B2,453,715.829798,753.575972,-37.746173999999996,37.552,37.638614302746745,-0.08661430274674586
pi3bplus,fit,lucid_revision,n1024,B2,454,711.127208,753.575972,-42.44876399999998,37.552,37.63563329472101,-0.083633294721011
pi3bplus,fit,lucid_revision,n1024,B2,455,715.646892,753.575972,-37.92908,37.552,37.63849835722439,-0.08649835722439292
pi3bplus,fit,lucid_revision,n1024,B2,456,711.803403,753.575972,-41.772568999999976,38.09,37.63606193994034,0.453938060059663
pi3bplus,fit,lucid_revision,n1024,B2,457,715.838511,753.575972,-37.73746099999994,37.552,37.63861982598456,-0.08661982598456319
pi3bplus,fit,lucid_revision,n1024,B2,458,710.101871,753.575972,-43.47410100000002,37.552,37.63498332569839,-0.08298332569839317
pi3bplus,fit,lucid_revision,n1024,B2,459,714.810094,753.575972,-38.76587799999993,38.09,38.095692854783266,-0.005692854783262646
pi3bplus,fit,lucid_revision,n1024,B2,460,710.749681,753.575972,-42.82629099999997,37.552,38.093118927704616,-0.5411189277046162
pi3bplus,fit,lucid_revision,n1024,B2,461,714.271348,753.575972,-39.30462399999999,37.552,37.63762638928678,-0.08562638928678012
pi3bplus,fit,lucid_revision,n1024,B2,462,711.964176,753.575972,-41.61179600000003,37.552,37.6361638551835,-0.08416385518349756
pi3bplus,fit,lucid_revision,n1024,B2,463,715.69983,753.575972,-37.87614199999996,38.09,37.638531915030384,0.4514680849696191
pi3bplus,fit,lucid_revision,n1024,B2,464,708.876438,753.575972,-44.69953399999997,38.09,37.63420651428,0.455793485720001
pi3bplus,fit,lucid_revision,n1024,B2,465,714.088873,753.575972,-39.487098999999944,38.09,37.637510716978646,0.4524892830213574
pi3bplus,fit,lucid_revision,n1024,B2,466,710.952482,753.575972,-42.62348999999995,37.552,37.63552253456367,-0.08352253456367009
pi3bplus,fit,lucid_revision,n1024,B2,467,716.091125,753.575972,-37.484846999999945,38.628,37.63877995994508,0.9892200400549171
pi3bplus,fit,lucid_revision,n1024,B2,468,710.532991,753.575972,-43.04298099999994,38.09,37.63525661598737,0.45474338401263026
pi3bplus,fit,lucid_revision,n1024,B2,469,715.594653,753.575972,-37.981318999999985,37.552,37.638465242519885,-0.08646524251988552
pi3bplus,fit,lucid_revision,n1024,B2,470,710.538515,753.575972,-43.03745700000002,38.628,38.55071001820763,0.07728998179236868
pi3bplus,fit,lucid_revision,n1024,B2,471,715.012981,753.575972,-38.56299100000001,38.09,38.09582146641544,-0.005821466415433463
pi3bplus,fit,lucid_revision,n1024,B2,472,710.446369,753.575972,-43.129602999999975,38.628,38.55065160614841,0.07734839385158665
pi3bplus,fit,lucid_revision,n1024,B2,473,715.720792,753.575972,-37.85518000000002,38.628,38.096270153260704,0.5317298467392959
pi3bplus,fit,lucid_revision,n1024,B2,474,710.497259,753.575972,-43.07871299999999,38.09,38.55068386571143,-0.46068386571142383
pi3bplus,fit,lucid_revision,n1024,B2,475,716.202503,753.575972,-37.373469,38.09,38.096575513574294,-0.006575513574290426
pi3bplus,fit,lucid_revision,n1024,B2,476,711.793711,753.575972,-41.78226099999995,39.166,38.551505696620985,0.6144943033790113
pi3bplus,fit,lucid_revision,n1024,B2,477,715.736097,753.575972,-37.839875000000006,38.628,37.63855490496105,0.9894450950389526
pi3bplus,fit,lucid_revision,n1024,B2,478,710.114331,753.575972,-43.461640999999986,38.09,38.55044112470248,-0.4604411247024771
pi3bplus,fit,lucid_revision,n1024,B2,479,714.640146,753.575972,-38.93582600000002,38.628,38.553310073693986,0.07468992630601434
pi3bplus,fit,fisvdd_revision,n1,B2,480,3.88642,5.140331,-1.2539109999999996,37.552,37.12664148867122,0.4253585113287812
pi3bplus,fit,fisvdd_revision,n1,B2,481,3.643242,5.140331,-1.497089,37.552,37.126487336263786,0.4255126637362139
pi3bplus,fit,fisvdd_revision,n1,B2,482,5.140331,5.140331,0.0,37.552,37.12743635251318,0.42456364748682063
pi3bplus,fit,fisvdd_revision,n1,B2,483,3.208604,5.140331,-1.931727,37.552,37.1262118158875,0.4257881841124984
pi3bplus,fit,fisvdd_revision,n1,B2,484,3.116782,5.140331,-2.0235489999999996,37.552,37.126153609214384,0.42584639078561537
pi3bplus,fit,fisvdd_revision,n1,B2,485,3.119125,5.140331,-2.021206,37.552,37.12615509446013,0.42584490553986853
pi3bplus,fit,fisvdd_revision,n1,B2,486,3.154126,5.140331,-1.9862049999999996,37.014,37.126177281863654,-0.1121772818636515
pi3bplus,fit,fisvdd_revision,n1,B2,487,3.139542,5.140331,-2.0007889999999997,37.552,36.668443086696655,0.8835569133033445
pi3bplus,fit,fisvdd_revision,n1,B2,488,3.179542,5.140331,-1.9607889999999997,37.014,37.126193393261836,-0.11219339326183331
pi3bplus,fit,fisvdd_revision,n1,B2,489,3.111052,5.140331,-2.029279,37.014,37.126149976923244,-0.11214997692324147
pi3bplus,fit,fisvdd_revision,n1,B2,490,3.151886,5.140331,-1.9884449999999996,37.014,36.668450911653345,0.3455490883466581
pi3bplus,fit,fisvdd_revision,n1,B2,491,3.171834,5.140331,-1.9684969999999997,37.014,36.66846355684421,0.3455364431557939
pi3bplus,fit,fisvdd_revision,n1,B2,492,3.140167,5.140331,-2.000164,37.552,36.66844348288897,0.8835565171110318
pi3bplus,fit,fisvdd_revision,n1,B2,493,3.17199,5.140331,-1.9683409999999997,36.476,37.12618860599086,-0.6501886059908628
pi3bplus,fit,fisvdd_revision,n1,B2,494,3.293292,5.140331,-1.8470389999999997,36.476,36.668540550006014,-0.1925405500060151
pi3bplus,fit,fisvdd_revision,n1,B2,495,3.142198,5.140331,-1.9981329999999997,36.476,37.126169720612566,-0.650169720612567
pi3bplus,fit,fisvdd_revision,n1,B2,496,3.105062,5.140331,-2.0352689999999996,37.014,36.210696279302,0.803303720698004
pi3bplus,fit,fisvdd_revision,n1,B2,497,3.188032,5.140331,-1.9522989999999996,36.476,36.66847382488118,-0.19247382488118348
pi3bplus,fit,fisvdd_revision,n1,B2,498,3.143708,5.140331,-1.9966229999999996,36.476,36.210720777299095,0.2652792227009044
pi3bplus,fit,fisvdd_revision,n1,B2,499,3.105375,5.140331,-2.0349559999999998,36.476,36.21069647771511,0.2653035222848885
pi3bplus,fit,fisvdd_revision,n1,B2,500,3.190635,5.140331,-1.9496959999999999,37.014,36.21075052468588,0.803249475314125
pi3bplus,fit,fisvdd_revision,n1,B2,501,3.124125,5.140331,-2.016206,36.476,36.668433313741595,-0.19243331374159567
pi3bplus,fit,fisvdd_revision,n1,B2,502,3.594856,5.140331,-1.5454749999999997,36.476,36.211006763491554,0.2649932365084453
pi3bplus,fit,fisvdd_revision,n1,B2,503,3.120115,5.140331,-2.0202159999999996,37.014,36.21070582151466,0.8032941784853449
pi3bplus,fit,fisvdd_revision,n1,B2,504,3.087875,5.140331,-2.052456,37.014,36.66841033458736,0.34558966541264624
pi3bplus,fit,fisvdd_revision,n1,B2,505,3.278344,5.140331,-1.8619869999999996,36.476,36.668531074353666,-0.192531074353667
pi3bplus,fit,fisvdd_revision,n1,B2,506,3.126312,5.140331,-2.014019,36.476,36.66843470009774,-0.192434700097742
pi3bplus,fit,fisvdd_revision,n1,B2,507,3.123812,5.140331,-2.0165189999999997,36.476,36.21070816507143,0.26529183492856845
pi3bplus,fit,fisvdd_revision,n1,B2,508,3.170115,5.140331,-1.9702159999999997,37.014,36.21073751689981,0.8032624831001911
pi3bplus,fit,fisvdd_revision,n1,B2,509,3.15902,5.140331,-1.9813109999999998,36.476,36.210730483693844,0.26526951630615514
pi3bplus,fit,fisvdd_revision,n1,B2,510,3.110062,5.140331,-2.0302689999999997,37.014,36.210699448840515,0.803300551159488
pi3bplus,fit,fisvdd_revision,n1,B2,511,3.159698,5.140331,-1.9806329999999996,36.476,36.21073091348327,0.26526908651673153
pi3bplus,fit,fisvdd_revision,n1,B2,512,3.124802,5.140331,-2.015529,36.476,36.668433742897115,-0.19243374289711568
pi3bplus,fit,fisvdd_revision,n1,B2,513,3.183865,5.140331,-1.9564659999999998,36.476,36.21074623313073,0.2652537668692716
pi3bplus,fit,fisvdd_revision,n1,B2,514,3.163448,5.140331,-1.976883,36.476,36.21073329063716,0.2652667093628409
pi3bplus,fit,fisvdd_revision,n1,B2,515,3.123135,5.140331,-2.0171959999999998,36.476,36.21070773591592,0.26529226408408135
pi3bplus,fit,fisvdd_revision,n1,B2,516,3.173812,5.140331,-1.966519,36.476,36.21073986045659,0.26526013954340755
pi3bplus,fit,fisvdd_revision,n1,B2,517,3.133135,5.140331,-2.007196,36.476,36.21071407499295,0.2652859250070492
pi3bplus,fit,fisvdd_revision,n1,B2,518,3.098968,5.140331,-2.0413629999999996,36.476,36.21069241626846,0.2653075837315413
pi3bplus,fit,fisvdd_revision,n1,B2,519,3.23876,5.140331,-1.9015709999999997,36.476,36.21078103149409,0.26521896850590565
pi3bplus,fit,oi_svdd_as_elm_revision,n64,B2,520,10.715503,13.126811,-2.411308,36.476,36.28538394436432,0.19061605563567952
pi3bplus,fit,oi_svdd_as_elm_revision,n64,B2,521,10.136022,13.126811,-2.9907889999999995,36.476,36.285016606894594,0.19098339310540524
pi3bplus,fit,oi_svdd_as_elm_revision,n64,B2,522,9.344144,13.126811,-3.782667,36.476,36.28451462933044,0.19148537066956095
pi3bplus,fit,oi_svdd_as_elm_revision,n64,B2,523,9.36206,13.126811,-3.7647510000000004,36.476,36.28452598642085,0.19147401357914617
pi3bplus,fit,oi_svdd_as_elm_revision,n64,B2,524,11.95186,13.126811,-1.174951,37.014,36.28616768059045,0.7278323194095506
pi3bplus,fit,oi_svdd_as_elm_revision,n64,B2,525,9.407791,13.126811,-3.7190200000000004,36.476,36.284554975654025,0.191445024345974
pi3bplus,fit,oi_svdd_as_elm_revision,n64,B2,526,9.367217,13.126811,-3.759594,36.476,36.28452925548287,0.19147074451712598
pi3bplus,fit,oi_svdd_as_elm_revision,n64,B2,527,9.434092,13.126811,-3.6927190000000003,36.476,36.28457164806052,0.1914283519394786
pi3bplus,fit,oi_svdd_as_elm_revision,n64,B2,528,9.325029,13.126811,-3.8017819999999993,36.476,36.284502512184694,0.19149748781530462
pi3bplus,fit,oi_svdd_as_elm_revision,n64,B2,529,9.347686,13.126811,-3.7791250000000005,36.476,35.826791924374476,0.6492080756255234
pi3bplus,fit,oi_svdd_as_elm_revision,n64,B2,530,9.558571,13.126811,-3.5682399999999994,36.476,36.2846505562575,0.19134944374249585
pi3bplus,fit,oi_svdd_as_elm_revision,n64,B2,531,9.384769,13.126811,-3.7420419999999996,35.938,35.82681543157383,0.11118456842617519
pi3bplus,fit,oi_svdd_as_elm_revision,n64,B2,532,9.33154,13.126811,-3.7952709999999996,36.476,36.28450663955775,0.19149336044225151
pi3bplus,fit,oi_svdd_as_elm_revision,n64,B2,533,9.427478,13.126811,-3.6993329999999993,36.476,36.28456745539497,0.19143254460502845
pi3bplus,fit,oi_svdd_as_elm_revision,n64,B2,534,9.401331,13.126811,-3.7254799999999992,36.476,35.82682593035321,0.64917406964679
pi3bplus,fit,oi_svdd_as_elm_revision,n64,B2,535,9.378363,13.126811,-3.748448,36.476,36.28453632101813,0.19146367898186867
pi3bplus,fit,oi_svdd_as_elm_revision,n64,B2,536,9.50029,13.126811,-3.6265210000000003,37.014,36.74233856173971,0.27166143826029554
pi3bplus,fit,oi_svdd_as_elm_revision,n64,B2,537,9.505029,13.126811,-3.6217819999999996,36.476,35.82689166531421,0.649108334685792
pi3bplus,fit,oi_svdd_as_elm_revision,n64,B2,538,9.383206,13.126811,-3.7436050000000005,37.014,36.28453939103314,0.7294606089668605
pi3bplus,fit,oi_svdd_as_elm_revision,n64,B2,539,9.433987,13.126811,-3.692824,36.476,35.826846631243164,0.6491533687568349
pi3bplus,fit,oi_svdd_as_elm_revision,n64,B2,540,9.308987,13.126811,-3.817824,35.938,36.28449234303732,-0.346492343037319
pi3bplus,fit,oi_svdd_as_elm_revision,n64,B2,541,9.395602,13.126811,-3.7312089999999998,36.476,36.284547248953025,0.1914527510469739
pi3bplus,fit,oi_svdd_as_elm_revision,n64,B2,542,9.444508,13.126811,-3.682302999999999,36.476,36.28457825084316,0.19142174915683796
pi3bplus,fit,oi_svdd_as_elm_revision,n64,B2,543,9.30581,13.126811,-3.8210010000000008,36.476,35.8267653788555,0.649234621144501
pi3bplus,fit,oi_svdd_as_elm_revision,n64,B2,544,9.587009,13.126811,-3.539802,36.476,36.284668583324766,0.1913314166752329
pi3bplus,fit,oi_svdd_as_elm_revision,n64,B2,545,9.474091,13.126811,-3.6527200000000004,36.476,36.28459700373474,0.19140299626526058
pi3bplus,fit,oi_svdd_as_elm_revision,n64,B2,546,13.126811,13.126811,0.0,35.938,36.28691249108017,-0.34891249108017064
pi3bplus,fit,oi_svdd_as_elm_revision,n64,B2,547,9.331799,13.126811,-3.795012,36.476,36.284506803739845,0.19149319626015426
pi3bplus,fit,oi_svdd_as_elm_revision,n64,B2,548,9.516955,13.126811,-3.6098560000000006,36.476,36.28462417555453,0.19137582444547263
pi3bplus,fit,oi_svdd_as_elm_revision,n64,B2,549,9.301955,13.126811,-3.8248560000000005,36.476,35.826762935141296,0.6492370648587027
pi3bplus,fit,oi_svdd_as_elm_revision,n64,B2,550,9.384716,13.126811,-3.742095000000001,35.938,35.826815397976716,0.11118460202328606
pi3bplus,fit,oi_svdd_as_elm_revision,n64,B2,551,9.653831,13.126811,-3.4729799999999997,35.938,36.2847109423053,-0.3467109423053003
pi3bplus,fit,oi_svdd_as_elm_revision,n64,B2,552,9.361903,13.126811,-3.764908,35.938,36.28452588689734,-0.3465258868973393
pi3bplus,fit,oi_svdd_as_elm_revision,n64,B2,553,9.392372,13.126811,-3.734439,36.476,36.28454520143115,0.19145479856884862
pi3bplus,fit,oi_svdd_as_elm_revision,n64,B2,554,9.419403,13.126811,-3.707407999999999,36.476,36.28456233659027,0.19143766340972945
pi3bplus,fit,oi_svdd_as_elm_revision,n64,B2,555,9.304768,13.126811,-3.8220430000000007,36.476,35.826764718323666,0.6492352816763329
pi3bplus,fit,oi_svdd_as_elm_revision,n64,B2,556,9.389091,13.126811,-3.7377199999999995,35.938,35.82681817132292,0.1111818286770827
pi3bplus,fit,oi_svdd_as_elm_revision,n64,B2,557,9.429664,13.126811,-3.6971469999999993,35.938,36.28456884111721,-0.346568841117211
pi3bplus,fit,oi_svdd_as_elm_revision,n64,B2,558,9.321069,13.126811,-3.8057420000000004,36.476,35.82677505165314,0.6492249483468626
pi3bplus,fit,oi_svdd_as_elm_revision,n64,B2,559,9.377372,13.126811,-3.7494390000000006,36.476,35.82681074255855,0.6491892574414493
pi3bplus,fit,tinydl_revision,n1,B1,560,3.650688,3.94949,-0.2988019999999998,35.938,35.22524385798786,0.7127561420121395
pi3bplus,fit,tinydl_revision,n1,B1,561,3.450426,3.94949,-0.49906399999999973,35.938,36.14056681087752,-0.2025668108775207
pi3bplus,fit,tinydl_revision,n1,B1,562,2.955061,3.94949,-0.9944289999999998,35.4,35.68252784493111,-0.28252784493110994
pi3bplus,fit,tinydl_revision,n1,B1,563,2.982301,3.94949,-0.9671889999999999,35.938,36.140270062833984,-0.20227006283398197
pi3bplus,fit,tinydl_revision,n1,B1,564,2.929644,3.94949,-1.0198459999999998,35.938,35.22478678264196,0.7132132173580459
pi3bplus,fit,tinydl_revision,n1,B1,565,2.860789,3.94949,-1.088701,35.4,35.22474313492706,0.1752568650729387
pi3bplus,fit,tinydl_revision,n1,B1,566,2.960217,3.94949,-0.9892729999999998,35.938,36.14025606361627,-0.20225606361626802
pi3bplus,fit,tinydl_revision,n1,B1,567,2.925165,3.94949,-1.0243250000000002,35.938,35.68250889362641,0.25549110637359007
pi3bplus,fit,tinydl_revision,n1,B1,568,2.920373,3.94949,-1.0291169999999998,35.938,35.224780905683645,0.7132190943163579
pi3bplus,fit,tinydl_revision,n1,B1,569,2.991936,3.94949,-0.957554,35.938,35.68255122027766,0.25544877972234303
pi3bplus,fit,tinydl_revision,n1,B1,570,2.921154,3.94949,-1.028336,35.4,35.22478140076556,0.17521859923444083
pi3bplus,fit,tinydl_revision,n1,B1,571,2.906571,3.94949,-1.042919,35.938,35.68249710674658,0.25550289325342135
pi3bplus,fit,tinydl_revision,n1,B1,572,2.984905,3.94949,-0.964585,35.4,35.682546763272605,-0.28254676327260597
pi3bplus,fit,tinydl_revision,n1,B1,573,2.933342,3.94949,-1.0161479999999998,35.4,35.22478912683265,0.17521087316735162
pi3bplus,fit,tinydl_revision,n1,B1,574,3.002404,3.94949,-0.9470860000000001,35.4,35.22483290576644,0.17516709423355792
pi3bplus,fit,tinydl_revision,n1,B1,575,2.933029,3.94949,-1.016461,35.938,35.224788928419535,0.7132110715804671
pi3bplus,fit,tinydl_revision,n1,B1,576,2.874539,3.94949,-1.074951,35.4,35.224751851157976,0.175248148842023
pi3bplus,fit,tinydl_revision,n1,B1,577,2.992664,3.94949,-0.956826,35.4,35.22482673150541,0.17517326849458925
pi3bplus,fit,tinydl_revision,n1,B1,578,3.006675,3.94949,-0.942815,34.862,34.76711066292919,0.0948893370708106
pi3bplus,fit,tinydl_revision,n1,B1,579,2.946675,3.94949,-1.002815,35.4,35.22479757872405,0.17520242127594798
pi3bplus,fit,tinydl_revision,n1,B1,580,3.08079,3.94949,-0.8687,35.4,35.22488259525566,0.17511740474434134
pi3bplus,fit,tinydl_revision,n1,B1,581,2.912925,3.94949,-1.036565,35.4,35.22477618433907,0.17522381566092804
pi3bplus,fit,tinydl_revision,n1,B1,582,2.911988,3.94949,-1.037502,35.4,35.68250054062461,-0.2825005406246106
pi3bplus,fit,tinydl_revision,n1,B1,583,2.980581,3.94949,-0.968909,34.862,34.767094121741586,0.09490587825841601
pi3bplus,fit,tinydl_revision,n1,B1,584,2.918029,3.94949,-1.0314609999999997,35.4,34.76705446954694,0.6329455304530569
pi3bplus,fit,tinydl_revision,n1,B1,585,2.898706,3.94949,-1.0507840000000002,34.862,35.224767170805436,-0.36276717080543364
pi3bplus,fit,tinydl_revision,n1,B1,586,3.051154,3.94949,-0.898336,34.862,34.767138858509924,0.09486114149007818
pi3bplus,fit,tinydl_revision,n1,B1,587,2.918341,3.94949,-1.031149,34.862,35.22477961758319,-0.3627796175831861
pi3bplus,fit,tinydl_revision,n1,B1,588,2.974383,3.94949,-0.975107,34.862,35.22481514303869,-0.3628151430386879
pi3bplus,fit,tinydl_revision,n1,B1,589,2.949904,3.94949,-0.9995859999999999,34.862,34.767074675354976,0.09492532464502546
pi3bplus,fit,tinydl_revision,n1,B1,590,2.88105,3.94949,-1.0684399999999998,34.862,34.76703102827398,0.09496897172601848
pi3bplus,fit,tinydl_revision,n1,B1,591,3.084279,3.94949,-0.865211,35.4,34.76715985670259,0.6328401432974076
pi3bplus,fit,tinydl_revision,n1,B1,592,2.953029,3.94949,-0.996461,34.862,35.2248016065736,-0.3628016065735977
pi3bplus,fit,tinydl_revision,n1,B1,593,2.910997,3.94949,-1.0384929999999999,34.862,35.22477496216502,-0.3627749621650196
pi3bplus,fit,tinydl_revision,n1,B1,594,2.985477,3.94949,-0.964013,35.938,35.22482217561075,0.7131778243892555
pi3bplus,fit,tinydl_revision,n1,B1,595,2.93282,3.94949,-1.01667,34.862,35.224788795932824,-0.362788795932822
pi3bplus,fit,tinydl_revision,n1,B1,596,3.94949,3.94949,0.0,35.4,34.767708320620336,0.6322916793796622
pi3bplus,fit,tinydl_revision,n1,B1,597,2.979279,3.94949,-0.9702109999999999,34.862,34.76709329639376,0.09490670360624165
pi3bplus,fit,tinydl_revision,n1,B1,598,2.904331,3.94949,-1.045159,34.862,34.767045786279226,0.09495421372077573
pi3bplus,fit,tinydl_revision,n1,B1,599,3.038758,3.94949,-0.9107319999999999,34.862,34.309406050332974,0.5525939496670276
pi3bplus,fit,tinydl_revision,n512,B1,600,43.326418,44.922881,-1.596463,34.862,34.86961695513317,-0.007616955133165959
pi3bplus,fit,tinydl_revision,n512,B1,601,44.922881,44.922881,0.0,35.4,35.3283539155837,0.07164608441630094
pi3bplus,fit,tinydl_revision,n512,B1,602,41.204798,44.922881,-3.718083,35.4,35.32599699412906,0.07400300587093511
pi3bplus,fit,tinydl_revision,n512,B1,603,41.063493,44.922881,-3.8593879999999956,35.4,34.868182469544024,0.5318175304559745
pi3bplus,fit,tinydl_revision,n512,B1,604,40.988285,44.922881,-3.934595999999999,35.4,35.325859744870534,0.0741402551294641
pi3bplus,fit,tinydl_revision,n512,B1,605,41.056515,44.922881,-3.8663659999999993,35.4,35.32590299639312,0.07409700360688021
pi3bplus,fit,tinydl_revision,n512,B1,606,41.126983,44.922881,-3.795897999999994,35.4,35.325947666601145,0.07405233339885342
pi3bplus,fit,tinydl_revision,n512,B1,607,41.073754,44.922881,-3.8491269999999957,35.4,35.32591392432801,0.07408607567198544
pi3bplus,fit,tinydl_revision,n512,B1,608,41.076358,44.922881,-3.8465229999999977,35.4,35.32591557502367,0.07408442497632706
pi3bplus,fit,tinydl_revision,n512,B1,609,42.15933,44.922881,-2.7635509999999996,35.4,34.86887712905972,0.5311228709402798
pi3bplus,fit,tinydl_revision,n512,B1,610,41.028546,44.922881,-3.894334999999998,34.862,35.32588526662857,-0.4638852666285658
pi3bplus,fit,tinydl_revision,n512,B1,611,41.031931,44.922881,-3.8909499999999966,35.4,34.8681624621491,0.5318375378508975
pi3bplus,fit,tinydl_revision,n512,B1,612,41.171461,44.922881,-3.751419999999996,35.4,35.32597586154797,0.07402413845203171
pi3bplus,fit,tinydl_revision,n512,B1,613,41.165002,44.922881,-3.7578789999999955,35.4,35.325971767138114,0.07402823286188465
pi3bplus,fit,tinydl_revision,n512,B1,614,41.068752,44.922881,-3.8541289999999933,35.4,35.32591075352168,0.07408924647831583
pi3bplus,fit,tinydl_revision,n512,B1,615,41.046616,44.922881,-3.8762649999999965,34.862,35.32589672134077,-0.46389672134076676
pi3bplus,fit,tinydl_revision,n512,B1,616,41.209742,44.922881,-3.713138999999998,34.862,35.78372507842581,-0.9217250784258084
pi3bplus,fit,tinydl_revision,n512,B1,617,41.236044,44.922881,-3.686836999999997,35.4,35.32601680120916,0.0739831987908417
pi3bplus,fit,tinydl_revision,n512,B1,618,43.047455,44.922881,-1.8754259999999974,34.862,35.32716506859562,-0.465165068595617
pi3bplus,fit,tinydl_revision,n512,B1,619,41.199221,44.922881,-3.7236599999999953,34.862,35.325993458825806,-0.46399345882580434
pi3bplus,fit,tinydl_revision,n512,B1,620,41.082815,44.922881,-3.840066,35.4,35.32591966816571,0.07408033183428842
pi3bplus,fit,tinydl_revision,n512,B1,621,41.110211,44.922881,-3.812669999999997,35.4,35.32593703470115,0.07406296529885026
pi3bplus,fit,tinydl_revision,n512,B1,622,41.0775,44.922881,-3.845380999999996,35.4,34.86819134868922,0.5318086513107758
pi3bplus,fit,tinydl_revision,n512,B1,623,41.215469,44.922881,-3.707411999999998,35.4,35.326003758558166,0.07399624144183292
pi3bplus,fit,tinydl_revision,n512,B1,624,41.290834,44.922881,-3.632047,35.4,35.32605153301221,0.07394846698778679
pi3bplus,fit,tinydl_revision,n512,B1,625,42.175784,44.922881,-2.7470969999999966,35.4,35.32661250963411,0.07338749036588865
pi3bplus,fit,tinydl_revision,n512,B1,626,41.097916,44.922881,-3.824964999999999,34.862,34.868204290548896,-0.0062042905488937095
pi3bplus,fit,tinydl_revision,n512,B1,627,41.028282,44.922881,-3.8945989999999995,35.4,35.32588509927694,0.07411490072306037
pi3bplus,fit,tinydl_revision,n512,B1,628,44.090893,44.922881,-0.8319879999999955,35.4,34.87010156172453,0.5298984382754668
pi3bplus,fit,tinydl_revision,n512,B1,629,41.95745,44.922881,-2.9654309999999953,35.4,35.32647410602965,0.07352589397034848
pi3bplus,fit,tinydl_revision,n512,B1,630,41.368959,44.922881,-3.553922,35.4,35.326101057051524,0.07389894294847466
pi3bplus,fit,tinydl_revision,n512,B1,631,41.173803,44.922881,-3.7490779999999972,34.862,35.32597734615981,-0.46397734615980823
pi3bplus,fit,tinydl_revision,n512,B1,632,41.180936,44.922881,-3.741944999999994,35.4,34.868256917566406,0.5317430824335929
pi3bplus,fit,tinydl_revision,n512,B1,633,41.10531,44.922881,-3.817570999999994,34.862,35.32593392791949,-0.4639339279194914
pi3bplus,fit,tinydl_revision,n512,B1,634,41.139842,44.922881,-3.783038999999995,35.4,35.3259558180203,0.0740441819797013
pi3bplus,fit,tinydl_revision,n512,B1,635,41.356144,44.922881,-3.5667369999999963,35.4,34.86836798326726,0.5316320167327362
pi3bplus,fit,tinydl_revision,n512,B1,636,41.112967,44.922881,-3.809913999999999,35.4,34.86821383149373,0.5317861685062653
pi3bplus,fit,tinydl_revision,n512,B1,637,41.28203,44.922881,-3.640850999999998,35.4,35.3260459520888,0.07395404791120086
pi3bplus,fit,tinydl_revision,n512,B1,638,43.779068,44.922881,-1.1438129999999944,35.4,34.869903893454996,0.5300961065450025
pi3bplus,fit,tinydl_revision,n512,B1,639,41.259894,44.922881,-3.662986999999994,35.4,35.32603191990788,0.07396808009212208
pi3bplus,fit,tinydl_revision,n16,B2,640,4.770845,6.611421,-1.8405760000000004,34.862,35.85751387744904,-0.9955138774490351
pi3bplus,fit,tinydl_revision,n16,B2,641,4.718188,6.611421,-1.8932330000000004,35.4,35.39975554751405,0.0002444524859512853
pi3bplus,fit,tinydl_revision,n16,B2,642,4.094854,6.611421,-2.516567,35.4,35.39936041128982,0.0006395887101788844
pi3bplus,fit,tinydl_revision,n16,B2,643,4.127718,6.611421,-2.483703,35.4,34.94165629377553,0.4583437062244684
pi3bplus,fit,tinydl_revision,n16,B2,644,4.141937,6.611421,-2.4694839999999996,35.4,34.94166530730916,0.4583346926908405
pi3bplus,fit,tinydl_revision,n16,B2,645,4.087979,6.611421,-2.523442,35.4,35.39935605317436,0.0006439468256402847
pi3bplus,fit,tinydl_revision,n16,B2,646,4.533136,6.611421,-2.078285,35.4,35.399638241625766,0.00036175837423257917
pi3bplus,fit,tinydl_revision,n16,B2,647,4.294854,6.611421,-2.316567,35.4,35.39948719283045,0.0005128071695494896
pi3bplus,fit,tinydl_revision,n16,B2,648,5.294492,6.611421,-1.316929,35.938,35.400120871059,0.5378791289410003
pi3bplus,fit,tinydl_revision,n16,B2,649,4.360479,6.611421,-2.250942,35.4,35.399528793023464,0.00047120697653468824
pi3bplus,fit,tinydl_revision,n16,B2,650,4.201781,6.611421,-2.4096399999999996,35.4,35.39942819313879,0.0005718068612097227
pi3bplus,fit,tinydl_revision,n16,B2,651,4.284333,6.611421,-2.327088,35.938,35.399480523487505,0.5385194765124979
pi3bplus,fit,tinydl_revision,n16,B2,652,4.144229,6.611421,-2.467192,35.4,35.39939171048266,0.0006082895173378233
pi3bplus,fit,tinydl_revision,n16,B2,653,4.192197,6.611421,-2.419224,35.4,35.399422117767365,0.0005778822326334421
pi3bplus,fit,tinydl_revision,n16,B2,654,4.080323,6.611421,-2.531098,35.4,35.399351199976984,0.0006488000230149282
pi3bplus,fit,tinydl_revision,n16,B2,655,4.203083,6.611421,-2.4083379999999996,35.4,35.85715396874368,-0.4571539687436825
pi3bplus,fit,tinydl_revision,n16,B2,656,4.082301,6.611421,-2.52912,35.4,35.85707740410348,-0.4570774041034795
pi3bplus,fit,tinydl_revision,n16,B2,657,4.124281,6.611421,-2.48714,35.4,35.3993790652918,0.0006209347082020145
pi3bplus,fit,tinydl_revision,n16,B2,658,4.200582,6.611421,-2.410839,35.4,35.39942743308345,0.0005725669165457248
pi3bplus,fit,tinydl_revision,n16,B2,659,4.086155,6.611421,-2.5252660000000002,35.938,34.941629946669664,0.9963700533303381
pi3bplus,fit,tinydl_revision,n16,B2,660,4.203239,6.611421,-2.408182,35.4,35.39942911737622,0.0005708826237764697
pi3bplus,fit,tinydl_revision,n16,B2,661,4.140947,6.611421,-2.4704740000000003,35.4,35.85711458025464,-0.4571145802546397
pi3bplus,fit,tinydl_revision,n16,B2,662,6.611421,6.611421,0.0,35.938,34.94323073223955,0.9947692677604536
pi3bplus,fit,tinydl_revision,n16,B2,663,4.094385,6.611421,-2.517036,35.4,35.39936011398711,0.000639886012891111
pi3bplus,fit,tinydl_revision,n16,B2,664,4.146051,6.611421,-2.46537,35.4,35.857117815719555,-0.4571178157195561
pi3bplus,fit,tinydl_revision,n16,B2,665,4.137457,6.611421,-2.4739639999999996,35.4,35.399387417659696,0.000612582340302481
pi3bplus,fit,tinydl_revision,n16,B2,666,4.068134,6.611421,-2.5432870000000003,35.4,35.85706842353305,-0.45706842353305177
pi3bplus,fit,tinydl_revision,n16,B2,667,4.186155,6.611421,-2.4252659999999997,35.4,35.399418287697024,0.0005817123029743243
pi3bplus,fit,tinydl_revision,n16,B2,668,4.308291,6.611421,-2.3031300000000003,35.4,35.39949571064825,0.0005042893517455127
pi3bplus,fit,tinydl_revision,n16,B2,669,4.094176,6.611421,-2.517245,35.4,35.399359981500396,0.0006400184996024905
pi3bplus,fit,tinydl_revision,n16,B2,670,4.293707,6.611421,-2.3177139999999996,35.4,35.39948646573831,0.0005135342616853222
pi3bplus,fit,tinydl_revision,n16,B2,671,4.232614,6.611421,-2.378807,35.938,35.857172688672065,0.08082731132793697
pi3bplus,fit,tinydl_revision,n16,B2,672,4.108759,6.611421,-2.502662,35.4,34.48391932526233,0.9160806747376711
pi3bplus,fit,tinydl_revision,n16,B2,673,4.13902,6.611421,-2.4724009999999996,34.862,35.39938840845743,-0.5373884084574314
pi3bplus,fit,tinydl_revision,n16,B2,674,4.089332,6.611421,-2.5220890000000002,35.4,35.39935691085148,0.0006430891485180723
pi3bplus,fit,tinydl_revision,n16,B2,675,4.144124,6.611421,-2.4672970000000003,35.4,34.941666693665304,0.45833330633469416
pi3bplus,fit,tinydl_revision,n16,B2,676,4.122145,6.611421,-2.4892760000000003,35.4,35.39937771126495,0.0006222887350517681
pi3bplus,fit,tinydl_revision,n16,B2,677,4.094852,6.611421,-2.5165689999999996,35.938,35.399360410022005,0.538639589977997
pi3bplus,fit,tinydl_revision,n16,B2,678,4.133655,6.611421,-2.477766,35.4,35.399385007542605,0.0006149924573932708
pi3bplus,fit,tinydl_revision,n16,B2,679,4.148863,6.611421,-2.4625579999999996,35.4,35.399394648010954,0.0006053519890443226
pi3bplus,fit,tinydl_revision,n512,B2,680,43.008115,44.005402,-0.997287,35.4,35.46677632526301,-0.0667763252630138
pi3bplus,fit,tinydl_revision,n512,B2,681,43.917596,44.005402,-0.08780599999999339,34.862,35.46735285227478,-0.6053528522747769
pi3bplus,fit,tinydl_revision,n512,B2,682,40.975975,44.005402,-3.0294269999999983,34.862,35.46548813606314,-0.6034881360631417
pi3bplus,fit,tinydl_revision,n512,B2,683,41.199466,44.005402,-2.8059359999999955,35.938,35.465629808729624,0.4723701912703788
pi3bplus,fit,tinydl_revision,n512,B2,684,41.650144,44.005402,-2.355257999999999,35.4,35.46591549698547,-0.06591549698546828
pi3bplus,fit,tinydl_revision,n512,B2,685,41.903268,44.005402,-2.1021339999999995,35.4,35.46607595423892,-0.06607595423891865
pi3bplus,fit,tinydl_revision,n512,B2,686,41.057171,44.005402,-2.948231,35.4,35.465539606833005,-0.0655396068330063
pi3bplus,fit,tinydl_revision,n512,B2,687,40.867952,44.005402,-3.137449999999994,35.4,35.46541965945133,-0.06541965945132944
pi3bplus,fit,tinydl_revision,n512,B2,688,40.95165,44.005402,-3.053751999999996,35.4,35.92319766651532,-0.5231976665153226
pi3bplus,fit,tinydl_revision,n512,B2,689,41.161807,44.005402,-2.8435949999999934,35.4,35.465605936399434,-0.0656059363994359
pi3bplus,fit,tinydl_revision,n512,B2,690,41.872017,44.005402,-2.133384999999997,35.4,35.923781094246344,-0.5237810942463454
pi3bplus,fit,tinydl_revision,n512,B2,691,40.956338,44.005402,-3.0490639999999942,35.4,35.46547568801758,-0.06547568801757819
pi3bplus,fit,tinydl_revision,n512,B2,692,40.982015,44.005402,-3.0233869999999996,35.4,35.46549196486567,-0.06549196486567155
pi3bplus,fit,tinydl_revision,n512,B2,693,43.551082,44.005402,-0.4543199999999956,35.4,35.46712051622686,-0.06712051622686488
pi3bplus,fit,tinydl_revision,n512,B2,694,41.205661,44.005402,-2.7997409999999974,35.938,35.46563373578785,0.47236626421215533
pi3bplus,fit,tinydl_revision,n512,B2,695,41.866809,44.005402,-2.138592999999993,35.4,35.92377779285503,-0.5237777928550287
pi3bplus,fit,tinydl_revision,n512,B2,696,41.326441,44.005402,-2.678960999999994,35.938,35.465710299160236,0.4722897008397666
pi3bplus,fit,tinydl_revision,n512,B2,697,41.258784,44.005402,-2.746617999999998,35.4,35.465667410866764,-0.06566741086676586
pi3bplus,fit,tinydl_revision,n512,B2,698,41.134722,44.005402,-2.87068,35.4,35.92331371726635,-0.5233137172663547
pi3bplus,fit,tinydl_revision,n512,B2,699,41.12868,44.005402,-2.876721999999994,35.4,35.46558493693895,-0.06558493693895429
pi3bplus,fit,tinydl_revision,n512,B2,700,41.35217,44.005402,-2.6532319999999956,35.938,35.92345155922859,0.014548440771413595
pi3bplus,fit,tinydl_revision,n512,B2,701,41.170554,44.005402,-2.834847999999994,35.938,35.465611481190116,0.4723885188098862
pi3bplus,fit,tinydl_revision,n512,B2,702,41.164253,44.005402,-2.8411489999999944,36.476,35.92333243719474,0.5526675628052615
pi3bplus,fit,tinydl_revision,n512,B2,703,43.136965,44.005402,-0.8684370000000001,35.4,35.92458295452762,-0.5245829545276237
pi3bplus,fit,tinydl_revision,n512,B2,704,41.039253,44.005402,-2.9661489999999944,35.4,35.46552824847478,-0.06552824847478433
pi3bplus,fit,tinydl_revision,n512,B2,705,41.10144,44.005402,-2.903962,36.476,35.465567669293115,1.0104323307068839
pi3bplus,fit,tinydl_revision,n512,B2,706,41.121282,44.005402,-2.884119999999996,35.938,36.38103014780387,-0.4430301478038672
pi3bplus,fit,tinydl_revision,n512,B2,707,41.117271,44.005402,-2.8881309999999942,35.938,35.92330265494303,0.014697345056973177
pi3bplus,fit,tinydl_revision,n512,B2,708,41.052011,44.005402,-2.9533909999999963,36.476,35.92326128612632,0.5527387138736799
pi3bplus,fit,tinydl_revision,n512,B2,709,41.07649,44.005402,-2.928911999999997,35.938,35.92327680355299,0.014723196447015141
pi3bplus,fit,tinydl_revision,n512,B2,710,41.075344,44.005402,-2.9300579999999954,35.938,36.3810010273518,-0.4430010273517979
pi3bplus,fit,tinydl_revision,n512,B2,711,41.276178,44.005402,-2.729223999999995,35.938,35.46567843705735,0.4723215629426534
pi3bplus,fit,tinydl_revision,n512,B2,712,41.531699,44.005402,-2.4737029999999933,35.4,35.92356536404463,-0.5235653640446287
pi3bplus,fit,tinydl_revision,n512,B2,713,44.005402,44.005402,0.0,35.4,35.92513346343162,-0.5251334634316223
pi3bplus,fit,tinydl_revision,n512,B2,714,41.13399,44.005402,-2.8714119999999994,35.938,35.465588302988856,0.4724116970111467
pi3bplus,fit,tinydl_revision,n512,B2,715,41.101176,44.005402,-2.904225999999994,36.476,35.923292452198545,0.5527075478014538
pi3bplus,fit,tinydl_revision,n512,B2,716,41.083363,44.005402,-2.922038999999998,35.938,35.46555621014357,0.47244378985643465
pi3bplus,fit,tinydl_revision,n512,B2,717,41.302999,44.005402,-2.702402999999997,36.476,36.38114533960996,0.09485466039004109
pi3bplus,fit,tinydl_revision,n512,B2,718,41.473624,44.005402,-2.5317779999999956,35.938,35.465803599597706,0.4721964004022965
pi3bplus,fit,tinydl_revision,n512,B2,719,41.052113,44.005402,-2.953288999999998,35.938,35.465536400527846,0.47246359947215666
pi3bplus,fit,oi_svdd_as_elm_revision,n256,B2,720,29.106827,30.644486,-1.5376590000000014,35.4,35.39869184503317,0.0013081549668285675
pi3bplus,fit,oi_svdd_as_elm_revision,n256,B2,721,30.644486,30.644486,0.0,35.938,35.39966657891808,0.5383334210819228
pi3bplus,fit,oi_svdd_as_elm_revision,n256,B2,722,27.023074,30.644486,-3.6214119999999994,35.938,35.39737093795502,0.5406290620449852
pi3bplus,fit,oi_svdd_as_elm_revision,n256,B2,723,27.007449,30.644486,-3.6370369999999994,35.4,34.939636082890104,0.46036391710989477
pi3bplus,fit,oi_svdd_as_elm_revision,n256,B2,724,27.194792,30.644486,-3.449694000000001,35.938,35.397479791317984,0.5405202086820182
pi3bplus,fit,oi_svdd_as_elm_revision,n256,B2,725,27.110886,30.644486,-3.5336,35.938,35.39742660265824,0.5405733973417597
pi3bplus,fit,oi_svdd_as_elm_revision,n256,B2,726,29.253234,30.644486,-1.3912520000000015,35.4,35.85650960381531,-0.4565096038153129
pi3bplus,fit,oi_svdd_as_elm_revision,n256,B2,727,27.24547,30.644486,-3.3990159999999996,35.938,35.39751191649256,0.5404880835074408
pi3bplus,fit,oi_svdd_as_elm_revision,n256,B2,728,27.446927,30.644486,-3.197559000000002,35.938,35.39763962163671,0.5403603783632889
pi3bplus,fit,oi_svdd_as_elm_revision,n256,B2,729,27.08927,30.644486,-3.5552160000000015,35.4,35.39741290010933,0.0025870998906682985
pi3bplus,fit,oi_svdd_as_elm_revision,n256,B2,730,26.991197,30.644486,-3.653289000000001,35.4,35.39735073087916,0.0026492691208375163
pi3bplus,fit,oi_svdd_as_elm_revision,n256,B2,731,27.24026,30.644486,-3.4042260000000013,36.476,35.39750861383343,1.0784913861665686
pi3bplus,fit,oi_svdd_as_elm_revision,n256,B2,732,26.982707,30.644486,-3.6617789999999992,35.938,35.39734534900276,0.5406546509972401
pi3bplus,fit,oi_svdd_as_elm_revision,n256,B2,733,27.141353,30.644486,-3.503133000000002,35.938,35.85517086618129,0.08282913381871282
pi3bplus,fit,oi_svdd_as_elm_revision,n256,B2,734,27.030052,30.644486,-3.6144339999999993,35.4,35.85510031162002,-0.45510031162002207
pi3bplus,fit,oi_svdd_as_elm_revision,n256,B2,735,27.199062,30.644486,-3.445423999999999,35.938,35.39748249810388,0.5405175018961259
pi3bplus,fit,oi_svdd_as_elm_revision,n256,B2,736,27.182812,30.644486,-3.461674000000002,35.938,35.855197147360755,0.08280285263924725
pi3bplus,fit,oi_svdd_as_elm_revision,n256,B2,737,27.168541,30.644486,-3.4759449999999994,35.938,35.85518810086392,0.08281189913608245
pi3bplus,fit,oi_svdd_as_elm_revision,n256,B2,738,27.064425,30.644486,-3.5800610000000006,35.938,35.39739715067245,0.5406028493275556
pi3bplus,fit,oi_svdd_as_elm_revision,n256,B2,739,27.010362,30.644486,-3.634124,36.476,36.312812780234395,0.16318721976560369
pi3bplus,fit,oi_svdd_as_elm_revision,n256,B2,740,26.9488,30.644486,-3.695686000000002,35.938,35.39732385509427,0.5406761449057313
pi3bplus,fit,oi_svdd_as_elm_revision,n256,B2,741,26.92031,30.644486,-3.724176,35.4,35.85503074532086,-0.45503074532086174
pi3bplus,fit,oi_svdd_as_elm_revision,n256,B2,742,26.934061,30.644486,-3.7104250000000008,35.938,35.85503946218569,0.08296053781431567
pi3bplus,fit,oi_svdd_as_elm_revision,n256,B2,743,27.106196,30.644486,-3.53829,35.938,35.855148579888166,0.08285142011183666
pi3bplus,fit,oi_svdd_as_elm_revision,n256,B2,744,26.981509,30.644486,-3.6629770000000015,35.4,35.85506953983839,-0.4550695398383908
pi3bplus,fit,oi_svdd_as_elm_revision,n256,B2,745,27.516561,30.644486,-3.127925000000001,36.476,35.397683763165716,1.078316236834283
pi3bplus,fit,oi_svdd_as_elm_revision,n256,B2,746,27.015779,30.644486,-3.628707000000002,35.938,36.31281621411242,-0.37481621411242116
pi3bplus,fit,oi_svdd_as_elm_revision,n256,B2,747,27.021247,30.644486,-3.6232390000000017,35.4,35.855094730062696,-0.4550947300626973
pi3bplus,fit,oi_svdd_as_elm_revision,n256,B2,748,26.934007,30.644486,-3.7104789999999994,35.938,35.39731447769762,0.5406855223023825
pi3bplus,fit,oi_svdd_as_elm_revision,n256,B2,749,26.999319,30.644486,-3.6451670000000007,35.4,35.39735587947753,0.0026441205224685405
pi3bplus,fit,oi_svdd_as_elm_revision,n256,B2,750,27.062184,30.644486,-3.582302000000002,35.938,35.85512068034234,0.08287931965766404
pi3bplus,fit,oi_svdd_as_elm_revision,n256,B2,751,27.096872,30.644486,-3.5476139999999994,35.4,35.85514266933274,-0.4551426693327443
pi3bplus,fit,oi_svdd_as_elm_revision,n256,B2,752,26.906559,30.644486,-3.737926999999999,35.4,35.855022028456034,-0.45502202845603534
pi3bplus,fit,oi_svdd_as_elm_revision,n256,B2,753,26.938017,30.644486,-3.706469000000002,35.938,35.39731701966751,0.5406829803324911
pi3bplus,fit,oi_svdd_as_elm_revision,n256,B2,754,27.423539,30.644486,-3.220946999999999,36.476,35.855349746060405,0.6206502539395942
pi3bplus,fit,oi_svdd_as_elm_revision,n256,B2,755,27.902811,30.644486,-2.7416750000000008,35.938,35.85565356027311,0.08234643972689071
pi3bplus,fit,oi_svdd_as_elm_revision,n256,B2,756,26.960934,30.644486,-3.683551999999999,35.938,35.397331546930346,0.5406684530696566
pi3bplus,fit,oi_svdd_as_elm_revision,n256,B2,757,26.963693,30.644486,-3.6807930000000013,35.4,35.855058246138746,-0.4550582461387478
pi3bplus,fit,oi_svdd_as_elm_revision,n256,B2,758,27.012912,30.644486,-3.6315740000000005,35.4,35.397364496184935,0.0026355038150640553
pi3bplus,fit,oi_svdd_as_elm_revision,n256,B2,759,26.937182,30.644486,-3.7073040000000006,35.938,36.31276639086868,-0.3747663908686789
pi3bplus,fit,tinydl_revision,n64,B0,760,7.842305,8.925118,-1.0828129999999998,35.4,35.13956295938134,0.2604370406186618
pi3bplus,fit,tinydl_revision,n64,B0,761,7.750326,8.925118,-1.1747919999999992,35.4,34.681779702927656,0.7182202970723424
pi3bplus,fit,tinydl_revision,n64,B0,762,7.777982,8.925118,-1.1471359999999997,34.324,34.681797234279095,-0.35779723427909715
pi3bplus,fit,tinydl_revision,n64,B0,763,8.10267,8.925118,-0.8224479999999996,34.862,34.68200305650341,0.17999694349659023
pi3bplus,fit,tinydl_revision,n64,B0,764,7.813815,8.925118,-1.1113029999999995,34.324,35.139544899350874,-0.8155448993508756
pi3bplus,fit,tinydl_revision,n64,B0,765,7.811732,8.925118,-1.1133859999999993,34.324,34.22409367840702,0.09990632159297519
pi3bplus,fit,tinydl_revision,n64,B0,766,7.806524,8.925118,-1.1185939999999999,34.324,34.68181532727276,-0.35781532727276044
pi3bplus,fit,tinydl_revision,n64,B0,767,7.756993,8.925118,-1.1681249999999999,35.4,34.22405897893326,1.1759410210667411
pi3bplus,fit,tinydl_revision,n64,B0,768,7.894857,8.925118,-1.0302609999999994,34.324,34.224146371984844,0.09985362801515407
pi3bplus,fit,tinydl_revision,n64,B0,769,7.702669,8.925118,-1.2224489999999992,34.324,34.68174949278825,-0.3577494927882512
pi3bplus,fit,tinydl_revision,n64,B0,770,7.861783,8.925118,-1.0633349999999995,34.324,34.22412540612147,0.09987459387852482
pi3bplus,fit,tinydl_revision,n64,B0,771,7.894232,8.925118,-1.0308859999999997,34.862,34.681870926049584,0.18012907395041822
pi3bplus,fit,tinydl_revision,n64,B0,772,7.743034,8.925118,-1.1820839999999997,34.324,34.68177508047268,-0.3577750804726847
pi3bplus,fit,tinydl_revision,n64,B0,773,7.767252,8.925118,-1.1578659999999994,34.862,34.22406548219239,0.637934517807615
pi3bplus,fit,tinydl_revision,n64,B0,774,7.810169,8.925118,-1.1149489999999993,34.324,34.224092687609286,0.09990731239071238
pi3bplus,fit,tinydl_revision,n64,B0,775,7.755117,8.925118,-1.1700009999999992,33.786,34.22405778972241,-0.43805778972240716
pi3bplus,fit,tinydl_revision,n64,B0,776,7.851992,8.925118,-1.0731259999999994,33.786,34.22411919953115,-0.4381191995311511
pi3bplus,fit,tinydl_revision,n64,B0,777,7.927566,8.925118,-0.9975519999999998,34.862,34.22416710647191,0.6378328935280919
pi3bplus,fit,tinydl_revision,n64,B0,778,8.925118,8.925118,0.0,33.786,34.68252441262605,-0.8965244126260501
pi3bplus,fit,tinydl_revision,n64,B0,779,7.746679,8.925118,-1.1784389999999991,34.324,33.76632749055216,0.5576725094478405
pi3bplus,fit,tinydl_revision,n64,B0,780,7.93694,8.925118,-0.9881779999999996,34.324,34.22417304872272,0.09982695127727936
pi3bplus,fit,tinydl_revision,n64,B0,781,7.792825,8.925118,-1.1322929999999998,34.324,34.22408169311408,0.09991830688591818
pi3bplus,fit,tinydl_revision,n64,B0,782,7.7147,8.925118,-1.2104179999999998,34.324,34.22403216907477,0.09996783092523032
pi3bplus,fit,tinydl_revision,n64,B0,783,7.806367,8.925118,-1.1187509999999996,34.324,34.224090277492195,0.09990972250780317
pi3bplus,fit,tinydl_revision,n64,B0,784,7.799492,8.925118,-1.1256259999999996,34.324,34.22408591937673,0.09991408062326457
pi3bplus,fit,tinydl_revision,n64,B0,785,7.817148,8.925118,-1.107969999999999,34.324,34.22409711165114,0.09990288834885774
pi3bplus,fit,tinydl_revision,n64,B0,786,7.7872,8.925118,-1.137917999999999,34.324,33.7663531771262,0.5576468228737994
pi3bplus,fit,tinydl_revision,n64,B0,787,7.792409,8.925118,-1.1327089999999993,34.324,34.22408142940847,0.09991857059152665
pi3bplus,fit,tinydl_revision,n64,B0,788,7.798502,8.925118,-1.1266159999999994,33.248,33.308635391294004,-0.060635391294006524
pi3bplus,fit,tinydl_revision,n64,B0,789,7.79043,8.925118,-1.1346879999999997,34.324,33.76635522464808,0.5576447753519176
pi3bplus,fit,tinydl_revision,n64,B0,790,8.044752,8.925118,-0.8803659999999986,33.786,33.766516441322956,0.01948355867704521
pi3bplus,fit,tinydl_revision,n64,B0,791,7.72397,8.925118,-1.2011479999999999,34.324,33.766313095142124,0.5576869048578743
pi3bplus,fit,tinydl_revision,n64,B0,792,7.784908,8.925118,-1.1402099999999997,33.786,33.76635172420974,0.019648275790260072
pi3bplus,fit,tinydl_revision,n64,B0,793,7.914335,8.925118,-1.010782999999999,33.248,33.30870881872498,-0.060708818724982905
pi3bplus,fit,tinydl_revision,n64,B0,794,7.734544,8.925118,-1.1905739999999998,34.324,33.76631979808218,0.5576802019178189
pi3bplus,fit,tinydl_revision,n64,B0,795,7.9122,8.925118,-1.012917999999999,33.786,33.76643241558909,0.019567584410914662
pi3bplus,fit,tinydl_revision,n64,B0,796,7.796106,8.925118,-1.1290119999999995,34.324,33.308633872451146,1.0153661275488517
pi3bplus,fit,tinydl_revision,n64,B0,797,7.945585,8.925118,-0.9795329999999991,33.786,33.30872862834071,0.4772713716592918
pi3bplus,fit,tinydl_revision,n64,B0,798,7.775117,8.925118,-1.1500009999999996,34.324,33.76634551761942,0.5576544823805776
pi3bplus,fit,tinydl_revision,n64,B0,799,7.823189,8.925118,-1.1019289999999993,33.786,33.766375990830525,0.019624009169476153
pi3bplus,fit,tinydl_revision,n64,B2,800,8.854024,8.854024,0.0,34.324,34.50402678452761,-0.18002678452761245
pi3bplus,fit,tinydl_revision,n64,B2,801,8.49595,8.854024,-0.3580740000000002,34.324,34.04607484840367,0.27792515159632813
pi3bplus,fit,tinydl_revision,n64,B2,802,7.785793,8.854024,-1.0682310000000008,34.324,34.50334962466797,-0.17934962466797089
pi3bplus,fit,tinydl_revision,n64,B2,803,7.745845,8.854024,-1.1081790000000007,33.786,34.96104925158011,-1.1750492515801056
pi3bplus,fit,tinydl_revision,n64,B2,804,7.770845,8.854024,-1.0831790000000012,34.324,34.50334014901563,-0.1793401490156299
pi3bplus,fit,tinydl_revision,n64,B2,805,7.706157,8.854024,-1.1478670000000006,34.324,34.50329914279413,-0.17929914279412884
pi3bplus,fit,tinydl_revision,n64,B2,806,7.727824,8.854024,-1.1262000000000008,34.324,34.50331287767233,-0.17931287767233073
pi3bplus,fit,tinydl_revision,n64,B2,807,7.790949,8.854024,-1.0630750000000004,34.324,34.96107784335315,-0.6370778433531541
pi3bplus,fit,tinydl_revision,n64,B2,808,7.727616,8.854024,-1.1264080000000005,34.324,34.50331274581953,-0.17931274581953005
pi3bplus,fit,tinydl_revision,n64,B2,809,7.733345,8.854024,-1.1206790000000009,34.324,34.50331637747676,-0.17931637747675921
pi3bplus,fit,tinydl_revision,n64,B2,810,7.877407,8.854024,-0.976617000000001,34.862,34.503407699488285,0.35859230051171664
pi3bplus,fit,tinydl_revision,n64,B2,811,7.778397,8.854024,-1.0756270000000008,34.862,34.5033449362866,0.3586550637133996
pi3bplus,fit,tinydl_revision,n64,B2,812,7.749178,8.854024,-1.104846000000001,34.324,35.418776314651524,-1.0947763146515257
pi3bplus,fit,tinydl_revision,n64,B2,813,7.76574,8.854024,-1.0882840000000007,34.324,34.96106186317386,-0.6370618631738623
pi3bplus,fit,tinydl_revision,n64,B2,814,7.72074,8.854024,-1.1332840000000006,34.862,34.503308387070156,0.35869161292984586
pi3bplus,fit,tinydl_revision,n64,B2,815,7.761417,8.854024,-1.092607000000001,34.324,34.5033341725338,-0.17933417253379957
pi3bplus,fit,tinydl_revision,n64,B2,816,7.826886,8.854024,-1.0271380000000008,34.324,34.50337567383722,-0.17937567383722097
pi3bplus,fit,tinydl_revision,n64,B2,817,7.722146,8.854024,-1.1318780000000004,34.324,34.96103422860145,-0.6370342286014505
pi3bplus,fit,tinydl_revision,n64,B2,818,7.710011,8.854024,-1.144013000000001,34.862,34.96102653613147,-0.09902653613146839
pi3bplus,fit,tinydl_revision,n64,B2,819,7.820376,8.854024,-1.0336480000000003,34.862,34.96109649735513,-0.09909649735512716
pi3bplus,fit,tinydl_revision,n64,B2,820,7.70074,8.854024,-1.153284000000001,34.862,34.5032957089161,0.3587042910839031
pi3bplus,fit,tinydl_revision,n64,B2,821,7.712667,8.854024,-1.141357000000001,34.324,34.50330326953327,-0.17930326953327125
pi3bplus,fit,tinydl_revision,n64,B2,822,7.776938,8.854024,-1.0770860000000004,34.324,34.96106896167232,-0.6370689616723197
pi3bplus,fit,tinydl_revision,n64,B2,823,7.731156,8.854024,-1.1228680000000004,34.324,34.961039940109856,-0.6370399401098581
pi3bplus,fit,tinydl_revision,n64,B2,824,7.806573,8.854024,-1.0474510000000006,34.862,34.50336279727004,0.3586372027299589
pi3bplus,fit,tinydl_revision,n64,B2,825,7.709698,8.854024,-1.1443260000000004,34.862,34.96102633771836,-0.09902633771835667
pi3bplus,fit,tinydl_revision,n64,B2,826,7.730323,8.854024,-1.1237010000000005,34.324,35.41876436232178,-1.0947643623217829
pi3bplus,fit,tinydl_revision,n64,B2,827,7.779959,8.854024,-1.074065000000001,34.324,34.50334592645043,-0.17934592645043068
pi3bplus,fit,tinydl_revision,n64,B2,828,7.653657,8.854024,-1.2003670000000008,34.862,35.41871576315381,-0.5567157631538109
pi3bplus,fit,tinydl_revision,n64,B2,829,7.712667,8.854024,-1.141357000000001,34.862,34.96102821979033,-0.09902821979032694
pi3bplus,fit,tinydl_revision,n64,B2,830,7.796938,8.854024,-1.0570860000000009,34.862,34.96108163982638,-0.0990816398263803
pi3bplus,fit,tinydl_revision,n64,B2,831,7.698084,8.854024,-1.155940000000001,34.862,34.50329402525724,0.35870597474276167
pi3bplus,fit,tinydl_revision,n64,B2,832,7.798917,8.854024,-1.0551070000000005,34.324,35.41880784458677,-1.094807844586775
pi3bplus,fit,tinydl_revision,n64,B2,833,7.7685,8.854024,-1.0855240000000004,34.862,34.96106361275912,-0.09906361275911735
pi3bplus,fit,tinydl_revision,n64,B2,834,7.7635,8.854024,-1.0905240000000012,34.862,34.9610604432206,-0.09906044322060126
pi3bplus,fit,tinydl_revision,n64,B2,835,7.771521,8.854024,-1.0825030000000009,34.862,34.50334057753723,0.3586594224627717
pi3bplus,fit,tinydl_revision,n64,B2,836,8.145167,8.854024,-0.7088570000000001,35.4,34.96130238487194,0.4386976151280564
pi3bplus,fit,tinydl_revision,n64,B2,837,7.686156,8.854024,-1.1678680000000004,34.862,35.41873636452026,-0.5567363645202548
pi3bplus,fit,tinydl_revision,n64,B2,838,7.753813,8.854024,-1.1002110000000007,35.4,35.41877925281373,-0.018779252813729386
pi3bplus,fit,tinydl_revision,n64,B2,839,7.859334,8.854024,-0.9946900000000012,34.862,34.961121193131426,-0.09912119313142398
pi3bplus,fit,tinydl_revision,n512,B0,840,41.373439,43.712238,-2.3387990000000016,34.324,33.81329285159045,0.5107071484095513
pi3bplus,fit,tinydl_revision,n512,B0,841,41.25047,43.712238,-2.4617679999999993,34.324,34.27093985085115,0.05306014914884827
pi3bplus,fit,tinydl_revision,n512,B0,842,41.224845,43.712238,-2.4873929999999973,33.786,34.72864855722331,-0.9426485572233076
pi3bplus,fit,tinydl_revision,n512,B0,843,41.209167,43.712238,-2.5030709999999985,34.324,34.27091366856129,0.053086331438706225
pi3bplus,fit,tinydl_revision,n512,B0,844,41.571825,43.712238,-2.1404130000000023,34.324,34.271143560261095,0.052856439738903305
pi3bplus,fit,tinydl_revision,n512,B0,845,41.072918,43.712238,-2.639319999999998,34.324,34.27082729927064,0.05317270072935543
pi3bplus,fit,tinydl_revision,n512,B0,846,41.060468,43.712238,-2.651769999999999,33.786,34.27081940711974,-0.4848194071197369
pi3bplus,fit,tinydl_revision,n512,B0,847,41.160103,43.712238,-2.552135,34.324,34.27088256651374,0.05311743348625697
pi3bplus,fit,tinydl_revision,n512,B0,848,41.195312,43.712238,-2.516925999999998,33.786,33.813179935513006,-0.02717993551300424
pi3bplus,fit,tinydl_revision,n512,B0,849,41.143488,43.712238,-2.5687500000000014,33.248,34.72859698439431,-1.4805969843943103
pi3bplus,fit,tinydl_revision,n512,B0,850,41.138332,43.712238,-2.573906000000001,34.324,34.72859371596619,-0.4045937159661932
pi3bplus,fit,tinydl_revision,n512,B0,851,41.26703,43.712238,-2.445208000000001,34.324,34.27095034836272,0.053049651637280704
pi3bplus,fit,tinydl_revision,n512,B0,852,41.338854,43.712238,-2.3733840000000015,34.324,34.270995878149584,0.05300412185041381
pi3bplus,fit,tinydl_revision,n512,B0,853,41.30177,43.712238,-2.4104680000000016,34.324,34.27097237031632,0.053027629683676025
pi3bplus,fit,tinydl_revision,n512,B0,854,43.101564,43.712238,-0.6106739999999959,34.324,34.272113273597,0.05188672640299785
pi3bplus,fit,tinydl_revision,n512,B0,855,41.094634,43.712238,-2.617604,33.786,33.813116114953274,-0.02711611495327304
pi3bplus,fit,tinydl_revision,n512,B0,856,41.180727,43.712238,-2.531511000000002,34.324,34.270895640226215,0.05310435977378347
pi3bplus,fit,tinydl_revision,n512,B0,857,41.263487,43.712238,-2.4487510000000015,34.324,34.270948102427724,0.05305189757227424
pi3bplus,fit,tinydl_revision,n512,B0,858,42.014165,43.712238,-1.6980730000000008,33.786,33.81369901273745,-0.027699012737450346
pi3bplus,fit,tinydl_revision,n512,B0,859,41.313539,43.712238,-2.3986990000000006,33.786,34.27097983077608,-0.4849798307760764
pi3bplus,fit,tinydl_revision,n512,B0,860,41.240623,43.712238,-2.471615,33.248,34.270933608762,-1.0229336087620027
pi3bplus,fit,tinydl_revision,n512,B0,861,41.175309,43.712238,-2.5369290000000007,34.324,34.270892205714276,0.05310779428572232
pi3bplus,fit,tinydl_revision,n512,B0,862,41.316143,43.712238,-2.3960950000000025,33.786,33.35553158095764,0.4304684190423629
pi3bplus,fit,tinydl_revision,n512,B0,863,41.388018,43.712238,-2.324219999999997,33.786,33.813302093330854,-0.027302093330852983
pi3bplus,fit,tinydl_revision,n512,B0,864,43.336979,43.712238,-0.3752589999999998,34.324,33.81453755472188,0.5094624452781176
pi3bplus,fit,tinydl_revision,n512,B0,865,41.312547,43.712238,-2.399690999999997,33.248,34.27097920193964,-1.0229792019396413
pi3bplus,fit,tinydl_revision,n512,B0,866,41.089526,43.712238,-2.622712,34.324,34.270837827209775,0.053162172790223394
pi3bplus,fit,tinydl_revision,n512,B0,867,41.154319,43.712238,-2.5579189999999983,34.324,34.27087889999159,0.053121100008411304
pi3bplus,fit,tinydl_revision,n512,B0,868,42.093746,43.712238,-1.6184919999999963,33.786,34.27147441000343,-0.4854744100034267
pi3bplus,fit,tinydl_revision,n512,B0,869,41.324371,43.712238,-2.387867,34.324,33.81326174700727,0.5107382529927307
pi3bplus,fit,tinydl_revision,n512,B0,870,41.294319,43.712238,-2.4179189999999977,33.786,33.355517746555925,0.430482253444076
pi3bplus,fit,tinydl_revision,n512,B0,871,41.287756,43.712238,-2.4244819999999976,34.324,34.27096348673377,0.05303651326622827
pi3bplus,fit,tinydl_revision,n512,B0,872,41.279058,43.712238,-2.43318,33.786,33.81323302274752,-0.0272330227475166
pi3bplus,fit,tinydl_revision,n512,B0,873,41.146766,43.712238,-2.5654719999999998,34.324,33.81314916182965,0.5108508381703487
pi3bplus,fit,tinydl_revision,n512,B0,874,43.712238,43.712238,0.0,33.786,34.27250038454971,-0.4865003845497071
pi3bplus,fit,tinydl_revision,n512,B0,875,41.377441,43.712238,-2.334797000000002,34.324,33.813295388489074,0.5107046115109242
pi3bplus,fit,tinydl_revision,n512,B0,876,41.171036,43.712238,-2.5412019999999984,34.324,33.813164546769606,0.510835453230392
pi3bplus,fit,tinydl_revision,n512,B0,877,41.224629,43.712238,-2.487608999999999,33.248,34.27092347004219,-1.022923470042194
pi3bplus,fit,tinydl_revision,n512,B0,878,41.179525,43.712238,-2.532713000000001,34.324,33.8131699280121,0.5108300719878969
pi3bplus,fit,tinydl_revision,n512,B0,879,41.180567,43.712238,-2.531670999999996,33.786,34.27089553880098,-0.484895538800977
pi3bplus,fit,tinydl_revision,n1024,B1,880,82.966181,82.966181,0.0,34.324,33.987844705349765,0.33615529465023286
pi3bplus,fit,tinydl_revision,n1024,B1,881,81.648576,82.966181,-1.3176050000000004,34.324,34.44473441564761,-0.12073441564761112
pi3bplus,fit,tinydl_revision,n1024,B1,882,82.607484,82.966181,-0.3586970000000065,34.324,34.44534227481542,-0.1213422748154187
pi3bplus,fit,tinydl_revision,n1024,B1,883,79.012011,82.966181,-3.954170000000005,34.324,34.44306307678426,-0.11906307678426487
pi3bplus,fit,tinydl_revision,n1024,B1,884,78.893886,82.966181,-4.072295000000011,34.862,34.44298819643683,0.4190118035631727
pi3bplus,fit,tinydl_revision,n1024,B1,885,78.788938,82.966181,-4.177243000000004,34.324,34.4429216690912,-0.1189216690912005
pi3bplus,fit,tinydl_revision,n1024,B1,886,79.165293,82.966181,-3.8008880000000005,34.324,34.44316024342482,-0.11916024342482245
pi3bplus,fit,tinydl_revision,n1024,B1,887,79.178782,82.966181,-3.7873990000000077,33.786,34.900893744462884,-1.1148937444628828
pi3bplus,fit,tinydl_revision,n1024,B1,888,78.983105,82.966181,-3.983076000000011,34.324,34.4430447530482,-0.11904475304820039
pi3bplus,fit,tinydl_revision,n1024,B1,889,78.826434,82.966181,-4.139747,34.324,34.44294543809444,-0.11894543809444258
pi3bplus,fit,tinydl_revision,n1024,B1,890,78.757892,82.966181,-4.208289000000008,34.324,34.44290198879265,-0.11890198879265057
pi3bplus,fit,tinydl_revision,n1024,B1,891,78.760445,82.966181,-4.205736000000002,34.324,34.44290360715902,-0.11890360715901949
pi3bplus,fit,tinydl_revision,n1024,B1,892,79.397269,82.966181,-3.5689120000000116,34.862,34.90103224505522,-0.03903224505521763
pi3bplus,fit,tinydl_revision,n1024,B1,893,78.690029,82.966181,-4.27615200000001,34.862,34.44285896991419,0.41914103008581094
pi3bplus,fit,tinydl_revision,n1024,B1,894,78.685549,82.966181,-4.280632000000011,34.862,34.90058108026474,-0.038581080264741274
pi3bplus,fit,tinydl_revision,n1024,B1,895,79.58331,82.966181,-3.3828710000000086,35.4,34.44342522762116,0.9565747723788363
pi3bplus,fit,tinydl_revision,n1024,B1,896,78.687789,82.966181,-4.278392000000011,35.4,34.442857549960934,0.9571424500390648
pi3bplus,fit,tinydl_revision,n1024,B1,897,78.707945,82.966181,-4.258236000000011,35.4,34.90059527726166,0.49940472273834047
pi3bplus,fit,tinydl_revision,n1024,B1,898,80.693362,82.966181,-2.2728190000000126,35.4,34.444128898134856,0.9558711018651422
pi3bplus,fit,tinydl_revision,n1024,B1,899,78.67992,82.966181,-4.28626100000001,34.862,34.90057751199828,-0.03857751199827675
pi3bplus,fit,tinydl_revision,n1024,B1,900,78.670284,82.966181,-4.295897000000011,35.4,34.900571403663655,0.49942859633634384
pi3bplus,fit,tinydl_revision,n1024,B1,901,80.00487,82.966181,-2.961311000000009,35.4,34.443692457752505,0.9563075422474938
pi3bplus,fit,tinydl_revision,n1024,B1,902,79.483515,82.966181,-3.482666000000009,34.862,34.90108691705899,-0.039086917058988035
pi3bplus,fit,tinydl_revision,n1024,B1,903,78.936848,82.966181,-4.029333000000008,34.862,34.900740380636634,-0.03874038063663221
pi3bplus,fit,tinydl_revision,n1024,B1,904,79.059869,82.966181,-3.906312,34.862,34.900818364596184,-0.03881836459618171
pi3bplus,fit,tinydl_revision,n1024,B1,905,79.204973,82.966181,-3.7612080000000105,34.862,34.900910347139536,-0.03891034713953445
pi3bplus,fit,tinydl_revision,n1024,B1,906,79.278359,82.966181,-3.6878220000000113,34.862,34.443231916833184,0.41876808316681746
pi3bplus,fit,tinydl_revision,n1024,B1,907,78.983254,82.966181,-3.9829270000000037,34.862,34.443044847500445,0.4189551524995565
pi3bplus,fit,tinydl_revision,n1024,B1,908,80.878827,82.966181,-2.087354000000005,35.4,34.90197141608408,0.498028583915918
pi3bplus,fit,tinydl_revision,n1024,B1,909,78.87674,82.966181,-4.089441000000008,34.862,34.90070227771241,-0.038702277712410194
pi3bplus,fit,tinydl_revision,n1024,B1,910,78.822781,82.966181,-4.1434,34.862,35.3583930229437,-0.4963930229436997
pi3bplus,fit,tinydl_revision,n1024,B1,911,79.081896,82.966181,-3.8842850000000055,34.862,34.90083232768116,-0.03883232768115619
pi3bplus,fit,tinydl_revision,n1024,B1,912,78.997938,82.966181,-3.968243000000001,35.4,34.900779106058216,0.49922089394178215
pi3bplus,fit,tinydl_revision,n1024,B1,913,78.812522,82.966181,-4.153659000000005,35.4,35.35838651968458,0.04161348031541934
pi3bplus,fit,tinydl_revision,n1024,B1,914,78.857938,82.966181,-4.108243000000002,35.4,35.358415309236825,0.04158469076317317
pi3bplus,fit,tinydl_revision,n1024,B1,915,78.794188,82.966181,-4.1719930000000005,35.4,35.35837489762075,0.04162510237924977
pi3bplus,fit,tinydl_revision,n1024,B1,916,79.315543,82.966181,-3.6506380000000007,34.324,34.90098043831428,-0.5769804383142798
pi3bplus,fit,tinydl_revision,n1024,B1,917,78.877886,82.966181,-4.088295000000002,35.4,35.35842795442768,0.041572045572316085
pi3bplus,fit,tinydl_revision,n1024,B1,918,80.734498,82.966181,-2.231683000000004,35.4,34.90187992481919,0.4981200751808075
pi3bplus,fit,tinydl_revision,n1024,B1,919,78.808247,82.966181,-4.157934000000012,34.324,34.9006588594721,-0.5766588594721043
pi3bplus,fit,lucid_revision,n1,B0,920,3.767608,5.146567,-1.378959,34.324,34.07611350851074,0.24788649148926112
pi3bplus,fit,lucid_revision,n1,B0,921,3.806774,5.146567,-1.3397930000000002,34.324,34.076138336139834,0.24786166386016362
pi3bplus,fit,lucid_revision,n1,B0,922,5.146567,5.146567,0.0,34.324,34.07698764124316,0.2470123587568409
pi3bplus,fit,lucid_revision,n1,B0,923,3.640212,5.146567,-1.506355,34.324,34.076032751204984,0.24796724879501397
pi3bplus,fit,lucid_revision,n1,B0,924,3.586565,5.146567,-1.5600020000000003,34.324,34.075998743958436,0.24800125604156165
pi3bplus,fit,lucid_revision,n1,B0,925,3.556305,5.146567,-1.590262,34.324,34.07597956191134,0.24802043808865903
pi3bplus,fit,lucid_revision,n1,B0,926,3.686878,5.146567,-1.459689,34.324,34.07606233314186,0.24793766685813523
pi3bplus,fit,lucid_revision,n1,B0,927,3.591357,5.146567,-1.5552100000000002,33.786,34.07600178164415,-0.29000178164415047
pi3bplus,fit,lucid_revision,n1,B0,928,3.65193,5.146567,-1.494637,33.786,33.6183152290784,0.1676847709216034
pi3bplus,fit,lucid_revision,n1,B0,929,3.643284,5.146567,-1.5032830000000001,34.324,34.07603469856945,0.24796530143054696
pi3bplus,fit,lucid_revision,n1,B0,930,3.565003,5.146567,-1.5815640000000002,34.324,34.07598507564054,0.2480149243594596
pi3bplus,fit,lucid_revision,n1,B0,931,3.528128,5.146567,-1.618439,34.324,33.618236750036935,0.7057632499630628
pi3bplus,fit,lucid_revision,n1,B0,932,3.630263,5.146567,-1.5163040000000003,33.786,34.07602644445725,-0.2900264444572471
pi3bplus,fit,lucid_revision,n1,B0,933,3.583232,5.146567,-1.563335,33.786,34.07599663114406,-0.2899966311440565
pi3bplus,fit,lucid_revision,n1,B0,934,3.651513,5.146567,-1.495054,33.786,33.16059001448183,0.6254099855181678
pi3bplus,fit,lucid_revision,n1,B0,935,3.555107,5.146567,-1.59146,33.248,33.618253852232854,-0.3702538522328567
pi3bplus,fit,lucid_revision,n1,B0,936,3.584274,5.146567,-1.562293,33.248,33.61827234141884,-0.3702723414188398
pi3bplus,fit,lucid_revision,n1,B0,937,3.63417,5.146567,-1.512397,34.324,33.16057902062054,1.1634209793794597
pi3bplus,fit,lucid_revision,n1,B0,938,3.603389,5.146567,-1.5431780000000002,33.786,33.61828445856458,0.16771554143542033
pi3bplus,fit,lucid_revision,n1,B0,939,3.709118,5.146567,-1.437449,33.248,34.07607643124918,-0.8280764312491797
pi3bplus,fit,lucid_revision,n1,B0,940,3.612034,5.146567,-1.5345330000000001,33.786,33.61828993869668,0.16771006130332466
pi3bplus,fit,lucid_revision,n1,B0,941,3.582502,5.146567,-1.5640650000000003,33.248,33.61827121813438,-0.37027121813438413
pi3bplus,fit,lucid_revision,n1,B0,942,3.629794,5.146567,-1.5167730000000001,33.786,33.16057624664043,0.6254237533595699
pi3bplus,fit,lucid_revision,n1,B0,943,3.557295,5.146567,-1.5892720000000002,33.786,33.61825523922291,0.1677447607770901
pi3bplus,fit,lucid_revision,n1,B0,944,3.66094,5.146567,-1.485627,33.248,33.16059599032975,0.08740400967024442
pi3bplus,fit,lucid_revision,n1,B0,945,3.627554,5.146567,-1.5190130000000002,33.248,33.160574826687174,0.08742517331282329
pi3bplus,fit,lucid_revision,n1,B0,946,3.562815,5.146567,-1.583752,33.248,33.160533788136384,0.08746621186361381
pi3bplus,fit,lucid_revision,n1,B0,947,3.680263,5.146567,-1.466304,33.248,33.1606082393283,0.08739176067170007
pi3bplus,fit,lucid_revision,n1,B0,948,3.632242,5.146567,-1.514325,33.248,33.16057779844649,0.08742220155350822
pi3bplus,fit,lucid_revision,n1,B0,949,3.604794,5.146567,-1.541773,33.248,33.16056039894785,0.08743960105214654
pi3bplus,fit,lucid_revision,n1,B0,950,3.559326,5.146567,-1.5872410000000001,33.248,33.160531576432405,0.08746842356759288
pi3bplus,fit,lucid_revision,n1,B0,951,3.608336,5.146567,-1.5382310000000001,33.248,33.618287594505986,-0.3702875945059887
pi3bplus,fit,lucid_revision,n1,B0,952,3.58469,5.146567,-1.561877,33.248,33.160547654867386,0.08745234513261124
pi3bplus,fit,lucid_revision,n1,B0,953,3.627867,5.146567,-1.5187,33.248,33.160575025100286,0.08742497489971157
pi3bplus,fit,lucid_revision,n1,B0,954,3.586722,5.146567,-1.5598450000000001,33.248,33.16054894296784,0.08745105703215472
pi3bplus,fit,lucid_revision,n1,B0,955,3.582659,5.146567,-1.563908,33.248,33.16054636740084,0.08745363259915706
pi3bplus,fit,lucid_revision,n1,B0,956,3.657763,5.146567,-1.488804,33.248,33.16059397640498,0.08740602359501537
pi3bplus,fit,lucid_revision,n1,B0,957,3.611305,5.146567,-1.535262,32.71,33.160564526320904,-0.45056452632090327
pi3bplus,fit,lucid_revision,n1,B0,958,3.59844,5.146567,-1.548127,32.71,33.618281321355354,-0.9082813213553536
pi3bplus,fit,lucid_revision,n1,B0,959,3.66568,5.146567,-1.480887,33.248,33.16059899505227,0.08740100494772918
pi3bplus,fit,lucid_revision,n256,B0,960,178.21965,178.21965,0.0,33.248,33.33964769816307,-0.09164769816307228
pi3bplus,fit,lucid_revision,n256,B0,961,164.880631,178.21965,-13.339019000000008,33.248,32.873467041009526,0.37453295899047134
pi3bplus,fit,lucid_revision,n256,B0,962,164.513547,178.21965,-13.706103000000013,33.786,33.78868424414833,-0.0026842441483267976
pi3bplus,fit,lucid_revision,n256,B0,963,164.71302,178.21965,-13.506630000000001,33.248,33.788810691619595,-0.5408106916195976
pi3bplus,fit,lucid_revision,n256,B0,964,164.406978,178.21965,-13.812671999999992,33.248,33.33089173898126,-0.08289173898126023
pi3bplus,fit,lucid_revision,n256,B0,965,164.369946,178.21965,-13.849704000000003,33.248,33.330868264111196,-0.08286826411119819
pi3bplus,fit,lucid_revision,n256,B0,966,164.991769,178.21965,-13.227880999999996,33.786,33.331262442500886,0.45473755749911504
pi3bplus,fit,lucid_revision,n256,B0,967,165.017134,178.21965,-13.202516000000003,33.786,33.78900347182683,-0.0030034718268296956
pi3bplus,fit,lucid_revision,n256,B0,968,164.575624,178.21965,-13.644025999999997,34.324,33.330998644979765,0.9930013550202332
pi3bplus,fit,lucid_revision,n256,B0,969,164.235096,178.21965,-13.984554000000003,33.786,34.24623268217153,-0.46023268217152946
pi3bplus,fit,lucid_revision,n256,B0,970,164.90869,178.21965,-13.310959999999994,34.324,33.331209778082815,0.9927902219171827
pi3bplus,fit,lucid_revision,n256,B0,971,164.250356,178.21965,-13.96929399999999,34.324,33.78851740534603,0.5354825946539705
pi3bplus,fit,lucid_revision,n256,B0,972,164.678794,178.21965,-13.540855999999991,34.324,33.78878899549455,0.5352110045054488
pi3bplus,fit,lucid_revision,n256,B0,973,167.148535,178.21965,-11.071114999999992,33.786,34.248079533596275,-0.46207953359627396
pi3bplus,fit,lucid_revision,n256,B0,974,164.403376,178.21965,-13.816273999999993,34.324,34.246339356159815,0.07766064384018279
pi3bplus,fit,lucid_revision,n256,B0,975,164.464568,178.21965,-13.755081999999987,34.324,34.24637814623999,0.0776218537600073
pi3bplus,fit,lucid_revision,n256,B0,976,165.213787,178.21965,-13.005863000000005,34.324,34.24685308193543,0.07714691806457097
pi3bplus,fit,lucid_revision,n256,B0,977,164.112484,178.21965,-14.107166000000007,34.324,34.246154957480236,0.07784504251976188
pi3bplus,fit,lucid_revision,n256,B0,978,164.622276,178.21965,-13.597374000000002,34.324,34.246478118556034,0.07752188144396399
pi3bplus,fit,lucid_revision,n256,B0,979,165.669881,178.21965,-12.549768999999998,33.786,34.24714220343539,-0.4611422034353865
pi3bplus,fit,lucid_revision,n256,B0,980,164.349775,178.21965,-13.869875000000008,34.324,34.24630537807302,0.07769462192698029
pi3bplus,fit,lucid_revision,n256,B0,981,164.050082,178.21965,-14.169567999999998,34.324,34.24611540037174,0.07788459962825556
pi3bplus,fit,lucid_revision,n256,B0,982,164.930499,178.21965,-13.289151000000004,34.324,34.24667350349002,0.07732649650997558
pi3bplus,fit,lucid_revision,n256,B0,983,164.231853,178.21965,-13.987797,34.862,34.24623062640885,0.6157693735911494
pi3bplus,fit,lucid_revision,n256,B0,984,165.496801,178.21965,-12.722848999999997,34.862,34.24703248669013,0.6149675133098711
pi3bplus,fit,lucid_revision,n256,B0,985,163.993987,178.21965,-14.225662999999997,34.324,34.24607984131914,0.0779201586808611
pi3bplus,fit,lucid_revision,n256,B0,986,164.345132,178.21965,-13.874517999999995,34.862,34.70402738509661,0.1579726149033931
pi3bplus,fit,lucid_revision,n256,B0,987,164.050126,178.21965,-14.169523999999996,34.862,34.70384037852073,0.1581596214792711
pi3bplus,fit,lucid_revision,n256,B0,988,164.322887,178.21965,-13.896762999999993,34.324,34.70401328381975,-0.38001328381974986
pi3bplus,fit,lucid_revision,n256,B0,989,164.061169,178.21965,-14.158480999999995,34.324,34.246122428506446,0.07787757149355201
pi3bplus,fit,lucid_revision,n256,B0,990,165.503512,178.21965,-12.716138,34.324,34.24703674084472,0.0769632591552778
pi3bplus,fit,lucid_revision,n256,B0,991,164.307522,178.21965,-13.912127999999996,34.324,34.24627859357084,0.07772140642915559
pi3bplus,fit,lucid_revision,n256,B0,992,164.289188,178.21965,-13.930462000000006,34.324,34.703991921764064,-0.3799919217640664
pi3bplus,fit,lucid_revision,n256,B0,993,164.021526,178.21965,-14.198124000000007,34.324,34.703822248760424,-0.37982224876042636
pi3bplus,fit,lucid_revision,n256,B0,994,164.876005,178.21965,-13.34364500000001,34.324,34.24663895932365,0.07736104067635097
pi3bplus,fit,lucid_revision,n256,B0,995,163.950901,178.21965,-14.268749000000014,34.324,34.703777479028886,-0.37977747902888837
pi3bplus,fit,lucid_revision,n256,B0,996,164.723818,178.21965,-13.495832000000007,34.324,34.246542486812025,0.07745751318797289
pi3bplus,fit,lucid_revision,n256,B0,997,164.46762,178.21965,-13.75202999999999,34.862,34.2463800809263,0.6156199190737013
pi3bplus,fit,lucid_revision,n256,B0,998,164.410431,178.21965,-13.809219000000013,34.324,34.24634382837866,0.07765617162133509
pi3bplus,fit,lucid_revision,n256,B0,999,164.201727,178.21965,-14.017922999999996,34.324,34.246211529305384,0.07778847069461392
pi3bplus,fit,oi_svdd_as_elm_revision,n1024,B0,1000,98.104151,114.471804,-16.367653000000004,34.324,34.26480688973451,0.05919311026548968
pi3bplus,fit,oi_svdd_as_elm_revision,n1024,B0,1001,98.100713,114.471804,-16.371091000000007,34.324,33.80707976010277,0.5169202398972246
pi3bplus,fit,oi_svdd_as_elm_revision,n1024,B0,1002,97.511859,114.471804,-16.959945000000005,34.324,34.264431431273195,0.05956856872680305
pi3bplus,fit,oi_svdd_as_elm_revision,n1024,B0,1003,97.692896,114.471804,-16.778908,33.786,34.722271142279105,-0.9362711422791037
pi3bplus,fit,oi_svdd_as_elm_revision,n1024,B0,1004,100.074043,114.471804,-14.397761000000003,34.324,34.26605561944767,0.05794438055232831
pi3bplus,fit,oi_svdd_as_elm_revision,n1024,B0,1005,97.467063,114.471804,-17.00474100000001,34.324,34.26440303474372,0.05959696525627578
pi3bplus,fit,oi_svdd_as_elm_revision,n1024,B0,1006,98.57274,114.471804,-15.89906400000001,34.324,34.26510393191121,0.058896068088785114
pi3bplus,fit,oi_svdd_as_elm_revision,n1024,B0,1007,97.680241,114.471804,-16.79156300000001,34.324,33.80681321966302,0.5171867803369778
pi3bplus,fit,oi_svdd_as_elm_revision,n1024,B0,1008,97.775918,114.471804,-16.695886,34.324,34.26459882030738,0.05940117969262104
pi3bplus,fit,oi_svdd_as_elm_revision,n1024,B0,1009,98.104616,114.471804,-16.367188000000013,33.786,34.264807184501585,-0.47880718450158355
pi3bplus,fit,oi_svdd_as_elm_revision,n1024,B0,1010,99.344459,114.471804,-15.127345000000005,34.324,34.26559313052998,0.058406869470019274
pi3bplus,fit,oi_svdd_as_elm_revision,n1024,B0,1011,97.744303,114.471804,-16.727501000000004,34.324,34.26457877931534,0.05942122068465494
pi3bplus,fit,oi_svdd_as_elm_revision,n1024,B0,1012,97.541488,114.471804,-16.930316000000005,34.324,34.26445021332453,0.0595497866754684
pi3bplus,fit,oi_svdd_as_elm_revision,n1024,B0,1013,97.790966,114.471804,-16.68083800000001,33.786,34.722333309607556,-0.936333309607555
pi3bplus,fit,oi_svdd_as_elm_revision,n1024,B0,1014,99.527737,114.471804,-14.944067000000004,34.324,33.80798436160895,0.5160156383910461
pi3bplus,fit,oi_svdd_as_elm_revision,n1024,B0,1015,98.343049,114.471804,-16.128755000000012,34.324,34.26495832901697,0.05904167098302793
pi3bplus,fit,oi_svdd_as_elm_revision,n1024,B0,1016,97.585913,114.471804,-16.885891,34.324,34.26447837467424,0.059521625325757554
pi3bplus,fit,oi_svdd_as_elm_revision,n1024,B0,1017,98.402424,114.471804,-16.06938000000001,34.862,34.26499596728684,0.5970040327131585
pi3bplus,fit,oi_svdd_as_elm_revision,n1024,B0,1018,97.669091,114.471804,-16.80271300000001,34.324,34.72225605210623,-0.39825605210623394
pi3bplus,fit,oi_svdd_as_elm_revision,n1024,B0,1019,114.471804,114.471804,0.0,34.324,34.27518247105361,0.0488175289463868
pi3bplus,fit,oi_svdd_as_elm_revision,n1024,B0,1020,107.300499,114.471804,-7.171305000000004,34.324,34.728361475829566,-0.4043614758295675
pi3bplus,fit,oi_svdd_as_elm_revision,n1024,B0,1021,97.662007,114.471804,-16.809797000000003,34.862,34.26452661124701,0.597473388752995
pi3bplus,fit,oi_svdd_as_elm_revision,n1024,B0,1022,98.168826,114.471804,-16.30297800000001,34.862,34.264847887715206,0.597152112284796
pi3bplus,fit,oi_svdd_as_elm_revision,n1024,B0,1023,97.658878,114.471804,-16.812926000000004,34.324,34.2645246277498,0.05947537225019772
pi3bplus,fit,oi_svdd_as_elm_revision,n1024,B0,1024,102.153567,114.471804,-12.31823700000001,34.862,34.7250987959872,0.13690120401280126
pi3bplus,fit,oi_svdd_as_elm_revision,n1024,B0,1025,98.05367,114.471804,-16.41813400000001,34.324,34.7224998396968,-0.3984998396968038
pi3bplus,fit,oi_svdd_as_elm_revision,n1024,B0,1026,97.818357,114.471804,-16.653447,34.324,34.264625722716396,0.05937427728360234
pi3bplus,fit,oi_svdd_as_elm_revision,n1024,B0,1027,97.888253,114.471804,-16.583551,34.324,34.72239498058627,-0.398394980586275
pi3bplus,fit,oi_svdd_as_elm_revision,n1024,B0,1028,98.05992,114.471804,-16.411884,34.862,34.26477885136289,0.5972211486371108
pi3bplus,fit,oi_svdd_as_elm_revision,n1024,B0,1029,99.352212,114.471804,-15.119592000000011,34.324,34.2655980452164,0.05840195478359789
pi3bplus,fit,oi_svdd_as_elm_revision,n1024,B0,1030,97.662993,114.471804,-16.808811000000006,34.862,34.26452723628,0.597472763719999
pi3bplus,fit,oi_svdd_as_elm_revision,n1024,B0,1031,97.727886,114.471804,-16.743918000000008,34.324,34.72229332270964,-0.398293322709641
pi3bplus,fit,oi_svdd_as_elm_revision,n1024,B0,1032,98.003458,114.471804,-16.46834600000001,34.324,34.72246800992321,-0.39846800992321363
pi3bplus,fit,oi_svdd_as_elm_revision,n1024,B0,1033,97.803561,114.471804,-16.668243000000004,34.324,34.26461634341802,0.05938365658197853
pi3bplus,fit,oi_svdd_as_elm_revision,n1024,B0,1034,100.26002,114.471804,-14.211784000000009,34.324,34.72389846195764,-0.39989846195764045
pi3bplus,fit,oi_svdd_as_elm_revision,n1024,B0,1035,98.367832,114.471804,-16.103972,34.324,34.26497403915158,0.05902596084841605
pi3bplus,fit,oi_svdd_as_elm_revision,n1024,B0,1036,98.17903,114.471804,-16.29277400000001,34.862,34.26485435610941,0.5971456438905918
pi3bplus,fit,oi_svdd_as_elm_revision,n1024,B0,1037,97.663301,114.471804,-16.808503,34.324,34.264527431523575,0.059472568476422794
pi3bplus,fit,oi_svdd_as_elm_revision,n1024,B0,1038,98.970125,114.471804,-15.50167900000001,34.862,35.180805737837936,-0.3188057378379341
pi3bplus,fit,oi_svdd_as_elm_revision,n1024,B0,1039,98.005072,114.471804,-16.466732000000007,34.324,34.264744082793186,0.059255917206812114
pi3bplus,fit,tinydl_revision,n256,B2,1040,23.554848,24.174483,-0.6196349999999988,34.324,34.53044514933211,-0.20644514933211155
pi3bplus,fit,tinydl_revision,n256,B2,1041,24.174483,24.174483,0.0,34.324,34.53083794073175,-0.2068379407317522
pi3bplus,fit,tinydl_revision,n256,B2,1042,22.017035,24.174483,-2.1574479999999987,34.324,34.98719526808247,-0.6631952680824753
pi3bplus,fit,tinydl_revision,n256,B2,1043,22.149118,24.174483,-2.025364999999997,34.862,34.529554046256564,0.3324459537434379
pi3bplus,fit,tinydl_revision,n256,B2,1044,22.312139,24.174483,-1.8623440000000002,34.862,34.52965738652424,0.33234261347575966
pi3bplus,fit,tinydl_revision,n256,B2,1045,22.187504,24.174483,-1.986978999999998,34.324,34.98730332969472,-0.6633033296947204
pi3bplus,fit,tinydl_revision,n256,B2,1046,22.010055,24.174483,-2.1644279999999974,34.862,34.52946589314964,0.33253410685036044
pi3bplus,fit,tinydl_revision,n256,B2,1047,22.068805,24.174483,-2.1056779999999975,34.862,34.5295031352272,0.33249686477279994
pi3bplus,fit,tinydl_revision,n256,B2,1048,22.136409,24.174483,-2.038073999999998,34.862,34.52954598992357,0.3324540100764324
pi3bplus,fit,tinydl_revision,n256,B2,1049,22.235263,24.174483,-1.9392199999999988,34.324,34.98733360449271,-0.6633336044927134
pi3bplus,fit,tinydl_revision,n256,B2,1050,22.022294,24.174483,-2.152189,34.862,35.444923552060125,-0.582923552060123
pi3bplus,fit,tinydl_revision,n256,B2,1051,22.167243,24.174483,-2.0072399999999995,34.862,34.52956553583368,0.33243446416631883
pi3bplus,fit,tinydl_revision,n256,B2,1052,22.099638,24.174483,-2.074845,34.324,34.52952268050341,-0.20552268050341382
pi3bplus,fit,tinydl_revision,n256,B2,1053,22.309846,24.174483,-1.8646369999999983,34.324,34.98738088323094,-0.6633808832309427
pi3bplus,fit,tinydl_revision,n256,B2,1054,22.095211,24.174483,-2.0792719999999996,34.324,34.987244824451075,-0.6632448244510769
pi3bplus,fit,tinydl_revision,n256,B2,1055,22.253336,24.174483,-1.9211469999999977,34.324,34.52962011084957,-0.20562011084957277
pi3bplus,fit,tinydl_revision,n256,B2,1056,22.065991,24.174483,-2.1084919999999983,34.862,34.52950135141093,0.3324986485890733
pi3bplus,fit,tinydl_revision,n256,B2,1057,22.042918,24.174483,-2.1315649999999984,34.862,34.98721167551555,-0.12521167551555124
pi3bplus,fit,tinydl_revision,n256,B2,1058,22.031512,24.174483,-2.1429709999999993,34.862,35.44492939542133,-0.5829293954213313
pi3bplus,fit,tinydl_revision,n256,B2,1059,23.347241,24.174483,-0.8272419999999983,34.862,34.98803849591264,-0.12603849591263838
pi3bplus,fit,tinydl_revision,n256,B2,1060,22.410001,24.174483,-1.7644819999999974,34.862,34.987444372256945,-0.12544437225694338
pi3bplus,fit,tinydl_revision,n256,B2,1061,22.040627,24.174483,-2.133855999999998,34.862,34.52948527297595,0.33251472702405493
pi3bplus,fit,tinydl_revision,n256,B2,1062,22.372294,24.174483,-1.8021889999999985,34.862,34.987420469499185,-0.12542046949918273
pi3bplus,fit,tinydl_revision,n256,B2,1063,22.338856,24.174483,-1.8356269999999988,34.324,34.987399272893406,-0.6633992728934075
pi3bplus,fit,tinydl_revision,n256,B2,1064,22.17094,24.174483,-2.003542999999997,34.862,34.98729282964752,-0.12529282964752042
pi3bplus,fit,tinydl_revision,n256,B2,1065,21.995679,24.174483,-2.1788039999999995,34.862,34.5294567800925,0.3325432199074996
pi3bplus,fit,tinydl_revision,n256,B2,1066,22.02849,24.174483,-2.145992999999997,34.862,34.987202529495214,-0.12520252949521193
pi3bplus,fit,tinydl_revision,n256,B2,1067,22.145574,24.174483,-2.0289089999999987,34.862,34.987276749944726,-0.12527674994472449
pi3bplus,fit,tinydl_revision,n256,B2,1068,22.629689,24.174483,-1.5447939999999996,34.862,35.44530858442948,-0.5833085844294814
pi3bplus,fit,tinydl_revision,n256,B2,1069,22.172032,24.174483,-2.002450999999997,34.862,34.52956857161767,0.3324314283823284
pi3bplus,fit,tinydl_revision,n256,B2,1070,22.247293,24.174483,-1.9271899999999995,34.324,34.987341230402386,-0.6633412304023878
pi3bplus,fit,tinydl_revision,n256,B2,1071,22.115053,24.174483,-2.059429999999999,35.4,34.98725740244772,0.41274259755228115
pi3bplus,fit,tinydl_revision,n256,B2,1072,22.065365,24.174483,-2.1091179999999987,34.862,34.987225904841765,-0.12522590484176277
pi3bplus,fit,tinydl_revision,n256,B2,1073,22.343335,24.174483,-1.8311479999999989,34.862,34.98740211216601,-0.12540211216600738
pi3bplus,fit,tinydl_revision,n256,B2,1074,22.265521,24.174483,-1.908961999999999,34.324,34.987352785271995,-0.6633527852719965
pi3bplus,fit,tinydl_revision,n256,B2,1075,22.074427,24.174483,-2.1000559999999986,34.862,34.98723164931337,-0.1252316493133705
pi3bplus,fit,tinydl_revision,n256,B2,1076,21.940677,24.174483,-2.2338059999999977,34.862,34.52942191390102,0.33257808609898376
pi3bplus,fit,tinydl_revision,n256,B2,1077,21.978802,24.174483,-2.195680999999997,34.324,34.98717103188926,-0.663171031889263
pi3bplus,fit,tinydl_revision,n256,B2,1078,22.207239,24.174483,-1.9672439999999973,35.4,34.98731583986324,0.4126841601367559
pi3bplus,fit,tinydl_revision,n256,B2,1079,21.970053,24.174483,-2.2044299999999986,34.862,34.529440535573706,0.33255946442629636
pi3bplus,fit,oi_svdd_as_elm_revision,n1024,B1,1080,102.9101,102.9101,0.0,34.862,35.32293951293707,-0.4609395129370668
pi3bplus,fit,oi_svdd_as_elm_revision,n1024,B1,1081,102.433693,102.9101,-0.4764069999999947,34.862,34.86491256461288,-0.0029125646128775884
pi3bplus,fit,oi_svdd_as_elm_revision,n1024,B1,1082,97.57385,102.9101,-5.336250000000007,34.862,34.861831872699106,0.00016812730089554861
pi3bplus,fit,oi_svdd_as_elm_revision,n1024,B1,1083,97.61635,102.9101,-5.293750000000003,35.4,34.40413386351944,0.9958661364805579
pi3bplus,fit,oi_svdd_as_elm_revision,n1024,B1,1084,101.350517,102.9101,-1.5595830000000035,35.4,34.86422593100262,0.5357740689973767
pi3bplus,fit,oi_svdd_as_elm_revision,n1024,B1,1085,98.427339,102.9101,-4.482760999999996,34.862,34.86237290595076,-0.0003729059507548982
pi3bplus,fit,oi_svdd_as_elm_revision,n1024,B1,1086,97.546507,102.9101,-5.3635929999999945,35.4,35.31953949001783,0.08046050998216714
pi3bplus,fit,oi_svdd_as_elm_revision,n1024,B1,1087,97.5689,102.9101,-5.341200000000001,35.4,34.861828734855976,0.5381712651440225
pi3bplus,fit,oi_svdd_as_elm_revision,n1024,B1,1088,97.641814,102.9101,-5.268286000000003,34.862,34.86187495560225,0.00012504439775540277
pi3bplus,fit,oi_svdd_as_elm_revision,n1024,B1,1089,97.765878,102.9101,-5.144221999999999,35.4,34.861953600727524,0.5380463992724742
pi3bplus,fit,oi_svdd_as_elm_revision,n1024,B1,1090,97.992909,102.9101,-4.9171910000000025,34.862,35.31982246768433,-0.45782246768433055
pi3bplus,fit,oi_svdd_as_elm_revision,n1024,B1,1091,100.37994,102.9101,-2.530159999999995,35.4,34.86361067476582,0.5363893252341754
pi3bplus,fit,oi_svdd_as_elm_revision,n1024,B1,1092,97.688273,102.9101,-5.221827000000005,35.4,35.31962935657727,0.08037064342272515
pi3bplus,fit,oi_svdd_as_elm_revision,n1024,B1,1093,97.627336,102.9101,-5.282764,35.4,34.861865777886514,0.5381342221134844
pi3bplus,fit,oi_svdd_as_elm_revision,n1024,B1,1094,98.204419,102.9101,-4.7056809999999984,35.4,34.86223159524557,0.5377684047544307
pi3bplus,fit,oi_svdd_as_elm_revision,n1024,B1,1095,97.99744,102.9101,-4.9126600000000025,35.938,34.862100389663084,1.0758996103369185
pi3bplus,fit,oi_svdd_as_elm_revision,n1024,B1,1096,97.60119,102.9101,-5.308909999999997,35.938,35.31957415399276,0.6184258460072414
pi3bplus,fit,oi_svdd_as_elm_revision,n1024,B1,1097,98.011551,102.9101,-4.898549000000003,35.938,35.319834284991735,0.6181657150082671
pi3bplus,fit,oi_svdd_as_elm_revision,n1024,B1,1098,97.49129,102.9101,-5.4188099999999935,35.4,35.319504487536186,0.0804955124638127
pi3bplus,fit,oi_svdd_as_elm_revision,n1024,B1,1099,97.414884,102.9101,-5.495215999999999,35.4,35.31945605318422,0.08054394681578003
pi3bplus,fit,oi_svdd_as_elm_revision,n1024,B1,1100,97.710977,102.9101,-5.199123,35.4,35.31964374881777,0.08035625118223066
pi3bplus,fit,oi_svdd_as_elm_revision,n1024,B1,1101,98.574624,102.9101,-4.335476,35.4,35.320191221303865,0.07980877869613323
pi3bplus,fit,oi_svdd_as_elm_revision,n1024,B1,1102,97.925509,102.9101,-4.984590999999995,35.4,35.31977974230514,0.08022025769486163
pi3bplus,fit,oi_svdd_as_elm_revision,n1024,B1,1103,98.879623,102.9101,-4.030477000000005,34.862,35.77810951277647,-0.9161095127764654
pi3bplus,fit,oi_svdd_as_elm_revision,n1024,B1,1104,98.89853,102.9101,-4.011570000000006,35.4,34.862671597555305,0.5373284024446932
pi3bplus,fit,oi_svdd_as_elm_revision,n1024,B1,1105,97.641602,102.9101,-5.268497999999994,35.4,34.86187482121381,0.5381251787861885
pi3bplus,fit,oi_svdd_as_elm_revision,n1024,B1,1106,97.785091,102.9101,-5.125009000000006,35.4,36.23514063076738,-0.8351406307673841
pi3bplus,fit,oi_svdd_as_elm_revision,n1024,B1,1107,97.749411,102.9101,-5.160689000000005,35.4,35.77739306268349,-0.37739306268348827
pi3bplus,fit,oi_svdd_as_elm_revision,n1024,B1,1108,97.473005,102.9101,-5.437094999999999,35.938,35.31949289653384,0.6185071034661647
pi3bplus,fit,oi_svdd_as_elm_revision,n1024,B1,1109,98.64962,102.9101,-4.260480000000001,35.4,35.32023876184597,0.07976123815402758
pi3bplus,fit,oi_svdd_as_elm_revision,n1024,B1,1110,99.058213,102.9101,-3.851887000000005,35.938,35.320497772096125,0.6175022279038771
pi3bplus,fit,oi_svdd_as_elm_revision,n1024,B1,1111,97.813213,102.9101,-5.096886999999995,35.4,34.86198360674865,0.5380163932513469
pi3bplus,fit,oi_svdd_as_elm_revision,n1024,B1,1112,98.151547,102.9101,-4.758553000000006,35.938,35.31992302953454,0.6180769704654594
pi3bplus,fit,oi_svdd_as_elm_revision,n1024,B1,1113,97.986963,102.9101,-4.923136999999997,35.4,35.77754364872618,-0.3775436487261814
pi3bplus,fit,oi_svdd_as_elm_revision,n1024,B1,1114,99.064567,102.9101,-3.845533000000003,35.4,35.32050179994567,0.07949820005433139
pi3bplus,fit,oi_svdd_as_elm_revision,n1024,B1,1115,98.137953,102.9101,-4.772147000000004,35.938,35.31991441219323,0.6180855878067746
pi3bplus,fit,oi_svdd_as_elm_revision,n1024,B1,1116,98.174721,102.9101,-4.735378999999995,35.4,35.31993771971165,0.08006228028834528
pi3bplus,fit,oi_svdd_as_elm_revision,n1024,B1,1117,97.853626,102.9101,-5.056473999999994,35.4,35.319734175117716,0.08026582488228229
pi3bplus,fit,oi_svdd_as_elm_revision,n1024,B1,1118,97.730709,102.9101,-5.179390999999995,35.4,35.31965625708457,0.08034374291543145
pi3bplus,fit,oi_svdd_as_elm_revision,n1024,B1,1119,97.757376,102.9101,-5.152724000000006,34.862,35.319673161501285,-0.45767316150128323
pi3bplus,fit,lucid_revision,n512,B0,1120,340.365647,340.365647,0.0,35.4,34.8241578450808,0.5758421549192008
pi3bplus,fit,lucid_revision,n512,B0,1121,325.553098,340.365647,-14.812549000000047,35.4,34.81476805616649,0.5852319438335059
pi3bplus,fit,lucid_revision,n512,B0,1122,323.69867,340.365647,-16.66697700000003,35.4,35.271317470229405,0.12868252977059313
pi3bplus,fit,lucid_revision,n512,B0,1123,324.360638,340.365647,-16.00500900000003,34.862,34.8140121465868,0.04798785341320411
pi3bplus,fit,lucid_revision,n512,B0,1124,324.393971,340.365647,-15.971676000000002,34.324,34.814033276632266,-0.4900332766322677
pi3bplus,fit,lucid_revision,n512,B0,1125,324.424335,340.365647,-15.941312000000039,34.862,34.81405252460576,0.04794747539423838
pi3bplus,fit,lucid_revision,n512,B0,1126,325.137187,340.365647,-15.228460000000041,34.862,35.27222935723681,-0.4102293572368083
pi3bplus,fit,lucid_revision,n512,B0,1127,324.088907,340.365647,-16.276740000000018,34.862,34.81383989421271,0.04816010578728935
pi3bplus,fit,lucid_revision,n512,B0,1128,324.36724,340.365647,-15.998407000000043,35.4,34.814016331645455,0.5859836683545439
pi3bplus,fit,lucid_revision,n512,B0,1129,324.63004,340.365647,-15.735607000000016,35.4,34.81418292258984,0.5858170774101552
pi3bplus,fit,lucid_revision,n512,B0,1130,324.076081,340.365647,-16.289566000000036,34.862,35.72928166422662,-0.867281664226617
pi3bplus,fit,lucid_revision,n512,B0,1131,324.741601,340.365647,-15.624046000000021,34.862,34.81425364196711,0.047746358032888736
pi3bplus,fit,lucid_revision,n512,B0,1132,324.116642,340.365647,-16.24900500000001,35.4,34.81385747564286,0.5861425243571361
pi3bplus,fit,lucid_revision,n512,B0,1133,325.07836,340.365647,-15.287287000000049,34.862,34.814467116091315,0.04753288390868704
pi3bplus,fit,lucid_revision,n512,B0,1134,324.634141,340.365647,-15.731506000000024,34.862,35.27191047250238,-0.409910472502375
pi3bplus,fit,lucid_revision,n512,B0,1135,324.535745,340.365647,-15.829902000000004,34.862,34.81412314826297,0.047876851737029824
pi3bplus,fit,lucid_revision,n512,B0,1136,324.329806,340.365647,-16.035841000000005,34.862,35.27171755220154,-0.40971755220153483
pi3bplus,fit,lucid_revision,n512,B0,1137,324.29616,340.365647,-16.069487000000038,35.4,35.27169622374296,0.1283037762570416
pi3bplus,fit,lucid_revision,n512,B0,1138,324.302816,340.365647,-16.062831000000017,34.862,35.27170044303263,-0.40970044303262654
pi3bplus,fit,lucid_revision,n512,B0,1139,325.085834,340.365647,-15.279813000000047,35.4,34.81447185391749,0.5855281460825097
pi3bplus,fit,lucid_revision,n512,B0,1140,324.213023,340.365647,-16.152624000000003,35.4,34.8139185723012,0.5860814276988009
pi3bplus,fit,lucid_revision,n512,B0,1141,324.345148,340.365647,-16.02049900000003,34.862,35.27172727761352,-0.4097272776135199
pi3bplus,fit,lucid_revision,n512,B0,1142,323.983323,340.365647,-16.38232400000004,35.4,35.27149791395883,0.1285020860411663
pi3bplus,fit,lucid_revision,n512,B0,1143,324.206031,340.365647,-16.159616000000028,34.324,35.271639090275585,-0.9476390902755867
pi3bplus,fit,lucid_revision,n512,B0,1144,323.729928,340.365647,-16.63571900000005,34.862,34.81361233465935,0.04838766534065542
pi3bplus,fit,lucid_revision,n512,B0,1145,324.944768,340.365647,-15.420879000000014,35.4,34.814382431093435,0.5856175689065637
pi3bplus,fit,lucid_revision,n512,B0,1146,323.850759,340.365647,-16.51488800000004,35.4,34.35596398010397,1.0440360198960263
pi3bplus,fit,lucid_revision,n512,B0,1147,324.56476,340.365647,-15.800887000000046,34.862,35.27186649135202,-0.4098664913520196
pi3bplus,fit,lucid_revision,n512,B0,1148,324.472829,340.365647,-15.892818000000034,35.4,34.35635831506887,1.0436416849311314
pi3bplus,fit,lucid_revision,n512,B0,1149,324.603454,340.365647,-15.762193000000025,34.862,35.27189101977669,-0.40989101977668696
pi3bplus,fit,lucid_revision,n512,B0,1150,323.703967,340.365647,-16.661680000000047,35.4,35.27132082803851,0.12867917196148682
pi3bplus,fit,lucid_revision,n512,B0,1151,324.705785,340.365647,-15.659862000000032,34.324,34.81423093792881,-0.4902309379288141
pi3bplus,fit,lucid_revision,n512,B0,1152,325.032764,340.365647,-15.332883000000038,35.4,35.27216316269273,0.1278368373072709
pi3bplus,fit,lucid_revision,n512,B0,1153,324.54385,340.365647,-15.821797000000004,35.4,34.81412828608491,0.5858717139150897
pi3bplus,fit,lucid_revision,n512,B0,1154,324.09046,340.365647,-16.275187000000017,35.4,34.81384087867138,0.5861591213286204
pi3bplus,fit,lucid_revision,n512,B0,1155,330.881445,340.365647,-9.484202000000039,35.4,35.27587068663186,0.1241293133681367
pi3bplus,fit,lucid_revision,n512,B0,1156,334.309509,340.365647,-6.056138000000033,35.4,35.27804376280834,0.12195623719166093
pi3bplus,fit,lucid_revision,n512,B0,1157,326.384665,340.365647,-13.98098200000004,35.4,35.27302014315052,0.12697985684948065
pi3bplus,fit,lucid_revision,n512,B0,1158,324.12623,340.365647,-16.239417000000003,35.4,35.27158850380697,0.12841149619303138
pi3bplus,fit,lucid_revision,n512,B0,1159,323.823098,340.365647,-16.542549000000008,35.938,35.27139634609709,0.6666036539029108
pi3bplus,fit,lucid_revision,n1,B2,1160,6.106246,6.106246,0.0,34.862,35.730043229117825,-0.8680432291178235
pi3bplus,fit,lucid_revision,n1,B2,1161,4.371403,6.106246,-1.7348429999999997,35.4,35.27121854851932,0.12878145148067688
pi3bplus,fit,lucid_revision,n1,B2,1162,3.587705,6.106246,-2.5185409999999995,35.4,34.81299680606313,0.5870031939368658
pi3bplus,fit,lucid_revision,n1,B2,1163,3.606612,6.106246,-2.4996339999999995,35.4,34.813008791356076,0.5869912086439228
pi3bplus,fit,lucid_revision,n1,B2,1164,3.638747,6.106246,-2.4674989999999997,35.4,34.81302916198012,0.5869708380198801
pi3bplus,fit,lucid_revision,n1,B2,1165,3.576143,6.106246,-2.5301029999999995,35.4,35.27071442707932,0.12928557292067921
pi3bplus,fit,lucid_revision,n1,B2,1166,3.631352,6.106246,-2.4748939999999995,34.862,35.2707494244897,-0.40874942448969875
pi3bplus,fit,lucid_revision,n1,B2,1167,3.644008,6.106246,-2.4622379999999997,35.4,35.27075744722559,0.12924255277440722
pi3bplus,fit,lucid_revision,n1,B2,1168,3.634893,6.106246,-2.4713529999999997,35.4,34.355301768642775,1.0446982313572235
pi3bplus,fit,lucid_revision,n1,B2,1169,3.781143,6.106246,-2.3251029999999995,35.4,35.270844378158465,0.12915562184153373
pi3bplus,fit,lucid_revision,n1,B2,1170,3.620987,6.106246,-2.4852589999999997,35.4,35.27074285403636,0.12925714596364202
pi3bplus,fit,lucid_revision,n1,B2,1171,3.597081,6.106246,-2.5091649999999994,35.4,35.27072769983881,0.1292723001611904
pi3bplus,fit,lucid_revision,n1,B2,1172,3.648695,6.106246,-2.4575509999999996,34.862,35.270760418350996,-0.40876041835099386
pi3bplus,fit,lucid_revision,n1,B2,1173,3.581351,6.106246,-2.5248949999999994,34.862,34.812992778213584,0.04900722178641814
pi3bplus,fit,lucid_revision,n1,B2,1174,3.597497,6.106246,-2.5087489999999995,34.862,34.81300301328736,0.04899698671264474
pi3bplus,fit,lucid_revision,n1,B2,1175,3.620518,6.106246,-2.4857279999999995,34.862,34.81301760647659,0.04898239352340994
pi3bplus,fit,lucid_revision,n1,B2,1176,3.611976,6.106246,-2.4942699999999998,34.862,34.81301219163699,0.04898780836300887
pi3bplus,fit,lucid_revision,n1,B2,1177,3.571976,6.106246,-2.53427,34.862,34.81298683532887,0.04901316467113048
pi3bplus,fit,lucid_revision,n1,B2,1178,3.629267,6.106246,-2.4769789999999996,34.862,34.81302315253509,0.04897684746491393
pi3bplus,fit,lucid_revision,n1,B2,1179,3.611507,6.106246,-2.4947389999999996,34.324,35.27073684459133,-0.9467368445913351
pi3bplus,fit,lucid_revision,n1,B2,1180,3.648174,6.106246,-2.4580719999999996,34.324,34.81303513782803,-0.4890351378280329
pi3bplus,fit,lucid_revision,n1,B2,1181,3.650674,6.106246,-2.4555719999999996,35.4,34.81303672259729,0.5869632774027096
pi3bplus,fit,lucid_revision,n1,B2,1182,3.587341,6.106246,-2.5189049999999997,35.4,34.812996575320724,0.5870034246792741
pi3bplus,fit,lucid_revision,n1,B2,1183,3.630361,6.106246,-2.4758849999999994,34.862,34.81302384603012,0.048976153969881864
pi3bplus,fit,lucid_revision,n1,B2,1184,3.600049,6.106246,-2.506197,34.862,35.27072958127687,-0.40872958127686587
pi3bplus,fit,lucid_revision,n1,B2,1185,3.712757,6.106246,-2.3934889999999998,34.862,35.27080102774628,-0.4088010277462786
pi3bplus,fit,lucid_revision,n1,B2,1186,3.641872,6.106246,-2.4643739999999994,34.324,35.27075609319874,-0.9467560931987435
pi3bplus,fit,lucid_revision,n1,B2,1187,3.585205,6.106246,-2.5210409999999994,35.4,35.27072017155093,0.1292798284490715
pi3bplus,fit,lucid_revision,n1,B2,1188,3.606924,6.106246,-2.499322,34.862,34.81300898913528,0.048991010864725126
pi3bplus,fit,lucid_revision,n1,B2,1189,3.743434,6.106246,-2.3628119999999995,35.4,34.81309552387584,0.5869044761241611
pi3bplus,fit,lucid_revision,n1,B2,1190,3.643643,6.106246,-2.4626029999999997,34.324,34.81303226559223,-0.489032265592229
pi3bplus,fit,lucid_revision,n1,B2,1191,3.63432,6.106246,-2.4719259999999994,34.324,34.813026355670715,-0.48902635567071684
pi3bplus,fit,lucid_revision,n1,B2,1192,3.574997,6.106246,-2.5312489999999994,34.862,34.81298875036404,0.04901124963596004
pi3bplus,fit,lucid_revision,n1,B2,1193,3.624684,6.106246,-2.481562,34.862,34.813020247336084,0.048979752663917964
pi3bplus,fit,lucid_revision,n1,B2,1194,3.632028,6.106246,-2.4742179999999996,35.4,35.27074985301131,0.12925014698868864
pi3bplus,fit,lucid_revision,n1,B2,1195,3.601976,6.106246,-2.5042699999999996,34.862,35.27073080281701,-0.40873080281701135
pi3bplus,fit,lucid_revision,n1,B2,1196,3.604476,6.106246,-2.5017699999999996,34.862,34.81300743732922,0.048992562670783
pi3bplus,fit,lucid_revision,n1,B2,1197,3.636612,6.106246,-2.4696339999999997,34.862,34.81302780858717,0.0489721914128296
pi3bplus,fit,lucid_revision,n1,B2,1198,3.59708,6.106246,-2.5091659999999996,35.4,34.813002748947845,0.5869972510521535
pi3bplus,fit,lucid_revision,n1,B2,1199,4.662391,6.106246,-1.4438549999999992,34.324,34.81367805779699,-0.48967805779699347
pi3bplus,fit,fisvdd_revision,n16,B0,1200,6.205359,6.205359,0.0,34.324,34.13668818968791,0.18731181031208877
pi3bplus,fit,fisvdd_revision,n16,B0,1201,4.50333,6.205359,-1.7020289999999996,34.324,34.135609260393835,0.18839073960616304
pi3bplus,fit,fisvdd_revision,n16,B0,1202,4.520517,6.205359,-1.6848419999999997,34.324,34.13562015536553,0.18837984463446844
pi3bplus,fit,fisvdd_revision,n16,B0,1203,4.484215,6.205359,-1.7211439999999998,34.324,34.135597143248084,0.18840285675191382
pi3bplus,fit,fisvdd_revision,n16,B0,1204,4.46885,6.205359,-1.7365089999999999,34.324,34.13558740325623,0.18841259674376687
pi3bplus,fit,fisvdd_revision,n16,B0,1205,4.458693,6.205359,-1.7466659999999994,33.786,34.59330591491274,-0.8073059149127388
pi3bplus,fit,fisvdd_revision,n16,B0,1206,4.433954,6.205359,-1.7714049999999997,33.786,34.13556528241302,-0.34956528241301754
pi3bplus,fit,fisvdd_revision,n16,B0,1207,4.4251,6.205359,-1.780259,34.324,33.67783471953716,0.6461652804628386
pi3bplus,fit,fisvdd_revision,n16,B0,1208,4.536558,6.205359,-1.6688009999999993,34.324,34.13563032387899,0.18836967612100608
pi3bplus,fit,fisvdd_revision,n16,B0,1209,4.451297,6.205359,-1.7540619999999993,33.786,34.135576276274314,-0.34957627627431265
pi3bplus,fit,fisvdd_revision,n16,B0,1210,4.43812,6.205359,-1.767239,33.786,34.13556792327251,-0.3495679232725095
pi3bplus,fit,fisvdd_revision,n16,B0,1211,4.630621,6.205359,-1.574738,33.786,33.67796500088222,0.10803499911778403
pi3bplus,fit,fisvdd_revision,n16,B0,1212,4.39609,6.205359,-1.8092689999999996,33.248,33.22009137961764,0.02790862038235531
pi3bplus,fit,fisvdd_revision,n16,B0,1213,4.4201,6.205359,-1.785259,33.786,33.67783154999865,0.10816845000135089
pi3bplus,fit,fisvdd_revision,n16,B0,1214,4.447131,6.205359,-1.758228,33.786,33.67784868515777,0.10815131484223173
pi3bplus,fit,fisvdd_revision,n16,B0,1215,4.39536,6.205359,-1.8099989999999995,33.786,34.13554081737912,-0.3495408173791219
pi3bplus,fit,fisvdd_revision,n16,B0,1216,4.442599,6.205359,-1.7627599999999992,33.786,33.67784581228806,0.10815418771193919
pi3bplus,fit,fisvdd_revision,n16,B0,1217,4.447287,6.205359,-1.7580719999999994,33.786,33.22012383379032,0.5658761662096836
pi3bplus,fit,fisvdd_revision,n16,B0,1218,4.447548,6.205359,-1.7578109999999993,33.786,33.22012399924023,0.5658760007597721
pi3bplus,fit,fisvdd_revision,n16,B0,1219,4.489422,6.205359,-1.7159369999999994,33.248,33.22015054349139,0.02784945650860493
pi3bplus,fit,fisvdd_revision,n16,B0,1220,4.431246,6.205359,-1.7741129999999998,33.786,33.67783861553391,0.10816138446609358
pi3bplus,fit,fisvdd_revision,n16,B0,1221,4.38859,6.205359,-1.8167689999999999,33.786,33.22008662530987,0.5659133746901333
pi3bplus,fit,fisvdd_revision,n16,B0,1222,4.55437,6.205359,-1.650989,33.786,33.220191714528895,0.5658082854711068
pi3bplus,fit,fisvdd_revision,n16,B0,1223,4.379683,6.205359,-1.8256759999999996,34.324,33.22008097909396,1.1039190209060408
pi3bplus,fit,fisvdd_revision,n16,B0,1224,4.407496,6.205359,-1.7978629999999995,33.248,33.67782356022596,-0.42982356022596235
pi3bplus,fit,fisvdd_revision,n16,B0,1225,4.551454,6.205359,-1.653905,33.786,33.67791481631109,0.10808518368891384
pi3bplus,fit,fisvdd_revision,n16,B0,1226,4.388433,6.205359,-1.8169259999999996,33.786,33.22008652578636,0.5659134742136445
pi3bplus,fit,fisvdd_revision,n16,B0,1227,4.46562,6.205359,-1.7397389999999993,33.786,33.220135455220245,0.5658645447797568
pi3bplus,fit,fisvdd_revision,n16,B0,1228,4.657235,6.205359,-1.5481239999999996,33.248,33.22025692144478,0.027743078555218403
pi3bplus,fit,fisvdd_revision,n16,B0,1229,4.401767,6.205359,-1.8035919999999992,33.248,33.22009497831167,0.027905021688326315
pi3bplus,fit,fisvdd_revision,n16,B0,1230,4.449006,6.205359,-1.7563529999999998,33.248,33.22012492347766,0.027875076522335007
pi3bplus,fit,fisvdd_revision,n16,B0,1231,4.431922,6.205359,-1.7734369999999995,33.248,33.67783904405552,-0.42983904405551954
pi3bplus,fit,fisvdd_revision,n16,B0,1232,4.388329,6.205359,-1.81703,33.248,33.22008645985996,0.027913540140040993
pi3bplus,fit,fisvdd_revision,n16,B0,1233,4.440464,6.205359,-1.7648949999999992,33.248,33.220119508638064,0.027880491361933935
pi3bplus,fit,fisvdd_revision,n16,B0,1234,4.446766,6.205359,-1.7585929999999994,33.248,33.67784845378146,-0.4298484537814602
pi3bplus,fit,fisvdd_revision,n16,B0,1235,4.392078,6.205359,-1.813281,33.248,32.762363886122884,0.4856361138771135
pi3bplus,fit,fisvdd_revision,n16,B0,1236,4.50312,6.205359,-1.7022389999999996,33.248,33.22015922675911,0.027840773240889405
pi3bplus,fit,fisvdd_revision,n16,B0,1237,4.358953,6.205359,-1.846406,33.786,33.22006783818727,0.5659321618127322
pi3bplus,fit,fisvdd_revision,n16,B0,1238,4.391714,6.205359,-1.8136449999999993,33.248,33.220088605637535,0.02791139436246226
pi3bplus,fit,fisvdd_revision,n16,B0,1239,4.539578,6.205359,-1.665781,33.248,33.220182337766154,0.02781766223384352
pi3bplus,fit,fisvdd_revision,n256,B0,1240,23.664557,24.642785,-0.9782280000000014,32.71,33.26650460773338,-0.5565046077333804
pi3bplus,fit,fisvdd_revision,n256,B0,1241,23.473412,24.642785,-1.1693730000000002,33.248,33.724108389702515,-0.47610838970251734
pi3bplus,fit,fisvdd_revision,n256,B0,1242,23.993359,24.642785,-0.6494259999999983,33.248,33.26671303785399,-0.01871303785399192
pi3bplus,fit,fisvdd_revision,n256,B0,1243,23.530286,24.642785,-1.1124989999999997,32.71,33.26641949231217,-0.5564194923121661
pi3bplus,fit,fisvdd_revision,n256,B0,1244,24.642785,24.642785,0.0,33.248,33.26712471399801,-0.019124713998010634
pi3bplus,fit,fisvdd_revision,n256,B0,1245,23.618724,24.642785,-1.0240609999999997,33.248,33.26647555384162,-0.01847555384162547
pi3bplus,fit,fisvdd_revision,n256,B0,1246,23.521901,24.642785,-1.1208840000000002,33.248,33.26641417699608,-0.01841417699608172
pi3bplus,fit,fisvdd_revision,n256,B0,1247,24.046796,24.642785,-0.5959889999999994,33.248,33.26674691197992,-0.01874691197992462
pi3bplus,fit,fisvdd_revision,n256,B0,1248,23.683619,24.642785,-0.9591659999999997,33.248,32.80879174102496,0.4392082589750359
pi3bplus,fit,fisvdd_revision,n256,B0,1249,23.496015,24.642785,-1.14677,33.248,33.266397767661275,-0.018397767661276987
pi3bplus,fit,fisvdd_revision,n256,B0,1250,23.599192,24.642785,-1.0435930000000013,33.248,33.72418812261341,-0.47618812261341503
pi3bplus,fit,fisvdd_revision,n256,B0,1251,23.592421,24.642785,-1.0503639999999983,33.248,33.266458880167306,-0.018458880167308678
pi3bplus,fit,fisvdd_revision,n256,B0,1252,23.673463,24.642785,-0.9693219999999982,33.248,33.724235203572434,-0.4762352035724362
pi3bplus,fit,fisvdd_revision,n256,B0,1253,23.567786,24.642785,-1.0749989999999983,33.248,33.26644326385104,-0.018443263851040115
pi3bplus,fit,fisvdd_revision,n256,B0,1254,23.65992,24.642785,-0.9828650000000003,33.248,33.266501668303356,-0.018501668303358088
pi3bplus,fit,fisvdd_revision,n256,B0,1255,23.654452,24.642785,-0.9883330000000008,33.248,33.26649820209604,-0.018498202096040472
pi3bplus,fit,fisvdd_revision,n256,B0,1256,23.658723,24.642785,-0.9840620000000015,33.248,33.26650090951584,-0.01850090951584349
pi3bplus,fit,fisvdd_revision,n256,B0,1257,23.619608,24.642785,-1.0231770000000004,32.71,33.26647611421603,-0.5564761142160322
pi3bplus,fit,fisvdd_revision,n256,B0,1258,23.693098,24.642785,-0.9496870000000008,33.248,33.266522700093134,-0.01852270009313628
pi3bplus,fit,fisvdd_revision,n256,B0,1259,23.609504,24.642785,-1.0332809999999988,33.248,33.26646970921259,-0.01846970921259583
pi3bplus,fit,fisvdd_revision,n256,B0,1260,23.60169,24.642785,-1.0410949999999985,33.248,33.266464755857804,-0.01846475585780638
pi3bplus,fit,fisvdd_revision,n256,B0,1261,23.599035,24.642785,-1.0437499999999993,33.248,33.266463072832856,-0.01846307283285853
pi3bplus,fit,fisvdd_revision,n256,B0,1262,23.727368,24.642785,-0.9154170000000015,32.71,33.26654442411012,-0.5565444241101218
pi3bplus,fit,fisvdd_revision,n256,B0,1263,23.604399,24.642785,-1.0383859999999991,33.248,33.26646647311377,-0.018466473113775805
pi3bplus,fit,fisvdd_revision,n256,B0,1264,23.703982,24.642785,-0.938803,32.71,33.266529599544576,-0.5565295995445751
pi3bplus,fit,fisvdd_revision,n256,B0,1265,23.803357,24.642785,-0.8394280000000016,33.248,33.26659259412258,-0.018592594122580408
pi3bplus,fit,fisvdd_revision,n256,B0,1266,23.64268,24.642785,-1.0001050000000014,33.248,33.26649073973456,-0.018490739734559725
pi3bplus,fit,fisvdd_revision,n256,B0,1267,23.600701,24.642785,-1.0420839999999991,32.71,33.26646412892308,-0.5564641289230821
pi3bplus,fit,fisvdd_revision,n256,B0,1268,23.637627,24.642785,-1.0051580000000016,33.248,32.351037636084826,0.896962363915172
pi3bplus,fit,fisvdd_revision,n256,B0,1269,23.564971,24.642785,-1.077814,33.248,33.266441479400854,-0.018441479400856053
pi3bplus,fit,fisvdd_revision,n256,B0,1270,23.65643,24.642785,-0.9863549999999996,32.71,33.26649945596547,-0.5564994559654721
pi3bplus,fit,fisvdd_revision,n256,B0,1271,23.55893,24.642785,-1.0838549999999998,33.248,33.266437649964416,-0.018437649964418767
pi3bplus,fit,fisvdd_revision,n256,B0,1272,23.629815,24.642785,-1.0129699999999993,32.71,33.266482584511955,-0.5564825845119543
pi3bplus,fit,fisvdd_revision,n256,B0,1273,23.755856,24.642785,-0.8869289999999985,32.71,33.266562482872764,-0.5565624828727636
pi3bplus,fit,fisvdd_revision,n256,B0,1274,23.608356,24.642785,-1.0344289999999994,32.71,33.266468981486554,-0.5564689814865531
pi3bplus,fit,fisvdd_revision,n256,B0,1275,23.593981,24.642785,-1.0488040000000005,33.248,33.26645986906332,-0.018459869063320866
pi3bplus,fit,fisvdd_revision,n256,B0,1276,24.309658,24.642785,-0.33312700000000106,33.248,32.80918859196953,0.4388114080304675
pi3bplus,fit,fisvdd_revision,n256,B0,1277,23.668096,24.642785,-0.9746890000000015,33.248,32.80878190087569,0.43921809912431087
pi3bplus,fit,fisvdd_revision,n256,B0,1278,23.684605,24.642785,-0.9581799999999987,32.172,33.26651731631501,-1.094517316315013
pi3bplus,fit,fisvdd_revision,n256,B0,1279,23.598721,24.642785,-1.0440639999999988,32.71,33.266462873785834,-0.5564628737858328
pi3bplus,fit,lucid_revision,n1024,B1,1280,690.801513,719.780619,-28.979106,34.324,33.82131288343589,0.5026871165641111
pi3bplus,fit,lucid_revision,n1024,B1,1281,718.412453,719.780619,-1.3681659999999738,34.324,34.29654062125002,0.027459378749981056
pi3bplus,fit,lucid_revision,n1024,B1,1282,712.090409,719.780619,-7.690209999999979,34.324,35.207982929372896,-0.8839829293728982
pi3bplus,fit,lucid_revision,n1024,B1,1283,715.814082,719.780619,-3.9665370000000166,34.862,35.21034339437159,-0.34834339437158945
pi3bplus,fit,lucid_revision,n1024,B1,1284,712.426987,719.780619,-7.353631999999948,35.4,35.20819628875981,0.19180371124019047
pi3bplus,fit,lucid_revision,n1024,B1,1285,717.568319,719.780619,-2.2123000000000275,35.4,35.211455418719034,0.18854458128096496
pi3bplus,fit,lucid_revision,n1024,B1,1286,710.157784,719.780619,-9.62283500000001,35.4,35.664482773755154,-0.26448277375515516
pi3bplus,fit,lucid_revision,n1024,B1,1287,719.780619,719.780619,0.0,35.4,35.67058276298775,-0.2705827629877504
pi3bplus,fit,lucid_revision,n1024,B1,1288,711.51546,719.780619,-8.26515900000004,34.862,35.66534341502993,-0.8033434150299286
pi3bplus,fit,lucid_revision,n1024,B1,1289,716.668923,719.780619,-3.1116960000000518,35.938,35.6686102349235,0.2693897650765038
pi3bplus,fit,lucid_revision,n1024,B1,1290,710.84162,719.780619,-8.938998999999967,35.938,35.66491626266324,0.27308373733676206
pi3bplus,fit,lucid_revision,n1024,B1,1291,716.731179,719.780619,-3.049440000000004,35.4,35.66864969948147,-0.26864969948147177
pi3bplus,fit,lucid_revision,n1024,B1,1292,711.143308,719.780619,-8.637310999999954,35.4,36.12283245526745,-0.7228324552674508
pi3bplus,fit,lucid_revision,n1024,B1,1293,717.531557,719.780619,-2.249061999999981,35.938,36.126882015518156,-0.18888201551815342
pi3bplus,fit,lucid_revision,n1024,B1,1294,710.853999,719.780619,-8.926619999999957,36.476,35.6649241098067,0.8110758901933011
pi3bplus,fit,lucid_revision,n1024,B1,1295,716.041892,719.780619,-3.73872700000004,35.938,35.66821275514249,0.26978724485751115
pi3bplus,fit,lucid_revision,n1024,B1,1296,710.494488,719.780619,-9.286130999999955,36.476,36.12242116327149,0.3535788367285093
pi3bplus,fit,lucid_revision,n1024,B1,1297,716.778571,719.780619,-3.002047999999945,35.938,36.1264046918924,-0.18840469189239428
pi3bplus,fit,lucid_revision,n1024,B1,1298,712.235282,719.780619,-7.545337000000018,35.4,36.58124961625472,-1.1812496162547248
pi3bplus,fit,lucid_revision,n1024,B1,1299,717.19302,719.780619,-2.5875989999999547,36.476,35.668942464048996,0.807057535951003
pi3bplus,fit,lucid_revision,n1024,B1,1300,712.43634,719.780619,-7.344279000000029,35.938,36.12365211821266,-0.18565211821265848
pi3bplus,fit,lucid_revision,n1024,B1,1301,716.360326,719.780619,-3.420293000000015,36.476,36.12613956316509,0.3498604368349092
pi3bplus,fit,lucid_revision,n1024,B1,1302,712.803964,719.780619,-6.976655000000051,36.476,36.58161010815517,-0.1056101081551688
pi3bplus,fit,lucid_revision,n1024,B1,1303,716.058004,719.780619,-3.722615000000019,35.4,36.12594791892046,-0.7259479189204612
pi3bplus,fit,lucid_revision,n1024,B1,1304,712.282364,719.780619,-7.498254999999972,36.476,36.5812794618972,-0.10527946189720438
pi3bplus,fit,lucid_revision,n1024,B1,1305,716.436717,719.780619,-3.3439019999999573,36.476,36.126187988008446,0.34981201199155265
pi3bplus,fit,lucid_revision,n1024,B1,1306,711.496139,719.780619,-8.28448000000003,36.476,37.03850601807035,-0.5625060180703514
pi3bplus,fit,lucid_revision,n1024,B1,1307,716.578089,719.780619,-3.2025300000000243,37.014,36.5840025550653,0.42999744493470615
pi3bplus,fit,lucid_revision,n1024,B1,1308,711.154696,719.780619,-8.625923000000057,36.476,36.12283967420837,0.35316032579162737
pi3bplus,fit,lucid_revision,n1024,B1,1309,717.584825,719.780619,-2.195793999999978,36.476,36.58464073277073,-0.10864073277073061
pi3bplus,fit,lucid_revision,n1024,B1,1310,710.933312,719.780619,-8.847307,36.476,36.58042428744246,-0.10442428744246257
pi3bplus,fit,lucid_revision,n1024,B1,1311,717.633225,719.780619,-2.147393999999963,36.476,36.584671413903564,-0.10867141390356494
pi3bplus,fit,lucid_revision,n1024,B1,1312,711.738379,719.780619,-8.042239999999993,36.476,36.58093462561531,-0.1049346256153143
pi3bplus,fit,lucid_revision,n1024,B1,1313,716.814396,719.780619,-2.9662230000000136,36.476,36.584152351892904,-0.10815235189290462
pi3bplus,fit,lucid_revision,n1024,B1,1314,712.559334,719.780619,-7.221284999999966,36.476,36.581455035313745,-0.10545503531374578
pi3bplus,fit,lucid_revision,n1024,B1,1315,716.682953,719.780619,-3.097666000000004,36.476,36.584069029162684,-0.10806902916268513
pi3bplus,fit,lucid_revision,n1024,B1,1316,713.627581,719.780619,-6.153038000000038,36.476,37.03985715557296,-0.5638571555729612
pi3bplus,fit,lucid_revision,n1024,B1,1317,716.418394,719.780619,-3.3622249999999667,37.014,36.58390132317464,0.4300986768253594
pi3bplus,fit,lucid_revision,n1024,B1,1318,711.520622,719.780619,-8.259996999999998,36.476,36.580796587775595,-0.10479658777559564
pi3bplus,fit,lucid_revision,n1024,B1,1319,715.493203,719.780619,-4.287416000000007,37.014,36.58331483747286,0.4306851625271406
pi3bplus,fit,lucid_revision,n64,B2,1320,47.452705,47.452705,0.0,35.938,36.2652762159177,-0.3272762159176992
pi3bplus,fit,lucid_revision,n64,B2,1321,45.803647,47.452705,-1.6490580000000037,36.476,36.26423086534857,0.21176913465142633
pi3bplus,fit,lucid_revision,n64,B2,1322,44.225889,47.452705,-3.2268159999999995,36.476,35.34778081188457,1.1282191881154304
pi3bplus,fit,lucid_revision,n64,B2,1323,43.925682,47.452705,-3.527023,36.476,35.80531545861178,0.6706845413882192
pi3bplus,fit,lucid_revision,n64,B2,1324,44.030734,47.452705,-3.421970999999999,36.476,35.80538205188381,0.6706179481161882
pi3bplus,fit,lucid_revision,n64,B2,1325,44.248024,47.452705,-3.204681000000001,36.476,36.263244743945684,0.2127552560543151
pi3bplus,fit,lucid_revision,n64,B2,1326,43.913807,47.452705,-3.538898000000003,36.476,35.80530793095781,0.6706920690421896
pi3bplus,fit,lucid_revision,n64,B2,1327,44.000733,47.452705,-3.451972000000005,36.476,36.26308798427586,0.21291201572413598
pi3bplus,fit,lucid_revision,n64,B2,1328,44.093754,47.452705,-3.3589510000000047,36.476,36.263146951004316,0.21285304899568303
pi3bplus,fit,lucid_revision,n64,B2,1329,43.959847,47.452705,-3.4928579999999982,36.476,36.26306206632551,0.212937933674489
pi3bplus,fit,lucid_revision,n64,B2,1330,44.073961,47.452705,-3.3787440000000046,36.476,35.805409453812096,0.6705905461879027
pi3bplus,fit,lucid_revision,n64,B2,1331,44.06792,47.452705,-3.384785000000001,36.476,36.26313057463271,0.2128694253672876
pi3bplus,fit,lucid_revision,n64,B2,1332,44.062138,47.452705,-3.3905670000000043,36.476,35.80540195912132,0.67059804087868
pi3bplus,fit,lucid_revision,n64,B2,1333,44.072711,47.452705,-3.3799940000000035,36.476,36.263133611684516,0.21286638831548288
pi3bplus,fit,lucid_revision,n64,B2,1334,44.039691,47.452705,-3.413014000000004,36.476,36.26311268005216,0.21288731994783916
pi3bplus,fit,lucid_revision,n64,B2,1335,44.840158,47.452705,-2.6125469999999993,35.938,35.34817020173547,0.5898297982645317
pi3bplus,fit,lucid_revision,n64,B2,1336,44.643544,47.452705,-2.809161000000003,36.476,35.805770516863376,0.6702294831366231
pi3bplus,fit,lucid_revision,n64,B2,1337,44.000889,47.452705,-3.451816000000001,36.476,35.80536313290841,0.6706368670915879
pi3bplus,fit,lucid_revision,n64,B2,1338,43.94318,47.452705,-3.5095250000000036,36.476,36.263051500985824,0.21294849901417479
pi3bplus,fit,lucid_revision,n64,B2,1339,44.034637,47.452705,-3.418068000000005,36.476,36.26310947628263,0.21289052371736972
pi3bplus,fit,lucid_revision,n64,B2,1340,43.956356,47.452705,-3.496349000000002,36.476,36.26305985335372,0.21294014664628236
pi3bplus,fit,lucid_revision,n64,B2,1341,44.008544,47.452705,-3.444161000000001,36.476,35.80536798547188,0.6706320145281168
pi3bplus,fit,lucid_revision,n64,B2,1342,43.998544,47.452705,-3.454160999999999,36.476,36.2630865966519,0.2129134033480966
pi3bplus,fit,lucid_revision,n64,B2,1343,43.998283,47.452705,-3.454422000000001,36.476,36.26308643120199,0.21291356879800816
pi3bplus,fit,lucid_revision,n64,B2,1344,44.613437,47.452705,-2.839268000000004,35.938,36.263476382061214,-0.3254763820612112
pi3bplus,fit,lucid_revision,n64,B2,1345,44.255627,47.452705,-3.1970780000000047,35.938,36.26324956354595,-0.32524956354594536
pi3bplus,fit,lucid_revision,n64,B2,1346,43.938596,47.452705,-3.514109000000005,36.476,36.26304859515291,0.21295140484708952
pi3bplus,fit,lucid_revision,n64,B2,1347,44.009845,47.452705,-3.442860000000003,36.476,36.26309376044286,0.21290623955714238
pi3bplus,fit,lucid_revision,n64,B2,1348,44.055938,47.452705,-3.396767000000004,36.476,36.263122979150616,0.2128770208493833
pi3bplus,fit,lucid_revision,n64,B2,1349,43.943334,47.452705,-3.5093710000000016,36.476,36.26305159860761,0.21294840139238858
pi3bplus,fit,lucid_revision,n64,B2,1350,44.055573,47.452705,-3.397131999999999,36.476,36.263122747774304,0.2128772522256952
pi3bplus,fit,lucid_revision,n64,B2,1351,43.971667,47.452705,-3.481038000000005,36.476,36.26306955911456,0.21293044088543667
pi3bplus,fit,lucid_revision,n64,B2,1352,43.944167,47.452705,-3.5085380000000015,36.476,35.80532717639567,0.6706728236043276
pi3bplus,fit,lucid_revision,n64,B2,1353,44.157916,47.452705,-3.2947890000000015,36.476,36.263187623790365,0.21281237620963367
pi3bplus,fit,lucid_revision,n64,B2,1354,44.275468,47.452705,-3.177237000000005,36.476,36.26326214090869,0.2127378590913125
pi3bplus,fit,lucid_revision,n64,B2,1355,44.982966,47.452705,-2.469739000000004,36.476,36.7214355795979,-0.24543557959790263
pi3bplus,fit,lucid_revision,n64,B2,1356,43.950157,47.452705,-3.5025480000000044,36.476,36.26305592375987,0.21294407624012734
pi3bplus,fit,lucid_revision,n64,B2,1357,43.95823,47.452705,-3.4944750000000013,36.476,36.26306104129676,0.21293895870324064
pi3bplus,fit,lucid_revision,n64,B2,1358,43.985103,47.452705,-3.4676019999999994,36.476,36.26307807629846,0.2129219237015363
pi3bplus,fit,lucid_revision,n64,B2,1359,43.992343,47.452705,-3.4603620000000035,36.476,36.263082665790236,0.212917334209763
pi3bplus,fit,tinydl_revision,n1024,B0,1360,78.57351,81.487717,-2.9142070000000047,35.4,35.218598813540204,0.18140118645979442
pi3bplus,fit,tinydl_revision,n1024,B0,1361,78.77257,81.487717,-2.7151470000000018,35.4,35.218724999207595,0.18127500079240377
pi3bplus,fit,tinydl_revision,n1024,B0,1362,78.742726,81.487717,-2.744990999999999,35.4,35.2187060808661,0.1812939191338998
pi3bplus,fit,tinydl_revision,n1024,B0,1363,78.707727,81.487717,-2.779989999999998,35.4,35.2186838947304,0.18131610526960174
pi3bplus,fit,tinydl_revision,n1024,B0,1364,78.917777,81.487717,-2.5699400000000026,35.4,35.6765419973005,-0.2765419973004981
pi3bplus,fit,tinydl_revision,n1024,B0,1365,78.652153,81.487717,-2.835564000000005,35.4,34.76092371568665,0.6390762843133473
pi3bplus,fit,tinydl_revision,n1024,B0,1366,78.645695,81.487717,-2.842022,35.4,35.218644572167754,0.18135542783224423
pi3bplus,fit,tinydl_revision,n1024,B0,1367,80.673503,81.487717,-0.8142140000000069,35.4,35.21993001527945,0.18006998472054647
pi3bplus,fit,tinydl_revision,n1024,B0,1368,78.676319,81.487717,-2.811397999999997,35.4,35.21866398495726,0.18133601504273855
pi3bplus,fit,tinydl_revision,n1024,B0,1369,78.834341,81.487717,-2.6533760000000086,35.4,35.67648910657738,-0.2764891065773796
pi3bplus,fit,tinydl_revision,n1024,B0,1370,78.837985,81.487717,-2.649732,35.4,35.218766466279995,0.18123353372000395
pi3bplus,fit,tinydl_revision,n1024,B0,1371,78.870327,81.487717,-2.6173900000000003,35.4,35.21878696812293,0.18121303187707127
pi3bplus,fit,tinydl_revision,n1024,B0,1372,78.723557,81.487717,-2.764160000000004,34.862,35.21869392948934,-0.35669392948933876
pi3bplus,fit,tinydl_revision,n1024,B0,1373,78.828192,81.487717,-2.659525000000002,35.4,35.21876025842186,0.18123974157813905
pi3bplus,fit,tinydl_revision,n1024,B0,1374,78.803713,81.487717,-2.6840040000000016,35.4,34.76101979073814,0.6389802092618595
pi3bplus,fit,tinydl_revision,n1024,B0,1375,79.375743,81.487717,-2.1119740000000036,35.4,35.219107355218625,0.18089264478137324
pi3bplus,fit,tinydl_revision,n1024,B0,1376,79.131161,81.487717,-2.3565559999999977,35.4,35.218952312804774,0.18104768719522468
pi3bplus,fit,tinydl_revision,n1024,B0,1377,81.487717,81.487717,0.0,35.4,35.220446151806065,0.17955384819393316
pi3bplus,fit,tinydl_revision,n1024,B0,1378,78.770693,81.487717,-2.717024000000009,35.4,34.76099885910578,0.6390011408942158
pi3bplus,fit,tinydl_revision,n1024,B0,1379,78.95064,81.487717,-2.5370769999999965,35.4,34.76111292889524,0.6388870711047616
pi3bplus,fit,tinydl_revision,n1024,B0,1380,78.73767,81.487717,-2.7500470000000092,34.862,35.218702875828754,-0.35670287582875204
pi3bplus,fit,tinydl_revision,n1024,B0,1381,78.921054,81.487717,-2.5666630000000055,34.862,34.761094174101935,0.10090582589806729
pi3bplus,fit,tinydl_revision,n1024,B0,1382,78.812929,81.487717,-2.6747880000000066,35.4,35.218750583088585,0.18124941691141316
pi3bplus,fit,tinydl_revision,n1024,B0,1383,78.83095,81.487717,-2.656767000000002,35.4,35.218762006739304,0.18123799326069445
pi3bplus,fit,tinydl_revision,n1024,B0,1384,79.218084,81.487717,-2.269632999999999,35.4,34.761282463707,0.6387175362930009
pi3bplus,fit,tinydl_revision,n1024,B0,1385,79.445219,81.487717,-2.042498000000009,35.4,35.219151396590206,0.18084860340979247
pi3bplus,fit,tinydl_revision,n1024,B0,1386,79.384907,81.487717,-2.102810000000005,35.4,35.21911316434881,0.18088683565118657
pi3bplus,fit,tinydl_revision,n1024,B0,1387,81.121049,81.487717,-0.3666680000000042,35.4,35.220213718136364,0.17978628186363466
pi3bplus,fit,tinydl_revision,n1024,B0,1388,78.872095,81.487717,-2.615622000000002,35.4,35.21878808887175,0.1812119111282513
pi3bplus,fit,tinydl_revision,n1024,B0,1389,78.991678,81.487717,-2.4960390000000103,34.862,35.218863893456614,-0.3568638934566124
pi3bplus,fit,tinydl_revision,n1024,B0,1390,78.716625,81.487717,-2.77109200000001,34.862,34.76096458498409,0.10103541501591451
pi3bplus,fit,tinydl_revision,n1024,B0,1391,78.914853,81.487717,-2.57286400000001,34.862,35.21881519349732,-0.3568151934973187
pi3bplus,fit,tinydl_revision,n1024,B0,1392,78.837094,81.487717,-2.65062300000001,35.4,34.76104095121118,0.6389590487888199
pi3bplus,fit,tinydl_revision,n1024,B0,1393,78.850323,81.487717,-2.6373940000000005,34.862,34.76104933717618,0.10095066282381993
pi3bplus,fit,tinydl_revision,n1024,B0,1394,79.030791,81.487717,-2.45692600000001,35.4,35.21888868748861,0.18111131251139057
pi3bplus,fit,tinydl_revision,n1024,B0,1395,79.526571,81.487717,-1.9611459999999994,35.4,34.76147801599262,0.6385219840073759
pi3bplus,fit,tinydl_revision,n1024,B0,1396,79.394696,81.487717,-2.0930210000000073,34.862,34.761394419414266,0.10060558058573577
pi3bplus,fit,tinydl_revision,n1024,B0,1397,80.913547,81.487717,-0.5741700000000094,34.862,34.30463228050604,0.5573677194939606
pi3bplus,fit,tinydl_revision,n1024,B0,1398,78.85376,81.487717,-2.6339570000000094,34.862,35.21877646617401,-0.3567764661740114
pi3bplus,fit,tinydl_revision,n1024,B0,1399,78.890425,81.487717,-2.59729200000001,34.862,34.7610747581429,0.10092524185710516
pi3bplus,fit,lucid_revision,n1,B1,1400,4.223166,5.449674,-1.226508,34.862,35.1314883853467,-0.2694883853466976
pi3bplus,fit,lucid_revision,n1,B1,1401,5.449674,5.449674,0.0,34.862,35.13226587821587,-0.27026587821586645
pi3bplus,fit,lucid_revision,n1,B1,1402,3.622751,5.449674,-1.8269229999999999,34.862,34.67338282739607,0.18861717260393362
pi3bplus,fit,lucid_revision,n1,B1,1403,3.580668,5.449674,-1.8690059999999997,34.862,34.67335615065819,0.18864384934180833
pi3bplus,fit,lucid_revision,n1,B1,1404,3.541241,5.449674,-1.908433,34.862,35.13105610783623,-0.2690561078362279
pi3bplus,fit,lucid_revision,n1,B1,1405,3.611866,5.449674,-1.8378079999999999,34.324,34.67337592731072,-0.3493759273107244
pi3bplus,fit,lucid_revision,n1,B1,1406,3.575668,5.449674,-1.874006,34.862,34.215628030862625,0.6463719691373768
pi3bplus,fit,lucid_revision,n1,B1,1407,3.650616,5.449674,-1.799058,34.862,35.131125441491264,-0.26912544149126205
pi3bplus,fit,lucid_revision,n1,B1,1408,3.56921,5.449674,-1.880464,34.324,35.13107383760078,-0.8070738376007824
pi3bplus,fit,lucid_revision,n1,B1,1409,3.598376,5.449674,-1.8512979999999999,34.862,34.67336737589581,0.18863262410419424
pi3bplus,fit,lucid_revision,n1,B1,1410,3.868896,5.449674,-1.580778,35.4,34.67353886060766,0.7264611393923417
pi3bplus,fit,lucid_revision,n1,B1,1411,3.605928,5.449674,-1.8437459999999999,34.862,34.673372163166775,0.18862783683322704
pi3bplus,fit,lucid_revision,n1,B1,1412,3.602959,5.449674,-1.846715,34.862,34.673370281094805,0.1886297189051973
pi3bplus,fit,lucid_revision,n1,B1,1413,3.605043,5.449674,-1.8446309999999997,34.862,34.67337160215846,0.18862839784154062
pi3bplus,fit,lucid_revision,n1,B1,1414,3.558376,5.449674,-1.891298,34.862,34.67334201958768,0.18865798041232296
pi3bplus,fit,lucid_revision,n1,B1,1415,3.621188,5.449674,-1.8284859999999998,34.324,34.67338183659833,-0.349381836598333
pi3bplus,fit,lucid_revision,n1,B1,1416,3.552751,5.449674,-1.8969229999999997,34.324,34.67333845385685,-0.349338453856852
pi3bplus,fit,lucid_revision,n1,B1,1417,3.559365,5.449674,-1.8903089999999998,34.324,34.6733426465224,-0.3493426465224019
pi3bplus,fit,lucid_revision,n1,B1,1418,3.633949,5.449674,-1.815725,34.324,34.215664975637466,0.10833502436253184
pi3bplus,fit,lucid_revision,n1,B1,1419,3.608324,5.449674,-1.8413499999999998,35.4,34.67337368200963,0.726626317990366
pi3bplus,fit,lucid_revision,n1,B1,1420,3.67848,5.449674,-1.771194,34.324,34.2156932041814,0.10830679581859926
pi3bplus,fit,lucid_revision,n1,B1,1421,3.604262,5.449674,-1.845412,34.324,34.21564615681949,0.10835384318050956
pi3bplus,fit,lucid_revision,n1,B1,1422,3.675928,5.449674,-1.773746,34.324,34.673416536706,-0.34941653670600203
pi3bplus,fit,lucid_revision,n1,B1,1423,3.536554,5.449674,-1.9131199999999997,34.324,34.21560323619672,0.10839676380327745
pi3bplus,fit,lucid_revision,n1,B1,1424,3.659,5.449674,-1.790674,34.324,34.21568085565934,0.10831914434065482
pi3bplus,fit,lucid_revision,n1,B1,1425,3.558428,5.449674,-1.8912459999999998,34.324,34.21561710229382,0.10838289770617848
pi3bplus,fit,lucid_revision,n1,B1,1426,3.622073,5.449674,-1.827601,34.324,34.215657447349585,0.10834255265041293
pi3bplus,fit,lucid_revision,n1,B1,1427,3.558532,5.449674,-1.8911419999999999,34.324,34.67334211847728,-0.34934211847728136
pi3bplus,fit,lucid_revision,n1,B1,1428,3.588637,5.449674,-1.861037,34.324,34.21563625201162,0.10836374798837767
pi3bplus,fit,lucid_revision,n1,B1,1429,3.596918,5.449674,-1.8527559999999998,34.862,34.673366451658374,0.1886335483416275
pi3bplus,fit,lucid_revision,n1,B1,1430,3.58223,5.449674,-1.8674439999999999,34.862,34.21563219056497,0.6463678094350342
pi3bplus,fit,lucid_revision,n1,B1,1431,3.590146,5.449674,-1.859528,34.324,34.21563720857835,0.10836279142164784
pi3bplus,fit,lucid_revision,n1,B1,1432,3.635251,5.449674,-1.8144230000000001,34.324,34.2156658009853,0.1083341990146991
pi3bplus,fit,lucid_revision,n1,B1,1433,3.564001,5.449674,-1.8856729999999997,34.324,34.21562063506145,0.10837936493854983
pi3bplus,fit,lucid_revision,n1,B1,1434,3.612594,5.449674,-1.8370799999999998,34.324,34.673376388795525,-0.3493763887955268
pi3bplus,fit,lucid_revision,n1,B1,1435,3.556762,5.449674,-1.892912,34.862,34.215616046203586,0.6463839537964162
pi3bplus,fit,lucid_revision,n1,B1,1436,3.584522,5.449674,-1.8651519999999997,34.862,34.215633643481425,0.6463663565185769
pi3bplus,fit,lucid_revision,n1,B1,1437,3.616032,5.449674,-1.8336419999999998,34.862,34.21565361791315,0.646346382086854
pi3bplus,fit,lucid_revision,n1,B1,1438,3.568585,5.449674,-1.8810889999999998,34.324,34.21562354089436,0.10837645910563509
pi3bplus,fit,lucid_revision,n1,B1,1439,3.573427,5.449674,-1.8762469999999998,34.324,34.21562661027546,0.10837338972454091
pi3bplus,fit,fisvdd_revision,n16,B1,1440,5.197121,5.197121,0.0,34.324,34.733410204706594,-0.40941020470659595
pi3bplus,fit,fisvdd_revision,n16,B1,1441,5.014934,5.197121,-0.18218699999999988,34.324,34.275569764706816,0.04843023529318202
pi3bplus,fit,fisvdd_revision,n16,B1,1442,4.423113,5.197121,-0.7740080000000003,34.324,34.732919555073096,-0.40891955507309774
pi3bplus,fit,fisvdd_revision,n16,B1,1443,4.462957,5.197121,-0.7341639999999998,34.324,34.27521986223456,0.048780137765440656
pi3bplus,fit,fisvdd_revision,n16,B1,1444,4.414936,5.197121,-0.7821850000000001,34.324,34.73291437160981,-0.4089143716098107
pi3bplus,fit,fisvdd_revision,n16,B1,1445,4.493425,5.197121,-0.7036959999999999,34.862,34.73296412639152,0.1290358736084798
pi3bplus,fit,fisvdd_revision,n16,B1,1446,4.444884,5.197121,-0.752237,34.324,34.7329333558777,-0.40893335587769997
pi3bplus,fit,fisvdd_revision,n16,B1,1447,4.398478,5.197121,-0.7986430000000002,34.324,34.27517898849977,0.04882101150023033
pi3bplus,fit,fisvdd_revision,n16,B1,1448,4.532436,5.197121,-0.6646850000000004,34.324,34.27526390550787,0.04873609449212779
pi3bplus,fit,fisvdd_revision,n16,B1,1449,4.392331,5.197121,-0.8047899999999997,34.324,34.275175091869116,0.04882490813088225
pi3bplus,fit,fisvdd_revision,n16,B1,1450,4.41306,5.197121,-0.7840610000000003,34.324,34.73291318239895,-0.4089131823989547
pi3bplus,fit,fisvdd_revision,n16,B1,1451,4.455822,5.197121,-0.7412989999999997,34.324,34.732940289560155,-0.4089402895601566
pi3bplus,fit,fisvdd_revision,n16,B1,1452,4.488686,5.197121,-0.7084349999999997,34.324,34.27523617204586,0.04876382795414003
pi3bplus,fit,fisvdd_revision,n16,B1,1453,4.485769,5.197121,-0.7113519999999998,34.324,34.27523432293709,0.04876567706291013
pi3bplus,fit,fisvdd_revision,n16,B1,1454,4.477331,5.197121,-0.7197899999999997,34.324,34.73295392428094,-0.4089539242809437
pi3bplus,fit,fisvdd_revision,n16,B1,1455,4.416134,5.197121,-0.7809870000000005,34.324,34.275190180774175,0.0488098192258235
pi3bplus,fit,fisvdd_revision,n16,B1,1456,4.481759,5.197121,-0.7153619999999998,34.324,34.2752317809672,0.048768219032801596
pi3bplus,fit,fisvdd_revision,n16,B1,1457,4.472018,5.197121,-0.7251029999999998,34.324,34.27522560607226,0.048774393927736526
pi3bplus,fit,fisvdd_revision,n16,B1,1458,4.415301,5.197121,-0.7818199999999997,34.324,34.27518965272906,0.048810347270936916
pi3bplus,fit,fisvdd_revision,n16,B1,1459,4.514623,5.197121,-0.6824979999999998,34.324,34.27525261370995,0.048747386290045824
pi3bplus,fit,fisvdd_revision,n16,B1,1460,4.410561,5.197121,-0.7865599999999997,34.324,33.8174616977495,0.5065383022504975
pi3bplus,fit,fisvdd_revision,n16,B1,1461,4.384259,5.197121,-0.812862,34.324,34.27516997496614,0.04883002503385825
pi3bplus,fit,fisvdd_revision,n16,B1,1462,4.414831,5.197121,-0.7822899999999997,34.324,34.27518935479244,0.048810645207559844
pi3bplus,fit,fisvdd_revision,n16,B1,1463,4.418477,5.197121,-0.7786439999999999,34.324,34.27519166601992,0.04880833398007667
pi3bplus,fit,fisvdd_revision,n16,B1,1464,4.416758,5.197121,-0.7803630000000004,34.324,34.275190576332584,0.048809423667414364
pi3bplus,fit,fisvdd_revision,n16,B1,1465,4.436238,5.197121,-0.7608829999999998,34.324,34.27520292485464,0.048797075145358804
pi3bplus,fit,fisvdd_revision,n16,B1,1466,4.380352,5.197121,-0.8167689999999999,34.324,34.275167498288745,0.048832501711252974
pi3bplus,fit,fisvdd_revision,n16,B1,1467,4.432644,5.197121,-0.7644770000000003,34.324,34.275200646590356,0.04879935340964181
pi3bplus,fit,fisvdd_revision,n16,B1,1468,4.4403,5.197121,-0.7568210000000004,34.862,34.27520549978773,0.586794500212271
pi3bplus,fit,fisvdd_revision,n16,B1,1469,4.389414,5.197121,-0.8077069999999997,34.324,34.275173242760346,0.04882675723965235
pi3bplus,fit,fisvdd_revision,n16,B1,1470,4.440716,5.197121,-0.756405,34.324,34.27520576349333,0.04879423650666581
pi3bplus,fit,fisvdd_revision,n16,B1,1471,4.426498,5.197121,-0.7706230000000005,34.324,33.81747180033656,0.5065281996634354
pi3bplus,fit,fisvdd_revision,n16,B1,1472,4.392384,5.197121,-0.8047370000000003,34.324,34.732900075723286,-0.4089000757232881
pi3bplus,fit,fisvdd_revision,n16,B1,1473,4.497696,5.197121,-0.6994249999999997,34.324,34.27524188355426,0.048758116445739574
pi3bplus,fit,fisvdd_revision,n16,B1,1474,4.385301,5.197121,-0.81182,34.324,33.81744568524092,0.5065543147590787
pi3bplus,fit,fisvdd_revision,n16,B1,1475,4.433478,5.197121,-0.7636430000000001,34.324,33.817476225012335,0.506523774987663
pi3bplus,fit,fisvdd_revision,n16,B1,1476,4.419571,5.197121,-0.7775499999999997,34.324,33.81746740925791,0.5065325907420899
pi3bplus,fit,fisvdd_revision,n16,B1,1477,4.380144,5.197121,-0.8169770000000005,34.324,34.27516736643594,0.04883263356406076
pi3bplus,fit,fisvdd_revision,n16,B1,1478,4.460091,5.197121,-0.7370299999999999,34.324,34.275218045455084,0.048781954544914186
pi3bplus,fit,fisvdd_revision,n16,B1,1479,4.468061,5.197121,-0.7290600000000005,34.324,34.275223097699474,0.04877690230052423
pi3bplus,fit,tinydl_revision,n16,B1,1480,8.481486,21.621762,-13.140276,34.862,34.34705503599494,0.5149449640050605
pi3bplus,fit,tinydl_revision,n16,B1,1481,21.621762,21.621762,0.0,34.324,34.81310970842985,-0.4891097084298508
pi3bplus,fit,tinydl_revision,n16,B1,1482,4.243165,21.621762,-17.378597,34.324,34.34436833166464,-0.020368331664641914
pi3bplus,fit,tinydl_revision,n16,B1,1483,4.213634,21.621762,-17.408128,34.324,34.344349611736256,-0.0203496117362576
pi3bplus,fit,tinydl_revision,n16,B1,1484,4.144363,21.621762,-17.477399,34.862,34.34430570031575,0.5176942996842513
pi3bplus,fit,tinydl_revision,n16,B1,1485,4.105561,21.621762,-17.516201000000002,34.324,34.344281103429054,-0.020281103429056202
pi3bplus,fit,tinydl_revision,n16,B1,1486,4.175822,21.621762,-17.44594,34.862,34.344325642418184,0.5176743575818179
pi3bplus,fit,tinydl_revision,n16,B1,1487,4.116134,21.621762,-17.505628,34.324,34.3442878057352,-0.020287805735200948
pi3bplus,fit,tinydl_revision,n16,B1,1488,4.08728,21.621762,-17.534482,34.324,34.344269514962335,-0.020269514962336643
pi3bplus,fit,tinydl_revision,n16,B1,1489,4.126759,21.621762,-17.495003,34.324,34.344294541004544,-0.020294541004545863
pi3bplus,fit,tinydl_revision,n16,B1,1490,4.119519,21.621762,-17.502243,34.324,34.34428995151278,-0.02028995151277968
pi3bplus,fit,tinydl_revision,n16,B1,1491,4.071186,21.621762,-17.550576,34.324,34.34425931285176,-0.02025931285176341
pi3bplus,fit,tinydl_revision,n16,B1,1492,4.147123,21.621762,-17.474639,34.324,34.34430744990102,-0.020307449901018515
pi3bplus,fit,tinydl_revision,n16,B1,1493,4.104154,21.621762,-17.517608,34.324,34.34428021152092,-0.020280211520919522
pi3bplus,fit,tinydl_revision,n16,B1,1494,4.089884,21.621762,-17.531878,34.324,34.34427116565799,-0.020271165657995027
pi3bplus,fit,tinydl_revision,n16,B1,1495,4.182436,21.621762,-17.439326,34.324,34.80205478534079,-0.47805478534079526
pi3bplus,fit,tinydl_revision,n16,B1,1496,4.094519,21.621762,-17.527243,34.324,34.3442741038202,-0.02027410382019923
pi3bplus,fit,tinydl_revision,n16,B1,1497,4.179832,21.621762,-17.44193,34.324,34.802053134645135,-0.4780531346451369
pi3bplus,fit,tinydl_revision,n16,B1,1498,4.151759,21.621762,-17.470003,34.324,34.344310388697124,-0.020310388697126314
pi3bplus,fit,tinydl_revision,n16,B1,1499,4.174102,21.621762,-17.44766,34.324,34.344324552096936,-0.02032455209693751
pi3bplus,fit,tinydl_revision,n16,B1,1500,4.679258,21.621762,-16.942504,34.324,33.88691982411958,0.4370801758804177
pi3bplus,fit,tinydl_revision,n16,B1,1501,4.203634,21.621762,-17.418128,33.786,34.34434327265922,-0.5583432726592221
pi3bplus,fit,tinydl_revision,n16,B1,1502,4.097488,21.621762,-17.524274,34.862,34.34427598589217,0.5177240141078343
pi3bplus,fit,tinydl_revision,n16,B1,1503,4.135509,21.621762,-17.486253,34.324,33.886575137439905,0.4374248625600927
pi3bplus,fit,tinydl_revision,n16,B1,1504,4.561549,21.621762,-17.060213,34.324,34.3445701577348,-0.020570157734802308
pi3bplus,fit,tinydl_revision,n16,B1,1505,4.258633,21.621762,-17.363129,34.324,33.886653186691944,0.4373468133080536
pi3bplus,fit,tinydl_revision,n16,B1,1506,4.229988,21.621762,-17.391774,34.324,34.34435997866284,-0.020359978662838785
pi3bplus,fit,tinydl_revision,n16,B1,1507,4.313164,21.621762,-17.308598,34.324,34.344412704569955,-0.020412704569956475
pi3bplus,fit,tinydl_revision,n16,B1,1508,4.088738,21.621762,-17.533024,34.324,34.34427043919977,-0.020270439199769896
pi3bplus,fit,tinydl_revision,n16,B1,1509,4.130404,21.621762,-17.491357999999998,34.324,34.34429685159812,-0.020296851598125443
pi3bplus,fit,tinydl_revision,n16,B1,1510,4.146915,21.621762,-17.474847,34.324,33.88658236779116,0.43741763220883456
pi3bplus,fit,tinydl_revision,n16,B1,1511,4.093842,21.621762,-17.52792,34.324,34.344273674664684,-0.020273674664686325
pi3bplus,fit,tinydl_revision,n16,B1,1512,4.146499,21.621762,-17.475262999999998,33.786,34.34430705434261,-0.5583070543426061
pi3bplus,fit,tinydl_revision,n16,B1,1513,4.136654,21.621762,-17.485108,34.324,34.34430081352127,-0.020300813521274108
pi3bplus,fit,tinydl_revision,n16,B1,1514,4.397071,21.621762,-17.224691,33.786,34.3444658938636,-0.5584658938635982
pi3bplus,fit,tinydl_revision,n16,B1,1515,4.13978,21.621762,-17.481982000000002,33.786,33.8865778448597,-0.1005778448596999
pi3bplus,fit,tinydl_revision,n16,B1,1516,4.153842,21.621762,-17.46792,34.324,34.34431170912687,-0.0203117091268723
pi3bplus,fit,tinydl_revision,n16,B1,1517,4.143529,21.621762,-17.478233,34.324,34.34430517163673,-0.020305171636728403
pi3bplus,fit,tinydl_revision,n16,B1,1518,4.153634,21.621762,-17.468128,34.324,34.34431157727407,-0.020311577274071624
pi3bplus,fit,tinydl_revision,n16,B1,1519,4.078946,21.621762,-17.542816000000002,33.786,33.88653928171849,-0.1005392817184898
pi3bplus,fit,fisvdd_revision,n256,B2,1520,25.087738,25.980703,-0.8929649999999967,33.786,34.46212906283922,-0.676129062839216
pi3bplus,fit,fisvdd_revision,n256,B2,1521,25.980703,25.980703,0.0,34.324,34.46269512023135,-0.138695120231354
pi3bplus,fit,fisvdd_revision,n256,B2,1522,23.530346,25.980703,-2.450356999999997,34.324,34.4611418200536,-0.13714182005359987
pi3bplus,fit,fisvdd_revision,n256,B2,1523,23.596856,25.980703,-2.3838469999999994,34.862,34.46118398125493,0.40081601874506845
pi3bplus,fit,fisvdd_revision,n256,B2,1524,23.530034,25.980703,-2.4506689999999978,34.324,34.4611416222744,-0.13714162227439886
pi3bplus,fit,fisvdd_revision,n256,B2,1525,23.508992,25.980703,-2.471710999999999,34.324,34.46112828358851,-0.1371282835885097
pi3bplus,fit,fisvdd_revision,n256,B2,1526,23.865814,25.980703,-2.114888999999998,34.862,34.461354475802956,0.4006455241970457
pi3bplus,fit,fisvdd_revision,n256,B2,1527,23.577378,25.980703,-2.403324999999999,34.324,34.46117163400069,-0.1371716340006941
pi3bplus,fit,fisvdd_revision,n256,B2,1528,23.588002,25.980703,-2.392700999999999,34.324,34.91890331889319,-0.5949033188931949
pi3bplus,fit,fisvdd_revision,n256,B2,1529,23.619773,25.980703,-2.3609299999999998,34.324,34.46119850851777,-0.13719850851776982
pi3bplus,fit,fisvdd_revision,n256,B2,1530,23.649981,25.980703,-2.330721999999998,34.324,34.461217657601665,-0.13721765760166704
pi3bplus,fit,fisvdd_revision,n256,B2,1531,23.609772,25.980703,-2.370930999999999,34.324,34.461192168806825,-0.13719216880682694
pi3bplus,fit,fisvdd_revision,n256,B2,1532,23.592272,25.980703,-2.388430999999997,34.862,34.461181075422026,0.4008189245779761
pi3bplus,fit,fisvdd_revision,n256,B2,1533,23.500918,25.980703,-2.4797849999999997,34.862,34.91884811567477,-0.056848115674767996
pi3bplus,fit,fisvdd_revision,n256,B2,1534,23.625033,25.980703,-2.35567,34.862,34.461201842872285,0.40079815712771705
pi3bplus,fit,fisvdd_revision,n256,B2,1535,23.581023,25.980703,-2.39968,34.324,34.46117394459427,-0.13717394459427368
pi3bplus,fit,fisvdd_revision,n256,B2,1536,24.01998,25.980703,-1.960722999999998,34.862,34.46145220281792,0.4005477971820852
pi3bplus,fit,fisvdd_revision,n256,B2,1537,24.015344,25.980703,-1.9653589999999994,34.862,34.91917421427887,-0.057174214278866486
pi3bplus,fit,fisvdd_revision,n256,B2,1538,23.682273,25.980703,-2.2984299999999998,34.862,34.91896307800627,-0.05696307800626954
pi3bplus,fit,fisvdd_revision,n256,B2,1539,25.635079,25.980703,-0.34562399999999727,34.862,34.92020097677242,-0.058200976772418755
pi3bplus,fit,fisvdd_revision,n256,B2,1540,23.820709,25.980703,-2.1599939999999975,34.862,34.91905083365307,-0.05705083365306507
pi3bplus,fit,fisvdd_revision,n256,B2,1541,23.714303,25.980703,-2.2663999999999973,35.4,34.461258431812944,0.938741568187055
pi3bplus,fit,fisvdd_revision,n256,B2,1542,23.605761,25.980703,-2.374941999999997,34.862,34.91891457646009,-0.056914576460087574
pi3bplus,fit,fisvdd_revision,n256,B2,1543,23.569876,25.980703,-2.4108269999999976,34.862,35.37661677893921,-0.5146167789392067
pi3bplus,fit,fisvdd_revision,n256,B2,1544,23.472585,25.980703,-2.5081179999999996,34.862,34.91883015516782,-0.05683015516781609
pi3bplus,fit,fisvdd_revision,n256,B2,1545,23.60071,25.980703,-2.379992999999999,34.324,34.461186424335224,-0.13718642433522632
pi3bplus,fit,fisvdd_revision,n256,B2,1546,23.795344,25.980703,-2.1853589999999983,34.862,34.919034754584175,-0.05703475458417273
pi3bplus,fit,fisvdd_revision,n256,B2,1547,23.580241,25.980703,-2.4004619999999974,34.862,35.37662334939255,-0.5146233493925507
pi3bplus,fit,fisvdd_revision,n256,B2,1548,23.615084,25.980703,-2.365618999999999,34.862,34.91892048638161,-0.05692048638160685
pi3bplus,fit,fisvdd_revision,n256,B2,1549,23.772584,25.980703,-2.208119,34.324,34.91902032684485,-0.5950203268448533
pi3bplus,fit,fisvdd_revision,n256,B2,1550,23.771124,25.980703,-2.209578999999998,34.862,35.37674435159665,-0.5147443515966472
pi3bplus,fit,fisvdd_revision,n256,B2,1551,23.675448,25.980703,-2.305254999999999,34.324,34.918958751586196,-0.5949587515861978
pi3bplus,fit,fisvdd_revision,n256,B2,1552,23.626646,25.980703,-2.3540569999999974,34.862,34.91892781562247,-0.056927815622465516
pi3bplus,fit,fisvdd_revision,n256,B2,1553,23.598626,25.980703,-2.382076999999999,34.862,35.37663500378567,-0.5146350037856706
pi3bplus,fit,fisvdd_revision,n256,B2,1554,23.585917,25.980703,-2.394786,34.862,34.918901997195626,-0.05690199719562372
pi3bplus,fit,fisvdd_revision,n256,B2,1555,23.525501,25.980703,-2.455202,34.324,34.91886369902784,-0.5948636990278402
pi3bplus,fit,fisvdd_revision,n256,B2,1556,23.96951,25.980703,-2.0111929999999987,34.862,34.46142020949614,0.40057979050386194
pi3bplus,fit,fisvdd_revision,n256,B2,1557,23.715708,25.980703,-2.264994999999999,34.862,34.461259322453266,0.4007406775467359
pi3bplus,fit,fisvdd_revision,n256,B2,1558,23.58649,25.980703,-2.394212999999997,35.4,34.918902360424745,0.4810976395752533
pi3bplus,fit,fisvdd_revision,n256,B2,1559,23.701178,25.980703,-2.2795249999999996,34.862,34.46125011177434,0.40074988822566127
pi3bplus,fit,tinydl_revision,n16,B0,1560,4.302435,5.147223,-0.8447880000000003,34.324,34.204769708777775,0.11923029122222317
pi3bplus,fit,tinydl_revision,n16,B0,1561,4.170976,5.147223,-0.9762470000000008,34.324,34.20468637590503,0.11931362409497126
pi3bplus,fit,tinydl_revision,n16,B0,1562,4.091186,5.147223,-1.056037,33.786,34.2046357964094,-0.4186357964093972
pi3bplus,fit,tinydl_revision,n16,B0,1563,4.15457,5.147223,-0.9926530000000007,34.324,34.20467597601525,0.11932402398474551
pi3bplus,fit,tinydl_revision,n16,B0,1564,4.151445,5.147223,-0.9957780000000005,34.324,34.20467399505368,0.11932600494631629
pi3bplus,fit,tinydl_revision,n16,B0,1565,4.112279,5.147223,-1.0349440000000003,34.324,33.746924217167525,0.5770757828324733
pi3bplus,fit,tinydl_revision,n16,B0,1566,4.153737,5.147223,-0.9934860000000008,33.786,34.20467544797013,-0.4186754479701307
pi3bplus,fit,tinydl_revision,n16,B0,1567,4.138425,5.147223,-1.0087980000000005,34.324,33.74694079131833,0.5770592086816677
pi3bplus,fit,tinydl_revision,n16,B0,1568,4.112227,5.147223,-1.0349960000000005,33.248,33.746924184204325,-0.49892418420432705
pi3bplus,fit,tinydl_revision,n16,B0,1569,4.162747,5.147223,-0.9844759999999999,33.786,33.74695620922149,0.039043790778514165
pi3bplus,fit,tinydl_revision,n16,B0,1570,4.106081,5.147223,-1.0411420000000007,33.248,33.74692028820758,-0.4989202882075858
pi3bplus,fit,tinydl_revision,n16,B0,1571,4.107904,5.147223,-1.0393189999999999,33.786,33.74692144382132,0.039078556178679946
pi3bplus,fit,tinydl_revision,n16,B0,1572,4.164571,5.147223,-0.9826520000000007,33.248,33.746957365469136,-0.4989573654691384
pi3bplus,fit,tinydl_revision,n16,B0,1573,4.102175,5.147223,-1.0450480000000004,33.248,33.74691781216409,-0.4989178121640947
pi3bplus,fit,tinydl_revision,n16,B0,1574,4.159206,5.147223,-0.9880170000000001,33.248,33.289229014297256,-0.041229014297258004
pi3bplus,fit,tinydl_revision,n16,B0,1575,4.154779,5.147223,-0.9924439999999999,33.786,34.204676108501964,-0.4186761085019626
pi3bplus,fit,tinydl_revision,n16,B0,1576,4.090039,5.147223,-1.0571840000000003,33.786,33.28918516880316,0.49681483119684344
pi3bplus,fit,tinydl_revision,n16,B0,1577,4.163789,5.147223,-0.9834339999999999,33.248,33.28923191949626,-0.04123191949626204
pi3bplus,fit,tinydl_revision,n16,B0,1578,4.170195,5.147223,-0.9770280000000007,33.248,33.28923598030901,-0.04123598030901121
pi3bplus,fit,tinydl_revision,n16,B0,1579,5.147223,5.147223,0.0,33.248,33.289855325884396,-0.04185532588439855
pi3bplus,fit,tinydl_revision,n16,B0,1580,4.199154,5.147223,-0.9480690000000003,34.324,33.74697928789924,0.5770207121007616
pi3bplus,fit,tinydl_revision,n16,B0,1581,4.096914,5.147223,-1.0503090000000004,33.248,32.83146457666156,0.41653542333843774
pi3bplus,fit,tinydl_revision,n16,B0,1582,4.127799,5.147223,-1.0194239999999999,33.248,33.74693405541508,-0.4989340554150843
pi3bplus,fit,tinydl_revision,n16,B0,1583,4.162279,5.147223,-0.9849440000000005,33.248,33.28923096229563,-0.04123096229563572
pi3bplus,fit,tinydl_revision,n16,B0,1584,4.108737,5.147223,-1.0384860000000007,33.248,32.83147207135234,0.4165279286476604
pi3bplus,fit,tinydl_revision,n16,B0,1585,4.146445,5.147223,-1.0007780000000004,33.248,33.28922092500106,-0.041220925001063335
pi3bplus,fit,tinydl_revision,n16,B0,1586,4.147851,5.147223,-0.9993720000000001,33.248,33.28922181627529,-0.041221816275289314
pi3bplus,fit,tinydl_revision,n16,B0,1587,4.112643,5.147223,-1.03458,32.71,33.74692444790993,-1.0369244479099322
pi3bplus,fit,tinydl_revision,n16,B0,1588,4.147591,5.147223,-0.9996320000000001,33.248,33.289221651459286,-0.041221651459288466
pi3bplus,fit,tinydl_revision,n16,B0,1589,4.134935,5.147223,-1.0122880000000007,33.248,32.83148867846634,0.41651132153365467
pi3bplus,fit,tinydl_revision,n16,B0,1590,4.104518,5.147223,-1.0427050000000007,32.71,33.28919434715279,-0.5791943471527858
pi3bplus,fit,tinydl_revision,n16,B0,1591,4.29608,5.147223,-0.8511430000000004,33.248,33.28931577978022,-0.04131577978021994
pi3bplus,fit,tinydl_revision,n16,B0,1592,4.143008,5.147223,-1.0042150000000003,33.248,33.28921874626028,-0.04121874626028443
pi3bplus,fit,tinydl_revision,n16,B0,1593,4.106706,5.147223,-1.0405170000000004,33.248,33.289195734142844,-0.04119573414284616
pi3bplus,fit,tinydl_revision,n16,B0,1594,4.152122,5.147223,-0.995101,33.248,32.83149957343804,0.41650042656196007
pi3bplus,fit,tinydl_revision,n16,B0,1595,4.103685,5.147223,-1.0435380000000007,32.71,33.28919381910767,-0.5791938191076724
pi3bplus,fit,tinydl_revision,n16,B0,1596,4.144413,5.147223,-1.0028100000000002,32.71,33.289219636900604,-0.5792196369006035
pi3bplus,fit,tinydl_revision,n16,B0,1597,4.207591,5.147223,-0.9396320000000005,33.248,32.83153473566443,0.41646526433557085
pi3bplus,fit,tinydl_revision,n16,B0,1598,4.092591,5.147223,-1.0546320000000007,33.248,33.289186786535616,-0.04118678653561858
pi3bplus,fit,tinydl_revision,n16,B0,1599,4.158945,5.147223,-0.9882780000000002,32.71,33.28922884884735,-0.5792288488473503
pi3bplus,fit,fisvdd_revision,n512,B1,1600,46.310839,47.255784,-0.944944999999997,33.786,33.429046154551365,0.3569538454486363
pi3bplus,fit,fisvdd_revision,n512,B1,1601,47.255784,47.255784,0.0,33.248,33.42964516246592,-0.18164516246591944
pi3bplus,fit,fisvdd_revision,n512,B1,1602,44.287356,47.255784,-2.968427999999996,33.248,33.427763453090485,-0.17976345309048725
pi3bplus,fit,fisvdd_revision,n512,B1,1603,44.226419,47.255784,-3.0293649999999985,33.248,34.343174725170876,-1.095174725170878
pi3bplus,fit,fisvdd_revision,n512,B1,1604,44.226211,47.255784,-3.029572999999999,33.248,33.88544964306103,-0.6374496430610321
pi3bplus,fit,fisvdd_revision,n512,B1,1605,44.0597,47.255784,-3.196083999999999,33.786,33.427619140198416,0.35838085980158496
pi3bplus,fit,fisvdd_revision,n512,B1,1606,44.129284,47.255784,-3.1265,33.786,33.885388200289086,-0.09938820028908424
pi3bplus,fit,fisvdd_revision,n512,B1,1607,44.129491,47.255784,-3.126292999999997,33.248,34.34311328176503,-1.0951132817650304
pi3bplus,fit,fisvdd_revision,n512,B1,1608,44.119023,47.255784,-3.136761,33.248,33.42765674550509,-0.17965674550509192
pi3bplus,fit,fisvdd_revision,n512,B1,1609,44.246418,47.255784,-3.009366,33.248,33.885462452433984,-0.6374624524339865
pi3bplus,fit,fisvdd_revision,n512,B1,1610,44.157772,47.255784,-3.098011999999997,34.324,33.885406259051734,0.43859374094826364
pi3bplus,fit,fisvdd_revision,n512,B1,1611,44.172668,47.255784,-3.083115999999997,34.324,33.88541570174088,0.4385842982591157
pi3bplus,fit,fisvdd_revision,n512,B1,1612,44.198605,47.255784,-3.057178999999998,33.786,34.34315709366202,-0.5571570936620205
pi3bplus,fit,fisvdd_revision,n512,B1,1613,44.140063,47.255784,-3.1157210000000006,33.786,33.427670082923164,0.35832991707683703
pi3bplus,fit,fisvdd_revision,n512,B1,1614,44.240845,47.255784,-3.0149389999999983,33.786,34.3431838699234,-0.5571838699233993
pi3bplus,fit,fisvdd_revision,n512,B1,1615,46.633494,47.255784,-0.6222899999999996,34.324,34.344700588555426,-0.020700588555428112
pi3bplus,fit,fisvdd_revision,n512,B1,1616,44.010115,47.255784,-3.2456689999999995,33.248,34.34303760839906,-1.0950376083990605
pi3bplus,fit,fisvdd_revision,n512,B1,1617,44.074698,47.255784,-3.1810860000000005,34.324,34.34307854806025,-0.01907854806025
pi3bplus,fit,fisvdd_revision,n512,B1,1618,44.203031,47.255784,-3.0527529999999956,33.786,34.343159899337515,-0.5571598993375133
pi3bplus,fit,fisvdd_revision,n512,B1,1619,44.065376,47.255784,-3.190407999999998,33.786,33.885347688515594,-0.09934768851559284
pi3bplus,fit,fisvdd_revision,n512,B1,1620,44.02173,47.255784,-3.2340540000000004,34.324,34.34304497123703,-0.01904497123702953
pi3bplus,fit,fisvdd_revision,n512,B1,1621,44.177145,47.255784,-3.0786389999999955,34.324,34.34314349000271,-0.01914349000271187
pi3bplus,fit,fisvdd_revision,n512,B1,1622,44.032928,47.255784,-3.222856,33.786,33.88532711947844,-0.09932711947843842
pi3bplus,fit,fisvdd_revision,n512,B1,1623,44.199802,47.255784,-3.055982,33.786,34.343157852449544,-0.5571578524495422
pi3bplus,fit,fisvdd_revision,n512,B1,1624,44.237354,47.255784,-3.018429999999995,34.324,33.88545670669456,0.43854329330543607
pi3bplus,fit,fisvdd_revision,n512,B1,1625,46.540888,47.255784,-0.714895999999996,34.324,34.344641884898664,-0.020641884898665808
pi3bplus,fit,fisvdd_revision,n512,B1,1626,44.161832,47.255784,-3.0939520000000016,34.324,33.42768388245996,0.8963161175400387
pi3bplus,fit,fisvdd_revision,n512,B1,1627,44.145218,47.255784,-3.1105659999999986,34.324,34.343123251231475,-0.019123251231476956
pi3bplus,fit,fisvdd_revision,n512,B1,1628,44.22053,47.255784,-3.035254000000002,34.324,34.34317099208841,-0.01917099208841222
pi3bplus,fit,fisvdd_revision,n512,B1,1629,44.100374,47.255784,-3.1554099999999963,34.324,33.885369874017385,0.43863012598261264
pi3bplus,fit,fisvdd_revision,n512,B1,1630,44.152197,47.255784,-3.1035869999999974,34.324,34.34312767527334,-0.019127675273338696
pi3bplus,fit,fisvdd_revision,n512,B1,1631,44.210686,47.255784,-3.045097999999996,33.786,34.343164751900986,-0.5571647519009844
pi3bplus,fit,fisvdd_revision,n512,B1,1632,44.9686,47.255784,-2.2871839999999963,33.786,34.343645199423904,-0.5576451994239022
pi3bplus,fit,fisvdd_revision,n512,B1,1633,44.228811,47.255784,-3.026972999999998,33.786,34.343176241478105,-0.5571762414781034
pi3bplus,fit,fisvdd_revision,n512,B1,1634,44.165009,47.255784,-3.0907750000000007,34.324,33.88541084664178,0.43858915335821536
pi3bplus,fit,fisvdd_revision,n512,B1,1635,46.791406,47.255784,-0.4643779999999964,34.324,33.887075739931596,0.4369242600684018
pi3bplus,fit,fisvdd_revision,n512,B1,1636,44.234695,47.255784,-3.0210889999999964,34.324,33.885455021133986,0.4385449788660125
pi3bplus,fit,fisvdd_revision,n512,B1,1637,44.09907,47.255784,-3.156714000000001,34.324,34.80081894791585,-0.4768189479158522
pi3bplus,fit,fisvdd_revision,n512,B1,1638,44.171935,47.255784,-3.0838490000000007,34.324,34.34314018734358,-0.019140187343580806
pi3bplus,fit,fisvdd_revision,n512,B1,1639,44.121518,47.255784,-3.1342659999999967,34.324,33.88538327736186,0.43861672263813745
pi3bplus,fit,lucid_revision,n1024,B0,1640,713.761961,725.202203,-11.440242000000012,34.324,34.153956443951365,0.17004355604863264
pi3bplus,fit,lucid_revision,n1024,B0,1641,713.485019,725.202203,-11.717184000000088,34.862,34.6115058385413,0.25049416145870396
pi3bplus,fit,lucid_revision,n1024,B0,1642,714.375837,725.202203,-10.826366000000007,34.862,33.69662063441949,1.1653793655805131
pi3bplus,fit,lucid_revision,n1024,B0,1643,717.454149,725.202203,-7.748054000000025,34.324,34.61402190062308,-0.2900219006230813
pi3bplus,fit,lucid_revision,n1024,B0,1644,715.8045,725.202203,-9.397703000000092,34.324,34.612976175414495,-0.28897617541449705
pi3bplus,fit,lucid_revision,n1024,B0,1645,717.610888,725.202203,-7.591315000000009,34.862,35.07184620893961,-0.20984620893960937
pi3bplus,fit,lucid_revision,n1024,B0,1646,712.463706,725.202203,-12.738497000000052,34.862,34.61085842036327,0.25114157963673023
pi3bplus,fit,lucid_revision,n1024,B0,1647,719.164918,725.202203,-6.037285000000111,34.324,34.61510637027048,-0.2911063702704837
pi3bplus,fit,lucid_revision,n1024,B0,1648,713.841066,725.202203,-11.361137000000099,34.324,35.06945648973433,-0.7454564897343303
pi3bplus,fit,lucid_revision,n1024,B0,1649,718.53484,725.202203,-6.667363000000023,34.324,34.6147069589727,-0.2907069589726987
pi3bplus,fit,lucid_revision,n1024,B0,1650,712.553496,725.202203,-12.648707000000059,34.324,34.61091533893594,-0.2869153389359411
pi3bplus,fit,lucid_revision,n1024,B0,1651,719.386058,725.202203,-5.816145000000006,34.324,35.072971502877,-0.748971502877005
pi3bplus,fit,lucid_revision,n1024,B0,1652,712.456643,725.202203,-12.745560000000069,34.324,34.61085394307317,-0.2868539430731687
pi3bplus,fit,lucid_revision,n1024,B0,1653,717.699789,725.202203,-7.502414000000044,34.324,35.07190256396833,-0.7479025639683314
pi3bplus,fit,lucid_revision,n1024,B0,1654,713.540676,725.202203,-11.661527000000092,34.324,35.06926607019938,-0.745266070199385
pi3bplus,fit,lucid_revision,n1024,B0,1655,718.432934,725.202203,-6.769269000000008,34.862,35.07236731023136,-0.21036731023135502
pi3bplus,fit,lucid_revision,n1024,B0,1656,712.649298,725.202203,-12.55290500000001,34.862,34.61097606856171,0.25102393143829005
pi3bplus,fit,lucid_revision,n1024,B0,1657,718.151922,725.202203,-7.050281000000041,34.862,35.072189174559874,-0.21018917455987207
pi3bplus,fit,lucid_revision,n1024,B0,1658,715.022751,725.202203,-10.179452000000083,34.324,34.61248061870147,-0.28848061870147035
pi3bplus,fit,lucid_revision,n1024,B0,1659,718.056736,725.202203,-7.145467000000053,35.4,35.072128835421246,0.3278711645787524
pi3bplus,fit,lucid_revision,n1024,B0,1660,713.269295,725.202203,-11.932907999999998,34.324,35.06909403969299,-0.7450940396929937
pi3bplus,fit,lucid_revision,n1024,B0,1661,718.405878,725.202203,-6.796325000000024,34.862,35.072350159224534,-0.21035015922453226
pi3bplus,fit,lucid_revision,n1024,B0,1662,713.748482,725.202203,-11.453721000000087,34.862,35.06939780002354,-0.2073978000235357
pi3bplus,fit,lucid_revision,n1024,B0,1663,718.837202,725.202203,-6.365001000000007,34.862,35.07262357883069,-0.21062357883068472
pi3bplus,fit,lucid_revision,n1024,B0,1664,713.877782,725.202203,-11.32442100000003,34.324,35.527204714546606,-1.203204714546608
pi3bplus,fit,lucid_revision,n1024,B0,1665,725.202203,725.202203,0.0,35.4,34.61893345173806,0.7810665482619399
pi3bplus,fit,lucid_revision,n1024,B0,1666,713.464057,725.202203,-11.738146000000029,34.862,35.069217500825076,-0.20721750082507384
pi3bplus,fit,lucid_revision,n1024,B0,1667,719.510116,725.202203,-5.692087000000015,34.324,34.61532519394179,-0.2913251939417947
pi3bplus,fit,lucid_revision,n1024,B0,1668,712.649298,725.202203,-12.55290500000001,34.862,35.068701018818764,-0.20670101881876235
pi3bplus,fit,lucid_revision,n1024,B0,1669,717.825666,725.202203,-7.3765370000000985,35.4,35.07198235836828,0.32801764163171754
pi3bplus,fit,lucid_revision,n1024,B0,1670,712.373749,725.202203,-12.828454000000079,34.324,35.068526346185074,-0.7445263461850757
pi3bplus,fit,lucid_revision,n1024,B0,1671,717.254501,725.202203,-7.947702000000049,34.862,35.07162029247501,-0.2096202924750088
pi3bplus,fit,lucid_revision,n1024,B0,1672,715.306005,725.202203,-9.896198000000027,34.862,35.07038512585107,-0.20838512585106628
pi3bplus,fit,lucid_revision,n1024,B0,1673,718.597435,725.202203,-6.6047680000000355,34.862,35.072471588682426,-0.21047158868242377
pi3bplus,fit,lucid_revision,n1024,B0,1674,714.514992,725.202203,-10.687211000000048,35.4,35.069883696617076,0.33011630338292264
pi3bplus,fit,lucid_revision,n1024,B0,1675,717.481689,725.202203,-7.720514000000094,34.862,35.52948925895532,-0.667489258955321
pi3bplus,fit,lucid_revision,n1024,B0,1676,712.796327,725.202203,-12.405876000000035,34.862,35.068794221634455,-0.20679422163445338
pi3bplus,fit,lucid_revision,n1024,B0,1677,719.04306,725.202203,-6.1591430000000855,34.862,34.61502912354559,0.2469708764544123
pi3bplus,fit,lucid_revision,n1024,B0,1678,712.440421,725.202203,-12.76178200000004,34.862,35.06856861007946,-0.20656861007945793
pi3bplus,fit,lucid_revision,n1024,B0,1679,719.397254,725.202203,-5.804949000000079,34.862,35.07297860010765,-0.21097860010765146
pi3bplus,fit,oi_svdd_as_elm_revision,n256,B0,1680,27.33671,30.106489,-2.7697789999999998,34.324,34.202847464524424,0.12115253547557359
pi3bplus,fit,oi_svdd_as_elm_revision,n256,B0,1681,27.181658,30.106489,-2.924831000000001,34.324,34.20274917586724,0.12125082413275834
pi3bplus,fit,oi_svdd_as_elm_revision,n256,B0,1682,27.19171,30.106489,-2.9147789999999993,34.324,34.20275554790747,0.12124445209252599
pi3bplus,fit,oi_svdd_as_elm_revision,n256,B0,1683,27.825666,30.106489,-2.2808230000000016,34.324,34.660882367756386,-0.33688236775638813
pi3bplus,fit,oi_svdd_as_elm_revision,n256,B0,1684,27.272127,30.106489,-2.8343619999999987,34.324,33.74508157460619,0.5789184253938089
pi3bplus,fit,oi_svdd_as_elm_revision,n256,B0,1685,27.223741,30.106489,-2.8827479999999994,34.324,33.287325952091,1.0366740479089955
pi3bplus,fit,oi_svdd_as_elm_revision,n256,B0,1686,27.207751,30.106489,-2.8987380000000016,34.324,34.202765716420934,0.12123428357906363
pi3bplus,fit,oi_svdd_as_elm_revision,n256,B0,1687,27.29723,30.106489,-2.809259000000001,34.324,34.202822437848305,0.12117756215169351
pi3bplus,fit,oi_svdd_as_elm_revision,n256,B0,1688,27.869468,30.106489,-2.2370209999999986,34.324,33.745460233667494,0.5785397663325043
pi3bplus,fit,oi_svdd_as_elm_revision,n256,B0,1689,27.080981,30.106489,-3.0255079999999985,33.786,34.202685355941405,-0.41668535594140366
pi3bplus,fit,oi_svdd_as_elm_revision,n256,B0,1690,27.157335,30.106489,-2.949154,34.324,33.74500880707313,0.5789911929268712
pi3bplus,fit,oi_svdd_as_elm_revision,n256,B0,1691,27.646031,30.106489,-2.460457999999999,33.248,33.28759364497497,-0.0395936449749712
pi3bplus,fit,oi_svdd_as_elm_revision,n256,B0,1692,27.574573,30.106489,-2.531915999999999,33.786,33.28754834719832,0.498451652801684
pi3bplus,fit,oi_svdd_as_elm_revision,n256,B0,1693,27.18421,30.106489,-2.9222789999999996,33.786,33.74502584334265,0.040974156657348715
pi3bplus,fit,oi_svdd_as_elm_revision,n256,B0,1694,27.256605,30.106489,-2.8498839999999994,33.786,33.74507173509082,0.040928264909183554
pi3bplus,fit,oi_svdd_as_elm_revision,n256,B0,1695,27.139262,30.106489,-2.967227000000001,33.786,33.74499735045921,0.04100264954079336
pi3bplus,fit,oi_svdd_as_elm_revision,n256,B0,1696,27.226137,30.106489,-2.8803519999999985,33.786,33.28732747093386,0.4986725290661411
pi3bplus,fit,oi_svdd_as_elm_revision,n256,B0,1697,27.129939,30.106489,-2.9765499999999996,33.248,33.287266490280636,-0.03926649028063878
pi3bplus,fit,oi_svdd_as_elm_revision,n256,B0,1698,30.106489,30.106489,0.0,34.324,33.74687829851149,0.5771217014885082
pi3bplus,fit,oi_svdd_as_elm_revision,n256,B0,1699,27.13447,30.106489,-2.9720189999999995,33.248,33.7449943127735,-0.49699431277350214
pi3bplus,fit,oi_svdd_as_elm_revision,n256,B0,1700,27.174209,30.106489,-2.9322799999999987,33.786,33.28729455337465,0.4987054466253511
pi3bplus,fit,oi_svdd_as_elm_revision,n256,B0,1701,27.373063,30.106489,-2.7334260000000015,33.248,33.745145558714114,-0.4971455587141165
pi3bplus,fit,oi_svdd_as_elm_revision,n256,B0,1702,27.242282,30.106489,-2.8642070000000004,33.786,33.28733770537373,0.4986622946262713
pi3bplus,fit,oi_svdd_as_elm_revision,n256,B0,1703,27.095616,30.106489,-3.010873,33.248,33.744969682923596,-0.49696968292359855
pi3bplus,fit,oi_svdd_as_elm_revision,n256,B0,1704,27.128636,30.106489,-2.9778529999999996,33.786,33.2872656642989,0.4987343357011014
pi3bplus,fit,oi_svdd_as_elm_revision,n256,B0,1705,27.369937,30.106489,-2.7365519999999997,33.786,33.28741862686157,0.4985813731384283
pi3bplus,fit,oi_svdd_as_elm_revision,n256,B0,1706,27.206188,30.106489,-2.900300999999999,33.786,33.28731482510909,0.4986851748909089
pi3bplus,fit,oi_svdd_as_elm_revision,n256,B0,1707,27.101657,30.106489,-3.0048320000000004,33.786,33.287248562102974,0.49875143789702747
pi3bplus,fit,oi_svdd_as_elm_revision,n256,B0,1708,27.322021,30.106489,-2.7844680000000004,33.786,34.202838153054174,-0.41683815305417227
pi3bplus,fit,oi_svdd_as_elm_revision,n256,B0,1709,27.164677,30.106489,-2.9418119999999988,34.324,33.28728851096643,1.0367114890335714
pi3bplus,fit,oi_svdd_as_elm_revision,n256,B0,1710,27.187698,30.106489,-2.918790999999999,33.786,33.74502805441272,0.040971945587280345
pi3bplus,fit,oi_svdd_as_elm_revision,n256,B0,1711,27.166657,30.106489,-2.939831999999999,33.248,33.745014716360735,-0.4970147163607379
pi3bplus,fit,oi_svdd_as_elm_revision,n256,B0,1712,27.497697,30.106489,-2.608792000000001,33.786,33.74522456516679,0.040775434833214774
pi3bplus,fit,oi_svdd_as_elm_revision,n256,B0,1713,27.112595,30.106489,-2.993894000000001,33.786,33.28725549578543,0.49874450421457084
pi3bplus,fit,oi_svdd_as_elm_revision,n256,B0,1714,27.088949,30.106489,-3.0175400000000003,33.786,33.28724050640388,0.4987594935961184
pi3bplus,fit,oi_svdd_as_elm_revision,n256,B0,1715,27.286082,30.106489,-2.8204069999999994,33.248,33.28736547053113,-0.0393654705311306
pi3bplus,fit,oi_svdd_as_elm_revision,n256,B0,1716,27.246448,30.106489,-2.860040999999999,33.248,33.28734034623322,-0.039340346233224466
pi3bplus,fit,oi_svdd_as_elm_revision,n256,B0,1717,27.165302,30.106489,-2.9411869999999993,33.248,33.28728890715874,-0.03928890715874189
pi3bplus,fit,oi_svdd_as_elm_revision,n256,B0,1718,27.15551,30.106489,-2.9509790000000002,33.248,33.28728269993451,-0.03928269993451039
pi3bplus,fit,oi_svdd_as_elm_revision,n256,B0,1719,27.202385,30.106489,-2.9041040000000002,33.248,33.2873124143581,-0.03931241435810051
pi3bplus,fit,oi_svdd_as_elm_revision,n64,B0,1720,9.51147,11.192765,-1.6812950000000004,33.248,33.25899860783559,-0.01099860783559592
pi3bplus,fit,oi_svdd_as_elm_revision,n64,B0,1721,9.439543,11.192765,-1.7532219999999992,32.71,33.25895301275623,-0.548953012756229
pi3bplus,fit,oi_svdd_as_elm_revision,n64,B0,1722,9.473501,11.192765,-1.719263999999999,33.248,33.25897453899401,-0.010974538994013017
pi3bplus,fit,oi_svdd_as_elm_revision,n64,B0,1723,9.361315,11.192765,-1.8314500000000002,32.71,33.25890342342443,-0.5489034234244272
pi3bplus,fit,oi_svdd_as_elm_revision,n64,B0,1724,9.48048,11.192765,-1.7122849999999996,33.248,33.25897896303587,-0.010978963035874756
pi3bplus,fit,oi_svdd_as_elm_revision,n64,B0,1725,9.402408,11.192765,-1.7903570000000002,33.786,33.25892947259367,0.5270705274063303
pi3bplus,fit,oi_svdd_as_elm_revision,n64,B0,1726,9.708135,11.192765,-1.4846299999999992,32.71,32.801398325036985,-0.09139832503698386
pi3bplus,fit,oi_svdd_as_elm_revision,n64,B0,1727,9.524074,11.192765,-1.668690999999999,32.71,33.259006597608284,-0.5490065976082832
pi3bplus,fit,oi_svdd_as_elm_revision,n64,B0,1728,9.374908,11.192765,-1.817857,33.248,33.25891204013184,-0.010912040131842105
pi3bplus,fit,oi_svdd_as_elm_revision,n64,B0,1729,9.371315,11.192765,-1.8214500000000005,32.172,33.25890976250146,-1.0869097625014632
pi3bplus,fit,oi_svdd_as_elm_revision,n64,B0,1730,9.524335,11.192765,-1.668429999999999,33.248,33.259006763058196,-0.011006763058198032
pi3bplus,fit,oi_svdd_as_elm_revision,n64,B0,1731,9.369595,11.192765,-1.8231699999999993,32.71,32.80118372192317,-0.0911837219231657
pi3bplus,fit,oi_svdd_as_elm_revision,n64,B0,1732,9.395949,11.192765,-1.7968159999999997,33.248,33.25892537818382,-0.010925378183820555
pi3bplus,fit,oi_svdd_as_elm_revision,n64,B0,1733,9.50423,11.192765,-1.688535,33.248,32.343544117829715,0.9044558821702822
pi3bplus,fit,oi_svdd_as_elm_revision,n64,B0,1734,9.382981,11.192765,-1.8097840000000005,32.172,33.258917157668726,-1.0869171576687293
pi3bplus,fit,oi_svdd_as_elm_revision,n64,B0,1735,9.422095,11.192765,-1.770669999999999,33.248,32.80121700207758,0.44678299792241916
pi3bplus,fit,oi_svdd_as_elm_revision,n64,B0,1736,9.605063,11.192765,-1.5877020000000002,33.248,32.80133298690221,0.44666701309778745
pi3bplus,fit,oi_svdd_as_elm_revision,n64,B0,1737,9.342981,11.192765,-1.8497839999999997,32.71,32.80116685110355,-0.0911668511035515
pi3bplus,fit,oi_svdd_as_elm_revision,n64,B0,1738,9.377824,11.192765,-1.8149409999999992,33.786,33.2589138886067,0.5270861113933023
pi3bplus,fit,oi_svdd_as_elm_revision,n64,B0,1739,9.495011,11.192765,-1.6977539999999998,32.71,32.80126322409166,-0.09126322409166221
pi3bplus,fit,oi_svdd_as_elm_revision,n64,B0,1740,9.35621,11.192765,-1.8365549999999988,32.71,33.2589001873256,-0.5489001873256001
pi3bplus,fit,oi_svdd_as_elm_revision,n64,B0,1741,9.874906,11.192765,-1.3178590000000003,32.71,32.34377909220149,0.3662209077985139
pi3bplus,fit,oi_svdd_as_elm_revision,n64,B0,1742,11.192765,11.192765,0.0,32.71,32.802339443430306,-0.09233944343030487
pi3bplus,fit,oi_svdd_as_elm_revision,n64,B0,1743,9.336105,11.192765,-1.8566599999999998,33.248,32.80116249235419,0.4468375076458102
pi3bplus,fit,oi_svdd_as_elm_revision,n64,B0,1744,9.370481,11.192765,-1.8222839999999998,32.71,32.34345933330833,0.3665406666916695
pi3bplus,fit,oi_svdd_as_elm_revision,n64,B0,1745,9.475584,11.192765,-1.717181,32.71,32.80125090916671,-0.09125090916671041
pi3bplus,fit,oi_svdd_as_elm_revision,n64,B0,1746,9.48824,11.192765,-1.7045250000000003,33.248,32.8012589319026,0.44674106809739556
pi3bplus,fit,oi_svdd_as_elm_revision,n64,B0,1747,9.401262,11.192765,-1.7915030000000005,32.172,33.258928746135446,-1.0869287461354489
pi3bplus,fit,oi_svdd_as_elm_revision,n64,B0,1748,9.499803,11.192765,-1.6929619999999996,32.172,33.258991212034424,-1.0869912120344267
pi3bplus,fit,oi_svdd_as_elm_revision,n64,B0,1749,9.391209,11.192765,-1.8015559999999997,32.71,32.80119742320426,-0.09119742320425672
pi3bplus,fit,oi_svdd_as_elm_revision,n64,B0,1750,9.424074,11.192765,-1.7686910000000005,32.172,32.801218256580924,-0.629218256580927
pi3bplus,fit,oi_svdd_as_elm_revision,n64,B0,1751,9.571886,11.192765,-1.6208790000000004,32.172,32.80131195574634,-0.6293119557463456
pi3bplus,fit,oi_svdd_as_elm_revision,n64,B0,1752,9.373553,11.192765,-1.8192120000000003,33.248,32.34346128067279,0.9045387193272063
pi3bplus,fit,oi_svdd_as_elm_revision,n64,B0,1753,9.460219,11.192765,-1.7325459999999993,32.172,33.258966119431896,-1.0869661194318994
pi3bplus,fit,oi_svdd_as_elm_revision,n64,B0,1754,9.459334,11.192765,-1.7334309999999995,32.71,32.80124060816654,-0.09124060816653667
pi3bplus,fit,oi_svdd_as_elm_revision,n64,B0,1755,9.415428,11.192765,-1.7773369999999993,32.172,32.801212775814925,-0.6292127758149277
pi3bplus,fit,oi_svdd_as_elm_revision,n64,B0,1756,9.462667,11.192765,-1.730098,32.71,32.34351777072385,0.36648222927615137
pi3bplus,fit,oi_svdd_as_elm_revision,n64,B0,1757,9.515688,11.192765,-1.6770769999999988,32.172,32.80127633140124,-0.6292763314012433
pi3bplus,fit,oi_svdd_as_elm_revision,n64,B0,1758,9.366314,11.192765,-1.8264510000000005,32.172,32.80118164207199,-0.6291816420719911
pi3bplus,fit,oi_svdd_as_elm_revision,n64,B0,1759,9.507355,11.192765,-1.6854099999999992,33.248,32.34354609879129,0.9044539012087043
pi3bplus,fit,oi_svdd_as_elm_revision,n1,B2,1760,4.028733,6.300546,-2.271813,32.71,33.025772299867825,-0.31577229986782385
pi3bplus,fit,oi_svdd_as_elm_revision,n1,B2,1761,3.928838,6.300546,-2.371708,32.71,33.48343392591487,-0.7734339259148726
pi3bplus,fit,oi_svdd_as_elm_revision,n1,B2,1762,3.297642,6.300546,-3.0029039999999996,33.248,32.56758390539417,0.6804160946058246
pi3bplus,fit,oi_svdd_as_elm_revision,n1,B2,1763,3.285142,6.300546,-3.0154039999999998,32.172,33.48302588206199,-1.3110258820619904
pi3bplus,fit,oi_svdd_as_elm_revision,n1,B2,1764,3.339777,6.300546,-2.9607689999999995,32.71,33.48306051560935,-0.7730605156093517
pi3bplus,fit,oi_svdd_as_elm_revision,n1,B2,1765,3.340454,6.300546,-2.960092,33.786,33.02533599450781,0.7606640054921883
pi3bplus,fit,oi_svdd_as_elm_revision,n1,B2,1766,3.357433,6.300546,-2.943113,32.71,33.48307170788376,-0.7730717078837586
pi3bplus,fit,oi_svdd_as_elm_revision,n1,B2,1767,3.284257,6.300546,-3.0162889999999996,32.71,33.940750271310726,-1.2307502713107255
pi3bplus,fit,oi_svdd_as_elm_revision,n1,B2,1768,3.316756,6.300546,-2.98379,33.248,33.48304592242012,-0.23504592242012023
pi3bplus,fit,oi_svdd_as_elm_revision,n1,B2,1769,3.303058,6.300546,-2.9974879999999997,32.71,33.940762189409455,-1.2307621894094538
pi3bplus,fit,oi_svdd_as_elm_revision,n1,B2,1770,3.32285,6.300546,-2.977696,33.786,33.48304978545366,0.3029502145463425
pi3bplus,fit,oi_svdd_as_elm_revision,n1,B2,1771,3.30009,6.300546,-3.000456,33.248,33.94076030797139,-0.6927603079713904
pi3bplus,fit,oi_svdd_as_elm_revision,n1,B2,1772,3.322798,6.300546,-2.9777479999999996,33.248,33.48304975249046,-0.23504975249046112
pi3bplus,fit,oi_svdd_as_elm_revision,n1,B2,1773,3.397328,6.300546,-2.903218,33.786,33.48309699763158,0.30290300236842427
pi3bplus,fit,oi_svdd_as_elm_revision,n1,B2,1774,3.338475,6.300546,-2.962071,33.248,33.48305969026152,-0.2350596902615223
pi3bplus,fit,oi_svdd_as_elm_revision,n1,B2,1775,3.303528,6.300546,-2.9970179999999997,33.248,33.48303753708902,-0.23503753708902053
pi3bplus,fit,oi_svdd_as_elm_revision,n1,B2,1776,3.309569,6.300546,-2.9909769999999996,33.248,33.483041366525455,-0.23504136652545782
pi3bplus,fit,oi_svdd_as_elm_revision,n1,B2,1777,3.361288,6.300546,-2.9392579999999997,33.786,33.483074151597954,0.3029258484020474
pi3bplus,fit,oi_svdd_as_elm_revision,n1,B2,1778,3.283371,6.300546,-3.017175,34.324,33.9407497096685,0.38325029033149605
pi3bplus,fit,oi_svdd_as_elm_revision,n1,B2,1779,3.269725,6.300546,-3.0308209999999995,33.786,34.39846600962104,-0.6124660096210377
pi3bplus,fit,oi_svdd_as_elm_revision,n1,B2,1780,3.34587,6.300546,-2.9546759999999996,33.248,33.48306437800899,-0.2350643780089925
pi3bplus,fit,oi_svdd_as_elm_revision,n1,B2,1781,3.30384,6.300546,-2.9967059999999996,34.324,33.483037734868226,0.8409622651317719
pi3bplus,fit,oi_svdd_as_elm_revision,n1,B2,1782,3.34009,6.300546,-2.9604559999999998,33.786,33.94078566427952,-0.15478566427951534
pi3bplus,fit,oi_svdd_as_elm_revision,n1,B2,1783,3.2991,6.300546,-3.0014459999999996,34.324,33.94075968040276,0.3832403195972347
pi3bplus,fit,oi_svdd_as_elm_revision,n1,B2,1784,3.256184,6.300546,-3.0443619999999996,33.786,33.940732475619775,-0.15473247561977388
pi3bplus,fit,oi_svdd_as_elm_revision,n1,B2,1785,3.401547,6.300546,-2.898999,33.786,33.48309967208817,0.3029003279118285
pi3bplus,fit,oi_svdd_as_elm_revision,n1,B2,1786,3.50087,6.300546,-2.799676,34.324,33.483162633702975,0.8408373662970234
pi3bplus,fit,oi_svdd_as_elm_revision,n1,B2,1787,3.285298,6.300546,-3.0152479999999997,33.248,33.94075093120865,-0.69275093120865
pi3bplus,fit,oi_svdd_as_elm_revision,n1,B2,1788,3.390766,6.300546,-2.9097799999999996,34.324,34.39854273844333,-0.07454273844333414
pi3bplus,fit,oi_svdd_as_elm_revision,n1,B2,1789,3.297486,6.300546,-3.0030599999999996,33.248,34.39848360753278,-1.1504836075327844
pi3bplus,fit,oi_svdd_as_elm_revision,n1,B2,1790,6.300546,6.300546,0.0,34.324,33.94266232014274,0.3813376798572605
pi3bplus,fit,oi_svdd_as_elm_revision,n1,B2,1791,3.37535,6.300546,-2.9251959999999997,33.786,34.39853296612218,-0.6125329661221812
pi3bplus,fit,oi_svdd_as_elm_revision,n1,B2,1792,3.291131,6.300546,-3.0094149999999997,34.324,33.94075462879228,0.38324537120772106
pi3bplus,fit,oi_svdd_as_elm_revision,n1,B2,1793,3.344725,6.300546,-2.955821,33.786,34.39851355269877,-0.612513552698772
pi3bplus,fit,oi_svdd_as_elm_revision,n1,B2,1794,3.29686,6.300546,-3.0036859999999996,34.324,34.39848321070656,-0.0744832107065605
pi3bplus,fit,oi_svdd_as_elm_revision,n1,B2,1795,3.322381,6.300546,-2.9781649999999997,34.324,34.39849938866505,-0.07449938866505335
pi3bplus,fit,oi_svdd_as_elm_revision,n1,B2,1796,3.413787,6.300546,-2.8867589999999996,33.786,34.39855733163257,-0.6125573316325656
pi3bplus,fit,oi_svdd_as_elm_revision,n1,B2,1797,3.286288,6.300546,-3.014258,33.786,33.94075155877727,-0.15475155877727076
pi3bplus,fit,oi_svdd_as_elm_revision,n1,B2,1798,3.275506,6.300546,-3.0250399999999997,33.786,33.483019773727364,0.30298022627263776
pi3bplus,fit,oi_svdd_as_elm_revision,n1,B2,1799,3.341235,6.300546,-2.9593109999999996,33.786,34.39851134036089,-0.6125113403608893
pi3bplus,fit,fisvdd_revision,n1,B0,1800,3.27285,3.27285,0.0,33.248,33.18518055067252,0.06281944932747763
pi3bplus,fit,fisvdd_revision,n1,B0,1801,3.111861,3.27285,-0.16098899999999983,33.248,33.64280344876235,-0.39480344876235307
pi3bplus,fit,fisvdd_revision,n1,B0,1802,3.224048,3.27285,-0.048802000000000234,33.248,33.18514961470879,0.06285038529120612
pi3bplus,fit,fisvdd_revision,n1,B0,1803,3.169986,3.27285,-0.10286399999999984,32.71,33.18511534439054,-0.47511534439053804
pi3bplus,fit,fisvdd_revision,n1,B0,1804,3.116497,3.27285,-0.1563530000000002,33.248,32.727356487044354,0.5206435129556439
pi3bplus,fit,fisvdd_revision,n1,B0,1805,3.074674,3.27285,-0.19817600000000013,33.248,33.18505492537954,0.06294507462045829
pi3bplus,fit,fisvdd_revision,n1,B0,1806,3.160038,3.27285,-0.11281199999999991,33.786,33.185109038276714,0.6008909617232874
pi3bplus,fit,fisvdd_revision,n1,B0,1807,3.099465,3.27285,-0.17338500000000012,33.248,33.18507064058541,0.06292935941458921
pi3bplus,fit,fisvdd_revision,n1,B0,1808,3.082903,3.27285,-0.1899470000000001,33.248,32.727335191548974,0.5206648084510235
pi3bplus,fit,fisvdd_revision,n1,B0,1809,3.136965,3.27285,-0.13588500000000003,33.248,33.18509441212428,0.06290558787571854
pi3bplus,fit,fisvdd_revision,n1,B0,1810,3.128372,3.27285,-0.14447799999999988,33.248,33.18508896495538,0.06291103504461404
pi3bplus,fit,fisvdd_revision,n1,B0,1811,3.194256,3.27285,-0.07859399999999983,32.71,32.26968082881639,0.4403191711836101
pi3bplus,fit,fisvdd_revision,n1,B0,1812,3.109934,3.27285,-0.16291600000000006,32.172,33.18507727696515,-1.0130772769651557
pi3bplus,fit,fisvdd_revision,n1,B0,1813,3.089309,3.27285,-0.18354099999999995,32.71,32.72733925236172,-0.0173392523617224
pi3bplus,fit,fisvdd_revision,n1,B0,1814,3.200089,3.27285,-0.07276099999999985,32.71,32.72740947665708,-0.017409476657078926
pi3bplus,fit,fisvdd_revision,n1,B0,1815,3.120507,3.27285,-0.15234300000000012,32.71,33.1850839792713,-0.47508397927129664
pi3bplus,fit,fisvdd_revision,n1,B0,1816,3.09509,3.27285,-0.17776000000000014,32.71,32.72734291698215,-0.017342916982151735
pi3bplus,fit,fisvdd_revision,n1,B0,1817,3.132382,3.27285,-0.14046799999999982,32.71,32.72736655666822,-0.017366556668221733
pi3bplus,fit,fisvdd_revision,n1,B0,1818,3.121913,3.27285,-0.15093699999999988,32.172,32.72735992028848,-0.5553599202884811
pi3bplus,fit,fisvdd_revision,n1,B0,1819,3.15384,3.27285,-0.11900999999999984,32.172,32.26965520880266,-0.09765520880266365
pi3bplus,fit,fisvdd_revision,n1,B0,1820,3.107434,3.27285,-0.165416,32.71,33.185075692195895,-0.47507569219589385
pi3bplus,fit,fisvdd_revision,n1,B0,1821,3.096289,3.27285,-0.17656099999999997,33.248,32.72734367703749,0.520656322962509
pi3bplus,fit,fisvdd_revision,n1,B0,1822,3.179048,3.27285,-0.09380200000000016,32.71,32.727396138605094,-0.01739613860509337
pi3bplus,fit,fisvdd_revision,n1,B0,1823,3.119986,3.27285,-0.1528640000000001,32.71,32.26963374849128,0.44036625150872055
pi3bplus,fit,fisvdd_revision,n1,B0,1824,3.088006,3.27285,-0.184844,32.71,32.269613476122935,0.44038652387706634
pi3bplus,fit,fisvdd_revision,n1,B0,1825,3.146913,3.27285,-0.12593699999999997,32.172,32.72737576798106,-0.5553757679810616
pi3bplus,fit,fisvdd_revision,n1,B0,1826,3.108111,3.27285,-0.16473899999999997,32.71,32.727351171094355,-0.017351171094354356
pi3bplus,fit,fisvdd_revision,n1,B0,1827,3.169829,3.27285,-0.10302100000000003,32.71,32.72739029460998,-0.017390294609981538
pi3bplus,fit,fisvdd_revision,n1,B0,1828,3.229672,3.27285,-0.04317800000000016,32.172,32.269703279291605,-0.09770327929160771
pi3bplus,fit,fisvdd_revision,n1,B0,1829,3.10332,3.27285,-0.16952999999999996,32.71,32.72734813404255,-0.017348134042549646
pi3bplus,fit,fisvdd_revision,n1,B0,1830,3.187746,3.27285,-0.08510399999999985,32.71,32.26967670207725,0.4403232979227525
pi3bplus,fit,fisvdd_revision,n1,B0,1831,3.103892,3.27285,-0.16895799999999994,32.172,32.72734849663776,-0.5553484966377624
pi3bplus,fit,fisvdd_revision,n1,B0,1832,3.096392,3.27285,-0.17645800000000023,32.71,32.727343742329985,-0.01734374232998448
pi3bplus,fit,fisvdd_revision,n1,B0,1833,3.164205,3.27285,-0.1086450000000001,32.172,32.269661779256005,-0.09766177925600772
pi3bplus,fit,fisvdd_revision,n1,B0,1834,3.120559,3.27285,-0.15229099999999995,32.172,32.26963411172039,-0.09763411172039582
pi3bplus,fit,fisvdd_revision,n1,B0,1835,3.181601,3.27285,-0.09124899999999991,32.71,32.72739775697146,-0.017397756971462286
pi3bplus,fit,fisvdd_revision,n1,B0,1836,3.096757,3.27285,-0.17609299999999983,32.172,32.7273439737063,-0.5553439737063002
pi3bplus,fit,fisvdd_revision,n1,B0,1837,3.069361,3.27285,-0.20348900000000025,32.172,32.72732660717086,-0.555326607170862
pi3bplus,fit,fisvdd_revision,n1,B0,1838,3.166392,3.27285,-0.10645799999999994,32.172,32.26966316561215,-0.09766316561215405
pi3bplus,fit,fisvdd_revision,n1,B0,1839,3.110194,3.27285,-0.16265600000000013,32.172,32.26962754126705,-0.09762754126705175
pi3bplus,fit,lucid_revision,n64,B1,1840,47.414783,51.053204,-3.638421000000001,32.172,32.92154133047399,-0.7495413304739955
pi3bplus,fit,lucid_revision,n64,B1,1841,45.506459,51.053204,-5.546745000000001,32.71,33.37805657944734,-0.6680565794473381
pi3bplus,fit,lucid_revision,n64,B1,1842,44.235839,51.053204,-6.817365000000002,33.248,33.37725112364157,-0.12925112364157343
pi3bplus,fit,lucid_revision,n64,B1,1843,44.368964,51.053204,-6.684240000000003,33.786,33.37733551260455,0.40866448739544836
pi3bplus,fit,lucid_revision,n64,B1,1844,46.992858,51.053204,-4.060346000000003,32.172,33.37899881922338,-1.2069988192233865
pi3bplus,fit,lucid_revision,n64,B1,1845,44.560994,51.053204,-6.49221,33.248,33.377457241900785,-0.12945724190078778
pi3bplus,fit,lucid_revision,n64,B1,1846,47.438481,51.053204,-3.614722999999998,33.248,33.379281303075786,-0.131281303075788
pi3bplus,fit,lucid_revision,n64,B1,1847,51.053204,51.053204,0.0,34.324,33.83929765408728,0.48470234591271577
pi3bplus,fit,lucid_revision,n64,B1,1848,50.257999,51.053204,-0.7952050000000028,33.786,33.8387935675122,-0.05279356751219666
pi3bplus,fit,lucid_revision,n64,B1,1849,44.342661,51.053204,-6.710543000000001,33.248,33.835043789187296,-0.5870437891872982
pi3bplus,fit,lucid_revision,n64,B1,1850,44.250474,51.053204,-6.802730000000004,33.786,33.83498535113787,-0.04898535113786551
pi3bplus,fit,lucid_revision,n64,B1,1851,44.275213,51.053204,-6.777991,33.786,33.835001033380536,-0.04900103338053441
pi3bplus,fit,lucid_revision,n64,B1,1852,44.215318,51.053204,-6.8378859999999975,33.786,33.377238115221594,0.40876188477840714
pi3bplus,fit,lucid_revision,n64,B1,1853,44.294536,51.053204,-6.758668,33.248,33.37728833212202,-0.12928833212202306
pi3bplus,fit,lucid_revision,n64,B1,1854,44.403598,51.053204,-6.649605999999999,33.786,33.835082417621,-0.049082417621001184
pi3bplus,fit,lucid_revision,n64,B1,1855,44.165734,51.053204,-6.88747,33.786,33.8349316337991,-0.04893163379909993
pi3bplus,fit,lucid_revision,n64,B1,1856,44.166515,51.053204,-6.886689000000004,33.248,33.377207178623955,-0.12920717862395747
pi3bplus,fit,lucid_revision,n64,B1,1857,44.209432,51.053204,-6.843772000000001,33.248,33.377234384040854,-0.1292343840408563
pi3bplus,fit,lucid_revision,n64,B1,1858,44.092193,51.053204,-6.961010999999999,33.248,33.377160065335644,-0.12916006533564683
pi3bplus,fit,lucid_revision,n64,B1,1859,44.120526,51.053204,-6.932678000000003,33.786,33.377178025842596,0.40882197415740507
pi3bplus,fit,lucid_revision,n64,B1,1860,44.230889,51.053204,-6.822315000000003,33.786,33.8349729360555,-0.048972936055498906
pi3bplus,fit,lucid_revision,n64,B1,1861,44.108703,51.053204,-6.9445010000000025,33.786,33.37717053115182,0.4088294688481824
pi3bplus,fit,lucid_revision,n64,B1,1862,44.04839,51.053204,-7.004814000000003,33.786,34.292582198790626,-0.5065821987906247
pi3bplus,fit,lucid_revision,n64,B1,1863,44.198754,51.053204,-6.85445,33.786,33.3772276151744,0.4087723848256033
pi3bplus,fit,lucid_revision,n64,B1,1864,44.426565,51.053204,-6.626639000000004,33.248,33.377372026322156,-0.12937202632215872
pi3bplus,fit,lucid_revision,n64,B1,1865,44.041463,51.053204,-7.011741000000001,33.248,33.83485285745492,-0.5868528574549217
pi3bplus,fit,lucid_revision,n64,B1,1866,44.077557,51.053204,-6.975647000000002,34.324,33.3771507874625,0.9468492125375008
pi3bplus,fit,lucid_revision,n64,B1,1867,44.082921,51.053204,-6.970283000000002,33.786,34.29260408825753,-0.5066040882575251
pi3bplus,fit,lucid_revision,n64,B1,1868,44.025838,51.053204,-7.027366000000001,33.248,34.2925679029041,-1.044567902904106
pi3bplus,fit,lucid_revision,n64,B1,1869,44.249065,51.053204,-6.804138999999999,33.786,33.83498445796191,-0.048984457961907424
pi3bplus,fit,lucid_revision,n64,B1,1870,44.070889,51.053204,-6.982315,33.786,33.83487151082299,-0.04887151082299113
pi3bplus,fit,lucid_revision,n64,B1,1871,44.300888,51.053204,-6.752316,33.248,34.29274225921785,-1.0447422592178555
pi3bplus,fit,lucid_revision,n64,B1,1872,45.434893,51.053204,-5.6183109999999985,34.324,33.83573616346572,0.48826383653427996
pi3bplus,fit,lucid_revision,n64,B1,1873,44.134118,51.053204,-6.919086,33.786,34.2926365424302,-0.5066365424302006
pi3bplus,fit,lucid_revision,n64,B1,1874,44.475523,51.053204,-6.577680999999998,33.248,33.83512801143255,-0.5871280114325543
pi3bplus,fit,lucid_revision,n64,B1,1875,44.165263,51.053204,-6.887940999999998,33.786,33.834931335228575,-0.0489313352285734
pi3bplus,fit,lucid_revision,n64,B1,1876,44.127816,51.053204,-6.925387999999998,33.786,33.834907597286815,-0.0489075972868136
pi3bplus,fit,lucid_revision,n64,B1,1877,44.068389,51.053204,-6.9848149999999976,34.324,34.29259487631078,0.03140512368921833
pi3bplus,fit,lucid_revision,n64,B1,1878,44.170836,51.053204,-6.882368,33.248,34.29265981825325,-1.0446598182532512
pi3bplus,fit,lucid_revision,n64,B1,1879,44.259117,51.053204,-6.7940869999999975,33.786,34.292715780259186,-0.5067157802591851
pi3bplus,fit,fisvdd_revision,n1024,B2,1880,88.981928,88.981928,0.0,34.324,34.51973148129475,-0.19573148129475015
pi3bplus,fit,fisvdd_revision,n1024,B2,1881,87.014124,88.981928,-1.967804000000001,34.324,34.518484075180865,-0.19448407518086697
pi3bplus,fit,fisvdd_revision,n1024,B2,1882,84.687051,88.981928,-4.294877,34.324,34.05928397542334,0.2647160245766571
pi3bplus,fit,fisvdd_revision,n1024,B2,1883,85.000435,88.981928,-3.9814930000000004,34.324,34.51720758221203,-0.1932075822120325
pi3bplus,fit,fisvdd_revision,n1024,B2,1884,84.381428,88.981928,-4.600499999999997,34.324,34.51681518890643,-0.19281518890642957
pi3bplus,fit,fisvdd_revision,n1024,B2,1885,86.778447,88.981928,-2.2034809999999965,34.324,34.51833467771511,-0.19433467771511204
pi3bplus,fit,fisvdd_revision,n1024,B2,1886,84.701426,88.981928,-4.2805019999999985,34.862,34.51701803810362,0.3449819618963801
pi3bplus,fit,fisvdd_revision,n1024,B2,1887,84.331323,88.981928,-4.650604999999999,34.324,34.97450837721802,-0.6505083772180242
pi3bplus,fit,fisvdd_revision,n1024,B2,1888,86.969176,88.981928,-2.012751999999992,34.862,34.51845558229743,0.3435444177025744
pi3bplus,fit,fisvdd_revision,n1024,B2,1889,84.610749,88.981928,-4.371178999999998,34.862,34.51696055725482,0.3450394427451826
pi3bplus,fit,fisvdd_revision,n1024,B2,1890,84.360594,88.981928,-4.62133399999999,35.4,34.9745269323304,0.4254730676695999
pi3bplus,fit,fisvdd_revision,n1024,B2,1891,84.600383,88.981928,-4.381545000000003,34.862,34.51695398616757,0.3450460138324303
pi3bplus,fit,fisvdd_revision,n1024,B2,1892,84.616372,88.981928,-4.365555999999998,34.324,34.97468907197489,-0.6506890719748952
pi3bplus,fit,fisvdd_revision,n1024,B2,1893,84.505487,88.981928,-4.476440999999994,35.4,34.51689383086217,0.8831061691378252
pi3bplus,fit,fisvdd_revision,n1024,B2,1894,84.497884,88.981928,-4.484043999999997,34.862,34.97461396151896,-0.11261396151896008
pi3bplus,fit,fisvdd_revision,n1024,B2,1895,86.623914,88.981928,-2.358013999999997,34.862,34.97596166831308,-0.11396166831308108
pi3bplus,fit,fisvdd_revision,n1024,B2,1896,84.728611,88.981928,-4.253316999999996,34.324,34.97476022114159,-0.6507602211415886
pi3bplus,fit,fisvdd_revision,n1024,B2,1897,85.105797,88.981928,-3.876131000000001,34.862,34.97499932225251,-0.11299932225250586
pi3bplus,fit,fisvdd_revision,n1024,B2,1898,84.42356,88.981928,-4.5583680000000015,34.862,34.97456684696284,-0.11256684696283514
pi3bplus,fit,fisvdd_revision,n1024,B2,1899,84.324082,88.981928,-4.657845999999992,34.862,34.516778836835286,0.34522116316471596
pi3bplus,fit,fisvdd_revision,n1024,B2,1900,84.454393,88.981928,-4.527535,34.862,34.97458639223905,-0.1125863922390451
pi3bplus,fit,fisvdd_revision,n1024,B2,1901,84.362049,88.981928,-4.619878999999997,35.4,35.43225280492315,-0.03225280492315363
pi3bplus,fit,fisvdd_revision,n1024,B2,1902,84.316372,88.981928,-4.665555999999995,35.4,34.51677394940689,0.8832260505931089
pi3bplus,fit,fisvdd_revision,n1024,B2,1903,84.52986,88.981928,-4.452067999999997,35.4,34.97463423135168,0.42536576864831943
pi3bplus,fit,fisvdd_revision,n1024,B2,1904,84.42882,88.981928,-4.553107999999995,34.862,34.974570181317354,-0.11257018131735208
pi3bplus,fit,fisvdd_revision,n1024,B2,1905,86.41032,88.981928,-2.5716079999999977,35.4,35.433551219688184,-0.033551219688185085
pi3bplus,fit,fisvdd_revision,n1024,B2,1906,84.73314,88.981928,-4.2487879999999905,35.4,35.43248804236662,-0.03248804236662295
pi3bplus,fit,fisvdd_revision,n1024,B2,1907,84.705016,88.981928,-4.276911999999996,34.862,35.43247021434638,-0.5704702143463791
pi3bplus,fit,fisvdd_revision,n1024,B2,1908,84.435903,88.981928,-4.546025,35.4,34.974574671285616,0.42542532871438254
pi3bplus,fit,fisvdd_revision,n1024,B2,1909,84.52335,88.981928,-4.458578000000003,34.862,35.432355054869575,-0.570355054869573
pi3bplus,fit,fisvdd_revision,n1024,B2,1910,84.606421,88.981928,-4.375506999999999,35.4,35.43240771421639,-0.032407714216390104
pi3bplus,fit,fisvdd_revision,n1024,B2,1911,84.642879,88.981928,-4.339049000000003,35.4,35.43243082522343,-0.03243082522342888
pi3bplus,fit,fisvdd_revision,n1024,B2,1912,84.477047,88.981928,-4.5048809999999975,34.862,35.4323257030412,-0.570325703041199
pi3bplus,fit,fisvdd_revision,n1024,B2,1913,84.733451,88.981928,-4.248476999999994,35.4,35.43248823951192,-0.03248823951192037
pi3bplus,fit,fisvdd_revision,n1024,B2,1914,84.447411,88.981928,-4.534516999999994,35.4,35.432306916552506,-0.03230691655250695
pi3bplus,fit,fisvdd_revision,n1024,B2,1915,86.632973,88.981928,-2.3489549999999895,35.938,35.43369236114001,0.5043076388599914
pi3bplus,fit,fisvdd_revision,n1024,B2,1916,85.027095,88.981928,-3.9548329999999936,35.4,35.4326743827055,-0.03267438270550116
pi3bplus,fit,fisvdd_revision,n1024,B2,1917,84.657462,88.981928,-4.324466000000001,35.4,35.432440069499464,-0.032440069499465096
pi3bplus,fit,fisvdd_revision,n1024,B2,1918,84.466629,88.981928,-4.515298999999999,35.938,35.432319098990746,0.5056809010092564
pi3bplus,fit,fisvdd_revision,n1024,B2,1919,84.391421,88.981928,-4.590507000000002,35.938,35.43227142406021,0.5057285759397914
pi3bplus,fit,fisvdd_revision,n512,B2,1920,47.46243,47.482273,-0.01984300000000161,35.4,35.400312152581776,-0.00031215258177752503
pi3bplus,fit,fisvdd_revision,n512,B2,1921,47.482273,47.482273,0.0,35.4,35.40032473121233,-0.0003247312123306756
pi3bplus,fit,fisvdd_revision,n512,B2,1922,44.179841,47.482273,-3.302431999999996,35.4,35.39823129412842,0.0017687058715765147
pi3bplus,fit,fisvdd_revision,n512,B2,1923,44.491974,47.482273,-2.9902990000000003,34.862,34.94070420738448,-0.07870420738447592
pi3bplus,fit,fisvdd_revision,n512,B2,1924,44.280308,47.482273,-3.2019650000000013,35.4,35.39829498093363,0.001705019066370994
pi3bplus,fit,fisvdd_revision,n512,B2,1925,44.228433,47.482273,-3.2538399999999967,34.862,35.39826209697153,-0.5362620969715266
pi3bplus,fit,fisvdd_revision,n512,B2,1926,44.167236,47.482273,-3.3150369999999967,35.4,35.39822330372182,0.0017766962781777806
pi3bplus,fit,fisvdd_revision,n512,B2,1927,44.213954,47.482273,-3.268318999999998,35.4,35.39825291862189,0.0017470813781059746
pi3bplus,fit,fisvdd_revision,n512,B2,1928,44.461922,47.482273,-3.020350999999998,35.4,35.398410107447226,0.0015898925527721985
pi3bplus,fit,fisvdd_revision,n512,B2,1929,44.235101,47.482273,-3.247171999999999,35.4,35.39826632386809,0.0017336761319057814
pi3bplus,fit,fisvdd_revision,n512,B2,1930,44.313225,47.482273,-3.1690479999999965,34.862,34.94059089701645,-0.07859089701644706
pi3bplus,fit,fisvdd_revision,n512,B2,1931,44.204059,47.482273,-3.2782139999999984,35.4,35.39824664610517,0.0017533538948271143
pi3bplus,fit,fisvdd_revision,n512,B2,1932,44.293433,47.482273,-3.188839999999999,34.862,34.94057835071519,-0.07857835071519048
pi3bplus,fit,fisvdd_revision,n512,B2,1933,44.350515,47.482273,-3.131757999999998,34.862,34.9406145354347,-0.07861453543469565
pi3bplus,fit,fisvdd_revision,n512,B2,1934,44.335099,47.482273,-3.1471739999999997,35.4,35.39832971337059,0.001670286629405382
pi3bplus,fit,fisvdd_revision,n512,B2,1935,44.395724,47.482273,-3.086548999999998,34.862,35.3983681440251,-0.5363681440250971
pi3bplus,fit,fisvdd_revision,n512,B2,1936,44.26338,47.482273,-3.2188930000000013,35.4,34.940559299886985,0.45944070011301363
pi3bplus,fit,fisvdd_revision,n512,B2,1937,44.251818,47.482273,-3.230454999999999,34.862,34.94055197064612,-0.0785519706461173
pi3bplus,fit,fisvdd_revision,n512,B2,1938,46.291912,47.482273,-1.1903609999999958,35.4,34.941845201947864,0.458154798052135
pi3bplus,fit,fisvdd_revision,n512,B2,1939,45.927799,47.482273,-1.554473999999999,35.938,35.39933933816939,0.5386606618306118
pi3bplus,fit,fisvdd_revision,n512,B2,1940,45.24072,47.482273,-2.241552999999996,35.4,35.398903793498626,0.0010962065013728761
pi3bplus,fit,fisvdd_revision,n512,B2,1941,44.234266,47.482273,-3.248007000000001,35.4,35.855990744812225,-0.455990744812226
pi3bplus,fit,fisvdd_revision,n512,B2,1942,44.303484,47.482273,-3.178789000000002,34.862,35.39830967237856,-0.5363096723785574
pi3bplus,fit,fisvdd_revision,n512,B2,1943,44.487545,47.482273,-2.994728000000002,35.4,35.398426350064305,0.001573649935693311
pi3bplus,fit,fisvdd_revision,n512,B2,1944,44.325723,47.482273,-3.1565499999999957,35.4,35.39832376985197,0.0016762301480284236
pi3bplus,fit,fisvdd_revision,n512,B2,1945,44.283171,47.482273,-3.1991019999999963,35.4,35.39829679581138,0.0017032041886153593
pi3bplus,fit,fisvdd_revision,n512,B2,1946,44.337181,47.482273,-3.1450919999999982,35.4,35.39833103316643,0.0016689668335700958
pi3bplus,fit,fisvdd_revision,n512,B2,1947,44.383379,47.482273,-3.0988940000000014,34.862,35.3983603184345,-0.5363603184344967
pi3bplus,fit,fisvdd_revision,n512,B2,1948,46.696336,47.482273,-0.785936999999997,34.862,35.399826519693846,-0.5378265196938443
pi3bplus,fit,fisvdd_revision,n512,B2,1949,44.673065,47.482273,-2.809207999999998,35.4,35.398543952621395,0.0014560473786033867
pi3bplus,fit,fisvdd_revision,n512,B2,1950,44.283796,47.482273,-3.198476999999997,35.938,35.398297192003696,0.5397028079963064
pi3bplus,fit,fisvdd_revision,n512,B2,1951,44.228692,47.482273,-3.253580999999997,35.4,35.398262261153626,0.0017377388463728494
pi3bplus,fit,fisvdd_revision,n512,B2,1952,44.277077,47.482273,-3.205196000000001,35.4,35.39829293277784,0.001707067222156411
pi3bplus,fit,fisvdd_revision,n512,B2,1953,44.331555,47.482273,-3.1507179999999977,35.4,35.398327466801696,0.0016725331983025171
pi3bplus,fit,fisvdd_revision,n512,B2,1954,44.399003,47.482273,-3.083269999999999,35.4,34.94064527235141,0.45935472764858787
pi3bplus,fit,fisvdd_revision,n512,B2,1955,44.403482,47.482273,-3.0787910000000025,35.4,35.39837306188106,0.001626938118938881
pi3bplus,fit,fisvdd_revision,n512,B2,1956,44.265774,47.482273,-3.216498999999999,34.862,35.398285767719074,-0.5362857677190718
pi3bplus,fit,fisvdd_revision,n512,B2,1957,44.456971,47.482273,-3.0253019999999964,34.862,35.39840696897019,-0.5364069689701907
pi3bplus,fit,fisvdd_revision,n512,B2,1958,46.56644,47.482273,-0.9158329999999992,35.4,34.94201922736179,0.4579807726382086
pi3bplus,fit,fisvdd_revision,n512,B2,1959,44.493482,47.482273,-2.988790999999999,35.938,34.9407051633173,0.9972948366827055
pi3bplus,fit,oi_svdd_as_elm_revision,n1024,B2,1960,102.952674,102.952674,0.0,34.862,35.004877745263,-0.14287774526300012
pi3bplus,fit,oi_svdd_as_elm_revision,n1024,B2,1961,102.760123,102.952674,-0.1925510000000088,35.4,35.4624806359579,-0.062480635957903985
pi3bplus,fit,oi_svdd_as_elm_revision,n1024,B2,1962,97.845564,102.952674,-5.107110000000006,35.4,35.459365259150246,-0.059365259150247596
pi3bplus,fit,oi_svdd_as_elm_revision,n1024,B2,1963,97.683221,102.952674,-5.269452999999999,35.4,35.45926234867199,-0.05926234867199298
pi3bplus,fit,oi_svdd_as_elm_revision,n1024,B2,1964,97.40718,102.952674,-5.545494000000005,35.4,35.459087364155714,-0.05908736415571525
pi3bplus,fit,oi_svdd_as_elm_revision,n1024,B2,1965,97.665874,102.952674,-5.2867999999999995,35.938,35.001526402018015,0.9364735979819869
pi3bplus,fit,oi_svdd_as_elm_revision,n1024,B2,1966,97.431449,102.952674,-5.521225000000001,35.4,35.45910274846176,-0.05910274846176122
pi3bplus,fit,oi_svdd_as_elm_revision,n1024,B2,1967,97.533792,102.952674,-5.418881999999996,36.476,35.45916762447782,1.0168323755221778
pi3bplus,fit,oi_svdd_as_elm_revision,n1024,B2,1968,97.683792,102.952674,-5.268882000000005,35.4,35.45926271063329,-0.05926271063329125
pi3bplus,fit,oi_svdd_as_elm_revision,n1024,B2,1969,97.391866,102.952674,-5.560808000000009,35.938,35.45907765649314,0.47892234350685925
pi3bplus,fit,oi_svdd_as_elm_revision,n1024,B2,1970,97.729,102.952674,-5.223674000000003,35.4,35.91701631858979,-0.5170163185897891
pi3bplus,fit,oi_svdd_as_elm_revision,n1024,B2,1971,99.53123,102.952674,-3.421444000000008,35.4,35.46043381581258,-0.060433815812579894
pi3bplus,fit,oi_svdd_as_elm_revision,n1024,B2,1972,97.582542,102.952674,-5.370131999999998,35.938,35.45919852747835,0.4788014725216527
pi3bplus,fit,oi_svdd_as_elm_revision,n1024,B2,1973,97.427543,102.952674,-5.525131000000002,35.938,35.91682522267532,0.021174777324681315
pi3bplus,fit,oi_svdd_as_elm_revision,n1024,B2,1974,97.664416,102.952674,-5.288257999999999,35.4,35.91697537829469,-0.5169753782946884
pi3bplus,fit,oi_svdd_as_elm_revision,n1024,B2,1975,97.761185,102.952674,-5.191489000000004,36.476,36.37476167116627,0.1012383288337304
pi3bplus,fit,oi_svdd_as_elm_revision,n1024,B2,1976,97.514312,102.952674,-5.438361999999998,35.938,35.91688022621282,0.021119773787184215
pi3bplus,fit,oi_svdd_as_elm_revision,n1024,B2,1977,97.683372,102.952674,-5.269301999999996,35.938,35.91698739464911,0.021012605350890112
pi3bplus,fit,oi_svdd_as_elm_revision,n1024,B2,1978,97.45728,102.952674,-5.4953940000000046,36.476,36.374569023445744,0.10143097655425493
pi3bplus,fit,oi_svdd_as_elm_revision,n1024,B2,1979,97.549519,102.952674,-5.403154999999998,36.476,35.91690254420132,0.5590974557986783
pi3bplus,fit,oi_svdd_as_elm_revision,n1024,B2,1980,97.545405,102.952674,-5.407268999999999,36.476,36.37462488656208,0.10137511343791772
pi3bplus,fit,oi_svdd_as_elm_revision,n1024,B2,1981,99.327271,102.952674,-3.6254030000000057,35.938,36.37575442514545,-0.4377544251454495
pi3bplus,fit,oi_svdd_as_elm_revision,n1024,B2,1982,97.741862,102.952674,-5.210812000000004,36.476,36.37474942216772,0.10125057783228186
pi3bplus,fit,oi_svdd_as_elm_revision,n1024,B2,1983,97.965038,102.952674,-4.987635999999995,35.938,36.37489089515328,-0.43689089515327595
pi3bplus,fit,oi_svdd_as_elm_revision,n1024,B2,1984,97.380611,102.952674,-5.572063,35.938,36.37452042237605,-0.4365204223760486
pi3bplus,fit,oi_svdd_as_elm_revision,n1024,B2,1985,97.407695,102.952674,-5.544978999999998,36.476,35.91681264087523,0.5591873591247705
pi3bplus,fit,oi_svdd_as_elm_revision,n1024,B2,1986,97.455976,102.952674,-5.496697999999995,36.476,35.45911829631599,1.0168817036840068
pi3bplus,fit,oi_svdd_as_elm_revision,n1024,B2,1987,97.406236,102.952674,-5.546437999999995,36.476,36.374536666260944,0.10146333373905492
pi3bplus,fit,oi_svdd_as_elm_revision,n1024,B2,1988,97.368477,102.952674,-5.584197000000003,36.476,36.37451273053998,0.10148726946001574
pi3bplus,fit,oi_svdd_as_elm_revision,n1024,B2,1989,97.80686,102.952674,-5.145814000000001,35.938,36.374790624900605,-0.4367906249006026
pi3bplus,fit,oi_svdd_as_elm_revision,n1024,B2,1990,98.116181,102.952674,-4.836493000000004,36.476,35.9172617556082,0.5587382443917974
pi3bplus,fit,oi_svdd_as_elm_revision,n1024,B2,1991,99.976692,102.952674,-2.975982000000002,36.476,36.37616609811994,0.0998339018800607
pi3bplus,fit,oi_svdd_as_elm_revision,n1024,B2,1992,97.463841,102.952674,-5.488833,35.938,36.37457318251418,-0.43657318251418076
pi3bplus,fit,oi_svdd_as_elm_revision,n1024,B2,1993,97.367695,102.952674,-5.584979000000004,36.476,36.37451223482416,0.10148776517583968
pi3bplus,fit,oi_svdd_as_elm_revision,n1024,B2,1994,97.305454,102.952674,-5.647220000000004,35.938,36.374472779774806,-0.43647277977480314
pi3bplus,fit,oi_svdd_as_elm_revision,n1024,B2,1995,97.362276,102.952674,-5.5903980000000075,36.476,36.37450879967831,0.10149120032168923
pi3bplus,fit,oi_svdd_as_elm_revision,n1024,B2,1996,97.384881,102.952674,-5.567793000000009,36.476,36.37452312916194,0.10147687083805579
pi3bplus,fit,oi_svdd_as_elm_revision,n1024,B2,1997,97.681911,102.952674,-5.270763000000002,36.476,36.83243636902406,-0.35643636902405973
pi3bplus,fit,oi_svdd_as_elm_revision,n1024,B2,1998,97.253006,102.952674,-5.699668000000003,36.476,36.374439532583594,0.10156046741640523
pi3bplus,fit,oi_svdd_as_elm_revision,n1024,B2,1999,97.553942,102.952674,-5.398731999999995,36.476,36.37463029823214,0.10136970176785809
pi3bplus,fit,tinydl_revision,n256,B1,2000,23.596445,24.58795,-0.9915050000000001,35.4,35.76401017416557,-0.36401017416557124
pi3bplus,fit,tinydl_revision,n256,B1,2001,24.1254,24.58795,-0.46255000000000024,35.938,35.76434548281468,0.17365451718531943
pi3bplus,fit,tinydl_revision,n256,B1,2002,22.206608,24.58795,-2.381342,35.4,36.220854096042196,-0.8208540960421971
pi3bplus,fit,tinydl_revision,n256,B1,2003,22.231191,24.58795,-2.3567590000000003,35.4,35.76314472913822,-0.36314472913822016
pi3bplus,fit,tinydl_revision,n256,B1,2004,22.286972,24.58795,-2.3009780000000006,35.938,35.76318008914381,0.17481991085619342
pi3bplus,fit,tinydl_revision,n256,B1,2005,22.200306,24.58795,-2.387643999999998,35.938,35.30540020064175,0.6325997993582533
pi3bplus,fit,tinydl_revision,n256,B1,2006,22.095671,24.58795,-2.492279,35.4,35.76305882196629,-0.36305882196629113
pi3bplus,fit,tinydl_revision,n256,B1,2007,22.0914,24.58795,-2.496549999999999,35.938,34.84760621403238,1.0903937859676205
pi3bplus,fit,tinydl_revision,n256,B1,2008,22.258482,24.58795,-2.3294679999999985,35.4,35.763162029113346,-0.3631620291133473
pi3bplus,fit,tinydl_revision,n256,B1,2009,22.257493,24.58795,-2.330456999999999,35.4,35.305436451921565,0.09456354807843326
pi3bplus,fit,tinydl_revision,n256,B1,2010,22.126243,24.58795,-2.4617070000000005,35.4,35.30535325153553,0.09464674846446997
pi3bplus,fit,tinydl_revision,n256,B1,2011,22.209784,24.58795,-2.3781660000000002,35.4,34.84768125856191,0.5523187414380857
pi3bplus,fit,tinydl_revision,n256,B1,2012,22.398586,24.58795,-2.1893639999999976,35.4,35.30552589186112,0.09447410813887558
pi3bplus,fit,tinydl_revision,n256,B1,2013,23.178009,24.58795,-1.4099409999999999,34.862,34.84829502384779,0.013704976152212112
pi3bplus,fit,tinydl_revision,n256,B1,2014,22.21567,24.58795,-2.37228,35.4,35.3054099399997,0.09459006000030001
pi3bplus,fit,tinydl_revision,n256,B1,2015,22.359471,24.58795,-2.228479,35.4,35.305501096561315,0.09449890343868361
pi3bplus,fit,tinydl_revision,n256,B1,2016,22.231347,24.58795,-2.356603,34.862,35.30541987777076,-0.44341987777075786
pi3bplus,fit,tinydl_revision,n256,B1,2017,22.108534,24.58795,-2.4794160000000005,35.4,34.847617075406966,0.552382924593033
pi3bplus,fit,tinydl_revision,n256,B1,2018,22.091087,24.58795,-2.4968629999999976,34.862,34.84760601561927,0.014393984380731695
pi3bplus,fit,tinydl_revision,n256,B1,2019,22.178013,24.58795,-2.4099369999999993,35.4,34.84766111868027,0.5523388813197272
pi3bplus,fit,tinydl_revision,n256,B1,2020,22.053691,24.58795,-2.5342589999999987,35.4,35.30530726026385,0.09469273973614634
pi3bplus,fit,tinydl_revision,n256,B1,2021,22.258846,24.58795,-2.329104000000001,34.862,34.84771235934164,0.014287640658359635
pi3bplus,fit,tinydl_revision,n256,B1,2022,22.092702,24.58795,-2.495248,34.324,34.847607039380215,-0.5236070393802166
pi3bplus,fit,tinydl_revision,n256,B1,2023,22.37395,24.58795,-2.2139999999999986,34.862,34.390060374396846,0.47193962560315583
pi3bplus,fit,tinydl_revision,n256,B1,2024,24.58795,24.58795,0.0,34.862,34.84918879630867,0.012811203691335038
pi3bplus,fit,tinydl_revision,n256,B1,2025,22.077858,24.58795,-2.510092,34.862,35.30532257991131,-0.4433225799113103
pi3bplus,fit,tinydl_revision,n256,B1,2026,22.232648,24.58795,-2.3553019999999982,34.324,34.84769575222764,-0.5236957522276384
pi3bplus,fit,tinydl_revision,n256,B1,2027,22.111503,24.58795,-2.4764470000000003,34.324,35.30534390773598,-0.9813439077359831
pi3bplus,fit,tinydl_revision,n256,B1,2028,22.099836,24.58795,-2.4881139999999995,34.324,34.847611561677766,-0.5236115616777681
pi3bplus,fit,tinydl_revision,n256,B1,2029,22.103586,24.58795,-2.4843639999999994,34.862,34.84761393883165,0.014386061168352171
pi3bplus,fit,tinydl_revision,n256,B1,2030,22.240304,24.58795,-2.347646000000001,34.862,34.84770060542501,0.014299394574990743
pi3bplus,fit,tinydl_revision,n256,B1,2031,22.127336,24.58795,-2.4606139999999996,34.862,34.847628994139605,0.01437100586039719
pi3bplus,fit,tinydl_revision,n256,B1,2032,22.102336,24.58795,-2.485613999999998,34.862,34.847613146447024,0.014386853552977641
pi3bplus,fit,tinydl_revision,n256,B1,2033,22.069785,24.58795,-2.5181649999999998,34.862,34.84759251211738,0.014407487882621695
pi3bplus,fit,tinydl_revision,n256,B1,2034,22.24645,24.58795,-2.3415,34.324,34.38997955116469,-0.06597955116469478
pi3bplus,fit,tinydl_revision,n256,B1,2035,22.474522,24.58795,-2.113427999999999,34.862,34.84784907801943,0.014150921980572662
pi3bplus,fit,tinydl_revision,n256,B1,2036,22.235148,24.58795,-2.3528020000000005,34.324,34.389972386739835,-0.06597238673983696
pi3bplus,fit,tinydl_revision,n256,B1,2037,22.102961,24.58795,-2.484988999999999,34.862,34.84761354263934,0.014386457360664906
pi3bplus,fit,tinydl_revision,n256,B1,2038,22.240929,24.58795,-2.347020999999998,34.862,34.847701001617324,0.014298998382678008
pi3bplus,fit,tinydl_revision,n256,B1,2039,22.17447,24.58795,-2.41348,34.324,34.847658872745285,-0.5236588727452869
pi3bplus,fit,fisvdd_revision,n1,B1,2040,3.947271,3.947271,0.0,35.4,34.69841911670717,0.7015808832928272
pi3bplus,fit,fisvdd_revision,n1,B1,2041,3.735606,3.947271,-0.211665,34.862,34.69828494063319,0.1637150593668153
pi3bplus,fit,fisvdd_revision,n1,B1,2042,3.066964,3.947271,-0.8803070000000002,34.324,34.24013613306168,0.08386386693831582
pi3bplus,fit,fisvdd_revision,n1,B1,2043,3.183682,3.947271,-0.7635890000000001,34.324,34.24021012150098,0.08378987849901876
pi3bplus,fit,fisvdd_revision,n1,B1,2044,3.116078,3.947271,-0.8311930000000003,34.324,34.69789221706167,-0.3738922170616732
pi3bplus,fit,fisvdd_revision,n1,B1,2045,3.089828,3.947271,-0.8574430000000004,34.862,34.697875576984465,0.16412442301553654
pi3bplus,fit,fisvdd_revision,n1,B1,2046,3.158838,3.947271,-0.7884330000000004,34.324,34.69791932295506,-0.3739193229550608
pi3bplus,fit,fisvdd_revision,n1,B1,2047,3.118005,3.947271,-0.8292660000000001,34.862,34.24016848834476,0.6218315116552446
pi3bplus,fit,fisvdd_revision,n1,B1,2048,3.181547,3.947271,-0.7657240000000001,33.786,34.24020876810803,-0.4542087681080318
pi3bplus,fit,fisvdd_revision,n1,B1,2049,3.125609,3.947271,-0.8216620000000003,34.862,34.69789825883599,0.16410174116401066
pi3bplus,fit,fisvdd_revision,n1,B1,2050,3.099255,3.947271,-0.8480160000000003,34.324,34.697881552832385,-0.3738815528323869
pi3bplus,fit,fisvdd_revision,n1,B1,2051,3.174567,3.947271,-0.7727040000000001,33.786,34.24020434343226,-0.45420434343225935
pi3bplus,fit,fisvdd_revision,n1,B1,2052,3.118995,3.947271,-0.8282760000000002,34.324,34.24016911591338,0.08383088408661621
pi3bplus,fit,fisvdd_revision,n1,B1,2053,3.097432,3.947271,-0.8498390000000002,34.324,34.69788039721864,-0.37388039721864175
pi3bplus,fit,fisvdd_revision,n1,B1,2054,3.214515,3.947271,-0.7327560000000002,34.324,34.24022966677719,0.0837703332228088
pi3bplus,fit,fisvdd_revision,n1,B1,2055,3.109307,3.947271,-0.8379640000000004,34.324,34.69788792487262,-0.37388792487261924
pi3bplus,fit,fisvdd_revision,n1,B1,2056,3.142744,3.947271,-0.8045270000000002,34.324,34.240184170587426,0.08381582941257193
pi3bplus,fit,fisvdd_revision,n1,B1,2057,3.173474,3.947271,-0.7737970000000001,33.786,34.24020365057115,-0.4542036505711451
pi3bplus,fit,fisvdd_revision,n1,B1,2058,3.133942,3.947271,-0.8133290000000004,34.324,34.24017859093182,0.08382140906817881
pi3bplus,fit,fisvdd_revision,n1,B1,2059,3.202223,3.947271,-0.7450480000000002,33.786,33.782496924526654,0.0035030754733469394
pi3bplus,fit,fisvdd_revision,n1,B1,2060,3.108265,3.947271,-0.8390060000000004,34.324,34.240162314083726,0.08383768591627216
pi3bplus,fit,fisvdd_revision,n1,B1,2061,3.086859,3.947271,-0.8604120000000002,34.324,34.240148744655436,0.0838512553445625
pi3bplus,fit,fisvdd_revision,n1,B1,2062,3.154827,3.947271,-0.7924440000000001,34.324,34.240191830094204,0.08380816990579376
pi3bplus,fit,fisvdd_revision,n1,B1,2063,3.107431,3.947271,-0.8398400000000001,33.786,34.2401617854047,-0.4541617854047004
pi3bplus,fit,fisvdd_revision,n1,B1,2064,3.119932,3.947271,-0.8273390000000003,33.786,34.2401697098849,-0.45416970988490135
pi3bplus,fit,fisvdd_revision,n1,B1,2065,3.127016,3.947271,-0.8202550000000004,33.786,34.24017420048707,-0.454174200487067
pi3bplus,fit,fisvdd_revision,n1,B1,2066,3.098057,3.947271,-0.8492140000000004,33.248,34.24015584315389,-0.9921558431538955
pi3bplus,fit,fisvdd_revision,n1,B1,2067,3.148578,3.947271,-0.7986930000000001,34.324,34.240187868804966,0.08381213119503172
pi3bplus,fit,fisvdd_revision,n1,B1,2068,3.098786,3.947271,-0.8484850000000002,34.324,34.24015630527261,0.08384369472738484
pi3bplus,fit,fisvdd_revision,n1,B1,2069,3.087953,3.947271,-0.859318,34.324,34.24014943815046,0.08385056184953754
pi3bplus,fit,fisvdd_revision,n1,B1,2070,3.260347,3.947271,-0.6869240000000003,34.324,34.24025872003504,0.08374127996496128
pi3bplus,fit,fisvdd_revision,n1,B1,2071,3.100505,3.947271,-0.8467660000000001,34.324,33.782432444702906,0.5415675552970924
pi3bplus,fit,fisvdd_revision,n1,B1,2072,3.102068,3.947271,-0.8452030000000001,33.248,34.240158385757695,-0.9921583857576977
pi3bplus,fit,fisvdd_revision,n1,B1,2073,3.182224,3.947271,-0.765047,33.786,34.240209197263546,-0.4542091972635447
pi3bplus,fit,fisvdd_revision,n1,B1,2074,3.208681,3.947271,-0.7385900000000003,34.324,34.24022596855965,0.083774031440349
pi3bplus,fit,fisvdd_revision,n1,B1,2075,3.250035,3.947271,-0.6972360000000002,34.324,34.240252183178804,0.08374781682119448
pi3bplus,fit,fisvdd_revision,n1,B1,2076,3.104724,3.947271,-0.8425470000000002,33.786,33.78243511915951,0.00356488084049289
pi3bplus,fit,fisvdd_revision,n1,B1,2077,3.097589,3.947271,-0.849682,34.324,34.24015554648509,0.08384445351490655
pi3bplus,fit,fisvdd_revision,n1,B1,2078,3.156754,3.947271,-0.7905170000000004,34.324,34.24019305163435,0.08380694836564828
pi3bplus,fit,fisvdd_revision,n1,B1,2079,3.096703,3.947271,-0.850568,33.786,34.24015498484287,-0.45415498484286587
pi3bplus,fit,lucid_revision,n256,B1,2080,179.263498,179.263498,0.0,34.324,34.39539549656172,-0.0713954965617205
pi3bplus,fit,lucid_revision,n256,B1,2081,164.688311,179.263498,-14.575187,34.324,34.38615617324764,-0.062156173247643665
pi3bplus,fit,lucid_revision,n256,B1,2082,164.093783,179.263498,-15.169714999999997,34.862,34.38577929736871,0.476220702631295
pi3bplus,fit,lucid_revision,n256,B1,2083,164.203417,179.263498,-15.060080999999997,34.324,34.38584879520583,-0.061848795205833085
pi3bplus,fit,lucid_revision,n256,B1,2084,164.32373,179.263498,-14.939767999999987,34.862,34.84365001280038,0.018349987199620443
pi3bplus,fit,lucid_revision,n256,B1,2085,167.141319,179.263498,-12.122178999999988,34.862,34.845436104171775,0.01656389582822726
pi3bplus,fit,lucid_revision,n256,B1,2086,164.191385,179.263498,-15.072113000000002,34.324,34.84356611828541,-0.519566118285411
pi3bplus,fit,lucid_revision,n256,B1,2087,164.576277,179.263498,-14.687220999999994,34.862,34.84381010428908,0.018189895710918336
pi3bplus,fit,lucid_revision,n256,B1,2088,163.972217,179.263498,-15.291280999999998,34.862,34.843427186001925,0.018572813998076754
pi3bplus,fit,lucid_revision,n256,B1,2089,163.896697,179.263498,-15.36680100000001,34.862,34.84337931329218,0.0186206867078198
pi3bplus,fit,lucid_revision,n256,B1,2090,164.532423,179.263498,-14.731075000000004,35.938,35.301507255157716,0.6364927448422861
pi3bplus,fit,lucid_revision,n256,B1,2091,165.287939,179.263498,-13.975559000000004,35.4,35.30198618256996,0.09801381743003645
pi3bplus,fit,lucid_revision,n256,B1,2092,164.085341,179.263498,-15.178156999999999,34.862,35.30122384643398,-0.4392238464339755
pi3bplus,fit,lucid_revision,n256,B1,2093,164.480232,179.263498,-14.783265999999998,35.4,35.30147417088078,0.09852582911921814
pi3bplus,fit,lucid_revision,n256,B1,2094,164.12664,179.263498,-15.13685799999999,35.4,34.84352507593117,0.55647492406883
pi3bplus,fit,lucid_revision,n256,B1,2095,163.99737,179.263498,-15.266128000000009,35.4,34.84344313068238,0.5565568693176175
pi3bplus,fit,lucid_revision,n256,B1,2096,164.304244,179.263498,-14.959253999999987,34.862,35.30136261073192,-0.4393626107319193
pi3bplus,fit,lucid_revision,n256,B1,2097,164.32492,179.263498,-14.938578000000007,34.862,34.84365076715054,0.01834923284945944
pi3bplus,fit,lucid_revision,n256,B1,2098,164.236378,179.263498,-15.027119999999996,35.4,35.30131958995174,0.09868041004826011
pi3bplus,fit,lucid_revision,n256,B1,2099,164.631374,179.263498,-14.632124000000005,35.938,35.30156998095885,0.6364300190411498
pi3bplus,fit,lucid_revision,n256,B1,2100,164.393979,179.263498,-14.869518999999997,35.4,35.30141949443966,0.09858050556033504
pi3bplus,fit,lucid_revision,n256,B1,2101,164.018825,179.263498,-15.244673000000006,35.938,34.843456731172154,1.0945432688278487
pi3bplus,fit,lucid_revision,n256,B1,2102,164.224345,179.263498,-15.039152999999999,35.4,34.38586206162624,1.0141379383737572
pi3bplus,fit,lucid_revision,n256,B1,2103,164.329293,179.263498,-14.934204999999992,35.4,35.30137848948598,0.09862151051402179
pi3bplus,fit,lucid_revision,n256,B1,2104,163.992366,179.263498,-15.271131999999994,35.4,35.30116490886528,0.09883509113471689
pi3bplus,fit,lucid_revision,n256,B1,2105,164.583298,179.263498,-14.680199999999985,35.938,35.75926445546917,0.17873554453083074
pi3bplus,fit,lucid_revision,n256,B1,2106,164.094029,179.263498,-15.169468999999992,35.4,35.301229353824105,0.09877064617589326
pi3bplus,fit,lucid_revision,n256,B1,2107,163.83924,179.263498,-15.424258000000009,35.4,35.301067841114325,0.09893215888567397
pi3bplus,fit,lucid_revision,n256,B1,2108,164.480278,179.263498,-14.78322,35.4,35.30147420004054,0.09852579995946087
pi3bplus,fit,lucid_revision,n256,B1,2109,164.16054,179.263498,-15.102958000000001,35.4,35.301271515659344,0.09872848434065418
pi3bplus,fit,lucid_revision,n256,B1,2110,164.07106,179.263498,-15.19243800000001,35.4,35.30121479359807,0.0987852064019279
pi3bplus,fit,lucid_revision,n256,B1,2111,164.806939,179.263498,-14.456558999999999,35.4,35.30168127296475,0.0983187270352488
pi3bplus,fit,lucid_revision,n256,B1,2112,164.259286,179.263498,-15.004211999999995,35.938,35.759059061766465,0.17894093823353785
pi3bplus,fit,lucid_revision,n256,B1,2113,164.263817,179.263498,-14.99968100000001,35.4,35.30133698374521,0.09866301625478968
pi3bplus,fit,lucid_revision,n256,B1,2114,164.292203,179.263498,-14.971294999999998,35.938,35.301354977849265,0.6366450221507378
pi3bplus,fit,lucid_revision,n256,B1,2115,164.066787,179.263498,-15.196710999999993,35.938,35.30121208491045,0.636787915089549
pi3bplus,fit,lucid_revision,n256,B1,2116,164.01314,179.263498,-15.250358000000006,35.4,35.301178077663906,0.09882192233609288
pi3bplus,fit,lucid_revision,n256,B1,2117,164.09845,179.263498,-15.165047999999985,35.938,35.30123215633006,0.6367678436699435
pi3bplus,fit,lucid_revision,n256,B1,2118,164.07319,179.263498,-15.190307999999987,35.938,35.75894109407854,0.17905890592146534
pi3bplus,fit,lucid_revision,n256,B1,2119,164.134492,179.263498,-15.129006000000004,35.4,35.758979953888556,-0.3589799538885572
pi3bplus,fit,lucid_revision,n256,B2,2120,167.962385,167.962385,0.0,35.4,35.44331772908745,-0.04331772908744824
pi3bplus,fit,lucid_revision,n256,B2,2121,163.990635,167.962385,-3.9717500000000143,35.938,35.44080000616748,0.497199993832524
pi3bplus,fit,lucid_revision,n256,B2,2122,166.704735,167.962385,-1.2576500000000124,35.4,35.442520495064585,-0.04252049506458633
pi3bplus,fit,lucid_revision,n256,B2,2123,164.007406,167.962385,-3.9549790000000087,36.476,35.898535587690624,0.5774644123093751
pi3bplus,fit,lucid_revision,n256,B2,2124,163.720426,167.962385,-4.2419590000000085,35.938,35.44062871860092,0.49737128139908293
pi3bplus,fit,lucid_revision,n256,B2,2125,164.027611,167.962385,-3.9347740000000044,35.938,35.898548395795764,0.03945160420423832
pi3bplus,fit,lucid_revision,n256,B2,2126,164.300839,167.962385,-3.6615460000000155,36.476,36.35644654738673,0.11955345261326755
pi3bplus,fit,lucid_revision,n256,B2,2127,163.95407,167.962385,-4.00831500000001,35.4,35.89850177758937,-0.4985017775893681
pi3bplus,fit,lucid_revision,n256,B2,2128,163.839278,167.962385,-4.1231070000000045,35.938,35.898429010056304,0.03957098994369801
pi3bplus,fit,lucid_revision,n256,B2,2129,163.993757,167.962385,-3.968628000000024,36.476,36.356251885741436,0.11974811425856302
pi3bplus,fit,lucid_revision,n256,B2,2130,163.796516,167.962385,-4.165869000000015,35.938,35.8984019028951,0.03959809710489992
pi3bplus,fit,lucid_revision,n256,B2,2131,164.015003,167.962385,-3.9473820000000046,36.476,36.3562653537445,0.11973464625550179
pi3bplus,fit,lucid_revision,n256,B2,2132,164.161825,167.962385,-3.8005600000000186,36.476,36.356358425341284,0.11964157465871494
pi3bplus,fit,lucid_revision,n256,B2,2133,163.916515,167.962385,-4.045870000000008,36.476,36.35620292144263,0.11979707855736876
pi3bplus,fit,lucid_revision,n256,B2,2134,164.004118,167.962385,-3.9582670000000064,36.476,36.356258453659144,0.11974154634085465
pi3bplus,fit,lucid_revision,n256,B2,2135,164.126722,167.962385,-3.835663000000011,36.476,35.89861122302213,0.5773887769778696
pi3bplus,fit,lucid_revision,n256,B2,2136,163.845524,167.962385,-4.116861,36.476,36.81388286995792,-0.33788286995792305
pi3bplus,fit,lucid_revision,n256,B2,2137,163.992344,167.962385,-3.970041000000009,36.476,36.35625099002985,0.1197490099701497
pi3bplus,fit,lucid_revision,n256,B2,2138,164.194791,167.962385,-3.7675940000000026,37.014,36.356379322742626,0.6576206772573769
pi3bplus,fit,lucid_revision,n256,B2,2139,163.751408,167.962385,-4.210977000000014,36.476,36.81382320910053,-0.3378232091005344
pi3bplus,fit,lucid_revision,n256,B2,2140,164.113854,167.962385,-3.8485310000000084,36.476,36.356328016154855,0.11967198384514433
pi3bplus,fit,lucid_revision,n256,B2,2141,163.828491,167.962385,-4.133893999999998,36.476,36.35614712235097,0.11985287764903063
pi3bplus,fit,lucid_revision,n256,B2,2142,163.863385,167.962385,-4.099000000000018,36.476,37.271619142440464,-0.795619142440465
pi3bplus,fit,lucid_revision,n256,B2,2143,163.963487,167.962385,-3.9988980000000254,37.014,36.81395764761231,0.20004235238769041
pi3bplus,fit,lucid_revision,n256,B2,2144,164.097966,167.962385,-3.864418999999998,36.476,36.35631794462927,0.11968205537073118
pi3bplus,fit,lucid_revision,n256,B2,2145,163.753332,167.962385,-4.2090530000000115,37.014,36.813824428738954,0.2001755712610489
pi3bplus,fit,lucid_revision,n256,B2,2146,163.838384,167.962385,-4.124001000000021,37.014,36.356153393599875,0.6578466064001276
pi3bplus,fit,lucid_revision,n256,B2,2147,163.759686,167.962385,-4.202699000000024,37.014,36.35610350633145,0.6578964936685523
pi3bplus,fit,lucid_revision,n256,B2,2148,163.993589,167.962385,-3.968796000000026,37.014,36.35625177924494,0.6577482207550602
pi3bplus,fit,lucid_revision,n256,B2,2149,163.879005,167.962385,-4.083380000000005,36.476,37.271629044078786,-0.7956290440787868
pi3bplus,fit,lucid_revision,n256,B2,2150,164.146764,167.962385,-3.8156210000000215,37.552,36.81407382831442,0.7379261716855794
pi3bplus,fit,lucid_revision,n256,B2,2151,164.03416,167.962385,-3.9282249999999976,37.014,36.814002447771415,0.19999755222858795
pi3bplus,fit,lucid_revision,n256,B2,2152,164.21192,167.962385,-3.7504650000000197,37.552,36.81411513120473,0.7378848687952697
pi3bplus,fit,lucid_revision,n256,B2,2153,163.927703,167.962385,-4.034682000000004,37.014,36.81393496385906,0.2000650361409413
pi3bplus,fit,lucid_revision,n256,B2,2154,163.747546,167.962385,-4.214839000000012,37.014,36.35609581069193,0.6579041893080699
pi3bplus,fit,lucid_revision,n256,B2,2155,164.032595,167.962385,-3.9297900000000254,37.552,36.35627650544881,1.1957234945511885
pi3bplus,fit,lucid_revision,n256,B2,2156,164.460509,167.962385,-3.50187600000001,36.476,37.27199766394379,-0.795997663943794
pi3bplus,fit,lucid_revision,n256,B2,2157,164.077595,167.962385,-3.8847900000000095,37.014,37.271754931809554,-0.25775493180955067
pi3bplus,fit,lucid_revision,n256,B2,2158,163.922387,167.962385,-4.0399980000000255,37.014,37.27165654426276,-0.2576565442627583
pi3bplus,fit,lucid_revision,n256,B2,2159,164.686966,167.962385,-3.2754189999999994,37.014,37.272141216780525,-0.2581412167805226
pi3bplus,fit,tinydl_revision,n1,B2,2160,3.517324,3.521075,-0.003751000000000282,36.476,36.28024541263148,0.19575458736851914
pi3bplus,fit,tinydl_revision,n1,B2,2161,3.521075,3.521075,0.0,36.476,36.280247790419274,0.19575220958072492
pi3bplus,fit,tinydl_revision,n1,B2,2162,2.854776,3.521075,-0.666299,36.476,36.279825418350576,0.19617458164942292
pi3bplus,fit,tinydl_revision,n1,B2,2163,2.958995,3.521075,-0.5620800000000004,36.476,35.82216653332045,0.6538334666795507
pi3bplus,fit,tinydl_revision,n1,B2,2164,2.894828,3.521075,-0.6262470000000002,36.476,36.279850807621905,0.19614919237809403
pi3bplus,fit,tinydl_revision,n1,B2,2165,2.875245,3.521075,-0.6458300000000001,35.4,36.27983839380735,-0.8798383938073542
pi3bplus,fit,tinydl_revision,n1,B2,2166,2.953838,3.521075,-0.567237,36.476,36.279888214515466,0.19611178548453267
pi3bplus,fit,tinydl_revision,n1,B2,2167,2.879828,3.521075,-0.6412470000000003,36.476,35.82211634874931,0.6538836512506876
pi3bplus,fit,tinydl_revision,n1,B2,2168,2.958109,3.521075,-0.5629660000000003,36.476,36.27989092193527,0.19610907806472966
pi3bplus,fit,tinydl_revision,n1,B2,2169,2.983161,3.521075,-0.5379140000000002,36.476,35.822181852334005,0.6538181476659943
pi3bplus,fit,tinydl_revision,n1,B2,2170,2.862797,3.521075,-0.6582780000000001,35.4,35.36438060241016,0.03561939758984067
pi3bplus,fit,tinydl_revision,n1,B2,2171,3.0654,3.521075,-0.4556750000000003,35.938,35.8222339842696,0.1157660157304008
pi3bplus,fit,tinydl_revision,n1,B2,2172,2.886651,3.521075,-0.6344240000000001,35.4,36.27984562415862,-0.8798456241586194
pi3bplus,fit,tinydl_revision,n1,B2,2173,2.910401,3.521075,-0.6106740000000004,35.938,35.36441077895246,0.5735892210475413
pi3bplus,fit,tinydl_revision,n1,B2,2174,2.927223,3.521075,-0.593852,36.476,36.27987134306195,0.19612865693805048
pi3bplus,fit,tinydl_revision,n1,B2,2175,2.88389,3.521075,-0.6371850000000001,35.938,35.8221189236824,0.11588107631759925
pi3bplus,fit,tinydl_revision,n1,B2,2176,2.949254,3.521075,-0.5718210000000004,35.938,35.364435408168454,0.5735645918315484
pi3bplus,fit,tinydl_revision,n1,B2,2177,2.880349,3.521075,-0.6407260000000004,35.4,35.364391728758164,0.03560827124183419
pi3bplus,fit,tinydl_revision,n1,B2,2178,2.86087,3.521075,-0.6602050000000004,35.4,35.82210433112708,-0.42210433112708046
pi3bplus,fit,tinydl_revision,n1,B2,2179,3.036442,3.521075,-0.4846330000000001,35.938,35.82221562757033,0.11578437242967254
pi3bplus,fit,tinydl_revision,n1,B2,2180,2.883995,3.521075,-0.6370800000000001,35.4,35.364394039985655,0.03560596001434391
pi3bplus,fit,tinydl_revision,n1,B2,2181,2.866286,3.521075,-0.6547890000000001,35.938,35.8221077643712,0.1158922356288059
pi3bplus,fit,tinydl_revision,n1,B2,2182,2.937067,3.521075,-0.5840080000000003,35.4,35.822152632992335,-0.4221526329923364
pi3bplus,fit,tinydl_revision,n1,B2,2183,2.872172,3.521075,-0.6489030000000002,35.938,35.36438654529488,0.573613454705125
pi3bplus,fit,tinydl_revision,n1,B2,2184,2.932432,3.521075,-0.5886430000000002,35.938,35.36442474457307,0.5735752554269311
pi3bplus,fit,tinydl_revision,n1,B2,2185,2.894932,3.521075,-0.6261430000000003,35.938,35.3644009730342,0.5735990269658018
pi3bplus,fit,tinydl_revision,n1,B2,2186,2.861912,3.521075,-0.6591630000000004,35.4,35.822104991658904,-0.42210499165890525
pi3bplus,fit,tinydl_revision,n1,B2,2187,2.932536,3.521075,-0.5885390000000004,36.476,35.82214976075653,0.653850239243468
pi3bplus,fit,tinydl_revision,n1,B2,2188,2.905297,3.521075,-0.6157780000000002,35.938,36.27985744400165,-0.3418574440016471
pi3bplus,fit,tinydl_revision,n1,B2,2189,2.875141,3.521075,-0.645934,35.4,35.36438842736685,0.035611572633150956
pi3bplus,fit,tinydl_revision,n1,B2,2190,2.962848,3.521075,-0.558227,35.4,35.36444402550977,0.0355559744902294
pi3bplus,fit,tinydl_revision,n1,B2,2191,2.9379,3.521075,-0.5831750000000002,35.4,35.36442821078039,0.035571789219609684
pi3bplus,fit,tinydl_revision,n1,B2,2192,2.9704,3.521075,-0.550675,35.4,35.36444881278074,0.0355511872192551
pi3bplus,fit,tinydl_revision,n1,B2,2193,2.89264,3.521075,-0.6284350000000001,35.4,36.27984942063185,-0.8798494206318495
pi3bplus,fit,tinydl_revision,n1,B2,2194,2.880973,3.521075,-0.6401020000000002,35.938,35.36439212431657,0.5736078756834289
pi3bplus,fit,tinydl_revision,n1,B2,2195,2.932172,3.521075,-0.5889030000000002,35.938,35.82214953001412,0.11585046998587956
pi3bplus,fit,tinydl_revision,n1,B2,2196,2.882119,3.521075,-0.6389560000000003,35.4,35.3643928507748,0.03560714922519992
pi3bplus,fit,tinydl_revision,n1,B2,2197,2.928057,3.521075,-0.5930180000000003,35.4,35.82214692148393,-0.42214692148392885
pi3bplus,fit,tinydl_revision,n1,B2,2198,2.900453,3.521075,-0.620622,35.938,35.36440447283863,0.5735955271613733
pi3bplus,fit,tinydl_revision,n1,B2,2199,2.843995,3.521075,-0.6770800000000001,35.4,35.822093633934585,-0.4220936339345869
pi3bplus,fit,fisvdd_revision,n16,B2,2200,5.131013,5.263512,-0.13249900000000014,35.4,35.33072944318963,0.0692705568103662
pi3bplus,fit,fisvdd_revision,n16,B2,2201,5.068253,5.263512,-0.19525900000000007,35.4,35.33068965914218,0.06931034085781818
pi3bplus,fit,fisvdd_revision,n16,B2,2202,5.263512,5.263512,0.0,35.4,35.33081343532639,0.06918656467360762
pi3bplus,fit,fisvdd_revision,n16,B2,2203,4.381902,5.263512,-0.8816100000000002,35.4,35.33025457595622,0.0697454240437807
pi3bplus,fit,fisvdd_revision,n16,B2,2204,4.489975,5.263512,-0.7735370000000001,35.4,35.330323084263426,0.0696769157365722
pi3bplus,fit,fisvdd_revision,n16,B2,2205,4.363517,5.263512,-0.8999950000000005,35.4,35.3302429215631,0.0697570784369006
pi3bplus,fit,fisvdd_revision,n16,B2,2206,4.402632,5.263512,-0.8608800000000008,35.4,35.787992667119966,-0.38799266711996694
pi3bplus,fit,fisvdd_revision,n16,B2,2207,4.418153,5.263512,-0.8453590000000002,34.862,35.33027755574437,-0.4682775557443648
pi3bplus,fit,fisvdd_revision,n16,B2,2208,4.378309,5.263512,-0.8852030000000006,34.862,35.330252298325846,-0.4682522983258437
pi3bplus,fit,fisvdd_revision,n16,B2,2209,4.437996,5.263512,-0.8255160000000004,35.4,35.33029013437492,0.06970986562507875
pi3bplus,fit,fisvdd_revision,n16,B2,2210,4.387423,5.263512,-0.8760890000000003,35.938,35.33025807576065,0.6077419242393489
pi3bplus,fit,fisvdd_revision,n16,B2,2211,4.361278,5.263512,-0.902234,35.938,35.33024150224375,0.6077584977562509
pi3bplus,fit,fisvdd_revision,n16,B2,2212,4.48409,5.263512,-0.7794220000000003,35.4,35.33031935371659,0.06968064628340898
pi3bplus,fit,fisvdd_revision,n16,B2,2213,4.384871,5.263512,-0.878641,35.4,35.330256458028195,0.06974354197180332
pi3bplus,fit,fisvdd_revision,n16,B2,2214,4.546589,5.263512,-0.7169230000000004,35.4,35.78808392257119,-0.38808392257119095
pi3bplus,fit,fisvdd_revision,n16,B2,2215,4.426486,5.263512,-0.8370260000000007,35.4,35.33028283809726,0.06971716190273725
pi3bplus,fit,fisvdd_revision,n16,B2,2216,4.380027,5.263512,-0.8834850000000003,35.4,35.33025338737928,0.0697466126207189
pi3bplus,fit,fisvdd_revision,n16,B2,2217,4.432996,5.263512,-0.8305160000000003,35.4,35.330286964836404,0.06971303516359484
pi3bplus,fit,fisvdd_revision,n16,B2,2218,4.419037,5.263512,-0.8444750000000001,35.4,35.33027811611878,0.06972188388122191
pi3bplus,fit,fisvdd_revision,n16,B2,2219,4.364298,5.263512,-0.8992140000000006,35.4,34.87251846638797,0.5274815336120255
pi3bplus,fit,fisvdd_revision,n16,B2,2220,4.457371,5.263512,-0.8061410000000002,35.4,34.872577466079626,0.5274225339203724
pi3bplus,fit,fisvdd_revision,n16,B2,2221,4.522162,5.263512,-0.7413500000000006,35.4,35.33034348785066,0.06965651214933644
pi3bplus,fit,fisvdd_revision,n16,B2,2222,4.378621,5.263512,-0.8848910000000005,35.4,35.787977446362106,-0.3879774463621075
pi3bplus,fit,fisvdd_revision,n16,B2,2223,4.493673,5.263512,-0.7698390000000002,35.4,35.33032542845411,0.06967457154588885
pi3bplus,fit,fisvdd_revision,n16,B2,2224,4.397111,5.263512,-0.8664010000000006,35.4,35.33026421705848,0.06973578294152105
pi3bplus,fit,fisvdd_revision,n16,B2,2225,4.399923,5.263512,-0.8635890000000002,35.4,34.87254104934989,0.5274589506501073
pi3bplus,fit,fisvdd_revision,n16,B2,2226,4.430444,5.263512,-0.8330680000000008,35.4,35.330285347103946,0.06971465289605305
pi3bplus,fit,fisvdd_revision,n16,B2,2227,4.369559,5.263512,-0.8939530000000007,34.862,34.872521801376394,-0.010521801376391693
pi3bplus,fit,fisvdd_revision,n16,B2,2228,4.413412,5.263512,-0.8501000000000003,35.4,35.33027455038795,0.06972544961205074
pi3bplus,fit,fisvdd_revision,n16,B2,2229,4.445236,5.263512,-0.818276,35.4,35.33029472386669,0.06970527613330546
pi3bplus,fit,fisvdd_revision,n16,B2,2230,4.394194,5.263512,-0.8693180000000007,34.862,34.87253741769266,-0.010537417692660256
pi3bplus,fit,fisvdd_revision,n16,B2,2231,4.589922,5.263512,-0.6735900000000008,35.4,35.33038644143663,0.06961355856336837
pi3bplus,fit,fisvdd_revision,n16,B2,2232,4.347476,5.263512,-0.9160360000000001,35.4,35.330232753049636,0.06976724695036296
pi3bplus,fit,fisvdd_revision,n16,B2,2233,4.385445,5.263512,-0.8780670000000006,35.4,35.33025682189121,0.06974317810878716
pi3bplus,fit,fisvdd_revision,n16,B2,2234,4.443933,5.263512,-0.8195790000000001,34.862,35.33029389788496,-0.4682938978849549
pi3bplus,fit,fisvdd_revision,n16,B2,2235,4.374715,5.263512,-0.8887970000000003,35.4,34.87252506980451,0.5274749301954884
pi3bplus,fit,fisvdd_revision,n16,B2,2236,4.417007,5.263512,-0.8465050000000005,34.862,35.33027682928614,-0.4682768292861397
pi3bplus,fit,fisvdd_revision,n16,B2,2237,4.43284,5.263512,-0.8306720000000007,35.4,35.3302868659468,0.06971313405319535
pi3bplus,fit,fisvdd_revision,n16,B2,2238,4.349871,5.263512,-0.9136410000000001,35.4,34.87250932100154,0.5274906789984612
pi3bplus,fit,fisvdd_revision,n16,B2,2239,4.507318,5.263512,-0.7561940000000007,35.4,35.33033407812472,0.06966592187527709
pi3bplus,fit,tinydl_revision,n1,B0,2240,3.109409,3.109409,0.0,34.324,34.169814641949685,0.15418535805031297
pi3bplus,fit,tinydl_revision,n1,B0,2241,2.957067,3.109409,-0.15234199999999998,34.862,34.16971807118237,0.6922819288176285
pi3bplus,fit,tinydl_revision,n1,B0,2242,2.919775,3.109409,-0.18963399999999986,34.324,34.1696944314963,0.1543055685036947
pi3bplus,fit,tinydl_revision,n1,B0,2243,2.846077,3.109409,-0.2633319999999997,34.324,34.169647713766395,0.1543522862336033
pi3bplus,fit,tinydl_revision,n1,B0,2244,3.033681,3.109409,-0.0757279999999998,33.786,34.627491587644194,-0.8414915876441924
pi3bplus,fit,tinydl_revision,n1,B0,2245,2.897014,3.109409,-0.2123949999999999,34.324,34.16968000312307,0.15431999687692866
pi3bplus,fit,tinydl_revision,n1,B0,2246,2.902119,3.109409,-0.20728999999999997,34.862,34.1696832392219,0.6923167607781053
pi3bplus,fit,tinydl_revision,n1,B0,2247,2.939045,3.109409,-0.17036399999999974,34.324,34.169706646897744,0.15429335310225412
pi3bplus,fit,tinydl_revision,n1,B0,2248,2.925296,3.109409,-0.18411299999999997,34.324,34.627422881557784,-0.3034228815577862
pi3bplus,fit,tinydl_revision,n1,B0,2249,2.999462,3.109409,-0.10994700000000002,34.324,34.16974494569944,0.15425505430055608
pi3bplus,fit,tinydl_revision,n1,B0,2250,2.935817,3.109409,-0.17359199999999975,34.324,34.169704600643676,0.15429539935632164
pi3bplus,fit,tinydl_revision,n1,B0,2251,2.8554,3.109409,-0.25400899999999993,34.324,34.169653623687914,0.15434637631208403
pi3bplus,fit,tinydl_revision,n1,B0,2252,2.962015,3.109409,-0.1473939999999998,34.324,34.16972120775768,0.1542787922423159
pi3bplus,fit,tinydl_revision,n1,B0,2253,2.899827,3.109409,-0.2095819999999997,34.324,34.16968178630544,0.1543182136945589
pi3bplus,fit,tinydl_revision,n1,B0,2254,2.926806,3.109409,-0.18260299999999985,34.324,34.169698888501365,0.1543011114986328
pi3bplus,fit,tinydl_revision,n1,B0,2255,2.95092,3.109409,-0.15848899999999988,33.786,34.16971417455172,-0.3837141745517201
pi3bplus,fit,tinydl_revision,n1,B0,2256,2.908317,3.109409,-0.20109200000000005,33.786,33.71196221792479,0.07403778207520872
pi3bplus,fit,tinydl_revision,n1,B0,2257,2.992223,3.109409,-0.11718599999999979,34.324,34.16974035684158,0.15425964315841867
pi3bplus,fit,tinydl_revision,n1,B0,2258,2.928681,3.109409,-0.18072799999999978,33.786,33.71197512682126,0.07402487317874318
pi3bplus,fit,tinydl_revision,n1,B0,2259,2.85014,3.109409,-0.25926899999999975,34.324,33.25420038881929,1.0697996111807058
pi3bplus,fit,tinydl_revision,n1,B0,2260,2.963108,3.109409,-0.1463009999999998,33.248,33.71199695036175,-0.4639969503617536
pi3bplus,fit,tinydl_revision,n1,B0,2261,2.94139,3.109409,-0.1680189999999997,33.248,34.169708133411305,-0.9217081334113075
pi3bplus,fit,tinydl_revision,n1,B0,2262,2.875921,3.109409,-0.23348799999999992,34.324,34.16966663210789,0.15433336789210728
pi3bplus,fit,tinydl_revision,n1,B0,2263,2.969462,3.109409,-0.13994699999999982,33.786,33.7120009782113,0.07399902178870121
pi3bplus,fit,tinydl_revision,n1,B0,2264,2.929307,3.109409,-0.18010199999999976,33.248,33.71197552364748,-0.46397552364748407
pi3bplus,fit,tinydl_revision,n1,B0,2265,2.887275,3.109409,-0.22213400000000005,33.786,33.254223928981844,0.5317760710181574
pi3bplus,fit,tinydl_revision,n1,B0,2266,2.977847,3.109409,-0.13156199999999973,33.786,33.254281343270335,0.5317186567296659
pi3bplus,fit,tinydl_revision,n1,B0,2267,2.85613,3.109409,-0.25327900000000003,32.71,33.711929136183485,-1.0019291361834846
pi3bplus,fit,tinydl_revision,n1,B0,2268,2.968681,3.109409,-0.14072799999999974,33.786,33.25427553287233,0.531724467127674
pi3bplus,fit,tinydl_revision,n1,B0,2269,2.906129,3.109409,-0.2032799999999999,33.786,33.25423588067768,0.5317641193223182
pi3bplus,fit,tinydl_revision,n1,B0,2270,2.879671,3.109409,-0.22973799999999978,33.248,33.25421910874767,-0.006219108747671953
pi3bplus,fit,tinydl_revision,n1,B0,2271,2.953785,3.109409,-0.15562399999999998,33.786,33.25426609018319,0.5317339098168148
pi3bplus,fit,tinydl_revision,n1,B0,2272,2.901234,3.109409,-0.20817499999999978,33.248,33.25423277769948,-0.006232777699480607
pi3bplus,fit,tinydl_revision,n1,B0,2273,2.888004,3.109409,-0.22140499999999985,34.324,33.254224391100564,1.069775608899434
pi3bplus,fit,tinydl_revision,n1,B0,2274,2.954931,3.109409,-0.15447799999999967,33.248,33.25426681664141,-0.006266816641414152
pi3bplus,fit,tinydl_revision,n1,B0,2275,2.898786,3.109409,-0.210623,33.248,33.25423122589342,-0.006231225893422732
pi3bplus,fit,tinydl_revision,n1,B0,2276,2.999775,3.109409,-0.10963399999999979,33.786,33.25429524359845,0.5317047564015525
pi3bplus,fit,tinydl_revision,n1,B0,2277,2.944514,3.109409,-0.164895,32.71,33.71198516348192,-1.001985163481919
pi3bplus,fit,tinydl_revision,n1,B0,2278,2.882483,3.109409,-0.22692599999999974,33.248,33.254220891296136,-0.00622089129613812
pi3bplus,fit,tinydl_revision,n1,B0,2279,2.956389,3.109409,-0.1530199999999997,33.786,33.254267740878845,0.5317322591211564
pi3bplus,fit,oi_svdd_as_elm_revision,n1,B1,2280,3.996175,3.996175,0.0,33.786,33.343840416761445,0.4421595832385563
pi3bplus,fit,oi_svdd_as_elm_revision,n1,B1,2281,3.958362,3.996175,-0.037812999999999874,33.248,33.80154139706653,-0.5535413970665317
pi3bplus,fit,oi_svdd_as_elm_revision,n1,B1,2282,3.321179,3.996175,-0.6749960000000002,33.248,34.258862432111556,-1.0108624321115585
pi3bplus,fit,oi_svdd_as_elm_revision,n1,B1,2283,3.372273,3.996175,-0.6239020000000002,33.786,33.8011698707347,-0.015169870734695223
pi3bplus,fit,oi_svdd_as_elm_revision,n1,B1,2284,3.31472,3.996175,-0.6814550000000001,33.786,33.80113338744466,-0.015133387444656421
pi3bplus,fit,oi_svdd_as_elm_revision,n1,B1,2285,3.288783,3.996175,-0.707392,33.786,33.801116945780564,-0.015116945780562219
pi3bplus,fit,oi_svdd_as_elm_revision,n1,B1,2286,3.38295,3.996175,-0.6132249999999999,33.248,33.34345168871018,-0.09545168871018461
pi3bplus,fit,oi_svdd_as_elm_revision,n1,B1,2287,3.319356,3.996175,-0.6768190000000001,33.248,33.80113632624077,-0.5531363262407751
pi3bplus,fit,oi_svdd_as_elm_revision,n1,B1,2288,3.289773,3.996175,-0.7064020000000002,34.324,33.80111757334919,0.5228824266508099
pi3bplus,fit,oi_svdd_as_elm_revision,n1,B1,2289,3.359147,3.996175,-0.6370279999999999,34.324,33.80116155006219,0.522838449937808
pi3bplus,fit,oi_svdd_as_elm_revision,n1,B1,2290,3.333262,3.996175,-0.6629130000000001,34.324,33.34342019110423,0.9805798088957687
pi3bplus,fit,oi_svdd_as_elm_revision,n1,B1,2291,3.372637,3.996175,-0.6235379999999999,34.324,34.25889505173415,0.0651049482658479
pi3bplus,fit,oi_svdd_as_elm_revision,n1,B1,2292,3.332168,3.996175,-0.6640070000000002,33.248,33.343419497609204,-0.09541949760920687
pi3bplus,fit,oi_svdd_as_elm_revision,n1,B1,2293,3.320918,3.996175,-0.6752570000000002,33.786,33.801137316404606,-0.015137316404604917
pi3bplus,fit,oi_svdd_as_elm_revision,n1,B1,2294,3.381231,3.996175,-0.6149439999999999,33.248,33.801175549279904,-0.5531755492799064
pi3bplus,fit,oi_svdd_as_elm_revision,n1,B1,2295,3.326126,3.996175,-0.6700490000000001,34.324,33.80114061779592,0.522859382204075
pi3bplus,fit,oi_svdd_as_elm_revision,n1,B1,2296,3.306178,3.996175,-0.689997,33.786,33.80112797260506,-0.015127972605057494
pi3bplus,fit,oi_svdd_as_elm_revision,n1,B1,2297,3.498834,3.996175,-0.49734100000000003,33.786,33.343525148470455,0.44247485152954624
pi3bplus,fit,oi_svdd_as_elm_revision,n1,B1,2298,3.302012,3.996175,-0.6941630000000001,33.786,34.25885028200261,-0.4728502820026108
pi3bplus,fit,oi_svdd_as_elm_revision,n1,B1,2299,3.350241,3.996175,-0.645934,33.248,33.34343095422312,-0.09543095422312575
pi3bplus,fit,oi_svdd_as_elm_revision,n1,B1,2300,3.387793,3.996175,-0.6083820000000002,33.786,33.343454758725194,0.4425452412748072
pi3bplus,fit,oi_svdd_as_elm_revision,n1,B1,2301,3.436074,3.996175,-0.560101,33.248,33.80121031468007,-0.5532103146800722
pi3bplus,fit,oi_svdd_as_elm_revision,n1,B1,2302,3.361595,3.996175,-0.6345800000000001,33.248,33.80116310186825,-0.5531631018682504
pi3bplus,fit,oi_svdd_as_elm_revision,n1,B1,2303,3.293106,3.996175,-0.7030690000000002,33.786,33.34339473590651,0.4426052640934941
pi3bplus,fit,oi_svdd_as_elm_revision,n1,B1,2304,3.331855,3.996175,-0.66432,33.786,33.80114424945315,-0.015144249453150849
pi3bplus,fit,oi_svdd_as_elm_revision,n1,B1,2305,3.353471,3.996175,-0.6427040000000002,33.248,34.25888290225911,-1.0108829022591124
pi3bplus,fit,oi_svdd_as_elm_revision,n1,B1,2306,3.30295,3.996175,-0.693225,33.248,34.25885087660804,-1.010850876608039
pi3bplus,fit,oi_svdd_as_elm_revision,n1,B1,2307,3.320398,3.996175,-0.6757770000000001,33.786,33.34341203651554,0.4425879634844634
pi3bplus,fit,oi_svdd_as_elm_revision,n1,B1,2308,3.338106,3.996175,-0.6580690000000002,33.786,33.343423261753145,0.4425767382468564
pi3bplus,fit,oi_svdd_as_elm_revision,n1,B1,2309,3.314408,3.996175,-0.6817670000000002,33.786,33.80113318966546,-0.015133189665455404
pi3bplus,fit,oi_svdd_as_elm_revision,n1,B1,2310,3.379147,3.996175,-0.6170279999999999,33.786,33.34344927795919,0.4425507220408136
pi3bplus,fit,oi_svdd_as_elm_revision,n1,B1,2311,3.316387,3.996175,-0.6797879999999998,33.786,33.8011344441688,-0.015134444168801053
pi3bplus,fit,oi_svdd_as_elm_revision,n1,B1,2312,3.303887,3.996175,-0.692288,33.786,33.80112652032251,-0.015126520322510828
pi3bplus,fit,oi_svdd_as_elm_revision,n1,B1,2313,3.344772,3.996175,-0.6514030000000002,33.786,33.801152437638954,-0.015152437638953131
pi3bplus,fit,oi_svdd_as_elm_revision,n1,B1,2314,3.314512,3.996175,-0.6816629999999999,34.324,34.2588582058489,0.06514179415109567
pi3bplus,fit,oi_svdd_as_elm_revision,n1,B1,2315,3.290294,3.996175,-0.7058810000000002,33.786,33.8011179036151,-0.015117903615099237
pi3bplus,fit,oi_svdd_as_elm_revision,n1,B1,2316,3.434407,3.996175,-0.5617679999999998,33.248,33.801209257955925,-0.5532092579559276
pi3bplus,fit,oi_svdd_as_elm_revision,n1,B1,2317,3.337741,3.996175,-0.6584340000000002,33.786,33.80114798063389,-0.015147980633891223
pi3bplus,fit,oi_svdd_as_elm_revision,n1,B1,2318,3.297481,3.996175,-0.6986940000000001,34.324,33.80112245950976,0.522877540490235
pi3bplus,fit,oi_svdd_as_elm_revision,n1,B1,2319,3.365918,3.996175,-0.6302569999999998,33.786,33.801165842251244,-0.015165842251242623
pi3bplus,fit,oi_svdd_as_elm_revision,n64,B1,2320,10.862124,10.862124,0.0,34.324,33.85721594266397,0.466784057336028
pi3bplus,fit,oi_svdd_as_elm_revision,n64,B1,2321,10.280669,10.862124,-0.581455,34.324,34.31457230411748,0.009427695882514797
pi3bplus,fit,oi_svdd_as_elm_revision,n64,B1,2322,9.408331,10.862124,-1.4537929999999992,33.786,34.31401932233954,-0.5280193223395386
pi3bplus,fit,oi_svdd_as_elm_revision,n64,B1,2323,9.475466,10.862124,-1.3866579999999988,33.786,34.31406187973319,-0.5280618797331869
pi3bplus,fit,oi_svdd_as_elm_revision,n64,B1,2324,9.520986,10.862124,-1.341137999999999,33.786,33.85636578495479,-0.07036578495478807
pi3bplus,fit,oi_svdd_as_elm_revision,n64,B1,2325,9.427341,10.862124,-1.4347829999999995,33.786,33.85630642266793,-0.07030642266792597
pi3bplus,fit,oi_svdd_as_elm_revision,n64,B1,2326,9.458591,10.862124,-1.4035329999999995,33.786,33.39860128202659,0.3873987179734115
pi3bplus,fit,oi_svdd_as_elm_revision,n64,B1,2327,9.502914,10.862124,-1.3592099999999991,33.786,33.85635432897478,-0.07035432897477989
pi3bplus,fit,oi_svdd_as_elm_revision,n64,B1,2328,9.390778,10.862124,-1.4713460000000005,33.248,34.31400819535762,-1.0660081953576253
pi3bplus,fit,oi_svdd_as_elm_revision,n64,B1,2329,9.718433,10.862124,-1.1436910000000005,33.786,34.314215898386095,-0.5282158983860938
pi3bplus,fit,oi_svdd_as_elm_revision,n64,B1,2330,10.225565,10.862124,-0.6365590000000001,33.786,33.85681242301037,-0.07081242301036639
pi3bplus,fit,oi_svdd_as_elm_revision,n64,B1,2331,9.439268,10.862124,-1.4228559999999995,33.248,33.856313983285105,-0.6083139832851074
pi3bplus,fit,oi_svdd_as_elm_revision,n64,B1,2332,9.451872,10.862124,-1.4102519999999998,33.248,33.398597022800736,-0.1505970228007385
pi3bplus,fit,oi_svdd_as_elm_revision,n64,B1,2333,9.574163,10.862124,-1.2879609999999992,33.786,33.85639949426472,-0.07039949426471992
pi3bplus,fit,oi_svdd_as_elm_revision,n64,B1,2334,9.36682,10.862124,-1.495303999999999,33.786,33.39854310768277,0.3874568923172319
pi3bplus,fit,oi_svdd_as_elm_revision,n64,B1,2335,9.597183,10.862124,-1.2649410000000003,34.324,33.856414086820045,0.4675859131799527
pi3bplus,fit,oi_svdd_as_elm_revision,n64,B1,2336,9.429007,10.862124,-1.4331169999999993,34.324,33.3985825285011,0.9254174714988963
pi3bplus,fit,oi_svdd_as_elm_revision,n64,B1,2337,9.423122,10.862124,-1.4390020000000003,34.324,33.85630374821133,0.4676962517886665
pi3bplus,fit,oi_svdd_as_elm_revision,n64,B1,2338,9.645464,10.862124,-1.2166599999999992,33.786,33.3987197422608,0.3872802577391994
pi3bplus,fit,oi_svdd_as_elm_revision,n64,B1,2339,9.515985,10.862124,-1.346138999999999,34.324,34.314087565039415,0.009912434960583028
pi3bplus,fit,oi_svdd_as_elm_revision,n64,B1,2340,9.37682,10.862124,-1.4853039999999993,33.248,34.313999347273906,-1.0659993472739089
pi3bplus,fit,oi_svdd_as_elm_revision,n64,B1,2341,9.51234,10.862124,-1.3497839999999997,34.324,33.85636030418879,0.4676396958112079
pi3bplus,fit,oi_svdd_as_elm_revision,n64,B1,2342,9.358539,10.862124,-1.5035849999999993,33.248,34.31398775880718,-1.0659877588071822
pi3bplus,fit,oi_svdd_as_elm_revision,n64,B1,2343,9.454736,10.862124,-1.4073879999999992,34.324,34.3140487388265,0.009951261173497983
pi3bplus,fit,oi_svdd_as_elm_revision,n64,B1,2344,9.475986,10.862124,-1.386137999999999,33.786,33.85633725910815,-0.07033725910815036
pi3bplus,fit,oi_svdd_as_elm_revision,n64,B1,2345,9.697756,10.862124,-1.1643679999999996,33.786,34.31420279107652,-0.5282027910765166
pi3bplus,fit,oi_svdd_as_elm_revision,n64,B1,2346,9.383799,10.862124,-1.478325,33.786,33.398553870801656,0.3874461291983451
pi3bplus,fit,oi_svdd_as_elm_revision,n64,B1,2347,9.50359,10.862124,-1.3585339999999988,33.786,33.398629807239324,0.3873701927606774
pi3bplus,fit,oi_svdd_as_elm_revision,n64,B1,2348,9.436247,10.862124,-1.4258769999999998,33.248,33.398587117992875,-0.1505871179928775
pi3bplus,fit,oi_svdd_as_elm_revision,n64,B1,2349,9.39859,10.862124,-1.4635339999999992,33.786,33.85628819718755,-0.0702881971875513
pi3bplus,fit,oi_svdd_as_elm_revision,n64,B1,2350,9.616558,10.862124,-1.2455660000000002,33.786,33.39870141852474,0.38729858147526386
pi3bplus,fit,oi_svdd_as_elm_revision,n64,B1,2351,9.391403,10.862124,-1.4707209999999993,33.786,33.85628364129289,-0.07028364129288889
pi3bplus,fit,oi_svdd_as_elm_revision,n64,B1,2352,9.432393,10.862124,-1.4297310000000003,33.786,33.856309625169644,-0.07030962516964223
pi3bplus,fit,oi_svdd_as_elm_revision,n64,B1,2353,9.51036,10.862124,-1.3517639999999993,33.786,33.856359049051534,-0.07035904905153245
pi3bplus,fit,oi_svdd_as_elm_revision,n64,B1,2354,9.372549,10.862124,-1.4895750000000003,33.786,34.3139966398541,-0.5279966398541021
pi3bplus,fit,oi_svdd_as_elm_revision,n64,B1,2355,9.439892,10.862124,-1.4222319999999993,34.324,33.856314378843514,0.46768562115648393
pi3bplus,fit,oi_svdd_as_elm_revision,n64,B1,2356,9.560048,10.862124,-1.3020759999999996,33.786,33.856390546657494,-0.07039054665749234
pi3bplus,fit,oi_svdd_as_elm_revision,n64,B1,2357,9.448486,10.862124,-1.4136379999999988,34.324,33.398594876389254,0.9254051236107443
pi3bplus,fit,oi_svdd_as_elm_revision,n64,B1,2358,9.60885,10.862124,-1.2532739999999993,34.324,33.39869653236416,0.9253034676358354
pi3bplus,fit,oi_svdd_as_elm_revision,n64,B1,2359,9.535777,10.862124,-1.3263470000000002,33.248,33.39865021082657,-0.15065021082656926
pi3bplus,fit,oi_svdd_as_elm_revision,n256,B1,2360,29.019464,31.544292,-2.5248279999999994,33.248,33.885825419586915,-0.6378254195869175
pi3bplus,fit,oi_svdd_as_elm_revision,n256,B1,2361,29.61972,31.544292,-1.9245719999999977,33.786,34.343930876746214,-0.5579308767462123
pi3bplus,fit,oi_svdd_as_elm_revision,n256,B1,2362,27.147964,31.544292,-4.396327999999997,33.248,34.34236401157752,-1.0943640115775253
pi3bplus,fit,oi_svdd_as_elm_revision,n256,B1,2363,27.018069,31.544292,-4.526222999999998,33.786,34.34228167013642,-0.5562816701364213
pi3bplus,fit,oi_svdd_as_elm_revision,n256,B1,2364,27.160829,31.544292,-4.383462999999999,33.786,34.342372166800125,-0.5563721668001236
pi3bplus,fit,oi_svdd_as_elm_revision,n256,B1,2365,27.191142,31.544292,-4.353149999999999,33.248,34.342391382444326,-1.0943913824443285
pi3bplus,fit,oi_svdd_as_elm_revision,n256,B1,2366,27.107704,31.544292,-4.436588,33.786,33.88461354019635,-0.0986135401963466
pi3bplus,fit,oi_svdd_as_elm_revision,n256,B1,2367,27.130672,31.544292,-4.413619999999998,33.786,34.34235305004552,-0.5563530500455158
pi3bplus,fit,oi_svdd_as_elm_revision,n256,B1,2368,27.227963,31.544292,-4.316329,34.324,33.884689773302824,0.4393102266971738
pi3bplus,fit,oi_svdd_as_elm_revision,n256,B1,2369,28.579153,31.544292,-2.965138999999997,33.248,34.343271253309275,-1.0952712533092779
pi3bplus,fit,oi_svdd_as_elm_revision,n256,B1,2370,28.243478,31.544292,-3.300813999999999,34.324,34.34305846634103,-0.019058466341029145
pi3bplus,fit,oi_svdd_as_elm_revision,n256,B1,2371,31.544292,31.544292,0.0,33.786,34.34515087776227,-0.5591508777622707
pi3bplus,fit,oi_svdd_as_elm_revision,n256,B1,2372,30.185029,31.544292,-1.3592629999999986,34.324,34.34428923047597,-0.020289230475974307
pi3bplus,fit,oi_svdd_as_elm_revision,n256,B1,2373,27.602753,31.544292,-3.941538999999999,34.324,34.342652305827926,-0.018652305827927762
pi3bplus,fit,oi_svdd_as_elm_revision,n256,B1,2374,27.356973,31.544292,-4.187318999999999,33.248,34.8002214542497,-1.552221454249704
pi3bplus,fit,oi_svdd_as_elm_revision,n256,B1,2375,27.273484,31.544292,-4.270807999999999,34.862,33.884718629415374,0.9772813705846275
pi3bplus,fit,oi_svdd_as_elm_revision,n256,B1,2376,27.308796,31.544292,-4.235495999999998,34.324,34.34246596422123,-0.018465964221235254
pi3bplus,fit,oi_svdd_as_elm_revision,n256,B1,2377,27.191609,31.544292,-4.352682999999999,34.324,34.342391678479224,-0.01839167847922596
pi3bplus,fit,oi_svdd_as_elm_revision,n256,B1,2378,27.246504,31.544292,-4.297787999999997,34.324,34.34242647684259,-0.01842647684259191
pi3bplus,fit,oi_svdd_as_elm_revision,n256,B1,2379,27.185828,31.544292,-4.358463999999998,34.324,34.342388013858795,-0.018388013858796626
pi3bplus,fit,oi_svdd_as_elm_revision,n256,B1,2380,27.082235,31.544292,-4.462056999999998,34.324,34.3423223454581,-0.018322345458102518
pi3bplus,fit,oi_svdd_as_elm_revision,n256,B1,2381,27.346504,31.544292,-4.197787999999999,34.324,34.342489867612905,-0.018489867612906608
pi3bplus,fit,oi_svdd_as_elm_revision,n256,B1,2382,27.238849,31.544292,-4.305443,34.324,34.342421624279126,-0.01842162427912797
pi3bplus,fit,oi_svdd_as_elm_revision,n256,B1,2383,27.088016,31.544292,-4.456275999999999,34.324,33.88460105982149,0.43939894017850634
pi3bplus,fit,oi_svdd_as_elm_revision,n256,B1,2384,27.095985,31.544292,-4.448307,33.786,34.34233106168902,-0.556331061689022
pi3bplus,fit,oi_svdd_as_elm_revision,n256,B1,2385,29.629875,31.544292,-1.9144170000000003,33.786,34.34393731407894,-0.5579373140789414
pi3bplus,fit,oi_svdd_as_elm_revision,n256,B1,2386,27.104839,31.544292,-4.439453,33.786,33.88461172405078,-0.09861172405077667
pi3bplus,fit,oi_svdd_as_elm_revision,n256,B1,2387,27.171974,31.544292,-4.372318,33.786,33.884654281444426,-0.0986542814444249
pi3bplus,fit,oi_svdd_as_elm_revision,n256,B1,2388,27.15713,31.544292,-4.387162,34.324,34.34236982197553,-0.01836982197553283
pi3bplus,fit,oi_svdd_as_elm_revision,n256,B1,2389,27.472753,31.544292,-4.071538999999998,34.324,34.34256989782652,-0.01856989782652363
pi3bplus,fit,oi_svdd_as_elm_revision,n256,B1,2390,27.217858,31.544292,-4.326433999999999,33.786,33.42695841740842,0.3590415825915798
pi3bplus,fit,oi_svdd_as_elm_revision,n256,B1,2391,27.238639,31.544292,-4.3056529999999995,34.324,33.88469654090146,0.4393034590985394
pi3bplus,fit,oi_svdd_as_elm_revision,n256,B1,2392,27.22864,31.544292,-4.315652,33.248,34.34241515271538,-1.094415152715385
pi3bplus,fit,oi_svdd_as_elm_revision,n256,B1,2393,27.274994,31.544292,-4.269297999999999,33.786,34.34244453687305,-0.5564445368730517
pi3bplus,fit,oi_svdd_as_elm_revision,n256,B1,2394,27.220306,31.544292,-4.323985999999998,33.786,33.88468491947154,-0.09868491947153757
pi3bplus,fit,oi_svdd_as_elm_revision,n256,B1,2395,27.302024,31.544292,-4.242267999999999,33.248,33.88473672114122,-0.6367367211412258
pi3bplus,fit,oi_svdd_as_elm_revision,n256,B1,2396,27.280409,31.544292,-4.263883,34.324,33.88472301922622,0.4392769807737764
pi3bplus,fit,oi_svdd_as_elm_revision,n256,B1,2397,27.162858,31.544292,-4.381433999999999,33.786,34.34237345299886,-0.5563734529988551
pi3bplus,fit,oi_svdd_as_elm_revision,n256,B1,2398,27.16614,31.544292,-4.378152,33.786,34.34237553348393,-0.55637553348393
pi3bplus,fit,oi_svdd_as_elm_revision,n256,B1,2399,27.269784,31.544292,-4.274507999999997,34.324,33.88471628395688,0.43928371604312133
pi3bplus,fit,fisvdd_revision,n256,B1,2400,25.219276,25.897813,-0.6785369999999986,33.786,34.322576251194235,-0.5365762511942336
pi3bplus,fit,fisvdd_revision,n256,B1,2401,25.661461,25.897813,-0.23635200000000012,34.324,34.322856555671954,0.0011434443280435858
pi3bplus,fit,fisvdd_revision,n256,B1,2402,23.748712,25.897813,-2.149100999999998,34.324,34.321644049346666,0.0023559506533317176
pi3bplus,fit,fisvdd_revision,n256,B1,2403,23.670118,25.897813,-2.2276950000000006,34.324,33.863869277747604,0.46013072225239426
pi3bplus,fit,fisvdd_revision,n256,B1,2404,23.737878,25.897813,-2.159935000000001,33.786,34.32163718159061,-0.5356371815906087
pi3bplus,fit,fisvdd_revision,n256,B1,2405,23.687046,25.897813,-2.2107670000000006,34.324,34.321604958794246,0.0023950412057516246
pi3bplus,fit,fisvdd_revision,n256,B1,2406,23.793763,25.897813,-2.104050000000001,33.786,34.3216726075226,-0.5356726075225993
pi3bplus,fit,fisvdd_revision,n256,B1,2407,23.68642,25.897813,-2.211393000000001,33.786,33.86387961171098,-0.07787961171097635
pi3bplus,fit,fisvdd_revision,n256,B1,2408,25.897813,25.897813,0.0,34.324,33.86528143076836,0.45871856923163534
pi3bplus,fit,fisvdd_revision,n256,B1,2409,23.59241,25.897813,-2.3054029999999983,33.786,34.32154496830485,-0.5355449683048477
pi3bplus,fit,fisvdd_revision,n256,B1,2410,23.834336,25.897813,-2.063476999999999,34.324,34.32169832705984,0.002301672940156152
pi3bplus,fit,fisvdd_revision,n256,B1,2411,23.711836,25.897813,-2.1859769999999976,33.786,34.321620673366205,-0.5356206733662034
pi3bplus,fit,fisvdd_revision,n256,B1,2412,23.725014,25.897813,-2.1727989999999977,34.324,34.32162902700192,0.0023709729980794236
pi3bplus,fit,fisvdd_revision,n256,B1,2413,23.77694,25.897813,-2.1208729999999996,34.324,34.321661943293314,0.0023380567066837443
pi3bplus,fit,fisvdd_revision,n256,B1,2414,23.774285,25.897813,-2.1235280000000003,33.248,34.32166026026836,-1.0736602602683618
pi3bplus,fit,fisvdd_revision,n256,B1,2415,23.655952,25.897813,-2.241861,34.324,34.321585248068125,0.002414751931873127
pi3bplus,fit,fisvdd_revision,n256,B1,2416,23.723243,25.897813,-2.1745699999999992,34.324,34.321627904351374,0.002372095648624395
pi3bplus,fit,fisvdd_revision,n256,B1,2417,23.764076,25.897813,-2.133737,34.324,34.32165378870462,0.0023462112953751557
pi3bplus,fit,fisvdd_revision,n256,B1,2418,23.829283,25.897813,-2.068529999999999,33.786,33.86397017366717,-0.0779701736671683
pi3bplus,fit,fisvdd_revision,n256,B1,2419,23.561785,25.897813,-2.336027999999999,34.324,33.863800604624394,0.4601993953756036
pi3bplus,fit,fisvdd_revision,n256,B1,2420,23.583504,25.897813,-2.314308999999998,33.786,33.863814372465804,-0.07781437246580225
pi3bplus,fit,fisvdd_revision,n256,B1,2421,23.643451,25.897813,-2.2543620000000004,33.786,33.863852373330886,-0.07785237333088446
pi3bplus,fit,fisvdd_revision,n256,B1,2422,23.605274,25.897813,-2.292538999999998,34.324,34.32155312289355,0.002446877106450529
pi3bplus,fit,fisvdd_revision,n256,B1,2423,23.657305,25.897813,-2.2405079999999984,33.248,33.8638611554882,-0.6158611554882043
pi3bplus,fit,fisvdd_revision,n256,B1,2424,23.961886,25.897813,-1.9359269999999995,33.786,33.864054231730336,-0.07805423173033432
pi3bplus,fit,fisvdd_revision,n256,B1,2425,23.720586,25.897813,-2.1772269999999985,34.324,33.406176319544514,0.9178236804554842
pi3bplus,fit,fisvdd_revision,n256,B1,2426,23.595639,25.897813,-2.302174000000001,33.248,34.32154701519283,-1.0735470151928297
pi3bplus,fit,fisvdd_revision,n256,B1,2427,23.598503,25.897813,-2.2993099999999984,34.324,33.40609893019039,0.9179010698096093
pi3bplus,fit,fisvdd_revision,n256,B1,2428,23.836523,25.897813,-2.0612899999999996,33.786,33.86397476315894,-0.07797476315894158
pi3bplus,fit,fisvdd_revision,n256,B1,2429,23.745221,25.897813,-2.1525919999999985,33.786,33.863916886117835,-0.07791688611783343
pi3bplus,fit,fisvdd_revision,n256,B1,2430,23.650794,25.897813,-2.247018999999998,33.786,33.86385702811515,-0.07785702811514739
pi3bplus,fit,fisvdd_revision,n256,B1,2431,23.635898,25.897813,-2.2619149999999983,34.324,33.863847585426,0.46015241457399725
pi3bplus,fit,fisvdd_revision,n256,B1,2432,23.786471,25.897813,-2.1113420000000005,33.786,33.40621808455354,0.3797819154464648
pi3bplus,fit,fisvdd_revision,n256,B1,2433,23.796158,25.897813,-2.101655000000001,34.324,33.86394917547451,0.4600508245254886
pi3bplus,fit,fisvdd_revision,n256,B1,2434,23.760221,25.897813,-2.137591999999998,34.324,33.863926394733376,0.4600736052666221
pi3bplus,fit,fisvdd_revision,n256,B1,2435,23.640951,25.897813,-2.256861999999998,33.786,34.32157573881867,-0.5355757388186717
pi3bplus,fit,fisvdd_revision,n256,B1,2436,23.805116,25.897813,-2.0926969999999976,33.786,34.321679804276755,-0.5356798042767537
pi3bplus,fit,fisvdd_revision,n256,B1,2437,23.75897,25.897813,-2.138842999999998,33.786,33.86392560171484,-0.07792560171483842
pi3bplus,fit,fisvdd_revision,n256,B1,2438,23.688502,25.897813,-2.2093109999999996,33.786,34.321605881763865,-0.535605881763864
pi3bplus,fit,fisvdd_revision,n256,B1,2439,23.70944,25.897813,-2.1883729999999986,33.786,33.8638942042663,-0.07789420426630045
pi3bplus,fit,oi_svdd_as_elm_revision,n16,B0,2440,5.143666,5.328353,-0.18468700000000027,33.786,33.23913042400584,0.5468695759941582
pi3bplus,fit,oi_svdd_as_elm_revision,n16,B0,2441,5.146271,5.328353,-0.1820820000000003,33.248,33.23913207533541,0.008867924664585303
pi3bplus,fit,oi_svdd_as_elm_revision,n16,B0,2442,4.928564,5.328353,-0.39978900000000017,33.786,33.23899406919108,0.5470059308089219
pi3bplus,fit,oi_svdd_as_elm_revision,n16,B0,2443,5.003511,5.328353,-0.3248420000000003,33.248,33.23904157867171,0.008958421328287614
pi3bplus,fit,oi_svdd_as_elm_revision,n16,B0,2444,4.97924,5.328353,-0.349113,33.248,33.23902619309785,0.008973806902147885
pi3bplus,fit,oi_svdd_as_elm_revision,n16,B0,2445,4.935595,5.328353,-0.3927579999999997,33.248,33.23899852619614,0.009001473803856186
pi3bplus,fit,oi_svdd_as_elm_revision,n16,B0,2446,5.104865,5.328353,-0.2234879999999997,32.71,33.23910582775306,-0.5291058277530567
pi3bplus,fit,oi_svdd_as_elm_revision,n16,B0,2447,5.005126,5.328353,-0.32322700000000015,32.172,33.239042602432654,-1.0670426024326574
pi3bplus,fit,oi_svdd_as_elm_revision,n16,B0,2448,4.934605,5.328353,-0.39374799999999954,33.248,33.23899789862752,0.009002101372480809
pi3bplus,fit,oi_svdd_as_elm_revision,n16,B0,2449,5.08174,5.328353,-0.24661299999999997,33.248,33.23909116863742,0.008908831362575143
pi3bplus,fit,oi_svdd_as_elm_revision,n16,B0,2450,4.913615,5.328353,-0.41473799999999983,32.71,33.23898459290483,-0.5289845929048269
pi3bplus,fit,oi_svdd_as_elm_revision,n16,B0,2451,4.996115,5.328353,-0.33223800000000026,33.248,32.78131194003329,0.4666880599667067
pi3bplus,fit,oi_svdd_as_elm_revision,n16,B0,2452,5.047574,5.328353,-0.2807789999999999,32.71,33.239069510546834,-0.529069510546833
pi3bplus,fit,oi_svdd_as_elm_revision,n16,B0,2453,4.943668,5.328353,-0.38468500000000017,33.248,32.32355374321892,0.9244462567810743
pi3bplus,fit,oi_svdd_as_elm_revision,n16,B0,2454,5.016896,5.328353,-0.3114569999999999,32.71,32.78132511326927,-0.0713251132692676
pi3bplus,fit,oi_svdd_as_elm_revision,n16,B0,2455,4.982469,5.328353,-0.34588399999999986,32.71,32.781303289728775,-0.07130328972877464
pi3bplus,fit,oi_svdd_as_elm_revision,n16,B0,2456,5.040282,5.328353,-0.2880709999999995,32.71,32.781339937834815,-0.0713399378348143
pi3bplus,fit,oi_svdd_as_elm_revision,n16,B0,2457,5.008042,5.328353,-0.32031100000000023,33.248,32.32359455039341,0.9244054496065885
pi3bplus,fit,oi_svdd_as_elm_revision,n16,B0,2458,4.987782,5.328353,-0.34057099999999974,32.71,32.7813066576804,-0.07130665768040245
pi3bplus,fit,oi_svdd_as_elm_revision,n16,B0,2459,4.942679,5.328353,-0.38567399999999985,33.248,32.78127806654127,0.4667219334587287
pi3bplus,fit,oi_svdd_as_elm_revision,n16,B0,2460,5.069396,5.328353,-0.25895699999999966,32.71,33.23908334368073,-0.5290833436807318
pi3bplus,fit,oi_svdd_as_elm_revision,n16,B0,2461,4.967001,5.328353,-0.3613520000000001,32.172,32.781293484444426,-0.6092934844444287
pi3bplus,fit,oi_svdd_as_elm_revision,n16,B0,2462,4.930751,5.328353,-0.397602,32.71,32.78127050529019,-0.07127050529018675
pi3bplus,fit,oi_svdd_as_elm_revision,n16,B0,2463,5.084605,5.328353,-0.24374800000000008,32.71,33.23909298478299,-0.5290929847829915
pi3bplus,fit,oi_svdd_as_elm_revision,n16,B0,2464,4.929345,5.328353,-0.39900800000000025,33.248,33.238994564273,0.009005435726997746
pi3bplus,fit,oi_svdd_as_elm_revision,n16,B0,2465,4.968146,5.328353,-0.36020699999999994,32.71,33.239019160525785,-0.5290191605257846
pi3bplus,fit,oi_svdd_as_elm_revision,n16,B0,2466,5.194447,5.328353,-0.13390599999999964,32.71,32.78143766421587,-0.07143766421587117
pi3bplus,fit,oi_svdd_as_elm_revision,n16,B0,2467,4.935595,5.328353,-0.3927579999999997,32.172,32.781273575939096,-0.609273575939099
pi3bplus,fit,oi_svdd_as_elm_revision,n16,B0,2468,4.97148,5.328353,-0.3568730000000002,32.71,32.32357137345996,0.38642862654003807
pi3bplus,fit,oi_svdd_as_elm_revision,n16,B0,2469,5.074865,5.328353,-0.25348799999999994,32.172,32.323636910007856,-0.15163691000785917
pi3bplus,fit,oi_svdd_as_elm_revision,n16,B0,2470,4.94497,5.328353,-0.38338300000000025,32.71,32.323554568566756,0.38644543143324483
pi3bplus,fit,oi_svdd_as_elm_revision,n16,B0,2471,5.05226,5.328353,-0.2760929999999995,32.71,33.23907248103833,-0.5290724810383267
pi3bplus,fit,oi_svdd_as_elm_revision,n16,B0,2472,4.966063,5.328353,-0.3622899999999998,32.172,32.781292889839,-0.6092928898390042
pi3bplus,fit,oi_svdd_as_elm_revision,n16,B0,2473,4.946636,5.328353,-0.3817170000000001,32.71,32.78128057491405,-0.0712805749140486
pi3bplus,fit,oi_svdd_as_elm_revision,n16,B0,2474,5.068875,5.328353,-0.25947799999999965,32.71,32.781358063157775,-0.07135806315777415
pi3bplus,fit,oi_svdd_as_elm_revision,n16,B0,2475,4.946271,5.328353,-0.3820819999999996,32.71,32.78128034353774,-0.07128034353773671
pi3bplus,fit,oi_svdd_as_elm_revision,n16,B0,2476,5.02075,5.328353,-0.3076030000000003,33.248,32.78132755634956,0.46667244365043814
pi3bplus,fit,oi_svdd_as_elm_revision,n16,B0,2477,5.328353,5.328353,0.0,32.172,32.32379759800371,-0.15179759800371073
pi3bplus,fit,oi_svdd_as_elm_revision,n16,B0,2478,4.92997,5.328353,-0.39838299999999993,32.172,32.32354505995121,-0.1515450599512107
pi3bplus,fit,oi_svdd_as_elm_revision,n16,B0,2479,4.95299,5.328353,-0.3753630000000001,32.172,32.78128460276359,-0.6092846027635943
pi3bplus,fit,lucid_revision,n16,B1,2480,14.911783,14.911783,0.0,33.248,33.341562979427394,-0.09356297942739644
pi3bplus,fit,lucid_revision,n16,B1,2481,14.507879,14.911783,-0.40390399999999893,33.248,33.341306941570465,-0.09330694157046793
pi3bplus,fit,lucid_revision,n16,B1,2482,13.96158,14.911783,-0.9502030000000001,33.248,33.798685588683206,-0.5506855886832085
pi3bplus,fit,lucid_revision,n16,B1,2483,13.849863,14.911783,-1.0619200000000006,33.786,32.883164869902224,0.9028351300977775
pi3bplus,fit,lucid_revision,n16,B1,2484,13.801373,14.911783,-1.11041,33.248,32.8831341317177,0.36486586828229406
pi3bplus,fit,lucid_revision,n16,B1,2485,13.947623,14.911783,-0.9641599999999997,32.172,33.340951790976334,-1.1689517909763367
pi3bplus,fit,lucid_revision,n16,B1,2486,13.770019,14.911783,-1.1417640000000002,32.71,32.883114256175574,-0.1731142561755732
pi3bplus,fit,lucid_revision,n16,B1,2487,13.853457,14.911783,-1.0583259999999992,32.71,33.34089209842356,-0.6308920984235584
pi3bplus,fit,lucid_revision,n16,B1,2488,13.941372,14.911783,-0.9704110000000004,33.248,33.34094782841928,-0.09294782841928395
pi3bplus,fit,lucid_revision,n16,B1,2489,13.832884,14.911783,-1.0788989999999998,33.248,33.34087905704038,-0.0928790570403848
pi3bplus,fit,lucid_revision,n16,B1,2490,13.874185,14.911783,-1.0375979999999991,33.248,33.798630188319486,-0.550630188319488
pi3bplus,fit,lucid_revision,n16,B1,2491,13.904706,14.911783,-1.0070770000000007,33.248,33.340924585559435,-0.09292458555943739
pi3bplus,fit,lucid_revision,n16,B1,2492,13.782728,14.911783,-1.1290549999999993,33.248,32.425397362251516,0.8226026377484814
pi3bplus,fit,lucid_revision,n16,B1,2493,13.845488,14.911783,-1.0662950000000002,32.71,32.88316209655603,-0.17316209655602677
pi3bplus,fit,lucid_revision,n16,B1,2494,13.905278,14.911783,-1.0065050000000006,33.248,33.340924948154644,-0.09292494815464636
pi3bplus,fit,lucid_revision,n16,B1,2495,13.8258,14.911783,-1.0859830000000006,33.248,33.34087456643821,-0.09287456643821201
pi3bplus,fit,lucid_revision,n16,B1,2496,13.932258,14.911783,-0.9795250000000006,33.248,33.340942050984474,-0.09294205098447605
pi3bplus,fit,lucid_revision,n16,B1,2497,13.854914,14.911783,-1.056868999999999,33.248,33.34089302202708,-0.09289302202708427
pi3bplus,fit,lucid_revision,n16,B1,2498,13.825175,14.911783,-1.086608,33.248,33.3408741702459,-0.09287417024589928
pi3bplus,fit,lucid_revision,n16,B1,2499,14.041059,14.911783,-0.8707239999999992,33.248,33.341011020776484,-0.09301102077648693
pi3bplus,fit,lucid_revision,n16,B1,2500,13.862519,14.911783,-1.049263999999999,33.248,33.34089784289516,-0.09289784289516234
pi3bplus,fit,lucid_revision,n16,B1,2501,14.381317,14.911783,-0.5304660000000005,33.248,33.34122671294374,-0.09322671294373919
pi3bplus,fit,lucid_revision,n16,B1,2502,13.85481,14.911783,-1.0569729999999993,33.248,33.34089295610068,-0.09289295610068393
pi3bplus,fit,lucid_revision,n16,B1,2503,13.842206,14.911783,-1.0695770000000007,33.248,33.34088496632799,-0.09288496632799337
pi3bplus,fit,lucid_revision,n16,B1,2504,13.76429,14.911783,-1.147492999999999,33.248,33.34083557477539,-0.09283557477539262
pi3bplus,fit,lucid_revision,n16,B1,2505,13.864341,14.911783,-1.0474420000000002,33.248,33.340898997875,-0.09289899787500389
pi3bplus,fit,lucid_revision,n16,B1,2506,13.751894,14.911783,-1.1598889999999997,33.248,33.3408277168555,-0.09282771685550273
pi3bplus,fit,lucid_revision,n16,B1,2507,13.802414,14.911783,-1.1093689999999992,32.71,33.34085974187266,-0.630859741872662
pi3bplus,fit,lucid_revision,n16,B1,2508,13.860539,14.911783,-1.0512440000000005,33.248,33.34089658775791,-0.0928965877579131
pi3bplus,fit,lucid_revision,n16,B1,2509,13.882206,14.911783,-1.0295769999999997,33.248,33.34091032263611,-0.09291032263611498
pi3bplus,fit,lucid_revision,n16,B1,2510,14.127724,14.911783,-0.7840589999999992,33.248,33.341065958387574,-0.09306595838757659
pi3bplus,fit,lucid_revision,n16,B1,2511,13.794707,14.911783,-1.117075999999999,33.248,33.340854856346,-0.09285485634600121
pi3bplus,fit,lucid_revision,n16,B1,2512,13.768404,14.911783,-1.1433789999999995,33.248,33.34083818267168,-0.09283818267168442
pi3bplus,fit,lucid_revision,n16,B1,2513,13.942882,14.911783,-0.9689009999999989,33.248,33.79867373587697,-0.5506737358769698
pi3bplus,fit,lucid_revision,n16,B1,2514,14.530326,14.911783,-0.38145699999999927,33.248,33.34132117089668,-0.09332117089667946
pi3bplus,fit,lucid_revision,n16,B1,2515,13.80408,14.911783,-1.107702999999999,33.248,32.88313584770585,0.36486415229414604
pi3bplus,fit,lucid_revision,n16,B1,2516,13.936319,14.911783,-0.9754640000000006,33.248,33.340944625283655,-0.09294462528365699
pi3bplus,fit,lucid_revision,n16,B1,2517,13.828508,14.911783,-1.0832750000000004,33.786,32.88315133280322,0.9028486671967784
pi3bplus,fit,lucid_revision,n16,B1,2518,13.960069,14.911783,-0.9517139999999991,33.248,33.3409596805916,-0.09295968059160487
pi3bplus,fit,lucid_revision,n16,B1,2519,13.998298,14.911783,-0.9134849999999997,33.786,33.798708864506246,-0.01270886450624431
pi3bplus,fit,oi_svdd_as_elm_revision,n16,B1,2520,5.791318,5.791318,0.0,33.786,33.37917717019403,0.40682282980596796
pi3bplus,fit,oi_svdd_as_elm_revision,n16,B1,2521,5.503559,5.791318,-0.2877590000000003,33.786,33.83671970780435,-0.050719707804347536
pi3bplus,fit,oi_svdd_as_elm_revision,n16,B1,2522,5.048406,5.791318,-0.7429120000000005,33.248,33.83643118281154,-0.58843118281154
pi3bplus,fit,oi_svdd_as_elm_revision,n16,B1,2523,5.054239,5.791318,-0.7370790000000005,33.786,33.37870993013811,0.40729006986189376
pi3bplus,fit,oi_svdd_as_elm_revision,n16,B1,2524,4.920282,5.791318,-0.8710360000000001,33.248,33.83634996402098,-0.5883499640209848
pi3bplus,fit,oi_svdd_as_elm_revision,n16,B1,2525,4.932261,5.791318,-0.8590570000000008,33.786,33.378632607344294,0.40736739265570776
pi3bplus,fit,oi_svdd_as_elm_revision,n16,B1,2526,5.040749,5.791318,-0.7505690000000005,33.248,33.37870137872319,-0.1307013787231952
pi3bplus,fit,oi_svdd_as_elm_revision,n16,B1,2527,4.929448,5.791318,-0.8618700000000006,33.248,33.83635577441898,-0.5883557744189858
pi3bplus,fit,oi_svdd_as_elm_revision,n16,B1,2528,4.969292,5.791318,-0.8220260000000001,33.248,33.37865608158045,-0.1306560815804545
pi3bplus,fit,oi_svdd_as_elm_revision,n16,B1,2529,4.956532,5.791318,-0.8347860000000003,33.248,34.294097893432266,-1.0460978934322682
pi3bplus,fit,oi_svdd_as_elm_revision,n16,B1,2530,4.930959,5.791318,-0.8603590000000008,33.248,33.37863178199647,-0.1306317819964704
pi3bplus,fit,oi_svdd_as_elm_revision,n16,B1,2531,4.961062,5.791318,-0.8302560000000003,33.248,33.836375814777114,-0.5883758147771161
pi3bplus,fit,oi_svdd_as_elm_revision,n16,B1,2532,5.064448,5.791318,-0.7268700000000008,33.248,33.37871640170185,-0.1307164017018536
pi3bplus,fit,oi_svdd_as_elm_revision,n16,B1,2533,4.954969,5.791318,-0.8363490000000002,33.786,33.37864700212042,0.4073529978795847
pi3bplus,fit,oi_svdd_as_elm_revision,n16,B1,2534,5.047104,5.791318,-0.7442140000000004,33.248,33.836430357463705,-0.5884303574637073
pi3bplus,fit,oi_svdd_as_elm_revision,n16,B1,2535,4.928615,5.791318,-0.8627030000000007,33.248,33.37863029611681,-0.13063029611681287
pi3bplus,fit,oi_svdd_as_elm_revision,n16,B1,2536,4.940698,5.791318,-0.8506200000000002,33.248,33.83636290588065,-0.5883629058806505
pi3bplus,fit,oi_svdd_as_elm_revision,n16,B1,2537,5.519549,5.791318,-0.2717690000000008,33.248,33.83672984398852,-0.5887298439885242
pi3bplus,fit,oi_svdd_as_elm_revision,n16,B1,2538,4.93898,5.791318,-0.8523380000000005,33.248,33.836361816827214,-0.5883618168272164
pi3bplus,fit,oi_svdd_as_elm_revision,n16,B1,2539,5.003042,5.791318,-0.7882760000000006,33.786,33.37867747596543,0.40732252403456926
pi3bplus,fit,oi_svdd_as_elm_revision,n16,B1,2540,5.033718,5.791318,-0.7576,33.248,33.37869692171813,-0.1306969217181333
pi3bplus,fit,oi_svdd_as_elm_revision,n16,B1,2541,4.923147,5.791318,-0.8681710000000002,33.248,33.83635178016655,-0.5883517801665548
pi3bplus,fit,oi_svdd_as_elm_revision,n16,B1,2542,5.061635,5.791318,-0.7296830000000005,33.248,33.37871461851948,-0.13071461851948385
pi3bplus,fit,oi_svdd_as_elm_revision,n16,B1,2543,5.01799,5.791318,-0.7733280000000002,33.786,33.83641190187484,-0.05041190187483835
pi3bplus,fit,oi_svdd_as_elm_revision,n16,B1,2544,4.930073,5.791318,-0.8612450000000003,33.248,33.8363561706113,-0.5883561706113056
pi3bplus,fit,oi_svdd_as_elm_revision,n16,B1,2545,5.001792,5.791318,-0.7895260000000004,32.71,33.37867668358081,-0.6686766835808058
pi3bplus,fit,oi_svdd_as_elm_revision,n16,B1,2546,4.986375,5.791318,-0.8049430000000006,33.248,33.378666910625746,-0.13066691062574876
pi3bplus,fit,oi_svdd_as_elm_revision,n16,B1,2547,4.957104,5.791318,-0.8342140000000002,33.248,33.37864835551336,-0.1306483555133653
pi3bplus,fit,oi_svdd_as_elm_revision,n16,B1,2548,5.042312,5.791318,-0.7490060000000005,33.248,32.92097741926389,0.3270225807361058
pi3bplus,fit,oi_svdd_as_elm_revision,n16,B1,2549,4.948198,5.791318,-0.8431200000000008,33.248,32.92091775967432,0.3270822403256801
pi3bplus,fit,oi_svdd_as_elm_revision,n16,B1,2550,4.940386,5.791318,-0.8509320000000002,32.71,33.37863775784438,-0.6686377578443796
pi3bplus,fit,oi_svdd_as_elm_revision,n16,B1,2551,5.03877,5.791318,-0.752548,32.71,33.37870012421985,-0.6687001242198463
pi3bplus,fit,oi_svdd_as_elm_revision,n16,B1,2552,4.922261,5.791318,-0.8690570000000006,33.248,33.37862626826726,-0.13062626826726387
pi3bplus,fit,oi_svdd_as_elm_revision,n16,B1,2553,5.231061,5.791318,-0.560257,32.71,33.378822018966,-0.6688220189659972
pi3bplus,fit,oi_svdd_as_elm_revision,n16,B1,2554,5.051739,5.791318,-0.739579,32.172,33.37870834536885,-1.2067083453688525
pi3bplus,fit,oi_svdd_as_elm_revision,n16,B1,2555,4.913302,5.791318,-0.8780160000000006,33.248,33.37862058908815,-0.13062058908815288
pi3bplus,fit,oi_svdd_as_elm_revision,n16,B1,2556,4.973823,5.791318,-0.8174950000000001,33.248,33.378658953816256,-0.13065895381625836
pi3bplus,fit,oi_svdd_as_elm_revision,n16,B1,2557,4.966896,5.791318,-0.8244220000000002,33.248,33.378654562737594,-0.1306545627375968
pi3bplus,fit,oi_svdd_as_elm_revision,n16,B1,2558,4.980385,5.791318,-0.8109330000000003,32.71,33.3786631135186,-0.6686631135185976
pi3bplus,fit,oi_svdd_as_elm_revision,n16,B1,2559,5.109447,5.791318,-0.6818710000000001,33.248,33.378744926914585,-0.13074492691458772
pi3bplus,fit,fisvdd_revision,n64,B2,2560,9.577908,9.577908,0.0,33.248,33.97747291264238,-0.7294729126423789
pi3bplus,fit,fisvdd_revision,n64,B2,2561,9.099109,9.577908,-0.4787990000000004,33.786,33.519444448010965,0.26655555198903613
pi3bplus,fit,fisvdd_revision,n64,B2,2562,8.235521,9.577908,-1.3423870000000004,33.786,33.51889701292542,0.2671029870745798
pi3bplus,fit,fisvdd_revision,n64,B2,2563,8.271875,9.577908,-1.306033000000001,33.248,33.97664500826312,-0.728645008263122
pi3bplus,fit,fisvdd_revision,n64,B2,2564,8.462238,9.577908,-1.1156700000000015,33.786,33.519040730578155,0.26695926942184656
pi3bplus,fit,fisvdd_revision,n64,B2,2565,8.356927,9.577908,-1.220981,33.786,33.06124902286698,0.7247509771330201
pi3bplus,fit,fisvdd_revision,n64,B2,2566,8.275885,9.577908,-1.3020230000000002,33.786,33.51892259997595,0.2670774000240499
pi3bplus,fit,fisvdd_revision,n64,B2,2567,8.315,9.577908,-1.2629080000000013,33.786,33.51894739527576,0.26705260472424186
pi3bplus,fit,fisvdd_revision,n64,B2,2568,8.222761,9.577908,-1.3551470000000005,33.248,33.97661387452018,-0.7286138745201853
pi3bplus,fit,fisvdd_revision,n64,B2,2569,8.332812,9.577908,-1.2450960000000002,33.786,33.976683636696826,-0.19068363669682498
pi3bplus,fit,fisvdd_revision,n64,B2,2570,8.334531,9.577908,-1.2433770000000006,33.248,33.976684726384164,-0.7286847263841665
pi3bplus,fit,fisvdd_revision,n64,B2,2571,8.258542,9.577908,-1.3193660000000005,33.248,33.97663655637171,-0.7286365563717112
pi3bplus,fit,fisvdd_revision,n64,B2,2572,8.301145,9.577908,-1.2767630000000008,33.248,33.97666356274159,-0.7286635627415947
pi3bplus,fit,fisvdd_revision,n64,B2,2573,8.324895,9.577908,-1.253013000000001,33.248,34.434403568306585,-1.1864035683065879
pi3bplus,fit,fisvdd_revision,n64,B2,2574,8.260052,9.577908,-1.3178560000000008,33.786,33.51891256331528,0.2670874366847187
pi3bplus,fit,fisvdd_revision,n64,B2,2575,8.381927,9.577908,-1.1959810000000015,34.324,33.97671477107367,0.3472852289263315
pi3bplus,fit,fisvdd_revision,n64,B2,2576,8.30526,9.577908,-1.2726480000000002,33.786,34.43439112152883,-0.6483911215288316
pi3bplus,fit,fisvdd_revision,n64,B2,2577,8.283333,9.577908,-1.294575,33.786,34.43437722183462,-0.6483772218346218
pi3bplus,fit,fisvdd_revision,n64,B2,2578,8.295312,9.577908,-1.2825960000000016,33.786,33.976659865157956,-0.1906598651579543
pi3bplus,fit,fisvdd_revision,n64,B2,2579,8.305416,9.577908,-1.2724920000000015,33.248,34.43439122041843,-1.186391220418436
pi3bplus,fit,fisvdd_revision,n64,B2,2580,8.422916,9.577908,-1.154992,34.324,33.97674075431651,0.34725924568348887
pi3bplus,fit,fisvdd_revision,n64,B2,2581,8.340728,9.577908,-1.2371800000000004,33.786,33.9766886547102,-0.19068865471020047
pi3bplus,fit,fisvdd_revision,n64,B2,2582,8.315052,9.577908,-1.262856000000001,34.324,34.434397328753064,-0.1103973287530664
pi3bplus,fit,fisvdd_revision,n64,B2,2583,8.28677,9.577908,-1.2911380000000001,34.324,34.4343794005754,-0.11037940057540396
pi3bplus,fit,fisvdd_revision,n64,B2,2584,8.450155,9.577908,-1.1277530000000002,33.786,33.976758021328436,-0.19075802132843478
pi3bplus,fit,fisvdd_revision,n64,B2,2585,8.496301,9.577908,-1.081607,34.324,33.976787273633306,0.347212726366692
pi3bplus,fit,fisvdd_revision,n64,B2,2586,8.263489,9.577908,-1.314419000000001,33.786,33.97663969231312,-0.19063969231311972
pi3bplus,fit,fisvdd_revision,n64,B2,2587,8.376249,9.577908,-1.2016590000000011,34.324,33.97671117174573,0.3472888282542712
pi3bplus,fit,fisvdd_revision,n64,B2,2588,8.217396,9.577908,-1.360512,34.324,34.43433542386241,-0.11033542386240924
pi3bplus,fit,fisvdd_revision,n64,B2,2589,8.28927,9.577908,-1.2886380000000006,34.324,34.43438098534466,-0.11038098534466201
pi3bplus,fit,fisvdd_revision,n64,B2,2590,8.371874,9.577908,-1.2060340000000007,33.786,33.97670839839952,-0.19070839839952214
pi3bplus,fit,fisvdd_revision,n64,B2,2591,8.250104,9.577908,-1.3278040000000004,34.324,33.97663120745851,0.3473687925414879
pi3bplus,fit,fisvdd_revision,n64,B2,2592,8.298333,9.577908,-1.2795750000000012,33.786,33.976661780193126,-0.19066178019312474
pi3bplus,fit,fisvdd_revision,n64,B2,2593,8.289947,9.577908,-1.287961000000001,34.324,33.97665646424313,0.3473435357568704
pi3bplus,fit,fisvdd_revision,n64,B2,2594,8.223333,9.577908,-1.3545750000000005,33.786,33.97661423711539,-0.1906142371153905
pi3bplus,fit,fisvdd_revision,n64,B2,2595,8.330468,9.577908,-1.247440000000001,34.324,34.434407101074214,-0.11040710107421603
pi3bplus,fit,fisvdd_revision,n64,B2,2596,8.283645,9.577908,-1.2942630000000008,34.324,33.976652469356786,0.3473475306432121
pi3bplus,fit,fisvdd_revision,n64,B2,2597,8.253645,9.577908,-1.3242630000000002,33.248,33.97663345212569,-0.7286334521256919
pi3bplus,fit,fisvdd_revision,n64,B2,2598,8.260729,9.577908,-1.3171790000000012,34.324,33.97663794272786,0.34736205727213587
pi3bplus,fit,fisvdd_revision,n64,B2,2599,8.330051,9.577908,-1.2478570000000015,34.324,33.97668188647766,0.3473181135223413
pi3bplus,fit,tinydl_revision,n1024,B2,2600,82.732493,82.732493,0.0,33.786,34.12733276332287,-0.34133276332286755
pi3bplus,fit,tinydl_revision,n1024,B2,2601,80.625892,82.732493,-2.106601000000012,33.786,34.58372232297856,-0.7977223229785579
pi3bplus,fit,tinydl_revision,n1024,B2,2602,81.462813,82.732493,-1.2696800000000081,34.324,34.584252853647385,-0.26025285364738693
pi3bplus,fit,tinydl_revision,n1024,B2,2603,78.688248,82.732493,-4.044245000000004,34.324,34.58249403552101,-0.2584940355210108
pi3bplus,fit,tinydl_revision,n1024,B2,2604,78.516374,82.732493,-4.216119000000006,34.324,34.582385083268434,-0.25838508326843623
pi3bplus,fit,tinydl_revision,n1024,B2,2605,78.580175,82.732493,-4.152318000000008,33.786,34.5824255272138,-0.796425527213799
pi3bplus,fit,tinydl_revision,n1024,B2,2606,78.738716,82.732493,-3.9937770000000086,34.324,34.58252602757497,-0.2585260275749732
pi3bplus,fit,tinydl_revision,n1024,B2,2607,79.217879,82.732493,-3.514614000000009,34.862,34.58282977269173,0.27917022730827057
pi3bplus,fit,tinydl_revision,n1024,B2,2608,78.652831,82.732493,-4.079661999999999,34.324,35.040196534668944,-0.7161965346689456
pi3bplus,fit,tinydl_revision,n1024,B2,2609,78.643612,82.732493,-4.088881000000001,34.324,34.582465740416765,-0.2584657404167672
pi3bplus,fit,tinydl_revision,n1024,B2,2610,78.688351,82.732493,-4.044142000000008,34.862,35.04021905107056,-0.17821905107055613
pi3bplus,fit,tinydl_revision,n1024,B2,2611,78.665122,82.732493,-4.0673710000000085,34.324,35.49792927628557,-1.1739292762855698
pi3bplus,fit,tinydl_revision,n1024,B2,2612,80.929429,82.732493,-1.8030640000000062,34.324,34.58391473742105,-0.25991473742104887
pi3bplus,fit,tinydl_revision,n1024,B2,2613,78.727777,82.732493,-4.004716000000002,34.324,34.582519093258604,-0.2585190932586059
pi3bplus,fit,tinydl_revision,n1024,B2,2614,78.796735,82.732493,-3.935758000000007,34.862,35.04028775652306,-0.17828775652305495
pi3bplus,fit,tinydl_revision,n1024,B2,2615,78.78236,82.732493,-3.950133000000008,34.862,34.58255369384276,0.2794463061572401
pi3bplus,fit,tinydl_revision,n1024,B2,2616,78.83163,82.732493,-3.900863000000001,34.862,35.04030987673236,-0.17830987673235654
pi3bplus,fit,tinydl_revision,n1024,B2,2617,78.685433,82.732493,-4.047060000000002,35.4,34.582492251070825,0.8175077489291738
pi3bplus,fit,tinydl_revision,n1024,B2,2618,78.665746,82.732493,-4.0667470000000066,35.4,34.58247977132987,0.8175202286701264
pi3bplus,fit,tinydl_revision,n1024,B2,2619,78.715329,82.732493,-4.017164000000008,34.862,35.04023615263257,-0.17823615263257153
pi3bplus,fit,tinydl_revision,n1024,B2,2620,78.923765,82.732493,-3.808728000000002,34.862,35.04036828181859,-0.17836828181858522
pi3bplus,fit,tinydl_revision,n1024,B2,2621,78.661943,82.732493,-4.070550000000011,34.862,35.04020231083594,-0.1782023108359354
pi3bplus,fit,tinydl_revision,n1024,B2,2622,81.066667,82.732493,-1.6658260000000098,34.862,35.499451634160515,-0.637451634160513
pi3bplus,fit,tinydl_revision,n1024,B2,2623,78.663141,82.732493,-4.069352000000009,34.862,35.49792802051441,-0.635928020514406
pi3bplus,fit,tinydl_revision,n1024,B2,2624,78.818088,82.732493,-3.914405000000002,34.862,35.49802624261129,-0.6360262426112868
pi3bplus,fit,tinydl_revision,n1024,B2,2625,79.10694,82.732493,-3.6255530000000107,35.4,35.04048439786211,0.3595156021378898
pi3bplus,fit,tinydl_revision,n1024,B2,2626,79.033035,82.732493,-3.699458000000007,35.4,35.04043754891331,0.3595624510866884
pi3bplus,fit,tinydl_revision,n1024,B2,2627,78.868661,82.732493,-3.863832000000002,35.4,35.498058301225555,-0.09805830122555648
pi3bplus,fit,tinydl_revision,n1024,B2,2628,78.830275,82.732493,-3.902218000000005,35.4,35.04030901778742,0.35969098221257667
pi3bplus,fit,tinydl_revision,n1024,B2,2629,78.777723,82.732493,-3.9547700000000106,34.862,35.49800065492685,-0.6360006549268462
pi3bplus,fit,tinydl_revision,n1024,B2,2630,78.865586,82.732493,-3.866907000000012,35.4,35.49805635195937,-0.09805635195937157
pi3bplus,fit,tinydl_revision,n1024,B2,2631,78.806003,82.732493,-3.926490000000001,35.4,35.04029363157965,0.35970636842034764
pi3bplus,fit,tinydl_revision,n1024,B2,2632,80.6712,82.732493,-2.0612930000000063,35.4,34.58375104406877,0.8162489559312291
pi3bplus,fit,tinydl_revision,n1024,B2,2633,78.723608,82.732493,-4.0088850000000065,34.862,35.49796635101149,-0.6359663510114899
pi3bplus,fit,tinydl_revision,n1024,B2,2634,78.756368,82.732493,-3.9761250000000103,35.4,35.49798711782785,-0.09798711782784864
pi3bplus,fit,tinydl_revision,n1024,B2,2635,79.001315,82.732493,-3.731178,35.4,35.49814239161801,-0.09814239161801197
pi3bplus,fit,tinydl_revision,n1024,B2,2636,79.234855,82.732493,-3.497638000000009,34.862,35.498290434423005,-0.6362904344230031
pi3bplus,fit,tinydl_revision,n1024,B2,2637,78.746941,82.732493,-3.9855519999999984,34.862,36.41343104249403,-1.5514310424940305
pi3bplus,fit,tinydl_revision,n1024,B2,2638,78.701785,82.732493,-4.030708000000004,35.4,35.49795251724369,-0.0979525172436908
pi3bplus,fit,tinydl_revision,n1024,B2,2639,78.714857,82.732493,-4.01763600000001,35.4,35.49796080368518,-0.0979608036851829
pi3bplus,fit,oi_svdd_as_elm_revision,n512,B1,2640,53.609498,54.487461,-0.8779630000000012,35.4,34.367687881431316,1.032312118568683
pi3bplus,fit,oi_svdd_as_elm_revision,n512,B1,2641,54.487461,54.487461,0.0,34.862,35.2836943294542,-0.4216943294541977
pi3bplus,fit,oi_svdd_as_elm_revision,n512,B1,2642,51.033577,54.487461,-3.453884000000002,34.862,34.36605498526672,0.49594501473328023
pi3bplus,fit,oi_svdd_as_elm_revision,n512,B1,2643,51.012483,54.487461,-3.474978,34.862,34.823766563874685,0.038233436125317155
pi3bplus,fit,oi_svdd_as_elm_revision,n512,B1,2644,50.890609,54.487461,-3.5968520000000055,35.4,35.28141425726432,0.11858574273567513
pi3bplus,fit,oi_svdd_as_elm_revision,n512,B1,2645,50.944202,54.487461,-3.543259000000006,34.862,34.82372328002281,0.03827671997719051
pi3bplus,fit,oi_svdd_as_elm_revision,n512,B1,2646,51.056753,54.487461,-3.4307080000000028,35.4,35.28151957722576,0.11848042277424042
pi3bplus,fit,oi_svdd_as_elm_revision,n512,B1,2647,50.830713,54.487461,-3.6567480000000003,34.862,34.36592638821443,0.49607361178556886
pi3bplus,fit,oi_svdd_as_elm_revision,n512,B1,2648,51.123888,54.487461,-3.3635730000000024,34.862,34.823837184362354,0.038162815637647896
pi3bplus,fit,oi_svdd_as_elm_revision,n512,B1,2649,50.969149,54.487461,-3.5183120000000017,34.324,34.82373909411828,-0.4997390941182829
pi3bplus,fit,oi_svdd_as_elm_revision,n512,B1,2650,51.154774,54.487461,-3.332687,34.324,34.823856763235675,-0.49985676323567674
pi3bplus,fit,oi_svdd_as_elm_revision,n512,B1,2651,50.849411,54.487461,-3.63805,34.324,34.365938241020665,-0.04193824102066657
pi3bplus,fit,oi_svdd_as_elm_revision,n512,B1,2652,50.893212,54.487461,-3.594249000000005,34.324,34.823690957069026,-0.4996909570690278
pi3bplus,fit,oi_svdd_as_elm_revision,n512,B1,2653,50.928628,54.487461,-3.558833,34.862,35.28143835780129,-0.41943835780129035
pi3bplus,fit,oi_svdd_as_elm_revision,n512,B1,2654,50.872899,54.487461,-3.6145620000000065,34.862,34.82367808050185,0.03832191949815211
pi3bplus,fit,oi_svdd_as_elm_revision,n512,B1,2655,53.089187,54.487461,-1.3982740000000007,34.862,34.36735805228039,0.49464194771961445
pi3bplus,fit,oi_svdd_as_elm_revision,n512,B1,2656,50.886753,54.487461,-3.6007080000000045,34.862,34.82368686265917,0.03831313734082897
pi3bplus,fit,oi_svdd_as_elm_revision,n512,B1,2657,50.874202,54.487461,-3.6132590000000064,34.324,34.823678906483586,-0.49967890648358804
pi3bplus,fit,oi_svdd_as_elm_revision,n512,B1,2658,50.897327,54.487461,-3.590134000000006,34.324,34.36596861534217,-0.04196861534217078
pi3bplus,fit,oi_svdd_as_elm_revision,n512,B1,2659,50.933888,54.487461,-3.553573,34.324,34.365991791641704,-0.0419917916417063
pi3bplus,fit,oi_svdd_as_elm_revision,n512,B1,2660,50.75191,54.487461,-3.735551000000001,34.862,34.365876434385704,0.4961235656142975
pi3bplus,fit,oi_svdd_as_elm_revision,n512,B1,2661,50.801441,54.487461,-3.6860200000000063,34.324,34.365907832468146,-0.04190783246814789
pi3bplus,fit,oi_svdd_as_elm_revision,n512,B1,2662,50.768004,54.487461,-3.7194570000000056,34.324,34.82361158675333,-0.49961158675333195
pi3bplus,fit,oi_svdd_as_elm_revision,n512,B1,2663,50.848628,54.487461,-3.6388330000000053,33.786,34.36593774467094,-0.5799377446709357
pi3bplus,fit,oi_svdd_as_elm_revision,n512,B1,2664,50.899774,54.487461,-3.5876870000000025,34.324,34.823695116771376,-0.49969511677137746
pi3bplus,fit,oi_svdd_as_elm_revision,n512,B1,2665,53.459132,54.487461,-1.0283290000000065,34.324,34.367592563265625,-0.04359256326562644
pi3bplus,fit,oi_svdd_as_elm_revision,n512,B1,2666,50.86467,54.487461,-3.6227910000000065,34.324,34.36594791381831,-0.04194791381831209
pi3bplus,fit,oi_svdd_as_elm_revision,n512,B1,2667,51.012481,54.487461,-3.474980000000002,34.324,34.36604161234982,-0.04204161234981996
pi3bplus,fit,oi_svdd_as_elm_revision,n512,B1,2668,51.619404,54.487461,-2.8680570000000003,34.324,34.36642634551473,-0.04242634551473401
pi3bplus,fit,oi_svdd_as_elm_revision,n512,B1,2669,50.845087,54.487461,-3.6423740000000038,34.324,34.82366045026081,-0.4996604502608122
pi3bplus,fit,oi_svdd_as_elm_revision,n512,B1,2670,50.881701,54.487461,-3.6057600000000036,34.862,34.365958709900404,0.49604129009959763
pi3bplus,fit,oi_svdd_as_elm_revision,n512,B1,2671,50.842534,54.487461,-3.6449270000000027,34.324,34.82365883189444,-0.49965883189444327
pi3bplus,fit,oi_svdd_as_elm_revision,n512,B1,2672,50.916074,54.487461,-3.5713870000000014,34.862,34.36598049920988,0.49601950079011914
pi3bplus,fit,oi_svdd_as_elm_revision,n512,B1,2673,50.749045,54.487461,-3.738416000000001,34.862,34.365874618240134,0.4961253817598674
pi3bplus,fit,oi_svdd_as_elm_revision,n512,B1,2674,51.044512,54.487461,-3.442949000000006,34.862,34.36606191704746,0.4959380829525415
pi3bplus,fit,oi_svdd_as_elm_revision,n512,B1,2675,53.427569,54.487461,-1.059892000000005,34.324,34.82529750549384,-0.5012975054938451
pi3bplus,fit,oi_svdd_as_elm_revision,n512,B1,2676,50.863159,54.487461,-3.624302,34.324,34.36594695598377,-0.04194695598377507
pi3bplus,fit,oi_svdd_as_elm_revision,n512,B1,2677,50.882013,54.487461,-3.6054480000000027,34.324,34.365958907679605,-0.041958907679607194
pi3bplus,fit,oi_svdd_as_elm_revision,n512,B1,2678,51.803413,54.487461,-2.684048000000004,34.324,34.366542990237285,-0.042542990237286915
pi3bplus,fit,oi_svdd_as_elm_revision,n512,B1,2679,50.930866,54.487461,-3.5565950000000015,34.862,34.36598987597262,0.49601012402737865
pi3bplus,fit,fisvdd_revision,n64,B0,2680,8.397289,11.039407,-2.642118,33.786,33.69745211997093,0.08854788002906844
pi3bplus,fit,fisvdd_revision,n64,B0,2681,8.568746,11.039407,-2.4706609999999998,33.786,33.69756080788399,0.08843919211601303
pi3bplus,fit,fisvdd_revision,n64,B0,2682,8.279009,11.039407,-2.7603980000000004,34.324,33.23965219111075,1.0843478088892482
pi3bplus,fit,fisvdd_revision,n64,B0,2683,8.339789,11.039407,-2.699618000000001,33.786,33.697415670278,0.08858432972200347
pi3bplus,fit,fisvdd_revision,n64,B0,2684,8.321352,11.039407,-2.7180550000000014,33.786,33.69740398292168,0.08859601707832354
pi3bplus,fit,fisvdd_revision,n64,B0,2685,8.283279,11.039407,-2.7561280000000004,33.786,33.697379848153695,0.08862015184630678
pi3bplus,fit,fisvdd_revision,n64,B0,2686,8.305571,11.039407,-2.733836,33.248,34.15511892948127,-0.9071189294812712
pi3bplus,fit,fisvdd_revision,n64,B0,2687,8.363123,11.039407,-2.6762840000000008,33.786,33.23970551162329,0.5462944883767094
pi3bplus,fit,fisvdd_revision,n64,B0,2688,8.282758,11.039407,-2.7566490000000012,33.786,33.23965456763073,0.5463454323692716
pi3bplus,fit,fisvdd_revision,n64,B0,2689,8.375101,11.039407,-2.664306,33.248,33.23971310456976,0.008286895430238417
pi3bplus,fit,fisvdd_revision,n64,B0,2690,8.433539,11.039407,-2.605868000000001,34.324,33.23975014886812,1.0842498511318794
pi3bplus,fit,fisvdd_revision,n64,B0,2691,8.635308,11.039407,-2.4040990000000004,33.248,33.23987805179147,0.008121948208525964
pi3bplus,fit,fisvdd_revision,n64,B0,2692,8.414841,11.039407,-2.6245660000000015,33.786,33.23973829606189,0.5462617039381144
pi3bplus,fit,fisvdd_revision,n64,B0,2693,8.34682,11.039407,-2.6925870000000014,33.248,33.23969517702601,0.008304822973990156
pi3bplus,fit,fisvdd_revision,n64,B0,2694,8.453851,11.039407,-2.5855560000000004,33.248,33.239763024801384,0.00823697519861355
pi3bplus,fit,fisvdd_revision,n64,B0,2695,8.369007,11.039407,-2.6704000000000008,33.248,33.23970924153622,0.008290758463779468
pi3bplus,fit,fisvdd_revision,n64,B0,2696,8.324321,11.039407,-2.715086000000001,33.248,33.239680914736596,0.00831908526340186
pi3bplus,fit,fisvdd_revision,n64,B0,2697,8.327446,11.039407,-2.7119610000000005,33.248,33.23968289569817,0.00831710430183108
pi3bplus,fit,fisvdd_revision,n64,B0,2698,8.307654,11.039407,-2.731753000000001,32.71,33.23967034939691,-0.529670349396909
pi3bplus,fit,fisvdd_revision,n64,B0,2699,8.286456,11.039407,-2.7529510000000013,33.248,33.23965691182141,0.008343088178584424
pi3bplus,fit,fisvdd_revision,n64,B0,2700,8.379789,11.039407,-2.659618,33.248,32.78199112607202,0.46600887392797574
pi3bplus,fit,fisvdd_revision,n64,B0,2701,8.469684,11.039407,-2.5697229999999998,33.248,32.78204811120499,0.46595188879500427
pi3bplus,fit,fisvdd_revision,n64,B0,2702,8.320935,11.039407,-2.718472,32.172,33.23967876832511,-1.0676787683251163
pi3bplus,fit,fisvdd_revision,n64,B0,2703,8.291196,11.039407,-2.7482110000000013,32.71,33.23965991654393,-0.5296599165439275
pi3bplus,fit,fisvdd_revision,n64,B0,2704,8.360987,11.039407,-2.678420000000001,33.248,33.23970415759644,0.008295842403555298
pi3bplus,fit,fisvdd_revision,n64,B0,2705,8.274842,11.039407,-2.764565000000001,33.248,33.239649549617354,0.00835045038264326
pi3bplus,fit,fisvdd_revision,n64,B0,2706,8.269425,11.039407,-2.7699820000000006,32.71,33.239646115739326,-0.5296461157393253
pi3bplus,fit,fisvdd_revision,n64,B0,2707,8.440518,11.039407,-2.598889,32.172,32.78202962265293,-0.6100296226529309
pi3bplus,fit,fisvdd_revision,n64,B0,2708,11.039407,11.039407,0.0,32.71,32.783677078409646,-0.07367707840964499
pi3bplus,fit,fisvdd_revision,n64,B0,2709,8.324216,11.039407,-2.715191000000001,32.71,33.239680848176285,-0.5296808481762838
pi3bplus,fit,fisvdd_revision,n64,B0,2710,8.335883,11.039407,-2.703524,33.248,33.23968824397746,0.008311756022536088
pi3bplus,fit,fisvdd_revision,n64,B0,2711,8.295102,11.039407,-2.7443050000000007,32.71,32.78193744233037,-0.07193744233036625
pi3bplus,fit,fisvdd_revision,n64,B0,2712,8.327862,11.039407,-2.711545000000001,33.248,32.78195820914672,0.466041790853275
pi3bplus,fit,fisvdd_revision,n64,B0,2713,8.343903,11.039407,-2.6955040000000015,32.71,32.781968377660185,-0.07196837766018405
pi3bplus,fit,fisvdd_revision,n64,B0,2714,8.262185,11.039407,-2.777222,33.248,32.7819165759905,0.4660834240094971
pi3bplus,fit,fisvdd_revision,n64,B0,2715,8.333279,11.039407,-2.7061280000000014,32.71,32.3242366927677,0.38576330723230257
pi3bplus,fit,fisvdd_revision,n64,B0,2716,8.353591,11.039407,-2.685816000000001,32.71,32.324249568700964,0.3857504312990372
pi3bplus,fit,fisvdd_revision,n64,B0,2717,8.302602,11.039407,-2.7368050000000004,32.71,32.78194219663814,-0.07194219663814039
pi3bplus,fit,fisvdd_revision,n64,B0,2718,8.455153,11.039407,-2.5842540000000014,32.172,32.782038899892164,-0.6100388998921673
pi3bplus,fit,fisvdd_revision,n64,B0,2719,8.334841,11.039407,-2.704566,32.71,32.781962633188584,-0.07196263318858342
pi3bplus,fit,lucid_revision,n16,B2,2720,14.944849,15.521772,-0.5769230000000007,32.71,33.48122013481594,-0.7712201348159411
pi3bplus,fit,lucid_revision,n16,B2,2721,14.574279,15.521772,-0.9474929999999997,33.248,33.02326027738134,0.22473972261865782
pi3bplus,fit,lucid_revision,n16,B2,2722,13.941574,15.521772,-1.580198000000001,33.786,33.02285920080802,0.7631407991919801
pi3bplus,fit,lucid_revision,n16,B2,2723,13.971262,15.521772,-1.550510000000001,33.248,33.02287802025992,0.22512197974008075
pi3bplus,fit,lucid_revision,n16,B2,2724,13.772357,15.521772,-1.7494150000000008,33.248,33.48047688310527,-0.23247688310527082
pi3bplus,fit,lucid_revision,n16,B2,2725,13.817201,15.521772,-1.7045709999999996,33.248,33.480505310062306,-0.232505310062308
pi3bplus,fit,lucid_revision,n16,B2,2726,13.848398,15.521772,-1.6733740000000008,32.71,33.480525086080924,-0.770525086080923
pi3bplus,fit,lucid_revision,n16,B2,2727,13.853607,15.521772,-1.6681650000000001,33.786,33.480528388106144,0.3054716118938572
pi3bplus,fit,lucid_revision,n16,B2,2728,13.81845,15.521772,-1.703322,33.786,33.93823105207009,-0.15223105207008558
pi3bplus,fit,lucid_revision,n16,B2,2729,13.866887,15.521772,-1.6548850000000002,33.248,33.480536806400444,-0.2325368064004465
pi3bplus,fit,lucid_revision,n16,B2,2730,13.736315,15.521772,-1.785457000000001,33.786,33.93817898606089,-0.1521789860608891
pi3bplus,fit,lucid_revision,n16,B2,2731,13.784023,15.521772,-1.7377490000000009,33.248,33.480484278272534,-0.23248427827253693
pi3bplus,fit,lucid_revision,n16,B2,2732,13.912513,15.521772,-1.6092589999999998,33.248,33.93829067933037,-0.6902906793303742
pi3bplus,fit,lucid_revision,n16,B2,2733,13.808242,15.521772,-1.7135300000000004,33.786,34.3959495313973,-0.609949531397298
pi3bplus,fit,lucid_revision,n16,B2,2734,13.967095,15.521772,-1.5546769999999999,33.248,34.396050229537664,-1.1480502295376667
pi3bplus,fit,lucid_revision,n16,B2,2735,13.909387,15.521772,-1.6123849999999997,33.786,34.396013647991936,-0.6100136479919342
pi3bplus,fit,lucid_revision,n16,B2,2736,13.800533,15.521772,-1.7212390000000006,33.786,33.93821969434577,-0.1522196943457672
pi3bplus,fit,lucid_revision,n16,B2,2737,13.915793,15.521772,-1.6059789999999996,33.248,33.93829275854763,-0.6902927585476348
pi3bplus,fit,lucid_revision,n16,B2,2738,13.78043,15.521772,-1.7413419999999995,34.324,34.39593190115626,-0.0719319011562618
pi3bplus,fit,lucid_revision,n16,B2,2739,14.048761,15.521772,-1.4730109999999996,33.786,33.9383770479871,-0.15237704798710183
pi3bplus,fit,lucid_revision,n16,B2,2740,13.886002,15.521772,-1.6357700000000008,33.786,34.39599882406029,-0.6099988240602912
pi3bplus,fit,lucid_revision,n16,B2,2741,13.762356,15.521772,-1.7594159999999999,33.786,33.938195493651385,-0.15219549365138363
pi3bplus,fit,lucid_revision,n16,B2,2742,13.787617,15.521772,-1.7341550000000012,33.786,33.93821150679388,-0.15221150679387563
pi3bplus,fit,lucid_revision,n16,B2,2743,13.857251,15.521772,-1.6645210000000006,33.786,34.395980598579925,-0.6099805985799236
pi3bplus,fit,lucid_revision,n16,B2,2744,13.843867,15.521772,-1.6779050000000009,33.786,33.93824716410218,-0.1522471641021781
pi3bplus,fit,lucid_revision,n16,B2,2745,13.94246,15.521772,-1.5793119999999998,34.324,33.93830966296436,0.3856903370356406
pi3bplus,fit,lucid_revision,n16,B2,2746,13.757097,15.521772,-1.7646750000000004,33.786,34.395917110187824,-0.6099171101878227
pi3bplus,fit,lucid_revision,n16,B2,2747,13.808971,15.521772,-1.7128010000000007,34.324,33.48050009300191,0.8434999069980904
pi3bplus,fit,lucid_revision,n16,B2,2748,13.879856,15.521772,-1.6419160000000002,34.862,34.39599492806355,0.4660050719364506
pi3bplus,fit,lucid_revision,n16,B2,2749,13.793033,15.521772,-1.728739000000001,33.786,33.938214940037994,-0.15221494003799307
pi3bplus,fit,lucid_revision,n16,B2,2750,13.794283,15.521772,-1.7274890000000003,33.248,34.39594068267967,-1.1479406826796748
pi3bplus,fit,lucid_revision,n16,B2,2751,13.879648,15.521772,-1.6421240000000008,33.786,34.39599479621075,-0.6099947962107493
pi3bplus,fit,lucid_revision,n16,B2,2752,15.521772,15.521772,0.0,34.324,34.39703575126387,-0.0730357512638733
pi3bplus,fit,lucid_revision,n16,B2,2753,13.849543,15.521772,-1.6722289999999997,34.324,34.39597571241935,-0.07197571241935208
pi3bplus,fit,lucid_revision,n16,B2,2754,13.927147,15.521772,-1.5946250000000006,34.324,33.9382999559357,0.3857000440643006
pi3bplus,fit,lucid_revision,n16,B2,2755,14.682403,15.521772,-0.8393689999999996,34.324,34.39650366878899,-0.07250366878898973
pi3bplus,fit,lucid_revision,n16,B2,2756,13.802304,15.521772,-1.7194680000000009,34.324,34.39594576725336,-0.07194576725336077
pi3bplus,fit,lucid_revision,n16,B2,2757,13.873554,15.521772,-1.648218,34.324,34.39599093317721,-0.0719909331772115
pi3bplus,fit,lucid_revision,n16,B2,2758,13.801627,15.521772,-1.7201450000000005,34.324,34.395945338097846,-0.07194533809784787
pi3bplus,fit,lucid_revision,n16,B2,2759,13.870429,15.521772,-1.6513430000000007,34.324,33.48053905170153,0.8434609482984712
pi3bplus,fit,fisvdd_revision,n64,B1,2760,9.634415,10.409826,-0.7754110000000001,33.786,34.75332243878263,-0.9673224387826309
pi3bplus,fit,fisvdd_revision,n64,B1,2761,9.3565,10.409826,-1.0533260000000002,34.324,33.83769636580921,0.48630363419079004
pi3bplus,fit,fisvdd_revision,n64,B1,2762,8.303642,10.409826,-2.1061840000000007,34.324,34.294753901269736,0.02924609873026185
pi3bplus,fit,fisvdd_revision,n64,B1,2763,8.37458,10.409826,-2.0352460000000008,34.324,34.29479886941438,0.02920113058561924
pi3bplus,fit,fisvdd_revision,n64,B1,2764,8.329476,10.409826,-2.080350000000001,34.324,33.837045327384295,0.4869546726157026
pi3bplus,fit,fisvdd_revision,n64,B1,2765,8.414839,10.409826,-1.994987,33.786,33.83709943964756,-0.05109943964755814
pi3bplus,fit,fisvdd_revision,n64,B1,2766,8.320621,10.409826,-2.0892050000000015,33.248,33.837039714131585,-0.5890397141315873
pi3bplus,fit,fisvdd_revision,n64,B1,2767,8.454787,10.409826,-1.955039000000001,33.786,34.294849713249526,-0.5088497132495249
pi3bplus,fit,fisvdd_revision,n64,B1,2768,8.28182,10.409826,-2.128006000000001,34.324,33.83701511787879,0.48698488212120594
pi3bplus,fit,fisvdd_revision,n64,B1,2769,8.433954,10.409826,-1.9758720000000007,33.786,34.29483650705035,-0.5088365070503471
pi3bplus,fit,fisvdd_revision,n64,B1,2770,8.391454,10.409826,-2.018372000000001,34.324,34.29480956597296,0.02919043402703636
pi3bplus,fit,fisvdd_revision,n64,B1,2771,8.324528,10.409826,-2.085298,34.324,33.83704219080898,0.4869578091910185
pi3bplus,fit,fisvdd_revision,n64,B1,2772,8.4126,10.409826,-1.9972260000000013,34.324,33.37937307007115,0.9446269299288446
pi3bplus,fit,fisvdd_revision,n64,B1,2773,8.292184,10.409826,-2.117642,34.324,33.837021687698225,0.4869783123017726
pi3bplus,fit,fisvdd_revision,n64,B1,2774,8.281195,10.409826,-2.1286310000000004,34.324,33.37928977142943,0.9447102285705711
pi3bplus,fit,fisvdd_revision,n64,B1,2775,8.50635,10.409826,-1.9034760000000013,33.786,34.294882399432424,-0.508882399432423
pi3bplus,fit,fisvdd_revision,n64,B1,2776,8.341246,10.409826,-2.0685800000000008,34.324,33.83705278847796,0.4869472115220361
pi3bplus,fit,fisvdd_revision,n64,B1,2777,8.377079,10.409826,-2.0327470000000005,33.786,33.83707550329269,-0.05107550329268662
pi3bplus,fit,fisvdd_revision,n64,B1,2778,8.345309,10.409826,-2.0645170000000004,33.786,33.83705536404496,-0.05105536404495581
pi3bplus,fit,fisvdd_revision,n64,B1,2779,8.29359,10.409826,-2.1162360000000007,33.786,33.83702257897246,-0.05102257897245721
pi3bplus,fit,fisvdd_revision,n64,B1,2780,8.387756,10.409826,-2.022070000000001,33.248,34.29480722178228,-1.0468072217822808
pi3bplus,fit,fisvdd_revision,n64,B1,2781,8.372808,10.409826,-2.0370180000000015,33.786,33.37934784561583,0.4066521543841688
pi3bplus,fit,fisvdd_revision,n64,B1,2782,8.436766,10.409826,-1.9730600000000003,33.786,33.83711333934176,-0.05111333934176088
pi3bplus,fit,fisvdd_revision,n64,B1,2783,8.328799,10.409826,-2.0810270000000006,33.786,34.29476984848582,-0.5087698484858194
pi3bplus,fit,fisvdd_revision,n64,B1,2784,8.296611,10.409826,-2.1132150000000003,33.248,33.83702449400763,-0.5890244940076315
pi3bplus,fit,fisvdd_revision,n64,B1,2785,8.249736,10.409826,-2.1600900000000003,34.324,33.836994779584046,0.48700522041595207
pi3bplus,fit,fisvdd_revision,n64,B1,2786,8.304632,10.409826,-2.105194000000001,33.786,33.37930462832426,0.4066953716757382
pi3bplus,fit,fisvdd_revision,n64,B1,2787,8.360464,10.409826,-2.0493620000000004,33.248,33.837064970916195,-0.5890649709161977
pi3bplus,fit,fisvdd_revision,n64,B1,2788,8.244216,10.409826,-2.165610000000001,33.786,33.83699128041352,-0.050991280413519746
pi3bplus,fit,fisvdd_revision,n64,B1,2789,8.340777,10.409826,-2.0690490000000015,33.248,33.83705249117524,-0.589052491175245
pi3bplus,fit,fisvdd_revision,n64,B1,2790,8.282809,10.409826,-2.1270170000000004,33.786,33.37929079455646,0.4067092054435406
pi3bplus,fit,fisvdd_revision,n64,B1,2791,8.34208,10.409826,-2.0677460000000014,33.248,33.837053317156986,-0.5890533171569885
pi3bplus,fit,fisvdd_revision,n64,B1,2792,8.664733,10.409826,-1.7450930000000007,33.248,33.83725784937913,-0.5892578493791305
pi3bplus,fit,fisvdd_revision,n64,B1,2793,8.35734,10.409826,-2.052486,33.248,34.29478794084558,-1.046787940845583
pi3bplus,fit,fisvdd_revision,n64,B1,2794,10.409826,10.409826,0.0,33.248,33.83836407727453,-0.5903640772745291
pi3bplus,fit,fisvdd_revision,n64,B1,2795,8.339475,10.409826,-2.0703510000000005,33.248,33.379326715570365,-0.13132671557036701
pi3bplus,fit,fisvdd_revision,n64,B1,2796,8.287549,10.409826,-2.1222770000000004,33.248,33.83701874953602,-0.5890187495360237
pi3bplus,fit,fisvdd_revision,n64,B1,2797,8.318746,10.409826,-2.09108,33.786,33.37931357529759,0.40668642470241423
pi3bplus,fit,fisvdd_revision,n64,B1,2798,8.335725,10.409826,-2.0741010000000006,33.248,33.379324338416474,-0.1313243384164764
pi3bplus,fit,fisvdd_revision,n64,B1,2799,8.356038,10.409826,-2.053788000000001,33.248,33.8370621652407,-0.5890621652407049
pi3bplus,fit,fisvdd_revision,n1024,B0,2800,85.094532,86.975766,-1.881233999999992,33.248,33.322544941318206,-0.07454494131820866
pi3bplus,fit,fisvdd_revision,n1024,B0,2801,84.884897,86.975766,-2.090868999999998,33.248,33.32241205207686,-0.07441205207685897
pi3bplus,fit,fisvdd_revision,n1024,B0,2802,84.595264,86.975766,-2.380501999999993,33.248,33.32222845148707,-0.07422845148707324
pi3bplus,fit,fisvdd_revision,n1024,B0,2803,84.705106,86.975766,-2.2706599999999924,33.248,33.780023031434055,-0.5320230314340577
pi3bplus,fit,fisvdd_revision,n1024,B0,2804,84.800105,86.975766,-2.175660999999991,33.786,33.32235830177489,0.4636416982251106
pi3bplus,fit,fisvdd_revision,n1024,B0,2805,84.677815,86.975766,-2.2979509999999976,33.786,33.322280781201876,0.4637192187981256
pi3bplus,fit,fisvdd_revision,n1024,B0,2806,84.504274,86.975766,-2.471491999999998,33.786,33.322170772225164,0.4638292277748377
pi3bplus,fit,fisvdd_revision,n1024,B0,2807,86.693999,86.975766,-0.2817669999999879,33.248,33.78128380602748,-0.5332838060274838
pi3bplus,fit,fisvdd_revision,n1024,B0,2808,84.701148,86.975766,-2.2746179999999896,33.248,33.32229557217031,-0.07429557217031402
pi3bplus,fit,fisvdd_revision,n1024,B0,2809,85.17453,86.975766,-1.8012359999999887,33.786,33.32259565266664,0.4634043473333591
pi3bplus,fit,fisvdd_revision,n1024,B0,2810,84.510992,86.975766,-2.4647739999999914,33.786,33.779899981074166,0.006100018925835116
pi3bplus,fit,fisvdd_revision,n1024,B0,2811,84.918074,86.975766,-2.0576919999999888,33.786,33.780158033489776,0.00584196651022495
pi3bplus,fit,fisvdd_revision,n1024,B0,2812,84.769219,86.975766,-2.2065469999999863,33.248,33.78006367315862,-0.5320636731586248
pi3bplus,fit,fisvdd_revision,n1024,B0,2813,84.872343,86.975766,-2.1034229999999923,33.248,33.780129044256604,-0.5321290442566067
pi3bplus,fit,fisvdd_revision,n1024,B0,2814,84.839271,86.975766,-2.1364949999999965,33.248,34.2378330299181,-0.9898330299181026
pi3bplus,fit,fisvdd_revision,n1024,B0,2815,85.236612,86.975766,-1.7391539999999992,33.786,33.78035995718172,0.005640042818278346
pi3bplus,fit,fisvdd_revision,n1024,B0,2816,84.719792,86.975766,-2.255973999999995,33.248,33.32230739074553,-0.07430739074553117
pi3bplus,fit,fisvdd_revision,n1024,B0,2817,86.975766,86.975766,0.0,33.248,33.323737470042225,-0.07573747004222753
pi3bplus,fit,fisvdd_revision,n1024,B0,2818,86.046294,86.975766,-0.9294719999999899,33.248,34.23859817109567,-0.9905981710956695
pi3bplus,fit,fisvdd_revision,n1024,B0,2819,84.963801,86.975766,-2.0119649999999893,34.324,33.78018702018732,0.5438129798126781
pi3bplus,fit,fisvdd_revision,n1024,B0,2820,84.782031,86.975766,-2.1937349999999896,33.248,33.780071794784114,-0.532071794784116
pi3bplus,fit,fisvdd_revision,n1024,B0,2821,84.916458,86.975766,-2.0593079999999873,33.786,33.78015700909493,0.005842990905073009
pi3bplus,fit,fisvdd_revision,n1024,B0,2822,84.731926,86.975766,-2.2438399999999916,34.324,33.78004003283865,0.5439599671613493
pi3bplus,fit,fisvdd_revision,n1024,B0,2823,84.95156,86.975766,-2.0242059999999924,34.324,33.32245431026607,1.0015456897339305
pi3bplus,fit,fisvdd_revision,n1024,B0,2824,84.794634,86.975766,-2.181131999999991,33.786,33.32235483366585,0.4636451663341532
pi3bplus,fit,fisvdd_revision,n1024,B0,2825,85.007601,86.975766,-1.968164999999999,33.786,33.78021478534472,0.005785214655283255
pi3bplus,fit,fisvdd_revision,n1024,B0,2826,84.692395,86.975766,-2.2833709999999883,34.324,33.78001497383324,0.5439850261667587
pi3bplus,fit,fisvdd_revision,n1024,B0,2827,86.860766,86.975766,-0.11499999999999488,33.248,33.32366457065636,-0.07566457065636456
pi3bplus,fit,fisvdd_revision,n1024,B0,2828,85.017445,86.975766,-1.958320999999998,33.786,33.78022102553214,0.0057789744678586885
pi3bplus,fit,fisvdd_revision,n1024,B0,2829,85.003539,86.975766,-1.9722269999999895,33.786,33.78021221041163,0.005787789588374892
pi3bplus,fit,fisvdd_revision,n1024,B0,2830,84.81802,86.975766,-2.157745999999989,33.786,33.78009460848845,0.0059053915115541145
pi3bplus,fit,fisvdd_revision,n1024,B0,2831,84.95557,86.975766,-2.0201959999999985,33.786,34.237906752750064,-0.4519067527500624
pi3bplus,fit,fisvdd_revision,n1024,B0,2832,84.649217,86.975766,-2.326549,33.248,33.32226265270938,-0.07426265270937904
pi3bplus,fit,fisvdd_revision,n1024,B0,2833,84.715154,86.975766,-2.2606119999999947,33.786,34.237754351195704,-0.45175435119570295
pi3bplus,fit,fisvdd_revision,n1024,B0,2834,84.862654,86.975766,-2.113111999999987,33.786,33.32239795206782,0.4636020479321843
pi3bplus,fit,fisvdd_revision,n1024,B0,2835,84.880206,86.975766,-2.095559999999992,33.786,33.780134028672876,0.005865971327125408
pi3bplus,fit,fisvdd_revision,n1024,B0,2836,84.597916,86.975766,-2.377849999999995,33.248,33.77995508286735,-0.5319550828673556
pi3bplus,fit,fisvdd_revision,n1024,B0,2837,86.636235,86.975766,-0.3395309999999938,34.324,33.323522238725864,1.0004777612741336
pi3bplus,fit,fisvdd_revision,n1024,B0,2838,84.738331,86.975766,-2.2374349999999907,33.786,34.23776904327454,-0.45176904327453826
pi3bplus,fit,fisvdd_revision,n1024,B0,2839,84.701404,86.975766,-2.2743619999999964,33.786,33.780020684707736,0.005979315292265142
pi3bplus,fit,oi_svdd_as_elm_revision,n512,B0,2840,51.041215,53.79958,-2.7583649999999977,33.248,32.853248781686176,0.39475121831382154
pi3bplus,fit,oi_svdd_as_elm_revision,n512,B0,2841,51.045121,53.79958,-2.754458999999997,33.786,33.31097620798671,0.4750237920132889
pi3bplus,fit,oi_svdd_as_elm_revision,n512,B0,2842,52.671569,53.79958,-1.1280110000000008,33.248,33.312007225902676,-0.06400722590267804
pi3bplus,fit,oi_svdd_as_elm_revision,n512,B0,2843,51.246371,53.79958,-2.5532089999999954,33.248,33.76882873216903,-0.5208287321690293
pi3bplus,fit,oi_svdd_as_elm_revision,n512,B0,2844,50.842831,53.79958,-2.956749000000002,33.786,33.31084797479744,0.4751520252025614
pi3bplus,fit,oi_svdd_as_elm_revision,n512,B0,2845,50.791322,53.79958,-3.008257999999998,33.248,33.310815322845556,-0.0628153228455588
pi3bplus,fit,oi_svdd_as_elm_revision,n512,B0,2846,51.074652,53.79958,-2.7249279999999985,33.248,33.31099492791509,-0.06299492791509209
pi3bplus,fit,oi_svdd_as_elm_revision,n512,B0,2847,50.965955,53.79958,-2.833624999999998,33.248,33.310926024049486,-0.06292602404948866
pi3bplus,fit,oi_svdd_as_elm_revision,n512,B0,2848,51.046266,53.79958,-2.753313999999996,33.786,33.31097693381103,0.4750230661889745
pi3bplus,fit,oi_svdd_as_elm_revision,n512,B0,2849,51.234182,53.79958,-2.565398000000002,33.248,33.311096055210974,-0.06309605521097694
pi3bplus,fit,oi_svdd_as_elm_revision,n512,B0,2850,51.021163,53.79958,-2.7784169999999975,33.248,33.768685971083016,-0.5206859710830187
pi3bplus,fit,oi_svdd_as_elm_revision,n512,B0,2851,51.104808,53.79958,-2.6947720000000004,33.786,33.31101404403579,0.47498595596421467
pi3bplus,fit,oi_svdd_as_elm_revision,n512,B0,2852,53.346407,53.79958,-0.4531729999999996,33.786,33.77015996116631,0.015840038833694337
pi3bplus,fit,oi_svdd_as_elm_revision,n512,B0,2853,51.504754,53.79958,-2.2948260000000005,33.248,33.76899252314309,-0.520992523143093
pi3bplus,fit,oi_svdd_as_elm_revision,n512,B0,2854,51.076787,53.79958,-2.722792999999996,33.248,33.768721231565095,-0.5207212315650978
pi3bplus,fit,oi_svdd_as_elm_revision,n512,B0,2855,51.005121,53.79958,-2.7944589999999963,33.248,33.310950851678584,-0.06295085167858616
pi3bplus,fit,oi_svdd_as_elm_revision,n512,B0,2856,51.094443,53.79958,-2.7051370000000006,33.786,33.31100747358244,0.47499252641755874
pi3bplus,fit,oi_svdd_as_elm_revision,n512,B0,2857,51.085536,53.79958,-2.7140440000000012,33.248,32.85327687710949,0.39472312289051104
pi3bplus,fit,oi_svdd_as_elm_revision,n512,B0,2858,51.090901,53.79958,-2.7086789999999965,33.248,33.31100522828136,-0.06300522828136224
pi3bplus,fit,oi_svdd_as_elm_revision,n512,B0,2859,51.208661,53.79958,-2.5909189999999995,33.248,33.31107987725248,-0.0630798772524841
pi3bplus,fit,oi_svdd_as_elm_revision,n512,B0,2860,50.953714,53.79958,-2.845866000000001,33.248,32.85319331412824,0.3948066858717567
pi3bplus,fit,oi_svdd_as_elm_revision,n512,B0,2861,50.896735,53.79958,-2.9028449999999992,32.71,33.31088214495827,-0.6008821449582697
pi3bplus,fit,oi_svdd_as_elm_revision,n512,B0,2862,53.79958,53.79958,0.0,33.248,33.31272228076481,-0.06472228076481201
pi3bplus,fit,oi_svdd_as_elm_revision,n512,B0,2863,50.905538,53.79958,-2.894041999999999,33.248,33.76861267550484,-0.520612675504843
pi3bplus,fit,oi_svdd_as_elm_revision,n512,B0,2864,51.085016,53.79958,-2.7145639999999958,33.248,33.31100149773453,-0.06300149773453256
pi3bplus,fit,oi_svdd_as_elm_revision,n512,B0,2865,51.064755,53.79958,-2.7348250000000007,33.248,33.310988654130554,-0.06298865413055665
pi3bplus,fit,oi_svdd_as_elm_revision,n512,B0,2866,51.075172,53.79958,-2.724407999999997,33.786,33.3109952575471,0.4750047424529029
pi3bplus,fit,oi_svdd_as_elm_revision,n512,B0,2867,51.112462,53.79958,-2.687117999999998,32.71,33.31101889596535,-0.6010188959653462
pi3bplus,fit,oi_svdd_as_elm_revision,n512,B0,2868,50.994963,53.79958,-2.8046170000000004,33.786,33.31094441244414,0.47505558755586463
pi3bplus,fit,oi_svdd_as_elm_revision,n512,B0,2869,51.010224,53.79958,-2.789355999999998,33.248,33.3109540865096,-0.062954086509599
pi3bplus,fit,oi_svdd_as_elm_revision,n512,B0,2870,51.092515,53.79958,-2.707065,33.248,33.31100625140839,-0.063006251408396
pi3bplus,fit,oi_svdd_as_elm_revision,n512,B0,2871,50.948505,53.79958,-2.8510750000000016,33.248,33.768639912617125,-0.5206399126171277
pi3bplus,fit,oi_svdd_as_elm_revision,n512,B0,2872,53.563071,53.79958,-0.23650899999999808,33.248,33.312572355887845,-0.06457235588784727
pi3bplus,fit,oi_svdd_as_elm_revision,n512,B0,2873,51.113349,53.79958,-2.6862309999999994,33.248,33.31101945824148,-0.06301945824148447
pi3bplus,fit,oi_svdd_as_elm_revision,n512,B0,2874,51.039442,53.79958,-2.7601379999999978,33.248,32.85324765776782,0.3947523422321808
pi3bplus,fit,oi_svdd_as_elm_revision,n512,B0,2875,51.22892,53.79958,-2.5706599999999966,33.248,33.7688176698457,-0.5208176698457052
pi3bplus,fit,oi_svdd_as_elm_revision,n512,B0,2876,51.094389,53.79958,-2.7051909999999992,33.248,33.31100743935143,-0.0630074393514306
pi3bplus,fit,oi_svdd_as_elm_revision,n512,B0,2877,50.90538,53.79958,-2.894199999999998,33.248,32.85316267483332,0.3948373251666766
pi3bplus,fit,oi_svdd_as_elm_revision,n512,B0,2878,51.069806,53.79958,-2.729773999999999,32.71,33.31099185599836,-0.6009918559983589
pi3bplus,fit,oi_svdd_as_elm_revision,n512,B0,2879,51.023817,53.79958,-2.7757629999999978,33.248,33.76868765347406,-0.520687653474063
pi3bplus,margin,oi_svdd_as_elm_revision,n16,B1,0,6.691823,5.791318,0.9005049999999999,31.096,31.54884820622205,-0.45284820622205046
pi3bplus,margin,oi_svdd_as_elm_revision,n16,B1,1,6.14115,5.791318,0.34983199999999925,32.172,32.46394903087954,-0.29194903087954316
pi3bplus,margin,oi_svdd_as_elm_revision,n16,B1,2,9.00967,5.791318,3.2183519999999994,31.096,32.465767407804165,-1.369767407804165
pi3bplus,margin,oi_svdd_as_elm_revision,n16,B1,3,5.004545,5.791318,-0.7867730000000002,31.096,31.547778627700506,-0.4517786277005058
pi3bplus,margin,oi_svdd_as_elm_revision,n16,B1,4,4.90689,5.791318,-0.8844280000000007,32.172,31.547716723443752,0.6242832765562447
pi3bplus,margin,oi_svdd_as_elm_revision,n16,B1,5,5.001003,5.791318,-0.7903150000000005,31.096,31.547776382399416,-0.45177638239941587
pi3bplus,margin,oi_svdd_as_elm_revision,n16,B1,6,4.91866,5.791318,-0.8726580000000004,31.634,32.005449134794475,-0.3714491347944744
pi3bplus,margin,oi_svdd_as_elm_revision,n16,B1,7,4.83564,5.791318,-0.9556780000000007,31.634,32.00539650777696,-0.3713965077769572
pi3bplus,margin,oi_svdd_as_elm_revision,n16,B1,8,4.905483,5.791318,-0.8858350000000002,31.096,31.547715831535616,-0.45171583153561556
pi3bplus,margin,oi_svdd_as_elm_revision,n16,B1,9,4.898191,5.791318,-0.8931270000000007,32.172,31.547711209080642,0.6242887909193549
pi3bplus,margin,oi_svdd_as_elm_revision,n16,B1,10,4.940431,5.791318,-0.8508870000000002,31.634,32.00546293559908,-0.3714629355990766
pi3bplus,margin,oi_svdd_as_elm_revision,n16,B1,11,5.02267,5.791318,-0.7686480000000007,32.172,32.00551506753468,0.16648493246531615
pi3bplus,margin,oi_svdd_as_elm_revision,n16,B1,12,4.84814,5.791318,-0.9431780000000005,32.172,31.547679481366192,0.6243205186338052
pi3bplus,margin,oi_svdd_as_elm_revision,n16,B1,13,4.888609,5.791318,-0.9027090000000006,31.096,32.00543008523409,-0.9094300852340886
pi3bplus,margin,oi_svdd_as_elm_revision,n16,B1,14,5.006576,5.791318,-0.7847420000000005,31.096,31.54777991516705,-0.4517799151670516
pi3bplus,margin,oi_svdd_as_elm_revision,n16,B1,15,4.875431,5.791318,-0.9158870000000006,31.634,32.005421731598375,-0.37142173159837455
pi3bplus,margin,oi_svdd_as_elm_revision,n16,B1,16,4.897618,5.791318,-0.8937000000000008,31.634,31.54771084585153,0.08628915414847071
pi3bplus,margin,oi_svdd_as_elm_revision,n16,B1,17,5.00168,5.791318,-0.7896380000000001,31.096,32.00550176181199,-0.9095017618119918
pi3bplus,margin,oi_svdd_as_elm_revision,n16,B1,18,4.894025,5.791318,-0.8972930000000003,31.096,31.54770856822115,-0.45170856822115013
pi3bplus,margin,oi_svdd_as_elm_revision,n16,B1,19,5.131158,5.791318,-0.6601600000000003,32.172,31.547858888656524,0.6241411113434729
pi3bplus,margin,oi_svdd_as_elm_revision,n16,B1,20,4.987201,5.791318,-0.8041170000000006,31.096,31.5477676332053,-0.4517676332053
pi3bplus,margin,oi_svdd_as_elm_revision,n16,B1,21,4.8609,5.791318,-0.9304180000000004,31.096,31.547687570028483,-0.4516875700284828
pi3bplus,margin,oi_svdd_as_elm_revision,n16,B1,22,4.920587,5.791318,-0.8707310000000001,31.634,32.00545035633462,-0.37145035633461987
pi3bplus,margin,oi_svdd_as_elm_revision,n16,B1,23,4.902774,5.791318,-0.8885440000000004,31.634,31.547714114279646,0.08628588572035412
pi3bplus,margin,oi_svdd_as_elm_revision,n16,B1,24,4.875431,5.791318,-0.9158870000000006,31.634,32.005421731598375,-0.37142173159837455
pi3bplus,margin,oi_svdd_as_elm_revision,n16,B1,25,4.929077,5.791318,-0.862241,31.096,31.547730787953963,-0.45173078795396293
pi3bplus,margin,oi_svdd_as_elm_revision,n16,B1,26,4.930014,5.791318,-0.8613040000000005,31.634,31.547731381925484,0.08626861807451647
pi3bplus,margin,oi_svdd_as_elm_revision,n16,B1,27,4.909181,5.791318,-0.8821370000000002,31.634,32.005443125983355,-0.3714431259833546
pi3bplus,margin,oi_svdd_as_elm_revision,n16,B1,28,5.155429,5.791318,-0.6358890000000006,32.172,32.00559922448744,0.16640077551255672
pi3bplus,margin,oi_svdd_as_elm_revision,n16,B1,29,4.894181,5.791318,-0.8971370000000007,31.634,31.54770866711075,0.08629133288924962
pi3bplus,margin,oi_svdd_as_elm_revision,n16,B1,30,4.927723,5.791318,-0.8635950000000001,31.096,32.005454879899986,-0.909454879899986
pi3bplus,margin,oi_svdd_as_elm_revision,n16,B1,31,4.996316,5.791318,-0.7950020000000002,31.634,32.00549836153107,-0.3714983615310672
pi3bplus,margin,oi_svdd_as_elm_revision,n16,B1,32,4.849962,5.791318,-0.9413560000000007,32.172,31.547680636346026,0.6243193636539708
pi3bplus,margin,oi_svdd_as_elm_revision,n16,B1,33,4.875848,5.791318,-0.91547,31.096,32.00542199593789,-0.9094219959378869
pi3bplus,margin,oi_svdd_as_elm_revision,n16,B1,34,6.610417,5.791318,0.8190989999999996,31.096,32.46424650284567,-1.3682465028456683
pi3bplus,margin,oi_svdd_as_elm_revision,n16,B1,35,4.851994,5.791318,-0.939324,32.172,31.547681924446483,0.6243180755535143
pi3bplus,margin,oi_svdd_as_elm_revision,n16,B1,36,4.916681,5.791318,-0.8746370000000008,31.096,32.463172830548174,-1.3671728305481743
pi3bplus,margin,oi_svdd_as_elm_revision,n16,B1,37,4.874859,5.791318,-0.9164590000000006,31.634,31.547696418746117,0.08630358125388327
pi3bplus,margin,oi_svdd_as_elm_revision,n16,B1,38,5.299594,5.791318,-0.4917240000000005,31.634,31.54796566153441,0.08603433846559128
pi3bplus,margin,oi_svdd_as_elm_revision,n16,B1,39,5.323553,5.791318,-0.467765,31.096,32.46343074984317,-1.3674307498431695
pi3bplus,margin,lucid_revision,n1,B0,40,3.882678,5.146567,-1.2638890000000003,31.096,31.787561700984874,-0.6915617009848738
pi3bplus,margin,lucid_revision,n1,B0,41,3.687628,5.146567,-1.458939,31.096,31.787438057287375,-0.6914380572873746
pi3bplus,margin,lucid_revision,n1,B0,42,3.689294,5.146567,-1.4572730000000003,31.096,31.329714163120556,-0.23371416312055615
pi3bplus,margin,lucid_revision,n1,B0,43,3.588774,5.146567,-1.5577930000000002,30.558,31.787375392975292,-1.2293753929752924
pi3bplus,margin,lucid_revision,n1,B0,44,3.558202,5.146567,-1.588365,31.096,31.787356013148987,-0.6913560131489866
pi3bplus,margin,lucid_revision,n1,B0,45,3.599191,5.146567,-1.5473760000000003,31.096,31.329657046134784,-0.233657046134784
pi3bplus,margin,lucid_revision,n1,B0,46,3.543462,5.146567,-1.6031050000000002,31.096,31.329621719092394,-0.23362171909239393
pi3bplus,margin,lucid_revision,n1,B0,47,4.706422,5.146567,-0.44014500000000023,31.096,31.330358928394844,-0.23435892839484396
pi3bplus,margin,lucid_revision,n1,B0,48,3.640076,5.146567,-1.506491,31.096,31.329682963451226,-0.2336829634512263
pi3bplus,margin,lucid_revision,n1,B0,49,3.556171,5.146567,-1.5903960000000001,31.096,31.32962977542539,-0.23362977542538843
pi3bplus,margin,lucid_revision,n1,B0,50,3.540858,5.146567,-1.605709,31.096,31.329620068396736,-0.23362006839673555
pi3bplus,margin,lucid_revision,n1,B0,51,3.579816,5.146567,-1.566751,31.096,31.329644764173032,-0.23364476417303237
pi3bplus,margin,lucid_revision,n1,B0,52,3.582368,5.146567,-1.564199,31.096,31.32964638190549,-0.23364638190549059
pi3bplus,margin,lucid_revision,n1,B0,53,3.614816,5.146567,-1.5317510000000003,31.634,31.787391901199697,-0.15339190119969714
pi3bplus,margin,lucid_revision,n1,B0,54,3.524087,5.146567,-1.62248,31.634,31.329609437130642,0.30439056286935795
pi3bplus,margin,lucid_revision,n1,B0,55,3.558306,5.146567,-1.5882610000000001,30.558,31.787356079075387,-1.2293560790753872
pi3bplus,margin,lucid_revision,n1,B0,56,3.645232,5.146567,-1.501335,31.096,30.87196128162229,0.2240387183777095
pi3bplus,margin,lucid_revision,n1,B0,57,3.572472,5.146567,-1.5740950000000002,31.096,31.32964010875486,-0.23364010875485874
pi3bplus,margin,lucid_revision,n1,B0,58,3.546535,5.146567,-1.6000320000000001,30.558,31.329623667090765,-0.7716236670907648
pi3bplus,margin,lucid_revision,n1,B0,59,3.60919,5.146567,-1.5373770000000002,31.096,31.329663384577906,-0.23366338457790548
pi3bplus,margin,lucid_revision,n1,B0,60,3.643982,5.146567,-1.5025850000000003,31.096,31.32968543949471,-0.23368543949471032
pi3bplus,margin,lucid_revision,n1,B0,61,3.635753,5.146567,-1.5108140000000003,31.096,31.329680223068223,-0.23368022306822311
pi3bplus,margin,lucid_revision,n1,B0,62,3.586483,5.146567,-1.5600840000000002,31.096,30.41419908992158,0.6818009100784188
pi3bplus,margin,lucid_revision,n1,B0,63,3.547941,5.146567,-1.5986260000000003,31.096,30.871899608107945,0.22410039189205477
pi3bplus,margin,lucid_revision,n1,B0,64,3.60768,5.146567,-1.538887,31.096,31.329662427377272,-0.23366242737727205
pi3bplus,margin,lucid_revision,n1,B0,65,3.564869,5.146567,-1.5816980000000003,31.096,31.329635289154595,-0.23363528915459497
pi3bplus,margin,lucid_revision,n1,B0,66,3.575389,5.146567,-1.5711780000000002,31.096,30.871917007606577,0.22408299239342355
pi3bplus,margin,lucid_revision,n1,B0,67,3.594243,5.146567,-1.552324,31.096,31.329653909559468,-0.23365390955946808
pi3bplus,margin,lucid_revision,n1,B0,68,3.551899,5.146567,-1.594668,30.558,31.329627067371682,-0.7716270673716821
pi3bplus,margin,lucid_revision,n1,B0,69,3.599191,5.146567,-1.5473760000000003,30.558,31.329657046134784,-0.7716570461347843
pi3bplus,margin,lucid_revision,n1,B0,70,3.557211,5.146567,-1.589356,31.096,31.329630434689406,-0.23363043468940603
pi3bplus,margin,lucid_revision,n1,B0,71,3.564034,5.146567,-1.5825330000000002,31.096,31.32963475984166,-0.23363475984166016
pi3bplus,margin,lucid_revision,n1,B0,72,3.623566,5.146567,-1.5230010000000003,30.558,31.329672497635045,-0.7716724976350449
pi3bplus,margin,lucid_revision,n1,B0,73,3.551535,5.146567,-1.5950320000000002,31.096,31.32962683662928,-0.23362683662928063
pi3bplus,margin,lucid_revision,n1,B0,74,3.577524,5.146567,-1.5690430000000002,31.096,30.871918360999523,0.2240816390004774
pi3bplus,margin,lucid_revision,n1,B0,75,3.675492,5.146567,-1.471075,31.096,31.32970541392644,-0.2337054139264403
pi3bplus,margin,lucid_revision,n1,B0,76,3.528462,5.146567,-1.618105,31.096,31.787337160733898,-0.6913371607338981
pi3bplus,margin,lucid_revision,n1,B0,77,3.627941,5.146567,-1.5186260000000003,31.096,30.871950320724196,0.22404967927580444
pi3bplus,margin,lucid_revision,n1,B0,78,3.55117,5.146567,-1.5953970000000002,31.096,30.871901654995916,0.22409834500408365
pi3bplus,margin,lucid_revision,n1,B0,79,3.559191,5.146567,-1.587376,31.096,31.329631689826655,-0.23363168982665528
pi3bplus,margin,fisvdd_revision,n64,B2,80,9.519353,9.577908,-0.058555000000000135,30.558,31.688811042891558,-1.1308110428915583
pi3bplus,margin,fisvdd_revision,n64,B2,81,10.584605,9.577908,1.006696999999999,31.096,31.68948631434015,-0.5934863143401508
pi3bplus,margin,fisvdd_revision,n64,B2,82,8.162853,9.577908,-1.4150550000000006,31.096,32.145676097349295,-1.0496760973492947
pi3bplus,margin,fisvdd_revision,n64,B2,83,8.073114,9.577908,-1.5047940000000004,31.096,32.145619211105924,-1.0496192111059237
pi3bplus,margin,fisvdd_revision,n64,B2,84,8.078843,9.577908,-1.4990649999999999,31.096,31.6878978925061,-0.5918978925061005
pi3bplus,margin,fisvdd_revision,n64,B2,85,8.235352,9.577908,-1.342556,31.634,32.14572205502387,-0.511722055023867
pi3bplus,margin,fisvdd_revision,n64,B2,86,8.092437,9.577908,-1.4854710000000004,31.634,32.60335641036152,-0.9693564103615202
pi3bplus,margin,fisvdd_revision,n64,B2,87,8.109207,9.577908,-1.4687010000000011,32.172,31.6879171404796,0.48408285952039876
pi3bplus,margin,fisvdd_revision,n64,B2,88,8.116031,9.577908,-1.4618770000000012,32.172,32.14564641652282,0.026353583477174425
pi3bplus,margin,fisvdd_revision,n64,B2,89,8.066135,9.577908,-1.5117730000000016,32.172,32.14561478706406,0.026385212935934987
pi3bplus,margin,fisvdd_revision,n64,B2,90,8.213685,9.577908,-1.3642230000000009,32.172,32.60343327040271,-0.43143327040271373
pi3bplus,margin,fisvdd_revision,n64,B2,91,8.195248,9.577908,-1.3826600000000013,32.172,32.603421583046384,-0.43142158304638656
pi3bplus,margin,fisvdd_revision,n64,B2,92,8.084156,9.577908,-1.4937520000000006,32.172,32.14562621071478,0.026373789285216276
pi3bplus,margin,fisvdd_revision,n64,B2,93,8.150666,9.577908,-1.4272420000000015,32.172,32.145668371916116,0.026331628083880787
pi3bplus,margin,fisvdd_revision,n64,B2,94,8.238634,9.577908,-1.3392740000000014,32.172,32.603449085765995,-0.4314490857659976
pi3bplus,margin,fisvdd_revision,n64,B2,95,8.214311,9.577908,-1.3635970000000004,31.634,32.60343366722893,-0.9694336672289268
pi3bplus,margin,fisvdd_revision,n64,B2,96,8.141499,9.577908,-1.4364090000000012,32.172,31.687937610627152,0.48406238937284485
pi3bplus,margin,fisvdd_revision,n64,B2,97,8.111811,9.577908,-1.4660970000000013,32.172,32.603368691689354,-0.4313686916893573
pi3bplus,margin,fisvdd_revision,n64,B2,98,8.091708,9.577908,-1.4862000000000002,32.172,32.6033559482428,-0.4313559482428033
pi3bplus,margin,fisvdd_revision,n64,B2,99,8.192957,9.577908,-1.384951000000001,32.172,32.60342013076384,-0.4314201307638399
pi3bplus,margin,fisvdd_revision,n64,B2,100,8.192488,9.577908,-1.3854199999999999,32.172,32.603419833461125,-0.43141983346112767
pi3bplus,margin,fisvdd_revision,n64,B2,101,8.122488,9.577908,-1.4554200000000002,32.172,32.60337545992191,-0.4313754599219095
pi3bplus,margin,fisvdd_revision,n64,B2,102,8.108895,9.577908,-1.4690130000000003,32.172,32.603366843214495,-0.4313668432144979
pi3bplus,margin,fisvdd_revision,n64,B2,103,8.125457,9.577908,-1.452451,32.172,32.60337734199388,-0.4313773419938798
pi3bplus,margin,fisvdd_revision,n64,B2,104,8.160718,9.577908,-1.4171900000000015,32.172,32.603399694213394,-0.43139969421339686
pi3bplus,margin,fisvdd_revision,n64,B2,105,8.254571,9.577908,-1.3233370000000004,32.71,32.60345918835306,0.10654081164694418
pi3bplus,margin,fisvdd_revision,n64,B2,106,8.092072,9.577908,-1.4858360000000008,32.71,33.06108112924227,-0.3510811292422673
pi3bplus,margin,fisvdd_revision,n64,B2,107,8.093583,9.577908,-1.4843250000000001,33.248,32.603357136819746,0.6446428631802519
pi3bplus,margin,fisvdd_revision,n64,B2,108,8.137332,9.577908,-1.440576,32.172,32.60338486964785,-0.43138486964785017
pi3bplus,margin,fisvdd_revision,n64,B2,109,8.054885,9.577908,-1.5230230000000002,32.172,32.60333260585945,-0.43133260585945266
pi3bplus,margin,fisvdd_revision,n64,B2,110,8.226342,9.577908,-1.351566,32.71,32.603441293772505,0.10655870622749575
pi3bplus,margin,fisvdd_revision,n64,B2,111,8.159937,9.577908,-1.4179710000000014,32.172,32.60339919913148,-0.4313991991314836
pi3bplus,margin,fisvdd_revision,n64,B2,112,8.065354,9.577908,-1.5125540000000015,32.172,33.061064192496254,-0.8890641924962566
pi3bplus,margin,fisvdd_revision,n64,B2,113,8.107489,9.577908,-1.4704190000000015,32.71,33.06109090219732,-0.35109090219732053
pi3bplus,margin,fisvdd_revision,n64,B2,114,8.279102,9.577908,-1.2988060000000008,32.71,33.061199688999984,-0.35119968899998355
pi3bplus,margin,fisvdd_revision,n64,B2,115,8.162645,9.577908,-1.4152630000000013,32.172,32.60340091575354,-0.43140091575354234
pi3bplus,margin,fisvdd_revision,n64,B2,116,8.137801,9.577908,-1.4401070000000011,32.71,32.60338516695056,0.10661483304944142
pi3bplus,margin,fisvdd_revision,n64,B2,117,8.120926,9.577908,-1.456982,32.71,33.06109942001513,-0.3510994200151316
pi3bplus,margin,fisvdd_revision,n64,B2,118,8.072177,9.577908,-1.5057310000000008,33.248,32.60334356739145,0.6446564326085493
pi3bplus,margin,fisvdd_revision,n64,B2,119,8.165144,9.577908,-1.412764000000001,32.71,32.60340249988889,0.10659750011111413
pi3bplus,margin,tinydl_revision,n1,B2,120,3.598983,3.521075,0.07790799999999987,33.248,32.61849757484419,0.6295024251558061
pi3bplus,margin,tinydl_revision,n1,B2,121,3.302266,3.521075,-0.21880900000000025,32.71,32.61830948365224,0.09169051634776082
pi3bplus,margin,tinydl_revision,n1,B2,122,2.941488,3.521075,-0.5795870000000001,32.172,32.618080783698915,-0.44608078369891757
pi3bplus,margin,tinydl_revision,n1,B2,123,2.922842,3.521075,-0.598233,32.172,32.61806896385588,-0.4460689638558861
pi3bplus,margin,tinydl_revision,n1,B2,124,2.890811,3.521075,-0.6302640000000004,32.172,32.61804865915824,-0.44604865915824377
pi3bplus,margin,tinydl_revision,n1,B2,125,2.940029,3.521075,-0.5810460000000002,32.71,32.61807985882758,0.09192014117242309
pi3bplus,margin,tinydl_revision,n1,B2,126,2.986591,3.521075,-0.534484,33.248,33.533559275352154,-0.2855592753521563
pi3bplus,margin,tinydl_revision,n1,B2,127,6.07464,3.521075,2.5535649999999994,32.172,33.535516813400946,-1.363516813400949
pi3bplus,margin,tinydl_revision,n1,B2,128,2.945445,3.521075,-0.5756300000000003,32.71,33.075808242328755,-0.36580824232875386
pi3bplus,margin,tinydl_revision,n1,B2,129,2.858728,3.521075,-0.662347,32.71,33.53347822201151,-0.8234782220115093
pi3bplus,margin,tinydl_revision,n1,B2,130,2.954404,3.521075,-0.5666710000000004,32.71,33.075813921507866,-0.36581392150786485
pi3bplus,margin,tinydl_revision,n1,B2,131,2.890602,3.521075,-0.6304730000000003,32.71,33.533498427185634,-0.8234984271856334
pi3bplus,margin,tinydl_revision,n1,B2,132,2.872061,3.521075,-0.6490140000000002,32.71,33.07576172364587,-0.3657617236458677
pi3bplus,margin,tinydl_revision,n1,B2,133,2.908831,3.521075,-0.612244,33.248,33.53350998268916,-0.28550998268916317
pi3bplus,margin,tinydl_revision,n1,B2,134,2.945185,3.521075,-0.5758900000000002,32.71,33.075808077512754,-0.365808077512753
pi3bplus,margin,tinydl_revision,n1,B2,135,2.886123,3.521075,-0.6349520000000002,33.248,33.07577063765599,0.1722293623440052
pi3bplus,margin,tinydl_revision,n1,B2,136,3.069403,3.521075,-0.4516720000000003,32.71,33.53361177051687,-0.8236117705168695
pi3bplus,margin,tinydl_revision,n1,B2,137,2.887998,3.521075,-0.6330770000000001,32.71,33.533496776489976,-0.823496776489975
pi3bplus,margin,tinydl_revision,n1,B2,138,2.854093,3.521075,-0.666982,32.172,33.533475283849306,-1.361475283849309
pi3bplus,margin,tinydl_revision,n1,B2,139,2.960185,3.521075,-0.5608900000000001,32.71,33.53354253638535,-0.8235425363853466
pi3bplus,margin,tinydl_revision,n1,B2,140,2.897477,3.521075,-0.6235980000000003,33.248,33.07577783504405,0.17222216495594722
pi3bplus,margin,tinydl_revision,n1,B2,141,2.890811,3.521075,-0.6302640000000004,32.172,33.0757736094153,-0.9037736094153033
pi3bplus,margin,tinydl_revision,n1,B2,142,2.934352,3.521075,-0.5867230000000001,32.71,33.0758012103906,-0.3658012103906003
pi3bplus,margin,tinydl_revision,n1,B2,143,2.941122,3.521075,-0.5799530000000002,32.71,33.07580550194575,-0.3658055019457507
pi3bplus,margin,tinydl_revision,n1,B2,144,2.955758,3.521075,-0.5653170000000003,32.172,33.0758147798189,-0.9038147798189016
pi3bplus,margin,tinydl_revision,n1,B2,145,2.884144,3.521075,-0.6369310000000001,32.71,33.53349433340969,-0.8234943334096911
pi3bplus,margin,tinydl_revision,n1,B2,146,2.867217,3.521075,-0.653858,33.248,33.07575865299695,0.1722413470030446
pi3bplus,margin,tinydl_revision,n1,B2,147,3.153673,3.521075,-0.36740200000000023,32.71,32.61821528940491,0.09178471059509263
pi3bplus,margin,tinydl_revision,n1,B2,148,2.902633,3.521075,-0.6184420000000004,32.71,33.53350605372921,-0.8235060537292114
pi3bplus,margin,tinydl_revision,n1,B2,149,2.865811,3.521075,-0.6552640000000003,32.172,33.533482711979765,-1.3614827119797681
pi3bplus,margin,tinydl_revision,n1,B2,150,2.938206,3.521075,-0.5828690000000001,32.71,33.07580365347089,-0.3658036534708913
pi3bplus,margin,tinydl_revision,n1,B2,151,2.895237,3.521075,-0.6258380000000003,32.71,33.53350136534784,-0.8235013653478376
pi3bplus,margin,tinydl_revision,n1,B2,152,2.888363,3.521075,-0.6327120000000002,32.71,33.07577205760924,-0.3657720576092416
pi3bplus,margin,tinydl_revision,n1,B2,153,2.954091,3.521075,-0.5669840000000002,32.71,32.618088772837694,0.09191122716230637
pi3bplus,margin,tinydl_revision,n1,B2,154,2.887217,3.521075,-0.633858,32.71,33.53349628140806,-0.8234962814080617
pi3bplus,margin,tinydl_revision,n1,B2,155,2.959091,3.521075,-0.5619840000000003,32.71,33.07581689263327,-0.3658168926332692
pi3bplus,margin,tinydl_revision,n1,B2,156,2.90779,3.521075,-0.6132850000000003,32.71,33.075784372534194,-0.3657843725341934
pi3bplus,margin,tinydl_revision,n1,B2,157,5.683861,3.521075,2.162786,33.786,33.53526909558261,0.250730904417388
pi3bplus,margin,tinydl_revision,n1,B2,158,6.029849,3.521075,2.5087739999999994,33.248,33.53548842004101,-0.28748842004101505
pi3bplus,margin,tinydl_revision,n1,B2,159,2.893207,3.521075,-0.6278680000000003,33.248,33.5335000785152,-0.28550007851520576
pi3bplus,margin,lucid_revision,n16,B1,160,15.881854,14.911783,0.9700710000000008,32.71,32.884452964649846,-0.17445296464984494
pi3bplus,margin,lucid_revision,n16,B1,161,14.49348,14.911783,-0.41830299999999987,33.248,32.8835728636764,0.3644271363235987
pi3bplus,margin,lucid_revision,n16,B1,162,13.778954,14.911783,-1.1328289999999992,32.71,32.883119920140906,-0.1731199201409055
pi3bplus,margin,lucid_revision,n16,B1,163,13.838953,14.911783,-1.0728299999999997,32.172,33.340882904226234,-1.168882904226237
pi3bplus,margin,lucid_revision,n16,B1,164,13.755308,14.911783,-1.1564750000000004,32.71,33.340829881016404,-0.6308298810164032
pi3bplus,margin,lucid_revision,n16,B1,165,13.817807,14.911783,-1.0939759999999996,32.71,32.88314454935689,-0.17314454935689128
pi3bplus,margin,lucid_revision,n16,B1,166,14.126294,14.911783,-0.7854890000000001,33.248,33.34106505189956,-0.09306505189956482
pi3bplus,margin,lucid_revision,n16,B1,167,13.828381,14.911783,-1.0834019999999995,32.71,32.88315125229695,-0.17315125229694672
pi3bplus,margin,lucid_revision,n16,B1,168,13.985202,14.911783,-0.9265810000000005,32.71,32.4255257120798,0.28447428792019736
pi3bplus,margin,lucid_revision,n16,B1,169,13.838641,14.911783,-1.073141999999999,32.71,33.340882706447026,-0.630882706447025
pi3bplus,margin,lucid_revision,n16,B1,170,13.824005,14.911783,-1.0877780000000001,32.71,33.340873428573886,-0.6308734285738851
pi3bplus,margin,lucid_revision,n16,B1,171,13.909734,14.911783,-1.0020489999999995,32.172,32.88320282259032,-0.7112028225903231
pi3bplus,margin,lucid_revision,n16,B1,172,13.759371,14.911783,-1.152412,32.71,32.425382556069295,0.2846174439307063
pi3bplus,margin,lucid_revision,n16,B1,173,13.806402,14.911783,-1.1053809999999995,32.172,32.88313731963954,-0.7111373196395405
pi3bplus,margin,lucid_revision,n16,B1,174,13.893901,14.911783,-1.0178820000000002,32.172,32.88319278592966,-0.7111927859296614
pi3bplus,margin,lucid_revision,n16,B1,175,14.52577,14.911783,-0.38601300000000016,32.71,32.42586838229908,0.2841316177009219
pi3bplus,margin,lucid_revision,n16,B1,176,13.837026,14.911783,-1.074757,33.248,33.34088168268609,-0.09288168268609098
pi3bplus,margin,lucid_revision,n16,B1,177,13.944629,14.911783,-0.967153999999999,32.71,32.42549999254256,0.28450000745743864
pi3bplus,margin,lucid_revision,n16,B1,178,13.785933,14.911783,-1.1258499999999998,33.248,32.42539939392571,0.822600606074289
pi3bplus,margin,lucid_revision,n16,B1,179,13.815672,14.911783,-1.0961110000000005,32.71,32.42541824570689,0.2845817542931144
pi3bplus,margin,lucid_revision,n16,B1,180,13.898797,14.911783,-1.0129859999999997,32.172,32.883195889541774,-0.7111958895417771
pi3bplus,margin,lucid_revision,n16,B1,181,13.781766,14.911783,-1.1300170000000005,32.71,32.883121702689365,-0.17312170268936455
pi3bplus,margin,lucid_revision,n16,B1,182,13.873015,14.911783,-1.0387679999999992,32.71,32.88317954613337,-0.17317954613336894
pi3bplus,margin,lucid_revision,n16,B1,183,13.782495,14.911783,-1.129287999999999,32.172,32.88312216480808,-0.7111221648080814
pi3bplus,margin,lucid_revision,n16,B1,184,13.875724,14.911783,-1.0360589999999998,32.172,32.42545631313228,-0.2534563131322827
pi3bplus,margin,lucid_revision,n16,B1,185,13.912338,14.911783,-0.9994449999999997,32.71,33.340929423543024,-0.630929423543023
pi3bplus,margin,lucid_revision,n16,B1,186,13.794318,14.911783,-1.1174649999999993,32.172,32.425404709241796,-0.25340470924179925
pi3bplus,margin,lucid_revision,n16,B1,187,13.868015,14.911783,-1.043768,33.248,32.425451426337794,0.8225485736622034
pi3bplus,margin,lucid_revision,n16,B1,188,13.860203,14.911783,-1.0515799999999995,32.172,33.340896374764924,-1.1688963747649268
pi3bplus,margin,lucid_revision,n16,B1,189,13.841349,14.911783,-1.0704340000000006,32.172,32.88315947281204,-0.7111594728120423
pi3bplus,margin,lucid_revision,n16,B1,190,13.80713,14.911783,-1.104652999999999,32.172,32.42541283086729,-0.2534128308672905
pi3bplus,margin,lucid_revision,n16,B1,191,13.934942,14.911783,-0.9768410000000003,33.248,32.8832188021357,0.3647811978642963
pi3bplus,margin,lucid_revision,n16,B1,192,13.794109,14.911783,-1.1176739999999992,32.71,32.425404576755085,0.28459542324491593
pi3bplus,margin,lucid_revision,n16,B1,193,13.787807,14.911783,-1.123975999999999,32.172,32.42540058186874,-0.25340058186874614
pi3bplus,margin,lucid_revision,n16,B1,194,14.458427,14.911783,-0.4533559999999994,32.71,32.88355064330968,-0.17355064330968162
pi3bplus,margin,lucid_revision,n16,B1,195,13.770984,14.911783,-1.1407989999999995,32.172,32.42538991763945,-0.25338991763945273
pi3bplus,margin,lucid_revision,n16,B1,196,13.88364,14.911783,-1.028143,32.71,32.883186281402715,-0.17318628140271386
pi3bplus,margin,lucid_revision,n16,B1,197,13.789734,14.911783,-1.1220490000000005,32.172,32.42540180340889,-0.2534018034088916
pi3bplus,margin,lucid_revision,n16,B1,198,14.033379,14.911783,-0.8784039999999997,32.172,32.88328120210828,-0.7112812021082817
pi3bplus,margin,lucid_revision,n16,B1,199,14.060566,14.911783,-0.8512170000000001,32.71,32.425573485899946,0.2844265141000548
pi3bplus,margin,lucid_revision,n1,B2,200,4.363038,6.106246,-1.7432079999999992,32.71,32.98258849459613,-0.27258849459612833
pi3bplus,margin,lucid_revision,n1,B2,201,4.141217,6.106246,-1.9650289999999995,33.248,32.52472293029845,0.7232770697015454
pi3bplus,margin,lucid_revision,n1,B2,202,3.62169,6.106246,-2.4845559999999995,32.71,33.43984349864527,-0.7298434986452662
pi3bplus,margin,lucid_revision,n1,B2,203,3.60669,6.106246,-2.4995559999999997,32.71,32.98210903977267,-0.27210903977267265
pi3bplus,margin,lucid_revision,n1,B2,204,3.577263,6.106246,-2.5289829999999998,32.71,32.98209038577069,-0.27209038577068867
pi3bplus,margin,lucid_revision,n1,B2,205,3.641898,6.106246,-2.4643479999999998,32.71,33.43985630865213,-0.7298563086521312
pi3bplus,margin,lucid_revision,n1,B2,206,3.561587,6.106246,-2.544659,33.248,33.439805398890584,-0.1918053988905868
pi3bplus,margin,lucid_revision,n1,B2,207,3.614295,6.106246,-2.491951,32.172,33.439838810897804,-1.267838810897807
pi3bplus,margin,lucid_revision,n1,B2,208,3.627419,6.106246,-2.4788269999999994,32.71,33.439847130302496,-0.7298471303024954
pi3bplus,margin,lucid_revision,n1,B2,209,3.583566,6.106246,-2.52268,32.172,33.43981933154799,-1.2678193315479902
pi3bplus,margin,lucid_revision,n1,B2,210,3.72721,6.106246,-2.3790359999999997,33.248,32.982185438329054,0.2658145616709433
pi3bplus,margin,lucid_revision,n1,B2,211,3.612211,6.106246,-2.494035,32.71,32.9821125395771,-0.27211253957710113
pi3bplus,margin,lucid_revision,n1,B2,212,3.611742,6.106246,-2.4945039999999996,33.248,33.439837192531435,-0.1918371925314375
pi3bplus,margin,lucid_revision,n1,B2,213,3.620023,6.106246,-2.4862229999999994,33.248,32.98211749166408,0.2658825083359204
pi3bplus,margin,lucid_revision,n1,B2,214,3.569555,6.106246,-2.536691,32.71,33.43981044986716,-0.7298104498671592
pi3bplus,margin,lucid_revision,n1,B2,215,3.598253,6.106246,-2.5079929999999995,32.71,33.439828641750424,-0.729828641750423
pi3bplus,margin,lucid_revision,n1,B2,216,3.617315,6.106246,-2.4889309999999996,32.71,32.98211577504202,-0.27211577504201756
pi3bplus,margin,lucid_revision,n1,B2,217,3.607524,6.106246,-2.4987219999999994,33.248,33.43983451870874,-0.19183451870874535
pi3bplus,margin,lucid_revision,n1,B2,218,3.600804,6.106246,-2.5054419999999995,32.71,32.98210530859193,-0.27210530859193227
pi3bplus,margin,lucid_revision,n1,B2,219,3.63445,6.106246,-2.4717959999999994,32.71,33.43985158730756,-0.7298515873075573
pi3bplus,margin,lucid_revision,n1,B2,220,3.564346,6.106246,-2.5418999999999996,33.248,33.43980714784194,-0.19180714784194208
pi3bplus,margin,lucid_revision,n1,B2,221,3.598357,6.106246,-2.5078889999999996,33.248,33.43982870767683,-0.1918287076768337
pi3bplus,margin,lucid_revision,n1,B2,222,3.602002,6.106246,-2.5042439999999995,32.71,33.439831018270404,-0.7298310182704029
pi3bplus,margin,lucid_revision,n1,B2,223,3.578201,6.106246,-2.5280449999999997,33.248,33.439815930633166,-0.19181593063316882
pi3bplus,margin,lucid_revision,n1,B2,224,3.636482,6.106246,-2.4697639999999996,32.71,33.43985287540801,-0.7298528754080067
pi3bplus,margin,lucid_revision,n1,B2,225,3.568566,6.106246,-2.5376799999999995,33.248,32.9820848726754,0.26591512732459677
pi3bplus,margin,lucid_revision,n1,B2,226,3.592263,6.106246,-2.5139829999999996,33.248,33.43982484464328,-0.19182484464328553
pi3bplus,margin,lucid_revision,n1,B2,227,3.609242,6.106246,-2.4970039999999996,32.71,33.43983560776218,-0.7298356077621762
pi3bplus,margin,lucid_revision,n1,B2,228,3.575597,6.106246,-2.5306489999999995,33.248,33.4398142799375,-0.19181427993750333
pi3bplus,margin,lucid_revision,n1,B2,229,3.58669,6.106246,-2.5195559999999997,33.248,33.439821311875654,-0.19182131187565687
pi3bplus,margin,lucid_revision,n1,B2,230,3.72195,6.106246,-2.3842959999999995,33.248,32.98218210397454,0.26581789602546024
pi3bplus,margin,lucid_revision,n1,B2,231,3.589399,6.106246,-2.516847,33.248,33.439823029131624,-0.1918230291316263
pi3bplus,margin,lucid_revision,n1,B2,232,3.632523,6.106246,-2.4737229999999997,32.71,33.43985036576741,-0.7298503657674118
pi3bplus,margin,lucid_revision,n1,B2,233,3.625492,6.106246,-2.4807539999999997,33.248,32.982120958505305,0.2658790414946921
pi3bplus,margin,lucid_revision,n1,B2,234,3.583461,6.106246,-2.522785,33.248,32.98209431473064,0.26590568526935954
pi3bplus,margin,lucid_revision,n1,B2,235,3.634034,6.106246,-2.4722119999999994,33.248,32.982126373344904,0.2658736266550932
pi3bplus,margin,lucid_revision,n1,B2,236,3.572992,6.106246,-2.5332539999999995,32.71,32.982087678350894,-0.27208767835089276
pi3bplus,margin,lucid_revision,n1,B2,237,3.615648,6.106246,-2.4905979999999994,32.71,33.439839668574926,-0.7298396685749253
pi3bplus,margin,lucid_revision,n1,B2,238,3.61367,6.106246,-2.4925759999999997,33.248,33.439838414705484,-0.19183841470548657
pi3bplus,margin,lucid_revision,n1,B2,239,3.590701,6.106246,-2.5155449999999995,32.71,32.524373953965345,0.18562604603465616
pi3bplus,margin,lucid_revision,n16,B0,240,14.764569,15.208642,-0.4440729999999995,32.172,32.744108514485305,-0.5721085144853078
pi3bplus,margin,lucid_revision,n16,B0,241,13.868483,15.208642,-1.3401589999999999,32.172,32.285815528410176,-0.1138155284101785
pi3bplus,margin,lucid_revision,n16,B0,242,13.888535,15.208642,-1.3201070000000001,32.71,32.28582823952743,0.4241717604725679
pi3bplus,margin,lucid_revision,n16,B0,243,13.85765,15.208642,-1.3509919999999997,32.172,32.743533611545075,-0.5715336115450782
pi3bplus,margin,lucid_revision,n16,B0,244,14.099211,15.208642,-1.109430999999999,32.172,32.743686738923756,-0.5716867389237592
pi3bplus,margin,lucid_revision,n16,B0,245,13.786817,15.208642,-1.4218250000000001,32.172,32.28576375970369,-0.11376375970369423
pi3bplus,margin,lucid_revision,n16,B0,246,13.927441,15.208642,-1.2812009999999994,32.172,32.28585290234054,-0.11385290234053969
pi3bplus,margin,lucid_revision,n16,B0,247,13.825567,15.208642,-1.3830749999999998,32.71,32.28578832362719,0.42421167637281343
pi3bplus,margin,lucid_revision,n16,B0,248,13.77739,15.208642,-1.4312519999999989,32.71,32.28575778385577,0.4242422161442292
pi3bplus,margin,lucid_revision,n16,B0,249,13.97369,15.208642,-1.2349519999999998,32.172,31.828157269680844,0.34384273031915313
pi3bplus,margin,lucid_revision,n16,B0,250,13.817962,15.208642,-1.3906799999999997,32.172,32.2857835027591,-0.1137835027591052
pi3bplus,margin,lucid_revision,n16,B0,251,13.833691,15.208642,-1.3749509999999994,32.172,31.82806852323631,0.34393147676368585
pi3bplus,margin,lucid_revision,n16,B0,252,13.895931,15.208642,-1.3127110000000002,32.172,32.28583292790881,-0.11383292790880972
pi3bplus,margin,lucid_revision,n16,B0,253,15.203577,15.208642,-0.005065000000000097,32.172,32.286661854781194,-0.11466185478119684
pi3bplus,margin,lucid_revision,n16,B0,254,13.857806,15.208642,-1.3508359999999993,32.172,32.28580876017762,-0.11380876017762631
pi3bplus,margin,lucid_revision,n16,B0,255,13.889212,15.208642,-1.3194299999999988,32.172,32.28582866868295,-0.11382866868295594
pi3bplus,margin,lucid_revision,n16,B0,256,13.765567,15.208642,-1.4430749999999986,32.172,32.285750289164994,-0.1137502891649973
pi3bplus,margin,lucid_revision,n16,B0,257,13.864056,15.208642,-1.3445859999999996,32.172,32.28581272210077,-0.11381272210077498
pi3bplus,margin,lucid_revision,n16,B0,258,13.889785,15.208642,-1.3188569999999995,32.172,32.74355398216912,-0.5715539821691209
pi3bplus,margin,lucid_revision,n16,B0,259,13.804161,15.208642,-1.4044809999999988,31.634,32.74349970445594,-1.109499704455942
pi3bplus,margin,lucid_revision,n16,B0,260,13.876816,15.208642,-1.3318259999999995,32.172,32.28582081076306,-0.11382081076306605
pi3bplus,margin,lucid_revision,n16,B0,261,13.793536,15.208642,-1.4151059999999998,32.172,32.285768018929545,-0.11376801892954802
pi3bplus,margin,lucid_revision,n16,B0,262,13.832129,15.208642,-1.3765129999999992,32.172,32.28579248332953,-0.11379248332953296
pi3bplus,margin,lucid_revision,n16,B0,263,13.932232,15.208642,-1.2764099999999985,32.172,32.28585593939234,-0.1138559393923444
pi3bplus,margin,lucid_revision,n16,B0,264,13.795879,15.208642,-1.412763,32.172,32.28576950417529,-0.11376950417529486
pi3bplus,margin,lucid_revision,n16,B0,265,13.833639,15.208642,-1.3750029999999995,32.172,31.82806849027311,0.343931509726886
pi3bplus,margin,lucid_revision,n16,B0,266,13.874577,15.208642,-1.334064999999999,32.172,32.28581939144372,-0.11381939144371955
pi3bplus,margin,lucid_revision,n16,B0,267,13.780098,15.208642,-1.4285439999999987,32.172,32.28575950047783,-0.11375950047783334
pi3bplus,margin,lucid_revision,n16,B0,268,13.825514,15.208642,-1.3831279999999992,32.172,32.28578829003008,-0.11378829003007951
pi3bplus,margin,lucid_revision,n16,B0,269,13.896295,15.208642,-1.312346999999999,32.172,32.285833158651215,-0.11383315865121801
pi3bplus,margin,lucid_revision,n16,B0,270,13.813223,15.208642,-1.3954189999999986,32.172,31.828055548413445,0.34394445158655174
pi3bplus,margin,lucid_revision,n16,B0,271,13.952128,15.208642,-1.2565139999999992,32.172,32.285868551620005,-0.11386855162000842
pi3bplus,margin,lucid_revision,n16,B0,272,13.855619,15.208642,-1.3530229999999985,32.172,31.370357473307372,0.8016425266926248
pi3bplus,margin,lucid_revision,n16,B0,273,13.837442,15.208642,-1.3712,32.172,31.828070901024105,0.34392909897589163
pi3bplus,margin,lucid_revision,n16,B0,274,13.931556,15.208642,-1.2770859999999988,32.172,32.28585551087073,-0.11385551087073509
pi3bplus,margin,lucid_revision,n16,B0,275,13.772755,15.208642,-1.4358869999999992,32.172,32.28575484569357,-0.11375484569357042
pi3bplus,margin,lucid_revision,n16,B0,276,13.817493,15.208642,-1.3911489999999986,31.634,32.28578320545639,-0.6517832054563897
pi3bplus,margin,lucid_revision,n16,B0,277,13.957753,15.208642,-1.250888999999999,31.634,32.285872117350834,-0.651872117350834
pi3bplus,margin,lucid_revision,n16,B0,278,13.790931,15.208642,-1.4177109999999988,31.634,31.37031646708587,0.26368353291412916
pi3bplus,margin,lucid_revision,n16,B0,279,14.338791,15.208642,-0.8698509999999988,31.634,31.828388710017173,-0.19438871001717217
pi3bplus,margin,fisvdd_revision,n1,B0,280,3.328515,3.27285,0.055664999999999853,31.634,31.35431603611661,0.27968396388338945
pi3bplus,margin,fisvdd_revision,n1,B0,281,3.066381,3.27285,-0.20646900000000024,32.172,31.811874817611805,0.3601251823881917
pi3bplus,margin,fisvdd_revision,n1,B0,282,3.145392,3.27285,-0.12745799999999985,32.172,31.354199953036282,0.8178000469637148
pi3bplus,margin,fisvdd_revision,n1,B0,283,4.250018,3.27285,0.9771679999999998,31.096,31.812625134223833,-0.7166251342238326
pi3bplus,margin,fisvdd_revision,n1,B0,284,3.385859,3.27285,0.11300899999999992,31.634,32.26980228743404,-0.6358022874340392
pi3bplus,margin,fisvdd_revision,n1,B0,285,3.084142,3.27285,-0.1887080000000001,31.096,31.811886076446523,-0.7158860764465231
pi3bplus,margin,fisvdd_revision,n1,B0,286,3.151068,3.27285,-0.12178200000000006,30.558,31.81192850135346,-1.2539285013534602
pi3bplus,margin,fisvdd_revision,n1,B0,287,3.133204,3.27285,-0.13964599999999994,31.634,31.3541922269692,0.2798077730308002
pi3bplus,margin,fisvdd_revision,n1,B0,288,3.151329,3.27285,-0.12152099999999999,32.172,31.81192866680337,0.36007133319662543
pi3bplus,margin,fisvdd_revision,n1,B0,289,3.095809,3.27285,-0.177041,31.096,32.26961842250474,-1.1736184225047417
pi3bplus,margin,fisvdd_revision,n1,B0,290,3.104246,3.27285,-0.1686040000000002,31.096,31.81189882052698,-0.7158988205269807
pi3bplus,margin,fisvdd_revision,n1,B0,291,3.157318,3.27285,-0.11553199999999997,31.096,32.26965741353366,-1.1736574135336575
pi3bplus,margin,fisvdd_revision,n1,B0,292,3.112787,3.27285,-0.16006300000000007,32.172,31.354179284475624,0.8178207155243733
pi3bplus,margin,fisvdd_revision,n1,B0,293,3.069923,3.27285,-0.20292699999999986,31.096,31.811877062912888,-0.7158770629128881
pi3bplus,margin,fisvdd_revision,n1,B0,294,3.174193,3.27285,-0.09865700000000022,31.096,31.354218210212043,-0.2582182102120427
pi3bplus,margin,fisvdd_revision,n1,B0,295,3.105027,3.27285,-0.16782299999999983,31.634,31.8118993156089,-0.17789931560890082
pi3bplus,margin,fisvdd_revision,n1,B0,296,3.175027,3.27285,-0.097823,32.172,31.81194368914812,0.3600563108518777
pi3bplus,margin,fisvdd_revision,n1,B0,297,3.077215,3.27285,-0.19563500000000023,31.096,31.35415673511081,-0.25815673511080917
pi3bplus,margin,fisvdd_revision,n1,B0,298,3.234141,3.27285,-0.03870899999999988,31.096,31.35425621171103,-0.2582562117110285
pi3bplus,margin,fisvdd_revision,n1,B0,299,3.172006,3.27285,-0.10084399999999993,31.634,32.26966672437,-0.6356667243699974
pi3bplus,margin,fisvdd_revision,n1,B0,300,3.133777,3.27285,-0.13907300000000022,31.096,31.354192590198313,-0.25819259019831264
pi3bplus,margin,fisvdd_revision,n1,B0,301,3.104142,3.27285,-0.16870800000000008,31.634,32.26962370485763,-0.635623704857629
pi3bplus,margin,fisvdd_revision,n1,B0,302,3.171797,3.27285,-0.10105299999999984,31.634,31.354216691369185,0.27978330863081524
pi3bplus,margin,fisvdd_revision,n1,B0,303,3.104767,3.27285,-0.1680830000000002,31.096,31.354174200535848,-0.25817420053584783
pi3bplus,margin,fisvdd_revision,n1,B0,304,3.069038,3.27285,-0.2038120000000001,31.634,31.354151551647522,0.27984844835247813
pi3bplus,margin,fisvdd_revision,n1,B0,305,3.140079,3.27285,-0.13277099999999997,31.096,31.35419658508466,-0.2581965850846615
pi3bplus,margin,fisvdd_revision,n1,B0,306,3.093725,3.27285,-0.17912499999999998,31.096,31.354167200926984,-0.25816720092698375
pi3bplus,margin,fisvdd_revision,n1,B0,307,3.170287,3.27285,-0.10256299999999996,31.096,31.35421573416855,-0.2582157341685516
pi3bplus,margin,fisvdd_revision,n1,B0,308,3.107006,3.27285,-0.16584399999999988,31.634,31.811900570112247,-0.17790057011224647
pi3bplus,margin,fisvdd_revision,n1,B0,309,3.109507,3.27285,-0.16334300000000024,31.096,31.81190215551541,-0.7159021555154084
pi3bplus,margin,fisvdd_revision,n1,B0,310,3.20086,3.27285,-0.07199,31.096,31.35423511462876,-0.2582351146287607
pi3bplus,margin,fisvdd_revision,n1,B0,311,3.150912,3.27285,-0.1219380000000001,31.096,30.896478501949755,0.19952149805024533
pi3bplus,margin,fisvdd_revision,n1,B0,312,3.065027,3.27285,-0.20782299999999987,31.096,31.35414900904372,-0.25814900904371996
pi3bplus,margin,fisvdd_revision,n1,B0,313,3.278099,3.27285,0.005249000000000059,31.096,31.8120090272829,-0.716009027282901
pi3bplus,margin,fisvdd_revision,n1,B0,314,3.116173,3.27285,-0.15667700000000018,31.096,31.81190638114416,-0.7159063811441584
pi3bplus,margin,fisvdd_revision,n1,B0,315,3.07909,3.27285,-0.19376000000000015,31.634,31.354157923687755,0.2798420763122458
pi3bplus,margin,fisvdd_revision,n1,B0,316,3.207266,3.27285,-0.06558399999999986,31.096,31.811964125698562,-0.7159641256985623
pi3bplus,margin,fisvdd_revision,n1,B0,317,3.14862,3.27285,-0.12422999999999984,31.096,31.35420199929035,-0.2582019992903497
pi3bplus,margin,fisvdd_revision,n1,B0,318,3.074142,3.27285,-0.19870799999999988,31.096,31.35415478711244,-0.25815478711243856
pi3bplus,margin,fisvdd_revision,n1,B0,319,3.143776,3.27285,-0.12907400000000013,31.634,31.354198928641434,0.27980107135856613
pi3bplus,margin,tinydl_revision,n256,B1,320,24.017358,24.58795,-0.5705919999999978,32.172,32.1024773921022,0.0695226078977953
pi3bplus,margin,tinydl_revision,n256,B1,321,23.832204,24.58795,-0.7557459999999985,32.172,32.56008497181239,-0.38808497181238977
pi3bplus,margin,tinydl_revision,n256,B1,322,22.290393,24.58795,-2.2975569999999976,32.172,31.643657705428588,0.5283422945714094
pi3bplus,margin,tinydl_revision,n256,B1,323,21.825085,24.58795,-2.762864999999998,32.172,31.643362743103054,0.5286372568969426
pi3bplus,margin,tinydl_revision,n256,B1,324,21.866334,24.58795,-2.721616000000001,32.172,31.643388891161898,0.5286111088380991
pi3bplus,margin,tinydl_revision,n256,B1,325,21.952531,24.58795,-2.635418999999999,32.172,32.55889343261829,-0.3868934326182938
pi3bplus,margin,tinydl_revision,n256,B1,326,21.768053,24.58795,-2.819897000000001,32.172,32.55877649059303,-0.38677649059303576
pi3bplus,margin,tinydl_revision,n256,B1,327,21.822324,24.58795,-2.765626000000001,31.634,32.55881089339799,-0.9248108933979893
pi3bplus,margin,tinydl_revision,n256,B1,328,21.997478,24.58795,-2.5904719999999983,32.172,32.558921924867825,-0.3869219248678277
pi3bplus,margin,tinydl_revision,n256,B1,329,21.783991,24.58795,-2.803958999999999,32.172,32.558786593814006,-0.3867865938140085
pi3bplus,margin,tinydl_revision,n256,B1,330,21.790293,24.58795,-2.797657000000001,32.172,32.55879058870035,-0.3867905887003502
pi3bplus,margin,tinydl_revision,n256,B1,331,21.835397,24.58795,-2.752552999999999,32.172,32.10109423021634,0.07090576978365704
pi3bplus,margin,tinydl_revision,n256,B1,332,22.076593,24.58795,-2.5113570000000003,32.172,32.55897207647576,-0.3869720764757645
pi3bplus,margin,tinydl_revision,n256,B1,333,21.755137,24.58795,-2.832812999999998,32.172,32.558768303041134,-0.3867683030411371
pi3bplus,margin,tinydl_revision,n256,B1,334,21.823053,24.58795,-2.7648969999999977,32.71,32.5588113555167,0.15118864448329816
pi3bplus,margin,tinydl_revision,n256,B1,335,21.76722,24.58795,-2.820730000000001,32.172,32.55877596254791,-0.38677596254791524
pi3bplus,margin,tinydl_revision,n256,B1,336,22.015031,24.58795,-2.572918999999999,32.172,32.55893305184974,-0.3869330518497449
pi3bplus,margin,tinydl_revision,n256,B1,337,21.772064,24.58795,-2.815885999999999,32.172,32.55877903319683,-0.3867790331968308
pi3bplus,margin,tinydl_revision,n256,B1,338,21.823417,24.58795,-2.764533,32.172,33.01653653651616,-0.8445365365161663
pi3bplus,margin,tinydl_revision,n256,B1,339,21.923885,24.58795,-2.664065000000001,32.172,32.55887527369823,-0.38687527369823016
pi3bplus,margin,tinydl_revision,n256,B1,340,21.816334,24.58795,-2.771615999999998,32.172,32.55880709629085,-0.38680709629085186
pi3bplus,margin,tinydl_revision,n256,B1,341,21.838156,24.58795,-2.749793999999998,32.172,33.0165458796818,-0.8445458796818031
pi3bplus,margin,tinydl_revision,n256,B1,342,21.847897,24.58795,-2.7400529999999996,32.172,32.55882710431968,-0.3868271043196856
pi3bplus,margin,tinydl_revision,n256,B1,343,21.970395,24.58795,-2.6175549999999994,32.172,32.5589047567455,-0.3869047567455013
pi3bplus,margin,tinydl_revision,n256,B1,344,21.830084,24.58795,-2.757866,32.172,32.558815812521765,-0.38681581252176755
pi3bplus,margin,tinydl_revision,n256,B1,345,21.73998,24.58795,-2.84797,32.172,33.016483645159134,-0.8444836451591371
pi3bplus,margin,tinydl_revision,n256,B1,346,21.800188,24.58795,-2.7877620000000007,32.172,32.55879686121707,-0.38679686121707135
pi3bplus,margin,tinydl_revision,n256,B1,347,21.83847,24.58795,-2.7494799999999984,32.172,32.55882112847176,-0.386821128471766
pi3bplus,margin,tinydl_revision,n256,B1,348,21.730137,24.58795,-2.857813,32.172,32.55875245534856,-0.38675245534856373
pi3bplus,margin,tinydl_revision,n256,B1,349,21.784928,24.58795,-2.8030219999999986,32.172,32.55878718778552,-0.38678718778552224
pi3bplus,margin,tinydl_revision,n256,B1,350,22.128051,24.58795,-2.459899,32.172,32.55900469609835,-0.38700469609835153
pi3bplus,margin,tinydl_revision,n256,B1,351,22.04378,24.58795,-2.5441699999999976,32.172,32.558951276062295,-0.3869512760622982
pi3bplus,margin,tinydl_revision,n256,B1,352,21.770657,24.58795,-2.8172929999999994,32.172,32.55877814128869,-0.38677814128869414
pi3bplus,margin,tinydl_revision,n256,B1,353,21.825917,24.58795,-2.762032999999999,32.172,32.55881317102837,-0.386813171028372
pi3bplus,margin,tinydl_revision,n256,B1,354,21.867791,24.58795,-2.720158999999999,32.172,32.558839715279525,-0.3868397152795282
pi3bplus,margin,tinydl_revision,n256,B1,355,21.859146,24.58795,-2.7288040000000002,32.172,32.55883423514744,-0.38683423514743964
pi3bplus,margin,tinydl_revision,n256,B1,356,22.160185,24.58795,-2.427765000000001,32.172,32.55902506608848,-0.3870250660884835
pi3bplus,margin,tinydl_revision,n256,B1,357,23.823765,24.58795,-0.7641849999999977,32.71,33.01780457252233,-0.30780457252232907
pi3bplus,margin,tinydl_revision,n256,B1,358,27.62061,24.58795,3.03266,32.172,32.56248647155842,-0.3904864715584253
pi3bplus,margin,tinydl_revision,n256,B1,359,21.946437,24.58795,-2.6415129999999998,32.172,32.55888956958475,-0.38688956958475273
pi3bplus,margin,tinydl_revision,n16,B1,360,4.739858,21.621762,-16.881904,32.172,32.51378338815523,-0.34178338815523546
pi3bplus,margin,tinydl_revision,n16,B1,361,4.672514,21.621762,-16.949248,32.172,32.51374069827487,-0.34174069827487585
pi3bplus,margin,tinydl_revision,n16,B1,362,4.092467,21.621762,-17.529295,32.172,32.97109795227044,-0.7990979522704436
pi3bplus,margin,tinydl_revision,n16,B1,363,4.13356,21.621762,-17.488202,32.71,32.51339905118263,0.19660094881736967
pi3bplus,margin,tinydl_revision,n16,B1,364,4.110643,21.621762,-17.511119,32.172,32.513384523919804,-0.3413845239198068
pi3bplus,margin,tinydl_revision,n16,B1,365,4.080956,21.621762,-17.540806,32.172,32.51336570510182,-0.34136570510182196
pi3bplus,margin,tinydl_revision,n16,B1,366,4.129082,21.621762,-17.49268,32.71,32.51339621254394,0.19660378745606266
pi3bplus,margin,tinydl_revision,n16,B1,367,4.075019,21.621762,-17.546743,32.71,32.51336194159178,0.1966380584082188
pi3bplus,margin,tinydl_revision,n16,B1,368,4.069706,21.621762,-17.552056,32.71,32.97108352389721,-0.2610835238972058
pi3bplus,margin,tinydl_revision,n16,B1,369,4.144914,21.621762,-17.476848,32.172,32.513406248570696,-0.34140624857069923
pi3bplus,margin,tinydl_revision,n16,B1,370,4.09231,21.621762,-17.529452,32.172,32.51337290248988,-0.34137290248987995
pi3bplus,margin,tinydl_revision,n16,B1,371,4.121945,21.621762,-17.499817,32.172,32.971116638601714,-0.799116638601717
pi3bplus,margin,tinydl_revision,n16,B1,372,4.118977,21.621762,-17.502785,32.172,32.5133898069066,-0.34138980690660503
pi3bplus,margin,tinydl_revision,n16,B1,373,4.102571,21.621762,-17.519191,32.172,32.51337940701682,-0.3413794070168237
pi3bplus,margin,tinydl_revision,n16,B1,374,5.025324,21.621762,-16.596438,32.172,32.51396434725162,-0.3419643472516256
pi3bplus,margin,tinydl_revision,n16,B1,375,4.149081,21.621762,-17.472681,32.172,32.05568393980704,0.1163160601929576
pi3bplus,margin,tinydl_revision,n16,B1,376,4.073405,21.621762,-17.548357,32.172,32.51336091846475,-0.34136091846475125
pi3bplus,margin,tinydl_revision,n16,B1,377,4.108768,21.621762,-17.512994,32.71,32.51338333534286,0.19661666465714234
pi3bplus,margin,tinydl_revision,n16,B1,378,4.214288,21.621762,-17.407474,32.172,32.51345022528369,-0.34145022528369395
pi3bplus,margin,tinydl_revision,n16,B1,379,4.091061,21.621762,-17.530701,32.172,32.97109706099621,-0.7990970609962105
pi3bplus,margin,tinydl_revision,n16,B1,380,4.118769,21.621762,-17.502993,32.172,32.513389675053794,-0.34138967505379725
pi3bplus,margin,tinydl_revision,n16,B1,381,4.126737,21.621762,-17.495025,32.71,32.51339472603038,0.1966052739696238
pi3bplus,margin,tinydl_revision,n16,B1,382,4.075488,21.621762,-17.546274,32.172,32.97108718915155,-0.7990871891515496
pi3bplus,margin,tinydl_revision,n16,B1,383,4.143612,21.621762,-17.47815,32.172,32.51340542322286,-0.3414054232228665
pi3bplus,margin,tinydl_revision,n16,B1,384,4.133299,21.621762,-17.488463,32.172,32.51339888573272,-0.3413988857327226
pi3bplus,margin,tinydl_revision,n16,B1,385,4.077623,21.621762,-17.544139,32.172,32.97108854254449,-0.7990885425444958
pi3bplus,margin,tinydl_revision,n16,B1,386,4.123925,21.621762,-17.497837,32.172,32.51339294348191,-0.34139294348191385
pi3bplus,margin,tinydl_revision,n16,B1,387,4.214497,21.621762,-17.407265000000002,32.172,32.5134503577704,-0.34145035777040533
pi3bplus,margin,tinydl_revision,n16,B1,388,4.063508,21.621762,-17.558254,32.172,32.51335464468021,-0.3413546446802158
pi3bplus,margin,tinydl_revision,n16,B1,389,4.147779,21.621762,-17.473983,32.172,32.513408064716266,-0.34140806471626917
pi3bplus,margin,tinydl_revision,n16,B1,390,4.107154,21.621762,-17.514608,32.172,32.513382312215825,-0.3413823122158277
pi3bplus,margin,tinydl_revision,n16,B1,391,4.101373,21.621762,-17.520389,32.172,32.513378647595395,-0.3413786475953984
pi3bplus,margin,tinydl_revision,n16,B1,392,4.100539,21.621762,-17.521223,32.172,32.51337811891637,-0.34137811891637426
pi3bplus,margin,tinydl_revision,n16,B1,393,4.065592,21.621762,-17.55617,32.172,32.51335596574387,-0.3413559657438725
pi3bplus,margin,tinydl_revision,n16,B1,394,4.110332,21.621762,-17.51143,32.172,32.513384326774506,-0.34138432677450936
pi3bplus,margin,tinydl_revision,n16,B1,395,4.130435,21.621762,-17.491327,32.172,32.51339707022106,-0.34139707022106336
pi3bplus,margin,tinydl_revision,n16,B1,396,4.075227,21.621762,-17.546535,32.172,32.51336207344458,-0.3413620734445857
pi3bplus,margin,tinydl_revision,n16,B1,397,4.140279,21.621762,-17.481483,32.172,32.51340331040849,-0.34140331040849503
pi3bplus,margin,tinydl_revision,n16,B1,398,4.309756,21.621762,-17.312006,32.172,32.5135107431843,-0.3415107431843012
pi3bplus,margin,tinydl_revision,n16,B1,399,4.131477,21.621762,-17.490285,32.172,32.513397730752885,-0.34139773075288815
pi3bplus,margin,lucid_revision,n256,B2,400,196.5297,167.962385,28.56731499999998,32.172,33.630526969095904,-1.4585269690959066
pi3bplus,margin,lucid_revision,n256,B2,401,173.157026,167.962385,5.19464099999999,32.71,33.61571085100421,-0.9057108510042085
pi3bplus,margin,lucid_revision,n256,B2,402,179.959107,167.962385,11.996721999999977,33.248,33.620022742547526,-0.37202274254752865
pi3bplus,margin,lucid_revision,n256,B2,403,180.144157,167.962385,12.181771999999995,33.248,33.62014004716799,-0.37214004716799565
pi3bplus,margin,lucid_revision,n256,B2,404,180.049209,167.962385,12.086823999999979,33.786,33.620079858899395,0.1659201411006066
pi3bplus,margin,lucid_revision,n256,B2,405,180.415299,167.962385,12.452913999999993,33.786,33.62031192617044,0.16568807382956408
pi3bplus,margin,lucid_revision,n256,B2,406,180.270717,167.962385,12.308331999999979,33.786,33.6202202745269,0.16577972547310083
pi3bplus,margin,lucid_revision,n256,B2,407,181.538363,167.962385,13.575977999999992,34.324,34.07874879534822,0.24525120465177963
pi3bplus,margin,lucid_revision,n256,B2,408,180.603527,167.962385,12.641142000000002,34.324,34.078156195606645,0.24584380439335263
pi3bplus,margin,lucid_revision,n256,B2,409,181.130658,167.962385,13.168273,34.324,34.536215298265155,-0.21221529826515706
pi3bplus,margin,lucid_revision,n256,B2,410,180.305402,167.962385,12.343016999999975,34.324,34.53569216212969,-0.21169216212969388
pi3bplus,margin,lucid_revision,n256,B2,411,180.391443,167.962385,12.429057999999998,34.324,34.53574670418237,-0.2117467041823744
pi3bplus,margin,lucid_revision,n256,B2,412,180.298527,167.962385,12.336141999999995,34.324,34.53568780401423,-0.21168780401423248
pi3bplus,margin,lucid_revision,n256,B2,413,181.104458,167.962385,13.142072999999982,34.324,34.536198689883335,-0.212198689883337
pi3bplus,margin,lucid_revision,n256,B2,414,180.354152,167.962385,12.391766999999987,34.324,34.077998114873175,0.24600188512682308
pi3bplus,margin,lucid_revision,n256,B2,415,180.350923,167.962385,12.388537999999983,34.324,34.53572101824224,-0.21172101824224399
pi3bplus,margin,lucid_revision,n256,B2,416,180.47441,167.962385,12.512024999999994,34.862,34.53579929760278,0.3262007023972231
pi3bplus,margin,lucid_revision,n256,B2,417,180.472326,167.962385,12.509940999999998,34.324,34.99352292679618,-0.6695229267961835
pi3bplus,margin,lucid_revision,n256,B2,418,182.313979,167.962385,14.351593999999977,34.862,34.9946903648194,-0.13269036481939622
pi3bplus,margin,lucid_revision,n256,B2,419,181.019405,167.962385,13.057019999999994,34.324,34.99386972438851,-0.6698697243885121
pi3bplus,margin,lucid_revision,n256,B2,420,180.537378,167.962385,12.574992999999978,34.862,34.993564163760084,-0.13156416376008195
pi3bplus,margin,lucid_revision,n256,B2,421,180.164515,167.962385,12.202129999999983,34.862,34.993327803032166,-0.13132780303216407
pi3bplus,margin,lucid_revision,n256,B2,422,180.541648,167.962385,12.579262999999997,34.862,34.993566870545976,-0.13156687054597427
pi3bplus,margin,lucid_revision,n256,B2,423,180.070974,167.962385,12.108588999999995,35.4,35.450993456928764,-0.05099345692876511
pi3bplus,margin,lucid_revision,n256,B2,424,181.45716,167.962385,13.494774999999976,34.862,34.53642227039805,0.3255777296019531
pi3bplus,margin,lucid_revision,n256,B2,425,181.046852,167.962385,13.08446699999999,35.4,34.99388712325324,0.4061128767467608
pi3bplus,margin,lucid_revision,n256,B2,426,179.709674,167.962385,11.747288999999995,35.4,35.450764426075615,-0.0507644260756166
pi3bplus,margin,lucid_revision,n256,B2,427,179.884359,167.962385,11.921973999999977,35.4,35.45087516024274,-0.050875160242739526
pi3bplus,margin,lucid_revision,n256,B2,428,180.492168,167.962385,12.52978299999998,35.4,35.451260455049876,-0.05126045504987786
pi3bplus,margin,lucid_revision,n256,B2,429,182.220643,167.962385,14.258257999999984,35.4,34.99463119841002,0.40536880158997946
pi3bplus,margin,lucid_revision,n256,B2,430,182.198091,167.962385,14.235705999999993,35.4,35.45234185278055,-0.05234185278055037
pi3bplus,margin,lucid_revision,n256,B2,431,179.906547,167.962385,11.944161999999977,35.4,35.45088922538685,-0.05088922538685381
pi3bplus,margin,lucid_revision,n256,B2,432,179.629829,167.962385,11.667443999999989,35.4,35.450713811715055,-0.05071381171505607
pi3bplus,margin,lucid_revision,n256,B2,433,180.380968,167.962385,12.418582999999984,35.4,35.45118996451329,-0.051189964513291386
pi3bplus,margin,lucid_revision,n256,B2,434,180.606123,167.962385,12.643737999999985,35.4,35.45133269200219,-0.05133269200219104
pi3bplus,margin,lucid_revision,n256,B2,435,179.975347,167.962385,12.012961999999987,35.938,35.45093283823683,0.48706716176317144
pi3bplus,margin,lucid_revision,n256,B2,436,180.07019,167.962385,12.107804999999985,35.4,35.45099295994512,-0.050992959945119765
pi3bplus,margin,lucid_revision,n256,B2,437,180.5168,167.962385,12.554414999999977,35.4,35.45127606946442,-0.051276069464421425
pi3bplus,margin,lucid_revision,n256,B2,438,180.233468,167.962385,12.271082999999976,35.938,35.45109646312707,0.48690353687293
pi3bplus,margin,lucid_revision,n256,B2,439,180.517008,167.962385,12.554622999999992,35.938,35.45127620131723,0.4867237986827746
pi3bplus,margin,oi_svdd_as_elm_revision,n64,B2,440,10.794703,13.126811,-2.332108,34.862,34.912259299083246,-0.050259299083244
pi3bplus,margin,oi_svdd_as_elm_revision,n64,B2,441,9.912783,13.126811,-3.2140280000000008,34.324,34.91170024320169,-0.5877002432016951
pi3bplus,margin,oi_svdd_as_elm_revision,n64,B2,442,9.358413,13.126811,-3.7683979999999995,34.862,34.9113488237883,-0.04934882378829997
pi3bplus,margin,oi_svdd_as_elm_revision,n64,B2,443,9.372215,13.126811,-3.7545959999999994,34.862,34.91135757298242,-0.04935757298241583
pi3bplus,margin,oi_svdd_as_elm_revision,n64,B2,444,9.437682,13.126811,-3.6891289999999994,34.324,34.91139907301802,-0.5873990730180196
pi3bplus,margin,oi_svdd_as_elm_revision,n64,B2,445,9.401642,13.126811,-3.7251689999999993,34.862,35.369101177241454,-0.5071011772414522
pi3bplus,margin,oi_svdd_as_elm_revision,n64,B2,446,9.454662,13.126811,-3.672148999999999,34.862,34.91140983677082,-0.04940983677082045
pi3bplus,margin,oi_svdd_as_elm_revision,n64,B2,447,9.229404,13.126811,-3.8974069999999994,34.862,34.45354209373237,0.40845790626762835
pi3bplus,margin,oi_svdd_as_elm_revision,n64,B2,448,9.341694,13.126811,-3.7851169999999996,34.324,34.91133822548541,-0.5873382254854107
pi3bplus,margin,oi_svdd_as_elm_revision,n64,B2,449,9.20706,13.126811,-3.9197509999999998,34.324,34.45352792969865,-0.12952792969865357
pi3bplus,margin,oi_svdd_as_elm_revision,n64,B2,450,9.25883,13.126811,-3.8679810000000003,34.324,34.9112856973575,-0.5872856973575011
pi3bplus,margin,oi_svdd_as_elm_revision,n64,B2,451,9.274142,13.126811,-3.8526690000000006,34.862,34.91129540375225,-0.049295403752246614
pi3bplus,margin,oi_svdd_as_elm_revision,n64,B2,452,9.207424,13.126811,-3.9193870000000004,34.862,34.91125311069811,-0.04925311069811045
pi3bplus,margin,oi_svdd_as_elm_revision,n64,B2,453,11.535426,13.126811,-1.5913850000000007,34.862,35.3704537993559,-0.5084537993558982
pi3bplus,margin,oi_svdd_as_elm_revision,n64,B2,454,9.576744,13.126811,-3.5500670000000003,34.324,34.91148722549104,-0.5874872254910386
pi3bplus,margin,oi_svdd_as_elm_revision,n64,B2,455,12.372034,13.126811,-0.7547770000000007,34.324,34.45553423109751,-0.13153423109751117
pi3bplus,margin,oi_svdd_as_elm_revision,n64,B2,456,12.182868,13.126811,-0.9439430000000009,34.862,34.455414317312936,0.40658568268706574
pi3bplus,margin,oi_svdd_as_elm_revision,n64,B2,457,9.307579,13.126811,-3.8192319999999995,34.862,34.453591649467064,0.40840835053293745
pi3bplus,margin,oi_svdd_as_elm_revision,n64,B2,458,9.225966,13.126811,-3.9008450000000003,34.862,34.45353991435769,0.40846008564231084
pi3bplus,margin,oi_svdd_as_elm_revision,n64,B2,459,9.252319,13.126811,-3.874492,34.324,34.45355661972739,-0.12955661972738852
pi3bplus,margin,oi_svdd_as_elm_revision,n64,B2,460,9.315235,13.126811,-3.8115760000000005,34.324,34.45359650266444,-0.129596502664441
pi3bplus,margin,oi_svdd_as_elm_revision,n64,B2,461,9.24159,13.126811,-3.8852209999999996,34.862,34.45354981853164,0.40845018146836054
pi3bplus,margin,oi_svdd_as_elm_revision,n64,B2,462,9.241226,13.126811,-3.8855850000000007,34.324,34.91127453804629,-0.5872745380462945
pi3bplus,margin,oi_svdd_as_elm_revision,n64,B2,463,9.324662,13.126811,-3.802149,34.324,34.45360247851236,-0.12960247851236062
pi3bplus,margin,oi_svdd_as_elm_revision,n64,B2,464,9.171018,13.126811,-3.955793,34.862,34.91123003265427,-0.04923003265426473
pi3bplus,margin,oi_svdd_as_elm_revision,n64,B2,465,9.244611,13.126811,-3.882199999999999,34.862,34.911276683823864,-0.0492766838238623
pi3bplus,margin,oi_svdd_as_elm_revision,n64,B2,466,10.830588,13.126811,-2.2962229999999995,34.324,34.91228204686118,-0.5882820468611811
pi3bplus,margin,oi_svdd_as_elm_revision,n64,B2,467,23.251788,13.126811,10.124977000000001,34.324,34.462430990966425,-0.13843099096642675
pi3bplus,margin,oi_svdd_as_elm_revision,n64,B2,468,30.303031,13.126811,17.17622,35.4,34.924625778477925,0.475374221522074
pi3bplus,margin,oi_svdd_as_elm_revision,n64,B2,469,10.631266,13.126811,-2.495545,34.862,34.45443074485292,0.40756925514708087
pi3bplus,margin,oi_svdd_as_elm_revision,n64,B2,470,9.368568,13.126811,-3.7582430000000002,34.862,35.369080211378076,-0.5070802113780744
pi3bplus,margin,oi_svdd_as_elm_revision,n64,B2,471,9.350288,13.126811,-3.776522999999999,34.324,34.453618723031155,-0.1296187230311574
pi3bplus,margin,oi_svdd_as_elm_revision,n64,B2,472,9.443151,13.126811,-3.6836599999999997,34.862,34.911402539859246,-0.04940253985924414
pi3bplus,margin,oi_svdd_as_elm_revision,n64,B2,473,9.282267,13.126811,-3.844544000000001,34.862,34.911300554252335,-0.049300554252333484
pi3bplus,margin,oi_svdd_as_elm_revision,n64,B2,474,9.384506,13.126811,-3.742305,34.862,34.911365364342,-0.04936536434199468
pi3bplus,margin,oi_svdd_as_elm_revision,n64,B2,475,11.349021,13.126811,-1.7777899999999995,35.4,34.912610685533444,0.4873893144665544
pi3bplus,margin,oi_svdd_as_elm_revision,n64,B2,476,9.495807,13.126811,-3.631004000000001,34.324,34.911435918903265,-0.5874359189032674
pi3bplus,margin,oi_svdd_as_elm_revision,n64,B2,477,9.323829,13.126811,-3.802982,34.862,34.45360195046724,0.4083980495327637
pi3bplus,margin,oi_svdd_as_elm_revision,n64,B2,478,9.204091,13.126811,-3.92272,34.862,34.911250997883734,-0.049250997883731884
pi3bplus,margin,oi_svdd_as_elm_revision,n64,B2,479,9.216122,13.126811,-3.9106889999999996,34.862,34.45353367417026,0.4084663258297425
pi3bplus,margin,lucid_revision,n512,B0,480,377.360165,340.365647,36.99451799999997,33.786,33.474434104243976,0.31156589575602567
pi3bplus,margin,lucid_revision,n512,B0,481,346.102401,340.365647,5.736753999999962,34.324,33.91234451711834,0.4116554828816561
pi3bplus,margin,lucid_revision,n512,B0,482,359.343543,340.365647,18.977895999999987,33.786,34.37846312928763,-0.5924631292876299
pi3bplus,margin,lucid_revision,n512,B0,483,360.506342,340.365647,20.140694999999994,34.324,34.37920023653094,-0.055200236530943414
pi3bplus,margin,lucid_revision,n512,B0,484,358.212924,340.365647,17.847276999999963,34.324,34.37774642119421,-0.053746421194212246
pi3bplus,margin,lucid_revision,n512,B0,485,361.350345,340.365647,20.98469799999998,34.324,34.37973525653412,-0.05573525653412048
pi3bplus,margin,lucid_revision,n512,B0,486,357.206731,340.365647,16.841083999999967,34.324,34.37710858770066,-0.05310858770066318
pi3bplus,margin,lucid_revision,n512,B0,487,363.080485,340.365647,22.714837999999986,34.324,34.38083200560764,-0.05683200560763879
pi3bplus,margin,lucid_revision,n512,B0,488,357.143761,340.365647,16.77811399999996,34.324,34.377068670532594,-0.05306867053259623
pi3bplus,margin,lucid_revision,n512,B0,489,360.747845,340.365647,20.38219799999996,34.324,33.92162837688592,0.40237162311407815
pi3bplus,margin,lucid_revision,n512,B0,490,357.268811,340.365647,16.903164000000004,34.324,34.37714794069087,-0.053147940690870143
pi3bplus,margin,lucid_revision,n512,B0,491,359.650352,340.365647,19.284704999999974,34.324,34.37865761787612,-0.05465761787612422
pi3bplus,margin,lucid_revision,n512,B0,492,358.09026,340.365647,17.724612999999977,34.324,34.37766866353971,-0.05366866353971034
pi3bplus,margin,lucid_revision,n512,B0,493,361.23914,340.365647,20.873492999999996,34.324,33.92193981257094,0.4020601874290577
pi3bplus,margin,lucid_revision,n512,B0,494,357.829009,340.365647,17.46336199999996,34.324,34.37750305451836,-0.053503054518358795
pi3bplus,margin,lucid_revision,n512,B0,495,360.720599,340.365647,20.35495199999997,34.324,34.37933605569369,-0.05533605569369371
pi3bplus,margin,lucid_revision,n512,B0,496,359.044571,340.365647,18.678923999999995,34.324,33.92054865837675,0.4034513416232457
pi3bplus,margin,lucid_revision,n512,B0,497,359.319098,340.365647,18.953450999999973,34.324,34.37844763341383,-0.05444763341382952
pi3bplus,margin,lucid_revision,n512,B0,498,358.504522,340.365647,18.138874999999985,34.324,34.37793126741263,-0.053931267412629325
pi3bplus,margin,lucid_revision,n512,B0,499,362.003553,340.365647,21.637905999999987,34.324,34.38014933011707,-0.05614933011707279
pi3bplus,margin,lucid_revision,n512,B0,500,358.60681,340.365647,18.241162999999972,34.324,34.37799610856377,-0.05399610856377279
pi3bplus,margin,lucid_revision,n512,B0,501,360.93429,340.365647,20.568642999999952,34.324,34.37947151606468,-0.055471516064685034
pi3bplus,margin,lucid_revision,n512,B0,502,357.300724,340.365647,16.93507699999998,34.324,34.3771681705874,-0.05316817058740497
pi3bplus,margin,lucid_revision,n512,B0,503,360.402052,340.365647,20.036405000000002,34.324,33.921409176039525,0.4025908239604732
pi3bplus,margin,lucid_revision,n512,B0,504,358.540036,340.365647,18.174388999999962,33.786,34.83567873026785,-1.0496787302678499
pi3bplus,margin,lucid_revision,n512,B0,505,358.996488,340.365647,18.630840999999975,34.324,34.83596807870677,-0.5119680787067722
pi3bplus,margin,lucid_revision,n512,B0,506,358.435868,340.365647,18.070221000000004,34.324,34.83561269737023,-0.5116126973702322
pi3bplus,margin,lucid_revision,n512,B0,507,360.535224,340.365647,20.169577000000004,33.786,34.37921854505322,-0.5932185450532188
pi3bplus,margin,lucid_revision,n512,B0,508,356.476558,340.365647,16.110910999999987,34.324,34.83437067566838,-0.5103706756683835
pi3bplus,margin,lucid_revision,n512,B0,509,363.363324,340.365647,22.997676999999953,34.324,34.381011299428486,-0.05701129942848837
pi3bplus,margin,lucid_revision,n512,B0,510,357.43983,340.365647,17.074182999999948,34.862,34.37725635095235,0.4847436490476511
pi3bplus,margin,lucid_revision,n512,B0,511,359.12044,340.365647,18.75479299999995,34.324,34.37832170257734,-0.05432170257734015
pi3bplus,margin,lucid_revision,n512,B0,512,362.440048,340.365647,22.074400999999966,34.862,34.38042602765996,0.48157397234004407
pi3bplus,margin,lucid_revision,n512,B0,513,361.719999,340.365647,21.35435199999995,33.786,34.379969583052215,-0.593969583052214
pi3bplus,margin,lucid_revision,n512,B0,514,360.283552,340.365647,19.917904999999962,34.324,34.37905900823376,-0.055059008233762086
pi3bplus,margin,lucid_revision,n512,B0,515,362.348691,340.365647,21.98304399999995,34.324,34.380368115753924,-0.05636811575392642
pi3bplus,margin,lucid_revision,n512,B0,516,358.829968,340.365647,18.464320999999984,34.324,33.92041261988194,0.4035873801180614
pi3bplus,margin,lucid_revision,n512,B0,517,361.820568,340.365647,21.454920999999956,34.324,34.380033334516014,-0.056033334516016
pi3bplus,margin,lucid_revision,n512,B0,518,358.817154,340.365647,18.451506999999992,34.862,34.37812944724568,0.48387055275431834
pi3bplus,margin,lucid_revision,n512,B0,519,361.174373,340.365647,20.80872599999998,34.324,34.37962370652778,-0.0556237065277827
pi3bplus,margin,fisvdd_revision,n512,B2,520,46.525912,47.482273,-0.9563610000000011,34.324,34.484268586093336,-0.16026858609333772
pi3bplus,margin,fisvdd_revision,n512,B2,521,47.055648,47.482273,-0.42662500000000136,34.324,34.48460438982437,-0.1606043898243712
pi3bplus,margin,fisvdd_revision,n512,B2,522,43.787029,47.482273,-3.6952440000000024,34.324,34.482532387061624,-0.15853238706162642
pi3bplus,margin,fisvdd_revision,n512,B2,523,43.966507,47.482273,-3.5157659999999993,34.862,34.48264615954837,0.37935384045162834
pi3bplus,margin,fisvdd_revision,n512,B2,524,44.068745,47.482273,-3.4135279999999995,34.862,34.482710969004124,0.37928903099587785
pi3bplus,margin,fisvdd_revision,n512,B2,525,43.739113,47.482273,-3.743159999999996,34.862,34.48250201274012,0.3794979872598816
pi3bplus,margin,fisvdd_revision,n512,B2,526,46.063052,47.482273,-1.4192210000000003,34.324,34.48397517557386,-0.15997517557386232
pi3bplus,margin,fisvdd_revision,n512,B2,527,43.905674,47.482273,-3.5765990000000016,34.324,34.48260759704107,-0.15860759704106897
pi3bplus,margin,fisvdd_revision,n512,B2,528,44.140203,47.482273,-3.3420699999999997,35.4,34.940481217037835,0.45951878296216364
pi3bplus,margin,fisvdd_revision,n512,B2,529,43.795206,47.482273,-3.687066999999999,34.862,34.94026252078197,-0.07826252078196916
pi3bplus,margin,fisvdd_revision,n512,B2,530,43.762862,47.482273,-3.719411000000001,34.324,34.482517067414165,-0.1585170674141665
pi3bplus,margin,fisvdd_revision,n512,B2,531,43.884216,47.482273,-3.598056999999997,34.324,34.48259399464957,-0.15859399464957136
pi3bplus,margin,fisvdd_revision,n512,B2,532,43.893538,47.482273,-3.588735,34.324,34.48259990393718,-0.15859990393717993
pi3bplus,margin,fisvdd_revision,n512,B2,533,43.748695,47.482273,-3.7335780000000014,34.862,34.940233037100796,-0.07823303710079443
pi3bplus,margin,fisvdd_revision,n512,B2,534,43.823174,47.482273,-3.6590989999999977,34.324,34.94028024991262,-0.6162802499126201
pi3bplus,margin,fisvdd_revision,n512,B2,535,44.115203,47.482273,-3.3670699999999982,34.324,34.482740419088195,-0.15874041908819692
pi3bplus,margin,fisvdd_revision,n512,B2,536,46.507214,47.482273,-0.9750590000000017,34.324,34.941981683544164,-0.6179816835441656
pi3bplus,margin,fisvdd_revision,n512,B2,537,44.567387,47.482273,-2.9148860000000028,34.862,34.940752012266096,-0.07875201226609363
pi3bplus,margin,fisvdd_revision,n512,B2,538,44.191868,47.482273,-3.290405,34.862,34.94051396787932,-0.07851396787931719
pi3bplus,margin,fisvdd_revision,n512,B2,539,43.839944,47.482273,-3.6423289999999966,34.324,34.48256593028774,-0.15856593028774313
pi3bplus,margin,fisvdd_revision,n512,B2,540,43.845934,47.482273,-3.6363389999999995,34.862,34.94029467765194,-0.07829467765193954
pi3bplus,margin,fisvdd_revision,n512,B2,541,43.703122,47.482273,-3.779150999999999,34.862,34.48247919776798,0.37952080223202245
pi3bplus,margin,fisvdd_revision,n512,B2,542,43.802861,47.482273,-3.6794119999999992,34.862,34.94026737334544,-0.0782673733454402
pi3bplus,margin,fisvdd_revision,n512,B2,543,43.714112,47.482273,-3.768160999999999,34.324,34.940211114670696,-0.6162111146706977
pi3bplus,margin,fisvdd_revision,n512,B2,544,43.84458,47.482273,-3.6376929999999987,35.4,35.398018769597954,0.001981230402044787
pi3bplus,margin,fisvdd_revision,n512,B2,545,43.778695,47.482273,-3.7035780000000003,34.862,35.39797700458893,-0.5359770045889292
pi3bplus,margin,fisvdd_revision,n512,B2,546,46.546068,47.482273,-0.9362050000000011,34.862,35.399731263651105,-0.5377312636511036
pi3bplus,margin,fisvdd_revision,n512,B2,547,44.897331,47.482273,-2.584941999999998,34.862,34.9409611663093,-0.07896116630929839
pi3bplus,margin,fisvdd_revision,n512,B2,548,44.229732,47.482273,-3.252541000000001,34.324,34.94053797016059,-0.6165379701605929
pi3bplus,margin,fisvdd_revision,n512,B2,549,43.713227,47.482273,-3.769045999999996,34.324,34.940210553662375,-0.616210553662377
pi3bplus,margin,fisvdd_revision,n512,B2,550,43.729268,47.482273,-3.7530050000000017,35.4,34.940220722175845,0.45977927782415406
pi3bplus,margin,fisvdd_revision,n512,B2,551,43.816299,47.482273,-3.6659739999999985,34.862,35.3980008420542,-0.5360008420542002
pi3bplus,margin,fisvdd_revision,n512,B2,552,44.038797,47.482273,-3.443475999999997,34.324,34.940416934993294,-0.6164169349932962
pi3bplus,margin,fisvdd_revision,n512,B2,553,43.774944,47.482273,-3.7073290000000014,34.862,34.94024967654409,-0.07824967654408965
pi3bplus,margin,fisvdd_revision,n512,B2,554,43.846507,47.482273,-3.6357659999999967,34.862,35.3980199911381,-0.5360199911380974
pi3bplus,margin,fisvdd_revision,n512,B2,555,44.033953,47.482273,-3.4483200000000025,34.862,34.94041386434438,-0.0784138643443768
pi3bplus,margin,fisvdd_revision,n512,B2,556,46.252632,47.482273,-1.2296410000000009,35.4,34.94182030205328,0.45817969794671853
pi3bplus,margin,fisvdd_revision,n512,B2,557,44.064474,47.482273,-3.4177990000000023,35.4,34.94043321184139,0.45956678815861096
pi3bplus,margin,fisvdd_revision,n512,B2,558,44.206607,47.482273,-3.275666000000001,34.862,34.940523311044956,-0.07852331104495391
pi3bplus,margin,fisvdd_revision,n512,B2,559,43.685622,47.482273,-3.796650999999997,34.862,34.94019305464023,-0.07819305464023074
pi3bplus,margin,tinydl_revision,n16,B0,560,4.219757,5.147223,-0.9274659999999999,34.324,34.204717298556695,0.11928270144330355
pi3bplus,margin,tinydl_revision,n16,B0,561,4.137725,5.147223,-1.0094980000000007,34.324,34.204665297839995,0.1193347021600033
pi3bplus,margin,tinydl_revision,n16,B0,562,4.071372,5.147223,-1.0758510000000001,34.324,34.20462323616216,0.11937676383783469
pi3bplus,margin,tinydl_revision,n16,B0,563,4.18559,5.147223,-0.961633,34.324,34.2046956398322,0.11930436016779566
pi3bplus,margin,tinydl_revision,n16,B0,564,4.05132,5.147223,-1.0959030000000007,34.324,33.74688557478785,0.5771144252121516
pi3bplus,margin,tinydl_revision,n16,B0,565,4.103351,5.147223,-1.0438720000000004,33.786,34.204643507896606,-0.4186435078966042
pi3bplus,margin,tinydl_revision,n16,B0,566,4.152882,5.147223,-0.9943410000000004,34.324,34.20467490597905,0.11932509402095093
pi3bplus,margin,tinydl_revision,n16,B0,567,4.073508,5.147223,-1.073715,33.248,33.74689963993197,-0.4988996399319703
pi3bplus,margin,tinydl_revision,n16,B0,568,4.106267,5.147223,-1.0409560000000004,33.248,33.74692040611441,-0.498920406114415
pi3bplus,margin,tinydl_revision,n16,B0,569,4.126007,5.147223,-1.021216,34.324,33.289207969195424,1.0347920308045744
pi3bplus,margin,tinydl_revision,n16,B0,570,5.041572,5.147223,-0.10565099999999994,34.324,34.20523825341576,0.11876174658424077
pi3bplus,margin,tinydl_revision,n16,B0,571,4.082987,5.147223,-1.0642360000000002,33.786,33.74690564874309,0.03909435125691374
pi3bplus,margin,tinydl_revision,n16,B0,572,4.21387,5.147223,-0.9333530000000003,33.248,33.746988616485,-0.4989886164850006
pi3bplus,margin,tinydl_revision,n16,B0,573,4.058664,5.147223,-1.088559,33.248,33.74689023020602,-0.4988902302060225
pi3bplus,margin,tinydl_revision,n16,B0,574,4.072206,5.147223,-1.075017,33.248,33.746898814584135,-0.49889881458413754
pi3bplus,margin,tinydl_revision,n16,B0,575,4.193298,5.147223,-0.9539249999999999,33.248,33.746975575735725,-0.49897557573572726
pi3bplus,margin,tinydl_revision,n16,B0,576,4.057049,5.147223,-1.0901740000000002,33.248,33.28916425618803,-0.041164256188032766
pi3bplus,margin,tinydl_revision,n16,B0,577,4.142361,5.147223,-1.0048620000000001,33.248,33.289218336122,-0.04121833612200021
pi3bplus,margin,tinydl_revision,n16,B0,578,4.169705,5.147223,-0.9775179999999999,32.71,33.289235669694236,-0.5792356696942349
pi3bplus,margin,tinydl_revision,n16,B0,579,5.801097,5.147223,0.6538740000000001,33.786,33.290269821649886,0.4957301783501151
pi3bplus,margin,tinydl_revision,n16,B0,580,4.075174,5.147223,-1.0720490000000007,33.248,33.28917574576515,-0.04117574576515182
pi3bplus,margin,tinydl_revision,n16,B0,581,4.074444,5.147223,-1.0727790000000006,33.786,34.20462518352663,-0.41862518352662903
pi3bplus,margin,tinydl_revision,n16,B0,582,4.13658,5.147223,-1.010643,33.248,33.28921467150157,-0.041214671501570876
pi3bplus,margin,tinydl_revision,n16,B0,583,4.073456,5.147223,-1.0737670000000001,32.71,33.289174656711715,-0.5791746567117144
pi3bplus,margin,tinydl_revision,n16,B0,584,4.154861,5.147223,-0.992362,32.71,33.28922625996829,-0.5792262599682871
pi3bplus,margin,tinydl_revision,n16,B0,585,4.122569,5.147223,-1.024654,33.248,33.28920578982074,-0.04120578982074363
pi3bplus,margin,tinydl_revision,n16,B0,586,4.068871,5.147223,-1.0783520000000006,33.248,33.2891717502449,-0.041171750244899386
pi3bplus,margin,tinydl_revision,n16,B0,587,4.323714,5.147223,-0.8235090000000005,32.71,32.83160834692863,-0.12160834692863176
pi3bplus,margin,tinydl_revision,n16,B0,588,4.133403,5.147223,-1.01382,33.248,33.2892126575768,-0.04121265757679993
pi3bplus,margin,tinydl_revision,n16,B0,589,4.116997,5.147223,-1.0302260000000008,33.248,33.289202257687016,-0.04120225768701857
pi3bplus,margin,tinydl_revision,n16,B0,590,4.113143,5.147223,-1.0340800000000003,33.248,32.37374991409263,0.8742500859073701
pi3bplus,margin,tinydl_revision,n16,B0,591,4.116424,5.147223,-1.030799,32.71,33.746926844714956,-1.036926844714955
pi3bplus,margin,tinydl_revision,n16,B0,592,4.067102,5.147223,-1.080121,33.248,33.289170628862166,-0.04117062886216871
pi3bplus,margin,tinydl_revision,n16,B0,593,4.135902,5.147223,-1.0113210000000006,32.71,33.289214241712145,-0.579214241712144
pi3bplus,margin,tinydl_revision,n16,B0,594,4.109548,5.147223,-1.0376750000000001,32.172,33.28919753570854,-1.1171975357085415
pi3bplus,margin,tinydl_revision,n16,B0,595,4.082153,5.147223,-1.0650700000000004,32.71,33.28918016980701,-0.5791801698070103
pi3bplus,margin,tinydl_revision,n16,B0,596,4.12257,5.147223,-1.0246530000000007,32.71,32.83148084019759,-0.12148084019759153
pi3bplus,margin,tinydl_revision,n16,B0,597,4.185486,5.147223,-0.9617370000000003,32.71,32.831520723134645,-0.12152072313464402
pi3bplus,margin,tinydl_revision,n16,B0,598,4.174392,5.147223,-0.9728310000000002,32.71,32.83151369056259,-0.12151369056258687
pi3bplus,margin,tinydl_revision,n16,B0,599,4.130851,5.147223,-1.0163720000000005,33.248,32.83148608958729,0.4165139104127107
pi3bplus,margin,oi_svdd_as_elm_revision,n512,B1,600,52.920126,54.487461,-1.567335,33.248,33.45180098269608,-0.20380098269608027
pi3bplus,margin,oi_svdd_as_elm_revision,n512,B1,601,55.598905,54.487461,1.1114439999999988,33.248,33.4534990813392,-0.20549908133920525
pi3bplus,margin,oi_svdd_as_elm_revision,n512,B1,602,50.974934,54.487461,-3.5125270000000057,33.248,33.45056791050318,-0.20256791050318412
pi3bplus,margin,oi_svdd_as_elm_revision,n512,B1,603,53.033042,54.487461,-1.4544190000000015,33.248,33.45187256101829,-0.20387256101829365
pi3bplus,margin,oi_svdd_as_elm_revision,n512,B1,604,50.592229,54.487461,-3.895232,33.786,33.45032531085565,0.33567468914434784
pi3bplus,margin,oi_svdd_as_elm_revision,n512,B1,605,50.490772,54.487461,-3.9966890000000035,33.248,33.450260996481816,-0.20226099648181872
pi3bplus,margin,oi_svdd_as_elm_revision,n512,B1,606,50.833685,54.487461,-3.6537760000000006,33.248,33.45047837167402,-0.20247837167402594
pi3bplus,margin,oi_svdd_as_elm_revision,n512,B1,607,50.712123,54.487461,-3.775338000000005,33.786,34.365851213099916,-0.5798512130999143
pi3bplus,margin,oi_svdd_as_elm_revision,n512,B1,608,50.548375,54.487461,-3.939086000000003,33.786,32.992572561210196,0.7934274387898057
pi3bplus,margin,oi_svdd_as_elm_revision,n512,B1,609,50.597281,54.487461,-3.890180000000001,33.248,33.90805346361443,-0.6600534636144317
pi3bplus,margin,oi_svdd_as_elm_revision,n512,B1,610,50.731759,54.487461,-3.7557020000000065,33.248,33.90813871025453,-0.660138710254536
pi3bplus,margin,oi_svdd_as_elm_revision,n512,B1,611,50.524573,54.487461,-3.9628880000000066,33.248,34.36573232371019,-1.117732323710193
pi3bplus,margin,oi_svdd_as_elm_revision,n512,B1,612,50.892018,54.487461,-3.595443000000003,33.786,33.45051534941207,0.3354846505879294
pi3bplus,margin,oi_svdd_as_elm_revision,n512,B1,613,53.573037,54.487461,-0.9144240000000039,33.248,33.45221486800845,-0.20421486800844946
pi3bplus,margin,oi_svdd_as_elm_revision,n512,B1,614,50.512333,54.487461,-3.975128000000005,33.786,33.90799961442286,-0.12199961442286167
pi3bplus,margin,oi_svdd_as_elm_revision,n512,B1,615,50.647384,54.487461,-3.840077000000001,33.786,33.90808522429208,-0.12208522429207846
pi3bplus,margin,oi_svdd_as_elm_revision,n512,B1,616,51.064463,54.487461,-3.4229979999999998,33.248,34.36607456414004,-1.118074564140045
pi3bplus,margin,oi_svdd_as_elm_revision,n512,B1,617,50.878737,54.487461,-3.6087240000000023,33.248,33.45050693048386,-0.2025069304838638
pi3bplus,margin,oi_svdd_as_elm_revision,n512,B1,618,51.043683,54.487461,-3.443778000000002,34.324,34.366061391537976,-0.0420613915379775
pi3bplus,margin,oi_svdd_as_elm_revision,n512,B1,619,50.457646,54.487461,-4.029815000000006,33.786,34.36568989816934,-0.5796898981693417
pi3bplus,margin,oi_svdd_as_elm_revision,n512,B1,620,50.562749,54.487461,-3.9247120000000066,33.248,33.908031573513625,-0.6600315735136277
pi3bplus,margin,oi_svdd_as_elm_revision,n512,B1,621,50.601291,54.487461,-3.88617,33.248,34.365780955841366,-1.1177809558413685
pi3bplus,margin,oi_svdd_as_elm_revision,n512,B1,622,50.755195,54.487461,-3.7322660000000027,33.786,33.90815356651546,-0.12215356651545761
pi3bplus,margin,oi_svdd_as_elm_revision,n512,B1,623,53.218716,54.487461,-1.2687450000000027,33.248,33.90971521145422,-0.6617152114542222
pi3bplus,margin,oi_svdd_as_elm_revision,n512,B1,624,50.449521,54.487461,-4.037940000000006,33.786,33.90795979741221,-0.12195979741220953
pi3bplus,margin,oi_svdd_as_elm_revision,n512,B1,625,50.575092,54.487461,-3.9123690000000053,33.786,33.908039397836404,-0.12203939783640294
pi3bplus,margin,oi_svdd_as_elm_revision,n512,B1,626,51.020505,54.487461,-3.4669560000000033,34.324,33.908321748568184,0.4156782514318138
pi3bplus,margin,oi_svdd_as_elm_revision,n512,B1,627,50.568009,54.487461,-3.9194519999999997,33.786,34.36575985812519,-0.5797598581251862
pi3bplus,margin,oi_svdd_as_elm_revision,n512,B1,628,50.670352,54.487461,-3.817109000000002,34.324,34.36582473414125,-0.041824734141250985
pi3bplus,margin,oi_svdd_as_elm_revision,n512,B1,629,50.687071,54.487461,-3.80039,34.324,33.90811038218709,0.41588961781290834
pi3bplus,margin,oi_svdd_as_elm_revision,n512,B1,630,50.712904,54.487461,-3.7745570000000015,34.324,33.45040180766773,0.8735981923322669
pi3bplus,margin,oi_svdd_as_elm_revision,n512,B1,631,50.565249,54.487461,-3.922212000000002,33.786,34.36575810853993,-0.5797581085399273
pi3bplus,margin,oi_svdd_as_elm_revision,n512,B1,632,50.914204,54.487461,-3.5732570000000052,33.786,33.90825436354543,-0.12225436354543007
pi3bplus,margin,oi_svdd_as_elm_revision,n512,B1,633,53.027727,54.487461,-1.4597340000000045,34.324,34.367319092312954,-0.04331909231295583
pi3bplus,margin,oi_svdd_as_elm_revision,n512,B1,634,50.68629,54.487461,-3.8011710000000036,33.786,34.36583483736222,-0.5798348373622204
pi3bplus,margin,oi_svdd_as_elm_revision,n512,B1,635,50.821652,54.487461,-3.665809000000003,34.324,33.90819569411969,0.41580430588030737
pi3bplus,margin,oi_svdd_as_elm_revision,n512,B1,636,51.111494,54.487461,-3.375967000000003,34.324,34.36610437745323,-0.04210437745323503
pi3bplus,margin,oi_svdd_as_elm_revision,n512,B1,637,50.652695,54.487461,-3.834766000000002,34.324,33.90808859097589,0.41591140902410473
pi3bplus,margin,oi_svdd_as_elm_revision,n512,B1,638,50.590248,54.487461,-3.8972130000000007,34.324,33.90804900534155,0.415950994658445
pi3bplus,margin,oi_svdd_as_elm_revision,n512,B1,639,50.75759,54.487461,-3.729871000000003,34.324,33.90815508472441,0.415844915275585
pi3bplus,margin,lucid_revision,n64,B0,640,46.726323,50.274459,-3.5481359999999995,33.786,33.696918616294354,0.089081383705647
pi3bplus,margin,lucid_revision,n64,B0,641,43.962231,50.274459,-6.3122279999999975,33.248,33.2374414868263,0.010558513173698714
pi3bplus,margin,lucid_revision,n64,B0,642,44.075251,50.274459,-6.199207999999999,33.786,33.695238081331965,0.0907619186680364
pi3bplus,margin,lucid_revision,n64,B0,643,44.049053,50.274459,-6.2254059999999996,33.786,33.2374965239609,0.5485034760391017
pi3bplus,margin,lucid_revision,n64,B0,644,44.034314,50.274459,-6.240144999999998,33.248,33.23748718079526,0.01051281920473457
pi3bplus,margin,lucid_revision,n64,B0,645,44.011814,50.274459,-6.262644999999999,33.786,32.779747967614895,1.006252032385106
pi3bplus,margin,lucid_revision,n64,B0,646,44.088845,50.274459,-6.185614000000001,33.248,33.23752174841623,0.010478251583769804
pi3bplus,margin,lucid_revision,n64,B0,647,44.027543,50.274459,-6.246915999999999,33.248,33.23748288860621,0.010517111393788525
pi3bplus,margin,lucid_revision,n64,B0,648,43.983325,50.274459,-6.291134,33.248,33.23745485847539,0.010545141524609392
pi3bplus,margin,lucid_revision,n64,B0,649,44.164521,50.274459,-6.109938,33.248,33.23756972001557,0.01043027998442625
pi3bplus,margin,lucid_revision,n64,B0,650,43.978846,50.274459,-6.295613000000003,33.248,33.237452019202784,0.010547980797213086
pi3bplus,margin,lucid_revision,n64,B0,651,44.164885,50.274459,-6.109574000000002,33.248,33.695294901015025,-0.44729490101502734
pi3bplus,margin,lucid_revision,n64,B0,652,44.06124,50.274459,-6.213219000000002,32.71,33.23750424939408,-0.5275042493940774
pi3bplus,margin,lucid_revision,n64,B0,653,44.048115,50.274459,-6.226343999999997,33.248,33.237495929355475,0.010504070644522301
pi3bplus,margin,lucid_revision,n64,B0,654,44.575767,50.274459,-5.698692000000001,33.786,33.69555536227991,0.09044463772008982
pi3bplus,margin,lucid_revision,n64,B0,655,44.945452,50.274459,-5.329006999999997,33.248,33.238064758192095,0.009935241807902173
pi3bplus,margin,lucid_revision,n64,B0,656,43.987491,50.274459,-6.286968000000002,33.248,33.69518244959193,-0.447182449591935
pi3bplus,margin,lucid_revision,n64,B0,657,44.190146,50.274459,-6.084313000000002,33.248,33.237585963900464,0.010414036099533064
pi3bplus,margin,lucid_revision,n64,B0,658,44.018949,50.274459,-6.255510000000001,33.248,32.77975249054636,0.46824750945364
pi3bplus,margin,lucid_revision,n64,B0,659,44.146969,50.274459,-6.127490000000002,33.248,33.237558593667565,0.010441406332432734
pi3bplus,margin,lucid_revision,n64,B0,660,44.456758,50.274459,-5.817701,33.248,33.237754971301015,0.01024502869898214
pi3bplus,margin,lucid_revision,n64,B0,661,44.028168,50.274459,-6.246290999999999,33.248,33.695208235055574,-0.4472082350555766
pi3bplus,margin,lucid_revision,n64,B0,662,44.004366,50.274459,-6.270093000000003,33.248,32.32201829601327,0.9259817039867286
pi3bplus,margin,lucid_revision,n64,B0,663,44.358686,50.274459,-5.9157730000000015,32.71,33.23769280270475,-0.5276928027047489
pi3bplus,margin,lucid_revision,n64,B0,664,44.039834,50.274459,-6.234625000000001,33.248,33.23749067996579,0.01050932003420968
pi3bplus,margin,lucid_revision,n64,B0,665,44.010564,50.274459,-6.263894999999998,33.248,33.237472125487315,0.010527874512682445
pi3bplus,margin,lucid_revision,n64,B0,666,46.651999,50.274459,-3.6224599999999967,33.248,33.23914655148117,0.008853448518827634
pi3bplus,margin,lucid_revision,n64,B0,667,44.061449,50.274459,-6.213009999999997,33.248,33.69522933213784,-0.44722933213784444
pi3bplus,margin,lucid_revision,n64,B0,668,44.063063,50.274459,-6.211396000000001,33.248,33.23750540500782,0.0104945949921742
pi3bplus,margin,lucid_revision,n64,B0,669,44.006761,50.274459,-6.267698000000003,32.71,33.23746971473632,-0.5274697147363199
pi3bplus,margin,lucid_revision,n64,B0,670,43.995094,50.274459,-6.2793649999999985,33.248,33.23746231893515,0.010537681064846538
pi3bplus,margin,lucid_revision,n64,B0,671,44.01374,50.274459,-6.260719000000002,33.248,33.23747413877818,0.010525861221815092
pi3bplus,margin,lucid_revision,n64,B0,672,44.203478,50.274459,-6.070981000000003,32.71,33.69531936541501,-0.985319365415009
pi3bplus,margin,lucid_revision,n64,B0,673,43.969939,50.274459,-6.304520000000004,32.71,33.237446372986874,-0.5274463729868728
pi3bplus,margin,lucid_revision,n64,B0,674,44.105771,50.274459,-6.168688000000003,32.71,33.23753247793801,-0.52753247793801
pi3bplus,margin,lucid_revision,n64,B0,675,45.238417,50.274459,-5.036042000000002,33.248,33.6959754212194,-0.4479754212194038
pi3bplus,margin,lucid_revision,n64,B0,676,43.987543,50.274459,-6.286915999999998,33.248,33.23745753229808,0.010542467701917246
pi3bplus,margin,lucid_revision,n64,B0,677,43.982282,50.274459,-6.292177000000002,32.71,32.7797292470526,-0.06972924705259942
pi3bplus,margin,lucid_revision,n64,B0,678,44.050042,50.274459,-6.2244170000000025,33.248,33.23749715089562,0.010502849104376821
pi3bplus,margin,lucid_revision,n64,B0,679,44.044261,50.274459,-6.2301980000000015,33.248,32.32204358576109,0.925956414238911
pi3bplus,margin,oi_svdd_as_elm_revision,n256,B1,680,28.779339,31.544292,-2.7649529999999984,33.248,33.885673202499696,-0.6376732024996983
pi3bplus,margin,oi_svdd_as_elm_revision,n256,B1,681,29.160272,31.544292,-2.3840199999999996,33.248,33.428189728605716,-0.18018972860571836
pi3bplus,margin,oi_svdd_as_elm_revision,n256,B1,682,26.90675,31.544292,-4.637542,33.248,33.88448615390777,-0.6364861539077751
pi3bplus,margin,oi_svdd_as_elm_revision,n256,B1,683,26.85899,31.544292,-4.685302,33.248,33.88445587847587,-0.6364558784758714
pi3bplus,margin,oi_svdd_as_elm_revision,n256,B1,684,27.066592,31.544292,-4.477699999999999,33.786,33.4268625287258,0.35913747127420237
pi3bplus,margin,oi_svdd_as_elm_revision,n256,B1,685,26.951749,31.544292,-4.592542999999999,34.324,33.88451467912051,0.4394853208794913
pi3bplus,margin,oi_svdd_as_elm_revision,n256,B1,686,26.971697,31.544292,-4.572595,32.71,33.884527324311364,-1.174527324311363
pi3bplus,margin,oi_svdd_as_elm_revision,n256,B1,687,26.944562,31.544292,-4.599729999999997,33.248,34.34223507348289,-1.094235073482892
pi3bplus,margin,oi_svdd_as_elm_revision,n256,B1,688,27.087061,31.544292,-4.457231,34.324,33.426875504182576,0.8971244958174225
pi3bplus,margin,oi_svdd_as_elm_revision,n256,B1,689,28.228145,31.544292,-3.3161469999999973,33.786,33.885323796377165,-0.09932379637716338
pi3bplus,margin,oi_svdd_as_elm_revision,n256,B1,690,27.780961,31.544292,-3.7633309999999973,33.248,33.88504032299485,-0.6370403229948494
pi3bplus,margin,oi_svdd_as_elm_revision,n256,B1,691,26.881021,31.544292,-4.663270999999998,33.248,34.342194794353524,-1.0941947943535268
pi3bplus,margin,oi_svdd_as_elm_revision,n256,B1,692,27.342006,31.544292,-4.202285999999997,33.248,33.42703711578195,-0.17903711578195214
pi3bplus,margin,oi_svdd_as_elm_revision,n256,B1,693,27.082008,31.544292,-4.462284,33.248,33.88459725130401,-0.6365972513040106
pi3bplus,margin,oi_svdd_as_elm_revision,n256,B1,694,27.065395,31.544292,-4.478897,33.248,33.88458672019534,-0.6365867201953392
pi3bplus,margin,oi_svdd_as_elm_revision,n256,B1,695,26.863886,31.544292,-4.680405999999998,33.248,33.426734031830925,-0.17873403183092762
pi3bplus,margin,oi_svdd_as_elm_revision,n256,B1,696,27.033727,31.544292,-4.510565,33.786,33.88456664560619,-0.09856664560619066
pi3bplus,margin,oi_svdd_as_elm_revision,n256,B1,697,27.162997,31.544292,-4.381294999999998,33.248,33.42692364059792,-0.17892364059792243
pi3bplus,margin,oi_svdd_as_elm_revision,n256,B1,698,31.109787,31.544292,-0.4345049999999979,33.248,33.429425541181615,-0.1814255411816177
pi3bplus,margin,oi_svdd_as_elm_revision,n256,B1,699,29.412978,31.544292,-2.1313139999999997,33.786,33.42834992088575,0.35765007911425073
pi3bplus,margin,oi_svdd_as_elm_revision,n256,B1,700,29.023242,31.544292,-2.521049999999999,33.248,33.42810286423315,-0.1801028642331559
pi3bplus,margin,oi_svdd_as_elm_revision,n256,B1,701,26.805604,31.544292,-4.738688,33.786,33.884422036679226,-0.09842203667922433
pi3bplus,margin,oi_svdd_as_elm_revision,n256,B1,702,26.8455,31.544292,-4.698791999999997,33.248,33.884447327060954,-0.6364473270609565
pi3bplus,margin,oi_svdd_as_elm_revision,n256,B1,703,27.33185,31.544292,-4.212441999999999,33.248,33.42703067781532,-0.17903067781531945
pi3bplus,margin,oi_svdd_as_elm_revision,n256,B1,704,27.296642,31.544292,-4.24765,32.71,34.34245825970701,-1.6324582597070076
pi3bplus,margin,oi_svdd_as_elm_revision,n256,B1,705,26.811907,31.544292,-4.732384999999997,34.324,33.42670108194242,0.8972989180575794
pi3bplus,margin,oi_svdd_as_elm_revision,n256,B1,706,26.823209,31.544292,-4.721083,33.786,33.42670824636728,0.3592917536327178
pi3bplus,margin,oi_svdd_as_elm_revision,n256,B1,707,26.891958,31.544292,-4.652334,33.248,33.426751826887966,-0.17875182688796798
pi3bplus,margin,oi_svdd_as_elm_revision,n256,B1,708,28.37382,31.544292,-3.170472,33.248,33.42769119062476,-0.1796911906247658
pi3bplus,margin,oi_svdd_as_elm_revision,n256,B1,709,27.147789,31.544292,-4.396502999999999,33.786,33.88463895038663,-0.09863895038662918
pi3bplus,margin,oi_svdd_as_elm_revision,n256,B1,710,27.422214,31.544292,-4.122077999999998,34.324,34.34253786076511,-0.018537860765114544
pi3bplus,margin,oi_svdd_as_elm_revision,n256,B1,711,27.276433,31.544292,-4.267858999999998,33.786,33.884720498809195,-0.0987204988091932
pi3bplus,margin,oi_svdd_as_elm_revision,n256,B1,712,26.900186,31.544292,-4.644105999999997,33.786,33.88448199293761,-0.09848199293760729
pi3bplus,margin,oi_svdd_as_elm_revision,n256,B1,713,27.07055,31.544292,-4.473741999999998,34.324,33.42686503773248,0.8971349622675149
pi3bplus,margin,oi_svdd_as_elm_revision,n256,B1,714,26.855187,31.544292,-4.689104999999998,33.248,33.426728517467815,-0.17872851746781748
pi3bplus,margin,oi_svdd_as_elm_revision,n256,B1,715,26.880396,31.544292,-4.663895999999998,33.786,33.4267444976471,0.3592555023529016
pi3bplus,margin,oi_svdd_as_elm_revision,n256,B1,716,27.11956,31.544292,-4.424731999999999,33.248,33.42689610554902,-0.1788961055490219
pi3bplus,margin,oi_svdd_as_elm_revision,n256,B1,717,26.998624,31.544292,-4.545667999999999,33.786,33.42681944328703,0.3591805567129711
pi3bplus,margin,oi_svdd_as_elm_revision,n256,B1,718,27.010915,31.544292,-4.533376999999998,33.786,33.42682723464661,0.35917276535339226
pi3bplus,margin,oi_svdd_as_elm_revision,n256,B1,719,26.847322,31.544292,-4.69697,33.248,33.42672353178373,-0.17872353178373146
pi3bplus,margin,tinydl_revision,n1024,B1,720,88.359193,82.966181,5.393011999999999,33.248,33.53353842694266,-0.28553842694266507
pi3bplus,margin,tinydl_revision,n1024,B1,721,80.471135,82.966181,-2.495046000000002,33.786,34.44398802672771,-0.6579880267277076
pi3bplus,margin,tinydl_revision,n1024,B1,722,78.858545,82.966181,-4.107635999999999,34.324,33.52751589299059,0.7964841070094053
pi3bplus,margin,tinydl_revision,n1024,B1,723,80.085305,82.966181,-2.8808760000000007,34.324,34.4437434461186,-0.11974344611860488
pi3bplus,margin,tinydl_revision,n1024,B1,724,78.358809,82.966181,-4.607372000000012,34.324,33.98492405674771,0.33907594325228985
pi3bplus,margin,tinydl_revision,n1024,B1,725,78.46313,82.966181,-4.503050999999999,33.786,34.44271513689026,-0.6567151368902557
pi3bplus,margin,tinydl_revision,n1024,B1,726,82.165547,82.966181,-0.8006340000000023,33.786,34.44506212754681,-0.6590621275468109
pi3bplus,margin,tinydl_revision,n1024,B1,727,78.921409,82.966181,-4.044772000000009,33.786,34.44300564347854,-0.6570056434785414
pi3bplus,margin,tinydl_revision,n1024,B1,728,78.377506,82.966181,-4.588675000000009,33.786,33.984935908920036,-0.19893590892003488
pi3bplus,margin,tinydl_revision,n1024,B1,729,78.58214,82.966181,-4.3840410000000105,34.324,34.442790578246004,-0.11879057824600636
pi3bplus,margin,tinydl_revision,n1024,B1,730,82.345754,82.966181,-0.6204270000000065,34.324,33.52972646163817,0.7942735383618285
pi3bplus,margin,tinydl_revision,n1024,B1,731,81.519876,82.966181,-1.4463050000000095,34.324,34.44465283172621,-0.12065283172621122
pi3bplus,margin,tinydl_revision,n1024,B1,732,80.250198,82.966181,-2.7159830000000085,33.786,34.90157292331856,-1.1155729233185596
pi3bplus,margin,tinydl_revision,n1024,B1,733,78.515213,82.966181,-4.450968000000003,34.324,34.44274815270516,-0.11874815270515882
pi3bplus,margin,tinydl_revision,n1024,B1,734,78.500682,82.966181,-4.465499000000008,34.324,33.985013991135276,0.3389860088647225
pi3bplus,margin,tinydl_revision,n1024,B1,735,78.581463,82.966181,-4.3847180000000066,34.324,33.985065198833446,0.33893480116655184
pi3bplus,margin,tinydl_revision,n1024,B1,736,78.772971,82.966181,-4.193210000000008,33.786,33.98518659722986,-0.1991865972298612
pi3bplus,margin,tinydl_revision,n1024,B1,737,78.947553,82.966181,-4.018628000000007,33.786,34.443022216361534,-0.6570222163615327
pi3bplus,margin,tinydl_revision,n1024,B1,738,78.82219,82.966181,-4.143991,34.324,33.9852177975331,0.33878220246689494
pi3bplus,margin,tinydl_revision,n1024,B1,739,78.548442,82.966181,-4.417739000000012,34.324,34.442769216824225,-0.11876921682422648
pi3bplus,margin,tinydl_revision,n1024,B1,740,81.96836,82.966181,-0.9978210000000018,34.324,34.44493712918855,-0.12093712918855459
pi3bplus,margin,tinydl_revision,n1024,B1,741,78.808388,82.966181,-4.157793000000012,34.324,34.442933998596025,-0.11893399859602738
pi3bplus,margin,tinydl_revision,n1024,B1,742,80.415822,82.966181,-2.5503590000000003,34.324,34.90167791364799,-0.5776779136479888
pi3bplus,margin,tinydl_revision,n1024,B1,743,78.501411,82.966181,-4.4647700000000015,34.324,34.44273940351104,-0.11873940351104295
pi3bplus,margin,tinydl_revision,n1024,B1,744,78.604275,82.966181,-4.361906000000005,34.324,34.442804609793015,-0.11880460979301688
pi3bplus,margin,tinydl_revision,n1024,B1,745,78.576878,82.966181,-4.389303000000012,34.324,34.44278724262367,-0.11878724262367513
pi3bplus,margin,tinydl_revision,n1024,B1,746,79.114999,82.966181,-3.8511820000000085,34.324,34.443128361670794,-0.11912836167079632
pi3bplus,margin,tinydl_revision,n1024,B1,747,78.808491,82.966181,-4.157690000000002,34.324,33.98520911363148,0.33879088636852117
pi3bplus,margin,tinydl_revision,n1024,B1,748,78.70594,82.966181,-4.260241000000008,34.324,34.90059400627671,-0.5765940062767143
pi3bplus,margin,tinydl_revision,n1024,B1,749,79.117603,82.966181,-3.8485780000000034,34.862,34.44313001236645,0.4188699876335491
pi3bplus,margin,tinydl_revision,n1024,B1,750,78.417297,82.966181,-4.548884000000001,33.786,34.4426860829985,-0.6566860829984975
pi3bplus,margin,tinydl_revision,n1024,B1,751,78.488286,82.966181,-4.477895000000004,34.324,34.44273108347244,-0.11873108347243999
pi3bplus,margin,tinydl_revision,n1024,B1,752,80.667589,82.966181,-2.2985919999999993,34.324,34.44411256043162,-0.12011256043162177
pi3bplus,margin,tinydl_revision,n1024,B1,753,78.596462,82.966181,-4.3697190000000035,34.324,34.44279965707213,-0.11879965707213103
pi3bplus,margin,tinydl_revision,n1024,B1,754,78.607399,82.966181,-4.358782000000005,34.862,34.44280659012068,0.41919340987931974
pi3bplus,margin,tinydl_revision,n1024,B1,755,79.382965,82.966181,-3.5832160000000073,34.324,34.44329822738238,-0.11929822738238016
pi3bplus,margin,tinydl_revision,n1024,B1,756,78.587867,82.966181,-4.378314000000003,34.862,34.44279420863542,0.4192057913645826
pi3bplus,margin,tinydl_revision,n1024,B1,757,78.976979,82.966181,-3.989202000000006,34.324,34.90076581998667,-0.5767658199866688
pi3bplus,margin,tinydl_revision,n1024,B1,758,78.623231,82.966181,-4.342950000000002,34.324,34.90054157640449,-0.5765415764044945
pi3bplus,margin,tinydl_revision,n1024,B1,759,79.048957,82.966181,-3.9172240000000045,34.862,34.44308649713827,0.41891350286173434
pi3bplus,margin,fisvdd_revision,n64,B0,760,8.313158,11.039407,-2.726249000000001,33.786,34.15512373893901,-0.3691237389390096
pi3bplus,margin,fisvdd_revision,n64,B0,761,8.164825,11.039407,-2.874582,33.786,34.15502970950768,-0.36902970950767866
pi3bplus,margin,fisvdd_revision,n64,B0,762,8.179305,11.039407,-2.8601020000000013,33.786,33.69731393823417,0.08868606176583427
pi3bplus,margin,fisvdd_revision,n64,B0,763,8.17493,11.039407,-2.864477000000001,33.248,33.69731116488797,-0.4493111648879733
pi3bplus,margin,fisvdd_revision,n64,B0,764,8.249878,11.039407,-2.789529,33.786,34.15508362525956,-0.36908362525955596
pi3bplus,margin,fisvdd_revision,n64,B0,765,8.178107,11.039407,-2.8613,33.248,33.69731317881274,-0.44931317881274424
pi3bplus,margin,fisvdd_revision,n64,B0,766,8.194878,11.039407,-2.8445290000000014,33.248,33.239598859821776,0.008401140178222022
pi3bplus,margin,fisvdd_revision,n64,B0,767,8.195451,11.039407,-2.8439560000000004,33.786,33.239599223050895,0.5464007769491062
pi3bplus,margin,fisvdd_revision,n64,B0,768,8.202273,11.039407,-2.8371340000000007,33.248,33.239603547569246,0.008396452430751822
pi3bplus,margin,fisvdd_revision,n64,B0,769,8.182429,11.039407,-2.856978,33.248,33.697315918561834,-0.4493159185618367
pi3bplus,margin,fisvdd_revision,n64,B0,770,8.211336,11.039407,-2.8280710000000013,33.248,33.69733424293181,-0.4493342429318119
pi3bplus,margin,fisvdd_revision,n64,B0,771,8.164565,11.039407,-2.874842000000001,33.248,33.239579644177574,0.008420355822423176
pi3bplus,margin,fisvdd_revision,n64,B0,772,8.163315,11.039407,-2.876092,32.71,33.23957885179294,-0.529578851792941
pi3bplus,margin,fisvdd_revision,n64,B0,773,8.266909,11.039407,-2.7724980000000006,33.248,33.23964452082755,0.008355479172450941
pi3bplus,margin,fisvdd_revision,n64,B0,774,8.177169,11.039407,-2.8622380000000014,32.71,33.239587633950265,-0.5295876339502641
pi3bplus,margin,fisvdd_revision,n64,B0,775,8.163524,11.039407,-2.875883,33.248,32.7818540340226,0.46614596597739677
pi3bplus,margin,fisvdd_revision,n64,B0,776,8.226752,11.039407,-2.8126550000000012,33.248,33.23961906499591,0.008380935004090873
pi3bplus,margin,fisvdd_revision,n64,B0,777,8.145138,11.039407,-2.8942690000000013,33.786,33.23956732925262,0.5464326707473788
pi3bplus,margin,fisvdd_revision,n64,B0,778,8.170763,11.039407,-2.8686439999999997,32.172,33.239583573137516,-1.0675835731375187
pi3bplus,margin,fisvdd_revision,n64,B0,779,8.235867,11.039407,-2.80354,32.71,32.78189989280757,-0.07189989280757203
pi3bplus,margin,fisvdd_revision,n64,B0,780,8.150763,11.039407,-2.888644000000001,32.71,32.7818459447264,-0.07184594472639816
pi3bplus,margin,fisvdd_revision,n64,B0,781,8.197013,11.039407,-2.8423940000000005,32.71,32.78187526295767,-0.07187526295766844
pi3bplus,margin,fisvdd_revision,n64,B0,782,9.079297,11.039407,-1.9601100000000002,33.248,32.78243454958163,0.4655654504183673
pi3bplus,margin,fisvdd_revision,n64,B0,783,8.134305,11.039407,-2.905102000000001,32.172,32.781835511873425,-0.6098355118734275
pi3bplus,margin,fisvdd_revision,n64,B0,784,8.214722,11.039407,-2.8246850000000006,32.172,32.324161538572135,-0.15216153857213754
pi3bplus,margin,fisvdd_revision,n64,B0,785,8.183992,11.039407,-2.8554150000000007,32.71,32.78186700884547,-0.07186700884546582
pi3bplus,margin,fisvdd_revision,n64,B0,786,8.161388,11.039407,-2.878019,32.172,32.32412772973869,-0.15212772973869448
pi3bplus,margin,fisvdd_revision,n64,B0,787,8.219617,11.039407,-2.819790000000001,32.71,32.78188959180739,-0.07188959180739118
pi3bplus,margin,fisvdd_revision,n64,B0,788,8.223836,11.039407,-2.8155710000000003,32.71,32.781892266263995,-0.07189226626399403
pi3bplus,margin,fisvdd_revision,n64,B0,789,8.1542,11.039407,-2.885207000000001,32.71,32.78184812346718,-0.07184812346717706
pi3bplus,margin,fisvdd_revision,n64,B0,790,8.199304,11.039407,-2.840103000000001,32.71,32.78187671524022,-0.07187671524022221
pi3bplus,margin,fisvdd_revision,n64,B0,791,8.213054,11.039407,-2.826353000000001,33.248,32.324160481214086,0.9238395187859112
pi3bplus,margin,fisvdd_revision,n64,B0,792,8.175346,11.039407,-2.8640610000000013,33.248,32.78186152807947,0.46613847192053015
pi3bplus,margin,fisvdd_revision,n64,B0,793,9.070964,11.039407,-1.9684430000000006,32.71,32.32470431697169,0.3852956830283105
pi3bplus,margin,fisvdd_revision,n64,B0,794,8.223888,11.039407,-2.815519,32.71,32.781892299227195,-0.0718922992271942
pi3bplus,margin,fisvdd_revision,n64,B0,795,10.083975,11.039407,-0.9554320000000001,32.172,33.240796372962066,-1.068796372962069
pi3bplus,margin,fisvdd_revision,n64,B0,796,8.207689,11.039407,-2.8317180000000004,32.71,32.78188203055631,-0.07188203055630993
pi3bplus,margin,fisvdd_revision,n64,B0,797,8.170295,11.039407,-2.869112000000001,32.172,32.32413337595461,-0.1521333759546124
pi3bplus,margin,fisvdd_revision,n64,B0,798,8.186909,11.039407,-2.8524980000000006,32.172,33.23959380821129,-1.0675938082112921
pi3bplus,margin,fisvdd_revision,n64,B0,799,8.216648,11.039407,-2.8227590000000014,32.172,33.239612659992474,-1.0676126599924771
pi3bplus,margin,tinydl_revision,n1,B0,800,2.946902,3.109409,-0.16250699999999973,32.172,32.79653677673941,-0.6245367767394114
pi3bplus,margin,tinydl_revision,n1,B0,801,2.873725,3.109409,-0.235684,32.172,32.33876543901837,-0.16676543901836993
pi3bplus,margin,tinydl_revision,n1,B0,802,2.918934,3.109409,-0.19047499999999973,32.71,32.338794097351716,0.3712059026482848
pi3bplus,margin,tinydl_revision,n1,B0,803,2.871641,3.109409,-0.23776799999999998,32.172,32.33876411795471,-0.16676411795471324
pi3bplus,margin,tinydl_revision,n1,B0,804,2.940027,3.109409,-0.1693819999999997,32.172,32.3388074683669,-0.16680746836690474
pi3bplus,margin,tinydl_revision,n1,B0,805,2.883153,3.109409,-0.2262559999999998,32.172,32.33877141550019,-0.16677141550019314
pi3bplus,margin,tinydl_revision,n1,B0,806,2.830704,3.109409,-0.278705,32.172,32.33873816767507,-0.16673816767507077
pi3bplus,margin,tinydl_revision,n1,B0,807,2.95211,3.109409,-0.15729900000000008,32.71,32.33881512787367,0.371184872126328
pi3bplus,margin,tinydl_revision,n1,B0,808,2.88284,3.109409,-0.22656900000000002,32.172,32.79649616734413,-0.6244961673441338
pi3bplus,margin,tinydl_revision,n1,B0,809,2.871642,3.109409,-0.23776699999999984,32.172,32.33876411858862,-0.16676411858862394
pi3bplus,margin,tinydl_revision,n1,B0,810,2.913621,3.109409,-0.19578799999999985,32.172,32.33879072940009,-0.1667907294000912
pi3bplus,margin,tinydl_revision,n1,B0,811,2.86659,3.109409,-0.2428189999999999,32.172,32.79648586634396,-0.6244858663439601
pi3bplus,margin,tinydl_revision,n1,B0,812,2.924818,3.109409,-0.18459099999999973,32.172,32.33879782726464,-0.1667978272646451
pi3bplus,margin,tinydl_revision,n1,B0,813,2.882631,3.109409,-0.22677799999999992,32.172,32.33877108460037,-0.16677108460037005
pi3bplus,margin,tinydl_revision,n1,B0,814,2.829611,3.109409,-0.279798,32.172,32.33873747481395,-0.1667374748139494
pi3bplus,margin,tinydl_revision,n1,B0,815,2.938204,3.109409,-0.17120500000000005,32.172,32.33880631275316,-0.1668063127531596
pi3bplus,margin,tinydl_revision,n1,B0,816,2.87586,3.109409,-0.233549,32.172,32.33876679241131,-0.1667667924113161
pi3bplus,margin,tinydl_revision,n1,B0,817,2.860601,3.109409,-0.24880799999999992,32.172,32.33875711961367,-0.16675711961367057
pi3bplus,margin,tinydl_revision,n1,B0,818,2.932735,3.109409,-0.17667399999999978,32.172,32.33880284591193,-0.16680284591193129
pi3bplus,margin,tinydl_revision,n1,B0,819,2.888465,3.109409,-0.2209439999999998,31.634,32.33877478281791,-0.704774782817907
pi3bplus,margin,tinydl_revision,n1,B0,820,2.932631,3.109409,-0.17677799999999966,32.172,32.33880277998553,-0.16680277998553095
pi3bplus,margin,tinydl_revision,n1,B0,821,2.880392,3.109409,-0.2290169999999998,31.634,32.33876966528102,-0.7047696652810203
pi3bplus,margin,tinydl_revision,n1,B0,822,2.843986,3.109409,-0.26542299999999974,32.172,32.33874658723718,-0.16674658723718494
pi3bplus,margin,tinydl_revision,n1,B0,823,2.982006,3.109409,-0.1274029999999997,32.172,32.33883407917837,-0.166834079178372
pi3bplus,margin,tinydl_revision,n1,B0,824,2.877476,3.109409,-0.23193299999999972,32.172,32.33876781680616,-0.16676781680616415
pi3bplus,margin,tinydl_revision,n1,B0,825,2.857215,3.109409,-0.2521939999999998,32.172,32.338754973202185,-0.16675497320218824
pi3bplus,margin,tinydl_revision,n1,B0,826,2.91435,3.109409,-0.19505899999999965,32.172,32.33879119151881,-0.1667911915188114
pi3bplus,margin,tinydl_revision,n1,B0,827,2.880184,3.109409,-0.229225,32.172,32.33876953342822,-0.16676953342822287
pi3bplus,margin,tinydl_revision,n1,B0,828,2.935652,3.109409,-0.17375699999999972,32.172,32.3388046950207,-0.1668046950207014
pi3bplus,margin,tinydl_revision,n1,B0,829,2.877214,3.109409,-0.23219499999999993,32.172,32.33876765072234,-0.1667676507223419
pi3bplus,margin,tinydl_revision,n1,B0,830,2.854246,3.109409,-0.25516300000000003,32.172,32.338753091130215,-0.16675309113021797
pi3bplus,margin,tinydl_revision,n1,B0,831,2.93435,3.109409,-0.17505900000000008,32.172,32.338803869672866,-0.16680386967286864
pi3bplus,margin,tinydl_revision,n1,B0,832,2.889038,3.109409,-0.22037099999999965,32.172,32.33877514604702,-0.16677514604702282
pi3bplus,margin,tinydl_revision,n1,B0,833,2.860913,3.109409,-0.24849599999999983,31.634,32.33875731739287,-0.7047573173928683
pi3bplus,margin,tinydl_revision,n1,B0,834,2.916589,3.109409,-0.19281999999999977,32.172,32.338792610838155,-0.16679261083815788
pi3bplus,margin,tinydl_revision,n1,B0,835,2.810653,3.109409,-0.298756,32.172,32.338725457191714,-0.16672545719171694
pi3bplus,margin,tinydl_revision,n1,B0,836,2.943568,3.109409,-0.1658409999999999,32.172,32.338809713034074,-0.16680971303407688
pi3bplus,margin,tinydl_revision,n1,B0,837,2.90159,3.109409,-0.20781899999999975,32.172,32.33878310285651,-0.1667831028565132
pi3bplus,margin,tinydl_revision,n1,B0,838,2.851902,3.109409,-0.25750699999999993,32.172,32.33875160525056,-0.16675160525056043
pi3bplus,margin,tinydl_revision,n1,B0,839,3.033828,3.109409,-0.07558099999999968,31.634,32.79659187980042,-1.1625918798004165
pi3bplus,margin,lucid_revision,n1024,B0,840,747.038904,725.202203,21.836700999999948,32.71,32.801876103685025,-0.09187610368502419
pi3bplus,margin,lucid_revision,n1024,B0,841,686.875775,725.202203,-38.32642800000008,32.71,32.76373823276662,-0.053738232766619376
pi3bplus,margin,lucid_revision,n1024,B0,842,713.28523,725.202203,-11.916973000000098,33.248,33.69592929024109,-0.44792929024109185
pi3bplus,margin,lucid_revision,n1024,B0,843,714.655684,725.202203,-10.546519000000103,33.786,33.23907308133144,0.5469269186685608
pi3bplus,margin,lucid_revision,n1024,B0,844,712.008933,725.202203,-13.193270000000098,33.786,33.695120235741285,0.09087976425871602
pi3bplus,margin,lucid_revision,n1024,B0,845,716.154779,725.202203,-9.047424000000092,33.786,33.697748319456736,0.08825168054326582
pi3bplus,margin,lucid_revision,n1024,B0,846,712.149601,725.202203,-13.052602000000093,33.786,34.61065930678418,-0.8246593067841772
pi3bplus,margin,lucid_revision,n1024,B0,847,715.962638,725.202203,-9.239565000000084,33.786,33.69762651979675,0.08837348020325209
pi3bplus,margin,lucid_revision,n1024,B0,848,711.887202,725.202203,-13.315001000000052,33.786,33.695043069522676,0.09095693047732567
pi3bplus,margin,lucid_revision,n1024,B0,849,714.978005,725.202203,-10.224198000000001,33.786,34.15472730361033,-0.3687273036103278
pi3bplus,margin,lucid_revision,n1024,B0,850,718.110213,725.202203,-7.09199000000001,33.786,34.15671283438938,-0.37071283438937996
pi3bplus,margin,lucid_revision,n1024,B0,851,716.47762,725.202203,-8.724583000000052,33.786,34.15567792111058,-0.3696779211105792
pi3bplus,margin,lucid_revision,n1024,B0,852,713.624309,725.202203,-11.577894000000015,33.786,34.153869185288215,-0.3678691852882139
pi3bplus,margin,lucid_revision,n1024,B0,853,716.813964,725.202203,-8.388238999999999,34.324,34.613616082420144,-0.2896160824201459
pi3bplus,margin,lucid_revision,n1024,B0,854,732.772208,725.202203,7.570004999999924,34.862,34.16600718596335,0.69599281403665
pi3bplus,margin,lucid_revision,n1024,B0,855,716.770573,725.202203,-8.431630000000041,34.862,34.613588576530994,0.24841142346900824
pi3bplus,margin,lucid_revision,n1024,B0,856,719.286172,725.202203,-5.916031000000089,34.324,34.15745828385806,0.16654171614193558
pi3bplus,margin,lucid_revision,n1024,B0,857,717.834724,725.202203,-7.367479000000003,34.324,34.6142631500472,-0.2902631500472026
pi3bplus,margin,lucid_revision,n1024,B0,858,723.738523,725.202203,-1.4636800000000676,34.324,34.61800561371112,-0.2940056137111213
pi3bplus,margin,lucid_revision,n1024,B0,859,716.82155,725.202203,-8.380653000000052,34.324,34.613620891243976,-0.2896208912439775
pi3bplus,margin,lucid_revision,n1024,B0,860,719.372669,725.202203,-5.829534000000081,34.324,34.61523806522972,-0.2912380652297202
pi3bplus,margin,lucid_revision,n1024,B0,861,717.101904,725.202203,-8.100299000000064,34.324,34.613798609804185,-0.2897986098041869
pi3bplus,margin,lucid_revision,n1024,B0,862,718.836834,725.202203,-6.365369000000101,34.324,34.614898395295604,-0.29089839529560635
pi3bplus,margin,lucid_revision,n1024,B0,863,717.944964,725.202203,-7.257239000000027,33.786,34.6143330320324,-0.8283330320323969
pi3bplus,margin,lucid_revision,n1024,B0,864,712.865733,725.202203,-12.336470000000077,34.324,34.61111326837545,-0.2871132683754496
pi3bplus,margin,lucid_revision,n1024,B0,865,719.934419,725.202203,-5.267784000000006,33.786,34.1578692126249,-0.371869212624901
pi3bplus,margin,lucid_revision,n1024,B0,866,713.594263,725.202203,-11.607940000000099,34.324,34.611575089154414,-0.28757508915441576
pi3bplus,margin,lucid_revision,n1024,B0,867,721.294192,725.202203,-3.9080110000001014,34.324,34.616456133461185,-0.2924561334611866
pi3bplus,margin,lucid_revision,n1024,B0,868,713.269623,725.202203,-11.93258000000003,34.324,34.61136929735767,-0.2873692973576709
pi3bplus,margin,lucid_revision,n1024,B0,869,716.820162,725.202203,-8.382041000000072,34.324,34.613620011380085,-0.2896200113800873
pi3bplus,margin,lucid_revision,n1024,B0,870,712.668842,725.202203,-12.533361000000014,34.324,34.61098845765387,-0.2869884576538695
pi3bplus,margin,lucid_revision,n1024,B0,871,717.856813,725.202203,-7.345390000000066,34.324,34.61427715243446,-0.29027715243446295
pi3bplus,margin,lucid_revision,n1024,B0,872,715.122042,725.202203,-10.08016100000009,34.862,34.61254356003122,0.24945643996878175
pi3bplus,margin,lucid_revision,n1024,B0,873,717.82259,725.202203,-7.379613000000063,33.786,34.61425545821113,-0.8282554582111317
pi3bplus,margin,lucid_revision,n1024,B0,874,715.194901,725.202203,-10.007302000000095,34.324,34.612589745912565,-0.28858974591256725
pi3bplus,margin,lucid_revision,n1024,B0,875,715.992494,725.202203,-9.209709000000089,34.324,34.613095346259236,-0.28909534625923783
pi3bplus,margin,lucid_revision,n1024,B0,876,719.264546,725.202203,-5.937657000000058,34.324,34.61516952522713,-0.2911695252271329
pi3bplus,margin,lucid_revision,n1024,B0,877,717.553933,725.202203,-7.648270000000025,34.324,34.61408515446933,-0.29008515446933103
pi3bplus,margin,lucid_revision,n1024,B0,878,713.181156,725.202203,-12.021047000000067,34.324,34.611313217444895,-0.2873132174448969
pi3bplus,margin,lucid_revision,n1024,B0,879,718.993133,725.202203,-6.209070000000111,34.324,34.157272524178644,0.16672747582135372
pi3bplus,margin,tinydl_revision,n64,B1,880,8.782422,8.696344,0.08607800000000054,34.324,34.36434520087182,-0.04034520087181903
pi3bplus,margin,tinydl_revision,n64,B1,881,8.326749,8.696344,-0.36959500000000034,33.786,33.90633139598995,-0.12033139598995035
pi3bplus,margin,tinydl_revision,n64,B1,882,7.664308,8.696344,-1.0320359999999997,34.324,34.36363641979422,-0.0396364197942205
pi3bplus,margin,tinydl_revision,n64,B1,883,7.677484,8.696344,-1.01886,34.324,34.36364477216212,-0.039644772162120034
pi3bplus,margin,tinydl_revision,n64,B1,884,7.710714,8.696344,-0.9856299999999996,34.324,34.821390787172156,-0.4973907871721579
pi3bplus,margin,tinydl_revision,n64,B1,885,7.675869,8.696344,-1.0204750000000002,34.324,34.363643748401174,-0.03964374840117557
pi3bplus,margin,tinydl_revision,n64,B1,886,7.629568,8.696344,-1.066776,33.786,34.363614397840614,-0.5776143978406125
pi3bplus,margin,tinydl_revision,n64,B1,887,7.740869,8.696344,-0.9554749999999999,34.324,34.82140990265894,-0.49740990265894425
pi3bplus,margin,tinydl_revision,n64,B1,888,7.686443,8.696344,-1.0099010000000002,34.324,34.36365045134123,-0.03965045134123102
pi3bplus,margin,tinydl_revision,n64,B1,889,7.643266,8.696344,-1.0530780000000002,33.786,34.36362308110833,-0.577623081108328
pi3bplus,margin,tinydl_revision,n64,B1,890,7.722588,8.696344,-0.9737559999999998,33.786,34.36367336393516,-0.5776733639351619
pi3bplus,margin,tinydl_revision,n64,B1,891,7.678005,8.696344,-1.018339,34.324,33.905920152170985,0.41807984782901286
pi3bplus,margin,tinydl_revision,n64,B1,892,7.676182,8.696344,-1.020162,34.324,34.363643946814285,-0.03964394681428729
pi3bplus,margin,tinydl_revision,n64,B1,893,8.003992,8.696344,-0.6923519999999996,33.248,33.90612679784141,-0.6581267978414118
pi3bplus,margin,tinydl_revision,n64,B1,894,7.68613,8.696344,-1.0102139999999995,34.324,34.36365025292812,-0.0396502529281193
pi3bplus,margin,tinydl_revision,n64,B1,895,7.731494,8.696344,-0.9648500000000002,34.324,33.90595405926012,0.41804594073988
pi3bplus,margin,tinydl_revision,n64,B1,896,7.886909,8.696344,-0.8094349999999997,33.786,33.9060525780258,-0.12005257802579905
pi3bplus,margin,tinydl_revision,n64,B1,897,7.99045,8.696344,-0.7058939999999998,33.248,34.36384316372034,-1.115843163720342
pi3bplus,margin,tinydl_revision,n64,B1,898,7.766077,8.696344,-0.9302669999999997,34.324,34.363700931947264,-0.03970093194726587
pi3bplus,margin,tinydl_revision,n64,B1,899,7.707276,8.696344,-0.9890679999999996,33.786,33.90593870728336,-0.1199387072833602
pi3bplus,margin,tinydl_revision,n64,B1,900,7.673838,8.696344,-1.022506,34.324,34.363642460934635,-0.03964246093463686
pi3bplus,margin,tinydl_revision,n64,B1,901,7.664098,8.696344,-1.0322459999999998,34.324,33.448186386159506,0.8758136138404922
pi3bplus,margin,tinydl_revision,n64,B1,902,8.663674,8.696344,-0.03266999999999953,33.786,33.90654497534284,-0.12054497534283826
pi3bplus,margin,tinydl_revision,n64,B1,903,7.779358,8.696344,-0.9169859999999996,33.248,34.36370935087547,-1.1157093508754699
pi3bplus,margin,tinydl_revision,n64,B1,904,7.702432,8.696344,-0.9939119999999999,33.786,34.3636605868915,-0.577660586891497
pi3bplus,margin,tinydl_revision,n64,B1,905,7.708057,8.696344,-0.9882869999999997,33.786,33.44821425210823,0.33778574789177185
pi3bplus,margin,tinydl_revision,n64,B1,906,7.652068,8.696344,-1.044276,33.786,33.90590371050689,-0.11990371050688964
pi3bplus,margin,tinydl_revision,n64,B1,907,7.673526,8.696344,-1.022818,33.786,34.36364226315543,-0.5776422631554254
pi3bplus,margin,tinydl_revision,n64,B1,908,7.688786,8.696344,-1.0075579999999995,33.786,33.44820203607288,0.33779796392712313
pi3bplus,margin,tinydl_revision,n64,B1,909,7.603631,8.696344,-1.0927129999999998,33.786,34.36359795617652,-0.5775979561765183
pi3bplus,margin,tinydl_revision,n64,B1,910,7.68514,8.696344,-1.0112040000000002,33.248,33.448199724845395,-0.2001997248453975
pi3bplus,margin,tinydl_revision,n64,B1,911,7.686546,8.696344,-1.009798,34.324,33.44820061611963,0.8757993838803699
pi3bplus,margin,tinydl_revision,n64,B1,912,7.705193,8.696344,-0.9911509999999994,33.786,33.905937386853616,-0.11993738685361421
pi3bplus,margin,tinydl_revision,n64,B1,913,7.675453,8.696344,-1.0208909999999998,33.786,33.90591853443853,-0.11991853443852563
pi3bplus,margin,tinydl_revision,n64,B1,914,7.699984,8.696344,-0.9963600000000001,33.786,34.36365903508544,-0.5776590350854391
pi3bplus,margin,tinydl_revision,n64,B1,915,7.671078,8.696344,-1.0252660000000002,33.248,34.36364071134937,-1.1156407113493714
pi3bplus,margin,tinydl_revision,n64,B1,916,7.710296,8.696344,-0.9860480000000003,33.248,34.363665571941674,-1.1156655719416761
pi3bplus,margin,tinydl_revision,n64,B1,917,7.714046,8.696344,-0.9822980000000001,33.786,33.90594299883851,-0.11994299883851056
pi3bplus,margin,tinydl_revision,n64,B1,918,7.696806,8.696344,-0.9995380000000003,33.248,33.44820712001266,-0.2002071200126636
pi3bplus,margin,tinydl_revision,n64,B1,919,7.712692,8.696344,-0.9836520000000002,33.786,33.905942140527486,-0.11994214052748475
pi3bplus,margin,lucid_revision,n16,B2,920,15.295802,15.521772,-0.22597000000000023,33.786,34.39689250714019,-0.6108925071401856
pi3bplus,margin,lucid_revision,n16,B2,921,14.569142,15.521772,-0.952630000000001,33.786,33.938706921511574,-0.15270692151157306
pi3bplus,margin,lucid_revision,n16,B2,922,13.837117,15.521772,-1.6846550000000011,34.324,34.395967835482224,-0.0719678354822264
pi3bplus,margin,lucid_revision,n16,B2,923,13.727118,15.521772,-1.7946539999999995,34.324,34.39589810626879,-0.07189810626879023
pi3bplus,margin,lucid_revision,n16,B2,924,13.796024,15.521772,-1.7257480000000012,34.324,34.39594178631298,-0.07194178631298342
pi3bplus,margin,lucid_revision,n16,B2,925,13.906075,15.521772,-1.6156970000000008,33.786,33.48056164797551,0.3054383520244883
pi3bplus,margin,lucid_revision,n16,B2,926,13.936179,15.521772,-1.5855930000000011,34.324,33.93830568139007,0.38569431860992864
pi3bplus,margin,lucid_revision,n16,B2,927,13.746754,15.521772,-1.775018000000001,33.786,34.39591055368045,-0.6099105536804501
pi3bplus,margin,lucid_revision,n16,B2,928,14.153365,15.521772,-1.3684069999999995,34.324,34.39616830752553,-0.07216830752552994
pi3bplus,margin,lucid_revision,n16,B2,929,13.761961,15.521772,-1.759811000000001,34.324,34.39592019351489,-0.07192019351489165
pi3bplus,margin,lucid_revision,n16,B2,930,13.800607,15.521772,-1.721165000000001,34.324,33.93821974125494,0.38578025874505784
pi3bplus,margin,lucid_revision,n16,B2,931,13.860085,15.521772,-1.6616870000000006,34.324,33.93825744481731,0.38574255518268785
pi3bplus,margin,lucid_revision,n16,B2,932,13.732847,15.521772,-1.7889250000000008,34.324,34.39590173792602,-0.0719017379260194
pi3bplus,margin,lucid_revision,n16,B2,933,13.754045,15.521772,-1.7677270000000007,33.786,34.395915175501514,-0.6099151755015129
pi3bplus,margin,lucid_revision,n16,B2,934,13.867741,15.521772,-1.6540309999999998,34.324,34.39598724827173,-0.07198724827173208
pi3bplus,margin,lucid_revision,n16,B2,935,13.844148,15.521772,-1.6776239999999998,34.324,33.93824734223024,0.385752657769757
pi3bplus,margin,lucid_revision,n16,B2,936,13.845294,15.521772,-1.6764779999999995,34.324,34.39597301894552,-0.07197301894552055
pi3bplus,margin,lucid_revision,n16,B2,937,13.843888,15.521772,-1.6778840000000006,34.324,34.395972127671286,-0.07197212767128747
pi3bplus,margin,lucid_revision,n16,B2,938,13.793159,15.521772,-1.728613000000001,34.862,34.39593997016741,0.4660600298325903
pi3bplus,margin,lucid_revision,n16,B2,939,14.07524,15.521772,-1.4465319999999995,34.324,33.93839383322918,0.3856061667708204
pi3bplus,margin,lucid_revision,n16,B2,940,13.739983,15.521772,-1.7817889999999998,34.324,34.39590626149139,-0.07190626149139234
pi3bplus,margin,lucid_revision,n16,B2,941,13.773732,15.521772,-1.7480399999999996,34.324,34.39592765524247,-0.0719276552424688
pi3bplus,margin,lucid_revision,n16,B2,942,13.826231,15.521772,-1.6955410000000004,34.324,34.39596093476297,-0.07196093476296994
pi3bplus,margin,lucid_revision,n16,B2,943,13.739461,15.521772,-1.782311,34.324,34.39590593059157,-0.07190593059156924
pi3bplus,margin,lucid_revision,n16,B2,944,13.811701,15.521772,-1.710071000000001,34.324,34.39595172408404,-0.0719517240840446
pi3bplus,margin,lucid_revision,n16,B2,945,14.330289,15.521772,-1.1914829999999998,34.324,34.396280461012005,-0.07228046101200647
pi3bplus,margin,lucid_revision,n16,B2,946,13.778159,15.521772,-1.7436129999999999,33.786,34.39593046155186,-0.6099304615518619
pi3bplus,margin,lucid_revision,n16,B2,947,14.18326,15.521772,-1.3385119999999997,34.324,34.39618725819631,-0.07218725819631544
pi3bplus,margin,lucid_revision,n16,B2,948,13.794565,15.521772,-1.727207,34.324,34.395940861441645,-0.07194086144164658
pi3bplus,margin,lucid_revision,n16,B2,949,13.747847,15.521772,-1.7739250000000002,34.324,34.395911246541566,-0.07191124654156766
pi3bplus,margin,lucid_revision,n16,B2,950,14.003053,15.521772,-1.5187190000000008,34.324,34.39607302359086,-0.07207302359086043
pi3bplus,margin,lucid_revision,n16,B2,951,13.753368,15.521772,-1.7684040000000003,34.324,34.395914746345994,-0.07191474634599615
pi3bplus,margin,lucid_revision,n16,B2,952,13.785867,15.521772,-1.7359050000000007,34.324,34.39593534771244,-0.07193534771244003
pi3bplus,margin,lucid_revision,n16,B2,953,13.827794,15.521772,-1.6939779999999995,34.324,34.853686875817765,-0.5296868758177666
pi3bplus,margin,lucid_revision,n16,B2,954,13.735034,15.521772,-1.7867379999999997,34.324,34.395903124282164,-0.07190312428216572
pi3bplus,margin,lucid_revision,n16,B2,955,13.910501,15.521772,-1.6112710000000003,34.324,34.39601435416512,-0.0720143541651197
pi3bplus,margin,lucid_revision,n16,B2,956,13.876387,15.521772,-1.645385000000001,34.324,34.39599272903773,-0.07199272903773135
pi3bplus,margin,lucid_revision,n16,B2,957,13.927324,15.521772,-1.5944479999999999,34.324,34.396025018394404,-0.072025018394406
pi3bplus,margin,lucid_revision,n16,B2,958,13.809669,15.521772,-1.7121030000000008,34.324,34.39595043598359,-0.07195043598359518
pi3bplus,margin,lucid_revision,n16,B2,959,13.808054,15.521772,-1.713718,34.324,34.39594941222265,-0.07194941222265072
pi3bplus,margin,lucid_revision,n256,B1,960,180.057566,179.263498,0.79406800000001,34.324,34.39589886238374,-0.07189886238374044
pi3bplus,margin,lucid_revision,n256,B1,961,164.21229,179.263498,-15.051208000000003,34.324,34.38585441986888,-0.06185441986887952
pi3bplus,margin,lucid_revision,n256,B1,962,163.562244,179.263498,-15.701254000000006,34.324,34.385442350702085,-0.06144235070208737
pi3bplus,margin,lucid_revision,n256,B1,963,163.454901,179.263498,-15.808596999999992,34.862,34.3853743051475,0.47662569485250117
pi3bplus,margin,lucid_revision,n256,B1,964,163.696565,179.263498,-15.566933000000006,34.324,34.84325244807574,-0.5192524480757399
pi3bplus,margin,lucid_revision,n256,B1,965,164.122186,179.263498,-15.141312,34.324,34.385797302249195,-0.06179730224919666
pi3bplus,margin,lucid_revision,n256,B1,966,163.715732,179.263498,-15.547765999999996,34.324,34.84326459818468,-0.5192645981846837
pi3bplus,margin,lucid_revision,n256,B1,967,163.640315,179.263498,-15.623183000000012,34.324,34.843216790767435,-0.5192167907674374
pi3bplus,margin,lucid_revision,n256,B1,968,163.534378,179.263498,-15.729119999999995,34.324,34.843149636487084,-0.5191496364870858
pi3bplus,margin,lucid_revision,n256,B1,969,163.653804,179.263498,-15.60969399999999,34.862,35.300950291805485,-0.43895029180548306
pi3bplus,margin,lucid_revision,n256,B1,970,163.846303,179.263498,-15.417194999999992,35.4,35.30107231840444,0.09892768159556198
pi3bplus,margin,lucid_revision,n256,B1,971,163.909947,179.263498,-15.35355100000001,34.862,34.843387712569246,0.018612287430755714
pi3bplus,margin,lucid_revision,n256,B1,972,163.843959,179.263498,-15.419538999999986,34.862,34.843345882267734,0.018654117732268105
pi3bplus,margin,lucid_revision,n256,B1,973,163.951562,179.263498,-15.311936000000003,35.4,34.84341409263831,0.5565859073616863
pi3bplus,margin,lucid_revision,n256,B1,974,163.516929,179.263498,-15.746568999999994,35.4,35.30086352568862,0.09913647431137917
pi3bplus,margin,lucid_revision,n256,B1,975,163.983643,179.263498,-15.279854999999998,34.862,35.301159379288386,-0.4391593792883839
pi3bplus,margin,lucid_revision,n256,B1,976,163.694428,179.263498,-15.56907000000001,35.4,35.30097604367202,0.09902395632797578
pi3bplus,margin,lucid_revision,n256,B1,977,163.798177,179.263498,-15.465320999999989,34.862,35.30104181096231,-0.43904181096230843
pi3bplus,margin,lucid_revision,n256,B1,978,163.906718,179.263498,-15.356779999999986,35.938,35.30111061593832,0.636889384061682
pi3bplus,margin,lucid_revision,n256,B1,979,164.603587,179.263498,-14.659910999999994,34.862,34.84382741630846,0.01817258369154473
pi3bplus,margin,lucid_revision,n256,B1,980,163.78526,179.263498,-15.478238000000005,34.862,35.30103362277651,-0.43903362277650615
pi3bplus,margin,lucid_revision,n256,B1,981,163.506668,179.263498,-15.756830000000008,35.4,34.84313207090463,0.5568679290953682
pi3bplus,margin,lucid_revision,n256,B1,982,163.836665,179.263498,-15.426832999999988,35.4,34.843341258544946,0.5566587414550526
pi3bplus,margin,lucid_revision,n256,B1,983,163.724166,179.263498,-15.539332000000002,35.4,35.3009948948193,0.09900510518070149
pi3bplus,margin,lucid_revision,n256,B1,984,163.927393,179.263498,-15.336105000000003,34.862,35.30112372198008,-0.4391237219800814
pi3bplus,margin,lucid_revision,n256,B1,985,163.664375,179.263498,-15.599122999999992,35.4,35.300956992843815,0.0990430071561832
pi3bplus,margin,lucid_revision,n256,B1,986,163.517814,179.263498,-15.745684000000011,35.4,35.30086408669693,0.09913591330306559
pi3bplus,margin,lucid_revision,n256,B1,987,163.639427,179.263498,-15.624070999999986,35.4,35.30094117811444,0.09905882188555637
pi3bplus,margin,lucid_revision,n256,B1,988,163.87958,179.263498,-15.383917999999994,35.938,35.30109341295107,0.6369065870489337
pi3bplus,margin,lucid_revision,n256,B1,989,163.824581,179.263498,-15.438917000000004,35.4,35.30105854866131,0.09894145133868903
pi3bplus,margin,lucid_revision,n256,B1,990,163.860987,179.263498,-15.402511000000004,35.4,35.30108162670515,0.09891837329485043
pi3bplus,margin,lucid_revision,n256,B1,991,163.977184,179.263498,-15.286314000000004,35.4,35.30115528487853,0.09884471512146575
pi3bplus,margin,lucid_revision,n256,B1,992,163.890049,179.263498,-15.373448999999994,34.862,35.30110004933081,-0.43910004933081126
pi3bplus,margin,lucid_revision,n256,B1,993,163.651248,179.263498,-15.612249999999989,34.862,34.84322372128035,0.018776278719649042
pi3bplus,margin,lucid_revision,n256,B1,994,163.781091,179.263498,-15.482406999999995,35.4,35.3010309800153,0.09896901998470042
pi3bplus,margin,lucid_revision,n256,B1,995,163.866611,179.263498,-15.396886999999992,35.4,35.30108519180207,0.0989148081979252
pi3bplus,margin,lucid_revision,n256,B1,996,163.991246,179.263498,-15.272252000000009,34.862,35.30116419888865,-0.43916419888864766
pi3bplus,margin,lucid_revision,n256,B1,997,163.794893,179.263498,-15.468604999999997,35.938,35.301039729209414,0.6369602707905884
pi3bplus,margin,lucid_revision,n256,B1,998,163.574686,179.263498,-15.688811999999984,35.4,35.30090013829583,0.09909986170416829
pi3bplus,margin,lucid_revision,n256,B1,999,163.786819,179.263498,-15.47667899999999,35.938,35.75875956129568,0.17924043870431916
pi3bplus,margin,lucid_revision,n256,B0,1000,163.738278,178.21965,-14.481371999999993,34.324,34.24591774541427,0.07808225458573048
pi3bplus,margin,lucid_revision,n256,B0,1001,163.717756,178.21965,-14.501893999999993,34.862,34.70362968661744,0.15837031338256224
pi3bplus,margin,lucid_revision,n256,B0,1002,163.783485,178.21965,-14.436164999999988,34.862,34.24594640247981,0.6160535975201924
pi3bplus,margin,lucid_revision,n256,B0,1003,163.720152,178.21965,-14.499497999999988,34.862,34.245906255203245,0.6160937447967569
pi3bplus,margin,lucid_revision,n256,B0,1004,163.599372,178.21965,-14.620278000000013,34.324,34.70355464208791,-0.37955464208791057
pi3bplus,margin,lucid_revision,n256,B0,1005,164.135825,178.21965,-14.08382499999999,34.862,34.70389470377698,0.15810529622302028
pi3bplus,margin,lucid_revision,n256,B0,1006,163.621714,178.21965,-14.597936000000004,34.862,34.703568804853816,0.15843119514618564
pi3bplus,margin,lucid_revision,n256,B0,1007,163.753953,178.21965,-14.465697000000006,34.324,34.245927681917514,0.0780723180824836
pi3bplus,margin,lucid_revision,n256,B0,1008,164.0177,178.21965,-14.20195000000001,34.324,34.70381982342955,-0.3798198234295498
pi3bplus,margin,lucid_revision,n256,B0,1009,163.692235,178.21965,-14.52741499999999,34.862,34.70361350865895,0.1583864913410551
pi3bplus,margin,lucid_revision,n256,B0,1010,165.083421,178.21965,-13.136229000000014,34.324,34.70449539218085,-0.3804953921808547
pi3bplus,margin,lucid_revision,n256,B0,1011,164.273428,178.21965,-13.946222000000006,34.862,34.24625698112161,0.6157430188783906
pi3bplus,margin,lucid_revision,n256,B0,1012,163.756452,178.21965,-14.463198000000006,34.862,35.16137916656697,-0.2993791665669647
pi3bplus,margin,lucid_revision,n256,B0,1013,163.958169,178.21965,-14.261481000000003,34.324,35.16150703652712,-0.8375070365271213
pi3bplus,margin,lucid_revision,n256,B0,1014,163.86791,178.21965,-14.351740000000007,34.862,34.703724870394694,0.15827512960530754
pi3bplus,margin,lucid_revision,n256,B0,1015,163.927961,178.21965,-14.291688999999991,34.862,34.70376293718618,0.158237062813825
pi3bplus,margin,lucid_revision,n256,B0,1016,163.526402,178.21965,-14.693248000000011,34.324,34.24578343558576,0.07821656441424096
pi3bplus,margin,lucid_revision,n256,B0,1017,164.209,178.21965,-14.010649999999998,34.862,34.70394108997316,0.15805891002683836
pi3bplus,margin,lucid_revision,n256,B0,1018,163.542964,178.21965,-14.67668599999999,34.324,35.16124383487924,-0.8372438348792386
pi3bplus,margin,lucid_revision,n256,B0,1019,163.562338,178.21965,-14.65731199999999,34.862,35.16125611620708,-0.2992561162070757
pi3bplus,margin,lucid_revision,n256,B0,1020,163.760201,178.21965,-14.459449000000006,34.324,34.24593164257285,0.07806835742714924
pi3bplus,margin,lucid_revision,n256,B0,1021,163.831711,178.21965,-14.387938999999989,34.324,34.2459769733127,0.07802302668729766
pi3bplus,margin,lucid_revision,n256,B0,1022,163.754004,178.21965,-14.465645999999992,34.324,34.70365266450386,-0.37965266450386537
pi3bplus,margin,lucid_revision,n256,B0,1023,164.056709,178.21965,-14.16294099999999,34.324,34.70384455153514,-0.3798445515351432
pi3bplus,margin,lucid_revision,n256,B0,1024,163.698795,178.21965,-14.520855000000012,34.324,34.24589271683643,0.0781072831635683
pi3bplus,margin,lucid_revision,n256,B0,1025,163.72744,178.21965,-14.49221,34.862,34.24591087512258,0.6160891248774192
pi3bplus,margin,lucid_revision,n256,B0,1026,163.943584,178.21965,-14.276066000000014,34.324,34.24604789046917,0.07795210953082687
pi3bplus,margin,lucid_revision,n256,B0,1027,163.946813,178.21965,-14.27283700000001,34.862,34.24604993735714,0.6159500626428596
pi3bplus,margin,lucid_revision,n256,B0,1028,163.740513,178.21965,-14.479137000000009,34.862,34.245919162197985,0.6160808378020164
pi3bplus,margin,lucid_revision,n256,B0,1029,164.372903,178.21965,-13.846746999999993,34.862,34.70404498934743,0.15795501065257156
pi3bplus,margin,lucid_revision,n256,B0,1030,163.626867,178.21965,-14.592782999999997,34.862,34.245847121123155,0.6161528788768464
pi3bplus,margin,lucid_revision,n256,B0,1031,163.972489,178.21965,-14.247161000000006,34.324,34.703791163828384,-0.3797911638283864
pi3bplus,margin,lucid_revision,n256,B0,1032,163.710043,178.21965,-14.509606999999988,34.324,34.703624797287326,-0.37962479728732745
pi3bplus,margin,lucid_revision,n256,B0,1033,163.837125,178.21965,-14.382525000000015,34.862,34.703705355546056,0.15829464445394592
pi3bplus,margin,lucid_revision,n256,B0,1034,163.767699,178.21965,-14.451951000000008,34.324,34.703661345869854,-0.3796613458698559
pi3bplus,margin,lucid_revision,n256,B0,1035,164.198424,178.21965,-14.021226000000013,34.324,34.703934385765294,-0.3799343857652957
pi3bplus,margin,lucid_revision,n256,B0,1036,164.006394,178.21965,-14.213256000000001,34.324,34.70381265646906,-0.37981265646906337
pi3bplus,margin,lucid_revision,n256,B0,1037,163.923634,178.21965,-14.296016000000009,34.324,34.703760194267545,-0.37976019426754704
pi3bplus,margin,lucid_revision,n256,B0,1038,163.71598,178.21965,-14.50367,34.862,34.703628560797355,0.1583714392026465
pi3bplus,margin,lucid_revision,n256,B0,1039,163.701709,178.21965,-14.517941000000008,34.862,34.70361951430053,0.1583804856994746
pi3bplus,margin,tinydl_revision,n1024,B0,1040,78.772158,81.487717,-2.715558999999999,34.324,34.30327483752352,0.02072516247648082
pi3bplus,margin,tinydl_revision,n1024,B0,1041,78.7332,81.487717,-2.754517000000007,34.324,34.30325014174721,0.020749858252784747
pi3bplus,margin,tinydl_revision,n1024,B0,1042,82.043534,81.487717,0.5558169999999905,34.324,34.305348587969796,0.018651412030202152
pi3bplus,margin,tinydl_revision,n1024,B0,1043,78.707055,81.487717,-2.7806620000000066,34.324,34.30323356823032,0.020766431769679627
pi3bplus,margin,tinydl_revision,n1024,B0,1044,78.870126,81.487717,-2.6175910000000044,34.324,34.303336940193375,0.02066305980662264
pi3bplus,margin,tinydl_revision,n1024,B0,1045,78.699398,81.487717,-2.7883190000000013,34.324,34.30322871439903,0.020771285600964973
pi3bplus,margin,tinydl_revision,n1024,B0,1046,79.210018,81.487717,-2.2776989999999984,34.324,34.761277350607465,-0.43727735060746653
pi3bplus,margin,tinydl_revision,n1024,B0,1047,78.641378,81.487717,-2.8463390000000004,33.786,34.303191935074096,-0.517191935074095
pi3bplus,margin,tinydl_revision,n1024,B0,1048,78.679346,81.487717,-2.808371000000008,34.324,34.30321600328177,0.020783996718229503
pi3bplus,margin,tinydl_revision,n1024,B0,1049,78.511847,81.487717,-2.9758700000000005,34.324,34.303109824375404,0.02089017562459361
pi3bplus,margin,tinydl_revision,n1024,B0,1050,78.607731,81.487717,-2.8799860000000024,34.324,33.84544565572456,0.4785543442754374
pi3bplus,margin,tinydl_revision,n1024,B0,1051,78.936062,81.487717,-2.5516549999999967,34.324,34.30337873753169,0.02062126246831042
pi3bplus,margin,tinydl_revision,n1024,B0,1052,80.902711,81.487717,-0.585006000000007,34.324,34.30462541148217,0.019374588517827362
pi3bplus,margin,tinydl_revision,n1024,B0,1053,78.734606,81.487717,-2.753111000000004,34.324,34.303251033021446,0.020748966978551664
pi3bplus,margin,tinydl_revision,n1024,B0,1054,78.71721,81.487717,-2.770507000000009,33.786,34.30324000556304,-0.5172400055630391
pi3bplus,margin,tinydl_revision,n1024,B0,1055,79.041322,81.487717,-2.4463950000000096,34.324,34.76117041291358,-0.4371704129135807
pi3bplus,margin,tinydl_revision,n1024,B0,1056,78.682731,81.487717,-2.8049859999999995,34.324,34.30321814905935,0.02078185094065077
pi3bplus,margin,tinydl_revision,n1024,B0,1057,78.588878,81.487717,-2.8988390000000095,33.786,34.303158654919685,-0.5171586549196832
pi3bplus,margin,tinydl_revision,n1024,B0,1058,78.664866,81.487717,-2.822851,34.324,34.30320682429823,0.020793175701768973
pi3bplus,margin,tinydl_revision,n1024,B0,1059,78.504764,81.487717,-2.982953000000009,34.324,34.30310533440714,0.020894665592855688
pi3bplus,margin,tinydl_revision,n1024,B0,1060,78.565857,81.487717,-2.9218600000000094,34.324,34.30314406173045,0.020855938269548346
pi3bplus,margin,tinydl_revision,n1024,B0,1061,78.760594,81.487717,-2.727123000000006,34.324,34.30326750701484,0.02073249298516089
pi3bplus,margin,tinydl_revision,n1024,B0,1062,80.678754,81.487717,-0.8089630000000056,33.786,34.3044834434147,-0.5184834434147021
pi3bplus,margin,tinydl_revision,n1024,B0,1063,78.467785,81.487717,-3.019931999999997,34.324,34.303081893134184,0.020918106865813968
pi3bplus,margin,tinydl_revision,n1024,B0,1064,79.078821,81.487717,-2.4088959999999986,34.862,34.303469233561486,0.5585307664385155
pi3bplus,margin,tinydl_revision,n1024,B0,1065,78.679346,81.487717,-2.808371000000008,34.324,33.845491053024716,0.4785089469752819
pi3bplus,margin,tinydl_revision,n1024,B0,1066,79.099498,81.487717,-2.3882190000000065,34.324,34.303482340871064,0.02051765912893444
pi3bplus,margin,tinydl_revision,n1024,B0,1067,78.673824,81.487717,-2.8138930000000073,34.324,34.30321250284344,0.020787497156561585
pi3bplus,margin,tinydl_revision,n1024,B0,1068,78.769657,81.487717,-2.7180600000000084,33.786,33.845548301863296,-0.05954830186329474
pi3bplus,margin,tinydl_revision,n1024,B0,1069,78.59721,81.487717,-2.8905069999999995,34.324,34.76088888689572,-0.4368888868957228
pi3bplus,margin,tinydl_revision,n1024,B0,1070,78.697314,81.487717,-2.7904029999999977,34.324,34.30322739333538,0.020772606664614557
pi3bplus,margin,tinydl_revision,n1024,B0,1071,78.933406,81.487717,-2.5543109999999984,33.786,34.30337705387283,-0.5173770538728277
pi3bplus,margin,tinydl_revision,n1024,B0,1072,80.441048,81.487717,-1.0466690000000085,33.786,34.30433275975022,-0.5183327597502156
pi3bplus,margin,tinydl_revision,n1024,B0,1073,78.806844,81.487717,-2.6808730000000054,34.324,34.30329682524611,0.020703174753890607
pi3bplus,margin,tinydl_revision,n1024,B0,1074,78.907416,81.487717,-2.5803010000000057,34.324,34.303360578611624,0.020639421388374046
pi3bplus,margin,tinydl_revision,n1024,B0,1075,79.064758,81.487717,-2.422959000000006,34.324,34.30346031891745,0.020539681082546224
pi3bplus,margin,tinydl_revision,n1024,B0,1076,78.664032,81.487717,-2.8236849999999976,34.324,34.303206295619205,0.020793704380793088
pi3bplus,margin,tinydl_revision,n1024,B0,1077,78.68971,81.487717,-2.7980069999999984,34.324,34.30322257310121,0.02077742689878903
pi3bplus,margin,tinydl_revision,n1024,B0,1078,78.632574,81.487717,-2.855142999999998,34.324,34.30318635415068,0.020813645849315776
pi3bplus,margin,tinydl_revision,n1024,B0,1079,78.785489,81.487717,-2.702228000000005,34.324,33.845558337890054,0.4784416621099439
pi3bplus,margin,oi_svdd_as_elm_revision,n1,B1,1080,8.369039,3.996175,4.372864000000001,34.324,33.804337359192914,0.5196626408070841
pi3bplus,margin,oi_svdd_as_elm_revision,n1,B1,1081,4.060589,3.996175,0.0644140000000002,34.324,34.25933114980634,0.0646688501936552
pi3bplus,margin,oi_svdd_as_elm_revision,n1,B1,1082,3.267106,3.996175,-0.729069,34.324,34.25882815482033,0.06517184517966967
pi3bplus,margin,oi_svdd_as_elm_revision,n1,B1,1083,3.331481,3.996175,-0.6646939999999999,34.324,34.25886896262872,0.06513103737128034
pi3bplus,margin,oi_svdd_as_elm_revision,n1,B1,1084,3.257731,3.996175,-0.7384439999999999,33.786,34.25882221193561,-0.4728222119356076
pi3bplus,margin,oi_svdd_as_elm_revision,n1,B1,1085,3.281012,3.996175,-0.715163,33.786,34.258836969940845,-0.47283696994084323
pi3bplus,margin,oi_svdd_as_elm_revision,n1,B1,1086,3.387887,3.996175,-0.6082879999999999,34.324,34.25890471882662,0.06509528117337737
pi3bplus,margin,oi_svdd_as_elm_revision,n1,B1,1087,3.278981,3.996175,-0.7171940000000001,33.248,33.80111073221725,-0.5531107322172559
pi3bplus,margin,oi_svdd_as_elm_revision,n1,B1,1088,3.292574,3.996175,-0.7036009999999999,34.324,34.25884429918171,0.0651557008182877
pi3bplus,margin,oi_svdd_as_elm_revision,n1,B1,1089,3.490906,3.996175,-0.5052690000000002,34.324,34.25897002336429,0.06502997663570653
pi3bplus,margin,oi_svdd_as_elm_revision,n1,B1,1090,3.300179,3.996175,-0.6959960000000001,34.324,34.258849120049796,0.06515087995020252
pi3bplus,margin,oi_svdd_as_elm_revision,n1,B1,1091,3.361481,3.996175,-0.6346940000000001,33.786,34.258887979859814,-0.4728879798598129
pi3bplus,margin,oi_svdd_as_elm_revision,n1,B1,1092,3.272679,3.996175,-0.7234959999999999,33.786,33.34338178707385,0.4426182129261491
pi3bplus,margin,oi_svdd_as_elm_revision,n1,B1,1093,3.289293,3.996175,-0.7068820000000002,34.324,34.25884221933054,0.06515778066945899
pi3bplus,margin,oi_svdd_as_elm_revision,n1,B1,1094,3.379188,3.996175,-0.616987,33.248,33.343449303949406,-0.0954493039494082
pi3bplus,margin,oi_svdd_as_elm_revision,n1,B1,1095,3.300179,3.996175,-0.6959960000000001,34.324,33.80112416979275,0.5228758302072478
pi3bplus,margin,oi_svdd_as_elm_revision,n1,B1,1096,3.26471,3.996175,-0.731465,34.324,33.801101685720425,0.5228983142795727
pi3bplus,margin,oi_svdd_as_elm_revision,n1,B1,1097,4.50246,3.996175,0.5062850000000001,33.786,34.25961125523704,-0.4736112552370386
pi3bplus,margin,oi_svdd_as_elm_revision,n1,B1,1098,3.264241,3.996175,-0.7319339999999999,33.786,34.25882633867476,-0.4728263386747571
pi3bplus,margin,oi_svdd_as_elm_revision,n1,B1,1099,3.297574,3.996175,-0.698601,33.786,33.80112251846318,-0.015122518463179802
pi3bplus,margin,oi_svdd_as_elm_revision,n1,B1,1100,3.35273,3.996175,-0.6434449999999998,34.324,34.258882432533504,0.06511756746649411
pi3bplus,margin,oi_svdd_as_elm_revision,n1,B1,1101,3.286741,3.996175,-0.7094339999999999,33.786,33.343390701083976,0.4426092989160253
pi3bplus,margin,oi_svdd_as_elm_revision,n1,B1,1102,3.264606,3.996175,-0.7315689999999999,33.786,33.801101619794025,-0.01510161979402369
pi3bplus,margin,oi_svdd_as_elm_revision,n1,B1,1103,3.351272,3.996175,-0.6449030000000002,34.324,33.801156558039025,0.5228434419609727
pi3bplus,margin,oi_svdd_as_elm_revision,n1,B1,1104,3.296846,3.996175,-0.6993290000000001,33.786,34.25884700723542,-0.4728470072354156
pi3bplus,margin,oi_svdd_as_elm_revision,n1,B1,1105,3.286949,3.996175,-0.7092260000000001,34.324,33.801115783193836,0.5228842168061618
pi3bplus,margin,oi_svdd_as_elm_revision,n1,B1,1106,3.342782,3.996175,-0.6533929999999999,33.248,33.80115117616263,-0.5531511761626291
pi3bplus,margin,oi_svdd_as_elm_revision,n1,B1,1107,3.308563,3.996175,-0.6876120000000001,33.248,33.801129484474934,-0.5531294844749368
pi3bplus,margin,oi_svdd_as_elm_revision,n1,B1,1108,3.4795,3.996175,-0.5166750000000002,33.786,33.80123784275598,-0.015237842755979614
pi3bplus,margin,oi_svdd_as_elm_revision,n1,B1,1109,3.29622,3.996175,-0.6999550000000001,33.786,33.34339670989509,0.4426032901049126
pi3bplus,margin,oi_svdd_as_elm_revision,n1,B1,1110,3.258825,3.996175,-0.7373500000000002,33.786,33.343373004916536,0.44262699508346515
pi3bplus,margin,oi_svdd_as_elm_revision,n1,B1,1111,3.355803,3.996175,-0.6403720000000002,34.324,33.80115943027483,0.5228405697251688
pi3bplus,margin,oi_svdd_as_elm_revision,n1,B1,1112,3.2907,3.996175,-0.7054749999999999,33.786,33.80111816098163,-0.015118160981629103
pi3bplus,margin,oi_svdd_as_elm_revision,n1,B1,1113,3.271637,3.996175,-0.7245379999999999,33.248,33.80110607679909,-0.5531060767990894
pi3bplus,margin,oi_svdd_as_elm_revision,n1,B1,1114,3.310803,3.996175,-0.6853720000000001,33.786,33.801130904428184,-0.0151309044281831
pi3bplus,margin,oi_svdd_as_elm_revision,n1,B1,1115,3.280856,3.996175,-0.715319,33.248,34.258836871051244,-1.0108368710512465
pi3bplus,margin,oi_svdd_as_elm_revision,n1,B1,1116,3.323043,3.996175,-0.6731319999999998,33.248,34.25886361371552,-1.0108636137155216
pi3bplus,margin,oi_svdd_as_elm_revision,n1,B1,1117,3.305127,3.996175,-0.6910479999999999,33.786,33.34340235611101,0.4425976438889947
pi3bplus,margin,oi_svdd_as_elm_revision,n1,B1,1118,3.25419,3.996175,-0.7419850000000001,33.786,33.80109501701139,-0.015095017011390155
pi3bplus,margin,oi_svdd_as_elm_revision,n1,B1,1119,3.362053,3.996175,-0.6341220000000001,33.248,33.34343844194091,-0.09543844194091378
pi3bplus,margin,fisvdd_revision,n1,B2,1120,3.897985,5.140331,-1.242346,34.324,33.92257416801444,0.4014258319855557
pi3bplus,margin,fisvdd_revision,n1,B2,1121,3.83908,5.140331,-1.3012509999999997,34.324,33.46481187742413,0.8591881225758655
pi3bplus,margin,fisvdd_revision,n1,B2,1122,3.071587,5.140331,-2.0687439999999997,33.786,33.92205030795638,-0.1360503079563813
pi3bplus,margin,fisvdd_revision,n1,B2,1123,3.04492,5.140331,-2.095411,33.786,33.922033403539665,-0.1360334035396633
pi3bplus,margin,fisvdd_revision,n1,B2,1124,3.143565,5.140331,-1.9967659999999996,33.786,33.922095935365036,-0.1360959353650344
pi3bplus,margin,fisvdd_revision,n1,B2,1125,3.078306,5.140331,-2.0620249999999998,34.324,34.37977951743928,-0.055779517439283666
pi3bplus,margin,fisvdd_revision,n1,B2,1126,3.08669,5.140331,-2.053641,34.324,33.92205988186442,0.4019401181355775
pi3bplus,margin,fisvdd_revision,n1,B2,1127,3.111795,5.140331,-2.028536,34.324,34.37980074637436,-0.05580074637435928
pi3bplus,margin,fisvdd_revision,n1,B2,1128,3.075545,5.140331,-2.064786,33.786,33.922052816963074,-0.1360528169630726
pi3bplus,margin,fisvdd_revision,n1,B2,1129,3.158096,5.140331,-1.9822349999999997,34.324,34.37983009693492,-0.05583009693491903
pi3bplus,margin,fisvdd_revision,n1,B2,1130,3.104347,5.140331,-2.0359839999999996,34.324,33.92207107477274,0.40192892522726
pi3bplus,margin,fisvdd_revision,n1,B2,1131,3.031014,5.140331,-2.109317,34.324,34.37974953867619,-0.05574953867618859
pi3bplus,margin,fisvdd_revision,n1,B2,1132,3.136534,5.140331,-2.0037969999999996,34.324,33.92209147835998,0.4019085216400171
pi3bplus,margin,fisvdd_revision,n1,B2,1133,3.116534,5.140331,-2.0237969999999996,34.324,34.37980375046296,-0.05580375046296382
pi3bplus,margin,fisvdd_revision,n1,B2,1134,3.072785,5.140331,-2.0675459999999997,34.324,34.37977601763485,-0.05577601763485518
pi3bplus,margin,fisvdd_revision,n1,B2,1135,3.135336,5.140331,-2.0049949999999996,33.248,34.379815669195594,-1.1318156691955963
pi3bplus,margin,fisvdd_revision,n1,B2,1136,3.062732,5.140331,-2.0775989999999998,34.324,33.92204469470367,0.40195530529632606
pi3bplus,margin,fisvdd_revision,n1,B2,1137,3.134763,5.140331,-2.005568,34.324,34.37981530596648,-0.05581530596648321
pi3bplus,margin,fisvdd_revision,n1,B2,1138,3.070701,5.140331,-2.0696299999999996,34.324,34.379774696571204,-0.055774696571205595
pi3bplus,margin,fisvdd_revision,n1,B2,1139,3.061483,5.140331,-2.078848,34.324,33.92204390295295,0.40195609704704793
pi3bplus,margin,fisvdd_revision,n1,B2,1140,3.251897,5.140331,-1.8884339999999997,34.324,34.37988955811138,-0.05588955811138163
pi3bplus,margin,fisvdd_revision,n1,B2,1141,3.077993,5.140331,-2.0623379999999996,33.248,34.37977931902617,-1.1317793190261725
pi3bplus,margin,fisvdd_revision,n1,B2,1142,3.08768,5.140331,-2.0526509999999996,34.324,34.37978545969009,-0.05578545969009241
pi3bplus,margin,fisvdd_revision,n1,B2,1143,3.117368,5.140331,-2.022963,34.324,34.379804279141986,-0.055804279141987934
pi3bplus,margin,fisvdd_revision,n1,B2,1144,3.067316,5.140331,-2.073015,34.324,34.379772550793625,-0.05577255079362686
pi3bplus,margin,fisvdd_revision,n1,B2,1145,3.147471,5.140331,-1.9928599999999999,33.786,34.37982336166557,-0.5938233616655708
pi3bplus,margin,fisvdd_revision,n1,B2,1146,3.103461,5.140331,-2.03687,33.786,34.37979546338756,-0.5937954633875577
pi3bplus,margin,fisvdd_revision,n1,B2,1147,3.046743,5.140331,-2.0935879999999996,34.862,34.37975950941045,0.48224049058955387
pi3bplus,margin,fisvdd_revision,n1,B2,1148,3.151066,5.140331,-1.9892649999999996,33.786,34.379825640563766,-0.5938256405637645
pi3bplus,margin,fisvdd_revision,n1,B2,1149,3.121274,5.140331,-2.0190569999999997,33.786,34.37980675518547,-0.5938067551854687
pi3bplus,margin,fisvdd_revision,n1,B2,1150,3.109868,5.140331,-2.0304629999999997,34.324,34.37979952483421,-0.0557995248342138
pi3bplus,margin,fisvdd_revision,n1,B2,1151,3.101847,5.140331,-2.038484,34.324,34.379794440260525,-0.05579444026052727
pi3bplus,margin,fisvdd_revision,n1,B2,1152,3.087108,5.140331,-2.0532229999999996,34.324,34.37978509709489,-0.055785097094890546
pi3bplus,margin,fisvdd_revision,n1,B2,1153,3.148305,5.140331,-1.9920259999999996,34.324,33.92209894008755,0.40190105991244707
pi3bplus,margin,fisvdd_revision,n1,B2,1154,3.07492,5.140331,-2.0654109999999997,34.324,33.922052420770754,0.40194757922924396
pi3bplus,margin,fisvdd_revision,n1,B2,1155,3.056639,5.140331,-2.0836919999999997,34.324,33.464315882046975,0.859684117953023
pi3bplus,margin,fisvdd_revision,n1,B2,1156,3.14044,5.140331,-1.9998909999999999,34.324,34.37981890466051,-0.0558189046605122
pi3bplus,margin,fisvdd_revision,n1,B2,1157,3.078618,5.140331,-2.0617129999999997,34.324,34.37977971521849,-0.05577971521849179
pi3bplus,margin,fisvdd_revision,n1,B2,1158,3.080857,5.140331,-2.059474,34.324,34.379781134537836,-0.055781134537838284
pi3bplus,margin,fisvdd_revision,n1,B2,1159,5.123339,5.140331,-0.016992000000000118,34.324,34.38107587961117,-0.057075879611169
pi3bplus,margin,tinydl_revision,n512,B1,1160,42.90805,44.922881,-2.014830999999994,34.324,34.411626798178155,-0.08762679817815666
pi3bplus,margin,tinydl_revision,n512,B1,1161,43.923144,44.922881,-0.9997369999999961,34.324,34.41227027408417,-0.08827027408417365
pi3bplus,margin,tinydl_revision,n512,B1,1162,41.271918,44.922881,-3.6509629999999973,34.324,34.410589641499996,-0.08658964149999804
pi3bplus,margin,tinydl_revision,n512,B1,1163,41.31546,44.922881,-3.607420999999995,34.324,34.41061724310921,-0.0866172431092096
pi3bplus,margin,tinydl_revision,n512,B1,1164,41.304887,44.922881,-3.617993999999996,34.324,34.41061054080306,-0.08661054080306485
pi3bplus,margin,tinydl_revision,n512,B1,1165,41.227179,44.922881,-3.695701999999997,34.324,34.41056128110326,-0.08656128110326478
pi3bplus,margin,tinydl_revision,n512,B1,1166,41.034003,44.922881,-3.8888779999999983,34.862,34.410438825348805,0.4515611746511965
pi3bplus,margin,tinydl_revision,n512,B1,1167,41.102753,44.922881,-3.820127999999997,34.324,34.41048240650339,-0.0864824065033929
pi3bplus,margin,tinydl_revision,n512,B1,1168,41.310511,44.922881,-3.6123699999999985,34.324,34.86833905615704,-0.5443390561570425
pi3bplus,margin,tinydl_revision,n512,B1,1169,41.477541,44.922881,-3.4453399999999945,34.324,33.952995037246595,0.37100496275340333
pi3bplus,margin,tinydl_revision,n512,B1,1170,41.145669,44.922881,-3.7772119999999987,34.324,34.41050961128638,-0.08650961128638102
pi3bplus,margin,tinydl_revision,n512,B1,1171,41.276658,44.922881,-3.646222999999999,34.324,34.41059264622251,-0.08659264622251328
pi3bplus,margin,tinydl_revision,n512,B1,1172,41.155201,44.922881,-3.7676799999999986,34.324,34.41051565369461,-0.08651565369461167
pi3bplus,margin,tinydl_revision,n512,B1,1173,41.291033,44.922881,-3.631847999999998,34.324,34.41060175864574,-0.08660175864574171
pi3bplus,margin,tinydl_revision,n512,B1,1174,41.168013,44.922881,-3.7548679999999948,34.324,34.4105237753201,-0.08652377532010291
pi3bplus,margin,tinydl_revision,n512,B1,1175,41.298897,44.922881,-3.623984,34.324,33.95288179343888,0.37111820656112116
pi3bplus,margin,tinydl_revision,n512,B1,1176,41.10468,44.922881,-3.818200999999995,34.324,34.410483628043536,-0.08648362804353837
pi3bplus,margin,tinydl_revision,n512,B1,1177,41.101086,44.922881,-3.8217949999999945,34.324,34.41048134977925,-0.08648134977925537
pi3bplus,margin,tinydl_revision,n512,B1,1178,40.979004,44.922881,-3.9438769999999934,33.786,34.41040396105904,-0.6244039610590377
pi3bplus,margin,tinydl_revision,n512,B1,1179,41.27197,44.922881,-3.6509109999999936,34.324,34.410589674463196,-0.08658967446319821
pi3bplus,margin,tinydl_revision,n512,B1,1180,41.083482,44.922881,-3.8393990000000002,34.862,34.41047019046805,0.4515298095319551
pi3bplus,margin,tinydl_revision,n512,B1,1181,43.563876,44.922881,-1.3590049999999962,33.786,34.86976748158854,-1.0837674815885379
pi3bplus,margin,tinydl_revision,n512,B1,1182,41.708476,44.922881,-3.2144049999999993,34.324,34.410866378979065,-0.08686637897906735
pi3bplus,margin,tinydl_revision,n512,B1,1183,41.07567,44.922881,-3.8472109999999944,34.324,34.41046523838107,-0.08646523838107356
pi3bplus,margin,tinydl_revision,n512,B1,1184,41.203794,44.922881,-3.7190869999999947,34.324,34.41054645717163,-0.08654645717162879
pi3bplus,margin,tinydl_revision,n512,B1,1185,41.126815,44.922881,-3.796065999999996,34.324,33.49504775907645,0.8289522409235488
pi3bplus,margin,tinydl_revision,n512,B1,1186,41.113951,44.922881,-3.8089299999999966,34.324,34.410489505001856,-0.08648950500185748
pi3bplus,margin,tinydl_revision,n512,B1,1187,41.144471,44.922881,-3.778409999999994,33.786,34.410508851864954,-0.6245088518649524
pi3bplus,margin,tinydl_revision,n512,B1,1188,41.075409,44.922881,-3.8474719999999962,34.324,34.41046507293116,-0.08646507293116201
pi3bplus,margin,tinydl_revision,n512,B1,1189,41.351552,44.922881,-3.5713289999999986,34.324,34.41064012210603,-0.08664012210603289
pi3bplus,margin,tinydl_revision,n512,B1,1190,41.07494,44.922881,-3.8479409999999987,33.786,34.41046477562845,-0.6244647756284465
pi3bplus,margin,tinydl_revision,n512,B1,1191,43.616063,44.922881,-1.3068179999999998,34.862,34.41207561307279,0.4499243869272149
pi3bplus,margin,tinydl_revision,n512,B1,1192,42.189826,44.922881,-2.7330550000000002,34.324,34.41117151045197,-0.08717151045197369
pi3bplus,margin,tinydl_revision,n512,B1,1193,41.022909,44.922881,-3.899971999999998,34.324,33.49498189226264,0.8290181077373546
pi3bplus,margin,tinydl_revision,n512,B1,1194,41.20421,44.922881,-3.7186709999999934,34.324,34.86827167113429,-0.5442716711342896
pi3bplus,margin,tinydl_revision,n512,B1,1195,41.288064,44.922881,-3.634816999999998,34.324,34.41059987657377,-0.08659987657377144
pi3bplus,margin,tinydl_revision,n512,B1,1196,41.091763,44.922881,-3.8311179999999965,34.324,33.49502553934364,0.8289744606563616
pi3bplus,margin,tinydl_revision,n512,B1,1197,41.245772,44.922881,-3.6771089999999944,34.324,34.41057306734919,-0.08657306734919246
pi3bplus,margin,tinydl_revision,n512,B1,1198,41.110721,44.922881,-3.8121599999999987,34.324,34.410487457479974,-0.08648745747997566
pi3bplus,margin,tinydl_revision,n512,B1,1199,41.019888,44.922881,-3.902992999999995,34.324,34.41042987774157,-0.08642987774157262
pi3bplus,margin,lucid_revision,n512,B2,1200,341.03222,386.213577,-45.18135699999999,34.324,34.64612782977602,-0.32212782977602217
pi3bplus,margin,lucid_revision,n512,B2,1201,324.614816,386.213577,-61.59876099999997,34.862,34.635720710914775,0.22627928908522676
pi3bplus,margin,lucid_revision,n512,B2,1202,323.051235,386.213577,-63.16234199999997,34.862,35.09245449513144,-0.23045449513143978
pi3bplus,margin,lucid_revision,n512,B2,1203,346.490449,386.213577,-39.723127999999974,35.4,35.1073127934417,0.2926872065582984
pi3bplus,margin,lucid_revision,n512,B2,1204,334.514568,386.213577,-51.69900899999999,35.4,35.557446140480906,-0.1574461404809071
pi3bplus,margin,lucid_revision,n512,B2,1205,323.792425,386.213577,-62.421152000000006,35.938,36.00837424169604,-0.07037424169603668
pi3bplus,margin,lucid_revision,n512,B2,1206,322.930922,386.213577,-63.28265499999998,36.476,35.550103178051,0.9258968219489958
pi3bplus,margin,lucid_revision,n512,B2,1207,323.59977,386.213577,-62.61380700000001,36.476,36.00825211620749,0.4677478837925122
pi3bplus,margin,lucid_revision,n512,B2,1208,322.882431,386.213577,-63.33114599999999,36.476,35.55007243923257,0.9259275607674269
pi3bplus,margin,lucid_revision,n512,B2,1209,323.333834,386.213577,-62.87974299999996,35.4,36.008083537328545,-0.6080835373285467
pi3bplus,margin,lucid_revision,n512,B2,1210,322.941336,386.213577,-63.27224100000001,36.476,36.46555968007993,0.010440319920071772
pi3bplus,margin,lucid_revision,n512,B2,1211,323.683152,386.213577,-62.53042499999998,35.938,36.46602992295664,-0.528029922956641
pi3bplus,margin,lucid_revision,n512,B2,1212,322.878366,386.213577,-63.33521099999996,36.476,36.46551976291186,0.010480237088138722
pi3bplus,margin,lucid_revision,n512,B2,1213,323.569663,386.213577,-62.643913999999995,36.476,36.465957981405325,0.010042018594674573
pi3bplus,margin,lucid_revision,n512,B2,1214,322.756024,386.213577,-63.45755299999996,37.014,36.465442209375645,0.5485577906243577
pi3bplus,margin,lucid_revision,n512,B2,1215,323.161487,386.213577,-63.052089999999964,36.476,36.46569923549468,0.010300764505316806
pi3bplus,margin,lucid_revision,n512,B2,1216,323.656171,386.213577,-62.557406000000015,36.476,36.4660128194929,0.009987180507096127
pi3bplus,margin,lucid_revision,n512,B2,1217,323.391642,386.213577,-62.821934999999996,36.476,36.4658451325221,0.010154867477901064
pi3bplus,margin,lucid_revision,n512,B2,1218,322.803364,386.213577,-63.410213,37.014,36.46547221856631,0.5485277814336911
pi3bplus,margin,lucid_revision,n512,B2,1219,323.709294,386.213577,-62.50428299999999,36.476,36.46604649457182,0.009953505428178744
pi3bplus,margin,lucid_revision,n512,B2,1220,322.822843,386.213577,-63.39073400000001,36.476,37.38093446696856,-0.9049344669685624
pi3bplus,margin,lucid_revision,n512,B2,1221,323.670542,386.213577,-62.543034999999975,36.476,36.46602192938051,0.009978070619489188
pi3bplus,margin,lucid_revision,n512,B2,1222,323.427368,386.213577,-62.786208999999985,36.476,36.92359272976576,-0.44759272976575915
pi3bplus,margin,lucid_revision,n512,B2,1223,323.327316,386.213577,-62.88626099999999,36.476,36.46580435577519,0.01019564422480812
pi3bplus,margin,lucid_revision,n512,B2,1224,323.073567,386.213577,-63.14000999999996,37.552,36.46564350232942,1.0863564976705788
pi3bplus,margin,lucid_revision,n512,B2,1225,324.882197,386.213577,-61.33137999999997,36.476,36.46679000681856,0.009209993181436005
pi3bplus,margin,lucid_revision,n512,B2,1226,322.918412,386.213577,-63.295165,37.014,36.92327009863679,0.09072990136321124
pi3bplus,margin,lucid_revision,n512,B2,1227,323.636998,386.213577,-62.57657899999998,37.014,36.92372561583757,0.09027438416243427
pi3bplus,margin,lucid_revision,n512,B2,1228,324.005588,386.213577,-62.207989,37.014,36.46623431762082,0.5477656823791861
pi3bplus,margin,lucid_revision,n512,B2,1229,323.381531,386.213577,-62.83204599999999,37.014,36.923563673338364,0.09043632666163859
pi3bplus,margin,lucid_revision,n512,B2,1230,322.860858,386.213577,-63.35271899999998,37.552,36.4655086644558,1.0864913355442027
pi3bplus,margin,lucid_revision,n512,B2,1231,323.718349,386.213577,-62.495228,37.014,36.466052234606074,0.5479477653939284
pi3bplus,margin,lucid_revision,n512,B2,1232,325.947027,386.213577,-60.266549999999995,37.014,36.467465010758104,0.5465349892418985
pi3bplus,margin,lucid_revision,n512,B2,1233,323.242519,386.213577,-62.97105799999997,37.014,36.92347555256074,0.09052444743926458
pi3bplus,margin,lucid_revision,n512,B2,1234,322.731586,386.213577,-63.481990999999994,37.552,36.92315166819625,0.6288483318037521
pi3bplus,margin,lucid_revision,n512,B2,1235,324.218083,386.213577,-61.99549400000001,37.552,37.3818189203523,0.1701810796476977
pi3bplus,margin,lucid_revision,n512,B2,1236,323.075383,386.213577,-63.138194,37.014,37.38109455401992,-0.3670945540199142
pi3bplus,margin,lucid_revision,n512,B2,1237,323.672566,386.213577,-62.54101099999997,37.552,37.3814731129238,0.17052688707619978
pi3bplus,margin,lucid_revision,n512,B2,1238,323.528609,386.213577,-62.68496799999997,37.014,36.92365690721553,0.09034309278447239
pi3bplus,margin,lucid_revision,n512,B2,1239,323.536732,386.213577,-62.676845000000014,37.552,37.381387006704855,0.17061299329514412
pi3bplus,margin,lucid_revision,n64,B1,1240,45.354273,51.053204,-5.698931000000002,36.476,36.582034759368995,-0.10603475936899542
pi3bplus,margin,lucid_revision,n64,B1,1241,45.690155,51.053204,-5.363049000000004,36.476,36.12452272729909,0.35147727270091167
pi3bplus,margin,lucid_revision,n64,B1,1242,44.156576,51.053204,-6.896628,36.476,36.12355057975761,0.3524494202423867
pi3bplus,margin,lucid_revision,n64,B1,1243,44.138035,51.053204,-6.915168999999999,36.476,36.123538826474885,0.3524611735251142
pi3bplus,margin,lucid_revision,n64,B1,1244,44.067461,51.053204,-6.985742999999999,36.476,36.12349408907264,0.3525059109273556
pi3bplus,margin,lucid_revision,n64,B1,1245,44.189128,51.053204,-6.864076000000004,36.476,36.12357121472116,0.35242878527883903
pi3bplus,margin,lucid_revision,n64,B1,1246,44.110847,51.053204,-6.942357000000001,36.476,36.123521591792255,0.35247840820774456
pi3bplus,margin,lucid_revision,n64,B1,1247,44.321627,51.053204,-6.7315770000000015,36.476,36.12365520685792,0.35234479314208045
pi3bplus,margin,lucid_revision,n64,B1,1248,44.149805,51.053204,-6.903399,36.476,35.665821337311506,0.810178662688493
pi3bplus,margin,lucid_revision,n64,B1,1249,44.201315,51.053204,-6.851889,36.476,36.12357894015434,0.3524210598456605
pi3bplus,margin,lucid_revision,n64,B1,1250,44.092149,51.053204,-6.961055000000002,36.476,35.66578478872897,0.8102152112710286
pi3bplus,margin,lucid_revision,n64,B1,1251,44.085221,51.053204,-6.967983000000004,36.476,36.12350534727345,0.35249465272654845
pi3bplus,margin,lucid_revision,n64,B1,1252,44.182981,51.053204,-6.870223000000003,35.938,36.12356731809051,-0.18556731809050575
pi3bplus,margin,lucid_revision,n64,B1,1253,44.111628,51.053204,-6.941575999999998,35.938,35.66579713661712,0.2722028633828799
pi3bplus,margin,lucid_revision,n64,B1,1254,44.159336,51.053204,-6.893867999999998,36.476,35.665827379085826,0.8101726209141731
pi3bplus,margin,lucid_revision,n64,B1,1255,44.046316,51.053204,-7.006888000000004,35.938,35.20803078458015,0.7299692154198496
pi3bplus,margin,lucid_revision,n64,B1,1256,44.096315,51.053204,-6.956889000000004,35.938,35.66578742958846,0.2722125704115399
pi3bplus,margin,lucid_revision,n64,B1,1257,44.449021,51.053204,-6.604182999999999,36.476,35.66601101263881,0.8099889873611872
pi3bplus,margin,lucid_revision,n64,B1,1258,44.092461,51.053204,-6.960743000000001,35.938,35.66578498650818,0.27221501349182375
pi3bplus,margin,lucid_revision,n64,B1,1259,44.089284,51.053204,-6.963920000000002,36.476,35.66578297258341,0.8102170274165914
pi3bplus,margin,lucid_revision,n64,B1,1260,44.130794,51.053204,-6.922409999999999,35.4,35.2080843358351,0.19191566416489536
pi3bplus,margin,lucid_revision,n64,B1,1261,44.176784,51.053204,-6.876420000000003,35.938,35.66583843950743,0.27216156049257023
pi3bplus,margin,lucid_revision,n64,B1,1262,44.097045,51.053204,-6.9561589999999995,35.4,36.12351284259813,-0.723512842598133
pi3bplus,margin,lucid_revision,n64,B1,1263,44.042722,51.053204,-7.010482000000003,36.476,35.66575345657293,0.8102465434270698
pi3bplus,margin,lucid_revision,n64,B1,1264,44.090586,51.053204,-6.962617999999999,34.862,35.66578379793123,-0.8037837979312314
pi3bplus,margin,lucid_revision,n64,B1,1265,44.154023,51.053204,-6.899180999999999,35.4,35.20809906087714,0.19190093912285988
pi3bplus,margin,lucid_revision,n64,B1,1266,44.187564,51.053204,-6.865639999999999,35.4,35.20812032277541,0.1918796772245912
pi3bplus,margin,lucid_revision,n64,B1,1267,44.161523,51.053204,-6.891680999999998,35.938,35.66582876544197,0.27217123455803005
pi3bplus,margin,lucid_revision,n64,B1,1268,44.030378,51.053204,-7.022826000000002,35.4,35.66574563161624,-0.265745631616241
pi3bplus,margin,lucid_revision,n64,B1,1269,44.062357,51.053204,-6.990847000000002,35.4,35.66576590335068,-0.2657659033506832
pi3bplus,margin,lucid_revision,n64,B1,1270,44.017513,51.053204,-7.035691,35.4,35.208012526136585,0.19198747386341353
pi3bplus,margin,lucid_revision,n64,B1,1271,44.018452,51.053204,-7.0347519999999975,35.4,35.66573807163297,-0.265738071632974
pi3bplus,margin,lucid_revision,n64,B1,1272,44.029128,51.053204,-7.024076000000001,35.4,34.75029493871751,0.6497050612824893
pi3bplus,margin,lucid_revision,n64,B1,1273,44.084492,51.053204,-6.968712000000004,35.4,35.20805498464063,0.1919450153593658
pi3bplus,margin,lucid_revision,n64,B1,1274,44.102721,51.053204,-6.950482999999998,35.4,35.66579149040121,-0.2657914904012131
pi3bplus,margin,lucid_revision,n64,B1,1275,44.190429,51.053204,-6.862774999999999,35.938,35.20812213892098,0.7298778610790251
pi3bplus,margin,lucid_revision,n64,B1,1276,44.089232,51.053204,-6.963971999999998,35.938,35.20805798936314,0.7299420106368615
pi3bplus,margin,lucid_revision,n64,B1,1277,44.348657,51.053204,-6.704546999999998,35.4,35.66594739112609,-0.26594739112609034
pi3bplus,margin,lucid_revision,n64,B1,1278,44.108971,51.053204,-6.944233000000004,35.938,35.208070502067294,0.7299294979327087
pi3bplus,margin,lucid_revision,n64,B1,1279,44.128658,51.053204,-6.924545999999999,35.938,35.665807932065306,0.2721920679346965
pi3bplus,margin,lucid_revision,n1,B1,1280,4.46199,5.449674,-0.9876839999999998,35.4,35.589364727977056,-0.1893647279770576
pi3bplus,margin,lucid_revision,n1,B1,1281,4.156576,5.449674,-1.2930979999999996,35.4,35.13144617343274,0.26855382656725624
pi3bplus,margin,lucid_revision,n1,B1,1282,3.571894,5.449674,-1.87778,35.4,35.13107553900905,0.26892446099094514
pi3bplus,margin,lucid_revision,n1,B1,1283,3.612779,5.449674,-1.8368949999999997,35.4,35.588826406582555,-0.18882640658255667
pi3bplus,margin,lucid_revision,n1,B1,1284,3.563926,5.449674,-1.885748,35.4,35.13107048803248,0.2689295119675208
pi3bplus,margin,lucid_revision,n1,B1,1285,3.542364,5.449674,-1.9073099999999998,35.4,34.673331869457535,0.726668130542464
pi3bplus,margin,lucid_revision,n1,B1,1286,3.610436,5.449674,-1.839238,35.4,35.13109997107975,0.26890002892024967
pi3bplus,margin,lucid_revision,n1,B1,1287,3.564498,5.449674,-1.885176,35.4,35.13107085062768,0.26892914937231893
pi3bplus,margin,lucid_revision,n1,B1,1288,3.709705,5.449674,-1.7399689999999999,34.862,34.67343794820649,0.18856205179351093
pi3bplus,margin,lucid_revision,n1,B1,1289,3.584863,5.449674,-1.864811,35.4,34.67335880990101,0.726641190098988
pi3bplus,margin,lucid_revision,n1,B1,1290,3.63429,5.449674,-1.8153839999999999,35.4,34.67339014205705,0.7266098579429467
pi3bplus,margin,lucid_revision,n1,B1,1291,3.618769,5.449674,-1.830905,34.862,34.67338030317559,0.1886196968244107
pi3bplus,margin,lucid_revision,n1,B1,1292,3.568197,5.449674,-1.8814769999999998,34.862,35.131073195452274,-0.2690731954522718
pi3bplus,margin,lucid_revision,n1,B1,1293,3.606425,5.449674,-1.8432489999999997,34.862,34.67337247821891,0.18862752178109332
pi3bplus,margin,lucid_revision,n1,B1,1294,3.588248,5.449674,-1.8614259999999998,34.862,34.67336095567859,0.18863904432141254
pi3bplus,margin,lucid_revision,n1,B1,1295,3.542259,5.449674,-1.9074149999999999,34.324,35.13105675315427,-0.8070567531542707
pi3bplus,margin,lucid_revision,n1,B1,1296,3.519864,5.449674,-1.9298099999999998,34.862,35.13104255679126,-0.26904255679125555
pi3bplus,margin,lucid_revision,n1,B1,1297,3.572728,5.449674,-1.8769459999999998,34.324,34.21562616717397,0.10837383282602531
pi3bplus,margin,lucid_revision,n1,B1,1298,3.682362,5.449674,-1.767312,35.4,34.673420615268164,0.7265793847318349
pi3bplus,margin,lucid_revision,n1,B1,1299,3.64632,5.449674,-1.8033540000000001,34.862,34.21567281770967,0.6463271822903351
pi3bplus,margin,lucid_revision,n1,B1,1300,3.554082,5.449674,-1.8955919999999997,34.324,34.673339297588,-0.34933929758800275
pi3bplus,margin,lucid_revision,n1,B1,1301,3.556634,5.449674,-1.89304,34.324,34.2156159650634,0.10838403493659854
pi3bplus,margin,lucid_revision,n1,B1,1302,3.600019,5.449674,-1.8496549999999998,34.862,34.2156434671491,0.646356532850902
pi3bplus,margin,lucid_revision,n1,B1,1303,3.586895,5.449674,-1.8627789999999997,34.862,34.67336009800147,0.18863990199853475
pi3bplus,margin,lucid_revision,n1,B1,1304,3.535697,5.449674,-1.913977,35.4,34.21560269293782,1.1843973070621772
pi3bplus,margin,lucid_revision,n1,B1,1305,3.576113,5.449674,-1.873561,34.862,34.67335326320861,0.18864673679139088
pi3bplus,margin,lucid_revision,n1,B1,1306,3.549863,5.449674,-1.8998109999999997,34.324,34.6733366231314,-0.3493366231313999
pi3bplus,margin,lucid_revision,n1,B1,1307,3.584186,5.449674,-1.865488,34.324,34.21563343048844,0.10836656951155987
pi3bplus,margin,lucid_revision,n1,B1,1308,3.56929,5.449674,-1.8803839999999998,34.862,34.21562398779929,0.6463760122007116
pi3bplus,margin,lucid_revision,n1,B1,1309,3.540853,5.449674,-1.908821,34.862,34.21560596136594,0.6463940386340639
pi3bplus,margin,lucid_revision,n1,B1,1310,3.612883,5.449674,-1.8367909999999998,34.862,34.21565162173779,0.6463483782622106
pi3bplus,margin,lucid_revision,n1,B1,1311,3.540541,5.449674,-1.9091329999999997,34.324,34.21560576358673,0.10839423641326817
pi3bplus,margin,lucid_revision,n1,B1,1312,3.519916,5.449674,-1.929758,34.324,34.67331763949741,-0.34931763949741423
pi3bplus,margin,lucid_revision,n1,B1,1313,3.574498,5.449674,-1.8751759999999997,34.324,34.21562728919061,0.10837271080939104
pi3bplus,margin,lucid_revision,n1,B1,1314,3.550228,5.449674,-1.8994459999999997,34.862,34.67333685450771,0.18866314549229202
pi3bplus,margin,lucid_revision,n1,B1,1315,3.584498,5.449674,-1.865176,34.862,34.21563362826764,0.6463663717323627
pi3bplus,margin,lucid_revision,n1,B1,1316,3.539864,5.449674,-1.9098099999999998,34.862,34.21560533443122,0.6463946655687849
pi3bplus,margin,lucid_revision,n1,B1,1317,3.685435,5.449674,-1.764239,34.324,34.215697613009475,0.1083023869905233
pi3bplus,margin,lucid_revision,n1,B1,1318,3.592988,5.449674,-1.8566859999999998,34.862,34.21563901014404,0.6463609898559639
pi3bplus,margin,lucid_revision,n1,B1,1319,3.538301,5.449674,-1.9113729999999998,34.324,34.67332929389054,-0.34932929389054124
pi3bplus,margin,tinydl_revision,n1,B1,1320,3.396583,3.94949,-0.5529069999999998,34.324,34.76735782861391,-0.4433578286139124
pi3bplus,margin,tinydl_revision,n1,B1,1321,3.285959,3.94949,-0.6635309999999999,34.862,34.76728770320816,0.09471229679184034
pi3bplus,margin,tinydl_revision,n1,B1,1322,2.868516,3.94949,-1.0809739999999999,34.324,34.309298132617776,0.014701867382221678
pi3bplus,margin,tinydl_revision,n1,B1,1323,2.952473,3.94949,-0.997017,34.324,34.30935135360681,0.014648646393190745
pi3bplus,margin,tinydl_revision,n1,B1,1324,2.89987,3.94949,-1.04962,34.324,34.76704295841696,-0.4430429584169602
pi3bplus,margin,tinydl_revision,n1,B1,1325,2.957629,3.94949,-0.9918610000000001,34.324,34.309354622034924,0.014645377965074147
pi3bplus,margin,tinydl_revision,n1,B1,1326,2.903463,3.94949,-1.046027,34.862,34.30932028579028,0.5526797142097237
pi3bplus,margin,tinydl_revision,n1,B1,1327,2.832786,3.94949,-1.116704,34.324,34.30927548309554,0.014724516904458085
pi3bplus,margin,tinydl_revision,n1,B1,1328,2.970754,3.94949,-0.978736,34.324,34.30936294207353,0.014637057926471186
pi3bplus,margin,tinydl_revision,n1,B1,1329,2.890442,3.94949,-1.0590479999999998,34.324,34.767036981935135,-0.44303698193513696
pi3bplus,margin,tinydl_revision,n1,B1,1330,2.867735,3.94949,-1.0817549999999998,34.324,34.30929763753586,0.014702362464134922
pi3bplus,margin,tinydl_revision,n1,B1,1331,2.960233,3.94949,-0.9892569999999998,34.324,34.30935627273058,0.014643727269415763
pi3bplus,margin,tinydl_revision,n1,B1,1332,2.927213,3.94949,-1.0222769999999999,34.324,34.309335341098226,0.014664658901772043
pi3bplus,margin,tinydl_revision,n1,B1,1333,2.901536,3.94949,-1.0479539999999998,34.324,34.30931906425013,0.014680935749865398
pi3bplus,margin,tinydl_revision,n1,B1,1334,2.916796,3.94949,-1.0326939999999998,33.786,34.30932873768168,-0.5233287376816804
pi3bplus,margin,tinydl_revision,n1,B1,1335,2.874765,3.94949,-1.074725,34.324,34.309302093907014,0.014697906092983715
pi3bplus,margin,tinydl_revision,n1,B1,1336,2.935077,3.94949,-1.0144129999999998,34.324,34.30934032614841,0.014659673851589616
pi3bplus,margin,tinydl_revision,n1,B1,1337,2.880442,3.94949,-1.069048,34.324,34.30930569260104,0.01469430739895472
pi3bplus,margin,tinydl_revision,n1,B1,1338,2.959035,3.94949,-0.9904549999999999,33.786,34.30935551330916,-0.5233555133091556
pi3bplus,margin,tinydl_revision,n1,B1,1339,2.954088,3.94949,-0.9954019999999999,34.324,34.76707732762481,-0.4430773276248132
pi3bplus,margin,tinydl_revision,n1,B1,1340,2.948671,3.94949,-1.000819,33.786,34.309348943489724,-0.5233489434897223
pi3bplus,margin,tinydl_revision,n1,B1,1341,3.504967,3.94949,-0.4445229999999998,34.324,34.76742653406641,-0.4434265340664112
pi3bplus,margin,tinydl_revision,n1,B1,1342,2.902369,3.94949,-1.0471209999999997,34.324,33.85159464203821,0.4724053579617902
pi3bplus,margin,tinydl_revision,n1,B1,1343,3.00492,3.94949,-0.9445700000000001,34.324,34.309384600164115,0.01461539983588267
pi3bplus,margin,tinydl_revision,n1,B1,1344,2.940963,3.94949,-1.008527,34.324,34.30934405732915,0.014655942670849242
pi3bplus,margin,tinydl_revision,n1,B1,1345,2.858776,3.94949,-1.0907139999999997,34.324,34.309291958356745,0.014708041643253011
pi3bplus,margin,tinydl_revision,n1,B1,1346,2.833828,3.94949,-1.115662,34.324,34.30927614362737,0.014723856372626187
pi3bplus,margin,tinydl_revision,n1,B1,1347,2.943358,3.94949,-1.006132,34.324,34.309345575538096,0.014654424461902238
pi3bplus,margin,tinydl_revision,n1,B1,1348,2.888202,3.94949,-1.0612879999999998,34.324,34.30931061172482,0.014689388275179738
pi3bplus,margin,tinydl_revision,n1,B1,1349,2.856328,3.94949,-1.093162,34.324,34.30929040655069,0.014709593449310887
pi3bplus,margin,tinydl_revision,n1,B1,1350,3.017941,3.94949,-0.931549,33.786,34.30939285427632,-0.5233928542763167
pi3bplus,margin,tinydl_revision,n1,B1,1351,2.897786,3.94949,-1.051704,34.324,33.851591736839204,0.4724082631607942
pi3bplus,margin,tinydl_revision,n1,B1,1352,2.931327,3.94949,-1.018163,34.324,34.30933794899452,0.014662051005480237
pi3bplus,margin,tinydl_revision,n1,B1,1353,2.896536,3.94949,-1.0529539999999997,34.324,34.30931589471162,0.014684105288381488
pi3bplus,margin,tinydl_revision,n1,B1,1354,2.83862,3.94949,-1.1108699999999998,33.786,34.30927918131308,-0.5232791813130788
pi3bplus,margin,tinydl_revision,n1,B1,1355,2.935702,3.94949,-1.013788,34.324,33.39389082182662,0.9301091781733746
pi3bplus,margin,tinydl_revision,n1,B1,1356,2.870599,3.94949,-1.078891,34.324,34.30929945304752,0.01470054695247569
pi3bplus,margin,tinydl_revision,n1,B1,1357,2.865286,3.94949,-1.0842039999999997,33.248,34.309296085095895,-1.061296085095897
pi3bplus,margin,tinydl_revision,n1,B1,1358,2.934973,3.94949,-1.0145170000000001,34.324,34.309340260222,0.01465973977799706
pi3bplus,margin,tinydl_revision,n1,B1,1359,2.93591,3.94949,-1.0135800000000001,34.324,34.30934085419352,0.014659145806476204
pi3bplus,margin,tinydl_revision,n512,B2,1360,43.089499,44.005402,-0.915902999999993,34.324,34.55137801469342,-0.22737801469342145
pi3bplus,margin,tinydl_revision,n512,B2,1361,44.059022,44.005402,0.05362000000000222,34.324,34.55199260279149,-0.22799260279149536
pi3bplus,margin,tinydl_revision,n512,B2,1362,40.987748,44.005402,-3.017653999999993,33.786,34.55004569854443,-0.7640456985444288
pi3bplus,margin,tinydl_revision,n512,B2,1363,40.897749,44.005402,-3.107652999999999,34.324,34.54998864748505,-0.2259886474850532
pi3bplus,margin,tinydl_revision,n512,B2,1364,40.987643,44.005402,-3.017758999999998,34.324,34.55004563198412,-0.2260456319841211
pi3bplus,margin,tinydl_revision,n512,B2,1365,40.911915,44.005402,-3.093486999999996,34.862,34.549997627421575,0.31200237257842645
pi3bplus,margin,tinydl_revision,n512,B2,1366,41.020925,44.005402,-2.9844769999999983,34.324,34.5500667297003,-0.22606672970029962
pi3bplus,margin,tinydl_revision,n512,B2,1367,40.880978,44.005402,-3.1244239999999976,34.862,34.549978016218965,0.31202198378103674
pi3bplus,margin,tinydl_revision,n512,B2,1368,40.930561,44.005402,-3.0748409999999993,34.862,34.55000944726461,0.311990552735395
pi3bplus,margin,tinydl_revision,n512,B2,1369,40.958008,44.005402,-3.047393999999997,34.862,34.550026846129335,0.3119731538706674
pi3bplus,margin,tinydl_revision,n512,B2,1370,40.92556,44.005402,-3.0798419999999993,34.862,35.00773122734925,-0.14573122734924482
pi3bplus,margin,tinydl_revision,n512,B2,1371,41.087695,44.005402,-2.917707,34.324,35.00783400597469,-0.6838340059746955
pi3bplus,margin,tinydl_revision,n512,B2,1372,41.166392,44.005402,-2.8390099999999947,34.862,34.55015894235215,0.31184105764785386
pi3bplus,margin,tinydl_revision,n512,B2,1373,41.016757,44.005402,-2.988644999999998,34.862,35.00778903783005,-0.14578903783004904
pi3bplus,margin,tinydl_revision,n512,B2,1374,41.536753,44.005402,-2.468648999999999,35.4,35.00811866730005,0.3918813326999455
pi3bplus,margin,tinydl_revision,n512,B2,1375,41.049466,44.005402,-2.955935999999994,34.862,35.00780977231711,-0.1458097723171079
pi3bplus,margin,tinydl_revision,n512,B2,1376,41.153788,44.005402,-2.851613999999998,34.862,34.55015095257946,0.3118490474205444
pi3bplus,margin,tinydl_revision,n512,B2,1377,41.120298,44.005402,-2.8851039999999983,34.862,35.00785467326754,-0.14585467326753587
pi3bplus,margin,tinydl_revision,n512,B2,1378,41.028424,44.005402,-2.9769779999999955,35.4,34.55007148337416,0.8499285166258375
pi3bplus,margin,tinydl_revision,n512,B2,1379,41.056236,44.005402,-2.949165999999998,35.4,35.00781406387226,0.39218593612773844
pi3bplus,margin,tinydl_revision,n512,B2,1380,40.991393,44.005402,-3.0140089999999944,35.4,34.550048009138,0.8499519908619959
pi3bplus,margin,tinydl_revision,n512,B2,1381,41.079517,44.005402,-2.925884999999994,35.4,35.46555377213454,-0.0655537721345425
pi3bplus,margin,tinydl_revision,n512,B2,1382,41.213683,44.005402,-2.7917189999999934,35.4,35.0079138707384,0.3920861292615996
pi3bplus,margin,tinydl_revision,n512,B2,1383,41.376338,44.005402,-2.6290639999999996,35.4,35.4657419292529,-0.06574192925290134
pi3bplus,margin,tinydl_revision,n512,B2,1384,43.098665,44.005402,-0.9067369999999997,34.862,35.00910877534849,-0.1471087753484852
pi3bplus,margin,tinydl_revision,n512,B2,1385,40.959831,44.005402,-3.0455709999999954,34.862,35.923202852514244,-1.061202852514242
pi3bplus,margin,tinydl_revision,n512,B2,1386,40.948425,44.005402,-3.0569769999999963,35.4,35.007745721648874,0.3922542783511247
pi3bplus,margin,tinydl_revision,n512,B2,1387,41.206755,44.005402,-2.7986469999999954,34.862,35.46563442928287,-0.6036344292828701
pi3bplus,margin,tinydl_revision,n512,B2,1388,40.911706,44.005402,-3.0936959999999942,35.4,35.46544739544897,-0.06544739544897027
pi3bplus,margin,tinydl_revision,n512,B2,1389,41.038996,44.005402,-2.966405999999999,34.324,35.4655280855605,-1.141528085560502
pi3bplus,margin,tinydl_revision,n512,B2,1390,40.888268,44.005402,-3.117134,35.4,35.00770758766318,0.3922924123368219
pi3bplus,margin,tinydl_revision,n512,B2,1391,41.025456,44.005402,-2.979945999999998,34.862,35.92324445270726,-1.0612444527072569
pi3bplus,margin,tinydl_revision,n512,B2,1392,41.161443,44.005402,-2.843958999999998,35.4,35.46560570565703,-0.06560570565703472
pi3bplus,margin,tinydl_revision,n512,B2,1393,41.069361,44.005402,-2.936040999999996,35.4,35.46554733416791,-0.06554733416790981
pi3bplus,margin,tinydl_revision,n512,B2,1394,43.363298,44.005402,-0.6421039999999962,35.4,35.46700147850274,-0.06700147850273908
pi3bplus,margin,tinydl_revision,n512,B2,1395,40.983737,44.005402,-3.0216649999999987,35.4,35.00776810619769,0.39223189380231105
pi3bplus,margin,tinydl_revision,n512,B2,1396,40.964258,44.005402,-3.0411439999999956,35.4,35.46548070856659,-0.06548070856658939
pi3bplus,margin,tinydl_revision,n512,B2,1397,41.226911,44.005402,-2.7784909999999954,34.862,35.46564720632654,-0.603647206326535
pi3bplus,margin,tinydl_revision,n512,B2,1398,40.963893,44.005402,-3.041508999999998,35.4,35.923205427447336,-0.523205427447337
pi3bplus,margin,tinydl_revision,n512,B2,1399,41.030872,44.005402,-2.9745299999999943,35.4,35.00779798543728,0.3922020145627201
pi3bplus,margin,lucid_revision,n1024,B1,1400,689.081923,719.780619,-30.69869600000004,35.4,35.193397672859795,0.2066023271402031
pi3bplus,margin,lucid_revision,n1024,B1,1401,712.443059,719.780619,-7.337560000000053,35.4,35.665931427181455,-0.26593142718145657
pi3bplus,margin,lucid_revision,n1024,B1,1402,712.57139,719.780619,-7.20922900000005,35.938,35.66601277719091,0.27198722280909493
pi3bplus,margin,lucid_revision,n1024,B1,1403,713.668774,719.780619,-6.111845000000017,35.4,35.66670841736182,-0.26670841736181927
pi3bplus,margin,lucid_revision,n1024,B1,1404,712.863414,719.780619,-6.917204999999967,35.4,35.66619789345401,-0.266197893454013
pi3bplus,margin,lucid_revision,n1024,B1,1405,715.124485,719.780619,-4.656133999999952,36.476,35.66763120377827,0.8083687962217283
pi3bplus,margin,lucid_revision,n1024,B1,1406,713.794183,719.780619,-5.986436000000026,35.938,36.12451286535002,-0.18651286535001788
pi3bplus,margin,lucid_revision,n1024,B1,1407,715.55557,719.780619,-4.225049000000013,36.476,36.12562942213754,0.3503705778624564
pi3bplus,margin,lucid_revision,n1024,B1,1408,714.097404,719.780619,-5.683215000000018,35.4,36.582430029734724,-1.182430029734725
pi3bplus,margin,lucid_revision,n1024,B1,1409,714.977498,719.780619,-4.803121000000033,35.938,36.12526297784377,-0.18726297784376555
pi3bplus,margin,lucid_revision,n1024,B1,1410,713.167148,719.780619,-6.613471000000004,35.938,36.58184033329042,-0.6438403332904201
pi3bplus,margin,lucid_revision,n1024,B1,1411,715.600508,719.780619,-4.180111000000011,36.476,36.58338285893895,-0.10738285893894783
pi3bplus,margin,lucid_revision,n1024,B1,1412,713.697503,719.780619,-6.083116000000018,36.476,36.582176529410326,-0.10617652941032674
pi3bplus,margin,lucid_revision,n1024,B1,1413,715.28358,719.780619,-4.4970389999999725,35.938,36.12545700558136,-0.1874570055813578
pi3bplus,margin,lucid_revision,n1024,B1,1414,712.32522,719.780619,-7.455399000000057,36.476,36.581306628645734,-0.10530662864573515
pi3bplus,margin,lucid_revision,n1024,B1,1415,717.488138,719.780619,-2.2924809999999525,36.476,36.584579442136636,-0.10857944213663728
pi3bplus,margin,lucid_revision,n1024,B1,1416,712.955157,719.780619,-6.825462000000016,36.476,36.58170595056253,-0.1057059505625304
pi3bplus,margin,lucid_revision,n1024,B1,1417,714.282903,719.780619,-5.4977159999999685,36.476,35.66709771846564,0.8089022815343583
pi3bplus,margin,lucid_revision,n1024,B1,1418,713.429055,719.780619,-6.351564000000053,36.476,36.58200635815523,-0.10600635815523418
pi3bplus,margin,lucid_revision,n1024,B1,1419,715.657991,719.780619,-4.122627999999963,35.938,36.58341929785545,-0.6454192978554474
pi3bplus,margin,lucid_revision,n1024,B1,1420,713.002075,719.780619,-6.778544000000011,35.938,36.581735692244145,-0.6437356922441424
pi3bplus,margin,lucid_revision,n1024,B1,1421,712.547494,719.780619,-7.233124999999973,35.938,36.58144752984654,-0.6434475298465401
pi3bplus,margin,lucid_revision,n1024,B1,1422,716.057719,719.780619,-3.7228999999999814,36.476,36.583672688513815,-0.10767268851381573
pi3bplus,margin,lucid_revision,n1024,B1,1423,715.231007,719.780619,-4.549612000000025,36.476,36.58314862940873,-0.1071486294087336
pi3bplus,margin,lucid_revision,n1024,B1,1424,713.047067,719.780619,-6.7335520000000315,36.476,36.581764213019525,-0.10576421301952621
pi3bplus,margin,lucid_revision,n1024,B1,1425,714.901943,719.780619,-4.878676000000041,36.476,36.5829400332043,-0.10694003320430312
pi3bplus,margin,lucid_revision,n1024,B1,1426,711.258277,719.780619,-8.52234199999998,35.938,36.58063028525922,-0.6426302852592158
pi3bplus,margin,lucid_revision,n1024,B1,1427,715.21678,719.780619,-4.56383900000003,36.476,36.58313961080384,-0.10713961080384138
pi3bplus,margin,lucid_revision,n1024,B1,1428,713.138151,719.780619,-6.642468000000008,35.938,36.581821951868754,-0.6438219518687518
pi3bplus,margin,lucid_revision,n1024,B1,1429,716.742698,719.780619,-3.037920999999983,36.476,36.58410690197841,-0.10810690197840955
pi3bplus,margin,lucid_revision,n1024,B1,1430,712.946794,719.780619,-6.833825000000047,36.476,36.581700649192406,-0.10570064919240707
pi3bplus,margin,lucid_revision,n1024,B1,1431,714.8724,719.780619,-4.908219000000031,36.476,36.58292130566903,-0.10692130566903302
pi3bplus,margin,lucid_revision,n1024,B1,1432,712.876634,719.780619,-6.903985000000034,36.476,36.58165617422795,-0.1056561742279527
pi3bplus,margin,lucid_revision,n1024,B1,1433,714.743073,719.780619,-5.03754600000002,36.476,36.582839324287505,-0.10683932428750609
pi3bplus,margin,lucid_revision,n1024,B1,1434,712.556374,719.780619,-7.224244999999996,36.476,36.58145315894694,-0.1054531589469434
pi3bplus,margin,lucid_revision,n1024,B1,1435,715.944621,719.780619,-3.835998000000018,36.476,36.5836009948204,-0.10760099482040175
pi3bplus,margin,lucid_revision,n1024,B1,1436,714.067396,719.780619,-5.713222999999971,36.476,36.58241100743236,-0.10641100743236365
pi3bplus,margin,lucid_revision,n1024,B1,1437,716.362477,719.780619,-3.418141999999989,36.476,36.58386587695761,-0.10786587695761085
pi3bplus,margin,lucid_revision,n1024,B1,1438,714.183537,719.780619,-5.597082,37.014,36.12475967984987,0.8892403201501295
pi3bplus,margin,lucid_revision,n1024,B1,1439,715.949144,719.780619,-3.831474999999955,36.476,36.58360386198494,-0.10760386198494132
pi3bplus,margin,oi_svdd_as_elm_revision,n256,B2,1440,29.42311,30.644486,-1.2213759999999994,36.476,36.314342239777346,0.16165776022265277
pi3bplus,margin,oi_svdd_as_elm_revision,n256,B2,1441,29.644098,30.644486,-1.000388000000001,35.938,35.8567573755158,0.08124262448420438
pi3bplus,margin,oi_svdd_as_elm_revision,n256,B2,1442,27.280526,30.644486,-3.3639600000000023,36.476,35.397534138761,1.0784658612389961
pi3bplus,margin,oi_svdd_as_elm_revision,n256,B2,1443,27.034955,30.644486,-3.6095310000000005,35.4,36.31282836992654,-0.9128283699265438
pi3bplus,margin,oi_svdd_as_elm_revision,n256,B2,1444,27.638856,30.644486,-3.00563,36.476,36.313211187422375,0.1627888125776238
pi3bplus,margin,oi_svdd_as_elm_revision,n256,B2,1445,26.979227,30.644486,-3.665258999999999,36.476,36.31279304351806,0.16320695648193606
pi3bplus,margin,oi_svdd_as_elm_revision,n256,B2,1446,26.993133,30.644486,-3.6513530000000003,35.938,36.31280185863858,-0.37480185863857685
pi3bplus,margin,oi_svdd_as_elm_revision,n256,B2,1447,26.935946,30.644486,-3.7085399999999993,36.476,35.39731570684466,1.0786842931553409
pi3bplus,margin,oi_svdd_as_elm_revision,n256,B2,1448,27.001414,30.644486,-3.643072,35.938,36.312807108028274,-0.37480710802827133
pi3bplus,margin,oi_svdd_as_elm_revision,n256,B2,1449,26.997404,30.644486,-3.647082000000001,35.938,36.31280456605838,-0.37480456605837986
pi3bplus,margin,oi_svdd_as_elm_revision,n256,B2,1450,27.089018,30.644486,-3.555468000000001,36.476,36.3128626408787,0.16313735912130056
pi3bplus,margin,oi_svdd_as_elm_revision,n256,B2,1451,27.606617,30.644486,-3.0378690000000006,35.938,36.31319075087194,-0.375190750871937
pi3bplus,margin,oi_svdd_as_elm_revision,n256,B2,1452,27.069903,30.644486,-3.5745830000000005,36.476,36.31285052373295,0.16314947626705134
pi3bplus,margin,oi_svdd_as_elm_revision,n256,B2,1453,27.018133,30.644486,-3.6263530000000017,35.938,36.31281770633116,-0.3748177063311573
pi3bplus,margin,oi_svdd_as_elm_revision,n256,B2,1454,27.048705,30.644486,-3.595780999999999,36.476,36.31283708615746,0.163162913842541
pi3bplus,margin,oi_svdd_as_elm_revision,n256,B2,1455,29.120873,30.644486,-1.523613000000001,35.938,36.31415064941487,-0.37615064941486764
pi3bplus,margin,oi_svdd_as_elm_revision,n256,B2,1456,26.905633,30.644486,-3.738852999999999,35.938,36.312746391714555,-0.3747463917145524
pi3bplus,margin,oi_svdd_as_elm_revision,n256,B2,1457,26.878551,30.644486,-3.765934999999999,35.4,35.85500427396909,-0.45500427396908805
pi3bplus,margin,oi_svdd_as_elm_revision,n256,B2,1458,26.885686,30.644486,-3.758800000000001,35.938,35.3972838466435,0.5407161533565059
pi3bplus,margin,oi_svdd_as_elm_revision,n256,B2,1459,26.954383,30.644486,-3.6901030000000006,36.476,36.31277729471508,0.163222705284916
pi3bplus,margin,oi_svdd_as_elm_revision,n256,B2,1460,29.656545,30.644486,-0.9879409999999993,36.476,36.31449021602203,0.16150978397796933
pi3bplus,margin,oi_svdd_as_elm_revision,n256,B2,1461,27.814271,30.644486,-2.830214999999999,36.476,36.31332238434213,0.16267761565786998
pi3bplus,margin,oi_svdd_as_elm_revision,n256,B2,1462,32.07496,30.644486,1.4304739999999967,36.476,36.31602326791993,0.15997673208006802
pi3bplus,margin,oi_svdd_as_elm_revision,n256,B2,1463,30.729868,30.644486,0.08538199999999918,36.476,36.315170603739695,0.16082939626030424
pi3bplus,margin,oi_svdd_as_elm_revision,n256,B2,1464,37.846,30.644486,7.201513999999996,36.476,36.31968157463109,0.15631842536890872
pi3bplus,margin,oi_svdd_as_elm_revision,n256,B2,1465,27.026882,30.644486,-3.617604,36.476,36.312823252389656,0.1631767476103434
pi3bplus,margin,oi_svdd_as_elm_revision,n256,B2,1466,26.889123,30.644486,-3.755362999999999,36.476,36.31273592589838,0.16326407410161892
pi3bplus,margin,oi_svdd_as_elm_revision,n256,B2,1467,26.898394,30.644486,-3.746092000000001,36.476,36.31274180285669,0.16325819714330692
pi3bplus,margin,oi_svdd_as_elm_revision,n256,B2,1468,27.004122,30.644486,-3.6403640000000017,36.476,36.770533774907385,-0.29453377490738575
pi3bplus,margin,oi_svdd_as_elm_revision,n256,B2,1469,26.924592,30.644486,-3.719894,35.938,36.3127584099707,-0.37475840997069554
pi3bplus,margin,oi_svdd_as_elm_revision,n256,B2,1470,27.150319,30.644486,-3.494167000000001,36.476,36.31290150005481,0.16309849994519254
pi3bplus,margin,oi_svdd_as_elm_revision,n256,B2,1471,28.038384,30.644486,-2.606102,36.476,36.313464451299204,0.16253554870079512
pi3bplus,margin,oi_svdd_as_elm_revision,n256,B2,1472,27.044383,30.644486,-3.6001030000000007,35.938,36.312834346408366,-0.3748343464083632
pi3bplus,margin,oi_svdd_as_elm_revision,n256,B2,1473,26.929904,30.644486,-3.714582,35.938,36.31276177728842,-0.37476177728841975
pi3bplus,margin,oi_svdd_as_elm_revision,n256,B2,1474,26.931467,30.644486,-3.713018999999999,36.476,36.31276276808616,0.16323723191383976
pi3bplus,margin,oi_svdd_as_elm_revision,n256,B2,1475,26.93579,30.644486,-3.7086959999999998,36.476,35.85504055821211,0.620959441787889
pi3bplus,margin,oi_svdd_as_elm_revision,n256,B2,1476,26.923706,30.644486,-3.7207800000000013,36.476,36.312757848328474,0.16324215167152545
pi3bplus,margin,oi_svdd_as_elm_revision,n256,B2,1477,26.825009,30.644486,-3.819476999999999,35.938,36.312695283539895,-0.3746952835398929
pi3bplus,margin,oi_svdd_as_elm_revision,n256,B2,1478,26.894071,30.644486,-3.7504150000000003,35.938,36.31273906247369,-0.3747390624736866
pi3bplus,margin,oi_svdd_as_elm_revision,n256,B2,1479,26.922925,30.644486,-3.7215610000000012,36.476,36.77048230350361,-0.2944823035036137
pi3bplus,margin,fisvdd_revision,n256,B1,1480,25.090494,25.897813,-0.8073189999999997,35.938,35.69566946606357,0.2423305339364319
pi3bplus,margin,fisvdd_revision,n256,B1,1481,25.480803,25.897813,-0.41700999999999766,35.938,35.69591688594528,0.24208311405472216
pi3bplus,margin,fisvdd_revision,n256,B1,1482,23.502228,25.897813,-2.3955850000000005,36.476,35.69466265201153,0.7813373479884689
pi3bplus,margin,fisvdd_revision,n256,B1,1483,23.48353,25.897813,-2.414283000000001,35.938,35.6946507992053,0.2433492007947038
pi3bplus,margin,fisvdd_revision,n256,B1,1484,23.585821,25.897813,-2.311992,35.938,35.2369906920011,0.7010093079989019
pi3bplus,margin,fisvdd_revision,n256,B1,1485,23.563373,25.897813,-2.3344400000000007,35.938,35.69470141229804,0.24329858770196466
pi3bplus,margin,fisvdd_revision,n256,B1,1486,23.597436,25.897813,-2.300377000000001,35.938,35.23699805483907,0.7010019451609324
pi3bplus,margin,fisvdd_revision,n256,B1,1487,23.46504,25.897813,-2.432773000000001,35.938,35.69463907825187,0.24336092174813473
pi3bplus,margin,fisvdd_revision,n256,B1,1488,23.717903,25.897813,-2.1799099999999996,35.938,35.23707441979835,0.7009255802016554
pi3bplus,margin,fisvdd_revision,n256,B1,1489,23.5628,25.897813,-2.335013,35.938,35.236976098811866,0.7010239011881367
pi3bplus,margin,fisvdd_revision,n256,B1,1490,23.480457,25.897813,-2.417355999999998,35.4,35.23692390094987,0.1630760990501301
pi3bplus,margin,fisvdd_revision,n256,B1,1491,23.550925,25.897813,-2.346888,35.4,35.23696857115789,0.16303142884211042
pi3bplus,margin,fisvdd_revision,n256,B1,1492,23.623893,25.897813,-2.2739200000000004,35.938,35.69473977639223,0.2432602236077699
pi3bplus,margin,fisvdd_revision,n256,B1,1493,23.674882,25.897813,-2.222930999999999,35.4,35.69477209871211,-0.29477209871210874
pi3bplus,margin,fisvdd_revision,n256,B1,1494,23.720507,25.897813,-2.177305999999998,35.4,35.237076070494005,0.16292392950599321
pi3bplus,margin,fisvdd_revision,n256,B1,1495,23.558789,25.897813,-2.3390239999999984,35.4,35.69469850646513,-0.2946985064651315
pi3bplus,margin,fisvdd_revision,n256,B1,1496,23.606654,25.897813,-2.2911590000000004,34.862,35.23700389820028,-0.37500389820027635
pi3bplus,margin,fisvdd_revision,n256,B1,1497,25.513615,25.897813,-0.3841979999999978,34.862,35.695937685724836,-0.833937685724834
pi3bplus,margin,fisvdd_revision,n256,B1,1498,23.597175,25.897813,-2.3006379999999993,35.4,35.23699788938916,0.16300211061084013
pi3bplus,margin,fisvdd_revision,n256,B1,1499,23.592071,25.897813,-2.3057419999999986,35.4,35.23699465392424,0.16300534607575656
pi3bplus,margin,fisvdd_revision,n256,B1,1500,23.508738,25.897813,-2.3890749999999983,34.862,35.23694182849362,-0.37494182849361835
pi3bplus,margin,fisvdd_revision,n256,B1,1501,23.435197,25.897813,-2.4626160000000006,34.862,35.23689521028722,-0.37489521028722095
pi3bplus,margin,fisvdd_revision,n256,B1,1502,23.78134,25.897813,-2.116472999999999,35.4,35.23711463300131,0.16288536699868672
pi3bplus,margin,fisvdd_revision,n256,B1,1503,23.508947,25.897813,-2.388866,35.4,35.23694196098033,0.16305803901966698
pi3bplus,margin,fisvdd_revision,n256,B1,1504,23.444052,25.897813,-2.453761,35.4,34.77917587328289,0.6208241267171104
pi3bplus,margin,fisvdd_revision,n256,B1,1505,23.493009,25.897813,-2.4048039999999986,34.862,35.23693185775936,-0.374931857759357
pi3bplus,margin,fisvdd_revision,n256,B1,1506,23.508165,25.897813,-2.3896479999999976,35.4,35.23694146526451,0.16305853473549092
pi3bplus,margin,fisvdd_revision,n256,B1,1507,23.835349,25.897813,-2.0624639999999985,34.862,35.23714886972245,-0.37514886972245165
pi3bplus,margin,fisvdd_revision,n256,B1,1508,23.506551,25.897813,-2.3912619999999976,35.4,34.77921549188043,0.62078450811957
pi3bplus,margin,fisvdd_revision,n256,B1,1509,23.583112,25.897813,-2.3147009999999995,34.862,35.23698897474513,-0.37498897474512916
pi3bplus,margin,fisvdd_revision,n256,B1,1510,23.645455,25.897813,-2.252358000000001,35.4,34.779303544196026,0.6206964558039729
pi3bplus,margin,fisvdd_revision,n256,B1,1511,23.505144,25.897813,-2.392668999999998,35.4,35.23693955022933,0.16306044977066847
pi3bplus,margin,fisvdd_revision,n256,B1,1512,23.508581,25.897813,-2.389232,34.862,35.23694172897011,-0.37494172897010714
pi3bplus,margin,fisvdd_revision,n256,B1,1513,24.181336,25.897813,-1.7164769999999976,35.4,34.7796432432899,0.6203567567101018
pi3bplus,margin,fisvdd_revision,n256,B1,1514,23.599153,25.897813,-2.298659999999998,34.862,35.2369991432586,-0.3749991432585986
pi3bplus,margin,fisvdd_revision,n256,B1,1515,23.583893,25.897813,-2.3139199999999995,34.862,34.779264519570006,0.08273548042999579
pi3bplus,margin,fisvdd_revision,n256,B1,1516,23.537228,25.897813,-2.3605850000000004,34.324,35.23695988852408,-0.9129598885240853
pi3bplus,margin,fisvdd_revision,n256,B1,1517,23.621236,25.897813,-2.2765769999999996,35.4,35.237013141842404,0.16298685815759484
pi3bplus,margin,fisvdd_revision,n256,B1,1518,23.564674,25.897813,-2.333138999999999,34.862,35.2369772867549,-0.3749772867548984
pi3bplus,margin,fisvdd_revision,n256,B1,1519,23.440666,25.897813,-2.457146999999999,35.4,34.779173726871406,0.6208262731285927
pi3bplus,margin,oi_svdd_as_elm_revision,n256,B0,1520,29.589514,30.106489,-0.5169749999999986,34.862,34.2042755343337,0.6577244656662984
pi3bplus,margin,oi_svdd_as_elm_revision,n256,B0,1521,27.00282,30.106489,-3.103669,34.862,34.66036075933848,0.20163924066152106
pi3bplus,margin,oi_svdd_as_elm_revision,n256,B0,1522,26.960268,30.106489,-3.1462210000000006,34.862,34.6603337852979,0.2016662147021009
pi3bplus,margin,oi_svdd_as_elm_revision,n256,B0,1523,27.071777,30.106489,-3.034711999999999,34.862,34.66040447171197,0.2015955282880313
pi3bplus,margin,oi_svdd_as_elm_revision,n256,B0,1524,27.090684,30.106489,-3.0158050000000003,34.324,34.202691506747854,0.12130849325214399
pi3bplus,margin,oi_svdd_as_elm_revision,n256,B0,1525,27.221463,30.106489,-2.885026,34.862,34.202774408563364,0.6592255914366376
pi3bplus,margin,oi_svdd_as_elm_revision,n256,B0,1526,27.597657,30.106489,-2.508831999999998,34.324,34.20301288083784,0.12098711916215876
pi3bplus,margin,oi_svdd_as_elm_revision,n256,B0,1527,27.080059,30.106489,-3.0264300000000013,34.862,34.66040972173557,0.2015902782644332
pi3bplus,margin,oi_svdd_as_elm_revision,n256,B0,1528,27.11636,30.106489,-2.9901289999999996,34.324,34.20270778296204,0.12129221703796134
pi3bplus,margin,oi_svdd_as_elm_revision,n256,B0,1529,27.079381,30.106489,-3.0271079999999984,34.324,34.202684341689086,0.12131565831091251
pi3bplus,margin,oi_svdd_as_elm_revision,n256,B0,1530,27.096152,30.106489,-3.010337,34.324,34.20269497295517,0.12130502704482637
pi3bplus,margin,oi_svdd_as_elm_revision,n256,B0,1531,27.121308,30.106489,-2.9851810000000008,34.862,34.20271091953735,0.6592890804626492
pi3bplus,margin,oi_svdd_as_elm_revision,n256,B0,1532,27.287765,30.106489,-2.8187239999999996,34.324,34.20281643791189,0.1211835620881061
pi3bplus,margin,oi_svdd_as_elm_revision,n256,B0,1533,27.142037,30.106489,-2.9644520000000014,34.324,34.20272405981013,0.12127594018986798
pi3bplus,margin,oi_svdd_as_elm_revision,n256,B0,1534,27.065475,30.106489,-3.0410140000000006,34.324,34.20267552656856,0.12132447343143582
pi3bplus,margin,oi_svdd_as_elm_revision,n256,B0,1535,27.030215,30.106489,-3.0762740000000015,34.324,34.20265317498295,0.1213468250170493
pi3bplus,margin,oi_svdd_as_elm_revision,n256,B0,1536,27.161881,30.106489,-2.944607999999999,34.324,34.66046158933165,-0.3364615893316554
pi3bplus,margin,oi_svdd_as_elm_revision,n256,B0,1537,26.98032,30.106489,-3.126169000000001,34.324,34.66034649641516,-0.33634649641516035
pi3bplus,margin,oi_svdd_as_elm_revision,n256,B0,1538,27.129224,30.106489,-2.977264999999999,33.786,34.20271593755073,-0.4167159375507268
pi3bplus,margin,oi_svdd_as_elm_revision,n256,B0,1539,27.132609,30.106489,-2.973880000000001,33.786,34.20271808332831,-0.4167180833283055
pi3bplus,margin,oi_svdd_as_elm_revision,n256,B0,1540,27.191828,30.106489,-2.914660999999999,34.324,34.20275562270858,0.12124437729141846
pi3bplus,margin,oi_svdd_as_elm_revision,n256,B0,1541,26.96683,30.106489,-3.139658999999998,34.324,33.74488804448614,0.5791119555138593
pi3bplus,margin,oi_svdd_as_elm_revision,n256,B0,1542,27.040058,30.106489,-3.0664310000000015,34.324,34.20265941453647,0.12134058546352833
pi3bplus,margin,oi_svdd_as_elm_revision,n256,B0,1543,27.06162,30.106489,-3.0448689999999985,34.324,34.20267308285437,0.12132691714563038
pi3bplus,margin,oi_svdd_as_elm_revision,n256,B0,1544,27.088131,30.106489,-3.018357999999999,34.324,34.202689888381485,0.1213101116185129
pi3bplus,margin,oi_svdd_as_elm_revision,n256,B0,1545,27.264483,30.106489,-2.8420060000000014,34.324,34.20280167927275,0.12119832072724535
pi3bplus,margin,oi_svdd_as_elm_revision,n256,B0,1546,27.350837,30.106489,-2.7556520000000013,33.786,34.202856419738545,-0.4168564197385436
pi3bplus,margin,oi_svdd_as_elm_revision,n256,B0,1547,26.982924,30.106489,-3.1235649999999993,34.324,34.202623196853764,0.12137680314623367
pi3bplus,margin,oi_svdd_as_elm_revision,n256,B0,1548,27.020319,30.106489,-3.086169999999999,34.324,34.20264690183232,0.12135309816768114
pi3bplus,margin,oi_svdd_as_elm_revision,n256,B0,1549,27.096412,30.106489,-3.010076999999999,34.324,33.74497018751413,0.5790298124858708
pi3bplus,margin,oi_svdd_as_elm_revision,n256,B0,1550,27.265525,30.106489,-2.8409639999999996,34.324,33.74507738954753,0.5789226104524658
pi3bplus,margin,oi_svdd_as_elm_revision,n256,B0,1551,27.035788,30.106489,-3.0707009999999997,34.324,33.74493175749353,0.5790682425064659
pi3bplus,margin,oi_svdd_as_elm_revision,n256,B0,1552,27.016777,30.106489,-3.0897119999999987,33.786,34.202644656531234,-0.4166446565312327
pi3bplus,margin,oi_svdd_as_elm_revision,n256,B0,1553,27.10787,30.106489,-2.9986190000000015,34.324,34.20270240108564,0.1212975989143601
pi3bplus,margin,oi_svdd_as_elm_revision,n256,B0,1554,27.068391,30.106489,-3.0380980000000015,34.324,34.20267737504343,0.12132262495656931
pi3bplus,margin,oi_svdd_as_elm_revision,n256,B0,1555,28.07833,30.106489,-2.0281589999999987,33.786,34.20331758315523,-0.4173175831552314
pi3bplus,margin,oi_svdd_as_elm_revision,n256,B0,1556,27.33318,30.106489,-2.773309000000001,34.324,33.74512027657319,0.5788797234268088
pi3bplus,margin,oi_svdd_as_elm_revision,n256,B0,1557,27.153703,30.106489,-2.9527859999999997,33.786,33.28728155446329,0.49871844553670996
pi3bplus,margin,oi_svdd_as_elm_revision,n256,B0,1558,27.020162,30.106489,-3.0863270000000007,33.786,33.74492185205177,0.041078147948233834
pi3bplus,margin,oi_svdd_as_elm_revision,n256,B0,1559,28.591138,30.106489,-1.515350999999999,33.786,34.66136760635373,-0.875367606353727
pi3bplus,margin,oi_svdd_as_elm_revision,n16,B2,1560,5.844528,5.782839,0.06168900000000033,34.324,34.43429699553346,-0.11029699553346006
pi3bplus,margin,oi_svdd_as_elm_revision,n16,B2,1561,5.513751,5.782839,-0.269088,33.786,34.43408731344514,-0.6480873134451386
pi3bplus,margin,oi_svdd_as_elm_revision,n16,B2,1562,4.939589,5.782839,-0.8432500000000003,33.786,34.433723347730485,-0.6477233477304836
pi3bplus,margin,oi_svdd_as_elm_revision,n16,B2,1563,4.999484,5.782839,-0.7833550000000002,34.324,34.43376131563237,-0.1097613156323689
pi3bplus,margin,oi_svdd_as_elm_revision,n16,B2,1564,5.608385,5.782839,-0.1744539999999999,34.324,34.434147302666716,-0.1101473026667179
pi3bplus,margin,oi_svdd_as_elm_revision,n16,B2,1565,4.92011,5.782839,-0.8627289999999999,34.324,34.43371099984233,-0.1097109998423349
pi3bplus,margin,oi_svdd_as_elm_revision,n16,B2,1566,4.922662,5.782839,-0.8601770000000002,34.324,34.891437567831844,-0.5674375678318455
pi3bplus,margin,oi_svdd_as_elm_revision,n16,B2,1567,4.993287,5.782839,-0.7895520000000005,34.324,34.43375738730633,-0.10975738730633111
pi3bplus,margin,oi_svdd_as_elm_revision,n16,B2,1568,4.890683,5.782839,-0.892156,34.862,34.433692345840356,0.4283076541596458
pi3bplus,margin,oi_svdd_as_elm_revision,n16,B2,1569,4.952714,5.782839,-0.8301249999999998,34.324,34.43373166776909,-0.10973166776908982
pi3bplus,margin,oi_svdd_as_elm_revision,n16,B2,1570,5.004328,5.782839,-0.778511,34.324,34.433764386281275,-0.10976438628127738
pi3bplus,margin,oi_svdd_as_elm_revision,n16,B2,1571,4.897923,5.782839,-0.8849160000000005,34.862,34.43369693533212,0.4283030646678796
pi3bplus,margin,oi_svdd_as_elm_revision,n16,B2,1572,4.95938,5.782839,-0.8234589999999997,34.862,34.43373589339784,0.42826410660216396
pi3bplus,margin,oi_svdd_as_elm_revision,n16,B2,1573,4.925579,5.782839,-0.8572600000000001,34.324,34.43371446668356,-0.10971446668356322
pi3bplus,margin,oi_svdd_as_elm_revision,n16,B2,1574,4.935422,5.782839,-0.8474170000000001,34.324,34.43372070623708,-0.10972070623708419
pi3bplus,margin,oi_svdd_as_elm_revision,n16,B2,1575,5.040525,5.782839,-0.7423140000000004,34.862,34.43378733183841,0.4282126681615921
pi3bplus,margin,oi_svdd_as_elm_revision,n16,B2,1576,4.897089,5.782839,-0.8857499999999998,34.862,34.89142135691015,-0.029421356910148688
pi3bplus,margin,oi_svdd_as_elm_revision,n16,B2,1577,5.077557,5.782839,-0.7052820000000004,34.862,34.43381080670847,0.42818919329153005
pi3bplus,margin,oi_svdd_as_elm_revision,n16,B2,1578,5.027505,5.782839,-0.7553340000000004,34.862,34.89150402861716,-0.029504028617161282
pi3bplus,margin,oi_svdd_as_elm_revision,n16,B2,1579,4.905683,5.782839,-0.8771560000000003,34.862,34.4337018544559,0.4282981455441046
pi3bplus,margin,oi_svdd_as_elm_revision,n16,B2,1580,4.930892,5.782839,-0.851947,34.862,34.89144278489224,-0.029442784892239615
pi3bplus,margin,oi_svdd_as_elm_revision,n16,B2,1581,5.041046,5.782839,-0.7417930000000004,34.862,34.43378766210432,0.4282123378956797
pi3bplus,margin,oi_svdd_as_elm_revision,n16,B2,1582,4.887506,5.782839,-0.8953329999999999,34.324,34.43369033191558,-0.10969033191557997
pi3bplus,margin,oi_svdd_as_elm_revision,n16,B2,1583,4.953703,5.782839,-0.8291360000000001,34.324,35.349182195217914,-1.0251821952179156
pi3bplus,margin,oi_svdd_as_elm_revision,n16,B2,1584,4.927142,5.782839,-0.8556970000000002,34.324,34.89144040773836,-0.5674404077383599
pi3bplus,margin,oi_svdd_as_elm_revision,n16,B2,1585,4.905163,5.782839,-0.8776760000000001,35.4,34.433701524823896,0.966298475176103
pi3bplus,margin,oi_svdd_as_elm_revision,n16,B2,1586,5.04089,5.782839,-0.741949,34.324,34.43378756321472,-0.1097875632147236
pi3bplus,margin,oi_svdd_as_elm_revision,n16,B2,1587,4.859798,5.782839,-0.9230410000000004,34.862,34.89139771785799,-0.02939771785798939
pi3bplus,margin,oi_svdd_as_elm_revision,n16,B2,1588,4.899798,5.782839,-0.8830410000000004,34.862,34.89142307416612,-0.029423074166118113
pi3bplus,margin,oi_svdd_as_elm_revision,n16,B2,1589,4.982401,5.782839,-0.8004379999999998,34.862,34.891475436844125,-0.029475436844123237
pi3bplus,margin,oi_svdd_as_elm_revision,n16,B2,1590,4.88386,5.782839,-0.8989789999999998,34.862,34.89141297094515,-0.02941297094514539
pi3bplus,margin,oi_svdd_as_elm_revision,n16,B2,1591,4.949589,5.782839,-0.8332500000000005,34.324,34.43372968680752,-0.10972968680751904
pi3bplus,margin,oi_svdd_as_elm_revision,n16,B2,1592,4.936829,5.782839,-0.8460099999999997,34.862,34.89144654840228,-0.029446548402276562
pi3bplus,margin,oi_svdd_as_elm_revision,n16,B2,1593,4.885475,5.782839,-0.8973640000000005,35.4,34.891413994706085,0.508586005293914
pi3bplus,margin,oi_svdd_as_elm_revision,n16,B2,1594,5.001203,5.782839,-0.7816359999999998,35.4,34.89148735557676,0.5085126444232415
pi3bplus,margin,oi_svdd_as_elm_revision,n16,B2,1595,4.902714,5.782839,-0.8801250000000005,34.862,34.89142492264098,-0.029424922640977513
pi3bplus,margin,oi_svdd_as_elm_revision,n16,B2,1596,4.886048,5.782839,-0.8967910000000003,34.324,35.34913930819226,-1.0251393081922586
pi3bplus,margin,oi_svdd_as_elm_revision,n16,B2,1597,5.018963,5.782839,-0.7638759999999998,34.862,34.891498613777564,-0.029498613777562355
pi3bplus,margin,oi_svdd_as_elm_revision,n16,B2,1598,4.96287,5.782839,-0.8199690000000004,34.862,34.43373810573572,0.4282618942642813
pi3bplus,margin,oi_svdd_as_elm_revision,n16,B2,1599,4.942037,5.782839,-0.840802,34.862,34.891449849793595,-0.02944984979359333
pi3bplus,margin,lucid_revision,n64,B2,1600,48.026006,47.452705,0.5733010000000007,34.862,34.892464785066664,-0.030464785066662614
pi3bplus,margin,lucid_revision,n64,B2,1601,45.432228,47.452705,-2.0204769999999996,34.862,34.89082056921222,-0.028820569212214764
pi3bplus,margin,lucid_revision,n64,B2,1602,44.09922,47.452705,-3.353484999999999,34.324,34.43225061491561,-0.10825061491561172
pi3bplus,margin,lucid_revision,n64,B2,1603,44.088387,47.452705,-3.3643180000000044,34.862,34.88996869805052,-0.027968698050514718
pi3bplus,margin,lucid_revision,n64,B2,1604,44.001461,47.452705,-3.4512440000000026,35.4,35.34763854524657,0.05236145475343079
pi3bplus,margin,lucid_revision,n64,B2,1605,44.128855,47.452705,-3.32385,35.4,34.88999435102745,0.5100056489725517
pi3bplus,margin,lucid_revision,n64,B2,1606,44.060418,47.452705,-3.392287000000003,35.938,34.43222601802891,1.505773981971089
pi3bplus,margin,lucid_revision,n64,B2,1607,43.932034,47.452705,-3.520671,35.4,34.88986958467941,0.5101304153205888
pi3bplus,margin,lucid_revision,n64,B2,1608,44.143698,47.452705,-3.309007000000001,35.4,34.890003760119484,0.5099962398805147
pi3bplus,margin,lucid_revision,n64,B2,1609,44.003491,47.452705,-3.449214000000005,35.4,34.88991488182215,0.5100851181778481
pi3bplus,margin,lucid_revision,n64,B2,1610,44.090054,47.452705,-3.3626509999999996,34.862,34.88996975477466,-0.02796975477465935
pi3bplus,margin,lucid_revision,n64,B2,1611,44.084533,47.452705,-3.3681720000000013,35.4,35.34769120522728,0.052308794772720546
pi3bplus,margin,lucid_revision,n64,B2,1612,43.89943,47.452705,-3.5532749999999993,35.4,35.34757386700971,0.05242613299029131
pi3bplus,margin,lucid_revision,n64,B2,1613,43.957658,47.452705,-3.4950469999999996,35.4,35.347610778187445,0.0523892218125539
pi3bplus,margin,lucid_revision,n64,B2,1614,44.046928,47.452705,-3.4057770000000005,35.4,35.3476673671281,0.05233263287189516
pi3bplus,margin,lucid_revision,n64,B2,1615,44.156458,47.452705,-3.296247000000001,35.4,35.34773679903883,0.05226320096117121
pi3bplus,margin,lucid_revision,n64,B2,1616,44.044273,47.452705,-3.408432000000005,34.862,35.347665684103156,-0.4856656841031537
pi3bplus,margin,lucid_revision,n64,B2,1617,43.941669,47.452705,-3.5110360000000043,34.862,35.34760064263718,-0.4856006426371806
pi3bplus,margin,lucid_revision,n64,B2,1618,44.04745,47.452705,-3.405255000000004,35.4,35.34766769802793,0.05233230197207206
pi3bplus,margin,lucid_revision,n64,B2,1619,44.046251,47.452705,-3.4064540000000036,35.938,35.34766693797259,0.5903330620274119
pi3bplus,margin,lucid_revision,n64,B2,1620,44.430414,47.452705,-3.0222910000000027,35.4,35.34791046185755,0.052089538142446656
pi3bplus,margin,lucid_revision,n64,B2,1621,43.930836,47.452705,-3.5218690000000024,35.938,35.34759377551503,0.5904062244849726
pi3bplus,margin,lucid_revision,n64,B2,1622,44.044481,47.452705,-3.408224000000004,35.4,35.347665815955956,0.05233418404404233
pi3bplus,margin,lucid_revision,n64,B2,1623,44.152084,47.452705,-3.3006209999999996,35.4,35.80545897658359,-0.40545897658358854
pi3bplus,margin,lucid_revision,n64,B2,1624,44.044584,47.452705,-3.4081210000000013,35.4,35.8053908315055,-0.4053908315054997
pi3bplus,margin,lucid_revision,n64,B2,1625,44.046564,47.452705,-3.406141000000005,35.4,35.3476671363857,0.05233286361429634
pi3bplus,margin,lucid_revision,n64,B2,1626,43.987971,47.452705,-3.464734,35.4,35.34762999383165,0.05237000616834564
pi3bplus,margin,lucid_revision,n64,B2,1627,43.966564,47.452705,-3.4861410000000035,35.938,35.34761642376945,0.5903835762305505
pi3bplus,margin,lucid_revision,n64,B2,1628,44.10672,47.452705,-3.345984999999999,35.4,35.80543021999454,-0.40543021999454254
pi3bplus,margin,lucid_revision,n64,B2,1629,43.987085,47.452705,-3.4656200000000013,35.4,35.34762943218943,0.052370567810569923
pi3bplus,margin,lucid_revision,n64,B2,1630,44.215677,47.452705,-3.2370280000000022,35.4,34.89004938816205,0.5099506118379509
pi3bplus,margin,lucid_revision,n64,B2,1631,44.774161,47.452705,-2.6785440000000023,35.4,35.34812836572878,0.05187163427121533
pi3bplus,margin,lucid_revision,n64,B2,1632,43.991512,47.452705,-3.4611930000000015,35.4,35.347632238498825,0.052367761501173504
pi3bplus,margin,lucid_revision,n64,B2,1633,43.977293,47.452705,-3.4754119999999986,35.938,35.3476232249652,0.5903767750348052
pi3bplus,margin,lucid_revision,n64,B2,1634,44.135105,47.452705,-3.3175999999999988,35.938,35.34772326320765,0.5902767367923545
pi3bplus,margin,lucid_revision,n64,B2,1635,43.939534,47.452705,-3.513171,35.4,35.347599289244236,0.05240071075576225
pi3bplus,margin,lucid_revision,n64,B2,1636,44.038178,47.452705,-3.4145269999999996,35.4,35.347661820435704,0.05233817956429476
pi3bplus,margin,lucid_revision,n64,B2,1637,44.053595,47.452705,-3.3991100000000003,35.4,35.347671593390764,0.052328406609234435
pi3bplus,margin,lucid_revision,n64,B2,1638,44.049219,47.452705,-3.403486000000001,35.4,35.34766881941065,0.05233118058934849
pi3bplus,margin,lucid_revision,n64,B2,1639,44.009793,47.452705,-3.4429119999999998,35.4,35.34764382696555,0.05235617303444684
pi3bplus,margin,fisvdd_revision,n16,B1,1640,5.222347,5.197121,0.02522599999999997,34.862,35.191151145919356,-0.32915114591935435
pi3bplus,margin,fisvdd_revision,n16,B1,1641,4.937297,5.197121,-0.25982400000000005,35.4,35.190970450528575,0.20902954947142405
pi3bplus,margin,fisvdd_revision,n16,B1,1642,4.448552,5.197121,-0.7485689999999998,34.862,35.1906606313082,-0.3286606313081961
pi3bplus,margin,fisvdd_revision,n16,B1,1643,4.411625,5.197121,-0.7854960000000002,35.4,35.19063722299845,0.2093627770015516
pi3bplus,margin,fisvdd_revision,n16,B1,1644,4.392667,5.197121,-0.8044539999999998,34.862,34.27517530486211,0.5868246951378921
pi3bplus,margin,fisvdd_revision,n16,B1,1645,4.437354,5.197121,-0.7597670000000001,34.862,34.732928582552695,0.12907141744730666
pi3bplus,margin,fisvdd_revision,n16,B1,1646,4.401209,5.197121,-0.7959120000000004,34.862,34.73290566995877,0.12909433004123372
pi3bplus,margin,fisvdd_revision,n16,B1,1647,4.39074,5.197121,-0.806381,34.324,34.732899033579024,-0.4088990335790257
pi3bplus,margin,fisvdd_revision,n16,B1,1648,4.504854,5.197121,-0.6922670000000002,34.862,35.1906963215797,-0.32869632157969875
pi3bplus,margin,fisvdd_revision,n16,B1,1649,4.369334,5.197121,-0.8277869999999998,34.862,34.732885464150726,0.12911453584927557
pi3bplus,margin,fisvdd_revision,n16,B1,1650,4.39298,5.197121,-0.8041410000000004,35.4,34.732900453532274,0.6670995464677247
pi3bplus,margin,fisvdd_revision,n16,B1,1651,4.446365,5.197121,-0.750756,34.324,34.27520934443795,0.0487906555620512
pi3bplus,margin,fisvdd_revision,n16,B1,1652,4.401,5.197121,-0.7961210000000003,34.324,34.275180587215,0.04881941278500079
pi3bplus,margin,fisvdd_revision,n16,B1,1653,4.421885,5.197121,-0.7752360000000005,34.324,34.732918776634435,-0.40891877663443665
pi3bplus,margin,fisvdd_revision,n16,B1,1654,4.440011,5.197121,-0.75711,34.324,34.732930266845464,-0.4089302668454664
pi3bplus,margin,fisvdd_revision,n16,B1,1655,4.360063,5.197121,-0.8370579999999999,34.324,34.275154636935355,0.048845363064643266
pi3bplus,margin,fisvdd_revision,n16,B1,1656,4.426208,5.197121,-0.7709130000000002,34.324,34.27519656676038,0.048803433239619665
pi3bplus,margin,fisvdd_revision,n16,B1,1657,4.457822,5.197121,-0.7392989999999999,34.324,34.2752166071185,0.04878339288149647
pi3bplus,margin,fisvdd_revision,n16,B1,1658,4.422875,5.197121,-0.7742459999999998,34.862,35.190644354460105,-0.32864435446010276
pi3bplus,margin,fisvdd_revision,n16,B1,1659,4.471312,5.197121,-0.7258089999999999,34.324,33.81750020827638,0.5064997917236198
pi3bplus,margin,fisvdd_revision,n16,B1,1660,4.34324,5.197121,-0.8538810000000003,34.324,34.27514397270606,0.04885602729393668
pi3bplus,margin,fisvdd_revision,n16,B1,1661,4.396677,5.197121,-0.8004439999999997,34.324,34.275177846831994,0.04882215316800398
pi3bplus,margin,fisvdd_revision,n16,B1,1662,4.432406,5.197121,-0.7647149999999998,34.324,34.73292544597738,-0.40892544597738123
pi3bplus,margin,fisvdd_revision,n16,B1,1663,4.533863,5.197121,-0.6632579999999999,34.324,34.27526481009416,0.048735189905841025
pi3bplus,margin,fisvdd_revision,n16,B1,1664,4.386,5.197121,-0.811121,34.324,34.27517107859945,0.048828921400549063
pi3bplus,margin,fisvdd_revision,n16,B1,1665,4.417459,5.197121,-0.7796620000000001,34.862,34.27519102070188,0.5868089792981195
pi3bplus,margin,fisvdd_revision,n16,B1,1666,4.350636,5.197121,-0.8464850000000004,34.324,34.275148661087435,0.04885133891256288
pi3bplus,margin,fisvdd_revision,n16,B1,1667,4.422667,5.197121,-0.7744540000000004,34.324,34.2751943220932,0.048805677906798905
pi3bplus,margin,fisvdd_revision,n16,B1,1668,4.429958,5.197121,-0.767163,34.324,34.27519894391426,0.04880105608573615
pi3bplus,margin,fisvdd_revision,n16,B1,1669,4.352094,5.197121,-0.845027,34.324,34.27514958532487,0.04885041467512963
pi3bplus,margin,fisvdd_revision,n16,B1,1670,4.477458,5.197121,-0.7196629999999997,34.862,34.275229054530165,0.5867709454698371
pi3bplus,margin,fisvdd_revision,n16,B1,1671,4.348656,5.197121,-0.848465,34.324,34.275147405950186,0.048852594049812126
pi3bplus,margin,fisvdd_revision,n16,B1,1672,4.434541,5.197121,-0.7625799999999998,34.324,34.275201849113266,0.04879815088673212
pi3bplus,margin,fisvdd_revision,n16,B1,1673,4.506051,5.197121,-0.6910699999999999,34.862,34.27524717985312,0.5867528201468843
pi3bplus,margin,fisvdd_revision,n16,B1,1674,4.361729,5.197121,-0.8353919999999997,34.324,34.27515569302559,0.048844306974409335
pi3bplus,margin,fisvdd_revision,n16,B1,1675,4.409646,5.197121,-0.7874749999999997,34.324,34.275186067981,0.04881393201900153
pi3bplus,margin,fisvdd_revision,n16,B1,1676,4.391208,5.197121,-0.8059130000000003,34.324,34.275174379990766,0.048825620009232296
pi3bplus,margin,fisvdd_revision,n16,B1,1677,4.37225,5.197121,-0.8248709999999999,33.786,34.27516236236853,-0.48916236236853194
pi3bplus,margin,fisvdd_revision,n16,B1,1678,4.444125,5.197121,-0.7529960000000004,34.862,34.2752079244847,0.5867920755153051
pi3bplus,margin,fisvdd_revision,n16,B1,1679,4.432145,5.197121,-0.7649759999999999,34.862,34.27520033027041,0.5867996697295936
pi3bplus,margin,tinydl_revision,n256,B0,1680,22.059895,24.358578,-2.2986830000000005,34.324,33.79250014765965,0.531499852340346
pi3bplus,margin,tinydl_revision,n256,B0,1681,22.173697,24.358578,-2.1848810000000007,33.786,34.25029723788114,-0.46429723788114075
pi3bplus,margin,tinydl_revision,n256,B0,1682,22.082187,24.358578,-2.2763910000000003,33.786,33.792514278730174,-0.006514278730172407
pi3bplus,margin,tinydl_revision,n256,B0,1683,22.014896,24.358578,-2.343682000000001,33.786,33.79247162244692,-0.0064716224469165695
pi3bplus,margin,tinydl_revision,n256,B0,1684,22.081927,24.358578,-2.276651000000001,33.786,34.250239064171225,-0.46423906417122396
pi3bplus,margin,tinydl_revision,n256,B0,1685,22.103749,24.358578,-2.254829000000001,34.324,33.33480299679102,0.9891970032089787
pi3bplus,margin,tinydl_revision,n256,B0,1686,21.989948,24.358578,-2.368630000000003,33.786,34.2501807579746,-0.4641807579745958
pi3bplus,margin,tinydl_revision,n256,B0,1687,22.065416,24.358578,-2.2931620000000024,34.324,33.79250364746409,0.5314963525359104
pi3bplus,margin,tinydl_revision,n256,B0,1688,22.182915,24.358578,-2.175663,33.786,33.334853180728246,0.4511468192717558
pi3bplus,margin,tinydl_revision,n256,B0,1689,22.147707,24.358578,-2.210871000000001,33.248,34.25028076261994,-1.0022807626199395
pi3bplus,margin,tinydl_revision,n256,B0,1690,21.992917,24.358578,-2.365661000000003,33.786,33.792457689789515,-0.006457689789513665
pi3bplus,margin,tinydl_revision,n256,B0,1691,22.064739,24.358578,-2.293839000000002,33.786,33.334778268051515,0.45122173194848614
pi3bplus,margin,tinydl_revision,n256,B0,1692,22.147291,24.358578,-2.2112870000000022,33.248,33.334830598400224,-0.08683059840022622
pi3bplus,margin,tinydl_revision,n256,B0,1693,22.073542,24.358578,-2.2850360000000016,34.324,33.334783848341026,0.9892161516589724
pi3bplus,margin,tinydl_revision,n256,B0,1694,21.955417,24.358578,-2.4031610000000008,33.786,33.33470896799359,0.4512910320064094
pi3bplus,margin,tinydl_revision,n256,B0,1695,22.047084,24.358578,-2.3114939999999997,34.324,34.250216976925124,0.07378302307487417
pi3bplus,margin,tinydl_revision,n256,B0,1696,22.192342,24.358578,-2.1662360000000014,33.786,33.33485915657616,0.4511408434238433
pi3bplus,margin,tinydl_revision,n256,B0,1697,22.105156,24.358578,-2.2534220000000005,33.248,33.334803888699156,-0.08680388869915845
pi3bplus,margin,tinydl_revision,n256,B0,1698,22.17453,24.358578,-2.1840480000000007,33.248,33.7925728156692,-0.5445728156692056
pi3bplus,margin,tinydl_revision,n256,B0,1699,22.141092,24.358578,-2.217486000000001,33.248,33.33482666880637,-0.08682666880637413
pi3bplus,margin,tinydl_revision,n256,B0,1700,22.130363,24.358578,-2.2282150000000023,33.248,33.79254481786768,-0.5445448178676813
pi3bplus,margin,tinydl_revision,n256,B0,1701,21.985469,24.358578,-2.373109000000003,33.248,33.33472801818789,-0.08672801818789111
pi3bplus,margin,tinydl_revision,n256,B0,1702,22.000677,24.358578,-2.357901000000002,33.248,33.33473765865624,-0.08673765865624006
pi3bplus,margin,tinydl_revision,n256,B0,1703,22.24156,24.358578,-2.1170180000000016,33.786,33.334890356245495,0.45110964375450635
pi3bplus,margin,tinydl_revision,n256,B0,1704,22.090572,24.358578,-2.2680059999999997,33.248,33.33479464378921,-0.08679464378921153
pi3bplus,margin,tinydl_revision,n256,B0,1705,22.017031,24.358578,-2.341547000000002,33.248,33.33474802558281,-0.08674802558281414
pi3bplus,margin,tinydl_revision,n256,B0,1706,22.048333,24.358578,-2.310245000000002,33.248,33.33476786816174,-0.08676786816174342
pi3bplus,margin,tinydl_revision,n256,B0,1707,22.346247,24.358578,-2.0123309999999996,33.248,33.79268166839827,-0.5446816683982689
pi3bplus,margin,tinydl_revision,n256,B0,1708,22.139009,24.358578,-2.219569,33.248,33.33482534837663,-0.08682534837663525
pi3bplus,margin,tinydl_revision,n256,B0,1709,22.017187,24.358578,-2.3413910000000016,33.248,33.33474812447242,-0.08674812447242175
pi3bplus,margin,tinydl_revision,n256,B0,1710,24.220916,24.358578,-0.1376620000000024,33.248,33.33614508526116,-0.08814508526116072
pi3bplus,margin,tinydl_revision,n256,B0,1711,22.174894,24.358578,-2.183684000000003,33.248,33.33484809615456,-0.08684809615456146
pi3bplus,margin,tinydl_revision,n256,B0,1712,21.994635,24.358578,-2.3639430000000026,33.248,33.3347338285859,-0.08673382858589918
pi3bplus,margin,tinydl_revision,n256,B0,1713,22.097916,24.358578,-2.260662,33.248,33.792524249464435,-0.5445242494644376
pi3bplus,margin,tinydl_revision,n256,B0,1714,22.288591,24.358578,-2.069987000000001,33.248,33.33492016955868,-0.08692016955868098
pi3bplus,margin,tinydl_revision,n256,B0,1715,22.561869,24.358578,-1.796709,33.248,33.79281835284503,-0.5448183528450343
pi3bplus,margin,tinydl_revision,n256,B0,1716,22.000261,24.358578,-2.358317000000003,33.248,33.334737394950636,-0.0867373949506387
pi3bplus,margin,tinydl_revision,n256,B0,1717,21.996979,24.358578,-2.361599000000002,33.248,33.334735314465554,-0.08673531446555671
pi3bplus,margin,tinydl_revision,n256,B0,1718,22.104635,24.358578,-2.253943000000003,33.248,33.334803558433244,-0.08680355843324605
pi3bplus,margin,tinydl_revision,n256,B0,1719,22.119842,24.358578,-2.238736000000003,33.248,32.87708824801063,0.3709117519893681
pi3bplus,margin,oi_svdd_as_elm_revision,n64,B0,1720,9.588139,11.192765,-1.6046259999999997,33.248,33.25904720890529,-0.011047208905289096
pi3bplus,margin,oi_svdd_as_elm_revision,n64,B0,1721,9.309756,11.192765,-1.8830089999999995,33.248,33.25887073977716,-0.01087073977716102
pi3bplus,margin,oi_svdd_as_elm_revision,n64,B0,1722,9.378921,11.192765,-1.8138439999999996,33.248,33.25891458400345,-0.010914584003451466
pi3bplus,margin,oi_svdd_as_elm_revision,n64,B0,1723,9.453504,11.192765,-1.739260999999999,33.248,32.801236912484626,0.44676308751537164
pi3bplus,margin,oi_svdd_as_elm_revision,n64,B0,1724,9.329443,11.192765,-1.8633220000000001,33.248,32.801158269261066,0.44684173073893163
pi3bplus,margin,oi_svdd_as_elm_revision,n64,B0,1725,9.448452,11.192765,-1.744313,33.248,33.258958660239955,-0.010958660239957396
pi3bplus,margin,oi_svdd_as_elm_revision,n64,B0,1726,9.415849,11.192765,-1.776916,32.71,33.25893799294711,-0.5489379929471099
pi3bplus,margin,oi_svdd_as_elm_revision,n64,B0,1727,9.33439,11.192765,-1.8583749999999988,33.248,32.80116140520248,0.4468385947975193
pi3bplus,margin,oi_svdd_as_elm_revision,n64,B0,1728,9.377202,11.192765,-1.8155629999999991,33.248,32.80118854405906,0.44681145594093863
pi3bplus,margin,oi_svdd_as_elm_revision,n64,B0,1729,9.481889,11.192765,-1.710875999999999,33.248,33.25897985621182,-0.010979856211825734
pi3bplus,margin,oi_svdd_as_elm_revision,n64,B0,1730,9.317881,11.192765,-1.8748839999999998,33.248,33.25887589027725,-0.010875890277254996
pi3bplus,margin,oi_svdd_as_elm_revision,n64,B0,1731,9.453869,11.192765,-1.7388960000000004,32.71,33.25896209411798,-0.5489620941179822
pi3bplus,margin,oi_svdd_as_elm_revision,n64,B0,1732,9.412515,11.192765,-1.7802499999999988,32.71,33.25893587949883,-0.5489358794988277
pi3bplus,margin,oi_svdd_as_elm_revision,n64,B0,1733,9.341839,11.192765,-1.8509259999999994,33.248,33.258891077438,-0.010891077438003549
pi3bplus,margin,oi_svdd_as_elm_revision,n64,B0,1734,9.361318,11.192765,-1.831446999999999,33.248,33.25890342532615,-0.010903425326155514
pi3bplus,margin,oi_svdd_as_elm_revision,n64,B0,1735,9.426785,11.192765,-1.765979999999999,33.248,33.25894492536175,-0.010944925361755509
pi3bplus,margin,oi_svdd_as_elm_revision,n64,B0,1736,9.335693,11.192765,-1.8570720000000005,32.71,33.25888718144126,-0.548887181441259
pi3bplus,margin,oi_svdd_as_elm_revision,n64,B0,1737,9.394598,11.192765,-1.7981669999999994,32.71,32.801199571517465,-0.09119957151746405
pi3bplus,margin,oi_svdd_as_elm_revision,n64,B0,1738,9.449025,11.192765,-1.743739999999999,32.71,33.25895902346907,-0.5489590234690667
pi3bplus,margin,oi_svdd_as_elm_revision,n64,B0,1739,9.354599,11.192765,-1.8381659999999993,32.71,32.80117421584325,-0.09117421584324603
pi3bplus,margin,oi_svdd_as_elm_revision,n64,B0,1740,9.405744,11.192765,-1.7870209999999993,33.248,32.80120663705272,0.44679336294727534
pi3bplus,margin,oi_svdd_as_elm_revision,n64,B0,1741,9.381838,11.192765,-1.8109269999999995,32.71,32.343466532598114,0.3665334674018865
pi3bplus,margin,oi_svdd_as_elm_revision,n64,B0,1742,9.315276,11.192765,-1.8774889999999989,32.71,32.80114928869064,-0.09114928869063732
pi3bplus,margin,oi_svdd_as_elm_revision,n64,B0,1743,9.480744,11.192765,-1.712021,32.71,33.25897913038751,-0.548979130387508
pi3bplus,margin,oi_svdd_as_elm_revision,n64,B0,1744,9.328401,11.192765,-1.8643640000000001,33.248,33.258882558986286,-0.01088255898628887
pi3bplus,margin,oi_svdd_as_elm_revision,n64,B0,1745,9.329078,11.192765,-1.8636869999999988,32.172,33.2588829881418,-1.0868829881418023
pi3bplus,margin,oi_svdd_as_elm_revision,n64,B0,1746,9.439285,11.192765,-1.7534799999999997,32.71,32.801227898951,-0.09122789895099714
pi3bplus,margin,oi_svdd_as_elm_revision,n64,B0,1747,9.297829,11.192765,-1.8949359999999995,32.172,33.25886317915999,-1.086863179159991
pi3bplus,margin,oi_svdd_as_elm_revision,n64,B0,1748,9.407723,11.192765,-1.785041999999999,32.172,33.25893284181311,-1.0869328418131161
pi3bplus,margin,oi_svdd_as_elm_revision,n64,B0,1749,9.521316,11.192765,-1.671448999999999,33.248,32.801279899033794,0.4467201009662034
pi3bplus,margin,oi_svdd_as_elm_revision,n64,B0,1750,9.315745,11.192765,-1.87702,32.71,33.258874536250396,-0.5488745362503948
pi3bplus,margin,oi_svdd_as_elm_revision,n64,B0,1751,9.279027,11.192765,-1.9137380000000004,32.71,32.801126310170304,-0.09112631017030282
pi3bplus,margin,oi_svdd_as_elm_revision,n64,B0,1752,9.591992,11.192765,-1.6007730000000002,32.172,33.25904965135167,-1.0870496513516699
pi3bplus,margin,oi_svdd_as_elm_revision,n64,B0,1753,9.309912,11.192765,-1.882852999999999,32.71,32.80114588840972,-0.09114588840972004
pi3bplus,margin,oi_svdd_as_elm_revision,n64,B0,1754,9.302308,11.192765,-1.8904569999999996,32.71,33.258866018432585,-0.5488660184325838
pi3bplus,margin,oi_svdd_as_elm_revision,n64,B0,1755,9.414546,11.192765,-1.778219,32.71,32.34348726645127,0.36651273354873126
pi3bplus,margin,oi_svdd_as_elm_revision,n64,B0,1756,9.270328,11.192765,-1.9224370000000004,32.71,32.343395845550134,0.3666041544498668
pi3bplus,margin,oi_svdd_as_elm_revision,n64,B0,1757,9.35939,11.192765,-1.8333750000000002,32.172,33.2589022031521,-1.0869022031520998
pi3bplus,margin,oi_svdd_as_elm_revision,n64,B0,1758,9.548972,11.192765,-1.6437930000000005,32.172,32.80129743038523,-0.6292974303852361
pi3bplus,margin,oi_svdd_as_elm_revision,n64,B0,1759,9.290485,11.192765,-1.9022799999999993,33.248,32.80113357348477,0.44686642651522845
pi3bplus,margin,oi_svdd_as_elm_revision,n1,B0,1760,3.434239,4.421503,-0.9872640000000006,32.172,32.74612305634889,-0.5741230563488955
pi3bplus,margin,oi_svdd_as_elm_revision,n1,B0,1761,3.289344,4.421503,-1.1321590000000006,32.172,32.288306256035185,-0.11630625603518752
pi3bplus,margin,oi_svdd_as_elm_revision,n1,B0,1762,3.268146,4.421503,-1.1533570000000002,32.71,32.746017768716754,-0.03601776871675355
pi3bplus,margin,oi_svdd_as_elm_revision,n1,B0,1763,3.478769,4.421503,-0.9427340000000006,32.172,32.288426334001855,-0.11642633400185787
pi3bplus,margin,oi_svdd_as_elm_revision,n1,B0,1764,3.302989,4.421503,-1.1185140000000002,32.71,32.288314905705796,0.42168509429420453
pi3bplus,margin,oi_svdd_as_elm_revision,n1,B0,1765,3.286791,4.421503,-1.1347120000000004,32.71,32.28830463766882,0.4216953623311781
pi3bplus,margin,oi_svdd_as_elm_revision,n1,B0,1766,3.372937,4.421503,-1.0485660000000006,32.172,33.20380914679592,-1.031809146795922
pi3bplus,margin,oi_svdd_as_elm_revision,n1,B0,1767,3.300854,4.421503,-1.1206490000000002,32.71,32.74603850256991,-0.036038502569908815
pi3bplus,margin,oi_svdd_as_elm_revision,n1,B0,1768,3.356687,4.421503,-1.0648160000000004,32.172,32.7460738955387,-0.574073895538703
pi3bplus,margin,oi_svdd_as_elm_revision,n1,B0,1769,3.309135,4.421503,-1.1123680000000005,32.71,32.28831880170254,0.4216811982974633
pi3bplus,margin,oi_svdd_as_elm_revision,n1,B0,1770,3.267364,4.421503,-1.1541390000000002,32.71,32.28829232274387,0.4217076772561299
pi3bplus,margin,oi_svdd_as_elm_revision,n1,B0,1771,3.355905,4.421503,-1.0655980000000005,32.172,32.746073399822876,-0.5740733998228791
pi3bplus,margin,oi_svdd_as_elm_revision,n1,B0,1772,3.290021,4.421503,-1.1314820000000005,32.172,32.2883066851907,-0.11630668519070042
pi3bplus,margin,oi_svdd_as_elm_revision,n1,B0,1773,3.285021,4.421503,-1.1364820000000004,32.172,32.74602846590925,-0.5740284659092509
pi3bplus,margin,oi_svdd_as_elm_revision,n1,B0,1774,3.491113,4.421503,-0.9303900000000005,32.172,32.288434158958545,-0.11643415895854758
pi3bplus,margin,oi_svdd_as_elm_revision,n1,B0,1775,3.29825,4.421503,-1.1232530000000005,32.172,32.74603685187425,-0.5740368518742542
pi3bplus,margin,oi_svdd_as_elm_revision,n1,B0,1776,3.439499,4.421503,-0.9820040000000003,32.71,32.74612639070341,-0.03612639070340862
pi3bplus,margin,oi_svdd_as_elm_revision,n1,B0,1777,3.279864,4.421503,-1.1416390000000005,32.172,32.74602519684722,-0.5740251968472236
pi3bplus,margin,oi_svdd_as_elm_revision,n1,B0,1778,3.303719,4.421503,-1.1177840000000003,32.71,32.28831536845842,0.42168463154158076
pi3bplus,margin,oi_svdd_as_elm_revision,n1,B0,1779,3.361947,4.421503,-1.0595560000000006,32.172,32.28835227963616,-0.11635227963616046
pi3bplus,margin,oi_svdd_as_elm_revision,n1,B0,1780,3.309031,4.421503,-1.1124720000000003,32.71,32.7460436860332,-0.036043686033195854
pi3bplus,margin,oi_svdd_as_elm_revision,n1,B0,1781,3.261583,4.421503,-1.1599200000000005,32.172,32.7460136083805,-0.5740136083805041
pi3bplus,margin,oi_svdd_as_elm_revision,n1,B0,1782,3.464082,4.421503,-0.9574210000000005,32.71,32.74614197405648,-0.03614197405647701
pi3bplus,margin,oi_svdd_as_elm_revision,n1,B0,1783,3.30325,4.421503,-1.1182530000000006,32.172,32.74604002141277,-0.5740400214127703
pi3bplus,margin,oi_svdd_as_elm_revision,n1,B0,1784,3.353874,4.421503,-1.0676290000000006,32.71,32.74607211235633,-0.036072112356329455
pi3bplus,margin,oi_svdd_as_elm_revision,n1,B0,1785,3.278355,4.421503,-1.1431480000000005,32.172,32.28829929002344,-0.11629929002344142
pi3bplus,margin,oi_svdd_as_elm_revision,n1,B0,1786,3.280698,4.421503,-1.1408050000000003,32.71,32.288300775269185,0.42169922473081556
pi3bplus,margin,oi_svdd_as_elm_revision,n1,B0,1787,3.349448,4.421503,-1.0720550000000002,32.172,32.28834435642378,-0.11634435642378094
pi3bplus,margin,oi_svdd_as_elm_revision,n1,B0,1788,3.324448,4.421503,-1.0970550000000006,32.172,32.74605345898826,-0.57405345898826
pi3bplus,margin,oi_svdd_as_elm_revision,n1,B0,1789,3.304448,4.421503,-1.1170550000000006,32.172,32.28831583057713,-0.11631583057713613
pi3bplus,margin,oi_svdd_as_elm_revision,n1,B0,1790,3.325073,4.421503,-1.0964300000000002,32.172,32.28832890492351,-0.11632890492351322
pi3bplus,margin,oi_svdd_as_elm_revision,n1,B0,1791,3.300177,4.421503,-1.1213260000000003,32.71,32.28831312315734,0.4216868768426636
pi3bplus,margin,oi_svdd_as_elm_revision,n1,B0,1792,3.492831,4.421503,-0.9286720000000006,32.172,32.28843524801198,-0.11643524801198168
pi3bplus,margin,oi_svdd_as_elm_revision,n1,B0,1793,3.29924,4.421503,-1.1222630000000002,32.172,32.288312529185816,-0.11631252918581936
pi3bplus,margin,oi_svdd_as_elm_revision,n1,B0,1794,3.326478,4.421503,-1.0950250000000006,32.71,32.28832979556383,0.4216702044361682
pi3bplus,margin,oi_svdd_as_elm_revision,n1,B0,1795,3.353145,4.421503,-1.0683580000000004,32.172,32.28834669998056,-0.11634669998056069
pi3bplus,margin,oi_svdd_as_elm_revision,n1,B0,1796,3.293302,4.421503,-1.1282010000000002,32.172,32.746033715298935,-0.5740337152989383
pi3bplus,margin,oi_svdd_as_elm_revision,n1,B0,1797,3.370749,4.421503,-1.0507540000000004,32.172,32.28835785929176,-0.11635785929176024
pi3bplus,margin,oi_svdd_as_elm_revision,n1,B0,1798,3.362625,4.421503,-1.0588780000000004,32.172,32.28835270942558,-0.11635270942558407
pi3bplus,margin,oi_svdd_as_elm_revision,n1,B0,1799,3.313511,4.421503,-1.1079920000000003,32.172,32.288321575682644,-0.11632157568264745
pi3bplus,margin,tinydl_revision,n1024,B2,1800,87.587709,82.732493,4.855215999999999,32.172,32.75723567137453,-0.5852356713745337
pi3bplus,margin,tinydl_revision,n1024,B2,1801,80.670015,82.732493,-2.0624779999999987,33.248,32.75285049185993,0.49514950814006653
pi3bplus,margin,tinydl_revision,n1024,B2,1802,78.512431,82.732493,-4.220061999999999,33.248,33.20920773299921,0.03879226700078675
pi3bplus,margin,tinydl_revision,n1024,B2,1803,78.571858,82.732493,-4.160634999999999,32.71,33.209245404232284,-0.49924540423228336
pi3bplus,margin,tinydl_revision,n1024,B2,1804,78.474618,82.732493,-4.2578749999999985,33.786,34.12463366356134,-0.33863366356133895
pi3bplus,margin,tinydl_revision,n1024,B2,1805,78.55592,82.732493,-4.176573000000005,33.786,33.66696025126836,0.11903974873164458
pi3bplus,margin,tinydl_revision,n1024,B2,1806,78.586858,82.732493,-4.145634999999999,33.248,34.58242976361898,-1.334429763618985
pi3bplus,margin,tinydl_revision,n1024,B2,1807,78.663107,82.732493,-4.069386000000009,33.248,33.667028197933334,-0.41902819793333634
pi3bplus,margin,tinydl_revision,n1024,B2,1808,78.594514,82.732493,-4.137979000000001,33.248,34.12470966655931,-0.8767096665593144
pi3bplus,margin,tinydl_revision,n1024,B2,1809,78.661127,82.732493,-4.071366000000012,33.786,34.58247684331019,-0.7964768433101881
pi3bplus,margin,tinydl_revision,n1024,B2,1810,78.421286,82.732493,-4.31120700000001,33.786,33.66687490573865,0.11912509426134932
pi3bplus,margin,tinydl_revision,n1024,B2,1811,78.367953,82.732493,-4.364540000000005,34.324,34.582290998053224,-0.2582909980532264
pi3bplus,margin,tinydl_revision,n1024,B2,1812,80.457985,82.732493,-2.2745080000000115,33.786,34.583615885437844,-0.7976158854378426
pi3bplus,margin,tinydl_revision,n1024,B2,1813,78.672586,82.732493,-4.05990700000001,33.786,34.12475915700151,-0.3387591570015118
pi3bplus,margin,tinydl_revision,n1024,B2,1814,78.415921,82.732493,-4.316572000000008,34.324,34.124596455080884,0.1994035449191145
pi3bplus,margin,tinydl_revision,n1024,B2,1815,78.57368,82.732493,-4.158813000000009,34.324,34.12469645972622,0.19930354027377462
pi3bplus,margin,tinydl_revision,n1024,B2,1816,78.712481,82.732493,-4.020012000000008,34.324,34.582509397006376,-0.2585093970063781
pi3bplus,margin,tinydl_revision,n1024,B2,1817,78.590503,82.732493,-4.141990000000007,34.324,34.58243207421256,-0.2584320742125641
pi3bplus,margin,tinydl_revision,n1024,B2,1818,78.525659,82.732493,-4.206834000000001,34.324,34.58239096910146,-0.25839096910146253
pi3bplus,margin,tinydl_revision,n1024,B2,1819,78.793521,82.732493,-3.938972000000007,34.862,34.58256076888664,0.2794392311133649
pi3bplus,margin,tinydl_revision,n1024,B2,1820,78.569618,82.732493,-4.162875,34.324,34.582418835050184,-0.25841883505018615
pi3bplus,margin,tinydl_revision,n1024,B2,1821,78.609253,82.732493,-4.12324000000001,34.324,34.582443959981994,-0.2584439599819959
pi3bplus,margin,tinydl_revision,n1024,B2,1822,80.656524,82.732493,-2.0759690000000006,34.324,35.04146669109638,-0.7174666910963836
pi3bplus,margin,tinydl_revision,n1024,B2,1823,78.640293,82.732493,-4.092200000000005,34.324,34.5824636364771,-0.2584636364771029
pi3bplus,margin,tinydl_revision,n1024,B2,1824,78.705762,82.732493,-4.026731000000012,34.324,34.582505137780515,-0.2585051377805172
pi3bplus,margin,tinydl_revision,n1024,B2,1825,78.805657,82.732493,-3.9268360000000087,35.4,35.040293412247586,0.35970658775241304
pi3bplus,margin,tinydl_revision,n1024,B2,1826,79.269298,82.732493,-3.463194999999999,34.324,35.040587317848974,-0.7165873178489761
pi3bplus,margin,tinydl_revision,n1024,B2,1827,79.379974,82.732493,-3.352519000000001,34.862,35.04065747621793,-0.1786574762179285
pi3bplus,margin,tinydl_revision,n1024,B2,1828,78.518888,82.732493,-4.213605000000001,34.324,35.04011162716946,-0.716111627169461
pi3bplus,margin,tinydl_revision,n1024,B2,1829,78.704512,82.732493,-4.027981000000011,34.324,35.497954245909995,-1.1739542459099965
pi3bplus,margin,tinydl_revision,n1024,B2,1830,78.468628,82.732493,-4.26386500000001,34.324,35.0400797669683,-0.7160797669682992
pi3bplus,margin,tinydl_revision,n1024,B2,1831,78.709199,82.732493,-4.023294000000007,34.862,35.4979572170354,-0.6359572170353971
pi3bplus,margin,tinydl_revision,n1024,B2,1832,80.811991,82.732493,-1.920501999999999,34.862,35.49929019308231,-0.6372901930823076
pi3bplus,margin,tinydl_revision,n1024,B2,1833,78.606909,82.732493,-4.1255840000000035,35.4,35.040167424359396,0.35983257564060267
pi3bplus,margin,tinydl_revision,n1024,B2,1834,78.575086,82.732493,-4.157407000000006,34.324,35.04014725151456,-0.7161472515145633
pi3bplus,margin,tinydl_revision,n1024,B2,1835,78.694616,82.732493,-4.037877000000009,35.4,35.49794797275936,-0.09794797275936418
pi3bplus,margin,tinydl_revision,n1024,B2,1836,79.15732,82.732493,-3.5751730000000066,34.862,35.04051633413219,-0.17851633413219048
pi3bplus,margin,tinydl_revision,n1024,B2,1837,78.973832,82.732493,-3.7586610000000036,35.4,35.498124969932604,-0.09812496993260567
pi3bplus,margin,tinydl_revision,n1024,B2,1838,79.17508,82.732493,-3.557413000000011,35.4,35.040527592333,0.35947240766699906
pi3bplus,margin,tinydl_revision,n1024,B2,1839,78.99331,82.732493,-3.7391830000000112,35.4,35.0404123669298,0.35958763307019836
pi3bplus,margin,fisvdd_revision,n256,B2,1840,25.498507,25.980703,-0.4821959999999983,34.862,34.92011440272959,-0.058114402729586345
pi3bplus,margin,fisvdd_revision,n256,B2,1841,25.612047,25.980703,-0.3686559999999979,34.862,34.920186376610204,-0.05818637661020176
pi3bplus,margin,fisvdd_revision,n256,B2,1842,23.783159,25.980703,-2.197543999999997,34.324,34.91902703041881,-0.5950270304188123
pi3bplus,margin,fisvdd_revision,n256,B2,1843,23.556391,25.980703,-2.424311999999997,34.862,34.46115833017973,0.4008416698202737
pi3bplus,margin,fisvdd_revision,n256,B2,1844,23.467485,25.980703,-2.5132179999999984,34.862,34.91882692223853,-0.056826922238528255
pi3bplus,margin,fisvdd_revision,n256,B2,1845,23.575193,25.980703,-2.4055099999999996,34.862,34.46117024891236,0.40082975108764174
pi3bplus,margin,fisvdd_revision,n256,B2,1846,23.683264,25.980703,-2.297438999999997,34.862,34.91896370620881,-0.056963706208804865
pi3bplus,margin,fisvdd_revision,n256,B2,1847,23.926803,25.980703,-2.0538999999999987,34.862,34.46139313719986,0.4006068628001387
pi3bplus,margin,fisvdd_revision,n256,B2,1848,23.600765,25.980703,-2.379937999999999,34.324,34.9189114094572,-0.5949114094572039
pi3bplus,margin,fisvdd_revision,n256,B2,1849,27.304636,25.980703,1.3239330000000002,35.4,34.92125932181556,0.4787406781844368
pi3bplus,margin,fisvdd_revision,n256,B2,1850,23.533839,25.980703,-2.446863999999998,34.324,34.918868984550265,-0.594868984550267
pi3bplus,margin,fisvdd_revision,n256,B2,1851,23.577171,25.980703,-2.4035319999999984,34.862,34.918896453038855,-0.05689645303885271
pi3bplus,margin,fisvdd_revision,n256,B2,1852,23.519932,25.980703,-2.4607709999999976,34.324,34.91886016879584,-0.5948601687958401
pi3bplus,margin,fisvdd_revision,n256,B2,1853,23.610505,25.980703,-2.3701979999999985,34.862,34.91891758371823,-0.05691758371823141
pi3bplus,margin,fisvdd_revision,n256,B2,1854,23.493057,25.980703,-2.487645999999998,35.4,35.37656808278336,0.02343191721664084
pi3bplus,margin,fisvdd_revision,n256,B2,1855,23.767586,25.980703,-2.213116999999997,34.324,34.91901715857415,-0.5950171585741515
pi3bplus,margin,fisvdd_revision,n256,B2,1856,23.601546,25.980703,-2.3791569999999993,34.862,34.91891190453912,-0.05691190453912043
pi3bplus,margin,fisvdd_revision,n256,B2,1857,23.495609,25.980703,-2.4850939999999966,34.324,34.91884475025877,-0.5948447502587726
pi3bplus,margin,fisvdd_revision,n256,B2,1858,23.585297,25.980703,-2.3954059999999977,34.324,34.91890160417285,-0.5949016041728541
pi3bplus,margin,fisvdd_revision,n256,B2,1859,23.898418,25.980703,-2.082284999999999,34.862,34.46137514372971,0.40062485627029076
pi3bplus,margin,fisvdd_revision,n256,B2,1860,23.518682,25.980703,-2.462021,34.862,34.918859376411206,-0.056859376411203755
pi3bplus,margin,fisvdd_revision,n256,B2,1861,23.631389,25.980703,-2.3493139999999997,35.4,34.46120587198965,0.9387941280103504
pi3bplus,margin,fisvdd_revision,n256,B2,1862,23.462641,25.980703,-2.518061999999997,34.324,34.918823851589615,-0.5948238515896165
pi3bplus,margin,fisvdd_revision,n256,B2,1863,23.396392,25.980703,-2.5843109999999996,34.862,34.91878185583819,-0.05678185583818873
pi3bplus,margin,fisvdd_revision,n256,B2,1864,23.545557,25.980703,-2.4351459999999996,34.324,34.91887641268073,-0.5948764126807333
pi3bplus,margin,fisvdd_revision,n256,B2,1865,23.982064,25.980703,-1.9986389999999972,34.324,34.919153117830504,-0.5951531178305061
pi3bplus,margin,fisvdd_revision,n256,B2,1866,23.490088,25.980703,-2.4906149999999982,34.324,34.46111630019728,-0.1371163001972846
pi3bplus,margin,fisvdd_revision,n256,B2,1867,23.532224,25.980703,-2.448478999999999,35.4,34.91886796078932,0.48113203921067793
pi3bplus,margin,fisvdd_revision,n256,B2,1868,23.629097,25.980703,-2.3516059999999968,34.862,35.376654319587296,-0.5146543195872937
pi3bplus,margin,fisvdd_revision,n256,B2,1869,23.480505,25.980703,-2.5001979999999975,34.862,34.91883517571682,-0.056835175716820174
pi3bplus,margin,fisvdd_revision,n256,B2,1870,23.415038,25.980703,-2.565664999999999,34.862,35.37651862593827,-0.5145186259382655
pi3bplus,margin,fisvdd_revision,n256,B2,1871,23.583577,25.980703,-2.397126,34.324,34.918900513851604,-0.5949005138516057
pi3bplus,margin,fisvdd_revision,n256,B2,1872,23.466443,25.980703,-2.5142599999999966,34.862,35.37655121196375,-0.5145512119637488
pi3bplus,margin,fisvdd_revision,n256,B2,1873,23.467328,25.980703,-2.513375,35.4,34.91882682271502,0.48117317728497966
pi3bplus,margin,fisvdd_revision,n256,B2,1874,23.475402,25.980703,-2.5053009999999993,34.862,34.918831940885816,-0.05683194088581445
pi3bplus,margin,fisvdd_revision,n256,B2,1875,23.725868,25.980703,-2.254835,34.862,34.918990713212594,-0.05699071321259197
pi3bplus,margin,fisvdd_revision,n256,B2,1876,23.714462,25.980703,-2.2662409999999973,34.862,34.91898348286133,-0.056983482861326706
pi3bplus,margin,fisvdd_revision,n256,B2,1877,23.435558,25.980703,-2.545144999999998,34.862,34.91880668346729,-0.056806683467286234
pi3bplus,margin,fisvdd_revision,n256,B2,1878,23.411392,25.980703,-2.569310999999999,34.862,34.46106641419668,0.4009335858033225
pi3bplus,margin,fisvdd_revision,n256,B2,1879,24.61638,25.980703,-1.3643229999999988,34.324,34.91955521562913,-0.5955552156291333
pi3bplus,margin,lucid_revision,n512,B1,1880,357.156022,372.673798,-15.51777599999997,34.862,34.974437587728424,-0.11243758772842227
pi3bplus,margin,lucid_revision,n512,B1,1881,323.241553,372.673798,-49.432244999999966,34.862,34.952938944581255,-0.09093894458125362
pi3bplus,margin,lucid_revision,n512,B1,1882,323.863995,372.673798,-48.80980299999999,35.4,34.953333515359816,0.44666648464018266
pi3bplus,margin,lucid_revision,n512,B1,1883,322.986295,372.673798,-49.68750299999999,35.4,34.95277713456877,0.4472228654312289
pi3bplus,margin,lucid_revision,n512,B1,1884,323.510404,372.673798,-49.16339399999998,35.4,35.410834321558205,-0.010834321558206739
pi3bplus,margin,lucid_revision,n512,B1,1885,323.508424,372.673798,-49.165373999999986,35.4,35.41083306642095,-0.010833066420950388
pi3bplus,margin,lucid_revision,n512,B1,1886,324.33477,372.673798,-48.339027999999985,35.4,35.411356893515816,-0.011356893515817035
pi3bplus,margin,lucid_revision,n512,B1,1887,323.286603,372.673798,-49.38719499999996,35.4,35.41069245238033,-0.010692452380332895
pi3bplus,margin,lucid_revision,n512,B1,1888,324.023262,372.673798,-48.65053599999999,35.4,35.41115942619502,-0.011159426195021638
pi3bplus,margin,lucid_revision,n512,B1,1889,323.350925,372.673798,-49.32287299999996,35.4,35.41073322659161,-0.010733226591611356
pi3bplus,margin,lucid_revision,n512,B1,1890,323.972272,372.673798,-48.701526,35.938,35.411127103241235,0.5268728967587677
pi3bplus,margin,lucid_revision,n512,B1,1891,322.810252,372.673798,-49.863545999999985,35.4,35.86811544006909,-0.46811544006909145
pi3bplus,margin,lucid_revision,n512,B1,1892,324.088781,372.673798,-48.58501699999999,35.4,35.41120095919382,-0.011200959193821802
pi3bplus,margin,lucid_revision,n512,B1,1893,323.248267,372.673798,-49.42553099999998,35.4,34.95294320063758,0.4470567993624215
pi3bplus,margin,lucid_revision,n512,B1,1894,323.898209,372.673798,-48.77558899999997,35.938,35.41108015413502,0.5269198458649811
pi3bplus,margin,lucid_revision,n512,B1,1895,324.425287,372.673798,-48.24851099999995,35.4,35.411414272939375,-0.011414272939376247
pi3bplus,margin,lucid_revision,n512,B1,1896,323.715137,372.673798,-48.95866099999995,36.476,35.86868905364105,0.6073109463589503
pi3bplus,margin,lucid_revision,n512,B1,1897,323.548888,372.673798,-49.12491,35.938,35.86858366711931,0.06941633288069227
pi3bplus,margin,lucid_revision,n512,B1,1898,323.573784,372.673798,-49.10001399999999,35.938,35.410874498628424,0.5271255013715788
pi3bplus,margin,lucid_revision,n512,B1,1899,323.067122,372.673798,-49.60667599999999,35.4,35.868278271940795,-0.46827827194079674
pi3bplus,margin,lucid_revision,n512,B1,1900,323.769302,372.673798,-48.904495999999995,35.938,36.326448339508836,-0.38844833950883384
pi3bplus,margin,lucid_revision,n512,B1,1901,323.657063,372.673798,-49.01673499999998,36.476,35.41092728982804,1.065072710171961
pi3bplus,margin,lucid_revision,n512,B1,1902,323.496127,372.673798,-49.177670999999975,35.938,35.41082527125793,0.5271747287420752
pi3bplus,margin,lucid_revision,n512,B1,1903,324.422315,372.673798,-48.25148299999995,35.4,36.32686228947979,-0.9268622894797929
pi3bplus,margin,lucid_revision,n512,B1,1904,323.782218,372.673798,-48.891579999999976,36.476,35.86873157680368,0.6072684231963166
pi3bplus,margin,lucid_revision,n512,B1,1905,323.125505,372.673798,-49.548293,35.938,36.326040231631275,-0.38804023163127255
pi3bplus,margin,lucid_revision,n512,B1,1906,324.181119,372.673798,-48.49267899999995,36.476,36.32670939347742,0.14929060652257675
pi3bplus,margin,lucid_revision,n512,B1,1907,322.882382,372.673798,-49.79141599999997,35.938,35.868161163831715,0.06983883616828734
pi3bplus,margin,lucid_revision,n512,B1,1908,323.699405,372.673798,-48.974392999999964,35.938,35.86867908100506,0.06932091899493997
pi3bplus,margin,lucid_revision,n512,B1,1909,324.265388,372.673798,-48.40841,35.938,35.41131291173155,0.5266870882684529
pi3bplus,margin,lucid_revision,n512,B1,1910,327.637387,372.673798,-45.03641099999999,35.938,35.87117539812971,0.06682460187029449
pi3bplus,margin,lucid_revision,n512,B1,1911,323.201596,372.673798,-49.47220199999998,35.938,35.41063856578821,0.5273614342117909
pi3bplus,margin,lucid_revision,n512,B1,1912,324.608196,372.673798,-48.065601999999956,35.4,35.86925517062051,-0.4692551706205137
pi3bplus,margin,lucid_revision,n512,B1,1913,323.710445,372.673798,-48.963352999999984,36.476,36.32641102960315,0.1495889703968487
pi3bplus,margin,lucid_revision,n512,B1,1914,324.570957,372.673798,-48.102840999999955,36.476,35.86923156453155,0.6067684354684459
pi3bplus,margin,lucid_revision,n512,B1,1915,323.242166,372.673798,-49.43163199999998,35.4,35.86838923368079,-0.46838923368078866
pi3bplus,margin,lucid_revision,n512,B1,1916,324.187105,372.673798,-48.486693,36.476,35.86898823779189,0.6070117622081099
pi3bplus,margin,lucid_revision,n512,B1,1917,323.89914,372.673798,-48.77465799999999,36.476,35.86880569456015,0.6071943054398474
pi3bplus,margin,lucid_revision,n512,B1,1918,323.808046,372.673798,-48.865751999999986,35.938,36.32647289962889,-0.3884728996288871
pi3bplus,margin,lucid_revision,n512,B1,1919,323.602214,372.673798,-49.07158399999997,36.476,35.86861747088149,0.6073825291185102
pi3bplus,margin,fisvdd_revision,n1,B1,1920,3.77762,3.947271,-0.169651,35.938,35.156036523888474,0.7819634761115282
pi3bplus,margin,fisvdd_revision,n1,B1,1921,3.80611,3.947271,-0.14116100000000031,36.476,35.15605458391894,1.3199454160810618
pi3bplus,margin,fisvdd_revision,n1,B1,1922,3.186897,3.947271,-0.7603740000000001,35.4,35.61338701028541,-0.21338701028540896
pi3bplus,margin,fisvdd_revision,n1,B1,1923,3.080908,3.947271,-0.8663630000000002,35.4,35.613319823041856,-0.21331982304185715
pi3bplus,margin,fisvdd_revision,n1,B1,1924,3.160647,3.947271,-0.7866240000000002,35.4,35.15564541995114,0.24435458004885646
pi3bplus,margin,fisvdd_revision,n1,B1,1925,3.108616,3.947271,-0.8386550000000002,35.4,35.613337387356495,-0.21333738735649632
pi3bplus,margin,fisvdd_revision,n1,B1,1926,3.158668,3.947271,-0.7886030000000002,35.4,35.613369115704856,-0.2133691157048574
pi3bplus,margin,fisvdd_revision,n1,B1,1927,3.115647,3.947271,-0.8316240000000001,35.4,34.69789194384745,0.7021080561525466
pi3bplus,margin,fisvdd_revision,n1,B1,1928,3.071898,3.947271,-0.8753730000000002,35.938,35.155589161276396,0.7824108387236066
pi3bplus,margin,fisvdd_revision,n1,B1,1929,3.498144,3.947271,-0.4491270000000003,34.862,35.155859361899225,-0.2938593618992229
pi3bplus,margin,fisvdd_revision,n1,B1,1930,3.155751,3.947271,-0.7915200000000002,34.862,35.155642316339026,-0.2936423163390245
pi3bplus,margin,fisvdd_revision,n1,B1,1931,6.902382,3.947271,2.955111,35.4,35.15801733459077,0.24198266540923186
pi3bplus,margin,fisvdd_revision,n1,B1,1932,5.88234,3.947271,1.935069,35.4,35.157370722109434,0.24262927789056477
pi3bplus,margin,fisvdd_revision,n1,B1,1933,3.5058,3.947271,-0.4414710000000004,36.476,35.15586421509661,1.3201357849033926
pi3bplus,margin,fisvdd_revision,n1,B1,1934,3.160699,3.947271,-0.786572,35.4,35.15564545291434,0.2443545470856563
pi3bplus,margin,fisvdd_revision,n1,B1,1935,3.139501,3.947271,-0.8077700000000001,35.4,35.155632015338846,0.24436798466115306
pi3bplus,margin,fisvdd_revision,n1,B1,1936,3.117314,3.947271,-0.8299570000000003,34.862,34.6978930005716,0.16410699942840523
pi3bplus,margin,fisvdd_revision,n1,B1,1937,3.162001,3.947271,-0.7852700000000001,35.4,35.15564627826217,0.24435372173783065
pi3bplus,margin,fisvdd_revision,n1,B1,1938,3.124085,3.947271,-0.8231860000000002,35.938,34.69789729276065,1.2401027072393518
pi3bplus,margin,fisvdd_revision,n1,B1,1939,5.761195,3.947271,1.8139239999999996,34.862,35.6150188776178,-0.753018877617798
pi3bplus,margin,fisvdd_revision,n1,B1,1940,7.181546,3.947271,3.234275,34.862,34.70046934854376,0.16153065145623913
pi3bplus,margin,fisvdd_revision,n1,B1,1941,3.119449,3.947271,-0.8278220000000003,34.862,35.15561930422159,-0.2936193042215862
pi3bplus,margin,fisvdd_revision,n1,B1,1942,3.087106,3.947271,-0.8601650000000003,35.4,34.6978738514877,0.7021261485122992
pi3bplus,margin,fisvdd_revision,n1,B1,1943,3.11096,3.947271,-0.8363110000000002,34.862,34.69788897272205,0.16411102727795424
pi3bplus,margin,fisvdd_revision,n1,B1,1944,3.087783,3.947271,-0.8594880000000003,34.862,34.24014933038615,0.621850669613849
pi3bplus,margin,fisvdd_revision,n1,B1,1945,3.142731,3.947271,-0.8045400000000003,34.324,34.24018416234662,0.08381583765337552
pi3bplus,margin,fisvdd_revision,n1,B1,1946,3.090804,3.947271,-0.8564670000000003,34.862,34.24015124542132,0.6218487545786786
pi3bplus,margin,fisvdd_revision,n1,B1,1947,3.052679,3.947271,-0.8945920000000003,34.862,34.6978520279472,0.16414797205280252
pi3bplus,margin,fisvdd_revision,n1,B1,1948,3.120752,3.947271,-0.8265190000000002,34.862,34.69789517994628,0.16410482005372273
pi3bplus,margin,fisvdd_revision,n1,B1,1949,3.098355,3.947271,-0.848916,35.4,34.240156032058394,1.1598439679416046
pi3bplus,margin,fisvdd_revision,n1,B1,1950,3.085752,3.947271,-0.8615190000000004,34.324,34.69787299317667,-0.37387299317666844
pi3bplus,margin,fisvdd_revision,n1,B1,1951,3.120126,3.947271,-0.8271450000000002,34.324,34.697894783120056,-0.37389478312005764
pi3bplus,margin,fisvdd_revision,n1,B1,1952,3.096168,3.947271,-0.8511030000000002,34.324,34.24015464570224,0.08384535429775752
pi3bplus,margin,fisvdd_revision,n1,B1,1953,3.502779,3.947271,-0.44449200000000033,34.862,34.240412399547324,0.6215876004526777
pi3bplus,margin,fisvdd_revision,n1,B1,1954,3.144449,3.947271,-0.8028220000000004,34.862,34.24018525140006,0.6218147485999452
pi3bplus,margin,fisvdd_revision,n1,B1,1955,3.115282,3.947271,-0.8319890000000001,34.324,34.69789171247114,-0.37389171247114206
pi3bplus,margin,fisvdd_revision,n1,B1,1956,3.15648,3.947271,-0.790791,34.324,34.697917828200694,-0.3739178282006961
pi3bplus,margin,fisvdd_revision,n1,B1,1957,3.081221,3.947271,-0.86605,34.324,34.69787012094086,-0.3738701209408646
pi3bplus,margin,fisvdd_revision,n1,B1,1958,3.040283,3.947271,-0.9069880000000001,34.862,34.69784417002731,0.1641558299726924
pi3bplus,margin,fisvdd_revision,n1,B1,1959,3.149136,3.947271,-0.7981350000000003,34.324,34.24018822252546,0.08381177747453705
pi3bplus,margin,oi_svdd_as_elm_revision,n512,B2,1960,53.324749,56.252105,-2.927356000000003,34.862,35.42259347195729,-0.56059347195729
pi3bplus,margin,oi_svdd_as_elm_revision,n512,B2,1961,54.556403,56.252105,-1.6957019999999972,34.324,35.423374226915506,-1.0993742269155078
pi3bplus,margin,oi_svdd_as_elm_revision,n512,B2,1962,50.539307,56.252105,-5.712797999999999,34.324,34.963102808559775,-0.6391028085597767
pi3bplus,margin,oi_svdd_as_elm_revision,n512,B2,1963,52.528767,56.252105,-3.7233379999999983,35.4,34.96436394257888,0.4356360574211209
pi3bplus,margin,oi_svdd_as_elm_revision,n512,B2,1964,50.52014,56.252105,-5.731965000000002,35.4,34.96309065845083,0.4369093415491676
pi3bplus,margin,oi_svdd_as_elm_revision,n512,B2,1965,54.637288,56.252105,-1.6148170000000022,34.862,34.96570055028302,-0.1037005502830155
pi3bplus,margin,oi_svdd_as_elm_revision,n512,B2,1966,50.427642,56.252105,-5.8244630000000015,34.862,34.963032023256105,-0.10103202325610283
pi3bplus,margin,oi_svdd_as_elm_revision,n512,B2,1967,50.517015,56.252105,-5.73509,34.862,34.96308867748926,-0.10108867748925832
pi3bplus,margin,oi_svdd_as_elm_revision,n512,B2,1968,50.627431,56.252105,-5.624673999999999,34.862,34.96315867104221,-0.10115867104220655
pi3bplus,margin,oi_svdd_as_elm_revision,n512,B2,1969,50.421287,56.252105,-5.830818000000001,35.4,35.420752945029705,-0.020752945029705927
pi3bplus,margin,oi_svdd_as_elm_revision,n512,B2,1970,50.407641,56.252105,-5.844464000000002,35.4,34.96301934446814,0.43698065553186183
pi3bplus,margin,oi_svdd_as_elm_revision,n512,B2,1971,50.52613,56.252105,-5.725974999999998,35.4,35.420819405815024,-0.020819405815025505
pi3bplus,margin,oi_svdd_as_elm_revision,n512,B2,1972,50.650816,56.252105,-5.601289000000001,34.862,34.963173494973844,-0.10117349497384254
pi3bplus,margin,oi_svdd_as_elm_revision,n512,B2,1973,53.087616,56.252105,-3.164489000000003,35.4,35.422443151521925,-0.022443151521926552
pi3bplus,margin,oi_svdd_as_elm_revision,n512,B2,1974,50.458734,56.252105,-5.7933710000000005,35.4,34.96305173271441,0.43694826728558667
pi3bplus,margin,oi_svdd_as_elm_revision,n512,B2,1975,54.530258,56.252105,-1.7218469999999968,35.4,35.423357653398604,-0.023357653398605294
pi3bplus,margin,oi_svdd_as_elm_revision,n512,B2,1976,50.618473,56.252105,-5.633631999999999,35.4,35.42087794275406,-0.020877942754061962
pi3bplus,margin,oi_svdd_as_elm_revision,n512,B2,1977,50.526182,56.252105,-5.725923000000002,35.4,35.420819438778224,-0.020819438778225674
pi3bplus,margin,oi_svdd_as_elm_revision,n512,B2,1978,50.606181,56.252105,-5.645924000000001,35.4,35.87859510101762,-0.4785951010176248
pi3bplus,margin,oi_svdd_as_elm_revision,n512,B2,1979,50.403318,56.252105,-5.8487870000000015,35.4,35.420741554342186,-0.020741554342187385
pi3bplus,margin,oi_svdd_as_elm_revision,n512,B2,1980,50.417589,56.252105,-5.834516000000001,35.4,35.42075060083902,-0.02075060083902258
pi3bplus,margin,oi_svdd_as_elm_revision,n512,B2,1981,50.548629,56.252105,-5.703476000000002,34.862,35.420833668104436,-0.5588336681044339
pi3bplus,margin,oi_svdd_as_elm_revision,n512,B2,1982,50.54665,56.252105,-5.705455000000001,35.4,35.87855736385815,-0.47855736385815106
pi3bplus,margin,oi_svdd_as_elm_revision,n512,B2,1983,52.933502,56.252105,-3.318603000000003,35.4,35.42234545747016,-0.022345457470159147
pi3bplus,margin,oi_svdd_as_elm_revision,n512,B2,1984,50.798002,56.252105,-5.4541030000000035,35.938,35.878716697827144,0.05928330217285804
pi3bplus,margin,oi_svdd_as_elm_revision,n512,B2,1985,50.358579,56.252105,-5.893526000000001,35.4,35.42071319394545,-0.020713193945454123
pi3bplus,margin,oi_svdd_as_elm_revision,n512,B2,1986,50.425922,56.252105,-5.826183,35.4,35.87848083344896,-0.47848083344896253
pi3bplus,margin,oi_svdd_as_elm_revision,n512,B2,1987,50.603473,56.252105,-5.648631999999999,35.4,35.42086843413851,-0.020868434138513692
pi3bplus,margin,oi_svdd_as_elm_revision,n512,B2,1988,50.487224,56.252105,-5.764881000000003,35.4,35.42079474300193,-0.02079474300192885
pi3bplus,margin,oi_svdd_as_elm_revision,n512,B2,1989,50.45014,56.252105,-5.801965000000003,35.938,35.420771235168665,0.5172287648313372
pi3bplus,margin,oi_svdd_as_elm_revision,n512,B2,1990,50.58139,56.252105,-5.670715000000001,35.4,35.878579385811754,-0.47857938581175574
pi3bplus,margin,oi_svdd_as_elm_revision,n512,B2,1991,50.540296,56.252105,-5.711809000000002,35.938,35.8785533360086,0.05944666399140175
pi3bplus,margin,oi_svdd_as_elm_revision,n512,B2,1992,50.530244,56.252105,-5.721860999999997,35.938,35.87854696396837,0.0594530360316341
pi3bplus,margin,oi_svdd_as_elm_revision,n512,B2,1993,53.198604,56.252105,-3.053500999999997,35.4,35.880238457927135,-0.48023845792713615
pi3bplus,margin,oi_svdd_as_elm_revision,n512,B2,1994,54.500726,56.252105,-1.751379,35.4,35.88106388309337,-0.4810638830933698
pi3bplus,margin,oi_svdd_as_elm_revision,n512,B2,1995,50.767533,56.252105,-5.484572,35.4,35.87869738329334,-0.4786973832933441
pi3bplus,margin,oi_svdd_as_elm_revision,n512,B2,1996,50.484359,56.252105,-5.7677460000000025,35.4,35.87851787711341,-0.4785178771134113
pi3bplus,margin,oi_svdd_as_elm_revision,n512,B2,1997,50.601077,56.252105,-5.651028000000004,35.938,35.87859186555271,0.059408134447295424
pi3bplus,margin,oi_svdd_as_elm_revision,n512,B2,1998,50.540192,56.252105,-5.711913000000003,35.4,35.8785532700822,-0.4785532700822017
pi3bplus,margin,oi_svdd_as_elm_revision,n512,B2,1999,50.525973,56.252105,-5.726132,35.938,35.878544256548565,0.059455743451437115
pi3bplus,margin,tinydl_revision,n64,B2,2000,8.84403,8.854024,-0.009994000000000725,35.4,35.41947034976813,-0.019470349768134554
pi3bplus,margin,tinydl_revision,n64,B2,2001,8.331899,8.854024,-0.5221250000000008,35.4,35.41914570598221,-0.019145705982211325
pi3bplus,margin,tinydl_revision,n64,B2,2002,7.670812,8.854024,-1.183212000000001,35.4,35.418726637840464,-0.0187266378404658
pi3bplus,margin,tinydl_revision,n64,B2,2003,7.638207,8.854024,-1.2158170000000004,34.862,35.4187059692798,-0.5567059692797969
pi3bplus,margin,tinydl_revision,n64,B2,2004,7.734561,8.854024,-1.1194630000000005,35.4,35.41876704882263,-0.018767048822631693
pi3bplus,margin,tinydl_revision,n64,B2,2005,7.661489,8.854024,-1.1925350000000003,34.862,35.418720727918945,-0.5567207279189432
pi3bplus,margin,tinydl_revision,n64,B2,2006,7.689978,8.854024,-1.1640460000000008,34.862,35.4187387873155,-0.5567387873154956
pi3bplus,margin,tinydl_revision,n64,B2,2007,7.694249,8.854024,-1.1597750000000007,34.862,35.87646644499236,-1.0144664449923582
pi3bplus,margin,tinydl_revision,n64,B2,2008,7.688989,8.854024,-1.1650350000000005,35.938,35.418738160380784,0.5192618396192188
pi3bplus,margin,tinydl_revision,n64,B2,2009,7.646853,8.854024,-1.2071710000000007,35.938,35.876436400302865,0.06156359969713776
pi3bplus,margin,tinydl_revision,n64,B2,2010,7.699405,8.854024,-1.1546190000000012,35.4,35.41874476316342,-0.018744763163418554
pi3bplus,margin,tinydl_revision,n64,B2,2011,7.657322,8.854024,-1.196702000000001,35.4,35.87644303668261,-0.47644303668261045
pi3bplus,margin,tinydl_revision,n64,B2,2012,7.709457,8.854024,-1.1445670000000012,35.4,35.41875113520365,-0.018751135203650904
pi3bplus,margin,tinydl_revision,n64,B2,2013,7.67701,8.854024,-1.1770140000000007,35.938,34.96100561654336,0.9769943834566419
pi3bplus,margin,tinydl_revision,n64,B2,2014,7.70779,8.854024,-1.1462340000000006,35.4,35.418750078479505,-0.01875007847950627
pi3bplus,margin,tinydl_revision,n64,B2,2015,7.777686,8.854024,-1.0763380000000007,35.938,35.41879438609233,0.5192056139076726
pi3bplus,margin,tinydl_revision,n64,B2,2016,7.762008,8.854024,-1.092016000000001,35.4,35.41878444768736,-0.018784447687359318
pi3bplus,margin,tinydl_revision,n64,B2,2017,7.988673,8.854024,-0.8653510000000004,35.4,35.41892813237689,-0.018928132376892393
pi3bplus,margin,tinydl_revision,n64,B2,2018,7.696436,8.854024,-1.1575880000000005,35.4,35.41874288109145,-0.018742881091448282
pi3bplus,margin,tinydl_revision,n64,B2,2019,7.677947,8.854024,-1.1760770000000011,34.862,35.41873116077193,-0.5567311607719247
pi3bplus,margin,tinydl_revision,n64,B2,2020,8.042631,8.854024,-0.8113930000000007,34.862,35.418962336768736,-0.5569623367687342
pi3bplus,margin,tinydl_revision,n64,B2,2021,7.723155,8.854024,-1.1308690000000006,35.4,35.418759818471365,-0.01875981847136643
pi3bplus,margin,tinydl_revision,n64,B2,2022,7.676749,8.854024,-1.1772750000000007,35.938,35.418730401350494,0.5192695986495082
pi3bplus,margin,tinydl_revision,n64,B2,2023,7.702947,8.854024,-1.1510770000000008,35.4,35.4187470084645,-0.01874700846450139
pi3bplus,margin,tinydl_revision,n64,B2,2024,7.729144,8.854024,-1.124880000000001,35.4,35.4187636149446,-0.018763614944603546
pi3bplus,margin,tinydl_revision,n64,B2,2025,7.669353,8.854024,-1.1846710000000007,35.938,35.41872571296912,0.519274287030882
pi3bplus,margin,tinydl_revision,n64,B2,2026,8.021538,8.854024,-0.8324860000000012,35.4,34.96122401549651,0.4387759845034864
pi3bplus,margin,tinydl_revision,n64,B2,2027,7.701437,8.854024,-1.1525870000000005,35.4,35.418746051263874,-0.018746051263875074
pi3bplus,margin,tinydl_revision,n64,B2,2028,7.662426,8.854024,-1.1915980000000008,35.4,35.418721321890466,-0.01872132189046738
pi3bplus,margin,tinydl_revision,n64,B2,2029,7.677374,8.854024,-1.1766500000000004,35.4,35.41873079754281,-0.018730797542808375
pi3bplus,margin,tinydl_revision,n64,B2,2030,7.678572,8.854024,-1.1754520000000008,35.4,34.961006606707194,0.4389933932928045
pi3bplus,margin,tinydl_revision,n64,B2,2031,7.669093,8.854024,-1.1849310000000006,35.4,35.41872554815312,-0.018725548153120997
pi3bplus,margin,tinydl_revision,n64,B2,2032,7.744405,8.854024,-1.1096190000000004,35.4,34.96104833875302,0.43895166124698193
pi3bplus,margin,tinydl_revision,n64,B2,2033,7.672114,8.854024,-1.1819100000000011,34.862,34.961002512931245,-0.09900251293124285
pi3bplus,margin,tinydl_revision,n64,B2,2034,7.652322,8.854024,-1.201702000000001,35.4,35.41871491688703,-0.01871491688703486
pi3bplus,margin,tinydl_revision,n64,B2,2035,7.69576,8.854024,-1.1582640000000008,34.862,35.41874245256984,-0.5567424525698357
pi3bplus,margin,tinydl_revision,n64,B2,2036,7.814925,8.854024,-1.039099000000001,34.862,35.87654294243834,-1.0145429424383394
pi3bplus,margin,tinydl_revision,n64,B2,2037,7.664406,8.854024,-1.1896180000000012,35.4,35.876447527284775,-0.47644752728477613
pi3bplus,margin,tinydl_revision,n64,B2,2038,7.715551,8.854024,-1.1384730000000012,34.862,35.41875499823719,-0.5567549982371887
pi3bplus,margin,tinydl_revision,n64,B2,2039,7.64477,8.854024,-1.2092540000000005,35.4,34.960985179359014,0.43901482064098474
pi3bplus,margin,fisvdd_revision,n64,B1,2040,9.378503,10.409826,-1.0313230000000004,34.862,34.7531602141945,0.10883978580550036
pi3bplus,margin,fisvdd_revision,n64,B1,2041,8.883248,10.409826,-1.5265780000000007,35.4,35.21057121849203,0.1894287815079707
pi3bplus,margin,fisvdd_revision,n64,B1,2042,8.245911,10.409826,-2.163915000000001,35.4,35.21016720565823,0.18983279434176836
pi3bplus,margin,fisvdd_revision,n64,B1,2043,8.235546,10.409826,-2.1742800000000013,34.862,34.75243568494784,0.10956431505216102
pi3bplus,margin,fisvdd_revision,n64,B1,2044,8.211431,10.409826,-2.1983950000000014,35.4,34.75242039826358,0.6475796017364175
pi3bplus,margin,fisvdd_revision,n64,B1,2045,8.272055,10.409826,-2.1377710000000008,34.862,35.21018377854122,-0.3481837785412196
pi3bplus,margin,fisvdd_revision,n64,B1,2046,8.23742,10.409826,-2.1724060000000005,35.4,35.21016182314792,0.18983817685207782
pi3bplus,margin,fisvdd_revision,n64,B1,2047,8.240025,10.409826,-2.1698010000000014,35.4,34.294713573963385,1.1052864260366135
pi3bplus,margin,fisvdd_revision,n64,B1,2048,8.286118,10.409826,-2.1237080000000006,34.862,34.752467742928204,0.10953225707179826
pi3bplus,margin,fisvdd_revision,n64,B1,2049,8.647156,10.409826,-1.76267,34.862,35.210421557954575,-0.3484215579545733
pi3bplus,margin,fisvdd_revision,n64,B1,2050,8.193723,10.409826,-2.2161030000000004,34.862,34.752409173025974,0.10959082697402778
pi3bplus,margin,fisvdd_revision,n64,B1,2051,8.267733,10.409826,-2.142093000000001,34.862,34.752456088535084,0.10954391146491815
pi3bplus,margin,fisvdd_revision,n64,B1,2052,8.236639,10.409826,-2.1731870000000004,34.862,34.75243637780896,0.10956362219103966
pi3bplus,margin,fisvdd_revision,n64,B1,2053,8.193046,10.409826,-2.21678,34.324,35.2101336941275,-0.8861336941275013
pi3bplus,margin,fisvdd_revision,n64,B1,2054,8.303358,10.409826,-2.1064680000000013,35.4,34.75247867149701,0.6475213285029895
pi3bplus,margin,fisvdd_revision,n64,B1,2055,8.210963,10.409826,-2.198863000000001,34.862,34.29469515133771,0.5673048486622889
pi3bplus,margin,fisvdd_revision,n64,B1,2056,8.243202,10.409826,-2.1666240000000005,34.324,34.752440538145215,-0.42844053814521743
pi3bplus,margin,fisvdd_revision,n64,B1,2057,8.263983,10.409826,-2.145843000000001,34.324,34.294728761124134,0.02927123887586447
pi3bplus,margin,fisvdd_revision,n64,B1,2058,8.202681,10.409826,-2.2071450000000006,34.862,34.294689901314115,0.567310098685887
pi3bplus,margin,fisvdd_revision,n64,B1,2059,8.266795,10.409826,-2.1430310000000006,34.862,34.2947305436726,0.5672694563274021
pi3bplus,margin,fisvdd_revision,n64,B1,2060,8.268774,10.409826,-2.141052,34.324,34.752456748433,-0.42845674843299975
pi3bplus,margin,fisvdd_revision,n64,B1,2061,8.256171,10.409826,-2.1536550000000005,34.324,34.75244875929422,-0.4284487592942199
pi3bplus,margin,fisvdd_revision,n64,B1,2062,8.22414,10.409826,-2.1856860000000005,34.324,34.752428454596576,-0.4284284545965775
pi3bplus,margin,fisvdd_revision,n64,B1,2063,8.301795,10.409826,-2.1080310000000004,34.324,34.294752730442205,0.029247269557792777
pi3bplus,margin,fisvdd_revision,n64,B1,2064,8.211744,10.409826,-2.198082000000001,34.324,34.29469564641963,0.02930435358036476
pi3bplus,margin,fisvdd_revision,n64,B1,2065,8.209921,10.409826,-2.199905000000001,34.324,34.29469449080589,0.029305509194109902
pi3bplus,margin,fisvdd_revision,n64,B1,2066,8.232733,10.409826,-2.177093000000001,34.324,34.75243390176547,-0.428433901765473
pi3bplus,margin,fisvdd_revision,n64,B1,2067,8.225754,10.409826,-2.1840720000000005,34.324,34.75242947772361,-0.4284294777236113
pi3bplus,margin,fisvdd_revision,n64,B1,2068,8.234713,10.409826,-2.1751130000000014,34.324,34.29471020664567,0.02928979335433013
pi3bplus,margin,fisvdd_revision,n64,B1,2069,8.629657,10.409826,-1.7801690000000008,34.324,33.83723561443253,0.4867643855674686
pi3bplus,margin,fisvdd_revision,n64,B1,2070,8.179973,10.409826,-2.2298530000000003,34.324,34.29467550653799,0.029324493462006274
pi3bplus,margin,fisvdd_revision,n64,B1,2071,8.241431,10.409826,-2.1683950000000003,34.324,34.75243941549467,-0.42843941549467246
pi3bplus,margin,fisvdd_revision,n64,B1,2072,8.25414,10.409826,-2.155686000000001,34.324,34.75244747182767,-0.42844747182767406
pi3bplus,margin,fisvdd_revision,n64,B1,2073,8.203776,10.409826,-2.206050000000001,34.324,34.29469059544305,0.029309404556947527
pi3bplus,margin,fisvdd_revision,n64,B1,2074,8.240911,10.409826,-2.168915,34.324,34.29471413560561,0.02928586439438874
pi3bplus,margin,fisvdd_revision,n64,B1,2075,8.224139,10.409826,-2.1856870000000015,34.324,34.29470350370561,0.029296496294385577
pi3bplus,margin,fisvdd_revision,n64,B1,2076,8.186171,10.409826,-2.223655000000001,34.324,34.29467943549794,0.029320564502057778
pi3bplus,margin,fisvdd_revision,n64,B1,2077,8.377315,10.409826,-2.0325110000000013,34.324,34.29480060315195,0.02919939684804973
pi3bplus,margin,fisvdd_revision,n64,B1,2078,8.279659,10.409826,-2.130167,34.324,34.29473869826129,0.02926130173870689
pi3bplus,margin,fisvdd_revision,n64,B1,2079,8.273826,10.409826,-2.136000000000001,34.324,34.294735000677655,0.0292649993223435
pi3bplus,margin,oi_svdd_as_elm_revision,n1024,B2,2080,104.288995,102.952674,1.336320999999998,34.862,34.547999899181725,0.31400010081827645
pi3bplus,margin,oi_svdd_as_elm_revision,n1024,B2,2081,100.111483,102.952674,-2.841190999999995,34.324,35.003076692402,-0.6790766924019991
pi3bplus,margin,oi_svdd_as_elm_revision,n1024,B2,2082,97.327084,102.952674,-5.6255900000000025,34.862,35.00131164042727,-0.13931164042726607
pi3bplus,margin,oi_svdd_as_elm_revision,n1024,B2,2083,97.323646,102.952674,-5.629028000000005,34.862,35.001309461052585,-0.13930946105258357
pi3bplus,margin,oi_svdd_as_elm_revision,n1024,B2,2084,97.25375,102.952674,-5.698924000000005,35.4,34.543540203182715,0.8564597968172833
pi3bplus,margin,oi_svdd_as_elm_revision,n1024,B2,2085,97.264271,102.952674,-5.688403000000008,34.862,34.54354687252566,0.31845312747434207
pi3bplus,margin,oi_svdd_as_elm_revision,n1024,B2,2086,97.161928,102.952674,-5.790745999999999,34.862,35.458931897023696,-0.5969318970236941
pi3bplus,margin,oi_svdd_as_elm_revision,n1024,B2,2087,97.061669,102.952674,-5.891005000000007,35.4,35.45886834207129,-0.058868342071292545
pi3bplus,margin,oi_svdd_as_elm_revision,n1024,B2,2088,97.299218,102.952674,-5.653456000000006,35.4,35.459018926212266,-0.059018926212267786
pi3bplus,margin,oi_svdd_as_elm_revision,n1024,B2,2089,97.300156,102.952674,-5.652518000000001,35.4,35.45901952081769,-0.05901952081769224
pi3bplus,margin,oi_svdd_as_elm_revision,n1024,B2,2090,99.38498,102.952674,-3.567694000000003,35.4,35.46034110681099,-0.060341106810994916
pi3bplus,margin,oi_svdd_as_elm_revision,n1024,B2,2091,97.90489,102.952674,-5.047784000000007,35.938,35.459402866358644,0.47859713364135814
pi3bplus,margin,oi_svdd_as_elm_revision,n1024,B2,2092,97.287604,102.952674,-5.66507,35.4,35.91673651426525,-0.5167365142652542
pi3bplus,margin,oi_svdd_as_elm_revision,n1024,B2,2093,97.313645,102.952674,-5.639029000000008,35.4,35.459028071598695,-0.059028071598696386
pi3bplus,margin,oi_svdd_as_elm_revision,n1024,B2,2094,97.201771,102.952674,-5.750903000000008,35.4,35.916682104065366,-0.5166821040653673
pi3bplus,margin,oi_svdd_as_elm_revision,n1024,B2,2095,97.123022,102.952674,-5.829651999999996,35.4,35.4589072342106,-0.058907234210600734
pi3bplus,margin,oi_svdd_as_elm_revision,n1024,B2,2096,97.332759,102.952674,-5.619915000000006,35.938,35.91676513836759,0.021234861632414948
pi3bplus,margin,oi_svdd_as_elm_revision,n1024,B2,2097,97.239949,102.952674,-5.712725000000006,35.4,35.45898135513661,-0.05898135513660918
pi3bplus,margin,oi_svdd_as_elm_revision,n1024,B2,2098,97.313905,102.952674,-5.638768999999996,35.4,36.37447813692881,-0.9744781369288091
pi3bplus,margin,oi_svdd_as_elm_revision,n1024,B2,2099,97.377187,102.952674,-5.575486999999995,35.938,35.91679330161902,0.021206698380979105
pi3bplus,margin,oi_svdd_as_elm_revision,n1024,B2,2100,100.447261,102.952674,-2.5054130000000043,35.4,36.3764643954339,-0.9764643954339007
pi3bplus,margin,oi_svdd_as_elm_revision,n1024,B2,2101,98.433374,102.952674,-4.519300000000001,35.4,35.45973787643723,-0.059737876437232273
pi3bplus,margin,oi_svdd_as_elm_revision,n1024,B2,2102,97.292656,102.952674,-5.660018000000008,35.938,36.37446466702402,-0.4364646670240191
pi3bplus,margin,oi_svdd_as_elm_revision,n1024,B2,2103,97.52708,102.952674,-5.425594000000004,36.476,35.91688831994637,0.5591116800536255
pi3bplus,margin,oi_svdd_as_elm_revision,n1024,B2,2104,97.365416,102.952674,-5.587258000000006,35.938,35.916785839891446,0.021214160108556257
pi3bplus,margin,oi_svdd_as_elm_revision,n1024,B2,2105,97.41255,102.952674,-5.540124000000006,36.476,36.37454066875418,0.1014593312458203
pi3bplus,margin,oi_svdd_as_elm_revision,n1024,B2,2106,97.398384,102.952674,-5.554290000000009,36.476,36.37453168881766,0.10146831118233735
pi3bplus,margin,oi_svdd_as_elm_revision,n1024,B2,2107,97.383072,102.952674,-5.569602000000003,36.476,35.91679703216585,0.5592029678341461
pi3bplus,margin,oi_svdd_as_elm_revision,n1024,B2,2108,97.305989,102.952674,-5.646685000000005,35.938,36.374473118915425,-0.43647311891542273
pi3bplus,margin,oi_svdd_as_elm_revision,n1024,B2,2109,97.422863,102.952674,-5.529810999999995,35.4,35.91682225598727,-0.5168222559872717
pi3bplus,margin,oi_svdd_as_elm_revision,n1024,B2,2110,99.587582,102.952674,-3.365092000000004,36.476,36.375919438293565,0.10008056170643442
pi3bplus,margin,oi_svdd_as_elm_revision,n1024,B2,2111,97.627705,102.952674,-5.324968999999996,36.476,36.37467705716605,0.10132294283394572
pi3bplus,margin,oi_svdd_as_elm_revision,n1024,B2,2112,97.824265,102.952674,-5.128409000000005,37.014,36.37480165806418,0.639198341935824
pi3bplus,margin,oi_svdd_as_elm_revision,n1024,B2,2113,97.503435,102.952674,-5.449239000000006,36.476,36.37459828145578,0.10140171854421709
pi3bplus,margin,oi_svdd_as_elm_revision,n1024,B2,2114,97.396248,102.952674,-5.556426000000002,36.476,36.374530334790805,0.1014696652091942
pi3bplus,margin,oi_svdd_as_elm_revision,n1024,B2,2115,97.616923,102.952674,-5.335751000000002,36.476,36.3746702223732,0.10132977762680184
pi3bplus,margin,oi_svdd_as_elm_revision,n1024,B2,2116,97.226823,102.952674,-5.725851000000006,35.4,36.3744229349782,-0.9744229349782003
pi3bplus,margin,oi_svdd_as_elm_revision,n1024,B2,2117,97.469112,102.952674,-5.483562000000006,36.476,35.91685157358464,0.5591484264153621
pi3bplus,margin,oi_svdd_as_elm_revision,n1024,B2,2118,97.574111,102.952674,-5.378563,35.938,36.37464308351661,-0.4366430835166071
pi3bplus,margin,oi_svdd_as_elm_revision,n1024,B2,2119,97.450883,102.952674,-5.501790999999997,36.476,36.37456496833816,0.1014350316618362
pi3bplus,margin,tinydl_revision,n16,B2,2120,4.721933,6.611421,-1.889488,35.4,36.3152078220125,-0.9152078220125048
pi3bplus,margin,tinydl_revision,n16,B2,2121,4.60933,6.611421,-2.002091,35.938,36.31513644210341,-0.37713644210340647
pi3bplus,margin,tinydl_revision,n16,B2,2122,4.117096,6.611421,-2.494325,35.4,35.85709946092201,-0.45709946092200937
pi3bplus,margin,tinydl_revision,n16,B2,2123,4.251521,6.611421,-2.3598999999999997,36.476,35.85718467396501,0.6188153260349907
pi3bplus,margin,tinydl_revision,n16,B2,2124,4.151783,6.611421,-2.459638,35.4,35.85712144927851,-0.4571214492785103
pi3bplus,margin,tinydl_revision,n16,B2,2125,4.096732,6.611421,-2.5146889999999997,35.4,35.85708655202554,-0.4570865520255438
pi3bplus,margin,tinydl_revision,n16,B2,2126,4.068242,6.611421,-2.5431790000000003,35.4,35.39934354173802,0.0006564582619787984
pi3bplus,margin,tinydl_revision,n16,B2,2127,4.11121,6.611421,-2.500211,35.938,35.85709572974127,0.08090427025873481
pi3bplus,margin,tinydl_revision,n16,B2,2128,4.128449,6.611421,-2.482972,35.4,35.85710665767616,-0.45710665767616376
pi3bplus,margin,tinydl_revision,n16,B2,2129,4.089388,6.611421,-2.5220330000000004,35.4,35.39935694635031,0.0006430536496893069
pi3bplus,margin,tinydl_revision,n16,B2,2130,4.085898,6.611421,-2.5255229999999997,35.4,35.39935473401243,0.0006452659875719746
pi3bplus,margin,tinydl_revision,n16,B2,2131,4.088242,6.611421,-2.523179,35.938,35.857081170149144,0.08091882985085874
pi3bplus,margin,tinydl_revision,n16,B2,2132,4.158657,6.611421,-2.452764,35.938,35.85712580676006,0.08087419323994283
pi3bplus,margin,tinydl_revision,n16,B2,2133,4.147512,6.611421,-2.463909,35.4,35.399393791601646,0.0006062083983522371
pi3bplus,margin,tinydl_revision,n16,B2,2134,4.067304,6.611421,-2.544117,35.4,35.857067897389655,-0.45706789738965625
pi3bplus,margin,tinydl_revision,n16,B2,2135,4.125377,6.611421,-2.4860439999999997,35.4,35.39937976005464,0.0006202399453556495
pi3bplus,margin,tinydl_revision,n16,B2,2136,4.09871,6.611421,-2.5127110000000004,35.938,35.39936285563792,0.5386371443620845
pi3bplus,margin,tinydl_revision,n16,B2,2137,4.072253,6.611421,-2.539168,36.476,35.39934608434182,1.0766539156581771
pi3bplus,margin,tinydl_revision,n16,B2,2138,4.178397,6.611421,-2.4330239999999996,35.4,35.399413369841064,0.0005866301589350087
pi3bplus,margin,tinydl_revision,n16,B2,2139,4.054127,6.611421,-2.5572939999999997,35.4,35.39933459413079,0.0006654058692063813
pi3bplus,margin,tinydl_revision,n16,B2,2140,4.08095,6.611421,-2.5304710000000004,35.4,35.39935159743711,0.0006484025628878953
pi3bplus,margin,tinydl_revision,n16,B2,2141,4.095429,6.611421,-2.515992,35.4,35.39936077578675,0.0006392242132520209
pi3bplus,margin,tinydl_revision,n16,B2,2142,4.058399,6.611421,-2.5530220000000003,35.4,35.85706225244156,-0.45706225244155974
pi3bplus,margin,tinydl_revision,n16,B2,2143,4.103867,6.611421,-2.507554,35.4,35.399366124699945,0.0006338753000534325
pi3bplus,margin,tinydl_revision,n16,B2,2144,4.121106,6.611421,-2.490315,35.938,35.39937705263484,0.5386229473651625
pi3bplus,margin,tinydl_revision,n16,B2,2145,4.094961,6.611421,-2.5164600000000004,35.4,35.399360479117945,0.0006395208820535458
pi3bplus,margin,tinydl_revision,n16,B2,2146,4.115116,6.611421,-2.4963049999999996,35.4,35.3993732555277,0.0006267444722993787
pi3bplus,margin,tinydl_revision,n16,B2,2147,4.095586,6.611421,-2.515835,35.4,35.39936087531026,0.0006391246897408109
pi3bplus,margin,tinydl_revision,n16,B2,2148,4.064283,6.611421,-2.5471380000000003,34.862,35.399341032097425,-0.537341032097423
pi3bplus,margin,tinydl_revision,n16,B2,2149,4.122565,6.611421,-2.488856,35.4,35.39937797750618,0.0006220224938218166
pi3bplus,margin,tinydl_revision,n16,B2,2150,4.083971,6.611421,-2.52745,35.4,35.39935351247228,0.0006464875277174542
pi3bplus,margin,tinydl_revision,n16,B2,2151,4.110116,6.611421,-2.5013050000000003,35.4,34.94164513573214,0.45835486426786076
pi3bplus,margin,tinydl_revision,n16,B2,2152,4.153658,6.611421,-2.457763,35.4,35.399397687598395,0.0006023124016039105
pi3bplus,margin,tinydl_revision,n16,B2,2153,5.793694,6.611421,-0.8177269999999996,35.938,35.40043731905223,0.5375626809477723
pi3bplus,margin,tinydl_revision,n16,B2,2154,4.063034,6.611421,-2.548387,34.862,35.3993402403467,-0.5373402403467011
pi3bplus,margin,tinydl_revision,n16,B2,2155,4.121731,6.611421,-2.4896900000000004,35.4,35.39937744882715,0.000622551172845931
pi3bplus,margin,tinydl_revision,n16,B2,2156,4.224074,6.611421,-2.387347,35.4,35.39944232484322,0.0005576751567772931
pi3bplus,margin,tinydl_revision,n16,B2,2157,4.098763,6.611421,-2.512658,35.4,35.39936288923503,0.0006371107649698615
pi3bplus,margin,tinydl_revision,n16,B2,2158,4.120846,6.611421,-2.4905749999999998,35.4,35.39937688781884,0.0006231121811595131
pi3bplus,margin,tinydl_revision,n16,B2,2159,4.090221,6.611421,-2.5212000000000003,34.862,35.39935747439543,-0.5373574743954279
pi3bplus,margin,oi_svdd_as_elm_revision,n16,B0,2160,5.126305,5.328353,-0.20204799999999956,34.862,34.15456931924832,0.7074306807516848
pi3bplus,margin,oi_svdd_as_elm_revision,n16,B0,2161,5.044223,5.328353,-0.2841300000000002,34.862,34.612242237093284,0.24975776290671803
pi3bplus,margin,oi_svdd_as_elm_revision,n16,B0,2162,4.935421,5.328353,-0.39293200000000006,34.324,34.15444831641031,0.1695516835896882
pi3bplus,margin,oi_svdd_as_elm_revision,n16,B0,2163,4.972244,5.328353,-0.356109,34.324,34.15447165879366,0.16952834120633753
pi3bplus,margin,oi_svdd_as_elm_revision,n16,B0,2164,4.98292,5.328353,-0.3454329999999999,34.324,34.1544784263923,0.16952157360769604
pi3bplus,margin,oi_svdd_as_elm_revision,n16,B0,2165,4.908963,5.328353,-0.41938999999999993,34.324,34.154431544480296,0.1695684555197019
pi3bplus,margin,oi_svdd_as_elm_revision,n16,B0,2166,5.105211,5.328353,-0.22314200000000017,34.862,34.61228089785629,0.24971910214371462
pi3bplus,margin,oi_svdd_as_elm_revision,n16,B0,2167,4.96714,5.328353,-0.36121300000000023,34.324,34.154468423328744,0.16953157667125396
pi3bplus,margin,oi_svdd_as_elm_revision,n16,B0,2168,4.946306,5.328353,-0.382047,34.324,34.154455216495656,0.16954478350434243
pi3bplus,margin,oi_svdd_as_elm_revision,n16,B0,2169,5.081774,5.328353,-0.24657899999999966,34.324,34.154541090704384,0.16945890929561358
pi3bplus,margin,oi_svdd_as_elm_revision,n16,B0,2170,4.932297,5.328353,-0.39605599999999974,34.324,34.15444633608264,0.16955366391735538
pi3bplus,margin,oi_svdd_as_elm_revision,n16,B0,2171,4.958077,5.328353,-0.3702759999999996,33.786,34.15446267822323,-0.3684626782232314
pi3bplus,margin,oi_svdd_as_elm_revision,n16,B0,2172,5.071097,5.328353,-0.25725599999999993,34.324,34.15453432247184,0.16946567752815866
pi3bplus,margin,oi_svdd_as_elm_revision,n16,B0,2173,4.958754,5.328353,-0.369599,34.324,34.154463107378746,0.16953689262125238
pi3bplus,margin,oi_svdd_as_elm_revision,n16,B0,2174,4.992608,5.328353,-0.3357450000000002,33.786,34.154484567690126,-0.3684845676901247
pi3bplus,margin,oi_svdd_as_elm_revision,n16,B0,2175,5.061045,5.328353,-0.2673079999999999,33.786,34.15452795043161,-0.3685279504316057
pi3bplus,margin,oi_svdd_as_elm_revision,n16,B0,2176,4.914952,5.328353,-0.41340099999999946,34.324,33.69671039069649,0.6272896093035101
pi3bplus,margin,oi_svdd_as_elm_revision,n16,B0,2177,5.003441,5.328353,-0.3249120000000003,33.786,34.15449143481228,-0.3684914348122774
pi3bplus,margin,oi_svdd_as_elm_revision,n16,B0,2178,4.940317,5.328353,-0.3880359999999996,34.324,33.69672646976538,0.6272735302346177
pi3bplus,margin,oi_svdd_as_elm_revision,n16,B0,2179,4.933858,5.328353,-0.39449500000000004,33.786,33.69672237535552,0.08927762464448108
pi3bplus,margin,oi_svdd_as_elm_revision,n16,B0,2180,5.068805,5.328353,-0.25954799999999967,34.324,33.69680791929834,0.6271920807016613
pi3bplus,margin,oi_svdd_as_elm_revision,n16,B0,2181,4.910265,5.328353,-0.418088,34.324,34.15443236982813,0.16956763017186915
pi3bplus,margin,oi_svdd_as_elm_revision,n16,B0,2182,4.918286,5.328353,-0.41006699999999974,34.324,33.69671250414477,0.6272874958552279
pi3bplus,margin,oi_svdd_as_elm_revision,n16,B0,2183,5.083284,5.328353,-0.24506899999999998,34.324,33.23909214739091,1.084907852609085
pi3bplus,margin,oi_svdd_as_elm_revision,n16,B0,2184,4.923494,5.328353,-0.4048590000000001,33.786,33.69671580553609,0.08928419446391445
pi3bplus,margin,oi_svdd_as_elm_revision,n16,B0,2185,4.970108,5.328353,-0.35824500000000015,33.786,33.69674535450976,0.08925464549024298
pi3bplus,margin,oi_svdd_as_elm_revision,n16,B0,2186,4.976462,5.328353,-0.3518910000000002,33.248,33.23902443210225,0.00897556789774967
pi3bplus,margin,oi_svdd_as_elm_revision,n16,B0,2187,4.937869,5.328353,-0.39048399999999983,33.248,34.15444986821637,-0.9064498682163702
pi3bplus,margin,oi_svdd_as_elm_revision,n16,B0,2188,5.018754,5.328353,-0.3095989999999995,33.786,33.696776191583886,0.08922380841611499
pi3bplus,margin,oi_svdd_as_elm_revision,n16,B0,2189,4.950057,5.328353,-0.37829599999999974,33.786,32.7812827435123,1.0047172564877016
pi3bplus,margin,oi_svdd_as_elm_revision,n16,B0,2190,4.925265,5.328353,-0.40308800000000033,33.786,34.15444187844368,-0.3684418784436758
pi3bplus,margin,oi_svdd_as_elm_revision,n16,B0,2191,5.057399,5.328353,-0.2709539999999997,33.786,33.23907573869002,0.5469242613099823
pi3bplus,margin,oi_svdd_as_elm_revision,n16,B0,2192,4.894171,5.328353,-0.43418199999999985,33.786,33.69669721746051,0.08930278253949098
pi3bplus,margin,oi_svdd_as_elm_revision,n16,B0,2193,4.977504,5.328353,-0.3508490000000002,33.786,33.23902509263407,0.5469749073659287
pi3bplus,margin,oi_svdd_as_elm_revision,n16,B0,2194,5.050889,5.328353,-0.27746400000000015,33.786,33.23907161195087,0.5469283880491318
pi3bplus,margin,oi_svdd_as_elm_revision,n16,B0,2195,4.957296,5.328353,-0.3710569999999995,33.248,33.23901228262721,0.008987717372789916
pi3bplus,margin,oi_svdd_as_elm_revision,n16,B0,2196,5.046462,5.328353,-0.2818909999999999,33.786,34.15451870615557,-0.3685187061555695
pi3bplus,margin,oi_svdd_as_elm_revision,n16,B0,2197,5.059847,5.328353,-0.26850599999999947,33.786,33.23907729049608,0.5469227095039244
pi3bplus,margin,oi_svdd_as_elm_revision,n16,B0,2198,4.957504,5.328353,-0.37084899999999976,33.248,32.78128746422296,0.46671253577703453
pi3bplus,margin,oi_svdd_as_elm_revision,n16,B0,2199,5.532707,5.328353,0.20435400000000037,33.248,33.697101990349644,-0.4491019903496465
pi3bplus,margin,oi_svdd_as_elm_revision,n1024,B1,2200,101.976565,102.9101,-0.9335350000000062,33.248,33.4914479368812,-0.24344793688120347
pi3bplus,margin,oi_svdd_as_elm_revision,n1024,B1,2201,99.102687,102.9101,-3.807412999999997,33.786,33.94735111373616,-0.16135111373615985
pi3bplus,margin,oi_svdd_as_elm_revision,n1024,B1,2202,97.250414,102.9101,-5.6596859999999936,34.324,33.48845199335607,0.8355480066439256
pi3bplus,margin,oi_svdd_as_elm_revision,n1024,B1,2203,97.465619,102.9101,-5.444480999999996,34.324,33.94631336372039,0.37768663627960564
pi3bplus,margin,oi_svdd_as_elm_revision,n1024,B1,2204,97.358641,102.9101,-5.551458999999994,34.324,33.94624554954213,0.37775445045787137
pi3bplus,margin,oi_svdd_as_elm_revision,n1024,B1,2205,97.354006,102.9101,-5.556094000000002,34.324,34.40396756163697,-0.07996756163696972
pi3bplus,margin,oi_svdd_as_elm_revision,n1024,B1,2206,97.196664,102.9101,-5.7134360000000015,34.324,34.40386782133113,-0.07986782133113479
pi3bplus,margin,oi_svdd_as_elm_revision,n1024,B1,2207,97.294632,102.9101,-5.615468000000007,34.324,34.403929924001,-0.07992992400100007
pi3bplus,margin,oi_svdd_as_elm_revision,n1024,B1,2208,97.953011,102.9101,-4.957088999999996,33.786,34.404347275520685,-0.6183472755206836
pi3bplus,margin,oi_svdd_as_elm_revision,n1024,B1,2209,99.822003,102.9101,-3.0880970000000048,34.324,34.4055320439466,-0.08153204394660207
pi3bplus,margin,oi_svdd_as_elm_revision,n1024,B1,2210,97.527702,102.9101,-5.382397999999995,34.862,34.86180261912642,0.00019738087357978884
pi3bplus,margin,oi_svdd_as_elm_revision,n1024,B1,2211,97.408172,102.9101,-5.501928000000007,34.324,34.404001897881614,-0.08000189788161549
pi3bplus,margin,oi_svdd_as_elm_revision,n1024,B1,2212,98.529984,102.9101,-4.380116000000001,34.324,34.86243797340695,-0.5384379734069498
pi3bplus,margin,oi_svdd_as_elm_revision,n1024,B1,2213,97.656451,102.9101,-5.253648999999996,34.324,34.404159283852245,-0.08015928385224669
pi3bplus,margin,oi_svdd_as_elm_revision,n1024,B1,2214,97.711815,102.9101,-5.1982849999999985,34.862,34.86191932977537,8.067022463364992e-05
pi3bplus,margin,oi_svdd_as_elm_revision,n1024,B1,2215,97.411557,102.9101,-5.498542999999998,34.324,34.404004043659185,-0.08000404365918712
pi3bplus,margin,oi_svdd_as_elm_revision,n1024,B1,2216,97.216247,102.9101,-5.693853000000004,35.4,34.403880235145685,0.9961197648543134
pi3bplus,margin,oi_svdd_as_elm_revision,n1024,B1,2217,97.714627,102.9101,-5.195473000000007,34.324,34.40419616206678,-0.08019616206678393
pi3bplus,margin,oi_svdd_as_elm_revision,n1024,B1,2218,97.674367,102.9101,-5.235732999999996,34.324,35.31962054145676,-0.9956205414567592
pi3bplus,margin,oi_svdd_as_elm_revision,n1024,B1,2219,99.640703,102.9101,-3.269396999999998,34.862,34.863142066737076,-0.0011420667370742876
pi3bplus,margin,oi_svdd_as_elm_revision,n1024,B1,2220,97.352756,102.9101,-5.5573440000000005,34.862,35.31941666976644,-0.45741666976643813
pi3bplus,margin,oi_svdd_as_elm_revision,n1024,B1,2221,97.34036,102.9101,-5.569739999999996,35.4,34.8616838615895,0.5383161384105009
pi3bplus,margin,oi_svdd_as_elm_revision,n1024,B1,2222,97.214684,102.9101,-5.6954159999999945,34.862,34.861604194605,0.0003958053950015028
pi3bplus,margin,oi_svdd_as_elm_revision,n1024,B1,2223,97.583743,102.9101,-5.326357000000002,34.862,34.86183814394801,0.0001618560519887069
pi3bplus,margin,oi_svdd_as_elm_revision,n1024,B1,2224,97.2526,102.9101,-5.657499999999999,35.4,34.86162822984947,0.5383717701505262
pi3bplus,margin,oi_svdd_as_elm_revision,n1024,B1,2225,97.531504,102.9101,-5.378596000000002,35.4,34.86180502924351,0.5381949707564857
pi3bplus,margin,oi_svdd_as_elm_revision,n1024,B1,2226,97.190726,102.9101,-5.719374000000002,34.324,34.861589007444245,-0.5375890074442466
pi3bplus,margin,oi_svdd_as_elm_revision,n1024,B1,2227,97.657179,102.9101,-5.252921000000001,35.4,34.8618846955941,0.538115304405899
pi3bplus,margin,oi_svdd_as_elm_revision,n1024,B1,2228,98.793315,102.9101,-4.116784999999993,34.862,34.86260490095632,-0.0006049009563184882
pi3bplus,margin,oi_svdd_as_elm_revision,n1024,B1,2229,99.38659,102.9101,-3.5235100000000017,34.862,34.862980982548905,-0.0009809825489028867
pi3bplus,margin,oi_svdd_as_elm_revision,n1024,B1,2230,97.506244,102.9101,-5.403856000000005,35.4,35.319513966991984,0.0804860330080146
pi3bplus,margin,oi_svdd_as_elm_revision,n1024,B1,2231,97.4139,102.9101,-5.496200000000002,34.862,35.319455429419044,-0.45745542941904205
pi3bplus,margin,oi_svdd_as_elm_revision,n1024,B1,2232,97.642388,102.9101,-5.267712000000003,34.862,35.319600269722315,-0.45760026972231316
pi3bplus,margin,oi_svdd_as_elm_revision,n1024,B1,2233,97.843115,102.9101,-5.0669850000000025,35.4,34.86200256185679,0.5379974381432078
pi3bplus,margin,oi_svdd_as_elm_revision,n1024,B1,2234,97.881552,102.9101,-5.028548000000001,34.862,34.86202692736718,-2.6927367180462625e-05
pi3bplus,margin,oi_svdd_as_elm_revision,n1024,B1,2235,97.530982,102.9101,-5.379118000000005,35.4,35.31952964860074,0.0804703513992564
pi3bplus,margin,oi_svdd_as_elm_revision,n1024,B1,2236,97.629836,102.9101,-5.2802640000000025,35.4,34.86186736265577,0.5381326373442263
pi3bplus,margin,oi_svdd_as_elm_revision,n1024,B1,2237,98.43212,102.9101,-4.477980000000002,35.4,35.77782583717759,-0.3778258371775891
pi3bplus,margin,oi_svdd_as_elm_revision,n1024,B1,2238,97.496608,102.9101,-5.413492000000005,35.4,35.31950785865735,0.0804921413426456
pi3bplus,margin,oi_svdd_as_elm_revision,n1024,B1,2239,99.395236,102.9101,-3.514864000000003,35.4,35.320711413571956,0.07928858642804215
pi3bplus,margin,tinydl_revision,n64,B0,2240,7.887892,8.925118,-1.0372259999999995,34.324,34.68186690707475,-0.3578669070747509
pi3bplus,margin,tinydl_revision,n64,B0,2241,7.824508,8.925118,-1.1006099999999996,34.324,34.68182672746889,-0.35782672746888977
pi3bplus,margin,tinydl_revision,n64,B0,2242,7.689821,8.925118,-1.2352969999999992,34.862,34.68174134834208,0.18025865165792254
pi3bplus,margin,tinydl_revision,n64,B0,2243,9.384753,8.925118,0.45963500000000046,34.324,34.22509082853613,0.09890917146386613
pi3bplus,margin,tinydl_revision,n64,B0,2244,7.772997,8.925118,-1.1521209999999993,34.324,34.22406912399214,0.09993087600786055
pi3bplus,margin,tinydl_revision,n64,B0,2245,7.703675,8.925118,-1.2214429999999998,34.324,34.22402518024234,0.0999748197576551
pi3bplus,margin,tinydl_revision,n64,B0,2246,7.737477,8.925118,-1.1876409999999993,34.324,33.76632165733347,0.5576783426665273
pi3bplus,margin,tinydl_revision,n64,B0,2247,7.74456,8.925118,-1.1805579999999996,34.324,34.224051097558785,0.0999489024412128
pi3bplus,margin,tinydl_revision,n64,B0,2248,7.700603,8.925118,-1.2245149999999994,34.324,34.224023232877876,0.09997676712212211
pi3bplus,margin,tinydl_revision,n64,B0,2249,7.756384,8.925118,-1.1687339999999997,33.786,34.224058592883466,-0.4380585928834648
pi3bplus,margin,tinydl_revision,n64,B0,2250,7.864924,8.925118,-1.0601939999999992,33.786,34.224127397225566,-0.43812739722556415
pi3bplus,margin,tinydl_revision,n64,B0,2251,7.689977,8.925118,-1.2351409999999996,33.786,33.766291546717575,0.01970845328242632
pi3bplus,margin,tinydl_revision,n64,B0,2252,7.745445,8.925118,-1.1796729999999993,34.324,34.224051658567106,0.09994834143289211
pi3bplus,margin,tinydl_revision,n64,B0,2253,7.786383,8.925118,-1.1387349999999996,34.324,33.7663526592236,0.5576473407763984
pi3bplus,margin,tinydl_revision,n64,B0,2254,7.697321,8.925118,-1.2277969999999998,34.324,34.2240211523928,0.099978847607197
pi3bplus,margin,tinydl_revision,n64,B0,2255,7.76581,8.925118,-1.1593079999999993,33.786,33.30861466758337,0.47738533241663106
pi3bplus,margin,tinydl_revision,n64,B0,2256,7.773153,8.925118,-1.1519649999999997,33.786,34.224069222881745,-0.43806922288174377
pi3bplus,margin,tinydl_revision,n64,B0,2257,7.751904,8.925118,-1.1732139999999998,33.786,34.22405575297696,-0.43805575297695754
pi3bplus,margin,tinydl_revision,n64,B0,2258,7.796539,8.925118,-1.1285789999999993,33.248,33.30863414693319,-0.06063414693318947
pi3bplus,margin,tinydl_revision,n64,B0,2259,7.754091,8.925118,-1.1710269999999996,33.248,33.76633218907605,-0.5183321890760553
pi3bplus,margin,tinydl_revision,n64,B0,2260,7.715342,8.925118,-1.2097759999999997,33.786,33.76630762578646,0.019692374213541086
pi3bplus,margin,tinydl_revision,n64,B0,2261,8.000183,8.925118,-0.9249349999999996,33.786,33.308763238433485,0.47723676156651607
pi3bplus,margin,tinydl_revision,n64,B0,2262,7.780185,8.925118,-1.144932999999999,33.248,33.76634873026366,-0.5183487302636607
pi3bplus,margin,tinydl_revision,n64,B0,2263,7.723363,8.925118,-1.2017549999999995,33.248,33.766312710360154,-0.5183127103601564
pi3bplus,margin,tinydl_revision,n64,B0,2264,7.734509,8.925118,-1.1906089999999994,33.248,33.30859482563836,-0.06059482563836127
pi3bplus,margin,tinydl_revision,n64,B0,2265,7.766174,8.925118,-1.158943999999999,33.248,34.22406479883988,-0.9760647988398858
pi3bplus,margin,tinydl_revision,n64,B0,2266,7.708936,8.925118,-1.2161819999999999,33.786,33.308578614716666,0.47742138528333555
pi3bplus,margin,tinydl_revision,n64,B0,2267,7.70706,8.925118,-1.2180579999999992,33.248,33.30857742550582,-0.06057742550581935
pi3bplus,margin,tinydl_revision,n64,B0,2268,7.739925,8.925118,-1.185192999999999,33.248,33.308598258882476,-0.06059825888247872
pi3bplus,margin,tinydl_revision,n64,B0,2269,7.72503,8.925118,-1.2000879999999992,33.248,33.30858881682724,-0.06058881682724149
pi3bplus,margin,tinydl_revision,n64,B0,2270,7.691123,8.925118,-1.2339949999999993,33.248,34.22401722343285,-0.976017223432855
pi3bplus,margin,tinydl_revision,n64,B0,2271,7.739821,8.925118,-1.1852969999999994,33.248,33.308598192956076,-0.06059819295607838
pi3bplus,margin,tinydl_revision,n64,B0,2272,7.693051,8.925118,-1.2320669999999998,32.71,33.308568545092804,-0.5985685450928031
pi3bplus,margin,tinydl_revision,n64,B0,2273,7.805446,8.925118,-1.1196719999999996,33.248,33.3086397931491,-0.060639793149100285
pi3bplus,margin,tinydl_revision,n64,B0,2274,7.695394,8.925118,-1.2297239999999992,33.248,33.30857003033855,-0.06057003033855324
pi3bplus,margin,tinydl_revision,n64,B0,2275,7.713623,8.925118,-1.2114949999999993,33.248,33.30858158584207,-0.06058158584207263
pi3bplus,margin,tinydl_revision,n64,B0,2276,7.751384,8.925118,-1.1737339999999996,33.248,33.308605522830845,-0.06060552283084775
pi3bplus,margin,tinydl_revision,n64,B0,2277,7.674978,8.925118,-1.2501399999999991,33.786,33.30855708847888,0.4774429115211234
pi3bplus,margin,tinydl_revision,n64,B0,2278,7.714821,8.925118,-1.2102969999999997,32.172,33.76630729552055,-1.5943072955205508
pi3bplus,margin,tinydl_revision,n64,B0,2279,7.838934,8.925118,-1.0861839999999994,32.71,32.8509360711932,-0.1409360711932024
pi3bplus,margin,fisvdd_revision,n1024,B0,2280,84.668346,86.975766,-2.3074199999999934,33.248,33.322274778729835,-0.07427477872983701
pi3bplus,margin,fisvdd_revision,n1024,B0,2281,84.486836,86.975766,-2.4889299999999963,33.248,33.322159718142636,-0.07415971814263855
pi3bplus,margin,fisvdd_revision,n1024,B0,2282,84.468139,86.975766,-2.5076269999999994,33.248,32.4066979654562,0.8413020345437943
pi3bplus,margin,fisvdd_revision,n1024,B0,2283,84.473192,86.975766,-2.5025739999999956,33.248,33.77987601936299,-0.5318760193629899
pi3bplus,margin,fisvdd_revision,n1024,B0,2284,85.25709,86.975766,-1.7186759999999879,33.248,33.78037293834367,-0.5323729383436699
pi3bplus,margin,fisvdd_revision,n1024,B0,2285,84.867511,86.975766,-2.1082549999999998,33.248,33.32240103095753,-0.07440103095753159
pi3bplus,margin,fisvdd_revision,n1024,B0,2286,84.361578,86.975766,-2.6141879999999986,33.786,33.322080316131554,0.46391968386844695
pi3bplus,margin,fisvdd_revision,n1024,B0,2287,84.32887,86.975766,-2.646895999999998,33.248,33.77978453253545,-0.531784532535454
pi3bplus,margin,fisvdd_revision,n1024,B0,2288,84.482305,86.975766,-2.4934609999999964,33.248,33.32215684590683,-0.07415684590683469
pi3bplus,margin,fisvdd_revision,n1024,B0,2289,84.453087,86.975766,-2.5226789999999966,33.786,33.32213832439156,0.4638616756084417
pi3bplus,margin,fisvdd_revision,n1024,B0,2290,84.523138,86.975766,-2.45262799999999,33.786,33.77990768051713,0.006092319482874586
pi3bplus,margin,fisvdd_revision,n1024,B0,2291,84.415587,86.975766,-2.560178999999991,33.786,34.2375644533668,-0.4515644533667995
pi3bplus,margin,fisvdd_revision,n1024,B0,2292,84.654908,86.975766,-2.320857999999987,33.248,33.77999121053517,-0.5319912105351747
pi3bplus,margin,fisvdd_revision,n1024,B0,2293,84.474545,86.975766,-2.501220999999987,33.786,33.77987687704011,0.0061231229598917025
pi3bplus,margin,fisvdd_revision,n1024,B0,2294,84.79001,86.975766,-2.185755999999998,33.248,33.78007685273368,-0.532076852733681
pi3bplus,margin,fisvdd_revision,n1024,B0,2295,84.367932,86.975766,-2.607833999999997,33.248,33.322084343981096,-0.07408434398109875
pi3bplus,margin,fisvdd_revision,n1024,B0,2296,86.445776,86.975766,-0.529989999999998,34.324,33.781126455555686,0.542873544444312
pi3bplus,margin,fisvdd_revision,n1024,B0,2297,84.658814,86.975766,-2.3169519999999864,33.786,33.779993686578656,0.006006313421345055
pi3bplus,margin,fisvdd_revision,n1024,B0,2298,84.495795,86.975766,-2.479970999999992,34.324,33.32216539732175,1.001834602678251
pi3bplus,margin,fisvdd_revision,n1024,B0,2299,84.504857,86.975766,-2.470908999999992,33.786,33.77989609205041,0.006103907949594145
pi3bplus,margin,fisvdd_revision,n1024,B0,2300,85.501514,86.975766,-1.4742519999999928,34.324,33.7805278806001,0.543472119399901
pi3bplus,margin,fisvdd_revision,n1024,B0,2301,84.70397,86.975766,-2.271795999999995,33.248,34.237747261571954,-0.9897472615719565
pi3bplus,margin,fisvdd_revision,n1024,B0,2302,84.745272,86.975766,-2.230493999999993,33.248,33.322323542713804,-0.07432354271380603
pi3bplus,margin,fisvdd_revision,n1024,B0,2303,84.604544,86.975766,-2.371221999999989,33.786,33.77995928440761,0.006040715592391166
pi3bplus,margin,fisvdd_revision,n1024,B0,2304,85.701252,86.975766,-1.2745139999999964,33.786,33.78065449605691,0.00534550394309008
pi3bplus,margin,fisvdd_revision,n1024,B0,2305,84.642512,86.975766,-2.3332539999999966,34.324,33.77998335261528,0.5440166473847157
pi3bplus,margin,fisvdd_revision,n1024,B0,2306,86.580982,86.975766,-0.39478399999998715,33.786,34.23893711393765,-0.4529371139376508
pi3bplus,margin,fisvdd_revision,n1024,B0,2307,84.611991,86.975766,-2.3637749999999897,33.786,33.32223905486122,0.4637609451387803
pi3bplus,margin,fisvdd_revision,n1024,B0,2308,84.689595,86.975766,-2.286170999999996,33.786,34.23773814914872,-0.4517381491487171
pi3bplus,margin,fisvdd_revision,n1024,B0,2309,84.462566,86.975766,-2.5131999999999977,33.786,33.77986928345973,0.006130716540269532
pi3bplus,margin,fisvdd_revision,n1024,B0,2310,84.49944,86.975766,-2.476325999999986,33.786,33.77989265817238,0.006107341827622292
pi3bplus,margin,fisvdd_revision,n1024,B0,2311,84.573919,86.975766,-2.4018469999999894,33.786,33.7799398709842,0.006060129015800442
pi3bplus,margin,fisvdd_revision,n1024,B0,2312,84.512149,86.975766,-2.4636169999999993,33.786,33.779900714505374,0.006099285494627793
pi3bplus,margin,fisvdd_revision,n1024,B0,2313,84.676418,86.975766,-2.299347999999995,33.786,33.32227989563281,0.4637201043671908
pi3bplus,margin,fisvdd_revision,n1024,B0,2314,84.493867,86.975766,-2.4818989999999985,34.324,34.2376140756618,0.08638592433819525
pi3bplus,margin,fisvdd_revision,n1024,B0,2315,84.626053,86.975766,-2.349712999999994,33.786,33.7799729191284,0.006027080871604085
pi3bplus,margin,fisvdd_revision,n1024,B0,2316,86.512025,86.975766,-0.46374099999999885,33.786,33.78116845130711,0.004831548692891374
pi3bplus,margin,fisvdd_revision,n1024,B0,2317,84.699438,86.975766,-2.2763279999999924,34.324,33.78001943844519,0.543980561554811
pi3bplus,margin,fisvdd_revision,n1024,B0,2318,84.561575,86.975766,-2.414190999999988,34.324,33.77993204602751,0.5440679539724869
pi3bplus,margin,fisvdd_revision,n1024,B0,2319,84.472149,86.975766,-2.5036169999999913,33.786,33.3221504079402,0.4638495920598018
pi3bplus,margin,fisvdd_revision,n1024,B1,2320,88.547161,91.522977,-2.9758159999999947,33.786,33.922094734290894,-0.13609473429089292
pi3bplus,margin,fisvdd_revision,n1024,B1,2321,88.272424,91.522977,-3.2505529999999965,34.324,33.92192057639026,0.4020794236097416
pi3bplus,margin,fisvdd_revision,n1024,B1,2322,84.653188,91.522977,-6.869788999999997,34.862,34.3773512650674,0.4846487349326054
pi3bplus,margin,fisvdd_revision,n1024,B1,2323,84.45694,91.522977,-7.066036999999994,34.324,34.37722686194847,-0.053226861948473925
pi3bplus,margin,fisvdd_revision,n1024,B1,2324,84.46543,91.522977,-7.057547,34.324,34.83495719408193,-0.5109571940819322
pi3bplus,margin,fisvdd_revision,n1024,B1,2325,84.768135,91.522977,-6.7548419999999965,34.324,34.377424130856156,-0.0534241308561576
pi3bplus,margin,fisvdd_revision,n1024,B1,2326,84.556522,91.522977,-6.966454999999996,34.862,34.37728998774537,0.48471001225463084
pi3bplus,margin,fisvdd_revision,n1024,B1,2327,84.555793,91.522977,-6.967184000000003,34.862,34.83501447588371,0.026985524116291515
pi3bplus,margin,fisvdd_revision,n1024,B1,2328,85.017455,91.522977,-6.505521999999999,34.862,34.3775821767247,0.4844178232753009
pi3bplus,margin,fisvdd_revision,n1024,B1,2329,84.589699,91.522977,-6.933278000000001,34.324,34.37731101890123,-0.053311018901233354
pi3bplus,margin,fisvdd_revision,n1024,B1,2330,85.114173,91.522977,-6.4088040000000035,34.324,34.377643487009934,-0.0536434870099356
pi3bplus,margin,fisvdd_revision,n1024,B1,2331,86.641189,91.522977,-4.881788,34.324,34.37861147421516,-0.054611474215164435
pi3bplus,margin,fisvdd_revision,n1024,B1,2332,84.916675,91.522977,-6.6063019999999995,34.324,34.37751829150638,-0.053518291506378546
pi3bplus,margin,fisvdd_revision,n1024,B1,2333,84.659595,91.522977,-6.863382000000001,34.862,34.835080276771116,0.026919723228886028
pi3bplus,margin,fisvdd_revision,n1024,B1,2334,84.67949,91.522977,-6.843486999999996,34.862,34.83509288836487,0.026907111635132708
pi3bplus,margin,fisvdd_revision,n1024,B1,2335,84.506991,91.522977,-7.015985999999998,34.862,34.37725858966292,0.4847414103370795
pi3bplus,margin,fisvdd_revision,n1024,B1,2336,84.662199,91.522977,-6.860777999999996,34.862,34.377356977209715,0.48464302279028715
pi3bplus,margin,fisvdd_revision,n1024,B1,2337,84.76152,91.522977,-6.761456999999993,34.862,34.377419937556695,0.48458006244330676
pi3bplus,margin,fisvdd_revision,n1024,B1,2338,84.437513,91.522977,-7.085464000000002,34.862,34.37721454702353,0.4847854529764746
pi3bplus,margin,fisvdd_revision,n1024,B1,2339,84.613292,91.522977,-6.909684999999996,34.324,34.835050924942735,-0.5110509249427366
pi3bplus,margin,fisvdd_revision,n1024,B1,2340,84.615532,91.522977,-6.907444999999996,34.324,34.83505234489599,-0.5110523448959938
pi3bplus,margin,fisvdd_revision,n1024,B1,2341,86.476191,91.522977,-5.046785999999997,34.324,34.37850688071195,-0.054506880711954864
pi3bplus,margin,fisvdd_revision,n1024,B1,2342,84.668605,91.522977,-6.854371999999998,34.862,34.835085988279516,0.026914011720485576
pi3bplus,margin,fisvdd_revision,n1024,B1,2343,84.779802,91.522977,-6.743174999999994,34.862,34.835156476914385,0.026843523085616994
pi3bplus,margin,fisvdd_revision,n1024,B1,2344,85.03558,91.522977,-6.487397000000001,34.324,34.37759366630182,-0.05359366630182194
pi3bplus,margin,fisvdd_revision,n1024,B1,2345,84.652095,91.522977,-6.870881999999995,34.862,34.83507552246334,0.026924477536660163
pi3bplus,margin,fisvdd_revision,n1024,B1,2346,84.625063,91.522977,-6.897914,34.324,34.37733343641325,-0.053333436413254276
pi3bplus,margin,fisvdd_revision,n1024,B1,2347,85.050163,91.522977,-6.472814,34.862,34.835327860834916,0.02667213916508615
pi3bplus,margin,fisvdd_revision,n1024,B1,2348,84.872665,91.522977,-6.650312,34.324,34.37749039322836,-0.05349039322836546
pi3bplus,margin,fisvdd_revision,n1024,B1,2349,84.514595,91.522977,-7.0083819999999974,34.862,34.834988360154156,0.027011639845845536
pi3bplus,margin,fisvdd_revision,n1024,B1,2350,84.563657,91.522977,-6.959319999999991,34.862,34.835019460933886,0.026980539066116194
pi3bplus,margin,fisvdd_revision,n1024,B1,2351,86.299161,91.522977,-5.223815999999999,34.862,35.293844560545374,-0.4318445605453718
pi3bplus,margin,fisvdd_revision,n1024,B1,2352,84.659646,91.522977,-6.863331000000002,34.324,35.29280525935745,-0.9688052593574525
pi3bplus,margin,fisvdd_revision,n1024,B1,2353,84.514856,91.522977,-7.008121000000003,35.4,34.83498852560407,0.5650114743959307
pi3bplus,margin,fisvdd_revision,n1024,B1,2354,84.547251,91.522977,-6.9757259999999945,35.4,34.37728411078705,1.0227158892129466
pi3bplus,margin,fisvdd_revision,n1024,B1,2355,84.650011,91.522977,-6.872965999999991,35.4,34.377349251142626,1.022650748857373
pi3bplus,margin,fisvdd_revision,n1024,B1,2356,84.96157,91.522977,-6.561407000000003,34.862,34.83527170104977,0.026728298950231988
pi3bplus,margin,fisvdd_revision,n1024,B1,2357,85.199381,91.522977,-6.323595999999995,34.862,34.83542245127456,0.026577548725441602
pi3bplus,margin,fisvdd_revision,n1024,B1,2358,84.585428,91.522977,-6.937549000000004,34.862,35.29275821199554,-0.43075821199553843
pi3bplus,margin,fisvdd_revision,n1024,B1,2359,84.52798,91.522977,-6.994996999999998,34.862,35.29272179526581,-0.43072179526581067
pi3bplus,margin,tinydl_revision,n512,B0,2360,41.740115,43.712238,-1.9721229999999963,33.786,34.27125024058846,-0.48525024058845645
pi3bplus,margin,tinydl_revision,n512,B0,2361,41.151214,43.712238,-2.561023999999996,34.324,34.270876931708166,0.053123068291832
pi3bplus,margin,tinydl_revision,n512,B0,2362,41.160641,43.712238,-2.551597000000001,34.324,34.270882907556086,0.053117092443912384
pi3bplus,margin,tinydl_revision,n512,B0,2363,41.084027,43.712238,-2.6282110000000003,34.324,34.27083434135132,0.05316565864868039
pi3bplus,margin,tinydl_revision,n512,B0,2364,41.161058,43.712238,-2.5511800000000022,34.324,34.2708831718956,0.05311682810440033
pi3bplus,margin,tinydl_revision,n512,B0,2365,41.207777,43.712238,-2.504460999999999,34.324,34.27091278742958,0.05308721257041782
pi3bplus,margin,tinydl_revision,n512,B0,2366,41.108976,43.712238,-2.603262000000001,34.324,34.2708501567146,0.053149843285396514
pi3bplus,margin,tinydl_revision,n512,B0,2367,41.094184,43.712238,-2.6180540000000008,34.324,33.81311582969481,0.5108841703051894
pi3bplus,margin,tinydl_revision,n512,B0,2368,41.165746,43.712238,-2.5464920000000006,33.786,34.27088614365491,-0.48488614365491145
pi3bplus,margin,tinydl_revision,n512,B0,2369,41.303141,43.712238,-2.4090970000000027,33.786,34.27097323940379,-0.4849732394037858
pi3bplus,margin,tinydl_revision,n512,B0,2370,41.311056,43.712238,-2.4011819999999986,33.786,34.27097825678325,-0.48497825678325057
pi3bplus,margin,tinydl_revision,n512,B0,2371,41.395067,43.712238,-2.317171000000002,34.324,33.81330656174625,0.510693438253746
pi3bplus,margin,tinydl_revision,n512,B0,2372,41.13736,43.712238,-2.5748779999999982,34.324,33.8131431992938,0.5108568007062004
pi3bplus,margin,tinydl_revision,n512,B0,2373,41.301369,43.712238,-2.410868999999998,33.786,34.27097211611933,-0.4849721161193301
pi3bplus,margin,tinydl_revision,n512,B0,2374,41.153766,43.712238,-2.558472000000002,33.786,33.81315359918357,-0.02715359918357052
pi3bplus,margin,tinydl_revision,n512,B0,2375,41.333504,43.712238,-2.3787340000000015,33.786,33.81326753648632,-0.02726753648632041
pi3bplus,margin,tinydl_revision,n512,B0,2376,41.357931,43.712238,-2.3543069999999986,34.324,33.81328302094979,0.5107169790502084
pi3bplus,margin,tinydl_revision,n512,B0,2377,41.220172,43.712238,-2.4920660000000012,33.786,33.81319569445851,-0.02719569445850567
pi3bplus,margin,tinydl_revision,n512,B0,2378,41.246994,43.712238,-2.4652439999999984,33.248,34.270937647387974,-1.0229376473879768
pi3bplus,margin,tinydl_revision,n512,B0,2379,41.435065,43.712238,-2.2771729999999977,33.786,33.81333191678656,-0.027331916786557997
pi3bplus,margin,tinydl_revision,n512,B0,2380,41.151318,43.712238,-2.560919999999996,33.786,32.89770214686341,0.8882978531365922
pi3bplus,margin,tinydl_revision,n512,B0,2381,41.374702,43.712238,-2.337536,34.324,33.813293652215876,0.5107063477841223
pi3bplus,margin,tinydl_revision,n512,B0,2382,41.167412,43.712238,-2.5448260000000005,33.786,34.27088719974515,-0.4848871997451454
pi3bplus,margin,tinydl_revision,n512,B0,2383,41.155329,43.712238,-2.5569089999999974,34.324,33.355429639724264,0.9685703602757343
pi3bplus,margin,tinydl_revision,n512,B0,2384,43.459889,43.712238,-0.2523490000000024,33.786,33.814615468317676,-0.028615468317674697
pi3bplus,margin,tinydl_revision,n512,B0,2385,41.428139,43.712238,-2.2840989999999977,34.324,33.355602576084756,0.968397423915242
pi3bplus,margin,tinydl_revision,n512,B0,2386,41.290275,43.712238,-2.421962999999998,34.324,34.270965083547274,0.053034916452723735
pi3bplus,margin,tinydl_revision,n512,B0,2387,41.25137,43.712238,-2.460867999999998,33.248,33.35549052085398,-0.10749052085397892
pi3bplus,margin,tinydl_revision,n512,B0,2388,41.346734,43.712238,-2.3655040000000014,33.248,34.27100087334229,-1.0230008733422906
pi3bplus,margin,tinydl_revision,n512,B0,2389,41.686417,43.712238,-2.0258210000000005,33.786,33.81349125075556,-0.027491250755559804
pi3bplus,margin,tinydl_revision,n512,B0,2390,41.216317,43.712238,-2.4959210000000027,33.248,33.81319325074431,-0.5651932507443149
pi3bplus,margin,tinydl_revision,n512,B0,2391,41.28965,43.712238,-2.4225879999999975,33.248,33.81323973709791,-0.5652397370979116
pi3bplus,margin,tinydl_revision,n512,B0,2392,41.31241,43.712238,-2.3998279999999994,33.786,33.35552921458018,0.4304707854198213
pi3bplus,margin,tinydl_revision,n512,B0,2393,41.241057,43.712238,-2.4711810000000014,33.786,33.35548398336384,0.4305160166361617
pi3bplus,margin,tinydl_revision,n512,B0,2394,43.736189,43.712238,0.02395100000000383,33.248,33.357065666759,-0.10906566675900109
pi3bplus,margin,tinydl_revision,n512,B0,2395,41.366889,43.712238,-2.345348999999999,33.786,33.35556374923794,0.4304362507620638
pi3bplus,margin,tinydl_revision,n512,B0,2396,41.169808,43.712238,-2.542429999999996,33.248,33.813163768330945,-0.5651637683309474
pi3bplus,margin,tinydl_revision,n512,B0,2397,41.398868,43.712238,-2.313369999999999,33.248,33.81330897122943,-0.5653089712294346
pi3bplus,margin,tinydl_revision,n512,B0,2398,41.204495,43.712238,-2.507742999999998,33.248,33.35546080643039,-0.1074608064303959
pi3bplus,margin,tinydl_revision,n512,B0,2399,41.391681,43.712238,-2.320557000000001,33.248,33.81330441533477,-0.5653044153347722
pi3bplus,margin,lucid_revision,n1024,B2,2400,689.911306,753.575972,-63.66466600000001,34.324,33.960384768957624,0.3636152310423739
pi3bplus,margin,lucid_revision,n1024,B2,2401,715.222203,753.575972,-38.35376899999994,35.4,34.891879442053536,0.5081205579464623
pi3bplus,margin,lucid_revision,n1024,B2,2402,712.849517,753.575972,-40.72645499999999,35.4,35.8058252786351,-0.4058252786350991
pi3bplus,margin,lucid_revision,n1024,B2,2403,714.671842,753.575972,-38.90413000000001,35.4,35.80698046449023,-0.40698046449023195
pi3bplus,margin,lucid_revision,n1024,B2,2404,713.258573,753.575972,-40.31739900000002,36.476,35.806084582384514,0.6699154176154849
pi3bplus,margin,lucid_revision,n1024,B2,2405,716.603696,753.575972,-36.972275999999965,36.476,36.72365498213629,-0.24765498213628945
pi3bplus,margin,lucid_revision,n1024,B2,2406,712.389933,753.575972,-41.18603899999994,36.476,36.26325889505431,0.21274110494569243
pi3bplus,margin,lucid_revision,n1024,B2,2407,716.355467,753.575972,-37.220505,35.938,36.72349762786104,-0.7854976278610408
pi3bplus,margin,lucid_revision,n1024,B2,2408,722.344678,753.575972,-31.231293999999934,36.476,36.7272942348497,-0.25129423484970204
pi3bplus,margin,lucid_revision,n1024,B2,2409,733.746804,753.575972,-19.82916799999998,37.014,36.734522130353334,0.2794778696466693
pi3bplus,margin,lucid_revision,n1024,B2,2410,711.340929,753.575972,-42.23504300000002,37.014,36.72031887359513,0.29368112640487
pi3bplus,margin,lucid_revision,n1024,B2,2411,716.941394,753.575972,-36.63457800000003,37.014,36.723869051499825,0.2901309485001775
pi3bplus,margin,lucid_revision,n1024,B2,2412,713.368615,753.575972,-40.207357,37.552,37.17932918962714,0.37267081037285976
pi3bplus,margin,lucid_revision,n1024,B2,2413,713.219135,753.575972,-40.35683699999993,37.014,36.72150948284662,0.29249051715338226
pi3bplus,margin,lucid_revision,n1024,B2,2414,711.792534,753.575972,-41.78343799999993,37.552,37.178330099740464,0.37366990025953584
pi3bplus,margin,lucid_revision,n1024,B2,2415,716.467956,753.575972,-37.10801600000002,37.014,37.639018836018764,-0.6250188360187607
pi3bplus,margin,lucid_revision,n1024,B2,2416,713.380537,753.575972,-40.195434999999975,37.552,37.17933674707478,0.3726632529252214
pi3bplus,margin,lucid_revision,n1024,B2,2417,712.957936,753.575972,-40.61803599999996,37.552,37.17906885704552,0.37293114295447793
pi3bplus,margin,lucid_revision,n1024,B2,2418,712.416065,753.575972,-41.159906999999976,37.014,37.63645031110156,-0.6224503111015594
pi3bplus,margin,lucid_revision,n1024,B2,2419,715.695354,753.575972,-37.88061800000003,37.552,37.6385290776595,-0.08652907765949891
pi3bplus,margin,lucid_revision,n1024,B2,2420,715.626239,753.575972,-37.949732999999924,37.552,37.18076031487155,0.37123968512845096
pi3bplus,margin,lucid_revision,n1024,B2,2421,711.913046,753.575972,-41.66292599999997,37.014,37.63613144348263,-0.6221314434826297
pi3bplus,margin,lucid_revision,n1024,B2,2422,711.74164,753.575972,-41.83433200000002,37.552,37.63602278789887,-0.08402278789886708
pi3bplus,margin,lucid_revision,n1024,B2,2423,715.290249,753.575972,-38.28572299999996,37.552,37.63827227847942,-0.0862722784794201
pi3bplus,margin,lucid_revision,n1024,B2,2424,714.115989,753.575972,-39.459982999999966,37.552,37.637527906019926,-0.08552790601992655
pi3bplus,margin,lucid_revision,n1024,B2,2425,712.475431,753.575972,-41.10054100000002,37.552,37.63648794366627,-0.084487943666268
pi3bplus,margin,lucid_revision,n1024,B2,2426,712.272462,753.575972,-41.30350999999996,37.552,38.09408423031072,-0.5420842303107207
pi3bplus,margin,lucid_revision,n1024,B2,2427,715.458212,753.575972,-38.117759999999976,37.552,37.18065380126191,0.37134619873808816
pi3bplus,margin,lucid_revision,n1024,B2,2428,714.10213,753.575972,-39.47384199999999,37.552,37.637519120693064,-0.08551912069306411
pi3bplus,margin,lucid_revision,n1024,B2,2429,711.747985,753.575972,-41.82798700000001,37.552,37.63602681004325,-0.08402681004324819
pi3bplus,margin,lucid_revision,n1024,B2,2430,711.225802,753.575972,-42.350169999999935,37.552,37.63569579421709,-0.08369579421709261
pi3bplus,margin,lucid_revision,n1024,B2,2431,715.903775,753.575972,-37.67219699999998,38.09,38.096386147593954,-0.0063861475939503975
pi3bplus,margin,lucid_revision,n1024,B2,2432,714.536288,753.575972,-39.039683999999966,38.09,38.0955192870507,-0.005519287050695709
pi3bplus,margin,lucid_revision,n1024,B2,2433,712.061415,753.575972,-41.51455699999997,38.09,37.63622549573464,0.45377450426536114
pi3bplus,margin,lucid_revision,n1024,B2,2434,712.674533,753.575972,-40.90143899999998,38.09,37.63661415595778,0.4533858440422236
pi3bplus,margin,lucid_revision,n1024,B2,2435,715.623774,753.575972,-37.95219799999995,38.09,38.09620865280316,-0.006208652803159964
pi3bplus,margin,lucid_revision,n1024,B2,2436,715.023258,753.575972,-38.55271399999992,38.09,38.553552931341954,-0.4635529313419511
pi3bplus,margin,lucid_revision,n1024,B2,2437,712.069275,753.575972,-41.50669700000003,38.628,38.09395542850624,0.5340445714937587
pi3bplus,margin,lucid_revision,n1024,B2,2438,711.989744,753.575972,-41.586228000000006,38.628,38.551629963449756,0.07637003655024444
pi3bplus,margin,lucid_revision,n1024,B2,2439,716.139181,753.575972,-37.43679099999997,37.552,37.638810423013666,-0.0868104230136666
pi3bplus,margin,fisvdd_revision,n256,B0,2440,23.677945,24.642785,-0.9648399999999988,36.476,36.47058774628908,0.0054122537109222435
pi3bplus,margin,fisvdd_revision,n256,B0,2441,23.58029,24.642785,-1.0624949999999984,36.476,36.47052584203232,0.005474157967675808
pi3bplus,margin,fisvdd_revision,n256,B0,2442,23.563206,24.642785,-1.079578999999999,36.476,36.01279006209607,0.46320993790392606
pi3bplus,margin,fisvdd_revision,n256,B0,2443,23.640602,24.642785,-1.0021829999999987,36.476,36.012839124016665,0.4631608759833341
pi3bplus,margin,fisvdd_revision,n256,B0,2444,23.516071,24.642785,-1.1267139999999998,36.476,36.01276018285648,0.46323981714351703
pi3bplus,margin,fisvdd_revision,n256,B0,2445,23.595134,24.642785,-1.0476509999999983,36.476,36.47053525175827,0.005464748241728046
pi3bplus,margin,fisvdd_revision,n256,B0,2446,23.528467,24.642785,-1.1143180000000008,36.476,36.01276804077637,0.46323195922362714
pi3bplus,margin,fisvdd_revision,n256,B0,2447,23.557373,24.642785,-1.0854120000000016,36.476,36.012786364512436,0.46321363548756267
pi3bplus,margin,fisvdd_revision,n256,B0,2448,24.045389,24.642785,-0.5973959999999998,36.476,36.0130957216141,0.4629042783858992
pi3bplus,margin,fisvdd_revision,n256,B0,2449,23.796069,24.642785,-0.8467160000000007,36.476,35.555212725488495,0.920787274511504
pi3bplus,margin,fisvdd_revision,n256,B0,2450,23.61206,24.642785,-1.0307250000000003,36.476,36.012821031023,0.4631789689769974
pi3bplus,margin,fisvdd_revision,n256,B0,2451,23.580602,24.642785,-1.062183000000001,35.938,35.55507613929742,0.3829238607025829
pi3bplus,margin,fisvdd_revision,n256,B0,2452,23.639769,24.642785,-1.0030159999999988,35.4,35.55511364571449,-0.1551136457144935
pi3bplus,margin,fisvdd_revision,n256,B0,2453,23.722059,24.642785,-0.9207259999999984,35.938,35.09744085972233,0.8405591402776693
pi3bplus,margin,fisvdd_revision,n256,B0,2454,23.493207,24.642785,-1.1495779999999982,35.938,35.097295788676654,0.8407042113233487
pi3bplus,margin,fisvdd_revision,n256,B0,2455,23.536019,24.642785,-1.1067660000000004,35.938,35.555047877790294,0.38295212220970853
pi3bplus,margin,fisvdd_revision,n256,B0,2456,25.679592,24.642785,1.0368069999999996,35.938,35.098681754970194,0.8393182450298085
pi3bplus,margin,fisvdd_revision,n256,B0,2457,23.452166,24.642785,-1.1906190000000016,35.4,35.09726977247061,0.3027302275293877
pi3bplus,margin,fisvdd_revision,n256,B0,2458,23.519926,24.642785,-1.1228589999999983,35.938,35.09731272605657,0.8406872739434306
pi3bplus,margin,fisvdd_revision,n256,B0,2459,23.407374,24.642785,-1.2354109999999991,34.862,35.09724137847677,-0.23524137847676485
pi3bplus,margin,fisvdd_revision,n256,B0,2460,23.557009,24.642785,-1.0857759999999992,35.4,35.55506118351298,-0.15506118351298426
pi3bplus,margin,fisvdd_revision,n256,B0,2461,23.463624,24.642785,-1.1791610000000006,34.862,35.55500198604212,-0.6930019860421197
pi3bplus,margin,fisvdd_revision,n256,B0,2462,23.532113,24.642785,-1.110672000000001,35.4,35.5550454017468,-0.15504540174680415
pi3bplus,margin,fisvdd_revision,n256,B0,2463,23.498363,24.642785,-1.1444219999999987,35.4,35.09729905710477,0.3027009428952283
pi3bplus,margin,fisvdd_revision,n256,B0,2464,23.477843,24.642785,-1.164942,35.4,35.097286049318704,0.30271395068129436
pi3bplus,margin,fisvdd_revision,n256,B0,2465,23.399354,24.642785,-1.243431000000001,35.4,35.09723629453699,0.3027637054630077
pi3bplus,margin,fisvdd_revision,n256,B0,2466,23.552165,24.642785,-1.0906200000000013,35.4,35.097333162607015,0.3026668373929837
pi3bplus,margin,fisvdd_revision,n256,B0,2467,23.599925,24.642785,-1.042860000000001,34.324,34.639638487781866,-0.3156384877818681
pi3bplus,margin,fisvdd_revision,n256,B0,2468,23.730913,24.642785,-0.9118719999999989,35.4,35.09744647234114,0.30255352765885846
pi3bplus,margin,fisvdd_revision,n256,B0,2469,23.492582,24.642785,-1.1502030000000012,35.4,35.09729539248434,0.30270460751565764
pi3bplus,margin,fisvdd_revision,n256,B0,2470,23.501072,24.642785,-1.1417129999999993,35.4,35.09730077436074,0.3026992256392589
pi3bplus,margin,fisvdd_revision,n256,B0,2471,23.555185,24.642785,-1.0875999999999983,34.862,35.09733507700828,-0.23533507700827982
pi3bplus,margin,fisvdd_revision,n256,B0,2472,23.457322,24.642785,-1.1854629999999986,35.4,35.09727304089873,0.3027269591012711
pi3bplus,margin,fisvdd_revision,n256,B0,2473,23.510394,24.642785,-1.1323909999999984,34.862,34.639581733391296,0.222418266608706
pi3bplus,margin,fisvdd_revision,n256,B0,2474,23.629299,24.642785,-1.0134860000000003,34.862,35.09738205844379,-0.2353820584437898
pi3bplus,margin,fisvdd_revision,n256,B0,2475,23.585289,24.642785,-1.0574960000000004,34.862,34.63962920990872,0.2223707900912828
pi3bplus,margin,fisvdd_revision,n256,B0,2476,23.493624,24.642785,-1.1491609999999994,35.4,35.097296053016166,0.30270394698383285
pi3bplus,margin,fisvdd_revision,n256,B0,2477,23.534665,24.642785,-1.1081199999999995,34.862,34.639597118965156,0.22240288103484573
pi3bplus,margin,fisvdd_revision,n256,B0,2478,24.710018,24.642785,0.06723300000000165,34.324,34.64034218428577,-0.316342184285773
pi3bplus,margin,fisvdd_revision,n256,B0,2479,23.490759,24.642785,-1.1520259999999993,34.862,34.63956928661354,0.22243071338645848
pi3bplus,margin,fisvdd_revision,n1024,B2,2480,91.595091,88.981928,2.613163,35.4,34.97911293570708,0.4208870642929199
pi3bplus,margin,fisvdd_revision,n1024,B2,2481,87.230394,88.981928,-1.7515339999999924,34.862,35.43407107091393,-0.5720710709139283
pi3bplus,margin,fisvdd_revision,n1024,B2,2482,84.243861,88.981928,-4.738067000000001,35.4,35.432177884639536,-0.032177884639537524
pi3bplus,margin,fisvdd_revision,n1024,B2,2483,84.315059,88.981928,-4.666868999999991,34.862,35.43222301760018,-0.5702230176001777
pi3bplus,margin,fisvdd_revision,n1024,B2,2484,84.268339,88.981928,-4.713588999999999,35.4,35.43219340143229,-0.03219340143229488
pi3bplus,margin,fisvdd_revision,n1024,B2,2485,84.213549,88.981928,-4.768378999999996,35.4,35.8898836198863,-0.48988361988629947
pi3bplus,margin,fisvdd_revision,n1024,B2,2486,84.161778,88.981928,-4.820149999999998,35.938,35.43212585159354,0.5058741484064626
pi3bplus,margin,fisvdd_revision,n1024,B2,2487,84.251361,88.981928,-4.7305669999999935,35.938,35.43218263894731,0.5058173610526921
pi3bplus,margin,fisvdd_revision,n1024,B2,2488,84.424536,88.981928,-4.557391999999993,35.938,36.347742316427905,-0.40974231642790215
pi3bplus,margin,fisvdd_revision,n1024,B2,2489,84.106518,88.981928,-4.875410000000002,36.476,35.88981577211092,0.5861842278890776
pi3bplus,margin,fisvdd_revision,n1024,B2,2490,85.98473,88.981928,-2.9971979999999974,35.938,36.348731335422904,-0.4107313354229021
pi3bplus,margin,fisvdd_revision,n1024,B2,2491,84.798959,88.981928,-4.182969,36.476,35.43252976553774,1.0434702344622622
pi3bplus,margin,fisvdd_revision,n1024,B2,2492,84.698283,88.981928,-4.283644999999993,36.476,36.34791584675992,0.12808415324008138
pi3bplus,margin,fisvdd_revision,n1024,B2,2493,84.151414,88.981928,-4.830513999999994,36.476,35.88984423203116,0.5861557679688403
pi3bplus,margin,fisvdd_revision,n1024,B2,2494,84.24235,88.981928,-4.7395779999999945,36.476,36.3476268273191,0.12837317268090231
pi3bplus,margin,fisvdd_revision,n1024,B2,2495,84.170216,88.981928,-4.811712,35.938,36.34758110102084,-0.4095811010208408
pi3bplus,margin,fisvdd_revision,n1024,B2,2496,84.173236,88.981928,-4.8086919999999935,36.476,35.88985806516506,0.5861419348349415
pi3bplus,margin,fisvdd_revision,n1024,B2,2497,84.098706,88.981928,-4.883221999999989,36.476,36.34753577028099,0.1284642297190075
pi3bplus,margin,fisvdd_revision,n1024,B2,2498,84.198914,88.981928,-4.783013999999994,36.476,36.34759929290411,0.12840070709589213
pi3bplus,margin,fisvdd_revision,n1024,B2,2499,84.035478,88.981928,-4.946449999999999,36.476,36.34749568956473,0.1285043104352681
pi3bplus,margin,fisvdd_revision,n1024,B2,2500,86.384516,88.981928,-2.5974119999999914,37.014,36.806709713104965,0.20729028689503792
pi3bplus,margin,fisvdd_revision,n1024,B2,2501,84.53891,88.981928,-4.443017999999995,36.476,36.347814818987544,0.12818518101245502
pi3bplus,margin,fisvdd_revision,n1024,B2,2502,84.887448,88.981928,-4.09447999999999,35.938,36.34803575991058,-0.4100357599105777
pi3bplus,margin,fisvdd_revision,n1024,B2,2503,84.288131,88.981928,-4.693796999999989,36.476,36.80538079850471,-0.32938079850470814
pi3bplus,margin,fisvdd_revision,n1024,B2,2504,84.248913,88.981928,-4.733014999999995,36.476,36.34763098765536,0.12836901234464193
pi3bplus,margin,fisvdd_revision,n1024,B2,2505,84.037873,88.981928,-4.944054999999992,36.476,36.347497207773685,0.128502792226314
pi3bplus,margin,fisvdd_revision,n1024,B2,2506,84.358495,88.981928,-4.6234329999999915,36.476,36.34770045252928,0.1282995474707178
pi3bplus,margin,fisvdd_revision,n1024,B2,2507,84.388495,88.981928,-4.59343299999999,36.476,36.34771946976038,0.12828053023962127
pi3bplus,margin,fisvdd_revision,n1024,B2,2508,84.307349,88.981928,-4.674578999999994,36.476,36.347668030685895,0.12833196931410384
pi3bplus,margin,fisvdd_revision,n1024,B2,2509,84.132455,88.981928,-4.849473000000003,36.476,36.34755716403206,0.12844283596793815
pi3bplus,margin,fisvdd_revision,n1024,B2,2510,86.493317,88.981928,-2.4886109999999917,36.476,36.34905373263992,0.12694626736007564
pi3bplus,margin,fisvdd_revision,n1024,B2,2511,84.841563,88.981928,-4.140365000000003,36.476,36.34800667305562,0.12799332694437737
pi3bplus,margin,fisvdd_revision,n1024,B2,2512,84.893125,88.981928,-4.088802999999999,36.476,36.80576430886167,-0.3297643088616695
pi3bplus,margin,fisvdd_revision,n1024,B2,2513,84.329016,88.981928,-4.652912000000001,36.476,36.3476817655641,0.12831823443590196
pi3bplus,margin,fisvdd_revision,n1024,B2,2514,84.313964,88.981928,-4.667963999999998,36.476,36.34767222398535,0.1283277760146504
pi3bplus,margin,fisvdd_revision,n1024,B2,2515,84.588961,88.981928,-4.392966999999999,36.476,36.347846546701994,0.12815345329800465
pi3bplus,margin,fisvdd_revision,n1024,B2,2516,84.359328,88.981928,-4.622599999999991,37.014,36.347700980574395,0.6662990194256082
pi3bplus,margin,fisvdd_revision,n1024,B2,2517,84.291256,88.981928,-4.690671999999992,36.476,36.347657829209226,0.12834217079077348
pi3bplus,margin,fisvdd_revision,n1024,B2,2518,84.350839,88.981928,-4.631089000000003,36.476,36.80542054958896,-0.32942054958895994
pi3bplus,margin,fisvdd_revision,n1024,B2,2519,84.289433,88.981928,-4.692494999999994,36.476,36.80538162385254,-0.3293816238525409
pi3bplus,margin,tinydl_revision,n256,B2,2520,23.326126,24.174483,-0.848357,36.476,36.36119996172264,0.11480003827735885
pi3bplus,margin,tinydl_revision,n256,B2,2521,23.977629,24.174483,-0.1968539999999983,36.476,36.36161295449296,0.11438704550703704
pi3bplus,margin,tinydl_revision,n256,B2,2522,21.976242,24.174483,-2.1982409999999994,35.938,36.36034425985669,-0.4223442598566862
pi3bplus,margin,tinydl_revision,n256,B2,2523,22.000825,24.174483,-2.1736579999999996,36.476,36.36035984320976,0.11564015679024209
pi3bplus,margin,tinydl_revision,n256,B2,2524,22.235146,24.174483,-1.9393369999999983,36.476,35.90278343083962,0.5732165691603797
pi3bplus,margin,tinydl_revision,n256,B2,2525,22.015617,24.174483,-2.1588659999999997,36.476,36.3603692199725,0.1156307800275016
pi3bplus,margin,tinydl_revision,n256,B2,2526,21.928327,24.174483,-2.246155999999999,35.938,36.36031388616909,-0.4223138861690856
pi3bplus,margin,tinydl_revision,n256,B2,2527,21.930462,24.174483,-2.244021,35.938,36.36031523956204,-0.42231523956203887
pi3bplus,margin,tinydl_revision,n256,B2,2528,22.124262,24.174483,-2.050220999999997,37.014,36.36043809087491,0.653561909125095
pi3bplus,margin,tinydl_revision,n256,B2,2529,22.02744,24.174483,-2.147043,36.476,35.90265176440623,0.5733482355937696
pi3bplus,margin,tinydl_revision,n256,B2,2530,21.944732,24.174483,-2.2297510000000003,36.476,35.90259933516791,0.5734006648320857
pi3bplus,margin,tinydl_revision,n256,B2,2531,21.943066,24.174483,-2.231416999999997,35.938,36.360323229334725,-0.4223232293347223
pi3bplus,margin,tinydl_revision,n256,B2,2532,22.047335,24.174483,-2.1271479999999983,36.476,35.90266437599998,0.5733356240000163
pi3bplus,margin,tinydl_revision,n256,B2,2533,21.941972,24.174483,-2.232510999999999,36.476,35.902597585582654,0.5734024144173446
pi3bplus,margin,tinydl_revision,n256,B2,2534,22.018534,24.174483,-2.1559489999999997,36.476,36.36037106908127,0.1156289309187315
pi3bplus,margin,tinydl_revision,n256,B2,2535,22.122075,24.174483,-2.052408,35.938,36.36043670451876,-0.42243670451875914
pi3bplus,margin,tinydl_revision,n256,B2,2536,22.048065,24.174483,-2.1264179999999975,36.476,36.36038978900965,0.11561021099034718
pi3bplus,margin,tinydl_revision,n256,B2,2537,21.853432,24.174483,-2.321050999999997,36.476,35.90254145939462,0.5734585406053796
pi3bplus,margin,tinydl_revision,n256,B2,2538,21.920775,24.174483,-2.2537079999999996,36.476,35.902584148641076,0.5734158513589236
pi3bplus,margin,tinydl_revision,n256,B2,2539,22.094262,24.174483,-2.080220999999998,36.476,36.36041907364381,0.11558092635618777
pi3bplus,margin,tinydl_revision,n256,B2,2540,21.893691,24.174483,-2.280791999999998,36.476,36.360291930141884,0.11570806985811544
pi3bplus,margin,tinydl_revision,n256,B2,2541,21.87916,24.174483,-2.295323,35.938,36.36028271882905,-0.4222827188290452
pi3bplus,margin,tinydl_revision,n256,B2,2542,21.863743,24.174483,-2.310739999999999,36.476,36.360272945873994,0.1157270541260047
pi3bplus,margin,tinydl_revision,n256,B2,2543,24.236585,24.174483,0.06210200000000299,36.476,36.36177710869614,0.11422289130386076
pi3bplus,margin,tinydl_revision,n256,B2,2544,22.223896,24.174483,-1.9505869999999987,36.476,36.360501249635,0.11549875036499913
pi3bplus,margin,tinydl_revision,n256,B2,2545,21.929211,24.174483,-2.245272,36.476,36.3603144465435,0.11568555345650111
pi3bplus,margin,tinydl_revision,n256,B2,2546,22.021555,24.174483,-2.1529279999999993,36.476,36.81809793437349,-0.34209793437349134
pi3bplus,margin,tinydl_revision,n256,B2,2547,21.969524,24.174483,-2.204958999999999,36.476,36.36034000126474,0.11565999873526067
pi3bplus,margin,tinydl_revision,n256,B2,2548,21.86343,24.174483,-2.3110529999999976,36.476,36.36027274746088,0.11572725253911642
pi3bplus,margin,tinydl_revision,n256,B2,2549,21.981555,24.174483,-2.1929279999999984,35.938,36.360347627808316,-0.42234762780831403
pi3bplus,margin,tinydl_revision,n256,B2,2550,21.986399,24.174483,-2.188084,35.938,35.44490079794313,0.4930992020568752
pi3bplus,margin,tinydl_revision,n256,B2,2551,21.933899,24.174483,-2.2405839999999984,36.476,36.36031741830281,0.11568258169718604
pi3bplus,margin,tinydl_revision,n256,B2,2552,21.911191,24.174483,-2.263292,35.938,36.36030302352669,-0.4223030235266876
pi3bplus,margin,tinydl_revision,n256,B2,2553,22.38728,24.174483,-1.787202999999998,35.938,36.360604820011176,-0.4226048200111734
pi3bplus,margin,tinydl_revision,n256,B2,2554,22.012284,24.174483,-2.1621989999999975,35.938,36.360367107158126,-0.42236710715812364
pi3bplus,margin,tinydl_revision,n256,B2,2555,21.894056,24.174483,-2.2804269999999995,35.938,36.360292161518196,-0.42229216151819315
pi3bplus,margin,tinydl_revision,n256,B2,2556,21.878118,24.174483,-2.296364999999998,36.476,35.90255710804018,0.5734428919598216
pi3bplus,margin,tinydl_revision,n256,B2,2557,22.039054,24.174483,-2.1354289999999985,35.938,35.902659126610295,0.03534087338970693
pi3bplus,margin,tinydl_revision,n256,B2,2558,21.996138,24.174483,-2.178345,35.938,35.44490697157025,0.49309302842975455
pi3bplus,margin,tinydl_revision,n256,B2,2559,21.882597,24.174483,-2.291885999999998,36.476,35.90255994731278,0.5734400526872179
pi3bplus,margin,oi_svdd_as_elm_revision,n64,B1,2560,10.790623,10.862124,-0.07150099999999959,35.4,36.14579536891454,-0.7457953689145427
pi3bplus,margin,oi_svdd_as_elm_revision,n64,B1,2561,10.06037,10.862124,-0.801753999999999,36.476,35.68760750565555,0.7883924943444498
pi3bplus,margin,oi_svdd_as_elm_revision,n64,B1,2562,9.496261,10.862124,-1.3658629999999992,35.938,35.68724991261503,0.2507500873849722
pi3bplus,margin,oi_svdd_as_elm_revision,n64,B1,2563,9.291002,10.862124,-1.571121999999999,35.4,35.22939484709674,0.1706051529032564
pi3bplus,margin,oi_svdd_as_elm_revision,n64,B1,2564,9.38095,10.862124,-1.4811739999999993,35.938,35.229451865826825,0.7085481341731779
pi3bplus,margin,oi_svdd_as_elm_revision,n64,B1,2565,9.478292,10.862124,-1.383832,36.476,35.22951357167046,1.2464864283295398
pi3bplus,margin,oi_svdd_as_elm_revision,n64,B1,2566,9.339179,10.862124,-1.522945,35.4,35.68715033712521,-0.28715033712521176
pi3bplus,margin,oi_svdd_as_elm_revision,n64,B1,2567,9.447512,10.862124,-1.414612,35.4,35.22949405999136,0.1705059400086384
pi3bplus,margin,oi_svdd_as_elm_revision,n64,B1,2568,9.44949,10.862124,-1.4126339999999988,35.4,35.229495313860795,0.17050468613920344
pi3bplus,margin,oi_svdd_as_elm_revision,n64,B1,2569,9.323086,10.862124,-1.5390379999999997,35.938,35.22941518539149,0.7085848146085141
pi3bplus,margin,oi_svdd_as_elm_revision,n64,B1,2570,9.380429,10.862124,-1.4816950000000002,35.4,35.22945153556091,0.17054846443908644
pi3bplus,margin,oi_svdd_as_elm_revision,n64,B1,2571,9.458292,10.862124,-1.4038319999999995,35.4,35.2295008935164,0.17049910648359656
pi3bplus,margin,oi_svdd_as_elm_revision,n64,B1,2572,9.351627,10.862124,-1.510496999999999,35.4,35.68715822800829,-0.2871582280082947
pi3bplus,margin,oi_svdd_as_elm_revision,n64,B1,2573,9.382408,10.862124,-1.4797159999999998,34.862,35.22945279006425,-0.3674527900642488
pi3bplus,margin,oi_svdd_as_elm_revision,n64,B1,2574,9.44772,10.862124,-1.4144039999999993,35.4,35.68721914210121,-0.2872191421012147
pi3bplus,margin,oi_svdd_as_elm_revision,n64,B1,2575,9.435949,10.862124,-1.4261749999999989,35.938,35.22948673011659,0.7085132698834116
pi3bplus,margin,oi_svdd_as_elm_revision,n64,B1,2576,9.420636,10.862124,-1.4414879999999997,35.4,35.22947702308793,0.17052297691206775
pi3bplus,margin,oi_svdd_as_elm_revision,n64,B1,2577,9.49324,10.862124,-1.3688839999999995,35.4,35.22952304732281,0.1704769526771912
pi3bplus,margin,oi_svdd_as_elm_revision,n64,B1,2578,9.382564,10.862124,-1.4795599999999993,34.862,35.22945288895386,-0.3674528889538564
pi3bplus,margin,oi_svdd_as_elm_revision,n64,B1,2579,9.385063,10.862124,-1.477060999999999,35.4,34.77172952283215,0.6282704771678453
pi3bplus,margin,oi_svdd_as_elm_revision,n64,B1,2580,9.42246,10.862124,-1.4396640000000005,34.862,35.22947817933558,-0.3674781793355777
pi3bplus,margin,oi_svdd_as_elm_revision,n64,B1,2581,9.317513,10.862124,-1.5446109999999997,35.4,34.77168670236681,0.6283132976331913
pi3bplus,margin,oi_svdd_as_elm_revision,n64,B1,2582,9.412824,10.862124,-1.4492999999999991,35.4,34.7717471207439,0.6282528792560953
pi3bplus,margin,oi_svdd_as_elm_revision,n64,B1,2583,9.390168,10.862124,-1.4719560000000005,34.862,35.22945770918803,-0.3674577091880309
pi3bplus,margin,oi_svdd_as_elm_revision,n64,B1,2584,9.293346,10.862124,-1.568778,34.324,34.313946432462295,0.010053567537703145
pi3bplus,margin,oi_svdd_as_elm_revision,n64,B1,2585,9.423241,10.862124,-1.4388829999999988,34.862,35.2294786744175,-0.36747867441749804
pi3bplus,margin,oi_svdd_as_elm_revision,n64,B1,2586,9.429907,10.862124,-1.4322169999999996,34.862,34.31403299953214,0.5479670004678638
pi3bplus,margin,oi_svdd_as_elm_revision,n64,B1,2587,9.319752,10.862124,-1.5423720000000003,34.862,34.771688121686154,0.09031187831384813
pi3bplus,margin,oi_svdd_as_elm_revision,n64,B1,2588,9.354126,10.862124,-1.5079979999999988,34.862,34.77170991162954,0.09029008837045893
pi3bplus,margin,oi_svdd_as_elm_revision,n64,B1,2589,9.397459,10.862124,-1.464665,34.862,34.77173738075204,0.09026261924795875
pi3bplus,margin,oi_svdd_as_elm_revision,n64,B1,2590,9.356887,10.862124,-1.5052369999999993,34.862,34.77171166184871,0.09028833815128934
pi3bplus,margin,oi_svdd_as_elm_revision,n64,B1,2591,9.453605,10.862124,-1.408519,34.862,34.771772972133945,0.09022702786605663
pi3bplus,margin,oi_svdd_as_elm_revision,n64,B1,2592,9.353501,10.862124,-1.508623,34.862,35.22943446569428,-0.36743446569428073
pi3bplus,margin,oi_svdd_as_elm_revision,n64,B1,2593,9.314336,10.862124,-1.5477879999999988,35.4,34.771684688442036,0.6283153115579623
pi3bplus,margin,oi_svdd_as_elm_revision,n64,B1,2594,9.53923,10.862124,-1.3228939999999998,34.324,35.22955220073808,-0.9055522007380787
pi3bplus,margin,oi_svdd_as_elm_revision,n64,B1,2595,9.324127,10.862124,-1.537996999999999,34.862,34.77169089503236,0.09030910496764477
pi3bplus,margin,oi_svdd_as_elm_revision,n64,B1,2596,9.313554,10.862124,-1.5485699999999998,34.324,35.229409142983265,-0.9054091429832667
pi3bplus,margin,oi_svdd_as_elm_revision,n64,B1,2597,9.466314,10.862124,-1.395809999999999,34.862,34.77178102846694,0.09021897153306213
pi3bplus,margin,oi_svdd_as_elm_revision,n64,B1,2598,9.320689,10.862124,-1.5414349999999999,34.324,34.771688715657675,-0.44768871565767654
pi3bplus,margin,oi_svdd_as_elm_revision,n64,B1,2599,9.33371,10.862124,-1.5284139999999997,34.862,34.77169696976988,0.09030303023012465
pi3bplus,margin,fisvdd_revision,n512,B1,2600,46.499594,47.255784,-0.7561899999999966,35.4,34.80234065857103,0.5976593414289653
pi3bplus,margin,fisvdd_revision,n512,B1,2601,47.201254,47.255784,-0.054529999999999745,35.4,34.80278544625002,0.5972145537499784
pi3bplus,margin,fisvdd_revision,n512,B1,2602,43.978422,47.255784,-3.2773619999999966,35.4,35.25846741847632,0.14153258152367698
pi3bplus,margin,fisvdd_revision,n512,B1,2603,44.062952,47.255784,-3.1928319999999957,34.862,35.25852100269447,-0.3965210026944703
pi3bplus,margin,fisvdd_revision,n512,B1,2604,44.050296,47.255784,-3.2054879999999955,34.862,34.800788029701536,0.0612119702984657
pi3bplus,margin,fisvdd_revision,n512,B1,2605,43.930557,47.255784,-3.325226999999998,35.4,35.258437076484114,0.14156292351588462
pi3bplus,margin,fisvdd_revision,n512,B1,2606,44.023265,47.255784,-3.2325189999999964,34.862,34.80077089454241,0.06122910545759197
pi3bplus,margin,fisvdd_revision,n512,B1,2607,43.967901,47.255784,-3.2878830000000008,34.862,35.25846074913338,-0.39646074913337515
pi3bplus,margin,fisvdd_revision,n512,B1,2608,45.927204,47.255784,-1.3285799999999952,34.862,34.80197781614083,0.060022183859175016
pi3bplus,margin,fisvdd_revision,n512,B1,2609,44.17894,47.255784,-3.0768440000000012,34.862,34.8008695781241,0.061130421875901675
pi3bplus,margin,fisvdd_revision,n512,B1,2610,43.951182,47.255784,-3.3046019999999956,35.4,35.25845015083049,0.14154984916950752
pi3bplus,margin,fisvdd_revision,n512,B1,2611,44.007483,47.255784,-3.248300999999998,34.324,34.34303593995398,-0.01903593995398012
pi3bplus,margin,fisvdd_revision,n512,B1,2612,43.909881,47.255784,-3.345903,34.324,34.800699019551395,-0.47669901955139693
pi3bplus,margin,fisvdd_revision,n512,B1,2613,44.003629,47.255784,-3.252155000000002,35.4,35.2584833973878,0.14151660261219945
pi3bplus,margin,fisvdd_revision,n512,B1,2614,43.92087,47.255784,-3.3349139999999977,35.4,35.25843093582019,0.14156906417980508
pi3bplus,margin,fisvdd_revision,n512,B1,2615,43.900401,47.255784,-3.3553829999999962,34.862,34.34296805984931,0.5190319401506898
pi3bplus,margin,fisvdd_revision,n512,B1,2616,43.845662,47.255784,-3.410122000000001,35.4,34.342933360375554,1.0570666396244448
pi3bplus,margin,fisvdd_revision,n512,B1,2617,44.134149,47.255784,-3.1216349999999977,34.862,35.25856613502121,-0.3965661350212102
pi3bplus,margin,fisvdd_revision,n512,B1,2618,47.102765,47.255784,-0.15301900000000046,34.862,35.260447963571295,-0.398447963571293
pi3bplus,margin,fisvdd_revision,n512,B1,2619,43.915662,47.255784,-3.340122000000001,34.862,35.25842763442888,-0.39642763442887485
pi3bplus,margin,fisvdd_revision,n512,B1,2620,43.808319,47.255784,-3.447465000000001,34.862,34.800634638617254,0.06136536138274806
pi3bplus,margin,fisvdd_revision,n512,B1,2621,43.800298,47.255784,-3.4554860000000005,34.862,35.25835450430061,-0.3963545043006107
pi3bplus,margin,fisvdd_revision,n512,B1,2622,43.93738,47.255784,-3.318404000000001,34.862,35.258441401636375,-0.3964414016363733
pi3bplus,margin,fisvdd_revision,n512,B1,2623,43.919932,47.255784,-3.3358519999999956,35.4,34.800705390957724,0.5992946090422748
pi3bplus,margin,fisvdd_revision,n512,B1,2624,43.797069,47.255784,-3.458714999999998,35.4,35.258352457412634,0.14164754258736423
pi3bplus,margin,fisvdd_revision,n512,B1,2625,43.839829,47.255784,-3.4159549999999967,35.4,35.25837956330602,0.14162043669397661
pi3bplus,margin,fisvdd_revision,n512,B1,2626,43.958265,47.255784,-3.297519000000001,35.4,34.80072969054171,0.5992703094582907
pi3bplus,margin,fisvdd_revision,n512,B1,2627,44.005452,47.255784,-3.250332,35.4,34.80075960274449,0.5992403972555067
pi3bplus,margin,fisvdd_revision,n512,B1,2628,46.791206,47.255784,-0.46457799999999594,35.4,35.26025046392121,0.1397495360787886
pi3bplus,margin,fisvdd_revision,n512,B1,2629,43.953994,47.255784,-3.301789999999997,35.4,35.25845193337895,0.14154806662104846
pi3bplus,margin,fisvdd_revision,n512,B1,2630,43.934047,47.255784,-3.321736999999999,34.324,35.258439288822,-0.9344392888219986
pi3bplus,margin,fisvdd_revision,n512,B1,2631,43.955817,47.255784,-3.299966999999995,34.862,34.80072813873565,0.06127186126435191
pi3bplus,margin,fisvdd_revision,n512,B1,2632,44.013525,47.255784,-3.242258999999997,35.4,35.71621462079549,-0.3162146207954919
pi3bplus,margin,fisvdd_revision,n512,B1,2633,43.952848,47.255784,-3.3029359999999954,35.4,34.80072625666368,0.5992737433363189
pi3bplus,margin,fisvdd_revision,n512,B1,2634,43.983734,47.255784,-3.27205,34.862,35.258470785794046,-0.39647078579404393
pi3bplus,margin,fisvdd_revision,n512,B1,2635,43.943369,47.255784,-3.3124150000000014,35.4,35.258445198109605,0.14155480189039338
pi3bplus,margin,fisvdd_revision,n512,B1,2636,43.933994,47.255784,-3.32179,35.4,34.80071430496784,0.5992856950321581
pi3bplus,margin,fisvdd_revision,n512,B1,2637,44.126128,47.255784,-3.129655999999997,34.862,34.80083610019048,0.06116389980952164
pi3bplus,margin,fisvdd_revision,n512,B1,2638,46.479021,47.255784,-0.7767629999999954,35.4,35.2600525674449,0.1399474325550969
pi3bplus,margin,fisvdd_revision,n512,B1,2639,43.991389,47.255784,-3.2643950000000004,34.862,34.800750688100464,0.06124931189953742
pi3bplus,margin,oi_svdd_as_elm_revision,n1,B2,2640,4.093449,6.300546,-2.207097,35.4,35.31443807512401,0.08556192487598935
pi3bplus,margin,oi_svdd_as_elm_revision,n1,B2,2641,4.072356,6.300546,-2.2281899999999997,34.862,34.85669975385177,0.0053002461482307694
pi3bplus,margin,oi_svdd_as_elm_revision,n1,B2,2642,3.601215,6.300546,-2.699331,34.862,35.314126044199654,-0.45212604419965174
pi3bplus,margin,oi_svdd_as_elm_revision,n1,B2,2643,3.270957,6.300546,-3.0295889999999996,34.862,35.31391669110943,-0.45191669110943167
pi3bplus,margin,oi_svdd_as_elm_revision,n1,B2,2644,3.249239,6.300546,-3.0513069999999995,35.4,34.85617797364488,0.5438220263551159
pi3bplus,margin,oi_svdd_as_elm_revision,n1,B2,2645,3.347884,6.300546,-2.9526619999999997,35.4,35.31396545572731,0.08603454427268531
pi3bplus,margin,oi_svdd_as_elm_revision,n1,B2,2646,3.276687,6.300546,-3.023859,35.4,34.85619537314352,0.5438046268564776
pi3bplus,margin,oi_svdd_as_elm_revision,n1,B2,2647,3.271062,6.300546,-3.0294839999999996,35.4,35.31391675766974,0.0860832423302611
pi3bplus,margin,oi_svdd_as_elm_revision,n1,B2,2648,3.477414,6.300546,-2.8231319999999998,35.4,34.85632261553505,0.5436773844649494
pi3bplus,margin,oi_svdd_as_elm_revision,n1,B2,2649,3.28528,6.300546,-3.0152659999999996,34.324,34.85620082031241,-0.5322008203124113
pi3bplus,margin,oi_svdd_as_elm_revision,n1,B2,2650,3.511684,6.300546,-2.788862,34.862,35.31406928980908,-0.45206928980908145
pi3bplus,margin,oi_svdd_as_elm_revision,n1,B2,2651,3.262364,6.300546,-3.038182,34.862,35.31391124394054,-0.45191124394053617
pi3bplus,margin,oi_svdd_as_elm_revision,n1,B2,2652,3.272311,6.300546,-3.0282349999999996,35.4,34.398467648906355,1.001532351093644
pi3bplus,margin,oi_svdd_as_elm_revision,n1,B2,2653,3.309238,6.300546,-2.9913079999999996,34.324,34.856216007473165,-0.532216007473167
pi3bplus,margin,oi_svdd_as_elm_revision,n1,B2,2654,3.318144,6.300546,-2.9824019999999996,34.862,35.31394660331222,-0.4519466033122157
pi3bplus,margin,oi_svdd_as_elm_revision,n1,B2,2655,3.256894,6.300546,-3.043652,34.862,35.3139077764654,-0.45190777646539715
pi3bplus,margin,oi_svdd_as_elm_revision,n1,B2,2656,3.308874,6.300546,-2.991672,34.862,35.31394072698781,-0.4519407269878073
pi3bplus,margin,oi_svdd_as_elm_revision,n1,B2,2657,3.267259,6.300546,-3.0332869999999996,34.862,35.31391434691874,-0.4519143469187412
pi3bplus,margin,oi_svdd_as_elm_revision,n1,B2,2658,3.33981,6.300546,-2.960736,35.4,34.85623538729946,0.5437646127005351
pi3bplus,margin,oi_svdd_as_elm_revision,n1,B2,2659,3.272208,6.300546,-3.0283379999999998,35.4,35.31391748412797,0.08608251587202886
pi3bplus,margin,oi_svdd_as_elm_revision,n1,B2,2660,3.347779,6.300546,-2.9527669999999997,35.4,35.313965389167,0.08603461083299635
pi3bplus,margin,oi_svdd_as_elm_revision,n1,B2,2661,3.31627,6.300546,-2.984276,34.862,35.31394541536918,-0.4519454153691811
pi3bplus,margin,oi_svdd_as_elm_revision,n1,B2,2662,3.286999,6.300546,-3.013547,34.862,35.31392686025681,-0.45192686025680473
pi3bplus,margin,oi_svdd_as_elm_revision,n1,B2,2663,3.261895,6.300546,-3.0386509999999998,34.862,34.85618599638077,0.005814003619228458
pi3bplus,margin,oi_svdd_as_elm_revision,n1,B2,2664,3.303196,6.300546,-2.99735,34.862,35.31393712765988,-0.4519371276598747
pi3bplus,margin,oi_svdd_as_elm_revision,n1,B2,2665,3.257103,6.300546,-3.043443,35.4,34.85618295869506,0.5438170413049406
pi3bplus,margin,oi_svdd_as_elm_revision,n1,B2,2666,3.330488,6.300546,-2.970058,35.4,35.31395442826891,0.08604557173109129
pi3bplus,margin,oi_svdd_as_elm_revision,n1,B2,2667,3.26429,6.300546,-3.036256,34.862,35.771637415103825,-0.9096374151038233
pi3bplus,margin,oi_svdd_as_elm_revision,n1,B2,2668,3.256843,6.300546,-3.043703,35.4,35.31390774413611,0.08609225586388902
pi3bplus,margin,oi_svdd_as_elm_revision,n1,B2,2669,3.306113,6.300546,-2.994433,35.4,34.85621402651159,0.5437859734884114
pi3bplus,margin,oi_svdd_as_elm_revision,n1,B2,2670,3.274395,6.300546,-3.0261509999999996,34.862,35.313918870484116,-0.45191887048411417
pi3bplus,margin,oi_svdd_as_elm_revision,n1,B2,2671,3.828764,6.300546,-2.4717819999999997,34.862,34.856545339006544,0.005454660993457594
pi3bplus,margin,oi_svdd_as_elm_revision,n1,B2,2672,3.316113,6.300546,-2.9844329999999997,35.4,35.31394531584567,0.08605468415432682
pi3bplus,margin,oi_svdd_as_elm_revision,n1,B2,2673,3.252624,6.300546,-3.047922,34.862,34.856180119422454,0.005819880577547565
pi3bplus,margin,oi_svdd_as_elm_revision,n1,B2,2674,3.318509,6.300546,-2.9820369999999996,35.4,35.31394683468853,0.08605316531146912
pi3bplus,margin,oi_svdd_as_elm_revision,n1,B2,2675,3.268457,6.300546,-3.0320889999999996,34.324,35.313915106340175,-0.9899151063401774
pi3bplus,margin,oi_svdd_as_elm_revision,n1,B2,2676,3.26054,6.300546,-3.0400059999999995,34.862,35.31391008769289,-0.45191008769288743
pi3bplus,margin,oi_svdd_as_elm_revision,n1,B2,2677,3.330488,6.300546,-2.970058,34.862,35.31395442826891,-0.4519544282689054
pi3bplus,margin,oi_svdd_as_elm_revision,n1,B2,2678,3.272416,6.300546,-3.0281299999999995,35.4,34.85619266572372,0.5438073342762806
pi3bplus,margin,oi_svdd_as_elm_revision,n1,B2,2679,3.322884,6.300546,-2.9776619999999996,35.4,34.85622465777768,0.5437753422223182
pi3bplus,margin,fisvdd_revision,n512,B0,2680,44.027847,46.495479,-2.467632000000002,34.324,34.661137604511076,-0.3371376045110779
pi3bplus,margin,fisvdd_revision,n512,B0,2681,43.982431,46.495479,-2.513048000000005,34.862,34.20338386470178,0.6586161352982245
pi3bplus,margin,fisvdd_revision,n512,B0,2682,44.127638,46.495479,-2.3678410000000056,34.324,34.66120086279468,-0.3372008627946812
pi3bplus,margin,fisvdd_revision,n512,B0,2683,44.128472,46.495479,-2.367007000000001,34.862,34.20347644121665,0.6585235587833509
pi3bplus,margin,fisvdd_revision,n512,B0,2684,43.971494,46.495479,-2.5239850000000033,34.324,34.203376931653224,0.12062306834677372
pi3bplus,margin,fisvdd_revision,n512,B0,2685,43.984983,46.495479,-2.5104960000000034,34.324,34.203385482434236,0.12061451756576247
pi3bplus,margin,fisvdd_revision,n512,B0,2686,44.095607,46.495479,-2.399872000000002,34.862,34.203455607839985,0.6585443921600174
pi3bplus,margin,fisvdd_revision,n512,B0,2687,44.174044,46.495479,-2.321435000000001,34.862,34.2035053296585,0.6584946703415042
pi3bplus,margin,fisvdd_revision,n512,B0,2688,44.083055,46.495479,-2.4124240000000015,34.324,34.66117260128755,-0.33717260128754845
pi3bplus,margin,fisvdd_revision,n512,B0,2689,44.156804,46.495479,-2.338675000000002,34.324,34.20349440108969,0.12050559891030588
pi3bplus,margin,fisvdd_revision,n512,B0,2690,44.127846,46.495479,-2.367633000000005,34.324,34.66120099464748,-0.3372009946474819
pi3bplus,margin,fisvdd_revision,n512,B0,2691,44.082326,46.495479,-2.413153000000001,34.324,34.20344718891178,0.12055281108821703
pi3bplus,margin,fisvdd_revision,n512,B0,2692,44.297896,46.495479,-2.1975830000000016,34.324,34.203583840395346,0.1204161596046518
pi3bplus,margin,fisvdd_revision,n512,B0,2693,44.167533,46.495479,-2.3279460000000043,34.862,34.203501202285445,0.6584987977145573
pi3bplus,margin,fisvdd_revision,n512,B0,2694,44.029826,46.495479,-2.465653000000003,34.324,34.20341390875736,0.12058609124263597
pi3bplus,margin,fisvdd_revision,n512,B0,2695,44.030139,46.495479,-2.4653400000000047,34.324,34.203414107170474,0.12058589282952425
pi3bplus,margin,fisvdd_revision,n512,B0,2696,44.117898,46.495479,-2.3775810000000064,34.324,34.203469738276596,0.12053026172340253
pi3bplus,margin,fisvdd_revision,n512,B0,2697,44.170762,46.495479,-2.3247169999999997,34.862,34.203503249173416,0.6584967508265862
pi3bplus,margin,fisvdd_revision,n512,B0,2698,44.083368,46.495479,-2.412111000000003,34.324,34.203447849443606,0.12055215055639223
pi3bplus,margin,fisvdd_revision,n512,B0,2699,43.973524,46.495479,-2.5219550000000055,33.786,34.20337821848586,-0.4173782184858581
pi3bplus,margin,fisvdd_revision,n512,B0,2700,44.067013,46.495479,-2.4284660000000002,34.324,34.20343748188312,0.12056251811687702
pi3bplus,margin,fisvdd_revision,n512,B0,2701,44.196126,46.495479,-2.2993530000000035,34.324,34.2035193276084,0.12048067239160076
pi3bplus,margin,fisvdd_revision,n512,B0,2702,44.395968,46.495479,-2.0995109999999997,34.324,34.20364600899161,0.12035399100838617
pi3bplus,margin,fisvdd_revision,n512,B0,2703,45.811684,46.495479,-0.6837950000000035,34.324,34.66226839252653,-0.33826839252652974
pi3bplus,margin,fisvdd_revision,n512,B0,2704,44.125398,46.495479,-2.370081000000006,34.324,34.20347449258437,0.1205255074156284
pi3bplus,margin,fisvdd_revision,n512,B0,2705,44.074148,46.495479,-2.421331000000002,34.324,33.74571705455753,0.5782829454424672
pi3bplus,margin,fisvdd_revision,n512,B0,2706,44.169148,46.495479,-2.3263310000000033,33.786,34.20350222604638,-0.41750222604638054
pi3bplus,margin,fisvdd_revision,n512,B0,2707,44.175918,46.495479,-2.319561,33.786,34.20350651760153,-0.4175065176015309
pi3bplus,margin,fisvdd_revision,n512,B0,2708,44.307011,46.495479,-2.1884680000000003,33.786,34.20358961846406,-0.4175896184640564
pi3bplus,margin,fisvdd_revision,n512,B0,2709,44.111075,46.495479,-2.3844040000000035,33.786,34.203465413124334,-0.41746541312433294
pi3bplus,margin,fisvdd_revision,n512,B0,2710,44.107638,46.495479,-2.3878410000000017,34.324,34.20346323438356,0.12053676561643556
pi3bplus,margin,fisvdd_revision,n512,B0,2711,44.087742,46.495479,-2.4077370000000045,34.324,34.2034506221559,0.12054937784409958
pi3bplus,margin,fisvdd_revision,n512,B0,2712,44.115555,46.495479,-2.3799240000000026,34.324,34.20346825303085,0.12053174696914937
pi3bplus,margin,fisvdd_revision,n512,B0,2713,46.431261,46.495479,-0.06421800000000388,34.324,33.74721124664541,0.5767887533545846
pi3bplus,margin,fisvdd_revision,n512,B0,2714,44.103628,46.495479,-2.3918510000000026,34.324,34.20346069241367,0.12053930758632703
pi3bplus,margin,fisvdd_revision,n512,B0,2715,44.099409,46.495479,-2.3960700000000017,33.786,33.74573306770002,0.040266932299978464
pi3bplus,margin,fisvdd_revision,n512,B0,2716,44.114513,46.495479,-2.380966000000001,33.786,34.203467592499024,-0.41746759249902254
pi3bplus,margin,fisvdd_revision,n512,B0,2717,44.044982,46.495479,-2.4504970000000057,34.324,34.20342351626251,0.1205764837374872
pi3bplus,margin,fisvdd_revision,n512,B0,2718,44.008263,46.495479,-2.4872160000000036,34.324,34.20340023980556,0.12059976019443752
pi3bplus,margin,fisvdd_revision,n512,B0,2719,44.093367,46.495479,-2.4021120000000025,34.324,34.20345418788673,0.12054581211327076
pi3bplus,margin,oi_svdd_as_elm_revision,n512,B0,2720,50.887415,53.79958,-2.9121650000000017,34.324,33.310876236938476,1.0131237630615217
pi3bplus,margin,oi_svdd_as_elm_revision,n512,B0,2721,50.657,53.79958,-3.1425800000000024,33.786,33.76845512535212,0.017544874647882125
pi3bplus,margin,oi_svdd_as_elm_revision,n512,B0,2722,50.642261,53.79958,-3.157319000000001,33.248,33.31072083192942,-0.06272083192942546
pi3bplus,margin,oi_svdd_as_elm_revision,n512,B0,2723,50.767051,53.79958,-3.0325289999999967,34.324,34.2262498377858,0.09775016221419719
pi3bplus,margin,oi_svdd_as_elm_revision,n512,B0,2724,50.70976,53.79958,-3.089819999999996,33.786,33.76848857032253,0.017511429677469437
pi3bplus,margin,oi_svdd_as_elm_revision,n512,B0,2725,50.948508,53.79958,-2.851072000000002,33.248,34.22636486477589,-0.9783648647758909
pi3bplus,margin,oi_svdd_as_elm_revision,n512,B0,2726,51.87178,53.79958,-1.9277999999999977,34.324,34.22695013400879,0.09704986599120957
pi3bplus,margin,oi_svdd_as_elm_revision,n512,B0,2727,50.669135,53.79958,-3.1304450000000017,34.324,33.7684628178221,0.5555371821779005
pi3bplus,margin,oi_svdd_as_elm_revision,n512,B0,2728,50.851269,53.79958,-2.948310999999997,34.324,34.22630322422474,0.09769677577525471
pi3bplus,margin,oi_svdd_as_elm_revision,n512,B0,2729,50.658198,53.79958,-3.141382,33.786,33.768455884773545,0.017544115226456825
pi3bplus,margin,oi_svdd_as_elm_revision,n512,B0,2730,50.759656,53.79958,-3.039923999999999,33.248,33.76852019978129,-0.5205201997812949
pi3bplus,margin,oi_svdd_as_elm_revision,n512,B0,2731,50.622156,53.79958,-3.177424000000002,33.786,34.22615798772915,-0.44015798772915105
pi3bplus,margin,oi_svdd_as_elm_revision,n512,B0,2732,50.803144,53.79958,-2.9964359999999957,33.786,33.76854776715948,0.01745223284051889
pi3bplus,margin,oi_svdd_as_elm_revision,n512,B0,2733,50.83554,53.79958,-2.964039999999997,33.786,33.76856830323344,0.01743169676656464
pi3bplus,margin,oi_svdd_as_elm_revision,n512,B0,2734,50.66002,53.79958,-3.139559999999996,34.324,33.76845703975338,0.5555429602466191
pi3bplus,margin,oi_svdd_as_elm_revision,n512,B0,2735,50.79179,53.79958,-3.00779,33.786,34.22626552002847,-0.4402655200284684
pi3bplus,margin,oi_svdd_as_elm_revision,n512,B0,2736,51.201734,53.79958,-2.597845999999997,33.786,34.226525386687925,-0.4405253866879235
pi3bplus,margin,oi_svdd_as_elm_revision,n512,B0,2737,50.644865,53.79958,-3.154714999999996,33.786,34.226172383139186,-0.44017238313918483
pi3bplus,margin,oi_svdd_as_elm_revision,n512,B0,2738,50.568198,53.79958,-3.2313819999999964,34.324,33.76839883308026,0.555601166919736
pi3bplus,margin,oi_svdd_as_elm_revision,n512,B0,2739,50.869498,53.79958,-2.9300819999999987,33.786,33.76858982947122,0.017410170528783908
pi3bplus,margin,oi_svdd_as_elm_revision,n512,B0,2740,50.792572,53.79958,-3.007007999999999,33.786,33.76854106548725,0.017458934512752933
pi3bplus,margin,oi_svdd_as_elm_revision,n512,B0,2741,50.68351,53.79958,-3.1160700000000006,34.324,33.768471930245326,0.5555280697546721
pi3bplus,margin,oi_svdd_as_elm_revision,n512,B0,2742,50.624969,53.79958,-3.1746109999999987,33.786,33.76843482065448,0.017565179345524484
pi3bplus,margin,oi_svdd_as_elm_revision,n512,B0,2743,50.623146,53.79958,-3.1764340000000004,33.786,34.22615861529778,-0.44015861529777567
pi3bplus,margin,oi_svdd_as_elm_revision,n512,B0,2744,50.824082,53.79958,-2.9754980000000018,33.786,34.22628599017602,-0.4402859901760152
pi3bplus,margin,oi_svdd_as_elm_revision,n512,B0,2745,50.799654,53.79958,-2.999926000000002,33.248,34.226270505078645,-0.9782705050786475
pi3bplus,margin,oi_svdd_as_elm_revision,n512,B0,2746,51.232202,53.79958,-2.567377999999998,33.786,34.22654470058783,-0.4405447005878287
pi3bplus,margin,oi_svdd_as_elm_revision,n512,B0,2747,53.38614,53.79958,-0.41344000000000136,33.786,34.22791009847813,-0.44191009847812524
pi3bplus,margin,oi_svdd_as_elm_revision,n512,B0,2748,50.78804,53.79958,-3.0115399999999966,33.248,33.76853819261754,-0.5205381926175434
pi3bplus,margin,oi_svdd_as_elm_revision,n512,B0,2749,50.766582,53.79958,-3.032997999999999,33.786,33.310799639968984,0.4752003600310175
pi3bplus,margin,oi_svdd_as_elm_revision,n512,B0,2750,50.887622,53.79958,-2.9119579999999985,34.324,34.22632626867148,0.09767373132851986
pi3bplus,margin,oi_svdd_as_elm_revision,n512,B0,2751,50.624917,53.79958,-3.1746629999999953,33.786,33.76843478769128,0.017565212308724654
pi3bplus,margin,oi_svdd_as_elm_revision,n512,B0,2752,50.735905,53.79958,-3.0636749999999964,34.324,34.22623009409648,0.09776990590351886
pi3bplus,margin,oi_svdd_as_elm_revision,n512,B0,2753,50.636322,53.79958,-3.163257999999999,34.324,33.31071706715157,1.0132829328484263
pi3bplus,margin,oi_svdd_as_elm_revision,n512,B0,2754,50.712625,53.79958,-3.086954999999996,33.786,33.7684903864681,0.017509613531899504
pi3bplus,margin,oi_svdd_as_elm_revision,n512,B0,2755,51.501523,53.79958,-2.298057,33.786,33.7689904749873,0.017009525012703364
pi3bplus,margin,oi_svdd_as_elm_revision,n512,B0,2756,51.772926,53.79958,-2.0266540000000006,33.786,34.2268874696967,-0.44088746969669756
pi3bplus,margin,oi_svdd_as_elm_revision,n512,B0,2757,53.147808,53.79958,-0.6517720000000011,34.324,34.22775901798742,0.09624098201258136
pi3bplus,margin,oi_svdd_as_elm_revision,n512,B0,2758,50.611219,53.79958,-3.1883610000000004,33.248,33.76842610442356,-0.5204261044235636
pi3bplus,margin,oi_svdd_as_elm_revision,n512,B0,2759,50.540907,53.79958,-3.2586730000000017,34.324,33.310656582848075,1.0133434171519227
pi3bplus,margin,oi_svdd_as_elm_revision,n1024,B0,2760,98.22429,114.471804,-16.24751400000001,33.786,33.80715809651501,-0.021158096515009106
pi3bplus,margin,oi_svdd_as_elm_revision,n1024,B0,2761,97.782107,114.471804,-16.68969700000001,33.786,33.349152843048046,0.43684715695195564
pi3bplus,margin,oi_svdd_as_elm_revision,n1024,B0,2762,99.72662,114.471804,-14.745184000000009,33.248,33.350385484817615,-0.10238548481761711
pi3bplus,margin,oi_svdd_as_elm_revision,n1024,B0,2763,97.84544,114.471804,-16.62636400000001,33.786,34.264642890838715,-0.4786428908387137
pi3bplus,margin,oi_svdd_as_elm_revision,n1024,B0,2764,97.263154,114.471804,-17.208650000000006,34.324,34.264273775257884,0.0597262247421142
pi3bplus,margin,oi_svdd_as_elm_revision,n1024,B0,2765,97.734086,114.471804,-16.737718,33.786,33.8068473524233,-0.020847352423295717
pi3bplus,margin,oi_svdd_as_elm_revision,n1024,B0,2766,97.477943,114.471804,-16.99386100000001,33.786,33.80668498140249,-0.0206849814024892
pi3bplus,margin,oi_svdd_as_elm_revision,n1024,B0,2767,97.481277,114.471804,-16.990527,34.324,34.26441204510782,0.05958795489218005
pi3bplus,margin,oi_svdd_as_elm_revision,n1024,B0,2768,97.685494,114.471804,-16.78631,34.324,33.806816549580184,0.5171834504198145
pi3bplus,margin,oi_svdd_as_elm_revision,n1024,B0,2769,98.115333,114.471804,-16.356471,34.324,34.264813978090444,0.05918602190955369
pi3bplus,margin,oi_svdd_as_elm_revision,n1024,B0,2770,97.639765,114.471804,-16.83203900000001,34.324,33.806787561614826,0.5172124383851724
pi3bplus,margin,oi_svdd_as_elm_revision,n1024,B0,2771,97.611848,114.471804,-16.85995600000001,33.786,33.80676986481348,-0.020769864813480865
pi3bplus,margin,oi_svdd_as_elm_revision,n1024,B0,2772,100.092917,114.471804,-14.378887000000006,34.324,33.808342633564614,0.5156573664353843
pi3bplus,margin,oi_svdd_as_elm_revision,n1024,B0,2773,97.186852,114.471804,-17.284952000000004,34.324,34.26422540683232,0.05977459316768119
pi3bplus,margin,oi_svdd_as_elm_revision,n1024,B0,2774,97.556849,114.471804,-16.914955000000006,34.324,34.26445995078076,0.059540049219236835
pi3bplus,margin,oi_svdd_as_elm_revision,n1024,B0,2775,97.523307,114.471804,-16.948497000000003,34.324,34.26443868824858,0.05956131175141621
pi3bplus,margin,oi_svdd_as_elm_revision,n1024,B0,2776,97.419506,114.471804,-17.052298000000008,34.862,34.26437288799509,0.5976271120049148
pi3bplus,margin,oi_svdd_as_elm_revision,n1024,B0,2777,97.723045,114.471804,-16.748759000000007,34.324,34.26456530370539,0.05943469629460907
pi3bplus,margin,oi_svdd_as_elm_revision,n1024,B0,2778,97.496433,114.471804,-16.97537100000001,34.324,34.26442165261297,0.05957834738703127
pi3bplus,margin,oi_svdd_as_elm_revision,n1024,B0,2779,97.681379,114.471804,-16.790425,34.324,34.72226384156409,-0.3982638415640949
pi3bplus,margin,oi_svdd_as_elm_revision,n1024,B0,2780,97.861845,114.471804,-16.609959000000003,34.324,34.722378240351645,-0.39837824035164715
pi3bplus,margin,oi_svdd_as_elm_revision,n1024,B0,2781,97.571276,114.471804,-16.90052800000001,34.324,34.26446909616719,0.059530903832808235
pi3bplus,margin,oi_svdd_as_elm_revision,n1024,B0,2782,99.803649,114.471804,-14.668155000000013,34.324,34.265884214608185,0.058115785391812835
pi3bplus,margin,oi_svdd_as_elm_revision,n1024,B0,2783,97.861898,114.471804,-16.60990600000001,34.324,34.2646533236917,0.05934667630830148
pi3bplus,margin,oi_svdd_as_elm_revision,n1024,B0,2784,97.919084,114.471804,-16.552720000000008,34.324,34.26468957433761,0.059310425662388866
pi3bplus,margin,oi_svdd_as_elm_revision,n1024,B0,2785,97.702837,114.471804,-16.768967000000004,34.324,34.264552493698524,0.05944750630147411
pi3bplus,margin,oi_svdd_as_elm_revision,n1024,B0,2786,97.805075,114.471804,-16.666729000000004,34.324,34.26461730315428,0.05938269684571651
pi3bplus,margin,oi_svdd_as_elm_revision,n1024,B0,2787,97.57513,114.471804,-16.896674000000004,34.862,34.26447153924748,0.5975284607525211
pi3bplus,margin,oi_svdd_as_elm_revision,n1024,B0,2788,97.847314,114.471804,-16.62449000000001,33.786,34.26464407878175,-0.4786440787817483
pi3bplus,margin,oi_svdd_as_elm_revision,n1024,B0,2789,98.087051,114.471804,-16.384753000000003,34.324,34.26479604991278,0.05920395008721613
pi3bplus,margin,oi_svdd_as_elm_revision,n1024,B0,2790,97.796794,114.471804,-16.67501,34.324,34.26461205376459,0.05938794623541099
pi3bplus,margin,oi_svdd_as_elm_revision,n1024,B0,2791,101.389519,114.471804,-13.082284999999999,34.324,34.26688950981737,0.05711049018263026
pi3bplus,margin,oi_svdd_as_elm_revision,n1024,B0,2792,102.492216,114.471804,-11.979588000000007,34.324,34.267588517939906,0.056411482060092055
pi3bplus,margin,oi_svdd_as_elm_revision,n1024,B0,2793,105.837912,114.471804,-8.633892000000003,34.324,34.26970938040669,0.05429061959330994
pi3bplus,margin,oi_svdd_as_elm_revision,n1024,B0,2794,104.994014,114.471804,-9.477789999999999,34.862,34.26917442696382,0.5928255730361798
pi3bplus,margin,oi_svdd_as_elm_revision,n1024,B0,2795,104.002045,114.471804,-10.46975900000001,34.862,34.7262705604305,0.13572943956950212
pi3bplus,margin,oi_svdd_as_elm_revision,n1024,B0,2796,97.96872,114.471804,-16.503084,34.862,34.72244598923742,0.13955401076258056
pi3bplus,margin,oi_svdd_as_elm_revision,n1024,B0,2797,97.641535,114.471804,-16.830269,34.862,34.264513633888505,0.5974863661114966
pi3bplus,margin,oi_svdd_as_elm_revision,n1024,B0,2798,97.986479,114.471804,-16.485325000000003,34.862,34.72245724680432,0.1395427531956841
pi3bplus,margin,oi_svdd_as_elm_revision,n1024,B0,2799,97.562473,114.471804,-16.90933100000001,34.862,34.72218846613474,0.13981153386526302
pi3bplus,margin,fisvdd_revision,n16,B2,2800,5.166095,5.263512,-0.09741700000000009,34.324,34.41530178142557,-0.091301781425571
pi3bplus,margin,fisvdd_revision,n16,B2,2801,4.951878,5.263512,-0.31163400000000063,34.862,34.872890937876186,-0.01089093787618367
pi3bplus,margin,fisvdd_revision,n16,B2,2802,4.493758,5.263512,-0.7697540000000007,34.862,34.87260053207922,-0.010600532079216407
pi3bplus,margin,fisvdd_revision,n16,B2,2803,4.44532,5.263512,-0.8181920000000007,34.862,34.87256982685789,-0.010569826857889097
pi3bplus,margin,fisvdd_revision,n16,B2,2804,4.403342,5.263512,-0.8601700000000001,34.324,34.872543216680334,-0.5485432166803363
pi3bplus,margin,fisvdd_revision,n16,B2,2805,4.409019,5.263512,-0.8544930000000006,34.862,34.414821865117304,0.447178134882698
pi3bplus,margin,fisvdd_revision,n16,B2,2806,4.379176,5.263512,-0.8843360000000002,34.324,34.41480294740972,-0.0908029474097205
pi3bplus,margin,fisvdd_revision,n16,B2,2807,5.431196,5.263512,0.1676839999999995,34.862,34.41546983099158,0.4465301690084189
pi3bplus,margin,fisvdd_revision,n16,B2,2808,4.381884,5.263512,-0.8816280000000001,33.786,34.41480466403178,-0.6288046640317759
pi3bplus,margin,fisvdd_revision,n16,B2,2809,4.338239,5.263512,-0.9252730000000007,34.862,34.414776997130076,0.4472230028699258
pi3bplus,margin,fisvdd_revision,n16,B2,2810,4.590683,5.263512,-0.6728290000000001,34.324,34.41493702332629,-0.0909370233262905
pi3bplus,margin,fisvdd_revision,n16,B2,2811,4.343447,5.263512,-0.9200650000000001,34.862,34.41478029852139,0.447219701478609
pi3bplus,margin,fisvdd_revision,n16,B2,2812,4.497404,5.263512,-0.766108,34.324,34.41487789304964,-0.09087789304964389
pi3bplus,margin,fisvdd_revision,n16,B2,2813,5.207865,5.263512,-0.055647000000000446,34.862,34.41532825975033,0.4466717402496698
pi3bplus,margin,fisvdd_revision,n16,B2,2814,4.361415,5.263512,-0.9020970000000004,34.324,33.957066738317955,0.36693326168204266
pi3bplus,margin,fisvdd_revision,n16,B2,2815,4.420425,5.263512,-0.8430870000000006,34.862,34.87255404572562,-0.010554045725619687
pi3bplus,margin,fisvdd_revision,n16,B2,2816,4.409384,5.263512,-0.8541280000000002,34.324,34.414822096493616,-0.09082209649361772
pi3bplus,margin,fisvdd_revision,n16,B2,2817,4.354488,5.263512,-0.9090240000000005,34.324,34.41478729749634,-0.09078729749634107
pi3bplus,margin,fisvdd_revision,n16,B2,2818,4.470945,5.263512,-0.792567,34.862,34.414861120485725,0.4471388795142772
pi3bplus,margin,fisvdd_revision,n16,B2,2819,4.350009,5.263512,-0.9135030000000004,34.324,34.41478445822374,-0.09078445822374448
pi3bplus,margin,fisvdd_revision,n16,B2,2820,4.395685,5.263512,-0.8678270000000001,34.324,34.41481341259199,-0.0908134125919915
pi3bplus,margin,fisvdd_revision,n16,B2,2821,4.410477,5.263512,-0.8530350000000002,34.862,34.41482278935474,0.4471772106452647
pi3bplus,margin,fisvdd_revision,n16,B2,2822,4.435008,5.263512,-0.8285040000000006,34.324,34.87256329000166,-0.5485632900016597
pi3bplus,margin,fisvdd_revision,n16,B2,2823,4.417613,5.263512,-0.8458990000000002,34.324,34.4148273129201,-0.09082731292010493
pi3bplus,margin,fisvdd_revision,n16,B2,2824,4.404956,5.263512,-0.8585560000000001,34.862,34.87254423980736,-0.01054423980735919
pi3bplus,margin,fisvdd_revision,n16,B2,2825,4.361832,5.263512,-0.9016800000000007,34.324,34.41479195291451,-0.0907919529145147
pi3bplus,margin,fisvdd_revision,n16,B2,2826,4.72438,5.263512,-0.5391320000000004,34.862,34.41502177488447,0.4469782251155294
pi3bplus,margin,fisvdd_revision,n16,B2,2827,4.351468,5.263512,-0.9120440000000007,34.324,34.87251033335214,-0.5485103333521408
pi3bplus,margin,fisvdd_revision,n16,B2,2828,4.404592,5.263512,-0.8589200000000003,34.862,34.4148190588079,0.4471809411921015
pi3bplus,margin,fisvdd_revision,n16,B2,2829,4.425686,5.263512,-0.8378260000000006,34.324,34.41483243045699,-0.09083243045699163
pi3bplus,margin,fisvdd_revision,n16,B2,2830,4.368967,5.263512,-0.8945450000000008,34.324,34.872521426103035,-0.5485214261030364
pi3bplus,margin,fisvdd_revision,n16,B2,2831,4.407716,5.263512,-0.8557960000000007,34.324,34.87254598939263,-0.548545989392629
pi3bplus,margin,fisvdd_revision,n16,B2,2832,4.617976,5.263512,-0.6455360000000008,34.862,34.41495432456923,0.4470456754307719
pi3bplus,margin,fisvdd_revision,n16,B2,2833,4.425946,5.263512,-0.8375660000000007,34.324,34.87255754553005,-0.548557545530052
pi3bplus,margin,fisvdd_revision,n16,B2,2834,4.401936,5.263512,-0.8615760000000003,35.938,34.41481737514904,1.5231826248509606
pi3bplus,margin,fisvdd_revision,n16,B2,2835,4.496726,5.263512,-0.7667860000000006,34.324,34.414877463260225,-0.09087746326022739
pi3bplus,margin,fisvdd_revision,n16,B2,2836,4.354384,5.263512,-0.9091280000000008,34.324,34.872512181827,-0.5485121818270002
pi3bplus,margin,fisvdd_revision,n16,B2,2837,4.456935,5.263512,-0.8065770000000008,34.862,34.87257718969587,-0.01057718969586574
pi3bplus,margin,fisvdd_revision,n16,B2,2838,4.395685,5.263512,-0.8678270000000001,34.324,34.87253836284905,-0.548538362849051
pi3bplus,margin,fisvdd_revision,n16,B2,2839,4.389384,5.263512,-0.8741280000000007,34.324,34.87253436859661,-0.5485343685966129
pi3bplus,margin,fisvdd_revision,n16,B0,2840,4.565371,6.205359,-1.6399879999999998,34.324,34.135648588661645,0.18835141133835265
pi3bplus,margin,fisvdd_revision,n16,B0,2841,4.410634,6.205359,-1.7947249999999997,34.324,34.13555049968538,0.1884495003146185
pi3bplus,margin,fisvdd_revision,n16,B0,2842,4.439019,6.205359,-1.7663399999999996,34.324,33.220118592641434,1.103881407358564
pi3bplus,margin,fisvdd_revision,n16,B0,2843,4.445529,6.205359,-1.75983,33.786,34.13557261989468,-0.3495726198946798
pi3bplus,margin,fisvdd_revision,n16,B0,2844,4.515268,6.205359,-1.6900909999999998,33.248,34.135616827983995,-0.8876168279839973
pi3bplus,margin,fisvdd_revision,n16,B0,2845,4.430633,6.205359,-1.7747259999999994,33.786,34.13556317720553,-0.34956317720553187
pi3bplus,margin,fisvdd_revision,n16,B0,2846,4.467769,6.205359,-1.73759,33.786,33.67786176774495,0.10813823225505104
pi3bplus,margin,fisvdd_revision,n16,B0,2847,4.384019,6.205359,-1.8213399999999993,33.786,33.67780867797481,0.108191322025192
pi3bplus,margin,fisvdd_revision,n16,B0,2848,4.457769,6.205359,-1.7475899999999998,33.786,34.13558037892497,-0.3495803789249692
pi3bplus,margin,fisvdd_revision,n16,B0,2849,4.418706,6.205359,-1.7866529999999994,33.786,33.67783066633131,0.10816933366869108
pi3bplus,margin,fisvdd_revision,n16,B0,2850,4.379644,6.205359,-1.8257149999999998,33.786,33.677805904628606,0.10819409537139535
pi3bplus,margin,fisvdd_revision,n16,B0,2851,4.522247,6.205359,-1.6831119999999995,33.248,33.6778963017688,-0.42989630176879956
pi3bplus,margin,fisvdd_revision,n16,B0,2852,4.346259,6.205359,-1.8590999999999998,33.786,33.67778474161994,0.10821525838006352
pi3bplus,margin,fisvdd_revision,n16,B0,2853,4.408915,6.205359,-1.7964439999999993,33.786,33.22009950948394,0.5659004905160643
pi3bplus,margin,fisvdd_revision,n16,B0,2854,4.407144,6.205359,-1.798215,33.248,33.22009838683339,0.027901613166605443
pi3bplus,margin,fisvdd_revision,n16,B0,2855,4.376467,6.205359,-1.8288919999999997,34.324,33.22007894044678,1.1039210595532154
pi3bplus,margin,fisvdd_revision,n16,B0,2856,4.398394,6.205359,-1.806965,33.248,33.22009284014099,0.02790715985900505
pi3bplus,margin,fisvdd_revision,n16,B0,2857,4.449852,6.205359,-1.7555069999999997,33.786,33.22012545976358,0.5658745402364218
pi3bplus,margin,fisvdd_revision,n16,B0,2858,4.357926,6.205359,-1.8474329999999997,32.71,33.677792137421115,-0.9677921374211138
pi3bplus,margin,fisvdd_revision,n16,B0,2859,4.478966,6.205359,-1.7263929999999998,33.248,33.220143915352445,0.027856084647552848
pi3bplus,margin,fisvdd_revision,n16,B0,2860,4.433967,6.205359,-1.7713919999999996,33.786,33.22011539013972,0.5658846098602837
pi3bplus,margin,fisvdd_revision,n16,B0,2861,4.368863,6.205359,-1.8364959999999995,33.248,33.22007412021261,0.027925879787389363
pi3bplus,margin,fisvdd_revision,n16,B0,2862,4.519591,6.205359,-1.6857679999999995,33.248,33.220169667852886,0.027830332147111392
pi3bplus,margin,fisvdd_revision,n16,B0,2863,4.375477,6.205359,-1.8298819999999996,33.248,33.67780326313521,-0.4298032631352129
pi3bplus,margin,fisvdd_revision,n16,B0,2864,4.396623,6.205359,-1.8087359999999997,33.248,33.22009171749045,0.02790828250955002
pi3bplus,margin,fisvdd_revision,n16,B0,2865,4.447091,6.205359,-1.7582679999999993,33.248,33.67784865980146,-0.4298486598014648
pi3bplus,margin,fisvdd_revision,n16,B0,2866,4.366571,6.205359,-1.8387879999999992,33.248,32.7623477170391,0.48565228296089913
pi3bplus,margin,fisvdd_revision,n16,B0,2867,4.432404,6.205359,-1.7729549999999996,33.248,33.677839349599026,-0.42983934959902825
pi3bplus,margin,fisvdd_revision,n16,B0,2868,4.422977,6.205359,-1.7823819999999992,33.248,33.220108423494054,0.02789157650594376
pi3bplus,margin,fisvdd_revision,n16,B0,2869,4.399436,6.205359,-1.805923,33.248,33.22009350067282,0.027906499327180256
pi3bplus,margin,fisvdd_revision,n16,B0,2870,4.413082,6.205359,-1.7922769999999995,33.248,33.22010215097733,0.0278978490226649
pi3bplus,margin,fisvdd_revision,n16,B0,2871,4.410894,6.205359,-1.7944649999999998,33.786,33.22010076398728,0.5658992360127186
pi3bplus,margin,fisvdd_revision,n16,B0,2872,4.401207,6.205359,-1.8041519999999993,33.786,33.22009462332336,0.5659053766766391
pi3bplus,margin,fisvdd_revision,n16,B0,2873,4.495008,6.205359,-1.7103509999999993,33.248,33.220154084499825,0.02784591550017268
pi3bplus,margin,fisvdd_revision,n16,B0,2874,4.412717,6.205359,-1.7926419999999998,32.172,33.22010191960102,-1.0481019196010237
pi3bplus,margin,fisvdd_revision,n16,B0,2875,4.420321,6.205359,-1.7850379999999992,32.71,32.76238178957814,-0.05238178957814199
pi3bplus,margin,fisvdd_revision,n16,B0,2876,4.501986,6.205359,-1.703373,32.71,33.220158507907776,-0.5101585079077751
pi3bplus,margin,fisvdd_revision,n16,B0,2877,4.377405,6.205359,-1.8279539999999992,32.172,32.762354584795155,-0.5903545847951577
pi3bplus,margin,fisvdd_revision,n16,B0,2878,4.375946,6.205359,-1.8294129999999997,33.248,33.22007861018087,0.027921389819127285
pi3bplus,margin,fisvdd_revision,n16,B0,2879,4.434435,6.205359,-1.770924,32.71,32.76239073655147,-0.05239073655146598
