run_id,device_id,protocol_version,round,split,formal,block_index,window_in_block,obs_id,wall_start_utc,mono_start_ns,action,workload_bin,n_records,background,background_duty,T_start_C,T_end_C,cpu_freq_start_min_mhz,cpu_freq_start_max_mhz,cpu_freq_end_min_mhz,cpu_freq_end_max_mhz,telemetry_ms,feature_ms,risk_ms,inference_ms,controller_basic_ms,end_to_end_ms,window_elapsed_ms,deadline_overrun_ms,mean_risk,mean_action_probability,valid
pi4b8_fit_20260910_v3,pi4b8g,2,1,fit,true,0,0,0,2026-09-10T13:06:53Z,171748376665106,lucid_revision,n16,16,B0,0.0,32.615,34.076,1800.000,1800.000,1800.000,1800.000,1.010834,0.641970,0.213200,4.902169,0.129146,7.124905,101.106153,0.000000,0.695242112,0.589085774,1
pi4b8_fit_20260910_v3,pi4b8g,2,1,fit,true,0,1,1,2026-09-10T13:06:53Z,171748478124715,lucid_revision,n16,16,B0,0.0,34.076,32.128,1800.000,1800.000,1800.000,1800.000,0.783393,0.563175,0.208071,4.316050,0.094387,6.155535,101.093599,0.000000,0.778853433,0.748287612,1
pi4b8_fit_20260910_v3,pi4b8g,2,1,fit,true,0,2,2,2026-09-10T13:06:53Z,171748579559604,lucid_revision,n16,16,B0,0.0,32.128,31.641,1800.000,1800.000,1800.000,1800.000,0.856633,0.564415,0.197386,4.245033,0.096424,6.138090,101.123134,0.000000,0.637752703,0.532339777,1
pi4b8_fit_20260910_v3,pi4b8g,2,1,fit,true,0,3,3,2026-09-10T13:06:53Z,171748681027713,lucid_revision,n16,16,B0,0.0,31.641,32.615,1800.000,1800.000,1800.000,1800.000,0.772282,0.550768,0.197200,4.202515,0.090536,5.990909,101.112562,0.000000,0.651448947,0.568166634,1
pi4b8_fit_20260910_v3,pi4b8g,2,1,fit,true,0,4,4,2026-09-10T13:06:53Z,171748782469028,lucid_revision,n16,16,B0,0.0,32.615,32.615,1800.000,1800.000,1800.000,1800.000,0.776004,0.557638,0.259643,4.205293,0.090721,6.068962,100.910879,0.000000,0.795733907,0.703775722,1
pi4b8_fit_20260910_v3,pi4b8g,2,1,fit,true,0,5,5,2026-09-10T13:06:53Z,171748883743511,lucid_revision,n16,16,B0,0.0,32.615,32.615,1800.000,1800.000,1800.000,1800.000,0.830633,0.560452,0.201737,4.218940,0.094332,6.080981,101.104728,0.000000,0.542964949,0.476344434,1
pi4b8_fit_20260910_v3,pi4b8g,2,1,fit,true,0,6,6,2026-09-10T13:06:53Z,171748985190955,lucid_revision,n16,16,B0,0.0,33.102,31.641,1800.000,1800.000,1800.000,1800.000,0.776097,0.556452,0.197607,4.206256,0.089794,6.002074,101.078561,0.000000,0.725790313,0.698592805,1
pi4b8_fit_20260910_v3,pi4b8g,2,1,fit,true,0,7,7,2026-09-10T13:06:53Z,171749086613306,lucid_revision,n16,16,B0,0.0,31.641,32.615,1800.000,1800.000,1800.000,1800.000,0.771689,0.552656,0.198274,4.254663,0.091573,6.118517,101.074580,0.000000,0.748108365,0.670063632,1
pi4b8_fit_20260910_v3,pi4b8g,2,1,fit,true,0,8,8,2026-09-10T13:06:54Z,171749188065139,lucid_revision,n16,16,B0,0.0,32.615,33.102,1800.000,1800.000,1800.000,1800.000,0.788059,0.576378,0.196404,4.194941,0.090424,6.022111,101.079191,0.000000,0.719456925,0.686445210,1
pi4b8_fit_20260910_v3,pi4b8g,2,1,fit,true,0,9,9,2026-09-10T13:06:54Z,171749289475527,lucid_revision,n16,16,B0,0.0,33.102,32.615,1800.000,1800.000,1800.000,1800.000,0.768060,0.567101,0.193089,4.216996,0.090035,6.009575,101.077266,0.000000,0.705647041,0.645334287,1
pi4b8_fit_20260910_v3,pi4b8g,2,1,fit,true,0,10,10,2026-09-10T13:06:54Z,171749390885749,lucid_revision,n16,16,B0,0.0,32.615,32.615,1800.000,1800.000,1800.000,1800.000,0.774837,0.620693,0.198367,4.204589,0.090554,6.069481,101.086747,0.000000,0.645552945,0.545854198,1
pi4b8_fit_20260910_v3,pi4b8g,2,1,fit,true,0,11,11,2026-09-10T13:06:54Z,171749492346526,lucid_revision,n16,16,B0,0.0,32.615,32.128,1800.000,1800.000,1800.000,1800.000,0.789801,0.555267,0.200071,4.200904,0.091165,6.016907,101.094821,0.000000,0.710391988,0.599858639,1
pi4b8_fit_20260910_v3,pi4b8g,2,1,fit,true,0,12,12,2026-09-10T13:06:54Z,171749593774507,lucid_revision,n16,16,B0,0.0,32.128,33.589,1800.000,1800.000,1800.000,1800.000,0.771227,0.558064,0.194570,4.216089,0.090609,6.006945,101.081784,0.000000,0.560867803,0.433057078,1
pi4b8_fit_20260910_v3,pi4b8g,2,1,fit,true,0,13,13,2026-09-10T13:06:54Z,171749695217784,lucid_revision,n16,16,B0,0.0,33.589,32.128,1800.000,1800.000,1800.000,1800.000,0.828615,0.563453,0.196793,4.198960,0.090591,6.056555,101.117338,0.000000,0.665098312,0.621094318,1
pi4b8_fit_20260910_v3,pi4b8g,2,1,fit,true,0,14,14,2026-09-10T13:06:54Z,171749796702838,lucid_revision,n16,16,B0,0.0,32.128,32.128,1800.000,1800.000,1800.000,1800.000,0.789949,0.549045,0.195052,4.196830,0.090646,6.000278,100.891713,0.000000,0.862282839,0.758701561,1
pi4b8_fit_20260910_v3,pi4b8g,2,1,fit,true,0,15,15,2026-09-10T13:06:54Z,171749897957692,lucid_revision,n16,16,B0,0.0,32.128,31.641,1800.000,1800.000,1800.000,1800.000,0.766541,0.565601,0.198422,4.228867,0.090517,6.019371,101.078414,0.000000,0.694237556,0.603845946,1
pi4b8_fit_20260910_v3,pi4b8g,2,1,fit,true,0,16,16,2026-09-10T13:06:54Z,171749999376099,lucid_revision,n16,16,B0,0.0,31.641,34.076,1800.000,1800.000,1800.000,1800.000,0.828652,0.566748,0.197015,4.202552,0.091276,6.066611,101.124932,0.000000,0.538475392,0.457443977,1
pi4b8_fit_20260910_v3,pi4b8g,2,1,fit,true,0,17,17,2026-09-10T13:06:54Z,171750100834506,lucid_revision,n16,16,B0,0.0,34.076,32.128,1800.000,1800.000,1800.000,1800.000,0.767356,0.555490,0.194423,4.201867,0.089536,5.985575,101.070302,0.000000,0.713855451,0.593964311,1
pi4b8_fit_20260910_v3,pi4b8g,2,1,fit,true,0,18,18,2026-09-10T13:06:55Z,171750202241450,lucid_revision,n16,16,B0,0.0,32.128,32.128,1800.000,1800.000,1800.000,1800.000,0.763208,0.557305,0.194293,4.255847,0.090683,6.041055,101.072988,0.000000,0.727128470,0.626680673,1
pi4b8_fit_20260910_v3,pi4b8g,2,1,fit,true,0,19,19,2026-09-10T13:06:55Z,171750303644246,lucid_revision,n16,16,B0,0.0,32.128,33.102,1800.000,1800.000,1800.000,1800.000,0.823429,0.564637,0.197015,4.210608,0.091442,6.061740,101.104358,0.000000,0.564168927,0.470083282,1
pi4b8_fit_20260910_v3,pi4b8g,2,1,fit,true,0,20,20,2026-09-10T13:06:55Z,171750405083912,lucid_revision,n16,16,B0,0.0,33.102,32.615,1800.000,1800.000,1800.000,1800.000,0.763930,0.555249,0.195940,4.203737,0.089369,5.985612,101.080673,0.000000,0.564777075,0.426922421,1
pi4b8_fit_20260910_v3,pi4b8g,2,1,fit,true,0,21,21,2026-09-10T13:06:55Z,171750506492338,lucid_revision,n16,16,B0,0.0,32.615,33.589,1800.000,1800.000,1800.000,1800.000,0.775097,0.558175,0.252977,4.209644,0.091758,6.065370,101.077691,0.000000,0.692686762,0.664123876,1
pi4b8_fit_20260910_v3,pi4b8g,2,1,fit,true,0,22,22,2026-09-10T13:06:55Z,171750607905097,lucid_revision,n16,16,B0,0.0,33.589,32.615,1800.000,1800.000,1800.000,1800.000,0.826022,0.559953,0.193941,4.207737,0.090184,6.055388,101.092506,0.000000,0.797123295,0.712635273,1
pi4b8_fit_20260910_v3,pi4b8g,2,1,fit,true,0,23,23,2026-09-10T13:06:55Z,171750709337041,lucid_revision,n16,16,B0,0.0,32.615,31.641,1800.000,1800.000,1800.000,1800.000,0.768597,0.559583,0.194348,4.208348,0.089443,5.996593,101.085302,0.000000,0.624877837,0.521246116,1
pi4b8_fit_20260910_v3,pi4b8g,2,1,fit,true,0,24,24,2026-09-10T13:06:55Z,171750810751837,lucid_revision,n16,16,B0,0.0,31.641,32.615,1800.000,1800.000,1800.000,1800.000,0.768764,0.626840,0.195589,4.267958,0.090498,6.126794,100.904824,0.000000,0.758945591,0.670137067,1
pi4b8_fit_20260910_v3,pi4b8g,2,1,fit,true,0,25,25,2026-09-10T13:06:55Z,171750912059690,lucid_revision,n16,16,B0,0.0,32.615,32.128,1800.000,1800.000,1800.000,1800.000,0.794819,0.572415,0.198404,4.227385,0.091980,6.060389,101.080358,0.000000,0.663749989,0.595008196,1
pi4b8_fit_20260910_v3,pi4b8g,2,1,fit,true,0,26,26,2026-09-10T13:06:55Z,171751013477875,lucid_revision,n16,16,B0,0.0,32.128,33.102,1800.000,1800.000,1800.000,1800.000,0.766227,0.565249,0.198366,4.259144,0.091554,6.058444,101.084339,0.000000,0.636358905,0.556889575,1
pi4b8_fit_20260910_v3,pi4b8g,2,1,fit,true,0,27,27,2026-09-10T13:06:56Z,171751114914800,lucid_revision,n16,16,B0,0.0,33.102,33.589,1800.000,1800.000,1800.000,1800.000,0.772430,0.624821,0.197478,4.200830,0.089813,6.063000,101.076692,0.000000,0.599323423,0.517210333,1
pi4b8_fit_20260910_v3,pi4b8g,2,1,fit,true,0,28,28,2026-09-10T13:06:56Z,171751216364855,lucid_revision,n16,16,B0,0.0,33.589,34.076,1800.000,1800.000,1800.000,1800.000,0.782893,0.564434,0.193200,4.195886,0.093202,6.009908,101.074450,0.000000,0.812296956,0.748828972,1
pi4b8_fit_20260910_v3,pi4b8g,2,1,fit,true,0,29,29,2026-09-10T13:06:56Z,171751317777781,lucid_revision,n16,16,B0,0.0,32.128,32.128,1800.000,1800.000,1800.000,1800.000,0.768356,0.562453,0.193274,4.219607,0.088573,6.009907,101.077209,0.000000,0.777951046,0.612988590,1
pi4b8_fit_20260910_v3,pi4b8g,2,1,fit,true,0,30,30,2026-09-10T13:06:56Z,171751419221317,lucid_revision,n16,16,B0,0.0,32.128,33.102,1800.000,1800.000,1800.000,1800.000,0.845892,0.572286,0.195089,4.207052,0.090702,6.088610,101.125857,0.000000,0.519744838,0.410377648,1
pi4b8_fit_20260910_v3,pi4b8g,2,1,fit,true,0,31,31,2026-09-10T13:06:56Z,171751520684371,lucid_revision,n16,16,B0,0.0,33.102,31.641,1800.000,1800.000,1800.000,1800.000,0.775930,0.555064,0.194144,4.198460,0.091221,5.988297,101.087117,0.000000,0.771187444,0.670391284,1
pi4b8_fit_20260910_v3,pi4b8g,2,1,fit,true,0,32,32,2026-09-10T13:06:56Z,171751622107649,lucid_revision,n16,16,B0,0.0,31.641,33.102,1800.000,1800.000,1800.000,1800.000,0.763393,0.563434,0.195793,4.209774,0.090646,6.042925,101.072450,0.000000,0.631439290,0.566124143,1
pi4b8_fit_20260910_v3,pi4b8g,2,1,fit,true,0,33,33,2026-09-10T13:06:56Z,171751723514574,lucid_revision,n16,16,B0,0.0,33.102,32.615,1800.000,1800.000,1800.000,1800.000,0.816633,0.578007,0.196070,4.216385,0.089128,6.072222,101.138876,0.000000,0.575446378,0.497868743,1
pi4b8_fit_20260910_v3,pi4b8g,2,1,fit,true,0,34,34,2026-09-10T13:06:56Z,171751824988203,lucid_revision,n16,16,B0,0.0,32.615,32.128,1800.000,1800.000,1800.000,1800.000,0.771356,0.566471,0.195219,4.253625,0.091479,6.054259,100.908379,0.000000,0.681163250,0.614885378,1
pi4b8_fit_20260910_v3,pi4b8g,2,1,fit,true,0,35,35,2026-09-10T13:06:56Z,171751926262946,lucid_revision,n16,16,B0,0.0,32.128,32.615,1800.000,1800.000,1800.000,1800.000,0.794689,0.571119,0.197256,4.257607,0.090165,6.085980,101.074395,0.000000,0.690387538,0.604031498,1
pi4b8_fit_20260910_v3,pi4b8g,2,1,fit,true,0,36,36,2026-09-10T13:06:56Z,171752027675983,lucid_revision,n16,16,B0,0.0,32.615,33.102,1800.000,1800.000,1800.000,1800.000,0.828744,0.565786,0.197848,4.219551,0.090128,6.077906,101.110579,0.000000,0.787843768,0.671775137,1
pi4b8_fit_20260910_v3,pi4b8g,2,1,fit,true,0,37,37,2026-09-10T13:06:57Z,171752129121111,lucid_revision,n16,16,B0,0.0,33.102,32.128,1800.000,1800.000,1800.000,1800.000,0.772838,0.560212,0.195015,4.200867,0.089202,5.995482,101.076284,0.000000,0.736529912,0.623673796,1
pi4b8_fit_20260910_v3,pi4b8g,2,1,fit,true,0,38,38,2026-09-10T13:06:57Z,171752230533944,lucid_revision,n16,16,B0,0.0,32.128,32.128,1800.000,1800.000,1800.000,1800.000,0.781985,0.553564,0.248292,4.211237,0.090443,6.060296,101.093802,0.000000,0.774993587,0.686033059,1
pi4b8_fit_20260910_v3,pi4b8g,2,1,fit,true,0,39,39,2026-09-10T13:06:57Z,171752331967536,lucid_revision,n16,16,B0,0.0,32.128,32.615,1800.000,1800.000,1800.000,1800.000,0.784763,0.568378,0.196182,4.194719,0.090294,6.048278,101.077580,0.000000,0.641632965,0.551828472,1
pi4b8_fit_20260910_v3,pi4b8g,2,1,fit,true,1,0,40,2026-09-10T13:06:57Z,171752937902508,lucid_revision,n64,64,B0,0.0,32.615,32.615,1800.000,1800.000,1800.000,1800.000,0.963816,1.997834,0.277884,19.977224,0.087128,23.556491,101.049765,0.000000,0.703970039,0.637493552,1
pi4b8_fit_20260910_v3,pi4b8g,2,1,fit,true,1,1,41,2026-09-10T13:06:57Z,171753039348359,lucid_revision,n64,64,B0,0.0,32.615,32.128,1800.000,1800.000,1800.000,1800.000,0.843114,1.838336,0.256902,17.860171,0.092109,21.153017,101.107764,0.000000,0.697518732,0.600428140,1
pi4b8_fit_20260910_v3,pi4b8g,2,1,fit,true,1,2,42,2026-09-10T13:06:58Z,171753140835727,lucid_revision,n64,64,B0,0.0,32.128,32.615,1800.000,1800.000,1800.000,1800.000,0.786449,1.798689,0.249829,19.008705,0.089221,22.187073,101.052488,0.000000,0.703647231,0.605967140,1
pi4b8_fit_20260910_v3,pi4b8g,2,1,fit,true,1,3,43,2026-09-10T13:06:58Z,171753242263671,lucid_revision,n64,64,B0,0.0,32.615,33.102,1800.000,1800.000,1800.000,1800.000,0.788078,1.885576,0.251329,18.948669,0.090369,22.226942,101.063340,0.000000,0.641984760,0.562618169,1
pi4b8_fit_20260910_v3,pi4b8g,2,1,fit,true,1,4,44,2026-09-10T13:06:58Z,171753343701374,lucid_revision,n64,64,B0,0.0,33.102,33.589,1800.000,1800.000,1800.000,1800.000,0.833632,1.809226,0.245107,18.955891,0.089591,22.188313,101.080284,0.000000,0.692657114,0.588678291,1
pi4b8_fit_20260910_v3,pi4b8g,2,1,fit,true,1,5,45,2026-09-10T13:06:58Z,171753445182984,lucid_revision,n64,64,B0,0.0,33.589,32.615,1800.000,1800.000,1800.000,1800.000,0.794263,1.811022,0.298032,18.920577,0.089573,22.169498,101.045025,0.000000,0.669711997,0.569692704,1
pi4b8_fit_20260910_v3,pi4b8g,2,1,fit,true,1,6,46,2026-09-10T13:06:58Z,171753546596058,lucid_revision,n64,64,B0,0.0,32.615,33.102,1800.000,1800.000,1800.000,1800.000,0.778282,1.851892,0.253033,18.913892,0.090165,22.141369,101.049117,0.000000,0.669517669,0.584834279,1
pi4b8_fit_20260910_v3,pi4b8g,2,1,fit,true,1,7,47,2026-09-10T13:06:58Z,171753648051427,lucid_revision,n64,64,B0,0.0,33.102,33.102,1800.000,1800.000,1800.000,1800.000,0.795466,1.831040,0.250476,18.957243,0.088146,22.173758,101.047562,0.000000,0.687796450,0.627121964,1
pi4b8_fit_20260910_v3,pi4b8g,2,1,fit,true,1,8,48,2026-09-10T13:06:58Z,171753749470834,lucid_revision,n64,64,B0,0.0,33.102,32.128,1800.000,1800.000,1800.000,1800.000,0.777116,1.877243,0.247699,18.908762,0.089128,22.159110,101.058729,0.000000,0.713300183,0.625156952,1
pi4b8_fit_20260910_v3,pi4b8g,2,1,fit,true,1,9,49,2026-09-10T13:06:58Z,171753850908944,lucid_revision,n64,64,B0,0.0,32.128,34.076,1800.000,1800.000,1800.000,1800.000,0.780041,1.876706,0.257181,19.071685,0.089295,22.326774,100.907380,0.000000,0.637833762,0.555610998,1
pi4b8_fit_20260910_v3,pi4b8g,2,1,fit,true,1,10,50,2026-09-10T13:06:58Z,171753952256038,lucid_revision,n64,64,B0,0.0,34.076,33.589,1800.000,1800.000,1800.000,1800.000,0.789356,1.824355,0.249718,18.957280,0.089036,22.161906,101.090228,0.000000,0.667130752,0.597237006,1
pi4b8_fit_20260910_v3,pi4b8g,2,1,fit,true,1,11,51,2026-09-10T13:06:58Z,171754053763517,lucid_revision,n64,64,B0,0.0,33.589,31.641,1800.000,1800.000,1800.000,1800.000,0.784393,1.890817,0.247681,18.906818,0.088554,22.176573,101.052266,0.000000,0.664243816,0.587472238,1
pi4b8_fit_20260910_v3,pi4b8g,2,1,fit,true,1,12,52,2026-09-10T13:06:59Z,171754155184295,lucid_revision,n64,64,B0,0.0,32.128,33.102,1800.000,1800.000,1800.000,1800.000,0.826818,1.794281,0.250829,18.963336,0.088646,22.176128,101.086820,0.000000,0.715527392,0.641248790,1
pi4b8_fit_20260910_v3,pi4b8g,2,1,fit,true,1,13,53,2026-09-10T13:06:59Z,171754256649016,lucid_revision,n64,64,B0,0.0,33.102,33.589,1800.000,1800.000,1800.000,1800.000,0.791078,1.818892,0.248051,18.964650,0.090128,22.166461,101.047432,0.000000,0.715133887,0.631556661,1
pi4b8_fit_20260910_v3,pi4b8g,2,1,fit,true,1,14,54,2026-09-10T13:06:59Z,171754358063682,lucid_revision,n64,64,B0,0.0,33.589,33.102,1800.000,1800.000,1800.000,1800.000,0.780893,1.863966,0.247921,19.029038,0.090536,22.270423,101.057081,0.000000,0.629843856,0.533075528,1
pi4b8_fit_20260910_v3,pi4b8g,2,1,fit,true,1,15,55,2026-09-10T13:06:59Z,171754459492848,lucid_revision,n64,64,B0,0.0,33.102,32.615,1800.000,1800.000,1800.000,1800.000,0.853763,1.816281,0.249236,18.999520,0.088739,22.264034,101.078599,0.000000,0.733876441,0.651316155,1
pi4b8_fit_20260910_v3,pi4b8g,2,1,fit,true,1,16,56,2026-09-10T13:06:59Z,171754560943551,lucid_revision,n64,64,B0,0.0,32.615,31.641,1800.000,1800.000,1800.000,1800.000,0.776857,1.820466,0.246847,18.968225,0.087239,22.151425,101.046340,0.000000,0.760048177,0.679720066,1
pi4b8_fit_20260910_v3,pi4b8g,2,1,fit,true,1,17,57,2026-09-10T13:06:59Z,171754662362032,lucid_revision,n64,64,B0,0.0,31.641,33.102,1800.000,1800.000,1800.000,1800.000,0.782115,1.887650,0.255643,18.975835,0.089035,22.249164,101.045414,0.000000,0.719539565,0.615867018,1
pi4b8_fit_20260910_v3,pi4b8g,2,1,fit,true,1,18,58,2026-09-10T13:06:59Z,171754763794958,lucid_revision,n64,64,B0,0.0,33.102,32.615,1800.000,1800.000,1800.000,1800.000,0.842855,1.830299,0.252311,19.099592,0.090368,22.371883,101.080006,0.000000,0.716900923,0.643256389,1
pi4b8_fit_20260910_v3,pi4b8g,2,1,fit,true,1,19,59,2026-09-10T13:06:59Z,171754865243623,lucid_revision,n64,64,B0,0.0,32.615,33.102,1800.000,1800.000,1800.000,1800.000,0.777171,1.843800,0.250106,18.931651,0.088980,22.187202,100.915268,0.000000,0.629931016,0.562799835,1
pi4b8_fit_20260910_v3,pi4b8g,2,1,fit,true,1,20,60,2026-09-10T13:06:59Z,171754966594180,lucid_revision,n64,64,B0,0.0,33.102,32.615,1800.000,1800.000,1800.000,1800.000,0.786449,1.899761,0.247940,18.979594,0.090517,22.258608,101.051525,0.000000,0.723808411,0.630495709,1
pi4b8_fit_20260910_v3,pi4b8g,2,1,fit,true,1,21,61,2026-09-10T13:06:59Z,171755068052753,lucid_revision,n64,64,B0,0.0,32.615,33.102,1800.000,1800.000,1800.000,1800.000,0.803522,1.838484,0.246292,18.989761,0.088683,22.222368,101.044488,0.000000,0.767565309,0.674876809,1
pi4b8_fit_20260910_v3,pi4b8g,2,1,fit,true,1,22,62,2026-09-10T13:07:00Z,171755169462827,lucid_revision,n64,64,B0,0.0,33.102,32.615,1800.000,1800.000,1800.000,1800.000,0.772764,1.873743,0.252717,18.919558,0.088165,22.162646,101.055136,0.000000,0.638386383,0.546959840,1
pi4b8_fit_20260910_v3,pi4b8g,2,1,fit,true,1,23,63,2026-09-10T13:07:00Z,171755270889160,lucid_revision,n64,64,B0,0.0,32.615,33.102,1800.000,1800.000,1800.000,1800.000,0.774300,1.872243,0.248977,18.975076,0.087962,22.212997,101.049913,0.000000,0.685914386,0.637801530,1
pi4b8_fit_20260910_v3,pi4b8g,2,1,fit,true,1,24,64,2026-09-10T13:07:00Z,171755372344825,lucid_revision,n64,64,B0,0.0,33.102,32.615,1800.000,1800.000,1800.000,1800.000,0.791504,1.812244,0.252181,18.967705,0.088332,22.167850,101.048488,0.000000,0.701444545,0.611766961,1
pi4b8_fit_20260910_v3,pi4b8g,2,1,fit,true,1,25,65,2026-09-10T13:07:00Z,171755473762010,lucid_revision,n64,64,B0,0.0,32.615,32.615,1800.000,1800.000,1800.000,1800.000,0.785652,1.850096,0.248143,18.970039,0.087757,22.199442,101.043673,0.000000,0.633932708,0.575933917,1
pi4b8_fit_20260910_v3,pi4b8g,2,1,fit,true,1,26,66,2026-09-10T13:07:00Z,171755575166788,lucid_revision,n64,64,B0,0.0,32.615,34.076,1800.000,1800.000,1800.000,1800.000,0.771930,1.864817,0.247292,18.909780,0.087943,22.134925,101.092283,0.000000,0.648435507,0.552537527,1
pi4b8_fit_20260910_v3,pi4b8g,2,1,fit,true,1,27,67,2026-09-10T13:07:00Z,171755676641008,lucid_revision,n64,64,B0,0.0,34.076,34.076,1800.000,1800.000,1800.000,1800.000,0.804004,1.841207,0.254162,18.948317,0.087073,22.191128,101.050692,0.000000,0.648058557,0.564079582,1
pi4b8_fit_20260910_v3,pi4b8g,2,1,fit,true,1,28,68,2026-09-10T13:07:00Z,171755778063212,lucid_revision,n64,64,B0,0.0,34.076,32.128,1800.000,1800.000,1800.000,1800.000,0.769134,1.855577,0.247403,18.938447,0.088350,22.154350,101.081450,0.000000,0.663637498,0.593957452,1
pi4b8_fit_20260910_v3,pi4b8g,2,1,fit,true,1,29,69,2026-09-10T13:07:00Z,171755879545080,lucid_revision,n64,64,B0,0.0,32.128,32.615,1800.000,1800.000,1800.000,1800.000,0.844874,1.820874,0.251199,18.680785,0.089628,21.947262,101.087525,0.000000,0.632564732,0.549062128,1
pi4b8_fit_20260910_v3,pi4b8g,2,1,fit,true,1,30,70,2026-09-10T13:07:00Z,171755981013579,lucid_revision,n64,64,B0,0.0,32.128,33.102,1800.000,1800.000,1800.000,1800.000,0.775819,1.796652,0.297902,18.991298,0.088998,22.202406,101.045599,0.000000,0.723117719,0.629444625,1
pi4b8_fit_20260910_v3,pi4b8g,2,1,fit,true,1,31,71,2026-09-10T13:07:00Z,171756082424431,lucid_revision,n64,64,B0,0.0,33.102,33.589,1800.000,1800.000,1800.000,1800.000,0.775245,1.856503,0.250847,18.935743,0.090350,22.162202,101.042951,0.000000,0.742638958,0.637705164,1
pi4b8_fit_20260910_v3,pi4b8g,2,1,fit,true,1,32,72,2026-09-10T13:07:01Z,171756183829764,lucid_revision,n64,64,B0,0.0,33.589,32.128,1800.000,1800.000,1800.000,1800.000,0.835799,1.819004,0.249533,18.952558,0.086220,22.195054,101.133690,0.000000,0.716757574,0.612178817,1
pi4b8_fit_20260910_v3,pi4b8g,2,1,fit,true,1,33,73,2026-09-10T13:07:01Z,171756285334799,lucid_revision,n64,64,B0,0.0,32.128,32.128,1800.000,1800.000,1800.000,1800.000,0.774801,1.790522,0.251496,18.950947,0.087924,22.153869,101.066858,0.000000,0.737497109,0.642441811,1
pi4b8_fit_20260910_v3,pi4b8g,2,1,fit,true,1,34,74,2026-09-10T13:07:01Z,171756386769632,lucid_revision,n64,64,B0,0.0,32.128,32.615,1800.000,1800.000,1800.000,1800.000,0.775245,1.852207,0.249143,18.924669,0.087443,22.143925,101.050229,0.000000,0.673956909,0.556168818,1
pi4b8_fit_20260910_v3,pi4b8g,2,1,fit,true,1,35,75,2026-09-10T13:07:01Z,171756488224705,lucid_revision,n64,64,B0,0.0,32.615,33.102,1800.000,1800.000,1800.000,1800.000,0.792189,1.813226,0.250477,18.981316,0.088665,22.181350,101.050451,0.000000,0.563825308,0.480231669,1
pi4b8_fit_20260910_v3,pi4b8g,2,1,fit,true,1,36,76,2026-09-10T13:07:01Z,171756589669519,lucid_revision,n64,64,B0,0.0,33.102,33.102,1800.000,1800.000,1800.000,1800.000,0.778894,1.874447,0.245348,18.914577,0.087943,22.151239,101.047210,0.000000,0.770504569,0.659198824,1
pi4b8_fit_20260910_v3,pi4b8g,2,1,fit,true,1,37,77,2026-09-10T13:07:01Z,171756691085889,lucid_revision,n64,64,B0,0.0,33.102,32.128,1800.000,1800.000,1800.000,1800.000,0.775226,1.852077,0.247570,18.982761,0.088517,22.199202,101.076765,0.000000,0.686780549,0.591394769,1
pi4b8_fit_20260910_v3,pi4b8g,2,1,fit,true,1,38,78,2026-09-10T13:07:01Z,171756792532555,lucid_revision,n64,64,B0,0.0,32.128,32.615,1800.000,1800.000,1800.000,1800.000,0.785430,1.813800,0.250273,19.019834,0.088387,22.205683,101.040006,0.000000,0.570920201,0.499983646,1
pi4b8_fit_20260910_v3,pi4b8g,2,1,fit,true,1,39,79,2026-09-10T13:07:01Z,171756893955147,lucid_revision,n64,64,B0,0.0,32.615,33.102,1800.000,1800.000,1800.000,1800.000,0.781059,2.112924,0.292643,19.056686,0.089425,22.812727,101.052025,0.000000,0.724148717,0.631961027,1
pi4b8_fit_20260910_v3,pi4b8g,2,1,fit,true,2,0,80,2026-09-10T13:07:02Z,171757511183317,lucid_revision,n512,512,B2,1.0,33.589,34.563,1800.000,1800.000,1800.000,1800.000,2.268143,15.585398,0.564360,152.688165,0.100646,172.212620,173.273230,72.212620,0.694387197,0.608131447,1
pi4b8_fit_20260910_v3,pi4b8g,2,1,fit,true,2,1,81,2026-09-10T13:07:02Z,171757685145664,lucid_revision,n512,512,B2,1.0,34.563,34.563,1800.000,1800.000,1800.000,1800.000,0.851337,13.944390,0.551768,131.587129,0.114109,148.118009,149.145249,48.118009,0.685916222,0.601962402,1
pi4b8_fit_20260910_v3,pi4b8g,2,1,fit,true,2,2,82,2026-09-10T13:07:02Z,171757834948123,lucid_revision,n512,512,B2,1.0,34.563,35.537,1800.000,1800.000,1800.000,1800.000,0.842558,14.346662,0.549990,141.737848,0.114368,158.635018,159.671944,58.635018,0.680448185,0.593151235,1
pi4b8_fit_20260910_v3,pi4b8g,2,1,fit,true,2,3,83,2026-09-10T13:07:02Z,171757995284221,lucid_revision,n512,512,B2,1.0,35.537,35.050,1800.000,1800.000,1800.000,1800.000,0.890780,14.635101,0.627692,139.895216,0.117369,157.226730,158.264266,57.226730,0.694102412,0.607802293,1
pi4b8_fit_20260910_v3,pi4b8g,2,1,fit,true,2,4,84,2026-09-10T13:07:03Z,171758154241789,lucid_revision,n512,512,B2,1.0,35.050,34.076,1800.000,1800.000,1800.000,1800.000,0.941056,14.327106,0.552712,141.899790,0.115017,158.889254,159.918865,58.889254,0.671644477,0.580643342,1
pi4b8_fit_20260910_v3,pi4b8g,2,1,fit,true,2,5,85,2026-09-10T13:07:03Z,171758314853086,lucid_revision,n512,512,B2,1.0,34.076,35.050,1800.000,1800.000,1800.000,1800.000,0.851966,14.736765,0.545990,139.456021,0.113350,156.754053,157.847255,56.754053,0.675402121,0.592777737,1
pi4b8_fit_20260910_v3,pi4b8g,2,1,fit,true,2,6,86,2026-09-10T13:07:03Z,171758473373088,lucid_revision,n512,512,B2,1.0,35.050,36.024,1800.000,1800.000,1800.000,1800.000,0.843800,14.294273,0.554212,140.388225,0.113146,157.217655,158.250247,57.217655,0.690150249,0.599457917,1
pi4b8_fit_20260910_v3,pi4b8g,2,1,fit,true,2,7,87,2026-09-10T13:07:03Z,171758632330044,lucid_revision,n512,512,B2,1.0,36.024,35.050,1800.000,1800.000,1800.000,1800.000,0.869892,13.966946,0.547842,140.014176,0.116850,156.599242,157.633482,56.599242,0.675787066,0.589346075,1
pi4b8_fit_20260910_v3,pi4b8g,2,1,fit,true,2,8,88,2026-09-10T13:07:03Z,171758790618477,lucid_revision,n512,512,B2,1.0,35.050,36.998,1800.000,1800.000,1800.000,1800.000,0.852928,14.671600,0.578008,140.824161,0.115869,158.124768,159.129379,58.124768,0.704397337,0.621429085,1
pi4b8_fit_20260910_v3,pi4b8g,2,1,fit,true,2,9,89,2026-09-10T13:07:03Z,171758950397381,lucid_revision,n512,512,B2,1.0,35.050,36.024,1800.000,1800.000,1800.000,1800.000,0.840281,14.321384,0.548527,140.420762,0.115164,157.290877,158.379227,57.290877,0.680091831,0.603536214,1
pi4b8_fit_20260910_v3,pi4b8g,2,1,fit,true,2,10,90,2026-09-10T13:07:04Z,171759109445466,lucid_revision,n512,512,B2,1.0,36.024,36.024,1800.000,1800.000,1800.000,1800.000,0.850725,14.614638,0.541564,141.288857,0.114757,158.452725,159.534094,58.452725,0.695557576,0.600887970,1
pi4b8_fit_20260910_v3,pi4b8g,2,1,fit,true,2,11,91,2026-09-10T13:07:04Z,171759269687695,lucid_revision,n512,512,B2,1.0,36.024,36.024,1800.000,1800.000,1800.000,1800.000,0.842151,14.292366,0.548119,141.073972,0.115072,157.884310,158.973957,57.884310,0.666956272,0.576360501,1
pi4b8_fit_20260910_v3,pi4b8g,2,1,fit,true,2,12,92,2026-09-10T13:07:04Z,171759429338417,lucid_revision,n512,512,B2,1.0,36.024,35.050,1800.000,1800.000,1800.000,1800.000,0.842114,13.874911,0.546527,140.359819,0.113572,156.739794,157.761868,56.739794,0.693385361,0.609974126,1
pi4b8_fit_20260910_v3,pi4b8g,2,1,fit,true,2,13,93,2026-09-10T13:07:04Z,171759587762291,lucid_revision,n512,512,B2,1.0,35.050,37.485,1800.000,1800.000,1800.000,1800.000,0.891928,14.633119,0.546064,140.260691,0.114628,157.576297,158.603760,57.576297,0.694127870,0.603944521,1
pi4b8_fit_20260910_v3,pi4b8g,2,1,fit,true,2,14,94,2026-09-10T13:07:04Z,171759747019168,lucid_revision,n512,512,B2,1.0,37.485,36.998,1800.000,1800.000,1800.000,1800.000,0.845207,14.294718,0.549268,143.397225,0.119201,160.320803,162.015808,60.320803,0.672561709,0.589474044,1
pi4b8_fit_20260910_v3,pi4b8g,2,1,fit,true,2,15,95,2026-09-10T13:07:04Z,171759910177770,lucid_revision,n512,512,B2,1.0,36.998,36.511,1800.000,1800.000,1800.000,1800.000,1.010111,14.606730,0.556600,140.812921,0.112831,158.135472,159.169675,58.135472,0.691977773,0.602813841,1
pi4b8_fit_20260910_v3,pi4b8g,2,1,fit,true,2,16,96,2026-09-10T13:07:04Z,171760070005100,lucid_revision,n512,512,B2,1.0,36.511,36.024,1800.000,1800.000,1800.000,1800.000,0.845022,14.330606,0.549323,140.581740,0.113442,157.452244,158.542298,57.452244,0.664190005,0.574271349,1
pi4b8_fit_20260910_v3,pi4b8g,2,1,fit,true,2,17,97,2026-09-10T13:07:05Z,171760229214737,lucid_revision,n512,512,B2,1.0,36.024,36.998,1800.000,1800.000,1800.000,1800.000,0.842318,14.761024,0.547471,140.708478,0.114609,158.026937,159.099510,58.026937,0.683560183,0.600842785,1
pi4b8_fit_20260910_v3,pi4b8g,2,1,fit,true,2,18,98,2026-09-10T13:07:05Z,171760388989920,lucid_revision,n512,512,B2,1.0,36.998,36.998,1800.000,1800.000,1800.000,1800.000,0.850485,14.368716,0.544305,141.199099,0.111368,158.136416,159.221729,58.136416,0.691393412,0.601585779,1
pi4b8_fit_20260910_v3,pi4b8g,2,1,fit,true,2,19,99,2026-09-10T13:07:05Z,171760548884396,lucid_revision,n512,512,B2,1.0,36.998,36.998,1800.000,1800.000,1800.000,1800.000,0.857929,13.974242,0.550323,140.731053,0.113702,157.275469,158.316506,57.275469,0.673820890,0.592306844,1
pi4b8_fit_20260910_v3,pi4b8g,2,1,fit,true,2,20,100,2026-09-10T13:07:05Z,171760707867760,lucid_revision,n512,512,B2,1.0,36.998,37.972,1800.000,1800.000,1800.000,1800.000,0.891817,14.623582,0.544527,140.868957,0.113850,158.169490,159.204397,58.169490,0.699667530,0.616335908,1
pi4b8_fit_20260910_v3,pi4b8g,2,1,fit,true,2,21,101,2026-09-10T13:07:05Z,171760867739033,lucid_revision,n512,512,B2,1.0,37.972,37.485,1800.000,1800.000,1800.000,1800.000,0.904928,14.200571,0.591322,140.509872,0.115572,157.384912,158.413134,57.384912,0.679459699,0.597842277,1
pi4b8_fit_20260910_v3,pi4b8g,2,1,fit,true,2,22,102,2026-09-10T13:07:05Z,171761026811469,lucid_revision,n512,512,B2,1.0,37.485,37.485,1800.000,1800.000,1800.000,1800.000,0.836448,14.531047,0.550898,141.078583,0.113646,158.164527,159.184453,58.164527,0.688335041,0.592237806,1
pi4b8_fit_20260910_v3,pi4b8g,2,1,fit,true,2,23,103,2026-09-10T13:07:06Z,171761186655336,lucid_revision,n512,512,B2,1.0,37.485,36.998,1800.000,1800.000,1800.000,1800.000,0.842522,14.319365,0.553656,140.680979,0.117572,157.593352,158.630092,57.593352,0.689317970,0.601360423,1
pi4b8_fit_20260910_v3,pi4b8g,2,1,fit,true,2,24,104,2026-09-10T13:07:06Z,171761345941083,lucid_revision,n512,512,B2,1.0,36.998,36.511,1800.000,1800.000,1800.000,1800.000,0.827762,14.543991,0.548527,140.819347,0.114257,157.901550,158.988826,57.901550,0.694145096,0.608925888,1
pi4b8_fit_20260910_v3,pi4b8g,2,1,fit,true,2,25,105,2026-09-10T13:07:06Z,171761505608138,lucid_revision,n512,512,B2,1.0,36.511,37.972,1800.000,1800.000,1800.000,1800.000,0.845707,14.328810,0.554675,140.362763,0.112461,157.220118,158.247433,57.220118,0.679102911,0.591451764,1
pi4b8_fit_20260910_v3,pi4b8g,2,1,fit,true,2,26,106,2026-09-10T13:07:06Z,171761664588557,lucid_revision,n512,512,B2,1.0,37.972,37.485,1800.000,1800.000,1800.000,1800.000,0.867132,14.467196,0.543879,140.882846,0.116313,157.985030,159.017493,57.985030,0.682596086,0.598297032,1
pi4b8_fit_20260910_v3,pi4b8g,2,1,fit,true,2,27,107,2026-09-10T13:07:06Z,171761824310926,lucid_revision,n512,512,B2,1.0,37.485,37.972,1800.000,1800.000,1800.000,1800.000,0.878706,14.249367,0.549805,141.263043,0.113239,158.129916,159.156008,58.129916,0.686234388,0.598718569,1
pi4b8_fit_20260910_v3,pi4b8g,2,1,fit,true,2,28,108,2026-09-10T13:07:06Z,171761984166273,lucid_revision,n512,512,B2,1.0,37.972,36.511,1800.000,1800.000,1800.000,1800.000,0.869781,13.849522,0.604545,141.018176,0.118850,157.470485,158.486855,57.470485,0.668023831,0.578582984,1
pi4b8_fit_20260910_v3,pi4b8g,2,1,fit,true,2,29,109,2026-09-10T13:07:07Z,171762143302523,lucid_revision,n512,512,B2,1.0,36.511,37.972,1800.000,1800.000,1800.000,1800.000,0.875688,14.637396,0.597452,140.884383,0.112276,158.182193,159.211026,58.182193,0.677446319,0.592029510,1
pi4b8_fit_20260910_v3,pi4b8g,2,1,fit,true,2,30,110,2026-09-10T13:07:07Z,171762303176759,lucid_revision,n512,512,B2,1.0,37.972,36.998,1800.000,1800.000,1800.000,1800.000,0.878650,14.419364,0.546064,140.796273,0.113627,157.828015,158.862922,57.828015,0.694182189,0.602581035,1
pi4b8_fit_20260910_v3,pi4b8g,2,1,fit,true,2,31,111,2026-09-10T13:07:07Z,171762462704780,lucid_revision,n512,512,B2,1.0,36.998,36.998,1800.000,1800.000,1800.000,1800.000,0.836226,14.803838,0.545009,140.701664,0.115406,158.045566,159.074288,58.045566,0.676128936,0.597412020,1
pi4b8_fit_20260910_v3,pi4b8g,2,1,fit,true,2,32,112,2026-09-10T13:07:07Z,171762622444500,lucid_revision,n512,512,B2,1.0,36.998,36.998,1800.000,1800.000,1800.000,1800.000,0.832577,14.395456,0.549305,141.357966,0.115479,158.314394,159.342950,58.314394,0.712677961,0.626192051,1
pi4b8_fit_20260910_v3,pi4b8g,2,1,fit,true,2,33,113,2026-09-10T13:07:07Z,171762782440660,lucid_revision,n512,512,B2,1.0,36.998,37.972,1800.000,1800.000,1800.000,1800.000,0.837206,14.024019,0.557082,141.639831,0.114368,158.164730,159.170434,58.164730,0.667109000,0.589102422,1
pi4b8_fit_20260910_v3,pi4b8g,2,1,fit,true,2,34,114,2026-09-10T13:07:07Z,171762942254804,lucid_revision,n512,512,B2,1.0,37.972,37.972,1800.000,1800.000,1800.000,1800.000,0.838781,14.669933,0.554768,142.802996,0.112720,160.033678,161.059456,60.033678,0.684565258,0.587385815,1
pi4b8_fit_20260910_v3,pi4b8g,2,1,fit,true,2,35,115,2026-09-10T13:07:07Z,171763103974173,lucid_revision,n512,512,B2,1.0,37.972,37.485,1800.000,1800.000,1800.000,1800.000,0.868947,14.432345,0.550101,141.109267,0.114960,158.239415,159.276118,58.239415,0.690027509,0.602954271,1
pi4b8_fit_20260910_v3,pi4b8g,2,1,fit,true,2,36,116,2026-09-10T13:07:08Z,171763263904742,lucid_revision,n512,512,B2,1.0,37.485,37.485,1800.000,1800.000,1800.000,1800.000,0.885317,14.740025,0.552545,141.017714,0.112961,158.405374,159.439040,58.405374,0.686802325,0.604222130,1
pi4b8_fit_20260910_v3,pi4b8g,2,1,fit,true,2,37,117,2026-09-10T13:07:08Z,171763424073991,lucid_revision,n512,512,B2,1.0,37.485,37.972,1800.000,1800.000,1800.000,1800.000,0.952001,14.282829,0.539731,141.220710,0.114295,158.242396,159.273988,58.242396,0.681930054,0.593686072,1
pi4b8_fit_20260910_v3,pi4b8g,2,1,fit,true,2,38,118,2026-09-10T13:07:08Z,171763584038985,lucid_revision,n512,512,B2,1.0,37.972,37.972,1800.000,1800.000,1800.000,1800.000,0.865836,13.942317,0.584915,140.774311,0.112517,157.278747,158.314320,57.278747,0.697563408,0.610310240,1
pi4b8_fit_20260910_v3,pi4b8g,2,1,fit,true,2,39,119,2026-09-10T13:07:08Z,171763743020886,lucid_revision,n512,512,B2,1.0,37.972,37.485,1800.000,1800.000,1800.000,1800.000,0.837503,14.561528,0.552953,140.943475,0.119609,158.076788,159.107398,58.076788,0.670090053,0.582277502,1
pi4b8_fit_20260910_v3,pi4b8g,2,1,fit,true,3,0,120,2026-09-10T13:07:09Z,171764550245237,oi_svdd_as_elm_revision,n1,1,B0,0.0,36.024,36.998,1800.000,1800.000,1800.000,1800.000,0.897742,0.188885,0.197071,0.485880,0.075554,2.008500,100.996859,0.000000,0.642228029,0.886194923,1
pi4b8_fit_20260910_v3,pi4b8g,2,1,fit,true,3,1,121,2026-09-10T13:07:09Z,171764651585293,oi_svdd_as_elm_revision,n1,1,B0,0.0,36.998,36.024,1800.000,1800.000,1800.000,1800.000,0.838114,0.151756,0.180830,0.411807,0.069295,1.796541,101.027248,0.000000,0.873891348,0.921681971,1
pi4b8_fit_20260910_v3,pi4b8g,2,1,fit,true,3,2,122,2026-09-10T13:07:09Z,171764752931831,oi_svdd_as_elm_revision,n1,1,B0,0.0,36.024,36.511,1800.000,1800.000,1800.000,1800.000,0.775801,0.149219,0.177793,0.403733,0.068406,1.717524,100.977749,0.000000,0.936013144,0.971364778,1
pi4b8_fit_20260910_v3,pi4b8g,2,1,fit,true,3,3,123,2026-09-10T13:07:09Z,171764854209852,oi_svdd_as_elm_revision,n1,1,B0,0.0,36.511,35.537,1800.000,1800.000,1800.000,1800.000,0.772522,0.145627,0.175923,0.404660,0.068961,1.705931,100.895806,0.000000,0.872968270,0.980568304,1
pi4b8_fit_20260910_v3,pi4b8g,2,1,fit,true,3,4,124,2026-09-10T13:07:09Z,171764955458133,oi_svdd_as_elm_revision,n1,1,B0,0.0,36.511,36.024,1800.000,1800.000,1800.000,1800.000,0.836485,0.168089,0.185459,0.421252,0.073146,1.829466,101.041154,0.000000,0.946404775,0.978709670,1
pi4b8_fit_20260910_v3,pi4b8g,2,1,fit,true,3,5,125,2026-09-10T13:07:09Z,171765056831522,oi_svdd_as_elm_revision,n1,1,B0,0.0,36.024,36.024,1800.000,1800.000,1800.000,1800.000,0.778615,0.149812,0.180015,0.410826,0.067332,1.729764,100.980749,0.000000,0.946917267,0.964442024,1
pi4b8_fit_20260910_v3,pi4b8g,2,1,fit,true,3,6,126,2026-09-10T13:07:10Z,171765158108469,oi_svdd_as_elm_revision,n1,1,B0,0.0,36.024,35.537,1800.000,1800.000,1800.000,1800.000,0.764801,0.148016,0.174478,0.405603,0.067740,1.698561,100.966360,0.000000,0.874311486,0.516894990,1
pi4b8_fit_20260910_v3,pi4b8g,2,1,fit,true,3,7,127,2026-09-10T13:07:10Z,171765259375119,oi_svdd_as_elm_revision,n1,1,B0,0.0,35.537,35.050,1800.000,1800.000,1800.000,1800.000,0.814448,0.150905,0.176831,0.403382,0.067221,1.753949,100.994582,0.000000,0.831714480,0.003043592,1
pi4b8_fit_20260910_v3,pi4b8g,2,1,fit,true,3,8,128,2026-09-10T13:07:10Z,171765360670232,oi_svdd_as_elm_revision,n1,1,B0,0.0,35.050,35.050,1800.000,1800.000,1800.000,1800.000,0.765375,0.142016,0.174775,0.403659,0.065777,1.690617,100.956157,0.000000,0.000239570,0.000628732,1
pi4b8_fit_20260910_v3,pi4b8g,2,1,fit,true,3,9,129,2026-09-10T13:07:10Z,171765461920865,oi_svdd_as_elm_revision,n1,1,B0,0.0,35.537,35.537,1800.000,1800.000,1800.000,1800.000,0.760968,0.140757,0.172886,0.400307,0.064684,1.678135,100.994989,0.000000,0.990953991,0.993129760,1
pi4b8_fit_20260910_v3,pi4b8g,2,1,fit,true,3,10,130,2026-09-10T13:07:10Z,171765563223422,oi_svdd_as_elm_revision,n1,1,B0,0.0,35.537,36.024,1800.000,1800.000,1800.000,1800.000,0.815744,0.153405,0.176645,0.406548,0.067035,1.762838,101.004285,0.000000,0.977907809,0.971124066,1
pi4b8_fit_20260910_v3,pi4b8g,2,1,fit,true,3,11,131,2026-09-10T13:07:10Z,171765664531164,oi_svdd_as_elm_revision,n1,1,B0,0.0,36.024,34.563,1800.000,1800.000,1800.000,1800.000,0.776985,0.146294,0.176145,0.405548,0.068295,1.712136,100.967379,0.000000,0.874282926,0.949869515,1
pi4b8_fit_20260910_v3,pi4b8g,2,1,fit,true,3,12,132,2026-09-10T13:07:10Z,171765765796223,oi_svdd_as_elm_revision,n1,1,B0,0.0,34.563,35.537,1800.000,1800.000,1800.000,1800.000,0.764023,0.139682,0.174460,0.403955,0.066795,1.687098,100.978248,0.000000,0.927693335,0.963654747,1
pi4b8_fit_20260910_v3,pi4b8g,2,1,fit,true,3,13,133,2026-09-10T13:07:10Z,171765867074410,oi_svdd_as_elm_revision,n1,1,B0,0.0,35.537,35.050,1800.000,1800.000,1800.000,1800.000,0.769412,0.207293,0.175737,0.405548,0.069610,1.767393,100.953693,0.000000,0.873014860,0.792448744,1
pi4b8_fit_20260910_v3,pi4b8g,2,1,fit,true,3,14,134,2026-09-10T13:07:10Z,171765968390060,oi_svdd_as_elm_revision,n1,1,B0,0.0,35.537,34.076,1800.000,1800.000,1800.000,1800.000,0.794245,0.153571,0.184385,0.415177,0.069628,1.760560,101.096487,0.000000,0.992871342,0.981362271,1
pi4b8_fit_20260910_v3,pi4b8g,2,1,fit,true,3,15,135,2026-09-10T13:07:10Z,171766069853021,oi_svdd_as_elm_revision,n1,1,B0,0.0,34.076,35.537,1800.000,1800.000,1800.000,1800.000,0.778708,0.154627,0.183182,0.415863,0.068684,1.747264,100.988490,0.000000,0.246074516,0.000264259,1
pi4b8_fit_20260910_v3,pi4b8g,2,1,fit,true,3,16,136,2026-09-10T13:07:11Z,171766171178264,oi_svdd_as_elm_revision,n1,1,B0,0.0,35.537,36.024,1800.000,1800.000,1800.000,1800.000,0.783559,0.156830,0.179885,0.408770,0.068592,1.787893,101.011914,0.000000,0.873141893,0.800023640,1
pi4b8_fit_20260910_v3,pi4b8g,2,1,fit,true,3,17,137,2026-09-10T13:07:11Z,171766272498876,oi_svdd_as_elm_revision,n1,1,B0,0.0,36.024,34.076,1800.000,1800.000,1800.000,1800.000,0.769986,0.146682,0.177885,0.404456,0.066832,1.704857,100.966193,0.000000,0.958960600,0.973248830,1
pi4b8_fit_20260910_v3,pi4b8g,2,1,fit,true,3,18,138,2026-09-10T13:07:11Z,171766373761971,oi_svdd_as_elm_revision,n1,1,B0,0.0,34.076,34.563,1800.000,1800.000,1800.000,1800.000,0.763894,0.141460,0.173386,0.407622,0.066684,1.692376,100.970175,0.000000,0.992885695,0.885784597,1
pi4b8_fit_20260910_v3,pi4b8g,2,1,fit,true,3,19,139,2026-09-10T13:07:11Z,171766475027640,oi_svdd_as_elm_revision,n1,1,B0,0.0,34.563,35.050,1800.000,1800.000,1800.000,1800.000,0.759412,0.143812,0.176182,0.401826,0.069202,1.742098,101.024711,0.000000,0.246031899,0.000103614,1
pi4b8_fit_20260910_v3,pi4b8g,2,1,fit,true,3,20,140,2026-09-10T13:07:11Z,171766576366215,oi_svdd_as_elm_revision,n1,1,B0,0.0,35.050,35.537,1800.000,1800.000,1800.000,1800.000,0.790078,0.150978,0.176200,0.405919,0.066869,1.729043,100.969268,0.000000,0.873391720,0.977328069,1
pi4b8_fit_20260910_v3,pi4b8g,2,1,fit,true,3,21,141,2026-09-10T13:07:11Z,171766677637125,oi_svdd_as_elm_revision,n1,1,B0,0.0,35.537,35.050,1800.000,1800.000,1800.000,1800.000,0.764153,0.146664,0.177107,0.406067,0.066313,1.699024,100.985878,0.000000,0.874158877,0.348191427,1
pi4b8_fit_20260910_v3,pi4b8g,2,1,fit,true,3,22,142,2026-09-10T13:07:11Z,171766778926164,oi_svdd_as_elm_revision,n1,1,B0,0.0,35.050,34.563,1800.000,1800.000,1800.000,1800.000,0.780689,0.146220,0.233921,0.413141,0.068851,1.782467,100.979193,0.000000,0.873806929,0.939892518,1
pi4b8_fit_20260910_v3,pi4b8g,2,1,fit,true,3,23,143,2026-09-10T13:07:11Z,171766880250017,oi_svdd_as_elm_revision,n1,1,B0,0.0,34.563,34.076,1800.000,1800.000,1800.000,1800.000,0.784801,0.147812,0.175423,0.406178,0.067351,1.722061,100.918009,0.000000,0.874532652,0.697530465,1
pi4b8_fit_20260910_v3,pi4b8g,2,1,fit,true,3,24,144,2026-09-10T13:07:11Z,171766981527298,oi_svdd_as_elm_revision,n1,1,B0,0.0,34.076,35.050,1800.000,1800.000,1800.000,1800.000,0.778985,0.156052,0.181830,0.417270,0.068980,1.747467,101.008896,0.000000,0.000126344,0.000540036,1
pi4b8_fit_20260910_v3,pi4b8g,2,1,fit,true,3,25,145,2026-09-10T13:07:11Z,171767082850743,oi_svdd_as_elm_revision,n1,1,B0,0.0,35.050,35.537,1800.000,1800.000,1800.000,1800.000,0.769356,0.150349,0.230810,0.418363,0.070461,1.778727,100.969212,0.000000,0.874242494,0.650091298,1
pi4b8_fit_20260910_v3,pi4b8g,2,1,fit,true,3,26,146,2026-09-10T13:07:12Z,171767184160523,oi_svdd_as_elm_revision,n1,1,B0,0.0,35.537,34.076,1800.000,1800.000,1800.000,1800.000,0.781171,0.147368,0.177052,0.405030,0.068091,1.717116,100.994878,0.000000,0.992985367,0.974244747,1
pi4b8_fit_20260910_v3,pi4b8g,2,1,fit,true,3,27,147,2026-09-10T13:07:12Z,171767285472080,oi_svdd_as_elm_revision,n1,1,B0,0.0,34.076,34.563,1800.000,1800.000,1800.000,1800.000,0.767874,0.148812,0.176515,0.405604,0.067425,1.707246,100.973341,0.000000,0.982695463,0.972831706,1
pi4b8_fit_20260910_v3,pi4b8g,2,1,fit,true,3,28,148,2026-09-10T13:07:12Z,171767386746601,oi_svdd_as_elm_revision,n1,1,B0,0.0,34.563,34.076,1800.000,1800.000,1800.000,1800.000,0.763060,0.143775,0.172182,0.462399,0.069369,1.750930,101.109505,0.000000,0.082070654,0.000236118,1
pi4b8_fit_20260910_v3,pi4b8g,2,1,fit,true,3,29,149,2026-09-10T13:07:12Z,171767488271376,oi_svdd_as_elm_revision,n1,1,B0,0.0,34.076,34.076,1800.000,1800.000,1800.000,1800.000,0.803541,0.159034,0.185367,0.420252,0.068720,1.782023,100.997563,0.000000,0.873992537,0.790515856,1
pi4b8_fit_20260910_v3,pi4b8g,2,1,fit,true,3,30,150,2026-09-10T13:07:12Z,171767589586452,oi_svdd_as_elm_revision,n1,1,B0,0.0,34.076,35.050,1800.000,1800.000,1800.000,1800.000,0.771634,0.152497,0.176404,0.405474,0.067369,1.713653,100.979952,0.000000,0.642827139,0.958998017,1
pi4b8_fit_20260910_v3,pi4b8g,2,1,fit,true,3,31,151,2026-09-10T13:07:12Z,171767690899898,oi_svdd_as_elm_revision,n1,1,B0,0.0,35.050,33.589,1800.000,1800.000,1800.000,1800.000,0.785226,0.145830,0.230885,0.406288,0.069240,1.777837,101.009729,0.000000,0.925908638,0.978240977,1
pi4b8_fit_20260910_v3,pi4b8g,2,1,fit,true,3,32,152,2026-09-10T13:07:12Z,171767792276009,oi_svdd_as_elm_revision,n1,1,B0,0.0,33.589,34.076,1800.000,1800.000,1800.000,1800.000,0.799874,0.149293,0.178367,0.404863,0.069387,1.743376,101.026082,0.000000,0.080747961,0.000970454,1
pi4b8_fit_20260910_v3,pi4b8g,2,1,fit,true,3,33,153,2026-09-10T13:07:12Z,171767893636010,oi_svdd_as_elm_revision,n1,1,B0,0.0,34.076,34.076,1800.000,1800.000,1800.000,1800.000,0.773060,0.153238,0.179608,0.408567,0.068165,1.724802,100.929472,0.000000,0.874174746,0.556150709,1
pi4b8_fit_20260910_v3,pi4b8g,2,1,fit,true,3,34,154,2026-09-10T13:07:12Z,171767994921105,oi_svdd_as_elm_revision,n1,1,B0,0.0,34.076,35.050,1800.000,1800.000,1800.000,1800.000,0.781745,0.157534,0.234125,0.424233,0.070313,1.810763,101.005711,0.000000,0.918258767,0.966288811,1
pi4b8_fit_20260910_v3,pi4b8g,2,1,fit,true,3,35,155,2026-09-10T13:07:12Z,171768096273439,oi_svdd_as_elm_revision,n1,1,B0,0.0,35.050,34.563,1800.000,1800.000,1800.000,1800.000,0.789448,0.151238,0.175311,0.409808,0.067999,1.734987,100.971360,0.000000,0.001225052,0.000160321,1
pi4b8_fit_20260910_v3,pi4b8g,2,1,fit,true,3,36,156,2026-09-10T13:07:13Z,171768197543719,oi_svdd_as_elm_revision,n1,1,B0,0.0,34.563,34.076,1800.000,1800.000,1800.000,1800.000,0.766227,0.145497,0.175793,0.401492,0.065239,1.693062,100.987323,0.000000,0.964269550,0.970624266,1
pi4b8_fit_20260910_v3,pi4b8g,2,1,fit,true,3,37,157,2026-09-10T13:07:13Z,171768298836980,oi_svdd_as_elm_revision,n1,1,B0,0.0,34.076,34.563,1800.000,1800.000,1800.000,1800.000,0.778819,0.147683,0.225274,0.420141,0.069739,1.781745,100.983378,0.000000,0.093020418,0.000983898,1
pi4b8_fit_20260910_v3,pi4b8g,2,1,fit,true,3,38,158,2026-09-10T13:07:13Z,171768400160685,oi_svdd_as_elm_revision,n1,1,B0,0.0,34.563,34.076,1800.000,1800.000,1800.000,1800.000,0.786948,0.146553,0.175367,0.403382,0.068610,1.723209,100.957305,0.000000,0.643222246,0.591939687,1
pi4b8_fit_20260910_v3,pi4b8g,2,1,fit,true,3,39,159,2026-09-10T13:07:13Z,171768501412448,oi_svdd_as_elm_revision,n1,1,B0,0.0,34.076,34.563,1800.000,1800.000,1800.000,1800.000,0.759005,0.141312,0.171516,0.402696,0.066555,1.677691,100.976285,0.000000,0.982706429,0.905002761,1
pi4b8_fit_20260910_v3,pi4b8g,2,1,fit,true,4,0,160,2026-09-10T13:07:14Z,171769109613229,fisvdd_revision,n1024,1024,B1,0.5,34.563,36.024,1800.000,1800.000,1800.000,1800.000,0.973927,29.614084,0.767004,19.373458,0.103813,52.577197,101.106468,0.000000,0.677371572,0.499840525,1
pi4b8_fit_20260910_v3,pi4b8g,2,1,fit,true,4,1,161,2026-09-10T13:07:14Z,171769211669902,fisvdd_revision,n1024,1024,B1,0.5,36.024,34.076,1800.000,1800.000,1800.000,1800.000,0.970057,28.014409,0.760856,19.114166,0.102517,50.697880,101.109431,0.000000,0.690835220,0.499711713,1
pi4b8_fit_20260910_v3,pi4b8g,2,1,fit,true,4,2,162,2026-09-10T13:07:14Z,171769313727593,fisvdd_revision,n1024,1024,B1,0.5,34.076,34.076,1800.000,1800.000,1800.000,1800.000,0.883483,27.382514,0.796745,19.067667,0.105164,50.016152,101.096136,0.000000,0.687104391,0.499560465,1
pi4b8_fit_20260910_v3,pi4b8g,2,1,fit,true,4,3,163,2026-09-10T13:07:14Z,171769415791526,fisvdd_revision,n1024,1024,B1,0.5,34.076,34.563,1800.000,1800.000,1800.000,1800.000,0.952260,27.391809,0.749005,19.058555,0.101553,50.021484,101.108227,0.000000,0.682609315,0.500678790,1
pi4b8_fit_20260910_v3,pi4b8g,2,1,fit,true,4,4,164,2026-09-10T13:07:14Z,171769517835403,fisvdd_revision,n1024,1024,B1,0.5,34.563,34.563,1800.000,1800.000,1800.000,1800.000,0.884983,27.159833,0.798689,19.157017,0.102610,49.871839,101.089561,0.000000,0.682390143,0.499419781,1
pi4b8_fit_20260910_v3,pi4b8g,2,1,fit,true,4,5,165,2026-09-10T13:07:14Z,171769619902316,fisvdd_revision,n1024,1024,B1,0.5,35.050,36.024,1800.000,1800.000,1800.000,1800.000,0.956112,27.184758,0.750246,19.098074,0.098813,49.841692,101.088228,0.000000,0.678929505,0.500051912,1
pi4b8_fit_20260910_v3,pi4b8g,2,1,fit,true,4,6,166,2026-09-10T13:07:14Z,171769721935860,fisvdd_revision,n1024,1024,B1,0.5,36.024,35.050,1800.000,1800.000,1800.000,1800.000,0.885632,27.248515,0.788837,19.073037,0.104127,49.881358,101.078339,0.000000,0.686680248,0.499917245,1
pi4b8_fit_20260910_v3,pi4b8g,2,1,fit,true,4,7,167,2026-09-10T13:07:14Z,171769823987311,fisvdd_revision,n1024,1024,B1,0.5,35.050,35.050,1800.000,1800.000,1800.000,1800.000,0.937964,28.294719,0.751986,19.124573,0.100090,51.026614,101.079376,0.000000,0.690096036,0.499722081,1
pi4b8_fit_20260910_v3,pi4b8g,2,1,fit,true,4,8,168,2026-09-10T13:07:14Z,171769926025910,fisvdd_revision,n1024,1024,B1,0.5,35.050,35.537,1800.000,1800.000,1800.000,1800.000,0.890317,28.118629,0.762023,19.105703,0.102758,51.079040,101.080284,0.000000,0.681157427,0.499716935,1
pi4b8_fit_20260910_v3,pi4b8g,2,1,fit,true,4,9,169,2026-09-10T13:07:14Z,171770028123416,fisvdd_revision,n1024,1024,B1,0.5,35.537,35.537,1800.000,1800.000,1800.000,1800.000,0.910372,27.527159,0.750468,19.134258,0.100961,50.192704,101.066488,0.000000,0.693852704,0.500633646,1
pi4b8_fit_20260910_v3,pi4b8g,2,1,fit,true,4,10,170,2026-09-10T13:07:15Z,171770130136145,fisvdd_revision,n1024,1024,B1,0.5,35.537,35.050,1800.000,1800.000,1800.000,1800.000,0.895299,27.351440,0.750079,19.092389,0.104683,50.039189,101.082562,0.000000,0.680521970,0.499816510,1
pi4b8_fit_20260910_v3,pi4b8g,2,1,fit,true,4,11,171,2026-09-10T13:07:15Z,171770232217022,fisvdd_revision,n1024,1024,B1,0.5,35.050,35.537,1800.000,1800.000,1800.000,1800.000,0.905261,27.433105,0.747523,19.146240,0.102202,50.099020,101.075191,0.000000,0.674933363,0.499962446,1
pi4b8_fit_20260910_v3,pi4b8g,2,1,fit,true,4,12,172,2026-09-10T13:07:15Z,171770334235547,fisvdd_revision,n1024,1024,B1,0.5,35.537,35.050,1800.000,1800.000,1800.000,1800.000,0.898484,27.310070,0.746153,19.066630,0.104368,49.987541,101.079858,0.000000,0.686863532,0.499563109,1
pi4b8_fit_20260910_v3,pi4b8g,2,1,fit,true,4,13,173,2026-09-10T13:07:15Z,171770436298480,fisvdd_revision,n1024,1024,B1,0.5,35.050,35.537,1800.000,1800.000,1800.000,1800.000,0.913002,27.291959,0.748690,19.119314,0.100331,49.933819,101.068598,0.000000,0.696108667,0.499798872,1
pi4b8_fit_20260910_v3,pi4b8g,2,1,fit,true,4,14,174,2026-09-10T13:07:15Z,171770538304598,fisvdd_revision,n1024,1024,B1,0.5,35.537,35.050,1800.000,1800.000,1800.000,1800.000,0.889521,27.181406,0.758634,19.042668,0.150941,49.824970,101.090820,0.000000,0.680071589,0.499685578,1
pi4b8_fit_20260910_v3,pi4b8g,2,1,fit,true,4,15,175,2026-09-10T13:07:15Z,171770640411122,fisvdd_revision,n1024,1024,B1,0.5,35.050,35.050,1800.000,1800.000,1800.000,1800.000,0.906891,27.330533,0.751486,19.147924,0.099035,50.010948,101.073636,0.000000,0.683871192,0.500572185,1
pi4b8_fit_20260910_v3,pi4b8g,2,1,fit,true,4,16,176,2026-09-10T13:07:15Z,171770742434573,fisvdd_revision,n1024,1024,B1,0.5,36.024,35.537,1800.000,1800.000,1800.000,1800.000,0.898113,27.423697,0.728005,19.193108,0.101665,50.146353,101.069914,0.000000,0.693409696,0.499987289,1
pi4b8_fit_20260910_v3,pi4b8g,2,1,fit,true,4,17,177,2026-09-10T13:07:15Z,171770844503894,fisvdd_revision,n1024,1024,B1,0.5,35.537,35.050,1800.000,1800.000,1800.000,1800.000,0.918520,27.420272,0.741764,19.179758,0.100998,50.111206,101.080062,0.000000,0.671029687,0.499839232,1
pi4b8_fit_20260910_v3,pi4b8g,2,1,fit,true,4,18,178,2026-09-10T13:07:15Z,171770946533920,fisvdd_revision,n1024,1024,B1,0.5,35.050,35.050,1800.000,1800.000,1800.000,1800.000,0.885669,28.073964,0.735542,19.184924,0.099591,51.112242,101.070784,0.000000,0.683705120,0.499444132,1
pi4b8_fit_20260910_v3,pi4b8g,2,1,fit,true,4,19,179,2026-09-10T13:07:15Z,171771048620500,fisvdd_revision,n1024,1024,B1,0.5,35.050,34.076,1800.000,1800.000,1800.000,1800.000,0.911206,27.498530,0.737339,19.175905,0.100999,50.189111,101.064876,0.000000,0.693148548,0.500026414,1
pi4b8_fit_20260910_v3,pi4b8g,2,1,fit,true,4,20,180,2026-09-10T13:07:16Z,171771150682506,fisvdd_revision,n1024,1024,B1,0.5,34.076,35.537,1800.000,1800.000,1800.000,1800.000,0.901335,27.399161,0.744968,19.131554,0.103757,50.111927,101.085839,0.000000,0.675746083,0.499938562,1
pi4b8_fit_20260910_v3,pi4b8g,2,1,fit,true,4,21,181,2026-09-10T13:07:16Z,171771252743253,fisvdd_revision,n1024,1024,B1,0.5,35.537,36.024,1800.000,1800.000,1800.000,1800.000,0.911872,27.196591,0.746709,19.153535,0.098128,49.875524,101.076136,0.000000,0.690857635,0.500285919,1
pi4b8_fit_20260910_v3,pi4b8g,2,1,fit,true,4,22,182,2026-09-10T13:07:16Z,171771354771427,fisvdd_revision,n1024,1024,B1,0.5,36.024,35.050,1800.000,1800.000,1800.000,1800.000,0.887150,27.357681,0.749023,19.068018,0.101739,49.981800,101.090357,0.000000,0.684744310,0.499960019,1
pi4b8_fit_20260910_v3,pi4b8g,2,1,fit,true,4,23,183,2026-09-10T13:07:16Z,171771456874543,fisvdd_revision,n1024,1024,B1,0.5,35.050,36.024,1800.000,1800.000,1800.000,1800.000,0.915076,27.391087,0.744357,19.146424,0.101610,50.065003,101.076469,0.000000,0.678108929,0.499933903,1
pi4b8_fit_20260910_v3,pi4b8g,2,1,fit,true,4,24,184,2026-09-10T13:07:16Z,171771558892310,fisvdd_revision,n1024,1024,B1,0.5,36.024,35.050,1800.000,1800.000,1800.000,1800.000,0.892502,27.350921,0.736542,19.174035,0.098831,50.074465,101.094820,0.000000,0.680546643,0.499179051,1
pi4b8_fit_20260910_v3,pi4b8g,2,1,fit,true,4,25,185,2026-09-10T13:07:16Z,171771660976741,fisvdd_revision,n1024,1024,B1,0.5,35.050,36.511,1800.000,1800.000,1800.000,1800.000,0.909261,27.289997,0.737653,19.185757,0.102350,49.985523,101.070395,0.000000,0.693856597,0.500086854,1
pi4b8_fit_20260910_v3,pi4b8g,2,1,fit,true,4,26,186,2026-09-10T13:07:16Z,171771762979434,fisvdd_revision,n1024,1024,B1,0.5,36.511,36.511,1800.000,1800.000,1800.000,1800.000,0.887409,27.366236,0.734246,19.354957,0.102220,50.263462,101.109209,0.000000,0.682111472,0.500032772,1
pi4b8_fit_20260910_v3,pi4b8g,2,1,fit,true,4,27,187,2026-09-10T13:07:16Z,171771865046237,fisvdd_revision,n1024,1024,B1,0.5,36.511,35.537,1800.000,1800.000,1800.000,1800.000,0.893447,27.349588,0.751690,19.111537,0.105443,50.001633,101.087876,0.000000,0.690264423,0.499988360,1
pi4b8_fit_20260910_v3,pi4b8g,2,1,fit,true,4,28,188,2026-09-10T13:07:16Z,171771967089984,fisvdd_revision,n1024,1024,B1,0.5,35.537,36.024,1800.000,1800.000,1800.000,1800.000,0.975760,27.994447,0.755431,19.230756,0.100665,51.162593,101.105172,0.000000,0.681896916,0.500397887,1
pi4b8_fit_20260910_v3,pi4b8g,2,1,fit,true,4,29,189,2026-09-10T13:07:16Z,171772069170916,fisvdd_revision,n1024,1024,B1,0.5,36.024,35.537,1800.000,1800.000,1800.000,1800.000,0.900650,27.357810,0.753949,19.094629,0.101053,49.983689,101.092450,0.000000,0.674107436,0.499971051,1
pi4b8_fit_20260910_v3,pi4b8g,2,1,fit,true,4,30,190,2026-09-10T13:07:17Z,171772171234163,fisvdd_revision,n1024,1024,B1,0.5,36.511,36.024,1800.000,1800.000,1800.000,1800.000,0.953334,27.595695,0.751320,19.144536,0.103683,50.357701,101.120338,0.000000,0.683939033,0.499525508,1
pi4b8_fit_20260910_v3,pi4b8g,2,1,fit,true,4,31,191,2026-09-10T13:07:17Z,171772273315687,fisvdd_revision,n1024,1024,B1,0.5,36.024,36.024,1800.000,1800.000,1800.000,1800.000,0.922408,27.518511,0.786245,19.138536,0.100406,50.240536,101.081765,0.000000,0.689683949,0.499717108,1
pi4b8_fit_20260910_v3,pi4b8g,2,1,fit,true,4,32,192,2026-09-10T13:07:17Z,171772375337879,fisvdd_revision,n1024,1024,B1,0.5,36.024,35.537,1800.000,1800.000,1800.000,1800.000,0.964797,27.346792,0.737857,19.184924,0.101906,50.163520,101.132098,0.000000,0.688853096,0.499806053,1
pi4b8_fit_20260910_v3,pi4b8g,2,1,fit,true,4,33,193,2026-09-10T13:07:17Z,171772477406737,fisvdd_revision,n1024,1024,B1,0.5,35.537,36.024,1800.000,1800.000,1800.000,1800.000,0.898169,27.299977,0.788949,19.152147,0.102109,50.006893,101.084525,0.000000,0.685715198,0.500010967,1
pi4b8_fit_20260910_v3,pi4b8g,2,1,fit,true,4,34,194,2026-09-10T13:07:17Z,171772579424615,fisvdd_revision,n1024,1024,B1,0.5,36.024,35.537,1800.000,1800.000,1800.000,1800.000,0.960204,27.109499,0.759041,19.112203,0.101850,49.861080,101.120709,0.000000,0.686754322,0.500282581,1
pi4b8_fit_20260910_v3,pi4b8g,2,1,fit,true,4,35,195,2026-09-10T13:07:17Z,171772681549102,fisvdd_revision,n1024,1024,B1,0.5,35.537,35.537,1800.000,1800.000,1800.000,1800.000,0.909095,27.377976,0.806263,19.106036,0.099147,50.067835,101.092542,0.000000,0.672921328,0.500068116,1
pi4b8_fit_20260910_v3,pi4b8g,2,1,fit,true,4,36,196,2026-09-10T13:07:17Z,171772783583331,fisvdd_revision,n1024,1024,B1,0.5,35.537,35.537,1800.000,1800.000,1800.000,1800.000,0.960760,27.515603,0.752245,19.069463,0.103276,50.169259,101.132875,0.000000,0.682333216,0.499743835,1
pi4b8_fit_20260910_v3,pi4b8g,2,1,fit,true,4,37,197,2026-09-10T13:07:17Z,171772885676410,fisvdd_revision,n1024,1024,B1,0.5,35.537,36.024,1800.000,1800.000,1800.000,1800.000,0.892576,27.460215,0.797911,19.106277,0.101294,50.117539,101.089154,0.000000,0.691225209,0.499672661,1
pi4b8_fit_20260910_v3,pi4b8g,2,1,fit,true,4,38,198,2026-09-10T13:07:17Z,171772987704899,fisvdd_revision,n1024,1024,B1,0.5,36.024,36.024,1800.000,1800.000,1800.000,1800.000,0.951723,28.175925,0.736431,19.221034,0.099442,51.354719,101.102153,0.000000,0.689783085,0.499923102,1
pi4b8_fit_20260910_v3,pi4b8g,2,1,fit,true,4,39,199,2026-09-10T13:07:17Z,171773089785905,fisvdd_revision,n1024,1024,B1,0.5,36.024,35.050,1800.000,1800.000,1800.000,1800.000,0.896113,27.311755,0.794986,19.108314,0.102887,49.984337,101.078431,0.000000,0.681165371,0.499968974,1
pi4b8_fit_20260910_v3,pi4b8g,2,1,fit,true,5,0,200,2026-09-10T13:07:18Z,171773768667679,oi_svdd_as_elm_revision,n512,512,B2,1.0,36.024,35.537,1800.000,1800.000,1800.000,1800.000,0.994592,13.733099,0.547287,32.795839,0.094147,49.161945,101.100672,0.000000,0.699037655,0.659729522,1
pi4b8_fit_20260910_v3,pi4b8g,2,1,fit,true,5,1,201,2026-09-10T13:07:18Z,171773870461412,oi_svdd_as_elm_revision,n512,512,B2,1.0,35.537,36.024,1800.000,1800.000,1800.000,1800.000,0.934502,13.836578,0.559694,32.850116,0.095406,49.261480,101.091820,0.000000,0.676182447,0.628975083,1
pi4b8_fit_20260910_v3,pi4b8g,2,1,fit,true,5,2,202,2026-09-10T13:07:18Z,171773972282663,oi_svdd_as_elm_revision,n512,512,B2,1.0,36.024,36.024,1800.000,1800.000,1800.000,1800.000,0.861540,13.890596,0.591471,33.520900,0.085702,49.947394,100.985897,0.000000,0.667315294,0.622479259,1
pi4b8_fit_20260910_v3,pi4b8g,2,1,fit,true,5,3,203,2026-09-10T13:07:18Z,171774073923066,oi_svdd_as_elm_revision,n512,512,B2,1.0,36.024,36.024,1800.000,1800.000,1800.000,1800.000,0.843707,13.909095,0.559730,32.840450,0.093387,49.227741,101.091580,0.000000,0.691245351,0.632168388,1
pi4b8_fit_20260910_v3,pi4b8g,2,1,fit,true,5,4,204,2026-09-10T13:07:19Z,171774175689800,oi_svdd_as_elm_revision,n512,512,B2,1.0,36.024,36.024,1800.000,1800.000,1800.000,1800.000,0.900447,13.908799,0.552249,32.864042,0.092591,49.301665,101.124154,0.000000,0.677976571,0.621686255,1
pi4b8_fit_20260910_v3,pi4b8g,2,1,fit,true,5,5,205,2026-09-10T13:07:19Z,171774277485867,oi_svdd_as_elm_revision,n512,512,B2,1.0,36.024,36.511,1800.000,1800.000,1800.000,1800.000,0.862521,13.841559,0.551842,32.799173,0.092609,49.122316,101.100876,0.000000,0.694074334,0.657123695,1
pi4b8_fit_20260910_v3,pi4b8g,2,1,fit,true,5,6,206,2026-09-10T13:07:19Z,171774379249990,oi_svdd_as_elm_revision,n512,512,B2,1.0,36.511,36.511,1800.000,1800.000,1800.000,1800.000,0.904057,13.883559,0.548212,32.843042,0.091739,49.256703,101.120894,0.000000,0.696348574,0.652870558,1
pi4b8_fit_20260910_v3,pi4b8g,2,1,fit,true,5,7,207,2026-09-10T13:07:19Z,171774481039279,oi_svdd_as_elm_revision,n512,512,B2,1.0,36.024,36.511,1800.000,1800.000,1800.000,1800.000,0.840152,13.916243,0.554693,32.800599,0.093388,49.225518,101.085950,0.000000,0.682398395,0.628063575,1
pi4b8_fit_20260910_v3,pi4b8g,2,1,fit,true,5,8,208,2026-09-10T13:07:19Z,171774582790050,oi_svdd_as_elm_revision,n512,512,B2,1.0,36.511,36.511,1800.000,1800.000,1800.000,1800.000,0.841577,13.932632,0.557508,32.821616,0.121850,49.255703,101.106932,0.000000,0.669585433,0.610413056,1
pi4b8_fit_20260910_v3,pi4b8g,2,1,fit,true,5,9,209,2026-09-10T13:07:19Z,171774684597728,oi_svdd_as_elm_revision,n512,512,B2,1.0,36.511,36.511,1800.000,1800.000,1800.000,1800.000,0.888742,13.944095,0.552712,32.797043,0.092017,49.318442,101.087543,0.000000,0.696977058,0.659792389,1
pi4b8_fit_20260910_v3,pi4b8g,2,1,fit,true,5,10,210,2026-09-10T13:07:19Z,171774786403406,oi_svdd_as_elm_revision,n512,512,B2,1.0,36.511,36.024,1800.000,1800.000,1800.000,1800.000,0.859910,13.971668,0.555564,32.948707,0.092202,49.407311,101.093172,0.000000,0.689088582,0.652765378,1
pi4b8_fit_20260910_v3,pi4b8g,2,1,fit,true,5,11,211,2026-09-10T13:07:19Z,171774888219546,oi_svdd_as_elm_revision,n512,512,B2,1.0,36.024,36.998,1800.000,1800.000,1800.000,1800.000,0.866280,13.834615,0.600582,32.824210,0.092183,49.200815,101.104987,0.000000,0.675605105,0.629485029,1
pi4b8_fit_20260910_v3,pi4b8g,2,1,fit,true,5,12,212,2026-09-10T13:07:19Z,171774989990558,oi_svdd_as_elm_revision,n512,512,B2,1.0,36.998,37.485,1800.000,1800.000,1800.000,1800.000,0.857539,13.865355,0.545305,32.900023,0.091480,49.239814,101.084283,0.000000,0.690280121,0.650906420,1
pi4b8_fit_20260910_v3,pi4b8g,2,1,fit,true,5,13,213,2026-09-10T13:07:19Z,171775091741218,oi_svdd_as_elm_revision,n512,512,B2,1.0,37.485,36.024,1800.000,1800.000,1800.000,1800.000,0.887483,13.846189,0.555379,32.863505,0.093036,49.230722,101.123857,0.000000,0.667478403,0.617024374,1
pi4b8_fit_20260910_v3,pi4b8g,2,1,fit,true,5,14,214,2026-09-10T13:07:20Z,171775193547674,oi_svdd_as_elm_revision,n512,512,B2,1.0,36.024,36.998,1800.000,1800.000,1800.000,1800.000,0.848447,13.890374,0.555119,32.828099,0.092961,49.202203,101.084042,0.000000,0.682278187,0.630769883,1
pi4b8_fit_20260910_v3,pi4b8g,2,1,fit,true,5,15,215,2026-09-10T13:07:20Z,171775295301648,oi_svdd_as_elm_revision,n512,512,B2,1.0,36.998,36.998,1800.000,1800.000,1800.000,1800.000,0.887521,13.816615,0.550749,32.845431,0.092665,49.173779,101.133579,0.000000,0.687825864,0.638571029,1
pi4b8_fit_20260910_v3,pi4b8g,2,1,fit,true,5,16,216,2026-09-10T13:07:20Z,171775397106530,oi_svdd_as_elm_revision,n512,512,B2,1.0,36.998,36.998,1800.000,1800.000,1800.000,1800.000,0.845447,13.861429,0.554267,32.782950,0.091794,49.153741,101.109727,0.000000,0.676862614,0.624927809,1
pi4b8_fit_20260910_v3,pi4b8g,2,1,fit,true,5,17,217,2026-09-10T13:07:20Z,171775498894504,oi_svdd_as_elm_revision,n512,512,B2,1.0,36.998,36.024,1800.000,1800.000,1800.000,1800.000,0.862613,13.892595,0.548508,32.824543,0.093406,49.248666,101.090858,0.000000,0.704377659,0.655764113,1
pi4b8_fit_20260910_v3,pi4b8g,2,1,fit,true,5,18,218,2026-09-10T13:07:20Z,171775600693960,oi_svdd_as_elm_revision,n512,512,B2,1.0,36.024,36.998,1800.000,1800.000,1800.000,1800.000,0.871002,13.808689,0.547878,32.800006,0.091739,49.162241,101.089635,0.000000,0.678196134,0.640595182,1
pi4b8_fit_20260910_v3,pi4b8g,2,1,fit,true,5,19,219,2026-09-10T13:07:20Z,171775702458286,oi_svdd_as_elm_revision,n512,512,B2,1.0,36.998,36.511,1800.000,1800.000,1800.000,1800.000,0.846318,14.008741,0.554508,32.834987,0.093517,49.316202,101.085747,0.000000,0.689694736,0.634427180,1
pi4b8_fit_20260910_v3,pi4b8g,2,1,fit,true,5,20,220,2026-09-10T13:07:20Z,171775804364499,oi_svdd_as_elm_revision,n512,512,B2,1.0,36.511,36.998,1800.000,1800.000,1800.000,1800.000,0.929242,13.911947,0.548916,32.839950,0.093628,49.361571,101.105172,0.000000,0.684227120,0.626037146,1
pi4b8_fit_20260910_v3,pi4b8g,2,1,fit,true,5,21,221,2026-09-10T13:07:20Z,171775906132029,oi_svdd_as_elm_revision,n512,512,B2,1.0,36.998,37.972,1800.000,1800.000,1800.000,1800.000,0.859262,13.812690,0.555731,32.801098,0.093091,49.116335,101.099617,0.000000,0.697110856,0.668283388,1
pi4b8_fit_20260910_v3,pi4b8g,2,1,fit,true,5,22,222,2026-09-10T13:07:20Z,171776007901004,oi_svdd_as_elm_revision,n512,512,B2,1.0,37.972,36.998,1800.000,1800.000,1800.000,1800.000,0.908891,13.840355,0.588026,33.057130,0.091684,49.471902,101.109431,0.000000,0.675116003,0.627296649,1
pi4b8_fit_20260910_v3,pi4b8g,2,1,fit,true,5,23,223,2026-09-10T13:07:21Z,171776109684645,oi_svdd_as_elm_revision,n512,512,B2,1.0,36.998,36.998,1800.000,1800.000,1800.000,1800.000,0.843910,13.898262,0.552194,32.830376,0.093350,49.196445,101.094802,0.000000,0.688918106,0.643518532,1
pi4b8_fit_20260910_v3,pi4b8g,2,1,fit,true,5,24,224,2026-09-10T13:07:21Z,171776211462583,oi_svdd_as_elm_revision,n512,512,B2,1.0,36.998,37.972,1800.000,1800.000,1800.000,1800.000,0.918761,13.736913,0.551138,32.881023,0.091739,49.174778,101.121208,0.000000,0.683789749,0.653513835,1
pi4b8_fit_20260910_v3,pi4b8g,2,1,fit,true,5,25,225,2026-09-10T13:07:21Z,171776313286501,oi_svdd_as_elm_revision,n512,512,B2,1.0,37.972,36.511,1800.000,1800.000,1800.000,1800.000,0.870539,13.925743,0.556693,32.816932,0.092887,49.234277,101.107857,0.000000,0.663829197,0.603952955,1
pi4b8_fit_20260910_v3,pi4b8g,2,1,fit,true,5,26,226,2026-09-10T13:07:21Z,171776415071549,oi_svdd_as_elm_revision,n512,512,B2,1.0,36.511,36.998,1800.000,1800.000,1800.000,1800.000,0.850873,13.861318,0.559101,32.850228,0.093276,49.201111,101.126042,0.000000,0.684232975,0.630973576,1
pi4b8_fit_20260910_v3,pi4b8g,2,1,fit,true,5,27,227,2026-09-10T13:07:21Z,171776516867412,oi_svdd_as_elm_revision,n512,512,B2,1.0,36.998,36.998,1800.000,1800.000,1800.000,1800.000,0.853281,13.816319,0.550212,32.781525,0.091850,49.129853,101.084228,0.000000,0.689132647,0.636334376,1
pi4b8_fit_20260910_v3,pi4b8g,2,1,fit,true,5,28,228,2026-09-10T13:07:21Z,171776618631517,oi_svdd_as_elm_revision,n512,512,B2,1.0,36.998,36.511,1800.000,1800.000,1800.000,1800.000,0.841947,13.877522,0.553341,32.823469,0.092535,49.176574,101.102357,0.000000,0.680371266,0.642003748,1
pi4b8_fit_20260910_v3,pi4b8g,2,1,fit,true,5,29,229,2026-09-10T13:07:21Z,171776720435268,oi_svdd_as_elm_revision,n512,512,B2,1.0,36.511,37.485,1800.000,1800.000,1800.000,1800.000,0.884947,13.858948,0.547156,32.817117,0.091387,49.234240,101.095062,0.000000,0.711037315,0.661217964,1
pi4b8_fit_20260910_v3,pi4b8g,2,1,fit,true,5,30,230,2026-09-10T13:07:21Z,171776822207373,oi_svdd_as_elm_revision,n512,512,B2,1.0,37.485,37.485,1800.000,1800.000,1800.000,1800.000,0.843892,14.029186,0.549601,32.797247,0.094868,49.297016,101.097153,0.000000,0.662047058,0.628709283,1
pi4b8_fit_20260910_v3,pi4b8g,2,1,fit,true,5,31,231,2026-09-10T13:07:21Z,171776923976014,oi_svdd_as_elm_revision,n512,512,B2,1.0,37.485,36.998,1800.000,1800.000,1800.000,1800.000,0.857244,13.847207,0.594174,32.825617,0.091665,49.236110,101.082728,0.000000,0.702121189,0.635616697,1
pi4b8_fit_20260910_v3,pi4b8g,2,1,fit,true,5,32,232,2026-09-10T13:07:21Z,171777025752803,oi_svdd_as_elm_revision,n512,512,B2,1.0,36.998,36.998,1800.000,1800.000,1800.000,1800.000,0.842188,14.571435,0.691987,32.898171,0.094942,50.516328,101.105654,0.000000,0.673643820,0.616254755,1
pi4b8_fit_20260910_v3,pi4b8g,2,1,fit,true,5,33,233,2026-09-10T13:07:22Z,171777127515667,oi_svdd_as_elm_revision,n512,512,B2,1.0,36.998,36.998,1800.000,1800.000,1800.000,1800.000,0.915391,13.930558,0.550453,32.881338,0.093443,49.359367,101.131857,0.000000,0.693088436,0.672921452,1
pi4b8_fit_20260910_v3,pi4b8g,2,1,fit,true,5,34,234,2026-09-10T13:07:22Z,171777229306956,oi_svdd_as_elm_revision,n512,512,B2,1.0,36.998,37.972,1800.000,1800.000,1800.000,1800.000,0.850114,13.783524,0.556823,32.815135,0.091609,49.114427,101.088524,0.000000,0.674868463,0.624110838,1
pi4b8_fit_20260910_v3,pi4b8g,2,1,fit,true,5,35,235,2026-09-10T13:07:22Z,171777331058727,oi_svdd_as_elm_revision,n512,512,B2,1.0,37.972,37.485,1800.000,1800.000,1800.000,1800.000,0.840169,13.889947,0.549916,32.849764,0.092221,49.208611,101.570090,0.000000,0.705358252,0.655904682,1
pi4b8_fit_20260910_v3,pi4b8g,2,1,fit,true,5,36,236,2026-09-10T13:07:22Z,171777433489542,oi_svdd_as_elm_revision,n512,512,B2,1.0,37.485,36.511,1800.000,1800.000,1800.000,1800.000,1.163293,13.904244,0.552749,32.867227,0.091850,49.588770,101.102653,0.000000,0.673661000,0.639456946,1
pi4b8_fit_20260910_v3,pi4b8g,2,1,fit,true,5,37,237,2026-09-10T13:07:22Z,171777535266220,oi_svdd_as_elm_revision,n512,512,B2,1.0,36.511,37.972,1800.000,1800.000,1800.000,1800.000,0.891706,13.970205,0.545805,32.862486,0.091905,49.358608,101.140375,0.000000,0.670582432,0.621241290,1
pi4b8_fit_20260910_v3,pi4b8g,2,1,fit,true,5,38,238,2026-09-10T13:07:22Z,171777637079231,oi_svdd_as_elm_revision,n512,512,B2,1.0,37.972,36.998,1800.000,1800.000,1800.000,1800.000,0.848225,13.823041,0.555045,32.812358,0.092628,49.172574,101.099227,0.000000,0.684615737,0.625479863,1
pi4b8_fit_20260910_v3,pi4b8g,2,1,fit,true,5,39,239,2026-09-10T13:07:22Z,171777738869705,oi_svdd_as_elm_revision,n512,512,B2,1.0,36.998,37.485,1800.000,1800.000,1800.000,1800.000,0.848262,13.882541,0.547879,32.830321,0.135941,49.229666,101.098691,0.000000,0.684157629,0.632479607,1
pi4b8_fit_20260910_v3,pi4b8g,2,1,fit,true,6,0,240,2026-09-10T13:07:23Z,171778455711760,tinydl_revision,n256,256,B0,0.0,36.511,36.511,1800.000,1800.000,1800.000,1800.000,1.014111,7.064240,0.435084,3.438770,0.094239,12.640934,101.116579,0.000000,0.662478565,0.631506772,1
pi4b8_fit_20260910_v3,pi4b8g,2,1,fit,true,6,1,241,2026-09-10T13:07:23Z,171778557364755,tinydl_revision,n256,256,B0,0.0,36.511,36.998,1800.000,1800.000,1800.000,1800.000,0.827578,7.033259,0.404918,3.473732,0.093684,12.423179,101.088210,0.000000,0.706055508,0.664807080,1
pi4b8_fit_20260910_v3,pi4b8g,2,1,fit,true,6,2,242,2026-09-10T13:07:23Z,171778658961456,tinydl_revision,n256,256,B0,0.0,36.998,35.050,1800.000,1800.000,1800.000,1800.000,0.828336,7.078054,0.405123,3.432066,0.094165,12.435826,101.112708,0.000000,0.703497460,0.676280297,1
pi4b8_fit_20260910_v3,pi4b8g,2,1,fit,true,6,3,243,2026-09-10T13:07:23Z,171778760593470,tinydl_revision,n256,256,B0,0.0,35.050,36.511,1800.000,1800.000,1800.000,1800.000,0.831207,7.160220,0.402141,3.431492,0.098387,12.525380,101.094042,0.000000,0.701395485,0.708085405,1
pi4b8_fit_20260910_v3,pi4b8g,2,1,fit,true,6,4,244,2026-09-10T13:07:23Z,171778862221780,tinydl_revision,n256,256,B0,0.0,36.511,36.024,1800.000,1800.000,1800.000,1800.000,0.819281,7.074721,0.414973,3.476621,0.095925,12.473159,101.075728,0.000000,0.653965556,0.603086262,1
pi4b8_fit_20260910_v3,pi4b8g,2,1,fit,true,6,5,245,2026-09-10T13:07:23Z,171778963807740,tinydl_revision,n256,256,B0,0.0,36.024,35.537,1800.000,1800.000,1800.000,1800.000,0.871743,6.996889,0.399993,3.436436,0.093035,12.465344,101.011748,0.000000,0.696546713,0.658520427,1
pi4b8_fit_20260910_v3,pi4b8g,2,1,fit,true,6,6,246,2026-09-10T13:07:23Z,171779065373681,tinydl_revision,n256,256,B0,0.0,35.537,36.511,1800.000,1800.000,1800.000,1800.000,0.822818,7.092147,0.404214,3.439789,0.094424,12.442122,101.074488,0.000000,0.671949222,0.621081533,1
pi4b8_fit_20260910_v3,pi4b8g,2,1,fit,true,6,7,247,2026-09-10T13:07:24Z,171779166969992,tinydl_revision,n256,256,B0,0.0,35.050,36.024,1800.000,1800.000,1800.000,1800.000,0.822670,7.022148,0.398123,3.433233,0.091924,12.376087,101.137116,0.000000,0.689679662,0.651153400,1
pi4b8_fit_20260910_v3,pi4b8g,2,1,fit,true,6,8,248,2026-09-10T13:07:24Z,171779268618099,tinydl_revision,n256,256,B0,0.0,36.024,35.537,1800.000,1800.000,1800.000,1800.000,0.827558,7.070777,0.403882,3.431900,0.093221,12.427511,101.082598,0.000000,0.687891164,0.625569971,1
pi4b8_fit_20260910_v3,pi4b8g,2,1,fit,true,6,9,249,2026-09-10T13:07:24Z,171779370208373,tinydl_revision,n256,256,B0,0.0,35.537,36.024,1800.000,1800.000,1800.000,1800.000,0.822262,7.071184,0.404881,3.432455,0.092258,12.428141,101.079543,0.000000,0.700097924,0.679021601,1
pi4b8_fit_20260910_v3,pi4b8g,2,1,fit,true,6,10,250,2026-09-10T13:07:24Z,171779471800055,tinydl_revision,n256,256,B0,0.0,36.024,36.998,1800.000,1800.000,1800.000,1800.000,0.872836,6.993205,0.404529,3.425751,0.093942,12.440622,101.100727,0.000000,0.705074348,0.711733025,1
pi4b8_fit_20260910_v3,pi4b8g,2,1,fit,true,6,11,251,2026-09-10T13:07:24Z,171779573419828,tinydl_revision,n256,256,B0,0.0,36.998,36.024,1800.000,1800.000,1800.000,1800.000,0.820485,7.060814,0.414271,3.438918,0.094405,12.428567,101.088932,0.000000,0.666789099,0.639447170,1
pi4b8_fit_20260910_v3,pi4b8g,2,1,fit,true,6,12,252,2026-09-10T13:07:24Z,171779675005214,tinydl_revision,n256,256,B0,0.0,36.024,34.563,1800.000,1800.000,1800.000,1800.000,0.832189,7.059759,0.403530,3.443048,0.092036,12.428752,101.125098,0.000000,0.669995068,0.630953303,1
pi4b8_fit_20260910_v3,pi4b8g,2,1,fit,true,6,13,253,2026-09-10T13:07:24Z,171779776638006,tinydl_revision,n256,256,B0,0.0,34.563,35.537,1800.000,1800.000,1800.000,1800.000,0.829466,7.086666,0.401529,3.436825,0.092961,12.451918,101.082321,0.000000,0.686923936,0.665989156,1
pi4b8_fit_20260910_v3,pi4b8g,2,1,fit,true,6,14,254,2026-09-10T13:07:24Z,171779878274613,tinydl_revision,n256,256,B0,0.0,35.537,35.050,1800.000,1800.000,1800.000,1800.000,0.827151,7.022666,0.399715,3.436807,0.093979,12.371253,101.082191,0.000000,0.691022855,0.642990535,1
pi4b8_fit_20260910_v3,pi4b8g,2,1,fit,true,6,15,255,2026-09-10T13:07:24Z,171779979859943,tinydl_revision,n256,256,B0,0.0,35.537,35.537,1800.000,1800.000,1800.000,1800.000,0.877224,7.005556,0.398141,3.415789,0.093795,12.446714,100.949860,0.000000,0.693114501,0.702900561,1
pi4b8_fit_20260910_v3,pi4b8g,2,1,fit,true,6,16,256,2026-09-10T13:07:24Z,171780081357755,tinydl_revision,n256,256,B0,0.0,35.537,36.024,1800.000,1800.000,1800.000,1800.000,0.819374,7.333865,0.408215,3.446344,0.094350,12.700988,101.069340,0.000000,0.681142114,0.651653094,1
pi4b8_fit_20260910_v3,pi4b8g,2,1,fit,true,6,17,257,2026-09-10T13:07:25Z,171780182938049,tinydl_revision,n256,256,B0,0.0,36.024,36.024,1800.000,1800.000,1800.000,1800.000,0.814411,7.092702,0.401437,3.432844,0.092647,12.434992,101.118542,0.000000,0.666141560,0.621880317,1
pi4b8_fit_20260910_v3,pi4b8g,2,1,fit,true,6,18,258,2026-09-10T13:07:25Z,171780284564341,tinydl_revision,n256,256,B0,0.0,36.024,35.050,1800.000,1800.000,1800.000,1800.000,0.827985,7.125183,0.397178,3.434881,0.093387,12.481029,101.075487,0.000000,0.670422667,0.636921850,1
pi4b8_fit_20260910_v3,pi4b8g,2,1,fit,true,6,19,259,2026-09-10T13:07:25Z,171780386152874,tinydl_revision,n256,256,B0,0.0,35.050,36.024,1800.000,1800.000,1800.000,1800.000,0.814948,7.107239,0.401622,3.436029,0.093406,12.458493,101.082376,0.000000,0.679696644,0.646748946,1
pi4b8_fit_20260910_v3,pi4b8g,2,1,fit,true,6,20,260,2026-09-10T13:07:25Z,171780487737778,tinydl_revision,n256,256,B0,0.0,36.024,36.024,1800.000,1800.000,1800.000,1800.000,0.877818,6.989723,0.406419,3.412345,0.092110,12.443956,101.091265,0.000000,0.677481941,0.628237843,1
pi4b8_fit_20260910_v3,pi4b8g,2,1,fit,true,6,21,261,2026-09-10T13:07:25Z,171780589350256,tinydl_revision,n256,256,B0,0.0,36.024,34.563,1800.000,1800.000,1800.000,1800.000,0.817541,7.033945,0.398659,3.446622,0.093294,12.382197,101.083209,0.000000,0.710108649,0.657836795,1
pi4b8_fit_20260910_v3,pi4b8g,2,1,fit,true,6,22,262,2026-09-10T13:07:25Z,171780690937252,tinydl_revision,n256,256,B0,0.0,34.563,35.537,1800.000,1800.000,1800.000,1800.000,0.826503,7.035592,0.399326,3.436141,0.093443,12.394827,101.111543,0.000000,0.672207520,0.623906873,1
pi4b8_fit_20260910_v3,pi4b8g,2,1,fit,true,6,23,263,2026-09-10T13:07:25Z,171780792557841,tinydl_revision,n256,256,B0,0.0,35.537,35.537,1800.000,1800.000,1800.000,1800.000,0.833614,7.173441,0.397326,3.429104,0.091554,12.519158,101.081394,0.000000,0.675999241,0.629703021,1
pi4b8_fit_20260910_v3,pi4b8g,2,1,fit,true,6,24,264,2026-09-10T13:07:25Z,171780894156467,tinydl_revision,n256,256,B0,0.0,35.537,35.050,1800.000,1800.000,1800.000,1800.000,0.821707,7.036611,0.403919,3.433158,0.094202,12.380049,101.075394,0.000000,0.687331803,0.667406464,1
pi4b8_fit_20260910_v3,pi4b8g,2,1,fit,true,6,25,265,2026-09-10T13:07:25Z,171780995745445,tinydl_revision,n256,256,B0,0.0,35.050,35.537,1800.000,1800.000,1800.000,1800.000,0.871762,7.237551,0.403196,3.436659,0.093257,12.731431,100.954174,0.000000,0.713553147,0.673537478,1
pi4b8_fit_20260910_v3,pi4b8g,2,1,fit,true,6,26,266,2026-09-10T13:07:25Z,171781097252239,tinydl_revision,n256,256,B0,0.0,35.537,35.537,1800.000,1800.000,1800.000,1800.000,0.816207,7.033482,0.397715,3.431530,0.094239,12.288107,101.091821,0.000000,0.710283419,0.695585084,1
pi4b8_fit_20260910_v3,pi4b8g,2,1,fit,true,6,27,267,2026-09-10T13:07:26Z,171781198849476,tinydl_revision,n256,256,B0,0.0,35.537,34.076,1800.000,1800.000,1800.000,1800.000,0.823596,7.265255,0.405325,3.437603,0.092462,12.542602,101.090320,0.000000,0.658098791,0.630053355,1
pi4b8_fit_20260910_v3,pi4b8g,2,1,fit,true,6,28,268,2026-09-10T13:07:26Z,171781300483861,tinydl_revision,n256,256,B0,0.0,35.050,35.537,1800.000,1800.000,1800.000,1800.000,0.831337,7.333624,0.399567,3.433566,0.093831,12.606878,101.075506,0.000000,0.654373236,0.628242456,1
pi4b8_fit_20260910_v3,pi4b8g,2,1,fit,true,6,29,269,2026-09-10T13:07:26Z,171781402102468,tinydl_revision,n256,256,B0,0.0,35.537,34.076,1800.000,1800.000,1800.000,1800.000,0.826929,7.056499,0.407845,3.438696,0.093276,12.422178,101.080654,0.000000,0.735946883,0.678577917,1
pi4b8_fit_20260910_v3,pi4b8g,2,1,fit,true,6,30,270,2026-09-10T13:07:26Z,171781503694908,tinydl_revision,n256,256,B0,0.0,34.076,34.076,1800.000,1800.000,1800.000,1800.000,0.869039,7.021445,0.396715,3.380326,0.095091,12.460308,101.089895,0.000000,0.663417124,0.618232217,1
pi4b8_fit_20260910_v3,pi4b8g,2,1,fit,true,6,31,271,2026-09-10T13:07:26Z,171781605284590,tinydl_revision,n256,256,B0,0.0,34.076,35.050,1800.000,1800.000,1800.000,1800.000,0.813411,7.054315,0.403900,3.447825,0.093332,12.402197,101.079284,0.000000,0.676551414,0.631664433,1
pi4b8_fit_20260910_v3,pi4b8g,2,1,fit,true,6,32,272,2026-09-10T13:07:26Z,171781706870679,tinydl_revision,n256,256,B0,0.0,35.050,34.563,1800.000,1800.000,1800.000,1800.000,0.815225,7.038500,0.410029,3.434992,0.093906,12.321403,101.080432,0.000000,0.686014478,0.635044632,1
pi4b8_fit_20260910_v3,pi4b8g,2,1,fit,true,6,33,273,2026-09-10T13:07:26Z,171781808496601,tinydl_revision,n256,256,B0,0.0,34.563,35.050,1800.000,1800.000,1800.000,1800.000,0.831651,7.103554,0.399641,3.467528,0.095406,12.422419,101.083228,0.000000,0.697801669,0.706182012,1
pi4b8_fit_20260910_v3,pi4b8g,2,1,fit,true,6,34,274,2026-09-10T13:07:26Z,171781910096745,tinydl_revision,n256,256,B0,0.0,35.050,34.563,1800.000,1800.000,1800.000,1800.000,0.825503,7.073296,0.398067,3.445585,0.093054,12.354106,101.086062,0.000000,0.689963337,0.683740125,1
pi4b8_fit_20260910_v3,pi4b8g,2,1,fit,true,6,35,275,2026-09-10T13:07:26Z,171782011698834,tinydl_revision,n256,256,B0,0.0,34.563,35.050,1800.000,1800.000,1800.000,1800.000,0.894372,7.037130,0.397548,3.418345,0.092369,12.496622,100.939861,0.000000,0.688756350,0.638508377,1
pi4b8_fit_20260910_v3,pi4b8g,2,1,fit,true,6,36,276,2026-09-10T13:07:27Z,171782113186203,tinydl_revision,n256,256,B0,0.0,35.050,34.076,1800.000,1800.000,1800.000,1800.000,0.808171,7.306217,0.399789,3.443474,0.094720,12.565694,101.078025,0.000000,0.660509524,0.640172405,1
pi4b8_fit_20260910_v3,pi4b8g,2,1,fit,true,6,37,277,2026-09-10T13:07:27Z,171782214779663,tinydl_revision,n256,256,B0,0.0,34.076,35.537,1800.000,1800.000,1800.000,1800.000,0.812855,7.053499,0.400177,3.431048,0.093461,12.308198,101.086005,0.000000,0.688244590,0.655779941,1
pi4b8_fit_20260910_v3,pi4b8g,2,1,fit,true,6,38,278,2026-09-10T13:07:27Z,171782316405362,tinydl_revision,n256,256,B0,0.0,35.537,34.563,1800.000,1800.000,1800.000,1800.000,0.841337,7.057758,0.389344,3.446936,0.095183,12.430048,101.077969,0.000000,0.715395974,0.686014234,1
pi4b8_fit_20260910_v3,pi4b8g,2,1,fit,true,6,39,279,2026-09-10T13:07:27Z,171782417990747,tinydl_revision,n256,256,B0,0.0,34.563,34.076,1800.000,1800.000,1800.000,1800.000,0.812430,7.068296,0.398955,3.454733,0.092387,12.437049,101.083321,0.000000,0.668462906,0.673216743,1
pi4b8_fit_20260910_v3,pi4b8g,2,1,fit,true,7,0,280,2026-09-10T13:07:27Z,171783025582521,oi_svdd_as_elm_revision,n16,16,B2,1.0,35.537,36.024,1800.000,1800.000,1800.000,1800.000,0.970038,0.586619,0.204571,1.453843,0.074683,3.470714,100.919565,0.000000,0.586769189,0.602735659,1
pi4b8_fit_20260910_v3,pi4b8g,2,1,fit,true,7,1,281,2026-09-10T13:07:28Z,171783126869894,oi_svdd_as_elm_revision,n16,16,B2,1.0,36.024,35.050,1800.000,1800.000,1800.000,1800.000,0.782170,0.604989,0.199960,1.382104,0.072740,3.207996,101.013322,0.000000,0.671215150,0.594777208,1
pi4b8_fit_20260910_v3,pi4b8g,2,1,fit,true,7,2,282,2026-09-10T13:07:28Z,171783228245728,oi_svdd_as_elm_revision,n16,16,B2,1.0,35.050,35.050,1800.000,1800.000,1800.000,1800.000,0.793263,0.559452,0.195144,1.373697,0.073387,3.155090,101.010303,0.000000,0.705886906,0.652614645,1
pi4b8_fit_20260910_v3,pi4b8g,2,1,fit,true,7,3,283,2026-09-10T13:07:28Z,171783329580803,oi_svdd_as_elm_revision,n16,16,B2,1.0,35.050,36.024,1800.000,1800.000,1800.000,1800.000,0.775319,0.563027,0.194238,1.440510,0.073851,3.211274,101.005655,0.000000,0.788992637,0.805888729,1
pi4b8_fit_20260910_v3,pi4b8g,2,1,fit,true,7,4,284,2026-09-10T13:07:28Z,171783430941248,oi_svdd_as_elm_revision,n16,16,B2,1.0,36.024,35.537,1800.000,1800.000,1800.000,1800.000,0.782615,0.616193,0.197867,1.375179,0.073314,3.209274,101.007044,0.000000,0.630516159,0.524901012,1
pi4b8_fit_20260910_v3,pi4b8g,2,1,fit,true,7,5,285,2026-09-10T13:07:28Z,171783532312674,oi_svdd_as_elm_revision,n16,16,B2,1.0,35.537,35.050,1800.000,1800.000,1800.000,1800.000,0.790486,0.560193,0.193441,1.376530,0.071832,3.153072,101.004749,0.000000,0.693690889,0.617095853,1
pi4b8_fit_20260910_v3,pi4b8g,2,1,fit,true,7,6,286,2026-09-10T13:07:28Z,171783633633583,oi_svdd_as_elm_revision,n16,16,B2,1.0,35.050,35.537,1800.000,1800.000,1800.000,1800.000,0.770505,0.558694,0.194515,1.441251,0.073350,3.199682,101.002711,0.000000,0.675193245,0.595559089,1
pi4b8_fit_20260910_v3,pi4b8g,2,1,fit,true,7,7,287,2026-09-10T13:07:28Z,171783734963362,oi_svdd_as_elm_revision,n16,16,B2,1.0,35.537,36.024,1800.000,1800.000,1800.000,1800.000,0.774393,0.604822,0.193866,1.378345,0.073481,3.189349,101.026767,0.000000,0.616575849,0.585633154,1
pi4b8_fit_20260910_v3,pi4b8g,2,1,fit,true,7,8,288,2026-09-10T13:07:28Z,171783836360029,oi_svdd_as_elm_revision,n16,16,B2,1.0,36.024,34.563,1800.000,1800.000,1800.000,1800.000,0.807837,0.563767,0.194682,1.372511,0.071277,3.170090,101.005118,0.000000,0.652742114,0.551555044,1
pi4b8_fit_20260910_v3,pi4b8g,2,1,fit,true,7,9,289,2026-09-10T13:07:28Z,171783937694271,oi_svdd_as_elm_revision,n16,16,B2,1.0,34.563,35.050,1800.000,1800.000,1800.000,1800.000,0.775079,0.553693,0.193404,1.440900,0.072851,3.204756,101.087969,0.000000,0.844111281,0.825695527,1
pi4b8_fit_20260910_v3,pi4b8g,2,1,fit,true,7,10,290,2026-09-10T13:07:28Z,171784039167122,oi_svdd_as_elm_revision,n16,16,B2,1.0,35.050,35.537,1800.000,1800.000,1800.000,1800.000,0.786078,0.619396,0.199015,1.379048,0.073517,3.227218,101.011896,0.000000,0.680293244,0.625870811,1
pi4b8_fit_20260910_v3,pi4b8g,2,1,fit,true,7,11,291,2026-09-10T13:07:29Z,171784140557437,oi_svdd_as_elm_revision,n16,16,B2,1.0,35.537,35.050,1800.000,1800.000,1800.000,1800.000,0.793448,0.573822,0.198441,1.385252,0.072888,3.187052,101.011599,0.000000,0.677922936,0.566785731,1
pi4b8_fit_20260910_v3,pi4b8g,2,1,fit,true,7,12,292,2026-09-10T13:07:29Z,171784241904882,oi_svdd_as_elm_revision,n16,16,B2,1.0,35.050,35.537,1800.000,1800.000,1800.000,1800.000,0.777856,0.561267,0.195477,1.425844,0.073295,3.195608,101.006766,0.000000,0.734601359,0.652550218,1
pi4b8_fit_20260910_v3,pi4b8g,2,1,fit,true,7,13,293,2026-09-10T13:07:29Z,171784343238457,oi_svdd_as_elm_revision,n16,16,B2,1.0,35.537,36.024,1800.000,1800.000,1800.000,1800.000,0.824985,0.585174,0.195774,1.373031,0.072388,3.215496,101.050044,0.000000,0.552930822,0.523680098,1
pi4b8_fit_20260910_v3,pi4b8g,2,1,fit,true,7,14,294,2026-09-10T13:07:29Z,171784444618828,oi_svdd_as_elm_revision,n16,16,B2,1.0,36.024,36.024,1800.000,1800.000,1800.000,1800.000,0.796393,0.572323,0.196552,1.367049,0.071499,3.166479,101.007748,0.000000,0.574151810,0.578786803,1
pi4b8_fit_20260910_v3,pi4b8g,2,1,fit,true,7,15,295,2026-09-10T13:07:29Z,171784545956107,oi_svdd_as_elm_revision,n16,16,B2,1.0,36.024,36.024,1800.000,1800.000,1800.000,1800.000,0.774671,0.566859,0.195034,1.436140,0.072109,3.207144,101.001415,0.000000,0.642264165,0.552543794,1
pi4b8_fit_20260910_v3,pi4b8g,2,1,fit,true,7,16,296,2026-09-10T13:07:29Z,171784647280145,oi_svdd_as_elm_revision,n16,16,B2,1.0,36.024,35.537,1800.000,1800.000,1800.000,1800.000,0.807689,0.555675,0.195811,1.373790,0.071425,3.162627,101.059858,0.000000,0.589318253,0.552203546,1
pi4b8_fit_20260910_v3,pi4b8g,2,1,fit,true,7,17,297,2026-09-10T13:07:29Z,171784748679201,oi_svdd_as_elm_revision,n16,16,B2,1.0,35.537,36.024,1800.000,1800.000,1800.000,1800.000,0.789448,0.555397,0.194886,1.377252,0.072184,3.152608,101.005470,0.000000,0.792374288,0.704333268,1
pi4b8_fit_20260910_v3,pi4b8g,2,1,fit,true,7,18,298,2026-09-10T13:07:29Z,171784850010758,oi_svdd_as_elm_revision,n16,16,B2,1.0,36.024,35.537,1800.000,1800.000,1800.000,1800.000,0.780930,0.563490,0.192626,1.481287,0.074388,3.256384,101.033858,0.000000,0.778121789,0.704661578,1
pi4b8_fit_20260910_v3,pi4b8g,2,1,fit,true,7,19,299,2026-09-10T13:07:29Z,171784951418183,oi_svdd_as_elm_revision,n16,16,B2,1.0,36.024,36.024,1800.000,1800.000,1800.000,1800.000,0.874095,0.592137,0.195700,1.384715,0.072369,3.288569,101.068044,0.000000,0.620779613,0.582363729,1
pi4b8_fit_20260910_v3,pi4b8g,2,1,fit,true,7,20,300,2026-09-10T13:07:29Z,171785052832146,oi_svdd_as_elm_revision,n16,16,B2,1.0,36.024,36.024,1800.000,1800.000,1800.000,1800.000,0.795208,0.566471,0.194922,1.382826,0.103350,3.204163,100.929194,0.000000,0.703838055,0.617666011,1
pi4b8_fit_20260910_v3,pi4b8g,2,1,fit,true,7,21,301,2026-09-10T13:07:30Z,171785154132259,oi_svdd_as_elm_revision,n16,16,B2,1.0,36.024,36.511,1800.000,1800.000,1800.000,1800.000,0.776968,0.582878,0.201385,1.437752,0.073277,3.237718,101.008729,0.000000,0.541637061,0.488990428,1
pi4b8_fit_20260910_v3,pi4b8g,2,1,fit,true,7,22,302,2026-09-10T13:07:30Z,171785255469890,oi_svdd_as_elm_revision,n16,16,B2,1.0,36.511,35.537,1800.000,1800.000,1800.000,1800.000,0.818837,0.569878,0.195348,1.374123,0.071851,3.192737,101.042414,0.000000,0.656602323,0.584440645,1
pi4b8_fit_20260910_v3,pi4b8g,2,1,fit,true,7,23,303,2026-09-10T13:07:30Z,171785356842390,oi_svdd_as_elm_revision,n16,16,B2,1.0,35.537,36.024,1800.000,1800.000,1800.000,1800.000,0.778356,0.556119,0.192848,1.373716,0.071832,3.136424,101.003378,0.000000,0.706533777,0.673698198,1
pi4b8_fit_20260910_v3,pi4b8g,2,1,fit,true,7,24,304,2026-09-10T13:07:30Z,171785458166114,oi_svdd_as_elm_revision,n16,16,B2,1.0,36.511,36.998,1800.000,1800.000,1800.000,1800.000,0.767430,0.567008,0.195126,1.432881,0.074758,3.195496,101.000378,0.000000,0.589059233,0.600584988,1
pi4b8_fit_20260910_v3,pi4b8g,2,1,fit,true,7,25,305,2026-09-10T13:07:30Z,171785559494708,oi_svdd_as_elm_revision,n16,16,B2,1.0,36.998,36.024,1800.000,1800.000,1800.000,1800.000,0.821151,0.574860,0.194811,1.375938,0.072054,3.202441,101.033710,0.000000,0.536465743,0.503277367,1
pi4b8_fit_20260910_v3,pi4b8g,2,1,fit,true,7,26,306,2026-09-10T13:07:30Z,171785660855560,oi_svdd_as_elm_revision,n16,16,B2,1.0,36.024,36.024,1800.000,1800.000,1800.000,1800.000,0.775615,0.570749,0.192811,1.373438,0.070703,3.142590,101.040155,0.000000,0.644718196,0.554601310,1
pi4b8_fit_20260910_v3,pi4b8g,2,1,fit,true,7,27,307,2026-09-10T13:07:30Z,171785762220672,oi_svdd_as_elm_revision,n16,16,B2,1.0,36.024,36.511,1800.000,1800.000,1800.000,1800.000,0.768393,0.563545,0.195718,1.436677,0.072795,3.201348,101.006489,0.000000,0.647839082,0.533078185,1
pi4b8_fit_20260910_v3,pi4b8g,2,1,fit,true,7,28,308,2026-09-10T13:07:30Z,171785863555377,oi_svdd_as_elm_revision,n16,16,B2,1.0,36.511,36.024,1800.000,1800.000,1800.000,1800.000,0.872280,0.574804,0.196293,1.372290,0.071999,3.250384,101.029173,0.000000,0.624205856,0.587126361,1
pi4b8_fit_20260910_v3,pi4b8g,2,1,fit,true,7,29,309,2026-09-10T13:07:30Z,171785964908896,oi_svdd_as_elm_revision,n16,16,B2,1.0,36.024,36.024,1800.000,1800.000,1800.000,1800.000,0.768189,0.551101,0.189867,1.375012,0.111220,3.155868,100.888213,0.000000,0.818177412,0.762615160,1
pi4b8_fit_20260910_v3,pi4b8g,2,1,fit,true,7,30,310,2026-09-10T13:07:30Z,171786066163899,oi_svdd_as_elm_revision,n16,16,B2,1.0,36.024,35.537,1800.000,1800.000,1800.000,1800.000,0.782615,0.574082,0.198904,1.432455,0.072481,3.222959,101.016859,0.000000,0.592277455,0.476919825,1
pi4b8_fit_20260910_v3,pi4b8g,2,1,fit,true,7,31,311,2026-09-10T13:07:31Z,171786167518603,oi_svdd_as_elm_revision,n16,16,B2,1.0,35.537,36.511,1800.000,1800.000,1800.000,1800.000,0.831318,0.581822,0.195608,1.377475,0.072813,3.221126,101.058173,0.000000,0.695347256,0.552065578,1
pi4b8_fit_20260910_v3,pi4b8g,2,1,fit,true,7,32,312,2026-09-10T13:07:31Z,171786268911770,oi_svdd_as_elm_revision,n16,16,B2,1.0,36.511,36.024,1800.000,1800.000,1800.000,1800.000,0.800560,0.568545,0.195478,1.378345,0.073943,3.211571,101.016970,0.000000,0.601716899,0.587017799,1
pi4b8_fit_20260910_v3,pi4b8g,2,1,fit,true,7,33,313,2026-09-10T13:07:31Z,171786370245438,oi_svdd_as_elm_revision,n16,16,B2,1.0,36.024,36.511,1800.000,1800.000,1800.000,1800.000,0.772171,0.544453,0.191515,1.438937,0.074906,3.183812,101.003248,0.000000,0.767741884,0.723186319,1
pi4b8_fit_20260910_v3,pi4b8g,2,1,fit,true,7,34,314,2026-09-10T13:07:31Z,171786471600050,oi_svdd_as_elm_revision,n16,16,B2,1.0,36.511,37.485,1800.000,1800.000,1800.000,1800.000,0.826559,0.566230,0.194200,1.372234,0.072407,3.193145,101.032914,0.000000,0.670902284,0.648081377,1
pi4b8_fit_20260910_v3,pi4b8g,2,1,fit,true,7,35,315,2026-09-10T13:07:31Z,171786572964699,oi_svdd_as_elm_revision,n16,16,B2,1.0,37.485,36.024,1800.000,1800.000,1800.000,1800.000,0.792652,0.553342,0.194756,1.407363,0.070943,3.183108,101.010729,0.000000,0.660145607,0.549428206,1
pi4b8_fit_20260910_v3,pi4b8g,2,1,fit,true,7,36,316,2026-09-10T13:07:31Z,171786674292885,oi_svdd_as_elm_revision,n16,16,B2,1.0,36.024,36.511,1800.000,1800.000,1800.000,1800.000,0.773874,0.561860,0.196089,1.428807,0.071499,3.192719,101.001341,0.000000,0.660254532,0.664398565,1
pi4b8_fit_20260910_v3,pi4b8g,2,1,fit,true,7,37,317,2026-09-10T13:07:31Z,171786775611683,oi_svdd_as_elm_revision,n16,16,B2,1.0,36.511,36.511,1800.000,1800.000,1800.000,1800.000,0.812782,0.559601,0.194940,1.376771,0.069851,3.174608,101.063710,0.000000,0.696438463,0.610766163,1
pi4b8_fit_20260910_v3,pi4b8g,2,1,fit,true,7,38,318,2026-09-10T13:07:31Z,171786876999183,oi_svdd_as_elm_revision,n16,16,B2,1.0,36.511,36.024,1800.000,1800.000,1800.000,1800.000,0.771837,0.559175,0.193571,1.405308,0.073203,3.163535,101.006989,0.000000,0.814938989,0.735173213,1
pi4b8_fit_20260910_v3,pi4b8g,2,1,fit,true,7,39,319,2026-09-10T13:07:31Z,171786978322018,oi_svdd_as_elm_revision,n16,16,B2,1.0,36.024,36.998,1800.000,1800.000,1800.000,1800.000,0.773189,0.562286,0.197163,1.437641,0.073369,3.204200,100.899546,0.000000,0.594157988,0.634832123,1
pi4b8_fit_20260910_v3,pi4b8g,2,1,fit,true,8,0,320,2026-09-10T13:07:32Z,171787714417403,lucid_revision,n512,512,B1,0.5,36.024,36.024,1800.000,1800.000,1800.000,1800.000,0.985834,14.077500,0.549749,141.844532,0.113183,158.620223,159.638056,58.620223,0.680471404,0.593658619,1
pi4b8_fit_20260910_v3,pi4b8g,2,1,fit,true,8,1,321,2026-09-10T13:07:32Z,171787874709002,lucid_revision,n512,512,B1,0.5,36.024,36.511,1800.000,1800.000,1800.000,1800.000,0.857503,14.283162,0.537953,141.621054,0.111535,158.457855,159.494077,58.457855,0.694311171,0.603163980,1
pi4b8_fit_20260910_v3,pi4b8g,2,1,fit,true,8,2,322,2026-09-10T13:07:32Z,171788034874714,lucid_revision,n512,512,B1,0.5,36.511,36.024,1800.000,1800.000,1800.000,1800.000,0.857355,14.100000,0.539546,141.470723,0.112535,158.105769,159.146102,58.105769,0.680134460,0.600418134,1
pi4b8_fit_20260910_v3,pi4b8g,2,1,fit,true,8,3,323,2026-09-10T13:07:33Z,171788194684100,lucid_revision,n512,512,B1,0.5,36.024,37.485,1800.000,1800.000,1800.000,1800.000,0.841707,14.353679,0.538157,141.350078,0.113738,158.264747,159.303691,58.264747,0.712371630,0.624854617,1
pi4b8_fit_20260910_v3,pi4b8g,2,1,fit,true,8,4,324,2026-09-10T13:07:33Z,171788354653390,lucid_revision,n512,512,B1,0.5,37.485,36.998,1800.000,1800.000,1800.000,1800.000,0.847891,14.237996,0.555101,141.008418,0.113572,157.763108,158.799071,57.763108,0.660486875,0.583548976,1
pi4b8_fit_20260910_v3,pi4b8g,2,1,fit,true,8,5,325,2026-09-10T13:07:33Z,171788514114893,lucid_revision,n512,512,B1,0.5,36.998,36.998,1800.000,1800.000,1800.000,1800.000,0.833744,14.320829,0.546082,141.203951,0.113350,158.122454,159.164694,58.122454,0.688138861,0.591488076,1
pi4b8_fit_20260910_v3,pi4b8g,2,1,fit,true,8,6,326,2026-09-10T13:07:33Z,171788673934908,lucid_revision,n512,512,B1,0.5,36.998,36.511,1800.000,1800.000,1800.000,1800.000,0.844725,14.092740,0.553934,141.322874,0.107202,157.944253,159.037733,57.944253,0.688378610,0.601111593,1
pi4b8_fit_20260910_v3,pi4b8g,2,1,fit,true,8,7,327,2026-09-10T13:07:33Z,171788833646758,lucid_revision,n512,512,B1,0.5,36.511,36.511,1800.000,1800.000,1800.000,1800.000,0.843540,14.272662,0.551119,141.575463,0.167368,158.433096,159.469966,58.433096,0.692084892,0.608985659,1
pi4b8_fit_20260910_v3,pi4b8g,2,1,fit,true,8,8,328,2026-09-10T13:07:33Z,171788993787786,lucid_revision,n512,512,B1,0.5,36.511,36.511,1800.000,1800.000,1800.000,1800.000,0.845781,13.996687,0.550138,141.544611,0.111535,158.064066,159.170194,58.064066,0.677066176,0.589013132,1
pi4b8_fit_20260910_v3,pi4b8g,2,1,fit,true,8,9,329,2026-09-10T13:07:34Z,171789153696614,lucid_revision,n512,512,B1,0.5,37.485,36.511,1800.000,1800.000,1800.000,1800.000,0.857744,14.134388,0.544230,141.626480,0.169127,158.382171,159.415874,58.382171,0.698103105,0.609292583,1
pi4b8_fit_20260910_v3,pi4b8g,2,1,fit,true,8,10,330,2026-09-10T13:07:34Z,171789313791865,lucid_revision,n512,512,B1,0.5,36.511,36.024,1800.000,1800.000,1800.000,1800.000,0.844799,14.005538,0.549286,141.276616,0.110276,157.790478,158.896254,57.790478,0.668646447,0.583230567,1
pi4b8_fit_20260910_v3,pi4b8g,2,1,fit,true,8,11,331,2026-09-10T13:07:34Z,171789473356255,lucid_revision,n512,512,B1,0.5,36.024,37.485,1800.000,1800.000,1800.000,1800.000,0.842465,14.282884,0.550101,141.387337,0.112350,158.212896,159.315043,58.212896,0.678451103,0.594253451,1
pi4b8_fit_20260910_v3,pi4b8g,2,1,fit,true,8,12,332,2026-09-10T13:07:34Z,171789633357452,lucid_revision,n512,512,B1,0.5,37.485,37.485,1800.000,1800.000,1800.000,1800.000,0.857521,14.038704,0.553916,142.072027,0.111461,158.690313,159.732553,58.690313,0.687789951,0.597461594,1
pi4b8_fit_20260910_v3,pi4b8g,2,1,fit,true,8,13,333,2026-09-10T13:07:34Z,171789793768400,lucid_revision,n512,512,B1,0.5,37.485,36.024,1800.000,1800.000,1800.000,1800.000,0.831966,14.453215,0.551138,141.347060,0.173349,158.372857,159.405504,58.372857,0.682187156,0.593921632,1
pi4b8_fit_20260910_v3,pi4b8g,2,1,fit,true,8,14,334,2026-09-10T13:07:34Z,171789953842262,lucid_revision,n512,512,B1,0.5,36.024,37.485,1800.000,1800.000,1800.000,1800.000,0.844336,14.045333,0.541564,141.294449,0.110850,157.840404,158.941809,57.840404,0.688217086,0.607821579,1
pi4b8_fit_20260910_v3,pi4b8g,2,1,fit,true,8,15,335,2026-09-10T13:07:35Z,171790113460059,lucid_revision,n512,512,B1,0.5,37.485,37.485,1800.000,1800.000,1800.000,1800.000,0.841095,14.356105,0.543138,141.091286,0.111202,158.006752,159.124639,58.006752,0.702519198,0.619246832,1
pi4b8_fit_20260910_v3,pi4b8g,2,1,fit,true,8,16,336,2026-09-10T13:07:35Z,171790273265167,lucid_revision,n512,512,B1,0.5,37.485,37.485,1800.000,1800.000,1800.000,1800.000,0.845188,14.091740,0.551490,141.685424,0.113221,158.319172,159.419633,58.319172,0.670521985,0.584733605,1
pi4b8_fit_20260910_v3,pi4b8g,2,1,fit,true,8,17,337,2026-09-10T13:07:35Z,171790433366139,lucid_revision,n512,512,B1,0.5,37.485,37.485,1800.000,1800.000,1800.000,1800.000,0.844077,14.321624,0.543842,143.711645,0.114201,160.558094,161.590001,60.558094,0.676828469,0.584401823,1
pi4b8_fit_20260910_v3,pi4b8g,2,1,fit,true,8,18,338,2026-09-10T13:07:35Z,171790595626202,lucid_revision,n512,512,B1,0.5,37.485,37.485,1800.000,1800.000,1800.000,1800.000,0.897502,13.995835,0.538972,141.459224,0.112794,158.043307,159.075195,58.043307,0.699971055,0.612703892,1
pi4b8_fit_20260910_v3,pi4b8g,2,1,fit,true,8,19,339,2026-09-10T13:07:35Z,171790755368070,lucid_revision,n512,512,B1,0.5,37.485,38.459,1800.000,1800.000,1800.000,1800.000,0.889428,14.226830,0.542249,146.462817,0.123683,163.327136,164.418560,63.327136,0.692512025,0.607431039,1
pi4b8_fit_20260910_v3,pi4b8g,2,1,fit,true,8,20,340,2026-09-10T13:07:35Z,171790920562116,lucid_revision,n512,512,B1,0.5,38.459,38.459,1800.000,1800.000,1800.000,1800.000,0.940723,14.032001,0.542528,151.175026,0.142664,168.015604,169.425708,68.015604,0.670119109,0.583361412,1
pi4b8_fit_20260910_v3,pi4b8g,2,1,fit,true,8,21,341,2026-09-10T13:07:35Z,171791090865326,lucid_revision,n512,512,B1,0.5,38.459,37.485,1800.000,1800.000,1800.000,1800.000,1.369308,15.807894,0.644969,143.735330,0.122090,163.001049,164.040085,63.001049,0.686113912,0.598711638,1
pi4b8_fit_20260910_v3,pi4b8g,2,1,fit,true,8,22,342,2026-09-10T13:07:36Z,171791255570084,lucid_revision,n512,512,B1,0.5,37.485,37.972,1800.000,1800.000,1800.000,1800.000,0.906779,13.924021,0.543786,143.535445,0.114294,160.064640,161.174046,60.064640,0.671827762,0.583101339,1
pi4b8_fit_20260910_v3,pi4b8g,2,1,fit,true,8,23,343,2026-09-10T13:07:36Z,171791417418451,lucid_revision,n512,512,B1,0.5,37.972,37.485,1800.000,1800.000,1800.000,1800.000,0.833429,14.249774,0.541527,141.065342,0.115276,157.857662,158.959068,57.857662,0.679350033,0.592799786,1
pi4b8_fit_20260910_v3,pi4b8g,2,1,fit,true,8,24,344,2026-09-10T13:07:36Z,171791577082487,lucid_revision,n512,512,B1,0.5,37.485,36.998,1800.000,1800.000,1800.000,1800.000,0.856558,13.851115,0.546471,141.707867,0.116202,158.165972,159.269174,58.165972,0.694507834,0.605486798,1
pi4b8_fit_20260910_v3,pi4b8g,2,1,fit,true,8,25,345,2026-09-10T13:07:36Z,171791737029426,lucid_revision,n512,512,B1,0.5,36.998,38.459,1800.000,1800.000,1800.000,1800.000,0.858743,14.313976,0.546249,141.220840,0.113998,158.118750,159.207174,58.118750,0.672796067,0.589569519,1
pi4b8_fit_20260910_v3,pi4b8g,2,1,fit,true,8,26,346,2026-09-10T13:07:36Z,171791896922588,lucid_revision,n512,512,B1,0.5,38.459,37.972,1800.000,1800.000,1800.000,1800.000,0.847151,13.884189,0.530806,141.311079,0.116646,157.797922,158.834588,57.797922,0.704049326,0.619611043,1
pi4b8_fit_20260910_v3,pi4b8g,2,1,fit,true,8,27,347,2026-09-10T13:07:36Z,171792056461330,lucid_revision,n512,512,B1,0.5,37.972,37.972,1800.000,1800.000,1800.000,1800.000,0.867725,14.275403,0.538657,141.287060,0.113665,158.209767,159.242137,58.209767,0.677338261,0.599217417,1
pi4b8_fit_20260910_v3,pi4b8g,2,1,fit,true,8,28,348,2026-09-10T13:07:37Z,171792216431861,lucid_revision,n512,512,B1,0.5,37.972,36.998,1800.000,1800.000,1800.000,1800.000,0.864133,13.958557,0.539045,143.085842,0.167589,159.723591,160.757257,59.723591,0.694197901,0.598643512,1
pi4b8_fit_20260910_v3,pi4b8g,2,1,fit,true,8,29,349,2026-09-10T13:07:37Z,171792377857068,lucid_revision,n512,512,B1,0.5,36.998,37.972,1800.000,1800.000,1800.000,1800.000,0.825948,14.346495,0.549545,143.190192,0.109294,160.058011,161.077899,60.058011,0.673689858,0.585954151,1
pi4b8_fit_20260910_v3,pi4b8g,2,1,fit,true,8,30,350,2026-09-10T13:07:37Z,171792539586622,lucid_revision,n512,512,B1,0.5,37.972,38.459,1800.000,1800.000,1800.000,1800.000,0.890225,14.027111,0.552786,141.369281,0.113461,157.988716,159.023715,57.988716,0.701124132,0.613623920,1
pi4b8_fit_20260910_v3,pi4b8g,2,1,fit,true,8,31,351,2026-09-10T13:07:37Z,171792699271454,lucid_revision,n512,512,B1,0.5,38.459,36.998,1800.000,1800.000,1800.000,1800.000,0.880594,14.323125,0.547397,141.003066,0.115090,157.936217,158.958865,57.936217,0.681736205,0.594838827,1
pi4b8_fit_20260910_v3,pi4b8g,2,1,fit,true,8,32,352,2026-09-10T13:07:37Z,171792858895269,lucid_revision,n512,512,B1,0.5,36.998,37.972,1800.000,1800.000,1800.000,1800.000,0.835799,14.013260,0.543379,143.306486,0.114294,159.850089,160.882144,59.850089,0.682581009,0.597613653,1
pi4b8_fit_20260910_v3,pi4b8g,2,1,fit,true,8,33,353,2026-09-10T13:07:37Z,171793020499177,lucid_revision,n512,512,B1,0.5,37.972,37.972,1800.000,1800.000,1800.000,1800.000,0.870688,14.155536,0.548231,143.103768,0.117090,159.933087,160.970420,59.933087,0.683059167,0.595743815,1
pi4b8_fit_20260910_v3,pi4b8g,2,1,fit,true,8,34,354,2026-09-10T13:07:38Z,171793182130400,lucid_revision,n512,512,B1,0.5,37.972,37.485,1800.000,1800.000,1800.000,1800.000,0.838059,14.188905,0.542194,141.208729,0.155090,157.941920,158.981215,57.941920,0.666926343,0.576141050,1
pi4b8_fit_20260910_v3,pi4b8g,2,1,fit,true,8,35,355,2026-09-10T13:07:38Z,171793341785751,lucid_revision,n512,512,B1,0.5,37.485,37.972,1800.000,1800.000,1800.000,1800.000,0.835521,14.178738,0.549194,141.220395,0.114387,157.958031,159.059899,57.958031,0.683971627,0.601521702,1
pi4b8_fit_20260910_v3,pi4b8g,2,1,fit,true,8,36,356,2026-09-10T13:07:38Z,171793501519249,lucid_revision,n512,512,B1,0.5,37.972,38.459,1800.000,1800.000,1800.000,1800.000,0.837188,14.041426,0.544842,141.272708,0.112294,157.825052,159.007678,57.825052,0.686265594,0.595834661,1
pi4b8_fit_20260910_v3,pi4b8g,2,1,fit,true,8,37,357,2026-09-10T13:07:38Z,171793661205359,lucid_revision,n512,512,B1,0.5,38.459,38.459,1800.000,1800.000,1800.000,1800.000,0.842558,14.242830,0.545138,143.702053,0.114054,160.510391,161.520317,60.510391,0.681391220,0.601407761,1
pi4b8_fit_20260910_v3,pi4b8g,2,1,fit,true,8,38,358,2026-09-10T13:07:38Z,171793823379238,lucid_revision,n512,512,B1,0.5,38.459,38.459,1800.000,1800.000,1800.000,1800.000,0.925446,13.995834,0.543990,143.303987,0.116016,159.932439,161.027048,59.932439,0.706317705,0.621426753,1
pi4b8_fit_20260910_v3,pi4b8g,2,1,fit,true,8,39,359,2026-09-10T13:07:38Z,171793985133051,lucid_revision,n512,512,B1,0.5,38.459,37.972,1800.000,1800.000,1800.000,1800.000,0.847632,14.199368,0.551601,141.180877,0.116072,157.950086,159.048955,57.950086,0.668115582,0.588477235,1
pi4b8_fit_20260910_v3,pi4b8g,2,1,fit,true,9,0,360,2026-09-10T13:07:39Z,171794766014851,fisvdd_revision,n512,512,B0,0.0,38.459,36.511,1800.000,1800.000,1800.000,1800.000,0.937649,14.096684,0.545601,9.677414,0.099628,26.315237,101.103857,0.000000,0.700440241,0.499431192,1
pi4b8_fit_20260910_v3,pi4b8g,2,1,fit,true,9,1,361,2026-09-10T13:07:39Z,171794867777714,fisvdd_revision,n512,512,B0,0.0,36.511,36.024,1800.000,1800.000,1800.000,1800.000,0.920761,13.990501,0.599989,9.619601,0.099739,26.226091,101.136431,0.000000,0.679660445,0.500418690,1
pi4b8_fit_20260910_v3,pi4b8g,2,1,fit,true,9,2,362,2026-09-10T13:07:39Z,171794969606410,fisvdd_revision,n512,512,B0,0.0,36.024,36.998,1800.000,1800.000,1800.000,1800.000,0.840078,13.872078,0.548953,9.651082,0.097794,25.993298,101.106783,0.000000,0.690047166,0.500698797,1
pi4b8_fit_20260910_v3,pi4b8g,2,1,fit,true,9,3,363,2026-09-10T13:07:39Z,171795071363403,fisvdd_revision,n512,512,B0,0.0,36.998,37.485,1800.000,1800.000,1800.000,1800.000,3.060869,14.504695,0.546157,10.068777,0.090387,29.248146,101.126302,0.000000,0.679587655,0.499433881,1
pi4b8_fit_20260910_v3,pi4b8g,2,1,fit,true,9,4,364,2026-09-10T13:07:40Z,171795173152063,fisvdd_revision,n512,512,B0,0.0,37.485,36.024,1800.000,1800.000,1800.000,1800.000,0.847522,13.855449,0.551546,9.737987,0.098925,26.137684,101.087580,0.000000,0.693040886,0.500464525,1
pi4b8_fit_20260910_v3,pi4b8g,2,1,fit,true,9,5,365,2026-09-10T13:07:40Z,171795274908316,fisvdd_revision,n512,512,B0,0.0,36.024,37.485,1800.000,1800.000,1800.000,1800.000,0.841577,13.816653,0.551583,9.634785,0.099776,25.927855,101.090616,0.000000,0.681751423,0.499945715,1
pi4b8_fit_20260910_v3,pi4b8g,2,1,fit,true,9,6,366,2026-09-10T13:07:40Z,171795376695345,fisvdd_revision,n512,512,B0,0.0,37.485,36.511,1800.000,1800.000,1800.000,1800.000,0.853965,13.942539,0.546805,9.629859,0.098091,26.115500,101.093376,0.000000,0.664523486,0.500159876,1
pi4b8_fit_20260910_v3,pi4b8g,2,1,fit,true,9,7,367,2026-09-10T13:07:40Z,171795478450209,fisvdd_revision,n512,512,B0,0.0,36.511,37.485,1800.000,1800.000,1800.000,1800.000,0.832577,13.947446,0.546027,9.636230,0.097572,26.038001,101.091247,0.000000,0.684872361,0.499972993,1
pi4b8_fit_20260910_v3,pi4b8g,2,1,fit,true,9,8,368,2026-09-10T13:07:40Z,171795580243350,fisvdd_revision,n512,512,B0,0.0,37.485,35.537,1800.000,1800.000,1800.000,1800.000,0.970742,14.789098,0.598766,9.994963,0.097924,27.468845,101.116431,0.000000,0.685651950,0.498976847,1
pi4b8_fit_20260910_v3,pi4b8g,2,1,fit,true,9,9,369,2026-09-10T13:07:40Z,171795682067601,fisvdd_revision,n512,512,B0,0.0,35.537,36.511,1800.000,1800.000,1800.000,1800.000,0.841855,14.062111,0.562101,9.921410,0.106165,26.464586,101.382741,0.000000,0.682946664,0.500290249,1
pi4b8_fit_20260910_v3,pi4b8g,2,1,fit,true,9,10,370,2026-09-10T13:07:40Z,171795784293364,fisvdd_revision,n512,512,B0,0.0,36.511,36.998,1800.000,1800.000,1800.000,1800.000,1.135553,14.620971,0.601359,10.340884,0.114776,27.995002,101.292187,0.000000,0.700712473,0.499319008,1
pi4b8_fit_20260910_v3,pi4b8g,2,1,fit,true,9,11,371,2026-09-10T13:07:40Z,171795886398740,fisvdd_revision,n512,512,B0,0.0,36.998,37.972,1800.000,1800.000,1800.000,1800.000,1.257144,14.473326,0.601340,10.379882,0.098128,27.866634,101.092265,0.000000,0.679595049,0.500134237,1
pi4b8_fit_20260910_v3,pi4b8g,2,1,fit,true,9,12,372,2026-09-10T13:07:40Z,171795988221232,fisvdd_revision,n512,512,B0,0.0,37.972,36.511,1800.000,1800.000,1800.000,1800.000,0.871243,14.007686,0.552601,9.743135,0.097535,26.401809,101.083969,0.000000,0.675745763,0.499659728,1
pi4b8_fit_20260910_v3,pi4b8g,2,1,fit,true,9,13,373,2026-09-10T13:07:40Z,171796089979300,fisvdd_revision,n512,512,B0,0.0,36.511,36.024,1800.000,1800.000,1800.000,1800.000,0.839503,14.514251,0.653247,9.672970,0.099220,27.206979,101.095838,0.000000,0.697665822,0.500595821,1
pi4b8_fit_20260910_v3,pi4b8g,2,1,fit,true,9,14,374,2026-09-10T13:07:41Z,171796191760700,fisvdd_revision,n512,512,B0,0.0,36.024,36.998,1800.000,1800.000,1800.000,1800.000,0.971815,13.818097,0.606599,9.621970,0.096221,26.115574,101.111413,0.000000,0.683429709,0.500120012,1
pi4b8_fit_20260910_v3,pi4b8g,2,1,fit,true,9,15,375,2026-09-10T13:07:41Z,171796293532063,fisvdd_revision,n512,512,B0,0.0,36.998,36.511,1800.000,1800.000,1800.000,1800.000,0.832855,13.867448,0.549897,9.658711,0.099053,25.983928,101.088414,0.000000,0.686015284,0.499321188,1
pi4b8_fit_20260910_v3,pi4b8g,2,1,fit,true,9,16,376,2026-09-10T13:07:41Z,171796395282483,fisvdd_revision,n512,512,B0,0.0,36.511,36.024,1800.000,1800.000,1800.000,1800.000,0.889335,13.826153,0.552527,9.660637,0.096424,26.024242,101.119672,0.000000,0.691944389,0.500768631,1
pi4b8_fit_20260910_v3,pi4b8g,2,1,fit,true,9,17,377,2026-09-10T13:07:41Z,171796497065050,fisvdd_revision,n512,512,B0,0.0,36.024,36.511,1800.000,1800.000,1800.000,1800.000,0.833892,13.927613,0.550156,9.631785,0.099702,26.071778,101.103913,0.000000,0.675923619,0.499652082,1
pi4b8_fit_20260910_v3,pi4b8g,2,1,fit,true,9,18,378,2026-09-10T13:07:41Z,171796598845320,fisvdd_revision,n512,512,B0,0.0,36.511,36.024,1800.000,1800.000,1800.000,1800.000,0.830411,13.960798,0.547379,9.647433,0.095220,26.065427,101.085932,0.000000,0.673885344,0.500352601,1
pi4b8_fit_20260910_v3,pi4b8g,2,1,fit,true,9,19,379,2026-09-10T13:07:41Z,171796700627295,fisvdd_revision,n512,512,B0,0.0,36.024,36.024,1800.000,1800.000,1800.000,1800.000,0.839522,13.920021,0.546990,9.613693,0.097757,26.076130,101.084543,0.000000,0.682737273,0.499402927,1
pi4b8_fit_20260910_v3,pi4b8g,2,1,fit,true,9,20,380,2026-09-10T13:07:41Z,171796802369400,fisvdd_revision,n512,512,B0,0.0,36.024,36.024,1800.000,1800.000,1800.000,1800.000,0.836132,14.150443,0.544009,9.641655,0.096942,26.271423,101.097505,0.000000,0.680750366,0.498766600,1
pi4b8_fit_20260910_v3,pi4b8g,2,1,fit,true,9,21,381,2026-09-10T13:07:41Z,171796904171522,fisvdd_revision,n512,512,B0,0.0,36.024,36.024,1800.000,1800.000,1800.000,1800.000,0.847262,13.901058,0.596175,9.629711,0.098757,26.053056,101.078321,0.000000,0.699908968,0.500499145,1
pi4b8_fit_20260910_v3,pi4b8g,2,1,fit,true,9,22,382,2026-09-10T13:07:41Z,171797005928552,fisvdd_revision,n512,512,B0,0.0,36.024,36.511,1800.000,1800.000,1800.000,1800.000,0.840485,13.927872,0.548953,9.644600,0.097905,26.054242,101.096950,0.000000,0.688455630,0.499542804,1
pi4b8_fit_20260910_v3,pi4b8g,2,1,fit,true,9,23,383,2026-09-10T13:07:41Z,171797107910023,fisvdd_revision,n512,512,B0,0.0,36.511,36.511,1800.000,1800.000,1800.000,1800.000,1.401585,14.565416,0.548027,9.651711,0.098553,27.248757,101.103894,0.000000,0.686751259,0.499690787,1
pi4b8_fit_20260910_v3,pi4b8g,2,1,fit,true,9,24,384,2026-09-10T13:07:42Z,171797209686961,fisvdd_revision,n512,512,B0,0.0,36.511,36.998,1800.000,1800.000,1800.000,1800.000,0.831336,14.025538,0.542230,9.617378,0.097776,26.124369,101.096875,0.000000,0.669981291,0.500567914,1
pi4b8_fit_20260910_v3,pi4b8g,2,1,fit,true,9,25,385,2026-09-10T13:07:42Z,171797311446935,fisvdd_revision,n512,512,B0,0.0,36.998,35.050,1800.000,1800.000,1800.000,1800.000,0.891539,13.944873,0.557916,9.680710,0.097535,26.156629,101.118172,0.000000,0.691943983,0.500681601,1
pi4b8_fit_20260910_v3,pi4b8g,2,1,fit,true,9,26,386,2026-09-10T13:07:42Z,171797413230391,fisvdd_revision,n512,512,B0,0.0,35.050,36.998,1800.000,1800.000,1800.000,1800.000,0.834244,13.992798,0.550231,9.624063,0.098146,26.103148,101.104080,0.000000,0.697546006,0.499317994,1
pi4b8_fit_20260910_v3,pi4b8g,2,1,fit,true,9,27,387,2026-09-10T13:07:42Z,171797515046772,fisvdd_revision,n512,512,B0,0.0,36.998,35.537,1800.000,1800.000,1800.000,1800.000,0.830688,14.023037,0.550545,9.646285,0.097424,26.129685,101.129487,0.000000,0.669834797,0.499715862,1
pi4b8_fit_20260910_v3,pi4b8g,2,1,fit,true,9,28,388,2026-09-10T13:07:42Z,171797616837469,fisvdd_revision,n512,512,B0,0.0,35.537,35.537,1800.000,1800.000,1800.000,1800.000,0.842540,13.939335,0.539619,9.629971,0.097961,26.102259,101.101135,0.000000,0.697458413,0.500621554,1
pi4b8_fit_20260910_v3,pi4b8g,2,1,fit,true,9,29,389,2026-09-10T13:07:42Z,171797718632684,fisvdd_revision,n512,512,B0,0.0,35.537,36.024,1800.000,1800.000,1800.000,1800.000,0.846002,14.077018,0.551934,9.664803,0.100072,26.238312,101.087672,0.000000,0.662800066,0.499606086,1
pi4b8_fit_20260910_v3,pi4b8g,2,1,fit,true,9,30,390,2026-09-10T13:07:42Z,171797820471157,fisvdd_revision,n512,512,B0,0.0,36.024,36.024,1800.000,1800.000,1800.000,1800.000,0.962242,14.105462,0.547934,9.626304,0.096776,26.418661,101.101339,0.000000,0.680791207,0.500569713,1
pi4b8_fit_20260910_v3,pi4b8g,2,1,fit,true,9,31,391,2026-09-10T13:07:42Z,171797922230984,fisvdd_revision,n512,512,B0,0.0,36.024,35.537,1800.000,1800.000,1800.000,1800.000,0.839633,14.057963,0.550656,9.663730,0.098016,26.195276,101.090357,0.000000,0.689021385,0.498957855,1
pi4b8_fit_20260910_v3,pi4b8g,2,1,fit,true,9,32,392,2026-09-10T13:07:42Z,171798023985070,fisvdd_revision,n512,512,B0,0.0,35.537,35.537,1800.000,1800.000,1800.000,1800.000,0.850281,14.027611,0.600415,9.641063,0.098424,26.266404,101.430666,0.000000,0.673717280,0.499764946,1
pi4b8_fit_20260910_v3,pi4b8g,2,1,fit,true,9,33,393,2026-09-10T13:07:43Z,171798126087316,fisvdd_revision,n512,512,B0,0.0,35.537,35.050,1800.000,1800.000,1800.000,1800.000,0.854169,14.111185,0.547749,9.671617,0.097961,26.261294,101.088006,0.000000,0.704776484,0.499752254,1
pi4b8_fit_20260910_v3,pi4b8g,2,1,fit,true,9,34,394,2026-09-10T13:07:43Z,171798227844643,fisvdd_revision,n512,512,B0,0.0,35.050,36.024,1800.000,1800.000,1800.000,1800.000,0.895873,13.790598,0.606859,9.616748,0.096480,26.002761,101.111690,0.000000,0.677680521,0.500055300,1
pi4b8_fit_20260910_v3,pi4b8g,2,1,fit,true,9,35,395,2026-09-10T13:07:43Z,171798329619303,fisvdd_revision,n512,512,B0,0.0,36.024,35.537,1800.000,1800.000,1800.000,1800.000,0.836281,14.084870,0.549008,9.635248,0.096073,26.182294,101.087413,0.000000,0.684247968,0.499367766,1
pi4b8_fit_20260910_v3,pi4b8g,2,1,fit,true,9,36,396,2026-09-10T13:07:43Z,171798431363981,fisvdd_revision,n512,512,B0,0.0,35.537,35.050,1800.000,1800.000,1800.000,1800.000,0.883595,13.930113,0.546638,9.684340,0.096794,26.144777,101.124043,0.000000,0.688785413,0.500122863,1
pi4b8_fit_20260910_v3,pi4b8g,2,1,fit,true,9,37,397,2026-09-10T13:07:43Z,171798533141919,fisvdd_revision,n512,512,B0,0.0,35.050,36.024,1800.000,1800.000,1800.000,1800.000,0.836577,13.868077,0.548990,9.612859,0.097664,25.993946,101.094691,0.000000,0.702586136,0.501358375,1
pi4b8_fit_20260910_v3,pi4b8g,2,1,fit,true,9,38,398,2026-09-10T13:07:43Z,171798634888005,fisvdd_revision,n512,512,B0,0.0,36.511,35.537,1800.000,1800.000,1800.000,1800.000,0.832133,14.069259,0.549879,9.611637,0.096239,26.167221,101.092043,0.000000,0.668392083,0.498748425,1
pi4b8_fit_20260910_v3,pi4b8g,2,1,fit,true,9,39,399,2026-09-10T13:07:43Z,171798736662480,fisvdd_revision,n512,512,B0,0.0,35.537,36.511,1800.000,1800.000,1800.000,1800.000,0.846040,13.898040,0.540453,9.603360,0.097720,26.086204,101.088931,0.000000,0.688973396,0.500742103,1
pi4b8_fit_20260910_v3,pi4b8g,2,1,fit,true,10,0,400,2026-09-10T13:07:44Z,171799344330456,tinydl_revision,n64,64,B1,0.5,35.537,36.024,1800.000,1800.000,1800.000,1800.000,0.965704,1.832873,0.253366,1.049666,0.088887,4.412252,101.053099,0.000000,0.720741923,0.713587916,1
pi4b8_fit_20260910_v3,pi4b8g,2,1,fit,true,10,1,401,2026-09-10T13:07:44Z,171799445785270,tinydl_revision,n64,64,B1,0.5,36.024,35.050,1800.000,1800.000,1800.000,1800.000,0.851929,1.891168,0.257736,0.982408,0.088887,4.308994,101.061858,0.000000,0.788884013,0.783796177,1
pi4b8_fit_20260910_v3,pi4b8g,2,1,fit,true,10,2,402,2026-09-10T13:07:44Z,171799547249417,tinydl_revision,n64,64,B1,0.5,35.050,36.024,1800.000,1800.000,1800.000,1800.000,0.843280,1.817282,0.251180,0.981334,0.088498,4.212811,101.084061,0.000000,0.611792922,0.665081685,1
pi4b8_fit_20260910_v3,pi4b8g,2,1,fit,true,10,3,403,2026-09-10T13:07:44Z,171799648716212,tinydl_revision,n64,64,B1,0.5,36.024,36.511,1800.000,1800.000,1800.000,1800.000,0.787948,1.809374,0.251514,1.049573,0.087462,4.218515,101.050858,0.000000,0.651039145,0.649136464,1
pi4b8_fit_20260910_v3,pi4b8g,2,1,fit,true,10,4,404,2026-09-10T13:07:44Z,171799750178433,tinydl_revision,n64,64,B1,0.5,36.511,36.998,1800.000,1800.000,1800.000,1800.000,0.790541,1.879169,0.278661,0.983834,0.087424,4.248162,101.090154,0.000000,0.636964190,0.620362685,1
pi4b8_fit_20260910_v3,pi4b8g,2,1,fit,true,10,5,405,2026-09-10T13:07:44Z,171799851688375,tinydl_revision,n64,64,B1,0.5,36.998,36.024,1800.000,1800.000,1800.000,1800.000,0.833022,1.812281,1.762968,0.987945,0.086036,5.721395,101.082747,0.000000,0.743963684,0.746447250,1
pi4b8_fit_20260910_v3,pi4b8g,2,1,fit,true,10,6,406,2026-09-10T13:07:44Z,171799953160967,tinydl_revision,n64,64,B1,0.5,36.024,35.537,1800.000,1800.000,1800.000,1800.000,0.790152,1.807893,0.292550,0.984556,0.087054,4.189478,101.070043,0.000000,0.646542350,0.618234226,1
pi4b8_fit_20260910_v3,pi4b8g,2,1,fit,true,10,7,407,2026-09-10T13:07:44Z,171800054629780,tinydl_revision,n64,64,B1,0.5,35.537,36.511,1800.000,1800.000,1800.000,1800.000,0.806281,1.890169,0.252199,0.986111,0.088313,4.255088,100.926786,0.000000,0.697098232,0.621568217,1
pi4b8_fit_20260910_v3,pi4b8g,2,1,fit,true,10,8,408,2026-09-10T13:07:45Z,171800155969670,tinydl_revision,n64,64,B1,0.5,36.511,36.024,1800.000,1800.000,1800.000,1800.000,0.818152,1.839484,0.256847,1.029536,0.086702,4.294717,101.046803,0.000000,0.698430622,0.676067575,1
pi4b8_fit_20260910_v3,pi4b8g,2,1,fit,true,10,9,409,2026-09-10T13:07:45Z,171800257400706,tinydl_revision,n64,64,B1,0.5,36.024,36.024,1800.000,1800.000,1800.000,1800.000,0.776596,1.874447,0.253033,0.983870,0.089794,4.214571,101.046322,0.000000,0.634901732,0.588761028,1
pi4b8_fit_20260910_v3,pi4b8g,2,1,fit,true,10,10,410,2026-09-10T13:07:45Z,171800358836724,tinydl_revision,n64,64,B1,0.5,36.024,36.024,1800.000,1800.000,1800.000,1800.000,0.785930,1.854633,0.249773,0.975556,0.086072,4.179979,101.043618,0.000000,0.700519623,0.654961887,1
pi4b8_fit_20260910_v3,pi4b8g,2,1,fit,true,10,11,411,2026-09-10T13:07:45Z,171800460293223,tinydl_revision,n64,64,B1,0.5,36.024,35.537,1800.000,1800.000,1800.000,1800.000,0.799652,1.814448,0.250422,1.023722,0.088666,4.206163,101.047044,0.000000,0.630714263,0.567730780,1
pi4b8_fit_20260910_v3,pi4b8g,2,1,fit,true,10,12,412,2026-09-10T13:07:45Z,171800561722537,tinydl_revision,n64,64,B1,0.5,35.537,36.024,1800.000,1800.000,1800.000,1800.000,0.776875,1.890595,0.252199,0.979833,0.087554,4.218015,101.048099,0.000000,0.619194238,0.619259228,1
pi4b8_fit_20260910_v3,pi4b8g,2,1,fit,true,10,13,413,2026-09-10T13:07:45Z,171800663146018,tinydl_revision,n64,64,B1,0.5,36.024,36.998,1800.000,1800.000,1800.000,1800.000,0.780338,1.862169,0.251847,0.983889,0.088480,4.194293,101.073470,0.000000,0.670624951,0.616727095,1
pi4b8_fit_20260910_v3,pi4b8g,2,1,fit,true,10,14,414,2026-09-10T13:07:45Z,171800764594573,tinydl_revision,n64,64,B1,0.5,36.998,35.050,1800.000,1800.000,1800.000,1800.000,0.788967,1.840151,0.250014,1.023963,0.087499,4.215663,101.067228,0.000000,0.683927081,0.651511909,1
pi4b8_fit_20260910_v3,pi4b8g,2,1,fit,true,10,15,415,2026-09-10T13:07:45Z,171800866078442,tinydl_revision,n64,64,B1,0.5,35.050,35.537,1800.000,1800.000,1800.000,1800.000,0.789689,1.924835,0.251051,0.980852,0.086665,4.264051,101.047969,0.000000,0.707944398,0.660189169,1
pi4b8_fit_20260910_v3,pi4b8g,2,1,fit,true,10,16,416,2026-09-10T13:07:45Z,171800967506627,tinydl_revision,n64,64,B1,0.5,35.537,35.537,1800.000,1800.000,1800.000,1800.000,0.848410,1.823633,0.251495,0.982204,0.086443,4.219422,101.061580,0.000000,0.648579557,0.615910203,1
pi4b8_fit_20260910_v3,pi4b8g,2,1,fit,true,10,17,417,2026-09-10T13:07:45Z,171801068961977,tinydl_revision,n64,64,B1,0.5,35.537,35.050,1800.000,1800.000,1800.000,1800.000,0.785689,1.822707,0.288310,0.983537,0.088109,4.198738,100.919250,0.000000,0.754238001,0.750816968,1
pi4b8_fit_20260910_v3,pi4b8g,2,1,fit,true,10,18,418,2026-09-10T13:07:46Z,171801170290293,tinydl_revision,n64,64,B1,0.5,35.050,36.511,1800.000,1800.000,1800.000,1800.000,0.775189,1.893835,0.254162,0.987592,0.086813,4.225126,101.054285,0.000000,0.623299862,0.565508115,1
pi4b8_fit_20260910_v3,pi4b8g,2,1,fit,true,10,19,419,2026-09-10T13:07:46Z,171801271754070,tinydl_revision,n64,64,B1,0.5,36.511,35.537,1800.000,1800.000,1800.000,1800.000,0.855706,1.822707,0.252995,0.980982,0.087536,4.234403,101.062766,0.000000,0.692669156,0.654760498,1
pi4b8_fit_20260910_v3,pi4b8g,2,1,fit,true,10,20,420,2026-09-10T13:07:46Z,171801373201958,tinydl_revision,n64,64,B1,0.5,35.537,36.511,1800.000,1800.000,1800.000,1800.000,0.776319,1.824948,0.293939,0.987445,0.088331,4.203108,101.047747,0.000000,0.647105895,0.536731759,1
pi4b8_fit_20260910_v3,pi4b8g,2,1,fit,true,10,21,421,2026-09-10T13:07:46Z,171801474634309,tinydl_revision,n64,64,B1,0.5,36.511,36.511,1800.000,1800.000,1800.000,1800.000,0.779430,1.836503,0.252588,0.979371,0.089832,4.167127,101.034229,0.000000,0.718196503,0.694409852,1
pi4b8_fit_20260910_v3,pi4b8g,2,1,fit,true,10,22,422,2026-09-10T13:07:46Z,171801576080697,tinydl_revision,n64,64,B1,0.5,36.511,35.537,1800.000,1800.000,1800.000,1800.000,0.797097,1.841207,0.253310,1.022851,0.088869,4.231293,101.041562,0.000000,0.679739642,0.654255433,1
pi4b8_fit_20260910_v3,pi4b8g,2,1,fit,true,10,23,423,2026-09-10T13:07:46Z,171801677496993,tinydl_revision,n64,64,B1,0.5,35.537,36.024,1800.000,1800.000,1800.000,1800.000,0.780708,1.863150,0.252995,0.978093,0.087165,4.196145,101.042840,0.000000,0.664885723,0.627554328,1
pi4b8_fit_20260910_v3,pi4b8g,2,1,fit,true,10,24,424,2026-09-10T13:07:46Z,171801778917641,tinydl_revision,n64,64,B1,0.5,36.024,36.024,1800.000,1800.000,1800.000,1800.000,0.780375,1.865447,0.251032,0.980871,0.086480,4.192367,101.057673,0.000000,0.705942879,0.668897206,1
pi4b8_fit_20260910_v3,pi4b8g,2,1,fit,true,10,25,425,2026-09-10T13:07:46Z,171801880416195,tinydl_revision,n64,64,B1,0.5,36.024,36.024,1800.000,1800.000,1800.000,1800.000,0.811226,1.812337,0.252458,1.060887,0.089442,4.257477,101.037062,0.000000,0.761594084,0.681836101,1
pi4b8_fit_20260910_v3,pi4b8g,2,1,fit,true,10,26,426,2026-09-10T13:07:46Z,171801981829176,tinydl_revision,n64,64,B1,0.5,36.024,36.511,1800.000,1800.000,1800.000,1800.000,0.778652,1.881909,0.248865,0.983834,0.089535,4.214163,101.087969,0.000000,0.659828929,0.621832347,1
pi4b8_fit_20260910_v3,pi4b8g,2,1,fit,true,10,27,427,2026-09-10T13:07:46Z,171802083342655,tinydl_revision,n64,64,B1,0.5,36.511,36.998,1800.000,1800.000,1800.000,1800.000,0.834373,1.824096,0.258125,0.981093,0.087591,4.216256,100.954638,0.000000,0.713068706,0.658781526,1
pi4b8_fit_20260910_v3,pi4b8g,2,1,fit,true,10,28,428,2026-09-10T13:07:47Z,171802184709952,tinydl_revision,n64,64,B1,0.5,36.998,36.511,1800.000,1800.000,1800.000,1800.000,0.793875,1.845152,0.253365,1.036296,0.090147,4.249866,101.044507,0.000000,0.636204078,0.590492184,1
pi4b8_fit_20260910_v3,pi4b8g,2,1,fit,true,10,29,429,2026-09-10T13:07:47Z,171802286135007,tinydl_revision,n64,64,B1,0.5,36.024,35.537,1800.000,1800.000,1800.000,1800.000,0.776986,1.889150,0.249755,0.977205,0.089480,4.211386,101.050155,0.000000,0.704983626,0.642593018,1
pi4b8_fit_20260910_v3,pi4b8g,2,1,fit,true,10,30,430,2026-09-10T13:07:47Z,171802387579192,tinydl_revision,n64,64,B1,0.5,35.537,34.563,1800.000,1800.000,1800.000,1800.000,0.826170,1.820448,0.251606,0.981334,0.090591,4.201052,101.071098,0.000000,0.643616725,0.597319194,1
pi4b8_fit_20260910_v3,pi4b8g,2,1,fit,true,10,31,431,2026-09-10T13:07:47Z,171802489033894,tinydl_revision,n64,64,B1,0.5,34.563,35.050,1800.000,1800.000,1800.000,1800.000,0.799041,1.834133,0.298476,0.990538,0.087979,4.237700,101.041100,0.000000,0.704025650,0.665223096,1
pi4b8_fit_20260910_v3,pi4b8g,2,1,fit,true,10,32,432,2026-09-10T13:07:47Z,171802590453098,tinydl_revision,n64,64,B1,0.5,35.050,35.537,1800.000,1800.000,1800.000,1800.000,0.782948,1.894317,0.251514,0.984260,0.088942,4.231662,101.044099,0.000000,0.658366879,0.591991422,1
pi4b8_fit_20260910_v3,pi4b8g,2,1,fit,true,10,33,433,2026-09-10T13:07:47Z,171802691871801,tinydl_revision,n64,64,B1,0.5,35.537,36.998,1800.000,1800.000,1800.000,1800.000,0.838299,1.831207,0.250755,0.981297,0.090332,4.255070,101.075524,0.000000,0.725753588,0.697505707,1
pi4b8_fit_20260910_v3,pi4b8g,2,1,fit,true,10,34,434,2026-09-10T13:07:47Z,171802793344948,tinydl_revision,n64,64,B1,0.5,36.998,35.537,1800.000,1800.000,1800.000,1800.000,0.786560,1.869317,0.253107,0.984112,0.090369,4.214329,101.052562,0.000000,0.637793320,0.598218092,1
pi4b8_fit_20260910_v3,pi4b8g,2,1,fit,true,10,35,435,2026-09-10T13:07:47Z,171802894816872,tinydl_revision,n64,64,B1,0.5,35.537,35.537,1800.000,1800.000,1800.000,1800.000,0.794300,1.927427,0.251514,0.981075,0.088424,4.278459,101.045636,0.000000,0.682083178,0.631096862,1
pi4b8_fit_20260910_v3,pi4b8g,2,1,fit,true,10,36,436,2026-09-10T13:07:47Z,171802996275853,tinydl_revision,n64,64,B1,0.5,35.537,36.024,1800.000,1800.000,1800.000,1800.000,0.804282,1.826263,0.250440,1.022407,0.087702,4.222996,101.054395,0.000000,0.630921406,0.622836933,1
pi4b8_fit_20260910_v3,pi4b8g,2,1,fit,true,10,37,437,2026-09-10T13:07:47Z,171803097738796,tinydl_revision,n64,64,B1,0.5,36.024,36.024,1800.000,1800.000,1800.000,1800.000,0.777985,1.873669,0.252829,0.981093,0.086813,4.204404,100.934712,0.000000,0.694748958,0.681711155,1
pi4b8_fit_20260910_v3,pi4b8g,2,1,fit,true,10,38,438,2026-09-10T13:07:48Z,171803199090186,tinydl_revision,n64,64,B1,0.5,36.024,35.537,1800.000,1800.000,1800.000,1800.000,0.783171,1.863854,0.256125,0.982501,0.089850,4.203922,101.081894,0.000000,0.717436779,0.691723452,1
pi4b8_fit_20260910_v3,pi4b8g,2,1,fit,true,10,39,439,2026-09-10T13:07:48Z,171803300558018,tinydl_revision,n64,64,B1,0.5,35.537,36.024,1800.000,1800.000,1800.000,1800.000,0.796670,1.836392,0.249422,1.022444,0.088443,4.223440,101.046858,0.000000,0.706220067,0.673354315,1
pi4b8_fit_20260910_v3,pi4b8g,2,1,fit,true,11,0,440,2026-09-10T13:07:48Z,171803987731250,lucid_revision,n1024,1024,B2,1.0,36.511,36.998,1800.000,1800.000,1800.000,1800.000,1.009833,28.499011,0.741505,304.446995,0.119202,336.759825,337.788102,236.759825,0.684077148,0.602686624,1
pi4b8_fit_20260910_v3,pi4b8g,2,1,fit,true,11,1,441,2026-09-10T13:07:49Z,171804326465502,lucid_revision,n1024,1024,B2,1.0,36.998,37.972,1800.000,1800.000,1800.000,1800.000,0.874076,27.700285,0.732968,260.227330,0.127628,291.527104,292.571566,191.527104,0.690482475,0.597607580,1
pi4b8_fit_20260910_v3,pi4b8g,2,1,fit,true,11,2,442,2026-09-10T13:07:49Z,171804620069901,lucid_revision,n1024,1024,B2,1.0,37.972,37.972,1800.000,1800.000,1800.000,1800.000,0.983149,27.976114,0.730320,281.569695,0.115887,313.191352,314.191112,213.191352,0.684257720,0.599066960,1
pi4b8_fit_20260910_v3,pi4b8g,2,1,fit,true,11,3,443,2026-09-10T13:07:49Z,171804935189181,lucid_revision,n1024,1024,B2,1.0,37.972,37.972,1800.000,1800.000,1800.000,1800.000,0.913761,28.498882,0.742302,281.143999,0.126646,313.262962,314.308924,213.262962,0.685648645,0.598421733,1
pi4b8_fit_20260910_v3,pi4b8g,2,1,fit,true,11,4,444,2026-09-10T13:07:50Z,171805250454680,lucid_revision,n1024,1024,B2,1.0,37.972,38.946,1800.000,1800.000,1800.000,1800.000,0.870465,27.974244,0.737727,280.060094,0.126498,311.631919,312.669659,211.631919,0.682123082,0.594270335,1
pi4b8_fit_20260910_v3,pi4b8g,2,1,fit,true,11,5,445,2026-09-10T13:07:50Z,171805564142802,lucid_revision,n1024,1024,B2,1.0,38.946,38.946,1800.000,1800.000,1800.000,1800.000,0.917706,28.432254,0.749468,280.863726,0.125479,312.926709,313.967004,212.926709,0.684529408,0.600475414,1
pi4b8_fit_20260910_v3,pi4b8g,2,1,fit,true,11,6,446,2026-09-10T13:07:50Z,171805879054882,lucid_revision,n1024,1024,B2,1.0,38.946,39.433,1800.000,1800.000,1800.000,1800.000,0.870891,28.306144,0.829744,282.331921,0.127071,314.446477,315.497717,214.446477,0.688295250,0.604239826,1
pi4b8_fit_20260910_v3,pi4b8g,2,1,fit,true,11,7,447,2026-09-10T13:07:51Z,171806195502545,lucid_revision,n1024,1024,B2,1.0,39.433,39.433,1800.000,1800.000,1800.000,1800.000,0.937964,28.488882,0.736931,281.127018,0.126164,313.254555,314.296350,213.254555,0.687746832,0.597279024,1
pi4b8_fit_20260910_v3,pi4b8g,2,1,fit,true,11,8,448,2026-09-10T13:07:51Z,171806510748656,lucid_revision,n1024,1024,B2,1.0,38.946,38.946,1800.000,1800.000,1800.000,1800.000,0.878706,28.183221,0.732764,281.585769,0.159775,313.393237,314.399089,213.393237,0.679184007,0.593839110,1
pi4b8_fit_20260910_v3,pi4b8g,2,1,fit,true,11,9,449,2026-09-10T13:07:51Z,171806826099376,lucid_revision,n1024,1024,B2,1.0,38.946,39.433,1800.000,1800.000,1800.000,1800.000,0.883280,28.438568,0.733005,281.911596,0.176978,314.044337,315.080799,214.044337,0.682476645,0.593943511,1
pi4b8_fit_20260910_v3,pi4b8g,2,1,fit,true,11,10,450,2026-09-10T13:07:52Z,171807142138657,lucid_revision,n1024,1024,B2,1.0,39.433,39.433,1800.000,1800.000,1800.000,1800.000,0.883020,28.803710,0.728116,280.279423,0.126516,313.013615,314.115984,213.013615,0.683926702,0.596698580,1
pi4b8_fit_20260910_v3,pi4b8g,2,1,fit,true,11,11,451,2026-09-10T13:07:52Z,171807457198309,lucid_revision,n1024,1024,B2,1.0,39.433,40.407,1800.000,1800.000,1800.000,1800.000,0.881706,29.455512,0.802393,281.317459,0.122665,314.469995,315.557012,214.469995,0.688787958,0.605160663,1
pi4b8_fit_20260910_v3,pi4b8g,2,1,fit,true,11,12,452,2026-09-10T13:07:52Z,171807773694730,lucid_revision,n1024,1024,B2,1.0,40.407,39.920,1800.000,1800.000,1800.000,1800.000,0.874688,28.104556,0.745783,279.934133,0.125128,311.706917,312.757157,211.706917,0.687889938,0.600838466,1
pi4b8_fit_20260910_v3,pi4b8g,2,1,fit,true,11,13,453,2026-09-10T13:07:52Z,171808087422110,lucid_revision,n1024,1024,B2,1.0,39.920,38.946,1800.000,1800.000,1800.000,1800.000,0.947538,28.524604,0.751634,280.953485,0.122849,313.151575,314.189649,213.151575,0.684643123,0.596971768,1
pi4b8_fit_20260910_v3,pi4b8g,2,1,fit,true,11,14,454,2026-09-10T13:07:53Z,171808402550130,lucid_revision,n1024,1024,B2,1.0,40.407,41.381,1800.000,1800.000,1800.000,1800.000,0.882298,28.174518,0.746949,279.841819,0.125646,311.662492,312.705621,211.662492,0.683689097,0.598163519,1
pi4b8_fit_20260910_v3,pi4b8g,2,1,fit,true,11,15,455,2026-09-10T13:07:53Z,171808716243640,lucid_revision,n1024,1024,B2,1.0,41.381,40.407,1800.000,1800.000,1800.000,1800.000,0.905632,28.581603,0.785208,281.909985,0.115238,314.134150,315.139373,214.134150,0.674640678,0.585141756,1
pi4b8_fit_20260910_v3,pi4b8g,2,1,fit,true,11,16,456,2026-09-10T13:07:53Z,171809032381124,lucid_revision,n1024,1024,B2,1.0,40.407,40.407,1800.000,1800.000,1800.000,1800.000,0.906187,28.208054,0.751523,280.399235,0.129609,312.205241,313.248722,212.205241,0.685560386,0.598872826,1
pi4b8_fit_20260910_v3,pi4b8g,2,1,fit,true,11,17,457,2026-09-10T13:07:54Z,171809346572180,lucid_revision,n1024,1024,B2,1.0,40.407,39.433,1800.000,1800.000,1800.000,1800.000,0.887872,28.377180,0.745283,280.741321,0.123942,312.751028,313.859748,212.751028,0.691683959,0.609333342,1
pi4b8_fit_20260910_v3,pi4b8g,2,1,fit,true,11,18,458,2026-09-10T13:07:54Z,171809661407669,lucid_revision,n1024,1024,B2,1.0,39.433,40.894,1800.000,1800.000,1800.000,1800.000,0.880410,27.907004,0.791745,279.625954,0.125683,311.159724,312.201149,211.159724,0.683789668,0.594395640,1
pi4b8_fit_20260910_v3,pi4b8g,2,1,fit,true,11,19,459,2026-09-10T13:07:54Z,171809974651391,lucid_revision,n1024,1024,B2,1.0,40.894,39.433,1800.000,1800.000,1800.000,1800.000,0.937612,28.480160,0.754338,282.055353,0.124998,314.214334,315.256630,214.214334,0.687262638,0.602502273,1
pi4b8_fit_20260910_v3,pi4b8g,2,1,fit,true,11,20,460,2026-09-10T13:07:55Z,171810290844429,lucid_revision,n1024,1024,B2,1.0,39.433,39.920,1800.000,1800.000,1800.000,1800.000,0.879817,28.072982,0.747967,279.687211,0.123479,311.372757,312.420830,211.372757,0.684718726,0.596768386,1
pi4b8_fit_20260910_v3,pi4b8g,2,1,fit,true,11,21,461,2026-09-10T13:07:55Z,171810604255852,lucid_revision,n1024,1024,B2,1.0,39.920,40.894,1800.000,1800.000,1800.000,1800.000,0.904910,28.484937,0.788801,281.918614,0.115924,314.033300,315.040170,214.033300,0.673195063,0.585963962,1
pi4b8_fit_20260910_v3,pi4b8g,2,1,fit,true,11,22,462,2026-09-10T13:07:55Z,171810920284578,lucid_revision,n1024,1024,B2,1.0,40.894,40.407,1800.000,1800.000,1800.000,1800.000,0.887391,28.011595,0.749653,281.186331,0.127793,312.780119,313.821600,212.780119,0.685485396,0.597515535,1
pi4b8_fit_20260910_v3,pi4b8g,2,1,fit,true,11,23,463,2026-09-10T13:07:56Z,171811235047383,lucid_revision,n1024,1024,B2,1.0,40.407,40.894,1800.000,1800.000,1800.000,1800.000,0.888632,28.543936,0.753208,281.423161,0.125257,313.570846,314.614197,213.570846,0.694876215,0.612731326,1
pi4b8_fit_20260910_v3,pi4b8g,2,1,fit,true,11,24,464,2026-09-10T13:07:56Z,171811550634840,lucid_revision,n1024,1024,B2,1.0,40.894,40.407,1800.000,1800.000,1800.000,1800.000,0.889354,27.954022,0.750560,281.140796,0.122868,312.731102,313.816581,212.731102,0.673675450,0.584860590,1
pi4b8_fit_20260910_v3,pi4b8g,2,1,fit,true,11,25,465,2026-09-10T13:07:56Z,171811865421181,lucid_revision,n1024,1024,B2,1.0,40.407,40.407,1800.000,1800.000,1800.000,1800.000,0.894853,28.419513,0.751431,281.132018,0.126646,313.206779,314.256778,213.206779,0.691104974,0.606061959,1
pi4b8_fit_20260910_v3,pi4b8g,2,1,fit,true,11,26,466,2026-09-10T13:07:57Z,171812180683107,lucid_revision,n1024,1024,B2,1.0,40.407,41.381,1800.000,1800.000,1800.000,1800.000,0.911391,28.576713,0.750746,279.944225,0.126165,312.506161,313.557753,212.506161,0.690724217,0.604106757,1
pi4b8_fit_20260910_v3,pi4b8g,2,1,fit,true,11,27,467,2026-09-10T13:07:57Z,171812495185769,lucid_revision,n1024,1024,B2,1.0,41.381,40.894,1800.000,1800.000,1800.000,1800.000,0.936150,28.664489,0.752060,280.863893,0.125497,313.182871,314.227333,213.182871,0.674268834,0.587087352,1
pi4b8_fit_20260910_v3,pi4b8g,2,1,fit,true,11,28,468,2026-09-10T13:07:57Z,171812810359270,lucid_revision,n1024,1024,B2,1.0,40.894,40.894,1800.000,1800.000,1800.000,1800.000,0.886594,28.243887,0.747246,281.278312,0.115442,313.138668,314.202501,213.138668,0.683285312,0.594593849,1
pi4b8_fit_20260910_v3,pi4b8g,2,1,fit,true,11,29,469,2026-09-10T13:07:58Z,171813125514438,lucid_revision,n1024,1024,B2,1.0,40.894,39.920,1800.000,1800.000,1800.000,1800.000,0.886706,28.546566,0.744024,281.504974,0.128794,313.708158,314.812638,213.708158,0.693268072,0.611920788,1
pi4b8_fit_20260910_v3,pi4b8g,2,1,fit,true,11,30,470,2026-09-10T13:07:58Z,171813441285595,lucid_revision,n1024,1024,B2,1.0,39.920,40.407,1800.000,1800.000,1800.000,1800.000,0.883187,28.084722,0.785319,279.403735,0.125738,311.124835,312.170964,211.124835,0.676449693,0.586356636,1
pi4b8_fit_20260910_v3,pi4b8g,2,1,fit,true,11,31,471,2026-09-10T13:07:58Z,171813754403338,lucid_revision,n1024,1024,B2,1.0,40.407,40.894,1800.000,1800.000,1800.000,1800.000,0.887836,28.610084,0.742523,280.219572,0.126442,312.458736,313.508865,212.458736,0.694981888,0.608386494,1
pi4b8_fit_20260910_v3,pi4b8g,2,1,fit,true,11,32,472,2026-09-10T13:07:58Z,171814068893481,lucid_revision,n1024,1024,B2,1.0,40.894,41.868,1800.000,1800.000,1800.000,1800.000,0.908872,28.326625,0.794133,279.651786,0.126720,311.627104,312.673603,211.627104,0.684003652,0.596963312,1
pi4b8_fit_20260910_v3,pi4b8g,2,1,fit,true,11,33,473,2026-09-10T13:07:59Z,171814382508696,lucid_revision,n1024,1024,B2,1.0,41.868,40.894,1800.000,1800.000,1800.000,1800.000,0.886817,28.525863,0.752986,280.216312,0.125387,312.384812,313.435052,212.384812,0.672990903,0.586170866,1
pi4b8_fit_20260910_v3,pi4b8g,2,1,fit,true,11,34,474,2026-09-10T13:07:59Z,171814696964692,lucid_revision,n1024,1024,B2,1.0,40.894,41.381,1800.000,1800.000,1800.000,1800.000,0.903521,28.075722,0.784374,281.212609,0.116313,312.893284,313.902488,212.893284,0.682040039,0.596463833,1
pi4b8_fit_20260910_v3,pi4b8g,2,1,fit,true,11,35,475,2026-09-10T13:07:59Z,171815011818607,lucid_revision,n1024,1024,B2,1.0,41.381,41.381,1800.000,1800.000,1800.000,1800.000,1.020666,28.493493,0.755227,281.244405,0.126202,313.500810,314.545365,213.500810,0.691126133,0.608889133,1
pi4b8_fit_20260910_v3,pi4b8g,2,1,fit,true,11,36,476,2026-09-10T13:08:00Z,171815327313176,lucid_revision,n1024,1024,B2,1.0,41.381,41.868,1800.000,1800.000,1800.000,1800.000,0.945539,28.175758,0.742209,279.557991,0.126146,311.368479,312.414941,211.368479,0.686458673,0.594821161,1
pi4b8_fit_20260910_v3,pi4b8g,2,1,fit,true,11,37,477,2026-09-10T13:08:00Z,171815640719784,lucid_revision,n1024,1024,B2,1.0,41.868,41.868,1800.000,1800.000,1800.000,1800.000,0.917576,28.716304,0.762615,283.551436,0.123016,315.949080,317.018430,215.949080,0.686702808,0.599784173,1
pi4b8_fit_20260910_v3,pi4b8g,2,1,fit,true,11,38,478,2026-09-10T13:08:00Z,171815958742307,lucid_revision,n1024,1024,B2,1.0,41.868,42.355,1800.000,1800.000,1800.000,1800.000,1.506990,28.413513,0.742598,280.010150,0.125997,312.643066,313.743842,212.643066,0.686165098,0.600577382,1
pi4b8_fit_20260910_v3,pi4b8g,2,1,fit,true,11,39,479,2026-09-10T13:08:01Z,171816273489205,lucid_revision,n1024,1024,B2,1.0,42.355,41.868,1800.000,1800.000,1800.000,1800.000,0.894910,28.676360,0.750189,280.903837,0.124091,313.238352,314.282444,213.238352,0.674101733,0.585952221,1
pi4b8_fit_20260910_v3,pi4b8g,2,1,fit,true,12,0,480,2026-09-10T13:08:02Z,171817177508345,fisvdd_revision,n1,1,B2,1.0,39.433,40.894,1800.000,1800.000,1800.000,1800.000,0.970723,0.175293,0.188719,0.309550,0.074036,1.881076,100.920694,0.000000,0.000000000,0.507188753,1
pi4b8_fit_20260910_v3,pi4b8g,2,1,fit,true,12,1,481,2026-09-10T13:08:02Z,171817278787143,fisvdd_revision,n1,1,B2,1.0,40.894,39.920,1800.000,1800.000,1800.000,1800.000,0.774633,0.156664,0.226940,0.307791,0.069277,1.675377,100.959082,0.000000,0.926877556,0.501433859,1
pi4b8_fit_20260910_v3,pi4b8g,2,1,fit,true,12,2,482,2026-09-10T13:08:02Z,171817380081997,fisvdd_revision,n1,1,B2,1.0,39.920,39.920,1800.000,1800.000,1800.000,1800.000,0.791023,0.144552,0.176682,0.292921,0.066610,1.609544,100.943008,0.000000,0.992892861,0.510176077,1
pi4b8_fit_20260910_v3,pi4b8g,2,1,fit,true,12,3,483,2026-09-10T13:08:02Z,171817481324963,fisvdd_revision,n1,1,B2,1.0,39.920,39.433,1800.000,1800.000,1800.000,1800.000,0.766078,0.144812,0.174571,0.292272,0.065407,1.579471,101.103357,0.000000,0.014551116,0.492530043,1
pi4b8_fit_20260910_v3,pi4b8g,2,1,fit,true,12,4,484,2026-09-10T13:08:02Z,171817582800350,fisvdd_revision,n1,1,B2,1.0,39.433,38.946,1800.000,1800.000,1800.000,1800.000,0.781967,0.152053,0.226699,0.305013,0.068758,1.681784,100.958360,0.000000,0.938548724,0.494304978,1
pi4b8_fit_20260910_v3,pi4b8g,2,1,fit,true,12,5,485,2026-09-10T13:08:02Z,171817684103815,fisvdd_revision,n1,1,B2,1.0,38.946,38.946,1800.000,1800.000,1800.000,1800.000,0.789245,0.146793,0.176571,0.291254,0.065499,1.609822,101.113838,0.000000,0.874483651,0.503301912,1
pi4b8_fit_20260910_v3,pi4b8g,2,1,fit,true,12,6,486,2026-09-10T13:08:02Z,171817785584610,fisvdd_revision,n1,1,B2,1.0,38.946,39.433,1800.000,1800.000,1800.000,1800.000,0.831911,0.155923,0.180367,0.297532,0.069443,1.680154,100.973045,0.000000,0.871589702,0.494311678,1
pi4b8_fit_20260910_v3,pi4b8g,2,1,fit,true,12,7,487,2026-09-10T13:08:02Z,171817886872704,fisvdd_revision,n1,1,B2,1.0,39.433,39.920,1800.000,1800.000,1800.000,1800.000,0.767337,0.144757,0.549564,0.366549,0.079647,2.052518,101.044729,0.000000,0.926601920,0.492856093,1
pi4b8_fit_20260910_v3,pi4b8g,2,1,fit,true,12,8,488,2026-09-10T13:08:02Z,171817988267260,fisvdd_revision,n1,1,B2,1.0,39.920,38.946,1800.000,1800.000,1800.000,1800.000,0.809318,0.146015,0.176793,0.293958,0.066184,1.633155,100.942323,0.000000,0.087198362,0.501241723,1
pi4b8_fit_20260910_v3,pi4b8g,2,1,fit,true,12,9,489,2026-09-10T13:08:02Z,171818089507874,fisvdd_revision,n1,1,B2,1.0,38.946,38.459,1800.000,1800.000,1800.000,1800.000,0.762152,0.142331,0.177293,0.289642,0.063962,1.570971,100.940045,0.000000,0.619273760,0.488145806,1
pi4b8_fit_20260910_v3,pi4b8g,2,1,fit,true,12,10,490,2026-09-10T13:08:03Z,171818190741081,fisvdd_revision,n1,1,B2,1.0,39.920,39.433,1800.000,1800.000,1800.000,1800.000,0.762246,0.141738,0.171089,0.341808,0.066443,1.615655,100.925805,0.000000,0.000000000,0.500410188,1
pi4b8_fit_20260910_v3,pi4b8g,2,1,fit,true,12,11,491,2026-09-10T13:08:03Z,171818292054545,fisvdd_revision,n1,1,B2,1.0,39.433,39.433,1800.000,1800.000,1800.000,1800.000,0.802930,0.158016,0.180571,0.298920,0.070740,1.651822,100.945712,0.000000,0.244903196,0.488650495,1
pi4b8_fit_20260910_v3,pi4b8g,2,1,fit,true,12,12,492,2026-09-10T13:08:03Z,171818393302622,fisvdd_revision,n1,1,B2,1.0,39.433,38.946,1800.000,1800.000,1800.000,1800.000,0.761801,0.139738,0.176034,0.291902,0.066869,1.574138,100.960712,0.000000,0.958559293,0.504971612,1
pi4b8_fit_20260910_v3,pi4b8g,2,1,fit,true,12,13,493,2026-09-10T13:08:03Z,171818494571421,fisvdd_revision,n1,1,B2,1.0,38.946,38.459,1800.000,1800.000,1800.000,1800.000,0.766190,0.141090,0.177163,0.338234,0.069221,1.631470,100.938897,0.000000,0.918106272,0.490582778,1
pi4b8_fit_20260910_v3,pi4b8g,2,1,fit,true,12,14,494,2026-09-10T13:08:03Z,171818595831016,fisvdd_revision,n1,1,B2,1.0,38.459,39.433,1800.000,1800.000,1800.000,1800.000,0.823522,0.151794,0.176294,0.291976,0.068055,1.647933,100.948101,0.000000,0.874457727,0.497131742,1
pi4b8_fit_20260910_v3,pi4b8g,2,1,fit,true,12,15,495,2026-09-10T13:08:03Z,171818697074574,fisvdd_revision,n1,1,B2,1.0,38.946,39.433,1800.000,1800.000,1800.000,1800.000,0.764171,0.141979,0.173978,0.287958,0.063592,1.567583,100.958305,0.000000,0.873032601,0.488151184,1
pi4b8_fit_20260910_v3,pi4b8g,2,1,fit,true,12,16,496,2026-09-10T13:08:03Z,171818798338614,fisvdd_revision,n1,1,B2,1.0,39.433,39.920,1800.000,1800.000,1800.000,1800.000,0.767986,0.141997,0.178237,0.290346,0.066184,1.584323,100.935008,0.000000,0.939305330,0.487078823,1
pi4b8_fit_20260910_v3,pi4b8g,2,1,fit,true,12,17,497,2026-09-10T13:08:03Z,171818899571487,fisvdd_revision,n1,1,B2,1.0,39.920,39.433,1800.000,1800.000,1800.000,1800.000,0.824762,0.146849,0.176367,0.288550,0.064351,1.639359,101.085562,0.000000,0.640610455,0.489693218,1
pi4b8_fit_20260910_v3,pi4b8g,2,1,fit,true,12,18,498,2026-09-10T13:08:03Z,171819001008357,fisvdd_revision,n1,1,B2,1.0,39.433,39.433,1800.000,1800.000,1800.000,1800.000,0.778745,0.151793,0.180478,0.295032,0.065721,1.615415,101.008581,0.000000,0.229389077,0.492021064,1
pi4b8_fit_20260910_v3,pi4b8g,2,1,fit,true,12,19,499,2026-09-10T13:08:03Z,171819102349006,fisvdd_revision,n1,1,B2,1.0,39.433,39.433,1800.000,1800.000,1800.000,1800.000,0.778115,0.148053,0.178533,0.295180,0.064998,1.604137,100.942323,0.000000,0.950995720,0.491183649,1
pi4b8_fit_20260910_v3,pi4b8g,2,1,fit,true,12,20,500,2026-09-10T13:08:04Z,171819203590768,fisvdd_revision,n1,1,B2,1.0,39.433,39.433,1800.000,1800.000,1800.000,1800.000,0.824356,0.148923,0.175774,0.292032,0.065184,1.644600,100.948361,0.000000,0.000017707,0.500922187,1
pi4b8_fit_20260910_v3,pi4b8g,2,1,fit,true,12,21,501,2026-09-10T13:08:04Z,171819304896381,fisvdd_revision,n1,1,B2,1.0,39.433,38.946,1800.000,1800.000,1800.000,1800.000,0.778393,0.154590,0.183811,0.300273,0.067776,1.627007,100.950194,0.000000,0.873102772,0.492015526,1
pi4b8_fit_20260910_v3,pi4b8g,2,1,fit,true,12,22,502,2026-09-10T13:08:04Z,171819406151162,fisvdd_revision,n1,1,B2,1.0,38.946,38.459,1800.000,1800.000,1800.000,1800.000,0.762856,0.147257,0.176738,0.292569,0.066943,1.584933,100.996840,0.000000,0.005210202,0.490870168,1
pi4b8_fit_20260910_v3,pi4b8g,2,1,fit,true,12,23,503,2026-09-10T13:08:04Z,171819507477682,fisvdd_revision,n1,1,B2,1.0,38.459,38.946,1800.000,1800.000,1800.000,1800.000,0.825726,0.151145,0.181700,0.291846,0.067925,1.658580,100.991711,0.000000,0.992979573,0.492826721,1
pi4b8_fit_20260910_v3,pi4b8g,2,1,fit,true,12,24,504,2026-09-10T13:08:04Z,171819608783702,fisvdd_revision,n1,1,B2,1.0,38.946,38.946,1800.000,1800.000,1800.000,1800.000,0.777949,0.147571,0.176016,0.293995,0.064610,1.596618,100.939601,0.000000,0.000000000,0.513266345,1
pi4b8_fit_20260910_v3,pi4b8g,2,1,fit,true,12,25,505,2026-09-10T13:08:04Z,171819710029056,fisvdd_revision,n1,1,B2,1.0,38.946,39.920,1800.000,1800.000,1800.000,1800.000,0.760338,0.143239,0.176738,0.289440,0.064073,1.569175,101.047748,0.000000,0.928168465,0.488082664,1
pi4b8_fit_20260910_v3,pi4b8g,2,1,fit,true,12,26,506,2026-09-10T13:08:04Z,171819811429908,fisvdd_revision,n1,1,B2,1.0,39.920,39.433,1800.000,1800.000,1800.000,1800.000,0.817800,0.156997,0.181349,0.297921,0.071461,1.668618,100.983156,0.000000,0.873929276,0.489596832,1
pi4b8_fit_20260910_v3,pi4b8g,2,1,fit,true,12,27,507,2026-09-10T13:08:04Z,171819912717855,fisvdd_revision,n1,1,B2,1.0,39.433,38.946,1800.000,1800.000,1800.000,1800.000,0.773522,0.144997,0.174442,0.293661,0.065461,1.589970,101.098635,0.000000,0.643279437,0.499131617,1
pi4b8_fit_20260910_v3,pi4b8g,2,1,fit,true,12,28,508,2026-09-10T13:08:04Z,171820014183779,fisvdd_revision,n1,1,B2,1.0,38.946,38.946,1800.000,1800.000,1800.000,1800.000,0.789263,0.156053,0.183978,0.300198,0.068646,1.642766,101.004748,0.000000,0.874107724,0.493628648,1
pi4b8_fit_20260910_v3,pi4b8g,2,1,fit,true,12,29,509,2026-09-10T13:08:05Z,171820115518892,fisvdd_revision,n1,1,B2,1.0,38.946,39.433,1800.000,1800.000,1800.000,1800.000,0.817763,0.154442,0.180219,0.296365,0.067295,1.658691,100.988581,0.000000,0.644817909,0.487072124,1
pi4b8_fit_20260910_v3,pi4b8g,2,1,fit,true,12,30,510,2026-09-10T13:08:05Z,171820216846319,fisvdd_revision,n1,1,B2,1.0,39.433,37.972,1800.000,1800.000,1800.000,1800.000,0.789282,0.145016,0.176163,0.297754,0.066166,1.614507,100.977730,0.000000,0.927083657,0.510304553,1
pi4b8_fit_20260910_v3,pi4b8g,2,1,fit,true,12,31,511,2026-09-10T13:08:05Z,171820318185524,fisvdd_revision,n1,1,B2,1.0,37.972,38.946,1800.000,1800.000,1800.000,1800.000,0.780374,0.154275,0.183330,0.302142,0.067480,1.630322,100.960212,0.000000,0.947171775,0.510340289,1
pi4b8_fit_20260910_v3,pi4b8g,2,1,fit,true,12,32,512,2026-09-10T13:08:05Z,171820419453934,fisvdd_revision,n1,1,B2,1.0,38.946,38.946,1800.000,1800.000,1800.000,1800.000,0.816855,0.147423,0.179885,0.293272,0.064999,1.639117,100.989600,0.000000,0.936316416,0.524158028,1
pi4b8_fit_20260910_v3,pi4b8g,2,1,fit,true,12,33,513,2026-09-10T13:08:05Z,171820520754361,fisvdd_revision,n1,1,B2,1.0,38.946,38.946,1800.000,1800.000,1800.000,1800.000,0.780523,0.145571,0.177496,0.292014,0.066461,1.599915,100.998100,0.000000,0.964269586,0.550965568,1
pi4b8_fit_20260910_v3,pi4b8g,2,1,fit,true,12,34,514,2026-09-10T13:08:05Z,171820622077640,fisvdd_revision,n1,1,B2,1.0,38.946,38.946,1800.000,1800.000,1800.000,1800.000,0.775597,0.146257,0.179053,0.292643,0.065572,1.597323,100.945935,0.000000,0.989507816,0.487746637,1
pi4b8_fit_20260910_v3,pi4b8g,2,1,fit,true,12,35,515,2026-09-10T13:08:05Z,171820723322014,fisvdd_revision,n1,1,B2,1.0,38.946,38.946,1800.000,1800.000,1800.000,1800.000,0.806522,0.145479,0.173441,0.292976,0.066536,1.622192,100.977933,0.000000,0.083996826,0.502505163,1
pi4b8_fit_20260910_v3,pi4b8g,2,1,fit,true,12,36,516,2026-09-10T13:08:05Z,171820824604683,fisvdd_revision,n1,1,B2,1.0,38.946,38.459,1800.000,1800.000,1800.000,1800.000,0.779634,0.143071,0.178164,0.289068,0.065721,1.592341,101.038525,0.000000,0.917800504,0.497151985,1
pi4b8_fit_20260910_v3,pi4b8g,2,1,fit,true,12,37,517,2026-09-10T13:08:05Z,171820925989942,fisvdd_revision,n1,1,B2,1.0,38.459,37.972,1800.000,1800.000,1800.000,1800.000,0.776393,0.154534,0.180867,0.297068,0.067592,1.619266,100.984915,0.000000,0.001321060,0.486587141,1
pi4b8_fit_20260910_v3,pi4b8g,2,1,fit,true,12,38,518,2026-09-10T13:08:05Z,171821027296796,fisvdd_revision,n1,1,B2,1.0,37.972,38.459,1800.000,1800.000,1800.000,1800.000,0.812818,0.153552,0.179145,0.295365,0.067906,1.650210,101.013692,0.000000,0.998813841,0.508825989,1
pi4b8_fit_20260910_v3,pi4b8g,2,1,fit,true,12,39,519,2026-09-10T13:08:06Z,171821128630389,fisvdd_revision,n1,1,B2,1.0,38.459,37.972,1800.000,1800.000,1800.000,1800.000,0.784078,0.147294,0.176830,0.292772,0.065591,1.604397,100.988267,0.000000,0.168027705,0.496214028,1
pi4b8_fit_20260910_v3,pi4b8g,2,1,fit,true,13,0,520,2026-09-10T13:08:06Z,171821866326912,oi_svdd_as_elm_revision,n64,64,B2,1.0,37.972,39.920,1800.000,1800.000,1800.000,1800.000,0.994112,1.864188,0.254403,4.413085,0.082072,7.844559,101.059469,0.000000,0.747438701,0.700226654,1
pi4b8_fit_20260910_v3,pi4b8g,2,1,fit,true,13,1,521,2026-09-10T13:08:06Z,171821967762041,oi_svdd_as_elm_revision,n64,64,B2,1.0,39.920,39.433,1800.000,1800.000,1800.000,1800.000,0.846688,1.831541,0.248995,4.420474,0.083017,7.662229,101.079524,0.000000,0.731649538,0.692838435,1
pi4b8_fit_20260910_v3,pi4b8g,2,1,fit,true,13,2,522,2026-09-10T13:08:06Z,171822069217725,oi_svdd_as_elm_revision,n64,64,B2,1.0,39.433,38.459,1800.000,1800.000,1800.000,1800.000,0.780634,1.845059,0.252922,4.393493,0.080388,7.624970,101.061228,0.000000,0.634956370,0.573282597,1
pi4b8_fit_20260910_v3,pi4b8g,2,1,fit,true,13,3,523,2026-09-10T13:08:07Z,171822170644835,oi_svdd_as_elm_revision,n64,64,B2,1.0,38.459,38.946,1800.000,1800.000,1800.000,1800.000,0.790727,1.879687,0.251625,4.410475,0.081295,7.649804,100.934953,0.000000,0.709371323,0.662239044,1
pi4b8_fit_20260910_v3,pi4b8g,2,1,fit,true,13,4,524,2026-09-10T13:08:07Z,171822271991725,oi_svdd_as_elm_revision,n64,64,B2,1.0,38.946,38.459,1800.000,1800.000,1800.000,1800.000,0.802225,1.827818,0.252699,4.411549,0.080461,7.651526,101.061655,0.000000,0.658401148,0.625439290,1
pi4b8_fit_20260910_v3,pi4b8g,2,1,fit,true,13,5,525,2026-09-10T13:08:07Z,171822373461335,oi_svdd_as_elm_revision,n64,64,B2,1.0,38.459,37.972,1800.000,1800.000,1800.000,1800.000,0.791430,1.884151,0.251347,4.407622,0.080943,7.657525,101.058340,0.000000,0.705301045,0.598309658,1
pi4b8_fit_20260910_v3,pi4b8g,2,1,fit,true,13,6,526,2026-09-10T13:08:07Z,171822474889353,oi_svdd_as_elm_revision,n64,64,B2,1.0,37.972,38.459,1800.000,1800.000,1800.000,1800.000,0.783782,1.852318,0.251866,4.399641,0.083091,7.608304,101.052543,0.000000,0.667662621,0.612757780,1
pi4b8_fit_20260910_v3,pi4b8g,2,1,fit,true,13,7,527,2026-09-10T13:08:07Z,171822576346519,oi_svdd_as_elm_revision,n64,64,B2,1.0,38.459,38.459,1800.000,1800.000,1800.000,1800.000,0.799263,1.829651,0.249902,4.419271,0.082480,7.613767,101.057524,0.000000,0.698676763,0.629919580,1
pi4b8_fit_20260910_v3,pi4b8g,2,1,fit,true,13,8,528,2026-09-10T13:08:07Z,171822677774592,oi_svdd_as_elm_revision,n64,64,B2,1.0,38.459,38.946,1800.000,1800.000,1800.000,1800.000,0.776671,1.902446,0.247366,4.395604,0.079888,7.637359,101.059729,0.000000,0.652162419,0.645895310,1
pi4b8_fit_20260910_v3,pi4b8g,2,1,fit,true,13,9,529,2026-09-10T13:08:07Z,171822779203092,oi_svdd_as_elm_revision,n64,64,B2,1.0,38.946,38.946,1800.000,1800.000,1800.000,1800.000,0.821299,1.828466,0.253440,4.411826,0.080943,7.631303,101.090802,0.000000,0.733035983,0.657524910,1
pi4b8_fit_20260910_v3,pi4b8g,2,1,fit,true,13,10,530,2026-09-10T13:08:07Z,171822880674516,oi_svdd_as_elm_revision,n64,64,B2,1.0,38.946,38.946,1800.000,1800.000,1800.000,1800.000,0.786578,1.821762,0.251422,4.678728,0.084091,7.857096,101.055692,0.000000,0.616229370,0.550576833,1
pi4b8_fit_20260910_v3,pi4b8g,2,1,fit,true,13,11,531,2026-09-10T13:08:07Z,171822982108127,oi_svdd_as_elm_revision,n64,64,B2,1.0,38.946,38.946,1800.000,1800.000,1800.000,1800.000,0.785133,1.878650,0.244533,4.412197,0.080388,7.639062,101.057302,0.000000,0.653533992,0.648122560,1
pi4b8_fit_20260910_v3,pi4b8g,2,1,fit,true,13,12,532,2026-09-10T13:08:07Z,171823083537756,oi_svdd_as_elm_revision,n64,64,B2,1.0,38.946,38.459,1800.000,1800.000,1800.000,1800.000,0.827133,1.826725,0.252254,4.408641,0.081461,7.634192,101.084598,0.000000,0.663812784,0.622947124,1
pi4b8_fit_20260910_v3,pi4b8g,2,1,fit,true,13,13,533,2026-09-10T13:08:08Z,171823184992347,oi_svdd_as_elm_revision,n64,64,B2,1.0,38.459,38.459,1800.000,1800.000,1800.000,1800.000,0.782208,1.815633,0.286921,4.399086,0.081832,7.596693,100.905676,0.000000,0.713960683,0.688448879,1
pi4b8_fit_20260910_v3,pi4b8g,2,1,fit,true,13,14,534,2026-09-10T13:08:08Z,171823286306182,oi_svdd_as_elm_revision,n64,64,B2,1.0,38.459,38.946,1800.000,1800.000,1800.000,1800.000,0.790245,1.890799,0.250736,4.414215,0.081980,7.665525,101.060840,0.000000,0.732454162,0.710689774,1
pi4b8_fit_20260910_v3,pi4b8g,2,1,fit,true,13,15,535,2026-09-10T13:08:08Z,171823387744181,oi_svdd_as_elm_revision,n64,64,B2,1.0,38.946,38.459,1800.000,1800.000,1800.000,1800.000,0.869410,1.835022,0.251755,4.420863,0.082794,7.694544,101.085580,0.000000,0.643842099,0.554500259,1
pi4b8_fit_20260910_v3,pi4b8g,2,1,fit,true,13,16,536,2026-09-10T13:08:08Z,171823489199273,oi_svdd_as_elm_revision,n64,64,B2,1.0,38.459,38.459,1800.000,1800.000,1800.000,1800.000,0.786541,1.823837,0.251811,4.389827,0.081776,7.604415,101.053932,0.000000,0.704353855,0.651084397,1
pi4b8_fit_20260910_v3,pi4b8g,2,1,fit,true,13,17,537,2026-09-10T13:08:08Z,171823590633421,oi_svdd_as_elm_revision,n64,64,B2,1.0,38.459,38.946,1800.000,1800.000,1800.000,1800.000,0.785430,1.878299,0.247144,4.409270,0.082795,7.641433,101.060580,0.000000,0.773616151,0.771842932,1
pi4b8_fit_20260910_v3,pi4b8g,2,1,fit,true,13,18,538,2026-09-10T13:08:08Z,171823692096234,oi_svdd_as_elm_revision,n64,64,B2,1.0,38.946,38.459,1800.000,1800.000,1800.000,1800.000,0.802374,1.861317,0.250514,4.411826,0.081369,7.643952,101.066673,0.000000,0.715511343,0.651543525,1
pi4b8_fit_20260910_v3,pi4b8g,2,1,fit,true,13,19,539,2026-09-10T13:08:08Z,171823793529585,oi_svdd_as_elm_revision,n64,64,B2,1.0,38.459,38.946,1800.000,1800.000,1800.000,1800.000,0.787633,1.866206,0.251625,4.402049,0.082184,7.627137,101.067840,0.000000,0.662008503,0.579775237,1
pi4b8_fit_20260910_v3,pi4b8g,2,1,fit,true,13,20,540,2026-09-10T13:08:08Z,171823895025306,oi_svdd_as_elm_revision,n64,64,B2,1.0,38.946,38.459,1800.000,1800.000,1800.000,1800.000,0.793856,1.903354,0.250440,4.424178,0.081702,7.694339,101.094283,0.000000,0.708095698,0.664242450,1
pi4b8_fit_20260910_v3,pi4b8g,2,1,fit,true,13,21,541,2026-09-10T13:08:08Z,171823996501897,oi_svdd_as_elm_revision,n64,64,B2,1.0,38.459,39.433,1800.000,1800.000,1800.000,1800.000,0.809986,1.839910,0.249773,4.433103,0.082573,7.648914,101.064265,0.000000,0.679039510,0.645003077,1
pi4b8_fit_20260910_v3,pi4b8g,2,1,fit,true,13,22,542,2026-09-10T13:08:08Z,171824097960525,oi_svdd_as_elm_revision,n64,64,B2,1.0,39.433,38.459,1800.000,1800.000,1800.000,1800.000,0.784541,1.873688,0.249532,4.400234,0.083610,7.627767,101.050877,0.000000,0.785152128,0.751082976,1
pi4b8_fit_20260910_v3,pi4b8g,2,1,fit,true,13,23,543,2026-09-10T13:08:09Z,171824199387858,oi_svdd_as_elm_revision,n64,64,B2,1.0,38.459,38.459,1800.000,1800.000,1800.000,1800.000,0.840226,1.839133,0.245996,4.418993,0.081683,7.661100,100.950527,0.000000,0.673646499,0.651593544,1
pi4b8_fit_20260910_v3,pi4b8g,2,1,fit,true,13,24,544,2026-09-10T13:08:09Z,171824300747544,oi_svdd_as_elm_revision,n64,64,B2,1.0,38.459,39.433,1800.000,1800.000,1800.000,1800.000,0.792096,1.845503,0.250847,4.447770,0.082832,7.656248,101.051284,0.000000,0.642136875,0.639954091,1
pi4b8_fit_20260910_v3,pi4b8g,2,1,fit,true,13,25,545,2026-09-10T13:08:09Z,171824402172044,oi_svdd_as_elm_revision,n64,64,B2,1.0,39.433,38.946,1800.000,1800.000,1800.000,1800.000,0.792133,1.892983,0.247477,4.409919,0.081591,7.662488,101.055580,0.000000,0.731691826,0.697963792,1
pi4b8_fit_20260910_v3,pi4b8g,2,1,fit,true,13,26,546,2026-09-10T13:08:09Z,171824503597006,oi_svdd_as_elm_revision,n64,64,B2,1.0,38.459,39.433,1800.000,1800.000,1800.000,1800.000,0.840151,1.828392,0.249217,4.406567,0.082128,7.640285,101.101598,0.000000,0.628759337,0.573696980,1
pi4b8_fit_20260910_v3,pi4b8g,2,1,fit,true,13,27,547,2026-09-10T13:08:09Z,171824605080560,oi_svdd_as_elm_revision,n64,64,B2,1.0,39.433,38.946,1800.000,1800.000,1800.000,1800.000,0.787097,1.822559,0.289328,4.401030,0.086925,7.620878,101.064821,0.000000,0.651848163,0.570539936,1
pi4b8_fit_20260910_v3,pi4b8g,2,1,fit,true,13,28,548,2026-09-10T13:08:09Z,171824706515134,oi_svdd_as_elm_revision,n64,64,B2,1.0,38.946,38.946,1800.000,1800.000,1800.000,1800.000,0.784170,1.881021,0.252884,4.403566,0.081332,7.638766,101.055784,0.000000,0.619620939,0.578702629,1
pi4b8_fit_20260910_v3,pi4b8g,2,1,fit,true,13,29,549,2026-09-10T13:08:09Z,171824807953096,oi_svdd_as_elm_revision,n64,64,B2,1.0,38.946,37.972,1800.000,1800.000,1800.000,1800.000,0.844429,1.830115,0.251218,4.418363,0.082887,7.662173,101.059432,0.000000,0.683593368,0.663503492,1
pi4b8_fit_20260910_v3,pi4b8g,2,1,fit,true,13,30,550,2026-09-10T13:08:09Z,171824909391058,oi_svdd_as_elm_revision,n64,64,B2,1.0,37.972,37.485,1800.000,1800.000,1800.000,1800.000,0.786541,2.048518,0.262810,4.417141,0.081406,7.865966,101.046321,0.000000,0.650148936,0.623698249,1
pi4b8_fit_20260910_v3,pi4b8g,2,1,fit,true,13,31,551,2026-09-10T13:08:09Z,171825010823298,oi_svdd_as_elm_revision,n64,64,B2,1.0,37.485,39.433,1800.000,1800.000,1800.000,1800.000,0.783763,1.885521,0.249310,4.424808,0.081851,7.663081,101.055247,0.000000,0.729072555,0.700007159,1
pi4b8_fit_20260910_v3,pi4b8g,2,1,fit,true,13,32,552,2026-09-10T13:08:10Z,171825112287427,oi_svdd_as_elm_revision,n64,64,B2,1.0,39.433,38.459,1800.000,1800.000,1800.000,1800.000,0.810225,1.823281,0.250551,4.419012,0.081536,7.622785,101.054969,0.000000,0.715918129,0.605057115,1
pi4b8_fit_20260910_v3,pi4b8g,2,1,fit,true,13,33,553,2026-09-10T13:08:10Z,171825213710593,oi_svdd_as_elm_revision,n64,64,B2,1.0,38.459,38.459,1800.000,1800.000,1800.000,1800.000,0.778560,1.879873,0.247366,4.408826,0.082647,7.629711,100.980767,0.000000,0.724529402,0.679711646,1
pi4b8_fit_20260910_v3,pi4b8g,2,1,fit,true,13,34,554,2026-09-10T13:08:10Z,171825315132629,oi_svdd_as_elm_revision,n64,64,B2,1.0,38.459,37.485,1800.000,1800.000,1800.000,1800.000,0.802281,1.876039,0.255440,4.424270,0.083239,7.676581,101.084506,0.000000,0.717366052,0.621072796,1
pi4b8_fit_20260910_v3,pi4b8g,2,1,fit,true,13,35,555,2026-09-10T13:08:10Z,171825416592851,oi_svdd_as_elm_revision,n64,64,B2,1.0,37.485,38.459,1800.000,1800.000,1800.000,1800.000,0.795948,1.828781,0.245773,4.436233,0.080702,7.627600,101.063376,0.000000,0.699029015,0.638046334,1
pi4b8_fit_20260910_v3,pi4b8g,2,1,fit,true,13,36,556,2026-09-10T13:08:10Z,171825518025054,oi_svdd_as_elm_revision,n64,64,B2,1.0,38.459,38.946,1800.000,1800.000,1800.000,1800.000,0.786818,1.888058,0.247532,4.402530,0.083554,7.648414,101.068765,0.000000,0.581442615,0.537431825,1
pi4b8_fit_20260910_v3,pi4b8g,2,1,fit,true,13,37,557,2026-09-10T13:08:10Z,171825619465349,oi_svdd_as_elm_revision,n64,64,B2,1.0,38.946,38.946,1800.000,1800.000,1800.000,1800.000,0.836947,1.810041,0.251644,4.416363,0.082794,7.630322,101.091876,0.000000,0.706110076,0.616678764,1
pi4b8_fit_20260910_v3,pi4b8g,2,1,fit,true,13,38,558,2026-09-10T13:08:10Z,171825720932366,oi_svdd_as_elm_revision,n64,64,B2,1.0,38.946,38.459,1800.000,1800.000,1800.000,1800.000,0.793875,1.828873,0.248051,4.429622,0.085202,7.618175,101.057970,0.000000,0.761052891,0.723736178,1
pi4b8_fit_20260910_v3,pi4b8g,2,1,fit,true,13,39,559,2026-09-10T13:08:10Z,171825822368625,oi_svdd_as_elm_revision,n64,64,B2,1.0,38.459,39.433,1800.000,1800.000,1800.000,1800.000,0.781671,2.059165,0.252977,4.425807,0.083684,7.844392,101.059080,0.000000,0.571073882,0.527916312,1
pi4b8_fit_20260910_v3,pi4b8g,2,1,fit,true,14,0,560,2026-09-10T13:08:11Z,171826555010592,tinydl_revision,n1,1,B1,0.5,37.972,38.459,1800.000,1800.000,1800.000,1800.000,0.995482,0.178774,0.188071,0.182867,0.076313,1.781264,100.960657,0.000000,0.935525109,0.999996174,1
pi4b8_fit_20260910_v3,pi4b8g,2,1,fit,true,14,1,561,2026-09-10T13:08:11Z,171826656330001,tinydl_revision,n1,1,B1,0.5,38.459,37.972,1800.000,1800.000,1800.000,1800.000,0.798318,0.151553,0.176626,0.175404,0.067240,1.510695,100.934490,0.000000,0.231484498,0.000017179,1
pi4b8_fit_20260910_v3,pi4b8g,2,1,fit,true,14,2,562,2026-09-10T13:08:11Z,171826757572467,tinydl_revision,n1,1,B1,0.5,37.972,37.972,1800.000,1800.000,1800.000,1800.000,0.791708,0.143979,0.175886,0.174182,0.065128,1.487991,100.938583,0.000000,0.925489783,0.999978153,1
pi4b8_fit_20260910_v3,pi4b8g,2,1,fit,true,14,3,563,2026-09-10T13:08:11Z,171826858815470,tinydl_revision,n1,1,B1,0.5,37.972,37.485,1800.000,1800.000,1800.000,1800.000,0.759115,0.143924,0.173423,0.331660,0.075462,1.621822,101.012174,0.000000,0.831781146,0.006256452,1
pi4b8_fit_20260910_v3,pi4b8g,2,1,fit,true,14,4,564,2026-09-10T13:08:11Z,171826960192489,tinydl_revision,n1,1,B1,0.5,37.485,37.485,1800.000,1800.000,1800.000,1800.000,0.796115,0.150497,0.180219,0.177052,0.068351,1.513491,100.929509,0.000000,0.991240692,0.973948397,1
pi4b8_fit_20260910_v3,pi4b8g,2,1,fit,true,14,5,565,2026-09-10T13:08:11Z,171827061431159,tinydl_revision,n1,1,B1,0.5,37.485,37.485,1800.000,1800.000,1800.000,1800.000,0.767967,0.145516,0.177570,0.173516,0.066592,1.466065,100.932545,0.000000,0.927625224,0.999986046,1
pi4b8_fit_20260910_v3,pi4b8g,2,1,fit,true,14,6,566,2026-09-10T13:08:12Z,171827162669032,tinydl_revision,n1,1,B1,0.5,37.485,38.459,1800.000,1800.000,1800.000,1800.000,0.765801,0.143053,0.173719,0.231940,0.071813,1.522324,100.909676,0.000000,0.085929802,0.000215598,1
pi4b8_fit_20260910_v3,pi4b8g,2,1,fit,true,14,7,567,2026-09-10T13:08:12Z,171827263933238,tinydl_revision,n1,1,B1,0.5,38.459,37.972,1800.000,1800.000,1800.000,1800.000,0.857965,0.165515,0.181793,0.178182,0.069795,1.595230,100.966249,0.000000,0.228641594,0.000007140,1
pi4b8_fit_20260910_v3,pi4b8g,2,1,fit,true,14,8,568,2026-09-10T13:08:12Z,171827365211203,tinydl_revision,n1,1,B1,0.5,37.972,37.972,1800.000,1800.000,1800.000,1800.000,0.771967,0.150367,0.175737,0.177719,0.066055,1.481547,100.939916,0.000000,0.873887720,0.894794670,1
pi4b8_fit_20260910_v3,pi4b8g,2,1,fit,true,14,9,569,2026-09-10T13:08:12Z,171827466487520,tinydl_revision,n1,1,B1,0.5,37.972,37.972,1800.000,1800.000,1800.000,1800.000,0.787689,0.152330,0.177626,0.175293,0.067610,1.498139,101.128524,0.000000,0.640063523,0.920884361,1
pi4b8_fit_20260910_v3,pi4b8g,2,1,fit,true,14,10,570,2026-09-10T13:08:12Z,171827567996870,tinydl_revision,n1,1,B1,0.5,37.972,36.998,1800.000,1800.000,1800.000,1800.000,0.820355,0.164960,0.184459,0.179349,0.072536,1.598304,100.949934,0.000000,0.149164436,0.000164562,1
pi4b8_fit_20260910_v3,pi4b8g,2,1,fit,true,14,11,571,2026-09-10T13:08:12Z,171827669264502,tinydl_revision,n1,1,B1,0.5,36.998,38.946,1800.000,1800.000,1800.000,1800.000,0.777541,0.150053,0.172738,0.175219,0.066962,1.480362,100.932861,0.000000,0.222364590,0.000052100,1
pi4b8_fit_20260910_v3,pi4b8g,2,1,fit,true,14,12,572,2026-09-10T13:08:12Z,171827770503283,tinydl_revision,n1,1,B1,0.5,38.946,37.485,1800.000,1800.000,1800.000,1800.000,0.762227,0.147627,0.176182,0.172664,0.066184,1.462473,100.930046,0.000000,0.000000004,0.000000008,1
pi4b8_fit_20260910_v3,pi4b8g,2,1,fit,true,14,13,573,2026-09-10T13:08:12Z,171827871739008,tinydl_revision,n1,1,B1,0.5,37.485,36.998,1800.000,1800.000,1800.000,1800.000,0.834281,0.152108,0.173201,0.173219,0.067832,1.538287,101.006119,0.000000,0.296065518,0.998322324,1
pi4b8_fit_20260910_v3,pi4b8g,2,1,fit,true,14,14,574,2026-09-10T13:08:12Z,171827973072361,tinydl_revision,n1,1,B1,0.5,36.998,37.485,1800.000,1800.000,1800.000,1800.000,0.769523,0.149905,0.175404,0.174052,0.069018,1.477529,100.931065,0.000000,0.015486644,0.000020060,1
pi4b8_fit_20260910_v3,pi4b8g,2,1,fit,true,14,15,575,2026-09-10T13:08:12Z,171828074315401,tinydl_revision,n1,1,B1,0.5,37.485,38.946,1800.000,1800.000,1800.000,1800.000,0.772616,0.148719,0.177941,0.176423,0.066350,1.480084,100.928657,0.000000,0.990906711,0.000309196,1
pi4b8_fit_20260910_v3,pi4b8g,2,1,fit,true,14,16,576,2026-09-10T13:08:13Z,171828175546552,tinydl_revision,n1,1,B1,0.5,38.946,37.972,1800.000,1800.000,1800.000,1800.000,0.813392,0.151572,0.173719,0.173404,0.068573,1.515935,100.942601,0.000000,0.873890188,0.788848144,1
pi4b8_fit_20260910_v3,pi4b8g,2,1,fit,true,14,17,577,2026-09-10T13:08:13Z,171828276845480,tinydl_revision,n1,1,B1,0.5,37.972,37.972,1800.000,1800.000,1800.000,1800.000,0.788856,0.159145,0.182626,0.179053,0.069184,1.518065,100.951101,0.000000,0.917877043,0.999894725,1
pi4b8_fit_20260910_v3,pi4b8g,2,1,fit,true,14,18,578,2026-09-10T13:08:13Z,171828378107279,tinydl_revision,n1,1,B1,0.5,37.972,37.972,1800.000,1800.000,1800.000,1800.000,0.778689,0.146034,0.175108,0.174886,0.067165,1.476973,100.945379,0.000000,0.092540319,0.000208960,1
pi4b8_fit_20260910_v3,pi4b8g,2,1,fit,true,14,19,579,2026-09-10T13:08:13Z,171828479362337,tinydl_revision,n1,1,B1,0.5,37.972,37.972,1800.000,1800.000,1800.000,1800.000,0.811800,0.154571,0.177644,0.176145,0.070351,1.529528,100.972508,0.000000,0.999986901,0.999766992,1
pi4b8_fit_20260910_v3,pi4b8g,2,1,fit,true,14,20,580,2026-09-10T13:08:13Z,171828580651358,tinydl_revision,n1,1,B1,0.5,37.972,37.972,1800.000,1800.000,1800.000,1800.000,0.775838,0.148016,0.176071,0.173071,0.067573,1.478213,100.921972,0.000000,0.999986861,0.999967554,1
pi4b8_fit_20260910_v3,pi4b8g,2,1,fit,true,14,21,581,2026-09-10T13:08:13Z,171828681877768,tinydl_revision,n1,1,B1,0.5,37.972,36.998,1800.000,1800.000,1800.000,1800.000,0.770708,0.145293,0.174459,0.174238,0.064851,1.466844,100.920861,0.000000,0.927425970,0.999998026,1
pi4b8_fit_20260910_v3,pi4b8g,2,1,fit,true,14,22,582,2026-09-10T13:08:13Z,171828783103920,tinydl_revision,n1,1,B1,0.5,36.998,37.485,1800.000,1800.000,1800.000,1800.000,0.760597,0.194181,0.174867,0.170682,0.067091,1.505435,101.066024,0.000000,0.222270417,0.000257727,1
pi4b8_fit_20260910_v3,pi4b8g,2,1,fit,true,14,23,583,2026-09-10T13:08:13Z,171828884508771,tinydl_revision,n1,1,B1,0.5,37.485,36.998,1800.000,1800.000,1800.000,1800.000,0.819411,0.151016,0.177756,0.175145,0.066424,1.527491,100.926861,0.000000,0.999994761,0.999968670,1
pi4b8_fit_20260910_v3,pi4b8g,2,1,fit,true,14,24,584,2026-09-10T13:08:13Z,171828985740663,tinydl_revision,n1,1,B1,0.5,36.998,37.485,1800.000,1800.000,1800.000,1800.000,0.764116,0.146312,0.171663,0.173904,0.066702,1.458862,100.966916,0.000000,0.000000006,0.000000087,1
pi4b8_fit_20260910_v3,pi4b8g,2,1,fit,true,14,25,585,2026-09-10T13:08:13Z,171829087063017,tinydl_revision,n1,1,B1,0.5,37.485,36.998,1800.000,1800.000,1800.000,1800.000,0.783041,0.198403,0.179793,0.174108,0.068591,1.547193,100.931860,0.000000,0.831659338,0.007629708,1
pi4b8_fit_20260910_v3,pi4b8g,2,1,fit,true,14,26,586,2026-09-10T13:08:14Z,171829188327834,tinydl_revision,n1,1,B1,0.5,36.998,37.972,1800.000,1800.000,1800.000,1800.000,0.789634,0.147145,0.174774,0.173515,0.066592,1.489084,100.909453,0.000000,0.000000000,0.000000000,1
pi4b8_fit_20260910_v3,pi4b8g,2,1,fit,true,14,27,587,2026-09-10T13:08:14Z,171829289600744,tinydl_revision,n1,1,B1,0.5,37.972,36.511,1800.000,1800.000,1800.000,1800.000,0.770708,0.159609,0.181107,0.178237,0.073758,1.506194,100.941453,0.000000,0.137437001,0.000005185,1
pi4b8_fit_20260910_v3,pi4b8g,2,1,fit,true,14,28,588,2026-09-10T13:08:14Z,171829390853654,tinydl_revision,n1,1,B1,0.5,36.511,36.998,1800.000,1800.000,1800.000,1800.000,0.768893,0.148109,0.222070,0.176960,0.069665,1.521879,100.928045,0.000000,0.874379747,0.781457790,1
pi4b8_fit_20260910_v3,pi4b8g,2,1,fit,true,14,29,589,2026-09-10T13:08:14Z,171829492119082,tinydl_revision,n1,1,B1,0.5,36.998,37.485,1800.000,1800.000,1800.000,1800.000,0.785190,0.149515,0.172682,0.172441,0.065370,1.482158,100.933861,0.000000,0.936618349,0.999998510,1
pi4b8_fit_20260910_v3,pi4b8g,2,1,fit,true,14,30,590,2026-09-10T13:08:14Z,171829593361807,tinydl_revision,n1,1,B1,0.5,37.485,36.998,1800.000,1800.000,1800.000,1800.000,0.764838,0.145793,0.176275,0.179108,0.065647,1.470121,100.924157,0.000000,0.917800504,0.999997745,1
pi4b8_fit_20260910_v3,pi4b8g,2,1,fit,true,14,31,591,2026-09-10T13:08:14Z,171829694586033,tinydl_revision,n1,1,B1,0.5,36.998,36.998,1800.000,1800.000,1800.000,1800.000,0.766023,0.142071,0.173664,0.172719,0.113387,1.503528,100.936638,0.000000,0.917953518,0.999788388,1
pi4b8_fit_20260910_v3,pi4b8g,2,1,fit,true,14,32,592,2026-09-10T13:08:14Z,171829795835128,tinydl_revision,n1,1,B1,0.5,36.998,37.972,1800.000,1800.000,1800.000,1800.000,0.812059,0.149441,0.177293,0.174015,0.065628,1.516379,101.060358,0.000000,0.909751085,0.999889200,1
pi4b8_fit_20260910_v3,pi4b8g,2,1,fit,true,14,33,593,2026-09-10T13:08:14Z,171829897221684,tinydl_revision,n1,1,B1,0.5,37.972,37.485,1800.000,1800.000,1800.000,1800.000,0.762949,0.151830,0.174256,0.176626,0.066424,1.470973,100.915287,0.000000,0.000000000,0.000000000,1
pi4b8_fit_20260910_v3,pi4b8g,2,1,fit,true,14,34,594,2026-09-10T13:08:14Z,171829998445298,tinydl_revision,n1,1,B1,0.5,37.485,36.998,1800.000,1800.000,1800.000,1800.000,0.767431,0.140609,0.170996,0.171589,0.067147,1.451936,100.961008,0.000000,0.000126344,0.000000046,1
pi4b8_fit_20260910_v3,pi4b8g,2,1,fit,true,14,35,595,2026-09-10T13:08:14Z,171830099727245,tinydl_revision,n1,1,B1,0.5,36.998,38.459,1800.000,1800.000,1800.000,1800.000,0.822077,0.154441,0.178108,0.175238,0.067906,1.534305,101.066617,0.000000,0.874798369,0.218764547,1
pi4b8_fit_20260910_v3,pi4b8g,2,1,fit,true,14,36,596,2026-09-10T13:08:15Z,171830201155207,tinydl_revision,n1,1,B1,0.5,37.972,37.972,1800.000,1800.000,1800.000,1800.000,0.782263,0.151645,0.181848,0.177608,0.067869,1.505565,101.022711,0.000000,0.999990573,0.966746667,1
pi4b8_fit_20260910_v3,pi4b8g,2,1,fit,true,14,37,597,2026-09-10T13:08:15Z,171830302558003,tinydl_revision,n1,1,B1,0.5,37.972,37.485,1800.000,1800.000,1800.000,1800.000,0.793929,0.162608,0.181737,0.178386,0.074350,1.569805,101.128728,0.000000,0.872791823,0.928015793,1
pi4b8_fit_20260910_v3,pi4b8g,2,1,fit,true,14,38,598,2026-09-10T13:08:15Z,171830404093668,tinydl_revision,n1,1,B1,0.5,37.485,37.485,1800.000,1800.000,1800.000,1800.000,0.815948,0.162868,0.184460,0.180978,0.070239,1.560341,101.516368,0.000000,0.046048075,0.000005822,1
pi4b8_fit_20260910_v3,pi4b8g,2,1,fit,true,14,39,599,2026-09-10T13:08:15Z,171830506099804,tinydl_revision,n1,1,B1,0.5,37.485,38.946,1800.000,1800.000,1800.000,1800.000,1.214478,0.239810,0.222070,0.294588,0.109498,2.287884,101.509276,0.000000,0.628485445,0.978445024,1
pi4b8_fit_20260910_v3,pi4b8g,2,1,fit,true,15,0,600,2026-09-10T13:08:16Z,171831199412942,tinydl_revision,n512,512,B1,0.5,37.485,37.972,1800.000,1800.000,1800.000,1800.000,1.050277,13.998982,0.540990,6.673728,0.100035,23.328847,100.967156,0.000000,0.699861170,0.659185639,1
pi4b8_fit_20260910_v3,pi4b8g,2,1,fit,true,15,1,601,2026-09-10T13:08:16Z,171831301084270,tinydl_revision,n512,512,B1,0.5,37.485,37.972,1800.000,1800.000,1800.000,1800.000,0.837892,13.893948,0.546601,6.657988,0.099757,23.042816,101.082432,0.000000,0.682348779,0.676915631,1
pi4b8_fit_20260910_v3,pi4b8g,2,1,fit,true,15,2,602,2026-09-10T13:08:16Z,171831402834578,tinydl_revision,n512,512,B1,0.5,37.972,36.998,1800.000,1800.000,1800.000,1800.000,0.838059,13.967613,0.544286,6.678321,0.099109,23.088056,101.072747,0.000000,0.685382198,0.651747431,1
pi4b8_fit_20260910_v3,pi4b8g,2,1,fit,true,15,3,603,2026-09-10T13:08:16Z,171831504605683,tinydl_revision,n512,512,B1,0.5,36.998,36.511,1800.000,1800.000,1800.000,1800.000,0.853262,13.993630,0.541064,6.658692,0.098517,23.162813,101.071895,0.000000,0.696066236,0.675621098,1
pi4b8_fit_20260910_v3,pi4b8g,2,1,fit,true,15,4,604,2026-09-10T13:08:16Z,171831606348380,tinydl_revision,n512,512,B1,0.5,36.511,37.972,1800.000,1800.000,1800.000,1800.000,0.838763,13.999982,0.539509,6.673284,0.098498,23.115074,101.066228,0.000000,0.674433485,0.643648627,1
pi4b8_fit_20260910_v3,pi4b8g,2,1,fit,true,15,5,605,2026-09-10T13:08:16Z,171831708141521,tinydl_revision,n512,512,B1,0.5,37.972,37.972,1800.000,1800.000,1800.000,1800.000,0.862188,13.947835,0.586952,6.640415,0.098332,23.073852,101.073654,0.000000,0.674104184,0.639450102,1
pi4b8_fit_20260910_v3,pi4b8g,2,1,fit,true,15,6,606,2026-09-10T13:08:16Z,171831809887292,tinydl_revision,n512,512,B1,0.5,37.972,36.998,1800.000,1800.000,1800.000,1800.000,0.834948,13.930262,0.543841,6.673766,0.098721,23.045927,101.076099,0.000000,0.680638960,0.629198578,1
pi4b8_fit_20260910_v3,pi4b8g,2,1,fit,true,15,7,607,2026-09-10T13:08:16Z,171831911621730,tinydl_revision,n512,512,B1,0.5,36.998,37.972,1800.000,1800.000,1800.000,1800.000,0.906576,13.955502,0.541842,6.657304,0.097054,23.102648,101.133950,0.000000,0.685931665,0.638383993,1
pi4b8_fit_20260910_v3,pi4b8g,2,1,fit,true,15,8,608,2026-09-10T13:08:16Z,171832013480426,tinydl_revision,n512,512,B1,0.5,37.972,37.485,1800.000,1800.000,1800.000,1800.000,0.872021,14.042389,0.576822,6.684025,0.097776,23.237312,101.085246,0.000000,0.695738775,0.671544113,1
pi4b8_fit_20260910_v3,pi4b8g,2,1,fit,true,15,9,609,2026-09-10T13:08:17Z,171832115253363,tinydl_revision,n512,512,B1,0.5,37.485,37.972,1800.000,1800.000,1800.000,1800.000,0.894446,13.961242,0.546619,6.662599,0.097480,23.097667,101.089950,0.000000,0.690797368,0.665691679,1
pi4b8_fit_20260910_v3,pi4b8g,2,1,fit,true,15,10,610,2026-09-10T13:08:17Z,171832217022727,tinydl_revision,n512,512,B1,0.5,37.972,36.998,1800.000,1800.000,1800.000,1800.000,0.852522,13.842541,0.542398,6.662285,0.114757,23.024834,100.925897,0.000000,0.683411414,0.636520756,1
pi4b8_fit_20260910_v3,pi4b8g,2,1,fit,true,15,11,611,2026-09-10T13:08:17Z,171832318653982,tinydl_revision,n512,512,B1,0.5,36.998,36.998,1800.000,1800.000,1800.000,1800.000,0.832596,14.071519,0.550230,6.660340,0.098054,23.154832,101.078339,0.000000,0.669487971,0.627621925,1
pi4b8_fit_20260910_v3,pi4b8g,2,1,fit,true,15,12,612,2026-09-10T13:08:17Z,171832420432160,tinydl_revision,n512,512,B1,0.5,36.998,38.459,1800.000,1800.000,1800.000,1800.000,0.865373,13.953853,0.540120,6.651470,0.095776,23.118611,101.067636,0.000000,0.695730659,0.668557937,1
pi4b8_fit_20260910_v3,pi4b8g,2,1,fit,true,15,13,613,2026-09-10T13:08:17Z,171832522172913,tinydl_revision,n512,512,B1,0.5,38.459,38.459,1800.000,1800.000,1800.000,1800.000,0.838188,13.896596,0.548249,6.677025,0.098072,22.987372,101.062469,0.000000,0.694233117,0.675494767,1
pi4b8_fit_20260910_v3,pi4b8g,2,1,fit,true,15,14,614,2026-09-10T13:08:17Z,171832623912425,tinydl_revision,n512,512,B1,0.5,38.459,37.972,1800.000,1800.000,1800.000,1800.000,0.902909,13.865374,0.592378,6.638619,0.098924,23.061427,101.078488,0.000000,0.670547168,0.639693204,1
pi4b8_fit_20260910_v3,pi4b8g,2,1,fit,true,15,15,615,2026-09-10T13:08:17Z,171832725688215,tinydl_revision,n512,512,B1,0.5,37.972,37.972,1800.000,1800.000,1800.000,1800.000,0.847003,13.982335,0.542045,6.665636,0.098498,23.086426,101.067061,0.000000,0.697460136,0.682562825,1
pi4b8_fit_20260910_v3,pi4b8g,2,1,fit,true,15,16,616,2026-09-10T13:08:17Z,171832827422171,tinydl_revision,n512,512,B1,0.5,37.972,38.459,1800.000,1800.000,1800.000,1800.000,0.987612,13.889763,0.540805,6.661785,0.098869,23.134833,101.091858,0.000000,0.660398874,0.624940019,1
pi4b8_fit_20260910_v3,pi4b8g,2,1,fit,true,15,17,617,2026-09-10T13:08:17Z,171832929185757,tinydl_revision,n512,512,B1,0.5,37.485,37.972,1800.000,1800.000,1800.000,1800.000,0.836226,13.998261,0.547990,6.671673,0.098350,23.092889,101.073358,0.000000,0.685582932,0.637115711,1
pi4b8_fit_20260910_v3,pi4b8g,2,1,fit,true,15,18,618,2026-09-10T13:08:17Z,171833030956639,tinydl_revision,n512,512,B1,0.5,37.972,37.485,1800.000,1800.000,1800.000,1800.000,0.840410,14.007742,0.542323,6.678303,0.098387,23.134110,101.096654,0.000000,0.687777563,0.649607794,1
pi4b8_fit_20260910_v3,pi4b8g,2,1,fit,true,15,19,619,2026-09-10T13:08:18Z,171833132736521,tinydl_revision,n512,512,B1,0.5,37.485,37.485,1800.000,1800.000,1800.000,1800.000,0.855484,13.921855,0.543360,6.651895,0.098128,23.068815,101.059154,0.000000,0.676302515,0.634823699,1
pi4b8_fit_20260910_v3,pi4b8g,2,1,fit,true,15,20,620,2026-09-10T13:08:18Z,171833234462219,tinydl_revision,n512,512,B1,0.5,37.485,37.972,1800.000,1800.000,1800.000,1800.000,0.836095,13.925836,0.536934,6.661747,0.096461,23.023279,100.925471,0.000000,0.703889556,0.667894568,1
pi4b8_fit_20260910_v3,pi4b8g,2,1,fit,true,15,21,621,2026-09-10T13:08:18Z,171833336133084,tinydl_revision,n512,512,B1,0.5,37.972,37.972,1800.000,1800.000,1800.000,1800.000,0.848799,13.869207,0.588211,6.623341,0.098701,22.973465,101.060562,0.000000,0.678362711,0.654982839,1
pi4b8_fit_20260910_v3,pi4b8g,2,1,fit,true,15,22,622,2026-09-10T13:08:18Z,171833437859856,tinydl_revision,n512,512,B1,0.5,37.972,37.485,1800.000,1800.000,1800.000,1800.000,0.835392,13.935483,0.547878,6.672118,0.098406,23.044593,101.058488,0.000000,0.683952143,0.641260135,1
pi4b8_fit_20260910_v3,pi4b8g,2,1,fit,true,15,23,623,2026-09-10T13:08:18Z,171833539583720,tinydl_revision,n512,512,B1,0.5,37.485,36.998,1800.000,1800.000,1800.000,1800.000,0.899576,14.008760,0.542935,6.661969,0.098850,23.152406,101.099654,0.000000,0.688965202,0.640426425,1
pi4b8_fit_20260910_v3,pi4b8g,2,1,fit,true,15,24,624,2026-09-10T13:08:18Z,171833641349287,tinydl_revision,n512,512,B1,0.5,36.998,37.972,1800.000,1800.000,1800.000,1800.000,0.844392,13.975149,0.546693,6.692284,0.097147,23.114796,101.065747,0.000000,0.698740207,0.688317215,1
pi4b8_fit_20260910_v3,pi4b8g,2,1,fit,true,15,25,625,2026-09-10T13:08:18Z,171833743078522,tinydl_revision,n512,512,B1,0.5,36.998,36.998,1800.000,1800.000,1800.000,1800.000,0.843336,14.037074,0.546268,6.667673,0.099183,23.144481,101.110783,0.000000,0.674665409,0.642771717,1
pi4b8_fit_20260910_v3,pi4b8g,2,1,fit,true,15,26,626,2026-09-10T13:08:18Z,171833844876478,tinydl_revision,n512,512,B1,0.5,36.998,37.485,1800.000,1800.000,1800.000,1800.000,0.849355,13.966020,0.543212,6.677803,0.126961,23.165628,101.058747,0.000000,0.686378531,0.652855324,1
pi4b8_fit_20260910_v3,pi4b8g,2,1,fit,true,15,27,627,2026-09-10T13:08:18Z,171833946613934,tinydl_revision,n512,512,B1,0.5,37.485,37.972,1800.000,1800.000,1800.000,1800.000,0.840170,14.024834,0.549323,6.675673,0.097590,23.128444,101.062359,0.000000,0.685951666,0.676837721,1
pi4b8_fit_20260910_v3,pi4b8g,2,1,fit,true,15,28,628,2026-09-10T13:08:18Z,171834048375076,tinydl_revision,n512,512,B1,0.5,37.972,36.998,1800.000,1800.000,1800.000,1800.000,0.866688,13.969131,0.531472,6.663136,0.097962,23.144203,101.078895,0.000000,0.663915059,0.623032749,1
pi4b8_fit_20260910_v3,pi4b8g,2,1,fit,true,15,29,629,2026-09-10T13:08:19Z,171834150154606,tinydl_revision,n512,512,B1,0.5,36.998,38.946,1800.000,1800.000,1800.000,1800.000,0.839521,14.065666,0.549509,6.695265,0.098146,23.185720,101.063784,0.000000,0.684288408,0.642164050,1
pi4b8_fit_20260910_v3,pi4b8g,2,1,fit,true,15,30,630,2026-09-10T13:08:19Z,171834251922747,tinydl_revision,n512,512,B1,0.5,38.946,37.972,1800.000,1800.000,1800.000,1800.000,0.904428,14.056333,0.785300,6.757783,0.095998,23.984650,101.066284,0.000000,0.689438657,0.639453321,1
pi4b8_fit_20260910_v3,pi4b8g,2,1,fit,true,15,31,631,2026-09-10T13:08:19Z,171834353668908,tinydl_revision,n512,512,B1,0.5,37.972,37.485,1800.000,1800.000,1800.000,1800.000,0.842873,14.018927,0.544675,6.685544,0.097239,23.132628,101.065432,0.000000,0.681575680,0.650947394,1
pi4b8_fit_20260910_v3,pi4b8g,2,1,fit,true,15,32,632,2026-09-10T13:08:19Z,171834455394364,tinydl_revision,n512,512,B1,0.5,37.485,37.485,1800.000,1800.000,1800.000,1800.000,0.901113,14.025093,0.538841,6.669469,0.099924,23.194536,101.094876,0.000000,0.710641654,0.679730114,1
pi4b8_fit_20260910_v3,pi4b8g,2,1,fit,true,15,33,633,2026-09-10T13:08:19Z,171834557168987,tinydl_revision,n512,512,B1,0.5,36.998,37.972,1800.000,1800.000,1800.000,1800.000,0.835336,14.007186,0.549268,6.684654,0.097591,23.109592,101.067766,0.000000,0.657989194,0.633232904,1
pi4b8_fit_20260910_v3,pi4b8g,2,1,fit,true,15,34,634,2026-09-10T13:08:19Z,171834658911703,tinydl_revision,n512,512,B1,0.5,37.972,36.998,1800.000,1800.000,1800.000,1800.000,0.841874,13.991705,0.540823,6.676525,0.097128,23.117055,101.072932,0.000000,0.702153983,0.648285392,1
pi4b8_fit_20260910_v3,pi4b8g,2,1,fit,true,15,35,635,2026-09-10T13:08:19Z,171834760680881,tinydl_revision,n512,512,B1,0.5,36.998,37.485,1800.000,1800.000,1800.000,1800.000,0.860650,13.993483,0.543268,6.669451,0.098757,23.174888,101.064358,0.000000,0.677288674,0.636040532,1
pi4b8_fit_20260910_v3,pi4b8g,2,1,fit,true,15,36,636,2026-09-10T13:08:19Z,171834862416523,tinydl_revision,n512,512,B1,0.5,37.485,37.972,1800.000,1800.000,1800.000,1800.000,0.843151,13.961965,0.547508,6.670377,0.096980,23.085445,101.065506,0.000000,0.690453710,0.687264926,1
pi4b8_fit_20260910_v3,pi4b8g,2,1,fit,true,15,37,637,2026-09-10T13:08:19Z,171834964196220,tinydl_revision,n512,512,B1,0.5,37.972,37.485,1800.000,1800.000,1800.000,1800.000,0.871243,14.007390,0.595989,6.657210,0.097127,23.161054,101.078450,0.000000,0.673345718,0.636625722,1
pi4b8_fit_20260910_v3,pi4b8g,2,1,fit,true,15,38,638,2026-09-10T13:08:19Z,171835065965547,tinydl_revision,n512,512,B1,0.5,37.485,37.485,1800.000,1800.000,1800.000,1800.000,0.847448,14.038519,0.548601,6.682858,0.096869,23.177220,101.069469,0.000000,0.713473675,0.682449556,1
pi4b8_fit_20260910_v3,pi4b8g,2,1,fit,true,15,39,639,2026-09-10T13:08:20Z,171835167709244,tinydl_revision,n512,512,B1,0.5,37.485,37.972,1800.000,1800.000,1800.000,1800.000,0.908021,14.031482,0.595285,6.628044,0.096535,23.203961,101.089228,0.000000,0.665091610,0.648207391,1
pi4b8_fit_20260910_v3,pi4b8g,2,1,fit,true,16,0,640,2026-09-10T13:08:20Z,171835848419688,tinydl_revision,n16,16,B2,1.0,36.998,37.485,1800.000,1800.000,1800.000,1800.000,0.975278,0.591841,0.205163,0.386252,0.078499,2.414214,100.988915,0.000000,0.642264165,0.571782985,1
pi4b8_fit_20260910_v3,pi4b8g,2,1,fit,true,16,1,641,2026-09-10T13:08:20Z,171835949756374,tinydl_revision,n16,16,B2,1.0,37.485,37.485,1800.000,1800.000,1800.000,1800.000,0.771616,0.565916,0.195070,0.382585,0.075277,2.150683,101.113283,0.000000,0.589318253,0.580720047,1
pi4b8_fit_20260910_v3,pi4b8g,2,1,fit,true,16,2,642,2026-09-10T13:08:20Z,171836051262779,tinydl_revision,n16,16,B2,1.0,37.485,38.946,1800.000,1800.000,1800.000,1800.000,0.833670,0.578952,0.202681,0.385327,0.075239,2.243941,101.026359,0.000000,0.792374288,0.740160586,1
pi4b8_fit_20260910_v3,pi4b8g,2,1,fit,true,16,3,643,2026-09-10T13:08:21Z,171836152620132,tinydl_revision,n16,16,B2,1.0,38.946,37.972,1800.000,1800.000,1800.000,1800.000,0.789596,0.567045,0.193885,0.383067,0.074350,2.167090,100.990211,0.000000,0.778121789,0.727183928,1
pi4b8_fit_20260910_v3,pi4b8g,2,1,fit,true,16,4,644,2026-09-10T13:08:21Z,171836253940208,tinydl_revision,n16,16,B2,1.0,37.972,37.972,1800.000,1800.000,1800.000,1800.000,0.762782,0.559934,0.195923,0.381011,0.130331,2.190404,100.904749,0.000000,0.620779613,0.557200151,1
pi4b8_fit_20260910_v3,pi4b8g,2,1,fit,true,16,5,645,2026-09-10T13:08:21Z,171836355246432,tinydl_revision,n16,16,B2,1.0,37.972,38.946,1800.000,1800.000,1800.000,1800.000,0.819985,0.578174,0.199534,0.385493,0.076443,2.220440,101.009544,0.000000,0.703838055,0.649455650,1
pi4b8_fit_20260910_v3,pi4b8g,2,1,fit,true,16,6,646,2026-09-10T13:08:21Z,171836456582562,tinydl_revision,n16,16,B2,1.0,38.946,38.459,1800.000,1800.000,1800.000,1800.000,0.780671,0.575397,0.196089,0.380142,0.075035,2.167312,100.972749,0.000000,0.541637061,0.520280303,1
pi4b8_fit_20260910_v3,pi4b8g,2,1,fit,true,16,7,647,2026-09-10T13:08:21Z,171836557874916,tinydl_revision,n16,16,B2,1.0,38.459,37.972,1800.000,1800.000,1800.000,1800.000,0.760190,0.557305,0.194033,0.378864,0.072980,2.122350,101.019989,0.000000,0.656602323,0.543987017,1
pi4b8_fit_20260910_v3,pi4b8g,2,1,fit,true,16,8,648,2026-09-10T13:08:21Z,171836659218288,tinydl_revision,n16,16,B2,1.0,37.972,38.459,1800.000,1800.000,1800.000,1800.000,0.801152,0.574008,0.193904,0.380826,0.074276,2.183607,101.005655,0.000000,0.706533777,0.720612711,1
pi4b8_fit_20260910_v3,pi4b8g,2,1,fit,true,16,9,649,2026-09-10T13:08:21Z,171836760554400,tinydl_revision,n16,16,B2,1.0,38.459,38.459,1800.000,1800.000,1800.000,1800.000,0.769838,0.564841,0.191663,0.381326,0.073739,2.138664,100.961656,0.000000,0.589059233,0.647018845,1
pi4b8_fit_20260910_v3,pi4b8g,2,1,fit,true,16,10,650,2026-09-10T13:08:21Z,171836861831698,tinydl_revision,n16,16,B2,1.0,38.459,38.459,1800.000,1800.000,1800.000,1800.000,0.752560,0.554398,0.197089,0.379419,0.074554,2.117165,100.976675,0.000000,0.536465743,0.500239973,1
pi4b8_fit_20260910_v3,pi4b8g,2,1,fit,true,16,11,651,2026-09-10T13:08:21Z,171836963134219,tinydl_revision,n16,16,B2,1.0,38.459,37.972,1800.000,1800.000,1800.000,1800.000,0.760727,0.604803,0.193015,0.381919,0.072609,2.172737,101.062376,0.000000,0.644718196,0.609165384,1
pi4b8_fit_20260910_v3,pi4b8g,2,1,fit,true,16,12,652,2026-09-10T13:08:21Z,171837064557366,tinydl_revision,n16,16,B2,1.0,38.459,37.972,1800.000,1800.000,1800.000,1800.000,0.784319,0.571601,0.196256,0.384623,0.074535,2.174090,100.996415,0.000000,0.647839082,0.617146334,1
pi4b8_fit_20260910_v3,pi4b8g,2,1,fit,true,16,13,653,2026-09-10T13:08:22Z,171837165889164,tinydl_revision,n16,16,B2,1.0,37.972,37.485,1800.000,1800.000,1800.000,1800.000,0.772189,0.560341,0.196441,0.382974,0.113942,2.185811,100.986248,0.000000,0.624205856,0.586332271,1
pi4b8_fit_20260910_v3,pi4b8g,2,1,fit,true,16,14,654,2026-09-10T13:08:22Z,171837267206721,tinydl_revision,n16,16,B2,1.0,37.485,38.946,1800.000,1800.000,1800.000,1800.000,0.800097,0.566008,0.194959,0.381901,0.074850,2.180682,100.931397,0.000000,0.818177412,0.789939052,1
pi4b8_fit_20260910_v3,pi4b8g,2,1,fit,true,16,15,655,2026-09-10T13:08:22Z,171837368510574,tinydl_revision,n16,16,B2,1.0,38.946,39.433,1800.000,1800.000,1800.000,1800.000,0.788893,0.568823,0.199274,0.385234,0.077240,2.179608,100.980342,0.000000,0.592277455,0.473490722,1
pi4b8_fit_20260910_v3,pi4b8g,2,1,fit,true,16,16,656,2026-09-10T13:08:22Z,171837469813428,tinydl_revision,n16,16,B2,1.0,39.433,38.946,1800.000,1800.000,1800.000,1800.000,0.760375,0.558823,0.196885,0.384456,0.073998,2.136887,101.100580,0.000000,0.695347256,0.582384027,1
pi4b8_fit_20260910_v3,pi4b8g,2,1,fit,true,16,17,657,2026-09-10T13:08:22Z,171837571304426,tinydl_revision,n16,16,B2,1.0,37.972,38.459,1800.000,1800.000,1800.000,1800.000,0.816615,0.583119,0.200292,0.384270,0.077721,2.227570,101.028785,0.000000,0.601716899,0.632248850,1
pi4b8_fit_20260910_v3,pi4b8g,2,1,fit,true,16,18,658,2026-09-10T13:08:22Z,171837672673668,tinydl_revision,n16,16,B2,1.0,38.459,37.972,1800.000,1800.000,1800.000,1800.000,0.768875,0.556860,0.193107,0.382178,0.073721,2.132405,100.979711,0.000000,0.767741884,0.714864172,1
pi4b8_fit_20260910_v3,pi4b8g,2,1,fit,true,16,19,659,2026-09-10T13:08:22Z,171837773984836,tinydl_revision,n16,16,B2,1.0,37.972,36.998,1800.000,1800.000,1800.000,1800.000,0.758875,0.555083,0.196626,0.378956,0.076794,2.178071,100.983563,0.000000,0.670902284,0.676550588,1
pi4b8_fit_20260910_v3,pi4b8g,2,1,fit,true,16,20,660,2026-09-10T13:08:22Z,171837875293412,tinydl_revision,n16,16,B2,1.0,36.998,38.459,1800.000,1800.000,1800.000,1800.000,0.818040,0.557156,0.195163,0.380141,0.076406,2.185052,100.998266,0.000000,0.660145607,0.582911345,1
pi4b8_fit_20260910_v3,pi4b8g,2,1,fit,true,16,21,661,2026-09-10T13:08:22Z,171837976648413,tinydl_revision,n16,16,B2,1.0,38.459,37.972,1800.000,1800.000,1800.000,1800.000,0.784023,0.555119,0.192052,0.381530,0.075294,2.146867,101.088598,0.000000,0.660254532,0.657658662,1
pi4b8_fit_20260910_v3,pi4b8g,2,1,fit,true,16,22,662,2026-09-10T13:08:22Z,171838078122948,tinydl_revision,n16,16,B2,1.0,37.972,38.459,1800.000,1800.000,1800.000,1800.000,0.779801,0.567971,0.200700,0.439881,0.078869,2.231663,100.976989,0.000000,0.696438463,0.612702991,1
pi4b8_fit_20260910_v3,pi4b8g,2,1,fit,true,16,23,663,2026-09-10T13:08:23Z,171838179419469,tinydl_revision,n16,16,B2,1.0,38.459,37.485,1800.000,1800.000,1800.000,1800.000,0.801096,0.559323,0.195441,0.379641,0.076184,2.171830,101.537516,0.000000,0.814938989,0.787483678,1
pi4b8_fit_20260910_v3,pi4b8g,2,1,fit,true,16,24,664,2026-09-10T13:08:23Z,171838281423494,tinydl_revision,n16,16,B2,1.0,37.485,37.972,1800.000,1800.000,1800.000,1800.000,1.249754,0.592044,0.197348,0.384085,0.082239,2.709488,100.999434,0.000000,0.594157988,0.656613993,1
pi4b8_fit_20260910_v3,pi4b8g,2,1,fit,true,16,25,665,2026-09-10T13:08:23Z,171838382757514,tinydl_revision,n16,16,B2,1.0,37.972,38.946,1800.000,1800.000,1800.000,1800.000,0.770671,0.607340,0.196219,0.380864,0.074851,2.192830,100.984249,0.000000,0.771840675,0.667665904,1
pi4b8_fit_20260910_v3,pi4b8g,2,1,fit,true,16,26,666,2026-09-10T13:08:23Z,171838484099312,tinydl_revision,n16,16,B2,1.0,38.946,37.972,1800.000,1800.000,1800.000,1800.000,0.784023,0.557360,0.193237,0.382215,0.076276,2.153404,100.980933,0.000000,0.699801415,0.597747592,1
pi4b8_fit_20260910_v3,pi4b8g,2,1,fit,true,16,27,667,2026-09-10T13:08:23Z,171838585400702,tinydl_revision,n16,16,B2,1.0,37.972,37.972,1800.000,1800.000,1800.000,1800.000,0.772319,0.558656,0.194219,0.379122,0.074165,2.135461,100.979378,0.000000,0.528518152,0.541613321,1
pi4b8_fit_20260910_v3,pi4b8g,2,1,fit,true,16,28,668,2026-09-10T13:08:23Z,171838686701167,tinydl_revision,n16,16,B2,1.0,37.972,37.485,1800.000,1800.000,1800.000,1800.000,0.757597,0.594118,0.196811,0.383030,0.075351,2.169793,100.974637,0.000000,0.757051103,0.675020693,1
pi4b8_fit_20260910_v3,pi4b8g,2,1,fit,true,16,29,669,2026-09-10T13:08:23Z,171838788037613,tinydl_revision,n16,16,B2,1.0,37.485,38.459,1800.000,1800.000,1800.000,1800.000,0.787522,0.564582,0.192626,0.377160,0.074536,2.155571,100.969656,0.000000,0.777460016,0.899852813,1
pi4b8_fit_20260910_v3,pi4b8g,2,1,fit,true,16,30,670,2026-09-10T13:08:23Z,171838889322744,tinydl_revision,n16,16,B2,1.0,38.459,37.972,1800.000,1800.000,1800.000,1800.000,0.763301,0.564027,0.191774,0.378919,0.073202,2.128276,100.971286,0.000000,0.703958461,0.653842526,1
pi4b8_fit_20260910_v3,pi4b8g,2,1,fit,true,16,31,671,2026-09-10T13:08:23Z,171838990616246,tinydl_revision,n16,16,B2,1.0,37.972,38.459,1800.000,1800.000,1800.000,1800.000,0.760856,0.559157,0.195459,0.379530,0.075684,2.173423,100.966897,0.000000,0.778482422,0.774551840,1
pi4b8_fit_20260910_v3,pi4b8g,2,1,fit,true,16,32,672,2026-09-10T13:08:23Z,171839091899989,tinydl_revision,n16,16,B2,1.0,38.459,38.946,1800.000,1800.000,1800.000,1800.000,0.812800,0.564860,0.193626,0.379345,0.075554,2.185849,100.983674,0.000000,0.586509597,0.576550133,1
pi4b8_fit_20260910_v3,pi4b8g,2,1,fit,true,16,33,673,2026-09-10T13:08:24Z,171839193198972,tinydl_revision,n16,16,B2,1.0,38.946,38.946,1800.000,1800.000,1800.000,1800.000,0.755856,0.562138,0.194219,0.378993,0.075406,2.123591,100.889380,0.000000,0.692539656,0.708212721,1
pi4b8_fit_20260910_v3,pi4b8g,2,1,fit,true,16,34,674,2026-09-10T13:08:24Z,171839294455642,tinydl_revision,n16,16,B2,1.0,38.946,39.433,1800.000,1800.000,1800.000,1800.000,0.768523,0.573231,0.239014,0.386882,0.079313,2.209700,100.995192,0.000000,0.713065924,0.507720110,1
pi4b8_fit_20260910_v3,pi4b8g,2,1,fit,true,16,35,675,2026-09-10T13:08:24Z,171839395782087,tinydl_revision,n16,16,B2,1.0,39.433,36.998,1800.000,1800.000,1800.000,1800.000,0.817652,0.575656,0.192515,0.379418,0.073850,2.196608,100.986823,0.000000,0.501084269,0.469549497,1
pi4b8_fit_20260910_v3,pi4b8g,2,1,fit,true,16,36,676,2026-09-10T13:08:24Z,171839497122200,tinydl_revision,n16,16,B2,1.0,36.998,38.459,1800.000,1800.000,1800.000,1800.000,0.775689,0.556360,0.192181,0.380437,0.073498,2.136720,100.958212,0.000000,0.838024088,0.828989551,1
pi4b8_fit_20260910_v3,pi4b8g,2,1,fit,true,16,37,677,2026-09-10T13:08:24Z,171839598399202,tinydl_revision,n16,16,B2,1.0,38.459,37.972,1800.000,1800.000,1800.000,1800.000,0.756245,0.561879,0.241736,0.384585,0.077888,2.183756,100.966526,0.000000,0.696835180,0.701046473,1
pi4b8_fit_20260910_v3,pi4b8g,2,1,fit,true,16,38,678,2026-09-10T13:08:24Z,171839699679908,tinydl_revision,n16,16,B2,1.0,37.972,38.459,1800.000,1800.000,1800.000,1800.000,0.814262,0.565860,0.190608,0.380623,0.076517,2.187219,100.999248,0.000000,0.683757826,0.607265848,1
pi4b8_fit_20260910_v3,pi4b8g,2,1,fit,true,16,39,679,2026-09-10T13:08:24Z,171839801007742,tinydl_revision,n16,16,B2,1.0,38.459,38.459,1800.000,1800.000,1800.000,1800.000,0.762209,0.556841,0.195663,0.377826,0.074203,2.126720,100.962934,0.000000,0.552059530,0.481740120,1
pi4b8_fit_20260910_v3,pi4b8g,2,1,fit,true,17,0,680,2026-09-10T13:08:25Z,171840574173129,tinydl_revision,n512,512,B2,1.0,38.459,38.459,1800.000,1800.000,1800.000,1800.000,0.965649,13.919984,0.545842,6.676932,0.098610,23.181572,101.068228,0.000000,0.693795295,0.643037319,1
pi4b8_fit_20260910_v3,pi4b8g,2,1,fit,true,17,1,681,2026-09-10T13:08:25Z,171840675908271,tinydl_revision,n512,512,B2,1.0,38.459,38.946,1800.000,1800.000,1800.000,1800.000,0.888817,14.041852,0.588267,6.632508,0.098905,23.197609,101.093098,0.000000,0.674103380,0.626804947,1
pi4b8_fit_20260910_v3,pi4b8g,2,1,fit,true,17,2,682,2026-09-10T13:08:25Z,171840777696690,tinydl_revision,n512,512,B2,1.0,38.946,38.459,1800.000,1800.000,1800.000,1800.000,0.843132,14.010908,0.540656,6.689136,0.098665,23.152184,101.076820,0.000000,0.700442475,0.670471971,1
pi4b8_fit_20260910_v3,pi4b8g,2,1,fit,true,17,3,683,2026-09-10T13:08:25Z,171840879433424,tinydl_revision,n512,512,B2,1.0,38.459,38.459,1800.000,1800.000,1800.000,1800.000,0.944427,13.953742,0.545082,6.654951,0.096868,23.135444,101.111746,0.000000,0.684191105,0.662819220,1
pi4b8_fit_20260910_v3,pi4b8g,2,1,fit,true,17,4,684,2026-09-10T13:08:25Z,171840981235435,tinydl_revision,n512,512,B2,1.0,37.972,37.485,1800.000,1800.000,1800.000,1800.000,0.899058,14.026445,0.540287,6.699636,0.098813,23.230146,101.069914,0.000000,0.695160059,0.653410186,1
pi4b8_fit_20260910_v3,pi4b8g,2,1,fit,true,17,5,685,2026-09-10T13:08:25Z,171841082985151,tinydl_revision,n512,512,B2,1.0,37.485,39.433,1800.000,1800.000,1800.000,1800.000,0.845799,13.997483,0.544453,6.656581,0.098684,23.094537,101.114820,0.000000,0.669984269,0.624948325,1
pi4b8_fit_20260910_v3,pi4b8g,2,1,fit,true,17,6,686,2026-09-10T13:08:26Z,171841184760126,tinydl_revision,n512,512,B2,1.0,39.433,37.972,1800.000,1800.000,1800.000,1800.000,0.866077,13.894207,0.544582,6.665710,0.099535,23.082574,101.082691,0.000000,0.691908073,0.670613322,1
pi4b8_fit_20260910_v3,pi4b8g,2,1,fit,true,17,7,687,2026-09-10T13:08:26Z,171841286517878,tinydl_revision,n512,512,B2,1.0,37.972,37.972,1800.000,1800.000,1800.000,1800.000,1.248718,14.518343,0.543990,6.691359,0.099072,24.106426,101.074765,0.000000,0.689359844,0.661124251,1
pi4b8_fit_20260910_v3,pi4b8g,2,1,fit,true,17,8,688,2026-09-10T13:08:26Z,171841388300334,tinydl_revision,n512,512,B2,1.0,37.972,38.459,1800.000,1800.000,1800.000,1800.000,0.870503,13.973113,0.544676,6.643637,0.097739,23.127592,101.072136,0.000000,0.674377057,0.647976173,1
pi4b8_fit_20260910_v3,pi4b8g,2,1,fit,true,17,9,689,2026-09-10T13:08:26Z,171841490037365,tinydl_revision,n512,512,B2,1.0,38.459,38.459,1800.000,1800.000,1800.000,1800.000,0.834170,13.954279,0.545915,6.672692,0.099406,23.047482,101.075673,0.000000,0.691929440,0.679615488,1
pi4b8_fit_20260910_v3,pi4b8g,2,1,fit,true,17,10,690,2026-09-10T13:08:26Z,171841591782173,tinydl_revision,n512,512,B2,1.0,38.459,38.459,1800.000,1800.000,1800.000,1800.000,0.892557,13.934521,0.584915,6.630692,0.099425,23.106833,101.097321,0.000000,0.664536036,0.621131138,1
pi4b8_fit_20260910_v3,pi4b8g,2,1,fit,true,17,11,691,2026-09-10T13:08:26Z,171841693573259,tinydl_revision,n512,512,B2,1.0,38.459,38.459,1800.000,1800.000,1800.000,1800.000,0.845596,14.018316,0.543841,6.678970,0.098424,23.127869,101.071265,0.000000,0.681921872,0.643866565,1
pi4b8_fit_20260910_v3,pi4b8g,2,1,fit,true,17,12,692,2026-09-10T13:08:26Z,171841795310567,tinydl_revision,n512,512,B2,1.0,38.459,38.459,1800.000,1800.000,1800.000,1800.000,0.879872,13.906188,0.540472,6.663951,0.096887,23.049279,101.112394,0.000000,0.692402148,0.641365091,1
pi4b8_fit_20260910_v3,pi4b8g,2,1,fit,true,17,13,693,2026-09-10T13:08:26Z,171841897103671,tinydl_revision,n512,512,B2,1.0,38.459,37.972,1800.000,1800.000,1800.000,1800.000,0.845059,14.076926,0.548267,6.680469,0.097776,23.183202,101.080525,0.000000,0.674849172,0.640630562,1
pi4b8_fit_20260910_v3,pi4b8g,2,1,fit,true,17,14,694,2026-09-10T13:08:26Z,171841998840535,tinydl_revision,n512,512,B2,1.0,37.972,38.946,1800.000,1800.000,1800.000,1800.000,0.845466,13.987556,0.541046,6.673988,0.097850,23.107185,101.077377,0.000000,0.702091025,0.667531044,1
pi4b8_fit_20260910_v3,pi4b8g,2,1,fit,true,17,15,695,2026-09-10T13:08:26Z,171842100618232,tinydl_revision,n512,512,B2,1.0,38.946,38.459,1800.000,1800.000,1800.000,1800.000,0.860373,13.966724,0.547119,6.654044,0.098350,23.120296,101.078858,0.000000,0.675339217,0.653664486,1
pi4b8_fit_20260910_v3,pi4b8g,2,1,fit,true,17,16,696,2026-09-10T13:08:27Z,171842202359318,tinydl_revision,n512,512,B2,1.0,38.459,40.407,1800.000,1800.000,1800.000,1800.000,0.838225,13.980131,0.542212,6.669784,0.099109,23.092834,101.776438,0.000000,0.689919899,0.637614374,1
pi4b8_fit_20260910_v3,pi4b8g,2,1,fit,true,17,17,697,2026-09-10T13:08:27Z,171842304926204,tinydl_revision,n512,512,B2,1.0,40.407,37.485,1800.000,1800.000,1800.000,1800.000,1.357253,14.078148,0.546231,6.675673,0.098906,23.707804,101.074284,0.000000,0.686984695,0.643519583,1
pi4b8_fit_20260910_v3,pi4b8g,2,1,fit,true,17,18,698,2026-09-10T13:08:27Z,171842406667346,tinydl_revision,n512,512,B2,1.0,37.485,38.459,1800.000,1800.000,1800.000,1800.000,0.842874,14.071536,0.539990,6.676136,0.097257,23.191813,101.077247,0.000000,0.694253243,0.689616893,1
pi4b8_fit_20260910_v3,pi4b8g,2,1,fit,true,17,19,699,2026-09-10T13:08:27Z,171842508444191,tinydl_revision,n512,512,B2,1.0,38.459,37.972,1800.000,1800.000,1800.000,1800.000,0.868595,14.016038,0.538935,6.658433,0.098017,23.193035,101.079913,0.000000,0.679931843,0.644155537,1
pi4b8_fit_20260910_v3,pi4b8g,2,1,fit,true,17,20,700,2026-09-10T13:08:27Z,171842610181777,tinydl_revision,n512,512,B2,1.0,37.972,38.946,1800.000,1800.000,1800.000,1800.000,0.840781,14.027093,0.539416,6.668080,0.098183,23.151036,101.078432,0.000000,0.685907981,0.652603483,1
pi4b8_fit_20260910_v3,pi4b8g,2,1,fit,true,17,21,701,2026-09-10T13:08:27Z,171842711928937,tinydl_revision,n512,512,B2,1.0,38.946,38.459,1800.000,1800.000,1800.000,1800.000,0.905446,13.894985,0.588563,6.636174,0.098628,23.077315,101.093710,0.000000,0.681926997,0.671212516,1
pi4b8_fit_20260910_v3,pi4b8g,2,1,fit,true,17,22,702,2026-09-10T13:08:27Z,171842813694208,tinydl_revision,n512,512,B2,1.0,38.459,38.459,1800.000,1800.000,1800.000,1800.000,0.837355,14.151720,0.542675,6.679562,0.099313,23.270979,101.077321,0.000000,0.671303385,0.632456694,1
pi4b8_fit_20260910_v3,pi4b8g,2,1,fit,true,17,23,703,2026-09-10T13:08:27Z,171842915444369,tinydl_revision,n512,512,B2,1.0,38.459,38.946,1800.000,1800.000,1800.000,1800.000,0.890947,13.939909,0.549638,6.656544,0.101127,23.078907,101.109820,0.000000,0.675121374,0.635445397,1
pi4b8_fit_20260910_v3,pi4b8g,2,1,fit,true,17,24,704,2026-09-10T13:08:27Z,171843017213751,tinydl_revision,n512,512,B2,1.0,38.946,38.459,1800.000,1800.000,1800.000,1800.000,0.851595,13.974038,0.545231,6.698451,0.098665,23.128221,101.076320,0.000000,0.691104287,0.635588597,1
pi4b8_fit_20260910_v3,pi4b8g,2,1,fit,true,17,25,705,2026-09-10T13:08:28Z,171843118949967,tinydl_revision,n512,512,B2,1.0,38.459,38.459,1800.000,1800.000,1800.000,1800.000,0.833744,14.008260,0.547786,6.660970,0.100127,23.106444,101.106709,0.000000,0.678293998,0.643809461,1
pi4b8_fit_20260910_v3,pi4b8g,2,1,fit,true,17,26,706,2026-09-10T13:08:28Z,171843220756718,tinydl_revision,n512,512,B2,1.0,38.459,38.459,1800.000,1800.000,1800.000,1800.000,0.863465,13.949872,0.536601,6.661581,0.097591,23.126611,100.896732,0.000000,0.712100829,0.692040703,1
pi4b8_fit_20260910_v3,pi4b8g,2,1,fit,true,17,27,707,2026-09-10T13:08:28Z,171843322338863,tinydl_revision,n512,512,B2,1.0,38.459,38.459,1800.000,1800.000,1800.000,1800.000,0.836503,14.019167,0.548064,6.688006,0.099980,23.126425,101.066191,0.000000,0.672734261,0.647383609,1
pi4b8_fit_20260910_v3,pi4b8g,2,1,fit,true,17,28,708,2026-09-10T13:08:28Z,171843424108449,tinydl_revision,n512,512,B2,1.0,38.459,38.946,1800.000,1800.000,1800.000,1800.000,0.859225,13.985168,0.584822,6.641581,0.097109,23.133221,101.067617,0.000000,0.681616563,0.624109530,1
pi4b8_fit_20260910_v3,pi4b8g,2,1,fit,true,17,29,709,2026-09-10T13:08:28Z,171843525847961,tinydl_revision,n512,512,B2,1.0,38.946,39.433,1800.000,1800.000,1800.000,1800.000,0.845225,13.984002,0.550138,6.677988,0.096350,23.098537,101.073339,0.000000,0.692540551,0.648857365,1
pi4b8_fit_20260910_v3,pi4b8g,2,1,fit,true,17,30,710,2026-09-10T13:08:28Z,171843627581307,tinydl_revision,n512,512,B2,1.0,39.433,39.433,1800.000,1800.000,1800.000,1800.000,0.895725,14.023908,0.548657,6.669284,0.098998,23.204942,101.106783,0.000000,0.682498487,0.683108516,1
pi4b8_fit_20260910_v3,pi4b8g,2,1,fit,true,17,31,711,2026-09-10T13:08:28Z,171843729351263,tinydl_revision,n512,512,B2,1.0,39.433,39.433,1800.000,1800.000,1800.000,1800.000,0.839670,13.996260,0.548953,6.676062,0.097128,23.096741,101.083006,0.000000,0.683209047,0.644959793,1
pi4b8_fit_20260910_v3,pi4b8g,2,1,fit,true,17,32,712,2026-09-10T13:08:28Z,171843831084460,tinydl_revision,n512,512,B2,1.0,39.433,37.972,1800.000,1800.000,1800.000,1800.000,0.843244,14.049296,0.542083,6.681747,0.099979,23.182628,101.105858,0.000000,0.699656818,0.676990345,1
pi4b8_fit_20260910_v3,pi4b8g,2,1,fit,true,17,33,713,2026-09-10T13:08:28Z,171843932852750,tinydl_revision,n512,512,B2,1.0,37.972,37.972,1800.000,1800.000,1800.000,1800.000,0.858688,13.996909,0.545675,6.657063,0.100998,23.143425,101.117690,0.000000,0.671959093,0.645261113,1
pi4b8_fit_20260910_v3,pi4b8g,2,1,fit,true,17,34,714,2026-09-10T13:08:28Z,171844034673705,tinydl_revision,n512,512,B2,1.0,37.972,38.459,1800.000,1800.000,1800.000,1800.000,0.847465,14.106981,0.541453,6.678524,0.097591,23.229349,101.077469,0.000000,0.675972716,0.639007759,1
pi4b8_fit_20260910_v3,pi4b8g,2,1,fit,true,17,35,715,2026-09-10T13:08:29Z,171844136450680,tinydl_revision,n512,512,B2,1.0,38.459,38.946,1800.000,1800.000,1800.000,1800.000,0.861632,13.989279,0.547879,6.650914,0.097979,23.147776,101.086172,0.000000,0.684732061,0.637216031,1
pi4b8_fit_20260910_v3,pi4b8g,2,1,fit,true,17,36,716,2026-09-10T13:08:29Z,171844238205710,tinydl_revision,n512,512,B2,1.0,38.946,39.433,1800.000,1800.000,1800.000,1800.000,0.842670,14.056019,0.540787,6.672228,0.097090,23.176739,100.909472,0.000000,0.681632806,0.632161063,1
pi4b8_fit_20260910_v3,pi4b8g,2,1,fit,true,17,37,717,2026-09-10T13:08:29Z,171844339813817,tinydl_revision,n512,512,B2,1.0,39.433,38.459,1800.000,1800.000,1800.000,1800.000,0.894039,14.083185,0.584564,6.645025,0.097683,23.245349,101.083284,0.000000,0.690871276,0.665000576,1
pi4b8_fit_20260910_v3,pi4b8g,2,1,fit,true,17,38,718,2026-09-10T13:08:29Z,171844441558052,tinydl_revision,n512,512,B2,1.0,38.459,37.972,1800.000,1800.000,1800.000,1800.000,0.838892,14.098240,0.539435,6.669951,0.096739,23.207090,101.067635,0.000000,0.695547985,0.674044727,1
pi4b8_fit_20260910_v3,pi4b8g,2,1,fit,true,17,39,719,2026-09-10T13:08:29Z,171844543285675,tinydl_revision,n512,512,B2,1.0,37.972,38.946,1800.000,1800.000,1800.000,1800.000,0.883817,13.995538,0.544916,6.666247,0.097442,23.132814,101.108172,0.000000,0.683271247,0.634559973,1
pi4b8_fit_20260910_v3,pi4b8g,2,1,fit,true,18,0,720,2026-09-10T13:08:30Z,171845263294357,oi_svdd_as_elm_revision,n256,256,B2,1.0,39.433,38.459,1800.000,1800.000,1800.000,1800.000,1.024166,7.016352,0.442936,16.547528,0.089536,25.697248,100.948712,0.000000,0.677896219,0.613707303,1
pi4b8_fit_20260910_v3,pi4b8g,2,1,fit,true,18,1,721,2026-09-10T13:08:30Z,171845364820040,oi_svdd_as_elm_revision,n256,256,B2,1.0,38.459,39.920,1800.000,1800.000,1800.000,1800.000,0.835799,7.097647,0.406048,16.538602,0.090813,25.532862,101.079784,0.000000,0.667493083,0.612215132,1
pi4b8_fit_20260910_v3,pi4b8g,2,1,fit,true,18,2,722,2026-09-10T13:08:30Z,171845466418925,oi_svdd_as_elm_revision,n256,256,B2,1.0,39.920,38.946,1800.000,1800.000,1800.000,1800.000,0.814689,7.114128,0.402048,16.534491,0.089887,25.516270,101.081358,0.000000,0.691842477,0.639587903,1
pi4b8_fit_20260910_v3,pi4b8g,2,1,fit,true,18,3,723,2026-09-10T13:08:30Z,171845568046440,oi_svdd_as_elm_revision,n256,256,B2,1.0,38.946,38.946,1800.000,1800.000,1800.000,1800.000,0.830466,7.071666,0.401233,16.528991,0.089017,25.520695,101.207355,0.000000,0.697528672,0.670991267,1
pi4b8_fit_20260910_v3,pi4b8g,2,1,fit,true,18,4,724,2026-09-10T13:08:30Z,171845669900987,oi_svdd_as_elm_revision,n256,256,B2,1.0,38.946,38.459,1800.000,1800.000,1800.000,1800.000,1.321661,7.217811,0.398734,16.629674,0.089721,26.297885,101.083617,0.000000,0.692186321,0.673088020,1
pi4b8_fit_20260910_v3,pi4b8g,2,1,fit,true,18,5,725,2026-09-10T13:08:30Z,171845771500372,oi_svdd_as_elm_revision,n256,256,B2,1.0,38.459,38.946,1800.000,1800.000,1800.000,1800.000,0.875058,7.022129,0.442733,16.538732,0.088887,25.534047,101.126357,0.000000,0.695769152,0.644654622,1
pi4b8_fit_20260910_v3,pi4b8g,2,1,fit,true,18,6,726,2026-09-10T13:08:30Z,171845873166367,oi_svdd_as_elm_revision,n256,256,B2,1.0,38.946,38.946,1800.000,1800.000,1800.000,1800.000,0.826429,7.080906,0.402715,16.577065,0.089221,25.529603,101.076784,0.000000,0.668083219,0.621484995,1
pi4b8_fit_20260910_v3,pi4b8g,2,1,fit,true,18,7,727,2026-09-10T13:08:30Z,171845974756604,oi_svdd_as_elm_revision,n256,256,B2,1.0,38.946,38.459,1800.000,1800.000,1800.000,1800.000,0.816707,7.091017,0.403419,16.558010,0.089776,25.520770,101.111117,0.000000,0.672192625,0.623902660,1
pi4b8_fit_20260910_v3,pi4b8g,2,1,fit,true,18,8,728,2026-09-10T13:08:30Z,171846076472821,oi_svdd_as_elm_revision,n256,256,B2,1.0,38.459,38.946,1800.000,1800.000,1800.000,1800.000,0.852688,7.111091,0.392808,16.543232,0.090332,25.558824,101.085079,0.000000,0.702829909,0.650297268,1
pi4b8_fit_20260910_v3,pi4b8g,2,1,fit,true,18,9,729,2026-09-10T13:08:31Z,171846178126297,oi_svdd_as_elm_revision,n256,256,B2,1.0,38.946,39.920,1800.000,1800.000,1800.000,1800.000,0.875798,7.112129,0.407974,16.568009,0.086665,25.619602,101.076988,0.000000,0.672170068,0.652424336,1
pi4b8_fit_20260910_v3,pi4b8g,2,1,fit,true,18,10,730,2026-09-10T13:08:31Z,171846279740571,oi_svdd_as_elm_revision,n256,256,B2,1.0,39.920,38.946,1800.000,1800.000,1800.000,1800.000,0.878151,7.032944,0.393826,16.518010,0.087258,25.521992,100.952119,0.000000,0.696508722,0.652901388,1
pi4b8_fit_20260910_v3,pi4b8g,2,1,fit,true,18,11,731,2026-09-10T13:08:31Z,171846381235569,oi_svdd_as_elm_revision,n256,256,B2,1.0,38.946,38.459,1800.000,1800.000,1800.000,1800.000,0.809355,7.129054,0.403678,16.541362,0.088646,25.530103,101.074821,0.000000,0.646332464,0.590072982,1
pi4b8_fit_20260910_v3,pi4b8g,2,1,fit,true,18,12,732,2026-09-10T13:08:31Z,171846482823344,oi_svdd_as_elm_revision,n256,256,B2,1.0,38.459,38.946,1800.000,1800.000,1800.000,1800.000,0.803948,7.095721,0.390252,16.541676,0.088536,25.487659,101.077987,0.000000,0.677768997,0.618969650,1
pi4b8_fit_20260910_v3,pi4b8g,2,1,fit,true,18,13,733,2026-09-10T13:08:31Z,171846584450302,oi_svdd_as_elm_revision,n256,256,B2,1.0,38.946,38.459,1800.000,1800.000,1800.000,1800.000,0.839262,7.069981,0.401400,16.526955,0.088091,25.491660,101.080525,0.000000,0.679328228,0.630779522,1
pi4b8_fit_20260910_v3,pi4b8g,2,1,fit,true,18,14,734,2026-09-10T13:08:31Z,171846686040410,oi_svdd_as_elm_revision,n256,256,B2,1.0,38.459,38.946,1800.000,1800.000,1800.000,1800.000,0.808263,7.190441,0.401900,16.534232,0.087999,25.585602,101.080895,0.000000,0.692191187,0.641064447,1
pi4b8_fit_20260910_v3,pi4b8g,2,1,fit,true,18,15,735,2026-09-10T13:08:31Z,171846787668535,oi_svdd_as_elm_revision,n256,256,B2,1.0,38.459,37.972,1800.000,1800.000,1800.000,1800.000,0.874040,6.978371,0.404603,16.605860,0.087017,25.554659,101.106580,0.000000,0.692673949,0.640094693,1
pi4b8_fit_20260910_v3,pi4b8g,2,1,fit,true,18,16,736,2026-09-10T13:08:31Z,171846889290494,oi_svdd_as_elm_revision,n256,256,B2,1.0,37.972,38.946,1800.000,1800.000,1800.000,1800.000,0.810171,7.054574,0.402159,16.562769,0.088294,25.482752,101.079247,0.000000,0.677748220,0.613992345,1
pi4b8_fit_20260910_v3,pi4b8g,2,1,fit,true,18,17,737,2026-09-10T13:08:31Z,171846990915657,oi_svdd_as_elm_revision,n256,256,B2,1.0,38.946,38.946,1800.000,1800.000,1800.000,1800.000,0.808615,7.141202,0.400345,16.566528,0.088054,25.577898,101.081487,0.000000,0.669137873,0.628345920,1
pi4b8_fit_20260910_v3,pi4b8g,2,1,fit,true,18,18,738,2026-09-10T13:08:31Z,171847092545893,oi_svdd_as_elm_revision,n256,256,B2,1.0,38.946,39.433,1800.000,1800.000,1800.000,1800.000,0.823114,7.052796,0.400122,16.527251,0.090295,25.451253,101.083987,0.000000,0.693551445,0.647650256,1
pi4b8_fit_20260910_v3,pi4b8g,2,1,fit,true,18,19,739,2026-09-10T13:08:32Z,171847194143204,oi_svdd_as_elm_revision,n256,256,B2,1.0,39.433,39.433,1800.000,1800.000,1800.000,1800.000,0.811337,7.073573,0.407159,16.527213,0.086998,25.474938,101.085673,0.000000,0.720343174,0.670348797,1
pi4b8_fit_20260910_v3,pi4b8g,2,1,fit,true,18,20,740,2026-09-10T13:08:32Z,171847295743571,oi_svdd_as_elm_revision,n256,256,B2,1.0,39.433,39.433,1800.000,1800.000,1800.000,1800.000,0.865539,7.039519,0.401529,16.635434,0.085739,25.633101,101.092117,0.000000,0.696472367,0.675596110,1
pi4b8_fit_20260910_v3,pi4b8g,2,1,fit,true,18,21,741,2026-09-10T13:08:32Z,171847397361252,oi_svdd_as_elm_revision,n256,256,B2,1.0,39.433,39.433,1800.000,1800.000,1800.000,1800.000,0.811763,7.025500,0.399011,16.548121,0.087943,25.435086,101.075413,0.000000,0.656673177,0.606292002,1
pi4b8_fit_20260910_v3,pi4b8g,2,1,fit,true,18,22,742,2026-09-10T13:08:32Z,171847498950619,oi_svdd_as_elm_revision,n256,256,B2,1.0,39.433,37.972,1800.000,1800.000,1800.000,1800.000,0.815188,7.136405,0.397548,16.556084,0.087684,25.549806,101.142616,0.000000,0.686545162,0.650121689,1
pi4b8_fit_20260910_v3,pi4b8g,2,1,fit,true,18,23,743,2026-09-10T13:08:32Z,171847600658761,oi_svdd_as_elm_revision,n256,256,B2,1.0,37.972,38.946,1800.000,1800.000,1800.000,1800.000,0.835689,7.074036,0.407307,16.566491,0.088221,25.539252,101.079580,0.000000,0.696483234,0.618670466,1
pi4b8_fit_20260910_v3,pi4b8g,2,1,fit,true,18,24,744,2026-09-10T13:08:32Z,171847702255424,oi_svdd_as_elm_revision,n256,256,B2,1.0,38.946,38.946,1800.000,1800.000,1800.000,1800.000,0.808485,7.085962,0.394085,16.536361,0.088424,25.473012,101.091654,0.000000,0.655000226,0.599480098,1
pi4b8_fit_20260910_v3,pi4b8g,2,1,fit,true,18,25,745,2026-09-10T13:08:32Z,171847803857754,oi_svdd_as_elm_revision,n256,256,B2,1.0,38.946,37.972,1800.000,1800.000,1800.000,1800.000,0.930353,7.050425,0.397641,16.524288,0.087869,25.597806,101.105894,0.000000,0.702715824,0.646613333,1
pi4b8_fit_20260910_v3,pi4b8g,2,1,fit,true,18,26,746,2026-09-10T13:08:32Z,171847905480213,oi_svdd_as_elm_revision,n256,256,B2,1.0,37.972,38.946,1800.000,1800.000,1800.000,1800.000,0.816837,7.017130,0.406918,16.533269,0.086980,25.425883,101.080746,0.000000,0.697006516,0.652003673,1
pi4b8_fit_20260910_v3,pi4b8g,2,1,fit,true,18,27,747,2026-09-10T13:08:32Z,171848007082987,oi_svdd_as_elm_revision,n256,256,B2,1.0,38.946,39.433,1800.000,1800.000,1800.000,1800.000,0.810596,7.022426,0.401603,16.604046,0.087646,25.493752,101.103283,0.000000,0.708626420,0.693365578,1
pi4b8_fit_20260910_v3,pi4b8g,2,1,fit,true,18,28,748,2026-09-10T13:08:32Z,171848108703538,oi_svdd_as_elm_revision,n256,256,B2,1.0,39.433,39.920,1800.000,1800.000,1800.000,1800.000,0.828558,7.038981,0.403344,16.548102,0.088554,25.465382,101.077321,0.000000,0.656071137,0.617514816,1
pi4b8_fit_20260910_v3,pi4b8g,2,1,fit,true,18,29,749,2026-09-10T13:08:33Z,171848210305183,oi_svdd_as_elm_revision,n256,256,B2,1.0,39.920,38.459,1800.000,1800.000,1800.000,1800.000,0.815726,7.091666,0.400067,16.527381,0.087184,25.484511,101.086709,0.000000,0.695844724,0.642144145,1
pi4b8_fit_20260910_v3,pi4b8g,2,1,fit,true,18,30,750,2026-09-10T13:08:33Z,171848311932678,oi_svdd_as_elm_revision,n256,256,B2,1.0,38.459,38.946,1800.000,1800.000,1800.000,1800.000,0.872558,7.567305,0.726301,16.851875,0.088554,26.965707,101.083636,0.000000,0.674919673,0.638006450,1
pi4b8_fit_20260910_v3,pi4b8g,2,1,fit,true,18,31,751,2026-09-10T13:08:33Z,171848413538045,oi_svdd_as_elm_revision,n256,256,B2,1.0,38.946,38.459,1800.000,1800.000,1800.000,1800.000,0.810041,7.017259,0.403640,16.538065,0.087832,25.415087,101.073321,0.000000,0.702881313,0.649597801,1
pi4b8_fit_20260910_v3,pi4b8g,2,1,fit,true,18,32,752,2026-09-10T13:08:33Z,171848515127912,oi_svdd_as_elm_revision,n256,256,B2,1.0,38.459,38.459,1800.000,1800.000,1800.000,1800.000,0.813633,7.035315,0.403104,16.560547,0.089646,25.469363,101.110672,0.000000,0.689251160,0.660901059,1
pi4b8_fit_20260910_v3,pi4b8g,2,1,fit,true,18,33,753,2026-09-10T13:08:33Z,171848616751556,oi_svdd_as_elm_revision,n256,256,B2,1.0,38.459,39.433,1800.000,1800.000,1800.000,1800.000,0.818170,7.026185,0.403233,16.535621,0.088443,25.441068,101.080561,0.000000,0.676642731,0.646367713,1
pi4b8_fit_20260910_v3,pi4b8g,2,1,fit,true,18,34,754,2026-09-10T13:08:33Z,171848718347997,oi_svdd_as_elm_revision,n256,256,B2,1.0,39.433,38.459,1800.000,1800.000,1800.000,1800.000,0.812911,7.089499,0.404270,16.550954,0.087776,25.512937,101.075043,0.000000,0.672224238,0.609013703,1
pi4b8_fit_20260910_v3,pi4b8g,2,1,fit,true,18,35,755,2026-09-10T13:08:33Z,171848819936271,oi_svdd_as_elm_revision,n256,256,B2,1.0,38.459,39.433,1800.000,1800.000,1800.000,1800.000,0.864836,6.995223,0.398270,16.527380,0.087573,25.547807,101.092913,0.000000,0.653575508,0.590173610,1
pi4b8_fit_20260910_v3,pi4b8g,2,1,fit,true,18,36,756,2026-09-10T13:08:33Z,171848921540786,oi_svdd_as_elm_revision,n256,256,B2,1.0,38.459,39.433,1800.000,1800.000,1800.000,1800.000,0.803374,7.116906,0.395585,16.536306,0.088035,25.504177,101.078172,0.000000,0.694632859,0.667118554,1
pi4b8_fit_20260910_v3,pi4b8g,2,1,fit,true,18,37,757,2026-09-10T13:08:33Z,171849023145226,oi_svdd_as_elm_revision,n256,256,B2,1.0,39.433,39.433,1800.000,1800.000,1800.000,1800.000,0.813133,7.021389,0.402234,16.557806,0.089665,25.484604,101.122968,0.000000,0.670061380,0.598023007,1
pi4b8_fit_20260910_v3,pi4b8g,2,1,fit,true,18,38,758,2026-09-10T13:08:34Z,171849124782018,oi_svdd_as_elm_revision,n256,256,B2,1.0,39.433,38.459,1800.000,1800.000,1800.000,1800.000,0.819836,7.032000,0.396807,16.526436,0.089017,25.433568,101.076303,0.000000,0.691216540,0.642390197,1
pi4b8_fit_20260910_v3,pi4b8g,2,1,fit,true,18,39,759,2026-09-10T13:08:34Z,171849226374663,oi_svdd_as_elm_revision,n256,256,B2,1.0,38.459,38.946,1800.000,1800.000,1800.000,1800.000,0.812615,7.075296,0.397529,16.512788,0.088961,25.463067,100.887398,0.000000,0.689397362,0.632572609,1
pi4b8_fit_20260910_v3,pi4b8g,2,1,fit,true,19,0,760,2026-09-10T13:08:34Z,171849949480936,tinydl_revision,n64,64,B0,0.0,37.485,37.485,1800.000,1800.000,1800.000,1800.000,0.901779,1.895298,0.255570,0.979797,0.091776,4.335679,101.094950,0.000000,0.708475525,0.646603043,1
pi4b8_fit_20260910_v3,pi4b8g,2,1,fit,true,19,1,761,2026-09-10T13:08:34Z,171850050993989,tinydl_revision,n64,64,B0,0.0,37.485,36.998,1800.000,1800.000,1800.000,1800.000,0.789726,1.902854,0.254958,0.978297,0.092184,4.249737,101.111542,0.000000,0.655236722,0.632916915,1
pi4b8_fit_20260910_v3,pi4b8g,2,1,fit,true,19,2,762,2026-09-10T13:08:35Z,171850152509802,tinydl_revision,n64,64,B0,0.0,36.998,37.972,1800.000,1800.000,1800.000,1800.000,0.791985,1.850577,0.254347,1.029148,0.089424,4.250458,101.065617,0.000000,0.711447063,0.668117518,1
pi4b8_fit_20260910_v3,pi4b8g,2,1,fit,true,19,3,763,2026-09-10T13:08:35Z,171850253966764,tinydl_revision,n64,64,B0,0.0,37.972,37.972,1800.000,1800.000,1800.000,1800.000,0.782763,1.926391,0.255162,0.978019,0.088220,4.262014,100.912731,0.000000,0.654704556,0.587525227,1
pi4b8_fit_20260910_v3,pi4b8g,2,1,fit,true,19,4,764,2026-09-10T13:08:35Z,171850355287765,tinydl_revision,n64,64,B0,0.0,37.972,38.459,1800.000,1800.000,1800.000,1800.000,0.843688,1.880724,0.253255,0.978370,0.088165,4.276625,101.089784,0.000000,0.649227898,0.618395019,1
pi4b8_fit_20260910_v3,pi4b8g,2,1,fit,true,19,5,765,2026-09-10T13:08:35Z,171850456788319,tinydl_revision,n64,64,B0,0.0,38.459,37.485,1800.000,1800.000,1800.000,1800.000,0.804504,1.845855,0.251199,1.029740,0.089091,4.253903,101.052951,0.000000,0.657780324,0.668467800,1
pi4b8_fit_20260910_v3,pi4b8g,2,1,fit,true,19,6,766,2026-09-10T13:08:35Z,171850558213911,tinydl_revision,n64,64,B0,0.0,37.485,37.485,1800.000,1800.000,1800.000,1800.000,0.779023,1.896539,0.254014,0.976445,0.087609,4.220218,101.051840,0.000000,0.700154217,0.673786608,1
pi4b8_fit_20260910_v3,pi4b8g,2,1,fit,true,19,7,767,2026-09-10T13:08:35Z,171850659635818,tinydl_revision,n64,64,B0,0.0,36.998,36.998,1800.000,1800.000,1800.000,1800.000,0.831966,1.811929,0.256496,0.978260,0.087239,4.192700,101.086061,0.000000,0.729387404,0.702237653,1
pi4b8_fit_20260910_v3,pi4b8g,2,1,fit,true,19,8,768,2026-09-10T13:08:35Z,171850761097743,tinydl_revision,n64,64,B0,0.0,36.998,38.459,1800.000,1800.000,1800.000,1800.000,0.782060,1.833818,0.306957,0.978389,0.088683,4.214700,101.057173,0.000000,0.683137498,0.607716222,1
pi4b8_fit_20260910_v3,pi4b8g,2,1,fit,true,19,9,769,2026-09-10T13:08:35Z,171850862519890,tinydl_revision,n64,64,B0,0.0,38.459,37.485,1800.000,1800.000,1800.000,1800.000,0.774004,1.900317,0.253143,0.975926,0.090128,4.225126,101.067377,0.000000,0.677734355,0.646502756,1
pi4b8_fit_20260910_v3,pi4b8g,2,1,fit,true,19,10,770,2026-09-10T13:08:35Z,171850963956353,tinydl_revision,n64,64,B0,0.0,37.485,37.972,1800.000,1800.000,1800.000,1800.000,0.839652,1.848836,0.251773,1.024389,0.087443,4.284069,101.073950,0.000000,0.748471203,0.759177804,1
pi4b8_fit_20260910_v3,pi4b8g,2,1,fit,true,19,11,771,2026-09-10T13:08:35Z,171851065432314,tinydl_revision,n64,64,B0,0.0,37.972,37.972,1800.000,1800.000,1800.000,1800.000,0.779449,1.912261,0.254051,0.979112,0.088147,4.252126,101.059377,0.000000,0.720017302,0.696069046,1
pi4b8_fit_20260910_v3,pi4b8g,2,1,fit,true,19,12,772,2026-09-10T13:08:36Z,171851166859554,tinydl_revision,n64,64,B0,0.0,37.972,36.998,1800.000,1800.000,1800.000,1800.000,0.785133,1.919113,0.250088,0.981112,0.088331,4.252644,101.051433,0.000000,0.693296957,0.590281349,1
pi4b8_fit_20260910_v3,pi4b8g,2,1,fit,true,19,13,773,2026-09-10T13:08:36Z,171851268316720,tinydl_revision,n64,64,B0,0.0,36.998,37.485,1800.000,1800.000,1800.000,1800.000,0.800337,1.849948,0.248366,1.027981,0.088573,4.247070,100.974063,0.000000,0.682822334,0.677418748,1
pi4b8_fit_20260910_v3,pi4b8g,2,1,fit,true,19,14,774,2026-09-10T13:08:36Z,171851369703276,tinydl_revision,n64,64,B0,0.0,37.485,37.972,1800.000,1800.000,1800.000,1800.000,0.790245,1.905354,0.252847,0.978334,0.091887,4.251458,101.050932,0.000000,0.681861151,0.660844770,1
pi4b8_fit_20260910_v3,pi4b8g,2,1,fit,true,19,15,775,2026-09-10T13:08:36Z,171851471121220,tinydl_revision,n64,64,B0,0.0,37.972,38.459,1800.000,1800.000,1800.000,1800.000,0.784337,1.877614,0.251144,0.976981,0.088239,4.208311,101.084080,0.000000,0.776545482,0.763291469,1
pi4b8_fit_20260910_v3,pi4b8g,2,1,fit,true,19,16,776,2026-09-10T13:08:36Z,171851572583274,tinydl_revision,n64,64,B0,0.0,38.459,36.998,1800.000,1800.000,1800.000,1800.000,0.785948,1.841189,0.251625,1.023407,0.085999,4.219682,101.042136,0.000000,0.718224255,0.715009053,1
pi4b8_fit_20260910_v3,pi4b8g,2,1,fit,true,19,17,777,2026-09-10T13:08:36Z,171851673996237,tinydl_revision,n64,64,B0,0.0,36.998,36.998,1800.000,1800.000,1800.000,1800.000,0.771023,1.907409,0.254699,0.976964,0.086294,4.225978,101.055136,0.000000,0.584461097,0.620656946,1
pi4b8_fit_20260910_v3,pi4b8g,2,1,fit,true,19,18,778,2026-09-10T13:08:36Z,171851775423070,tinydl_revision,n64,64,B0,0.0,36.998,37.485,1800.000,1800.000,1800.000,1800.000,0.828021,1.833096,0.250755,0.975926,0.088924,4.206459,101.087542,0.000000,0.739859747,0.745216897,1
pi4b8_fit_20260910_v3,pi4b8g,2,1,fit,true,19,19,779,2026-09-10T13:08:36Z,171851876886254,tinydl_revision,n64,64,B0,0.0,37.485,38.459,1800.000,1800.000,1800.000,1800.000,0.791226,1.831151,0.255903,1.027777,0.086221,4.221459,101.054451,0.000000,0.649307925,0.552814198,1
pi4b8_fit_20260910_v3,pi4b8g,2,1,fit,true,19,20,780,2026-09-10T13:08:36Z,171851978333086,tinydl_revision,n64,64,B0,0.0,38.459,37.972,1800.000,1800.000,1800.000,1800.000,0.791411,1.887132,0.253458,0.973611,0.086887,4.224626,101.044914,0.000000,0.658644299,0.591614707,1
pi4b8_fit_20260910_v3,pi4b8g,2,1,fit,true,19,21,781,2026-09-10T13:08:36Z,171852079757549,tinydl_revision,n64,64,B0,0.0,37.972,37.485,1800.000,1800.000,1800.000,1800.000,0.830170,1.850207,0.255570,0.976463,0.088572,4.227551,101.096617,0.000000,0.616665116,0.584769182,1
pi4b8_fit_20260910_v3,pi4b8g,2,1,fit,true,19,22,782,2026-09-10T13:08:37Z,171852181225436,tinydl_revision,n64,64,B0,0.0,37.485,37.972,1800.000,1800.000,1800.000,1800.000,0.779004,1.834596,0.257681,0.975852,0.084684,4.206534,101.048192,0.000000,0.659005814,0.655943432,1
pi4b8_fit_20260910_v3,pi4b8g,2,1,fit,true,19,23,783,2026-09-10T13:08:37Z,171852282641399,tinydl_revision,n64,64,B0,0.0,37.972,36.024,1800.000,1800.000,1800.000,1800.000,0.788448,1.880761,0.250699,0.974630,0.087202,4.210126,100.911842,0.000000,0.692854833,0.674910828,1
pi4b8_fit_20260910_v3,pi4b8g,2,1,fit,true,19,24,784,2026-09-10T13:08:37Z,171852383962900,tinydl_revision,n64,64,B0,0.0,36.024,36.511,1800.000,1800.000,1800.000,1800.000,0.854780,1.847577,0.255236,1.021240,0.087684,4.295977,101.057618,0.000000,0.683096168,0.649403099,1
pi4b8_fit_20260910_v3,pi4b8g,2,1,fit,true,19,25,785,2026-09-10T13:08:37Z,171852485394252,tinydl_revision,n64,64,B0,0.0,36.511,36.998,1800.000,1800.000,1800.000,1800.000,0.786170,1.910187,0.253273,0.977759,0.086850,4.252810,101.068987,0.000000,0.737326488,0.702585876,1
pi4b8_fit_20260910_v3,pi4b8g,2,1,fit,true,19,26,786,2026-09-10T13:08:37Z,171852586852269,tinydl_revision,n64,64,B0,0.0,36.998,36.998,1800.000,1800.000,1800.000,1800.000,0.793004,1.878484,0.252718,0.977260,0.088924,4.219311,101.050025,0.000000,0.718735024,0.627547713,1
pi4b8_fit_20260910_v3,pi4b8g,2,1,fit,true,19,27,787,2026-09-10T13:08:37Z,171852688312212,tinydl_revision,n64,64,B0,0.0,36.998,35.537,1800.000,1800.000,1800.000,1800.000,0.798800,1.853114,0.252829,1.026222,0.087980,4.249755,101.053951,0.000000,0.700963570,0.605391209,1
pi4b8_fit_20260910_v3,pi4b8g,2,1,fit,true,19,28,788,2026-09-10T13:08:37Z,171852789740434,tinydl_revision,n64,64,B0,0.0,35.537,36.024,1800.000,1800.000,1800.000,1800.000,0.782374,1.891688,0.248199,0.978167,0.085387,4.217404,101.061840,0.000000,0.710135973,0.692050151,1
pi4b8_fit_20260910_v3,pi4b8g,2,1,fit,true,19,29,789,2026-09-10T13:08:37Z,171852891168267,tinydl_revision,n64,64,B0,0.0,36.024,36.024,1800.000,1800.000,1800.000,1800.000,0.779152,1.898891,0.251014,0.978630,0.087665,4.224163,101.106339,0.000000,0.615440014,0.578739536,1
pi4b8_fit_20260910_v3,pi4b8g,2,1,fit,true,19,30,790,2026-09-10T13:08:37Z,171852992649636,tinydl_revision,n64,64,B0,0.0,36.024,37.485,1800.000,1800.000,1800.000,1800.000,0.788856,1.844818,0.250217,1.024352,0.087536,4.223292,101.056450,0.000000,0.660807123,0.570286582,1
pi4b8_fit_20260910_v3,pi4b8g,2,1,fit,true,19,31,791,2026-09-10T13:08:37Z,171853094098394,tinydl_revision,n64,64,B0,0.0,37.485,36.998,1800.000,1800.000,1800.000,1800.000,0.781578,1.882799,0.253125,0.976260,0.091202,4.214256,101.058673,0.000000,0.760657809,0.755397127,1
pi4b8_fit_20260910_v3,pi4b8g,2,1,fit,true,19,32,792,2026-09-10T13:08:38Z,171853195523153,tinydl_revision,n64,64,B0,0.0,36.998,36.024,1800.000,1800.000,1800.000,1800.000,0.838707,1.841559,0.249829,0.975889,0.088610,4.225477,101.087024,0.000000,0.601044886,0.551469197,1
pi4b8_fit_20260910_v3,pi4b8g,2,1,fit,true,19,33,793,2026-09-10T13:08:38Z,171853296985781,tinydl_revision,n64,64,B0,0.0,36.024,37.485,1800.000,1800.000,1800.000,1800.000,0.789208,1.826467,0.298717,0.981445,0.087832,4.212608,100.909472,0.000000,0.638181704,0.601136166,1
pi4b8_fit_20260910_v3,pi4b8g,2,1,fit,true,19,34,794,2026-09-10T13:08:38Z,171853398304838,tinydl_revision,n64,64,B0,0.0,37.485,36.511,1800.000,1800.000,1800.000,1800.000,0.775597,1.934908,0.254217,0.978445,0.087980,4.260681,101.068710,0.000000,0.723329737,0.700296265,1
pi4b8_fit_20260910_v3,pi4b8g,2,1,fit,true,19,35,795,2026-09-10T13:08:38Z,171853499772337,tinydl_revision,n64,64,B0,0.0,36.511,36.511,1800.000,1800.000,1800.000,1800.000,0.852318,1.853762,0.252292,0.977149,0.137238,4.306458,101.074228,0.000000,0.646306525,0.571600378,1
pi4b8_fit_20260910_v3,pi4b8g,2,1,fit,true,19,36,796,2026-09-10T13:08:38Z,171853601223225,tinydl_revision,n64,64,B0,0.0,36.511,35.050,1800.000,1800.000,1800.000,1800.000,0.787541,1.856095,0.253348,0.977260,0.087666,4.239588,101.054173,0.000000,0.749232762,0.697389587,1
pi4b8_fit_20260910_v3,pi4b8g,2,1,fit,true,19,37,797,2026-09-10T13:08:38Z,171853702648039,tinydl_revision,n64,64,B0,0.0,35.050,35.537,1800.000,1800.000,1800.000,1800.000,0.790356,1.875243,0.252069,0.978093,0.087258,4.211700,101.052581,0.000000,0.694256414,0.647231003,1
pi4b8_fit_20260910_v3,pi4b8g,2,1,fit,true,19,38,798,2026-09-10T13:08:38Z,171853804112409,tinydl_revision,n64,64,B0,0.0,35.537,36.024,1800.000,1800.000,1800.000,1800.000,0.797485,1.830226,0.254699,1.026629,0.087906,4.227903,101.059672,0.000000,0.682867726,0.623636941,1
pi4b8_fit_20260910_v3,pi4b8g,2,1,fit,true,19,39,799,2026-09-10T13:08:38Z,171853905547278,tinydl_revision,n64,64,B0,0.0,36.024,36.024,1800.000,1800.000,1800.000,1800.000,0.786042,1.902002,0.260014,0.977111,0.090258,4.251570,101.060784,0.000000,0.677068143,0.634565949,1
pi4b8_fit_20260910_v3,pi4b8g,2,1,fit,true,20,0,800,2026-09-10T13:08:39Z,171854513143978,tinydl_revision,n64,64,B2,1.0,36.511,36.511,1800.000,1800.000,1800.000,1800.000,0.884520,1.874298,0.261236,0.979742,0.092943,4.376160,101.053655,0.000000,0.695785866,0.681987794,1
pi4b8_fit_20260910_v3,pi4b8g,2,1,fit,true,20,1,801,2026-09-10T13:08:39Z,171854614577866,tinydl_revision,n64,64,B2,1.0,36.511,37.972,1800.000,1800.000,1800.000,1800.000,0.784411,1.877910,0.251495,0.977667,0.089165,4.208460,101.045877,0.000000,0.712479399,0.692814454,1
pi4b8_fit_20260910_v3,pi4b8g,2,1,fit,true,20,2,802,2026-09-10T13:08:39Z,171854715996773,tinydl_revision,n64,64,B2,1.0,37.972,36.024,1800.000,1800.000,1800.000,1800.000,0.816596,1.844762,0.253069,1.013407,0.088350,4.287755,101.050044,0.000000,0.735391666,0.739282742,1
pi4b8_fit_20260910_v3,pi4b8g,2,1,fit,true,20,3,803,2026-09-10T13:08:39Z,171854817433106,tinydl_revision,n64,64,B2,1.0,36.998,36.998,1800.000,1800.000,1800.000,1800.000,0.791726,1.878799,0.254587,0.979149,0.087517,4.229311,101.046395,0.000000,0.618763293,0.631555022,1
pi4b8_fit_20260910_v3,pi4b8g,2,1,fit,true,20,4,804,2026-09-10T13:08:39Z,171854918851383,tinydl_revision,n64,64,B2,1.0,36.998,37.485,1800.000,1800.000,1800.000,1800.000,0.788004,1.896317,0.252051,0.976649,0.092851,4.237200,101.053988,0.000000,0.709406416,0.739043424,1
pi4b8_fit_20260910_v3,pi4b8g,2,1,fit,true,20,5,805,2026-09-10T13:08:39Z,171855020312234,tinydl_revision,n64,64,B2,1.0,37.485,37.485,1800.000,1800.000,1800.000,1800.000,0.803448,1.843651,0.256754,1.013889,0.092183,4.237015,101.056599,0.000000,0.745124339,0.754167183,1
pi4b8_fit_20260910_v3,pi4b8g,2,1,fit,true,20,6,806,2026-09-10T13:08:40Z,171855121751141,tinydl_revision,n64,64,B2,1.0,37.485,36.998,1800.000,1800.000,1800.000,1800.000,0.782893,1.903446,0.254032,0.981093,0.086794,4.239533,101.054988,0.000000,0.660006818,0.643518580,1
pi4b8_fit_20260910_v3,pi4b8g,2,1,fit,true,20,7,807,2026-09-10T13:08:40Z,171855223174751,tinydl_revision,n64,64,B2,1.0,36.998,36.511,1800.000,1800.000,1800.000,1800.000,0.823319,1.855003,0.251347,0.976778,0.086202,4.226256,101.105432,0.000000,0.658734521,0.637625918,1
pi4b8_fit_20260910_v3,pi4b8g,2,1,fit,true,20,8,808,2026-09-10T13:08:40Z,171855324661935,tinydl_revision,n64,64,B2,1.0,36.511,37.972,1800.000,1800.000,1800.000,1800.000,0.802652,1.848503,0.253329,1.021111,0.087535,4.248885,100.914324,0.000000,0.696772686,0.699190411,1
pi4b8_fit_20260910_v3,pi4b8g,2,1,fit,true,20,9,809,2026-09-10T13:08:40Z,171855425987547,tinydl_revision,n64,64,B2,1.0,37.972,37.485,1800.000,1800.000,1800.000,1800.000,0.782412,1.915075,0.255088,0.977574,0.093535,4.256440,101.057859,0.000000,0.643237936,0.590287577,1
pi4b8_fit_20260910_v3,pi4b8g,2,1,fit,true,20,10,810,2026-09-10T13:08:40Z,171855527413843,tinydl_revision,n64,64,B2,1.0,37.485,37.485,1800.000,1800.000,1800.000,1800.000,0.834540,1.851651,0.254477,0.977852,0.086924,4.235626,101.083432,0.000000,0.754459139,0.728863413,1
pi4b8_fit_20260910_v3,pi4b8g,2,1,fit,true,20,11,811,2026-09-10T13:08:40Z,171855628904064,tinydl_revision,n64,64,B2,1.0,37.485,36.998,1800.000,1800.000,1800.000,1800.000,0.804115,1.853076,0.289347,0.980519,0.087443,4.247551,101.098357,0.000000,0.686123083,0.611261629,1
pi4b8_fit_20260910_v3,pi4b8g,2,1,fit,true,20,12,812,2026-09-10T13:08:40Z,171855730437172,tinydl_revision,n64,64,B2,1.0,36.998,37.485,1800.000,1800.000,1800.000,1800.000,0.812411,1.906965,0.255051,0.977093,0.088517,4.276625,101.052729,0.000000,0.673753314,0.624170370,1
pi4b8_fit_20260910_v3,pi4b8g,2,1,fit,true,20,13,813,2026-09-10T13:08:40Z,171855831871746,tinydl_revision,n64,64,B2,1.0,37.485,37.485,1800.000,1800.000,1800.000,1800.000,0.864077,1.858040,0.251625,1.051203,0.089758,4.352512,101.064321,0.000000,0.627840530,0.582378395,1
pi4b8_fit_20260910_v3,pi4b8g,2,1,fit,true,20,14,814,2026-09-10T13:08:40Z,171855933309356,tinydl_revision,n64,64,B2,1.0,37.485,37.485,1800.000,1800.000,1800.000,1800.000,0.782967,1.841244,0.254162,0.975722,0.089202,4.211256,101.213485,0.000000,0.698533534,0.679466581,1
pi4b8_fit_20260910_v3,pi4b8g,2,1,fit,true,20,15,815,2026-09-10T13:08:40Z,171856034982703,tinydl_revision,n64,64,B2,1.0,37.485,36.998,1800.000,1800.000,1800.000,1800.000,0.937983,2.003500,0.282236,1.043055,0.098294,4.650525,101.141301,0.000000,0.643240068,0.671672519,1
pi4b8_fit_20260910_v3,pi4b8g,2,1,fit,true,20,16,816,2026-09-10T13:08:41Z,171856136556792,tinydl_revision,n64,64,B2,1.0,38.946,38.459,1800.000,1800.000,1800.000,1800.000,0.809800,1.841874,0.251458,1.016925,0.088998,4.240959,101.046229,0.000000,0.689341805,0.626408757,1
pi4b8_fit_20260910_v3,pi4b8g,2,1,fit,true,20,17,817,2026-09-10T13:08:41Z,171856237975422,tinydl_revision,n64,64,B2,1.0,38.459,37.972,1800.000,1800.000,1800.000,1800.000,0.791912,1.914094,0.254792,0.977130,0.088072,4.254866,101.055173,0.000000,0.714830795,0.675486847,1
pi4b8_fit_20260910_v3,pi4b8g,2,1,fit,true,20,18,818,2026-09-10T13:08:41Z,171856339421587,tinydl_revision,n64,64,B2,1.0,37.972,36.998,1800.000,1800.000,1800.000,1800.000,1.373400,2.146164,0.349216,1.099424,0.082351,5.477103,101.027433,0.000000,0.646775837,0.614631221,1
pi4b8_fit_20260910_v3,pi4b8g,2,1,fit,true,20,19,819,2026-09-10T13:08:41Z,171856440827735,tinydl_revision,n64,64,B2,1.0,36.998,37.972,1800.000,1800.000,1800.000,1800.000,0.786597,1.847484,0.254847,1.016130,0.089128,4.221904,101.052210,0.000000,0.670061459,0.643330946,1
pi4b8_fit_20260910_v3,pi4b8g,2,1,fit,true,20,20,820,2026-09-10T13:08:41Z,171856542251642,tinydl_revision,n64,64,B2,1.0,37.972,36.511,1800.000,1800.000,1800.000,1800.000,0.775319,1.891873,0.248977,0.980426,0.087387,4.216719,101.054266,0.000000,0.748278964,0.684535451,1
pi4b8_fit_20260910_v3,pi4b8g,2,1,fit,true,20,21,821,2026-09-10T13:08:41Z,171856643679012,tinydl_revision,n64,64,B2,1.0,36.511,36.998,1800.000,1800.000,1800.000,1800.000,0.836929,1.848929,0.250440,0.979316,0.087146,4.232755,101.065525,0.000000,0.700282384,0.661698362,1
pi4b8_fit_20260910_v3,pi4b8g,2,1,fit,true,20,22,822,2026-09-10T13:08:41Z,171856745119697,tinydl_revision,n64,64,B2,1.0,36.998,37.972,1800.000,1800.000,1800.000,1800.000,0.781467,1.850595,0.285514,0.981186,0.086165,4.219014,101.044247,0.000000,0.674452538,0.643063763,1
pi4b8_fit_20260910_v3,pi4b8g,2,1,fit,true,20,23,823,2026-09-10T13:08:41Z,171856846541567,tinydl_revision,n64,64,B2,1.0,37.972,37.485,1800.000,1800.000,1800.000,1800.000,0.777967,1.911373,0.249625,0.976667,0.087998,4.233421,101.048321,0.000000,0.755928081,0.725017326,1
pi4b8_fit_20260910_v3,pi4b8g,2,1,fit,true,20,24,824,2026-09-10T13:08:41Z,171856947963955,tinydl_revision,n64,64,B2,1.0,37.485,37.485,1800.000,1800.000,1800.000,1800.000,0.801597,1.833318,0.253736,1.014703,0.088184,4.262181,101.048803,0.000000,0.674214786,0.698232407,1
pi4b8_fit_20260910_v3,pi4b8g,2,1,fit,true,20,25,825,2026-09-10T13:08:41Z,171857049398954,tinydl_revision,n64,64,B2,1.0,37.485,37.972,1800.000,1800.000,1800.000,1800.000,0.793023,1.895095,0.253977,0.973983,0.090368,4.245181,101.045025,0.000000,0.665561063,0.736198816,1
pi4b8_fit_20260910_v3,pi4b8g,2,1,fit,true,20,26,826,2026-09-10T13:08:42Z,171857150845139,tinydl_revision,n64,64,B2,1.0,37.972,37.972,1800.000,1800.000,1800.000,1800.000,0.787633,1.882762,0.254236,0.978833,0.087980,4.226366,101.043080,0.000000,0.625919251,0.614190169,1
pi4b8_fit_20260910_v3,pi4b8g,2,1,fit,true,20,27,827,2026-09-10T13:08:42Z,171857252293415,tinydl_revision,n64,64,B2,1.0,37.972,37.972,1800.000,1800.000,1800.000,1800.000,0.809134,1.847781,0.248514,1.017963,0.088239,4.242089,100.900954,0.000000,0.735044023,0.697566308,1
pi4b8_fit_20260910_v3,pi4b8g,2,1,fit,true,20,28,828,2026-09-10T13:08:42Z,171857353603676,tinydl_revision,n64,64,B2,1.0,37.972,37.972,1800.000,1800.000,1800.000,1800.000,0.780745,1.914224,0.254903,0.976574,0.088739,4.248144,101.053636,0.000000,0.640045536,0.648174401,1
pi4b8_fit_20260910_v3,pi4b8g,2,1,fit,true,20,29,829,2026-09-10T13:08:42Z,171857455037231,tinydl_revision,n64,64,B2,1.0,37.972,37.972,1800.000,1800.000,1800.000,1800.000,0.789337,1.891947,0.250180,0.978278,0.087813,4.229219,101.090321,0.000000,0.699152713,0.666815765,1
pi4b8_fit_20260910_v3,pi4b8g,2,1,fit,true,20,30,830,2026-09-10T13:08:42Z,171857556502749,tinydl_revision,n64,64,B2,1.0,37.972,38.459,1800.000,1800.000,1800.000,1800.000,0.788133,1.844243,0.255995,1.017278,0.089239,4.232329,101.115671,0.000000,0.659550524,0.583504933,1
pi4b8_fit_20260910_v3,pi4b8g,2,1,fit,true,20,31,831,2026-09-10T13:08:42Z,171857658050283,tinydl_revision,n64,64,B2,1.0,38.459,37.485,1800.000,1800.000,1800.000,1800.000,0.802486,1.901798,0.253532,0.980000,0.087406,4.266366,101.053025,0.000000,0.734232205,0.673452476,1
pi4b8_fit_20260910_v3,pi4b8g,2,1,fit,true,20,32,832,2026-09-10T13:08:42Z,171857759476060,tinydl_revision,n64,64,B2,1.0,37.485,37.485,1800.000,1800.000,1800.000,1800.000,0.839263,1.838521,0.254847,0.977537,0.088536,4.233922,101.118283,0.000000,0.589666262,0.572876791,1
pi4b8_fit_20260910_v3,pi4b8g,2,1,fit,true,20,33,833,2026-09-10T13:08:42Z,171857860976984,tinydl_revision,n64,64,B2,1.0,37.485,38.459,1800.000,1800.000,1800.000,1800.000,0.792023,1.840078,0.287476,0.980186,0.090183,4.220311,101.042285,0.000000,0.723778436,0.668500079,1
pi4b8_fit_20260910_v3,pi4b8g,2,1,fit,true,20,34,834,2026-09-10T13:08:42Z,171857962386373,tinydl_revision,n64,64,B2,1.0,37.972,38.946,1800.000,1800.000,1800.000,1800.000,0.782523,1.901335,0.250032,0.976816,0.088405,4.229829,101.052469,0.000000,0.623458099,0.607974719,1
pi4b8_fit_20260910_v3,pi4b8g,2,1,fit,true,20,35,835,2026-09-10T13:08:42Z,171858063810076,tinydl_revision,n64,64,B2,1.0,38.946,37.972,1800.000,1800.000,1800.000,1800.000,0.832855,1.860336,0.253125,0.977519,0.120979,4.277903,101.073543,0.000000,0.613307219,0.578220991,1
pi4b8_fit_20260910_v3,pi4b8g,2,1,fit,true,20,36,836,2026-09-10T13:08:43Z,171858165255705,tinydl_revision,n64,64,B2,1.0,37.972,38.459,1800.000,1800.000,1800.000,1800.000,0.786004,1.849522,0.252421,0.978037,0.087758,4.220607,101.044729,0.000000,0.676879756,0.619515663,1
pi4b8_fit_20260910_v3,pi4b8g,2,1,fit,true,20,37,837,2026-09-10T13:08:43Z,171858266681890,tinydl_revision,n64,64,B2,1.0,38.459,38.946,1800.000,1800.000,1800.000,1800.000,0.779171,1.903873,0.252254,0.979556,0.087794,4.232625,100.888379,0.000000,0.689761077,0.657996192,1
pi4b8_fit_20260910_v3,pi4b8g,2,1,fit,true,20,38,838,2026-09-10T13:08:43Z,171858367975762,tinydl_revision,n64,64,B2,1.0,38.946,37.972,1800.000,1800.000,1800.000,1800.000,0.804671,1.849410,0.257051,1.017704,0.088535,4.289013,101.044488,0.000000,0.719344029,0.681116642,1
pi4b8_fit_20260910_v3,pi4b8g,2,1,fit,true,20,39,839,2026-09-10T13:08:43Z,171858469401724,tinydl_revision,n64,64,B2,1.0,37.972,37.972,1800.000,1800.000,1800.000,1800.000,0.784634,1.893595,0.252774,0.976575,0.088980,4.230830,101.057377,0.000000,0.690707671,0.678558605,1
pi4b8_fit_20260910_v3,pi4b8g,2,1,fit,true,21,0,840,2026-09-10T13:08:44Z,171859199572552,tinydl_revision,n512,512,B0,0.0,37.485,37.972,1800.000,1800.000,1800.000,1800.000,0.991482,14.134202,0.599341,6.643710,0.095757,23.419883,101.109135,0.000000,0.682255875,0.635223105,1
pi4b8_fit_20260910_v3,pi4b8g,2,1,fit,true,21,1,841,2026-09-10T13:08:44Z,171859301377433,tinydl_revision,n512,512,B0,0.0,37.972,37.485,1800.000,1800.000,1800.000,1800.000,0.860373,14.149943,0.549786,6.691191,0.100443,23.287441,100.926509,0.000000,0.683253570,0.636809727,1
pi4b8_fit_20260910_v3,pi4b8g,2,1,fit,true,21,2,842,2026-09-10T13:08:44Z,171859403015762,tinydl_revision,n512,512,B0,0.0,37.485,36.998,1800.000,1800.000,1800.000,1800.000,0.848744,13.970076,0.551490,6.708728,0.097461,23.131814,101.111450,0.000000,0.683773425,0.642039991,1
pi4b8_fit_20260910_v3,pi4b8g,2,1,fit,true,21,3,843,2026-09-10T13:08:44Z,171859504789904,tinydl_revision,n512,512,B0,0.0,36.998,37.485,1800.000,1800.000,1800.000,1800.000,0.844707,14.035038,0.543471,6.668432,0.098183,23.192072,101.080080,0.000000,0.704756716,0.693392182,1
pi4b8_fit_20260910_v3,pi4b8g,2,1,fit,true,21,4,844,2026-09-10T13:08:44Z,171859606531860,tinydl_revision,n512,512,B0,0.0,37.485,37.485,1800.000,1800.000,1800.000,1800.000,0.834226,14.051018,0.547064,6.676562,0.098221,23.170814,101.080654,0.000000,0.678354600,0.638153713,1
pi4b8_fit_20260910_v3,pi4b8g,2,1,fit,true,21,5,845,2026-09-10T13:08:44Z,171859708326409,tinydl_revision,n512,512,B0,0.0,37.485,37.972,1800.000,1800.000,1800.000,1800.000,0.889299,13.966557,0.554360,6.653081,0.098331,23.156832,101.070172,0.000000,0.676473821,0.630936583,1
pi4b8_fit_20260910_v3,pi4b8g,2,1,fit,true,21,6,846,2026-09-10T13:08:44Z,171859810055977,tinydl_revision,n512,512,B0,0.0,36.998,37.972,1800.000,1800.000,1800.000,1800.000,0.841540,14.144406,0.542619,6.683933,0.097980,23.275311,101.070154,0.000000,0.696503340,0.652256136,1
pi4b8_fit_20260910_v3,pi4b8g,2,1,fit,true,21,7,847,2026-09-10T13:08:44Z,171859911784489,tinydl_revision,n512,512,B0,0.0,37.972,36.998,1800.000,1800.000,1800.000,1800.000,0.901484,13.904022,0.590971,6.659969,0.098813,23.104666,101.109376,0.000000,0.682254055,0.678612626,1
pi4b8_fit_20260910_v3,pi4b8g,2,1,fit,true,21,8,848,2026-09-10T13:08:44Z,171860013564075,tinydl_revision,n512,512,B0,0.0,36.998,36.998,1800.000,1800.000,1800.000,1800.000,0.836836,14.067277,0.547990,6.680358,0.099369,23.187090,101.083857,0.000000,0.682501411,0.645489342,1
pi4b8_fit_20260910_v3,pi4b8g,2,1,fit,true,21,9,849,2026-09-10T13:08:45Z,171860115306439,tinydl_revision,n512,512,B0,0.0,36.998,36.998,1800.000,1800.000,1800.000,1800.000,0.891021,13.970890,0.546472,6.676525,0.099146,23.126462,101.123986,0.000000,0.695632223,0.679720434,1
pi4b8_fit_20260910_v3,pi4b8g,2,1,fit,true,21,10,850,2026-09-10T13:08:45Z,171860217099857,tinydl_revision,n512,512,B0,0.0,36.998,36.024,1800.000,1800.000,1800.000,1800.000,0.838355,14.086721,0.547656,6.690544,0.099739,23.228294,101.081265,0.000000,0.671374577,0.636792015,1
pi4b8_fit_20260910_v3,pi4b8g,2,1,fit,true,21,11,851,2026-09-10T13:08:45Z,171860318857165,tinydl_revision,n512,512,B0,0.0,36.024,37.485,1800.000,1800.000,1800.000,1800.000,0.844095,13.987983,0.547267,6.671525,0.097887,23.093815,100.921639,0.000000,0.678326618,0.643780614,1
pi4b8_fit_20260910_v3,pi4b8g,2,1,fit,true,21,12,852,2026-09-10T13:08:45Z,171860420520086,tinydl_revision,n512,512,B0,0.0,37.485,36.998,1800.000,1800.000,1800.000,1800.000,0.858410,13.945465,0.545916,6.665637,0.098610,23.136000,101.089117,0.000000,0.688391623,0.636800592,1
pi4b8_fit_20260910_v3,pi4b8g,2,1,fit,true,21,13,853,2026-09-10T13:08:45Z,171860522300487,tinydl_revision,n512,512,B0,0.0,36.998,37.972,1800.000,1800.000,1800.000,1800.000,0.851040,14.183812,0.546545,6.679173,0.100387,23.312125,101.088061,0.000000,0.672960957,0.623150929,1
pi4b8_fit_20260910_v3,pi4b8g,2,1,fit,true,21,14,854,2026-09-10T13:08:45Z,171860624102591,tinydl_revision,n512,512,B0,0.0,36.998,36.998,1800.000,1800.000,1800.000,1800.000,0.871169,14.120739,0.546953,6.664747,0.097517,23.314718,101.080931,0.000000,0.703670114,0.673443212,1
pi4b8_fit_20260910_v3,pi4b8g,2,1,fit,true,21,15,855,2026-09-10T13:08:45Z,171860725838973,tinydl_revision,n512,512,B0,0.0,36.998,37.485,1800.000,1800.000,1800.000,1800.000,0.842373,14.125517,0.549397,6.685599,0.098147,23.236794,101.085765,0.000000,0.683528429,0.667482897,1
pi4b8_fit_20260910_v3,pi4b8g,2,1,fit,true,21,16,856,2026-09-10T13:08:45Z,171860827617818,tinydl_revision,n512,512,B0,0.0,37.485,36.024,1800.000,1800.000,1800.000,1800.000,1.010908,14.058889,0.590693,6.643767,0.098165,23.369143,101.113302,0.000000,0.691184320,0.644601351,1
pi4b8_fit_20260910_v3,pi4b8g,2,1,fit,true,21,17,857,2026-09-10T13:08:45Z,171860929412144,tinydl_revision,n512,512,B0,0.0,36.024,36.024,1800.000,1800.000,1800.000,1800.000,0.843762,14.065241,0.548342,6.689765,0.098498,23.183165,101.072265,0.000000,0.668572378,0.626726701,1
pi4b8_fit_20260910_v3,pi4b8g,2,1,fit,true,21,18,858,2026-09-10T13:08:45Z,171861031166897,tinydl_revision,n512,512,B0,0.0,36.024,36.511,1800.000,1800.000,1800.000,1800.000,0.889169,14.066333,0.546398,6.676321,0.098165,23.238719,101.133727,0.000000,0.693648354,0.667995933,1
pi4b8_fit_20260910_v3,pi4b8g,2,1,fit,true,21,19,859,2026-09-10T13:08:46Z,171861132964945,tinydl_revision,n512,512,B0,0.0,36.511,36.024,1800.000,1800.000,1800.000,1800.000,0.854558,14.001371,0.550305,6.668191,0.097590,23.192239,101.088209,0.000000,0.696144472,0.671934402,1
pi4b8_fit_20260910_v3,pi4b8g,2,1,fit,true,21,20,860,2026-09-10T13:08:46Z,171861234722716,tinydl_revision,n512,512,B0,0.0,36.024,36.998,1800.000,1800.000,1800.000,1800.000,0.843559,14.074055,0.545638,6.673321,0.097294,23.191757,101.078950,0.000000,0.671813247,0.643712722,1
pi4b8_fit_20260910_v3,pi4b8g,2,1,fit,true,21,21,861,2026-09-10T13:08:46Z,171861336512153,tinydl_revision,n512,512,B0,0.0,36.998,35.537,1800.000,1800.000,1800.000,1800.000,0.860688,13.937872,0.533990,6.743376,0.095813,23.173851,101.062099,0.000000,0.693142146,0.682544723,1
pi4b8_fit_20260910_v3,pi4b8g,2,1,fit,true,21,22,862,2026-09-10T13:08:46Z,171861438245388,tinydl_revision,n512,512,B0,0.0,37.972,36.511,1800.000,1800.000,1800.000,1800.000,0.841800,14.194720,0.552267,6.682821,0.097702,23.337829,101.075469,0.000000,0.662253251,0.620413754,1
pi4b8_fit_20260910_v3,pi4b8g,2,1,fit,true,21,23,863,2026-09-10T13:08:46Z,171861539992363,tinydl_revision,n512,512,B0,0.0,36.511,37.485,1800.000,1800.000,1800.000,1800.000,0.864873,14.036296,0.597434,6.643970,0.099276,23.229349,101.085747,0.000000,0.684495057,0.641229809,1
pi4b8_fit_20260910_v3,pi4b8g,2,1,fit,true,21,24,864,2026-09-10T13:08:46Z,171861641730190,tinydl_revision,n512,512,B0,0.0,37.485,36.998,1800.000,1800.000,1800.000,1800.000,0.845522,14.120499,0.547027,6.693469,0.099442,23.272849,101.085913,0.000000,0.690780958,0.643280268,1
pi4b8_fit_20260910_v3,pi4b8g,2,1,fit,true,21,25,865,2026-09-10T13:08:46Z,171861743480869,tinydl_revision,n512,512,B0,0.0,36.998,36.024,1800.000,1800.000,1800.000,1800.000,0.897632,14.114499,0.548972,6.679155,0.099017,23.276700,101.097931,0.000000,0.672163713,0.635737808,1
pi4b8_fit_20260910_v3,pi4b8g,2,1,fit,true,21,26,866,2026-09-10T13:08:46Z,171861845249343,tinydl_revision,n512,512,B0,0.0,36.024,36.998,1800.000,1800.000,1800.000,1800.000,0.845688,14.182054,0.545416,6.684006,0.098201,23.325274,101.075284,0.000000,0.703279837,0.668824021,1
pi4b8_fit_20260910_v3,pi4b8g,2,1,fit,true,21,27,867,2026-09-10T13:08:46Z,171861946995430,tinydl_revision,n512,512,B0,0.0,36.998,37.485,1800.000,1800.000,1800.000,1800.000,0.837059,14.104388,0.555582,6.674840,0.099165,23.215775,101.123931,0.000000,0.680039939,0.658003479,1
pi4b8_fit_20260910_v3,pi4b8g,2,1,fit,true,21,28,868,2026-09-10T13:08:46Z,171862048824922,tinydl_revision,n512,512,B0,0.0,37.485,36.511,1800.000,1800.000,1800.000,1800.000,0.852410,14.131073,0.539879,6.672284,0.096090,23.333717,101.081542,0.000000,0.686034669,0.636949454,1
pi4b8_fit_20260910_v3,pi4b8g,2,1,fit,true,21,29,869,2026-09-10T13:08:47Z,171862150585489,tinydl_revision,n512,512,B0,0.0,36.511,37.485,1800.000,1800.000,1800.000,1800.000,0.837892,14.060055,0.548009,6.671710,0.101295,23.168832,101.081210,0.000000,0.689470932,0.643206474,1
pi4b8_fit_20260910_v3,pi4b8g,2,1,fit,true,21,30,870,2026-09-10T13:08:47Z,171862252362538,tinydl_revision,n512,512,B0,0.0,37.485,36.511,1800.000,1800.000,1800.000,1800.000,0.863058,13.978279,0.538675,6.734098,0.096238,23.239108,101.080117,0.000000,0.695761387,0.689812546,1
pi4b8_fit_20260910_v3,pi4b8g,2,1,fit,true,21,31,871,2026-09-10T13:08:47Z,171862354139882,tinydl_revision,n512,512,B0,0.0,36.511,36.998,1800.000,1800.000,1800.000,1800.000,0.864873,14.853022,0.931279,6.689988,0.098091,24.598436,101.073655,0.000000,0.676035259,0.641331208,1
pi4b8_fit_20260910_v3,pi4b8g,2,1,fit,true,21,32,872,2026-09-10T13:08:47Z,171862455886098,tinydl_revision,n512,512,B0,0.0,36.998,36.998,1800.000,1800.000,1800.000,1800.000,0.910891,13.981631,0.592341,6.644100,0.100036,23.190387,101.093265,0.000000,0.686895496,0.654099196,1
pi4b8_fit_20260910_v3,pi4b8g,2,1,fit,true,21,33,873,2026-09-10T13:08:47Z,171862557644462,tinydl_revision,n512,512,B0,0.0,36.998,37.485,1800.000,1800.000,1800.000,1800.000,0.841485,14.051444,0.553434,6.684154,0.098850,23.172036,101.084821,0.000000,0.681902258,0.672197586,1
pi4b8_fit_20260910_v3,pi4b8g,2,1,fit,true,21,34,874,2026-09-10T13:08:47Z,171862659392641,tinydl_revision,n512,512,B0,0.0,37.485,36.511,1800.000,1800.000,1800.000,1800.000,0.901613,14.068611,0.545582,6.673137,0.098775,23.249960,101.117079,0.000000,0.667581555,0.630899919,1
pi4b8_fit_20260910_v3,pi4b8g,2,1,fit,true,21,35,875,2026-09-10T13:08:47Z,171862761180708,tinydl_revision,n512,512,B0,0.0,36.511,36.998,1800.000,1800.000,1800.000,1800.000,0.845281,14.087426,0.553230,6.792338,0.096925,23.321181,101.068006,0.000000,0.680471404,0.637305837,1
pi4b8_fit_20260910_v3,pi4b8g,2,1,fit,true,21,36,876,2026-09-10T13:08:47Z,171862862916220,tinydl_revision,n512,512,B0,0.0,36.998,36.511,1800.000,1800.000,1800.000,1800.000,0.848095,14.062944,0.539694,6.683655,0.099220,23.198202,101.071913,0.000000,0.694311171,0.641122924,1
pi4b8_fit_20260910_v3,pi4b8g,2,1,fit,true,21,37,877,2026-09-10T13:08:47Z,171862964685509,tinydl_revision,n512,512,B0,0.0,36.511,36.024,1800.000,1800.000,1800.000,1800.000,0.859780,14.154127,0.555305,6.671192,0.124609,23.363662,101.086340,0.000000,0.680134460,0.644895370,1
pi4b8_fit_20260910_v3,pi4b8g,2,1,fit,true,21,38,878,2026-09-10T13:08:47Z,171863066449021,tinydl_revision,n512,512,B0,0.0,35.537,35.537,1800.000,1800.000,1800.000,1800.000,0.840725,14.185238,0.541249,6.677692,0.097795,23.311607,101.085876,0.000000,0.712371630,0.688574374,1
pi4b8_fit_20260910_v3,pi4b8g,2,1,fit,true,21,39,879,2026-09-10T13:08:48Z,171863168238995,tinydl_revision,n512,512,B0,0.0,35.537,36.511,1800.000,1800.000,1800.000,1800.000,0.860855,14.057518,0.554287,6.651636,0.096128,23.208406,101.082117,0.000000,0.660486875,0.634416161,1
pi4b8_fit_20260910_v3,pi4b8g,2,1,fit,true,22,0,880,2026-09-10T13:08:48Z,171863776416333,tinydl_revision,n1024,1024,B1,0.5,36.511,37.485,1800.000,1800.000,1800.000,1800.000,0.980259,28.060889,0.836559,13.112499,0.101813,44.990096,101.084635,0.000000,0.688258735,0.640081967,1
pi4b8_fit_20260910_v3,pi4b8g,2,1,fit,true,22,1,881,2026-09-10T13:08:48Z,171863878464765,tinydl_revision,n1024,1024,B1,0.5,37.485,36.998,1800.000,1800.000,1800.000,1800.000,0.892502,28.272886,0.753467,13.106721,0.101609,44.940171,101.088099,0.000000,0.684575534,0.665731686,1
pi4b8_fit_20260910_v3,pi4b8g,2,1,fit,true,22,2,882,2026-09-10T13:08:48Z,171863980547512,tinydl_revision,n1024,1024,B1,0.5,36.998,36.024,1800.000,1800.000,1800.000,1800.000,0.904984,27.830765,0.752041,13.136887,0.100257,44.517419,101.084524,0.000000,0.683374776,0.658673499,1
pi4b8_fit_20260910_v3,pi4b8g,2,1,fit,true,22,3,883,2026-09-10T13:08:48Z,171864082605907,tinydl_revision,n1024,1024,B1,0.5,36.024,36.998,1800.000,1800.000,1800.000,1800.000,0.891761,27.719507,0.753227,13.103592,0.101998,44.386181,101.093098,0.000000,0.683120527,0.641346585,1
pi4b8_fit_20260910_v3,pi4b8g,2,1,fit,true,22,4,884,2026-09-10T13:08:49Z,171864184695376,tinydl_revision,n1024,1024,B1,0.5,36.998,36.998,1800.000,1800.000,1800.000,1800.000,0.900464,27.635565,0.753542,13.136795,0.100739,44.281720,101.083358,0.000000,0.685202121,0.646802339,1
pi4b8_fit_20260910_v3,pi4b8g,2,1,fit,true,22,5,885,2026-09-10T13:08:49Z,171864286740901,tinydl_revision,n1024,1024,B1,0.5,36.998,36.511,1800.000,1800.000,1800.000,1800.000,0.898076,27.516825,0.752227,13.086759,0.102980,44.245795,100.899231,0.000000,0.686520591,0.653874329,1
pi4b8_fit_20260910_v3,pi4b8g,2,1,fit,true,22,6,886,2026-09-10T13:08:49Z,171864388695687,tinydl_revision,n1024,1024,B1,0.5,36.511,36.511,1800.000,1800.000,1800.000,1800.000,0.930242,27.740414,0.753930,13.133665,0.102220,44.401866,101.080784,0.000000,0.688399762,0.648133299,1
pi4b8_fit_20260910_v3,pi4b8g,2,1,fit,true,22,7,887,2026-09-10T13:08:49Z,171864490748175,tinydl_revision,n1024,1024,B1,0.5,36.511,37.485,1800.000,1800.000,1800.000,1800.000,0.903021,27.607731,0.748245,13.090907,0.101647,44.256739,101.079506,0.000000,0.681315567,0.659334497,1
pi4b8_fit_20260910_v3,pi4b8g,2,1,fit,true,22,8,888,2026-09-10T13:08:49Z,171864592803589,tinydl_revision,n1024,1024,B1,0.5,37.485,36.511,1800.000,1800.000,1800.000,1800.000,0.903539,27.789099,0.758727,13.130554,0.103091,44.432791,101.078932,0.000000,0.678970837,0.653649849,1
pi4b8_fit_20260910_v3,pi4b8g,2,1,fit,true,22,9,889,2026-09-10T13:08:49Z,171864694843058,tinydl_revision,n1024,1024,B1,0.5,37.485,36.024,1800.000,1800.000,1800.000,1800.000,0.902372,27.796876,0.751486,13.090518,0.100258,44.451477,101.074395,0.000000,0.686928933,0.642565949,1
pi4b8_fit_20260910_v3,pi4b8g,2,1,fit,true,22,10,890,2026-09-10T13:08:49Z,171864796915565,tinydl_revision,n1024,1024,B1,0.5,36.024,37.972,1800.000,1800.000,1800.000,1800.000,0.920464,28.031890,0.872651,13.096258,0.100313,44.764600,101.079580,0.000000,0.688422697,0.649095761,1
pi4b8_fit_20260910_v3,pi4b8g,2,1,fit,true,22,11,891,2026-09-10T13:08:49Z,171864898954627,tinydl_revision,n1024,1024,B1,0.5,37.972,36.998,1800.000,1800.000,1800.000,1800.000,0.898798,28.014502,0.755820,13.099369,0.099646,44.675083,101.103968,0.000000,0.685768081,0.654862836,1
pi4b8_fit_20260910_v3,pi4b8g,2,1,fit,true,22,12,892,2026-09-10T13:08:49Z,171865001025374,tinydl_revision,n1024,1024,B1,0.5,36.998,37.485,1800.000,1800.000,1800.000,1800.000,0.902243,27.840098,0.796412,13.103092,0.100795,44.499975,101.078117,0.000000,0.687406995,0.656603252,1
pi4b8_fit_20260910_v3,pi4b8g,2,1,fit,true,22,13,893,2026-09-10T13:08:49Z,171865103075195,tinydl_revision,n1024,1024,B1,0.5,37.485,37.485,1800.000,1800.000,1800.000,1800.000,0.939872,27.810857,0.758412,13.113740,0.102202,44.500864,101.109728,0.000000,0.682158607,0.651739235,1
pi4b8_fit_20260910_v3,pi4b8g,2,1,fit,true,22,14,894,2026-09-10T13:08:50Z,171865205138572,tinydl_revision,n1024,1024,B1,0.5,37.485,38.459,1800.000,1800.000,1800.000,1800.000,0.902835,27.682304,0.790207,13.113555,0.101628,44.327608,101.075135,0.000000,0.674992755,0.649461088,1
pi4b8_fit_20260910_v3,pi4b8g,2,1,fit,true,22,15,895,2026-09-10T13:08:50Z,171865307180578,tinydl_revision,n1024,1024,B1,0.5,38.459,37.972,1800.000,1800.000,1800.000,1800.000,0.943186,27.727433,0.754671,13.178775,0.101313,44.492957,100.947286,0.000000,0.685118610,0.638867994,1
pi4b8_fit_20260910_v3,pi4b8g,2,1,fit,true,22,16,896,2026-09-10T13:08:50Z,171865409116791,tinydl_revision,n1024,1024,B1,0.5,37.972,37.485,1800.000,1800.000,1800.000,1800.000,0.899410,27.671786,0.789059,13.109388,0.103535,44.322052,101.093709,0.000000,0.693854462,0.661634276,1
pi4b8_fit_20260910_v3,pi4b8g,2,1,fit,true,22,17,897,2026-09-10T13:08:50Z,171865511186278,tinydl_revision,n1024,1024,B1,0.5,37.485,37.485,1800.000,1800.000,1800.000,1800.000,0.992111,27.870579,0.753930,13.098036,0.101813,44.546641,101.098098,0.000000,0.684277912,0.646020722,1
pi4b8_fit_20260910_v3,pi4b8g,2,1,fit,true,22,18,898,2026-09-10T13:08:50Z,171865613261025,tinydl_revision,n1024,1024,B1,0.5,37.485,37.972,1800.000,1800.000,1800.000,1800.000,0.891317,27.853820,0.801744,13.107036,0.106627,44.494439,101.117653,0.000000,0.684853805,0.661599397,1
pi4b8_fit_20260910_v3,pi4b8g,2,1,fit,true,22,19,899,2026-09-10T13:08:50Z,171865715380271,tinydl_revision,n1024,1024,B1,0.5,37.972,37.485,1800.000,1800.000,1800.000,1800.000,0.948816,27.890838,0.752301,13.109073,0.102869,44.529753,101.112635,0.000000,0.686314271,0.650695945,1
pi4b8_fit_20260910_v3,pi4b8g,2,1,fit,true,22,20,900,2026-09-10T13:08:50Z,171865817456462,tinydl_revision,n1024,1024,B1,0.5,37.485,37.485,1800.000,1800.000,1800.000,1800.000,0.892502,28.022687,0.757838,13.216442,0.101350,44.773415,101.073506,0.000000,0.673137454,0.647030049,1
pi4b8_fit_20260910_v3,pi4b8g,2,1,fit,true,22,21,901,2026-09-10T13:08:50Z,171865919537320,tinydl_revision,n1024,1024,B1,0.5,37.485,38.946,1800.000,1800.000,1800.000,1800.000,0.957371,27.826246,0.749282,13.100110,0.139905,44.517105,101.104154,0.000000,0.685262155,0.639989695,1
pi4b8_fit_20260910_v3,pi4b8g,2,1,fit,true,22,22,902,2026-09-10T13:08:50Z,171866021603734,tinydl_revision,n1024,1024,B1,0.5,38.946,37.972,1800.000,1800.000,1800.000,1800.000,0.897483,28.958948,0.806319,13.326773,0.105276,45.918356,101.084691,0.000000,0.691829569,0.665968624,1
pi4b8_fit_20260910_v3,pi4b8g,2,1,fit,true,22,23,903,2026-09-10T13:08:51Z,171866123668888,tinydl_revision,n1024,1024,B1,0.5,38.459,36.998,1800.000,1800.000,1800.000,1800.000,0.951779,27.636638,0.747505,13.100721,0.101683,44.277683,101.102894,0.000000,0.677670406,0.633704744,1
pi4b8_fit_20260910_v3,pi4b8g,2,1,fit,true,22,24,904,2026-09-10T13:08:51Z,171866225734672,tinydl_revision,n1024,1024,B1,0.5,36.998,37.972,1800.000,1800.000,1800.000,1800.000,0.899595,27.893170,0.745505,13.132739,0.101739,44.574067,101.076728,0.000000,0.690547766,0.667762077,1
pi4b8_fit_20260910_v3,pi4b8g,2,1,fit,true,22,25,905,2026-09-10T13:08:51Z,171866327764012,tinydl_revision,n1024,1024,B1,0.5,37.972,38.459,1800.000,1800.000,1800.000,1800.000,0.947908,27.924355,0.755542,13.236459,0.101405,44.707750,101.000656,0.000000,0.688979836,0.662901050,1
pi4b8_fit_20260910_v3,pi4b8g,2,1,fit,true,22,26,906,2026-09-10T13:08:51Z,171866429773019,tinydl_revision,n1024,1024,B1,0.5,38.459,37.972,1800.000,1800.000,1800.000,1800.000,0.887132,27.790172,0.745505,13.129887,0.103331,44.439570,101.077506,0.000000,0.674904481,0.640848715,1
pi4b8_fit_20260910_v3,pi4b8g,2,1,fit,true,22,27,907,2026-09-10T13:08:51Z,171866531802693,tinydl_revision,n1024,1024,B1,0.5,37.972,37.972,1800.000,1800.000,1800.000,1800.000,0.944187,27.923356,0.754134,13.133406,0.100350,44.584659,101.091987,0.000000,0.681743820,0.629949205,1
pi4b8_fit_20260910_v3,pi4b8g,2,1,fit,true,22,28,908,2026-09-10T13:08:51Z,171866633855903,tinydl_revision,n1024,1024,B1,0.5,37.972,37.485,1800.000,1800.000,1800.000,1800.000,0.888854,27.542047,0.797485,13.122258,0.104535,44.203333,101.069895,0.000000,0.694182299,0.672150336,1
pi4b8_fit_20260910_v3,pi4b8g,2,1,fit,true,22,29,909,2026-09-10T13:08:51Z,171866735893502,tinydl_revision,n1024,1024,B1,0.5,37.485,38.946,1800.000,1800.000,1800.000,1800.000,0.960112,27.807191,0.749246,13.140258,0.100702,44.506772,101.107858,0.000000,0.678366275,0.632827064,1
pi4b8_fit_20260910_v3,pi4b8g,2,1,fit,true,22,30,910,2026-09-10T13:08:51Z,171866837954157,tinydl_revision,n1024,1024,B1,0.5,38.946,37.485,1800.000,1800.000,1800.000,1800.000,0.888502,27.772710,0.752320,13.228331,0.101628,44.529938,101.079395,0.000000,0.694744995,0.670182731,1
pi4b8_fit_20260910_v3,pi4b8g,2,1,fit,true,22,31,911,2026-09-10T13:08:51Z,171866939996497,tinydl_revision,n1024,1024,B1,0.5,37.485,37.485,1800.000,1800.000,1800.000,1800.000,0.914113,27.847097,0.750727,13.146758,0.103868,44.540697,101.080450,0.000000,0.683646605,0.662838058,1
pi4b8_fit_20260910_v3,pi4b8g,2,1,fit,true,22,32,912,2026-09-10T13:08:51Z,171867042032207,tinydl_revision,n1024,1024,B1,0.5,37.485,38.459,1800.000,1800.000,1800.000,1800.000,0.903891,27.835672,0.746820,13.111444,0.101480,44.488328,101.074173,0.000000,0.671795637,0.630188315,1
pi4b8_fit_20260910_v3,pi4b8g,2,1,fit,true,22,33,913,2026-09-10T13:08:52Z,171867144116343,tinydl_revision,n1024,1024,B1,0.5,38.459,38.459,1800.000,1800.000,1800.000,1800.000,0.915149,27.756877,0.751356,13.147998,0.103942,44.417255,101.078969,0.000000,0.681369332,0.640263971,1
pi4b8_fit_20260910_v3,pi4b8g,2,1,fit,true,22,34,914,2026-09-10T13:08:52Z,171867246157720,tinydl_revision,n1024,1024,B1,0.5,37.485,37.485,1800.000,1800.000,1800.000,1800.000,0.887817,27.694601,0.749079,13.105332,0.102257,44.330404,101.079580,0.000000,0.691228502,0.663064761,1
pi4b8_fit_20260910_v3,pi4b8g,2,1,fit,true,22,35,915,2026-09-10T13:08:52Z,171867348238837,tinydl_revision,n1024,1024,B1,0.5,37.485,37.485,1800.000,1800.000,1800.000,1800.000,0.917261,28.006335,0.747153,13.250608,0.100332,44.765211,101.081635,0.000000,0.686516690,0.639081333,1
pi4b8_fit_20260910_v3,pi4b8g,2,1,fit,true,22,36,916,2026-09-10T13:08:52Z,171867450297954,tinydl_revision,n1024,1024,B1,0.5,37.485,37.485,1800.000,1800.000,1800.000,1800.000,0.896669,27.668064,0.745264,13.113332,0.101036,44.315757,101.089543,0.000000,0.685489109,0.665288775,1
pi4b8_fit_20260910_v3,pi4b8g,2,1,fit,true,22,37,917,2026-09-10T13:08:52Z,171867552388201,tinydl_revision,n1024,1024,B1,0.5,37.485,37.485,1800.000,1800.000,1800.000,1800.000,0.908946,27.817635,0.746227,13.139683,0.101091,44.451995,101.109376,0.000000,0.688050852,0.665883336,1
pi4b8_fit_20260910_v3,pi4b8g,2,1,fit,true,22,38,918,2026-09-10T13:08:52Z,171867654509391,tinydl_revision,n1024,1024,B1,0.5,37.485,37.485,1800.000,1800.000,1800.000,1800.000,0.894169,27.840153,0.749319,13.131165,0.101461,44.506253,101.101043,0.000000,0.673435703,0.633447239,1
pi4b8_fit_20260910_v3,pi4b8g,2,1,fit,true,22,39,919,2026-09-10T13:08:52Z,171867756605564,tinydl_revision,n1024,1024,B1,0.5,37.485,37.485,1800.000,1800.000,1800.000,1800.000,0.905409,28.146777,0.798170,13.116499,0.101850,44.753304,101.077413,0.000000,0.686411803,0.644713288,1
pi4b8_fit_20260910_v3,pi4b8g,2,1,fit,true,23,0,920,2026-09-10T13:08:53Z,171868433680223,lucid_revision,n1,1,B0,0.0,36.998,36.998,1800.000,1800.000,1800.000,1800.000,0.907724,0.172849,0.189496,0.508232,0.070276,1.999222,100.977211,0.000000,0.803540549,0.826203054,1
pi4b8_fit_20260910_v3,pi4b8g,2,1,fit,true,23,1,921,2026-09-10T13:08:53Z,171868534970743,lucid_revision,n1,1,B0,0.0,36.998,37.485,1800.000,1800.000,1800.000,1800.000,0.764727,0.147016,0.227459,0.490751,0.067091,1.837077,100.974804,0.000000,0.874596784,0.722379297,1
pi4b8_fit_20260910_v3,pi4b8g,2,1,fit,true,23,2,922,2026-09-10T13:08:53Z,171868636312040,lucid_revision,n1,1,B0,0.0,37.485,36.998,1800.000,1800.000,1800.000,1800.000,0.818096,0.148645,0.180941,0.483602,0.063758,1.835133,100.969286,0.000000,0.874049972,0.769622215,1
pi4b8_fit_20260910_v3,pi4b8g,2,1,fit,true,23,3,923,2026-09-10T13:08:53Z,171868737579284,lucid_revision,n1,1,B0,0.0,36.998,36.511,1800.000,1800.000,1800.000,1800.000,0.766504,0.144127,0.175867,0.482620,0.064332,1.770726,100.951823,0.000000,0.831417543,0.707894345,1
pi4b8_fit_20260910_v3,pi4b8g,2,1,fit,true,23,4,924,2026-09-10T13:08:53Z,171868838824916,lucid_revision,n1,1,B0,0.0,36.511,36.024,1800.000,1800.000,1800.000,1800.000,0.754560,0.143961,0.173719,0.553731,0.064647,1.826633,100.973656,0.000000,0.874404823,0.725390224,1
pi4b8_fit_20260910_v3,pi4b8g,2,1,fit,true,23,5,925,2026-09-10T13:08:53Z,171868940141103,lucid_revision,n1,1,B0,0.0,36.511,36.998,1800.000,1800.000,1800.000,1800.000,0.781337,0.146331,0.176997,0.482010,0.065295,1.792596,101.107746,0.000000,0.950995720,0.841526014,1
pi4b8_fit_20260910_v3,pi4b8g,2,1,fit,true,23,6,926,2026-09-10T13:08:53Z,171869041619453,lucid_revision,n1,1,B0,0.0,36.998,37.485,1800.000,1800.000,1800.000,1800.000,0.783727,0.154368,0.181404,0.496824,0.068240,1.830929,101.551831,0.000000,0.000126344,0.000827420,1
pi4b8_fit_20260910_v3,pi4b8g,2,1,fit,true,23,7,927,2026-09-10T13:08:54Z,171869143654127,lucid_revision,n1,1,B0,0.0,37.485,37.485,1800.000,1800.000,1800.000,1800.000,1.257625,0.234848,0.218681,0.701395,0.102053,2.713653,101.373148,0.000000,0.644915936,0.704307442,1
pi4b8_fit_20260910_v3,pi4b8g,2,1,fit,true,23,8,928,2026-09-10T13:08:54Z,171869245430675,lucid_revision,n1,1,B0,0.0,37.485,36.998,1800.000,1800.000,1800.000,1800.000,0.887836,0.158460,0.188941,0.522972,0.068795,1.978038,101.131024,0.000000,0.936195269,0.865821476,1
pi4b8_fit_20260910_v3,pi4b8g,2,1,fit,true,23,9,929,2026-09-10T13:08:54Z,171869346936396,lucid_revision,n1,1,B0,0.0,36.998,36.998,1800.000,1800.000,1800.000,1800.000,0.789578,0.157812,0.237885,0.506435,0.069684,1.907390,100.915305,0.000000,0.874359525,0.719665508,1
pi4b8_fit_20260910_v3,pi4b8g,2,1,fit,true,23,10,930,2026-09-10T13:08:54Z,171869448255934,lucid_revision,n1,1,B0,0.0,36.998,36.024,1800.000,1800.000,1800.000,1800.000,0.802800,0.156682,0.186108,0.494361,0.067647,1.850170,100.989989,0.000000,0.787060879,0.862225358,1
pi4b8_fit_20260910_v3,pi4b8g,2,1,fit,true,23,11,931,2026-09-10T13:08:54Z,171869549590972,lucid_revision,n1,1,B0,0.0,36.024,36.511,1800.000,1800.000,1800.000,1800.000,0.769764,0.151627,0.177793,0.485714,0.065258,1.792264,100.961230,0.000000,0.000000008,0.026222795,1
pi4b8_fit_20260910_v3,pi4b8g,2,1,fit,true,23,12,932,2026-09-10T13:08:54Z,171869650850419,lucid_revision,n1,1,B0,0.0,36.511,37.485,1800.000,1800.000,1800.000,1800.000,0.756375,0.142479,0.223255,0.488658,0.065869,1.815856,100.958860,0.000000,0.909917612,0.834387334,1
pi4b8_fit_20260910_v3,pi4b8g,2,1,fit,true,23,13,933,2026-09-10T13:08:54Z,171869752144421,lucid_revision,n1,1,B0,0.0,37.485,35.537,1800.000,1800.000,1800.000,1800.000,0.774337,0.146867,0.175645,0.476991,0.065313,1.777153,100.953545,0.000000,0.873442571,0.771179506,1
pi4b8_fit_20260910_v3,pi4b8g,2,1,fit,true,23,14,934,2026-09-10T13:08:54Z,171869853397591,lucid_revision,n1,1,B0,0.0,35.537,36.024,1800.000,1800.000,1800.000,1800.000,0.751949,0.145090,0.173515,0.474843,0.065239,1.745041,100.959341,0.000000,0.094904695,0.029329344,1
pi4b8_fit_20260910_v3,pi4b8g,2,1,fit,true,23,15,935,2026-09-10T13:08:54Z,171869954661871,lucid_revision,n1,1,B0,0.0,36.024,36.511,1800.000,1800.000,1800.000,1800.000,0.759319,0.142534,0.176108,0.526879,0.063980,1.805929,101.015822,0.000000,0.970717401,0.830491808,1
pi4b8_fit_20260910_v3,pi4b8g,2,1,fit,true,23,16,936,2026-09-10T13:08:54Z,171870056046316,lucid_revision,n1,1,B0,0.0,36.511,36.511,1800.000,1800.000,1800.000,1800.000,0.776727,0.150127,0.179701,0.482139,0.065628,1.795078,100.958878,0.000000,0.935952328,0.850002899,1
pi4b8_fit_20260910_v3,pi4b8g,2,1,fit,true,23,17,937,2026-09-10T13:08:55Z,171870157306281,lucid_revision,n1,1,B0,0.0,36.511,35.537,1800.000,1800.000,1800.000,1800.000,0.756449,0.139923,0.174441,0.476417,0.062703,1.746783,100.948823,0.000000,0.089945943,0.022608718,1
pi4b8_fit_20260910_v3,pi4b8g,2,1,fit,true,23,18,938,2026-09-10T13:08:55Z,171870258553377,lucid_revision,n1,1,B0,0.0,35.537,36.024,1800.000,1800.000,1800.000,1800.000,0.759653,0.145997,0.172737,0.537453,0.066258,1.818318,100.949119,0.000000,0.129918288,0.020227173,1
pi4b8_fit_20260910_v3,pi4b8g,2,1,fit,true,23,19,939,2026-09-10T13:08:55Z,171870359793046,lucid_revision,n1,1,B0,0.0,36.024,36.511,1800.000,1800.000,1800.000,1800.000,0.817429,0.145738,0.176553,0.476083,0.062091,1.815004,100.953249,0.000000,0.635937873,0.701480624,1
pi4b8_fit_20260910_v3,pi4b8g,2,1,fit,true,23,20,940,2026-09-10T13:08:55Z,171870461109547,lucid_revision,n1,1,B0,0.0,36.511,36.024,1800.000,1800.000,1800.000,1800.000,0.777986,0.155146,0.183959,0.494917,0.064554,1.820893,100.961416,0.000000,0.086009556,0.023589166,1
pi4b8_fit_20260910_v3,pi4b8g,2,1,fit,true,23,21,941,2026-09-10T13:08:55Z,171870562373939,lucid_revision,n1,1,B0,0.0,36.024,36.511,1800.000,1800.000,1800.000,1800.000,0.763856,0.147331,0.173626,0.537120,0.065776,1.827059,100.953434,0.000000,0.000243081,0.026070248,1
pi4b8_fit_20260910_v3,pi4b8g,2,1,fit,true,23,22,942,2026-09-10T13:08:55Z,171870663621645,lucid_revision,n1,1,B0,0.0,36.511,36.511,1800.000,1800.000,1800.000,1800.000,0.812207,0.148238,0.172182,0.480103,0.062739,1.812319,101.062988,0.000000,0.094375786,0.023886462,1
pi4b8_fit_20260910_v3,pi4b8g,2,1,fit,true,23,23,943,2026-09-10T13:08:55Z,171870765026701,lucid_revision,n1,1,B0,0.0,36.511,36.511,1800.000,1800.000,1800.000,1800.000,0.777690,0.148126,0.179441,0.487732,0.064110,1.796578,100.962730,0.000000,0.970803829,0.856509597,1
pi4b8_fit_20260910_v3,pi4b8g,2,1,fit,true,23,24,944,2026-09-10T13:08:55Z,171870866286518,lucid_revision,n1,1,B0,0.0,36.511,36.024,1800.000,1800.000,1800.000,1800.000,0.758208,0.141479,0.175089,0.479324,0.135054,1.824448,100.965193,0.000000,0.990241935,0.858175976,1
pi4b8_fit_20260910_v3,pi4b8g,2,1,fit,true,23,25,945,2026-09-10T13:08:55Z,171870967560280,lucid_revision,n1,1,B0,0.0,36.024,36.024,1800.000,1800.000,1800.000,1800.000,0.813985,0.148257,0.177349,0.477658,0.064610,1.822337,101.047914,0.000000,0.088211509,0.022665265,1
pi4b8_fit_20260910_v3,pi4b8g,2,1,fit,true,23,26,946,2026-09-10T13:08:55Z,171871068974242,lucid_revision,n1,1,B0,0.0,36.024,36.511,1800.000,1800.000,1800.000,1800.000,0.795393,0.153719,0.178052,0.485177,0.071313,1.827281,100.954879,0.000000,0.075277641,0.024458574,1
pi4b8_fit_20260910_v3,pi4b8g,2,1,fit,true,23,27,947,2026-09-10T13:08:56Z,171871170233671,lucid_revision,n1,1,B0,0.0,36.511,36.024,1800.000,1800.000,1800.000,1800.000,0.756338,0.140349,0.174311,0.479954,0.063314,1.750875,100.956490,0.000000,0.287603716,0.111518664,1
pi4b8_fit_20260910_v3,pi4b8g,2,1,fit,true,23,28,948,2026-09-10T13:08:56Z,171871271491785,lucid_revision,n1,1,B0,0.0,36.024,36.024,1800.000,1800.000,1800.000,1800.000,0.827059,0.151256,0.173941,0.480454,0.064776,1.838262,100.987915,0.000000,0.000000027,0.030539026,1
pi4b8_fit_20260910_v3,pi4b8g,2,1,fit,true,23,29,949,2026-09-10T13:08:56Z,171871372779935,lucid_revision,n1,1,B0,0.0,36.024,36.998,1800.000,1800.000,1800.000,1800.000,0.764838,0.146071,0.176442,0.476287,0.063536,1.766208,100.975378,0.000000,0.874467971,0.762153316,1
pi4b8_fit_20260910_v3,pi4b8g,2,1,fit,true,23,30,950,2026-09-10T13:08:56Z,171871474128362,lucid_revision,n1,1,B0,0.0,36.998,35.537,1800.000,1800.000,1800.000,1800.000,0.786078,0.158460,0.185997,0.498658,0.067666,1.841225,100.974211,0.000000,0.964304637,0.865264919,1
pi4b8_fit_20260910_v3,pi4b8g,2,1,fit,true,23,31,951,2026-09-10T13:08:56Z,171871575407956,lucid_revision,n1,1,B0,0.0,35.537,36.511,1800.000,1800.000,1800.000,1800.000,0.820152,0.150237,0.178941,0.488065,0.065333,1.842096,101.008786,0.000000,0.802700047,0.809943157,1
pi4b8_fit_20260910_v3,pi4b8g,2,1,fit,true,23,32,952,2026-09-10T13:08:56Z,171871676716717,lucid_revision,n1,1,B0,0.0,36.511,36.511,1800.000,1800.000,1800.000,1800.000,0.774689,0.146719,0.176848,0.477102,0.065647,1.776634,100.944935,0.000000,0.874625915,0.699381859,1
pi4b8_fit_20260910_v3,pi4b8g,2,1,fit,true,23,33,953,2026-09-10T13:08:56Z,171871777959850,lucid_revision,n1,1,B0,0.0,36.511,36.024,1800.000,1800.000,1800.000,1800.000,0.766041,0.137368,0.178553,0.477751,0.065702,1.759523,101.006711,0.000000,0.990232123,0.858175976,1
pi4b8_fit_20260910_v3,pi4b8g,2,1,fit,true,23,34,954,2026-09-10T13:08:56Z,171871879296444,lucid_revision,n1,1,B0,0.0,36.024,36.024,1800.000,1800.000,1800.000,1800.000,0.819318,0.154052,0.177200,0.490269,0.067628,1.849317,100.995340,0.000000,0.000000000,0.016698642,1
pi4b8_fit_20260910_v3,pi4b8g,2,1,fit,true,23,35,955,2026-09-10T13:08:56Z,171871980601205,lucid_revision,n1,1,B0,0.0,36.024,35.537,1800.000,1800.000,1800.000,1800.000,0.772190,0.143478,0.177404,0.483528,0.063925,1.778282,100.964396,0.000000,0.992892861,0.855532230,1
pi4b8_fit_20260910_v3,pi4b8g,2,1,fit,true,23,36,956,2026-09-10T13:08:56Z,171872081877596,lucid_revision,n1,1,B0,0.0,35.537,36.511,1800.000,1800.000,1800.000,1800.000,0.770097,0.144682,0.176886,0.483362,0.064647,1.777578,100.946490,0.000000,0.926877556,0.852843538,1
pi4b8_fit_20260910_v3,pi4b8g,2,1,fit,true,23,37,957,2026-09-10T13:08:57Z,171872183120784,lucid_revision,n1,1,B0,0.0,36.511,35.537,1800.000,1800.000,1800.000,1800.000,0.776078,0.191237,0.178479,0.495287,0.066054,1.847243,100.993841,0.000000,0.640176076,0.051045941,1
pi4b8_fit_20260910_v3,pi4b8g,2,1,fit,true,23,38,958,2026-09-10T13:08:57Z,171872284414952,lucid_revision,n1,1,B0,0.0,35.537,36.024,1800.000,1800.000,1800.000,1800.000,0.777282,0.143368,0.175034,0.481954,0.065518,1.781208,100.961620,0.000000,0.816851972,0.882639167,1
pi4b8_fit_20260910_v3,pi4b8g,2,1,fit,true,23,39,959,2026-09-10T13:08:57Z,171872385679659,lucid_revision,n1,1,B0,0.0,36.024,36.511,1800.000,1800.000,1800.000,1800.000,0.762745,0.144868,0.175775,0.477140,0.065776,1.762800,100.909564,0.000000,0.606773264,0.784305110,1
pi4b8_fit_20260910_v3,pi4b8g,2,1,fit,true,24,0,960,2026-09-10T13:08:57Z,171872992800552,lucid_revision,n256,256,B0,0.0,36.024,36.024,1800.000,1800.000,1800.000,1800.000,0.925260,7.137924,0.407882,68.639049,0.089905,77.750640,101.076155,0.000000,0.732591277,0.647539907,1
pi4b8_fit_20260910_v3,pi4b8g,2,1,fit,true,24,1,961,2026-09-10T13:08:57Z,171873094384493,lucid_revision,n256,256,B0,0.0,36.024,36.024,1800.000,1800.000,1800.000,1800.000,0.813540,7.064740,0.396714,59.024707,0.090758,67.973691,101.065729,0.000000,0.689922780,0.603783048,1
pi4b8_fit_20260910_v3,pi4b8g,2,1,fit,true,24,2,962,2026-09-10T13:08:58Z,171873195987230,lucid_revision,n256,256,B0,0.0,36.024,36.024,1800.000,1800.000,1800.000,1800.000,0.842651,7.163719,0.406530,58.903451,0.131997,68.075856,101.070618,0.000000,0.667431786,0.594509984,1
pi4b8_fit_20260910_v3,pi4b8g,2,1,fit,true,24,3,963,2026-09-10T13:08:58Z,171873297558838,lucid_revision,n256,256,B0,0.0,36.024,36.511,1800.000,1800.000,1800.000,1800.000,0.815892,7.131794,0.401937,59.023226,0.088610,68.039005,101.122043,0.000000,0.666844627,0.584135947,1
pi4b8_fit_20260910_v3,pi4b8g,2,1,fit,true,24,4,964,2026-09-10T13:08:58Z,171873399220871,lucid_revision,n256,256,B0,0.0,36.511,36.511,1800.000,1800.000,1800.000,1800.000,0.867095,7.138349,0.456713,59.014690,0.090461,68.150150,101.091561,0.000000,0.717712638,0.612123653,1
pi4b8_fit_20260910_v3,pi4b8g,2,1,fit,true,24,5,965,2026-09-10T13:08:58Z,171873500827978,lucid_revision,n256,256,B0,0.0,36.511,36.998,1800.000,1800.000,1800.000,1800.000,0.819355,7.211663,0.399752,59.743416,0.089257,68.824360,101.480998,0.000000,0.648007657,0.557702227,1
pi4b8_fit_20260910_v3,pi4b8g,2,1,fit,true,24,6,966,2026-09-10T13:08:58Z,171873603011445,lucid_revision,n256,256,B0,0.0,36.511,36.511,1800.000,1800.000,1800.000,1800.000,1.365086,7.814374,0.486991,60.867841,0.102016,71.397164,101.132542,0.000000,0.687524809,0.602479908,1
pi4b8_fit_20260910_v3,pi4b8g,2,1,fit,true,24,7,967,2026-09-10T13:08:58Z,171873704706958,lucid_revision,n256,256,B0,0.0,36.511,36.998,1800.000,1800.000,1800.000,1800.000,0.828355,7.148220,0.408937,59.102225,0.088647,68.154613,101.059080,0.000000,0.710277003,0.619874349,1
pi4b8_fit_20260910_v3,pi4b8g,2,1,fit,true,24,8,968,2026-09-10T13:08:58Z,171873806263399,lucid_revision,n256,256,B0,0.0,36.998,37.485,1800.000,1800.000,1800.000,1800.000,0.817207,7.142350,0.407918,59.195389,0.088350,68.234890,101.069432,0.000000,0.700232173,0.616302599,1
pi4b8_fit_20260910_v3,pi4b8g,2,1,fit,true,24,9,969,2026-09-10T13:08:58Z,171873907840285,lucid_revision,n256,256,B0,0.0,37.485,36.511,1800.000,1800.000,1800.000,1800.000,0.860762,7.116443,0.406103,59.033208,0.090332,68.148910,101.129023,0.000000,0.661799412,0.579812005,1
pi4b8_fit_20260910_v3,pi4b8g,2,1,fit,true,24,10,970,2026-09-10T13:08:58Z,171874009528465,lucid_revision,n256,256,B0,0.0,36.511,37.972,1800.000,1800.000,1800.000,1800.000,0.819336,7.169868,0.404641,59.239426,0.088517,68.316110,101.063950,0.000000,0.701256304,0.608479096,1
pi4b8_fit_20260910_v3,pi4b8g,2,1,fit,true,24,11,971,2026-09-10T13:08:59Z,171874111090091,lucid_revision,n256,256,B0,0.0,37.972,36.998,1800.000,1800.000,1800.000,1800.000,0.818670,7.116276,0.408122,59.129317,0.089184,68.144392,101.092932,0.000000,0.664832101,0.582154793,1
pi4b8_fit_20260910_v3,pi4b8g,2,1,fit,true,24,12,972,2026-09-10T13:08:59Z,171874212687884,lucid_revision,n256,256,B0,0.0,36.998,36.511,1800.000,1800.000,1800.000,1800.000,0.823077,7.101721,0.403159,59.054930,0.088832,68.059689,101.063599,0.000000,0.705156227,0.618409336,1
pi4b8_fit_20260910_v3,pi4b8g,2,1,fit,true,24,13,973,2026-09-10T13:08:59Z,171874314252418,lucid_revision,n256,256,B0,0.0,36.511,37.485,1800.000,1800.000,1800.000,1800.000,0.812041,7.143146,0.402900,59.056299,0.088573,68.087244,100.910453,0.000000,0.690201657,0.605137799,1
pi4b8_fit_20260910_v3,pi4b8g,2,1,fit,true,24,14,974,2026-09-10T13:08:59Z,171874415703510,lucid_revision,n256,256,B0,0.0,37.485,36.024,1800.000,1800.000,1800.000,1800.000,0.874502,7.098295,0.407844,58.940653,0.090721,68.053800,101.084913,0.000000,0.666813545,0.576740584,1
pi4b8_fit_20260910_v3,pi4b8g,2,1,fit,true,24,15,975,2026-09-10T13:08:59Z,171874517292414,lucid_revision,n256,256,B0,0.0,36.024,36.511,1800.000,1800.000,1800.000,1800.000,0.813059,7.170238,0.397696,59.148465,0.087943,68.182575,101.052543,0.000000,0.682162492,0.592788289,1
pi4b8_fit_20260910_v3,pi4b8g,2,1,fit,true,24,16,976,2026-09-10T13:08:59Z,171874618847540,lucid_revision,n256,256,B0,0.0,36.511,36.998,1800.000,1800.000,1800.000,1800.000,0.810355,7.118479,0.407640,58.995893,0.089480,68.009783,101.062081,0.000000,0.656787795,0.564961475,1
pi4b8_fit_20260910_v3,pi4b8g,2,1,fit,true,24,17,977,2026-09-10T13:08:59Z,171874720484721,lucid_revision,n256,256,B0,0.0,36.998,37.485,1800.000,1800.000,1800.000,1800.000,0.836725,7.104258,0.399381,59.128410,0.089406,68.132947,101.056784,0.000000,0.685289010,0.607219074,1
pi4b8_fit_20260910_v3,pi4b8g,2,1,fit,true,24,18,978,2026-09-10T13:08:59Z,171874822053033,lucid_revision,n256,256,B0,0.0,37.485,36.998,1800.000,1800.000,1800.000,1800.000,0.814503,7.248644,0.398492,59.149669,0.090424,68.288314,101.063136,0.000000,0.682211674,0.596550994,1
pi4b8_fit_20260910_v3,pi4b8g,2,1,fit,true,24,19,979,2026-09-10T13:08:59Z,171874923617437,lucid_revision,n256,256,B0,0.0,37.485,36.998,1800.000,1800.000,1800.000,1800.000,0.862521,7.053055,0.397640,59.171761,0.090999,68.222205,101.095098,0.000000,0.695719306,0.604512888,1
pi4b8_fit_20260910_v3,pi4b8g,2,1,fit,true,24,20,980,2026-09-10T13:08:59Z,171875025214415,lucid_revision,n256,256,B0,0.0,36.998,37.972,1800.000,1800.000,1800.000,1800.000,0.814522,7.140146,0.401752,59.160964,0.089128,68.179890,101.051636,0.000000,0.672047819,0.580899564,1
pi4b8_fit_20260910_v3,pi4b8g,2,1,fit,true,24,21,981,2026-09-10T13:09:00Z,171875126779745,lucid_revision,n256,256,B0,0.0,37.972,37.485,1800.000,1800.000,1800.000,1800.000,0.807726,7.104425,0.395660,58.930284,0.091035,67.921340,101.052192,0.000000,0.690549531,0.603922450,1
pi4b8_fit_20260910_v3,pi4b8g,2,1,fit,true,24,22,982,2026-09-10T13:09:00Z,171875228368279,lucid_revision,n256,256,B0,0.0,37.485,36.998,1800.000,1800.000,1800.000,1800.000,0.841021,7.102869,0.401641,58.977116,0.088517,67.994079,101.053043,0.000000,0.672095447,0.598780200,1
pi4b8_fit_20260910_v3,pi4b8g,2,1,fit,true,24,23,983,2026-09-10T13:09:00Z,171875329920109,lucid_revision,n256,256,B0,0.0,36.998,36.511,1800.000,1800.000,1800.000,1800.000,0.812837,7.098277,0.404159,58.991578,0.088665,67.972876,100.899954,0.000000,0.708373721,0.622744624,1
pi4b8_fit_20260910_v3,pi4b8g,2,1,fit,true,24,24,984,2026-09-10T13:09:00Z,171875431360220,lucid_revision,n256,256,B0,0.0,36.511,36.511,1800.000,1800.000,1800.000,1800.000,0.854706,7.050685,0.437548,58.972560,0.089480,67.994005,101.090283,0.000000,0.703708308,0.619302789,1
pi4b8_fit_20260910_v3,pi4b8g,2,1,fit,true,24,25,985,2026-09-10T13:09:00Z,171875532956438,lucid_revision,n256,256,B0,0.0,36.511,38.459,1800.000,1800.000,1800.000,1800.000,0.809781,7.136831,0.397382,59.080892,0.088313,68.090670,101.049710,0.000000,0.690144017,0.609295512,1
pi4b8_fit_20260910_v3,pi4b8g,2,1,fit,true,24,26,986,2026-09-10T13:09:00Z,171875634502639,lucid_revision,n256,256,B0,0.0,38.459,36.998,1800.000,1800.000,1800.000,1800.000,0.802485,7.054722,0.401455,59.007504,0.089221,67.939395,101.108098,0.000000,0.653249450,0.574843405,1
pi4b8_fit_20260910_v3,pi4b8g,2,1,fit,true,24,27,987,2026-09-10T13:09:00Z,171875736218411,lucid_revision,n256,256,B0,0.0,36.998,36.998,1800.000,1800.000,1800.000,1800.000,0.849763,7.125461,0.403419,59.234907,0.091350,68.287296,101.073117,0.000000,0.709965376,0.613104126,1
pi4b8_fit_20260910_v3,pi4b8g,2,1,fit,true,24,28,988,2026-09-10T13:09:00Z,171875837821926,lucid_revision,n256,256,B0,0.0,36.998,37.485,1800.000,1800.000,1800.000,1800.000,0.809337,7.106240,0.403289,58.906784,0.088276,67.897507,101.055617,0.000000,0.684951495,0.581826559,1
pi4b8_fit_20260910_v3,pi4b8g,2,1,fit,true,24,29,989,2026-09-10T13:09:00Z,171875939377738,lucid_revision,n256,256,B0,0.0,37.485,37.972,1800.000,1800.000,1800.000,1800.000,0.859818,7.028871,0.451121,58.791712,0.089479,67.809693,101.087691,0.000000,0.666321378,0.585023479,1
pi4b8_fit_20260910_v3,pi4b8g,2,1,fit,true,24,30,990,2026-09-10T13:09:00Z,171876040975105,lucid_revision,n256,256,B0,0.0,37.972,36.511,1800.000,1800.000,1800.000,1800.000,0.816467,7.126813,0.403845,59.122261,0.087499,68.146909,101.047617,0.000000,0.695842431,0.606782768,1
pi4b8_fit_20260910_v3,pi4b8g,2,1,fit,true,24,31,991,2026-09-10T13:09:01Z,171876142532824,lucid_revision,n256,256,B0,0.0,36.511,37.485,1800.000,1800.000,1800.000,1800.000,0.803985,7.091017,0.406270,59.053467,0.088757,68.026597,101.049210,0.000000,0.686208373,0.600858803,1
pi4b8_fit_20260910_v3,pi4b8g,2,1,fit,true,24,32,992,2026-09-10T13:09:01Z,171876244156690,lucid_revision,n256,256,B0,0.0,37.485,37.972,1800.000,1800.000,1800.000,1800.000,0.841300,7.080017,0.393678,58.886673,0.132683,67.920599,101.055691,0.000000,0.697825813,0.615934031,1
pi4b8_fit_20260910_v3,pi4b8g,2,1,fit,true,24,33,993,2026-09-10T13:09:01Z,171876345722020,lucid_revision,n256,256,B0,0.0,37.972,37.972,1800.000,1800.000,1800.000,1800.000,0.810948,7.151182,0.398530,58.855230,0.088202,67.890341,101.044618,0.000000,0.691862009,0.602185134,1
pi4b8_fit_20260910_v3,pi4b8g,2,1,fit,true,24,34,994,2026-09-10T13:09:01Z,171876447278684,lucid_revision,n256,256,B0,0.0,37.972,36.511,1800.000,1800.000,1800.000,1800.000,0.850595,7.128332,0.448639,58.973782,0.089369,68.071893,101.113765,0.000000,0.665884827,0.582218158,1
pi4b8_fit_20260910_v3,pi4b8g,2,1,fit,true,24,35,995,2026-09-10T13:09:01Z,171876548913976,lucid_revision,n256,256,B0,0.0,36.511,37.972,1800.000,1800.000,1800.000,1800.000,0.879595,7.124257,0.403696,59.083299,0.087091,68.159335,101.048303,0.000000,0.674466822,0.588085805,1
pi4b8_fit_20260910_v3,pi4b8g,2,1,fit,true,24,36,996,2026-09-10T13:09:01Z,171876650477010,lucid_revision,n256,256,B0,0.0,37.972,37.972,1800.000,1800.000,1800.000,1800.000,0.805819,7.062351,0.401567,59.016615,0.089628,67.968302,101.057265,0.000000,0.708668857,0.615491720,1
pi4b8_fit_20260910_v3,pi4b8g,2,1,fit,true,24,37,997,2026-09-10T13:09:01Z,171876752077543,lucid_revision,n256,256,B0,0.0,37.972,37.972,1800.000,1800.000,1800.000,1800.000,0.832244,7.112035,0.407585,58.810230,0.089387,67.839342,101.091413,0.000000,0.672347961,0.588774941,1
pi4b8_fit_20260910_v3,pi4b8g,2,1,fit,true,24,38,998,2026-09-10T13:09:01Z,171876853708354,lucid_revision,n256,256,B0,0.0,37.972,36.511,1800.000,1800.000,1800.000,1800.000,0.811837,7.183812,0.398641,59.149779,0.089406,68.216834,101.058432,0.000000,0.695781156,0.610783323,1
pi4b8_fit_20260910_v3,pi4b8g,2,1,fit,true,24,39,999,2026-09-10T13:09:01Z,171876955264110,lucid_revision,n256,256,B0,0.0,36.511,37.972,1800.000,1800.000,1800.000,1800.000,0.872020,7.127239,0.446307,58.962968,0.090183,68.083522,101.088487,0.000000,0.642904280,0.550999717,1
pi4b8_fit_20260910_v3,pi4b8g,2,1,fit,true,25,0,1000,2026-09-10T13:09:02Z,171877561667406,oi_svdd_as_elm_revision,n1024,1024,B0,0.0,35.537,37.485,1800.000,1800.000,1800.000,1800.000,0.910891,27.628083,0.794226,65.897543,0.162367,97.146560,101.107376,0.000000,0.686074171,0.635106569,1
pi4b8_fit_20260910_v3,pi4b8g,2,1,fit,true,25,1,1001,2026-09-10T13:09:02Z,171877663775412,oi_svdd_as_elm_revision,n1024,1024,B0,0.0,37.485,38.459,1800.000,1800.000,1800.000,1800.000,0.995778,27.852875,0.764986,65.508570,0.095498,96.944082,101.137523,0.000000,0.689526610,0.638574088,1
pi4b8_fit_20260910_v3,pi4b8g,2,1,fit,true,25,2,1002,2026-09-10T13:09:02Z,171877765884528,oi_svdd_as_elm_revision,n1024,1024,B0,0.0,38.459,38.459,1800.000,1800.000,1800.000,1800.000,0.896465,27.671823,0.758820,65.514069,0.095387,96.718383,101.100320,0.000000,0.683809772,0.637455083,1
pi4b8_fit_20260910_v3,pi4b8g,2,1,fit,true,25,3,1003,2026-09-10T13:09:02Z,171877867930294,oi_svdd_as_elm_revision,n1024,1024,B0,0.0,38.459,38.459,1800.000,1800.000,1800.000,1800.000,0.954038,27.847135,0.766449,65.419126,0.093832,96.807844,101.133560,0.000000,0.690333499,0.647320623,1
pi4b8_fit_20260910_v3,pi4b8g,2,1,fit,true,25,4,1004,2026-09-10T13:09:02Z,171877970015744,oi_svdd_as_elm_revision,n1024,1024,B0,0.0,38.459,38.459,1800.000,1800.000,1800.000,1800.000,0.892502,27.925078,0.757819,65.360313,0.095628,96.809714,101.091654,0.000000,0.683314408,0.637842656,1
pi4b8_fit_20260910_v3,pi4b8g,2,1,fit,true,25,5,1005,2026-09-10T13:09:02Z,171878072123305,oi_svdd_as_elm_revision,n1024,1024,B0,0.0,38.459,38.459,1800.000,1800.000,1800.000,1800.000,0.896299,27.912189,0.751319,65.518310,0.097350,96.890306,101.084636,0.000000,0.672879770,0.626484332,1
pi4b8_fit_20260910_v3,pi4b8g,2,1,fit,true,25,6,1006,2026-09-10T13:09:03Z,171878174158423,oi_svdd_as_elm_revision,n1024,1024,B0,0.0,38.459,37.485,1800.000,1800.000,1800.000,1800.000,0.877354,27.810209,0.759115,65.448052,0.094702,96.760197,101.093969,0.000000,0.686472726,0.634585587,1
pi4b8_fit_20260910_v3,pi4b8g,2,1,fit,true,25,7,1007,2026-09-10T13:09:03Z,171878276267725,oi_svdd_as_elm_revision,n1024,1024,B0,0.0,37.485,37.972,1800.000,1800.000,1800.000,1800.000,0.914872,27.785228,0.769912,65.454089,0.092647,96.729808,101.097598,0.000000,0.695967840,0.651449989,1
pi4b8_fit_20260910_v3,pi4b8g,2,1,fit,true,25,8,1008,2026-09-10T13:09:03Z,171878378330120,oi_svdd_as_elm_revision,n1024,1024,B0,0.0,37.972,38.459,1800.000,1800.000,1800.000,1800.000,0.887076,27.680211,1.183626,65.848749,0.096702,97.461073,101.101913,0.000000,0.682247917,0.632587158,1
pi4b8_fit_20260910_v3,pi4b8g,2,1,fit,true,25,9,1009,2026-09-10T13:09:03Z,171878480414478,oi_svdd_as_elm_revision,n1024,1024,B0,0.0,38.459,38.459,1800.000,1800.000,1800.000,1800.000,0.909391,27.876115,0.762208,65.431793,0.093647,96.788714,101.099005,0.000000,0.682292814,0.642305199,1
pi4b8_fit_20260910_v3,pi4b8g,2,1,fit,true,25,10,1010,2026-09-10T13:09:03Z,171878582458984,oi_svdd_as_elm_revision,n1024,1024,B0,0.0,38.459,37.972,1800.000,1800.000,1800.000,1800.000,0.896484,27.783876,0.758283,65.488810,0.096183,96.782382,101.098673,0.000000,0.689248884,0.639457165,1
pi4b8_fit_20260910_v3,pi4b8g,2,1,fit,true,25,11,1011,2026-09-10T13:09:03Z,171878684568860,oi_svdd_as_elm_revision,n1024,1024,B0,0.0,38.459,38.946,1800.000,1800.000,1800.000,1800.000,0.918446,28.655102,0.870576,65.672937,0.093776,98.488498,101.096135,0.000000,0.673166159,0.632246697,1
pi4b8_fit_20260910_v3,pi4b8g,2,1,fit,true,25,12,1012,2026-09-10T13:09:03Z,171878786611404,oi_svdd_as_elm_revision,n1024,1024,B0,0.0,38.946,38.459,1800.000,1800.000,1800.000,1800.000,0.891447,28.038094,0.748246,65.441219,0.093702,96.969100,101.105042,0.000000,0.683013117,0.628217761,1
pi4b8_fit_20260910_v3,pi4b8g,2,1,fit,true,25,13,1013,2026-09-10T13:09:03Z,171878888712150,oi_svdd_as_elm_revision,n1024,1024,B0,0.0,38.459,37.972,1800.000,1800.000,1800.000,1800.000,0.920872,27.904207,0.758912,65.543513,0.095498,96.939082,101.103450,0.000000,0.694936516,0.655748037,1
pi4b8_fit_20260910_v3,pi4b8g,2,1,fit,true,25,14,1014,2026-09-10T13:09:03Z,171878990788286,oi_svdd_as_elm_revision,n1024,1024,B0,0.0,37.972,37.972,1800.000,1800.000,1800.000,1800.000,0.893595,27.868061,0.761468,65.418979,0.096739,96.802307,101.100135,0.000000,0.677388823,0.620694649,1
pi4b8_fit_20260910_v3,pi4b8g,2,1,fit,true,25,15,1015,2026-09-10T13:09:03Z,171879092863699,oi_svdd_as_elm_revision,n1024,1024,B0,0.0,37.972,38.459,1800.000,1800.000,1800.000,1800.000,0.915279,27.844672,0.811652,65.476607,0.094665,96.857306,101.098061,0.000000,0.690151709,0.650956972,1
pi4b8_fit_20260910_v3,pi4b8g,2,1,fit,true,25,16,1016,2026-09-10T13:09:04Z,171879194904391,oi_svdd_as_elm_revision,n1024,1024,B0,0.0,38.459,38.459,1800.000,1800.000,1800.000,1800.000,0.901113,27.785525,0.748079,65.422626,0.096554,96.708698,101.090043,0.000000,0.687275299,0.644960499,1
pi4b8_fit_20260910_v3,pi4b8g,2,1,fit,true,25,17,1017,2026-09-10T13:09:04Z,171879297002045,oi_svdd_as_elm_revision,n1024,1024,B0,0.0,38.459,38.946,1800.000,1800.000,1800.000,1800.000,0.904409,27.811802,0.809262,65.431071,0.095851,96.758067,101.107838,0.000000,0.673523299,0.625844747,1
pi4b8_fit_20260910_v3,pi4b8g,2,1,fit,true,25,18,1018,2026-09-10T13:09:04Z,171879399074106,oi_svdd_as_elm_revision,n1024,1024,B0,0.0,38.946,38.459,1800.000,1800.000,1800.000,1800.000,0.936594,28.536714,0.759078,65.532624,0.097443,97.916713,101.147135,0.000000,0.682968657,0.624388767,1
pi4b8_fit_20260910_v3,pi4b8g,2,1,fit,true,25,19,1019,2026-09-10T13:09:04Z,171879501171279,oi_svdd_as_elm_revision,n1024,1024,B0,0.0,38.459,38.946,1800.000,1800.000,1800.000,1800.000,0.904409,27.769636,0.817374,65.377331,0.096035,96.644180,101.101579,0.000000,0.692244584,0.653936098,1
pi4b8_fit_20260910_v3,pi4b8g,2,1,fit,true,25,20,1020,2026-09-10T13:09:04Z,171879603230155,oi_svdd_as_elm_revision,n1024,1024,B0,0.0,38.946,38.946,1800.000,1800.000,1800.000,1800.000,0.948131,27.714322,0.765079,65.509181,0.097591,96.765512,101.178967,0.000000,0.681256924,0.624570963,1
pi4b8_fit_20260910_v3,pi4b8g,2,1,fit,true,25,21,1021,2026-09-10T13:09:04Z,171879705377308,oi_svdd_as_elm_revision,n1024,1024,B0,0.0,38.946,38.946,1800.000,1800.000,1800.000,1800.000,0.903243,27.980335,0.818151,65.369406,0.096850,96.848788,101.092136,0.000000,0.693756616,0.654145470,1
pi4b8_fit_20260910_v3,pi4b8g,2,1,fit,true,25,22,1022,2026-09-10T13:09:04Z,171879807412778,oi_svdd_as_elm_revision,n1024,1024,B0,0.0,38.459,40.407,1800.000,1800.000,1800.000,1800.000,0.949687,27.936040,0.765689,65.445681,0.098480,96.873954,101.131449,0.000000,0.682269741,0.644272267,1
pi4b8_fit_20260910_v3,pi4b8g,2,1,fit,true,25,23,1023,2026-09-10T13:09:04Z,171879909509839,oi_svdd_as_elm_revision,n1024,1024,B0,0.0,40.407,38.946,1800.000,1800.000,1800.000,1800.000,0.885243,27.877541,0.817244,65.421071,0.097998,96.775215,101.106617,0.000000,0.673875094,0.620806275,1
pi4b8_fit_20260910_v3,pi4b8g,2,1,fit,true,25,24,1024,2026-09-10T13:09:04Z,171880011603215,oi_svdd_as_elm_revision,n1024,1024,B0,0.0,38.946,39.433,1800.000,1800.000,1800.000,1800.000,0.956038,27.917263,0.761153,65.483552,0.096035,96.882010,101.143283,0.000000,0.682607151,0.633137734,1
pi4b8_fit_20260910_v3,pi4b8g,2,1,fit,true,25,25,1025,2026-09-10T13:09:05Z,171880113701869,oi_svdd_as_elm_revision,n1024,1024,B0,0.0,39.433,38.946,1800.000,1800.000,1800.000,1800.000,0.893780,27.821117,0.772171,65.481329,0.094257,96.787752,101.101820,0.000000,0.689563615,0.646878175,1
pi4b8_fit_20260910_v3,pi4b8g,2,1,fit,true,25,26,1026,2026-09-10T13:09:05Z,171880215765190,oi_svdd_as_elm_revision,n1024,1024,B0,0.0,38.946,38.946,1800.000,1800.000,1800.000,1800.000,0.959427,27.821691,0.770338,65.447256,0.097202,96.768197,101.166986,0.000000,0.688826505,0.628703185,1
pi4b8_fit_20260910_v3,pi4b8g,2,1,fit,true,25,27,1027,2026-09-10T13:09:05Z,171880317879788,oi_svdd_as_elm_revision,n1024,1024,B0,0.0,38.946,38.946,1800.000,1800.000,1800.000,1800.000,0.896039,27.641935,0.772727,65.405720,0.095776,96.539664,101.102543,0.000000,0.686624003,0.651048620,1
pi4b8_fit_20260910_v3,pi4b8g,2,1,fit,true,25,28,1028,2026-09-10T13:09:05Z,171880419926498,oi_svdd_as_elm_revision,n1024,1024,B0,0.0,38.946,38.459,1800.000,1800.000,1800.000,1800.000,0.959297,28.571602,0.798077,65.459756,0.094795,97.973415,101.132876,0.000000,0.684415237,0.643959749,1
pi4b8_fit_20260910_v3,pi4b8g,2,1,fit,true,25,29,1029,2026-09-10T13:09:05Z,171880522007671,oi_svdd_as_elm_revision,n1024,1024,B0,0.0,38.459,38.946,1800.000,1800.000,1800.000,1800.000,0.895631,27.869911,0.764986,65.377553,0.097147,96.752974,101.100246,0.000000,0.672735075,0.619003434,1
pi4b8_fit_20260910_v3,pi4b8g,2,1,fit,true,25,30,1030,2026-09-10T13:09:05Z,171880624104973,oi_svdd_as_elm_revision,n1024,1024,B0,0.0,38.946,38.459,1800.000,1800.000,1800.000,1800.000,0.911298,27.821969,0.767319,65.556513,0.094554,96.817510,101.095080,0.000000,0.685155562,0.635857418,1
pi4b8_fit_20260910_v3,pi4b8g,2,1,fit,true,25,31,1031,2026-09-10T13:09:05Z,171880726151591,oi_svdd_as_elm_revision,n1024,1024,B0,0.0,38.459,39.433,1800.000,1800.000,1800.000,1800.000,0.889558,27.604139,0.767134,65.357442,0.094257,96.444350,101.101542,0.000000,0.689893480,0.650889654,1
pi4b8_fit_20260910_v3,pi4b8g,2,1,fit,true,25,32,1032,2026-09-10T13:09:05Z,171880828287170,oi_svdd_as_elm_revision,n1024,1024,B0,0.0,39.433,38.459,1800.000,1800.000,1800.000,1800.000,0.915075,27.924355,0.765152,65.489459,0.094443,96.867694,101.088820,0.000000,0.687296383,0.626664875,1
pi4b8_fit_20260910_v3,pi4b8g,2,1,fit,true,25,33,1033,2026-09-10T13:09:05Z,171880930347083,oi_svdd_as_elm_revision,n1024,1024,B0,0.0,38.459,38.459,1800.000,1800.000,1800.000,1800.000,0.902187,27.672286,0.757338,65.497051,0.093573,96.653069,101.100932,0.000000,0.684366190,0.648464054,1
pi4b8_fit_20260910_v3,pi4b8g,2,1,fit,true,25,34,1034,2026-09-10T13:09:05Z,171881032439663,oi_svdd_as_elm_revision,n1024,1024,B0,0.0,38.459,39.433,1800.000,1800.000,1800.000,1800.000,0.897095,27.774395,0.765745,65.439904,0.096758,96.648514,101.099080,0.000000,0.683826730,0.640859011,1
pi4b8_fit_20260910_v3,pi4b8g,2,1,fit,true,25,35,1035,2026-09-10T13:09:06Z,171881134526206,oi_svdd_as_elm_revision,n1024,1024,B0,0.0,39.433,38.946,1800.000,1800.000,1800.000,1800.000,0.900095,27.755506,0.763041,65.460404,0.096535,96.715401,101.104431,0.000000,0.681145059,0.629687249,1
pi4b8_fit_20260910_v3,pi4b8g,2,1,fit,true,25,36,1036,2026-09-10T13:09:06Z,171881236619767,oi_svdd_as_elm_revision,n1024,1024,B0,0.0,38.946,39.433,1800.000,1800.000,1800.000,1800.000,0.914076,27.763025,0.762060,65.454626,0.093054,96.659106,101.100987,0.000000,0.687485764,0.639654374,1
pi4b8_fit_20260910_v3,pi4b8g,2,1,fit,true,25,37,1037,2026-09-10T13:09:06Z,171881338667737,oi_svdd_as_elm_revision,n1024,1024,B0,0.0,39.433,38.946,1800.000,1800.000,1800.000,1800.000,0.891650,27.676138,0.770134,65.405127,0.094146,96.568367,101.099135,0.000000,0.687039612,0.639272036,1
pi4b8_fit_20260910_v3,pi4b8g,2,1,fit,true,25,38,1038,2026-09-10T13:09:06Z,171881440756150,oi_svdd_as_elm_revision,n1024,1024,B0,0.0,38.946,38.459,1800.000,1800.000,1800.000,1800.000,0.914057,28.538085,0.763374,65.384664,0.097368,97.785511,101.104561,0.000000,0.686529111,0.635858763,1
pi4b8_fit_20260910_v3,pi4b8g,2,1,fit,true,25,39,1039,2026-09-10T13:09:06Z,171881542813638,oi_svdd_as_elm_revision,n1024,1024,B0,0.0,38.459,39.433,1800.000,1800.000,1800.000,1800.000,0.881280,27.722099,0.769986,65.386127,0.095498,96.581033,101.110431,0.000000,0.681543287,0.641866591,1
pi4b8_fit_20260910_v3,pi4b8g,2,1,fit,true,26,0,1040,2026-09-10T13:09:07Z,171882150726739,tinydl_revision,n256,256,B2,1.0,37.972,37.972,1800.000,1800.000,1800.000,1800.000,0.974223,7.123239,0.412400,3.450011,0.094906,12.622638,101.076395,0.000000,0.698158436,0.657581910,1
pi4b8_fit_20260910_v3,pi4b8g,2,1,fit,true,26,1,1041,2026-09-10T13:09:07Z,171882252352235,tinydl_revision,n256,256,B2,1.0,37.972,38.459,1800.000,1800.000,1800.000,1800.000,0.830929,7.060481,0.415752,3.443973,0.093054,12.442567,101.074487,0.000000,0.675081121,0.679688119,1
pi4b8_fit_20260910_v3,pi4b8g,2,1,fit,true,26,2,1042,2026-09-10T13:09:07Z,171882353941065,tinydl_revision,n256,256,B2,1.0,38.459,36.998,1800.000,1800.000,1800.000,1800.000,0.811300,7.091980,0.404992,3.504491,0.093646,12.504658,101.078413,0.000000,0.699550396,0.669618432,1
pi4b8_fit_20260910_v3,pi4b8g,2,1,fit,true,26,3,1043,2026-09-10T13:09:07Z,171882455527617,tinydl_revision,n256,256,B2,1.0,36.998,37.972,1800.000,1800.000,1800.000,1800.000,0.866391,7.105295,0.414696,3.405530,0.122109,12.537195,100.947897,0.000000,0.642751244,0.603767382,1
pi4b8_fit_20260910_v3,pi4b8g,2,1,fit,true,26,4,1044,2026-09-10T13:09:07Z,171882557023948,tinydl_revision,n256,256,B2,1.0,37.485,38.459,1800.000,1800.000,1800.000,1800.000,0.822448,7.075296,0.405807,3.446029,0.094628,12.424512,101.083969,0.000000,0.690449127,0.650925447,1
pi4b8_fit_20260910_v3,pi4b8g,2,1,fit,true,26,5,1045,2026-09-10T13:09:07Z,171882658614741,tinydl_revision,n256,256,B2,1.0,38.459,38.459,1800.000,1800.000,1800.000,1800.000,0.813337,7.121702,0.415140,3.443862,0.094831,12.478085,101.071358,0.000000,0.668050272,0.611195855,1
pi4b8_fit_20260910_v3,pi4b8g,2,1,fit,true,26,6,1046,2026-09-10T13:09:07Z,171882760231589,tinydl_revision,n256,256,B2,1.0,38.459,37.972,1800.000,1800.000,1800.000,1800.000,0.833837,7.134572,0.406104,3.439788,0.092998,12.506862,101.067951,0.000000,0.688782894,0.664659926,1
pi4b8_fit_20260910_v3,pi4b8g,2,1,fit,true,26,7,1047,2026-09-10T13:09:07Z,171882861813845,tinydl_revision,n256,256,B2,1.0,37.972,38.459,1800.000,1800.000,1800.000,1800.000,0.807911,7.105924,0.413307,3.443084,0.096276,12.454326,101.076969,0.000000,0.695733976,0.643509956,1
pi4b8_fit_20260910_v3,pi4b8g,2,1,fit,true,26,8,1048,2026-09-10T13:09:07Z,171882963396045,tinydl_revision,n256,256,B2,1.0,38.459,37.972,1800.000,1800.000,1800.000,1800.000,0.861595,7.047593,0.456676,3.398048,0.094961,12.462178,101.108339,0.000000,0.673712809,0.619786382,1
pi4b8_fit_20260910_v3,pi4b8g,2,1,fit,true,26,9,1049,2026-09-10T13:09:07Z,171883065019226,tinydl_revision,n256,256,B2,1.0,37.972,37.972,1800.000,1800.000,1800.000,1800.000,0.817337,7.153628,0.408751,3.444381,0.096776,12.510251,101.082247,0.000000,0.672811569,0.639508602,1
pi4b8_fit_20260910_v3,pi4b8g,2,1,fit,true,26,10,1050,2026-09-10T13:09:08Z,171883166647629,tinydl_revision,n256,256,B2,1.0,37.972,38.459,1800.000,1800.000,1800.000,1800.000,0.833096,7.118146,0.412141,3.446437,0.097591,12.505770,101.072117,0.000000,0.687970065,0.648636112,1
pi4b8_fit_20260910_v3,pi4b8g,2,1,fit,true,26,11,1051,2026-09-10T13:09:08Z,171883268287014,tinydl_revision,n256,256,B2,1.0,38.459,37.485,1800.000,1800.000,1800.000,1800.000,0.839910,7.104480,0.410344,3.440529,0.095961,12.494029,101.064413,0.000000,0.721425798,0.688473854,1
pi4b8_fit_20260910_v3,pi4b8g,2,1,fit,true,26,12,1052,2026-09-10T13:09:08Z,171883369878992,tinydl_revision,n256,256,B2,1.0,38.459,37.972,1800.000,1800.000,1800.000,1800.000,0.818040,7.128831,0.415252,3.445380,0.095054,12.492954,101.075932,0.000000,0.698881901,0.699645917,1
pi4b8_fit_20260910_v3,pi4b8g,2,1,fit,true,26,13,1053,2026-09-10T13:09:08Z,171883471467470,tinydl_revision,n256,256,B2,1.0,37.972,37.485,1800.000,1800.000,1800.000,1800.000,0.871540,7.542953,0.467324,3.530027,0.087128,13.347087,101.065247,0.000000,0.664166892,0.623119217,1
pi4b8_fit_20260910_v3,pi4b8g,2,1,fit,true,26,14,1054,2026-09-10T13:09:08Z,171883573054263,tinydl_revision,n256,256,B2,1.0,37.485,38.459,1800.000,1800.000,1800.000,1800.000,0.821762,7.084240,0.410234,3.447381,0.094184,12.443640,101.082394,0.000000,0.681015165,0.663957353,1
pi4b8_fit_20260910_v3,pi4b8g,2,1,fit,true,26,15,1055,2026-09-10T13:09:08Z,171883674650296,tinydl_revision,n256,256,B2,1.0,38.459,39.433,1800.000,1800.000,1800.000,1800.000,0.814300,7.106184,0.420696,3.445418,0.095813,12.474159,101.119801,0.000000,0.694737930,0.625538366,1
pi4b8_fit_20260910_v3,pi4b8g,2,1,fit,true,26,16,1056,2026-09-10T13:09:08Z,171883776375197,tinydl_revision,n256,256,B2,1.0,39.433,38.459,1800.000,1800.000,1800.000,1800.000,0.862058,7.124036,0.413937,3.461140,0.095073,12.545639,101.077321,0.000000,0.660682210,0.613567268,1
pi4b8_fit_20260910_v3,pi4b8g,2,1,fit,true,26,17,1057,2026-09-10T13:09:08Z,171883877981564,tinydl_revision,n256,256,B2,1.0,38.459,37.972,1800.000,1800.000,1800.000,1800.000,0.814170,7.152720,0.411363,3.446992,0.095647,12.517028,101.085339,0.000000,0.696732956,0.652344266,1
pi4b8_fit_20260910_v3,pi4b8g,2,1,fit,true,26,18,1058,2026-09-10T13:09:08Z,171883979573838,tinydl_revision,n256,256,B2,1.0,37.972,38.459,1800.000,1800.000,1800.000,1800.000,0.875762,7.036870,0.412455,3.396696,0.119905,12.480548,101.102468,0.000000,0.704744317,0.666386273,1
pi4b8_fit_20260910_v3,pi4b8g,2,1,fit,true,26,19,1059,2026-09-10T13:09:08Z,171884081198741,tinydl_revision,n256,256,B2,1.0,38.459,37.972,1800.000,1800.000,1800.000,1800.000,0.824930,7.084499,0.420159,3.439696,0.094887,12.438049,101.088821,0.000000,0.704475032,0.714114502,1
pi4b8_fit_20260910_v3,pi4b8g,2,1,fit,true,26,20,1060,2026-09-10T13:09:09Z,171884182801515,tinydl_revision,n256,256,B2,1.0,37.972,38.946,1800.000,1800.000,1800.000,1800.000,0.823540,7.098499,0.418678,3.444066,0.095109,12.485048,101.079636,0.000000,0.658088932,0.639262841,1
pi4b8_fit_20260910_v3,pi4b8g,2,1,fit,true,26,21,1061,2026-09-10T13:09:09Z,171884284430770,tinydl_revision,n256,256,B2,1.0,38.946,37.972,1800.000,1800.000,1800.000,1800.000,0.861669,7.066666,0.416918,3.446696,0.094721,12.480326,101.070988,0.000000,0.693686939,0.651286688,1
pi4b8_fit_20260910_v3,pi4b8g,2,1,fit,true,26,22,1062,2026-09-10T13:09:09Z,171884386019415,tinydl_revision,n256,256,B2,1.0,37.972,38.459,1800.000,1800.000,1800.000,1800.000,0.815707,7.139980,0.413622,3.445621,0.094813,12.505788,100.899787,0.000000,0.672438092,0.644919641,1
pi4b8_fit_20260910_v3,pi4b8g,2,1,fit,true,26,23,1063,2026-09-10T13:09:09Z,171884487461581,tinydl_revision,n256,256,B2,1.0,38.459,37.972,1800.000,1800.000,1800.000,1800.000,0.852743,7.073591,0.459399,3.402215,0.094313,12.468344,101.102987,0.000000,0.695103473,0.661151011,1
pi4b8_fit_20260910_v3,pi4b8g,2,1,fit,true,26,24,1064,2026-09-10T13:09:09Z,171884589091336,tinydl_revision,n256,256,B2,1.0,37.972,37.972,1800.000,1800.000,1800.000,1800.000,0.821393,7.109535,0.410807,3.443529,0.096350,12.470585,101.073432,0.000000,0.702233618,0.698230166,1
pi4b8_fit_20260910_v3,pi4b8g,2,1,fit,true,26,25,1065,2026-09-10T13:09:09Z,171884690707665,tinydl_revision,n256,256,B2,1.0,37.972,37.972,1800.000,1800.000,1800.000,1800.000,0.825151,7.050426,0.415493,3.447566,0.093776,12.430363,101.085487,0.000000,0.669669616,0.659393804,1
pi4b8_fit_20260910_v3,pi4b8g,2,1,fit,true,26,26,1066,2026-09-10T13:09:09Z,171884792337476,tinydl_revision,n256,256,B2,1.0,37.972,36.998,1800.000,1800.000,1800.000,1800.000,0.831522,7.106850,0.410103,3.445158,0.093702,12.490121,101.068135,0.000000,0.678129381,0.628106349,1
pi4b8_fit_20260910_v3,pi4b8g,2,1,fit,true,26,27,1067,2026-09-10T13:09:09Z,171884893931231,tinydl_revision,n256,256,B2,1.0,36.998,38.946,1800.000,1800.000,1800.000,1800.000,0.823522,7.114295,0.412863,3.448937,0.093572,12.484677,101.075488,0.000000,0.659469408,0.617607536,1
pi4b8_fit_20260910_v3,pi4b8g,2,1,fit,true,26,28,1068,2026-09-10T13:09:09Z,171884995521987,tinydl_revision,n256,256,B2,1.0,38.946,38.459,1800.000,1800.000,1800.000,1800.000,0.877391,7.056722,0.447806,3.394808,0.122313,12.538472,101.099320,0.000000,0.677528545,0.648557511,1
pi4b8_fit_20260910_v3,pi4b8g,2,1,fit,true,26,29,1069,2026-09-10T13:09:09Z,171885097141650,tinydl_revision,n256,256,B2,1.0,38.459,38.946,1800.000,1800.000,1800.000,1800.000,0.818818,7.061610,0.415752,3.445992,0.094665,12.426196,101.083431,0.000000,0.689264970,0.639161330,1
pi4b8_fit_20260910_v3,pi4b8g,2,1,fit,true,26,30,1070,2026-09-10T13:09:10Z,171885198739739,tinydl_revision,n256,256,B2,1.0,38.946,38.946,1800.000,1800.000,1800.000,1800.000,0.821763,7.093350,0.408289,3.447455,0.096943,12.462584,101.073635,0.000000,0.682575738,0.630847582,1
pi4b8_fit_20260910_v3,pi4b8g,2,1,fit,true,26,31,1071,2026-09-10T13:09:10Z,171885300359623,tinydl_revision,n256,256,B2,1.0,38.946,38.459,1800.000,1800.000,1800.000,1800.000,0.835966,7.126424,0.410511,3.440400,0.094999,12.499862,101.072136,0.000000,0.686234986,0.632096275,1
pi4b8_fit_20260910_v3,pi4b8g,2,1,fit,true,26,32,1072,2026-09-10T13:09:10Z,171885401943657,tinydl_revision,n256,256,B2,1.0,38.459,38.459,1800.000,1800.000,1800.000,1800.000,0.817967,7.126331,0.406548,3.443677,0.094665,12.487529,100.921120,0.000000,0.684718257,0.644650327,1
pi4b8_fit_20260910_v3,pi4b8g,2,1,fit,true,26,33,1073,2026-09-10T13:09:10Z,171885503409100,tinydl_revision,n256,256,B2,1.0,37.972,38.946,1800.000,1800.000,1800.000,1800.000,0.866836,7.060777,0.454158,3.394456,0.094461,12.457567,101.105098,0.000000,0.678502749,0.654602179,1
pi4b8_fit_20260910_v3,pi4b8g,2,1,fit,true,26,34,1074,2026-09-10T13:09:10Z,171885605034781,tinydl_revision,n256,256,B2,1.0,38.946,38.459,1800.000,1800.000,1800.000,1800.000,0.824856,7.078777,0.413622,3.443844,0.094868,12.442400,101.081488,0.000000,0.706501970,0.679033464,1
pi4b8_fit_20260910_v3,pi4b8g,2,1,fit,true,26,35,1075,2026-09-10T13:09:10Z,171885706620907,tinydl_revision,n256,256,B2,1.0,38.459,38.946,1800.000,1800.000,1800.000,1800.000,0.818152,7.112517,0.412048,3.450011,0.094776,12.473252,101.109395,0.000000,0.710067670,0.672506030,1
pi4b8_fit_20260910_v3,pi4b8g,2,1,fit,true,26,36,1076,2026-09-10T13:09:10Z,171885808344494,tinydl_revision,n256,256,B2,1.0,38.946,38.459,1800.000,1800.000,1800.000,1800.000,0.844392,7.043333,0.416622,3.490509,0.094794,12.494881,101.073469,0.000000,0.668645788,0.657236564,1
pi4b8_fit_20260910_v3,pi4b8g,2,1,fit,true,26,37,1077,2026-09-10T13:09:10Z,171885909933824,tinydl_revision,n256,256,B2,1.0,38.459,38.459,1800.000,1800.000,1800.000,1800.000,0.812873,7.062388,0.415437,3.448825,0.093257,12.416604,101.129375,0.000000,0.664344935,0.634542265,1
pi4b8_fit_20260910_v3,pi4b8g,2,1,fit,true,26,38,1078,2026-09-10T13:09:10Z,171886011628337,tinydl_revision,n256,256,B2,1.0,38.459,39.433,1800.000,1800.000,1800.000,1800.000,0.874261,7.099628,0.408992,3.444418,0.095961,12.577101,101.149060,0.000000,0.708584792,0.644408634,1
pi4b8_fit_20260910_v3,pi4b8g,2,1,fit,true,26,39,1079,2026-09-10T13:09:11Z,171886113348942,tinydl_revision,n256,256,B2,1.0,39.433,38.946,1800.000,1800.000,1800.000,1800.000,0.822022,7.055796,0.422659,3.627562,0.110942,12.691007,101.112394,0.000000,0.688767943,0.648271782,1
pi4b8_fit_20260910_v3,pi4b8g,2,1,fit,true,27,0,1080,2026-09-10T13:09:11Z,171886842564047,oi_svdd_as_elm_revision,n1024,1024,B1,0.5,38.946,38.946,1800.000,1800.000,1800.000,1800.000,1.000907,28.018946,0.778522,65.418330,0.094998,97.051098,101.103579,0.000000,0.683973955,0.643492296,1
pi4b8_fit_20260910_v3,pi4b8g,2,1,fit,true,27,1,1081,2026-09-10T13:09:11Z,171886944642034,oi_svdd_as_elm_revision,n1024,1024,B1,0.5,38.946,37.485,1800.000,1800.000,1800.000,1800.000,0.912761,27.837098,0.775301,65.566568,0.094220,96.869139,101.105431,0.000000,0.687433603,0.639021175,1
pi4b8_fit_20260910_v3,pi4b8g,2,1,fit,true,27,2,1082,2026-09-10T13:09:11Z,171887046694281,oi_svdd_as_elm_revision,n1024,1024,B1,0.5,37.485,38.946,1800.000,1800.000,1800.000,1800.000,0.899743,27.817135,0.768357,65.432663,0.094794,96.725272,101.109913,0.000000,0.673186034,0.630998045,1
pi4b8_fit_20260910_v3,pi4b8g,2,1,fit,true,27,3,1083,2026-09-10T13:09:12Z,171887148809564,oi_svdd_as_elm_revision,n1024,1024,B1,0.5,38.946,38.459,1800.000,1800.000,1800.000,1800.000,0.909539,27.744544,0.767319,65.453922,0.093425,96.678680,101.102932,0.000000,0.684137872,0.630494707,1
pi4b8_fit_20260910_v3,pi4b8g,2,1,fit,true,27,4,1084,2026-09-10T13:09:12Z,171887250878700,oi_svdd_as_elm_revision,n1024,1024,B1,0.5,38.459,38.459,1800.000,1800.000,1800.000,1800.000,0.900483,28.000632,0.778986,65.434867,0.098442,96.962212,101.103024,0.000000,0.693776852,0.652433286,1
pi4b8_fit_20260910_v3,pi4b8g,2,1,fit,true,27,5,1085,2026-09-10T13:09:12Z,171887352975206,oi_svdd_as_elm_revision,n1024,1024,B1,0.5,37.972,38.946,1800.000,1800.000,1800.000,1800.000,0.998223,27.819654,0.824448,65.422145,0.093017,96.859213,101.112857,0.000000,0.676046993,0.620779863,1
pi4b8_fit_20260910_v3,pi4b8g,2,1,fit,true,27,6,1086,2026-09-10T13:09:12Z,171887455045305,oi_svdd_as_elm_revision,n1024,1024,B1,0.5,38.946,38.946,1800.000,1800.000,1800.000,1800.000,0.905761,27.888430,0.768171,65.470608,0.094091,96.933137,101.144949,0.000000,0.691576120,0.653098718,1
pi4b8_fit_20260910_v3,pi4b8g,2,1,fit,true,27,7,1087,2026-09-10T13:09:12Z,171887557151940,oi_svdd_as_elm_revision,n1024,1024,B1,0.5,38.946,39.433,1800.000,1800.000,1800.000,1800.000,0.929520,27.772007,0.822837,65.406886,0.096147,96.708771,101.087839,0.000000,0.688220555,0.646432777,1
pi4b8_fit_20260910_v3,pi4b8g,2,1,fit,true,27,8,1088,2026-09-10T13:09:12Z,171887659179465,oi_svdd_as_elm_revision,n1024,1024,B1,0.5,39.433,38.946,1800.000,1800.000,1800.000,1800.000,0.942667,27.682063,0.771615,65.440830,0.095387,96.668717,101.129968,0.000000,0.675805885,0.627973655,1
pi4b8_fit_20260910_v3,pi4b8g,2,1,fit,true,27,9,1089,2026-09-10T13:09:12Z,171887761284711,oi_svdd_as_elm_revision,n1024,1024,B1,0.5,38.946,38.459,1800.000,1800.000,1800.000,1800.000,0.907447,27.644545,0.811207,65.493774,0.094498,96.645273,101.104561,0.000000,0.680528747,0.621557061,1
pi4b8_fit_20260910_v3,pi4b8g,2,1,fit,true,27,10,1090,2026-09-10T13:09:12Z,171887863354143,oi_svdd_as_elm_revision,n1024,1024,B1,0.5,38.459,38.459,1800.000,1800.000,1800.000,1800.000,0.957464,28.010594,0.770764,65.437404,0.096702,96.945768,101.142653,0.000000,0.693951723,0.655928228,1
pi4b8_fit_20260910_v3,pi4b8g,2,1,fit,true,27,11,1091,2026-09-10T13:09:12Z,171887965456742,oi_svdd_as_elm_revision,n1024,1024,B1,0.5,38.459,39.433,1800.000,1800.000,1800.000,1800.000,0.910817,27.743636,0.819374,65.378887,0.094961,96.647865,101.112690,0.000000,0.679440115,0.621247250,1
pi4b8_fit_20260910_v3,pi4b8g,2,1,fit,true,27,12,1092,2026-09-10T13:09:12Z,171888067537118,oi_svdd_as_elm_revision,n1024,1024,B1,0.5,39.433,38.459,1800.000,1800.000,1800.000,1800.000,0.963353,28.012336,0.769042,65.462144,0.094924,96.977674,101.158615,0.000000,0.694549848,0.656577957,1
pi4b8_fit_20260910_v3,pi4b8g,2,1,fit,true,27,13,1093,2026-09-10T13:09:13Z,171888169661512,oi_svdd_as_elm_revision,n1024,1024,B1,0.5,38.459,39.433,1800.000,1800.000,1800.000,1800.000,0.899076,27.971633,0.768300,65.360998,0.095498,96.846584,101.110079,0.000000,0.682224736,0.643083354,1
pi4b8_fit_20260910_v3,pi4b8g,2,1,fit,true,27,14,1094,2026-09-10T13:09:13Z,171888271723777,oi_svdd_as_elm_revision,n1024,1024,B1,0.5,39.433,38.459,1800.000,1800.000,1800.000,1800.000,0.973242,27.888634,0.768986,65.441626,0.095795,96.860325,101.140190,0.000000,0.673719030,0.620536565,1
pi4b8_fit_20260910_v3,pi4b8g,2,1,fit,true,27,15,1095,2026-09-10T13:09:13Z,171888373867208,oi_svdd_as_elm_revision,n1024,1024,B1,0.5,38.459,40.407,1800.000,1800.000,1800.000,1800.000,0.917409,27.901615,0.772893,65.376183,0.094165,96.833807,101.113839,0.000000,0.680707498,0.630948235,1
pi4b8_fit_20260910_v3,pi4b8g,2,1,fit,true,27,16,1096,2026-09-10T13:09:13Z,171888475933270,oi_svdd_as_elm_revision,n1024,1024,B1,0.5,40.407,40.407,1800.000,1800.000,1800.000,1800.000,0.960297,28.549214,0.847873,65.431145,0.095572,97.954193,101.137875,0.000000,0.692085253,0.649925116,1
pi4b8_fit_20260910_v3,pi4b8g,2,1,fit,true,27,17,1097,2026-09-10T13:09:13Z,171888578024350,oi_svdd_as_elm_revision,n1024,1024,B1,0.5,40.407,39.433,1800.000,1800.000,1800.000,1800.000,0.906465,27.991261,0.758190,65.391035,0.096684,96.889138,101.110709,0.000000,0.686782913,0.628007238,1
pi4b8_fit_20260910_v3,pi4b8g,2,1,fit,true,27,18,1098,2026-09-10T13:09:13Z,171888680116652,oi_svdd_as_elm_revision,n1024,1024,B1,0.5,39.433,39.433,1800.000,1800.000,1800.000,1800.000,0.922094,27.869541,0.770967,65.572976,0.092536,96.901657,101.111172,0.000000,0.685846412,0.648603889,1
pi4b8_fit_20260910_v3,pi4b8g,2,1,fit,true,27,19,1099,2026-09-10T13:09:13Z,171888782171491,oi_svdd_as_elm_revision,n1024,1024,B1,0.5,38.946,38.946,1800.000,1800.000,1800.000,1800.000,0.915909,27.879727,0.760578,65.389850,0.096202,96.765123,101.119172,0.000000,0.686674677,0.647867936,1
pi4b8_fit_20260910_v3,pi4b8g,2,1,fit,true,27,20,1100,2026-09-10T13:09:13Z,171888884300904,oi_svdd_as_elm_revision,n1024,1024,B1,0.5,38.946,39.433,1800.000,1800.000,1800.000,1800.000,0.927723,27.959206,0.764560,65.488237,0.094110,96.905101,101.116394,0.000000,0.672402752,0.617345552,1
pi4b8_fit_20260910_v3,pi4b8g,2,1,fit,true,27,21,1101,2026-09-10T13:09:13Z,171888986361262,oi_svdd_as_elm_revision,n1024,1024,B1,0.5,39.433,39.433,1800.000,1800.000,1800.000,1800.000,0.906594,27.744100,0.759874,65.454274,0.096128,96.711753,101.116783,0.000000,0.687605589,0.638316054,1
pi4b8_fit_20260910_v3,pi4b8g,2,1,fit,true,27,22,1102,2026-09-10T13:09:13Z,171889088476564,oi_svdd_as_elm_revision,n1024,1024,B1,0.5,39.433,38.946,1800.000,1800.000,1800.000,1800.000,0.923798,27.975892,0.766857,65.434460,0.093165,96.885305,101.107486,0.000000,0.685467117,0.645623974,1
pi4b8_fit_20260910_v3,pi4b8g,2,1,fit,true,27,23,1103,2026-09-10T13:09:14Z,171889190551125,oi_svdd_as_elm_revision,n1024,1024,B1,0.5,38.946,39.433,1800.000,1800.000,1800.000,1800.000,0.907928,27.844116,0.763393,65.371368,0.095739,96.715642,101.107969,0.000000,0.690124201,0.629675146,1
pi4b8_fit_20260910_v3,pi4b8g,2,1,fit,true,27,24,1104,2026-09-10T13:09:14Z,171889292645390,oi_svdd_as_elm_revision,n1024,1024,B1,0.5,39.433,38.459,1800.000,1800.000,1800.000,1800.000,0.917483,27.915022,0.766708,65.460163,0.096035,96.851973,101.111468,0.000000,0.681825467,0.646458601,1
pi4b8_fit_20260910_v3,pi4b8g,2,1,fit,true,27,25,1105,2026-09-10T13:09:14Z,171889394724970,oi_svdd_as_elm_revision,n1024,1024,B1,0.5,38.459,38.946,1800.000,1800.000,1800.000,1800.000,0.902187,27.785599,0.764949,65.412553,0.095498,96.696198,101.120154,0.000000,0.686920865,0.644801400,1
pi4b8_fit_20260910_v3,pi4b8g,2,1,fit,true,27,26,1106,2026-09-10T13:09:14Z,171889496830309,oi_svdd_as_elm_revision,n1024,1024,B1,0.5,38.946,38.946,1800.000,1800.000,1800.000,1800.000,0.920539,28.733878,0.752060,65.415534,0.095591,98.029488,101.113413,0.000000,0.682087794,0.629425891,1
pi4b8_fit_20260910_v3,pi4b8g,2,1,fit,true,27,27,1107,2026-09-10T13:09:14Z,171889598903297,oi_svdd_as_elm_revision,n1024,1024,B1,0.5,38.946,38.946,1800.000,1800.000,1800.000,1800.000,0.903502,27.775173,0.761635,65.381683,0.095906,96.731512,101.143764,0.000000,0.685085673,0.637723808,1
pi4b8_fit_20260910_v3,pi4b8g,2,1,fit,true,27,28,1108,2026-09-10T13:09:14Z,171889701033579,oi_svdd_as_elm_revision,n1024,1024,B1,0.5,38.946,39.433,1800.000,1800.000,1800.000,1800.000,0.921595,27.772432,0.815393,65.400479,0.095572,96.702143,101.113117,0.000000,0.687548326,0.642254744,1
pi4b8_fit_20260910_v3,pi4b8g,2,1,fit,true,27,29,1109,2026-09-10T13:09:14Z,171889803141881,oi_svdd_as_elm_revision,n1024,1024,B1,0.5,39.433,40.894,1800.000,1800.000,1800.000,1800.000,0.960927,27.734377,0.767282,65.404442,0.096906,96.702253,101.139060,0.000000,0.685769306,0.631938317,1
pi4b8_fit_20260910_v3,pi4b8g,2,1,fit,true,27,30,1110,2026-09-10T13:09:14Z,171889905242590,oi_svdd_as_elm_revision,n1024,1024,B1,0.5,40.894,39.433,1800.000,1800.000,1800.000,1800.000,0.912187,27.770191,0.819374,65.419608,0.093128,96.711828,101.113024,0.000000,0.681299574,0.642039080,1
pi4b8_fit_20260910_v3,pi4b8g,2,1,fit,true,27,31,1111,2026-09-10T13:09:14Z,171890007319596,oi_svdd_as_elm_revision,n1024,1024,B1,0.5,39.433,39.433,1800.000,1800.000,1800.000,1800.000,0.961111,27.888319,0.767412,65.358331,0.144775,96.791011,101.156042,0.000000,0.681850606,0.638845119,1
pi4b8_fit_20260910_v3,pi4b8g,2,1,fit,true,27,32,1112,2026-09-10T13:09:15Z,171890109446342,oi_svdd_as_elm_revision,n1024,1024,B1,0.5,39.433,38.946,1800.000,1800.000,1800.000,1800.000,0.907687,27.788136,0.837577,65.400553,0.094647,96.713013,101.116135,0.000000,0.685259778,0.632674154,1
pi4b8_fit_20260910_v3,pi4b8g,2,1,fit,true,27,33,1113,2026-09-10T13:09:15Z,171890211519811,oi_svdd_as_elm_revision,n1024,1024,B1,0.5,38.946,39.920,1800.000,1800.000,1800.000,1800.000,0.964816,27.839320,0.763060,65.442904,0.096942,96.790585,101.145264,0.000000,0.689690421,0.639212000,1
pi4b8_fit_20260910_v3,pi4b8g,2,1,fit,true,27,34,1114,2026-09-10T13:09:15Z,171890313641613,oi_svdd_as_elm_revision,n1024,1024,B1,0.5,39.920,39.433,1800.000,1800.000,1800.000,1800.000,0.894631,27.672268,0.823521,65.423738,0.095646,96.610403,101.100764,0.000000,0.685477958,0.639684601,1
pi4b8_fit_20260910_v3,pi4b8g,2,1,fit,true,27,35,1115,2026-09-10T13:09:15Z,171890415699656,oi_svdd_as_elm_revision,n1024,1024,B1,0.5,39.433,39.433,1800.000,1800.000,1800.000,1800.000,0.963353,27.975984,0.765986,65.461811,0.092184,96.932768,101.131505,0.000000,0.686510410,0.642183742,1
pi4b8_fit_20260910_v3,pi4b8g,2,1,fit,true,27,36,1116,2026-09-10T13:09:15Z,171890517797495,oi_svdd_as_elm_revision,n1024,1024,B1,0.5,39.433,38.946,1800.000,1800.000,1800.000,1800.000,0.897632,28.679359,0.765115,65.467700,0.093869,98.008822,101.112783,0.000000,0.683261011,0.638798471,1
pi4b8_fit_20260910_v3,pi4b8g,2,1,fit,true,27,37,1117,2026-09-10T13:09:15Z,171890619862835,oi_svdd_as_elm_revision,n1024,1024,B1,0.5,38.946,39.433,1800.000,1800.000,1800.000,1800.000,0.953816,27.890023,0.765486,65.485866,0.094109,96.860417,101.137301,0.000000,0.673991372,0.628097226,1
pi4b8_fit_20260910_v3,pi4b8g,2,1,fit,true,27,38,1118,2026-09-10T13:09:15Z,171890721964859,oi_svdd_as_elm_revision,n1024,1024,B1,0.5,39.433,39.920,1800.000,1800.000,1800.000,1800.000,0.907372,27.676212,0.758727,65.452459,0.094350,96.642587,101.101024,0.000000,0.683816952,0.630396927,1
pi4b8_fit_20260910_v3,pi4b8g,2,1,fit,true,27,39,1119,2026-09-10T13:09:15Z,171890824075457,oi_svdd_as_elm_revision,n1024,1024,B1,0.5,39.920,38.946,1800.000,1800.000,1800.000,1800.000,0.913909,27.892226,0.766467,65.459108,0.095072,96.807955,101.100209,0.000000,0.693681752,0.649587168,1
pi4b8_fit_20260910_v3,pi4b8g,2,1,fit,true,28,0,1120,2026-09-10T13:09:16Z,171891502131227,lucid_revision,n512,512,B0,0.0,38.459,39.433,1800.000,1800.000,1800.000,1800.000,0.942761,13.970538,0.558638,128.198524,0.092609,144.695924,145.686350,44.695924,0.671696733,0.592069459,1
pi4b8_fit_20260910_v3,pi4b8g,2,1,fit,true,28,1,1121,2026-09-10T13:09:16Z,171891648501787,lucid_revision,n512,512,B0,0.0,39.433,38.946,1800.000,1800.000,1800.000,1800.000,0.853633,14.071574,0.539583,117.338835,0.089962,133.895252,134.885974,33.895252,0.697458436,0.597465343,1
pi4b8_fit_20260910_v3,pi4b8g,2,1,fit,true,28,2,1122,2026-09-10T13:09:16Z,171891784068767,lucid_revision,n512,512,B0,0.0,38.946,38.946,1800.000,1800.000,1800.000,1800.000,0.847614,14.090462,0.598397,117.154950,0.093147,133.753941,134.736867,33.753941,0.681081904,0.595903124,1
pi4b8_fit_20260910_v3,pi4b8g,2,1,fit,true,28,3,1123,2026-09-10T13:09:16Z,171891919448363,lucid_revision,n512,512,B0,0.0,38.946,39.433,1800.000,1800.000,1800.000,1800.000,0.887761,13.985334,0.549972,116.942380,0.091239,133.404576,134.396947,33.404576,0.692017093,0.608396417,1
pi4b8_fit_20260910_v3,pi4b8g,2,1,fit,true,28,4,1124,2026-09-10T13:09:16Z,171892054517279,lucid_revision,n512,512,B0,0.0,39.433,38.459,1800.000,1800.000,1800.000,1800.000,0.857318,14.076814,0.550471,116.759883,0.092980,133.303559,134.352892,33.303559,0.678873418,0.592201646,1
pi4b8_fit_20260910_v3,pi4b8g,2,1,fit,true,28,5,1125,2026-09-10T13:09:17Z,171892189524048,lucid_revision,n512,512,B0,0.0,38.459,39.433,1800.000,1800.000,1800.000,1800.000,0.841114,14.172423,0.550749,116.624164,0.091905,133.229172,134.217431,33.229172,0.691567840,0.601788762,1
pi4b8_fit_20260910_v3,pi4b8g,2,1,fit,true,28,6,1126,2026-09-10T13:09:17Z,171892324438337,lucid_revision,n512,512,B0,0.0,39.433,39.433,1800.000,1800.000,1800.000,1800.000,0.854707,13.925114,0.546009,116.568183,0.092665,133.002510,133.991343,33.002510,0.684064559,0.599779132,1
pi4b8_fit_20260910_v3,pi4b8g,2,1,fit,true,28,7,1127,2026-09-10T13:09:17Z,171892459101668,lucid_revision,n512,512,B0,0.0,39.433,37.972,1800.000,1800.000,1800.000,1800.000,0.966834,13.990001,0.547287,116.759791,0.093535,133.313596,134.295245,33.313596,0.662282571,0.572627568,1
pi4b8_fit_20260910_v3,pi4b8g,2,1,fit,true,28,8,1128,2026-09-10T13:09:17Z,171892594046012,lucid_revision,n512,512,B0,0.0,37.972,38.946,1800.000,1800.000,1800.000,1800.000,0.837114,14.175572,0.549268,117.060545,0.091887,133.686886,134.711571,33.686886,0.684465488,0.596754311,1
pi4b8_fit_20260910_v3,pi4b8g,2,1,fit,true,28,9,1129,2026-09-10T13:09:17Z,171892729407256,lucid_revision,n512,512,B0,0.0,38.946,38.459,1800.000,1800.000,1800.000,1800.000,0.843133,14.145924,0.548860,116.830067,0.091128,133.395836,134.381929,33.395836,0.684169116,0.595960752,1
pi4b8_fit_20260910_v3,pi4b8g,2,1,fit,true,28,10,1130,2026-09-10T13:09:17Z,171892864476098,lucid_revision,n512,512,B0,0.0,38.459,38.946,1800.000,1800.000,1800.000,1800.000,0.857855,13.962280,0.541841,116.668496,0.093017,133.156710,134.142192,33.156710,0.684903392,0.603897940,1
pi4b8_fit_20260910_v3,pi4b8g,2,1,fit,true,28,11,1131,2026-09-10T13:09:17Z,171892999265649,lucid_revision,n512,512,B0,0.0,38.946,38.459,1800.000,1800.000,1800.000,1800.000,0.897854,14.085444,0.544416,117.012009,0.091647,133.577906,134.568610,33.577906,0.702464463,0.621202048,1
pi4b8_fit_20260910_v3,pi4b8g,2,1,fit,true,28,12,1132,2026-09-10T13:09:18Z,171893134497654,lucid_revision,n512,512,B0,0.0,38.459,37.972,1800.000,1800.000,1800.000,1800.000,0.841707,14.013834,0.549194,117.035675,0.091591,133.497038,134.518852,33.497038,0.675771301,0.593484713,1
pi4b8_fit_20260910_v3,pi4b8g,2,1,fit,true,28,13,1133,2026-09-10T13:09:18Z,171893269658976,lucid_revision,n512,512,B0,0.0,38.946,38.946,1800.000,1800.000,1800.000,1800.000,0.839114,14.120962,0.545082,116.633145,0.092276,133.168006,134.158933,33.168006,0.675023110,0.577060465,1
pi4b8_fit_20260910_v3,pi4b8g,2,1,fit,true,28,14,1134,2026-09-10T13:09:18Z,171893404505266,lucid_revision,n512,512,B0,0.0,38.946,38.946,1800.000,1800.000,1800.000,1800.000,0.857577,14.024111,0.535954,116.702088,0.091961,133.241080,134.227172,33.241080,0.699938643,0.613444006,1
pi4b8_fit_20260910_v3,pi4b8g,2,1,fit,true,28,15,1135,2026-09-10T13:09:18Z,171893539388723,lucid_revision,n512,512,B0,0.0,38.946,39.920,1800.000,1800.000,1800.000,1800.000,0.893632,14.022204,0.831318,117.101970,0.092072,134.230913,135.223672,34.230913,0.684696488,0.601559710,1
pi4b8_fit_20260910_v3,pi4b8g,2,1,fit,true,28,16,1136,2026-09-10T13:09:18Z,171893675255976,lucid_revision,n512,512,B0,0.0,39.920,38.459,1800.000,1800.000,1800.000,1800.000,0.886243,14.087852,0.558490,116.987360,0.092128,133.566943,134.554777,33.566943,0.682721283,0.594413084,1
pi4b8_fit_20260910_v3,pi4b8g,2,1,fit,true,28,17,1137,2026-09-10T13:09:18Z,171893810458500,lucid_revision,n512,512,B0,0.0,38.459,38.459,1800.000,1800.000,1800.000,1800.000,0.847688,14.124739,0.553157,116.621701,0.092924,133.176618,134.210395,33.176618,0.694722019,0.610635015,1
pi4b8_fit_20260910_v3,pi4b8g,2,1,fit,true,28,18,1138,2026-09-10T13:09:18Z,171893945347975,lucid_revision,n512,512,B0,0.0,38.459,38.459,1800.000,1800.000,1800.000,1800.000,0.852243,14.085500,0.549656,116.694977,0.091943,133.238450,134.227839,33.238450,0.675584762,0.583152445,1
pi4b8_fit_20260910_v3,pi4b8g,2,1,fit,true,28,19,1139,2026-09-10T13:09:18Z,171894080267005,lucid_revision,n512,512,B0,0.0,38.459,39.920,1800.000,1800.000,1800.000,1800.000,0.856595,14.081463,0.550008,116.756735,0.090721,133.335059,134.324615,33.335059,0.675654514,0.592592705,1
pi4b8_fit_20260910_v3,pi4b8g,2,1,fit,true,28,20,1140,2026-09-10T13:09:19Z,171894215237238,lucid_revision,n512,512,B0,0.0,38.459,38.946,1800.000,1800.000,1800.000,1800.000,0.878151,14.011927,0.552101,116.714959,0.090332,133.207154,134.192080,33.207154,0.681284885,0.591564857,1
pi4b8_fit_20260910_v3,pi4b8g,2,1,fit,true,28,21,1141,2026-09-10T13:09:19Z,171894350083639,lucid_revision,n512,512,B0,0.0,38.946,37.972,1800.000,1800.000,1800.000,1800.000,0.835744,14.173998,0.548230,116.414464,0.092332,133.004010,134.038583,33.004010,0.680105084,0.593114644,1
pi4b8_fit_20260910_v3,pi4b8g,2,1,fit,true,28,22,1142,2026-09-10T13:09:19Z,171894484782951,lucid_revision,n512,512,B0,0.0,37.972,37.972,1800.000,1800.000,1800.000,1800.000,0.852854,13.991816,0.543397,116.745143,0.092147,133.257394,134.252190,33.257394,0.700135633,0.617806910,1
pi4b8_fit_20260910_v3,pi4b8g,2,1,fit,true,28,23,1143,2026-09-10T13:09:19Z,171894619688907,lucid_revision,n512,512,B0,0.0,37.972,38.946,1800.000,1800.000,1800.000,1800.000,0.907224,14.057851,0.602563,116.608830,0.091091,133.214043,134.201839,33.214043,0.688816297,0.608969810,1
pi4b8_fit_20260910_v3,pi4b8g,2,1,fit,true,28,24,1144,2026-09-10T13:09:19Z,171894754539290,lucid_revision,n512,512,B0,0.0,38.946,37.972,1800.000,1800.000,1800.000,1800.000,0.843818,14.005223,0.543120,116.536017,0.093369,132.985843,134.014972,32.985843,0.686512193,0.597393056,1
pi4b8_fit_20260910_v3,pi4b8g,2,1,fit,true,28,25,1145,2026-09-10T13:09:19Z,171894889208121,lucid_revision,n512,512,B0,0.0,37.972,38.946,1800.000,1800.000,1800.000,1800.000,0.849392,13.996390,0.551638,116.607960,0.091813,133.041731,134.033416,33.041731,0.670021754,0.577202397,1
pi4b8_fit_20260910_v3,pi4b8g,2,1,fit,true,28,26,1146,2026-09-10T13:09:19Z,171895023891710,lucid_revision,n512,512,B0,0.0,38.946,38.946,1800.000,1800.000,1800.000,1800.000,0.898058,14.127351,0.592378,116.587627,0.092239,133.251987,134.239524,33.251987,0.692913206,0.606658872,1
pi4b8_fit_20260910_v3,pi4b8g,2,1,fit,true,28,27,1147,2026-09-10T13:09:20Z,171895158783500,lucid_revision,n512,512,B0,0.0,38.946,39.433,1800.000,1800.000,1800.000,1800.000,0.843725,14.158332,0.545897,116.624701,0.091776,133.215580,134.240264,33.215580,0.695844644,0.609495166,1
pi4b8_fit_20260910_v3,pi4b8g,2,1,fit,true,28,28,1148,2026-09-10T13:09:20Z,171895293667234,lucid_revision,n512,512,B0,0.0,37.972,38.946,1800.000,1800.000,1800.000,1800.000,0.842300,14.162905,0.550397,116.766883,0.093017,133.374725,134.406058,33.374725,0.670634578,0.585913344,1
pi4b8_fit_20260910_v3,pi4b8g,2,1,fit,true,28,29,1149,2026-09-10T13:09:20Z,171895428725798,lucid_revision,n512,512,B0,0.0,38.946,40.407,1800.000,1800.000,1800.000,1800.000,0.864799,13.992187,0.542082,116.936139,0.106516,133.481797,135.231654,33.481797,0.697116781,0.608446488,1
pi4b8_fit_20260910_v3,pi4b8g,2,1,fit,true,28,30,1150,2026-09-10T13:09:20Z,171895564675939,lucid_revision,n512,512,B0,0.0,40.407,37.972,1800.000,1800.000,1800.000,1800.000,0.885372,13.982594,0.547360,116.663607,0.090239,133.210432,134.192117,33.210432,0.661297241,0.572480790,1
pi4b8_fit_20260910_v3,pi4b8g,2,1,fit,true,28,31,1151,2026-09-10T13:09:20Z,171895699516840,lucid_revision,n512,512,B0,0.0,37.972,38.946,1800.000,1800.000,1800.000,1800.000,0.897224,14.061815,0.549842,116.856807,0.091072,133.394707,134.381744,33.394707,0.682123979,0.596921616,1
pi4b8_fit_20260910_v3,pi4b8g,2,1,fit,true,28,32,1152,2026-09-10T13:09:20Z,171895834542165,lucid_revision,n512,512,B0,0.0,38.946,38.459,1800.000,1800.000,1800.000,1800.000,0.839391,13.990742,0.545416,116.444315,0.091999,132.878345,133.914937,32.878345,0.688983685,0.600752497,1
pi4b8_fit_20260910_v3,pi4b8g,2,1,fit,true,28,33,1153,2026-09-10T13:09:20Z,171895969152089,lucid_revision,n512,512,B0,0.0,38.459,38.459,1800.000,1800.000,1800.000,1800.000,0.854762,14.054871,0.551342,116.506388,0.091868,133.002713,133.990566,33.002713,0.675273968,0.591975554,1
pi4b8_fit_20260910_v3,pi4b8g,2,1,fit,true,28,34,1154,2026-09-10T13:09:20Z,171896103779180,lucid_revision,n512,512,B0,0.0,38.459,38.459,1800.000,1800.000,1800.000,1800.000,0.905261,13.951724,0.596452,116.519277,0.091017,133.025491,134.015194,33.025491,0.702600157,0.619855055,1
pi4b8_fit_20260910_v3,pi4b8g,2,1,fit,true,28,35,1155,2026-09-10T13:09:21Z,171896238444214,lucid_revision,n512,512,B0,0.0,38.946,38.946,1800.000,1800.000,1800.000,1800.000,0.846910,13.944613,0.553156,116.609534,0.091887,132.996843,134.029658,32.996843,0.680943226,0.599306484,1
pi4b8_fit_20260910_v3,pi4b8g,2,1,fit,true,28,36,1156,2026-09-10T13:09:21Z,171896373122712,lucid_revision,n512,512,B0,0.0,38.946,38.459,1800.000,1800.000,1800.000,1800.000,0.837244,13.911539,0.546545,116.350242,0.091109,132.743847,133.732255,32.743847,0.681749476,0.587648811,1
pi4b8_fit_20260910_v3,pi4b8g,2,1,fit,true,28,37,1157,2026-09-10T13:09:21Z,171896507498585,lucid_revision,n512,512,B0,0.0,38.459,38.459,1800.000,1800.000,1800.000,1800.000,0.891373,13.907039,0.541508,116.703218,0.092850,133.086452,134.074730,33.086452,0.691897448,0.602396390,1
pi4b8_fit_20260910_v3,pi4b8g,2,1,fit,true,28,38,1158,2026-09-10T13:09:21Z,171896642226340,lucid_revision,n512,512,B0,0.0,38.459,38.946,1800.000,1800.000,1800.000,1800.000,0.838744,13.977761,0.546934,116.713607,0.090832,133.124415,134.146915,33.124415,0.700000432,0.614138017,1
pi4b8_fit_20260910_v3,pi4b8g,2,1,fit,true,28,39,1159,2026-09-10T13:09:21Z,171896777025002,lucid_revision,n512,512,B0,0.0,38.946,38.946,1800.000,1800.000,1800.000,1800.000,0.844799,14.045834,0.550453,116.515536,0.092462,133.049324,134.031102,33.049324,0.666428383,0.579289514,1
pi4b8_fit_20260910_v3,pi4b8g,2,1,fit,true,29,0,1160,2026-09-10T13:09:22Z,171897417693722,lucid_revision,n1,1,B2,1.0,38.459,38.946,1800.000,1800.000,1800.000,1800.000,0.956186,0.174200,0.187719,0.501547,0.068777,2.046443,100.998451,0.000000,0.917953518,0.835099743,1
pi4b8_fit_20260910_v3,pi4b8g,2,1,fit,true,29,1,1161,2026-09-10T13:09:22Z,171897519004408,lucid_revision,n1,1,B2,1.0,38.946,38.946,1800.000,1800.000,1800.000,1800.000,0.779430,0.143146,0.181719,0.490454,0.065851,1.838522,101.020563,0.000000,0.954868908,0.865749181,1
pi4b8_fit_20260910_v3,pi4b8g,2,1,fit,true,29,2,1162,2026-09-10T13:09:22Z,171897620398779,lucid_revision,n1,1,B2,1.0,38.946,39.920,1800.000,1800.000,1800.000,1800.000,0.827596,0.159572,0.183885,0.494454,0.067703,1.879706,100.982748,0.000000,0.873891315,0.639860894,1
pi4b8_fit_20260910_v3,pi4b8g,2,1,fit,true,29,3,1163,2026-09-10T13:09:22Z,171897721693281,lucid_revision,n1,1,B2,1.0,39.920,38.459,1800.000,1800.000,1800.000,1800.000,0.772837,0.147312,0.176793,0.481566,0.064258,1.782411,100.973396,0.000000,0.990358924,0.858896077,1
pi4b8_fit_20260910_v3,pi4b8g,2,1,fit,true,29,4,1164,2026-09-10T13:09:22Z,171897822976542,lucid_revision,n1,1,B2,1.0,38.459,38.459,1800.000,1800.000,1800.000,1800.000,0.775931,0.143535,0.279328,0.498861,0.065591,1.902058,100.973712,0.000000,0.874109594,0.735860756,1
pi4b8_fit_20260910_v3,pi4b8g,2,1,fit,true,29,5,1165,2026-09-10T13:09:22Z,171897924281896,lucid_revision,n1,1,B2,1.0,38.459,37.972,1800.000,1800.000,1800.000,1800.000,0.789504,0.148756,0.175182,0.478195,0.064276,1.791355,101.107246,0.000000,0.373947733,0.679763403,1
pi4b8_fit_20260910_v3,pi4b8g,2,1,fit,true,29,6,1166,2026-09-10T13:09:22Z,171898025756746,lucid_revision,n1,1,B2,1.0,37.972,39.433,1800.000,1800.000,1800.000,1800.000,0.798152,0.154683,0.184367,0.490287,0.066869,1.839614,100.999619,0.000000,0.642121776,0.684712398,1
pi4b8_fit_20260910_v3,pi4b8g,2,1,fit,true,29,7,1167,2026-09-10T13:09:23Z,171898127071562,lucid_revision,n1,1,B2,1.0,39.433,38.946,1800.000,1800.000,1800.000,1800.000,0.777985,0.192719,0.182108,0.489713,0.066202,1.853781,101.006322,0.000000,0.936618349,0.852958820,1
pi4b8_fit_20260910_v3,pi4b8g,2,1,fit,true,29,8,1168,2026-09-10T13:09:23Z,171898228416304,lucid_revision,n1,1,B2,1.0,38.946,38.459,1800.000,1800.000,1800.000,1800.000,0.799003,0.143349,0.177348,0.479121,0.063814,1.802522,100.973582,0.000000,0.925908638,0.843922803,1
pi4b8_fit_20260910_v3,pi4b8g,2,1,fit,true,29,9,1169,2026-09-10T13:09:23Z,171898329691566,lucid_revision,n1,1,B2,1.0,38.459,38.459,1800.000,1800.000,1800.000,1800.000,0.770782,0.141423,0.173996,0.474435,0.064684,1.764375,100.957119,0.000000,0.992770062,0.853724566,1
pi4b8_fit_20260910_v3,pi4b8g,2,1,fit,true,29,10,1170,2026-09-10T13:09:23Z,171898430948013,lucid_revision,n1,1,B2,1.0,38.459,38.946,1800.000,1800.000,1800.000,1800.000,0.776448,0.141294,0.222385,0.486676,0.065944,1.831522,100.970878,0.000000,0.874139323,0.710438235,1
pi4b8_fit_20260910_v3,pi4b8g,2,1,fit,true,29,11,1171,2026-09-10T13:09:23Z,171898532248292,lucid_revision,n1,1,B2,1.0,38.946,38.946,1800.000,1800.000,1800.000,1800.000,0.786522,0.145590,0.174348,0.471788,0.063407,1.781430,100.943268,0.000000,0.641532103,0.703176332,1
pi4b8_fit_20260910_v3,pi4b8g,2,1,fit,true,29,12,1172,2026-09-10T13:09:23Z,171898633545479,lucid_revision,n1,1,B2,1.0,38.946,37.972,1800.000,1800.000,1800.000,1800.000,0.790152,0.156942,0.184367,0.500269,0.066740,1.842707,100.977249,0.000000,0.874560100,0.731881602,1
pi4b8_fit_20260910_v3,pi4b8g,2,1,fit,true,29,13,1173,2026-09-10T13:09:23Z,171898734829963,lucid_revision,n1,1,B2,1.0,37.972,37.972,1800.000,1800.000,1800.000,1800.000,0.775023,0.142460,0.226996,0.493546,0.065814,1.844299,101.126135,0.000000,0.964313903,0.843895464,1
pi4b8_fit_20260910_v3,pi4b8g,2,1,fit,true,29,14,1174,2026-09-10T13:09:23Z,171898836362072,lucid_revision,n1,1,B2,1.0,37.972,39.433,1800.000,1800.000,1800.000,1800.000,0.813670,0.159201,0.185033,0.494787,0.067498,1.866965,100.988766,0.000000,0.874335987,0.233155772,1
pi4b8_fit_20260910_v3,pi4b8g,2,1,fit,true,29,15,1175,2026-09-10T13:09:23Z,171898937667851,lucid_revision,n1,1,B2,1.0,39.433,37.485,1800.000,1800.000,1800.000,1800.000,0.775504,0.146535,0.176311,0.484269,0.064776,1.787060,100.972008,0.000000,0.950995720,0.841526014,1
pi4b8_fit_20260910_v3,pi4b8g,2,1,fit,true,29,16,1176,2026-09-10T13:09:23Z,171899038939391,lucid_revision,n1,1,B2,1.0,37.485,39.920,1800.000,1800.000,1800.000,1800.000,0.772819,0.143201,0.224588,0.487325,0.064055,1.829781,100.981952,0.000000,0.000000000,0.020124979,1
pi4b8_fit_20260910_v3,pi4b8g,2,1,fit,true,29,17,1177,2026-09-10T13:09:24Z,171899140266651,lucid_revision,n1,1,B2,1.0,39.920,38.946,1800.000,1800.000,1800.000,1800.000,0.792800,0.144923,0.178811,0.476547,0.065313,1.798763,100.967934,0.000000,0.999994787,0.783306964,1
pi4b8_fit_20260910_v3,pi4b8g,2,1,fit,true,29,18,1178,2026-09-10T13:09:24Z,171899241538357,lucid_revision,n1,1,B2,1.0,38.946,38.459,1800.000,1800.000,1800.000,1800.000,0.772486,0.146127,0.177089,0.478862,0.063721,1.776208,100.960601,0.000000,0.831754503,0.659384650,1
pi4b8_fit_20260910_v3,pi4b8g,2,1,fit,true,29,19,1179,2026-09-10T13:09:24Z,171899342793823,lucid_revision,n1,1,B2,1.0,38.459,38.459,1800.000,1800.000,1800.000,1800.000,0.769078,0.145164,0.175663,0.535527,0.066350,1.827022,100.966471,0.000000,0.874425705,0.733914646,1
pi4b8_fit_20260910_v3,pi4b8g,2,1,fit,true,29,20,1180,2026-09-10T13:09:24Z,171899444095139,lucid_revision,n1,1,B2,1.0,38.459,39.920,1800.000,1800.000,1800.000,1800.000,0.792356,0.146683,0.176737,0.474139,0.063795,1.790986,100.962360,0.000000,0.872789700,0.771444471,1
pi4b8_fit_20260910_v3,pi4b8g,2,1,fit,true,29,21,1181,2026-09-10T13:09:24Z,171899545358012,lucid_revision,n1,1,B2,1.0,39.920,37.972,1800.000,1800.000,1800.000,1800.000,0.768227,0.142146,0.175775,0.473436,0.064147,1.759727,100.943342,0.000000,0.936978905,0.836905186,1
pi4b8_fit_20260910_v3,pi4b8g,2,1,fit,true,29,22,1182,2026-09-10T13:09:24Z,171899646659533,lucid_revision,n1,1,B2,1.0,37.972,38.946,1800.000,1800.000,1800.000,1800.000,0.787170,0.155775,0.183923,0.539101,0.066851,1.873391,100.979285,0.000000,0.990349228,0.858896077,1
pi4b8_fit_20260910_v3,pi4b8g,2,1,fit,true,29,23,1183,2026-09-10T13:09:24Z,171899747946312,lucid_revision,n1,1,B2,1.0,38.946,39.433,1800.000,1800.000,1800.000,1800.000,0.834670,0.147182,0.176515,0.476880,0.065351,1.840559,100.970397,0.000000,0.999986888,0.824379893,1
pi4b8_fit_20260910_v3,pi4b8g,2,1,fit,true,29,24,1184,2026-09-10T13:09:24Z,171899849249814,lucid_revision,n1,1,B2,1.0,39.433,38.946,1800.000,1800.000,1800.000,1800.000,0.790392,0.145127,0.176182,0.477676,0.062591,1.791337,100.996933,0.000000,0.978147728,0.851762574,1
pi4b8_fit_20260910_v3,pi4b8g,2,1,fit,true,29,25,1185,2026-09-10T13:09:24Z,171899950566149,lucid_revision,n1,1,B2,1.0,38.946,38.946,1800.000,1800.000,1800.000,1800.000,0.773301,0.147664,0.178386,0.582601,0.069869,1.892798,100.969878,0.000000,0.642232681,0.683218417,1
pi4b8_fit_20260910_v3,pi4b8g,2,1,fit,true,29,26,1186,2026-09-10T13:09:24Z,171900051838374,lucid_revision,n1,1,B2,1.0,38.946,38.459,1800.000,1800.000,1800.000,1800.000,0.822189,0.147015,0.177144,0.481306,0.063666,1.831503,100.991081,0.000000,0.935315681,0.884286739,1
pi4b8_fit_20260910_v3,pi4b8g,2,1,fit,true,29,27,1187,2026-09-10T13:09:25Z,171900153127153,lucid_revision,n1,1,B2,1.0,38.459,38.946,1800.000,1800.000,1800.000,1800.000,0.771653,0.143997,0.174497,0.478677,0.063536,1.768449,100.980341,0.000000,0.240436318,0.711791630,1
pi4b8_fit_20260910_v3,pi4b8g,2,1,fit,true,29,28,1188,2026-09-10T13:09:25Z,171900254410915,lucid_revision,n1,1,B2,1.0,38.946,38.459,1800.000,1800.000,1800.000,1800.000,0.773875,0.143312,0.177090,0.532953,0.066499,1.833707,100.969193,0.000000,0.978060781,0.851556397,1
pi4b8_fit_20260910_v3,pi4b8g,2,1,fit,true,29,29,1189,2026-09-10T13:09:25Z,171900355677713,lucid_revision,n1,1,B2,1.0,38.459,38.946,1800.000,1800.000,1800.000,1800.000,0.824114,0.145294,0.175663,0.474547,0.064776,1.823726,100.989564,0.000000,0.926325327,0.846028269,1
pi4b8_fit_20260910_v3,pi4b8g,2,1,fit,true,29,30,1190,2026-09-10T13:09:25Z,171900456970715,lucid_revision,n1,1,B2,1.0,38.946,38.946,1800.000,1800.000,1800.000,1800.000,0.784504,0.144664,0.174442,0.477639,0.063203,1.782005,100.966490,0.000000,0.874400687,0.694572789,1
pi4b8_fit_20260910_v3,pi4b8g,2,1,fit,true,29,31,1191,2026-09-10T13:09:25Z,171900558232755,lucid_revision,n1,1,B2,1.0,38.946,37.972,1800.000,1800.000,1800.000,1800.000,0.769652,0.139571,0.174497,0.475362,0.064221,1.758468,100.967878,0.000000,0.790780273,0.738524580,1
pi4b8_fit_20260910_v3,pi4b8g,2,1,fit,true,29,32,1192,2026-09-10T13:09:25Z,171900659562590,lucid_revision,n1,1,B2,1.0,37.972,38.459,1800.000,1800.000,1800.000,1800.000,0.835485,0.160237,0.182701,0.493584,0.066814,1.883631,101.023044,0.000000,0.927083657,0.851299151,1
pi4b8_fit_20260910_v3,pi4b8g,2,1,fit,true,29,33,1193,2026-09-10T13:09:25Z,171900760912961,lucid_revision,n1,1,B2,1.0,38.459,38.946,1800.000,1800.000,1800.000,1800.000,0.787004,0.147998,0.176701,0.486065,0.064758,1.803133,100.967249,0.000000,0.787059773,0.874055479,1
pi4b8_fit_20260910_v3,pi4b8g,2,1,fit,true,29,34,1194,2026-09-10T13:09:25Z,171900862185259,lucid_revision,n1,1,B2,1.0,38.946,38.946,1800.000,1800.000,1800.000,1800.000,0.766337,0.142960,0.175181,0.475120,0.065221,1.763727,100.993934,0.000000,0.918866163,0.835819932,1
pi4b8_fit_20260910_v3,pi4b8g,2,1,fit,true,29,35,1195,2026-09-10T13:09:25Z,171900963502779,lucid_revision,n1,1,B2,1.0,38.946,38.459,1800.000,1800.000,1800.000,1800.000,0.824726,0.150812,0.177793,0.481880,0.067888,1.844911,101.016026,0.000000,0.000372763,0.024920050,1
pi4b8_fit_20260910_v3,pi4b8g,2,1,fit,true,29,36,1196,2026-09-10T13:09:25Z,171901064833910,lucid_revision,n1,1,B2,1.0,38.459,38.946,1800.000,1800.000,1800.000,1800.000,0.781060,0.147720,0.178127,0.478769,0.064387,1.789115,100.967916,0.000000,0.787070124,0.843620444,1
pi4b8_fit_20260910_v3,pi4b8g,2,1,fit,true,29,37,1197,2026-09-10T13:09:26Z,171901166107468,lucid_revision,n1,1,B2,1.0,38.459,38.946,1800.000,1800.000,1800.000,1800.000,0.778411,0.143201,0.173793,0.475899,0.064721,1.773801,100.965453,0.000000,0.084463283,0.023881670,1
pi4b8_fit_20260910_v3,pi4b8g,2,1,fit,true,29,38,1198,2026-09-10T13:09:26Z,171901267380693,lucid_revision,n1,1,B2,1.0,38.946,38.459,1800.000,1800.000,1800.000,1800.000,0.814726,0.147627,0.177071,0.477825,0.064073,1.818670,100.991026,0.000000,0.831497039,0.751736603,1
pi4b8_fit_20260910_v3,pi4b8g,2,1,fit,true,29,39,1199,2026-09-10T13:09:26Z,171901368735045,lucid_revision,n1,1,B2,1.0,38.459,38.459,1800.000,1800.000,1800.000,1800.000,0.801078,0.145701,0.172182,0.478324,0.064776,1.801597,101.050136,0.000000,0.234702761,0.025913834,1
pi4b8_fit_20260910_v3,pi4b8g,2,1,fit,true,30,0,1200,2026-09-10T13:09:26Z,171902104430031,fisvdd_revision,n16,16,B0,0.0,38.459,38.459,1800.000,1800.000,1800.000,1800.000,0.912224,0.572768,0.203182,0.583970,0.074776,2.509324,101.016284,0.000000,0.662553985,0.501249789,1
pi4b8_fit_20260910_v3,pi4b8g,2,1,fit,true,30,1,1201,2026-09-10T13:09:27Z,171902205781643,fisvdd_revision,n16,16,B0,0.0,38.459,37.485,1800.000,1800.000,1800.000,1800.000,0.774819,0.562526,0.193626,0.627081,0.075943,2.399363,100.997192,0.000000,0.733348671,0.503025503,1
pi4b8_fit_20260910_v3,pi4b8g,2,1,fit,true,30,2,1202,2026-09-10T13:09:27Z,171902307100737,fisvdd_revision,n16,16,B0,0.0,37.485,37.972,1800.000,1800.000,1800.000,1800.000,0.772819,0.619044,0.194701,0.581045,0.073203,2.401177,101.036025,0.000000,0.583790223,0.503411251,1
pi4b8_fit_20260910_v3,pi4b8g,2,1,fit,true,30,3,1203,2026-09-10T13:09:27Z,171902408459589,fisvdd_revision,n16,16,B0,0.0,37.972,37.485,1800.000,1800.000,1800.000,1800.000,0.780764,0.557693,0.194238,0.575416,0.070647,2.338235,100.990656,0.000000,0.593267393,0.499992099,1
pi4b8_fit_20260910_v3,pi4b8g,2,1,fit,true,30,4,1204,2026-09-10T13:09:27Z,171902509769609,fisvdd_revision,n16,16,B0,0.0,37.485,37.972,1800.000,1800.000,1800.000,1800.000,0.767171,0.548397,0.195386,0.576934,0.074221,2.387641,100.915972,0.000000,0.559002637,0.497917314,1
pi4b8_fit_20260910_v3,pi4b8g,2,1,fit,true,30,5,1205,2026-09-10T13:09:27Z,171902611059537,fisvdd_revision,n16,16,B0,0.0,37.972,37.972,1800.000,1800.000,1800.000,1800.000,0.774708,0.618544,0.202737,0.584878,0.073684,2.418789,101.053322,0.000000,0.588678753,0.498599626,1
pi4b8_fit_20260910_v3,pi4b8g,2,1,fit,true,30,6,1206,2026-09-10T13:09:27Z,171902712466963,fisvdd_revision,n16,16,B0,0.0,37.972,37.972,1800.000,1800.000,1800.000,1800.000,0.857503,0.580952,0.199126,0.586748,0.075480,2.476158,101.028322,0.000000,0.874839999,0.508723137,1
pi4b8_fit_20260910_v3,pi4b8g,2,1,fit,true,30,7,1207,2026-09-10T13:09:27Z,171902813842556,fisvdd_revision,n16,16,B0,0.0,37.972,37.485,1800.000,1800.000,1800.000,1800.000,0.778189,0.560305,0.195126,0.657155,0.075832,2.432807,101.018063,0.000000,0.734845832,0.496215756,1
pi4b8_fit_20260910_v3,pi4b8g,2,1,fit,true,30,8,1208,2026-09-10T13:09:27Z,171902915193446,fisvdd_revision,n16,16,B0,0.0,37.485,36.511,1800.000,1800.000,1800.000,1800.000,0.827911,0.565915,0.195089,0.573768,0.070277,2.396604,101.036803,0.000000,0.636650834,0.501938808,1
pi4b8_fit_20260910_v3,pi4b8g,2,1,fit,true,30,9,1209,2026-09-10T13:09:27Z,171903016559354,fisvdd_revision,n16,16,B0,0.0,36.511,37.972,1800.000,1800.000,1800.000,1800.000,0.787689,0.550805,0.195163,0.580767,0.073332,2.347642,100.994452,0.000000,0.662787659,0.499232656,1
pi4b8_fit_20260910_v3,pi4b8g,2,1,fit,true,30,10,1210,2026-09-10T13:09:28Z,171903117877207,fisvdd_revision,n16,16,B0,0.0,37.972,37.485,1800.000,1800.000,1800.000,1800.000,0.766874,0.535953,0.193959,0.641247,0.074610,2.369734,100.991860,0.000000,0.771831816,0.499335322,1
pi4b8_fit_20260910_v3,pi4b8g,2,1,fit,true,30,11,1211,2026-09-10T13:09:28Z,171903219195468,fisvdd_revision,n16,16,B0,0.0,37.485,36.998,1800.000,1800.000,1800.000,1800.000,0.814189,0.556694,0.192441,0.581637,0.072517,2.376308,101.029914,0.000000,0.788052870,0.495634624,1
pi4b8_fit_20260910_v3,pi4b8g,2,1,fit,true,30,12,1212,2026-09-10T13:09:28Z,171903320554061,fisvdd_revision,n16,16,B0,0.0,36.998,36.511,1800.000,1800.000,1800.000,1800.000,0.782911,0.550564,0.194126,0.572786,0.071832,2.332272,100.975341,0.000000,0.569195731,0.503223808,1
pi4b8_fit_20260910_v3,pi4b8g,2,1,fit,true,30,13,1213,2026-09-10T13:09:28Z,171903421847841,fisvdd_revision,n16,16,B0,0.0,36.511,36.998,1800.000,1800.000,1800.000,1800.000,0.771856,0.552378,0.194385,0.645822,0.072943,2.397604,100.986248,0.000000,0.698083418,0.500630612,1
pi4b8_fit_20260910_v3,pi4b8g,2,1,fit,true,30,14,1214,2026-09-10T13:09:28Z,171903523190527,fisvdd_revision,n16,16,B0,0.0,36.998,37.972,1800.000,1800.000,1800.000,1800.000,0.822985,0.560878,0.196737,0.573711,0.072166,2.388826,100.952823,0.000000,0.536293698,0.493655735,1
pi4b8_fit_20260910_v3,pi4b8g,2,1,fit,true,30,15,1215,2026-09-10T13:09:28Z,171903624515121,fisvdd_revision,n16,16,B0,0.0,37.972,37.485,1800.000,1800.000,1800.000,1800.000,0.795170,0.563304,0.200385,0.587397,0.072295,2.381549,100.996434,0.000000,0.783530501,0.500692965,1
pi4b8_fit_20260910_v3,pi4b8g,2,1,fit,true,30,16,1216,2026-09-10T13:09:28Z,171903725834308,fisvdd_revision,n16,16,B0,0.0,37.485,37.485,1800.000,1800.000,1800.000,1800.000,0.771152,0.553971,0.193552,0.641580,0.071832,2.390660,101.116357,0.000000,0.760837471,0.501040169,1
pi4b8_fit_20260910_v3,pi4b8g,2,1,fit,true,30,17,1217,2026-09-10T13:09:28Z,171903827340324,fisvdd_revision,n16,16,B0,0.0,37.485,36.511,1800.000,1800.000,1800.000,1800.000,0.825021,0.569082,0.203774,0.585007,0.073980,2.423548,101.075506,0.000000,0.613393164,0.497830457,1
pi4b8_fit_20260910_v3,pi4b8g,2,1,fit,true,30,18,1218,2026-09-10T13:09:28Z,171903928761898,fisvdd_revision,n16,16,B0,0.0,36.511,36.511,1800.000,1800.000,1800.000,1800.000,0.784485,0.559101,0.198608,0.576674,0.073740,2.355493,101.074284,0.000000,0.685024922,0.498264649,1
pi4b8_fit_20260910_v3,pi4b8g,2,1,fit,true,30,19,1219,2026-09-10T13:09:28Z,171904030206527,fisvdd_revision,n16,16,B0,0.0,36.511,36.024,1800.000,1800.000,1800.000,1800.000,0.782652,0.563452,0.201811,0.642210,0.075220,2.431788,101.009433,0.000000,0.620990280,0.501738164,1
pi4b8_fit_20260910_v3,pi4b8g,2,1,fit,true,30,20,1220,2026-09-10T13:09:29Z,171904131542898,fisvdd_revision,n16,16,B0,0.0,36.024,37.485,1800.000,1800.000,1800.000,1800.000,0.839485,0.564712,0.197478,0.577749,0.073609,2.415678,101.034544,0.000000,0.741394414,0.500472818,1
pi4b8_fit_20260910_v3,pi4b8g,2,1,fit,true,30,21,1221,2026-09-10T13:09:29Z,171904232899473,fisvdd_revision,n16,16,B0,0.0,37.485,36.998,1800.000,1800.000,1800.000,1800.000,0.778022,0.547490,0.193127,0.576971,0.072036,2.325105,100.998174,0.000000,0.747896067,0.508123726,1
pi4b8_fit_20260910_v3,pi4b8g,2,1,fit,true,30,22,1222,2026-09-10T13:09:29Z,171904334220586,fisvdd_revision,n16,16,B0,0.0,37.972,35.537,1800.000,1800.000,1800.000,1800.000,0.772541,0.550045,0.193570,0.640488,0.074332,2.388493,100.978489,0.000000,0.661104760,0.498475960,1
pi4b8_fit_20260910_v3,pi4b8g,2,1,fit,true,30,23,1223,2026-09-10T13:09:29Z,171904435515291,fisvdd_revision,n16,16,B0,0.0,35.537,36.998,1800.000,1800.000,1800.000,1800.000,0.821503,0.553731,0.195237,0.581378,0.071054,2.381493,101.023322,0.000000,0.842720614,0.500335331,1
pi4b8_fit_20260910_v3,pi4b8g,2,1,fit,true,30,24,1224,2026-09-10T13:09:29Z,171904536860089,fisvdd_revision,n16,16,B0,0.0,36.998,36.998,1800.000,1800.000,1800.000,1800.000,0.775152,0.555008,0.193200,0.577064,0.070425,2.331401,100.910194,0.000000,0.756630009,0.506719043,1
pi4b8_fit_20260910_v3,pi4b8g,2,1,fit,true,30,25,1225,2026-09-10T13:09:29Z,171904638136887,fisvdd_revision,n16,16,B0,0.0,36.998,36.511,1800.000,1800.000,1800.000,1800.000,0.769393,0.575211,0.199385,0.659821,0.074906,2.442233,101.003989,0.000000,0.648369364,0.500438856,1
pi4b8_fit_20260910_v3,pi4b8g,2,1,fit,true,30,26,1226,2026-09-10T13:09:29Z,171904739460685,fisvdd_revision,n16,16,B0,0.0,36.511,36.998,1800.000,1800.000,1800.000,1800.000,0.826337,0.556694,0.194052,0.575304,0.071869,2.384826,101.049358,0.000000,0.792583723,0.499162303,1
pi4b8_fit_20260910_v3,pi4b8g,2,1,fit,true,30,27,1227,2026-09-10T13:09:29Z,171904840847166,fisvdd_revision,n16,16,B0,0.0,36.998,36.024,1800.000,1800.000,1800.000,1800.000,0.770967,0.560915,0.195366,0.581397,0.071813,2.340439,101.010637,0.000000,0.603546440,0.508121015,1
pi4b8_fit_20260910_v3,pi4b8g,2,1,fit,true,30,28,1228,2026-09-10T13:09:29Z,171904942187908,fisvdd_revision,n16,16,B0,0.0,36.024,36.511,1800.000,1800.000,1800.000,1800.000,0.774837,0.560712,0.193552,0.640599,0.070610,2.405086,100.998063,0.000000,0.624509537,0.499947040,1
pi4b8_fit_20260910_v3,pi4b8g,2,1,fit,true,30,29,1229,2026-09-10T13:09:29Z,171905043547742,fisvdd_revision,n16,16,B0,0.0,36.511,36.998,1800.000,1800.000,1800.000,1800.000,0.848892,0.576138,0.196792,0.580323,0.069591,2.435881,101.016878,0.000000,0.637540720,0.498891379,1
pi4b8_fit_20260910_v3,pi4b8g,2,1,fit,true,30,30,1230,2026-09-10T13:09:30Z,171905144885651,fisvdd_revision,n16,16,B0,0.0,36.998,36.511,1800.000,1800.000,1800.000,1800.000,0.780356,0.558805,0.194996,0.577212,0.070443,2.339142,101.013692,0.000000,0.783809427,0.500721342,1
pi4b8_fit_20260910_v3,pi4b8g,2,1,fit,true,30,31,1231,2026-09-10T13:09:30Z,171905246237559,fisvdd_revision,n16,16,B0,0.0,36.511,36.024,1800.000,1800.000,1800.000,1800.000,0.778004,0.580711,0.202292,0.638618,0.078666,2.453659,101.050451,0.000000,0.651950469,0.500608829,1
pi4b8_fit_20260910_v3,pi4b8g,2,1,fit,true,30,32,1232,2026-09-10T13:09:30Z,171905347649355,fisvdd_revision,n16,16,B0,0.0,36.024,37.485,1800.000,1800.000,1800.000,1800.000,0.848559,0.567286,0.201792,0.584896,0.076646,2.446492,101.077062,0.000000,0.707850953,0.499278731,1
pi4b8_fit_20260910_v3,pi4b8g,2,1,fit,true,30,33,1233,2026-09-10T13:09:30Z,171905449086521,fisvdd_revision,n16,16,B0,0.0,37.485,36.511,1800.000,1800.000,1800.000,1800.000,0.785986,0.564693,0.198274,0.585638,0.073610,2.372456,101.010433,0.000000,0.739356843,0.501593241,1
pi4b8_fit_20260910_v3,pi4b8g,2,1,fit,true,30,34,1234,2026-09-10T13:09:30Z,171905550437337,fisvdd_revision,n16,16,B0,0.0,36.511,36.511,1800.000,1800.000,1800.000,1800.000,0.774560,0.560952,0.252014,0.579045,0.073295,2.403381,100.914694,0.000000,0.760738044,0.497309283,1
pi4b8_fit_20260910_v3,pi4b8g,2,1,fit,true,30,35,1235,2026-09-10T13:09:30Z,171905651719357,fisvdd_revision,n16,16,B0,0.0,36.511,36.024,1800.000,1800.000,1800.000,1800.000,0.844300,0.572731,0.198959,0.584322,0.072387,2.435456,101.073655,0.000000,0.815766482,0.497910728,1
pi4b8_fit_20260910_v3,pi4b8g,2,1,fit,true,30,36,1236,2026-09-10T13:09:30Z,171905753155912,fisvdd_revision,n16,16,B0,0.0,36.024,36.024,1800.000,1800.000,1800.000,1800.000,0.782171,0.561804,0.197311,0.574693,0.072665,2.352179,101.112302,0.000000,0.730659238,0.508302347,1
pi4b8_fit_20260910_v3,pi4b8g,2,1,fit,true,30,37,1237,2026-09-10T13:09:30Z,171905854662318,fisvdd_revision,n16,16,B0,0.0,36.024,36.024,1800.000,1800.000,1800.000,1800.000,0.783818,0.683542,0.203144,0.590119,0.075703,2.511620,101.023099,0.000000,0.848372288,0.498693722,1
pi4b8_fit_20260910_v3,pi4b8g,2,1,fit,true,30,38,1238,2026-09-10T13:09:30Z,171905956067392,fisvdd_revision,n16,16,B0,0.0,36.024,37.972,1800.000,1800.000,1800.000,1800.000,0.796948,0.561193,0.194533,0.574989,0.073221,2.364160,101.076506,0.000000,0.501931425,0.503016888,1
pi4b8_fit_20260910_v3,pi4b8g,2,1,fit,true,30,39,1239,2026-09-10T13:09:30Z,171906057517113,fisvdd_revision,n16,16,B0,0.0,37.972,36.998,1800.000,1800.000,1800.000,1800.000,0.778412,0.574119,0.200311,0.584137,0.072683,2.376123,101.014415,0.000000,0.615896192,0.502512301,1
pi4b8_fit_20260910_v3,pi4b8g,2,1,fit,true,31,0,1240,2026-09-10T13:09:31Z,171906663403067,fisvdd_revision,n256,256,B0,0.0,36.511,36.511,1800.000,1800.000,1800.000,1800.000,0.934427,6.972168,0.467455,4.950557,0.091628,13.981797,101.126893,0.000000,0.666642468,0.499964718,1
pi4b8_fit_20260910_v3,pi4b8g,2,1,fit,true,31,1,1241,2026-09-10T13:09:31Z,171906765047303,fisvdd_revision,n256,256,B0,0.0,36.511,36.511,1800.000,1800.000,1800.000,1800.000,0.829207,7.028519,0.402492,4.913780,0.090795,13.860226,101.097283,0.000000,0.670650426,0.499195105,1
pi4b8_fit_20260910_v3,pi4b8g,2,1,fit,true,31,2,1242,2026-09-10T13:09:31Z,171906866667114,fisvdd_revision,n256,256,B0,0.0,36.511,36.024,1800.000,1800.000,1800.000,1800.000,0.814615,7.062592,0.410363,4.947446,0.091999,13.931298,101.083598,0.000000,0.659355877,0.499937566,1
pi4b8_fit_20260910_v3,pi4b8g,2,1,fit,true,31,3,1243,2026-09-10T13:09:31Z,171906968329646,fisvdd_revision,n256,256,B0,0.0,36.024,35.537,1800.000,1800.000,1800.000,1800.000,0.841041,7.069703,0.408826,4.939650,0.092814,13.956076,101.085413,0.000000,0.697546328,0.500626047,1
pi4b8_fit_20260910_v3,pi4b8g,2,1,fit,true,31,4,1244,2026-09-10T13:09:31Z,171907069953290,fisvdd_revision,n256,256,B0,0.0,35.537,36.511,1800.000,1800.000,1800.000,1800.000,0.830707,7.082165,0.412196,4.934483,0.090276,13.950872,101.101061,0.000000,0.668877114,0.500125486,1
pi4b8_fit_20260910_v3,pi4b8g,2,1,fit,true,31,5,1245,2026-09-10T13:09:32Z,171907171563175,fisvdd_revision,n256,256,B0,0.0,36.511,36.998,1800.000,1800.000,1800.000,1800.000,0.878483,6.990260,0.460565,4.929872,0.091387,13.954613,101.177263,0.000000,0.706702788,0.499057365,1
pi4b8_fit_20260910_v3,pi4b8g,2,1,fit,true,31,6,1246,2026-09-10T13:09:32Z,171907273310853,fisvdd_revision,n256,256,B0,0.0,36.998,35.537,1800.000,1800.000,1800.000,1800.000,0.821892,7.209552,0.402789,4.959372,0.094313,14.061852,101.196652,0.000000,0.677252636,0.498786467,1
pi4b8_fit_20260910_v3,pi4b8g,2,1,fit,true,31,7,1247,2026-09-10T13:09:32Z,171907375178474,fisvdd_revision,n256,256,B0,0.0,35.537,35.537,1800.000,1800.000,1800.000,1800.000,1.205811,7.516713,0.457695,5.345957,0.133553,15.421864,101.368501,0.000000,0.687121675,0.499191019,1
pi4b8_fit_20260910_v3,pi4b8g,2,1,fit,true,31,8,1248,2026-09-10T13:09:32Z,171907477189204,fisvdd_revision,n256,256,B0,0.0,35.537,36.511,1800.000,1800.000,1800.000,1800.000,1.160071,7.445585,0.488936,5.042574,0.121923,14.882392,101.130746,0.000000,0.664679035,0.501067180,1
pi4b8_fit_20260910_v3,pi4b8g,2,1,fit,true,31,9,1249,2026-09-10T13:09:32Z,171907578886439,fisvdd_revision,n256,256,B0,0.0,36.511,36.998,1800.000,1800.000,1800.000,1800.000,0.835003,7.118017,0.414715,5.011241,0.091072,14.074759,100.963453,0.000000,0.711755137,0.499706922,1
pi4b8_fit_20260910_v3,pi4b8g,2,1,fit,true,31,10,1250,2026-09-10T13:09:32Z,171907680432825,fisvdd_revision,n256,256,B0,0.0,36.998,36.998,1800.000,1800.000,1800.000,1800.000,0.837170,7.100943,0.398660,4.932446,0.089665,13.972428,101.099043,0.000000,0.697896209,0.499645622,1
pi4b8_fit_20260910_v3,pi4b8g,2,1,fit,true,31,11,1251,2026-09-10T13:09:32Z,171907782043673,fisvdd_revision,n256,256,B0,0.0,36.998,36.511,1800.000,1800.000,1800.000,1800.000,0.812485,7.082944,0.409011,4.927039,0.089813,13.926132,101.090284,0.000000,0.707142187,0.499640270,1
pi4b8_fit_20260910_v3,pi4b8g,2,1,fit,true,31,12,1252,2026-09-10T13:09:32Z,171907883666928,fisvdd_revision,n256,256,B0,0.0,36.511,36.511,1800.000,1800.000,1800.000,1800.000,0.940372,6.999407,0.408660,4.928205,0.095664,14.026149,101.117302,0.000000,0.641942264,0.499875620,1
pi4b8_fit_20260910_v3,pi4b8g,2,1,fit,true,31,13,1253,2026-09-10T13:09:32Z,171907985310535,fisvdd_revision,n256,256,B0,0.0,36.511,36.998,1800.000,1800.000,1800.000,1800.000,0.832281,7.070036,0.405660,4.943520,0.092851,13.944391,101.092876,0.000000,0.699101706,0.499710906,1
pi4b8_fit_20260910_v3,pi4b8g,2,1,fit,true,31,14,1254,2026-09-10T13:09:32Z,171908086927068,fisvdd_revision,n256,256,B0,0.0,36.998,36.511,1800.000,1800.000,1800.000,1800.000,0.822892,7.078721,0.408826,4.963853,0.091814,13.961965,101.137153,0.000000,0.686950173,0.498478073,1
pi4b8_fit_20260910_v3,pi4b8g,2,1,fit,true,31,15,1255,2026-09-10T13:09:33Z,171908188581396,fisvdd_revision,n256,256,B0,0.0,36.511,36.511,1800.000,1800.000,1800.000,1800.000,0.833651,7.062499,0.403974,4.929724,0.093294,13.924725,101.093321,0.000000,0.666706765,0.501722765,1
pi4b8_fit_20260910_v3,pi4b8g,2,1,fit,true,31,16,1256,2026-09-10T13:09:33Z,171908290218429,fisvdd_revision,n256,256,B0,0.0,36.511,36.998,1800.000,1800.000,1800.000,1800.000,0.823855,7.069758,0.410363,4.961835,0.091943,13.969631,101.088876,0.000000,0.702653742,0.499312469,1
pi4b8_fit_20260910_v3,pi4b8g,2,1,fit,true,31,17,1257,2026-09-10T13:09:33Z,171908391824666,fisvdd_revision,n256,256,B0,0.0,36.998,36.998,1800.000,1800.000,1800.000,1800.000,0.884077,7.009648,0.405862,4.922761,0.092591,13.967557,101.126431,0.000000,0.697288368,0.501111618,1
pi4b8_fit_20260910_v3,pi4b8g,2,1,fit,true,31,18,1258,2026-09-10T13:09:33Z,171908493473254,fisvdd_revision,n256,256,B0,0.0,36.998,36.024,1800.000,1800.000,1800.000,1800.000,0.818188,7.044703,0.410382,4.924835,0.091350,13.889985,101.094265,0.000000,0.681521163,0.501027504,1
pi4b8_fit_20260910_v3,pi4b8g,2,1,fit,true,31,19,1259,2026-09-10T13:09:33Z,171908595117824,fisvdd_revision,n256,256,B0,0.0,36.024,36.511,1800.000,1800.000,1800.000,1800.000,1.569156,7.581693,0.424289,4.947427,0.091258,15.341531,101.126727,0.000000,0.703502887,0.499118083,1
pi4b8_fit_20260910_v3,pi4b8g,2,1,fit,true,31,20,1260,2026-09-10T13:09:33Z,171908696759152,fisvdd_revision,n256,256,B0,0.0,36.511,36.998,1800.000,1800.000,1800.000,1800.000,0.825540,7.085221,0.403326,4.916243,0.092980,13.924299,101.079599,0.000000,0.660548374,0.498786664,1
pi4b8_fit_20260910_v3,pi4b8g,2,1,fit,true,31,21,1261,2026-09-10T13:09:33Z,171908798352019,fisvdd_revision,n256,256,B0,0.0,36.998,36.024,1800.000,1800.000,1800.000,1800.000,0.817948,7.179941,0.412455,4.949223,0.091369,14.049611,101.109228,0.000000,0.679689844,0.500204337,1
pi4b8_fit_20260910_v3,pi4b8g,2,1,fit,true,31,22,1262,2026-09-10T13:09:33Z,171908900064754,fisvdd_revision,n256,256,B0,0.0,36.024,36.024,1800.000,1800.000,1800.000,1800.000,0.851113,7.035148,0.403734,4.919113,0.091999,13.952021,101.085302,0.000000,0.694957179,0.501195603,1
pi4b8_fit_20260910_v3,pi4b8g,2,1,fit,true,31,23,1263,2026-09-10T13:09:33Z,171909001664806,fisvdd_revision,n256,256,B0,0.0,36.024,36.998,1800.000,1800.000,1800.000,1800.000,0.819614,7.071776,0.407492,4.926835,0.090313,13.914188,101.083413,0.000000,0.677270646,0.499866822,1
pi4b8_fit_20260910_v3,pi4b8g,2,1,fit,true,31,24,1264,2026-09-10T13:09:33Z,171909103258395,fisvdd_revision,n256,256,B0,0.0,36.998,36.024,1800.000,1800.000,1800.000,1800.000,0.874929,6.999427,0.459399,4.904909,0.090388,13.934206,101.138505,0.000000,0.695099619,0.499863562,1
pi4b8_fit_20260910_v3,pi4b8g,2,1,fit,true,31,25,1265,2026-09-10T13:09:34Z,171909204903205,fisvdd_revision,n256,256,B0,0.0,36.024,36.511,1800.000,1800.000,1800.000,1800.000,0.820985,7.117406,0.401419,5.009482,0.091369,14.045797,101.093876,0.000000,0.648555904,0.498949155,1
pi4b8_fit_20260910_v3,pi4b8g,2,1,fit,true,31,26,1266,2026-09-10T13:09:34Z,171909306504609,fisvdd_revision,n256,256,B0,0.0,36.511,36.998,1800.000,1800.000,1800.000,1800.000,0.812596,7.037629,0.400734,4.948871,0.092832,13.899984,101.093468,0.000000,0.685031500,0.501517642,1
pi4b8_fit_20260910_v3,pi4b8g,2,1,fit,true,31,27,1267,2026-09-10T13:09:34Z,171909408144382,fisvdd_revision,n256,256,B0,0.0,36.998,35.537,1800.000,1800.000,1800.000,1800.000,0.837522,7.039351,0.408308,4.918539,0.090647,13.905188,101.083043,0.000000,0.673668567,0.499337388,1
pi4b8_fit_20260910_v3,pi4b8g,2,1,fit,true,31,28,1268,2026-09-10T13:09:34Z,171909509765026,fisvdd_revision,n256,256,B0,0.0,35.537,36.024,1800.000,1800.000,1800.000,1800.000,0.819485,7.034371,0.408511,4.910798,0.091758,13.861171,100.907158,0.000000,0.684429341,0.500468280,1
pi4b8_fit_20260910_v3,pi4b8g,2,1,fit,true,31,29,1269,2026-09-10T13:09:34Z,171909611214766,fisvdd_revision,n256,256,B0,0.0,36.024,36.511,1800.000,1800.000,1800.000,1800.000,0.857096,7.027240,0.452880,4.928798,0.091498,13.951095,101.137857,0.000000,0.704586326,0.499427391,1
pi4b8_fit_20260910_v3,pi4b8g,2,1,fit,true,31,30,1270,2026-09-10T13:09:34Z,171909712872835,fisvdd_revision,n256,256,B0,0.0,36.511,36.024,1800.000,1800.000,1800.000,1800.000,0.825226,7.094721,0.403641,4.919928,0.092609,13.940169,101.098061,0.000000,0.671562781,0.498440802,1
pi4b8_fit_20260910_v3,pi4b8g,2,1,fit,true,31,31,1271,2026-09-10T13:09:34Z,171909814476998,fisvdd_revision,n256,256,B0,0.0,36.024,36.998,1800.000,1800.000,1800.000,1800.000,0.820077,7.104461,0.407529,4.997278,0.090961,14.023445,101.090284,0.000000,0.674029353,0.498893227,1
pi4b8_fit_20260910_v3,pi4b8g,2,1,fit,true,31,32,1272,2026-09-10T13:09:34Z,171909916127142,fisvdd_revision,n256,256,B0,0.0,36.998,36.511,1800.000,1800.000,1800.000,1800.000,0.853484,7.095832,0.403104,4.914650,0.092350,13.959650,101.100839,0.000000,0.679154405,0.502213921,1
pi4b8_fit_20260910_v3,pi4b8g,2,1,fit,true,31,33,1273,2026-09-10T13:09:34Z,171910017772711,fisvdd_revision,n256,256,B0,0.0,36.511,36.024,1800.000,1800.000,1800.000,1800.000,0.828540,7.134479,0.406067,4.929020,0.092073,13.999631,101.090432,0.000000,0.728944247,0.498697496,1
pi4b8_fit_20260910_v3,pi4b8g,2,1,fit,true,31,34,1274,2026-09-10T13:09:35Z,171910119404392,fisvdd_revision,n256,256,B0,0.0,36.998,36.511,1800.000,1800.000,1800.000,1800.000,0.897557,7.083055,0.469973,4.913225,0.092776,14.055371,101.139709,0.000000,0.697479059,0.500046300,1
pi4b8_fit_20260910_v3,pi4b8g,2,1,fit,true,31,35,1275,2026-09-10T13:09:35Z,171910221058295,fisvdd_revision,n256,256,B0,0.0,36.511,36.998,1800.000,1800.000,1800.000,1800.000,0.828170,7.100776,0.420733,4.939538,0.091350,13.972131,101.098154,0.000000,0.657197462,0.499948352,1
pi4b8_fit_20260910_v3,pi4b8g,2,1,fit,true,31,36,1276,2026-09-10T13:09:35Z,171910322662847,fisvdd_revision,n256,256,B0,0.0,36.998,36.511,1800.000,1800.000,1800.000,1800.000,0.825800,7.106777,0.406104,4.952668,0.092202,13.980075,101.108116,0.000000,0.681280067,0.499998495,1
pi4b8_fit_20260910_v3,pi4b8g,2,1,fit,true,31,37,1277,2026-09-10T13:09:35Z,171910424318120,fisvdd_revision,n256,256,B0,0.0,36.511,36.511,1800.000,1800.000,1800.000,1800.000,0.843133,7.099703,0.406660,4.919002,0.090609,13.953039,101.082172,0.000000,0.707115735,0.499093750,1
pi4b8_fit_20260910_v3,pi4b8g,2,1,fit,true,31,38,1278,2026-09-10T13:09:35Z,171910525920246,fisvdd_revision,n256,256,B0,0.0,36.511,36.511,1800.000,1800.000,1800.000,1800.000,0.821207,7.116072,0.401604,4.925112,0.091425,13.947835,100.908064,0.000000,0.654780783,0.499980222,1
pi4b8_fit_20260910_v3,pi4b8g,2,1,fit,true,31,39,1279,2026-09-10T13:09:35Z,171910627375337,fisvdd_revision,n256,256,B0,0.0,36.511,37.972,1800.000,1800.000,1800.000,1800.000,0.865058,7.022926,0.454269,4.919632,0.091535,13.955224,101.141264,0.000000,0.692598932,0.500361924,1
pi4b8_fit_20260910_v3,pi4b8g,2,1,fit,true,32,0,1280,2026-09-10T13:09:36Z,171911235557859,lucid_revision,n1024,1024,B1,0.5,36.998,36.511,1800.000,1800.000,1800.000,1800.000,1.042703,28.051204,0.771393,263.159739,0.116183,294.886080,295.898357,194.886080,0.691430169,0.604231374,1
pi4b8_fit_20260910_v3,pi4b8g,2,1,fit,true,32,1,1281,2026-09-10T13:09:36Z,171911532442587,lucid_revision,n1024,1024,B1,0.5,36.511,36.998,1800.000,1800.000,1800.000,1800.000,0.921946,28.838690,0.802615,282.818561,0.118739,315.319498,316.418830,215.319498,0.682820088,0.596678734,1
pi4b8_fit_20260910_v3,pi4b8g,2,1,fit,true,32,2,1282,2026-09-10T13:09:36Z,171911849839177,lucid_revision,n1024,1024,B1,0.5,36.998,37.485,1800.000,1800.000,1800.000,1800.000,0.897983,28.432791,0.747968,280.781340,0.121831,312.872006,313.890062,212.872006,0.675448985,0.588831376,1
pi4b8_fit_20260910_v3,pi4b8g,2,1,fit,true,32,3,1283,2026-09-10T13:09:37Z,171912164726183,lucid_revision,n1024,1024,B1,0.5,38.459,37.485,1800.000,1800.000,1800.000,1800.000,0.915520,28.789062,0.730708,281.553029,0.125627,314.032967,315.079522,214.032967,0.683828407,0.598621211,1
pi4b8_fit_20260910_v3,pi4b8g,2,1,fit,true,32,4,1284,2026-09-10T13:09:37Z,171912480835889,lucid_revision,n1024,1024,B1,0.5,37.485,38.459,1800.000,1800.000,1800.000,1800.000,0.910724,28.313366,0.794207,280.605028,0.125682,312.599901,313.643733,212.599901,0.687216644,0.604951994,1
pi4b8_fit_20260910_v3,pi4b8g,2,1,fit,true,32,5,1285,2026-09-10T13:09:37Z,171912795453160,lucid_revision,n1024,1024,B1,0.5,38.459,38.946,1800.000,1800.000,1800.000,1800.000,1.194478,29.188647,0.785782,281.760802,0.125183,314.905858,315.945394,214.905858,0.690050343,0.597603044,1
pi4b8_fit_20260910_v3,pi4b8g,2,1,fit,true,32,6,1286,2026-09-10T13:09:38Z,171913112433350,lucid_revision,n1024,1024,B1,0.5,38.459,37.972,1800.000,1800.000,1800.000,1800.000,0.991500,28.329014,0.788337,284.050594,0.122128,316.117095,317.345776,216.117095,0.684817410,0.599631167,1
pi4b8_fit_20260910_v3,pi4b8g,2,1,fit,true,32,7,1287,2026-09-10T13:09:38Z,171913430843273,lucid_revision,n1024,1024,B1,0.5,37.972,38.459,1800.000,1800.000,1800.000,1800.000,1.076592,29.934596,0.920206,286.340181,0.121072,320.641715,321.747417,220.641715,0.687396155,0.599897121,1
pi4b8_fit_20260910_v3,pi4b8g,2,1,fit,true,32,8,1288,2026-09-10T13:09:38Z,171913753567061,lucid_revision,n1024,1024,B1,0.5,38.459,38.946,1800.000,1800.000,1800.000,1800.000,0.894298,28.355829,0.743209,281.443031,0.115591,313.456959,314.504588,213.456959,0.674697923,0.586267898,1
pi4b8_fit_20260910_v3,pi4b8g,2,1,fit,true,32,9,1289,2026-09-10T13:09:38Z,171914069035094,lucid_revision,n1024,1024,B1,0.5,38.946,39.433,1800.000,1800.000,1800.000,1800.000,0.908075,28.707767,0.744931,281.661953,0.128035,314.070670,315.178631,214.070670,0.684299307,0.599782529,1
pi4b8_fit_20260910_v3,pi4b8g,2,1,fit,true,32,10,1290,2026-09-10T13:09:39Z,171914385199429,lucid_revision,n1024,1024,B1,0.5,39.433,38.459,1800.000,1800.000,1800.000,1800.000,0.897410,28.206924,0.789818,280.887948,0.126720,312.751620,313.807508,212.751620,0.690153761,0.608268077,1
pi4b8_fit_20260910_v3,pi4b8g,2,1,fit,true,32,11,1291,2026-09-10T13:09:39Z,171914699966808,lucid_revision,n1024,1024,B1,0.5,38.459,39.433,1800.000,1800.000,1800.000,1800.000,0.916724,28.810913,0.803004,281.638472,0.127090,314.222093,315.273092,214.222093,0.686705792,0.594490480,1
pi4b8_fit_20260910_v3,pi4b8g,2,1,fit,true,32,12,1292,2026-09-10T13:09:39Z,171915016254288,lucid_revision,n1024,1024,B1,0.5,39.433,38.946,1800.000,1800.000,1800.000,1800.000,0.918205,28.279997,0.757449,280.930096,0.126034,312.818249,313.861841,212.818249,0.684722496,0.599023222,1
pi4b8_fit_20260910_v3,pi4b8g,2,1,fit,true,32,13,1293,2026-09-10T13:09:40Z,171915331083833,lucid_revision,n1024,1024,B1,0.5,38.946,39.433,1800.000,1800.000,1800.000,1800.000,0.935649,28.711415,0.752616,283.099778,0.125831,315.475903,316.536661,215.475903,0.683934004,0.595772362,1
pi4b8_fit_20260910_v3,pi4b8g,2,1,fit,true,32,14,1294,2026-09-10T13:09:40Z,171915648669364,lucid_revision,n1024,1024,B1,0.5,39.433,38.946,1800.000,1800.000,1800.000,1800.000,0.910298,28.321515,0.801244,283.692655,0.113072,315.660751,316.663473,215.660751,0.678311309,0.591993977,1
pi4b8_fit_20260910_v3,pi4b8g,2,1,fit,true,32,15,1295,2026-09-10T13:09:40Z,171915966282968,lucid_revision,n1024,1024,B1,0.5,38.946,38.946,1800.000,1800.000,1800.000,1800.000,0.895539,28.869226,0.753893,282.316292,0.127479,314.826693,315.869155,214.826693,0.690329667,0.605389260,1
pi4b8_fit_20260910_v3,pi4b8g,2,1,fit,true,32,16,1296,2026-09-10T13:09:41Z,171916283128679,lucid_revision,n1024,1024,B1,0.5,38.946,39.433,1800.000,1800.000,1800.000,1800.000,0.945001,28.596621,0.747042,280.723970,0.186571,313.047300,314.097003,213.047300,0.687603445,0.603363121,1
pi4b8_fit_20260910_v3,pi4b8g,2,1,fit,true,32,17,1297,2026-09-10T13:09:41Z,171916598194127,lucid_revision,n1024,1024,B1,0.5,39.433,38.946,1800.000,1800.000,1800.000,1800.000,0.890910,28.821172,0.962168,281.519511,0.123831,314.575568,315.615771,214.575568,0.680962637,0.591812136,1
pi4b8_fit_20260910_v3,pi4b8g,2,1,fit,true,32,18,1298,2026-09-10T13:09:41Z,171916914759139,lucid_revision,n1024,1024,B1,0.5,38.946,39.920,1800.000,1800.000,1800.000,1800.000,0.898298,28.381865,0.748838,280.754821,0.127943,312.755824,313.875174,212.755824,0.683690401,0.597625246,1
pi4b8_fit_20260910_v3,pi4b8g,2,1,fit,true,32,19,1299,2026-09-10T13:09:42Z,171917229616054,lucid_revision,n1024,1024,B1,0.5,39.920,39.433,1800.000,1800.000,1800.000,1800.000,0.888151,28.677286,0.754042,281.410828,0.128034,313.767675,314.873488,213.767675,0.680129240,0.590969688,1
pi4b8_fit_20260910_v3,pi4b8g,2,1,fit,true,32,20,1300,2026-09-10T13:09:42Z,171917545459672,lucid_revision,n1024,1024,B1,0.5,39.433,40.407,1800.000,1800.000,1800.000,1800.000,0.890613,28.347662,0.740431,281.363680,0.114664,313.339906,314.348517,213.339906,0.684906296,0.599136898,1
pi4b8_fit_20260910_v3,pi4b8g,2,1,fit,true,32,21,1301,2026-09-10T13:09:42Z,171917860806967,lucid_revision,n1024,1024,B1,0.5,40.407,38.946,1800.000,1800.000,1800.000,1800.000,0.917131,28.756007,0.740153,282.144444,0.124757,314.614141,315.730602,214.614141,0.689246882,0.605884404,1
pi4b8_fit_20260910_v3,pi4b8g,2,1,fit,true,32,22,1302,2026-09-10T13:09:43Z,171918177521939,lucid_revision,n1024,1024,B1,0.5,38.946,40.407,1800.000,1800.000,1800.000,1800.000,0.883632,28.414031,0.743246,280.785468,0.125664,312.867896,313.916062,212.867896,0.680964244,0.592862230,1
pi4b8_fit_20260910_v3,pi4b8g,2,1,fit,true,32,23,1303,2026-09-10T13:09:43Z,171918492476722,lucid_revision,n1024,1024,B1,0.5,40.407,39.920,1800.000,1800.000,1800.000,1800.000,0.991204,28.855746,0.739301,281.352273,0.125516,313.985394,315.035856,213.985394,0.695685774,0.608343714,1
pi4b8_fit_20260910_v3,pi4b8g,2,1,fit,true,32,24,1304,2026-09-10T13:09:43Z,171918808570614,lucid_revision,n1024,1024,B1,0.5,39.920,40.894,1800.000,1800.000,1800.000,1800.000,0.936613,28.918337,0.750524,281.219517,0.125387,313.861118,314.909488,213.861118,0.678682739,0.592385282,1
pi4b8_fit_20260910_v3,pi4b8g,2,1,fit,true,32,25,1305,2026-09-10T13:09:44Z,171919124505490,lucid_revision,n1024,1024,B1,0.5,40.894,40.894,1800.000,1800.000,1800.000,1800.000,0.902298,28.774673,0.787745,281.306959,0.125461,313.772694,314.818841,213.772694,0.677705210,0.589049389,1
pi4b8_fit_20260910_v3,pi4b8g,2,1,fit,true,32,26,1306,2026-09-10T13:09:44Z,171919440360719,lucid_revision,n1024,1024,B1,0.5,40.894,38.946,1800.000,1800.000,1800.000,1800.000,0.918909,28.872523,0.795597,280.699396,0.126720,313.275611,314.336721,213.275611,0.684873688,0.597183971,1
pi4b8_fit_20260910_v3,pi4b8g,2,1,fit,true,32,27,1307,2026-09-10T13:09:44Z,171919755666700,lucid_revision,n1024,1024,B1,0.5,39.433,39.920,1800.000,1800.000,1800.000,1800.000,0.970408,28.838209,0.751745,282.055742,0.120442,314.578234,315.594808,214.578234,0.696791902,0.613289512,1
pi4b8_fit_20260910_v3,pi4b8g,2,1,fit,true,32,28,1308,2026-09-10T13:09:44Z,171920072268804,lucid_revision,n1024,1024,B1,0.5,39.920,40.407,1800.000,1800.000,1800.000,1800.000,0.910317,28.299830,0.748560,281.286090,0.124905,313.204630,314.255722,213.204630,0.677959008,0.590795024,1
pi4b8_fit_20260910_v3,pi4b8g,2,1,fit,true,32,29,1309,2026-09-10T13:09:45Z,171920387494304,lucid_revision,n1024,1024,B1,0.5,40.407,40.407,1800.000,1800.000,1800.000,1800.000,0.964390,29.301885,0.798782,281.445142,0.124535,314.502921,315.551717,214.502921,0.687582724,0.601873035,1
pi4b8_fit_20260910_v3,pi4b8g,2,1,fit,true,32,30,1310,2026-09-10T13:09:45Z,171920704072113,lucid_revision,n1024,1024,B1,0.5,40.407,40.407,1800.000,1800.000,1800.000,1800.000,0.912446,28.456123,0.749912,280.928966,0.118405,313.021263,314.029578,213.021263,0.688226609,0.600033224,1
pi4b8_fit_20260910_v3,pi4b8g,2,1,fit,true,32,31,1311,2026-09-10T13:09:45Z,171921019067488,lucid_revision,n1024,1024,B1,0.5,40.407,40.894,1800.000,1800.000,1800.000,1800.000,0.884965,28.812339,0.740838,282.126204,0.123386,314.537272,315.575494,214.537272,0.672351221,0.588176240,1
pi4b8_fit_20260910_v3,pi4b8g,2,1,fit,true,32,32,1312,2026-09-10T13:09:46Z,171921335621797,lucid_revision,n1024,1024,B1,0.5,40.894,39.920,1800.000,1800.000,1800.000,1800.000,0.961260,28.983021,0.804430,279.876818,0.109665,312.855322,314.406793,212.855322,0.685252433,0.595726282,1
pi4b8_fit_20260910_v3,pi4b8g,2,1,fit,true,32,33,1313,2026-09-10T13:09:46Z,171921651250327,lucid_revision,n1024,1024,B1,0.5,39.920,39.920,1800.000,1800.000,1800.000,1800.000,1.264495,28.919041,0.745116,281.645916,0.118683,314.543846,315.564698,214.543846,0.693605361,0.612133348,1
pi4b8_fit_20260910_v3,pi4b8g,2,1,fit,true,32,34,1314,2026-09-10T13:09:46Z,171921967767600,lucid_revision,n1024,1024,B1,0.5,39.920,38.946,1800.000,1800.000,1800.000,1800.000,0.963167,28.654860,0.749449,281.224591,0.127590,313.555734,314.613233,213.555734,0.676637280,0.586937924,1
pi4b8_fit_20260910_v3,pi4b8g,2,1,fit,true,32,35,1315,2026-09-10T13:09:47Z,171922283350501,lucid_revision,n1024,1024,B1,0.5,38.946,40.407,1800.000,1800.000,1800.000,1800.000,0.970927,29.018650,0.739134,281.567899,0.125146,314.283425,315.330813,214.283425,0.692493353,0.607134627,1
pi4b8_fit_20260910_v3,pi4b8g,2,1,fit,true,32,36,1316,2026-09-10T13:09:47Z,171922599637815,lucid_revision,n1024,1024,B1,0.5,40.407,40.407,1800.000,1800.000,1800.000,1800.000,0.962205,28.382958,0.740153,281.104519,0.115942,313.136631,314.151464,213.136631,0.680946093,0.593508840,1
pi4b8_fit_20260910_v3,pi4b8g,2,1,fit,true,32,37,1317,2026-09-10T13:09:47Z,171922914733780,lucid_revision,n1024,1024,B1,0.5,40.407,40.407,1800.000,1800.000,1800.000,1800.000,0.902891,28.940336,0.745727,281.624657,0.123572,314.193094,315.233111,214.193094,0.677322994,0.590241166,1
pi4b8_fit_20260910_v3,pi4b8g,2,1,fit,true,32,38,1318,2026-09-10T13:09:48Z,171923230942244,lucid_revision,n1024,1024,B1,0.5,39.920,40.894,1800.000,1800.000,1800.000,1800.000,0.898779,28.733451,0.742412,280.456179,0.127220,312.797860,313.911321,212.797860,0.681647925,0.594641395,1
pi4b8_fit_20260910_v3,pi4b8g,2,1,fit,true,32,39,1319,2026-09-10T13:09:48Z,171923545854250,lucid_revision,n1024,1024,B1,0.5,40.894,39.920,1800.000,1800.000,1800.000,1800.000,0.905372,28.667786,0.746283,283.365217,0.120923,315.719454,316.745083,215.719454,0.692372238,0.610778683,1
pi4b8_fit_20260910_v3,pi4b8g,2,1,fit,true,33,0,1320,2026-09-10T13:09:49Z,171924443936480,lucid_revision,n64,64,B2,1.0,40.407,40.894,1800.000,1800.000,1800.000,1800.000,0.988204,1.843077,0.255014,17.098166,0.088535,20.521918,101.066877,0.000000,0.652066734,0.566791076,1
pi4b8_fit_20260910_v3,pi4b8g,2,1,fit,true,33,1,1321,2026-09-10T13:09:49Z,171924545372035,lucid_revision,n64,64,B2,1.0,40.894,39.433,1800.000,1800.000,1800.000,1800.000,0.789078,1.911946,0.255458,15.752432,0.089961,19.056241,101.058303,0.000000,0.665219022,0.593703732,1
pi4b8_fit_20260910_v3,pi4b8g,2,1,fit,true,33,2,1322,2026-09-10T13:09:49Z,171924646793794,lucid_revision,n64,64,B2,1.0,39.433,39.433,1800.000,1800.000,1800.000,1800.000,0.777653,1.901669,0.253773,15.515510,0.090740,18.793246,101.054988,0.000000,0.660669686,0.574760020,1
pi4b8_fit_20260910_v3,pi4b8g,2,1,fit,true,33,3,1323,2026-09-10T13:09:49Z,171924748265719,lucid_revision,n64,64,B2,1.0,38.946,40.407,1800.000,1800.000,1800.000,1800.000,0.811096,1.837947,0.253865,15.721765,0.090647,18.966168,101.057895,0.000000,0.739611926,0.638426604,1
pi4b8_fit_20260910_v3,pi4b8g,2,1,fit,true,33,4,1324,2026-09-10T13:09:49Z,171924849698200,lucid_revision,n64,64,B2,1.0,40.407,40.407,1800.000,1800.000,1800.000,1800.000,0.778615,2.007352,0.257810,15.760562,0.088628,19.149702,101.062209,0.000000,0.715023176,0.622293179,1
pi4b8_fit_20260910_v3,pi4b8g,2,1,fit,true,33,5,1325,2026-09-10T13:09:49Z,171924951143810,lucid_revision,n64,64,B2,1.0,40.407,40.407,1800.000,1800.000,1800.000,1800.000,0.783004,1.898150,0.254588,15.738432,0.089683,19.017630,101.073821,0.000000,0.681102037,0.579028040,1
pi4b8_fit_20260910_v3,pi4b8g,2,1,fit,true,33,6,1326,2026-09-10T13:09:49Z,171925052598364,lucid_revision,n64,64,B2,1.0,40.407,39.920,1800.000,1800.000,1800.000,1800.000,0.794485,1.825466,0.256459,15.708506,0.091072,18.924559,101.056507,0.000000,0.746197342,0.650669672,1
pi4b8_fit_20260910_v3,pi4b8g,2,1,fit,true,33,7,1327,2026-09-10T13:09:50Z,171925154026697,lucid_revision,n64,64,B2,1.0,39.920,39.920,1800.000,1800.000,1800.000,1800.000,0.777689,1.888187,0.255958,15.739024,0.088962,19.001650,101.048562,0.000000,0.693220958,0.571596754,1
pi4b8_fit_20260910_v3,pi4b8g,2,1,fit,true,33,8,1328,2026-09-10T13:09:50Z,171925255447882,lucid_revision,n64,64,B2,1.0,39.920,39.920,1800.000,1800.000,1800.000,1800.000,0.829651,1.862206,0.253014,15.752209,0.091184,19.038223,101.071876,0.000000,0.570573001,0.482715210,1
pi4b8_fit_20260910_v3,pi4b8g,2,1,fit,true,33,9,1329,2026-09-10T13:09:50Z,171925356897048,lucid_revision,n64,64,B2,1.0,39.920,40.407,1800.000,1800.000,1800.000,1800.000,0.787226,1.855132,0.251903,15.746821,0.088517,18.979224,101.054136,0.000000,0.737809391,0.632179741,1
pi4b8_fit_20260910_v3,pi4b8g,2,1,fit,true,33,10,1330,2026-09-10T13:09:50Z,171925458317177,lucid_revision,n64,64,B2,1.0,40.407,40.407,1800.000,1800.000,1800.000,1800.000,0.782449,1.909798,0.254477,15.764561,0.090554,19.054278,101.054451,0.000000,0.733431679,0.633167860,1
pi4b8_fit_20260910_v3,pi4b8g,2,1,fit,true,33,11,1331,2026-09-10T13:09:50Z,171925559737399,lucid_revision,n64,64,B2,1.0,40.407,39.433,1800.000,1800.000,1800.000,1800.000,0.838578,1.846558,0.253791,15.753988,0.089980,19.030593,101.447758,0.000000,0.575574919,0.500650384,1
pi4b8_fit_20260910_v3,pi4b8g,2,1,fit,true,33,12,1332,2026-09-10T13:09:50Z,171925661722869,lucid_revision,n64,64,B2,1.0,39.433,39.920,1800.000,1800.000,1800.000,1800.000,1.631100,1.907613,0.256866,15.736506,0.088832,19.889874,101.046507,0.000000,0.673881245,0.592689533,1
pi4b8_fit_20260910_v3,pi4b8g,2,1,fit,true,33,13,1333,2026-09-10T13:09:50Z,171925763143721,lucid_revision,n64,64,B2,1.0,39.920,39.433,1800.000,1800.000,1800.000,1800.000,0.783226,1.919594,0.253848,15.764969,0.088758,19.062796,101.292687,0.000000,0.683939216,0.611545427,1
pi4b8_fit_20260910_v3,pi4b8g,2,1,fit,true,33,14,1334,2026-09-10T13:09:50Z,171925864881511,lucid_revision,n64,64,B2,1.0,39.433,39.433,1800.000,1800.000,1800.000,1800.000,0.839206,1.831004,0.254273,15.749099,0.089239,19.015316,101.057358,0.000000,0.691419916,0.588835408,1
pi4b8_fit_20260910_v3,pi4b8g,2,1,fit,true,33,15,1335,2026-09-10T13:09:50Z,171925966308362,lucid_revision,n64,64,B2,1.0,39.433,39.920,1800.000,1800.000,1800.000,1800.000,0.785096,1.890910,0.251532,15.731210,0.090258,18.997150,101.056117,0.000000,0.704972142,0.629956766,1
pi4b8_fit_20260910_v3,pi4b8g,2,1,fit,true,33,16,1336,2026-09-10T13:09:50Z,171926067732417,lucid_revision,n64,64,B2,1.0,39.920,39.920,1800.000,1800.000,1800.000,1800.000,0.839559,1.838559,0.254051,15.768209,0.091961,19.042223,101.075876,0.000000,0.710693110,0.614920248,1
pi4b8_fit_20260910_v3,pi4b8g,2,1,fit,true,33,17,1337,2026-09-10T13:09:51Z,171926169175324,lucid_revision,n64,64,B2,1.0,39.920,39.920,1800.000,1800.000,1800.000,1800.000,0.797356,1.835689,0.265014,15.756876,0.089443,19.031019,101.051210,0.000000,0.703529800,0.620348538,1
pi4b8_fit_20260910_v3,pi4b8g,2,1,fit,true,33,18,1338,2026-09-10T13:09:51Z,171926270600601,lucid_revision,n64,64,B2,1.0,39.920,40.407,1800.000,1800.000,1800.000,1800.000,0.779171,1.878502,0.257440,15.678359,0.090757,18.936947,101.051655,0.000000,0.645140209,0.543067251,1
pi4b8_fit_20260910_v3,pi4b8g,2,1,fit,true,33,19,1339,2026-09-10T13:09:51Z,171926372065692,lucid_revision,n64,64,B2,1.0,40.407,39.920,1800.000,1800.000,1800.000,1800.000,0.801744,1.855873,0.249237,15.721506,0.088961,18.967132,101.042433,0.000000,0.726748770,0.644835240,1
pi4b8_fit_20260910_v3,pi4b8g,2,1,fit,true,33,20,1340,2026-09-10T13:09:51Z,171926473488396,lucid_revision,n64,64,B2,1.0,39.920,38.946,1800.000,1800.000,1800.000,1800.000,0.789004,1.887983,0.253939,15.733191,0.088794,19.007353,101.052747,0.000000,0.705583559,0.619629522,1
pi4b8_fit_20260910_v3,pi4b8g,2,1,fit,true,33,21,1341,2026-09-10T13:09:51Z,171926574910266,lucid_revision,n64,64,B2,1.0,38.946,38.946,1800.000,1800.000,1800.000,1800.000,0.789023,1.910057,0.255218,15.721507,0.089610,19.016834,100.907638,0.000000,0.711680934,0.640038165,1
pi4b8_fit_20260910_v3,pi4b8g,2,1,fit,true,33,22,1342,2026-09-10T13:09:51Z,171926676251952,lucid_revision,n64,64,B2,1.0,38.946,39.920,1800.000,1800.000,1800.000,1800.000,0.801171,1.837762,0.255439,15.720729,0.091017,18.954243,101.046580,0.000000,0.627203342,0.542818130,1
pi4b8_fit_20260910_v3,pi4b8g,2,1,fit,true,33,23,1343,2026-09-10T13:09:51Z,171926777672340,lucid_revision,n64,64,B2,1.0,39.920,38.946,1800.000,1800.000,1800.000,1800.000,0.785300,1.909261,0.252606,15.731136,0.090276,19.022427,101.049803,0.000000,0.752108733,0.654150864,1
pi4b8_fit_20260910_v3,pi4b8g,2,1,fit,true,33,24,1344,2026-09-10T13:09:51Z,171926879092488,lucid_revision,n64,64,B2,1.0,38.946,38.946,1800.000,1800.000,1800.000,1800.000,0.783579,2.107202,0.256995,15.729469,0.089924,19.225220,101.091246,0.000000,0.717926306,0.628997536,1
pi4b8_fit_20260910_v3,pi4b8g,2,1,fit,true,33,25,1345,2026-09-10T13:09:51Z,171926980551968,lucid_revision,n64,64,B2,1.0,38.946,38.946,1800.000,1800.000,1800.000,1800.000,0.788356,1.828355,0.254329,15.683359,0.090257,18.895115,101.046081,0.000000,0.628846271,0.552335190,1
pi4b8_fit_20260910_v3,pi4b8g,2,1,fit,true,33,26,1346,2026-09-10T13:09:51Z,171927081970505,lucid_revision,n64,64,B2,1.0,38.946,39.433,1800.000,1800.000,1800.000,1800.000,0.785652,1.901779,0.251236,15.686933,0.089813,18.970039,101.058969,0.000000,0.674609572,0.593341627,1
pi4b8_fit_20260910_v3,pi4b8g,2,1,fit,true,33,27,1347,2026-09-10T13:09:52Z,171927183399912,lucid_revision,n64,64,B2,1.0,39.433,38.946,1800.000,1800.000,1800.000,1800.000,0.834373,1.854465,0.252014,15.723543,0.088350,19.004835,101.099265,0.000000,0.642029177,0.569070371,1
pi4b8_fit_20260910_v3,pi4b8g,2,1,fit,true,33,28,1348,2026-09-10T13:09:52Z,171927284875318,lucid_revision,n64,64,B2,1.0,38.946,39.920,1800.000,1800.000,1800.000,1800.000,0.793393,1.826651,0.253033,15.720210,0.089424,18.933799,101.050321,0.000000,0.703628107,0.614459381,1
pi4b8_fit_20260910_v3,pi4b8g,2,1,fit,true,33,29,1349,2026-09-10T13:09:52Z,171927386326780,lucid_revision,n64,64,B2,1.0,39.920,38.459,1800.000,1800.000,1800.000,1800.000,0.807763,1.892113,0.251533,15.708895,0.088277,19.005872,101.043710,0.000000,0.793744690,0.704275212,1
pi4b8_fit_20260910_v3,pi4b8g,2,1,fit,true,33,30,1350,2026-09-10T13:09:52Z,171927487740798,lucid_revision,n64,64,B2,1.0,38.459,39.433,1800.000,1800.000,1800.000,1800.000,0.838948,1.834410,0.254421,15.695840,0.088869,18.965539,101.075728,0.000000,0.667475194,0.560502605,1
pi4b8_fit_20260910_v3,pi4b8g,2,1,fit,true,33,31,1351,2026-09-10T13:09:52Z,171927589187538,lucid_revision,n64,64,B2,1.0,39.433,38.946,1800.000,1800.000,1800.000,1800.000,0.787189,1.852318,0.257107,15.729173,0.089461,19.002909,100.921435,0.000000,0.654998887,0.563410392,1
pi4b8_fit_20260910_v3,pi4b8g,2,1,fit,true,33,32,1352,2026-09-10T13:09:52Z,171927690514613,lucid_revision,n64,64,B2,1.0,38.946,38.946,1800.000,1800.000,1800.000,1800.000,0.792264,1.906538,0.257754,15.715191,0.089832,19.015261,101.068266,0.000000,0.631991370,0.545266744,1
pi4b8_fit_20260910_v3,pi4b8g,2,1,fit,true,33,33,1353,2026-09-10T13:09:52Z,171927791982445,lucid_revision,n64,64,B2,1.0,38.946,38.946,1800.000,1800.000,1800.000,1800.000,0.817559,1.830077,0.252273,15.958428,0.090387,19.242183,101.059636,0.000000,0.687728044,0.618914007,1
pi4b8_fit_20260910_v3,pi4b8g,2,1,fit,true,33,34,1354,2026-09-10T13:09:52Z,171927893420982,lucid_revision,n64,64,B2,1.0,39.920,40.894,1800.000,1800.000,1800.000,1800.000,0.795893,1.911520,0.255570,15.721747,0.090146,19.033056,101.061839,0.000000,0.617352231,0.528668965,1
pi4b8_fit_20260910_v3,pi4b8g,2,1,fit,true,33,35,1355,2026-09-10T13:09:52Z,171927994849352,lucid_revision,n64,64,B2,1.0,40.894,39.920,1800.000,1800.000,1800.000,1800.000,0.782967,1.877799,0.255718,15.642527,0.091128,18.899225,101.067524,0.000000,0.708753854,0.624900084,1
pi4b8_fit_20260910_v3,pi4b8g,2,1,fit,true,33,36,1356,2026-09-10T13:09:52Z,171928096333294,lucid_revision,n64,64,B2,1.0,39.920,38.946,1800.000,1800.000,1800.000,1800.000,0.804596,1.829503,0.253014,15.729544,0.090091,18.954521,101.063229,0.000000,0.697967019,0.610246409,1
pi4b8_fit_20260910_v3,pi4b8g,2,1,fit,true,33,37,1357,2026-09-10T13:09:53Z,171928197765423,lucid_revision,n64,64,B2,1.0,38.946,39.433,1800.000,1800.000,1800.000,1800.000,0.783152,1.909742,0.254958,15.723284,0.089331,19.014946,101.058192,0.000000,0.694686272,0.614982090,1
pi4b8_fit_20260910_v3,pi4b8g,2,1,fit,true,33,38,1358,2026-09-10T13:09:53Z,171928299191497,lucid_revision,n64,64,B2,1.0,39.433,39.920,1800.000,1800.000,1800.000,1800.000,0.829262,1.826282,0.255162,15.707914,0.090998,18.960317,101.092339,0.000000,0.665200695,0.578482464,1
pi4b8_fit_20260910_v3,pi4b8g,2,1,fit,true,33,39,1359,2026-09-10T13:09:53Z,171928400660014,lucid_revision,n64,64,B2,1.0,39.920,39.920,1800.000,1800.000,1800.000,1800.000,0.800096,1.837762,0.251347,15.710747,0.089053,18.940669,101.056840,0.000000,0.752087863,0.662763230,1
pi4b8_fit_20260910_v3,pi4b8g,2,1,fit,true,34,0,1360,2026-09-10T13:09:54Z,171929131022135,tinydl_revision,n1024,1024,B0,0.0,38.459,38.459,1800.000,1800.000,1800.000,1800.000,1.072277,27.515881,0.768782,13.103759,0.102202,44.304238,101.148819,0.000000,0.674640678,0.649033314,1
pi4b8_fit_20260910_v3,pi4b8g,2,1,fit,true,34,1,1361,2026-09-10T13:09:54Z,171929233164010,tinydl_revision,n1024,1024,B0,0.0,38.459,38.946,1800.000,1800.000,1800.000,1800.000,1.002333,27.706155,0.805985,13.111110,0.100998,44.405199,101.106209,0.000000,0.685560386,0.638712338,1
pi4b8_fit_20260910_v3,pi4b8g,2,1,fit,true,34,2,1362,2026-09-10T13:09:54Z,171929335214831,tinydl_revision,n1024,1024,B0,0.0,38.946,38.459,1800.000,1800.000,1800.000,1800.000,0.973741,27.416143,0.766949,13.199794,0.101461,44.214888,101.144060,0.000000,0.691683959,0.660152522,1
pi4b8_fit_20260910_v3,pi4b8g,2,1,fit,true,34,3,1363,2026-09-10T13:09:54Z,171929437318651,tinydl_revision,n1024,1024,B0,0.0,38.459,38.459,1800.000,1800.000,1800.000,1800.000,0.898113,28.047112,0.885539,13.119036,0.101813,44.750268,101.100524,0.000000,0.683789668,0.645131210,1
pi4b8_fit_20260910_v3,pi4b8g,2,1,fit,true,34,4,1364,2026-09-10T13:09:54Z,171929539386398,tinydl_revision,n1024,1024,B0,0.0,38.459,37.972,1800.000,1800.000,1800.000,1800.000,0.985315,27.487031,0.769301,13.099981,0.101850,44.192148,101.141431,0.000000,0.687262638,0.664654807,1
pi4b8_fit_20260910_v3,pi4b8g,2,1,fit,true,34,5,1365,2026-09-10T13:09:54Z,171929641473404,tinydl_revision,n1024,1024,B0,0.0,37.972,39.433,1800.000,1800.000,1800.000,1800.000,0.893373,27.625472,1.012833,13.179738,0.100850,44.811303,101.095913,0.000000,0.684718726,0.649987312,1
pi4b8_fit_20260910_v3,pi4b8g,2,1,fit,true,34,6,1366,2026-09-10T13:09:54Z,171929743524948,tinydl_revision,n1024,1024,B0,0.0,39.433,38.459,1800.000,1800.000,1800.000,1800.000,0.977741,27.675657,0.757634,13.097665,0.100961,44.311664,101.148227,0.000000,0.673195063,0.647234099,1
pi4b8_fit_20260910_v3,pi4b8g,2,1,fit,true,34,7,1367,2026-09-10T13:09:54Z,171929845674675,tinydl_revision,n1024,1024,B0,0.0,38.459,38.946,1800.000,1800.000,1800.000,1800.000,0.896725,27.774043,0.804763,13.144388,0.099962,44.430550,101.102376,0.000000,0.685485396,0.637687690,1
pi4b8_fit_20260910_v3,pi4b8g,2,1,fit,true,34,8,1368,2026-09-10T13:09:54Z,171929947737070,tinydl_revision,n1024,1024,B0,0.0,38.946,37.972,1800.000,1800.000,1800.000,1800.000,0.972056,27.693822,0.763375,13.088795,0.143516,44.367107,101.121616,0.000000,0.694876215,0.669702742,1
pi4b8_fit_20260910_v3,pi4b8g,2,1,fit,true,34,9,1369,2026-09-10T13:09:54Z,171930049809039,tinydl_revision,n1024,1024,B0,0.0,38.459,39.433,1800.000,1800.000,1800.000,1800.000,0.906298,28.169610,0.765282,13.102258,0.101387,44.779063,101.099339,0.000000,0.673675450,0.630093556,1
pi4b8_fit_20260910_v3,pi4b8g,2,1,fit,true,34,10,1370,2026-09-10T13:09:55Z,171930151852082,tinydl_revision,n1024,1024,B0,0.0,39.433,38.459,1800.000,1800.000,1800.000,1800.000,0.977964,27.692989,0.757968,13.138850,0.104535,44.385348,101.113672,0.000000,0.691104974,0.668050635,1
pi4b8_fit_20260910_v3,pi4b8g,2,1,fit,true,34,11,1371,2026-09-10T13:09:55Z,171930253904348,tinydl_revision,n1024,1024,B0,0.0,38.459,39.433,1800.000,1800.000,1800.000,1800.000,0.898298,27.717137,0.771170,13.133110,0.101424,44.349441,101.092339,0.000000,0.690724217,0.663684264,1
pi4b8_fit_20260910_v3,pi4b8g,2,1,fit,true,34,12,1372,2026-09-10T13:09:55Z,171930355942133,tinydl_revision,n1024,1024,B0,0.0,39.433,37.972,1800.000,1800.000,1800.000,1800.000,0.965927,27.728174,0.765356,13.149554,0.101813,44.414458,101.095950,0.000000,0.674268834,0.641549365,1
pi4b8_fit_20260910_v3,pi4b8g,2,1,fit,true,34,13,1373,2026-09-10T13:09:55Z,171930457982473,tinydl_revision,n1024,1024,B0,0.0,37.972,38.946,1800.000,1800.000,1800.000,1800.000,0.900854,27.735322,0.763875,13.179831,0.100387,44.441773,101.106061,0.000000,0.683285312,0.633791286,1
pi4b8_fit_20260910_v3,pi4b8g,2,1,fit,true,34,14,1374,2026-09-10T13:09:55Z,171930560086515,tinydl_revision,n1024,1024,B0,0.0,38.946,38.946,1800.000,1800.000,1800.000,1800.000,0.902780,27.606732,0.766134,13.139054,0.102573,44.186037,101.097098,0.000000,0.693268072,0.668617896,1
pi4b8_fit_20260910_v3,pi4b8g,2,1,fit,true,34,15,1375,2026-09-10T13:09:55Z,171930662152392,tinydl_revision,n1024,1024,B0,0.0,38.946,37.972,1800.000,1800.000,1800.000,1800.000,0.896928,29.014372,0.754134,13.109647,0.142664,45.981300,101.091450,0.000000,0.676449693,0.632071340,1
pi4b8_fit_20260910_v3,pi4b8g,2,1,fit,true,34,16,1376,2026-09-10T13:09:55Z,171930764262934,tinydl_revision,n1024,1024,B0,0.0,37.972,37.972,1800.000,1800.000,1800.000,1800.000,0.922353,27.625305,0.767505,13.140295,0.099590,44.268850,101.106024,0.000000,0.694981888,0.672026352,1
pi4b8_fit_20260910_v3,pi4b8g,2,1,fit,true,34,17,1377,2026-09-10T13:09:55Z,171930866334181,tinydl_revision,n1024,1024,B0,0.0,37.972,37.485,1800.000,1800.000,1800.000,1800.000,0.893132,27.744674,0.753967,13.122887,0.101257,44.358293,101.100172,0.000000,0.684003652,0.661128015,1
pi4b8_fit_20260910_v3,pi4b8g,2,1,fit,true,34,18,1378,2026-09-10T13:09:55Z,171930968426872,tinydl_revision,n1024,1024,B0,0.0,37.485,37.972,1800.000,1800.000,1800.000,1800.000,0.904984,27.614990,0.758653,13.136832,0.103516,44.229462,101.099543,0.000000,0.672990903,0.631027865,1
pi4b8_fit_20260910_v3,pi4b8g,2,1,fit,true,34,19,1379,2026-09-10T13:09:55Z,171931070523044,tinydl_revision,n1024,1024,B0,0.0,37.972,38.459,1800.000,1800.000,1800.000,1800.000,0.903947,27.749877,0.767097,13.109758,0.102702,44.406922,101.105802,0.000000,0.682040039,0.642215747,1
pi4b8_fit_20260910_v3,pi4b8g,2,1,fit,true,34,20,1380,2026-09-10T13:09:56Z,171931172616531,tinydl_revision,n1024,1024,B0,0.0,37.972,39.433,1800.000,1800.000,1800.000,1800.000,0.913927,28.040927,0.769004,13.146276,0.102795,44.646788,101.099395,0.000000,0.691126133,0.661438703,1
pi4b8_fit_20260910_v3,pi4b8g,2,1,fit,true,34,21,1381,2026-09-10T13:09:56Z,171931274666612,tinydl_revision,n1024,1024,B0,0.0,39.433,37.485,1800.000,1800.000,1800.000,1800.000,0.906169,27.635953,0.761098,13.101999,0.101238,44.268554,101.106542,0.000000,0.686458673,0.640843280,1
pi4b8_fit_20260910_v3,pi4b8g,2,1,fit,true,34,22,1382,2026-09-10T13:09:56Z,171931376756544,tinydl_revision,n1024,1024,B0,0.0,37.485,37.972,1800.000,1800.000,1800.000,1800.000,0.930186,27.858894,0.765115,13.168238,0.100424,44.526493,101.110635,0.000000,0.686702808,0.665544466,1
pi4b8_fit_20260910_v3,pi4b8g,2,1,fit,true,34,23,1383,2026-09-10T13:09:56Z,171931478821476,tinydl_revision,n1024,1024,B0,0.0,37.485,37.485,1800.000,1800.000,1800.000,1800.000,0.889502,27.676527,0.761801,13.166684,0.099942,44.334867,101.105024,0.000000,0.686165098,0.664846523,1
pi4b8_fit_20260910_v3,pi4b8g,2,1,fit,true,34,24,1384,2026-09-10T13:09:56Z,171931580923759,tinydl_revision,n1024,1024,B0,0.0,37.485,37.972,1800.000,1800.000,1800.000,1800.000,0.912076,27.718026,0.765634,13.145777,0.102220,44.338905,101.092599,0.000000,0.674101733,0.632598400,1
pi4b8_fit_20260910_v3,pi4b8g,2,1,fit,true,34,25,1385,2026-09-10T13:09:56Z,171931682977858,tinydl_revision,n1024,1024,B0,0.0,37.972,37.972,1800.000,1800.000,1800.000,1800.000,0.894391,28.471642,0.755560,13.141387,0.102035,45.424292,101.130579,0.000000,0.685507168,0.645200358,1
pi4b8_fit_20260910_v3,pi4b8g,2,1,fit,true,34,26,1386,2026-09-10T13:09:56Z,171931785056198,tinydl_revision,n1024,1024,B0,0.0,37.972,37.485,1800.000,1800.000,1800.000,1800.000,0.904465,27.849134,0.814911,13.098777,0.101498,44.450476,101.112301,0.000000,0.684315424,0.656481509,1
pi4b8_fit_20260910_v3,pi4b8g,2,1,fit,true,34,27,1387,2026-09-10T13:09:56Z,171931887110686,tinydl_revision,n1024,1024,B0,0.0,37.485,38.459,1800.000,1800.000,1800.000,1800.000,0.970705,27.716656,0.760023,13.112962,0.104331,44.416699,101.129393,0.000000,0.689721328,0.642162962,1
pi4b8_fit_20260910_v3,pi4b8g,2,1,fit,true,34,28,1388,2026-09-10T13:09:56Z,171931989195025,tinydl_revision,n1024,1024,B0,0.0,38.459,37.485,1800.000,1800.000,1800.000,1800.000,0.900798,27.639508,0.810040,13.086740,0.103443,44.242702,101.103135,0.000000,0.681899714,0.661945324,1
pi4b8_fit_20260910_v3,pi4b8g,2,1,fit,true,34,29,1389,2026-09-10T13:09:56Z,171932091238994,tinydl_revision,n1024,1024,B0,0.0,37.485,38.946,1800.000,1800.000,1800.000,1800.000,0.948297,27.589639,0.758578,13.146831,0.102572,44.269906,101.143172,0.000000,0.689282642,0.665328474,1
pi4b8_fit_20260910_v3,pi4b8g,2,1,fit,true,34,30,1390,2026-09-10T13:09:57Z,171932193347611,tinydl_revision,n1024,1024,B0,0.0,38.946,37.485,1800.000,1800.000,1800.000,1800.000,0.901150,27.607324,0.815337,13.095833,0.102516,44.232313,101.101153,0.000000,0.681823491,0.638816283,1
pi4b8_fit_20260910_v3,pi4b8g,2,1,fit,true,34,31,1391,2026-09-10T13:09:57Z,171932295400099,tinydl_revision,n1024,1024,B0,0.0,37.485,37.485,1800.000,1800.000,1800.000,1800.000,0.984204,27.821950,0.759060,13.117462,0.101239,44.482346,101.139949,0.000000,0.683632816,0.644480779,1
pi4b8_fit_20260910_v3,pi4b8g,2,1,fit,true,34,32,1392,2026-09-10T13:09:57Z,171932397499845,tinydl_revision,n1024,1024,B0,0.0,37.485,38.459,1800.000,1800.000,1800.000,1800.000,0.901650,27.768414,0.816225,13.115129,0.101609,44.399014,101.088710,0.000000,0.687272775,0.657099208,1
pi4b8_fit_20260910_v3,pi4b8g,2,1,fit,true,34,33,1393,2026-09-10T13:09:57Z,171932499583184,tinydl_revision,n1024,1024,B0,0.0,38.459,38.459,1800.000,1800.000,1800.000,1800.000,0.975149,27.791043,0.768097,13.169739,0.141683,44.555271,101.123042,0.000000,0.688043676,0.645851878,1
pi4b8_fit_20260910_v3,pi4b8g,2,1,fit,true,34,34,1394,2026-09-10T13:09:57Z,171932601656635,tinydl_revision,n1024,1024,B0,0.0,37.972,37.972,1800.000,1800.000,1800.000,1800.000,0.900243,27.725747,0.812392,13.152221,0.104221,44.404736,101.100283,0.000000,0.678898536,0.658614099,1
pi4b8_fit_20260910_v3,pi4b8g,2,1,fit,true,34,35,1395,2026-09-10T13:09:57Z,171932703703697,tinydl_revision,n1024,1024,B0,0.0,37.972,38.459,1800.000,1800.000,1800.000,1800.000,0.956482,28.525919,0.758523,13.149313,0.102609,45.558974,101.304446,0.000000,0.685515259,0.658360591,1
pi4b8_fit_20260910_v3,pi4b8g,2,1,fit,true,34,36,1396,2026-09-10T13:09:57Z,171932805980403,tinydl_revision,n1024,1024,B0,0.0,38.459,38.459,1800.000,1800.000,1800.000,1800.000,0.895891,27.700212,0.759023,13.130017,0.102442,44.345774,101.095691,0.000000,0.681788273,0.639208955,1
pi4b8_fit_20260910_v3,pi4b8g,2,1,fit,true,34,37,1397,2026-09-10T13:09:57Z,171932908154981,tinydl_revision,n1024,1024,B0,0.0,38.459,37.972,1800.000,1800.000,1800.000,1800.000,0.928409,27.621638,0.754171,13.153072,0.100554,44.309312,101.084710,0.000000,0.688990029,0.648935528,1
pi4b8_fit_20260910_v3,pi4b8g,2,1,fit,true,34,38,1398,2026-09-10T13:09:57Z,171933010200266,tinydl_revision,n1024,1024,B0,0.0,37.972,38.459,1800.000,1800.000,1800.000,1800.000,0.889354,27.569121,0.754153,13.119258,0.101220,44.219369,101.100486,0.000000,0.688156830,0.657466767,1
pi4b8_fit_20260910_v3,pi4b8g,2,1,fit,true,34,39,1399,2026-09-10T13:09:58Z,171933112315530,tinydl_revision,n1024,1024,B0,0.0,38.459,36.998,1800.000,1800.000,1800.000,1800.000,0.915946,27.770987,0.755245,13.169091,0.100887,44.469384,101.093895,0.000000,0.682563718,0.651027010,1
pi4b8_fit_20260910_v3,pi4b8g,2,1,fit,true,35,0,1400,2026-09-10T13:09:58Z,171933719943637,lucid_revision,n1,1,B1,0.5,38.459,38.946,1800.000,1800.000,1800.000,1800.000,1.015592,0.178663,0.190719,0.503065,0.067943,2.125090,100.935619,0.000000,0.938665696,0.838072796,1
pi4b8_fit_20260910_v3,pi4b8g,2,1,fit,true,35,1,1401,2026-09-10T13:09:58Z,171933821240379,lucid_revision,n1,1,B1,0.5,38.946,37.972,1800.000,1800.000,1800.000,1800.000,0.777060,0.156701,0.185163,0.494620,0.064888,1.822615,101.034655,0.000000,0.641173448,0.051045467,1
pi4b8_fit_20260910_v3,pi4b8g,2,1,fit,true,35,2,1402,2026-09-10T13:09:58Z,171933922619880,lucid_revision,n1,1,B1,0.5,37.972,37.972,1800.000,1800.000,1800.000,1800.000,0.790782,0.151942,0.181775,0.553175,0.067424,1.886280,101.125597,0.000000,0.946764007,0.840878892,1
pi4b8_fit_20260910_v3,pi4b8g,2,1,fit,true,35,3,1403,2026-09-10T13:09:58Z,171934024159007,lucid_revision,n1,1,B1,0.5,37.972,38.946,1800.000,1800.000,1800.000,1800.000,0.821244,0.155145,0.186811,0.496528,0.066518,1.874261,100.999378,0.000000,0.924998367,0.834856444,1
pi4b8_fit_20260910_v3,pi4b8g,2,1,fit,true,35,4,1404,2026-09-10T13:09:59Z,171934125483990,lucid_revision,n1,1,B1,0.5,38.946,36.998,1800.000,1800.000,1800.000,1800.000,0.783467,0.145016,0.179200,0.481306,0.062573,1.791596,100.980359,0.000000,0.982660910,0.855134742,1
pi4b8_fit_20260910_v3,pi4b8g,2,1,fit,true,35,5,1405,2026-09-10T13:09:59Z,171934226784121,lucid_revision,n1,1,B1,0.5,36.998,37.972,1800.000,1800.000,1800.000,1800.000,0.770393,0.149182,0.174293,0.546731,0.065073,1.845744,100.975026,0.000000,0.970398373,0.846576982,1
pi4b8_fit_20260910_v3,pi4b8g,2,1,fit,true,35,6,1406,2026-09-10T13:09:59Z,171934328119678,lucid_revision,n1,1,B1,0.5,37.972,38.459,1800.000,1800.000,1800.000,1800.000,0.795355,0.148701,0.178330,0.485676,0.066203,1.812503,100.973859,0.000000,0.927357626,0.832546017,1
pi4b8_fit_20260910_v3,pi4b8g,2,1,fit,true,35,7,1407,2026-09-10T13:09:59Z,171934429417809,lucid_revision,n1,1,B1,0.5,38.459,38.459,1800.000,1800.000,1800.000,1800.000,0.869150,0.160775,0.181960,0.488176,0.066555,1.916206,101.034581,0.000000,0.874436788,0.742391328,1
pi4b8_fit_20260910_v3,pi4b8g,2,1,fit,true,35,8,1408,2026-09-10T13:09:59Z,171934530825754,lucid_revision,n1,1,B1,0.5,38.459,37.972,1800.000,1800.000,1800.000,1800.000,0.801911,0.154886,0.219774,0.499046,0.065295,1.886187,100.986600,0.000000,0.008045824,0.025124966,1
pi4b8_fit_20260910_v3,pi4b8g,2,1,fit,true,35,9,1409,2026-09-10T13:09:59Z,171934632157218,lucid_revision,n1,1,B1,0.5,37.972,36.998,1800.000,1800.000,1800.000,1800.000,0.800022,0.148997,0.178645,0.486862,0.065943,1.819873,100.984989,0.000000,0.640409504,0.685029857,1
pi4b8_fit_20260910_v3,pi4b8g,2,1,fit,true,35,10,1410,2026-09-10T13:09:59Z,171934733456997,lucid_revision,n1,1,B1,0.5,36.998,37.485,1800.000,1800.000,1800.000,1800.000,0.784430,0.146090,0.176756,0.480455,0.063295,1.789375,100.935416,0.000000,0.983056644,0.843565660,1
pi4b8_fit_20260910_v3,pi4b8g,2,1,fit,true,35,11,1411,2026-09-10T13:09:59Z,171934834752870,lucid_revision,n1,1,B1,0.5,37.485,37.972,1800.000,1800.000,1800.000,1800.000,0.785022,0.157609,0.185386,0.665692,0.069110,2.006074,101.029543,0.000000,0.874220866,0.717891070,1
pi4b8_fit_20260910_v3,pi4b8g,2,1,fit,true,35,12,1412,2026-09-10T13:09:59Z,171934936151073,lucid_revision,n1,1,B1,0.5,37.972,37.972,1800.000,1800.000,1800.000,1800.000,0.804152,0.153867,0.181034,0.492398,0.065888,1.839689,100.999452,0.000000,0.927829382,0.834759879,1
pi4b8_fit_20260910_v3,pi4b8g,2,1,fit,true,35,13,1413,2026-09-10T13:09:59Z,171935037475519,lucid_revision,n1,1,B1,0.5,37.972,38.459,1800.000,1800.000,1800.000,1800.000,0.779856,0.147775,0.177663,0.483473,0.063258,1.793189,100.962230,0.000000,0.874681367,0.722307307,1
pi4b8_fit_20260910_v3,pi4b8g,2,1,fit,true,35,14,1414,2026-09-10T13:10:00Z,171935138747021,lucid_revision,n1,1,B1,0.5,38.459,37.485,1800.000,1800.000,1800.000,1800.000,0.771394,0.146127,0.177108,0.534823,0.063703,1.832633,100.977527,0.000000,0.874877997,0.380389399,1
pi4b8_fit_20260910_v3,pi4b8g,2,1,fit,true,35,15,1415,2026-09-10T13:10:00Z,171935240073523,lucid_revision,n1,1,B1,0.5,37.485,37.972,1800.000,1800.000,1800.000,1800.000,0.789430,0.146331,0.177627,0.487306,0.063647,1.804189,100.961600,0.000000,0.874216992,0.737426837,1
pi4b8_fit_20260910_v3,pi4b8g,2,1,fit,true,35,16,1416,2026-09-10T13:10:00Z,171935341339655,lucid_revision,n1,1,B1,0.5,37.972,36.998,1800.000,1800.000,1800.000,1800.000,0.769523,0.141423,0.175867,0.480861,0.064573,1.767597,100.975545,0.000000,0.935463861,0.839697081,1
pi4b8_fit_20260910_v3,pi4b8g,2,1,fit,true,35,17,1417,2026-09-10T13:10:00Z,171935442628972,lucid_revision,n1,1,B1,0.5,36.998,37.485,1800.000,1800.000,1800.000,1800.000,0.776967,0.142276,0.176997,0.535731,0.067147,1.837299,100.980211,0.000000,0.925908638,0.843651376,1
pi4b8_fit_20260910_v3,pi4b8g,2,1,fit,true,35,18,1418,2026-09-10T13:10:00Z,171935543927270,lucid_revision,n1,1,B1,0.5,37.485,37.972,1800.000,1800.000,1800.000,1800.000,0.825781,0.151368,0.178423,0.486232,0.065498,1.846040,100.979433,0.000000,0.874876984,0.705943875,1
pi4b8_fit_20260910_v3,pi4b8g,2,1,fit,true,35,19,1419,2026-09-10T13:10:00Z,171935645214068,lucid_revision,n1,1,B1,0.5,37.972,37.972,1800.000,1800.000,1800.000,1800.000,0.781022,0.145756,0.178515,0.479565,0.066036,1.787467,100.894621,0.000000,0.634118527,0.719384227,1
pi4b8_fit_20260910_v3,pi4b8g,2,1,fit,true,35,20,1420,2026-09-10T13:10:00Z,171935746465571,lucid_revision,n1,1,B1,0.5,38.459,38.459,1800.000,1800.000,1800.000,1800.000,0.783504,0.158052,0.184256,0.584545,0.068870,1.920464,101.010100,0.000000,0.622923988,0.800143185,1
pi4b8_fit_20260910_v3,pi4b8g,2,1,fit,true,35,21,1421,2026-09-10T13:10:00Z,171935847799628,lucid_revision,n1,1,B1,0.5,38.459,36.998,1800.000,1800.000,1800.000,1800.000,0.836410,0.156200,0.180071,0.487787,0.066628,1.868187,101.036951,0.000000,0.927761388,0.834759879,1
pi4b8_fit_20260910_v3,pi4b8g,2,1,fit,true,35,22,1422,2026-09-10T13:10:00Z,171935949168684,lucid_revision,n1,1,B1,0.5,36.998,37.972,1800.000,1800.000,1800.000,1800.000,0.782893,0.150016,0.179812,0.489102,0.064258,1.804503,100.986822,0.000000,0.930239281,0.837196464,1
pi4b8_fit_20260910_v3,pi4b8g,2,1,fit,true,35,23,1423,2026-09-10T13:10:00Z,171936050476463,lucid_revision,n1,1,B1,0.5,37.972,38.459,1800.000,1800.000,1800.000,1800.000,0.768616,0.146016,0.177275,0.544379,0.066739,1.843262,100.961971,0.000000,0.871684146,0.743353155,1
pi4b8_fit_20260910_v3,pi4b8g,2,1,fit,true,35,24,1424,2026-09-10T13:10:01Z,171936151779280,lucid_revision,n1,1,B1,0.5,38.459,38.459,1800.000,1800.000,1800.000,1800.000,0.839170,0.147071,0.179534,0.485935,0.064406,1.855484,100.990044,0.000000,0.935427177,0.855418315,1
pi4b8_fit_20260910_v3,pi4b8g,2,1,fit,true,35,25,1425,2026-09-10T13:10:01Z,171936253084170,lucid_revision,n1,1,B1,0.5,37.972,37.972,1800.000,1800.000,1800.000,1800.000,0.769245,0.144886,0.175497,0.479584,0.064091,1.771523,100.954138,0.000000,0.993006544,0.819515416,1
pi4b8_fit_20260910_v3,pi4b8g,2,1,fit,true,35,26,1426,2026-09-10T13:10:01Z,171936354346099,lucid_revision,n1,1,B1,0.5,37.972,37.485,1800.000,1800.000,1800.000,1800.000,0.763986,0.145035,0.173368,0.530897,0.064944,1.819263,100.969286,0.000000,0.235219138,0.017784963,1
pi4b8_fit_20260910_v3,pi4b8g,2,1,fit,true,35,27,1427,2026-09-10T13:10:01Z,171936455622620,lucid_revision,n1,1,B1,0.5,37.485,37.972,1800.000,1800.000,1800.000,1800.000,0.814356,0.147442,0.177997,0.481084,0.064943,1.826188,101.012303,0.000000,0.970456627,0.852884916,1
pi4b8_fit_20260910_v3,pi4b8g,2,1,fit,true,35,28,1428,2026-09-10T13:10:01Z,171936556954787,lucid_revision,n1,1,B1,0.5,37.972,37.972,1800.000,1800.000,1800.000,1800.000,0.775338,0.149627,0.178367,0.483009,0.063981,1.786449,100.962138,0.000000,0.990953991,0.857831533,1
pi4b8_fit_20260910_v3,pi4b8g,2,1,fit,true,35,29,1429,2026-09-10T13:10:01Z,171936658228864,lucid_revision,n1,1,B1,0.5,37.972,37.972,1800.000,1800.000,1800.000,1800.000,0.767245,0.142590,0.175237,0.476899,0.064758,1.766227,100.893361,0.000000,0.137223050,0.027641797,1
pi4b8_fit_20260910_v3,pi4b8g,2,1,fit,true,35,30,1430,2026-09-10T13:10:01Z,171936759474033,lucid_revision,n1,1,B1,0.5,38.946,38.459,1800.000,1800.000,1800.000,1800.000,0.817263,0.157627,0.181478,0.495898,0.066035,1.859281,101.058007,0.000000,0.082928470,0.022748839,1
pi4b8_fit_20260910_v3,pi4b8g,2,1,fit,true,35,31,1431,2026-09-10T13:10:01Z,171936860875867,lucid_revision,n1,1,B1,0.5,38.459,37.972,1800.000,1800.000,1800.000,1800.000,0.792560,0.154886,0.180830,0.491102,0.064684,1.825744,100.980859,0.000000,0.872939778,0.757500403,1
pi4b8_fit_20260910_v3,pi4b8g,2,1,fit,true,35,32,1432,2026-09-10T13:10:01Z,171936962172813,lucid_revision,n1,1,B1,0.5,37.972,37.485,1800.000,1800.000,1800.000,1800.000,0.774004,0.146516,0.178923,0.481472,0.063443,1.782152,101.016525,0.000000,0.873977320,0.732140899,1
pi4b8_fit_20260910_v3,pi4b8g,2,1,fit,true,35,33,1433,2026-09-10T13:10:01Z,171937063527184,lucid_revision,n1,1,B1,0.5,37.485,38.459,1800.000,1800.000,1800.000,1800.000,0.819966,0.155275,0.180886,0.492453,0.065055,1.856281,101.008192,0.000000,0.936558069,0.852768718,1
pi4b8_fit_20260910_v3,pi4b8g,2,1,fit,true,35,34,1434,2026-09-10T13:10:02Z,171937164846482,lucid_revision,n1,1,B1,0.5,38.459,37.972,1800.000,1800.000,1800.000,1800.000,0.781412,0.144386,0.177793,0.480473,0.064629,1.789800,101.035044,0.000000,0.936195269,0.865821476,1
pi4b8_fit_20260910_v3,pi4b8g,2,1,fit,true,35,35,1435,2026-09-10T13:10:02Z,171937266220834,lucid_revision,n1,1,B1,0.5,37.972,39.433,1800.000,1800.000,1800.000,1800.000,0.788708,0.149498,0.182015,0.492602,0.117331,1.873706,100.978119,0.000000,0.935463861,0.839697081,1
pi4b8_fit_20260910_v3,pi4b8g,2,1,fit,true,35,36,1436,2026-09-10T13:10:02Z,171937367509447,lucid_revision,n1,1,B1,0.5,39.433,38.946,1800.000,1800.000,1800.000,1800.000,0.827503,0.150515,0.177219,0.485713,0.064758,1.846003,101.021748,0.000000,0.990241935,0.858896077,1
pi4b8_fit_20260910_v3,pi4b8g,2,1,fit,true,35,37,1437,2026-09-10T13:10:02Z,171937468860652,lucid_revision,n1,1,B1,0.5,38.946,37.972,1800.000,1800.000,1800.000,1800.000,0.799763,0.146979,0.183238,0.489528,0.064202,1.824559,100.976360,0.000000,0.918598072,0.851951088,1
pi4b8_fit_20260910_v3,pi4b8g,2,1,fit,true,35,38,1438,2026-09-10T13:10:02Z,171937570150876,lucid_revision,n1,1,B1,0.5,37.972,38.459,1800.000,1800.000,1800.000,1800.000,0.774004,0.144683,0.179052,0.483176,0.063610,1.782819,100.961749,0.000000,0.992964126,0.852719409,1
pi4b8_fit_20260910_v3,pi4b8g,2,1,fit,true,35,39,1439,2026-09-10T13:10:02Z,171937671452285,lucid_revision,n1,1,B1,0.5,38.459,37.485,1800.000,1800.000,1800.000,1800.000,0.818430,0.151368,0.179960,0.482787,0.066758,1.836670,100.964971,0.000000,0.874757311,0.677325163,1
pi4b8_fit_20260910_v3,pi4b8g,2,1,fit,true,36,0,1440,2026-09-10T13:10:03Z,171938360628221,fisvdd_revision,n16,16,B1,0.5,38.459,37.485,1800.000,1800.000,1800.000,1800.000,0.972574,0.594804,0.200552,0.576970,0.075146,2.599026,100.997767,0.000000,0.597229954,0.497909367,1
pi4b8_fit_20260910_v3,pi4b8g,2,1,fit,true,36,1,1441,2026-09-10T13:10:03Z,171938461966630,fisvdd_revision,n16,16,B1,0.5,37.485,37.972,1800.000,1800.000,1800.000,1800.000,0.769282,0.564786,0.193626,0.638544,0.075073,2.402529,101.009914,0.000000,0.678989141,0.495122146,1
pi4b8_fit_20260910_v3,pi4b8g,2,1,fit,true,36,2,1442,2026-09-10T13:10:03Z,171938563313853,fisvdd_revision,n16,16,B1,0.5,38.459,38.459,1800.000,1800.000,1800.000,1800.000,0.813836,0.563675,0.196014,0.581878,0.073776,2.390585,101.031784,0.000000,0.790841124,0.503954116,1
pi4b8_fit_20260910_v3,pi4b8g,2,1,fit,true,36,3,1443,2026-09-10T13:10:03Z,171938664676816,fisvdd_revision,n16,16,B1,0.5,38.459,37.972,1800.000,1800.000,1800.000,1800.000,0.775837,0.558416,0.194033,0.577860,0.072425,2.337735,100.887213,0.000000,0.611114460,0.501711440,1
pi4b8_fit_20260910_v3,pi4b8g,2,1,fit,true,36,4,1444,2026-09-10T13:10:03Z,171938765933319,fisvdd_revision,n16,16,B1,0.5,37.972,38.459,1800.000,1800.000,1800.000,1800.000,0.765338,0.579268,0.197737,0.639951,0.074961,2.417789,101.052488,0.000000,0.641700952,0.499080513,1
pi4b8_fit_20260910_v3,pi4b8g,2,1,fit,true,36,5,1445,2026-09-10T13:10:03Z,171938867353985,fisvdd_revision,n16,16,B1,0.5,38.459,38.459,1800.000,1800.000,1800.000,1800.000,0.829466,0.578489,0.197644,0.581434,0.072925,2.424141,101.142931,0.000000,0.601090198,0.496793407,1
pi4b8_fit_20260910_v3,pi4b8g,2,1,fit,true,36,6,1446,2026-09-10T13:10:03Z,171938968895075,fisvdd_revision,n16,16,B1,0.5,38.459,37.485,1800.000,1800.000,1800.000,1800.000,0.792226,0.583064,0.198496,0.577249,0.072665,2.390308,101.018229,0.000000,0.568609863,0.496503673,1
pi4b8_fit_20260910_v3,pi4b8g,2,1,fit,true,36,7,1447,2026-09-10T13:10:03Z,171939070258687,fisvdd_revision,n16,16,B1,0.5,37.485,38.946,1800.000,1800.000,1800.000,1800.000,0.763023,0.562897,0.191515,0.635692,0.073980,2.388697,100.998081,0.000000,0.793850260,0.496284868,1
pi4b8_fit_20260910_v3,pi4b8g,2,1,fit,true,36,8,1448,2026-09-10T13:10:04Z,171939171589762,fisvdd_revision,n16,16,B1,0.5,38.946,38.459,1800.000,1800.000,1800.000,1800.000,0.817096,0.576212,0.195034,0.572971,0.072072,2.395641,101.036377,0.000000,0.583361959,0.496033536,1
pi4b8_fit_20260910_v3,pi4b8g,2,1,fit,true,36,9,1449,2026-09-10T13:10:04Z,171939272960078,fisvdd_revision,n16,16,B1,0.5,38.459,38.459,1800.000,1800.000,1800.000,1800.000,0.790208,0.558509,0.191293,0.575767,0.069776,2.344679,100.985933,0.000000,0.633202394,0.503907340,1
pi4b8_fit_20260910_v3,pi4b8g,2,1,fit,true,36,10,1450,2026-09-10T13:10:04Z,171939374275172,fisvdd_revision,n16,16,B1,0.5,38.459,38.459,1800.000,1800.000,1800.000,1800.000,0.764486,0.549805,0.191885,0.631841,0.073425,2.370493,100.985952,0.000000,0.676325331,0.496167802,1
pi4b8_fit_20260910_v3,pi4b8g,2,1,fit,true,36,11,1451,2026-09-10T13:10:04Z,171939475591395,fisvdd_revision,n16,16,B1,0.5,38.459,37.485,1800.000,1800.000,1800.000,1800.000,0.808967,0.562267,0.194645,0.579174,0.075036,2.381734,101.008156,0.000000,0.721296748,0.506736781,1
pi4b8_fit_20260910_v3,pi4b8g,2,1,fit,true,36,12,1452,2026-09-10T13:10:04Z,171939576950915,fisvdd_revision,n16,16,B1,0.5,37.485,37.972,1800.000,1800.000,1800.000,1800.000,0.833244,0.579138,0.196163,0.587212,0.076091,2.441121,101.014785,0.000000,0.798223980,0.496246413,1
pi4b8_fit_20260910_v3,pi4b8g,2,1,fit,true,36,13,1453,2026-09-10T13:10:04Z,171939678318619,fisvdd_revision,n16,16,B1,0.5,37.972,38.459,1800.000,1800.000,1800.000,1800.000,0.765800,0.563526,0.195904,0.633896,0.073592,2.396678,100.898268,0.000000,0.480264105,0.500413997,1
pi4b8_fit_20260910_v3,pi4b8g,2,1,fit,true,36,14,1454,2026-09-10T13:10:04Z,171939779619324,fisvdd_revision,n16,16,B1,0.5,38.459,37.972,1800.000,1800.000,1800.000,1800.000,0.824448,0.575360,0.198330,0.576378,0.072998,2.411475,101.130598,0.000000,0.620383209,0.495266091,1
pi4b8_fit_20260910_v3,pi4b8g,2,1,fit,true,36,15,1455,2026-09-10T13:10:04Z,171939881106823,fisvdd_revision,n16,16,B1,0.5,37.972,37.972,1800.000,1800.000,1800.000,1800.000,0.771652,0.562212,0.194255,0.578045,0.071628,2.336438,100.997137,0.000000,0.732939228,0.498351661,1
pi4b8_fit_20260910_v3,pi4b8g,2,1,fit,true,36,16,1456,2026-09-10T13:10:04Z,171939982441731,fisvdd_revision,n16,16,B1,0.5,37.972,37.485,1800.000,1800.000,1800.000,1800.000,0.764745,0.568193,0.244977,0.584082,0.072925,2.394271,101.087376,0.000000,0.716585513,0.499338059,1
pi4b8_fit_20260910_v3,pi4b8g,2,1,fit,true,36,17,1457,2026-09-10T13:10:04Z,171940083918434,fisvdd_revision,n16,16,B1,0.5,37.485,37.485,1800.000,1800.000,1800.000,1800.000,0.833466,0.575138,0.200052,0.584082,0.074054,2.433436,101.013451,0.000000,0.714387831,0.501525231,1
pi4b8_fit_20260910_v3,pi4b8g,2,1,fit,true,36,18,1458,2026-09-10T13:10:05Z,171940185271712,fisvdd_revision,n16,16,B1,0.5,37.485,37.972,1800.000,1800.000,1800.000,1800.000,0.771708,0.570119,0.195385,0.576323,0.072257,2.344975,100.972230,0.000000,0.745057346,0.503772137,1
pi4b8_fit_20260910_v3,pi4b8g,2,1,fit,true,36,19,1459,2026-09-10T13:10:05Z,171940286572251,fisvdd_revision,n16,16,B1,0.5,37.972,36.998,1800.000,1800.000,1800.000,1800.000,0.769320,0.563693,0.196441,0.577952,0.073628,2.388808,100.988082,0.000000,0.670766351,0.500424275,1
pi4b8_fit_20260910_v3,pi4b8g,2,1,fit,true,36,20,1460,2026-09-10T13:10:05Z,171940387894160,fisvdd_revision,n16,16,B1,0.5,36.998,37.972,1800.000,1800.000,1800.000,1800.000,0.829799,0.565286,0.192681,0.572860,0.069480,2.389437,100.993748,0.000000,0.800588469,0.498404566,1
pi4b8_fit_20260910_v3,pi4b8g,2,1,fit,true,36,21,1461,2026-09-10T13:10:05Z,171940489216772,fisvdd_revision,n16,16,B1,0.5,37.972,37.972,1800.000,1800.000,1800.000,1800.000,0.770356,0.553731,0.194440,0.578896,0.070924,2.327883,100.971675,0.000000,0.786541751,0.493290864,1
pi4b8_fit_20260910_v3,pi4b8g,2,1,fit,true,36,22,1462,2026-09-10T13:10:05Z,171940590515459,fisvdd_revision,n16,16,B1,0.5,37.972,37.485,1800.000,1800.000,1800.000,1800.000,0.765986,0.559656,0.243755,0.578452,0.071536,2.379179,100.991434,0.000000,0.767421007,0.502855363,1
pi4b8_fit_20260910_v3,pi4b8g,2,1,fit,true,36,23,1463,2026-09-10T13:10:05Z,171940691839220,fisvdd_revision,n16,16,B1,0.5,37.485,38.946,1800.000,1800.000,1800.000,1800.000,0.818688,0.563230,0.196459,0.576045,0.070683,2.385104,100.933009,0.000000,0.622446930,0.494520022,1
pi4b8_fit_20260910_v3,pi4b8g,2,1,fit,true,36,24,1464,2026-09-10T13:10:05Z,171940793144629,fisvdd_revision,n16,16,B1,0.5,38.946,37.485,1800.000,1800.000,1800.000,1800.000,0.766245,0.572304,0.198719,0.581711,0.071091,2.349975,101.014507,0.000000,0.643551893,0.496860566,1
pi4b8_fit_20260910_v3,pi4b8g,2,1,fit,true,36,25,1465,2026-09-10T13:10:05Z,171940894511019,fisvdd_revision,n16,16,B1,0.5,38.946,36.511,1800.000,1800.000,1800.000,1800.000,0.765282,0.572396,0.283161,0.585118,0.074054,2.442047,100.998414,0.000000,0.726889165,0.500549273,1
pi4b8_fit_20260910_v3,pi4b8g,2,1,fit,true,36,26,1466,2026-09-10T13:10:05Z,171940995839113,fisvdd_revision,n16,16,B1,0.5,36.511,37.485,1800.000,1800.000,1800.000,1800.000,0.829670,0.568360,0.193941,0.573601,0.073258,2.399455,101.012451,0.000000,0.736067084,0.499183075,1
pi4b8_fit_20260910_v3,pi4b8g,2,1,fit,true,36,27,1467,2026-09-10T13:10:05Z,171941097190447,fisvdd_revision,n16,16,B1,0.5,37.485,38.459,1800.000,1800.000,1800.000,1800.000,0.764505,0.565156,0.193663,0.582952,0.071424,2.336586,100.991044,0.000000,0.650881574,0.496635009,1
pi4b8_fit_20260910_v3,pi4b8g,2,1,fit,true,36,28,1468,2026-09-10T13:10:06Z,171941198513652,fisvdd_revision,n16,16,B1,0.5,38.459,38.459,1800.000,1800.000,1800.000,1800.000,0.771708,0.561675,0.237551,0.579989,0.071203,2.382604,100.978989,0.000000,0.627695389,0.498647399,1
pi4b8_fit_20260910_v3,pi4b8g,2,1,fit,true,36,29,1469,2026-09-10T13:10:06Z,171941299819487,fisvdd_revision,n16,16,B1,0.5,38.459,38.459,1800.000,1800.000,1800.000,1800.000,0.804744,0.564637,0.193607,0.574064,0.073276,2.370382,101.002933,0.000000,0.739976997,0.498740528,1
pi4b8_fit_20260910_v3,pi4b8g,2,1,fit,true,36,30,1470,2026-09-10T13:10:06Z,171941401182228,fisvdd_revision,n16,16,B1,0.5,38.459,37.972,1800.000,1800.000,1800.000,1800.000,0.772523,0.566415,0.194108,0.573656,0.071591,2.337068,100.980915,0.000000,0.538304338,0.495875170,1
pi4b8_fit_20260910_v3,pi4b8g,2,1,fit,true,36,31,1471,2026-09-10T13:10:06Z,171941502496748,fisvdd_revision,n16,16,B1,0.5,37.972,38.459,1800.000,1800.000,1800.000,1800.000,0.768411,0.556508,0.241958,0.582489,0.072406,2.380234,100.988804,0.000000,0.611829390,0.503296879,1
pi4b8_fit_20260910_v3,pi4b8g,2,1,fit,true,36,32,1472,2026-09-10T13:10:06Z,171941603814898,fisvdd_revision,n16,16,B1,0.5,38.459,37.972,1800.000,1800.000,1800.000,1800.000,0.814522,0.573174,0.193367,0.579767,0.071239,2.391826,101.007729,0.000000,0.626886595,0.499729821,1
pi4b8_fit_20260910_v3,pi4b8g,2,1,fit,true,36,33,1473,2026-09-10T13:10:06Z,171941705156621,fisvdd_revision,n16,16,B1,0.5,37.972,37.485,1800.000,1800.000,1800.000,1800.000,0.761967,0.560267,0.194274,0.581212,0.070147,2.327383,100.910694,0.000000,0.627950902,0.500526516,1
pi4b8_fit_20260910_v3,pi4b8g,2,1,fit,true,36,34,1474,2026-09-10T13:10:06Z,171941806443697,fisvdd_revision,n16,16,B1,0.5,37.485,38.946,1800.000,1800.000,1800.000,1800.000,0.766838,0.571934,0.241385,0.586675,0.073554,2.402771,101.033748,0.000000,0.509517046,0.497643406,1
pi4b8_fit_20260910_v3,pi4b8g,2,1,fit,true,36,35,1475,2026-09-10T13:10:06Z,171941907837994,fisvdd_revision,n16,16,B1,0.5,38.946,37.485,1800.000,1800.000,1800.000,1800.000,0.833577,0.570971,0.195719,0.583156,0.072258,2.422159,101.010451,0.000000,0.853901622,0.494858623,1
pi4b8_fit_20260910_v3,pi4b8g,2,1,fit,true,36,36,1476,2026-09-10T13:10:06Z,171942009178717,fisvdd_revision,n16,16,B1,0.5,37.485,37.972,1800.000,1800.000,1800.000,1800.000,0.775726,0.559768,0.193181,0.575305,0.071610,2.334179,100.975267,0.000000,0.804498700,0.500026353,1
pi4b8_fit_20260910_v3,pi4b8g,2,1,fit,true,36,37,1477,2026-09-10T13:10:07Z,171942110480663,fisvdd_revision,n16,16,B1,0.5,37.972,37.485,1800.000,1800.000,1800.000,1800.000,0.757912,0.559267,0.237792,0.580119,0.072109,2.365938,100.992915,0.000000,0.647877069,0.501864395,1
pi4b8_fit_20260910_v3,pi4b8g,2,1,fit,true,36,38,1478,2026-09-10T13:10:07Z,171942211809424,fisvdd_revision,n16,16,B1,0.5,37.485,37.972,1800.000,1800.000,1800.000,1800.000,0.814133,0.568379,0.197089,0.575582,0.071721,2.385585,101.003915,0.000000,0.646189996,0.503983057,1
pi4b8_fit_20260910_v3,pi4b8g,2,1,fit,true,36,39,1479,2026-09-10T13:10:07Z,171942313144481,fisvdd_revision,n16,16,B1,0.5,37.972,37.972,1800.000,1800.000,1800.000,1800.000,0.761986,0.574193,0.195163,0.576008,0.071869,2.336623,100.997118,0.000000,0.662139469,0.504581647,1
pi4b8_fit_20260910_v3,pi4b8g,2,1,fit,true,37,0,1480,2026-09-10T13:10:07Z,171943002878925,tinydl_revision,n16,16,B1,0.5,38.946,38.459,1800.000,1800.000,1800.000,1800.000,0.954352,0.642284,0.200718,0.386159,0.079535,2.437473,100.999618,0.000000,0.663928937,0.654432643,1
pi4b8_fit_20260910_v3,pi4b8g,2,1,fit,true,37,1,1481,2026-09-10T13:10:07Z,171943104250018,tinydl_revision,n16,16,B1,0.5,38.459,36.998,1800.000,1800.000,1800.000,1800.000,0.786411,0.562934,0.194589,0.382567,0.075165,2.162293,100.978915,0.000000,0.577812912,0.452290163,1
pi4b8_fit_20260910_v3,pi4b8g,2,1,fit,true,37,2,1482,2026-09-10T13:10:08Z,171943205560834,tinydl_revision,n16,16,B1,0.5,36.998,37.485,1800.000,1800.000,1800.000,1800.000,0.756504,0.565342,0.195440,0.382734,0.075110,2.135664,100.967915,0.000000,0.477823645,0.393228110,1
pi4b8_fit_20260910_v3,pi4b8g,2,1,fit,true,37,3,1483,2026-09-10T13:10:08Z,171943306854966,tinydl_revision,n16,16,B1,0.5,37.485,36.998,1800.000,1800.000,1800.000,1800.000,0.757375,0.614378,0.193089,0.379178,0.076610,2.180515,101.005062,0.000000,0.790437188,0.799270270,1
pi4b8_fit_20260910_v3,pi4b8g,2,1,fit,true,37,4,1484,2026-09-10T13:10:08Z,171943408240947,tinydl_revision,n16,16,B1,0.5,36.998,37.972,1800.000,1800.000,1800.000,1800.000,0.793226,0.566230,0.195015,0.379548,0.074406,2.169997,100.980990,0.000000,0.691209495,0.729863419,1
pi4b8_fit_20260910_v3,pi4b8g,2,1,fit,true,37,5,1485,2026-09-10T13:10:08Z,171943509626337,tinydl_revision,n16,16,B1,0.5,37.972,38.459,1800.000,1800.000,1800.000,1800.000,0.798856,0.569767,0.193312,0.382067,0.075258,2.179200,100.971989,0.000000,0.789274682,0.761812021,1
pi4b8_fit_20260910_v3,pi4b8g,2,1,fit,true,37,6,1486,2026-09-10T13:10:08Z,171943610924320,tinydl_revision,n16,16,B1,0.5,38.459,37.972,1800.000,1800.000,1800.000,1800.000,0.763357,0.620544,0.197755,0.382641,0.075610,2.199996,101.141634,0.000000,0.656035965,0.570426110,1
pi4b8_fit_20260910_v3,pi4b8g,2,1,fit,true,37,7,1487,2026-09-10T13:10:08Z,171943712464447,tinydl_revision,n16,16,B1,0.5,37.972,37.485,1800.000,1800.000,1800.000,1800.000,0.808448,0.579804,0.201607,0.387752,0.075165,2.221829,100.912398,0.000000,0.733525249,0.660211788,1
pi4b8_fit_20260910_v3,pi4b8g,2,1,fit,true,37,8,1488,2026-09-10T13:10:08Z,171943813756190,tinydl_revision,n16,16,B1,0.5,37.485,37.485,1800.000,1800.000,1800.000,1800.000,0.801856,0.575138,0.202218,0.385604,0.074906,2.203700,101.015599,0.000000,0.705666062,0.711615127,1
pi4b8_fit_20260910_v3,pi4b8g,2,1,fit,true,37,9,1489,2026-09-10T13:10:08Z,171943915119042,tinydl_revision,n16,16,B1,0.5,37.485,39.433,1800.000,1800.000,1800.000,1800.000,0.794263,0.615341,0.198645,0.385104,0.078628,2.237792,101.142246,0.000000,0.807813497,0.796261516,1
pi4b8_fit_20260910_v3,pi4b8g,2,1,fit,true,37,10,1490,2026-09-10T13:10:08Z,171944016657984,tinydl_revision,n16,16,B1,0.5,39.433,38.459,1800.000,1800.000,1800.000,1800.000,0.805392,0.572082,0.201163,0.386529,0.075906,2.207867,101.002600,0.000000,0.578892567,0.521496951,1
pi4b8_fit_20260910_v3,pi4b8g,2,1,fit,true,37,11,1491,2026-09-10T13:10:09Z,171944117999855,tinydl_revision,n16,16,B1,0.5,38.459,37.972,1800.000,1800.000,1800.000,1800.000,0.771634,0.563767,0.195478,0.443566,0.078851,2.218941,100.991156,0.000000,0.623338386,0.625535332,1
pi4b8_fit_20260910_v3,pi4b8g,2,1,fit,true,37,12,1492,2026-09-10T13:10:09Z,171944219325746,tinydl_revision,n16,16,B1,0.5,37.972,37.972,1800.000,1800.000,1800.000,1800.000,0.819318,0.581804,0.195681,0.388141,0.076350,2.222903,101.013007,0.000000,0.614820361,0.613436624,1
pi4b8_fit_20260910_v3,pi4b8g,2,1,fit,true,37,13,1493,2026-09-10T13:10:09Z,171944320668432,tinydl_revision,n16,16,B1,0.5,37.972,38.459,1800.000,1800.000,1800.000,1800.000,0.779819,0.561712,0.193219,0.382956,0.073943,2.148349,100.975619,0.000000,0.747701688,0.648001492,1
pi4b8_fit_20260910_v3,pi4b8g,2,1,fit,true,37,14,1494,2026-09-10T13:10:09Z,171944421976304,tinydl_revision,n16,16,B1,0.5,38.459,37.972,1800.000,1800.000,1800.000,1800.000,0.772208,0.558119,0.193793,0.434622,0.077166,2.197330,100.972545,0.000000,0.716188285,0.734622332,1
pi4b8_fit_20260910_v3,pi4b8g,2,1,fit,true,37,15,1495,2026-09-10T13:10:09Z,171944523274620,tinydl_revision,n16,16,B1,0.5,37.972,37.972,1800.000,1800.000,1800.000,1800.000,0.806800,0.559768,0.195108,0.381104,0.075647,2.179331,101.008582,0.000000,0.617000237,0.498873067,1
pi4b8_fit_20260910_v3,pi4b8g,2,1,fit,true,37,16,1496,2026-09-10T13:10:09Z,171944624608844,tinydl_revision,n16,16,B1,0.5,37.972,37.972,1800.000,1800.000,1800.000,1800.000,0.774412,0.559286,0.195237,0.381641,0.073536,2.143757,100.990396,0.000000,0.673981031,0.711386708,1
pi4b8_fit_20260910_v3,pi4b8g,2,1,fit,true,37,17,1497,2026-09-10T13:10:09Z,171944725943789,tinydl_revision,n16,16,B1,0.5,37.972,37.972,1800.000,1800.000,1800.000,1800.000,0.843614,0.590619,0.201200,0.440103,0.081776,2.333606,100.941379,0.000000,0.711140127,0.671054828,1
pi4b8_fit_20260910_v3,pi4b8g,2,1,fit,true,37,18,1498,2026-09-10T13:10:09Z,171944827259032,tinydl_revision,n16,16,B1,0.5,37.972,37.972,1800.000,1800.000,1800.000,1800.000,0.829670,0.586341,0.198200,0.384030,0.076998,2.240477,101.053969,0.000000,0.715846346,0.641452092,1
pi4b8_fit_20260910_v3,pi4b8g,2,1,fit,true,37,19,1499,2026-09-10T13:10:09Z,171944928670420,tinydl_revision,n16,16,B1,0.5,37.972,37.972,1800.000,1800.000,1800.000,1800.000,0.789263,0.569526,0.196218,0.383882,0.078092,2.178645,100.989489,0.000000,0.732770524,0.684040744,1
pi4b8_fit_20260910_v3,pi4b8g,2,1,fit,true,37,20,1500,2026-09-10T13:10:09Z,171945030065587,tinydl_revision,n16,16,B1,0.5,37.485,36.998,1800.000,1800.000,1800.000,1800.000,0.786652,0.564508,0.194997,0.448899,0.076461,2.236551,100.978008,0.000000,0.711269874,0.677347898,1
pi4b8_fit_20260910_v3,pi4b8g,2,1,fit,true,37,21,1501,2026-09-10T13:10:10Z,171945131371274,tinydl_revision,n16,16,B1,0.5,36.998,37.485,1800.000,1800.000,1800.000,1800.000,0.807059,0.567952,0.195589,0.382974,0.075110,2.189608,101.010211,0.000000,0.825512950,0.712026925,1
pi4b8_fit_20260910_v3,pi4b8g,2,1,fit,true,37,22,1502,2026-09-10T13:10:10Z,171945232715294,tinydl_revision,n16,16,B1,0.5,37.485,37.485,1800.000,1800.000,1800.000,1800.000,0.767708,0.555749,0.192237,0.381122,0.073832,2.133182,100.972156,0.000000,0.767032457,0.776372377,1
pi4b8_fit_20260910_v3,pi4b8g,2,1,fit,true,37,23,1503,2026-09-10T13:10:10Z,171945334016499,tinydl_revision,n16,16,B1,0.5,37.485,38.459,1800.000,1800.000,1800.000,1800.000,0.776838,0.565286,0.191700,0.438529,0.073388,2.207015,100.976378,0.000000,0.572681176,0.554892158,1
pi4b8_fit_20260910_v3,pi4b8g,2,1,fit,true,37,24,1504,2026-09-10T13:10:10Z,171945435317242,tinydl_revision,n16,16,B1,0.5,38.459,37.972,1800.000,1800.000,1800.000,1800.000,0.806541,0.567989,0.195589,0.383382,0.074535,2.192015,101.010266,0.000000,0.820273081,0.760542560,1
pi4b8_fit_20260910_v3,pi4b8g,2,1,fit,true,37,25,1505,2026-09-10T13:10:10Z,171945536666131,tinydl_revision,n16,16,B1,0.5,38.946,37.972,1800.000,1800.000,1800.000,1800.000,0.784004,0.562008,0.195904,0.382327,0.073572,2.158127,100.970768,0.000000,0.605869465,0.486375158,1
pi4b8_fit_20260910_v3,pi4b8g,2,1,fit,true,37,26,1506,2026-09-10T13:10:10Z,171945637963041,tinydl_revision,n16,16,B1,0.5,37.972,36.998,1800.000,1800.000,1800.000,1800.000,0.766227,0.559063,0.194274,0.383196,0.078591,2.198237,100.989729,0.000000,0.614669841,0.579438625,1
pi4b8_fit_20260910_v3,pi4b8g,2,1,fit,true,37,27,1507,2026-09-10T13:10:10Z,171945739285061,tinydl_revision,n16,16,B1,0.5,36.998,37.972,1800.000,1800.000,1800.000,1800.000,0.805504,0.563601,0.195885,0.382752,0.078166,2.185033,100.983618,0.000000,0.669539901,0.660609528,1
pi4b8_fit_20260910_v3,pi4b8g,2,1,fit,true,37,28,1508,2026-09-10T13:10:10Z,171945840644765,tinydl_revision,n16,16,B1,0.5,37.972,37.485,1800.000,1800.000,1800.000,1800.000,0.791522,0.573785,0.199682,0.386122,0.077832,2.189497,100.985489,0.000000,0.674812303,0.635632996,1
pi4b8_fit_20260910_v3,pi4b8g,2,1,fit,true,37,29,1509,2026-09-10T13:10:10Z,171945941963489,tinydl_revision,n16,16,B1,0.5,37.485,38.459,1800.000,1800.000,1800.000,1800.000,0.764097,0.555452,0.190885,0.383734,0.079443,2.187737,101.063895,0.000000,0.751040715,0.773906085,1
pi4b8_fit_20260910_v3,pi4b8g,2,1,fit,true,37,30,1510,2026-09-10T13:10:10Z,171946043407192,tinydl_revision,n16,16,B1,0.5,38.459,37.485,1800.000,1800.000,1800.000,1800.000,0.821281,0.579119,0.200163,0.387901,0.078424,2.231144,101.028525,0.000000,0.707094946,0.697358814,1
pi4b8_fit_20260910_v3,pi4b8g,2,1,fit,true,37,31,1511,2026-09-10T13:10:11Z,171946144769063,tinydl_revision,n16,16,B1,0.5,37.485,37.485,1800.000,1800.000,1800.000,1800.000,0.773819,0.564694,0.193496,0.383327,0.073777,2.147553,100.980378,0.000000,0.785166980,0.747408895,1
pi4b8_fit_20260910_v3,pi4b8g,2,1,fit,true,37,32,1512,2026-09-10T13:10:11Z,171946246083472,tinydl_revision,n16,16,B1,0.5,37.485,38.459,1800.000,1800.000,1800.000,1800.000,0.765874,0.558860,0.197200,0.428751,0.077202,2.189459,100.973267,0.000000,0.724992317,0.673320051,1
pi4b8_fit_20260910_v3,pi4b8g,2,1,fit,true,37,33,1513,2026-09-10T13:10:11Z,171946347385270,tinydl_revision,n16,16,B1,0.5,38.459,37.972,1800.000,1800.000,1800.000,1800.000,0.808411,0.559286,0.195644,0.382419,0.074054,2.180904,101.014173,0.000000,0.749380378,0.686022717,1
pi4b8_fit_20260910_v3,pi4b8g,2,1,fit,true,37,34,1514,2026-09-10T13:10:11Z,171946448731030,tinydl_revision,n16,16,B1,0.5,37.972,38.459,1800.000,1800.000,1800.000,1800.000,0.770171,0.559415,0.192959,0.382827,0.075795,2.140979,100.981730,0.000000,0.832066750,0.894101702,1
pi4b8_fit_20260910_v3,pi4b8g,2,1,fit,true,37,35,1515,2026-09-10T13:10:11Z,171946550078735,tinydl_revision,n16,16,B1,0.5,38.459,36.998,1800.000,1800.000,1800.000,1800.000,0.769930,0.560212,0.196959,0.443806,0.077795,2.211070,100.971378,0.000000,0.766790635,0.872652060,1
pi4b8_fit_20260910_v3,pi4b8g,2,1,fit,true,37,36,1516,2026-09-10T13:10:11Z,171946651373866,tinydl_revision,n16,16,B1,0.5,36.998,37.972,1800.000,1800.000,1800.000,1800.000,0.809596,0.568268,0.194923,0.382364,0.076129,2.190441,101.015785,0.000000,0.498599519,0.449338361,1
pi4b8_fit_20260910_v3,pi4b8g,2,1,fit,true,37,37,1517,2026-09-10T13:10:11Z,171946752725626,tinydl_revision,n16,16,B1,0.5,37.972,36.998,1800.000,1800.000,1800.000,1800.000,0.776115,0.573600,0.194422,0.382104,0.075517,2.161664,100.932675,0.000000,0.610515432,0.735782549,1
pi4b8_fit_20260910_v3,pi4b8g,2,1,fit,true,37,38,1518,2026-09-10T13:10:11Z,171946854037535,tinydl_revision,n16,16,B1,0.5,36.998,37.485,1800.000,1800.000,1800.000,1800.000,0.778393,0.575619,0.200460,0.489565,0.079869,2.288236,100.985489,0.000000,0.659733070,0.725243179,1
pi4b8_fit_20260910_v3,pi4b8g,2,1,fit,true,37,39,1519,2026-09-10T13:10:11Z,171946955354963,tinydl_revision,n16,16,B1,0.5,37.485,37.485,1800.000,1800.000,1800.000,1800.000,0.816893,0.575304,0.193904,0.382123,0.077184,2.205477,101.028543,0.000000,0.765192558,0.793949365,1
pi4b8_fit_20260910_v3,pi4b8g,2,1,fit,true,38,0,1520,2026-09-10T13:10:12Z,171947644205997,fisvdd_revision,n256,256,B2,1.0,36.998,37.485,1800.000,1800.000,1800.000,1800.000,0.951130,7.006890,0.405974,4.908372,0.090702,13.934521,101.085117,0.000000,0.669669616,0.500045149,1
pi4b8_fit_20260910_v3,pi4b8g,2,1,fit,true,38,1,1521,2026-09-10T13:10:12Z,171947745808308,fisvdd_revision,n256,256,B2,1.0,37.485,38.459,1800.000,1800.000,1800.000,1800.000,0.820152,7.301051,0.474787,5.554360,0.102832,14.903725,101.101135,0.000000,0.678129381,0.499719818,1
pi4b8_fit_20260910_v3,pi4b8g,2,1,fit,true,38,2,1522,2026-09-10T13:10:12Z,171947847474581,fisvdd_revision,n256,256,B2,1.0,38.459,37.972,1800.000,1800.000,1800.000,1800.000,0.897372,6.987112,0.462251,4.941335,0.091739,13.988557,101.718198,0.000000,0.659469408,0.499852054,1
pi4b8_fit_20260910_v3,pi4b8g,2,1,fit,true,38,3,1523,2026-09-10T13:10:12Z,171947949906914,fisvdd_revision,n256,256,B2,1.0,37.972,37.972,1800.000,1800.000,1800.000,1800.000,1.280495,7.724635,0.559212,5.474307,0.116183,15.951150,101.161726,0.000000,0.677528545,0.500755294,1
pi4b8_fit_20260910_v3,pi4b8g,2,1,fit,true,38,4,1524,2026-09-10T13:10:12Z,171948051772312,fisvdd_revision,n256,256,B2,1.0,37.972,38.459,1800.000,1800.000,1800.000,1800.000,1.316475,12.789301,0.411974,4.939724,0.092331,20.108055,101.128339,0.000000,0.689264970,0.500105698,1
pi4b8_fit_20260910_v3,pi4b8g,2,1,fit,true,38,5,1525,2026-09-10T13:10:13Z,171948153451455,fisvdd_revision,n256,256,B2,1.0,37.972,37.972,1800.000,1800.000,1800.000,1800.000,0.827763,7.005427,0.403770,5.009556,0.092239,13.942521,101.076321,0.000000,0.682575738,0.498765578,1
pi4b8_fit_20260910_v3,pi4b8g,2,1,fit,true,38,6,1526,2026-09-10T13:10:13Z,171948255049970,fisvdd_revision,n256,256,B2,1.0,37.972,37.972,1800.000,1800.000,1800.000,1800.000,0.819670,7.048222,0.404937,4.943075,0.091869,13.908133,101.107543,0.000000,0.686234986,0.498847963,1
pi4b8_fit_20260910_v3,pi4b8g,2,1,fit,true,38,7,1527,2026-09-10T13:10:13Z,171948356683855,fisvdd_revision,n256,256,B2,1.0,37.972,38.459,1800.000,1800.000,1800.000,1800.000,0.830281,7.010464,0.398141,4.907668,0.094332,13.839856,101.088635,0.000000,0.684718257,0.498802134,1
pi4b8_fit_20260910_v3,pi4b8g,2,1,fit,true,38,8,1528,2026-09-10T13:10:13Z,171948458280629,fisvdd_revision,n256,256,B2,1.0,38.459,37.972,1800.000,1800.000,1800.000,1800.000,0.808411,7.007352,0.407900,4.916447,0.091702,13.853781,101.088561,0.000000,0.678502749,0.501672983,1
pi4b8_fit_20260910_v3,pi4b8g,2,1,fit,true,38,9,1529,2026-09-10T13:10:13Z,171948559891569,fisvdd_revision,n256,256,B2,1.0,37.972,38.459,1800.000,1800.000,1800.000,1800.000,0.873318,7.013926,0.410103,4.918650,0.091276,13.955187,101.113246,0.000000,0.706501970,0.499394337,1
pi4b8_fit_20260910_v3,pi4b8g,2,1,fit,true,38,10,1530,2026-09-10T13:10:13Z,171948661541787,fisvdd_revision,n256,256,B2,1.0,38.459,38.459,1800.000,1800.000,1800.000,1800.000,0.819300,7.033334,0.400752,4.920428,0.090332,13.877337,101.095394,0.000000,0.710067670,0.499588724,1
pi4b8_fit_20260910_v3,pi4b8g,2,1,fit,true,38,11,1531,2026-09-10T13:10:13Z,171948763150672,fisvdd_revision,n256,256,B2,1.0,38.459,38.946,1800.000,1800.000,1800.000,1800.000,0.808652,6.936539,0.410807,5.223200,0.096961,14.140684,100.984415,0.000000,0.668645788,0.499394781,1
pi4b8_fit_20260910_v3,pi4b8g,2,1,fit,true,38,12,1532,2026-09-10T13:10:13Z,171948864674670,fisvdd_revision,n256,256,B2,1.0,38.946,37.485,1800.000,1800.000,1800.000,1800.000,0.824688,7.100795,0.402733,4.913447,0.091258,13.927002,101.071876,0.000000,0.664344935,0.500316800,1
pi4b8_fit_20260910_v3,pi4b8g,2,1,fit,true,38,13,1533,2026-09-10T13:10:13Z,171948966259648,fisvdd_revision,n256,256,B2,1.0,37.485,38.946,1800.000,1800.000,1800.000,1800.000,0.808633,7.055851,0.400918,4.911650,0.091109,13.893706,101.107301,0.000000,0.708584792,0.498853204,1
pi4b8_fit_20260910_v3,pi4b8g,2,1,fit,true,38,14,1534,2026-09-10T13:10:13Z,171949067929420,fisvdd_revision,n256,256,B2,1.0,38.946,39.433,1800.000,1800.000,1800.000,1800.000,0.858188,6.999445,0.405400,4.919039,0.092720,13.932910,101.101728,0.000000,0.688767943,0.499915441,1
pi4b8_fit_20260910_v3,pi4b8g,2,1,fit,true,38,15,1535,2026-09-10T13:10:14Z,171949169546565,fisvdd_revision,n256,256,B2,1.0,39.433,39.920,1800.000,1800.000,1800.000,1800.000,0.812041,7.003186,0.406604,4.921316,0.090627,13.838263,101.079654,0.000000,0.657620785,0.500965969,1
pi4b8_fit_20260910_v3,pi4b8g,2,1,fit,true,38,16,1536,2026-09-10T13:10:14Z,171949271137117,fisvdd_revision,n256,256,B2,1.0,39.920,38.459,1800.000,1800.000,1800.000,1800.000,0.814726,7.024519,0.407696,4.951464,0.090462,13.892688,101.110857,0.000000,0.697930828,0.500175195,1
pi4b8_fit_20260910_v3,pi4b8g,2,1,fit,true,38,17,1537,2026-09-10T13:10:14Z,171949372765612,fisvdd_revision,n256,256,B2,1.0,38.459,38.459,1800.000,1800.000,1800.000,1800.000,0.831596,6.988056,0.404344,4.923909,0.090295,13.832245,101.090099,0.000000,0.691935872,0.501432908,1
pi4b8_fit_20260910_v3,pi4b8g,2,1,fit,true,38,18,1538,2026-09-10T13:10:14Z,171949474363664,fisvdd_revision,n256,256,B2,1.0,39.433,37.972,1800.000,1800.000,1800.000,1800.000,0.816152,7.005482,0.409196,4.933354,0.090665,13.868430,101.076543,0.000000,0.688408334,0.499452246,1
pi4b8_fit_20260910_v3,pi4b8g,2,1,fit,true,38,19,1539,2026-09-10T13:10:14Z,171949575954198,fisvdd_revision,n256,256,B2,1.0,37.972,39.433,1800.000,1800.000,1800.000,1800.000,0.877280,6.986075,0.410066,4.913798,0.091165,13.932854,101.090839,0.000000,0.695623880,0.499255073,1
pi4b8_fit_20260910_v3,pi4b8g,2,1,fit,true,38,20,1540,2026-09-10T13:10:14Z,171949677550472,fisvdd_revision,n256,256,B2,1.0,39.433,38.459,1800.000,1800.000,1800.000,1800.000,0.825929,7.050222,0.405659,4.919206,0.092498,13.887818,101.502665,0.000000,0.667158392,0.499795329,1
pi4b8_fit_20260910_v3,pi4b8g,2,1,fit,true,38,21,1541,2026-09-10T13:10:14Z,171949779921935,fisvdd_revision,n256,256,B2,1.0,38.459,38.946,1800.000,1800.000,1800.000,1800.000,1.574545,7.107683,0.410399,4.931261,0.092220,14.720951,101.109876,0.000000,0.675095078,0.499683277,1
pi4b8_fit_20260910_v3,pi4b8g,2,1,fit,true,38,22,1542,2026-09-10T13:10:14Z,171949881555264,fisvdd_revision,n256,256,B2,1.0,38.946,38.946,1800.000,1800.000,1800.000,1800.000,0.812745,7.024778,0.405733,4.921928,0.090665,13.860374,101.077377,0.000000,0.711857063,0.501101506,1
pi4b8_fit_20260910_v3,pi4b8g,2,1,fit,true,38,23,1543,2026-09-10T13:10:14Z,171949983144335,fisvdd_revision,n256,256,B2,1.0,38.946,38.946,1800.000,1800.000,1800.000,1800.000,0.815096,7.077333,0.409900,4.948983,0.088276,13.940928,101.109172,0.000000,0.676060786,0.500095852,1
pi4b8_fit_20260910_v3,pi4b8g,2,1,fit,true,38,24,1544,2026-09-10T13:10:14Z,171950084767886,fisvdd_revision,n256,256,B2,1.0,38.946,39.920,1800.000,1800.000,1800.000,1800.000,0.827114,6.970205,0.401844,4.922150,0.090999,13.819986,101.086988,0.000000,0.687533169,0.499988923,1
pi4b8_fit_20260910_v3,pi4b8g,2,1,fit,true,38,25,1545,2026-09-10T13:10:15Z,171950186392938,fisvdd_revision,n256,256,B2,1.0,39.920,38.946,1800.000,1800.000,1800.000,1800.000,0.816355,7.064648,0.408270,4.940520,0.092480,13.929446,101.096505,0.000000,0.641130668,0.498611281,1
pi4b8_fit_20260910_v3,pi4b8g,2,1,fit,true,38,26,1546,2026-09-10T13:10:15Z,171950288040081,fisvdd_revision,n256,256,B2,1.0,39.433,38.946,1800.000,1800.000,1800.000,1800.000,0.834725,7.286439,0.399381,4.911483,0.090128,14.126758,101.077617,0.000000,0.688019513,0.501478080,1
pi4b8_fit_20260910_v3,pi4b8g,2,1,fit,true,38,27,1547,2026-09-10T13:10:15Z,171950389631800,fisvdd_revision,n256,256,B2,1.0,38.946,37.972,1800.000,1800.000,1800.000,1800.000,0.817022,7.066018,0.412585,4.920946,0.092128,13.918502,101.085858,0.000000,0.681866197,0.500375994,1
pi4b8_fit_20260910_v3,pi4b8g,2,1,fit,true,38,28,1548,2026-09-10T13:10:15Z,171950491225648,fisvdd_revision,n256,256,B2,1.0,37.972,38.946,1800.000,1800.000,1800.000,1800.000,0.874298,6.922836,0.407270,4.942260,0.091832,13.846541,101.114228,0.000000,0.690139984,0.499636333,1
pi4b8_fit_20260910_v3,pi4b8g,2,1,fit,true,38,29,1549,2026-09-10T13:10:15Z,171950592857662,fisvdd_revision,n256,256,B2,1.0,38.946,38.459,1800.000,1800.000,1800.000,1800.000,0.813577,7.030055,0.408400,4.907743,0.092813,13.855726,101.091136,0.000000,0.683594595,0.498708214,1
pi4b8_fit_20260910_v3,pi4b8g,2,1,fit,true,38,30,1550,2026-09-10T13:10:15Z,171950694458288,fisvdd_revision,n256,256,B2,1.0,38.459,38.946,1800.000,1800.000,1800.000,1800.000,0.812707,7.016371,0.407363,4.929206,0.091517,13.862967,100.899102,0.000000,0.680950712,0.499226359,1
pi4b8_fit_20260910_v3,pi4b8g,2,1,fit,true,38,31,1551,2026-09-10T13:10:15Z,171950795902343,fisvdd_revision,n256,256,B2,1.0,38.946,38.946,1800.000,1800.000,1800.000,1800.000,0.888483,7.013204,0.400715,4.912817,0.092146,13.957965,101.089191,0.000000,0.666653032,0.499644966,1
pi4b8_fit_20260910_v3,pi4b8g,2,1,fit,true,38,32,1552,2026-09-10T13:10:15Z,171950897516228,fisvdd_revision,n256,256,B2,1.0,38.946,36.998,1800.000,1800.000,1800.000,1800.000,0.814670,6.989705,0.411899,4.922965,0.091276,13.831097,101.080321,0.000000,0.698652699,0.500998415,1
pi4b8_fit_20260910_v3,pi4b8g,2,1,fit,true,38,33,1553,2026-09-10T13:10:15Z,171950999105447,fisvdd_revision,n256,256,B2,1.0,36.998,39.433,1800.000,1800.000,1800.000,1800.000,0.820837,7.072796,0.412826,4.953223,0.091888,13.960112,101.117301,0.000000,0.714807923,0.498757524,1
pi4b8_fit_20260910_v3,pi4b8g,2,1,fit,true,38,34,1554,2026-09-10T13:10:15Z,171951100736887,fisvdd_revision,n256,256,B2,1.0,39.433,38.946,1800.000,1800.000,1800.000,1800.000,0.817892,7.147054,0.399622,4.916743,0.092276,13.978964,101.089931,0.000000,0.694993753,0.499872717,1
pi4b8_fit_20260910_v3,pi4b8g,2,1,fit,true,38,35,1555,2026-09-10T13:10:16Z,171951202331957,fisvdd_revision,n256,256,B2,1.0,38.946,38.459,1800.000,1800.000,1800.000,1800.000,0.814096,7.032963,0.408771,4.937501,0.090591,13.890855,101.086136,0.000000,0.657980066,0.499790613,1
pi4b8_fit_20260910_v3,pi4b8g,2,1,fit,true,38,36,1556,2026-09-10T13:10:16Z,171951303928342,fisvdd_revision,n256,256,B2,1.0,38.459,39.920,1800.000,1800.000,1800.000,1800.000,0.876762,7.017481,0.399455,4.913928,0.092610,13.944502,101.093543,0.000000,0.694683247,0.500299196,1
pi4b8_fit_20260910_v3,pi4b8g,2,1,fit,true,38,37,1557,2026-09-10T13:10:16Z,171951405534802,fisvdd_revision,n256,256,B2,1.0,39.920,38.946,1800.000,1800.000,1800.000,1800.000,0.812374,6.981038,0.410011,4.918243,0.091739,13.808152,101.083876,0.000000,0.680591771,0.499148929,1
pi4b8_fit_20260910_v3,pi4b8g,2,1,fit,true,38,38,1558,2026-09-10T13:10:16Z,171951507120076,fisvdd_revision,n256,256,B2,1.0,38.946,38.946,1800.000,1800.000,1800.000,1800.000,0.813189,7.029204,0.401363,4.932224,0.091053,13.869540,101.107135,0.000000,0.670932888,0.500419286,1
pi4b8_fit_20260910_v3,pi4b8g,2,1,fit,true,38,39,1559,2026-09-10T13:10:16Z,171951608738942,fisvdd_revision,n256,256,B2,1.0,38.946,38.459,1800.000,1800.000,1800.000,1800.000,0.830133,7.047000,0.404845,4.915206,0.090554,13.897485,101.092487,0.000000,0.706909510,0.499894138,1
pi4b8_fit_20260910_v3,pi4b8g,2,1,fit,true,39,0,1560,2026-09-10T13:10:17Z,171952331767957,tinydl_revision,n16,16,B0,0.0,38.459,37.485,1800.000,1800.000,1800.000,1800.000,1.007555,0.595655,0.200663,0.385178,0.078443,2.442196,101.023692,0.000000,0.656969646,0.544208515,1
pi4b8_fit_20260910_v3,pi4b8g,2,1,fit,true,39,1,1561,2026-09-10T13:10:17Z,171952433130217,tinydl_revision,n16,16,B0,0.0,37.485,38.459,1800.000,1800.000,1800.000,1800.000,0.774023,0.572211,0.194978,0.383270,0.074425,2.162182,100.971304,0.000000,0.685453322,0.660842729,1
pi4b8_fit_20260910_v3,pi4b8g,2,1,fit,true,39,2,1562,2026-09-10T13:10:17Z,171952534418405,tinydl_revision,n16,16,B0,0.0,38.459,37.485,1800.000,1800.000,1800.000,1800.000,0.769394,0.558490,0.250995,0.384104,0.077535,2.201626,100.993137,0.000000,0.754732862,0.678876760,1
pi4b8_fit_20260910_v3,pi4b8g,2,1,fit,true,39,3,1563,2026-09-10T13:10:17Z,171952635735998,tinydl_revision,n16,16,B0,0.0,37.485,37.485,1800.000,1800.000,1800.000,1800.000,0.822170,0.567656,0.191108,0.382789,0.075110,2.197960,101.002582,0.000000,0.569164637,0.514632329,1
pi4b8_fit_20260910_v3,pi4b8g,2,1,fit,true,39,4,1564,2026-09-10T13:10:17Z,171952737057518,tinydl_revision,n16,16,B0,0.0,37.485,38.459,1800.000,1800.000,1800.000,1800.000,0.763579,0.559731,0.190366,0.380771,0.072980,2.123609,100.920194,0.000000,0.758983073,0.744393761,1
pi4b8_fit_20260910_v3,pi4b8g,2,1,fit,true,39,5,1565,2026-09-10T13:10:17Z,171952838349039,tinydl_revision,n16,16,B0,0.0,38.459,37.485,1800.000,1800.000,1800.000,1800.000,0.769190,0.568452,0.262329,0.390863,0.078128,2.234236,100.993267,0.000000,0.703498685,0.599394195,1
pi4b8_fit_20260910_v3,pi4b8g,2,1,fit,true,39,6,1566,2026-09-10T13:10:17Z,171952939671355,tinydl_revision,n16,16,B0,0.0,37.485,37.972,1800.000,1800.000,1800.000,1800.000,0.822577,0.564619,0.195515,0.379642,0.074999,2.198719,101.008526,0.000000,0.642401655,0.661915886,1
pi4b8_fit_20260910_v3,pi4b8g,2,1,fit,true,39,7,1567,2026-09-10T13:10:17Z,171953041018634,tinydl_revision,n16,16,B0,0.0,37.972,37.972,1800.000,1800.000,1800.000,1800.000,0.768986,0.565916,0.192367,0.378938,0.073906,2.140460,100.973452,0.000000,0.568973987,0.501236292,1
pi4b8_fit_20260910_v3,pi4b8g,2,1,fit,true,39,8,1568,2026-09-10T13:10:18Z,171953142310766,tinydl_revision,n16,16,B0,0.0,37.972,36.998,1800.000,1800.000,1800.000,1800.000,0.760338,0.563027,0.189311,0.428844,0.072981,2.173422,100.962544,0.000000,0.692734744,0.762979746,1
pi4b8_fit_20260910_v3,pi4b8g,2,1,fit,true,39,9,1569,2026-09-10T13:10:18Z,171953243586323,tinydl_revision,n16,16,B0,0.0,36.998,37.485,1800.000,1800.000,1800.000,1800.000,0.818485,0.566749,0.190256,0.378604,0.074184,2.188867,101.070673,0.000000,0.804584564,0.669946890,1
pi4b8_fit_20260910_v3,pi4b8g,2,1,fit,true,39,10,1570,2026-09-10T13:10:18Z,171953345014286,tinydl_revision,n16,16,B0,0.0,36.998,36.998,1800.000,1800.000,1800.000,1800.000,0.780559,0.561212,0.194163,0.382345,0.074592,2.153867,100.987748,0.000000,0.724183711,0.745728540,1
pi4b8_fit_20260910_v3,pi4b8g,2,1,fit,true,39,11,1571,2026-09-10T13:10:18Z,171953446330861,tinydl_revision,n16,16,B0,0.0,36.998,38.459,1800.000,1800.000,1800.000,1800.000,0.764153,0.557860,0.191312,0.444473,0.077276,2.194367,100.972045,0.000000,0.626668423,0.676841508,1
pi4b8_fit_20260910_v3,pi4b8g,2,1,fit,true,39,12,1572,2026-09-10T13:10:18Z,171953547618141,tinydl_revision,n16,16,B0,0.0,38.459,37.485,1800.000,1800.000,1800.000,1800.000,0.818948,0.554397,0.188774,0.380660,0.074350,2.176552,101.291724,0.000000,0.805552261,0.743736379,1
pi4b8_fit_20260910_v3,pi4b8g,2,1,fit,true,39,13,1573,2026-09-10T13:10:18Z,171953649321858,tinydl_revision,n16,16,B0,0.0,37.485,36.998,1800.000,1800.000,1800.000,1800.000,0.912502,0.610303,0.216329,0.406474,0.091072,2.429325,101.098876,0.000000,0.724421171,0.693761718,1
pi4b8_fit_20260910_v3,pi4b8g,2,1,fit,true,39,14,1574,2026-09-10T13:10:18Z,171953750807486,tinydl_revision,n16,16,B0,0.0,36.998,37.485,1800.000,1800.000,1800.000,1800.000,0.778245,0.636488,0.199015,0.382752,0.076832,2.242051,101.050321,0.000000,0.607321311,0.597160738,1
pi4b8_fit_20260910_v3,pi4b8g,2,1,fit,true,39,15,1575,2026-09-10T13:10:18Z,171953852314687,tinydl_revision,n16,16,B0,0.0,37.485,36.998,1800.000,1800.000,1800.000,1800.000,0.796023,0.574397,0.196589,0.385104,0.075702,2.191293,101.048155,0.000000,0.779874954,0.744219767,1
pi4b8_fit_20260910_v3,pi4b8g,2,1,fit,true,39,16,1576,2026-09-10T13:10:18Z,171953953719687,tinydl_revision,n16,16,B0,0.0,36.998,37.485,1800.000,1800.000,1800.000,1800.000,0.767337,0.564712,0.195867,0.382215,0.073165,2.145553,101.925916,0.000000,0.640538749,0.687419026,1
pi4b8_fit_20260910_v3,pi4b8g,2,1,fit,true,39,17,1577,2026-09-10T13:10:18Z,171954056160853,tinydl_revision,n16,16,B0,0.0,37.485,37.972,1800.000,1800.000,1800.000,1800.000,1.054295,0.628359,0.255977,0.428196,0.097479,2.690802,101.113376,0.000000,0.766130029,0.777833876,1
pi4b8_fit_20260910_v3,pi4b8g,2,1,fit,true,39,18,1578,2026-09-10T13:10:19Z,171954157665370,tinydl_revision,n16,16,B0,0.0,37.972,37.972,1800.000,1800.000,1800.000,1800.000,0.788523,0.593360,0.218866,0.392030,0.086924,2.266921,101.500757,0.000000,0.691640332,0.692687267,1
pi4b8_fit_20260910_v3,pi4b8g,2,1,fit,true,39,19,1579,2026-09-10T13:10:19Z,171954259664970,tinydl_revision,n16,16,B0,0.0,37.972,36.998,1800.000,1800.000,1800.000,1800.000,1.285828,0.704487,0.245680,0.450565,0.111701,3.036999,101.175374,0.000000,0.648578362,0.639218460,1
pi4b8_fit_20260910_v3,pi4b8g,2,1,fit,true,39,20,1580,2026-09-10T13:10:19Z,171954361234818,tinydl_revision,n16,16,B0,0.0,36.998,37.972,1800.000,1800.000,1800.000,1800.000,0.790504,0.568304,0.200052,0.387159,0.078369,2.193719,101.019878,0.000000,0.700590643,0.708314827,1
pi4b8_fit_20260910_v3,pi4b8g,2,1,fit,true,39,21,1581,2026-09-10T13:10:19Z,171954462589708,tinydl_revision,n16,16,B0,0.0,37.972,36.511,1800.000,1800.000,1800.000,1800.000,0.770319,0.570026,0.200959,0.380715,0.076739,2.213978,100.993045,0.000000,0.555139072,0.613410996,1
pi4b8_fit_20260910_v3,pi4b8g,2,1,fit,true,39,22,1582,2026-09-10T13:10:19Z,171954563913561,tinydl_revision,n16,16,B0,0.0,36.511,36.998,1800.000,1800.000,1800.000,1800.000,0.818244,0.560249,0.193866,0.381937,0.074536,2.189145,100.994323,0.000000,0.734041636,0.758971697,1
pi4b8_fit_20260910_v3,pi4b8g,2,1,fit,true,39,23,1583,2026-09-10T13:10:19Z,171954665232155,tinydl_revision,n16,16,B0,0.0,36.998,36.998,1800.000,1800.000,1800.000,1800.000,0.757598,0.563915,0.191792,0.381808,0.073202,2.124109,100.973471,0.000000,0.604375989,0.539867973,1
pi4b8_fit_20260910_v3,pi4b8g,2,1,fit,true,39,24,1584,2026-09-10T13:10:19Z,171954766518824,tinydl_revision,n16,16,B0,0.0,36.998,36.511,1800.000,1800.000,1800.000,1800.000,0.766967,0.559638,0.250477,0.380530,0.075573,2.195460,101.049636,0.000000,0.594301321,0.601064385,1
pi4b8_fit_20260910_v3,pi4b8g,2,1,fit,true,39,25,1585,2026-09-10T13:10:19Z,171954867959805,tinydl_revision,n16,16,B0,0.0,36.511,37.485,1800.000,1800.000,1800.000,1800.000,0.865892,0.569582,0.197589,0.384030,0.076609,2.258255,101.015859,0.000000,0.847584102,0.895897147,1
pi4b8_fit_20260910_v3,pi4b8g,2,1,fit,true,39,26,1586,2026-09-10T13:10:19Z,171954969316954,tinydl_revision,n16,16,B0,0.0,37.485,37.485,1800.000,1800.000,1800.000,1800.000,0.773005,0.569230,0.186515,0.374382,0.073980,2.136423,100.979230,0.000000,0.806658523,0.902348045,1
pi4b8_fit_20260910_v3,pi4b8g,2,1,fit,true,39,27,1587,2026-09-10T13:10:19Z,171955070617196,tinydl_revision,n16,16,B0,0.0,37.485,36.511,1800.000,1800.000,1800.000,1800.000,0.756635,0.554212,0.196311,0.380326,0.075369,2.169609,100.975879,0.000000,0.703748856,0.746648585,1
pi4b8_fit_20260910_v3,pi4b8g,2,1,fit,true,39,28,1588,2026-09-10T13:10:20Z,171955171910476,tinydl_revision,n16,16,B0,0.0,36.511,36.511,1800.000,1800.000,1800.000,1800.000,0.821985,0.565786,0.191978,0.379919,0.075462,2.195071,100.991545,0.000000,0.798769712,0.776988279,1
pi4b8_fit_20260910_v3,pi4b8g,2,1,fit,true,39,29,1589,2026-09-10T13:10:20Z,171955273215737,tinydl_revision,n16,16,B0,0.0,36.511,37.485,1800.000,1800.000,1800.000,1800.000,0.760042,0.556452,0.191237,0.381641,0.073906,2.121239,100.964008,0.000000,0.792306921,0.743780956,1
pi4b8_fit_20260910_v3,pi4b8g,2,1,fit,true,39,30,1590,2026-09-10T13:10:20Z,171955374489943,tinydl_revision,n16,16,B0,0.0,37.485,36.024,1800.000,1800.000,1800.000,1800.000,0.762634,0.554860,0.247755,0.382438,0.074332,2.178553,100.971897,0.000000,0.597229954,0.639132536,1
pi4b8_fit_20260910_v3,pi4b8g,2,1,fit,true,39,31,1591,2026-09-10T13:10:20Z,171955475809519,tinydl_revision,n16,16,B0,0.0,36.024,35.050,1800.000,1800.000,1800.000,1800.000,0.827948,0.561971,0.194978,0.380308,0.075387,2.199033,100.998081,0.000000,0.678989141,0.550388221,1
pi4b8_fit_20260910_v3,pi4b8g,2,1,fit,true,39,32,1592,2026-09-10T13:10:20Z,171955577129890,tinydl_revision,n16,16,B0,0.0,35.050,35.537,1800.000,1800.000,1800.000,1800.000,0.763672,0.550749,0.191126,0.380197,0.072740,2.113239,100.974268,0.000000,0.790841124,0.898009809,1
pi4b8_fit_20260910_v3,pi4b8g,2,1,fit,true,39,33,1593,2026-09-10T13:10:20Z,171955678425374,tinydl_revision,n16,16,B0,0.0,35.537,35.537,1800.000,1800.000,1800.000,1800.000,0.762171,0.554601,0.233921,0.385215,0.075499,2.172034,100.961100,0.000000,0.611114460,0.558594762,1
pi4b8_fit_20260910_v3,pi4b8g,2,1,fit,true,39,34,1594,2026-09-10T13:10:20Z,171955779698839,tinydl_revision,n16,16,B0,0.0,35.537,36.998,1800.000,1800.000,1800.000,1800.000,0.815800,0.556120,0.192626,0.377622,0.073017,2.175256,101.079858,0.000000,0.641700952,0.632414075,1
pi4b8_fit_20260910_v3,pi4b8g,2,1,fit,true,39,35,1595,2026-09-10T13:10:20Z,171955881164134,tinydl_revision,n16,16,B0,0.0,36.998,36.511,1800.000,1800.000,1800.000,1800.000,0.777579,0.573712,0.198737,0.383585,0.075276,2.175553,100.990174,0.000000,0.601090198,0.651297889,1
pi4b8_fit_20260910_v3,pi4b8g,2,1,fit,true,39,36,1596,2026-09-10T13:10:20Z,171955982480117,tinydl_revision,n16,16,B0,0.0,36.511,36.998,1800.000,1800.000,1800.000,1800.000,0.766579,0.566137,0.246607,0.383030,0.075480,2.200015,100.972100,0.000000,0.568609863,0.513902933,1
pi4b8_fit_20260910_v3,pi4b8g,2,1,fit,true,39,37,1597,2026-09-10T13:10:20Z,171956083766656,tinydl_revision,n16,16,B0,0.0,36.998,36.511,1800.000,1800.000,1800.000,1800.000,0.820410,0.557804,0.192552,0.380586,0.074498,2.185145,101.001619,0.000000,0.793850260,0.836437578,1
pi4b8_fit_20260910_v3,pi4b8g,2,1,fit,true,39,38,1598,2026-09-10T13:10:21Z,171956185087213,tinydl_revision,n16,16,B0,0.0,36.511,36.024,1800.000,1800.000,1800.000,1800.000,0.759171,0.559841,0.193460,0.379252,0.073665,2.121146,100.965990,0.000000,0.583361959,0.500935036,1
pi4b8_fit_20260910_v3,pi4b8g,2,1,fit,true,39,39,1599,2026-09-10T13:10:21Z,171956286364864,tinydl_revision,n16,16,B0,0.0,36.024,36.998,1800.000,1800.000,1800.000,1800.000,0.753449,0.560805,0.188144,0.438974,0.074832,2.175885,100.971045,0.000000,0.633202394,0.670338356,1
pi4b8_fit_20260910_v3,pi4b8g,2,1,fit,true,40,0,1600,2026-09-10T13:10:21Z,171956894129782,fisvdd_revision,n512,512,B1,0.5,36.998,37.485,1800.000,1800.000,1800.000,1800.000,0.964168,18.405605,0.553342,9.748542,0.097831,30.724378,101.102913,0.000000,0.679660215,0.499325526,1
pi4b8_fit_20260910_v3,pi4b8g,2,1,fit,true,40,1,1601,2026-09-10T13:10:21Z,171956995929349,fisvdd_revision,n512,512,B1,0.5,37.485,35.537,1800.000,1800.000,1800.000,1800.000,0.923205,14.074833,0.598656,9.626507,0.098517,26.274312,101.113098,0.000000,0.698837554,0.500426339,1
pi4b8_fit_20260910_v3,pi4b8g,2,1,fit,true,40,2,1602,2026-09-10T13:10:21Z,171957097726231,fisvdd_revision,n512,512,B1,0.5,35.537,36.511,1800.000,1800.000,1800.000,1800.000,0.847039,14.072629,0.549064,9.615915,0.095924,26.132092,101.101894,0.000000,0.679470759,0.500137049,1
pi4b8_fit_20260910_v3,pi4b8g,2,1,fit,true,40,3,1603,2026-09-10T13:10:22Z,171957199507150,fisvdd_revision,n512,512,B1,0.5,36.511,36.511,1800.000,1800.000,1800.000,1800.000,0.916372,13.943836,0.544934,9.658841,0.100146,26.103574,101.144708,0.000000,0.666861558,0.499930409,1
pi4b8_fit_20260910_v3,pi4b8g,2,1,fit,true,40,4,1604,2026-09-10T13:10:22Z,171957301332086,fisvdd_revision,n512,512,B1,0.5,36.511,36.998,1800.000,1800.000,1800.000,1800.000,0.853984,13.927373,0.548527,9.599045,0.097554,25.985539,101.102746,0.000000,0.682675734,0.499913877,1
pi4b8_fit_20260910_v3,pi4b8g,2,1,fit,true,40,5,1605,2026-09-10T13:10:22Z,171957403119172,fisvdd_revision,n512,512,B1,0.5,36.998,36.998,1800.000,1800.000,1800.000,1800.000,0.897650,13.957131,0.553194,9.620601,0.098591,26.078111,101.133912,0.000000,0.683350499,0.498976472,1
pi4b8_fit_20260910_v3,pi4b8g,2,1,fit,true,40,6,1606,2026-09-10T13:10:22Z,171957504963719,fisvdd_revision,n512,512,B1,0.5,36.998,36.998,1800.000,1800.000,1800.000,1800.000,0.879910,13.827578,0.547805,9.595545,0.096369,25.952206,101.093006,0.000000,0.684611261,0.500337868,1
pi4b8_fit_20260910_v3,pi4b8g,2,1,fit,true,40,7,1607,2026-09-10T13:10:22Z,171957606734231,fisvdd_revision,n512,512,B1,0.5,36.998,37.972,1800.000,1800.000,1800.000,1800.000,0.854244,13.957020,0.542860,9.609823,0.097202,26.016057,101.091987,0.000000,0.705261771,0.499483523,1
pi4b8_fit_20260910_v3,pi4b8g,2,1,fit,true,40,8,1608,2026-09-10T13:10:22Z,171957708540223,fisvdd_revision,n512,512,B1,0.5,37.972,36.998,1800.000,1800.000,1800.000,1800.000,0.865910,13.996335,0.562582,9.639249,0.097813,26.236701,100.912453,0.000000,0.674228778,0.500027001,1
pi4b8_fit_20260910_v3,pi4b8g,2,1,fit,true,40,9,1609,2026-09-10T13:10:22Z,171957810163923,fisvdd_revision,n512,512,B1,0.5,36.998,36.511,1800.000,1800.000,1800.000,1800.000,0.840966,14.295274,0.554600,9.638896,0.098091,26.367143,101.085042,0.000000,0.680548867,0.499972802,1
pi4b8_fit_20260910_v3,pi4b8g,2,1,fit,true,40,10,1610,2026-09-10T13:10:22Z,171957911934953,fisvdd_revision,n512,512,B1,0.5,36.511,37.485,1800.000,1800.000,1800.000,1800.000,0.907186,13.961705,0.594174,9.600267,0.095924,26.123592,101.109727,0.000000,0.694387197,0.500343167,1
pi4b8_fit_20260910_v3,pi4b8g,2,1,fit,true,40,11,1611,2026-09-10T13:10:22Z,171958013764000,fisvdd_revision,n512,512,B1,0.5,37.485,37.972,1800.000,1800.000,1800.000,1800.000,0.841670,14.122165,0.550508,9.603990,0.098461,26.173147,101.094599,0.000000,0.685916222,0.500093317,1
pi4b8_fit_20260910_v3,pi4b8g,2,1,fit,true,40,12,1612,2026-09-10T13:10:23Z,171958115537660,fisvdd_revision,n512,512,B1,0.5,37.972,37.485,1800.000,1800.000,1800.000,1800.000,0.909631,13.925169,0.550286,9.645637,0.095258,26.084556,101.116042,0.000000,0.680448185,0.499444898,1
pi4b8_fit_20260910_v3,pi4b8g,2,1,fit,true,40,13,1613,2026-09-10T13:10:23Z,171958217338079,fisvdd_revision,n512,512,B1,0.5,37.485,36.998,1800.000,1800.000,1800.000,1800.000,0.848521,13.868467,0.546157,9.607101,0.100036,25.916466,101.094005,0.000000,0.694102412,0.500598924,1
pi4b8_fit_20260910_v3,pi4b8g,2,1,fit,true,40,14,1614,2026-09-10T13:10:23Z,171958319108349,fisvdd_revision,n512,512,B1,0.5,36.998,36.998,1800.000,1800.000,1800.000,1800.000,0.843947,13.918521,0.548249,9.607082,0.096331,25.981929,101.120969,0.000000,0.671644477,0.499577050,1
pi4b8_fit_20260910_v3,pi4b8g,2,1,fit,true,40,15,1615,2026-09-10T13:10:23Z,171958420924620,fisvdd_revision,n512,512,B1,0.5,36.998,37.972,1800.000,1800.000,1800.000,1800.000,0.852984,14.493047,0.549564,9.597304,0.097553,26.536140,101.096042,0.000000,0.675402121,0.500299284,1
pi4b8_fit_20260910_v3,pi4b8g,2,1,fit,true,40,16,1616,2026-09-10T13:10:23Z,171958522694316,fisvdd_revision,n512,512,B1,0.5,37.972,37.972,1800.000,1800.000,1800.000,1800.000,0.849280,13.925946,0.549749,9.600730,0.097610,25.986095,101.095580,0.000000,0.690150249,0.499553590,1
pi4b8_fit_20260910_v3,pi4b8g,2,1,fit,true,40,17,1617,2026-09-10T13:10:23Z,171958624508272,fisvdd_revision,n512,512,B1,0.5,38.946,36.998,1800.000,1800.000,1800.000,1800.000,0.867429,13.883633,0.547101,9.592934,0.098128,25.995520,101.091561,0.000000,0.675787066,0.498685444,1
pi4b8_fit_20260910_v3,pi4b8g,2,1,fit,true,40,18,1618,2026-09-10T13:10:23Z,171958726281691,fisvdd_revision,n512,512,B1,0.5,36.998,36.511,1800.000,1800.000,1800.000,1800.000,0.860799,14.023093,0.544601,9.638211,0.098239,26.138110,100.975470,0.000000,0.704397337,0.500482857,1
pi4b8_fit_20260910_v3,pi4b8g,2,1,fit,true,40,19,1619,2026-09-10T13:10:23Z,171958827974556,fisvdd_revision,n512,512,B1,0.5,36.511,37.485,1800.000,1800.000,1800.000,1800.000,0.880225,14.135517,0.593712,9.613101,0.098461,26.332255,101.082450,0.000000,0.680091831,0.499786276,1
pi4b8_fit_20260910_v3,pi4b8g,2,1,fit,true,40,20,1620,2026-09-10T13:10:23Z,171958929734327,fisvdd_revision,n512,512,B1,0.5,37.485,36.998,1800.000,1800.000,1800.000,1800.000,0.844225,14.094703,0.547564,9.587194,0.098461,26.133221,101.208133,0.000000,0.695557576,0.499689450,1
pi4b8_fit_20260910_v3,pi4b8g,2,1,fit,true,40,21,1621,2026-09-10T13:10:23Z,171959031789259,fisvdd_revision,n512,512,B1,0.5,36.998,37.485,1800.000,1800.000,1800.000,1800.000,1.054295,14.318828,0.558879,9.619878,0.098109,26.649323,101.107191,0.000000,0.666956272,0.500426039,1
pi4b8_fit_20260910_v3,pi4b8g,2,1,fit,true,40,22,1622,2026-09-10T13:10:24Z,171959133580048,fisvdd_revision,n512,512,B1,0.5,37.485,37.485,1800.000,1800.000,1800.000,1800.000,0.852521,14.497677,0.547824,9.592823,0.098776,26.582917,101.087284,0.000000,0.693385361,0.500834627,1
pi4b8_fit_20260910_v3,pi4b8g,2,1,fit,true,40,23,1623,2026-09-10T13:10:24Z,171959235359041,fisvdd_revision,n512,512,B1,0.5,37.485,37.485,1800.000,1800.000,1800.000,1800.000,0.911798,13.887837,0.548120,9.642081,0.097165,26.034779,101.130135,0.000000,0.694127870,0.499117187,1
pi4b8_fit_20260910_v3,pi4b8g,2,1,fit,true,40,24,1624,2026-09-10T13:10:24Z,171959337160756,fisvdd_revision,n512,512,B1,0.5,37.485,37.972,1800.000,1800.000,1800.000,1800.000,0.851318,13.941761,0.546990,9.578435,0.096776,26.010890,101.086061,0.000000,0.672561709,0.500036384,1
pi4b8_fit_20260910_v3,pi4b8g,2,1,fit,true,40,25,1625,2026-09-10T13:10:24Z,171959438925453,fisvdd_revision,n512,512,B1,0.5,37.972,37.485,1800.000,1800.000,1800.000,1800.000,0.839725,14.041129,0.547508,9.614248,0.097813,26.096907,101.125746,0.000000,0.691977773,0.500630229,1
pi4b8_fit_20260910_v3,pi4b8g,2,1,fit,true,40,26,1626,2026-09-10T13:10:24Z,171959540739279,fisvdd_revision,n512,512,B1,0.5,37.485,38.459,1800.000,1800.000,1800.000,1800.000,0.862262,13.991909,0.551620,9.617156,0.097091,26.135592,101.094876,0.000000,0.664190005,0.499415584,1
pi4b8_fit_20260910_v3,pi4b8g,2,1,fit,true,40,27,1627,2026-09-10T13:10:24Z,171959642517827,fisvdd_revision,n512,512,B1,0.5,38.459,36.998,1800.000,1800.000,1800.000,1800.000,0.840244,13.991983,0.550860,9.632730,0.099331,26.050853,101.088247,0.000000,0.683560183,0.500473934,1
pi4b8_fit_20260910_v3,pi4b8g,2,1,fit,true,40,28,1628,2026-09-10T13:10:24Z,171959744323931,fisvdd_revision,n512,512,B1,0.5,36.998,37.972,1800.000,1800.000,1800.000,1800.000,0.859559,13.979927,0.548953,9.605748,0.097684,26.101759,100.933860,0.000000,0.691393412,0.499088798,1
pi4b8_fit_20260910_v3,pi4b8g,2,1,fit,true,40,29,1629,2026-09-10T13:10:24Z,171959845969982,fisvdd_revision,n512,512,B1,0.5,37.972,37.972,1800.000,1800.000,1800.000,1800.000,0.847058,14.604953,0.551194,9.647748,0.097479,26.699266,101.096672,0.000000,0.673820890,0.499951457,1
pi4b8_fit_20260910_v3,pi4b8g,2,1,fit,true,40,30,1630,2026-09-10T13:10:24Z,171959947763882,fisvdd_revision,n512,512,B1,0.5,37.972,38.459,1800.000,1800.000,1800.000,1800.000,0.974075,13.947002,0.598286,9.612730,0.097146,26.194887,101.115172,0.000000,0.699667530,0.499889484,1
pi4b8_fit_20260910_v3,pi4b8g,2,1,fit,true,40,31,1631,2026-09-10T13:10:24Z,171960049569337,fisvdd_revision,n512,512,B1,0.5,38.459,37.485,1800.000,1800.000,1800.000,1800.000,0.852614,13.933724,0.556046,9.605249,0.100924,25.997354,101.092932,0.000000,0.679459699,0.499557920,1
pi4b8_fit_20260910_v3,pi4b8g,2,1,fit,true,40,32,1632,2026-09-10T13:10:25Z,171960151340330,fisvdd_revision,n512,512,B1,0.5,37.485,37.485,1800.000,1800.000,1800.000,1800.000,0.898780,13.872485,0.548898,9.629212,0.096850,26.001465,101.134709,0.000000,0.688335041,0.499239380,1
pi4b8_fit_20260910_v3,pi4b8g,2,1,fit,true,40,33,1633,2026-09-10T13:10:25Z,171960253164785,fisvdd_revision,n512,512,B1,0.5,37.972,36.998,1800.000,1800.000,1800.000,1800.000,0.844540,13.892633,0.547361,9.601934,0.098961,25.987003,101.091636,0.000000,0.689317970,0.500374257,1
pi4b8_fit_20260910_v3,pi4b8g,2,1,fit,true,40,34,1634,2026-09-10T13:10:25Z,171960354940686,fisvdd_revision,n512,512,B1,0.5,36.998,38.459,1800.000,1800.000,1800.000,1800.000,0.840947,14.026723,0.547379,9.608045,0.098109,26.078074,101.118283,0.000000,0.694145096,0.501313606,1
pi4b8_fit_20260910_v3,pi4b8g,2,1,fit,true,40,35,1635,2026-09-10T13:10:25Z,171960456742012,fisvdd_revision,n512,512,B1,0.5,38.459,37.972,1800.000,1800.000,1800.000,1800.000,0.859614,13.984261,0.543842,9.591563,0.097850,26.088741,101.091098,0.000000,0.679102911,0.498731522,1
pi4b8_fit_20260910_v3,pi4b8g,2,1,fit,true,40,36,1636,2026-09-10T13:10:25Z,171960558538004,fisvdd_revision,n512,512,B1,0.5,37.972,37.972,1800.000,1800.000,1800.000,1800.000,0.864447,14.517602,0.541619,9.597138,0.099109,26.583103,101.085766,0.000000,0.682596086,0.500795305,1
pi4b8_fit_20260910_v3,pi4b8g,2,1,fit,true,40,37,1637,2026-09-10T13:10:25Z,171960660340330,fisvdd_revision,n512,512,B1,0.5,37.972,39.433,1800.000,1800.000,1800.000,1800.000,0.878021,13.886244,0.596100,9.585378,0.099998,26.002595,101.089339,0.000000,0.686234388,0.500019322,1
pi4b8_fit_20260910_v3,pi4b8g,2,1,fit,true,40,38,1638,2026-09-10T13:10:25Z,171960762109490,fisvdd_revision,n512,512,B1,0.5,39.433,37.972,1800.000,1800.000,1800.000,1800.000,0.841595,14.096388,0.549990,9.626322,0.099739,26.171258,100.958545,0.000000,0.668023831,0.500132747,1
pi4b8_fit_20260910_v3,pi4b8g,2,1,fit,true,40,39,1639,2026-09-10T13:10:25Z,171960863793226,fisvdd_revision,n512,512,B1,0.5,37.972,37.972,1800.000,1800.000,1800.000,1800.000,0.912076,14.042870,0.606341,9.602379,0.099258,26.221553,101.111486,0.000000,0.677446319,0.499868926,1
pi4b8_fit_20260910_v3,pi4b8g,2,1,fit,true,41,0,1640,2026-09-10T13:10:26Z,171961541498206,lucid_revision,n1024,1024,B0,0.0,36.511,37.485,1800.000,1800.000,1800.000,1800.000,0.943668,27.665952,0.814855,283.870098,0.115405,315.188575,316.202594,215.188575,0.685155562,0.599996528,1
pi4b8_fit_20260910_v3,pi4b8g,2,1,fit,true,41,1,1641,2026-09-10T13:10:26Z,171961858650245,lucid_revision,n1024,1024,B0,0.0,36.998,36.998,1800.000,1800.000,1800.000,1800.000,0.894613,28.571213,0.751338,282.315237,0.127146,314.523476,315.586846,214.523476,0.689893480,0.607647237,1
pi4b8_fit_20260910_v3,pi4b8g,2,1,fit,true,41,2,1642,2026-09-10T13:10:27Z,171962175213998,lucid_revision,n1024,1024,B0,0.0,36.998,37.485,1800.000,1800.000,1800.000,1800.000,0.960945,27.947854,0.749523,280.295829,0.127442,311.930117,313.042337,211.930117,0.687296383,0.595170043,1
pi4b8_fit_20260910_v3,pi4b8g,2,1,fit,true,41,3,1643,2026-09-10T13:10:27Z,171962489205818,lucid_revision,n1024,1024,B0,0.0,37.485,37.972,1800.000,1800.000,1800.000,1800.000,0.898595,28.762933,0.741060,281.864930,0.124368,314.321683,315.461403,214.321683,0.684366190,0.598954101,1
pi4b8_fit_20260910_v3,pi4b8g,2,1,fit,true,41,4,1644,2026-09-10T13:10:27Z,171962805627296,lucid_revision,n1024,1024,B0,0.0,38.459,37.972,1800.000,1800.000,1800.000,1800.000,0.886873,28.630750,0.748949,282.191628,0.113387,314.764212,315.774231,214.764212,0.683826730,0.596293871,1
pi4b8_fit_20260910_v3,pi4b8g,2,1,fit,true,41,5,1645,2026-09-10T13:10:28Z,171963122345158,lucid_revision,n1024,1024,B0,0.0,37.972,38.459,1800.000,1800.000,1800.000,1800.000,0.892058,28.690008,0.746412,282.372440,0.127683,314.752990,315.814285,214.752990,0.681145059,0.594459230,1
pi4b8_fit_20260910_v3,pi4b8g,2,1,fit,true,41,6,1646,2026-09-10T13:10:28Z,171963439116814,lucid_revision,n1024,1024,B0,0.0,38.459,37.972,1800.000,1800.000,1800.000,1800.000,0.948723,28.319515,0.746746,280.822264,0.128757,312.816601,313.931432,212.816601,0.687485764,0.602608443,1
pi4b8_fit_20260910_v3,pi4b8g,2,1,fit,true,41,7,1647,2026-09-10T13:10:28Z,171963754017635,lucid_revision,n1024,1024,B0,0.0,37.972,37.972,1800.000,1800.000,1800.000,1800.000,0.897076,29.869986,0.737190,285.138111,0.125201,318.610957,319.640475,218.610957,0.687039612,0.602420207,1
pi4b8_fit_20260910_v3,pi4b8g,2,1,fit,true,41,8,1648,2026-09-10T13:10:28Z,171964074637203,lucid_revision,n1024,1024,B0,0.0,37.972,38.946,1800.000,1800.000,1800.000,1800.000,0.903539,28.174276,0.751764,283.194628,0.128516,315.057300,316.106539,215.057300,0.686529111,0.597099608,1
pi4b8_fit_20260910_v3,pi4b8g,2,1,fit,true,41,9,1649,2026-09-10T13:10:29Z,171964391678244,lucid_revision,n1024,1024,B0,0.0,38.946,37.485,1800.000,1800.000,1800.000,1800.000,0.945834,28.704267,0.749653,281.514196,0.128831,313.870747,314.920783,213.870747,0.681543287,0.595478378,1
pi4b8_fit_20260910_v3,pi4b8g,2,1,fit,true,41,10,1650,2026-09-10T13:10:29Z,171964707588305,lucid_revision,n1024,1024,B0,0.0,37.485,38.459,1800.000,1800.000,1800.000,1800.000,0.983926,28.273960,0.744116,282.132648,0.113405,314.080540,315.091077,214.080540,0.678885299,0.590852299,1
pi4b8_fit_20260910_v3,pi4b8g,2,1,fit,true,41,11,1651,2026-09-10T13:10:29Z,171965023623180,lucid_revision,n1024,1024,B0,0.0,38.459,39.433,1800.000,1800.000,1800.000,1800.000,0.949760,28.832116,0.745876,281.983021,0.129461,314.487162,315.551031,214.487162,0.685754067,0.598078871,1
pi4b8_fit_20260910_v3,pi4b8g,2,1,fit,true,41,12,1652,2026-09-10T13:10:30Z,171965340192100,lucid_revision,n1024,1024,B0,0.0,39.433,38.459,1800.000,1800.000,1800.000,1800.000,0.991334,28.057834,0.747487,280.588620,0.128646,312.367719,313.420626,212.367719,0.688980061,0.605257050,1
pi4b8_fit_20260910_v3,pi4b8g,2,1,fit,true,41,13,1653,2026-09-10T13:10:30Z,171965654575949,lucid_revision,n1024,1024,B0,0.0,38.459,38.946,1800.000,1800.000,1800.000,1800.000,0.897131,28.721415,0.755116,281.777246,0.128664,314.136742,315.194723,214.136742,0.684700472,0.597658448,1
pi4b8_fit_20260910_v3,pi4b8g,2,1,fit,true,41,14,1654,2026-09-10T13:10:30Z,171965970714506,lucid_revision,n1024,1024,B0,0.0,38.946,38.946,1800.000,1800.000,1800.000,1800.000,0.885428,28.084075,0.741005,280.880690,0.128831,312.615141,313.741398,212.615141,0.691658628,0.603725840,1
pi4b8_fit_20260910_v3,pi4b8g,2,1,fit,true,41,15,1655,2026-09-10T13:10:31Z,171966285418683,lucid_revision,n1024,1024,B0,0.0,38.946,38.946,1800.000,1800.000,1800.000,1800.000,0.891280,28.429772,0.744690,281.451882,0.126757,313.560123,314.664955,213.560123,0.679829359,0.594280677,1
pi4b8_fit_20260910_v3,pi4b8g,2,1,fit,true,41,16,1656,2026-09-10T13:10:31Z,171966601060842,lucid_revision,n1024,1024,B0,0.0,38.946,38.459,1800.000,1800.000,1800.000,1800.000,0.900243,28.218276,0.789115,281.637398,0.113387,313.475347,314.481106,213.475347,0.677375506,0.587925387,1
pi4b8_fit_20260910_v3,pi4b8g,2,1,fit,true,41,17,1657,2026-09-10T13:10:31Z,171966916539226,lucid_revision,n1024,1024,B0,0.0,38.459,38.946,1800.000,1800.000,1800.000,1800.000,0.909891,28.794376,0.791152,282.575602,0.125739,315.049504,316.167872,215.049504,0.683901060,0.597565975,1
pi4b8_fit_20260910_v3,pi4b8g,2,1,fit,true,41,18,1658,2026-09-10T13:10:32Z,171967233687858,lucid_revision,n1024,1024,B0,0.0,38.946,38.459,1800.000,1800.000,1800.000,1800.000,0.906613,28.331977,0.741375,280.946336,0.125998,312.959653,314.027207,212.959653,0.694947661,0.612327208,1
pi4b8_fit_20260910_v3,pi4b8g,2,1,fit,true,41,19,1659,2026-09-10T13:10:32Z,171967548720010,lucid_revision,n1024,1024,B0,0.0,38.459,38.946,1800.000,1800.000,1800.000,1800.000,0.905909,28.801542,0.742431,282.884745,0.168627,315.407497,316.453774,215.407497,0.682585865,0.593073406,1
pi4b8_fit_20260910_v3,pi4b8g,2,1,fit,true,41,20,1660,2026-09-10T13:10:32Z,171967866114859,lucid_revision,n1024,1024,B0,0.0,38.946,38.459,1800.000,1800.000,1800.000,1800.000,0.895687,28.138815,0.750283,280.869986,0.128923,312.682843,313.737213,212.682843,0.683973955,0.599583720,1
pi4b8_fit_20260910_v3,pi4b8g,2,1,fit,true,41,21,1661,2026-09-10T13:10:33Z,171968180856072,lucid_revision,n1024,1024,B0,0.0,38.459,38.459,1800.000,1800.000,1800.000,1800.000,0.907261,28.631528,0.746986,281.795506,0.129664,314.129187,315.247648,214.129187,0.687433603,0.599131941,1
pi4b8_fit_20260910_v3,pi4b8g,2,1,fit,true,41,22,1662,2026-09-10T13:10:33Z,171968497055647,lucid_revision,n1024,1024,B0,0.0,38.459,38.459,1800.000,1800.000,1800.000,1800.000,0.897594,28.164906,0.792207,281.912651,0.113572,313.704269,314.705639,213.704269,0.673186034,0.587256049,1
pi4b8_fit_20260910_v3,pi4b8g,2,1,fit,true,41,23,1663,2026-09-10T13:10:33Z,171968812754768,lucid_revision,n1024,1024,B0,0.0,38.459,38.459,1800.000,1800.000,1800.000,1800.000,0.905428,28.603639,0.792337,283.809043,0.127294,316.107465,317.164705,216.107465,0.684137872,0.596150789,1
pi4b8_fit_20260910_v3,pi4b8g,2,1,fit,true,41,24,1664,2026-09-10T13:10:34Z,171969130893455,lucid_revision,n1024,1024,B0,0.0,38.459,38.946,1800.000,1800.000,1800.000,1800.000,0.905613,29.477808,0.745875,281.325737,0.128812,314.424552,315.487829,214.424552,0.693776852,0.611711552,1
pi4b8_fit_20260910_v3,pi4b8g,2,1,fit,true,41,25,1665,2026-09-10T13:10:34Z,171969447365858,lucid_revision,n1024,1024,B0,0.0,37.972,38.459,1800.000,1800.000,1800.000,1800.000,0.963519,28.732137,0.740468,281.634694,0.127442,314.068225,315.112188,214.068225,0.676046993,0.585881910,1
pi4b8_fit_20260910_v3,pi4b8g,2,1,fit,true,41,26,1666,2026-09-10T13:10:34Z,171969763436528,lucid_revision,n1024,1024,B0,0.0,38.459,39.920,1800.000,1800.000,1800.000,1800.000,0.961705,28.789265,0.745579,280.638749,0.126071,313.095336,314.154020,213.095336,0.691576120,0.606637758,1
pi4b8_fit_20260910_v3,pi4b8g,2,1,fit,true,41,27,1667,2026-09-10T13:10:34Z,171970078534475,lucid_revision,n1024,1024,B0,0.0,39.920,38.459,1800.000,1800.000,1800.000,1800.000,0.891447,28.635657,0.753579,281.540992,0.127201,313.802230,314.846007,213.802230,0.688220555,0.601882643,1
pi4b8_fit_20260910_v3,pi4b8g,2,1,fit,true,41,28,1668,2026-09-10T13:10:35Z,171970394332131,lucid_revision,n1024,1024,B0,0.0,38.459,38.459,1800.000,1800.000,1800.000,1800.000,0.881373,28.288071,0.751560,280.812432,0.125868,312.752917,313.869044,212.752917,0.675805885,0.588333524,1
pi4b8_fit_20260910_v3,pi4b8g,2,1,fit,true,41,29,1669,2026-09-10T13:10:35Z,171970709215138,lucid_revision,n1024,1024,B0,0.0,38.459,38.459,1800.000,1800.000,1800.000,1800.000,0.977982,28.669915,0.743487,282.445364,0.172589,314.886673,315.891340,214.886673,0.680528747,0.592211884,1
pi4b8_fit_20260910_v3,pi4b8g,2,1,fit,true,41,30,1670,2026-09-10T13:10:35Z,171971026051664,lucid_revision,n1024,1024,B0,0.0,38.459,38.946,1800.000,1800.000,1800.000,1800.000,0.884743,28.258016,0.742283,280.904189,0.125980,312.804323,313.866729,212.804323,0.693951723,0.613836528,1
pi4b8_fit_20260910_v3,pi4b8g,2,1,fit,true,41,31,1671,2026-09-10T13:10:36Z,171971340938300,lucid_revision,n1024,1024,B0,0.0,38.946,38.946,1800.000,1800.000,1800.000,1800.000,0.910057,28.741081,0.742023,281.646842,0.126312,314.083966,315.168464,214.083966,0.679440115,0.587018671,1
pi4b8_fit_20260910_v3,pi4b8g,2,1,fit,true,41,32,1672,2026-09-10T13:10:36Z,171971657071784,lucid_revision,n1024,1024,B0,0.0,38.946,39.433,1800.000,1800.000,1800.000,1800.000,0.899872,28.217776,0.794837,281.576232,0.127924,313.444514,314.499939,213.444514,0.694549848,0.608208880,1
pi4b8_fit_20260910_v3,pi4b8g,2,1,fit,true,41,33,1673,2026-09-10T13:10:36Z,171971972614908,lucid_revision,n1024,1024,B0,0.0,39.433,38.459,1800.000,1800.000,1800.000,1800.000,0.912131,28.715155,0.794004,282.850764,0.127627,315.257610,316.365794,215.257610,0.682224736,0.595710804,1
pi4b8_fit_20260910_v3,pi4b8g,2,1,fit,true,41,34,1674,2026-09-10T13:10:37Z,171972289954795,lucid_revision,n1024,1024,B0,0.0,38.459,39.433,1800.000,1800.000,1800.000,1800.000,0.893039,28.306941,0.756171,280.903171,0.126572,312.970727,314.035652,212.970727,0.673719030,0.587033006,1
pi4b8_fit_20260910_v3,pi4b8g,2,1,fit,true,41,35,1675,2026-09-10T13:10:37Z,171972605016261,lucid_revision,n1024,1024,B0,0.0,39.433,38.459,1800.000,1800.000,1800.000,1800.000,0.904224,28.789117,0.738950,282.325292,0.114276,314.772657,315.824656,214.772657,0.680707498,0.595377138,1
pi4b8_fit_20260910_v3,pi4b8g,2,1,fit,true,41,36,1676,2026-09-10T13:10:37Z,171972921762826,lucid_revision,n1024,1024,B0,0.0,38.459,38.946,1800.000,1800.000,1800.000,1800.000,0.892502,28.266034,0.740376,281.930484,0.124942,313.847266,314.968875,213.847266,0.692085253,0.609518690,1
pi4b8_fit_20260910_v3,pi4b8g,2,1,fit,true,41,37,1677,2026-09-10T13:10:38Z,171973237694276,lucid_revision,n1024,1024,B0,0.0,38.946,37.972,1800.000,1800.000,1800.000,1800.000,0.883836,28.808931,0.746838,281.569973,0.124757,314.049133,315.167279,214.049133,0.686782913,0.595330092,1
pi4b8_fit_20260910_v3,pi4b8g,2,1,fit,true,41,38,1678,2026-09-10T13:10:38Z,171973553795982,lucid_revision,n1024,1024,B0,0.0,37.972,39.433,1800.000,1800.000,1800.000,1800.000,0.886817,28.262053,0.746764,281.682100,0.126572,313.575123,314.702732,213.575123,0.685846412,0.598619722,1
pi4b8_fit_20260910_v3,pi4b8g,2,1,fit,true,41,39,1679,2026-09-10T13:10:38Z,171973869459530,lucid_revision,n1024,1024,B0,0.0,38.946,38.946,1800.000,1800.000,1800.000,1800.000,1.626359,29.168888,0.749708,281.554214,0.127757,315.080855,316.138909,215.080855,0.686674677,0.601757421,1
pi4b8_fit_20260910_v3,pi4b8g,2,1,fit,true,42,0,1680,2026-09-10T13:10:39Z,171974690598994,oi_svdd_as_elm_revision,n256,256,B0,0.0,38.459,37.485,1800.000,1800.000,1800.000,1800.000,0.993241,7.071722,0.407122,16.565436,0.087739,25.657323,101.092506,0.000000,0.668277362,0.606815275,1
pi4b8_fit_20260910_v3,pi4b8g,2,1,fit,true,42,1,1681,2026-09-10T13:10:39Z,171974792245582,oi_svdd_as_elm_revision,n256,256,B0,0.0,37.485,37.972,1800.000,1800.000,1800.000,1800.000,0.831280,7.173813,0.398474,16.758209,0.087591,25.851505,101.080858,0.000000,0.669154166,0.610997664,1
pi4b8_fit_20260910_v3,pi4b8g,2,1,fit,true,42,2,1682,2026-09-10T13:10:39Z,171974893844653,oi_svdd_as_elm_revision,n256,256,B0,0.0,37.972,38.946,1800.000,1800.000,1800.000,1800.000,0.814004,7.601045,0.710524,16.992353,0.087757,27.087648,101.077487,0.000000,0.682354090,0.645433664,1
pi4b8_fit_20260910_v3,pi4b8g,2,1,fit,true,42,3,1683,2026-09-10T13:10:39Z,171974995439057,oi_svdd_as_elm_revision,n256,256,B0,0.0,38.946,37.972,1800.000,1800.000,1800.000,1800.000,0.872613,7.030870,0.467103,16.520676,0.085091,25.569843,101.117653,0.000000,0.669825389,0.606135607,1
pi4b8_fit_20260910_v3,pi4b8g,2,1,fit,true,42,4,1684,2026-09-10T13:10:39Z,171975097064978,oi_svdd_as_elm_revision,n256,256,B0,0.0,37.972,37.972,1800.000,1800.000,1800.000,1800.000,0.812467,7.049407,0.399956,16.548472,0.089794,25.490715,101.078710,0.000000,0.707079863,0.661762174,1
pi4b8_fit_20260910_v3,pi4b8g,2,1,fit,true,42,5,1685,2026-09-10T13:10:40Z,171975198653160,oi_svdd_as_elm_revision,n256,256,B0,0.0,37.972,36.998,1800.000,1800.000,1800.000,1800.000,0.808041,7.081925,0.401400,16.567695,0.088498,25.553455,101.088932,0.000000,0.685543673,0.620226001,1
pi4b8_fit_20260910_v3,pi4b8g,2,1,fit,true,42,6,1686,2026-09-10T13:10:40Z,171975300291045,oi_svdd_as_elm_revision,n256,256,B0,0.0,36.998,37.972,1800.000,1800.000,1800.000,1800.000,0.830114,7.105888,0.398326,16.536825,0.088591,25.572213,101.089320,0.000000,0.671396474,0.618553691,1
pi4b8_fit_20260910_v3,pi4b8g,2,1,fit,true,42,7,1687,2026-09-10T13:10:40Z,171975401888541,oi_svdd_as_elm_revision,n256,256,B0,0.0,37.972,37.972,1800.000,1800.000,1800.000,1800.000,0.806893,7.103480,0.406196,16.643860,0.088073,25.645379,101.076450,0.000000,0.686402347,0.652722352,1
pi4b8_fit_20260910_v3,pi4b8g,2,1,fit,true,42,8,1688,2026-09-10T13:10:40Z,171975503478056,oi_svdd_as_elm_revision,n256,256,B0,0.0,37.972,37.972,1800.000,1800.000,1800.000,1800.000,0.862892,7.039426,0.452474,16.533084,0.088276,25.583361,101.108690,0.000000,0.716165101,0.662719644,1
pi4b8_fit_20260910_v3,pi4b8g,2,1,fit,true,42,9,1689,2026-09-10T13:10:40Z,171975605096274,oi_svdd_as_elm_revision,n256,256,B0,0.0,37.972,38.459,1800.000,1800.000,1800.000,1800.000,0.806911,7.106757,0.399326,16.539806,0.087276,25.536399,101.078247,0.000000,0.704229918,0.672235570,1
pi4b8_fit_20260910_v3,pi4b8g,2,1,fit,true,42,10,1690,2026-09-10T13:10:40Z,171975706685270,oi_svdd_as_elm_revision,n256,256,B0,0.0,38.459,38.459,1800.000,1800.000,1800.000,1800.000,0.797837,7.095536,0.401123,16.576565,0.087887,25.561733,101.103265,0.000000,0.663971467,0.624002990,1
pi4b8_fit_20260910_v3,pi4b8g,2,1,fit,true,42,11,1691,2026-09-10T13:10:40Z,171975808381043,oi_svdd_as_elm_revision,n256,256,B0,0.0,38.459,37.972,1800.000,1800.000,1800.000,1800.000,0.815151,7.122813,0.402492,16.540417,0.088257,25.574973,100.966989,0.000000,0.657501984,0.623537695,1
pi4b8_fit_20260910_v3,pi4b8g,2,1,fit,true,42,12,1692,2026-09-10T13:10:40Z,171975909906911,oi_svdd_as_elm_revision,n256,256,B0,0.0,37.972,36.998,1800.000,1800.000,1800.000,1800.000,0.820262,7.109350,0.409511,16.621545,0.089257,25.643064,101.102024,0.000000,0.719551532,0.646845818,1
pi4b8_fit_20260910_v3,pi4b8g,2,1,fit,true,42,13,1693,2026-09-10T13:10:40Z,171976011566313,oi_svdd_as_elm_revision,n256,256,B0,0.0,36.998,37.972,1800.000,1800.000,1800.000,1800.000,0.892650,7.025963,0.414659,16.592398,0.086758,25.665342,101.122913,0.000000,0.666630420,0.610682217,1
pi4b8_fit_20260910_v3,pi4b8g,2,1,fit,true,42,14,1694,2026-09-10T13:10:41Z,171976113235382,oi_svdd_as_elm_revision,n256,256,B0,0.0,38.459,37.972,1800.000,1800.000,1800.000,1800.000,0.823633,7.057573,0.404919,16.532862,0.087925,25.500752,101.077266,0.000000,0.681945108,0.618558749,1
pi4b8_fit_20260910_v3,pi4b8g,2,1,fit,true,42,15,1695,2026-09-10T13:10:41Z,171976214828638,oi_svdd_as_elm_revision,n256,256,B0,0.0,37.972,37.485,1800.000,1800.000,1800.000,1800.000,0.813911,7.097758,0.413511,16.553120,0.087442,25.571103,101.093709,0.000000,0.692369746,0.642613800,1
pi4b8_fit_20260910_v3,pi4b8g,2,1,fit,true,42,16,1696,2026-09-10T13:10:41Z,171976316471745,oi_svdd_as_elm_revision,n256,256,B0,0.0,37.485,37.485,1800.000,1800.000,1800.000,1800.000,0.828170,7.081628,0.407363,16.532566,0.089128,25.533621,101.099913,0.000000,0.695838555,0.681381797,1
pi4b8_fit_20260910_v3,pi4b8g,2,1,fit,true,42,17,1697,2026-09-10T13:10:41Z,171976418083241,oi_svdd_as_elm_revision,n256,256,B0,0.0,37.485,37.485,1800.000,1800.000,1800.000,1800.000,0.809614,7.120628,0.399789,16.542047,0.088480,25.566047,101.085209,0.000000,0.686916366,0.660461966,1
pi4b8_fit_20260910_v3,pi4b8g,2,1,fit,true,42,18,1698,2026-09-10T13:10:41Z,171976519691663,oi_svdd_as_elm_revision,n256,256,B0,0.0,37.485,37.485,1800.000,1800.000,1800.000,1800.000,0.884502,7.081722,0.402956,16.538454,0.088517,25.657693,101.102691,0.000000,0.690154178,0.628791328,1
pi4b8_fit_20260910_v3,pi4b8g,2,1,fit,true,42,19,1699,2026-09-10T13:10:41Z,171976621310788,oi_svdd_as_elm_revision,n256,256,B0,0.0,37.485,37.972,1800.000,1800.000,1800.000,1800.000,0.817855,7.138221,0.404141,16.550509,0.088665,25.601380,101.089450,0.000000,0.654392769,0.615199313,1
pi4b8_fit_20260910_v3,pi4b8g,2,1,fit,true,42,20,1700,2026-09-10T13:10:41Z,171976722908025,oi_svdd_as_elm_revision,n256,256,B0,0.0,37.972,37.972,1800.000,1800.000,1800.000,1800.000,0.819689,7.088165,0.407104,16.575324,0.087591,25.575418,101.144950,0.000000,0.695954055,0.649122677,1
pi4b8_fit_20260910_v3,pi4b8g,2,1,fit,true,42,21,1701,2026-09-10T13:10:41Z,171976824571836,oi_svdd_as_elm_revision,n256,256,B0,0.0,37.972,38.459,1800.000,1800.000,1800.000,1800.000,0.835966,7.375920,0.399455,16.541287,0.088146,25.840134,100.905546,0.000000,0.710345213,0.662564537,1
pi4b8_fit_20260910_v3,pi4b8g,2,1,fit,true,42,22,1702,2026-09-10T13:10:41Z,171976926021483,oi_svdd_as_elm_revision,n256,256,B0,0.0,38.459,37.972,1800.000,1800.000,1800.000,1800.000,0.820781,7.105369,0.406456,16.582583,0.089369,25.609694,101.069154,0.000000,0.670312994,0.653930361,1
pi4b8_fit_20260910_v3,pi4b8g,2,1,fit,true,42,23,1703,2026-09-10T13:10:41Z,171977027618609,oi_svdd_as_elm_revision,n256,256,B0,0.0,37.972,37.485,1800.000,1800.000,1800.000,1800.000,0.881372,7.013500,0.406104,16.542306,0.088351,25.585954,101.126171,0.000000,0.671071200,0.613588026,1
pi4b8_fit_20260910_v3,pi4b8g,2,1,fit,true,42,24,1704,2026-09-10T13:10:42Z,171977129259919,oi_svdd_as_elm_revision,n256,256,B0,0.0,37.485,37.485,1800.000,1800.000,1800.000,1800.000,0.815393,7.099573,0.405900,16.538621,0.089609,25.552954,101.085969,0.000000,0.654484555,0.586211369,1
pi4b8_fit_20260910_v3,pi4b8g,2,1,fit,true,42,25,1705,2026-09-10T13:10:42Z,171977230853656,oi_svdd_as_elm_revision,n256,256,B0,0.0,37.485,37.972,1800.000,1800.000,1800.000,1800.000,0.808411,7.153034,0.403103,16.558620,0.085591,25.610824,101.094431,0.000000,0.695120887,0.667282425,1
pi4b8_fit_20260910_v3,pi4b8g,2,1,fit,true,42,26,1706,2026-09-10T13:10:42Z,171977332500559,oi_svdd_as_elm_revision,n256,256,B0,0.0,37.972,36.511,1800.000,1800.000,1800.000,1800.000,0.821911,7.067351,0.406882,16.532269,0.089202,25.528510,101.093506,0.000000,0.673439137,0.611257487,1
pi4b8_fit_20260910_v3,pi4b8g,2,1,fit,true,42,27,1707,2026-09-10T13:10:42Z,171977434101129,oi_svdd_as_elm_revision,n256,256,B0,0.0,36.511,38.459,1800.000,1800.000,1800.000,1800.000,0.810930,7.082721,0.406215,16.535547,0.087165,25.527122,101.081284,0.000000,0.705306599,0.652952282,1
pi4b8_fit_20260910_v3,pi4b8g,2,1,fit,true,42,28,1708,2026-09-10T13:10:42Z,171977535697440,oi_svdd_as_elm_revision,n256,256,B0,0.0,38.459,37.972,1800.000,1800.000,1800.000,1800.000,0.875724,7.059667,0.399159,16.529065,0.087406,25.607732,101.106876,0.000000,0.677007472,0.614817647,1
pi4b8_fit_20260910_v3,pi4b8g,2,1,fit,true,42,29,1709,2026-09-10T13:10:42Z,171977637342991,oi_svdd_as_elm_revision,n256,256,B0,0.0,37.972,37.485,1800.000,1800.000,1800.000,1800.000,0.820207,7.130609,0.408177,16.537602,0.087776,25.577880,101.089339,0.000000,0.687884446,0.636524395,1
pi4b8_fit_20260910_v3,pi4b8g,2,1,fit,true,42,30,1710,2026-09-10T13:10:42Z,171977738946154,oi_svdd_as_elm_revision,n256,256,B0,0.0,37.485,36.998,1800.000,1800.000,1800.000,1800.000,0.813244,7.128942,0.406696,16.691395,0.089294,25.740396,101.140801,0.000000,0.661884207,0.627523849,1
pi4b8_fit_20260910_v3,pi4b8g,2,1,fit,true,42,31,1711,2026-09-10T13:10:42Z,171977840634130,oi_svdd_as_elm_revision,n256,256,B0,0.0,36.998,37.485,1800.000,1800.000,1800.000,1800.000,0.832207,7.100480,0.404048,16.540787,0.087443,25.565047,100.931731,0.000000,0.713566567,0.672029341,1
pi4b8_fit_20260910_v3,pi4b8g,2,1,fit,true,42,32,1712,2026-09-10T13:10:42Z,171977942113999,oi_svdd_as_elm_revision,n256,256,B0,0.0,37.485,37.485,1800.000,1800.000,1800.000,1800.000,0.821429,7.098462,0.403992,16.570175,0.087721,25.581158,101.078321,0.000000,0.691163763,0.635141072,1
pi4b8_fit_20260910_v3,pi4b8g,2,1,fit,true,42,33,1713,2026-09-10T13:10:42Z,171978043714644,oi_svdd_as_elm_revision,n256,256,B0,0.0,37.485,36.998,1800.000,1800.000,1800.000,1800.000,0.877762,7.015611,0.401937,16.547157,0.087646,25.595935,101.122986,0.000000,0.708156832,0.685148601,1
pi4b8_fit_20260910_v3,pi4b8g,2,1,fit,true,42,34,1714,2026-09-10T13:10:43Z,171978145343732,oi_svdd_as_elm_revision,n256,256,B0,0.0,36.998,36.998,1800.000,1800.000,1800.000,1800.000,0.824725,7.021741,0.408604,16.555416,0.089109,25.492326,101.088524,0.000000,0.645955452,0.596610759,1
pi4b8_fit_20260910_v3,pi4b8g,2,1,fit,true,42,35,1715,2026-09-10T13:10:43Z,171978246948876,oi_svdd_as_elm_revision,n256,256,B0,0.0,36.511,37.485,1800.000,1800.000,1800.000,1800.000,0.812596,7.072370,0.401066,16.587713,0.086443,25.563362,101.129764,0.000000,0.704917256,0.652118542,1
pi4b8_fit_20260910_v3,pi4b8g,2,1,fit,true,42,36,1716,2026-09-10T13:10:43Z,171978348593853,oi_svdd_as_elm_revision,n256,256,B0,0.0,37.485,37.972,1800.000,1800.000,1800.000,1800.000,0.828355,7.133832,0.401493,16.544991,0.088757,25.599287,101.087839,0.000000,0.675986939,0.603307430,1
pi4b8_fit_20260910_v3,pi4b8g,2,1,fit,true,42,37,1717,2026-09-10T13:10:43Z,171978450192479,oi_svdd_as_elm_revision,n256,256,B0,0.0,37.972,37.485,1800.000,1800.000,1800.000,1800.000,0.814004,7.093999,0.405622,16.535565,0.087832,25.537900,101.089043,0.000000,0.676844460,0.625491786,1
pi4b8_fit_20260910_v3,pi4b8g,2,1,fit,true,42,38,1718,2026-09-10T13:10:43Z,171978551796272,oi_svdd_as_elm_revision,n256,256,B0,0.0,37.485,37.485,1800.000,1800.000,1800.000,1800.000,0.879854,7.069740,0.404493,16.528473,0.088239,25.633619,101.097024,0.000000,0.691115449,0.629867635,1
pi4b8_fit_20260910_v3,pi4b8g,2,1,fit,true,42,39,1719,2026-09-10T13:10:43Z,171978653401212,oi_svdd_as_elm_revision,n256,256,B0,0.0,37.485,36.998,1800.000,1800.000,1800.000,1800.000,0.823633,7.106276,0.400252,16.534380,0.089443,25.551177,101.088099,0.000000,0.699130376,0.669086418,1
pi4b8_fit_20260910_v3,pi4b8g,2,1,fit,true,43,0,1720,2026-09-10T13:10:44Z,171979259336591,oi_svdd_as_elm_revision,n64,64,B0,0.0,36.511,36.998,1800.000,1800.000,1800.000,1800.000,1.049610,1.866391,0.252939,4.435844,0.083962,7.929576,101.104450,0.000000,0.648536835,0.641282639,1
pi4b8_fit_20260910_v3,pi4b8g,2,1,fit,true,43,1,1721,2026-09-10T13:10:44Z,171979360811682,oi_svdd_as_elm_revision,n64,64,B0,0.0,36.998,36.998,1800.000,1800.000,1800.000,1800.000,0.785967,1.835596,0.252939,4.448863,0.082683,7.638007,101.070469,0.000000,0.738073201,0.722860807,1
pi4b8_fit_20260910_v3,pi4b8g,2,1,fit,true,43,2,1722,2026-09-10T13:10:44Z,171979462249367,oi_svdd_as_elm_revision,n64,64,B0,0.0,36.998,36.998,1800.000,1800.000,1800.000,1800.000,0.781005,1.927557,0.253625,4.422307,0.079795,7.700895,101.076043,0.000000,0.716823932,0.670418918,1
pi4b8_fit_20260910_v3,pi4b8g,2,1,fit,true,43,3,1723,2026-09-10T13:10:44Z,171979563753994,oi_svdd_as_elm_revision,n64,64,B0,0.0,36.998,36.998,1800.000,1800.000,1800.000,1800.000,0.851281,1.865206,0.253810,4.427622,0.081036,7.716339,101.097228,0.000000,0.661186683,0.670327085,1
pi4b8_fit_20260910_v3,pi4b8g,2,1,fit,true,43,4,1724,2026-09-10T13:10:44Z,171979665225752,oi_svdd_as_elm_revision,n64,64,B0,0.0,36.998,36.511,1800.000,1800.000,1800.000,1800.000,0.789800,1.841077,0.253403,4.398845,0.080776,7.641915,101.067562,0.000000,0.644756119,0.597946552,1
pi4b8_fit_20260910_v3,pi4b8g,2,1,fit,true,43,5,1725,2026-09-10T13:10:44Z,171979766676436,oi_svdd_as_elm_revision,n64,64,B0,0.0,36.511,36.511,1800.000,1800.000,1800.000,1800.000,0.792522,1.915002,0.255439,4.430122,0.081665,7.708562,101.089969,0.000000,0.669027541,0.653787073,1
pi4b8_fit_20260910_v3,pi4b8g,2,1,fit,true,43,6,1726,2026-09-10T13:10:44Z,171979868212897,oi_svdd_as_elm_revision,n64,64,B0,0.0,36.511,36.998,1800.000,1800.000,1800.000,1800.000,0.808300,1.869614,0.251625,4.418234,0.081221,7.666988,100.922286,0.000000,0.696073945,0.621540155,1
pi4b8_fit_20260910_v3,pi4b8g,2,1,fit,true,43,7,1727,2026-09-10T13:10:44Z,171979969548213,oi_svdd_as_elm_revision,n64,64,B0,0.0,36.998,36.998,1800.000,1800.000,1800.000,1800.000,0.787226,1.950593,0.254829,4.413585,0.081499,7.724191,101.061599,0.000000,0.750738479,0.706949800,1
pi4b8_fit_20260910_v3,pi4b8g,2,1,fit,true,43,8,1728,2026-09-10T13:10:44Z,171980070982323,oi_svdd_as_elm_revision,n64,64,B0,0.0,36.998,36.511,1800.000,1800.000,1800.000,1800.000,0.783208,1.901743,0.254885,4.429196,0.082517,7.684007,101.103487,0.000000,0.690077249,0.623565360,1
pi4b8_fit_20260910_v3,pi4b8g,2,1,fit,true,43,9,1729,2026-09-10T13:10:45Z,171980172458285,oi_svdd_as_elm_revision,n64,64,B0,0.0,36.511,37.485,1800.000,1800.000,1800.000,1800.000,0.797337,1.837873,0.254662,4.419900,0.082832,7.654229,101.063136,0.000000,0.688655261,0.620502801,1
pi4b8_fit_20260910_v3,pi4b8g,2,1,fit,true,43,10,1730,2026-09-10T13:10:45Z,171980273890636,oi_svdd_as_elm_revision,n64,64,B0,0.0,37.485,36.511,1800.000,1800.000,1800.000,1800.000,0.783542,1.921779,0.255865,4.417456,0.081110,7.694117,101.063339,0.000000,0.601242806,0.555453520,1
pi4b8_fit_20260910_v3,pi4b8g,2,1,fit,true,43,11,1731,2026-09-10T13:10:45Z,171980375322450,oi_svdd_as_elm_revision,n64,64,B0,0.0,36.511,36.511,1800.000,1800.000,1800.000,1800.000,0.838133,1.862854,0.252792,4.416604,0.082091,7.683210,101.117635,0.000000,0.703948609,0.668971390,1
pi4b8_fit_20260910_v3,pi4b8g,2,1,fit,true,43,12,1732,2026-09-10T13:10:45Z,171980476811893,oi_svdd_as_elm_revision,n64,64,B0,0.0,36.511,36.998,1800.000,1800.000,1800.000,1800.000,0.794522,1.868336,0.250921,4.436159,0.082906,7.668229,101.059025,0.000000,0.637517829,0.601344343,1
pi4b8_fit_20260910_v3,pi4b8g,2,1,fit,true,43,13,1733,2026-09-10T13:10:45Z,171980578243837,oi_svdd_as_elm_revision,n64,64,B0,0.0,36.511,36.024,1800.000,1800.000,1800.000,1800.000,0.786597,1.905650,0.251199,4.406123,0.081128,7.666710,101.062673,0.000000,0.687186253,0.651330588,1
pi4b8_fit_20260910_v3,pi4b8g,2,1,fit,true,43,14,1734,2026-09-10T13:10:45Z,171980679673040,oi_svdd_as_elm_revision,n64,64,B0,0.0,36.024,36.511,1800.000,1800.000,1800.000,1800.000,0.842707,1.863558,0.252013,4.436918,0.082888,7.712950,101.087913,0.000000,0.725760193,0.692228950,1
pi4b8_fit_20260910_v3,pi4b8g,2,1,fit,true,43,15,1735,2026-09-10T13:10:45Z,171980781134798,oi_svdd_as_elm_revision,n64,64,B0,0.0,36.511,36.511,1800.000,1800.000,1800.000,1800.000,0.787245,1.849892,0.302216,4.411511,0.079017,7.664822,101.064673,0.000000,0.641188250,0.574115296,1
pi4b8_fit_20260910_v3,pi4b8g,2,1,fit,true,43,16,1736,2026-09-10T13:10:45Z,171980882574908,oi_svdd_as_elm_revision,n64,64,B0,0.0,36.511,37.485,1800.000,1800.000,1800.000,1800.000,0.775949,1.922724,0.252847,4.689376,0.085517,7.962409,100.966934,0.000000,0.679577420,0.632007865,1
pi4b8_fit_20260910_v3,pi4b8g,2,1,fit,true,43,17,1737,2026-09-10T13:10:45Z,171980983965242,oi_svdd_as_elm_revision,n64,64,B0,0.0,37.485,36.998,1800.000,1800.000,1800.000,1800.000,0.806652,1.873058,0.249995,4.431140,0.080647,7.720468,101.061210,0.000000,0.746349923,0.693351140,1
pi4b8_fit_20260910_v3,pi4b8g,2,1,fit,true,43,18,1738,2026-09-10T13:10:45Z,171981085445463,oi_svdd_as_elm_revision,n64,64,B0,0.0,36.998,36.024,1800.000,1800.000,1800.000,1800.000,0.798171,1.905039,0.249643,4.408844,0.080591,7.681969,101.067580,0.000000,0.691464044,0.624243307,1
pi4b8_fit_20260910_v3,pi4b8g,2,1,fit,true,43,19,1739,2026-09-10T13:10:46Z,171981186883814,oi_svdd_as_elm_revision,n64,64,B0,0.0,36.024,36.998,1800.000,1800.000,1800.000,1800.000,0.789930,1.926354,0.250680,4.424325,0.081665,7.707339,101.063376,0.000000,0.677515690,0.650494957,1
pi4b8_fit_20260910_v3,pi4b8g,2,1,fit,true,43,20,1740,2026-09-10T13:10:46Z,171981288342961,oi_svdd_as_elm_revision,n64,64,B0,0.0,36.998,35.537,1800.000,1800.000,1800.000,1800.000,0.795171,1.854003,0.248569,4.434233,0.081999,7.649285,101.071617,0.000000,0.741658655,0.661428099,1
pi4b8_fit_20260910_v3,pi4b8g,2,1,fit,true,43,21,1741,2026-09-10T13:10:46Z,171981389776404,oi_svdd_as_elm_revision,n64,64,B0,0.0,35.537,36.024,1800.000,1800.000,1800.000,1800.000,0.790411,1.926112,0.252477,4.422418,0.081980,7.704932,101.064321,0.000000,0.676993084,0.705428269,1
pi4b8_fit_20260910_v3,pi4b8g,2,1,fit,true,43,22,1742,2026-09-10T13:10:46Z,171981491217404,oi_svdd_as_elm_revision,n64,64,B0,0.0,36.024,37.485,1800.000,1800.000,1800.000,1800.000,0.833781,1.849781,0.254014,4.417197,0.080498,7.668099,101.097820,0.000000,0.671655140,0.681508755,1
pi4b8_fit_20260910_v3,pi4b8g,2,1,fit,true,43,23,1743,2026-09-10T13:10:46Z,171981592691347,oi_svdd_as_elm_revision,n64,64,B0,0.0,37.485,36.024,1800.000,1800.000,1800.000,1800.000,0.797486,1.829263,0.256662,4.464566,0.081332,7.662377,101.061839,0.000000,0.605110333,0.551077935,1
pi4b8_fit_20260910_v3,pi4b8g,2,1,fit,true,43,24,1744,2026-09-10T13:10:46Z,171981694127420,oi_svdd_as_elm_revision,n64,64,B0,0.0,36.024,36.511,1800.000,1800.000,1800.000,1800.000,0.785671,1.900502,0.249347,4.411845,0.080610,7.663062,101.060932,0.000000,0.766187377,0.720976368,1
pi4b8_fit_20260910_v3,pi4b8g,2,1,fit,true,43,25,1745,2026-09-10T13:10:46Z,171981795565919,oi_svdd_as_elm_revision,n64,64,B0,0.0,36.511,36.998,1800.000,1800.000,1800.000,1800.000,0.840911,1.861874,0.255180,4.421660,0.081480,7.696173,101.123820,0.000000,0.620832355,0.611947478,1
pi4b8_fit_20260910_v3,pi4b8g,2,1,fit,true,43,26,1746,2026-09-10T13:10:46Z,171981897089565,oi_svdd_as_elm_revision,n64,64,B0,0.0,36.998,36.998,1800.000,1800.000,1800.000,1800.000,0.797560,1.867187,0.299198,4.403363,0.079795,7.683414,100.919065,0.000000,0.709656381,0.634644183,1
pi4b8_fit_20260910_v3,pi4b8g,2,1,fit,true,43,27,1747,2026-09-10T13:10:46Z,171981998416567,oi_svdd_as_elm_revision,n64,64,B0,0.0,36.998,36.998,1800.000,1800.000,1800.000,1800.000,0.782171,1.930335,0.253569,4.480288,0.089405,7.778263,101.091135,0.000000,0.676824322,0.621641188,1
pi4b8_fit_20260910_v3,pi4b8g,2,1,fit,true,43,28,1748,2026-09-10T13:10:46Z,171982099923194,oi_svdd_as_elm_revision,n64,64,B0,0.0,36.998,36.511,1800.000,1800.000,1800.000,1800.000,0.874854,1.860336,0.251513,4.477862,0.080887,7.783171,101.070729,0.000000,0.708507080,0.643411579,1
pi4b8_fit_20260910_v3,pi4b8g,2,1,fit,true,43,29,1749,2026-09-10T13:10:47Z,171982201362656,oi_svdd_as_elm_revision,n64,64,B0,0.0,36.511,37.485,1800.000,1800.000,1800.000,1800.000,0.786522,1.894558,0.255662,4.417270,0.083017,7.674044,101.059636,0.000000,0.601947438,0.555238811,1
pi4b8_fit_20260910_v3,pi4b8g,2,1,fit,true,43,30,1750,2026-09-10T13:10:47Z,171982302792452,oi_svdd_as_elm_revision,n64,64,B0,0.0,37.485,35.537,1800.000,1800.000,1800.000,1800.000,0.782949,1.924706,0.253477,4.416363,0.080035,7.696191,101.066395,0.000000,0.688089513,0.623233853,1
pi4b8_fit_20260910_v3,pi4b8g,2,1,fit,true,43,31,1751,2026-09-10T13:10:47Z,171982404266747,oi_svdd_as_elm_revision,n64,64,B0,0.0,36.511,36.511,1800.000,1800.000,1800.000,1800.000,0.800430,1.857317,0.249254,4.425455,0.082480,7.652877,101.061228,0.000000,0.647240936,0.610888114,1
pi4b8_fit_20260910_v3,pi4b8g,2,1,fit,true,43,32,1752,2026-09-10T13:10:47Z,171982505699432,oi_svdd_as_elm_revision,n64,64,B0,0.0,36.511,36.024,1800.000,1800.000,1800.000,1800.000,0.782856,1.931613,0.251774,4.409937,0.081628,7.698080,101.062117,0.000000,0.637279906,0.570799720,1
pi4b8_fit_20260910_v3,pi4b8g,2,1,fit,true,43,33,1753,2026-09-10T13:10:47Z,171982607165412,oi_svdd_as_elm_revision,n64,64,B0,0.0,36.024,36.511,1800.000,1800.000,1800.000,1800.000,0.841799,1.846521,0.251662,4.436215,0.080887,7.691858,101.091950,0.000000,0.678007135,0.588869060,1
pi4b8_fit_20260910_v3,pi4b8g,2,1,fit,true,43,34,1754,2026-09-10T13:10:47Z,171982708636503,oi_svdd_as_elm_revision,n64,64,B0,0.0,36.511,36.998,1800.000,1800.000,1800.000,1800.000,0.798837,1.839929,0.249162,4.463584,0.079850,7.665618,101.057099,0.000000,0.688353856,0.643663252,1
pi4b8_fit_20260910_v3,pi4b8g,2,1,fit,true,43,35,1755,2026-09-10T13:10:47Z,171982810069762,oi_svdd_as_elm_revision,n64,64,B0,0.0,36.998,36.511,1800.000,1800.000,1800.000,1800.000,0.795244,2.067332,0.252736,4.416178,0.082424,7.853966,101.073320,0.000000,0.690824299,0.650086400,1
pi4b8_fit_20260910_v3,pi4b8g,2,1,fit,true,43,36,1756,2026-09-10T13:10:47Z,171982911514168,oi_svdd_as_elm_revision,n64,64,B0,0.0,36.511,35.537,1800.000,1800.000,1800.000,1800.000,0.836133,1.828188,0.251847,4.418178,0.081240,7.647952,100.960768,0.000000,0.703149383,0.702532180,1
pi4b8_fit_20260910_v3,pi4b8g,2,1,fit,true,43,37,1757,2026-09-10T13:10:47Z,171983012882428,oi_svdd_as_elm_revision,n64,64,B0,0.0,35.537,36.024,1800.000,1800.000,1800.000,1800.000,0.791911,1.874484,0.255533,4.446474,0.081128,7.679840,101.065210,0.000000,0.695262225,0.672296292,1
pi4b8_fit_20260910_v3,pi4b8g,2,1,fit,true,43,38,1758,2026-09-10T13:10:48Z,171983114321742,oi_svdd_as_elm_revision,n64,64,B0,0.0,36.024,35.537,1800.000,1800.000,1800.000,1800.000,0.791652,1.913483,0.251218,4.417696,0.081610,7.692840,101.063525,0.000000,0.695621627,0.646272060,1
pi4b8_fit_20260910_v3,pi4b8g,2,1,fit,true,43,39,1759,2026-09-10T13:10:48Z,171983215758500,oi_svdd_as_elm_revision,n64,64,B0,0.0,35.537,36.024,1800.000,1800.000,1800.000,1800.000,0.842596,1.854633,0.250792,4.428918,0.080869,7.694710,101.089766,0.000000,0.635907060,0.516901677,1
pi4b8_fit_20260910_v3,pi4b8g,2,1,fit,true,44,0,1760,2026-09-10T13:10:48Z,171983823339978,oi_svdd_as_elm_revision,n1,1,B2,1.0,36.998,37.485,1800.000,1800.000,1800.000,1800.000,1.168553,0.190978,0.189201,0.422047,0.072480,2.207238,101.810308,0.000000,0.221331144,0.001582837,1
pi4b8_fit_20260910_v3,pi4b8g,2,1,fit,true,44,1,1761,2026-09-10T13:10:48Z,171983925584796,oi_svdd_as_elm_revision,n1,1,B2,1.0,37.485,37.972,1800.000,1800.000,1800.000,1800.000,1.301106,0.181571,0.189219,0.424159,0.071258,2.325735,101.005581,0.000000,0.078981750,0.000223107,1
pi4b8_fit_20260910_v3,pi4b8g,2,1,fit,true,44,2,1762,2026-09-10T13:10:48Z,171984026912205,oi_svdd_as_elm_revision,n1,1,B2,1.0,37.972,36.998,1800.000,1800.000,1800.000,1800.000,0.774819,0.155609,0.227811,0.409160,0.069925,1.782078,100.989193,0.000000,0.872954557,0.644715053,1
pi4b8_fit_20260910_v3,pi4b8g,2,1,fit,true,44,3,1763,2026-09-10T13:10:49Z,171984128237521,oi_svdd_as_elm_revision,n1,1,B2,1.0,36.998,36.998,1800.000,1800.000,1800.000,1800.000,0.791818,0.152275,0.174312,0.408734,0.068276,1.736746,101.113839,0.000000,0.221789935,0.000972893,1
pi4b8_fit_20260910_v3,pi4b8g,2,1,fit,true,44,4,1764,2026-09-10T13:10:49Z,171984229731038,oi_svdd_as_elm_revision,n1,1,B2,1.0,36.024,37.485,1800.000,1800.000,1800.000,1800.000,0.782856,0.159367,0.185219,0.420066,0.070035,1.763523,100.994748,0.000000,0.978147728,0.966117458,1
pi4b8_fit_20260910_v3,pi4b8g,2,1,fit,true,44,5,1765,2026-09-10T13:10:49Z,171984331030577,oi_svdd_as_elm_revision,n1,1,B2,1.0,37.485,37.972,1800.000,1800.000,1800.000,1800.000,0.766523,0.148997,0.179922,0.414067,0.068499,1.762634,101.146578,0.000000,0.926256029,0.958920033,1
pi4b8_fit_20260910_v3,pi4b8g,2,1,fit,true,44,6,1766,2026-09-10T13:10:49Z,171984432553000,oi_svdd_as_elm_revision,n1,1,B2,1.0,37.972,36.511,1800.000,1800.000,1800.000,1800.000,0.811873,0.165145,0.187941,0.417085,0.068776,1.801634,101.052340,0.000000,0.874271736,0.578641018,1
pi4b8_fit_20260910_v3,pi4b8g,2,1,fit,true,44,7,1767,2026-09-10T13:10:49Z,171984533947056,oi_svdd_as_elm_revision,n1,1,B2,1.0,36.511,37.485,1800.000,1800.000,1800.000,1800.000,0.778171,0.154627,0.181163,0.410992,0.067832,1.737042,100.988859,0.000000,0.083434327,0.000969492,1
pi4b8_fit_20260910_v3,pi4b8g,2,1,fit,true,44,8,1768,2026-09-10T13:10:49Z,171984635276705,oi_svdd_as_elm_revision,n1,1,B2,1.0,37.485,36.511,1800.000,1800.000,1800.000,1800.000,0.828855,0.162942,0.181867,0.409678,0.071055,1.800338,101.016026,0.000000,0.954212378,0.891936883,1
pi4b8_fit_20260910_v3,pi4b8g,2,1,fit,true,44,9,1769,2026-09-10T13:10:49Z,171984736605818,oi_svdd_as_elm_revision,n1,1,B2,1.0,37.485,37.485,1800.000,1800.000,1800.000,1800.000,0.773911,0.153423,0.176608,0.402030,0.068369,1.717746,100.993044,0.000000,0.644227259,0.000010044,1
pi4b8_fit_20260910_v3,pi4b8g,2,1,fit,true,44,10,1770,2026-09-10T13:10:49Z,171984837917264,oi_svdd_as_elm_revision,n1,1,B2,1.0,37.485,37.972,1800.000,1800.000,1800.000,1800.000,0.762375,0.149849,0.177238,0.404789,0.068129,1.702079,100.892491,0.000000,0.925908638,0.978240977,1
pi4b8_fit_20260910_v3,pi4b8g,2,1,fit,true,44,11,1771,2026-09-10T13:10:49Z,171984939159933,oi_svdd_as_elm_revision,n1,1,B2,1.0,37.972,37.485,1800.000,1800.000,1800.000,1800.000,0.767893,0.219256,0.185719,0.419899,0.072591,1.812226,101.042137,0.000000,0.999994798,0.965177602,1
pi4b8_fit_20260910_v3,pi4b8g,2,1,fit,true,44,12,1772,2026-09-10T13:10:49Z,171985040537804,oi_svdd_as_elm_revision,n1,1,B2,1.0,37.485,37.972,1800.000,1800.000,1800.000,1800.000,0.783782,0.155646,0.177904,0.410252,0.067961,1.739709,100.992026,0.000000,0.228029773,0.001573820,1
pi4b8_fit_20260910_v3,pi4b8g,2,1,fit,true,44,13,1773,2026-09-10T13:10:50Z,171985141832639,oi_svdd_as_elm_revision,n1,1,B2,1.0,37.972,36.511,1800.000,1800.000,1800.000,1800.000,0.776004,0.149164,0.174145,0.411863,0.068480,1.717098,100.977156,0.000000,0.090426781,0.000960269,1
pi4b8_fit_20260910_v3,pi4b8g,2,1,fit,true,44,14,1774,2026-09-10T13:10:50Z,171985243120141,oi_svdd_as_elm_revision,n1,1,B2,1.0,36.511,36.998,1800.000,1800.000,1800.000,1800.000,0.763264,0.195218,0.176811,0.409585,0.067110,1.751357,101.003822,0.000000,0.000271099,0.000857703,1
pi4b8_fit_20260910_v3,pi4b8g,2,1,fit,true,44,15,1775,2026-09-10T13:10:50Z,171985344430569,oi_svdd_as_elm_revision,n1,1,B2,1.0,36.998,37.485,1800.000,1800.000,1800.000,1800.000,0.770523,0.146442,0.174497,0.403233,0.066721,1.699394,100.966637,0.000000,0.936195269,0.959500712,1
pi4b8_fit_20260910_v3,pi4b8g,2,1,fit,true,44,16,1776,2026-09-10T13:10:50Z,171985445697312,oi_svdd_as_elm_revision,n1,1,B2,1.0,37.485,36.998,1800.000,1800.000,1800.000,1800.000,0.760949,0.145849,0.176644,0.400382,0.069481,1.691506,100.964230,0.000000,0.992799144,0.892800294,1
pi4b8_fit_20260910_v3,pi4b8g,2,1,fit,true,44,17,1777,2026-09-10T13:10:50Z,171985546959092,oi_svdd_as_elm_revision,n1,1,B2,1.0,36.998,37.485,1800.000,1800.000,1800.000,1800.000,0.758689,0.149035,0.218015,0.404789,0.068814,1.739542,100.971564,0.000000,0.499235436,0.984386696,1
pi4b8_fit_20260910_v3,pi4b8g,2,1,fit,true,44,18,1778,2026-09-10T13:10:50Z,171985648259076,oi_svdd_as_elm_revision,n1,1,B2,1.0,37.485,37.485,1800.000,1800.000,1800.000,1800.000,0.777893,0.150182,0.174053,0.407177,0.067869,1.715227,100.975693,0.000000,0.000126344,0.001093335,1
pi4b8_fit_20260910_v3,pi4b8g,2,1,fit,true,44,19,1779,2026-09-10T13:10:50Z,171985749539004,oi_svdd_as_elm_revision,n1,1,B2,1.0,37.485,38.459,1800.000,1800.000,1800.000,1800.000,0.760708,0.148868,0.178256,0.401807,0.066370,1.693283,100.979359,0.000000,0.992784617,0.980034334,1
pi4b8_fit_20260910_v3,pi4b8g,2,1,fit,true,44,20,1780,2026-09-10T13:10:50Z,171985850831006,oi_svdd_as_elm_revision,n1,1,B2,1.0,38.459,36.998,1800.000,1800.000,1800.000,1800.000,0.763283,0.149590,0.260495,0.421215,0.070480,1.805559,100.920138,0.000000,0.155433245,0.000351099,1
pi4b8_fit_20260910_v3,pi4b8g,2,1,fit,true,44,21,1781,2026-09-10T13:10:50Z,171985952140507,oi_svdd_as_elm_revision,n1,1,B2,1.0,36.998,37.972,1800.000,1800.000,1800.000,1800.000,0.795855,0.162775,0.183978,0.415733,0.069406,1.771357,100.978175,0.000000,0.925908638,0.978240977,1
pi4b8_fit_20260910_v3,pi4b8g,2,1,fit,true,44,22,1782,2026-09-10T13:10:50Z,171986053478416,oi_svdd_as_elm_revision,n1,1,B2,1.0,37.972,37.972,1800.000,1800.000,1800.000,1800.000,0.845429,0.172367,0.185182,0.414881,0.073943,1.844984,100.997322,0.000000,0.927698754,0.975001861,1
pi4b8_fit_20260910_v3,pi4b8g,2,1,fit,true,44,23,1783,2026-09-10T13:10:51Z,171986154796954,oi_svdd_as_elm_revision,n1,1,B2,1.0,37.972,37.485,1800.000,1800.000,1800.000,1800.000,0.770375,0.151404,0.176404,0.457491,0.068665,1.764412,100.980286,0.000000,0.631911472,0.926200824,1
pi4b8_fit_20260910_v3,pi4b8g,2,1,fit,true,44,24,1784,2026-09-10T13:10:51Z,171986256117382,oi_svdd_as_elm_revision,n1,1,B2,1.0,37.485,37.972,1800.000,1800.000,1800.000,1800.000,0.778227,0.150183,0.177533,0.403751,0.068517,1.718135,100.984785,0.000000,0.935513953,0.916052185,1
pi4b8_fit_20260910_v3,pi4b8g,2,1,fit,true,44,25,1785,2026-09-10T13:10:51Z,171986357402476,oi_svdd_as_elm_revision,n1,1,B2,1.0,37.972,37.972,1800.000,1800.000,1800.000,1800.000,0.775985,0.147683,0.172127,0.405252,0.066333,1.704895,100.958823,0.000000,0.000126344,0.000540043,1
pi4b8_fit_20260910_v3,pi4b8g,2,1,fit,true,44,26,1786,2026-09-10T13:10:51Z,171986458661386,oi_svdd_as_elm_revision,n1,1,B2,1.0,37.972,38.459,1800.000,1800.000,1800.000,1800.000,0.753153,0.147757,0.173330,0.453233,0.068239,1.734672,100.967656,0.000000,0.917800504,0.978930883,1
pi4b8_fit_20260910_v3,pi4b8g,2,1,fit,true,44,27,1787,2026-09-10T13:10:51Z,171986559929981,oi_svdd_as_elm_revision,n1,1,B2,1.0,38.459,37.485,1800.000,1800.000,1800.000,1800.000,0.814114,0.149479,0.174996,0.401363,0.068443,1.747561,100.979378,0.000000,0.953213565,0.754200459,1
pi4b8_fit_20260910_v3,pi4b8g,2,1,fit,true,44,28,1788,2026-09-10T13:10:51Z,171986661207206,oi_svdd_as_elm_revision,n1,1,B2,1.0,37.485,38.459,1800.000,1800.000,1800.000,1800.000,0.759893,0.146108,0.174941,0.401122,0.067276,1.687339,100.975378,0.000000,0.411517219,0.343362863,1
pi4b8_fit_20260910_v3,pi4b8g,2,1,fit,true,44,29,1789,2026-09-10T13:10:51Z,171986762489319,oi_svdd_as_elm_revision,n1,1,B2,1.0,38.459,37.485,1800.000,1800.000,1800.000,1800.000,0.757874,0.146442,0.175533,0.452343,0.068739,1.742209,100.967341,0.000000,0.787402630,0.969503057,1
pi4b8_fit_20260910_v3,pi4b8g,2,1,fit,true,44,30,1790,2026-09-10T13:10:51Z,171986863755599,oi_svdd_as_elm_revision,n1,1,B2,1.0,37.485,38.459,1800.000,1800.000,1800.000,1800.000,0.841577,0.150775,0.175830,0.403159,0.069073,1.781690,100.941472,0.000000,0.992957031,0.970431760,1
pi4b8_fit_20260910_v3,pi4b8g,2,1,fit,true,44,31,1791,2026-09-10T13:10:51Z,171986965054620,oi_svdd_as_elm_revision,n1,1,B2,1.0,38.459,37.972,1800.000,1800.000,1800.000,1800.000,0.777652,0.161035,0.183367,0.416363,0.066776,1.747542,100.985526,0.000000,0.958559293,0.963767034,1
pi4b8_fit_20260910_v3,pi4b8g,2,1,fit,true,44,32,1792,2026-09-10T13:10:51Z,171987066352547,oi_svdd_as_elm_revision,n1,1,B2,1.0,37.972,38.459,1800.000,1800.000,1800.000,1800.000,0.772430,0.151997,0.177163,0.403178,0.117405,1.763468,100.978082,0.000000,0.926601920,0.964706962,1
pi4b8_fit_20260910_v3,pi4b8g,2,1,fit,true,44,33,1793,2026-09-10T13:10:52Z,171987167635661,oi_svdd_as_elm_revision,n1,1,B2,1.0,38.459,37.972,1800.000,1800.000,1800.000,1800.000,0.829689,0.160034,0.179756,0.411214,0.069999,1.793393,101.030192,0.000000,0.926670918,0.940386615,1
pi4b8_fit_20260910_v3,pi4b8g,2,1,fit,true,44,34,1794,2026-09-10T13:10:52Z,171987268990902,oi_svdd_as_elm_revision,n1,1,B2,1.0,37.972,38.459,1800.000,1800.000,1800.000,1800.000,0.767134,0.147183,0.179237,0.410622,0.067240,1.712987,100.971138,0.000000,0.936858933,0.959040617,1
pi4b8_fit_20260910_v3,pi4b8g,2,1,fit,true,44,35,1795,2026-09-10T13:10:52Z,171987370265645,oi_svdd_as_elm_revision,n1,1,B2,1.0,38.459,37.972,1800.000,1800.000,1800.000,1800.000,0.750579,0.145516,0.173793,0.404733,0.067906,1.682636,100.982971,0.000000,0.992885695,0.980095898,1
pi4b8_fit_20260910_v3,pi4b8g,2,1,fit,true,44,36,1796,2026-09-10T13:10:52Z,171987471564740,oi_svdd_as_elm_revision,n1,1,B2,1.0,37.972,37.972,1800.000,1800.000,1800.000,1800.000,0.802985,0.153275,0.178422,0.406400,0.067536,1.751245,101.005433,0.000000,0.136036326,0.000195473,1
pi4b8_fit_20260910_v3,pi4b8g,2,1,fit,true,44,37,1797,2026-09-10T13:10:52Z,171987572902833,oi_svdd_as_elm_revision,n1,1,B2,1.0,37.972,37.485,1800.000,1800.000,1800.000,1800.000,0.786300,0.147608,0.175867,0.408844,0.066591,1.724283,100.964582,0.000000,0.828584092,0.066077078,1
pi4b8_fit_20260910_v3,pi4b8g,2,1,fit,true,44,38,1798,2026-09-10T13:10:52Z,171987674169558,oi_svdd_as_elm_revision,n1,1,B2,1.0,37.485,37.485,1800.000,1800.000,1800.000,1800.000,0.751857,0.149275,0.174497,0.401326,0.066221,1.681469,100.975119,0.000000,0.643637102,0.773808431,1
pi4b8_fit_20260910_v3,pi4b8g,2,1,fit,true,44,39,1799,2026-09-10T13:10:52Z,171987775452134,oi_svdd_as_elm_revision,n1,1,B2,1.0,37.485,37.972,1800.000,1800.000,1800.000,1800.000,0.806170,0.151572,0.176571,0.406752,0.067703,1.747838,101.036359,0.000000,0.926601920,0.966543757,1
pi4b8_fit_20260910_v3,pi4b8g,2,1,fit,true,45,0,1800,2026-09-10T13:10:53Z,171988509648851,fisvdd_revision,n1,1,B0,0.0,36.511,36.998,1800.000,1800.000,1800.000,1800.000,0.948668,0.171367,0.185645,0.297661,0.071961,1.820540,100.947823,0.000000,0.990222301,0.493604908,1
pi4b8_fit_20260910_v3,pi4b8g,2,1,fit,true,45,1,1801,2026-09-10T13:10:53Z,171988610904094,fisvdd_revision,n1,1,B0,0.0,36.998,36.998,1800.000,1800.000,1800.000,1800.000,0.765634,0.145461,0.232329,0.289754,0.067888,1.636544,100.938434,0.000000,0.000126344,0.519373061,1
pi4b8_fit_20260910_v3,pi4b8g,2,1,fit,true,45,2,1802,2026-09-10T13:10:53Z,171988712173541,fisvdd_revision,n1,1,B0,0.0,36.998,36.511,1800.000,1800.000,1800.000,1800.000,0.774559,0.142998,0.175571,0.287014,0.065777,1.583359,100.946360,0.000000,0.971147071,0.507896414,1
pi4b8_fit_20260910_v3,pi4b8g,2,1,fit,true,45,3,1803,2026-09-10T13:10:53Z,171988813423766,fisvdd_revision,n1,1,B0,0.0,36.511,37.972,1800.000,1800.000,1800.000,1800.000,0.757134,0.147127,0.174626,0.289199,0.066073,1.569045,100.969397,0.000000,0.925908638,0.506369124,1
pi4b8_fit_20260910_v3,pi4b8g,2,1,fit,true,45,4,1804,2026-09-10T13:10:53Z,171988914706638,fisvdd_revision,n1,1,B0,0.0,37.972,36.511,1800.000,1800.000,1800.000,1800.000,0.758226,0.151423,0.176145,0.351623,0.069221,1.645544,100.985304,0.000000,0.874703979,0.486242667,1
pi4b8_fit_20260910_v3,pi4b8g,2,1,fit,true,45,5,1805,2026-09-10T13:10:53Z,171989016093916,fisvdd_revision,n1,1,B0,0.0,36.511,37.972,1800.000,1800.000,1800.000,1800.000,0.798392,0.162090,0.181570,0.298550,0.068536,1.653303,101.113135,0.000000,0.874188191,0.485063785,1
pi4b8_fit_20260910_v3,pi4b8g,2,1,fit,true,45,6,1806,2026-09-10T13:10:54Z,171989117580859,fisvdd_revision,n1,1,B0,0.0,37.972,37.485,1800.000,1800.000,1800.000,1800.000,0.778134,0.160312,0.182349,0.297087,0.066407,1.627618,101.556645,0.000000,0.874030035,0.490157406,1
pi4b8_fit_20260910_v3,pi4b8g,2,1,fit,true,45,7,1807,2026-09-10T13:10:54Z,171989219635569,fisvdd_revision,n1,1,B0,0.0,37.485,36.998,1800.000,1800.000,1800.000,1800.000,1.293940,0.245625,0.224607,0.393271,0.102813,2.466047,101.284465,0.000000,0.925769261,0.496843183,1
pi4b8_fit_20260910_v3,pi4b8g,2,1,fit,true,45,8,1808,2026-09-10T13:10:54Z,171989321297212,fisvdd_revision,n1,1,B0,0.0,36.998,37.485,1800.000,1800.000,1800.000,1800.000,0.784671,0.161182,0.186126,0.299550,0.069683,1.647600,101.016174,0.000000,0.992921452,0.513847074,1
pi4b8_fit_20260910_v3,pi4b8g,2,1,fit,true,45,9,1809,2026-09-10T13:10:54Z,171989422649861,fisvdd_revision,n1,1,B0,0.0,37.485,37.485,1800.000,1800.000,1800.000,1800.000,0.772615,0.156571,0.180108,0.354975,0.070518,1.676895,100.953212,0.000000,0.874123805,0.491318517,1
pi4b8_fit_20260910_v3,pi4b8g,2,1,fit,true,45,10,1810,2026-09-10T13:10:54Z,171989523908383,fisvdd_revision,n1,1,B0,0.0,37.485,36.998,1800.000,1800.000,1800.000,1800.000,0.819022,0.151775,0.176052,0.287143,0.064591,1.638377,100.981044,0.000000,0.196288066,0.489138428,1
pi4b8_fit_20260910_v3,pi4b8g,2,1,fit,true,45,11,1811,2026-09-10T13:10:54Z,171989625197736,fisvdd_revision,n1,1,B0,0.0,36.998,36.998,1800.000,1800.000,1800.000,1800.000,0.761430,0.149090,0.177534,0.287384,0.065703,1.576564,100.925750,0.000000,0.998826995,0.500184799,1
pi4b8_fit_20260910_v3,pi4b8g,2,1,fit,true,45,12,1812,2026-09-10T13:10:54Z,171989726412370,fisvdd_revision,n1,1,B0,0.0,36.998,37.485,1800.000,1800.000,1800.000,1800.000,0.753820,0.142849,0.173534,0.284958,0.063961,1.553989,100.957026,0.000000,0.787060680,0.492402729,1
pi4b8_fit_20260910_v3,pi4b8g,2,1,fit,true,45,13,1813,2026-09-10T13:10:54Z,171989827708723,fisvdd_revision,n1,1,B0,0.0,37.485,36.998,1800.000,1800.000,1800.000,1800.000,0.839262,0.155998,0.176090,0.287735,0.065498,1.663840,101.047303,0.000000,0.188331466,0.492567077,1
pi4b8_fit_20260910_v3,pi4b8g,2,1,fit,true,45,14,1814,2026-09-10T13:10:54Z,171989929099631,fisvdd_revision,n1,1,B0,0.0,36.998,36.511,1800.000,1800.000,1800.000,1800.000,0.768338,0.155423,0.179534,0.293088,0.066943,1.604415,100.923545,0.000000,0.990241935,0.490941840,1
pi4b8_fit_20260910_v3,pi4b8g,2,1,fit,true,45,15,1815,2026-09-10T13:10:54Z,171990030378096,fisvdd_revision,n1,1,B0,0.0,36.511,37.485,1800.000,1800.000,1800.000,1800.000,0.759615,0.159793,0.180256,0.295235,0.066776,1.603767,100.940101,0.000000,0.215433097,0.494359799,1
pi4b8_fit_20260910_v3,pi4b8g,2,1,fit,true,45,16,1816,2026-09-10T13:10:55Z,171990131615895,fisvdd_revision,n1,1,B0,0.0,37.485,36.024,1800.000,1800.000,1800.000,1800.000,0.811651,0.152701,0.173164,0.286883,0.065980,1.629118,100.958786,0.000000,0.000324810,0.489872634,1
pi4b8_fit_20260910_v3,pi4b8g,2,1,fit,true,45,17,1817,2026-09-10T13:10:55Z,171990232869139,fisvdd_revision,n1,1,B0,0.0,36.024,36.024,1800.000,1800.000,1800.000,1800.000,0.756134,0.149312,0.171979,0.286476,0.061629,1.559786,100.944249,0.000000,0.232628710,0.489249572,1
pi4b8_fit_20260910_v3,pi4b8g,2,1,fit,true,45,18,1818,2026-09-10T13:10:55Z,171990334114382,fisvdd_revision,n1,1,B0,0.0,36.024,37.485,1800.000,1800.000,1800.000,1800.000,0.754505,0.148646,0.174645,0.283272,0.064184,1.561268,100.930898,0.000000,0.638469358,0.493352997,1
pi4b8_fit_20260910_v3,pi4b8g,2,1,fit,true,45,19,1819,2026-09-10T13:10:55Z,171990435335737,fisvdd_revision,n1,1,B0,0.0,37.485,36.998,1800.000,1800.000,1800.000,1800.000,0.794467,0.152701,0.173201,0.286624,0.064981,1.605489,100.957027,0.000000,0.088013681,0.502481060,1
pi4b8_fit_20260910_v3,pi4b8g,2,1,fit,true,45,20,1820,2026-09-10T13:10:55Z,171990536590851,fisvdd_revision,n1,1,B0,0.0,36.998,36.511,1800.000,1800.000,1800.000,1800.000,0.760671,0.146942,0.174534,0.285032,0.064480,1.566138,100.917046,0.000000,0.917877043,0.500313166,1
pi4b8_fit_20260910_v3,pi4b8g,2,1,fit,true,45,21,1821,2026-09-10T13:10:55Z,171990637795929,fisvdd_revision,n1,1,B0,0.0,36.511,36.024,1800.000,1800.000,1800.000,1800.000,0.741320,0.141923,0.172145,0.283235,0.063591,1.533231,100.916879,0.000000,0.970340006,0.506254978,1
pi4b8_fit_20260910_v3,pi4b8g,2,1,fit,true,45,22,1822,2026-09-10T13:10:55Z,171990739000784,fisvdd_revision,n1,1,B0,0.0,36.024,37.485,1800.000,1800.000,1800.000,1800.000,0.750320,0.140960,0.223626,0.287847,0.065980,1.600878,100.957879,0.000000,0.970485713,0.503247150,1
pi4b8_fit_20260910_v3,pi4b8g,2,1,fit,true,45,23,1823,2026-09-10T13:10:55Z,171990840300064,fisvdd_revision,n1,1,B0,0.0,37.485,36.998,1800.000,1800.000,1800.000,1800.000,0.775208,0.147201,0.175533,0.290106,0.064573,1.585656,101.006859,0.000000,0.936678575,0.515999136,1
pi4b8_fit_20260910_v3,pi4b8g,2,1,fit,true,45,24,1824,2026-09-10T13:10:55Z,171990941639861,fisvdd_revision,n1,1,B0,0.0,36.998,36.511,1800.000,1800.000,1800.000,1800.000,0.764949,0.155757,0.176053,0.292532,0.069721,1.600063,100.906991,0.000000,0.133256510,0.497003290,1
pi4b8_fit_20260910_v3,pi4b8g,2,1,fit,true,45,25,1825,2026-09-10T13:10:55Z,171991042898975,fisvdd_revision,n1,1,B0,0.0,36.511,36.998,1800.000,1800.000,1800.000,1800.000,0.764653,0.160886,0.231847,0.296309,0.069129,1.662728,100.943305,0.000000,0.873520606,0.497725552,1
pi4b8_fit_20260910_v3,pi4b8g,2,1,fit,true,45,26,1826,2026-09-10T13:10:56Z,171991144173959,fisvdd_revision,n1,1,B0,0.0,36.998,36.998,1800.000,1800.000,1800.000,1800.000,0.772745,0.147331,0.172256,0.285217,0.064295,1.577156,100.919842,0.000000,0.917953518,0.491378275,1
pi4b8_fit_20260910_v3,pi4b8g,2,1,fit,true,45,27,1827,2026-09-10T13:10:56Z,171991245394554,fisvdd_revision,n1,1,B0,0.0,36.998,37.485,1800.000,1800.000,1800.000,1800.000,0.832651,0.153534,0.175293,0.289532,0.068684,1.662229,100.992193,0.000000,0.081421666,0.501702634,1
pi4b8_fit_20260910_v3,pi4b8g,2,1,fit,true,45,28,1828,2026-09-10T13:10:56Z,171991346739666,fisvdd_revision,n1,1,B0,0.0,37.485,36.024,1800.000,1800.000,1800.000,1800.000,0.772301,0.153238,0.176830,0.349901,0.069221,1.660025,100.926546,0.000000,0.966437912,0.492055989,1
pi4b8_fit_20260910_v3,pi4b8g,2,1,fit,true,45,29,1829,2026-09-10T13:10:56Z,171991447960948,fisvdd_revision,n1,1,B0,0.0,36.024,36.998,1800.000,1800.000,1800.000,1800.000,0.815670,0.149071,0.172997,0.284754,0.065796,1.622562,100.921342,0.000000,0.946968261,0.502551260,1
pi4b8_fit_20260910_v3,pi4b8g,2,1,fit,true,45,30,1830,2026-09-10T13:10:56Z,171991549174729,fisvdd_revision,n1,1,B0,0.0,36.998,36.998,1800.000,1800.000,1800.000,1800.000,0.744357,0.143386,0.171015,0.282976,0.062628,1.537027,100.908472,0.000000,0.992964126,0.515613048,1
pi4b8_fit_20260910_v3,pi4b8g,2,1,fit,true,45,31,1831,2026-09-10T13:10:56Z,171991650366251,fisvdd_revision,n1,1,B0,0.0,36.998,36.024,1800.000,1800.000,1800.000,1800.000,0.743857,0.140590,0.170979,0.283014,0.063239,1.532286,100.909120,0.000000,0.970134845,0.494134630,1
pi4b8_fit_20260910_v3,pi4b8g,2,1,fit,true,45,32,1832,2026-09-10T13:10:56Z,171991751564533,fisvdd_revision,n1,1,B0,0.0,36.024,35.537,1800.000,1800.000,1800.000,1800.000,0.805559,0.149998,0.171145,0.282254,0.065239,1.606174,101.067098,0.000000,0.000157288,0.487524435,1
pi4b8_fit_20260910_v3,pi4b8g,2,1,fit,true,45,33,1833,2026-09-10T13:10:56Z,171991852971717,fisvdd_revision,n1,1,B0,0.0,35.537,37.485,1800.000,1800.000,1800.000,1800.000,0.768134,0.151164,0.179886,0.294217,0.064870,1.595860,100.923620,0.000000,0.992928583,0.528332613,1
pi4b8_fit_20260910_v3,pi4b8g,2,1,fit,true,45,34,1834,2026-09-10T13:10:56Z,171991954251794,fisvdd_revision,n1,1,B0,0.0,37.485,36.511,1800.000,1800.000,1800.000,1800.000,0.768338,0.159534,0.179978,0.296773,0.067258,1.612063,100.972193,0.000000,0.928168465,0.488082664,1
pi4b8_fit_20260910_v3,pi4b8g,2,1,fit,true,45,35,1835,2026-09-10T13:10:56Z,171992055536870,fisvdd_revision,n1,1,B0,0.0,36.511,36.511,1800.000,1800.000,1800.000,1800.000,0.809670,0.155627,0.177497,0.289217,0.065684,1.637636,100.969915,0.000000,0.925796709,0.493689058,1
pi4b8_fit_20260910_v3,pi4b8g,2,1,fit,true,45,36,1836,2026-09-10T13:10:57Z,171992156801835,fisvdd_revision,n1,1,B0,0.0,36.511,35.537,1800.000,1800.000,1800.000,1800.000,0.754060,0.142423,0.169756,0.283421,0.064758,1.546805,100.924879,0.000000,0.927897316,0.489418451,1
pi4b8_fit_20260910_v3,pi4b8g,2,1,fit,true,45,37,1837,2026-09-10T13:10:57Z,171992258015468,fisvdd_revision,n1,1,B0,0.0,35.537,36.024,1800.000,1800.000,1800.000,1800.000,0.749820,0.139738,0.170515,0.284365,0.064906,1.541731,100.974638,0.000000,0.642171028,0.489906318,1
pi4b8_fit_20260910_v3,pi4b8g,2,1,fit,true,45,38,1838,2026-09-10T13:10:57Z,171992359304619,fisvdd_revision,n1,1,B0,0.0,36.024,36.511,1800.000,1800.000,1800.000,1800.000,0.808744,0.153886,0.177145,0.290142,0.067443,1.636229,100.960989,0.000000,0.873159018,0.493080843,1
pi4b8_fit_20260910_v3,pi4b8g,2,1,fit,true,45,39,1839,2026-09-10T13:10:57Z,171992460564954,fisvdd_revision,n1,1,B0,0.0,36.511,36.511,1800.000,1800.000,1800.000,1800.000,0.759246,0.142756,0.173515,0.284162,0.064499,1.560879,100.928935,0.000000,0.970193603,0.496232297,1
pi4b8_fit_20260910_v3,pi4b8g,2,1,fit,true,46,0,1840,2026-09-10T13:10:57Z,171993067963899,lucid_revision,n64,64,B1,0.5,36.511,37.485,1800.000,1800.000,1800.000,1800.000,0.940724,1.867670,0.256958,17.066925,0.089036,20.456382,101.055895,0.000000,0.677932318,0.604484269,1
pi4b8_fit_20260910_v3,pi4b8g,2,1,fit,true,46,1,1841,2026-09-10T13:10:58Z,171993169396176,lucid_revision,n64,64,B1,0.5,37.485,37.485,1800.000,1800.000,1800.000,1800.000,0.798374,1.929279,0.252217,15.763210,0.087240,19.090036,101.055932,0.000000,0.675080654,0.564970416,1
pi4b8_fit_20260910_v3,pi4b8g,2,1,fit,true,46,2,1842,2026-09-10T13:10:58Z,171993270822342,lucid_revision,n64,64,B1,0.5,36.511,36.511,1800.000,1800.000,1800.000,1800.000,0.778504,1.910057,0.252365,15.749228,0.090332,19.028834,101.054173,0.000000,0.683710233,0.597140189,1
pi4b8_fit_20260910_v3,pi4b8g,2,1,fit,true,46,3,1843,2026-09-10T13:10:58Z,171993372324933,lucid_revision,n64,64,B1,0.5,36.511,37.485,1800.000,1800.000,1800.000,1800.000,0.832003,1.834892,0.253403,15.704562,0.090147,18.965094,101.059098,0.000000,0.756770351,0.654647266,1
pi4b8_fit_20260910_v3,pi4b8g,2,1,fit,true,46,4,1844,2026-09-10T13:10:58Z,171993473760876,lucid_revision,n64,64,B1,0.5,37.485,35.537,1800.000,1800.000,1800.000,1800.000,0.782727,1.930890,0.252848,15.761024,0.088850,19.068334,101.073006,0.000000,0.667315983,0.601293682,1
pi4b8_fit_20260910_v3,pi4b8g,2,1,fit,true,46,5,1845,2026-09-10T13:10:58Z,171993575243356,lucid_revision,n64,64,B1,0.5,35.537,36.998,1800.000,1800.000,1800.000,1800.000,0.843133,1.844817,0.256717,15.749505,0.090202,19.037612,101.106043,0.000000,0.699501598,0.601679259,1
pi4b8_fit_20260910_v3,pi4b8g,2,1,fit,true,46,6,1846,2026-09-10T13:10:58Z,171993676731706,lucid_revision,n64,64,B1,0.5,36.998,36.998,1800.000,1800.000,1800.000,1800.000,0.792838,1.838762,0.254625,15.736413,0.089443,18.961743,101.047248,0.000000,0.659347972,0.571354963,1
pi4b8_fit_20260910_v3,pi4b8g,2,1,fit,true,46,7,1847,2026-09-10T13:10:58Z,171993778155928,lucid_revision,n64,64,B1,0.5,36.998,37.485,1800.000,1800.000,1800.000,1800.000,0.797911,1.913316,0.250718,15.732302,0.089850,19.038001,101.063025,0.000000,0.691408444,0.604471665,1
pi4b8_fit_20260910_v3,pi4b8g,2,1,fit,true,46,8,1848,2026-09-10T13:10:58Z,171993879607483,lucid_revision,n64,64,B1,0.5,37.485,36.511,1800.000,1800.000,1800.000,1800.000,0.868484,1.862484,0.250995,15.825653,0.089016,19.150017,100.968341,0.000000,0.637933262,0.546092370,1
pi4b8_fit_20260910_v3,pi4b8g,2,1,fit,true,46,9,1849,2026-09-10T13:10:58Z,171993980995390,lucid_revision,n64,64,B1,0.5,36.511,36.998,1800.000,1800.000,1800.000,1800.000,0.796893,1.873854,0.296754,15.698933,0.090609,19.036483,101.087339,0.000000,0.717683175,0.612555031,1
pi4b8_fit_20260910_v3,pi4b8g,2,1,fit,true,46,10,1850,2026-09-10T13:10:58Z,171994082508907,lucid_revision,n64,64,B1,0.5,36.998,36.998,1800.000,1800.000,1800.000,1800.000,0.787930,1.878409,0.256681,15.696433,0.089313,18.959409,101.203540,0.000000,0.647826357,0.574906640,1
pi4b8_fit_20260910_v3,pi4b8g,2,1,fit,true,46,11,1851,2026-09-10T13:10:59Z,171994184222864,lucid_revision,n64,64,B1,0.5,36.998,37.972,1800.000,1800.000,1800.000,1800.000,0.958408,1.977334,0.279439,15.750820,0.091387,19.355884,101.053673,0.000000,0.723544242,0.649056867,1
pi4b8_fit_20260910_v3,pi4b8g,2,1,fit,true,46,12,1852,2026-09-10T13:10:59Z,171994285670085,lucid_revision,n64,64,B1,0.5,37.972,37.485,1800.000,1800.000,1800.000,1800.000,0.785560,1.918853,0.251884,15.757895,0.088609,19.055889,101.112376,0.000000,0.673144348,0.579171261,1
pi4b8_fit_20260910_v3,pi4b8g,2,1,fit,true,46,13,1853,2026-09-10T13:10:59Z,171994387219619,lucid_revision,n64,64,B1,0.5,37.485,36.511,1800.000,1800.000,1800.000,1800.000,0.842688,1.939668,0.279477,15.750468,0.090128,19.172332,101.472499,0.000000,0.655408727,0.577159802,1
pi4b8_fit_20260910_v3,pi4b8g,2,1,fit,true,46,14,1854,2026-09-10T13:10:59Z,171994489227719,lucid_revision,n64,64,B1,0.5,36.511,37.972,1800.000,1800.000,1800.000,1800.000,1.096128,2.090128,0.292494,16.599083,0.105591,20.509900,101.136968,0.000000,0.639148960,0.569782023,1
pi4b8_fit_20260910_v3,pi4b8g,2,1,fit,true,46,15,1855,2026-09-10T13:10:59Z,171994590802364,lucid_revision,n64,64,B1,0.5,38.946,37.485,1800.000,1800.000,1800.000,1800.000,0.935871,2.185812,0.376234,16.186627,0.094406,20.108907,101.099635,0.000000,0.685563334,0.617268510,1
pi4b8_fit_20260910_v3,pi4b8g,2,1,fit,true,46,16,1856,2026-09-10T13:10:59Z,171994692369250,lucid_revision,n64,64,B1,0.5,37.485,37.485,1800.000,1800.000,1800.000,1800.000,0.819504,1.841855,0.257754,15.756932,0.089720,19.022501,101.047821,0.000000,0.708260765,0.630910466,1
pi4b8_fit_20260910_v3,pi4b8g,2,1,fit,true,46,17,1857,2026-09-10T13:10:59Z,171994793806934,lucid_revision,n64,64,B1,0.5,37.485,36.998,1800.000,1800.000,1800.000,1800.000,0.796282,1.909187,0.253995,15.757561,0.089332,19.053853,101.048729,0.000000,0.710485177,0.616050096,1
pi4b8_fit_20260910_v3,pi4b8g,2,1,fit,true,46,18,1858,2026-09-10T13:10:59Z,171994895271507,lucid_revision,n64,64,B1,0.5,36.998,38.459,1800.000,1800.000,1800.000,1800.000,0.892465,1.854077,0.254625,15.721821,0.090962,19.063686,100.936972,0.000000,0.647570985,0.557361363,1
pi4b8_fit_20260910_v3,pi4b8g,2,1,fit,true,46,19,1859,2026-09-10T13:10:59Z,171994996627730,lucid_revision,n64,64,B1,0.5,38.459,36.998,1800.000,1800.000,1800.000,1800.000,0.805170,1.880373,0.251958,15.810097,0.090332,19.086852,101.046822,0.000000,0.780061595,0.702916455,1
pi4b8_fit_20260910_v3,pi4b8g,2,1,fit,true,46,20,1860,2026-09-10T13:10:59Z,171995098054063,lucid_revision,n64,64,B1,0.5,36.998,37.972,1800.000,1800.000,1800.000,1800.000,0.782985,1.937334,0.254459,15.759987,0.090554,19.079926,101.046933,0.000000,0.695377129,0.614650581,1
pi4b8_fit_20260910_v3,pi4b8g,2,1,fit,true,46,21,1861,2026-09-10T13:11:00Z,171995199481618,lucid_revision,n64,64,B1,0.5,37.972,36.998,1800.000,1800.000,1800.000,1800.000,0.837818,1.869521,0.249700,15.754802,0.091924,19.052871,101.076858,0.000000,0.768710750,0.662493182,1
pi4b8_fit_20260910_v3,pi4b8g,2,1,fit,true,46,22,1862,2026-09-10T13:11:00Z,171995300935784,lucid_revision,n64,64,B1,0.5,36.998,36.998,1800.000,1800.000,1800.000,1800.000,0.794485,1.842466,0.291495,15.732895,0.089128,18.998501,101.054302,0.000000,0.641553720,0.569266492,1
pi4b8_fit_20260910_v3,pi4b8g,2,1,fit,true,46,23,1863,2026-09-10T13:11:00Z,171995402368376,lucid_revision,n64,64,B1,0.5,36.998,36.511,1800.000,1800.000,1800.000,1800.000,0.784467,1.912261,0.250959,15.782135,0.090795,19.074111,101.053747,0.000000,0.680964895,0.610740665,1
pi4b8_fit_20260910_v3,pi4b8g,2,1,fit,true,46,24,1864,2026-09-10T13:11:00Z,171995503798246,lucid_revision,n64,64,B1,0.5,36.511,37.485,1800.000,1800.000,1800.000,1800.000,0.842058,1.845614,0.252662,15.748117,0.091647,19.029408,101.069413,0.000000,0.723603868,0.634710818,1
pi4b8_fit_20260910_v3,pi4b8g,2,1,fit,true,46,25,1865,2026-09-10T13:11:00Z,171995605241856,lucid_revision,n64,64,B1,0.5,37.485,36.998,1800.000,1800.000,1800.000,1800.000,0.795726,1.823707,0.253458,15.757857,0.088850,19.005186,101.039562,0.000000,0.741845333,0.630063953,1
pi4b8_fit_20260910_v3,pi4b8g,2,1,fit,true,46,26,1866,2026-09-10T13:11:00Z,171995706655226,lucid_revision,n64,64,B1,0.5,36.998,37.972,1800.000,1800.000,1800.000,1800.000,0.789078,1.901076,0.250477,15.752672,0.091406,19.036445,101.041081,0.000000,0.649113506,0.587003703,1
pi4b8_fit_20260910_v3,pi4b8g,2,1,fit,true,46,27,1867,2026-09-10T13:11:00Z,171995808108540,lucid_revision,n64,64,B1,0.5,37.972,37.485,1800.000,1800.000,1800.000,1800.000,0.811152,1.856614,0.250051,15.751413,0.089850,19.014279,101.063950,0.000000,0.699263271,0.646929721,1
pi4b8_fit_20260910_v3,pi4b8g,2,1,fit,true,46,28,1868,2026-09-10T13:11:00Z,171995909573779,lucid_revision,n64,64,B1,0.5,37.485,37.485,1800.000,1800.000,1800.000,1800.000,0.793115,1.971278,0.256810,15.775950,0.089461,19.142777,100.910861,0.000000,0.670353956,0.573184672,1
pi4b8_fit_20260910_v3,pi4b8g,2,1,fit,true,46,29,1869,2026-09-10T13:11:00Z,171996010904780,lucid_revision,n64,64,B1,0.5,37.485,37.485,1800.000,1800.000,1800.000,1800.000,0.788115,1.920113,0.260143,15.828208,0.091498,19.138499,101.051155,0.000000,0.634036098,0.576389685,1
pi4b8_fit_20260910_v3,pi4b8g,2,1,fit,true,46,30,1870,2026-09-10T13:11:01Z,171996112365316,lucid_revision,n64,64,B1,0.5,37.485,36.511,1800.000,1800.000,1800.000,1800.000,0.816800,1.843670,0.251106,15.704414,0.088906,18.954558,101.053396,0.000000,0.653014242,0.560711295,1
pi4b8_fit_20260910_v3,pi4b8g,2,1,fit,true,46,31,1871,2026-09-10T13:11:01Z,171996213794686,lucid_revision,n64,64,B1,0.5,36.511,38.459,1800.000,1800.000,1800.000,1800.000,0.787486,1.907261,0.255495,15.793450,0.088776,19.083926,101.044710,0.000000,0.669148751,0.578915893,1
pi4b8_fit_20260910_v3,pi4b8g,2,1,fit,true,46,32,1872,2026-09-10T13:11:01Z,171996315212612,lucid_revision,n64,64,B1,0.5,38.459,37.485,1800.000,1800.000,1800.000,1800.000,0.837484,1.876224,0.253773,15.750006,0.090536,19.060315,101.080894,0.000000,0.656798707,0.583356749,1
pi4b8_fit_20260910_v3,pi4b8g,2,1,fit,true,46,33,1873,2026-09-10T13:11:01Z,171996416733128,lucid_revision,n64,64,B1,0.5,37.972,36.511,1800.000,1800.000,1800.000,1800.000,0.867669,2.034388,0.287180,15.670082,0.089035,19.209146,101.051877,0.000000,0.653997008,0.564886015,1
pi4b8_fit_20260910_v3,pi4b8g,2,1,fit,true,46,34,1874,2026-09-10T13:11:01Z,171996518171831,lucid_revision,n64,64,B1,0.5,36.511,36.998,1800.000,1800.000,1800.000,1800.000,0.797689,1.913187,0.254550,15.704988,0.091943,19.016834,101.048895,0.000000,0.744116194,0.658951897,1
pi4b8_fit_20260910_v3,pi4b8g,2,1,fit,true,46,35,1875,2026-09-10T13:11:01Z,171996619599775,lucid_revision,n64,64,B1,0.5,36.998,38.459,1800.000,1800.000,1800.000,1800.000,0.849058,1.851188,0.248921,15.709951,0.089147,18.999797,101.082820,0.000000,0.717854247,0.611210764,1
pi4b8_fit_20260910_v3,pi4b8g,2,1,fit,true,46,36,1876,2026-09-10T13:11:01Z,171996721060255,lucid_revision,n64,64,B1,0.5,38.459,36.998,1800.000,1800.000,1800.000,1800.000,0.794930,1.848651,0.292514,15.696580,0.131072,19.013057,101.050395,0.000000,0.723894055,0.617367829,1
pi4b8_fit_20260910_v3,pi4b8g,2,1,fit,true,46,37,1877,2026-09-10T13:11:01Z,171996822492884,lucid_revision,n64,64,B1,0.5,36.998,36.998,1800.000,1800.000,1800.000,1800.000,0.786393,1.907891,0.252217,15.802949,0.091369,19.089611,101.032414,0.000000,0.745637402,0.631703321,1
pi4b8_fit_20260910_v3,pi4b8g,2,1,fit,true,46,38,1878,2026-09-10T13:11:01Z,171996923912476,lucid_revision,n64,64,B1,0.5,36.998,37.485,1800.000,1800.000,1800.000,1800.000,0.879410,1.856336,0.253162,15.735988,0.090480,19.066723,100.941898,0.000000,0.591566015,0.496408184,1
pi4b8_fit_20260910_v3,pi4b8g,2,1,fit,true,46,39,1879,2026-09-10T13:11:01Z,171997025273236,lucid_revision,n64,64,B1,0.5,37.485,37.972,1800.000,1800.000,1800.000,1800.000,0.787541,1.870076,0.256884,15.733932,0.089424,19.024094,101.043748,0.000000,0.641162955,0.550589119,1
pi4b8_fit_20260910_v3,pi4b8g,2,1,fit,true,47,0,1880,2026-09-10T13:11:02Z,171997711566503,fisvdd_revision,n1024,1024,B2,1.0,36.024,37.485,1800.000,1800.000,1800.000,1800.000,1.025259,29.552326,0.799745,19.097500,0.101684,52.308850,101.094839,0.000000,0.693432423,0.500789339,1
pi4b8_fit_20260910_v3,pi4b8g,2,1,fit,true,47,1,1881,2026-09-10T13:11:02Z,171997813632861,fisvdd_revision,n1024,1024,B2,1.0,37.485,37.485,1800.000,1800.000,1800.000,1800.000,0.900502,27.724044,0.804615,19.092462,0.103535,50.341257,101.100339,0.000000,0.680332134,0.499752091,1
pi4b8_fit_20260910_v3,pi4b8g,2,1,fit,true,47,2,1882,2026-09-10T13:11:02Z,171997915669405,fisvdd_revision,n1024,1024,B2,1.0,37.485,37.485,1800.000,1800.000,1800.000,1800.000,0.967594,27.759711,0.762263,20.160072,0.089202,51.459477,101.020192,0.000000,0.677708166,0.499990442,1
pi4b8_fit_20260910_v3,pi4b8g,2,1,fit,true,47,3,1883,2026-09-10T13:11:02Z,171998017633635,fisvdd_revision,n1024,1024,B2,1.0,37.485,38.459,1800.000,1800.000,1800.000,1800.000,0.886003,27.585973,0.792986,19.094685,0.100332,50.200241,101.087117,0.000000,0.686200754,0.499502224,1
pi4b8_fit_20260910_v3,pi4b8g,2,1,fit,true,47,4,1884,2026-09-10T13:11:03Z,171998119658790,fisvdd_revision,n1024,1024,B2,1.0,38.459,38.459,1800.000,1800.000,1800.000,1800.000,0.953020,27.691711,0.759264,19.107833,0.101702,50.338016,101.119431,0.000000,0.694548460,0.499888420,1
pi4b8_fit_20260910_v3,pi4b8g,2,1,fit,true,47,5,1885,2026-09-10T13:11:03Z,171998221730704,fisvdd_revision,n1024,1024,B2,1.0,38.459,38.459,1800.000,1800.000,1800.000,1800.000,0.894484,27.608805,0.797485,19.084130,0.098646,50.201907,101.093672,0.000000,0.676913851,0.499718704,1
pi4b8_fit_20260910_v3,pi4b8g,2,1,fit,true,47,6,1886,2026-09-10T13:11:03Z,171998323767822,fisvdd_revision,n1024,1024,B2,1.0,38.459,39.433,1800.000,1800.000,1800.000,1800.000,0.957964,27.544177,0.760264,19.125777,0.100165,50.238814,101.122042,0.000000,0.689267444,0.500474547,1
pi4b8_fit_20260910_v3,pi4b8g,2,1,fit,true,47,7,1887,2026-09-10T13:11:03Z,171998425842642,fisvdd_revision,n1024,1024,B2,1.0,39.433,37.972,1800.000,1800.000,1800.000,1800.000,0.892483,27.646656,0.765208,19.125629,0.100461,50.331220,101.083784,0.000000,0.687711554,0.500080539,1
pi4b8_fit_20260910_v3,pi4b8g,2,1,fit,true,47,8,1888,2026-09-10T13:11:03Z,171998527895297,fisvdd_revision,n1024,1024,B2,1.0,37.972,37.485,1800.000,1800.000,1800.000,1800.000,0.953649,27.544196,0.760727,19.133535,0.099424,50.230462,101.114950,0.000000,0.672747409,0.499911581,1
pi4b8_fit_20260910_v3,pi4b8g,2,1,fit,true,47,9,1889,2026-09-10T13:11:03Z,171998629961637,fisvdd_revision,n1024,1024,B2,1.0,37.485,37.972,1800.000,1800.000,1800.000,1800.000,0.899816,27.581713,0.759134,19.098407,0.101183,50.241128,101.081968,0.000000,0.685909413,0.499364627,1
pi4b8_fit_20260910_v3,pi4b8g,2,1,fit,true,47,10,1890,2026-09-10T13:11:03Z,171998731988736,fisvdd_revision,n1024,1024,B2,1.0,37.972,38.946,1800.000,1800.000,1800.000,1800.000,0.916520,27.605268,0.763708,19.136480,0.102128,50.326257,101.099931,0.000000,0.693692842,0.499986979,1
pi4b8_fit_20260910_v3,pi4b8g,2,1,fit,true,47,11,1891,2026-09-10T13:11:03Z,171998834036446,fisvdd_revision,n1024,1024,B2,1.0,38.946,37.485,1800.000,1800.000,1800.000,1800.000,0.888910,27.733211,0.753153,19.151536,0.100924,50.394071,101.110191,0.000000,0.675926027,0.499914344,1
pi4b8_fit_20260910_v3,pi4b8g,2,1,fit,true,47,12,1892,2026-09-10T13:11:03Z,171998936131730,fisvdd_revision,n1024,1024,B2,1.0,37.485,38.946,1800.000,1800.000,1800.000,1800.000,0.908243,27.773024,1.260903,19.487381,0.100442,51.287276,101.081209,0.000000,0.692887502,0.500115740,1
pi4b8_fit_20260910_v3,pi4b8g,2,1,fit,true,47,13,1893,2026-09-10T13:11:03Z,171999038158144,fisvdd_revision,n1024,1024,B2,1.0,38.946,38.946,1800.000,1800.000,1800.000,1800.000,0.896391,27.803765,0.757875,19.135221,0.099127,50.458273,101.081395,0.000000,0.679118796,0.500064153,1
pi4b8_fit_20260910_v3,pi4b8g,2,1,fit,true,47,14,1894,2026-09-10T13:11:04Z,171999140238483,fisvdd_revision,n1024,1024,B2,1.0,38.946,38.459,1800.000,1800.000,1800.000,1800.000,0.905039,27.587880,0.759819,19.112092,0.100479,50.188204,101.114524,0.000000,0.677730681,0.499934900,1
pi4b8_fit_20260910_v3,pi4b8g,2,1,fit,true,47,15,1895,2026-09-10T13:11:04Z,171999242360637,fisvdd_revision,n1024,1024,B2,1.0,38.459,38.459,1800.000,1800.000,1800.000,1800.000,0.894631,27.834209,0.761856,19.124758,0.100850,50.448384,101.097598,0.000000,0.682480228,0.499158067,1
pi4b8_fit_20260910_v3,pi4b8g,2,1,fit,true,47,16,1896,2026-09-10T13:11:04Z,171999344443846,fisvdd_revision,n1024,1024,B2,1.0,38.459,38.459,1800.000,1800.000,1800.000,1800.000,0.914224,27.599306,0.765615,19.121425,0.099794,50.214222,101.097024,0.000000,0.692783270,0.500222076,1
pi4b8_fit_20260910_v3,pi4b8g,2,1,fit,true,47,17,1897,2026-09-10T13:11:04Z,171999446478834,fisvdd_revision,n1024,1024,B2,1.0,38.459,37.972,1800.000,1800.000,1800.000,1800.000,0.889613,28.024594,0.767189,19.135999,0.101924,50.657751,101.088173,0.000000,0.680022432,0.500012661,1
pi4b8_fit_20260910_v3,pi4b8g,2,1,fit,true,47,18,1898,2026-09-10T13:11:04Z,171999548546044,fisvdd_revision,n1024,1024,B2,1.0,37.972,39.433,1800.000,1800.000,1800.000,1800.000,0.918928,27.755339,0.765060,19.152091,0.100461,50.438792,101.100080,0.000000,0.693391223,0.499873822,1
pi4b8_fit_20260910_v3,pi4b8g,2,1,fit,true,47,19,1899,2026-09-10T13:11:04Z,171999650600106,fisvdd_revision,n1024,1024,B2,1.0,39.920,38.946,1800.000,1800.000,1800.000,1800.000,0.889631,27.687360,0.761838,19.131407,0.100850,50.332498,101.095987,0.000000,0.681750882,0.500468062,1
pi4b8_fit_20260910_v3,pi4b8g,2,1,fit,true,47,20,1900,2026-09-10T13:11:04Z,171999752682538,fisvdd_revision,n1024,1024,B2,1.0,38.946,38.946,1800.000,1800.000,1800.000,1800.000,0.909668,27.674823,0.757893,19.137795,0.102609,50.330294,101.091376,0.000000,0.676612742,0.499942234,1
pi4b8_fit_20260910_v3,pi4b8g,2,1,fit,true,47,21,1901,2026-09-10T13:11:04Z,171999854727897,fisvdd_revision,n1024,1024,B2,1.0,38.946,39.433,1800.000,1800.000,1800.000,1800.000,0.893724,27.876523,0.762023,19.130166,0.102313,50.530068,101.090042,0.000000,0.682603025,0.499600580,1
pi4b8_fit_20260910_v3,pi4b8g,2,1,fit,true,47,22,1902,2026-09-10T13:11:04Z,171999956819643,fisvdd_revision,n1024,1024,B2,1.0,39.433,39.920,1800.000,1800.000,1800.000,1800.000,0.912446,28.374217,0.754857,19.860763,0.098183,52.126261,101.081950,0.000000,0.688868874,0.499653514,1
pi4b8_fit_20260910_v3,pi4b8g,2,1,fit,true,47,23,1903,2026-09-10T13:11:04Z,172000058889186,fisvdd_revision,n1024,1024,B2,1.0,39.920,39.433,1800.000,1800.000,1800.000,1800.000,0.902058,27.730007,0.756208,19.123203,0.101628,50.392460,101.087895,0.000000,0.689270170,0.499918511,1
pi4b8_fit_20260910_v3,pi4b8g,2,1,fit,true,47,24,1904,2026-09-10T13:11:05Z,172000160933711,fisvdd_revision,n1024,1024,B2,1.0,39.433,38.459,1800.000,1800.000,1800.000,1800.000,0.916946,27.712451,0.755579,19.143758,0.101350,50.367701,101.081988,0.000000,0.685445256,0.500036596,1
pi4b8_fit_20260910_v3,pi4b8g,2,1,fit,true,47,25,1905,2026-09-10T13:11:05Z,172000262955237,fisvdd_revision,n1024,1024,B2,1.0,38.459,39.920,1800.000,1800.000,1800.000,1800.000,0.894132,27.650139,0.758375,19.127110,0.101424,50.306665,101.128449,0.000000,0.687816199,0.500074999,1
pi4b8_fit_20260910_v3,pi4b8g,2,1,fit,true,47,26,1906,2026-09-10T13:11:05Z,172000365037021,fisvdd_revision,n1024,1024,B2,1.0,39.920,38.459,1800.000,1800.000,1800.000,1800.000,0.901484,27.588954,0.761616,19.130573,0.102999,50.233554,101.094301,0.000000,0.673374030,0.500181991,1
pi4b8_fit_20260910_v3,pi4b8g,2,1,fit,true,47,27,1907,2026-09-10T13:11:05Z,172000467079249,fisvdd_revision,n1024,1024,B2,1.0,38.459,38.946,1800.000,1800.000,1800.000,1800.000,0.945890,27.835357,0.757893,19.161128,0.100572,50.556383,101.115080,0.000000,0.684536254,0.499621102,1
pi4b8_fit_20260910_v3,pi4b8g,2,1,fit,true,47,28,1908,2026-09-10T13:11:05Z,172000569147756,fisvdd_revision,n1024,1024,B2,1.0,38.946,39.920,1800.000,1800.000,1800.000,1800.000,0.899594,27.552029,0.799967,19.105684,0.101424,50.202629,101.094190,0.000000,0.689117882,0.499760927,1
pi4b8_fit_20260910_v3,pi4b8g,2,1,fit,true,47,29,1909,2026-09-10T13:11:05Z,172000671168837,fisvdd_revision,n1024,1024,B2,1.0,39.920,38.946,1800.000,1800.000,1800.000,1800.000,0.943501,27.661027,0.759560,19.139795,0.101850,50.364997,101.129708,0.000000,0.687480876,0.500040988,1
pi4b8_fit_20260910_v3,pi4b8g,2,1,fit,true,47,30,1910,2026-09-10T13:11:05Z,172000773255435,fisvdd_revision,n1024,1024,B2,1.0,38.946,39.433,1800.000,1800.000,1800.000,1800.000,0.896780,27.529529,0.805244,19.105036,0.099276,50.189371,101.104654,0.000000,0.683708885,0.499785943,1
pi4b8_fit_20260910_v3,pi4b8g,2,1,fit,true,47,31,1911,2026-09-10T13:11:05Z,172000875296590,fisvdd_revision,n1024,1024,B2,1.0,39.433,39.920,1800.000,1800.000,1800.000,1800.000,1.027444,27.674971,0.752931,19.128240,0.100961,50.414774,101.132949,0.000000,0.685153391,0.500184218,1
pi4b8_fit_20260910_v3,pi4b8g,2,1,fit,true,47,32,1912,2026-09-10T13:11:05Z,172000977387707,fisvdd_revision,n1024,1024,B2,1.0,39.920,38.946,1800.000,1800.000,1800.000,1800.000,0.897002,28.658656,0.764431,19.173017,0.103091,51.737749,101.092431,0.000000,0.678469699,0.499896189,1
pi4b8_fit_20260910_v3,pi4b8g,2,1,fit,true,47,33,1913,2026-09-10T13:11:05Z,172001079432824,fisvdd_revision,n1024,1024,B2,1.0,38.946,39.433,1800.000,1800.000,1800.000,1800.000,0.964945,27.676008,0.765393,19.121240,0.103887,50.318461,101.120265,0.000000,0.690120359,0.499677908,1
pi4b8_fit_20260910_v3,pi4b8g,2,1,fit,true,47,34,1914,2026-09-10T13:11:06Z,172001181501238,fisvdd_revision,n1024,1024,B2,1.0,39.433,39.920,1800.000,1800.000,1800.000,1800.000,0.891891,27.645564,0.809096,19.103425,0.102961,50.263610,101.092839,0.000000,0.687664245,0.499628077,1
pi4b8_fit_20260910_v3,pi4b8g,2,1,fit,true,47,35,1915,2026-09-10T13:11:06Z,172001283536634,fisvdd_revision,n1024,1024,B2,1.0,39.920,39.433,1800.000,1800.000,1800.000,1800.000,0.954871,27.552029,0.769819,19.136351,0.100831,50.197111,101.123208,0.000000,0.681467480,0.500585937,1
pi4b8_fit_20260910_v3,pi4b8g,2,1,fit,true,47,36,1916,2026-09-10T13:11:06Z,172001385603177,fisvdd_revision,n1024,1024,B2,1.0,39.433,38.946,1800.000,1800.000,1800.000,1800.000,0.887095,27.695544,0.804485,19.085351,0.102962,50.292831,101.095765,0.000000,0.683239611,0.499516306,1
pi4b8_fit_20260910_v3,pi4b8g,2,1,fit,true,47,37,1917,2026-09-10T13:11:06Z,172001487637184,fisvdd_revision,n1024,1024,B2,1.0,38.946,39.920,1800.000,1800.000,1800.000,1800.000,0.957538,27.910152,0.772930,19.165480,0.100498,50.584770,101.111061,0.000000,0.679207011,0.500079005,1
pi4b8_fit_20260910_v3,pi4b8g,2,1,fit,true,47,38,1918,2026-09-10T13:11:06Z,172001589776411,fisvdd_revision,n1024,1024,B2,1.0,39.920,38.946,1800.000,1800.000,1800.000,1800.000,0.945982,27.841764,0.767782,19.120351,0.103146,50.535216,101.109931,0.000000,0.685553832,0.499799767,1
pi4b8_fit_20260910_v3,pi4b8g,2,1,fit,true,47,39,1919,2026-09-10T13:11:06Z,172001691845732,fisvdd_revision,n1024,1024,B2,1.0,38.946,39.920,1800.000,1800.000,1800.000,1800.000,0.971741,27.882467,0.758004,19.104110,0.103369,50.496828,101.119283,0.000000,0.688937063,0.499774577,1
pi4b8_fit_20260910_v3,pi4b8g,2,1,fit,true,48,0,1920,2026-09-10T13:11:07Z,172002398222850,fisvdd_revision,n512,512,B2,1.0,38.946,37.972,1800.000,1800.000,1800.000,1800.000,0.997666,13.905484,0.553897,9.618267,0.100331,26.136037,101.111061,0.000000,0.680943226,0.500028382,1
pi4b8_fit_20260910_v3,pi4b8g,2,1,fit,true,48,1,1921,2026-09-10T13:11:07Z,172002500046157,fisvdd_revision,n512,512,B2,1.0,37.972,38.946,1800.000,1800.000,1800.000,1800.000,0.870688,13.949669,0.591415,9.600934,0.098072,26.064316,101.095209,0.000000,0.681749476,0.499402265,1
pi4b8_fit_20260910_v3,pi4b8g,2,1,fit,true,48,2,1922,2026-09-10T13:11:07Z,172002601811299,fisvdd_revision,n512,512,B2,1.0,38.946,38.459,1800.000,1800.000,1800.000,1800.000,0.841818,14.012927,0.545657,9.589601,0.096832,26.044075,101.100338,0.000000,0.691897448,0.500070106,1
pi4b8_fit_20260910_v3,pi4b8g,2,1,fit,true,48,3,1923,2026-09-10T13:11:07Z,172002703573514,fisvdd_revision,n512,512,B2,1.0,38.459,39.433,1800.000,1800.000,1800.000,1800.000,0.906279,13.990650,0.549045,9.614656,0.097109,26.109944,101.125487,0.000000,0.700000432,0.501307796,1
pi4b8_fit_20260910_v3,pi4b8g,2,1,fit,true,48,4,1924,2026-09-10T13:11:07Z,172002805378507,fisvdd_revision,n512,512,B2,1.0,39.433,39.433,1800.000,1800.000,1800.000,1800.000,0.860132,13.977038,0.547378,9.594379,0.096461,26.033482,101.095450,0.000000,0.666428383,0.498916115,1
pi4b8_fit_20260910_v3,pi4b8g,2,1,fit,true,48,5,1925,2026-09-10T13:11:07Z,172002907146370,fisvdd_revision,n512,512,B2,1.0,38.946,38.946,1800.000,1800.000,1800.000,1800.000,0.962667,13.985557,0.551656,9.628026,0.100054,26.178795,101.142820,0.000000,0.692410090,0.500654154,1
pi4b8_fit_20260910_v3,pi4b8g,2,1,fit,true,48,6,1926,2026-09-10T13:11:07Z,172003008960474,fisvdd_revision,n512,512,B2,1.0,38.946,39.433,1800.000,1800.000,1800.000,1800.000,0.866021,14.663433,0.644155,9.643989,0.100442,27.346514,101.103635,0.000000,0.685541705,0.500025896,1
pi4b8_fit_20260910_v3,pi4b8g,2,1,fit,true,48,7,1927,2026-09-10T13:11:08Z,172003110734448,fisvdd_revision,n512,512,B2,1.0,39.433,39.433,1800.000,1800.000,1800.000,1800.000,0.841374,14.029593,0.547008,9.612990,0.099053,26.075667,101.097617,0.000000,0.666458578,0.499855909,1
pi4b8_fit_20260910_v3,pi4b8g,2,1,fit,true,48,8,1928,2026-09-10T13:11:08Z,172003212540237,fisvdd_revision,n512,512,B2,1.0,39.433,38.946,1800.000,1800.000,1800.000,1800.000,0.867465,14.035001,0.547194,9.591564,0.096202,26.153184,101.087635,0.000000,0.682446210,0.500234804,1
pi4b8_fit_20260910_v3,pi4b8g,2,1,fit,true,48,9,1929,2026-09-10T13:11:08Z,172003314316119,fisvdd_revision,n512,512,B2,1.0,38.946,38.946,1800.000,1800.000,1800.000,1800.000,0.852096,14.048815,0.546027,9.609433,0.100369,26.098889,101.095265,0.000000,0.689208877,0.498935721,1
pi4b8_fit_20260910_v3,pi4b8g,2,1,fit,true,48,10,1930,2026-09-10T13:11:08Z,172003416138370,fisvdd_revision,n512,512,B2,1.0,38.946,39.433,1800.000,1800.000,1800.000,1800.000,0.870317,14.021871,0.594841,9.618953,0.098221,26.162129,101.112894,0.000000,0.680422739,0.500272004,1
pi4b8_fit_20260910_v3,pi4b8g,2,1,fit,true,48,11,1931,2026-09-10T13:11:08Z,172003517918863,fisvdd_revision,n512,512,B2,1.0,39.433,38.946,1800.000,1800.000,1800.000,1800.000,0.854262,14.058630,0.545675,9.587490,0.127238,26.120870,101.090450,0.000000,0.709961034,0.499277112,1
pi4b8_fit_20260910_v3,pi4b8g,2,1,fit,true,48,12,1932,2026-09-10T13:11:08Z,172003619686301,fisvdd_revision,n512,512,B2,1.0,38.946,39.433,1800.000,1800.000,1800.000,1800.000,0.902169,13.958261,0.558194,9.624063,0.097794,26.093593,101.128579,0.000000,0.660715693,0.500099199,1
pi4b8_fit_20260910_v3,pi4b8g,2,1,fit,true,48,13,1933,2026-09-10T13:11:08Z,172003721518219,fisvdd_revision,n512,512,B2,1.0,39.433,38.459,1800.000,1800.000,1800.000,1800.000,0.864835,14.052685,0.546249,9.607137,0.097295,26.108777,101.093839,0.000000,0.702440462,0.499378157,1
pi4b8_fit_20260910_v3,pi4b8g,2,1,fit,true,48,14,1934,2026-09-10T13:11:08Z,172003823308100,fisvdd_revision,n512,512,B2,1.0,38.459,40.407,1800.000,1800.000,1800.000,1800.000,0.904464,14.052722,0.553175,9.662284,0.096776,26.229924,101.131098,0.000000,0.678996969,0.500273769,1
pi4b8_fit_20260910_v3,pi4b8g,2,1,fit,true,48,15,1935,2026-09-10T13:11:08Z,172003925106130,fisvdd_revision,n512,512,B2,1.0,40.407,38.946,1800.000,1800.000,1800.000,1800.000,0.862262,13.897318,0.550138,9.598952,0.099128,26.012983,101.094802,0.000000,0.689063702,0.500900798,1
pi4b8_fit_20260910_v3,pi4b8g,2,1,fit,true,48,16,1936,2026-09-10T13:11:08Z,172004027004362,fisvdd_revision,n512,512,B2,1.0,38.946,39.920,1800.000,1800.000,1800.000,1800.000,1.503528,14.572250,0.599619,9.609934,0.097054,27.349458,101.121282,0.000000,0.675617676,0.499188424,1
pi4b8_fit_20260910_v3,pi4b8g,2,1,fit,true,48,17,1937,2026-09-10T13:11:09Z,172004128807206,fisvdd_revision,n512,512,B2,1.0,39.920,39.920,1800.000,1800.000,1800.000,1800.000,0.862799,13.918855,0.548620,9.593712,0.098332,26.033668,101.482869,0.000000,0.709168696,0.500716138,1
pi4b8_fit_20260910_v3,pi4b8g,2,1,fit,true,48,18,1938,2026-09-10T13:11:09Z,172004231165985,fisvdd_revision,n512,512,B2,1.0,39.920,38.459,1800.000,1800.000,1800.000,1800.000,1.276328,14.113702,0.594304,9.652878,0.100165,26.734747,101.134949,0.000000,0.665478745,0.499771485,1
pi4b8_fit_20260910_v3,pi4b8g,2,1,fit,true,48,19,1939,2026-09-10T13:11:09Z,172004333010439,fisvdd_revision,n512,512,B2,1.0,38.459,38.946,1800.000,1800.000,1800.000,1800.000,0.867762,14.071111,0.549935,9.610193,0.099220,26.187091,101.100672,0.000000,0.675423778,0.499965311,1
pi4b8_fit_20260910_v3,pi4b8g,2,1,fit,true,48,20,1940,2026-09-10T13:11:09Z,172004434788192,fisvdd_revision,n512,512,B2,1.0,38.946,39.433,1800.000,1800.000,1800.000,1800.000,0.853132,14.038241,0.548787,9.630397,0.099832,26.134295,101.104227,0.000000,0.687248721,0.499766321,1
pi4b8_fit_20260910_v3,pi4b8g,2,1,fit,true,48,21,1941,2026-09-10T13:11:09Z,172004536597777,fisvdd_revision,n512,512,B2,1.0,39.433,38.946,1800.000,1800.000,1800.000,1800.000,0.865299,13.887948,0.545230,9.582434,0.099517,25.977854,101.551089,0.000000,0.682576732,0.499088773,1
pi4b8_fit_20260910_v3,pi4b8g,2,1,fit,true,48,22,1942,2026-09-10T13:11:09Z,172004639014554,fisvdd_revision,n512,512,B2,1.0,38.946,37.972,1800.000,1800.000,1800.000,1800.000,1.201292,14.045463,0.556268,9.665914,0.098572,26.537381,101.135949,0.000000,0.686695050,0.500697218,1
pi4b8_fit_20260910_v3,pi4b8g,2,1,fit,true,48,23,1943,2026-09-10T13:11:09Z,172004740833880,fisvdd_revision,n512,512,B2,1.0,37.972,38.946,1800.000,1800.000,1800.000,1800.000,0.863929,13.924780,0.546619,9.610082,0.098313,26.049352,101.103172,0.000000,0.700765336,0.499320625,1
pi4b8_fit_20260910_v3,pi4b8g,2,1,fit,true,48,24,1944,2026-09-10T13:11:09Z,172004842614687,fisvdd_revision,n512,512,B2,1.0,39.920,39.920,1800.000,1800.000,1800.000,1800.000,0.851799,14.194701,0.550712,9.622804,0.097776,26.284219,101.101247,0.000000,0.674429923,0.499989430,1
pi4b8_fit_20260910_v3,pi4b8g,2,1,fit,true,48,25,1945,2026-09-10T13:11:09Z,172004944431272,fisvdd_revision,n512,512,B2,1.0,39.920,38.459,1800.000,1800.000,1800.000,1800.000,0.868743,13.918818,0.574526,9.613693,0.100220,26.067223,101.684273,0.000000,0.674028114,0.499834199,1
pi4b8_fit_20260910_v3,pi4b8g,2,1,fit,true,48,26,1946,2026-09-10T13:11:09Z,172005046796884,fisvdd_revision,n512,512,B2,1.0,38.459,38.946,1800.000,1800.000,1800.000,1800.000,0.869225,14.114369,0.548915,9.636989,0.099128,26.222387,101.094413,0.000000,0.700341057,0.500443966,1
pi4b8_fit_20260910_v3,pi4b8g,2,1,fit,true,48,27,1947,2026-09-10T13:11:10Z,172005148622987,fisvdd_revision,n512,512,B2,1.0,38.946,39.433,1800.000,1800.000,1800.000,1800.000,0.877780,13.985872,0.542879,9.585693,0.096424,26.097815,101.105191,0.000000,0.686340736,0.500058095,1
pi4b8_fit_20260910_v3,pi4b8g,2,1,fit,true,48,28,1948,2026-09-10T13:11:10Z,172005250428924,fisvdd_revision,n512,512,B2,1.0,39.433,39.920,1800.000,1800.000,1800.000,1800.000,0.856114,14.073314,0.554860,9.602101,0.097072,26.136722,101.088487,0.000000,0.673160808,0.499368387,1
pi4b8_fit_20260910_v3,pi4b8g,2,1,fit,true,48,29,1949,2026-09-10T13:11:10Z,172005352259157,fisvdd_revision,n512,512,B2,1.0,39.920,39.433,1800.000,1800.000,1800.000,1800.000,0.872317,13.985982,0.552268,9.591545,0.098887,26.091185,101.091506,0.000000,0.694662329,0.500637504,1
pi4b8_fit_20260910_v3,pi4b8g,2,1,fit,true,48,30,1950,2026-09-10T13:11:10Z,172005454050965,fisvdd_revision,n512,512,B2,1.0,39.433,40.894,1800.000,1800.000,1800.000,1800.000,0.852151,14.168405,0.548508,9.612045,0.098017,26.235404,101.104246,0.000000,0.673421060,0.499448525,1
pi4b8_fit_20260910_v3,pi4b8g,2,1,fit,true,48,31,1951,2026-09-10T13:11:10Z,172005555835013,fisvdd_revision,n512,512,B2,1.0,40.894,38.459,1800.000,1800.000,1800.000,1800.000,0.911353,14.046482,0.584045,9.595083,0.098183,26.182054,101.118524,0.000000,0.679403907,0.500385012,1
pi4b8_fit_20260910_v3,pi4b8g,2,1,fit,true,48,32,1952,2026-09-10T13:11:10Z,172005657623376,fisvdd_revision,n512,512,B2,1.0,38.459,39.433,1800.000,1800.000,1800.000,1800.000,0.858114,14.047260,0.554157,9.585656,0.099424,26.098852,101.106894,0.000000,0.686403273,0.499661230,1
pi4b8_fit_20260910_v3,pi4b8g,2,1,fit,true,48,33,1953,2026-09-10T13:11:10Z,172005759404165,fisvdd_revision,n512,512,B2,1.0,39.433,39.920,1800.000,1800.000,1800.000,1800.000,0.914594,14.072574,0.547212,9.651507,0.098017,26.244220,101.192449,0.000000,0.673125418,0.498793356,1
pi4b8_fit_20260910_v3,pi4b8g,2,1,fit,true,48,34,1954,2026-09-10T13:11:10Z,172005861287082,fisvdd_revision,n512,512,B2,1.0,39.920,39.920,1800.000,1800.000,1800.000,1800.000,0.850688,14.119295,0.545249,9.591545,0.098702,26.160296,101.091895,0.000000,0.701194947,0.500552328,1
pi4b8_fit_20260910_v3,pi4b8g,2,1,fit,true,48,35,1955,2026-09-10T13:11:10Z,172005963055668,fisvdd_revision,n512,512,B2,1.0,39.920,38.459,1800.000,1800.000,1800.000,1800.000,0.855448,13.962668,0.548989,9.626655,0.097609,26.050483,100.919879,0.000000,0.687546255,0.499542674,1
pi4b8_fit_20260910_v3,pi4b8g,2,1,fit,true,48,36,1956,2026-09-10T13:11:10Z,172006064713071,fisvdd_revision,n512,512,B2,1.0,38.459,38.946,1800.000,1800.000,1800.000,1800.000,0.895521,14.019760,0.541934,9.598119,0.099313,26.160499,101.086117,0.000000,0.692409800,0.499963568,1
pi4b8_fit_20260910_v3,pi4b8g,2,1,fit,true,48,37,1957,2026-09-10T13:11:11Z,172006166470897,fisvdd_revision,n512,512,B2,1.0,38.946,39.433,1800.000,1800.000,1800.000,1800.000,0.848670,14.000612,0.554972,9.609804,0.095795,26.059668,101.101747,0.000000,0.671697667,0.500182916,1
pi4b8_fit_20260910_v3,pi4b8g,2,1,fit,true,48,38,1958,2026-09-10T13:11:11Z,172006268281705,fisvdd_revision,n512,512,B2,1.0,39.433,39.433,1800.000,1800.000,1800.000,1800.000,0.887428,14.018186,0.544212,9.600749,0.098461,26.152647,101.095339,0.000000,0.696117817,0.500970476,1
pi4b8_fit_20260910_v3,pi4b8g,2,1,fit,true,48,39,1959,2026-09-10T13:11:11Z,172006370052105,fisvdd_revision,n512,512,B2,1.0,39.433,38.946,1800.000,1800.000,1800.000,1800.000,0.853355,14.014167,0.549471,9.596360,0.099128,26.094871,101.097191,0.000000,0.689667401,0.498944623,1
pi4b8_fit_20260910_v3,pi4b8g,2,1,fit,true,49,0,1960,2026-09-10T13:11:11Z,172007087979270,oi_svdd_as_elm_revision,n1024,1024,B2,1.0,38.946,39.433,1800.000,1800.000,1800.000,1800.000,0.931927,27.837098,0.764690,65.537754,0.093609,96.896250,101.090098,0.000000,0.679636748,0.642244266,1
pi4b8_fit_20260910_v3,pi4b8g,2,1,fit,true,49,1,1961,2026-09-10T13:11:12Z,172007190036406,oi_svdd_as_elm_revision,n1024,1024,B2,1.0,39.433,39.920,1800.000,1800.000,1800.000,1800.000,0.891539,27.853634,0.759708,65.332795,0.095628,96.720197,101.104542,0.000000,0.674445743,0.619850317,1
pi4b8_fit_20260910_v3,pi4b8g,2,1,fit,true,49,2,1962,2026-09-10T13:11:12Z,172007292122134,oi_svdd_as_elm_revision,n1024,1024,B2,1.0,39.920,40.894,1800.000,1800.000,1800.000,1800.000,0.912502,27.964373,0.758782,65.394368,0.094109,96.829695,101.098450,0.000000,0.685312134,0.635727531,1
pi4b8_fit_20260910_v3,pi4b8g,2,1,fit,true,49,3,1963,2026-09-10T13:11:12Z,172007394235824,oi_svdd_as_elm_revision,n1024,1024,B2,1.0,39.920,39.433,1800.000,1800.000,1800.000,1800.000,0.910650,27.679416,0.765319,65.326591,0.096239,96.531924,101.103987,0.000000,0.688528573,0.647591335,1
pi4b8_fit_20260910_v3,pi4b8g,2,1,fit,true,49,4,1964,2026-09-10T13:11:12Z,172007496320701,oi_svdd_as_elm_revision,n1024,1024,B2,1.0,39.433,39.920,1800.000,1800.000,1800.000,1800.000,0.905465,27.721137,0.762486,65.386220,0.093165,96.568552,101.095894,0.000000,0.688601336,0.627931312,1
pi4b8_fit_20260910_v3,pi4b8g,2,1,fit,true,49,5,1965,2026-09-10T13:11:12Z,172007598368281,oi_svdd_as_elm_revision,n1024,1024,B2,1.0,39.920,40.407,1800.000,1800.000,1800.000,1800.000,0.890280,27.757970,0.766153,65.478088,0.095609,96.727457,101.095358,0.000000,0.686091493,0.650058565,1
pi4b8_fit_20260910_v3,pi4b8g,2,1,fit,true,49,6,1966,2026-09-10T13:11:12Z,172007700416992,oi_svdd_as_elm_revision,n1024,1024,B2,1.0,40.407,39.920,1800.000,1800.000,1800.000,1800.000,0.900188,27.760210,0.764300,65.433015,0.093424,96.646624,101.095746,0.000000,0.687519494,0.646359358,1
pi4b8_fit_20260910_v3,pi4b8g,2,1,fit,true,49,7,1967,2026-09-10T13:11:12Z,172007802490201,oi_svdd_as_elm_revision,n1024,1024,B2,1.0,39.920,40.894,1800.000,1800.000,1800.000,1800.000,0.894372,27.975910,0.774875,65.404053,0.094387,96.879639,101.098006,0.000000,0.672508384,0.619516594,1
pi4b8_fit_20260910_v3,pi4b8g,2,1,fit,true,49,8,1968,2026-09-10T13:11:12Z,172007904576948,oi_svdd_as_elm_revision,n1024,1024,B2,1.0,40.894,40.894,1800.000,1800.000,1800.000,1800.000,0.914946,27.914097,0.762986,65.446997,0.095276,96.840751,101.100005,0.000000,0.682557105,0.631878666,1
pi4b8_fit_20260910_v3,pi4b8g,2,1,fit,true,49,9,1969,2026-09-10T13:11:12Z,172008006648806,oi_svdd_as_elm_revision,n1024,1024,B2,1.0,40.894,39.920,1800.000,1800.000,1800.000,1800.000,0.900243,27.891930,0.772578,65.486866,0.096461,96.884750,101.098505,0.000000,0.691372439,0.652127524,1
pi4b8_fit_20260910_v3,pi4b8g,2,1,fit,true,49,10,1970,2026-09-10T13:11:12Z,172008108703905,oi_svdd_as_elm_revision,n1024,1024,B2,1.0,39.920,39.433,1800.000,1800.000,1800.000,1800.000,0.912743,27.892874,0.770597,65.468403,0.095554,96.846954,101.098283,0.000000,0.689224353,0.629797029,1
pi4b8_fit_20260910_v3,pi4b8g,2,1,fit,true,49,11,1971,2026-09-10T13:11:13Z,172008210763189,oi_svdd_as_elm_revision,n1024,1024,B2,1.0,39.433,40.407,1800.000,1800.000,1800.000,1800.000,0.899317,27.756414,0.768930,65.372460,0.093461,96.630625,101.103468,0.000000,0.682172249,0.645900021,1
pi4b8_fit_20260910_v3,pi4b8g,2,1,fit,true,49,12,1972,2026-09-10T13:11:13Z,172008312830399,oi_svdd_as_elm_revision,n1024,1024,B2,1.0,40.407,41.381,1800.000,1800.000,1800.000,1800.000,0.899428,27.823950,0.762245,65.406016,0.096276,96.688994,101.091061,0.000000,0.686284022,0.643177474,1
pi4b8_fit_20260910_v3,pi4b8g,2,1,fit,true,49,13,1973,2026-09-10T13:11:13Z,172008414893516,oi_svdd_as_elm_revision,n1024,1024,B2,1.0,41.381,40.407,1800.000,1800.000,1800.000,1800.000,0.889687,28.066334,0.777597,65.355554,0.095183,96.924249,101.093043,0.000000,0.677209665,0.624450887,1
pi4b8_fit_20260910_v3,pi4b8g,2,1,fit,true,49,14,1974,2026-09-10T13:11:13Z,172008516982689,oi_svdd_as_elm_revision,n1024,1024,B2,1.0,40.894,40.407,1800.000,1800.000,1800.000,1800.000,0.917669,27.832672,0.802319,65.369683,0.095573,96.723789,101.101005,0.000000,0.688989490,0.642872954,1
pi4b8_fit_20260910_v3,pi4b8g,2,1,fit,true,49,15,1975,2026-09-10T13:11:13Z,172008619028899,oi_svdd_as_elm_revision,n1024,1024,B2,1.0,40.407,40.894,1800.000,1800.000,1800.000,1800.000,0.894335,27.835635,0.766985,65.470052,0.094369,96.793307,101.130579,0.000000,0.687910796,0.639243795,1
pi4b8_fit_20260910_v3,pi4b8g,2,1,fit,true,49,16,1976,2026-09-10T13:11:13Z,172008721113034,oi_svdd_as_elm_revision,n1024,1024,B2,1.0,40.894,40.894,1800.000,1800.000,1800.000,1800.000,0.895336,27.950762,0.812782,65.386035,0.094017,96.839714,101.117487,0.000000,0.684063857,0.635796920,1
pi4b8_fit_20260910_v3,pi4b8g,2,1,fit,true,49,17,1977,2026-09-10T13:11:13Z,172008823224169,oi_svdd_as_elm_revision,n1024,1024,B2,1.0,41.381,40.894,1800.000,1800.000,1800.000,1800.000,0.946909,27.754839,0.779819,65.371313,0.093610,96.662162,101.192560,0.000000,0.681571421,0.640560679,1
pi4b8_fit_20260910_v3,pi4b8g,2,1,fit,true,49,18,1978,2026-09-10T13:11:13Z,172008925413747,oi_svdd_as_elm_revision,n1024,1024,B2,1.0,40.894,40.894,1800.000,1800.000,1800.000,1800.000,0.936260,27.741748,0.802707,65.372034,0.094183,96.664921,101.096747,0.000000,0.679145421,0.634679971,1
pi4b8_fit_20260910_v3,pi4b8g,2,1,fit,true,49,19,1979,2026-09-10T13:11:13Z,172009027478902,oi_svdd_as_elm_revision,n1024,1024,B2,1.0,40.894,41.381,1800.000,1800.000,1800.000,1800.000,0.940038,27.803172,1.010740,65.964542,0.093795,98.029358,101.178319,0.000000,0.685905072,0.634942117,1
pi4b8_fit_20260910_v3,pi4b8g,2,1,fit,true,49,20,1980,2026-09-10T13:11:14Z,172009129606462,oi_svdd_as_elm_revision,n1024,1024,B2,1.0,41.381,40.407,1800.000,1800.000,1800.000,1800.000,0.907649,27.764895,0.806171,65.415256,0.094554,96.683513,101.105561,0.000000,0.690266092,0.639886326,1
pi4b8_fit_20260910_v3,pi4b8g,2,1,fit,true,49,21,1981,2026-09-10T13:11:14Z,172009231687079,oi_svdd_as_elm_revision,n1024,1024,B2,1.0,40.407,42.355,1800.000,1800.000,1800.000,1800.000,0.951464,28.330237,0.774078,65.587587,0.093480,97.429148,101.145505,0.000000,0.682062209,0.636066603,1
pi4b8_fit_20260910_v3,pi4b8g,2,1,fit,true,49,22,1982,2026-09-10T13:11:14Z,172009333779530,oi_svdd_as_elm_revision,n1024,1024,B2,1.0,42.355,40.894,1800.000,1800.000,1800.000,1800.000,0.899058,27.676527,0.806725,65.714843,0.097036,96.885046,101.114820,0.000000,0.692369074,0.646814030,1
pi4b8_fit_20260910_v3,pi4b8g,2,1,fit,true,49,23,1983,2026-09-10T13:11:14Z,172009435864332,oi_svdd_as_elm_revision,n1024,1024,B2,1.0,40.894,40.407,1800.000,1800.000,1800.000,1800.000,0.981556,27.778321,0.783337,65.419960,0.094850,96.755900,101.142523,0.000000,0.682171913,0.636729077,1
pi4b8_fit_20260910_v3,pi4b8g,2,1,fit,true,49,24,1984,2026-09-10T13:11:14Z,172009537962041,oi_svdd_as_elm_revision,n1024,1024,B2,1.0,40.407,40.894,1800.000,1800.000,1800.000,1800.000,0.894299,27.764025,0.768097,65.372794,0.095072,96.643958,101.110450,0.000000,0.674741200,0.629703226,1
pi4b8_fit_20260910_v3,pi4b8g,2,1,fit,true,49,25,1985,2026-09-10T13:11:14Z,172009640089731,oi_svdd_as_elm_revision,n1024,1024,B2,1.0,40.894,41.381,1800.000,1800.000,1800.000,1800.000,0.906779,27.624676,0.775689,65.499680,0.094979,96.605681,101.108857,0.000000,0.685304339,0.632012601,1
pi4b8_fit_20260910_v3,pi4b8g,2,1,fit,true,49,26,1986,2026-09-10T13:11:14Z,172009742152330,oi_svdd_as_elm_revision,n1024,1024,B2,1.0,41.381,41.868,1800.000,1800.000,1800.000,1800.000,0.903447,27.781154,0.758171,65.450663,0.094072,96.739771,101.104968,0.000000,0.696999851,0.653993356,1
pi4b8_fit_20260910_v3,pi4b8g,2,1,fit,true,49,27,1987,2026-09-10T13:11:14Z,172009844247002,oi_svdd_as_elm_revision,n1024,1024,B2,1.0,41.868,40.407,1800.000,1800.000,1800.000,1800.000,0.906557,27.809413,0.771245,65.435978,0.096369,96.713050,101.104302,0.000000,0.679215813,0.628045165,1
pi4b8_fit_20260910_v3,pi4b8g,2,1,fit,true,49,28,1988,2026-09-10T13:11:14Z,172009946318860,oi_svdd_as_elm_revision,n1024,1024,B2,1.0,41.381,41.381,1800.000,1800.000,1800.000,1800.000,0.912409,27.795932,0.767727,65.402293,0.094869,96.718642,101.105395,0.000000,0.684700736,0.646958215,1
pi4b8_fit_20260910_v3,pi4b8g,2,1,fit,true,49,29,1989,2026-09-10T13:11:14Z,172010048420273,oi_svdd_as_elm_revision,n1024,1024,B2,1.0,41.381,41.381,1800.000,1800.000,1800.000,1800.000,0.916354,28.600954,0.785523,65.370572,0.096091,97.855103,101.106839,0.000000,0.691682344,0.641762420,1
pi4b8_fit_20260910_v3,pi4b8g,2,1,fit,true,49,30,1990,2026-09-10T13:11:15Z,172010150459502,oi_svdd_as_elm_revision,n1024,1024,B2,1.0,41.381,41.381,1800.000,1800.000,1800.000,1800.000,0.882391,27.731192,0.762245,65.408219,0.095572,96.621699,101.106950,0.000000,0.671406630,0.630358019,1
pi4b8_fit_20260910_v3,pi4b8g,2,1,fit,true,49,31,1991,2026-09-10T13:11:15Z,172010252579433,oi_svdd_as_elm_revision,n1024,1024,B2,1.0,41.381,41.868,1800.000,1800.000,1800.000,1800.000,0.906798,27.776783,0.762912,65.424238,0.094739,96.673328,101.101765,0.000000,0.684036494,0.627301468,1
pi4b8_fit_20260910_v3,pi4b8g,2,1,fit,true,49,32,1992,2026-09-10T13:11:15Z,172010354616292,oi_svdd_as_elm_revision,n1024,1024,B2,1.0,41.868,42.355,1800.000,1800.000,1800.000,1800.000,0.888335,27.945799,0.769523,65.395071,0.095999,96.845084,101.104691,0.000000,0.693754773,0.656122709,1
pi4b8_fit_20260910_v3,pi4b8g,2,1,fit,true,49,33,1993,2026-09-10T13:11:15Z,172010456712816,oi_svdd_as_elm_revision,n1024,1024,B2,1.0,42.355,40.407,1800.000,1800.000,1800.000,1800.000,0.905909,27.821190,0.768578,65.429386,0.094739,96.710198,101.100765,0.000000,0.676760812,0.620403047,1
pi4b8_fit_20260910_v3,pi4b8g,2,1,fit,true,49,34,1994,2026-09-10T13:11:15Z,172010558764860,oi_svdd_as_elm_revision,n1024,1024,B2,1.0,40.407,42.355,1800.000,1800.000,1800.000,1800.000,0.898539,27.822746,0.770542,65.374887,0.095517,96.712623,101.104764,0.000000,0.690177296,0.650656872,1
pi4b8_fit_20260910_v3,pi4b8g,2,1,fit,true,49,35,1995,2026-09-10T13:11:15Z,172010660867958,oi_svdd_as_elm_revision,n1024,1024,B2,1.0,42.355,42.355,1800.000,1800.000,1800.000,1800.000,0.903891,27.633843,0.770578,65.508348,0.094795,96.600773,101.111172,0.000000,0.685676774,0.643407607,1
pi4b8_fit_20260910_v3,pi4b8g,2,1,fit,true,49,36,1996,2026-09-10T13:11:15Z,172010762934316,oi_svdd_as_elm_revision,n1024,1024,B2,1.0,42.355,41.868,1800.000,1800.000,1800.000,1800.000,0.895243,27.824913,0.762134,65.480829,0.096924,96.811566,101.133208,0.000000,0.675795091,0.626022184,1
pi4b8_fit_20260910_v3,pi4b8g,2,1,fit,true,49,37,1997,2026-09-10T13:11:15Z,172010865046006,oi_svdd_as_elm_revision,n1024,1024,B2,1.0,41.868,43.329,1800.000,1800.000,1800.000,1800.000,0.904539,27.827338,0.806133,65.360368,0.097424,96.700291,101.102191,0.000000,0.683461350,0.626669368,1
pi4b8_fit_20260910_v3,pi4b8g,2,1,fit,true,49,38,1998,2026-09-10T13:11:15Z,172010967092031,oi_svdd_as_elm_revision,n1024,1024,B2,1.0,43.329,41.381,1800.000,1800.000,1800.000,1800.000,0.941612,27.886023,0.766356,65.389109,0.094924,96.818011,101.126691,0.000000,0.692692208,0.652920139,1
pi4b8_fit_20260910_v3,pi4b8g,2,1,fit,true,49,39,1999,2026-09-10T13:11:15Z,172011069197648,oi_svdd_as_elm_revision,n1024,1024,B2,1.0,41.381,41.381,1800.000,1800.000,1800.000,1800.000,0.894557,28.649490,0.759430,65.378794,0.094239,97.878639,101.102524,0.000000,0.681407261,0.624906120,1
pi4b8_fit_20260910_v3,pi4b8g,2,1,fit,true,50,0,2000,2026-09-10T13:11:16Z,172011775907483,tinydl_revision,n256,256,B1,0.5,39.920,40.894,1800.000,1800.000,1800.000,1800.000,1.009926,7.127331,0.413233,3.446695,0.091221,12.615878,101.102005,0.000000,0.692369746,0.650289289,1
pi4b8_fit_20260910_v3,pi4b8g,2,1,fit,true,50,1,2001,2026-09-10T13:11:16Z,172011877539756,tinydl_revision,n256,256,B1,0.5,40.894,39.920,1800.000,1800.000,1800.000,1800.000,0.833318,7.113258,0.401881,3.452011,0.093535,12.458659,101.076728,0.000000,0.695838555,0.704547113,1
pi4b8_fit_20260910_v3,pi4b8g,2,1,fit,true,50,2,2002,2026-09-10T13:11:16Z,172011979146660,tinydl_revision,n256,256,B1,0.5,39.920,40.894,1800.000,1800.000,1800.000,1800.000,0.864577,7.139869,0.443455,3.405049,0.095276,12.536935,101.126893,0.000000,0.686916366,0.680093816,1
pi4b8_fit_20260910_v3,pi4b8g,2,1,fit,true,50,3,2003,2026-09-10T13:11:16Z,172012080850598,tinydl_revision,n256,256,B1,0.5,40.894,39.433,1800.000,1800.000,1800.000,1800.000,0.992667,7.132572,0.403844,3.461640,0.095795,12.648360,100.939916,0.000000,0.690154178,0.638488518,1
pi4b8_fit_20260910_v3,pi4b8g,2,1,fit,true,50,4,2004,2026-09-10T13:11:17Z,172012182346930,tinydl_revision,n256,256,B1,0.5,39.433,39.920,1800.000,1800.000,1800.000,1800.000,0.820966,7.124998,0.409882,3.449214,0.094739,12.463381,101.090302,0.000000,0.654392769,0.634072329,1
pi4b8_fit_20260910_v3,pi4b8g,2,1,fit,true,50,5,2005,2026-09-10T13:11:17Z,172012283955334,tinydl_revision,n256,256,B1,0.5,39.920,40.407,1800.000,1800.000,1800.000,1800.000,0.927316,7.001519,0.404623,3.440844,0.095572,12.475362,101.081561,0.000000,0.695954055,0.657973414,1
pi4b8_fit_20260910_v3,pi4b8g,2,1,fit,true,50,6,2006,2026-09-10T13:11:17Z,172012385582792,tinydl_revision,n256,256,B1,0.5,40.407,39.433,1800.000,1800.000,1800.000,1800.000,0.821559,7.073110,0.402696,3.451195,0.095535,12.406382,101.075988,0.000000,0.710345213,0.684999938,1
pi4b8_fit_20260910_v3,pi4b8g,2,1,fit,true,50,7,2007,2026-09-10T13:11:17Z,172012487178474,tinydl_revision,n256,256,B1,0.5,39.433,39.433,1800.000,1800.000,1800.000,1800.000,0.871595,7.027277,0.403919,3.403326,0.093165,12.409771,101.114875,0.000000,0.670312994,0.678685596,1
pi4b8_fit_20260910_v3,pi4b8g,2,1,fit,true,50,8,2008,2026-09-10T13:11:17Z,172012588819284,tinydl_revision,n256,256,B1,0.5,39.433,39.433,1800.000,1800.000,1800.000,1800.000,0.849633,7.172312,0.410029,3.449825,0.094480,12.534510,101.077524,0.000000,0.671071200,0.625383876,1
pi4b8_fit_20260910_v3,pi4b8g,2,1,fit,true,50,9,2009,2026-09-10T13:11:17Z,172012690416428,tinydl_revision,n256,256,B1,0.5,39.433,40.407,1800.000,1800.000,1800.000,1800.000,0.815819,7.069999,0.401511,3.446844,0.094369,12.400679,101.075118,0.000000,0.654484555,0.609123595,1
pi4b8_fit_20260910_v3,pi4b8g,2,1,fit,true,50,10,2010,2026-09-10T13:11:17Z,172012792042221,tinydl_revision,n256,256,B1,0.5,40.407,39.433,1800.000,1800.000,1800.000,1800.000,0.835466,7.057370,0.400011,3.431918,0.094776,12.449640,101.075987,0.000000,0.695120887,0.672867628,1
pi4b8_fit_20260910_v3,pi4b8g,2,1,fit,true,50,11,2011,2026-09-10T13:11:17Z,172012893644050,tinydl_revision,n256,256,B1,0.5,39.433,39.433,1800.000,1800.000,1800.000,1800.000,0.818856,7.140646,0.403974,3.441418,0.094757,12.465752,101.070210,0.000000,0.673439137,0.620971996,1
pi4b8_fit_20260910_v3,pi4b8g,2,1,fit,true,50,12,2012,2026-09-10T13:11:17Z,172012995234121,tinydl_revision,n256,256,B1,0.5,39.433,40.894,1800.000,1800.000,1800.000,1800.000,0.871780,7.064407,0.448751,3.413641,0.095776,12.464881,101.107635,0.000000,0.705306599,0.655016817,1
pi4b8_fit_20260910_v3,pi4b8g,2,1,fit,true,50,13,2013,2026-09-10T13:11:17Z,172013096872246,tinydl_revision,n256,256,B1,0.5,40.894,39.920,1800.000,1800.000,1800.000,1800.000,0.823188,7.547176,0.735042,3.490065,0.089609,13.563453,101.038562,0.000000,0.677007472,0.622800535,1
pi4b8_fit_20260910_v3,pi4b8g,2,1,fit,true,50,14,2014,2026-09-10T13:11:18Z,172013198438039,tinydl_revision,n256,256,B1,0.5,39.920,38.946,1800.000,1800.000,1800.000,1800.000,0.811614,7.070592,0.403678,3.445066,0.094350,12.397216,101.069636,0.000000,0.687884446,0.646271655,1
pi4b8_fit_20260910_v3,pi4b8g,2,1,fit,true,50,15,2015,2026-09-10T13:11:18Z,172013300063442,tinydl_revision,n256,256,B1,0.5,38.946,39.433,1800.000,1800.000,1800.000,1800.000,0.849225,7.165830,0.398455,3.441900,0.093425,12.512918,101.066340,0.000000,0.661884207,0.633540283,1
pi4b8_fit_20260910_v3,pi4b8g,2,1,fit,true,50,16,2016,2026-09-10T13:11:18Z,172013401654180,tinydl_revision,n256,256,B1,0.5,39.433,39.920,1800.000,1800.000,1800.000,1800.000,0.825225,7.094739,0.402511,3.440085,0.094091,12.422844,101.071043,0.000000,0.713566567,0.686920200,1
pi4b8_fit_20260910_v3,pi4b8g,2,1,fit,true,50,17,2017,2026-09-10T13:11:18Z,172013503242398,tinydl_revision,n256,256,B1,0.5,39.920,38.946,1800.000,1800.000,1800.000,1800.000,0.869724,7.069629,0.437603,3.396178,0.093998,12.445752,101.108117,0.000000,0.691163763,0.654388377,1
pi4b8_fit_20260910_v3,pi4b8g,2,1,fit,true,50,18,2018,2026-09-10T13:11:18Z,172013604868524,tinydl_revision,n256,256,B1,0.5,38.946,39.920,1800.000,1800.000,1800.000,1800.000,0.827781,7.011259,0.406141,3.445196,0.093776,12.354124,101.072876,0.000000,0.708156832,0.700576460,1
pi4b8_fit_20260910_v3,pi4b8g,2,1,fit,true,50,19,2019,2026-09-10T13:11:18Z,172013706460650,tinydl_revision,n256,256,B1,0.5,39.920,40.407,1800.000,1800.000,1800.000,1800.000,0.813299,7.014185,0.408900,3.450029,0.093591,12.349420,101.074598,0.000000,0.645955452,0.604033863,1
pi4b8_fit_20260910_v3,pi4b8g,2,1,fit,true,50,20,2020,2026-09-10T13:11:18Z,172013808101238,tinydl_revision,n256,256,B1,0.5,40.407,38.946,1800.000,1800.000,1800.000,1800.000,0.833522,6.979094,0.401771,3.521972,0.092905,12.441030,101.065969,0.000000,0.704917256,0.665097694,1
pi4b8_fit_20260910_v3,pi4b8g,2,1,fit,true,50,21,2021,2026-09-10T13:11:18Z,172013909721067,tinydl_revision,n256,256,B1,0.5,38.946,38.946,1800.000,1800.000,1800.000,1800.000,0.824448,7.025759,0.404215,3.440658,0.092720,12.350754,101.066988,0.000000,0.675986939,0.611936630,1
pi4b8_fit_20260910_v3,pi4b8g,2,1,fit,true,50,22,2022,2026-09-10T13:11:18Z,172014011304601,tinydl_revision,n256,256,B1,0.5,38.946,39.920,1800.000,1800.000,1800.000,1800.000,0.865744,7.075203,0.443825,3.402956,0.092517,12.448566,100.922379,0.000000,0.676844460,0.645116262,1
pi4b8_fit_20260910_v3,pi4b8g,2,1,fit,true,50,23,2023,2026-09-10T13:11:19Z,172014112782155,tinydl_revision,n256,256,B1,0.5,39.920,40.407,1800.000,1800.000,1800.000,1800.000,0.824522,7.125850,0.397734,3.450381,0.094701,12.459807,101.069469,0.000000,0.691115449,0.636423591,1
pi4b8_fit_20260910_v3,pi4b8g,2,1,fit,true,50,24,2024,2026-09-10T13:11:19Z,172014214376188,tinydl_revision,n256,256,B1,0.5,40.407,38.946,1800.000,1800.000,1800.000,1800.000,0.828096,7.052314,0.402937,3.450177,0.094831,12.400623,101.102969,0.000000,0.699130376,0.683654628,1
pi4b8_fit_20260910_v3,pi4b8g,2,1,fit,true,50,25,2025,2026-09-10T13:11:19Z,172014316083368,tinydl_revision,n256,256,B1,0.5,38.946,39.433,1800.000,1800.000,1800.000,1800.000,0.848318,7.108517,0.405048,3.440362,0.094461,12.462751,101.075006,0.000000,0.691155163,0.701070636,1
pi4b8_fit_20260910_v3,pi4b8g,2,1,fit,true,50,26,2026,2026-09-10T13:11:19Z,172014417681494,tinydl_revision,n256,256,B1,0.5,39.433,38.459,1800.000,1800.000,1800.000,1800.000,0.820466,7.090481,0.411511,3.440473,0.094758,12.428048,101.070339,0.000000,0.690149021,0.656464738,1
pi4b8_fit_20260910_v3,pi4b8g,2,1,fit,true,50,27,2027,2026-09-10T13:11:19Z,172014519271212,tinydl_revision,n256,256,B1,0.5,38.459,38.459,1800.000,1800.000,1800.000,1800.000,0.875132,7.020722,0.439695,3.403363,0.093683,12.406253,101.119598,0.000000,0.670980981,0.632983581,1
pi4b8_fit_20260910_v3,pi4b8g,2,1,fit,true,50,28,2028,2026-09-10T13:11:19Z,172014620922819,tinydl_revision,n256,256,B1,0.5,38.459,39.433,1800.000,1800.000,1800.000,1800.000,0.829855,7.097035,0.410326,3.444288,0.094369,12.443381,101.097987,0.000000,0.672913131,0.645177710,1
pi4b8_fit_20260910_v3,pi4b8g,2,1,fit,true,50,29,2029,2026-09-10T13:11:19Z,172014722593369,tinydl_revision,n256,256,B1,0.5,39.433,39.433,1800.000,1800.000,1800.000,1800.000,0.820485,7.054073,0.407511,3.443084,0.094998,12.383513,101.075729,0.000000,0.698726769,0.659910880,1
pi4b8_fit_20260910_v3,pi4b8g,2,1,fit,true,50,30,2030,2026-09-10T13:11:19Z,172014824221310,tinydl_revision,n256,256,B1,0.5,39.433,38.459,1800.000,1800.000,1800.000,1800.000,0.841096,7.105813,0.407196,3.436825,0.095479,12.448640,101.079820,0.000000,0.673854303,0.683261710,1
pi4b8_fit_20260910_v3,pi4b8g,2,1,fit,true,50,31,2031,2026-09-10T13:11:19Z,172014925828658,tinydl_revision,n256,256,B1,0.5,38.459,38.946,1800.000,1800.000,1800.000,1800.000,0.818207,7.053648,0.401752,3.439955,0.093942,12.374716,101.072580,0.000000,0.693375109,0.661086791,1
pi4b8_fit_20260910_v3,pi4b8g,2,1,fit,true,50,32,2032,2026-09-10T13:11:19Z,172015027432339,tinydl_revision,n256,256,B1,0.5,37.972,39.433,1800.000,1800.000,1800.000,1800.000,0.868669,7.019019,0.443251,3.409289,0.093128,12.393160,100.956378,0.000000,0.661446242,0.624013426,1
pi4b8_fit_20260910_v3,pi4b8g,2,1,fit,true,50,33,2033,2026-09-10T13:11:20Z,172015128941837,tinydl_revision,n256,256,B1,0.5,39.433,39.433,1800.000,1800.000,1800.000,1800.000,0.825207,7.040907,0.396937,3.454399,0.093313,12.368050,101.072543,0.000000,0.673616299,0.633756264,1
pi4b8_fit_20260910_v3,pi4b8g,2,1,fit,true,50,34,2034,2026-09-10T13:11:20Z,172015230534148,tinydl_revision,n256,256,B1,0.5,39.433,37.485,1800.000,1800.000,1800.000,1800.000,0.808023,7.073184,0.404937,3.446640,0.090776,12.390346,101.063784,0.000000,0.682485074,0.628935368,1
pi4b8_fit_20260910_v3,pi4b8g,2,1,fit,true,50,35,2035,2026-09-10T13:11:20Z,172015332148385,tinydl_revision,n256,256,B1,0.5,37.485,39.433,1800.000,1800.000,1800.000,1800.000,0.835485,7.027407,0.400752,3.441548,0.092795,12.370568,101.069247,0.000000,0.674841226,0.646969329,1
pi4b8_fit_20260910_v3,pi4b8g,2,1,fit,true,50,36,2036,2026-09-10T13:11:20Z,172015433776436,tinydl_revision,n256,256,B1,0.5,39.433,38.459,1800.000,1800.000,1800.000,1800.000,0.819503,7.048037,0.408715,3.448214,0.093128,12.378494,101.064951,0.000000,0.710096515,0.654528452,1
pi4b8_fit_20260910_v3,pi4b8g,2,1,fit,true,50,37,2037,2026-09-10T13:11:20Z,172015535360248,tinydl_revision,n256,256,B1,0.5,38.459,38.946,1800.000,1800.000,1800.000,1800.000,0.857577,7.078184,0.444973,3.394271,0.094535,12.442474,101.103579,0.000000,0.668467885,0.612757556,1
pi4b8_fit_20260910_v3,pi4b8g,2,1,fit,true,50,38,2038,2026-09-10T13:11:20Z,172015636989614,tinydl_revision,n256,256,B1,0.5,38.946,39.433,1800.000,1800.000,1800.000,1800.000,0.821429,7.028685,0.401530,3.457288,0.095183,12.368790,101.073172,0.000000,0.676515287,0.641880572,1
pi4b8_fit_20260910_v3,pi4b8g,2,1,fit,true,50,39,2039,2026-09-10T13:11:20Z,172015738575629,tinydl_revision,n256,256,B1,0.5,39.433,38.946,1800.000,1800.000,1800.000,1800.000,0.811911,7.098073,0.404844,3.456492,0.094906,12.423863,101.072802,0.000000,0.681187238,0.646765356,1
pi4b8_fit_20260910_v3,pi4b8g,2,1,fit,true,51,0,2040,2026-09-10T13:11:21Z,172016418739527,fisvdd_revision,n1,1,B1,0.5,39.433,38.946,1800.000,1800.000,1800.000,1800.000,0.960168,0.170701,0.239273,0.302069,0.074628,1.904798,100.991063,0.000000,0.982539440,0.509061826,1
pi4b8_fit_20260910_v3,pi4b8g,2,1,fit,true,51,1,2041,2026-09-10T13:11:21Z,172016520085861,fisvdd_revision,n1,1,B1,0.5,38.946,37.972,1800.000,1800.000,1800.000,1800.000,0.801003,0.148257,0.180256,0.289328,0.070203,1.628618,100.967249,0.000000,0.925866404,0.492728829,1
pi4b8_fit_20260910_v3,pi4b8g,2,1,fit,true,51,2,2042,2026-09-10T13:11:21Z,172016621367067,fisvdd_revision,n1,1,B1,0.5,37.972,38.459,1800.000,1800.000,1800.000,1800.000,0.774412,0.147238,0.174386,0.291050,0.063943,1.587360,100.948453,0.000000,0.041273826,0.510863532,1
pi4b8_fit_20260910_v3,pi4b8g,2,1,fit,true,51,3,2043,2026-09-10T13:11:21Z,172016722618774,fisvdd_revision,n1,1,B1,0.5,38.459,38.946,1800.000,1800.000,1800.000,1800.000,0.771467,0.144775,0.173923,0.344790,0.066629,1.636766,100.955804,0.000000,0.000001301,0.488817128,1
pi4b8_fit_20260910_v3,pi4b8g,2,1,fit,true,51,4,2044,2026-09-10T13:11:21Z,172016823877702,fisvdd_revision,n1,1,B1,0.5,38.946,39.433,1800.000,1800.000,1800.000,1800.000,0.821837,0.144590,0.177349,0.290513,0.064240,1.635137,101.074599,0.000000,0.917877043,0.491777119,1
pi4b8_fit_20260910_v3,pi4b8g,2,1,fit,true,51,5,2045,2026-09-10T13:11:21Z,172016925304831,fisvdd_revision,n1,1,B1,0.5,39.433,38.946,1800.000,1800.000,1800.000,1800.000,0.777393,0.155609,0.181645,0.296976,0.067776,1.621118,100.973193,0.000000,0.160938228,0.493739425,1
pi4b8_fit_20260910_v3,pi4b8g,2,1,fit,true,51,6,2046,2026-09-10T13:11:21Z,172017026603000,fisvdd_revision,n1,1,B1,0.5,38.946,38.459,1800.000,1800.000,1800.000,1800.000,0.773079,0.146034,0.177497,0.350919,0.069221,1.654840,100.961508,0.000000,0.917877043,0.491777119,1
pi4b8_fit_20260910_v3,pi4b8g,2,1,fit,true,51,7,2047,2026-09-10T13:11:22Z,172017127936260,fisvdd_revision,n1,1,B1,0.5,38.459,38.946,1800.000,1800.000,1800.000,1800.000,0.848299,0.162053,0.182830,0.297698,0.070740,1.705728,101.000952,0.000000,0.990232123,0.491845045,1
pi4b8_fit_20260910_v3,pi4b8g,2,1,fit,true,51,8,2048,2026-09-10T13:11:22Z,172017229264002,fisvdd_revision,n1,1,B1,0.5,38.946,38.946,1800.000,1800.000,1800.000,1800.000,0.787689,0.151238,0.181071,0.296087,0.066091,1.622896,100.961193,0.000000,0.646362158,0.505168920,1
pi4b8_fit_20260910_v3,pi4b8g,2,1,fit,true,51,9,2049,2026-09-10T13:11:22Z,172017330534116,fisvdd_revision,n1,1,B1,0.5,38.946,40.407,1800.000,1800.000,1800.000,1800.000,0.780115,0.145035,0.176460,0.327587,0.066888,1.635469,100.966119,0.000000,0.873719363,0.488935360,1
pi4b8_fit_20260910_v3,pi4b8g,2,1,fit,true,51,10,2050,2026-09-10T13:11:22Z,172017431812822,fisvdd_revision,n1,1,B1,0.5,40.407,38.459,1800.000,1800.000,1800.000,1800.000,0.823430,0.151775,0.176201,0.292958,0.065869,1.647914,101.011118,0.000000,0.990241935,0.491950187,1
pi4b8_fit_20260910_v3,pi4b8g,2,1,fit,true,51,11,2051,2026-09-10T13:11:22Z,172017533173304,fisvdd_revision,n1,1,B1,0.5,38.459,37.485,1800.000,1800.000,1800.000,1800.000,0.798041,0.149923,0.178664,0.290976,0.066832,1.623785,100.953138,0.000000,0.874107604,0.490535583,1
pi4b8_fit_20260910_v3,pi4b8g,2,1,fit,true,51,12,2052,2026-09-10T13:11:22Z,172017634435288,fisvdd_revision,n1,1,B1,0.5,37.485,38.946,1800.000,1800.000,1800.000,1800.000,0.777633,0.144294,0.178719,0.291624,0.104849,1.632784,100.945767,0.000000,0.990251737,0.490446987,1
pi4b8_fit_20260910_v3,pi4b8g,2,1,fit,true,51,13,2053,2026-09-10T13:11:22Z,172017735682717,fisvdd_revision,n1,1,B1,0.5,38.946,37.972,1800.000,1800.000,1800.000,1800.000,0.820078,0.150089,0.179275,0.288642,0.064480,1.640691,101.058135,0.000000,0.872923440,0.492781644,1
pi4b8_fit_20260910_v3,pi4b8g,2,1,fit,true,51,14,2054,2026-09-10T13:11:22Z,172017837071643,fisvdd_revision,n1,1,B1,0.5,37.972,37.972,1800.000,1800.000,1800.000,1800.000,0.788356,0.150442,0.180200,0.292235,0.065184,1.615433,100.974211,0.000000,0.875305263,0.503654683,1
pi4b8_fit_20260910_v3,pi4b8g,2,1,fit,true,51,15,2055,2026-09-10T13:11:22Z,172017938355478,fisvdd_revision,n1,1,B1,0.5,37.972,38.946,1800.000,1800.000,1800.000,1800.000,0.788115,0.144812,0.175200,0.294402,0.065739,1.606156,101.102820,0.000000,0.000126344,0.519994417,1
pi4b8_fit_20260910_v3,pi4b8g,2,1,fit,true,51,16,2056,2026-09-10T13:11:22Z,172018039831495,fisvdd_revision,n1,1,B1,0.5,38.946,38.946,1800.000,1800.000,1800.000,1800.000,0.860669,0.160515,0.185849,0.298921,0.069999,1.722820,100.942471,0.000000,0.964243982,0.492300466,1
pi4b8_fit_20260910_v3,pi4b8g,2,1,fit,true,51,17,2057,2026-09-10T13:11:23Z,172018141133052,fisvdd_revision,n1,1,B1,0.5,38.946,38.459,1800.000,1800.000,1800.000,1800.000,0.789874,0.156775,0.185404,0.298717,0.068017,1.638137,100.996545,0.000000,0.990222301,0.493604908,1
pi4b8_fit_20260910_v3,pi4b8g,2,1,fit,true,51,18,2058,2026-09-10T13:11:23Z,172018242451387,fisvdd_revision,n1,1,B1,0.5,38.459,37.485,1800.000,1800.000,1800.000,1800.000,0.786671,0.152164,0.175256,0.296716,0.120683,1.669969,101.012415,0.000000,0.873995398,0.496473221,1
pi4b8_fit_20260910_v3,pi4b8g,2,1,fit,true,51,19,2059,2026-09-10T13:11:23Z,172018343798888,fisvdd_revision,n1,1,B1,0.5,37.485,39.920,1800.000,1800.000,1800.000,1800.000,0.852410,0.155126,0.177348,0.297568,0.065832,1.688765,100.994211,0.000000,0.230115449,0.497979010,1
pi4b8_fit_20260910_v3,pi4b8g,2,1,fit,true,51,20,2060,2026-09-10T13:11:23Z,172018445113038,fisvdd_revision,n1,1,B1,0.5,39.920,39.433,1800.000,1800.000,1800.000,1800.000,0.781245,0.147924,0.178960,0.292180,0.065332,1.603933,100.953971,0.000000,0.950995720,0.491631396,1
pi4b8_fit_20260910_v3,pi4b8g,2,1,fit,true,51,21,2061,2026-09-10T13:11:23Z,172018546373281,fisvdd_revision,n1,1,B1,0.5,37.972,37.485,1800.000,1800.000,1800.000,1800.000,0.777671,0.144997,0.176626,0.290587,0.065647,1.590545,100.953083,0.000000,0.926670918,0.510228052,1
pi4b8_fit_20260910_v3,pi4b8g,2,1,fit,true,51,22,2062,2026-09-10T13:11:23Z,172018647632932,fisvdd_revision,n1,1,B1,0.5,37.485,39.433,1800.000,1800.000,1800.000,1800.000,0.824430,0.147757,0.175275,0.289828,0.067314,1.641118,100.990915,0.000000,0.925936039,0.492291869,1
pi4b8_fit_20260910_v3,pi4b8g,2,1,fit,true,51,23,2063,2026-09-10T13:11:23Z,172018748930397,fisvdd_revision,n1,1,B1,0.5,39.433,39.433,1800.000,1800.000,1800.000,1800.000,0.781263,0.148793,0.175460,0.290809,0.064425,1.597692,100.962211,0.000000,0.874305927,0.491223550,1
pi4b8_fit_20260910_v3,pi4b8g,2,1,fit,true,51,24,2064,2026-09-10T13:11:23Z,172018850201399,fisvdd_revision,n1,1,B1,0.5,39.433,38.459,1800.000,1800.000,1800.000,1800.000,0.771189,0.147275,0.177478,0.294142,0.065388,1.591434,100.967878,0.000000,0.992999492,0.506267125,1
pi4b8_fit_20260910_v3,pi4b8g,2,1,fit,true,51,25,2065,2026-09-10T13:11:23Z,172018951485623,fisvdd_revision,n1,1,B1,0.5,38.459,37.485,1800.000,1800.000,1800.000,1800.000,0.818411,0.150923,0.177201,0.293568,0.066388,1.644229,100.993860,0.000000,0.873791027,0.493065247,1
pi4b8_fit_20260910_v3,pi4b8g,2,1,fit,true,51,26,2066,2026-09-10T13:11:23Z,172019052795366,fisvdd_revision,n1,1,B1,0.5,38.459,40.407,1800.000,1800.000,1800.000,1800.000,0.782041,0.144053,0.174793,0.291736,0.063591,1.593489,100.933397,0.000000,0.643432930,0.494347900,1
pi4b8_fit_20260910_v3,pi4b8g,2,1,fit,true,51,27,2067,2026-09-10T13:11:24Z,172019154116460,fisvdd_revision,n1,1,B1,0.5,40.407,37.485,1800.000,1800.000,1800.000,1800.000,0.792319,0.156182,0.183460,0.300106,0.068387,1.641210,101.003137,0.000000,0.946559011,0.490812575,1
pi4b8_fit_20260910_v3,pi4b8g,2,1,fit,true,51,28,2068,2026-09-10T13:11:24Z,172019255455387,fisvdd_revision,n1,1,B1,0.5,37.485,37.972,1800.000,1800.000,1800.000,1800.000,0.835762,0.154386,0.183015,0.296050,0.065091,1.676006,101.150578,0.000000,0.938665696,0.492451866,1
pi4b8_fit_20260910_v3,pi4b8g,2,1,fit,true,51,29,2069,2026-09-10T13:11:24Z,172019356987218,fisvdd_revision,n1,1,B1,0.5,37.972,38.459,1800.000,1800.000,1800.000,1800.000,0.808634,0.158312,0.187756,0.301865,0.068684,1.671061,100.981785,0.000000,0.787063459,0.491785301,1
pi4b8_fit_20260910_v3,pi4b8g,2,1,fit,true,51,30,2070,2026-09-10T13:11:24Z,172019458285516,fisvdd_revision,n1,1,B1,0.5,38.459,38.946,1800.000,1800.000,1800.000,1800.000,0.784727,0.146701,0.177256,0.293217,0.066666,1.609470,100.970934,0.000000,0.982712714,0.494850197,1
pi4b8_fit_20260910_v3,pi4b8g,2,1,fit,true,51,31,2071,2026-09-10T13:11:24Z,172019559571777,fisvdd_revision,n1,1,B1,0.5,38.946,38.946,1800.000,1800.000,1800.000,1800.000,0.836281,0.150275,0.178293,0.291754,0.066665,1.661136,100.992137,0.000000,0.909417199,0.490257913,1
pi4b8_fit_20260910_v3,pi4b8g,2,1,fit,true,51,32,2072,2026-09-10T13:11:24Z,172019660874501,fisvdd_revision,n1,1,B1,0.5,38.946,37.972,1800.000,1800.000,1800.000,1800.000,0.781633,0.145127,0.175756,0.291661,0.064813,1.596582,101.007026,0.000000,0.927083657,0.510691950,1
pi4b8_fit_20260910_v3,pi4b8g,2,1,fit,true,51,33,2073,2026-09-10T13:11:24Z,172019762207558,fisvdd_revision,n1,1,B1,0.5,37.972,38.459,1800.000,1800.000,1800.000,1800.000,0.785763,0.147349,0.180626,0.294550,0.066276,1.615729,100.962360,0.000000,0.874313446,0.490594857,1
pi4b8_fit_20260910_v3,pi4b8g,2,1,fit,true,51,34,2074,2026-09-10T13:11:24Z,172019863483005,fisvdd_revision,n1,1,B1,0.5,38.459,38.946,1800.000,1800.000,1800.000,1800.000,0.844466,0.152849,0.175978,0.290754,0.067351,1.672246,101.023247,0.000000,0.872840258,0.493630347,1
pi4b8_fit_20260910_v3,pi4b8g,2,1,fit,true,51,35,2075,2026-09-10T13:11:24Z,172019964828598,fisvdd_revision,n1,1,B1,0.5,38.946,38.459,1800.000,1800.000,1800.000,1800.000,0.790023,0.144071,0.175404,0.289457,0.064461,1.600563,100.968434,0.000000,0.958397722,0.492613818,1
pi4b8_fit_20260910_v3,pi4b8g,2,1,fit,true,51,36,2076,2026-09-10T13:11:24Z,172020066112637,fisvdd_revision,n1,1,B1,0.5,38.459,38.459,1800.000,1800.000,1800.000,1800.000,0.775541,0.147368,0.175756,0.295069,0.067906,1.597341,100.933879,0.000000,0.000000000,0.514653152,1
pi4b8_fit_20260910_v3,pi4b8g,2,1,fit,true,51,37,2077,2026-09-10T13:11:25Z,172020167406843,fisvdd_revision,n1,1,B1,0.5,38.459,37.485,1800.000,1800.000,1800.000,1800.000,0.830021,0.163608,0.186478,0.300272,0.070869,1.695672,101.015877,0.000000,0.900671185,0.516322654,1
pi4b8_fit_20260910_v3,pi4b8g,2,1,fit,true,51,38,2078,2026-09-10T13:11:25Z,172020268745548,fisvdd_revision,n1,1,B1,0.5,37.485,37.972,1800.000,1800.000,1800.000,1800.000,0.792727,0.151053,0.176645,0.295383,0.065944,1.621266,100.949175,0.000000,0.222619529,0.496781419,1
pi4b8_fit_20260910_v3,pi4b8g,2,1,fit,true,51,39,2079,2026-09-10T13:11:25Z,172020370005439,fisvdd_revision,n1,1,B1,0.5,37.972,37.485,1800.000,1800.000,1800.000,1800.000,0.783078,0.142590,0.176553,0.287642,0.064758,1.589489,100.943472,0.000000,0.873878499,0.490685560,1
pi4b8_fit_20260910_v3,pi4b8g,2,1,fit,true,52,0,2080,2026-09-10T13:11:25Z,172021059953805,lucid_revision,n256,256,B1,0.5,38.459,37.972,1800.000,1800.000,1800.000,1800.000,0.981259,7.101369,0.405622,67.969802,0.088906,77.103300,101.060673,0.000000,0.711151949,0.630461819,1
pi4b8_fit_20260910_v3,pi4b8g,2,1,fit,true,52,1,2081,2026-09-10T13:11:26Z,172021161535931,lucid_revision,n256,256,B1,0.5,37.972,38.459,1800.000,1800.000,1800.000,1800.000,0.817189,7.126924,0.406234,58.988690,0.088905,68.021005,101.066636,0.000000,0.690272996,0.608956260,1
pi4b8_fit_20260910_v3,pi4b8g,2,1,fit,true,52,2,2082,2026-09-10T13:11:26Z,172021263138502,lucid_revision,n256,256,B1,0.5,38.459,38.946,1800.000,1800.000,1800.000,1800.000,0.862188,7.044741,0.411233,59.013541,0.090757,67.993560,101.093931,0.000000,0.666119272,0.586042480,1
pi4b8_fit_20260910_v3,pi4b8g,2,1,fit,true,52,3,2083,2026-09-10T13:11:26Z,172021364747109,lucid_revision,n256,256,B1,0.5,38.946,37.972,1800.000,1800.000,1800.000,1800.000,0.826226,7.046796,0.402511,59.125243,0.088276,68.068874,101.060265,0.000000,0.693070826,0.607611750,1
pi4b8_fit_20260910_v3,pi4b8g,2,1,fit,true,52,4,2084,2026-09-10T13:11:26Z,172021466317291,lucid_revision,n256,256,B1,0.5,37.972,38.946,1800.000,1800.000,1800.000,1800.000,0.808319,7.050592,0.403363,59.174724,0.088980,68.103836,101.067265,0.000000,0.686318645,0.583308583,1
pi4b8_fit_20260910_v3,pi4b8g,2,1,fit,true,52,5,2085,2026-09-10T13:11:26Z,172021567887510,lucid_revision,n256,256,B1,0.5,38.946,38.459,1800.000,1800.000,1800.000,1800.000,0.866725,7.018870,0.404771,58.856506,0.089165,67.860100,101.075969,0.000000,0.665172880,0.573068396,1
pi4b8_fit_20260910_v3,pi4b8g,2,1,fit,true,52,6,2086,2026-09-10T13:11:26Z,172021669474080,lucid_revision,n256,256,B1,0.5,38.459,37.972,1800.000,1800.000,1800.000,1800.000,0.811818,7.083518,0.401789,59.004153,0.088461,67.965136,101.062025,0.000000,0.703281360,0.617905496,1
pi4b8_fit_20260910_v3,pi4b8g,2,1,fit,true,52,7,2087,2026-09-10T13:11:26Z,172021771045707,lucid_revision,n256,256,B1,0.5,37.972,37.972,1800.000,1800.000,1800.000,1800.000,0.835837,7.074851,0.412807,59.219760,0.089536,68.219130,101.077395,0.000000,0.692050284,0.603679444,1
pi4b8_fit_20260910_v3,pi4b8g,2,1,fit,true,52,8,2088,2026-09-10T13:11:26Z,172021872639074,lucid_revision,n256,256,B1,0.5,37.972,38.946,1800.000,1800.000,1800.000,1800.000,0.827744,7.078166,0.401104,59.135002,0.088480,68.102651,101.057062,0.000000,0.702171429,0.616913249,1
pi4b8_fit_20260910_v3,pi4b8g,2,1,fit,true,52,9,2089,2026-09-10T13:11:26Z,172021974212663,lucid_revision,n256,256,B1,0.5,38.946,38.946,1800.000,1800.000,1800.000,1800.000,0.827633,6.988741,0.406140,58.921487,0.088110,67.817101,101.051229,0.000000,0.664687990,0.583523956,1
pi4b8_fit_20260910_v3,pi4b8g,2,1,fit,true,52,10,2090,2026-09-10T13:11:26Z,172022075781049,lucid_revision,n256,256,B1,0.5,38.946,39.433,1800.000,1800.000,1800.000,1800.000,0.877947,7.085147,0.403326,58.928968,0.090109,68.011375,101.078265,0.000000,0.685544017,0.592932845,1
pi4b8_fit_20260910_v3,pi4b8g,2,1,fit,true,52,11,2091,2026-09-10T13:11:27Z,172022177396767,lucid_revision,n256,256,B1,0.5,39.433,40.407,1800.000,1800.000,1800.000,1800.000,0.827596,7.062777,0.405085,59.243833,0.087350,68.202223,101.045321,0.000000,0.686486550,0.602722841,1
pi4b8_fit_20260910_v3,pi4b8g,2,1,fit,true,52,12,2092,2026-09-10T13:11:27Z,172022278953857,lucid_revision,n256,256,B1,0.5,40.407,38.946,1800.000,1800.000,1800.000,1800.000,0.810670,7.087258,0.401437,59.261277,0.089221,68.224834,101.071691,0.000000,0.691349661,0.603335978,1
pi4b8_fit_20260910_v3,pi4b8g,2,1,fit,true,52,13,2093,2026-09-10T13:11:27Z,172022380543298,lucid_revision,n256,256,B1,0.5,38.946,39.433,1800.000,1800.000,1800.000,1800.000,0.835984,7.080184,0.404696,58.849914,0.089035,67.840378,101.046302,0.000000,0.692539117,0.610428821,1
pi4b8_fit_20260910_v3,pi4b8g,2,1,fit,true,52,14,2094,2026-09-10T13:11:27Z,172022482095295,lucid_revision,n256,256,B1,0.5,39.433,39.433,1800.000,1800.000,1800.000,1800.000,0.815948,7.059703,0.405511,58.995115,0.088184,67.940265,101.044617,0.000000,0.675040381,0.584022200,1
pi4b8_fit_20260910_v3,pi4b8g,2,1,fit,true,52,15,2095,2026-09-10T13:11:27Z,172022583656125,lucid_revision,n256,256,B1,0.5,39.433,38.459,1800.000,1800.000,1800.000,1800.000,0.868558,7.024796,0.401900,59.190611,0.089202,68.194687,101.067691,0.000000,0.676806857,0.585302450,1
pi4b8_fit_20260910_v3,pi4b8g,2,1,fit,true,52,16,2096,2026-09-10T13:11:27Z,172022685235585,lucid_revision,n256,256,B1,0.5,38.459,37.972,1800.000,1800.000,1800.000,1800.000,0.814596,7.051037,0.397678,59.180482,0.089203,68.106392,101.049284,0.000000,0.650851538,0.563792846,1
pi4b8_fit_20260910_v3,pi4b8g,2,1,fit,true,52,17,2097,2026-09-10T13:11:27Z,172022786823507,lucid_revision,n256,256,B1,0.5,37.972,39.920,1800.000,1800.000,1800.000,1800.000,0.828800,7.049611,0.411640,59.054763,0.089758,68.027264,101.045433,0.000000,0.696919150,0.617522044,1
pi4b8_fit_20260910_v3,pi4b8g,2,1,fit,true,52,18,2098,2026-09-10T13:11:27Z,172022888411393,lucid_revision,n256,256,B1,0.5,39.920,38.946,1800.000,1800.000,1800.000,1800.000,0.834299,7.025389,0.407029,59.014726,0.088017,67.949487,101.046747,0.000000,0.671546801,0.577950045,1
pi4b8_fit_20260910_v3,pi4b8g,2,1,fit,true,52,19,2099,2026-09-10T13:11:27Z,172022989972519,lucid_revision,n256,256,B1,0.5,38.459,39.920,1800.000,1800.000,1800.000,1800.000,0.813133,7.064388,0.397104,59.292555,0.088498,68.239334,101.053414,0.000000,0.693927746,0.608710972,1
pi4b8_fit_20260910_v3,pi4b8g,2,1,fit,true,52,20,2100,2026-09-10T13:11:27Z,172023091539812,lucid_revision,n256,256,B1,0.5,39.920,38.946,1800.000,1800.000,1800.000,1800.000,0.868983,7.008223,0.445307,59.188056,0.088628,68.184539,101.081191,0.000000,0.684337548,0.591189461,1
pi4b8_fit_20260910_v3,pi4b8g,2,1,fit,true,52,21,2101,2026-09-10T13:11:28Z,172023193138327,lucid_revision,n256,256,B1,0.5,38.946,39.433,1800.000,1800.000,1800.000,1800.000,0.828966,7.065666,0.403326,59.056763,0.087943,68.013264,101.048507,0.000000,0.677163185,0.595206768,1
pi4b8_fit_20260910_v3,pi4b8g,2,1,fit,true,52,22,2102,2026-09-10T13:11:28Z,172023294701380,lucid_revision,n256,256,B1,0.5,39.433,39.920,1800.000,1800.000,1800.000,1800.000,0.808929,7.092795,0.400734,59.288777,0.090331,68.255833,101.045562,0.000000,0.683579347,0.608558490,1
pi4b8_fit_20260910_v3,pi4b8g,2,1,fit,true,52,23,2103,2026-09-10T13:11:28Z,172023396283654,lucid_revision,n256,256,B1,0.5,39.920,39.920,1800.000,1800.000,1800.000,1800.000,0.839688,7.131812,0.401234,59.176760,0.087999,68.215316,101.042433,0.000000,0.716238589,0.626602322,1
pi4b8_fit_20260910_v3,pi4b8g,2,1,fit,true,52,24,2104,2026-09-10T13:11:28Z,172023497827929,lucid_revision,n256,256,B1,0.5,39.920,39.433,1800.000,1800.000,1800.000,1800.000,0.814263,7.072444,0.393049,59.384997,0.087942,68.326166,101.050192,0.000000,0.705836042,0.623176781,1
pi4b8_fit_20260910_v3,pi4b8g,2,1,fit,true,52,25,2105,2026-09-10T13:11:28Z,172023599394074,lucid_revision,n256,256,B1,0.5,39.433,38.946,1800.000,1800.000,1800.000,1800.000,0.858910,6.990630,0.444474,58.850118,0.089776,67.819916,101.077784,0.000000,0.671075218,0.595956644,1
pi4b8_fit_20260910_v3,pi4b8g,2,1,fit,true,52,26,2106,2026-09-10T13:11:28Z,172023700987034,lucid_revision,n256,256,B1,0.5,38.946,38.946,1800.000,1800.000,1800.000,1800.000,0.813411,7.062129,0.400381,59.017485,0.087368,67.950839,101.047691,0.000000,0.653018898,0.571714686,1
pi4b8_fit_20260910_v3,pi4b8g,2,1,fit,true,52,27,2107,2026-09-10T13:11:28Z,172023802552012,lucid_revision,n256,256,B1,0.5,38.946,38.946,1800.000,1800.000,1800.000,1800.000,0.812819,7.067222,0.395900,59.292833,0.089665,68.236167,101.052654,0.000000,0.720483620,0.622604373,1
pi4b8_fit_20260910_v3,pi4b8g,2,1,fit,true,52,28,2108,2026-09-10T13:11:28Z,172023904154342,lucid_revision,n256,256,B1,0.5,38.946,38.946,1800.000,1800.000,1800.000,1800.000,0.834318,7.113887,0.394345,59.241851,0.088517,68.251426,101.093857,0.000000,0.683758757,0.579914891,1
pi4b8_fit_20260910_v3,pi4b8g,2,1,fit,true,52,29,2109,2026-09-10T13:11:28Z,172024005780893,lucid_revision,n256,256,B1,0.5,38.946,39.433,1800.000,1800.000,1800.000,1800.000,0.822688,7.906725,0.402826,59.566346,0.089720,69.360239,101.057469,0.000000,0.656203824,0.573430188,1
pi4b8_fit_20260910_v3,pi4b8g,2,1,fit,true,52,30,2110,2026-09-10T13:11:28Z,172024107350871,lucid_revision,n256,256,B1,0.5,39.433,38.946,1800.000,1800.000,1800.000,1800.000,0.869354,7.089295,0.451547,59.048207,0.089165,68.131669,101.084173,0.000000,0.691083815,0.602073201,1
pi4b8_fit_20260910_v3,pi4b8g,2,1,fit,true,52,31,2111,2026-09-10T13:11:29Z,172024208950756,lucid_revision,n256,256,B1,0.5,38.946,40.407,1800.000,1800.000,1800.000,1800.000,0.825466,7.076869,0.405122,59.091428,0.088740,68.058875,101.384519,0.000000,0.692804151,0.611830264,1
pi4b8_fit_20260910_v3,pi4b8g,2,1,fit,true,52,32,2112,2026-09-10T13:11:29Z,172024310973560,lucid_revision,n256,256,B1,0.5,40.894,39.433,1800.000,1800.000,1800.000,1800.000,0.910113,7.076036,0.401660,59.431348,0.089350,68.498236,101.091950,0.000000,0.693372721,0.607206304,1
pi4b8_fit_20260910_v3,pi4b8g,2,1,fit,true,52,33,2113,2026-09-10T13:11:29Z,172024412584167,lucid_revision,n256,256,B1,0.5,39.433,40.407,1800.000,1800.000,1800.000,1800.000,0.832892,7.098943,0.403456,59.069800,0.088035,68.075096,101.054839,0.000000,0.701719292,0.612076892,1
pi4b8_fit_20260910_v3,pi4b8g,2,1,fit,true,52,34,2114,2026-09-10T13:11:29Z,172024514151404,lucid_revision,n256,256,B1,0.5,40.407,38.946,1800.000,1800.000,1800.000,1800.000,0.822096,7.078629,0.408548,59.123298,0.089128,68.092726,101.056396,0.000000,0.648017633,0.564065027,1
pi4b8_fit_20260910_v3,pi4b8g,2,1,fit,true,52,35,2115,2026-09-10T13:11:29Z,172024615722346,lucid_revision,n256,256,B1,0.5,38.946,39.920,1800.000,1800.000,1800.000,1800.000,0.881521,7.015149,0.401437,60.641215,0.086832,69.655419,101.096820,0.000000,0.691651960,0.607152762,1
pi4b8_fit_20260910_v3,pi4b8g,2,1,fit,true,52,36,2116,2026-09-10T13:11:29Z,172024717358082,lucid_revision,n256,256,B1,0.5,39.920,39.433,1800.000,1800.000,1800.000,1800.000,0.825874,7.047999,0.394789,59.676084,0.088350,68.602586,101.091154,0.000000,0.719064543,0.625075890,1
pi4b8_fit_20260910_v3,pi4b8g,2,1,fit,true,52,37,2117,2026-09-10T13:11:29Z,172024818999226,lucid_revision,n256,256,B1,0.5,39.433,39.920,1800.000,1800.000,1800.000,1800.000,0.827577,7.029648,0.406012,58.992671,0.089425,67.919914,101.089024,0.000000,0.675852283,0.592204754,1
pi4b8_fit_20260910_v3,pi4b8g,2,1,fit,true,52,38,2118,2026-09-10T13:11:29Z,172024920596815,lucid_revision,n256,256,B1,0.5,39.920,39.920,1800.000,1800.000,1800.000,1800.000,0.827022,7.093018,0.398418,59.033522,0.088369,68.010671,101.044377,0.000000,0.671469717,0.583837237,1
pi4b8_fit_20260910_v3,pi4b8g,2,1,fit,true,52,39,2119,2026-09-10T13:11:29Z,172025022159404,lucid_revision,n256,256,B1,0.5,39.920,39.920,1800.000,1800.000,1800.000,1800.000,0.818596,7.058259,0.404177,59.172576,0.087906,68.120133,101.056025,0.000000,0.654130416,0.562760871,1
pi4b8_fit_20260910_v3,pi4b8g,2,1,fit,true,53,0,2120,2026-09-10T13:11:30Z,172025703525114,lucid_revision,n256,256,B2,1.0,38.946,39.433,1800.000,1800.000,1800.000,1800.000,1.003000,7.041667,0.400104,58.975542,0.090202,68.137206,101.085172,0.000000,0.687034449,0.608549244,1
pi4b8_fit_20260910_v3,pi4b8g,2,1,fit,true,53,1,2121,2026-09-10T13:11:30Z,172025805117499,lucid_revision,n256,256,B2,1.0,39.433,39.920,1800.000,1800.000,1800.000,1800.000,0.819689,7.015815,0.405567,59.102817,0.088609,68.013801,101.058136,0.000000,0.674547966,0.584240530,1
pi4b8_fit_20260910_v3,pi4b8g,2,1,fit,true,53,2,2122,2026-09-10T13:11:30Z,172025906671755,lucid_revision,n256,256,B2,1.0,39.920,39.433,1800.000,1800.000,1800.000,1800.000,0.820263,7.017575,0.398807,58.933394,0.091980,67.840416,101.062081,0.000000,0.694683507,0.602818534,1
pi4b8_fit_20260910_v3,pi4b8g,2,1,fit,true,53,3,2123,2026-09-10T13:11:30Z,172026008262400,lucid_revision,n256,256,B2,1.0,39.433,40.894,1800.000,1800.000,1800.000,1800.000,0.831966,7.036629,0.401085,58.995431,0.088999,67.936654,101.060117,0.000000,0.683359262,0.600939283,1
pi4b8_fit_20260910_v3,pi4b8g,2,1,fit,true,53,4,2124,2026-09-10T13:11:31Z,172026109824508,lucid_revision,n256,256,B2,1.0,40.894,39.920,1800.000,1800.000,1800.000,1800.000,0.813744,7.094221,0.397474,59.117391,0.089313,68.084670,101.057784,0.000000,0.684955996,0.596117936,1
pi4b8_fit_20260910_v3,pi4b8g,2,1,fit,true,53,5,2125,2026-09-10T13:11:31Z,172026211385375,lucid_revision,n256,256,B2,1.0,39.920,38.946,1800.000,1800.000,1800.000,1800.000,0.866595,7.017407,0.440011,58.989801,0.088720,67.983135,101.086914,0.000000,0.662478565,0.584751471,1
pi4b8_fit_20260910_v3,pi4b8g,2,1,fit,true,53,6,2126,2026-09-10T13:11:31Z,172026312973316,lucid_revision,n256,256,B2,1.0,38.946,39.920,1800.000,1800.000,1800.000,1800.000,0.824318,7.062870,0.402604,59.045374,0.087702,67.991042,101.065395,0.000000,0.706055508,0.620341815,1
pi4b8_fit_20260910_v3,pi4b8g,2,1,fit,true,53,7,2127,2026-09-10T13:11:31Z,172026414568905,lucid_revision,n256,256,B2,1.0,39.920,40.407,1800.000,1800.000,1800.000,1800.000,0.842096,7.050888,0.401270,59.133243,0.091091,68.104837,101.054581,0.000000,0.703497460,0.622326393,1
pi4b8_fit_20260910_v3,pi4b8g,2,1,fit,true,53,8,2128,2026-09-10T13:11:31Z,172026516160105,lucid_revision,n256,256,B2,1.0,40.407,40.407,1800.000,1800.000,1800.000,1800.000,0.833318,7.060888,0.402455,59.162131,0.088202,68.122929,101.058692,0.000000,0.701395485,0.620795777,1
pi4b8_fit_20260910_v3,pi4b8g,2,1,fit,true,53,9,2129,2026-09-10T13:11:31Z,172026617714047,lucid_revision,n256,256,B2,1.0,40.407,40.407,1800.000,1800.000,1800.000,1800.000,0.810281,7.071332,0.405604,58.978486,0.089610,67.935469,101.056154,0.000000,0.653965556,0.571558735,1
pi4b8_fit_20260910_v3,pi4b8g,2,1,fit,true,53,10,2130,2026-09-10T13:11:31Z,172026719270877,lucid_revision,n256,256,B2,1.0,40.407,40.407,1800.000,1800.000,1800.000,1800.000,0.859688,7.026056,0.437621,58.926858,0.089776,67.923877,101.082747,0.000000,0.696546713,0.607908636,1
pi4b8_fit_20260910_v3,pi4b8g,2,1,fit,true,53,11,2131,2026-09-10T13:11:31Z,172026820867059,lucid_revision,n256,256,B2,1.0,40.407,40.407,1800.000,1800.000,1800.000,1800.000,0.810430,7.040852,0.399511,59.217853,0.088943,68.125558,101.053636,0.000000,0.671949222,0.571185774,1
pi4b8_fit_20260910_v3,pi4b8g,2,1,fit,true,53,12,2132,2026-09-10T13:11:31Z,172026922424278,lucid_revision,n256,256,B2,1.0,40.407,40.407,1800.000,1800.000,1800.000,1800.000,0.808633,7.064185,0.404011,59.011411,0.088776,67.952895,101.053803,0.000000,0.689679662,0.598986151,1
pi4b8_fit_20260910_v3,pi4b8g,2,1,fit,true,53,13,2133,2026-09-10T13:11:31Z,172027023979553,lucid_revision,n256,256,B2,1.0,40.407,40.407,1800.000,1800.000,1800.000,1800.000,0.830836,6.951705,0.403623,58.967912,0.089961,67.913877,101.047136,0.000000,0.687891164,0.601462385,1
pi4b8_fit_20260910_v3,pi4b8g,2,1,fit,true,53,14,2134,2026-09-10T13:11:32Z,172027125516699,lucid_revision,n256,256,B2,1.0,40.407,40.894,1800.000,1800.000,1800.000,1800.000,0.818726,7.106666,0.402789,59.046281,0.087813,68.032930,101.051210,0.000000,0.700097924,0.614028464,1
pi4b8_fit_20260910_v3,pi4b8g,2,1,fit,true,53,15,2135,2026-09-10T13:11:32Z,172027227111880,lucid_revision,n256,256,B2,1.0,40.894,39.920,1800.000,1800.000,1800.000,1800.000,0.936334,7.195386,0.441733,59.068892,0.088776,68.307111,101.088562,0.000000,0.705074348,0.618897857,1
pi4b8_fit_20260910_v3,pi4b8g,2,1,fit,true,53,16,2136,2026-09-10T13:11:32Z,172027328715969,lucid_revision,n256,256,B2,1.0,39.920,40.407,1800.000,1800.000,1800.000,1800.000,0.825504,7.027037,0.404529,59.168445,0.088220,68.089040,101.055229,0.000000,0.666789099,0.582751419,1
pi4b8_fit_20260910_v3,pi4b8g,2,1,fit,true,53,17,2137,2026-09-10T13:11:32Z,172027430265170,lucid_revision,n256,256,B2,1.0,40.407,40.894,1800.000,1800.000,1800.000,1800.000,0.815966,7.089110,0.397548,58.969560,0.088887,67.936395,101.056988,0.000000,0.669995068,0.580209431,1
pi4b8_fit_20260910_v3,pi4b8g,2,1,fit,true,53,18,2138,2026-09-10T13:11:32Z,172027531820815,lucid_revision,n256,256,B2,1.0,40.894,40.894,1800.000,1800.000,1800.000,1800.000,0.872947,7.020463,0.398715,58.979097,0.088424,67.977561,101.071673,0.000000,0.686923936,0.605215909,1
pi4b8_fit_20260910_v3,pi4b8g,2,1,fit,true,53,19,2139,2026-09-10T13:11:32Z,172027633394275,lucid_revision,n256,256,B2,1.0,40.894,40.894,1800.000,1800.000,1800.000,1800.000,0.809467,6.995131,0.401085,59.079651,0.087962,67.942654,101.047803,0.000000,0.691022855,0.601364368,1
pi4b8_fit_20260910_v3,pi4b8g,2,1,fit,true,53,20,2140,2026-09-10T13:11:32Z,172027734941013,lucid_revision,n256,256,B2,1.0,40.894,41.381,1800.000,1800.000,1800.000,1800.000,0.816818,7.131554,0.393826,58.991727,0.090183,67.999616,101.052025,0.000000,0.693114501,0.608371524,1
pi4b8_fit_20260910_v3,pi4b8g,2,1,fit,true,53,21,2141,2026-09-10T13:11:32Z,172027836538065,lucid_revision,n256,256,B2,1.0,41.381,40.894,1800.000,1800.000,1800.000,1800.000,0.840800,7.166886,0.404104,58.961450,0.090832,68.043504,101.050673,0.000000,0.681142114,0.593034587,1
pi4b8_fit_20260910_v3,pi4b8g,2,1,fit,true,53,22,2142,2026-09-10T13:11:32Z,172027938116469,lucid_revision,n256,256,B2,1.0,40.894,41.868,1800.000,1800.000,1800.000,1800.000,0.817855,7.058944,0.401733,58.900043,0.089017,67.829267,101.055895,0.000000,0.666141560,0.571361594,1
pi4b8_fit_20260910_v3,pi4b8g,2,1,fit,true,53,23,2143,2026-09-10T13:11:32Z,172028039668614,lucid_revision,n256,256,B2,1.0,41.868,41.381,1800.000,1800.000,1800.000,1800.000,0.852800,7.028186,0.396530,58.922969,0.089387,67.907692,101.080525,0.000000,0.670422667,0.583429849,1
pi4b8_fit_20260910_v3,pi4b8g,2,1,fit,true,53,24,2144,2026-09-10T13:11:33Z,172028141254018,lucid_revision,n256,256,B2,1.0,41.381,40.894,1800.000,1800.000,1800.000,1800.000,0.808856,7.524732,0.723320,59.097743,0.088702,69.136743,101.062062,0.000000,0.679696644,0.601336951,1
pi4b8_fit_20260910_v3,pi4b8g,2,1,fit,true,53,25,2145,2026-09-10T13:11:33Z,172028242815330,lucid_revision,n256,256,B2,1.0,40.894,40.894,1800.000,1800.000,1800.000,1800.000,0.810281,7.071074,0.401178,58.963801,0.088869,67.913173,101.052692,0.000000,0.677481941,0.585219497,1
pi4b8_fit_20260910_v3,pi4b8g,2,1,fit,true,53,26,2146,2026-09-10T13:11:33Z,172028344397178,lucid_revision,n256,256,B2,1.0,40.894,40.894,1800.000,1800.000,1800.000,1800.000,0.838984,7.056351,0.399104,59.028615,0.088702,67.978876,101.049192,0.000000,0.710108649,0.621201164,1
pi4b8_fit_20260910_v3,pi4b8g,2,1,fit,true,53,27,2147,2026-09-10T13:11:33Z,172028445952120,lucid_revision,n256,256,B2,1.0,39.920,40.894,1800.000,1800.000,1800.000,1800.000,0.808615,7.052795,0.394938,59.134706,0.087109,68.066393,101.051303,0.000000,0.672207520,0.580978273,1
pi4b8_fit_20260910_v3,pi4b8g,2,1,fit,true,53,28,2148,2026-09-10T13:11:33Z,172028547502358,lucid_revision,n256,256,B2,1.0,40.894,41.381,1800.000,1800.000,1800.000,1800.000,0.854744,7.035092,0.436233,59.163539,0.089091,68.151947,101.073284,0.000000,0.675999241,0.596135897,1
pi4b8_fit_20260910_v3,pi4b8g,2,1,fit,true,53,29,2149,2026-09-10T13:11:33Z,172028649082058,lucid_revision,n256,256,B2,1.0,41.381,40.407,1800.000,1800.000,1800.000,1800.000,0.805800,7.074351,0.398900,59.041856,0.089517,67.977969,101.049914,0.000000,0.687331803,0.606147262,1
pi4b8_fit_20260910_v3,pi4b8g,2,1,fit,true,53,30,2150,2026-09-10T13:11:33Z,172028750627963,lucid_revision,n256,256,B2,1.0,40.407,40.894,1800.000,1800.000,1800.000,1800.000,0.811707,7.092851,0.399863,58.972597,0.090295,67.940395,101.048432,0.000000,0.713553147,0.630176401,1
pi4b8_fit_20260910_v3,pi4b8g,2,1,fit,true,53,31,2151,2026-09-10T13:11:33Z,172028852280458,lucid_revision,n256,256,B2,1.0,40.894,40.407,1800.000,1800.000,1800.000,1800.000,0.862984,7.016111,0.394289,59.303388,0.088165,68.248167,101.052766,0.000000,0.710283419,0.620698490,1
pi4b8_fit_20260910_v3,pi4b8g,2,1,fit,true,53,32,2152,2026-09-10T13:11:33Z,172028953832752,lucid_revision,n256,256,B2,1.0,40.407,40.407,1800.000,1800.000,1800.000,1800.000,0.809985,7.026500,0.398567,59.167779,0.087536,68.057781,101.057469,0.000000,0.658098791,0.591528856,1
pi4b8_fit_20260910_v3,pi4b8g,2,1,fit,true,53,33,2153,2026-09-10T13:11:33Z,172029055392101,lucid_revision,n256,256,B2,1.0,40.407,40.894,1800.000,1800.000,1800.000,1800.000,0.843318,7.013111,0.438103,58.926376,0.089461,67.895599,100.948230,0.000000,0.654373236,0.568342751,1
pi4b8_fit_20260910_v3,pi4b8g,2,1,fit,true,53,34,2154,2026-09-10T13:11:34Z,172029156883321,lucid_revision,n256,256,B2,1.0,40.894,40.894,1800.000,1800.000,1800.000,1800.000,0.825799,7.053388,0.399789,59.013319,0.088202,67.949487,101.052340,0.000000,0.735946883,0.633155494,1
pi4b8_fit_20260910_v3,pi4b8g,2,1,fit,true,53,35,2155,2026-09-10T13:11:34Z,172029258448781,lucid_revision,n256,256,B2,1.0,40.894,40.407,1800.000,1800.000,1800.000,1800.000,0.803171,7.086221,0.396715,59.471292,0.098516,68.429904,101.097191,0.000000,0.663417124,0.570152994,1
pi4b8_fit_20260910_v3,pi4b8g,2,1,fit,true,53,36,2156,2026-09-10T13:11:34Z,172029360135461,lucid_revision,n256,256,B2,1.0,40.407,40.894,1800.000,1800.000,1800.000,1800.000,0.838114,7.126109,0.398289,59.228074,0.088462,68.253019,101.058099,0.000000,0.676551414,0.588293964,1
pi4b8_fit_20260910_v3,pi4b8g,2,1,fit,true,53,37,2157,2026-09-10T13:11:34Z,172029461728179,lucid_revision,n256,256,B2,1.0,40.894,41.381,1800.000,1800.000,1800.000,1800.000,0.854040,7.049647,0.409326,58.960042,0.088257,67.946840,101.057988,0.000000,0.686014478,0.598827870,1
pi4b8_fit_20260910_v3,pi4b8g,2,1,fit,true,53,38,2158,2026-09-10T13:11:34Z,172029563284140,lucid_revision,n256,256,B2,1.0,41.381,40.894,1800.000,1800.000,1800.000,1800.000,0.854743,6.964483,0.442566,59.353387,0.089313,68.274203,101.089468,0.000000,0.697801669,0.617274305,1
pi4b8_fit_20260910_v3,pi4b8g,2,1,fit,true,53,39,2159,2026-09-10T13:11:34Z,172029664876062,lucid_revision,n256,256,B2,1.0,40.894,41.381,1800.000,1800.000,1800.000,1800.000,0.811244,7.032037,0.400030,59.136502,0.088720,68.050337,101.050488,0.000000,0.689963337,0.603096002,1
pi4b8_fit_20260910_v3,pi4b8g,2,1,fit,true,54,0,2160,2026-09-10T13:11:35Z,172030391595157,tinydl_revision,n1,1,B2,1.0,41.381,40.407,1800.000,1800.000,1800.000,1800.000,3.996723,0.197237,0.219755,0.188274,0.079369,4.854762,101.160504,0.000000,0.941236203,0.967114534,1
pi4b8_fit_20260910_v3,pi4b8g,2,1,fit,true,54,1,2161,2026-09-10T13:11:35Z,172030493139599,tinydl_revision,n1,1,B2,1.0,40.407,39.920,1800.000,1800.000,1800.000,1800.000,0.786689,0.159590,0.186460,0.181515,0.069777,1.529453,100.978970,0.000000,0.610194106,0.994359817,1
pi4b8_fit_20260910_v3,pi4b8g,2,1,fit,true,54,2,2162,2026-09-10T13:11:35Z,172030594442341,tinydl_revision,n1,1,B2,1.0,39.920,40.894,1800.000,1800.000,1800.000,1800.000,0.781300,0.149053,0.178516,0.175756,0.069072,1.492454,100.930546,0.000000,0.990261530,0.999989906,1
pi4b8_fit_20260910_v3,pi4b8g,2,1,fit,true,54,3,2163,2026-09-10T13:11:35Z,172030695664567,tinydl_revision,n1,1,B2,1.0,40.894,40.894,1800.000,1800.000,1800.000,1800.000,0.831114,0.151627,0.177164,0.173868,0.068795,1.539842,100.969822,0.000000,0.874047329,0.959436089,1
pi4b8_fit_20260910_v3,pi4b8g,2,1,fit,true,54,4,2164,2026-09-10T13:11:35Z,172030796940773,tinydl_revision,n1,1,B2,1.0,40.894,40.894,1800.000,1800.000,1800.000,1800.000,0.778467,0.149145,0.176756,0.177404,0.067536,1.485083,100.928545,0.000000,0.613766631,0.999244735,1
pi4b8_fit_20260910_v3,pi4b8g,2,1,fit,true,54,5,2165,2026-09-10T13:11:35Z,172030898166665,tinydl_revision,n1,1,B2,1.0,40.894,40.407,1800.000,1800.000,1800.000,1800.000,0.770078,0.145664,0.173812,0.174330,0.063758,1.462454,100.951267,0.000000,0.874169960,0.346553850,1
pi4b8_fit_20260910_v3,pi4b8g,2,1,fit,true,54,6,2166,2026-09-10T13:11:35Z,172030999430815,tinydl_revision,n1,1,B2,1.0,40.407,40.407,1800.000,1800.000,1800.000,1800.000,0.817615,0.149701,0.176386,0.172867,0.068536,1.521676,100.950860,0.000000,0.080144852,0.000206133,1
pi4b8_fit_20260910_v3,pi4b8g,2,1,fit,true,54,7,2167,2026-09-10T13:11:35Z,172031100677966,tinydl_revision,n1,1,B2,1.0,40.407,39.920,1800.000,1800.000,1800.000,1800.000,0.768097,0.144849,0.174460,0.174811,0.065684,1.460881,100.994526,0.000000,0.644102027,0.993637008,1
pi4b8_fit_20260910_v3,pi4b8g,2,1,fit,true,54,8,2168,2026-09-10T13:11:36Z,172031202036245,tinydl_revision,n1,1,B2,1.0,39.920,40.894,1800.000,1800.000,1800.000,1800.000,0.788338,0.155756,0.184552,0.179293,0.067295,1.517175,100.967841,0.000000,0.918106272,0.999259935,1
pi4b8_fit_20260910_v3,pi4b8g,2,1,fit,true,54,9,2169,2026-09-10T13:11:36Z,172031303319377,tinydl_revision,n1,1,B2,1.0,40.894,40.407,1800.000,1800.000,1800.000,1800.000,0.812837,0.152441,0.175608,0.175626,0.068018,1.525564,100.956508,0.000000,0.874289289,0.929426237,1
pi4b8_fit_20260910_v3,pi4b8g,2,1,fit,true,54,10,2170,2026-09-10T13:11:36Z,172031404571268,tinydl_revision,n1,1,B2,1.0,40.407,40.407,1800.000,1800.000,1800.000,1800.000,0.781745,0.143090,0.173571,0.172349,0.064869,1.468269,100.980786,0.000000,0.989346480,0.000577591,1
pi4b8_fit_20260910_v3,pi4b8g,2,1,fit,true,54,11,2171,2026-09-10T13:11:36Z,172031505872603,tinydl_revision,n1,1,B2,1.0,40.407,39.920,1800.000,1800.000,1800.000,1800.000,0.778245,0.146683,0.177886,0.176590,0.065628,1.480936,100.926435,0.000000,0.873040612,0.986756132,1
pi4b8_fit_20260910_v3,pi4b8g,2,1,fit,true,54,12,2172,2026-09-10T13:11:36Z,172031607120365,tinydl_revision,n1,1,B2,1.0,39.920,39.920,1800.000,1800.000,1800.000,1800.000,0.782930,0.187312,0.174589,0.171534,0.068832,1.524324,100.957434,0.000000,0.000000000,0.000000000,1
pi4b8_fit_20260910_v3,pi4b8g,2,1,fit,true,54,13,2173,2026-09-10T13:11:36Z,172031708380757,tinydl_revision,n1,1,B2,1.0,39.920,40.894,1800.000,1800.000,1800.000,1800.000,0.786560,0.142942,0.176830,0.173719,0.065480,1.478584,100.946341,0.000000,0.596760383,0.998254455,1
pi4b8_fit_20260910_v3,pi4b8g,2,1,fit,true,54,14,2174,2026-09-10T13:11:36Z,172031809629167,tinydl_revision,n1,1,B2,1.0,40.894,40.407,1800.000,1800.000,1800.000,1800.000,0.774263,0.146201,0.173201,0.173719,0.065666,1.468880,100.927879,0.000000,0.000021939,0.000000086,1
pi4b8_fit_20260910_v3,pi4b8g,2,1,fit,true,54,15,2175,2026-09-10T13:11:36Z,172031910859096,tinydl_revision,n1,1,B2,1.0,40.407,40.407,1800.000,1800.000,1800.000,1800.000,0.775523,0.145442,0.215459,0.175886,0.068795,1.518805,100.956527,0.000000,0.632227195,0.985595639,1
pi4b8_fit_20260910_v3,pi4b8g,2,1,fit,true,54,16,2176,2026-09-10T13:11:36Z,172032012153413,tinydl_revision,n1,1,B2,1.0,40.407,40.894,1800.000,1800.000,1800.000,1800.000,0.796578,0.148275,0.173312,0.173793,0.065518,1.493972,100.928823,0.000000,0.219283033,0.000446364,1
pi4b8_fit_20260910_v3,pi4b8g,2,1,fit,true,54,17,2177,2026-09-10T13:11:37Z,172032113373379,tinydl_revision,n1,1,B2,1.0,40.894,39.920,1800.000,1800.000,1800.000,1800.000,0.770097,0.143220,0.170942,0.171645,0.064795,1.453843,100.937138,0.000000,0.002601324,0.000010917,1
pi4b8_fit_20260910_v3,pi4b8g,2,1,fit,true,54,18,2178,2026-09-10T13:11:37Z,172032214666825,tinydl_revision,n1,1,B2,1.0,39.920,39.920,1800.000,1800.000,1800.000,1800.000,0.784467,0.153645,0.182775,0.217977,0.072498,1.552564,100.952434,0.000000,0.095477871,0.000197308,1
pi4b8_fit_20260910_v3,pi4b8g,2,1,fit,true,54,19,2179,2026-09-10T13:11:37Z,172032315929031,tinydl_revision,n1,1,B2,1.0,39.920,39.433,1800.000,1800.000,1800.000,1800.000,0.809114,0.150720,0.178200,0.176460,0.067721,1.519750,100.934935,0.000000,0.874102263,0.907419274,1
pi4b8_fit_20260910_v3,pi4b8g,2,1,fit,true,54,20,2180,2026-09-10T13:11:37Z,172032417167460,tinydl_revision,n1,1,B2,1.0,39.433,39.433,1800.000,1800.000,1800.000,1800.000,0.852003,0.162478,0.181978,0.173385,0.072832,1.595119,100.983304,0.000000,0.085850114,0.000236217,1
pi4b8_fit_20260910_v3,pi4b8g,2,1,fit,true,54,21,2181,2026-09-10T13:11:37Z,172032518472055,tinydl_revision,n1,1,B2,1.0,39.433,39.920,1800.000,1800.000,1800.000,1800.000,0.785115,0.145942,0.175182,0.174071,0.065832,1.482028,100.919231,0.000000,0.086582122,0.000200820,1
pi4b8_fit_20260910_v3,pi4b8g,2,1,fit,true,54,22,2182,2026-09-10T13:11:37Z,172032619680169,tinydl_revision,n1,1,B2,1.0,39.920,41.381,1800.000,1800.000,1800.000,1800.000,0.824652,0.147849,0.173200,0.173701,0.064906,1.518732,100.949731,0.000000,0.633628850,0.995837600,1
pi4b8_fit_20260910_v3,pi4b8g,2,1,fit,true,54,23,2183,2026-09-10T13:11:37Z,172032720922413,tinydl_revision,n1,1,B2,1.0,41.381,40.407,1800.000,1800.000,1800.000,1800.000,0.770115,0.140739,0.171700,0.174719,0.066536,1.457158,100.951064,0.000000,0.802907928,0.999998307,1
pi4b8_fit_20260910_v3,pi4b8g,2,1,fit,true,54,24,2184,2026-09-10T13:11:37Z,172032822182841,tinydl_revision,n1,1,B2,1.0,40.407,39.920,1800.000,1800.000,1800.000,1800.000,0.767671,0.142646,0.171349,0.174070,0.065592,1.455992,100.919361,0.000000,0.133151849,0.000081422,1
pi4b8_fit_20260910_v3,pi4b8g,2,1,fit,true,54,25,2185,2026-09-10T13:11:37Z,172032923392512,tinydl_revision,n1,1,B2,1.0,39.920,40.407,1800.000,1800.000,1800.000,1800.000,0.820726,0.148072,0.170719,0.174645,0.066147,1.517064,101.078524,0.000000,0.216910235,0.000004686,1
pi4b8_fit_20260910_v3,pi4b8g,2,1,fit,true,54,26,2186,2026-09-10T13:11:37Z,172033024823733,tinydl_revision,n1,1,B2,1.0,40.407,40.407,1800.000,1800.000,1800.000,1800.000,0.793059,0.150516,0.180941,0.178941,0.069165,1.514898,100.932361,0.000000,0.874455530,0.572169404,1
pi4b8_fit_20260910_v3,pi4b8g,2,1,fit,true,54,27,2187,2026-09-10T13:11:38Z,172033126083125,tinydl_revision,n1,1,B2,1.0,40.407,39.920,1800.000,1800.000,1800.000,1800.000,0.785078,0.142293,0.174515,0.173941,0.067184,1.479083,100.936564,0.000000,0.926186671,0.999700738,1
pi4b8_fit_20260910_v3,pi4b8g,2,1,fit,true,54,28,2188,2026-09-10T13:11:38Z,172033227377775,tinydl_revision,n1,1,B2,1.0,39.920,39.920,1800.000,1800.000,1800.000,1800.000,0.823300,0.160404,0.183904,0.179534,0.069536,1.557786,100.972896,0.000000,0.970019995,0.964182692,1
pi4b8_fit_20260910_v3,pi4b8g,2,1,fit,true,54,29,2189,2026-09-10T13:11:38Z,172033328660388,tinydl_revision,n1,1,B2,1.0,39.920,40.407,1800.000,1800.000,1800.000,1800.000,0.779170,0.146757,0.174905,0.173663,0.066092,1.475843,100.925527,0.000000,0.203502683,0.000220261,1
pi4b8_fit_20260910_v3,pi4b8g,2,1,fit,true,54,30,2190,2026-09-10T13:11:38Z,172033429872354,tinydl_revision,n1,1,B2,1.0,40.407,39.920,1800.000,1800.000,1800.000,1800.000,0.765726,0.145349,0.172941,0.170831,0.065869,1.454770,100.926065,0.000000,0.000000000,0.000000000,1
pi4b8_fit_20260910_v3,pi4b8g,2,1,fit,true,54,31,2191,2026-09-10T13:11:38Z,172033531096098,tinydl_revision,n1,1,B2,1.0,39.920,39.920,1800.000,1800.000,1800.000,1800.000,0.771504,0.181126,0.177182,0.175349,0.067999,1.509861,100.945657,0.000000,0.916602887,0.999957116,1
pi4b8_fit_20260910_v3,pi4b8g,2,1,fit,true,54,32,2192,2026-09-10T13:11:38Z,172033632337564,tinydl_revision,n1,1,B2,1.0,39.920,39.433,1800.000,1800.000,1800.000,1800.000,0.780726,0.144461,0.175923,0.172627,0.064165,1.472288,100.924583,0.000000,0.874615863,0.324245573,1
pi4b8_fit_20260910_v3,pi4b8g,2,1,fit,true,54,33,2193,2026-09-10T13:11:38Z,172033733554586,tinydl_revision,n1,1,B2,1.0,39.433,40.407,1800.000,1800.000,1800.000,1800.000,0.764152,0.141628,0.172700,0.170034,0.064203,1.444899,100.946508,0.000000,0.951466563,0.999910355,1
pi4b8_fit_20260910_v3,pi4b8g,2,1,fit,true,54,34,2194,2026-09-10T13:11:38Z,172033834807681,tinydl_revision,n1,1,B2,1.0,39.920,40.894,1800.000,1800.000,1800.000,1800.000,0.778930,0.146350,0.210959,0.177219,0.068555,1.516046,100.926657,0.000000,0.934772035,0.347959040,1
pi4b8_fit_20260910_v3,pi4b8g,2,1,fit,true,54,35,2195,2026-09-10T13:11:38Z,172033936058165,tinydl_revision,n1,1,B2,1.0,40.894,40.407,1800.000,1800.000,1800.000,1800.000,0.782986,0.145646,0.173071,0.173886,0.064943,1.476510,100.931268,0.000000,0.993048708,0.998386012,1
pi4b8_fit_20260910_v3,pi4b8g,2,1,fit,true,54,36,2196,2026-09-10T13:11:38Z,172034037288835,tinydl_revision,n1,1,B2,1.0,40.407,40.894,1800.000,1800.000,1800.000,1800.000,0.773949,0.143960,0.173441,0.170774,0.061925,1.457381,101.019822,0.000000,0.873991699,0.594274968,1
pi4b8_fit_20260910_v3,pi4b8g,2,1,fit,true,54,37,2197,2026-09-10T13:11:39Z,172034138646540,tinydl_revision,n1,1,B2,1.0,40.894,41.381,1800.000,1800.000,1800.000,1800.000,0.797226,0.153127,0.178127,0.222755,0.068647,1.560249,100.936712,0.000000,0.092506486,0.000205765,1
pi4b8_fit_20260910_v3,pi4b8g,2,1,fit,true,54,38,2198,2026-09-10T13:11:39Z,172034239938967,tinydl_revision,n1,1,B2,1.0,41.381,40.894,1800.000,1800.000,1800.000,1800.000,0.830374,0.160830,0.183274,0.176090,0.069609,1.561212,101.259485,0.000000,0.000247558,0.000001696,1
pi4b8_fit_20260910_v3,pi4b8g,2,1,fit,true,54,39,2199,2026-09-10T13:11:39Z,172034341600222,tinydl_revision,n1,1,B2,1.0,39.433,40.894,1800.000,1800.000,1800.000,1800.000,0.931520,0.187126,0.197089,0.196182,0.085573,1.760671,101.118116,0.000000,0.964652574,0.000855970,1
pi4b8_fit_20260910_v3,pi4b8g,2,1,fit,true,55,0,2200,2026-09-10T13:11:39Z,172035089173414,fisvdd_revision,n16,16,B2,1.0,38.946,40.407,1800.000,1800.000,1800.000,1800.000,1.327772,0.703357,0.252811,0.843281,0.106591,3.496565,101.115746,0.000000,0.732939228,0.498351661,1
pi4b8_fit_20260910_v3,pi4b8g,2,1,fit,true,55,1,2201,2026-09-10T13:11:40Z,172035190684708,fisvdd_revision,n16,16,B2,1.0,40.407,39.920,1800.000,1800.000,1800.000,1800.000,0.789152,0.656655,0.207478,0.588082,0.076629,2.490473,101.065877,0.000000,0.716585513,0.499338059,1
pi4b8_fit_20260910_v3,pi4b8g,2,1,fit,true,55,2,2202,2026-09-10T13:11:40Z,172035292144688,fisvdd_revision,n16,16,B2,1.0,39.920,40.894,1800.000,1800.000,1800.000,1800.000,0.827096,0.584064,0.197681,0.583026,0.073073,2.432493,101.007841,0.000000,0.714387831,0.501525231,1
pi4b8_fit_20260910_v3,pi4b8g,2,1,fit,true,55,3,2203,2026-09-10T13:11:40Z,172035393515670,fisvdd_revision,n16,16,B2,1.0,40.894,40.407,1800.000,1800.000,1800.000,1800.000,0.776523,0.568082,0.197774,0.577304,0.073203,2.356642,100.986878,0.000000,0.745057346,0.503772137,1
pi4b8_fit_20260910_v3,pi4b8g,2,1,fit,true,55,4,2204,2026-09-10T13:11:40Z,172035494821654,fisvdd_revision,n16,16,B2,1.0,40.407,39.920,1800.000,1800.000,1800.000,1800.000,0.761894,0.608915,0.191904,0.574711,0.072406,2.370863,101.004525,0.000000,0.670766351,0.500424275,1
pi4b8_fit_20260910_v3,pi4b8g,2,1,fit,true,55,5,2205,2026-09-10T13:11:40Z,172035596190524,fisvdd_revision,n16,16,B2,1.0,39.920,38.946,1800.000,1800.000,1800.000,1800.000,0.803041,0.565897,0.194866,0.575823,0.070943,2.370679,100.986212,0.000000,0.800588469,0.498404566,1
pi4b8_fit_20260910_v3,pi4b8g,2,1,fit,true,55,6,2206,2026-09-10T13:11:40Z,172035697493267,fisvdd_revision,n16,16,B2,1.0,38.946,38.459,1800.000,1800.000,1800.000,1800.000,0.763227,0.562138,0.191478,0.573749,0.071481,2.318772,100.984396,0.000000,0.786541751,0.493290864,1
pi4b8_fit_20260910_v3,pi4b8g,2,1,fit,true,55,7,2207,2026-09-10T13:11:40Z,172035798793250,fisvdd_revision,n16,16,B2,1.0,38.459,38.946,1800.000,1800.000,1800.000,1800.000,0.764578,0.606785,0.194163,0.575879,0.071739,2.373734,101.000748,0.000000,0.767421007,0.502855363,1
pi4b8_fit_20260910_v3,pi4b8g,2,1,fit,true,55,8,2208,2026-09-10T13:11:40Z,172035900153510,fisvdd_revision,n16,16,B2,1.0,38.946,39.920,1800.000,1800.000,1800.000,1800.000,0.795040,0.563600,0.194571,0.578230,0.072406,2.364827,101.058840,0.000000,0.622446930,0.494520022,1
pi4b8_fit_20260910_v3,pi4b8g,2,1,fit,true,55,9,2209,2026-09-10T13:11:40Z,172036001561917,fisvdd_revision,n16,16,B2,1.0,39.920,39.433,1800.000,1800.000,1800.000,1800.000,0.778411,0.572082,0.197422,0.596082,0.078332,2.392530,101.079284,0.000000,0.643551893,0.496860566,1
pi4b8_fit_20260910_v3,pi4b8g,2,1,fit,true,55,10,2210,2026-09-10T13:11:40Z,172036103016842,fisvdd_revision,n16,16,B2,1.0,39.433,40.407,1800.000,1800.000,1800.000,1800.000,0.777819,0.630304,0.200348,0.579971,0.075998,2.431770,100.896991,0.000000,0.726889165,0.500549273,1
pi4b8_fit_20260910_v3,pi4b8g,2,1,fit,true,55,11,2211,2026-09-10T13:11:41Z,172036204320677,fisvdd_revision,n16,16,B2,1.0,40.407,38.946,1800.000,1800.000,1800.000,1800.000,0.821300,0.580230,0.197829,0.582267,0.074425,2.419974,101.007915,0.000000,0.736067084,0.499183075,1
pi4b8_fit_20260910_v3,pi4b8g,2,1,fit,true,55,12,2212,2026-09-10T13:11:41Z,172036305660697,fisvdd_revision,n16,16,B2,1.0,38.946,39.433,1800.000,1800.000,1800.000,1800.000,0.766560,0.571323,0.194756,0.578748,0.119905,2.392493,101.023081,0.000000,0.650881574,0.496635009,1
pi4b8_fit_20260910_v3,pi4b8g,2,1,fit,true,55,13,2213,2026-09-10T13:11:41Z,172036407029475,fisvdd_revision,n16,16,B2,1.0,39.433,39.433,1800.000,1800.000,1800.000,1800.000,0.768393,0.616063,0.195774,0.581064,0.074980,2.399382,101.026452,0.000000,0.627695389,0.498647399,1
pi4b8_fit_20260910_v3,pi4b8g,2,1,fit,true,55,14,2214,2026-09-10T13:11:41Z,172036508382087,fisvdd_revision,n16,16,B2,1.0,39.433,39.920,1800.000,1800.000,1800.000,1800.000,0.788486,0.557582,0.193182,0.577600,0.071814,2.347142,100.982026,0.000000,0.739976997,0.498740528,1
pi4b8_fit_20260910_v3,pi4b8g,2,1,fit,true,55,15,2215,2026-09-10T13:11:41Z,172036609688330,fisvdd_revision,n16,16,B2,1.0,39.920,38.946,1800.000,1800.000,1800.000,1800.000,0.767134,0.557768,0.194237,0.575804,0.116479,2.371678,100.987304,0.000000,0.538304338,0.495875170,1
pi4b8_fit_20260910_v3,pi4b8g,2,1,fit,true,55,16,2216,2026-09-10T13:11:41Z,172036710996794,fisvdd_revision,n16,16,B2,1.0,38.946,39.920,1800.000,1800.000,1800.000,1800.000,0.766097,0.612766,0.192626,0.580748,0.072332,2.386364,100.991323,0.000000,0.611829390,0.503296879,1
pi4b8_fit_20260910_v3,pi4b8g,2,1,fit,true,55,17,2217,2026-09-10T13:11:41Z,172036812346388,fisvdd_revision,n16,16,B2,1.0,39.920,39.920,1800.000,1800.000,1800.000,1800.000,0.781171,0.563934,0.193385,0.575526,0.071536,2.346790,100.994118,0.000000,0.626886595,0.499729821,1
pi4b8_fit_20260910_v3,pi4b8g,2,1,fit,true,55,18,2218,2026-09-10T13:11:41Z,172036913696870,fisvdd_revision,n16,16,B2,1.0,39.920,41.381,1800.000,1800.000,1800.000,1800.000,0.773708,0.556898,0.195293,0.576064,0.118312,2.380419,101.001119,0.000000,0.627950902,0.500526516,1
pi4b8_fit_20260910_v3,pi4b8g,2,1,fit,true,55,19,2219,2026-09-10T13:11:41Z,172037015036093,fisvdd_revision,n16,16,B2,1.0,41.381,39.433,1800.000,1800.000,1800.000,1800.000,0.770486,0.605563,0.193497,0.575619,0.072869,2.378605,101.013693,0.000000,0.509517046,0.497643406,1
pi4b8_fit_20260910_v3,pi4b8g,2,1,fit,true,55,20,2220,2026-09-10T13:11:42Z,172037116380076,fisvdd_revision,n16,16,B2,1.0,39.433,39.920,1800.000,1800.000,1800.000,1800.000,0.785115,0.561675,0.191237,0.574693,0.069962,2.338475,100.913805,0.000000,0.853901622,0.494858623,1
pi4b8_fit_20260910_v3,pi4b8g,2,1,fit,true,55,21,2221,2026-09-10T13:11:42Z,172037217667708,fisvdd_revision,n16,16,B2,1.0,39.920,40.894,1800.000,1800.000,1800.000,1800.000,0.782170,0.582952,0.198644,0.578841,0.131053,2.436844,100.996359,0.000000,0.804498700,0.500026353,1
pi4b8_fit_20260910_v3,pi4b8g,2,1,fit,true,55,22,2222,2026-09-10T13:11:42Z,172037318990542,fisvdd_revision,n16,16,B2,1.0,40.894,39.920,1800.000,1800.000,1800.000,1800.000,0.767523,0.604174,0.195163,0.577081,0.073592,2.382253,101.005008,0.000000,0.647877069,0.501864395,1
pi4b8_fit_20260910_v3,pi4b8g,2,1,fit,true,55,23,2223,2026-09-10T13:11:42Z,172037420349395,fisvdd_revision,n16,16,B2,1.0,38.459,38.459,1800.000,1800.000,1800.000,1800.000,0.788467,0.566545,0.195978,0.576730,0.071628,2.359475,100.987322,0.000000,0.646189996,0.503983057,1
pi4b8_fit_20260910_v3,pi4b8g,2,1,fit,true,55,24,2224,2026-09-10T13:11:42Z,172037521672378,fisvdd_revision,n16,16,B2,1.0,38.459,40.407,1800.000,1800.000,1800.000,1800.000,0.846300,0.593267,0.198755,0.629303,0.079647,2.525953,101.022525,0.000000,0.662139469,0.504581647,1
pi4b8_fit_20260910_v3,pi4b8g,2,1,fit,true,55,25,2225,2026-09-10T13:11:42Z,172037623035656,fisvdd_revision,n16,16,B2,1.0,40.407,39.433,1800.000,1800.000,1800.000,1800.000,0.769782,0.606488,0.195552,0.576248,0.074165,2.385067,101.021766,0.000000,0.663928937,0.500584113,1
pi4b8_fit_20260910_v3,pi4b8g,2,1,fit,true,55,26,2226,2026-09-10T13:11:42Z,172037724381546,fisvdd_revision,n16,16,B2,1.0,39.433,40.894,1800.000,1800.000,1800.000,1800.000,0.777763,0.564026,0.191922,0.575953,0.069851,2.337475,100.989211,0.000000,0.577812912,0.497517747,1
pi4b8_fit_20260910_v3,pi4b8g,2,1,fit,true,55,27,2227,2026-09-10T13:11:42Z,172037825692066,fisvdd_revision,n16,16,B2,1.0,40.894,39.920,1800.000,1800.000,1800.000,1800.000,0.766393,0.558749,0.192793,0.572638,0.160719,2.408437,100.991841,0.000000,0.477823645,0.498242333,1
pi4b8_fit_20260910_v3,pi4b8g,2,1,fit,true,55,28,2228,2026-09-10T13:11:42Z,172037927012771,fisvdd_revision,n16,16,B2,1.0,38.946,41.381,1800.000,1800.000,1800.000,1800.000,0.767356,0.593267,0.194422,0.577693,0.070702,2.364771,100.986693,0.000000,0.790437188,0.500274976,1
pi4b8_fit_20260910_v3,pi4b8g,2,1,fit,true,55,29,2229,2026-09-10T13:11:42Z,172038028352958,fisvdd_revision,n16,16,B2,1.0,41.381,39.920,1800.000,1800.000,1800.000,1800.000,0.786430,0.567156,0.191182,0.580304,0.070054,2.353623,100.988155,0.000000,0.691209495,0.504912256,1
pi4b8_fit_20260910_v3,pi4b8g,2,1,fit,true,55,30,2230,2026-09-10T13:11:43Z,172038129661496,fisvdd_revision,n16,16,B2,1.0,39.920,40.407,1800.000,1800.000,1800.000,1800.000,0.758782,0.557934,0.190496,0.577267,0.071888,2.315772,100.913694,0.000000,0.789274682,0.502540819,1
pi4b8_fit_20260910_v3,pi4b8g,2,1,fit,true,55,31,2231,2026-09-10T13:11:43Z,172038230950795,fisvdd_revision,n16,16,B2,1.0,40.407,39.920,1800.000,1800.000,1800.000,1800.000,0.777948,0.616859,0.201311,0.579934,0.074184,2.414196,100.995692,0.000000,0.656035965,0.499274366,1
pi4b8_fit_20260910_v3,pi4b8g,2,1,fit,true,55,32,2232,2026-09-10T13:11:43Z,172038332304277,fisvdd_revision,n16,16,B2,1.0,39.920,40.407,1800.000,1800.000,1800.000,1800.000,0.784800,0.555489,0.192015,0.576971,0.071387,2.340105,100.993304,0.000000,0.733525249,0.495862201,1
pi4b8_fit_20260910_v3,pi4b8g,2,1,fit,true,55,33,2233,2026-09-10T13:11:43Z,172038433654148,fisvdd_revision,n16,16,B2,1.0,40.407,38.946,1800.000,1800.000,1800.000,1800.000,0.780245,0.561230,0.192607,0.577027,0.071110,2.340475,100.979526,0.000000,0.705666062,0.497474872,1
pi4b8_fit_20260910_v3,pi4b8g,2,1,fit,true,55,34,2234,2026-09-10T13:11:43Z,172038534951150,fisvdd_revision,n16,16,B2,1.0,38.946,39.433,1800.000,1800.000,1800.000,1800.000,0.761764,0.605137,0.190126,0.576360,0.071591,2.365419,100.992730,0.000000,0.807813497,0.501318793,1
pi4b8_fit_20260910_v3,pi4b8g,2,1,fit,true,55,35,2235,2026-09-10T13:11:43Z,172038636295503,fisvdd_revision,n16,16,B2,1.0,39.433,40.407,1800.000,1800.000,1800.000,1800.000,0.787726,0.555008,0.193774,0.575748,0.071091,2.342142,100.989137,0.000000,0.578892567,0.501737460,1
pi4b8_fit_20260910_v3,pi4b8g,2,1,fit,true,55,36,2236,2026-09-10T13:11:43Z,172038737604208,fisvdd_revision,n16,16,B2,1.0,40.407,39.920,1800.000,1800.000,1800.000,1800.000,0.771560,0.559934,0.189126,0.573730,0.072702,2.326531,100.991378,0.000000,0.623338386,0.496591331,1
pi4b8_fit_20260910_v3,pi4b8g,2,1,fit,true,55,37,2237,2026-09-10T13:11:43Z,172038838918932,fisvdd_revision,n16,16,B2,1.0,39.920,39.433,1800.000,1800.000,1800.000,1800.000,0.770301,0.658451,0.194978,0.578786,0.072647,2.437751,100.996507,0.000000,0.614820361,0.499789154,1
pi4b8_fit_20260910_v3,pi4b8g,2,1,fit,true,55,38,2238,2026-09-10T13:11:43Z,172038940286007,fisvdd_revision,n16,16,B2,1.0,39.433,39.920,1800.000,1800.000,1800.000,1800.000,0.798337,0.563027,0.194015,0.575674,0.071832,2.362475,100.979322,0.000000,0.747701688,0.499247382,1
pi4b8_fit_20260910_v3,pi4b8g,2,1,fit,true,55,39,2239,2026-09-10T13:11:43Z,172039041586953,fisvdd_revision,n16,16,B2,1.0,39.920,40.407,1800.000,1800.000,1800.000,1800.000,0.766782,0.558138,0.191904,0.574600,0.069776,2.320179,100.986526,0.000000,0.716188285,0.500459186,1
pi4b8_fit_20260910_v3,pi4b8g,2,1,fit,true,56,0,2240,2026-09-10T13:11:44Z,172039775206921,tinydl_revision,n1,1,B0,0.0,38.946,38.459,1800.000,1800.000,1800.000,1800.000,1.035518,0.175756,0.187719,0.181089,0.075165,1.821281,100.967434,0.000000,0.653553805,0.556180480,1
pi4b8_fit_20260910_v3,pi4b8g,2,1,fit,true,56,1,2241,2026-09-10T13:11:44Z,172039876486664,tinydl_revision,n1,1,B0,0.0,38.459,39.433,1800.000,1800.000,1800.000,1800.000,0.775393,0.146516,0.175885,0.175071,0.066333,1.476991,100.947508,0.000000,0.977907809,0.999998389,1
pi4b8_fit_20260910_v3,pi4b8g,2,1,fit,true,56,2,2242,2026-09-10T13:11:44Z,172039977742148,tinydl_revision,n1,1,B0,0.0,39.433,39.433,1800.000,1800.000,1800.000,1800.000,0.765875,0.148368,0.174831,0.173312,0.064610,1.465954,100.911509,0.000000,0.220638106,0.000010639,1
pi4b8_fit_20260910_v3,pi4b8g,2,1,fit,true,56,3,2243,2026-09-10T13:11:44Z,172040078947225,tinydl_revision,n1,1,B0,0.0,39.433,38.459,1800.000,1800.000,1800.000,1800.000,0.759578,0.143701,0.219551,0.176071,0.065518,1.499547,101.665403,0.000000,0.958441826,0.192016832,1
pi4b8_fit_20260910_v3,pi4b8g,2,1,fit,true,56,4,2244,2026-09-10T13:11:45Z,172040180958807,tinydl_revision,n1,1,B0,0.0,38.459,37.972,1800.000,1800.000,1800.000,1800.000,0.797634,0.157460,0.183108,0.179311,0.069702,1.524212,100.946934,0.000000,0.990241935,0.999993136,1
pi4b8_fit_20260910_v3,pi4b8g,2,1,fit,true,56,5,2245,2026-09-10T13:11:45Z,172040282218587,tinydl_revision,n1,1,B0,0.0,37.972,38.946,1800.000,1800.000,1800.000,1800.000,0.753764,0.148127,0.175368,0.175682,0.066018,1.455510,100.902324,0.000000,0.000000000,0.000000012,1
pi4b8_fit_20260910_v3,pi4b8g,2,1,fit,true,56,6,2246,2026-09-10T13:11:45Z,172040383408517,tinydl_revision,n1,1,B0,0.0,38.946,37.485,1800.000,1800.000,1800.000,1800.000,0.796392,0.149349,0.175256,0.173442,0.066406,1.497565,100.949749,0.000000,0.874478030,0.645117208,1
pi4b8_fit_20260910_v3,pi4b8g,2,1,fit,true,56,7,2247,2026-09-10T13:11:45Z,172040484658297,tinydl_revision,n1,1,B0,0.0,37.485,39.433,1800.000,1800.000,1800.000,1800.000,0.762097,0.146035,0.173885,0.171663,0.065906,1.450436,100.893046,0.000000,0.220801278,0.000096153,1
pi4b8_fit_20260910_v3,pi4b8g,2,1,fit,true,56,8,2248,2026-09-10T13:11:45Z,172040585859393,tinydl_revision,n1,1,B0,0.0,39.433,37.972,1800.000,1800.000,1800.000,1800.000,0.754764,0.142627,0.172830,0.172775,0.064054,1.441233,100.899936,0.000000,0.874376139,0.873378125,1
pi4b8_fit_20260910_v3,pi4b8g,2,1,fit,true,56,9,2249,2026-09-10T13:11:45Z,172040687047601,tinydl_revision,n1,1,B0,0.0,37.972,38.459,1800.000,1800.000,1800.000,1800.000,0.744912,0.138442,0.178034,0.174349,0.067980,1.478176,100.896120,0.000000,0.644161040,0.992169677,1
pi4b8_fit_20260910_v3,pi4b8g,2,1,fit,true,56,10,2250,2026-09-10T13:11:45Z,172040788257678,tinydl_revision,n1,1,B0,0.0,38.459,36.998,1800.000,1800.000,1800.000,1800.000,0.759486,0.141219,0.171312,0.171405,0.064055,1.440418,100.893380,0.000000,0.087598478,0.000180718,1
pi4b8_fit_20260910_v3,pi4b8g,2,1,fit,true,56,11,2251,2026-09-10T13:11:45Z,172040889430146,tinydl_revision,n1,1,B0,0.0,36.998,38.946,1800.000,1800.000,1800.000,1800.000,0.742431,0.136831,0.170830,0.171108,0.063276,1.414363,100.969433,0.000000,0.084639110,0.000272112,1
pi4b8_fit_20260910_v3,pi4b8g,2,1,fit,true,56,12,2252,2026-09-10T13:11:45Z,172040990723166,tinydl_revision,n1,1,B0,0.0,38.946,38.459,1800.000,1800.000,1800.000,1800.000,0.752653,0.149572,0.178053,0.226052,0.070461,1.515157,100.943323,0.000000,0.831800342,0.010189674,1
pi4b8_fit_20260910_v3,pi4b8g,2,1,fit,true,56,13,2253,2026-09-10T13:11:45Z,172041091980909,tinydl_revision,n1,1,B0,0.0,38.459,37.972,1800.000,1800.000,1800.000,1800.000,0.777912,0.149331,0.176774,0.174923,0.066221,1.518250,100.883566,0.000000,0.874391108,0.713706522,1
pi4b8_fit_20260910_v3,pi4b8g,2,1,fit,true,56,14,2254,2026-09-10T13:11:46Z,172041193210616,tinydl_revision,n1,1,B0,0.0,37.972,38.459,1800.000,1800.000,1800.000,1800.000,0.758541,0.155590,0.183256,0.178534,0.068462,1.480862,100.930046,0.000000,0.642356432,0.998662225,1
pi4b8_fit_20260910_v3,pi4b8g,2,1,fit,true,56,15,2255,2026-09-10T13:11:46Z,172041294442675,tinydl_revision,n1,1,B0,0.0,38.459,38.459,1800.000,1800.000,1800.000,1800.000,0.757060,0.145849,0.174089,0.174386,0.063073,1.449380,100.896454,0.000000,0.936618349,0.999997164,1
pi4b8_fit_20260910_v3,pi4b8g,2,1,fit,true,56,16,2256,2026-09-10T13:11:46Z,172041395622235,tinydl_revision,n1,1,B0,0.0,38.459,37.972,1800.000,1800.000,1800.000,1800.000,0.806559,0.147645,0.176386,0.172108,0.064906,1.502379,100.969489,0.000000,0.930305117,0.636147062,1
pi4b8_fit_20260910_v3,pi4b8g,2,1,fit,true,56,17,2257,2026-09-10T13:11:46Z,172041496903459,tinydl_revision,n1,1,B0,0.0,37.972,37.972,1800.000,1800.000,1800.000,1800.000,0.758171,0.144664,0.177626,0.175386,0.066498,1.457362,100.895083,0.000000,0.958559293,0.999995913,1
pi4b8_fit_20260910_v3,pi4b8g,2,1,fit,true,56,18,2258,2026-09-10T13:11:46Z,172041598088537,tinydl_revision,n1,1,B0,0.0,37.972,38.459,1800.000,1800.000,1800.000,1800.000,0.744227,0.141923,0.173089,0.172737,0.064703,1.426992,100.898768,0.000000,0.918029927,0.999788635,1
pi4b8_fit_20260910_v3,pi4b8g,2,1,fit,true,56,19,2259,2026-09-10T13:11:46Z,172041699276078,tinydl_revision,n1,1,B0,0.0,38.459,37.972,1800.000,1800.000,1800.000,1800.000,0.791597,0.153071,0.174607,0.172645,0.065832,1.494528,100.924453,0.000000,0.813459118,0.989652455,1
pi4b8_fit_20260910_v3,pi4b8g,2,1,fit,true,56,20,2260,2026-09-10T13:11:46Z,172041800489729,tinydl_revision,n1,1,B0,0.0,37.972,37.972,1800.000,1800.000,1800.000,1800.000,0.757783,0.147256,0.171145,0.173107,0.063424,1.445233,100.914398,0.000000,0.495717597,0.996361250,1
pi4b8_fit_20260910_v3,pi4b8g,2,1,fit,true,56,21,2261,2026-09-10T13:11:46Z,172041901697548,tinydl_revision,n1,1,B0,0.0,37.972,38.459,1800.000,1800.000,1800.000,1800.000,0.751097,0.145424,0.173885,0.171423,0.065832,1.440677,100.912583,0.000000,0.233462224,0.000252056,1
pi4b8_fit_20260910_v3,pi4b8g,2,1,fit,true,56,22,2262,2026-09-10T13:11:46Z,172042002903551,tinydl_revision,n1,1,B0,0.0,38.459,37.972,1800.000,1800.000,1800.000,1800.000,0.750523,0.146682,0.218570,0.175830,0.068332,1.492324,101.087339,0.000000,0.644672735,0.992278354,1
pi4b8_fit_20260910_v3,pi4b8g,2,1,fit,true,56,23,2263,2026-09-10T13:11:46Z,172042104391642,tinydl_revision,n1,1,B0,0.0,37.972,38.459,1800.000,1800.000,1800.000,1800.000,0.793115,0.156589,0.185645,0.178293,0.067906,1.524046,100.888565,0.000000,0.990251737,0.791643925,1
pi4b8_fit_20260910_v3,pi4b8g,2,1,fit,true,56,24,2264,2026-09-10T13:11:47Z,172042205660663,tinydl_revision,n1,1,B0,0.0,38.459,37.485,1800.000,1800.000,1800.000,1800.000,0.772727,0.157868,0.183756,0.178904,0.068444,1.499472,100.946805,0.000000,0.999986901,0.999766992,1
pi4b8_fit_20260910_v3,pi4b8g,2,1,fit,true,56,25,2265,2026-09-10T13:11:47Z,172042306922110,tinydl_revision,n1,1,B0,0.0,37.485,38.459,1800.000,1800.000,1800.000,1800.000,0.756875,0.149460,0.229848,0.175238,0.067314,1.514324,100.914787,0.000000,0.953383588,0.976286398,1
pi4b8_fit_20260910_v3,pi4b8g,2,1,fit,true,56,26,2266,2026-09-10T13:11:47Z,172042408161539,tinydl_revision,n1,1,B0,0.0,38.459,37.972,1800.000,1800.000,1800.000,1800.000,0.764449,0.145423,0.172719,0.172701,0.066258,1.456362,100.912805,0.000000,0.007053882,0.000017349,1
pi4b8_fit_20260910_v3,pi4b8g,2,1,fit,true,56,27,2267,2026-09-10T13:11:47Z,172042509366098,tinydl_revision,n1,1,B0,0.0,37.972,37.972,1800.000,1800.000,1800.000,1800.000,0.756394,0.143053,0.172663,0.174645,0.066166,1.446047,100.898268,0.000000,0.925908638,0.999996936,1
pi4b8_fit_20260910_v3,pi4b8g,2,1,fit,true,56,28,2268,2026-09-10T13:11:47Z,172042610553917,tinydl_revision,n1,1,B0,0.0,37.972,36.998,1800.000,1800.000,1800.000,1800.000,0.755745,0.140479,0.169145,0.169867,0.063277,1.430769,100.883694,0.000000,0.927083657,0.999999027,1
pi4b8_fit_20260910_v3,pi4b8g,2,1,fit,true,56,29,2269,2026-09-10T13:11:47Z,172042711736476,tinydl_revision,n1,1,B0,0.0,36.998,37.972,1800.000,1800.000,1800.000,1800.000,0.872688,0.169274,0.183607,0.176830,0.074647,1.628415,100.983934,0.000000,0.938548724,0.999998683,1
pi4b8_fit_20260910_v3,pi4b8g,2,1,fit,true,56,30,2270,2026-09-10T13:11:47Z,172042813039941,tinydl_revision,n1,1,B0,0.0,37.972,38.459,1800.000,1800.000,1800.000,1800.000,0.756726,0.146701,0.175034,0.172626,0.064943,1.451177,100.908490,0.000000,0.000126344,0.000000046,1
pi4b8_fit_20260910_v3,pi4b8g,2,1,fit,true,56,31,2271,2026-09-10T13:11:47Z,172042914234389,tinydl_revision,n1,1,B0,0.0,38.459,37.972,1800.000,1800.000,1800.000,1800.000,0.746431,0.143646,0.172700,0.170960,0.064536,1.431029,100.913398,0.000000,0.047147014,0.000002242,1
pi4b8_fit_20260910_v3,pi4b8g,2,1,fit,true,56,32,2272,2026-09-10T13:11:47Z,172043015443041,tinydl_revision,n1,1,B0,0.0,37.972,36.998,1800.000,1800.000,1800.000,1800.000,0.789282,0.147367,0.175534,0.172460,0.065888,1.483972,100.941934,0.000000,0.833449787,0.999997544,1
pi4b8_fit_20260910_v3,pi4b8g,2,1,fit,true,56,33,2273,2026-09-10T13:11:48Z,172043116680581,tinydl_revision,n1,1,B0,0.0,36.998,37.972,1800.000,1800.000,1800.000,1800.000,0.754171,0.145979,0.172941,0.173070,0.065332,1.445269,100.902731,0.000000,0.874945122,0.683220442,1
pi4b8_fit_20260910_v3,pi4b8g,2,1,fit,true,56,34,2274,2026-09-10T13:11:48Z,172043217935435,tinydl_revision,n1,1,B0,0.0,37.972,37.972,1800.000,1800.000,1800.000,1800.000,0.762746,0.160441,0.181737,0.176219,0.066517,1.483936,100.946601,0.000000,0.217854750,0.000002237,1
pi4b8_fit_20260910_v3,pi4b8g,2,1,fit,true,56,35,2275,2026-09-10T13:11:48Z,172043319190956,tinydl_revision,n1,1,B0,0.0,37.972,37.972,1800.000,1800.000,1800.000,1800.000,0.753468,0.197089,0.180256,0.175904,0.065702,1.511324,100.936398,0.000000,0.874536996,0.292432956,1
pi4b8_fit_20260910_v3,pi4b8g,2,1,fit,true,56,36,2276,2026-09-10T13:11:48Z,172043420418349,tinydl_revision,n1,1,B0,0.0,37.972,36.998,1800.000,1800.000,1800.000,1800.000,0.756282,0.143571,0.175164,0.174016,0.064795,1.446788,100.907157,0.000000,0.543306387,0.996418052,1
pi4b8_fit_20260910_v3,pi4b8g,2,1,fit,true,56,37,2277,2026-09-10T13:11:48Z,172043521615889,tinydl_revision,n1,1,B0,0.0,36.998,36.998,1800.000,1800.000,1800.000,1800.000,0.742616,0.139553,0.174386,0.174404,0.064277,1.426066,100.884288,0.000000,0.917800504,0.999987420,1
pi4b8_fit_20260910_v3,pi4b8g,2,1,fit,true,56,38,2278,2026-09-10T13:11:48Z,172043622785282,tinydl_revision,n1,1,B0,0.0,36.998,37.485,1800.000,1800.000,1800.000,1800.000,0.743634,0.140275,0.173645,0.223570,0.063943,1.478769,100.898139,0.000000,0.000457391,0.000000410,1
pi4b8_fit_20260910_v3,pi4b8g,2,1,fit,true,56,39,2279,2026-09-10T13:11:48Z,172043724044377,tinydl_revision,n1,1,B0,0.0,37.485,36.998,1800.000,1800.000,1800.000,1800.000,0.782486,0.146534,0.172422,0.171793,0.064702,1.472362,100.904195,0.000000,0.874254801,0.562697441,1
pi4b8_fit_20260910_v3,pi4b8g,2,1,fit,true,57,0,2280,2026-09-10T13:11:49Z,172044331434988,oi_svdd_as_elm_revision,n1,1,B1,0.5,37.972,37.972,1800.000,1800.000,1800.000,1800.000,0.952112,0.175978,0.186941,0.422733,0.073851,1.960427,101.141468,0.000000,0.873978847,0.305251522,1
pi4b8_fit_20260910_v3,pi4b8g,2,1,fit,true,57,1,2281,2026-09-10T13:11:49Z,172044432957505,oi_svdd_as_elm_revision,n1,1,B1,0.5,37.972,37.972,1800.000,1800.000,1800.000,1800.000,0.784911,0.162534,0.185867,0.416733,0.070055,1.768671,100.988026,0.000000,0.000002392,0.000366590,1
pi4b8_fit_20260910_v3,pi4b8g,2,1,fit,true,57,2,2282,2026-09-10T13:11:49Z,172044534265191,oi_svdd_as_elm_revision,n1,1,B1,0.5,37.972,37.972,1800.000,1800.000,1800.000,1800.000,0.760227,0.149053,0.178200,0.408271,0.067869,1.703247,100.986471,0.000000,0.983003410,0.976120182,1
pi4b8_fit_20260910_v3,pi4b8g,2,1,fit,true,57,3,2283,2026-09-10T13:11:49Z,172044635568786,oi_svdd_as_elm_revision,n1,1,B1,0.5,37.972,38.459,1800.000,1800.000,1800.000,1800.000,0.819522,0.151423,0.180015,0.408677,0.066980,1.769078,100.990878,0.000000,0.978017181,0.973572738,1
pi4b8_fit_20260910_v3,pi4b8g,2,1,fit,true,57,4,2284,2026-09-10T13:11:49Z,172044736876288,oi_svdd_as_elm_revision,n1,1,B1,0.5,38.459,37.972,1800.000,1800.000,1800.000,1800.000,0.763079,0.146219,0.176367,0.402567,0.067906,1.694487,101.018081,0.000000,0.964313903,0.963380413,1
pi4b8_fit_20260910_v3,pi4b8g,2,1,fit,true,57,5,2285,2026-09-10T13:11:49Z,172044838233899,oi_svdd_as_elm_revision,n1,1,B1,0.5,37.972,38.459,1800.000,1800.000,1800.000,1800.000,0.766356,0.154886,0.181885,0.407233,0.067943,1.718950,100.988582,0.000000,0.641286901,0.910061198,1
pi4b8_fit_20260910_v3,pi4b8g,2,1,fit,true,57,6,2286,2026-09-10T13:11:49Z,172044939542049,oi_svdd_as_elm_revision,n1,1,B1,0.5,38.459,37.972,1800.000,1800.000,1800.000,1800.000,0.819726,0.152682,0.178441,0.405493,0.065795,1.761283,101.043914,0.000000,0.927083657,0.957886065,1
pi4b8_fit_20260910_v3,pi4b8g,2,1,fit,true,57,7,2287,2026-09-10T13:11:49Z,172045040925901,oi_svdd_as_elm_revision,n1,1,B1,0.5,37.972,37.972,1800.000,1800.000,1800.000,1800.000,0.770912,0.154645,0.180293,0.410030,0.068702,1.725172,100.988823,0.000000,0.873949999,0.611545774,1
pi4b8_fit_20260910_v3,pi4b8g,2,1,fit,true,57,8,2288,2026-09-10T13:11:50Z,172045142235459,oi_svdd_as_elm_revision,n1,1,B1,0.5,36.998,37.485,1800.000,1800.000,1800.000,1800.000,0.780208,0.151182,0.177756,0.408326,0.068536,1.727320,101.105060,0.000000,0.964617545,0.001041412,1
pi4b8_fit_20260910_v3,pi4b8g,2,1,fit,true,57,9,2289,2026-09-10T13:11:50Z,172045243724790,oi_svdd_as_elm_revision,n1,1,B1,0.5,37.485,38.459,1800.000,1800.000,1800.000,1800.000,0.835152,0.168570,0.185219,0.420937,0.070721,1.828596,101.029785,0.000000,0.630887965,0.910891013,1
pi4b8_fit_20260910_v3,pi4b8g,2,1,fit,true,57,10,2290,2026-09-10T13:11:50Z,172045345085402,oi_svdd_as_elm_revision,n1,1,B1,0.5,38.459,36.998,1800.000,1800.000,1800.000,1800.000,0.779708,0.157441,0.176385,0.410937,0.068239,1.733098,100.974026,0.000000,0.014859141,0.000296311,1
pi4b8_fit_20260910_v3,pi4b8g,2,1,fit,true,57,11,2291,2026-09-10T13:11:50Z,172045446370793,oi_svdd_as_elm_revision,n1,1,B1,0.5,36.998,38.946,1800.000,1800.000,1800.000,1800.000,0.769541,0.150330,0.178497,0.403993,0.072221,1.765541,101.047136,0.000000,0.951090234,0.971490288,1
pi4b8_fit_20260910_v3,pi4b8g,2,1,fit,true,57,12,2292,2026-09-10T13:11:50Z,172045547770182,oi_svdd_as_elm_revision,n1,1,B1,0.5,38.946,37.485,1800.000,1800.000,1800.000,1800.000,0.856762,0.164441,0.183904,0.417622,0.068758,1.837410,101.025858,0.000000,0.872966255,0.849773987,1
pi4b8_fit_20260910_v3,pi4b8g,2,1,fit,true,57,13,2293,2026-09-10T13:11:50Z,172045649129016,oi_svdd_as_elm_revision,n1,1,B1,0.5,37.485,38.459,1800.000,1800.000,1800.000,1800.000,0.770412,0.149868,0.181533,0.409770,0.067962,1.720320,100.974211,0.000000,0.999986888,0.931594624,1
pi4b8_fit_20260910_v3,pi4b8g,2,1,fit,true,57,14,2294,2026-09-10T13:11:50Z,172045750446980,oi_svdd_as_elm_revision,n1,1,B1,0.5,38.459,37.972,1800.000,1800.000,1800.000,1800.000,0.775356,0.150609,0.176368,0.459825,0.068239,1.773782,100.983712,0.000000,0.982712714,0.971329922,1
pi4b8_fit_20260910_v3,pi4b8g,2,1,fit,true,57,15,2295,2026-09-10T13:11:50Z,172045851750667,oi_svdd_as_elm_revision,n1,1,B1,0.5,37.972,37.485,1800.000,1800.000,1800.000,1800.000,0.829596,0.155942,0.179256,0.406751,0.066925,1.781745,100.998341,0.000000,0.203553585,0.000266575,1
pi4b8_fit_20260910_v3,pi4b8g,2,1,fit,true,57,16,2296,2026-09-10T13:11:50Z,172045953064169,oi_svdd_as_elm_revision,n1,1,B1,0.5,37.485,38.459,1800.000,1800.000,1800.000,1800.000,0.765912,0.144701,0.178885,0.406714,0.065869,1.701931,100.987711,0.000000,0.926808736,0.961602060,1
pi4b8_fit_20260910_v3,pi4b8g,2,1,fit,true,57,17,2297,2026-09-10T13:11:50Z,172046054370633,oi_svdd_as_elm_revision,n1,1,B1,0.5,38.459,37.485,1800.000,1800.000,1800.000,1800.000,0.751949,0.149812,0.177793,0.403844,0.115405,1.739876,100.978990,0.000000,0.083229341,0.001560813,1
pi4b8_fit_20260910_v3,pi4b8g,2,1,fit,true,57,18,2298,2026-09-10T13:11:51Z,172046155663709,oi_svdd_as_elm_revision,n1,1,B1,0.5,37.485,38.459,1800.000,1800.000,1800.000,1800.000,0.808726,0.154849,0.175275,0.405308,0.066907,1.753801,100.944324,0.000000,0.227611463,0.000254656,1
pi4b8_fit_20260910_v3,pi4b8g,2,1,fit,true,57,19,2299,2026-09-10T13:11:51Z,172046256965285,oi_svdd_as_elm_revision,n1,1,B1,0.5,38.459,36.998,1800.000,1800.000,1800.000,1800.000,0.781560,0.158330,0.185515,0.417603,0.069795,1.754412,100.986563,0.000000,0.927289223,0.958209688,1
pi4b8_fit_20260910_v3,pi4b8g,2,1,fit,true,57,20,2300,2026-09-10T13:11:51Z,172046358274879,oi_svdd_as_elm_revision,n1,1,B1,0.5,36.998,38.946,1800.000,1800.000,1800.000,1800.000,0.768745,0.148590,0.177885,0.407678,0.066462,1.711636,100.972157,0.000000,0.926601920,0.942743956,1
pi4b8_fit_20260910_v3,pi4b8g,2,1,fit,true,57,21,2301,2026-09-10T13:11:51Z,172046459561789,oi_svdd_as_elm_revision,n1,1,B1,0.5,38.946,37.485,1800.000,1800.000,1800.000,1800.000,0.812467,0.156811,0.180552,0.406049,0.066870,1.764467,101.016988,0.000000,0.873987710,0.957656659,1
pi4b8_fit_20260910_v3,pi4b8g,2,1,fit,true,57,22,2302,2026-09-10T13:11:51Z,172046560901883,oi_svdd_as_elm_revision,n1,1,B1,0.5,37.485,38.459,1800.000,1800.000,1800.000,1800.000,0.774300,0.147738,0.177275,0.404751,0.068443,1.713209,101.005562,0.000000,0.874438789,0.446132374,1
pi4b8_fit_20260910_v3,pi4b8g,2,1,fit,true,57,23,2303,2026-09-10T13:11:51Z,172046662237236,oi_svdd_as_elm_revision,n1,1,B1,0.5,38.459,37.485,1800.000,1800.000,1800.000,1800.000,0.770116,0.151905,0.178219,0.406808,0.065665,1.714449,100.988137,0.000000,0.992900019,0.979050790,1
pi4b8_fit_20260910_v3,pi4b8g,2,1,fit,true,57,24,2304,2026-09-10T13:11:51Z,172046763535534,oi_svdd_as_elm_revision,n1,1,B1,0.5,37.485,38.459,1800.000,1800.000,1800.000,1800.000,0.832781,0.152071,0.176330,0.410919,0.067073,1.779597,101.013062,0.000000,0.873975678,0.831917975,1
pi4b8_fit_20260910_v3,pi4b8g,2,1,fit,true,57,25,2305,2026-09-10T13:11:51Z,172046864871128,oi_svdd_as_elm_revision,n1,1,B1,0.5,38.459,37.972,1800.000,1800.000,1800.000,1800.000,0.775486,0.153646,0.178200,0.407196,0.066888,1.723134,100.966730,0.000000,0.645381450,0.975097481,1
pi4b8_fit_20260910_v3,pi4b8g,2,1,fit,true,57,26,2306,2026-09-10T13:11:51Z,172046966148556,oi_svdd_as_elm_revision,n1,1,B1,0.5,37.972,37.972,1800.000,1800.000,1800.000,1800.000,0.763930,0.148256,0.177015,0.401270,0.065925,1.693635,100.957637,0.000000,0.946456234,0.976743601,1
pi4b8_fit_20260910_v3,pi4b8g,2,1,fit,true,57,27,2307,2026-09-10T13:11:51Z,172047067415077,oi_svdd_as_elm_revision,n1,1,B1,0.5,37.972,37.485,1800.000,1800.000,1800.000,1800.000,0.805411,0.152201,0.177219,0.402585,0.066221,1.743727,101.006285,0.000000,0.210413952,0.000937533,1
pi4b8_fit_20260910_v3,pi4b8g,2,1,fit,true,57,28,2308,2026-09-10T13:11:52Z,172047168744930,oi_svdd_as_elm_revision,n1,1,B1,0.5,37.485,37.972,1800.000,1800.000,1800.000,1800.000,0.773467,0.149035,0.177126,0.404826,0.066665,1.711913,100.916509,0.000000,0.964269550,0.970624266,1
pi4b8_fit_20260910_v3,pi4b8g,2,1,fit,true,57,29,2309,2026-09-10T13:11:52Z,172047270052561,oi_svdd_as_elm_revision,n1,1,B1,0.5,37.972,37.972,1800.000,1800.000,1800.000,1800.000,0.777819,0.157831,0.184515,0.411807,0.069999,1.743023,100.985341,0.000000,0.926325327,0.965881522,1
pi4b8_fit_20260910_v3,pi4b8g,2,1,fit,true,57,30,2310,2026-09-10T13:11:52Z,172047371359489,oi_svdd_as_elm_revision,n1,1,B1,0.5,37.972,36.998,1800.000,1800.000,1800.000,1800.000,0.802078,0.151182,0.179867,0.403511,0.067628,1.747319,100.998822,0.000000,0.925908638,0.978067523,1
pi4b8_fit_20260910_v3,pi4b8g,2,1,fit,true,57,31,2311,2026-09-10T13:11:52Z,172047472671490,oi_svdd_as_elm_revision,n1,1,B1,0.5,36.998,37.972,1800.000,1800.000,1800.000,1800.000,0.764264,0.149294,0.176312,0.406326,0.067350,1.701265,100.968879,0.000000,0.640739048,0.824494466,1
pi4b8_fit_20260910_v3,pi4b8g,2,1,fit,true,57,32,2312,2026-09-10T13:11:52Z,172047573946363,oi_svdd_as_elm_revision,n1,1,B1,0.5,37.972,38.946,1800.000,1800.000,1800.000,1800.000,0.759597,0.147201,0.175441,0.406307,0.065480,1.691265,100.979915,0.000000,0.787129154,0.947588410,1
pi4b8_fit_20260910_v3,pi4b8g,2,1,fit,true,57,33,2313,2026-09-10T13:11:52Z,172047675242402,oi_svdd_as_elm_revision,n1,1,B1,0.5,38.946,36.998,1800.000,1800.000,1800.000,1800.000,0.801263,0.151849,0.179386,0.410789,0.067517,1.750319,101.003100,0.000000,0.917800504,0.996105859,1
pi4b8_fit_20260910_v3,pi4b8g,2,1,fit,true,57,34,2314,2026-09-10T13:11:52Z,172047776555626,oi_svdd_as_elm_revision,n1,1,B1,0.5,36.998,37.972,1800.000,1800.000,1800.000,1800.000,0.768542,0.148609,0.178052,0.404215,0.068258,1.706542,100.995563,0.000000,0.876008327,0.744698073,1
pi4b8_fit_20260910_v3,pi4b8g,2,1,fit,true,57,35,2315,2026-09-10T13:11:52Z,172047877890645,oi_svdd_as_elm_revision,n1,1,B1,0.5,37.972,37.972,1800.000,1800.000,1800.000,1800.000,0.838225,0.159979,0.181553,0.439585,0.075851,1.849022,101.021118,0.000000,0.925908638,0.978067523,1
pi4b8_fit_20260910_v3,pi4b8g,2,1,fit,true,57,36,2316,2026-09-10T13:11:52Z,172047979241387,oi_svdd_as_elm_revision,n1,1,B1,0.5,37.972,36.998,1800.000,1800.000,1800.000,1800.000,0.829632,0.154830,0.176738,0.412493,0.069498,1.786208,101.105746,0.000000,0.000010676,0.001221613,1
pi4b8_fit_20260910_v3,pi4b8g,2,1,fit,true,57,37,2317,2026-09-10T13:11:52Z,172048080716904,oi_svdd_as_elm_revision,n1,1,B1,0.5,36.998,37.972,1800.000,1800.000,1800.000,1800.000,0.784152,0.157479,0.183590,0.414270,0.071202,1.757227,100.992767,0.000000,0.935575156,0.878464872,1
pi4b8_fit_20260910_v3,pi4b8g,2,1,fit,true,57,38,2318,2026-09-10T13:11:53Z,172048182033961,oi_svdd_as_elm_revision,n1,1,B1,0.5,37.972,37.972,1800.000,1800.000,1800.000,1800.000,0.770449,0.152183,0.177200,0.407993,0.069036,1.718950,100.915231,0.000000,0.221824137,0.000424183,1
pi4b8_fit_20260910_v3,pi4b8g,2,1,fit,true,57,39,2319,2026-09-10T13:11:53Z,172048283310537,oi_svdd_as_elm_revision,n1,1,B1,0.5,37.972,38.946,1800.000,1800.000,1800.000,1800.000,0.820578,0.160978,0.185181,0.409844,0.068888,1.787301,101.016378,0.000000,0.926601920,0.964706962,1
pi4b8_fit_20260910_v3,pi4b8g,2,1,fit,true,58,0,2320,2026-09-10T13:11:53Z,172048972719950,oi_svdd_as_elm_revision,n64,64,B1,0.5,37.485,37.485,1800.000,1800.000,1800.000,1800.000,0.964686,1.859502,0.249737,4.485825,0.082406,7.874022,101.059525,0.000000,0.719124114,0.670300009,1
pi4b8_fit_20260910_v3,pi4b8g,2,1,fit,true,58,1,2321,2026-09-10T13:11:53Z,172049074172875,oi_svdd_as_elm_revision,n64,64,B1,0.5,37.485,38.459,1800.000,1800.000,1800.000,1800.000,0.790190,1.914890,0.257254,4.420456,0.082665,7.700395,101.060247,0.000000,0.677588072,0.612759572,1
pi4b8_fit_20260910_v3,pi4b8g,2,1,fit,true,58,2,2322,2026-09-10T13:11:54Z,172049175617134,oi_svdd_as_elm_revision,n64,64,B1,0.5,38.459,38.459,1800.000,1800.000,1800.000,1800.000,0.844299,1.851429,0.250236,4.452214,0.083573,7.720042,100.989933,0.000000,0.729528736,0.667316015,1
pi4b8_fit_20260910_v3,pi4b8g,2,1,fit,true,58,3,2323,2026-09-10T13:11:54Z,172049277022985,oi_svdd_as_elm_revision,n64,64,B1,0.5,38.459,37.972,1800.000,1800.000,1800.000,1800.000,0.781745,1.852281,0.314920,4.419122,0.081943,7.686303,101.057303,0.000000,0.768307520,0.757499165,1
pi4b8_fit_20260910_v3,pi4b8g,2,1,fit,true,58,4,2324,2026-09-10T13:11:54Z,172049378494206,oi_svdd_as_elm_revision,n64,64,B1,0.5,37.972,38.946,1800.000,1800.000,1800.000,1800.000,0.793282,1.908446,0.253810,4.427048,0.081406,7.699914,101.114542,0.000000,0.633510145,0.643431535,1
pi4b8_fit_20260910_v3,pi4b8g,2,1,fit,true,58,5,2325,2026-09-10T13:11:54Z,172049480092610,oi_svdd_as_elm_revision,n64,64,B1,0.5,38.946,37.485,1800.000,1800.000,1800.000,1800.000,0.816244,1.869706,0.253570,4.438844,0.082721,7.704080,101.062321,0.000000,0.628679151,0.608296435,1
pi4b8_fit_20260910_v3,pi4b8g,2,1,fit,true,58,6,2326,2026-09-10T13:11:54Z,172049581540776,oi_svdd_as_elm_revision,n64,64,B1,0.5,37.485,38.946,1800.000,1800.000,1800.000,1800.000,0.788430,1.915076,0.251865,4.421345,0.082036,7.703228,101.067209,0.000000,0.658895030,0.599552656,1
pi4b8_fit_20260910_v3,pi4b8g,2,1,fit,true,58,7,2327,2026-09-10T13:11:54Z,172049682992534,oi_svdd_as_elm_revision,n64,64,B1,0.5,38.946,38.459,1800.000,1800.000,1800.000,1800.000,0.788060,1.894243,0.254513,4.422159,0.083443,7.681543,101.090024,0.000000,0.720189414,0.700501957,1
pi4b8_fit_20260910_v3,pi4b8g,2,1,fit,true,58,8,2328,2026-09-10T13:11:54Z,172049784470866,oi_svdd_as_elm_revision,n64,64,B1,0.5,38.459,38.459,1800.000,1800.000,1800.000,1800.000,0.822189,1.836781,0.249847,4.450380,0.083109,7.679673,101.052543,0.000000,0.670914869,0.638693635,1
pi4b8_fit_20260910_v3,pi4b8g,2,1,fit,true,58,9,2329,2026-09-10T13:11:54Z,172049885908310,oi_svdd_as_elm_revision,n64,64,B1,0.5,38.459,37.972,1800.000,1800.000,1800.000,1800.000,0.791133,1.964167,0.253865,4.429011,0.081740,7.760560,101.054858,0.000000,0.683579674,0.624620277,1
pi4b8_fit_20260910_v3,pi4b8g,2,1,fit,true,58,10,2330,2026-09-10T13:11:54Z,172049987345827,oi_svdd_as_elm_revision,n64,64,B1,0.5,37.972,39.433,1800.000,1800.000,1800.000,1800.000,0.834207,1.831485,0.254181,4.421919,0.082554,7.662192,101.085024,0.000000,0.708440668,0.642467755,1
pi4b8_fit_20260910_v3,pi4b8g,2,1,fit,true,58,11,2331,2026-09-10T13:11:54Z,172050088814993,oi_svdd_as_elm_revision,n64,64,B1,0.5,39.433,37.972,1800.000,1800.000,1800.000,1800.000,0.793356,1.848003,0.251662,4.435437,0.081498,7.648062,101.046506,0.000000,0.619621006,0.562680370,1
pi4b8_fit_20260910_v3,pi4b8g,2,1,fit,true,58,12,2332,2026-09-10T13:11:55Z,172050190243048,oi_svdd_as_elm_revision,n64,64,B1,0.5,37.972,38.459,1800.000,1800.000,1800.000,1800.000,0.790319,1.895409,0.249625,4.419937,0.080202,7.671154,100.924934,0.000000,0.700876176,0.641401548,1
pi4b8_fit_20260910_v3,pi4b8g,2,1,fit,true,58,13,2333,2026-09-10T13:11:55Z,172050291580345,oi_svdd_as_elm_revision,n64,64,B1,0.5,38.459,37.972,1800.000,1800.000,1800.000,1800.000,0.841910,1.838133,0.257902,4.413752,0.082146,7.665859,101.080006,0.000000,0.644171599,0.580711426,1
pi4b8_fit_20260910_v3,pi4b8g,2,1,fit,true,58,14,2334,2026-09-10T13:11:55Z,172050393043640,oi_svdd_as_elm_revision,n64,64,B1,0.5,37.972,38.459,1800.000,1800.000,1800.000,1800.000,0.790412,1.841355,0.304976,4.422752,0.081109,7.678247,101.051062,0.000000,0.606948340,0.553210177,1
pi4b8_fit_20260910_v3,pi4b8g,2,1,fit,true,58,15,2335,2026-09-10T13:11:55Z,172050494473177,oi_svdd_as_elm_revision,n64,64,B1,0.5,38.459,38.946,1800.000,1800.000,1800.000,1800.000,0.789801,1.886261,0.254977,4.411826,0.082795,7.668062,101.053043,0.000000,0.678967707,0.599340390,1
pi4b8_fit_20260910_v3,pi4b8g,2,1,fit,true,58,16,2336,2026-09-10T13:11:55Z,172050595904861,oi_svdd_as_elm_revision,n64,64,B1,0.5,38.946,38.946,1800.000,1800.000,1800.000,1800.000,0.841040,1.839521,0.252403,4.428104,0.083035,7.678007,101.083895,0.000000,0.707789988,0.650059990,1
pi4b8_fit_20260910_v3,pi4b8g,2,1,fit,true,58,17,2337,2026-09-10T13:11:55Z,172050697399415,oi_svdd_as_elm_revision,n64,64,B1,0.5,38.946,37.972,1800.000,1800.000,1800.000,1800.000,0.792689,1.888243,0.255051,4.406401,0.082609,7.665914,101.057358,0.000000,0.682910630,0.641380098,1
pi4b8_fit_20260910_v3,pi4b8g,2,1,fit,true,58,18,2338,2026-09-10T13:11:55Z,172050798878395,oi_svdd_as_elm_revision,n64,64,B1,0.5,37.972,38.459,1800.000,1800.000,1800.000,1800.000,0.795096,1.884150,0.253181,4.426900,0.081572,7.675488,101.064099,0.000000,0.656975126,0.616666191,1
pi4b8_fit_20260910_v3,pi4b8g,2,1,fit,true,58,19,2339,2026-09-10T13:11:55Z,172050900364523,oi_svdd_as_elm_revision,n64,64,B1,0.5,38.459,36.998,1800.000,1800.000,1800.000,1800.000,0.815985,1.859151,0.255014,4.469529,0.086331,7.739672,101.052025,0.000000,0.724750661,0.726930373,1
pi4b8_fit_20260910_v3,pi4b8g,2,1,fit,true,58,20,2340,2026-09-10T13:11:55Z,172051001794244,oi_svdd_as_elm_revision,n64,64,B1,0.5,36.998,37.972,1800.000,1800.000,1800.000,1800.000,0.790152,1.909335,0.250643,4.413029,0.081924,7.680840,101.054933,0.000000,0.645477762,0.615990490,1
pi4b8_fit_20260910_v3,pi4b8g,2,1,fit,true,58,21,2341,2026-09-10T13:11:55Z,172051103229281,oi_svdd_as_elm_revision,n64,64,B1,0.5,38.459,36.998,1800.000,1800.000,1800.000,1800.000,0.836670,1.840522,0.253458,4.420604,0.081480,7.669692,101.086561,0.000000,0.702212809,0.622147602,1
pi4b8_fit_20260910_v3,pi4b8g,2,1,fit,true,58,22,2342,2026-09-10T13:11:56Z,172051204696687,oi_svdd_as_elm_revision,n64,64,B1,0.5,36.998,38.459,1800.000,1800.000,1800.000,1800.000,0.789782,2.079443,0.321457,4.990316,0.081813,8.744468,101.025840,0.000000,0.637190309,0.552888893,1
pi4b8_fit_20260910_v3,pi4b8g,2,1,fit,true,58,23,2343,2026-09-10T13:11:56Z,172051306106039,oi_svdd_as_elm_revision,n64,64,B1,0.5,38.459,38.459,1800.000,1800.000,1800.000,1800.000,0.780986,1.918780,0.251273,4.414289,0.081443,7.680691,101.049876,0.000000,0.711174178,0.663711179,1
pi4b8_fit_20260910_v3,pi4b8g,2,1,fit,true,58,24,2344,2026-09-10T13:11:56Z,172051407540464,oi_svdd_as_elm_revision,n64,64,B1,0.5,38.459,38.459,1800.000,1800.000,1800.000,1800.000,0.838337,1.846448,0.256125,4.418400,0.081813,7.675692,101.077821,0.000000,0.706482583,0.631734946,1
pi4b8_fit_20260910_v3,pi4b8g,2,1,fit,true,58,25,2345,2026-09-10T13:11:56Z,172051509001592,oi_svdd_as_elm_revision,n64,64,B1,0.5,38.459,38.946,1800.000,1800.000,1800.000,1800.000,0.784819,1.839225,0.293236,4.400030,0.082369,7.636156,101.049340,0.000000,0.624454487,0.576207411,1
pi4b8_fit_20260910_v3,pi4b8g,2,1,fit,true,58,26,2346,2026-09-10T13:11:56Z,172051610427036,oi_svdd_as_elm_revision,n64,64,B1,0.5,38.946,37.972,1800.000,1800.000,1800.000,1800.000,0.797023,1.898798,0.254996,4.420123,0.083925,7.687896,101.061581,0.000000,0.723981117,0.679677047,1
pi4b8_fit_20260910_v3,pi4b8g,2,1,fit,true,58,27,2347,2026-09-10T13:11:56Z,172051711878239,oi_svdd_as_elm_revision,n64,64,B1,0.5,37.972,37.972,1800.000,1800.000,1800.000,1800.000,0.856392,1.857114,0.251940,4.418030,0.080813,7.696599,101.078228,0.000000,0.747016523,0.686878596,1
pi4b8_fit_20260910_v3,pi4b8g,2,1,fit,true,58,28,2348,2026-09-10T13:11:56Z,172051813353738,oi_svdd_as_elm_revision,n64,64,B1,0.5,37.972,37.485,1800.000,1800.000,1800.000,1800.000,0.788448,1.904872,0.257218,4.414382,0.081832,7.685654,101.052969,0.000000,0.634850825,0.593679388,1
pi4b8_fit_20260910_v3,pi4b8g,2,1,fit,true,58,29,2349,2026-09-10T13:11:56Z,172051914785644,oi_svdd_as_elm_revision,n64,64,B1,0.5,37.485,37.972,1800.000,1800.000,1800.000,1800.000,0.789393,1.897021,0.252773,4.410159,0.081499,7.667415,101.047766,0.000000,0.722470985,0.686813663,1
pi4b8_fit_20260910_v3,pi4b8g,2,1,fit,true,58,30,2350,2026-09-10T13:11:56Z,172052016247532,oi_svdd_as_elm_revision,n64,64,B1,0.5,37.972,37.972,1800.000,1800.000,1800.000,1800.000,0.807096,1.857873,0.252051,4.428030,0.082202,7.664044,101.048914,0.000000,0.670481050,0.617598853,1
pi4b8_fit_20260910_v3,pi4b8g,2,1,fit,true,58,31,2351,2026-09-10T13:11:57Z,172052117676624,oi_svdd_as_elm_revision,n64,64,B1,0.5,37.972,38.946,1800.000,1800.000,1800.000,1800.000,0.782208,1.924168,0.253310,4.406548,0.080869,7.684044,100.896972,0.000000,0.701409726,0.608937913,1
pi4b8_fit_20260910_v3,pi4b8g,2,1,fit,true,58,32,2352,2026-09-10T13:11:57Z,172052218981904,oi_svdd_as_elm_revision,n64,64,B1,0.5,38.946,37.972,1800.000,1800.000,1800.000,1800.000,0.787152,1.899724,0.253050,4.437103,0.083220,7.695450,101.091172,0.000000,0.650578182,0.590252992,1
pi4b8_fit_20260910_v3,pi4b8g,2,1,fit,true,58,33,2353,2026-09-10T13:11:57Z,172052320494531,oi_svdd_as_elm_revision,n64,64,B1,0.5,37.972,39.433,1800.000,1800.000,1800.000,1800.000,0.811281,1.830725,0.252440,4.440585,0.082110,7.655377,101.054784,0.000000,0.719705733,0.664114248,1
pi4b8_fit_20260910_v3,pi4b8g,2,1,fit,true,58,34,2354,2026-09-10T13:11:57Z,172052421931030,oi_svdd_as_elm_revision,n64,64,B1,0.5,39.433,37.972,1800.000,1800.000,1800.000,1800.000,0.785096,1.903965,0.255070,4.419511,0.082517,7.684692,101.050618,0.000000,0.626839906,0.575497648,1
pi4b8_fit_20260910_v3,pi4b8g,2,1,fit,true,58,35,2355,2026-09-10T13:11:57Z,172052523362197,oi_svdd_as_elm_revision,n64,64,B1,0.5,37.972,37.972,1800.000,1800.000,1800.000,1800.000,0.829299,1.862502,0.250348,4.416751,0.081757,7.676821,101.085894,0.000000,0.734277452,0.698516583,1
pi4b8_fit_20260910_v3,pi4b8g,2,1,fit,true,58,36,2356,2026-09-10T13:11:57Z,172052624828418,oi_svdd_as_elm_revision,n64,64,B1,0.5,37.972,38.946,1800.000,1800.000,1800.000,1800.000,0.789523,1.850707,0.250532,4.441011,0.082647,7.645618,101.054839,0.000000,0.658049935,0.602283631,1
pi4b8_fit_20260910_v3,pi4b8g,2,1,fit,true,58,37,2357,2026-09-10T13:11:57Z,172052726261584,oi_svdd_as_elm_revision,n64,64,B1,0.5,38.946,38.459,1800.000,1800.000,1800.000,1800.000,0.791226,1.905817,0.257384,4.425882,0.080795,7.701394,101.054024,0.000000,0.666418602,0.597916901,1
pi4b8_fit_20260910_v3,pi4b8g,2,1,fit,true,58,38,2358,2026-09-10T13:11:57Z,172052827696768,oi_svdd_as_elm_revision,n64,64,B1,0.5,38.459,36.998,1800.000,1800.000,1800.000,1800.000,0.858021,1.852521,0.255329,4.487103,0.083091,7.777875,101.077765,0.000000,0.611035762,0.612079751,1
pi4b8_fit_20260910_v3,pi4b8g,2,1,fit,true,58,39,2359,2026-09-10T13:11:57Z,172052929154285,oi_svdd_as_elm_revision,n64,64,B1,0.5,37.972,38.946,1800.000,1800.000,1800.000,1800.000,0.786189,1.832836,0.292273,4.399511,0.081739,7.628360,101.053673,0.000000,0.723661548,0.708014171,1
pi4b8_fit_20260910_v3,pi4b8g,2,1,fit,true,59,0,2360,2026-09-10T13:11:58Z,172053614816564,oi_svdd_as_elm_revision,n256,256,B1,0.5,38.459,37.972,1800.000,1800.000,1800.000,1800.000,0.950409,7.062907,0.403918,16.556120,0.086443,25.588750,101.087506,0.000000,0.708598637,0.663721705,1
pi4b8_fit_20260910_v3,pi4b8g,2,1,fit,true,59,1,2361,2026-09-10T13:11:58Z,172053716460800,oi_svdd_as_elm_revision,n256,256,B1,0.5,37.972,37.485,1800.000,1800.000,1800.000,1800.000,0.832595,7.054203,0.412196,16.498899,0.088535,25.461549,101.073080,0.000000,0.690736423,0.633001907,1
pi4b8_fit_20260910_v3,pi4b8g,2,1,fit,true,59,2,2362,2026-09-10T13:11:58Z,172053818057185,oi_svdd_as_elm_revision,n256,256,B1,0.5,37.485,37.972,1800.000,1800.000,1800.000,1800.000,0.810929,7.078943,0.403826,16.509862,0.087721,25.454308,101.093154,0.000000,0.710794249,0.695909561,1
pi4b8_fit_20260910_v3,pi4b8g,2,1,fit,true,59,3,2363,2026-09-10T13:11:58Z,172053919668144,oi_svdd_as_elm_revision,n256,256,B1,0.5,38.459,37.485,1800.000,1800.000,1800.000,1800.000,0.871224,7.018574,0.405067,16.513954,0.088294,25.517807,101.126987,0.000000,0.648125149,0.594879527,1
pi4b8_fit_20260910_v3,pi4b8g,2,1,fit,true,59,4,2364,2026-09-10T13:11:58Z,172054021359787,oi_svdd_as_elm_revision,n256,256,B1,0.5,37.485,37.972,1800.000,1800.000,1800.000,1800.000,0.822152,7.057314,0.397364,16.554546,0.087702,25.482845,101.084746,0.000000,0.700734696,0.644685084,1
pi4b8_fit_20260910_v3,pi4b8g,2,1,fit,true,59,5,2365,2026-09-10T13:11:59Z,172054122969135,oi_svdd_as_elm_revision,n256,256,B1,0.5,37.972,38.459,1800.000,1800.000,1800.000,1800.000,0.820521,7.019982,0.401807,16.533213,0.087036,25.435920,100.898991,0.000000,0.675935385,0.609039395,1
pi4b8_fit_20260910_v3,pi4b8g,2,1,fit,true,59,6,2366,2026-09-10T13:11:59Z,172054224454763,oi_svdd_as_elm_revision,n256,256,B1,0.5,38.459,37.972,1800.000,1800.000,1800.000,1800.000,0.834633,7.028574,0.399030,16.559879,0.088591,25.480604,101.082747,0.000000,0.672120844,0.624614945,1
pi4b8_fit_20260910_v3,pi4b8g,2,1,fit,true,59,7,2367,2026-09-10T13:11:59Z,172054326064704,oi_svdd_as_elm_revision,n256,256,B1,0.5,37.972,37.972,1800.000,1800.000,1800.000,1800.000,0.831059,7.072758,0.399696,16.499288,0.087683,25.472456,101.352204,0.000000,0.706515096,0.636473318,1
pi4b8_fit_20260910_v3,pi4b8g,2,1,fit,true,59,8,2368,2026-09-10T13:11:59Z,172054428092081,oi_svdd_as_elm_revision,n256,256,B1,0.5,37.972,38.459,1800.000,1800.000,1800.000,1800.000,0.938575,7.060314,0.403937,16.696155,0.089739,25.768173,101.083469,0.000000,0.694167018,0.666659804,1
pi4b8_fit_20260910_v3,pi4b8g,2,1,fit,true,59,9,2369,2026-09-10T13:11:59Z,172054529707336,oi_svdd_as_elm_revision,n256,256,B1,0.5,38.459,37.485,1800.000,1800.000,1800.000,1800.000,0.819374,7.079111,0.401770,16.503584,0.088702,25.464086,101.079061,0.000000,0.694123173,0.670813146,1
pi4b8_fit_20260910_v3,pi4b8g,2,1,fit,true,59,10,2370,2026-09-10T13:11:59Z,172054631305462,oi_svdd_as_elm_revision,n256,256,B1,0.5,37.485,38.459,1800.000,1800.000,1800.000,1800.000,0.871669,7.032722,0.441436,16.492621,0.087720,25.504641,101.114283,0.000000,0.678558299,0.644957190,1
pi4b8_fit_20260910_v3,pi4b8g,2,1,fit,true,59,11,2371,2026-09-10T13:11:59Z,172054732942569,oi_svdd_as_elm_revision,n256,256,B1,0.5,37.972,38.459,1800.000,1800.000,1800.000,1800.000,0.820522,7.064666,0.399048,16.498844,0.087517,25.441642,101.075098,0.000000,0.679647524,0.621764337,1
pi4b8_fit_20260910_v3,pi4b8g,2,1,fit,true,59,12,2372,2026-09-10T13:11:59Z,172054834549046,oi_svdd_as_elm_revision,n256,256,B1,0.5,38.459,38.946,1800.000,1800.000,1800.000,1800.000,0.827096,7.063555,0.398826,16.500788,0.089017,25.449994,101.101154,0.000000,0.666674093,0.630464964,1
pi4b8_fit_20260910_v3,pi4b8g,2,1,fit,true,59,13,2373,2026-09-10T13:11:59Z,172054936211449,oi_svdd_as_elm_revision,n256,256,B1,0.5,38.946,38.946,1800.000,1800.000,1800.000,1800.000,0.839688,7.030889,0.400974,16.495159,0.086109,25.426605,101.082506,0.000000,0.698518080,0.639220799,1
pi4b8_fit_20260910_v3,pi4b8g,2,1,fit,true,59,14,2374,2026-09-10T13:11:59Z,172055037845389,oi_svdd_as_elm_revision,n256,256,B1,0.5,38.946,37.972,1800.000,1800.000,1800.000,1800.000,0.823447,7.058944,0.404918,16.513492,0.089128,25.464678,101.077210,0.000000,0.690806578,0.672964673,1
pi4b8_fit_20260910_v3,pi4b8g,2,1,fit,true,59,15,2375,2026-09-10T13:12:00Z,172055139449830,oi_svdd_as_elm_revision,n256,256,B1,0.5,37.972,38.946,1800.000,1800.000,1800.000,1800.000,0.882335,6.987260,0.444974,16.486048,0.087239,25.465715,101.135949,0.000000,0.681662199,0.633188559,1
pi4b8_fit_20260910_v3,pi4b8g,2,1,fit,true,59,16,2376,2026-09-10T13:12:00Z,172055241158639,oi_svdd_as_elm_revision,n256,256,B1,0.5,38.946,37.972,1800.000,1800.000,1800.000,1800.000,0.842466,7.165719,0.402752,16.616342,0.088331,25.672396,101.075765,0.000000,0.665179922,0.611136911,1
pi4b8_fit_20260910_v3,pi4b8g,2,1,fit,true,59,17,2377,2026-09-10T13:12:00Z,172055342768931,oi_svdd_as_elm_revision,n256,256,B1,0.5,37.972,37.485,1800.000,1800.000,1800.000,1800.000,0.816578,7.059055,0.395659,16.536714,0.087091,25.478734,101.074562,0.000000,0.670867740,0.611941937,1
pi4b8_fit_20260910_v3,pi4b8g,2,1,fit,true,59,18,2378,2026-09-10T13:12:00Z,172055444406112,oi_svdd_as_elm_revision,n256,256,B1,0.5,37.485,37.485,1800.000,1800.000,1800.000,1800.000,0.839133,7.089925,0.404234,16.498251,0.088684,25.491937,101.081154,0.000000,0.687940075,0.646278095,1
pi4b8_fit_20260910_v3,pi4b8g,2,1,fit,true,59,19,2379,2026-09-10T13:12:00Z,172055546011534,oi_svdd_as_elm_revision,n256,256,B1,0.5,37.485,39.433,1800.000,1800.000,1800.000,1800.000,0.812689,7.039500,0.398715,16.516177,0.087480,25.428735,101.080932,0.000000,0.666952563,0.606656792,1
pi4b8_fit_20260910_v3,pi4b8g,2,1,fit,true,59,20,2380,2026-09-10T13:12:00Z,172055647615012,oi_svdd_as_elm_revision,n256,256,B1,0.5,39.433,38.459,1800.000,1800.000,1800.000,1800.000,0.870651,7.025259,0.401733,16.493251,0.088072,25.487437,101.104820,0.000000,0.705853983,0.657146682,1
pi4b8_fit_20260910_v3,pi4b8g,2,1,fit,true,59,21,2381,2026-09-10T13:12:00Z,172055749244396,oi_svdd_as_elm_revision,n256,256,B1,0.5,38.459,37.972,1800.000,1800.000,1800.000,1800.000,0.825188,7.070740,0.400530,16.502622,0.088702,25.458957,101.074821,0.000000,0.682510394,0.616606577,1
pi4b8_fit_20260910_v3,pi4b8g,2,1,fit,true,59,22,2382,2026-09-10T13:12:00Z,172055850888188,oi_svdd_as_elm_revision,n256,256,B1,0.5,37.972,38.459,1800.000,1800.000,1800.000,1800.000,0.822522,7.068111,0.400160,16.519658,0.088128,25.466234,101.081728,0.000000,0.663740441,0.625529903,1
pi4b8_fit_20260910_v3,pi4b8g,2,1,fit,true,59,23,2383,2026-09-10T13:12:00Z,172055952525684,oi_svdd_as_elm_revision,n256,256,B1,0.5,38.459,37.972,1800.000,1800.000,1800.000,1800.000,0.836892,7.073184,0.394715,16.506714,0.087147,25.470011,101.078117,0.000000,0.688517432,0.644146509,1
pi4b8_fit_20260910_v3,pi4b8g,2,1,fit,true,59,24,2384,2026-09-10T13:12:00Z,172056054124328,oi_svdd_as_elm_revision,n256,256,B1,0.5,37.972,39.433,1800.000,1800.000,1800.000,1800.000,0.823948,7.046426,0.400030,16.505510,0.088276,25.444475,101.079802,0.000000,0.713872463,0.663561523,1
pi4b8_fit_20260910_v3,pi4b8g,2,1,fit,true,59,25,2385,2026-09-10T13:12:01Z,172056155722454,oi_svdd_as_elm_revision,n256,256,B1,0.5,39.433,37.972,1800.000,1800.000,1800.000,1800.000,0.883928,6.999816,0.397382,16.505065,0.085961,25.490530,100.959378,0.000000,0.711483459,0.677980512,1
pi4b8_fit_20260910_v3,pi4b8g,2,1,fit,true,59,26,2386,2026-09-10T13:12:01Z,172056257237526,oi_svdd_as_elm_revision,n256,256,B1,0.5,37.972,38.459,1800.000,1800.000,1800.000,1800.000,0.820170,7.068148,0.397344,16.531417,0.087831,25.457808,101.075617,0.000000,0.663609050,0.620538700,1
pi4b8_fit_20260910_v3,pi4b8g,2,1,fit,true,59,27,2387,2026-09-10T13:12:01Z,172056358839689,oi_svdd_as_elm_revision,n256,256,B1,0.5,38.459,37.972,1800.000,1800.000,1800.000,1800.000,0.810540,7.033593,0.402363,16.551121,0.089035,25.465363,101.077135,0.000000,0.670608949,0.641477882,1
pi4b8_fit_20260910_v3,pi4b8g,2,1,fit,true,59,28,2388,2026-09-10T13:12:01Z,172056460468888,oi_svdd_as_elm_revision,n256,256,B1,0.5,37.972,37.972,1800.000,1800.000,1800.000,1800.000,0.831596,7.064333,0.391641,16.521733,0.087461,25.464179,101.077062,0.000000,0.714210650,0.635971973,1
pi4b8_fit_20260910_v3,pi4b8g,2,1,fit,true,59,29,2389,2026-09-10T13:12:01Z,172056562076551,oi_svdd_as_elm_revision,n256,256,B1,0.5,37.972,38.459,1800.000,1800.000,1800.000,1800.000,0.830596,7.062480,0.391622,16.530361,0.087239,25.479437,101.073599,0.000000,0.654919866,0.601440770,1
pi4b8_fit_20260910_v3,pi4b8g,2,1,fit,true,59,30,2390,2026-09-10T13:12:01Z,172056663668640,oi_svdd_as_elm_revision,n256,256,B1,0.5,38.459,37.972,1800.000,1800.000,1800.000,1800.000,0.866725,7.023982,0.403751,16.530806,0.087462,25.530659,101.095746,0.000000,0.688475467,0.628530389,1
pi4b8_fit_20260910_v3,pi4b8g,2,1,fit,true,59,31,2391,2026-09-10T13:12:01Z,172056765285062,oi_svdd_as_elm_revision,n256,256,B1,0.5,37.972,37.972,1800.000,1800.000,1800.000,1800.000,0.810041,7.035722,0.408104,16.536510,0.086406,25.446549,101.083209,0.000000,0.691579551,0.640716369,1
pi4b8_fit_20260910_v3,pi4b8g,2,1,fit,true,59,32,2392,2026-09-10T13:12:01Z,172056866899502,oi_svdd_as_elm_revision,n256,256,B1,0.5,38.946,38.946,1800.000,1800.000,1800.000,1800.000,0.812429,7.003889,0.401956,16.614138,0.089887,25.495308,101.065840,0.000000,0.700656082,0.683321819,1
pi4b8_fit_20260910_v3,pi4b8g,2,1,fit,true,59,33,2393,2026-09-10T13:12:01Z,172056968523239,oi_svdd_as_elm_revision,n256,256,B1,0.5,38.946,38.459,1800.000,1800.000,1800.000,1800.000,0.835318,7.020981,0.395937,16.532528,0.087702,25.447864,101.064654,0.000000,0.672948569,0.648119907,1
pi4b8_fit_20260910_v3,pi4b8g,2,1,fit,true,59,34,2394,2026-09-10T13:12:01Z,172057070124476,oi_svdd_as_elm_revision,n256,256,B1,0.5,38.459,38.946,1800.000,1800.000,1800.000,1800.000,0.817226,7.141794,0.412326,16.535046,0.087906,25.568936,101.076895,0.000000,0.706386233,0.643139529,1
pi4b8_fit_20260910_v3,pi4b8g,2,1,fit,true,59,35,2395,2026-09-10T13:12:02Z,172057171720991,oi_svdd_as_elm_revision,n256,256,B1,0.5,38.946,38.946,1800.000,1800.000,1800.000,1800.000,0.877040,7.054147,0.395530,16.509047,0.086277,25.537973,100.958471,0.000000,0.657473874,0.619274960,1
pi4b8_fit_20260910_v3,pi4b8g,2,1,fit,true,59,36,2396,2026-09-10T13:12:02Z,172057273227044,oi_svdd_as_elm_revision,n256,256,B1,0.5,38.946,38.459,1800.000,1800.000,1800.000,1800.000,0.817004,7.076351,0.409677,16.534066,0.089109,25.479938,101.081432,0.000000,0.698218947,0.647925813,1
pi4b8_fit_20260910_v3,pi4b8g,2,1,fit,true,59,37,2397,2026-09-10T13:12:02Z,172057374872744,oi_svdd_as_elm_revision,n256,256,B1,0.5,38.459,38.946,1800.000,1800.000,1800.000,1800.000,0.825929,7.068647,0.395974,16.524306,0.087739,25.473122,101.082061,0.000000,0.696907868,0.660398658,1
pi4b8_fit_20260910_v3,pi4b8g,2,1,fit,true,59,38,2398,2026-09-10T13:12:02Z,172057476504887,oi_svdd_as_elm_revision,n256,256,B1,0.5,38.946,37.972,1800.000,1800.000,1800.000,1800.000,0.832114,7.075425,0.394919,16.506270,0.088331,25.473716,101.070451,0.000000,0.665946301,0.641377634,1
pi4b8_fit_20260910_v3,pi4b8g,2,1,fit,true,59,39,2399,2026-09-10T13:12:02Z,172057578093273,oi_svdd_as_elm_revision,n256,256,B1,0.5,37.972,38.946,1800.000,1800.000,1800.000,1800.000,0.815356,7.075537,0.399567,16.497826,0.087684,25.447716,101.079357,0.000000,0.674233805,0.613733940,1
pi4b8_fit_20260910_v3,pi4b8g,2,1,fit,true,60,0,2400,2026-09-10T13:12:03Z,172058256728251,fisvdd_revision,n256,256,B1,0.5,38.459,38.459,1800.000,1800.000,1800.000,1800.000,0.942893,7.101423,0.397698,4.913921,0.089017,14.019053,101.078619,0.000000,0.662654373,0.499780194,1
pi4b8_fit_20260910_v3,pi4b8g,2,1,fit,true,60,1,2401,2026-09-10T13:12:03Z,172058358341380,fisvdd_revision,n256,256,B1,0.5,38.459,38.946,1800.000,1800.000,1800.000,1800.000,0.818950,7.076813,0.400049,4.929569,0.091628,13.901165,101.078044,0.000000,0.694397441,0.500477267,1
pi4b8_fit_20260910_v3,pi4b8g,2,1,fit,true,60,2,2402,2026-09-10T13:12:03Z,172058459949341,fisvdd_revision,n256,256,B1,0.5,38.946,38.459,1800.000,1800.000,1800.000,1800.000,0.872004,7.048776,0.404661,4.883866,0.089240,13.902074,101.083989,0.000000,0.666497352,0.500388864,1
pi4b8_fit_20260910_v3,pi4b8g,2,1,fit,true,60,3,2403,2026-09-10T13:12:03Z,172058561552211,fisvdd_revision,n256,256,B1,0.5,38.946,38.459,1800.000,1800.000,1800.000,1800.000,0.813432,7.071794,0.400215,4.888699,0.091739,13.832537,101.081692,0.000000,0.701031071,0.499111405,1
pi4b8_fit_20260910_v3,pi4b8g,2,1,fit,true,60,4,2404,2026-09-10T13:12:03Z,172058663156210,fisvdd_revision,n256,256,B1,0.5,38.459,38.946,1800.000,1800.000,1800.000,1800.000,0.865060,7.003684,0.396067,4.928291,0.092073,13.863870,101.121765,0.000000,0.683951959,0.498868343,1
pi4b8_fit_20260910_v3,pi4b8g,2,1,fit,true,60,5,2405,2026-09-10T13:12:03Z,172058764804985,fisvdd_revision,n256,256,B1,0.5,38.946,38.946,1800.000,1800.000,1800.000,1800.000,0.816117,7.016536,0.395512,4.901218,0.091257,13.798668,101.082063,0.000000,0.685081575,0.498888992,1
pi4b8_fit_20260910_v3,pi4b8g,2,1,fit,true,60,6,2406,2026-09-10T13:12:03Z,172058866405836,fisvdd_revision,n256,256,B1,0.5,38.946,38.459,1800.000,1800.000,1800.000,1800.000,0.815227,7.101627,0.405512,5.029438,0.091054,14.015905,101.075582,0.000000,0.671183930,0.501372005,1
pi4b8_fit_20260910_v3,pi4b8g,2,1,fit,true,60,7,2407,2026-09-10T13:12:03Z,172058968037057,fisvdd_revision,n256,256,B1,0.5,38.459,38.946,1800.000,1800.000,1800.000,1800.000,0.849116,6.984795,0.399012,4.897273,0.091036,13.840722,101.076174,0.000000,0.709725590,0.499580340,1
pi4b8_fit_20260910_v3,pi4b8g,2,1,fit,true,60,8,2408,2026-09-10T13:12:03Z,172059069637482,fisvdd_revision,n256,256,B1,0.5,38.946,38.459,1800.000,1800.000,1800.000,1800.000,0.808524,7.109683,0.398438,4.889180,0.090332,13.869481,101.070674,0.000000,0.697544979,0.499523862,1
pi4b8_fit_20260910_v3,pi4b8g,2,1,fit,true,60,9,2409,2026-09-10T13:12:04Z,172059171233296,fisvdd_revision,n256,256,B1,0.5,38.459,37.972,1800.000,1800.000,1800.000,1800.000,0.869727,7.046628,0.441660,4.879199,0.088906,13.901165,101.040452,0.000000,0.698327656,0.499722334,1
pi4b8_fit_20260910_v3,pi4b8g,2,1,fit,true,60,10,2410,2026-09-10T13:12:04Z,172059272840387,fisvdd_revision,n256,256,B1,0.5,37.972,37.972,1800.000,1800.000,1800.000,1800.000,0.829172,7.126626,0.405179,4.910625,0.090203,13.931961,101.073562,0.000000,0.648516068,0.499899212,1
pi4b8_fit_20260910_v3,pi4b8g,2,1,fit,true,60,11,2411,2026-09-10T13:12:04Z,172059374445089,fisvdd_revision,n256,256,B1,0.5,38.459,37.485,1800.000,1800.000,1800.000,1800.000,0.820376,7.084719,0.392438,4.935680,0.092073,13.904647,101.088729,0.000000,0.703769746,0.499619386,1
pi4b8_fit_20260910_v3,pi4b8g,2,1,fit,true,60,12,2412,2026-09-10T13:12:04Z,172059476163456,fisvdd_revision,n256,256,B1,0.5,37.485,37.972,1800.000,1800.000,1800.000,1800.000,0.842783,7.071998,0.396419,4.899977,0.090461,13.872185,101.072951,0.000000,0.686445974,0.498762502,1
pi4b8_fit_20260910_v3,pi4b8g,2,1,fit,true,60,13,2413,2026-09-10T13:12:04Z,172059577766399,fisvdd_revision,n256,256,B1,0.5,37.972,39.433,1800.000,1800.000,1800.000,1800.000,0.819450,7.105311,0.403216,4.901940,0.089999,13.890258,101.085062,0.000000,0.662040448,0.501860345,1
pi4b8_fit_20260910_v3,pi4b8g,2,1,fit,true,60,14,2414,2026-09-10T13:12:04Z,172059679385360,fisvdd_revision,n256,256,B1,0.5,39.433,37.485,1800.000,1800.000,1800.000,1800.000,0.872208,7.014573,0.444845,4.882996,0.092221,13.883370,101.115914,0.000000,0.702149175,0.499438033,1
pi4b8_fit_20260910_v3,pi4b8g,2,1,fit,true,60,15,2415,2026-09-10T13:12:04Z,172059781018913,fisvdd_revision,n256,256,B1,0.5,37.485,37.972,1800.000,1800.000,1800.000,1800.000,0.829820,7.038794,0.395031,4.893551,0.091924,13.811982,101.074748,0.000000,0.695480849,0.500826989,1
pi4b8_fit_20260910_v3,pi4b8g,2,1,fit,true,60,16,2416,2026-09-10T13:12:04Z,172059882622282,fisvdd_revision,n256,256,B1,0.5,37.972,37.972,1800.000,1800.000,1800.000,1800.000,0.809376,7.090238,0.403142,4.907588,0.092239,13.877000,101.080118,0.000000,0.682906364,0.500745396,1
pi4b8_fit_20260910_v3,pi4b8g,2,1,fit,true,60,17,2417,2026-09-10T13:12:04Z,172059984280650,fisvdd_revision,n256,256,B1,0.5,37.972,38.459,1800.000,1800.000,1800.000,1800.000,0.851061,7.073276,0.404642,4.894310,0.091203,13.892296,101.087211,0.000000,0.702574717,0.499313687,1
pi4b8_fit_20260910_v3,pi4b8g,2,1,fit,true,60,18,2418,2026-09-10T13:12:04Z,172060085923963,fisvdd_revision,n256,256,B1,0.5,38.459,38.459,1800.000,1800.000,1800.000,1800.000,0.817802,7.098145,0.404105,4.887828,0.091999,13.862166,101.077414,0.000000,0.663404043,0.498933756,1
pi4b8_fit_20260910_v3,pi4b8g,2,1,fit,true,60,19,2419,2026-09-10T13:12:05Z,172060187530258,fisvdd_revision,n256,256,B1,0.5,38.459,37.972,1800.000,1800.000,1800.000,1800.000,0.876985,7.045943,0.441752,4.886311,0.089924,13.915739,101.014451,0.000000,0.677288024,0.500025540,1
pi4b8_fit_20260910_v3,pi4b8g,2,1,fit,true,60,20,2420,2026-09-10T13:12:05Z,172060289107275,fisvdd_revision,n256,256,B1,0.5,37.972,38.459,1800.000,1800.000,1800.000,1800.000,0.823580,7.064072,0.399327,4.891699,0.091943,13.822296,101.079691,0.000000,0.698158436,0.501228694,1
pi4b8_fit_20260910_v3,pi4b8g,2,1,fit,true,60,21,2421,2026-09-10T13:12:05Z,172060390719624,fisvdd_revision,n256,256,B1,0.5,38.459,38.946,1800.000,1800.000,1800.000,1800.000,0.816560,7.104016,0.403290,4.905736,0.091128,13.895370,101.075303,0.000000,0.675081121,0.499795145,1
pi4b8_fit_20260910_v3,pi4b8g,2,1,fit,true,60,22,2422,2026-09-10T13:12:05Z,172060492363603,fisvdd_revision,n256,256,B1,0.5,38.946,37.972,1800.000,1800.000,1800.000,1800.000,0.834913,7.078627,0.397734,4.881051,0.090146,13.854056,101.075470,0.000000,0.699550396,0.499952113,1
pi4b8_fit_20260910_v3,pi4b8g,2,1,fit,true,60,23,2423,2026-09-10T13:12:05Z,172060593963101,fisvdd_revision,n256,256,B1,0.5,37.972,38.946,1800.000,1800.000,1800.000,1800.000,0.816728,7.070682,0.403623,4.894384,0.091239,13.840445,101.078674,0.000000,0.642751244,0.498840399,1
pi4b8_fit_20260910_v3,pi4b8g,2,1,fit,true,60,24,2424,2026-09-10T13:12:05Z,172060695565248,fisvdd_revision,n256,256,B1,0.5,38.946,37.485,1800.000,1800.000,1800.000,1800.000,0.858782,7.055165,0.438678,4.893458,0.091073,13.912035,101.143024,0.000000,0.690449127,0.501425436,1
pi4b8_fit_20260910_v3,pi4b8g,2,1,fit,true,60,25,2425,2026-09-10T13:12:05Z,172060797240633,fisvdd_revision,n256,256,B1,0.5,37.485,37.972,1800.000,1800.000,1800.000,1800.000,0.819857,7.077849,0.403086,4.895681,0.091480,13.851889,101.073951,0.000000,0.668050272,0.499580706,1
pi4b8_fit_20260910_v3,pi4b8g,2,1,fit,true,60,26,2426,2026-09-10T13:12:05Z,172060898841983,fisvdd_revision,n256,256,B1,0.5,37.972,38.946,1800.000,1800.000,1800.000,1800.000,0.817395,7.080942,0.397846,4.897902,0.089980,13.857704,101.076433,0.000000,0.688782894,0.500216943,1
pi4b8_fit_20260910_v3,pi4b8g,2,1,fit,true,60,27,2427,2026-09-10T13:12:05Z,172061000504666,fisvdd_revision,n256,256,B1,0.5,38.946,38.459,1800.000,1800.000,1800.000,1800.000,0.853838,7.029573,0.399216,4.893403,0.090906,13.828481,101.076765,0.000000,0.695733976,0.499422296,1
pi4b8_fit_20260910_v3,pi4b8g,2,1,fit,true,60,28,2428,2026-09-10T13:12:05Z,172061102109590,fisvdd_revision,n256,256,B1,0.5,38.459,38.459,1800.000,1800.000,1800.000,1800.000,0.811098,7.074627,0.400512,4.891477,0.089851,13.841277,101.078321,0.000000,0.673712809,0.498753903,1
pi4b8_fit_20260910_v3,pi4b8g,2,1,fit,true,60,29,2429,2026-09-10T13:12:06Z,172061203711106,fisvdd_revision,n256,256,B1,0.5,38.459,37.972,1800.000,1800.000,1800.000,1800.000,0.865875,7.047387,0.398771,4.877903,0.089869,13.893888,100.947249,0.000000,0.672811569,0.499193902,1
pi4b8_fit_20260910_v3,pi4b8g,2,1,fit,true,60,30,2430,2026-09-10T13:12:06Z,172061305208550,fisvdd_revision,n256,256,B1,0.5,37.972,38.459,1800.000,1800.000,1800.000,1800.000,0.809579,7.046943,0.401308,4.892218,0.089702,13.798167,101.075339,0.000000,0.687970065,0.501677820,1
pi4b8_fit_20260910_v3,pi4b8g,2,1,fit,true,60,31,2431,2026-09-10T13:12:06Z,172061406803381,fisvdd_revision,n256,256,B1,0.5,38.459,37.485,1800.000,1800.000,1800.000,1800.000,0.811727,7.049942,0.403846,4.931180,0.089443,13.859944,101.077043,0.000000,0.721425798,0.498653201,1
pi4b8_fit_20260910_v3,pi4b8g,2,1,fit,true,60,32,2432,2026-09-10T13:12:06Z,172061508435211,fisvdd_revision,n256,256,B1,0.5,38.459,37.972,1800.000,1800.000,1800.000,1800.000,0.829190,7.105108,0.398049,4.908255,0.089240,13.894796,101.076932,0.000000,0.698881901,0.499998864,1
pi4b8_fit_20260910_v3,pi4b8g,2,1,fit,true,60,33,2433,2026-09-10T13:12:06Z,172061610031746,fisvdd_revision,n256,256,B1,0.5,37.972,38.946,1800.000,1800.000,1800.000,1800.000,0.806598,7.063053,0.396975,4.903402,0.089980,13.823222,101.076728,0.000000,0.664166892,0.500106908,1
pi4b8_fit_20260910_v3,pi4b8g,2,1,fit,true,60,34,2434,2026-09-10T13:12:06Z,172061711633392,fisvdd_revision,n256,256,B1,0.5,38.946,38.946,1800.000,1800.000,1800.000,1800.000,0.873041,7.011684,0.404216,4.885199,0.091683,13.876166,101.102209,0.000000,0.681015165,0.499776663,1
pi4b8_fit_20260910_v3,pi4b8g,2,1,fit,true,60,35,2435,2026-09-10T13:12:06Z,172061813261186,fisvdd_revision,n256,256,B1,0.5,38.946,38.459,1800.000,1800.000,1800.000,1800.000,0.817098,7.152459,0.395864,4.910644,0.091887,13.915091,101.071876,0.000000,0.694737930,0.499290375,1
pi4b8_fit_20260910_v3,pi4b8g,2,1,fit,true,60,36,2436,2026-09-10T13:12:06Z,172061914851202,fisvdd_revision,n256,256,B1,0.5,38.459,36.998,1800.000,1800.000,1800.000,1800.000,0.807135,7.120237,0.397494,4.918106,0.090924,13.896054,101.079450,0.000000,0.660682210,0.500041977,1
pi4b8_fit_20260910_v3,pi4b8g,2,1,fit,true,60,37,2437,2026-09-10T13:12:06Z,172062016486681,fisvdd_revision,n256,256,B1,0.5,36.998,38.459,1800.000,1800.000,1800.000,1800.000,0.842394,7.147460,0.397549,4.899422,0.090906,13.944942,101.073358,0.000000,0.696732956,0.500445759,1
pi4b8_fit_20260910_v3,pi4b8g,2,1,fit,true,60,38,2438,2026-09-10T13:12:07Z,172062118076067,fisvdd_revision,n256,256,B1,0.5,38.459,37.485,1800.000,1800.000,1800.000,1800.000,0.809894,7.078367,0.408030,4.901736,0.089554,13.853018,101.080117,0.000000,0.704744317,0.500223340,1
pi4b8_fit_20260910_v3,pi4b8g,2,1,fit,true,60,39,2439,2026-09-10T13:12:07Z,172062219678990,fisvdd_revision,n256,256,B1,0.5,37.485,37.972,1800.000,1800.000,1800.000,1800.000,0.869338,7.050461,0.406420,4.892717,0.090239,13.942850,100.937157,0.000000,0.704475032,0.501731472,1
pi4b8_fit_20260910_v3,pi4b8g,2,1,fit,true,61,0,2440,2026-09-10T13:12:07Z,172062896835259,oi_svdd_as_elm_revision,n16,16,B0,0.0,37.972,38.459,1800.000,1800.000,1800.000,1800.000,0.891616,0.589602,0.203775,1.470884,0.078499,3.400649,101.058710,0.000000,0.597229954,0.597166898,1
pi4b8_fit_20260910_v3,pi4b8g,2,1,fit,true,61,1,2441,2026-09-10T13:12:07Z,172062998255574,oi_svdd_as_elm_revision,n16,16,B0,0.0,38.459,37.972,1800.000,1800.000,1800.000,1800.000,0.777932,0.577269,0.195997,1.448421,0.072944,3.240985,101.013877,0.000000,0.678989141,0.569013209,1
pi4b8_fit_20260910_v3,pi4b8g,2,1,fit,true,61,2,2442,2026-09-10T13:12:07Z,172063099623705,oi_svdd_as_elm_revision,n16,16,B0,0.0,37.972,37.485,1800.000,1800.000,1800.000,1800.000,0.837579,0.562103,0.195275,1.380015,0.073572,3.215837,101.042969,0.000000,0.790841124,0.861957862,1
pi4b8_fit_20260910_v3,pi4b8g,2,1,fit,true,61,3,2443,2026-09-10T13:12:08Z,172063200998669,oi_svdd_as_elm_revision,n16,16,B0,0.0,37.485,37.972,1800.000,1800.000,1800.000,1800.000,0.770691,0.560398,0.194164,1.421570,0.073536,3.184208,100.979618,0.000000,0.611114460,0.547827668,1
pi4b8_fit_20260910_v3,pi4b8g,2,1,fit,true,61,4,2444,2026-09-10T13:12:08Z,172063302357762,oi_svdd_as_elm_revision,n16,16,B0,0.0,37.972,37.485,1800.000,1800.000,1800.000,1800.000,0.777469,0.569509,0.265089,1.398274,0.072666,3.250225,101.020432,0.000000,0.641700952,0.594044148,1
pi4b8_fit_20260910_v3,pi4b8g,2,1,fit,true,61,5,2445,2026-09-10T13:12:08Z,172063403727411,oi_svdd_as_elm_revision,n16,16,B0,0.0,37.485,37.485,1800.000,1800.000,1800.000,1800.000,0.884597,0.596342,0.203571,1.400719,0.078054,3.343724,101.061264,0.000000,0.601090198,0.677478660,1
pi4b8_fit_20260910_v3,pi4b8g,2,1,fit,true,61,6,2446,2026-09-10T13:12:08Z,172063505132022,oi_svdd_as_elm_revision,n16,16,B0,0.0,37.485,37.972,1800.000,1800.000,1800.000,1800.000,0.774969,0.563843,0.194831,1.424884,0.075443,3.199152,101.017136,0.000000,0.568609863,0.508888232,1
pi4b8_fit_20260910_v3,pi4b8g,2,1,fit,true,61,7,2447,2026-09-10T13:12:08Z,172063606478319,oi_svdd_as_elm_revision,n16,16,B0,0.0,37.972,37.972,1800.000,1800.000,1800.000,1800.000,0.774617,0.567417,0.249181,1.386330,0.074240,3.214022,101.016655,0.000000,0.793850260,0.790976280,1
pi4b8_fit_20260910_v3,pi4b8g,2,1,fit,true,61,8,2448,2026-09-10T13:12:08Z,172063707815876,oi_svdd_as_elm_revision,n16,16,B0,0.0,37.485,37.485,1800.000,1800.000,1800.000,1800.000,0.841672,0.577083,0.196978,1.385551,0.073128,3.240392,101.027154,0.000000,0.583361959,0.450587050,1
pi4b8_fit_20260910_v3,pi4b8g,2,1,fit,true,61,9,2449,2026-09-10T13:12:08Z,172063809174025,oi_svdd_as_elm_revision,n16,16,B0,0.0,37.485,36.998,1800.000,1800.000,1800.000,1800.000,0.772636,0.567102,0.193182,1.429311,0.074536,3.201893,101.007210,0.000000,0.633202394,0.641334646,1
pi4b8_fit_20260910_v3,pi4b8g,2,1,fit,true,61,10,2450,2026-09-10T13:12:08Z,172063910500859,oi_svdd_as_elm_revision,n16,16,B0,0.0,36.998,36.998,1800.000,1800.000,1800.000,1800.000,0.769395,0.552139,0.255385,1.386348,0.074018,3.200430,101.026673,0.000000,0.676325331,0.708963147,1
pi4b8_fit_20260910_v3,pi4b8g,2,1,fit,true,61,11,2451,2026-09-10T13:12:08Z,172064011863860,oi_svdd_as_elm_revision,n16,16,B0,0.0,36.998,36.998,1800.000,1800.000,1800.000,1800.000,0.822505,0.566602,0.195441,1.385255,0.075166,3.209837,101.026487,0.000000,0.721296748,0.682679832,1
pi4b8_fit_20260910_v3,pi4b8g,2,1,fit,true,61,12,2452,2026-09-10T13:12:09Z,172064113218268,oi_svdd_as_elm_revision,n16,16,B0,0.0,36.998,36.998,1800.000,1800.000,1800.000,1800.000,0.778932,0.560676,0.194516,1.431014,0.073777,3.204208,101.007265,0.000000,0.798223980,0.754143748,1
pi4b8_fit_20260910_v3,pi4b8g,2,1,fit,true,61,13,2453,2026-09-10T13:12:09Z,172064214550639,oi_svdd_as_elm_revision,n16,16,B0,0.0,37.485,36.998,1800.000,1800.000,1800.000,1800.000,0.769136,0.568084,0.198496,1.392071,0.073869,3.212208,100.911563,0.000000,0.480264105,0.469361565,1
pi4b8_fit_20260910_v3,pi4b8g,2,1,fit,true,61,14,2454,2026-09-10T13:12:09Z,172064315832326,oi_svdd_as_elm_revision,n16,16,B0,0.0,36.998,36.998,1800.000,1800.000,1800.000,1800.000,0.833875,0.582083,0.199831,1.387459,0.074017,3.241892,101.049468,0.000000,0.620383209,0.402482476,1
pi4b8_fit_20260910_v3,pi4b8g,2,1,fit,true,61,15,2455,2026-09-10T13:12:09Z,172064417208882,oi_svdd_as_elm_revision,n16,16,B0,0.0,36.998,37.972,1800.000,1800.000,1800.000,1800.000,0.767765,0.572398,0.196479,1.442755,0.076295,3.217911,101.115522,0.000000,0.732939228,0.687770361,1
pi4b8_fit_20260910_v3,pi4b8g,2,1,fit,true,61,16,2456,2026-09-10T13:12:09Z,172064518742805,oi_svdd_as_elm_revision,n16,16,B0,0.0,37.972,37.485,1800.000,1800.000,1800.000,1800.000,0.792024,0.625379,0.198849,1.384330,0.074795,3.248540,101.019821,0.000000,0.716585513,0.734768662,1
pi4b8_fit_20260910_v3,pi4b8g,2,1,fit,true,61,17,2457,2026-09-10T13:12:09Z,172064620129286,oi_svdd_as_elm_revision,n16,16,B0,0.0,37.485,36.511,1800.000,1800.000,1800.000,1800.000,0.791154,0.572658,0.194293,1.383071,0.073758,3.180209,101.003969,0.000000,0.714387831,0.661139121,1
pi4b8_fit_20260910_v3,pi4b8g,2,1,fit,true,61,18,2458,2026-09-10T13:12:09Z,172064721453787,oi_svdd_as_elm_revision,n16,16,B0,0.0,36.511,37.972,1800.000,1800.000,1800.000,1800.000,0.765173,0.558028,0.192441,1.454033,0.074666,3.207986,101.028395,0.000000,0.745057346,0.673045926,1
pi4b8_fit_20260910_v3,pi4b8g,2,1,fit,true,61,19,2459,2026-09-10T13:12:09Z,172064822817695,oi_svdd_as_elm_revision,n16,16,B0,0.0,37.972,36.511,1800.000,1800.000,1800.000,1800.000,0.766265,0.641971,0.196145,1.383015,0.072888,3.228078,101.009839,0.000000,0.670766351,0.663091349,1
pi4b8_fit_20260910_v3,pi4b8g,2,1,fit,true,61,20,2460,2026-09-10T13:12:09Z,172064924194713,oi_svdd_as_elm_revision,n16,16,B0,0.0,36.511,36.024,1800.000,1800.000,1800.000,1800.000,0.783025,0.549992,0.193460,1.385088,0.072980,3.149265,101.031876,0.000000,0.800588469,0.812603992,1
pi4b8_fit_20260910_v3,pi4b8g,2,1,fit,true,61,21,2461,2026-09-10T13:12:09Z,172065025575491,oi_svdd_as_elm_revision,n16,16,B0,0.0,36.024,36.511,1800.000,1800.000,1800.000,1800.000,0.769266,0.563213,0.196830,1.453532,0.076573,3.226578,101.008451,0.000000,0.786541751,0.679057932,1
pi4b8_fit_20260910_v3,pi4b8g,2,1,fit,true,61,22,2462,2026-09-10T13:12:10Z,172065126905936,oi_svdd_as_elm_revision,n16,16,B0,0.0,36.511,37.972,1800.000,1800.000,1800.000,1800.000,0.759358,0.612064,0.194386,1.382515,0.074036,3.185727,101.367907,0.000000,0.767421007,0.686887700,1
pi4b8_fit_20260910_v3,pi4b8g,2,1,fit,true,61,23,2463,2026-09-10T13:12:10Z,172065228729577,oi_svdd_as_elm_revision,n16,16,B0,0.0,37.972,36.998,1800.000,1800.000,1800.000,1800.000,1.159296,0.642212,0.227385,1.782249,0.108184,4.163822,101.112430,0.000000,0.622446930,0.552622453,1
pi4b8_fit_20260910_v3,pi4b8g,2,1,fit,true,61,24,2464,2026-09-10T13:12:10Z,172065330229704,oi_svdd_as_elm_revision,n16,16,B0,0.0,36.998,36.511,1800.000,1800.000,1800.000,1800.000,0.784580,0.586768,0.202534,1.481477,0.076073,3.305225,101.031839,0.000000,0.643551893,0.598194371,1
pi4b8_fit_20260910_v3,pi4b8g,2,1,fit,true,61,25,2465,2026-09-10T13:12:10Z,172065431595426,oi_svdd_as_elm_revision,n16,16,B0,0.0,36.511,38.459,1800.000,1800.000,1800.000,1800.000,0.830227,0.576787,0.194775,1.387403,0.075665,3.229300,101.065949,0.000000,0.726889165,0.656556916,1
pi4b8_fit_20260910_v3,pi4b8g,2,1,fit,true,61,26,2466,2026-09-10T13:12:10Z,172065533004296,oi_svdd_as_elm_revision,n16,16,B0,0.0,38.459,36.511,1800.000,1800.000,1800.000,1800.000,0.779228,0.564195,0.203126,1.425422,0.077813,3.223577,101.019135,0.000000,0.736067084,0.605615506,1
pi4b8_fit_20260910_v3,pi4b8g,2,1,fit,true,61,27,2467,2026-09-10T13:12:10Z,172065634347425,oi_svdd_as_elm_revision,n16,16,B0,0.0,36.511,36.998,1800.000,1800.000,1800.000,1800.000,0.763173,0.561436,0.196663,1.446273,0.073407,3.207449,101.004136,0.000000,0.650881574,0.553341357,1
pi4b8_fit_20260910_v3,pi4b8g,2,1,fit,true,61,28,2468,2026-09-10T13:12:10Z,172065735672556,oi_svdd_as_elm_revision,n16,16,B0,0.0,36.998,36.998,1800.000,1800.000,1800.000,1800.000,0.823228,0.566231,0.193756,1.383830,0.074036,3.203300,101.044912,0.000000,0.627695389,0.624121560,1
pi4b8_fit_20260910_v3,pi4b8g,2,1,fit,true,61,29,2469,2026-09-10T13:12:10Z,172065837059259,oi_svdd_as_elm_revision,n16,16,B0,0.0,36.998,36.998,1800.000,1800.000,1800.000,1800.000,0.766673,0.565157,0.197108,1.426310,0.074536,3.195615,101.014579,0.000000,0.739976997,0.698932780,1
pi4b8_fit_20260910_v3,pi4b8g,2,1,fit,true,61,30,2470,2026-09-10T13:12:10Z,172065938396111,oi_svdd_as_elm_revision,n16,16,B0,0.0,36.998,36.998,1800.000,1800.000,1800.000,1800.000,0.762951,0.568510,0.251922,1.390089,0.071591,3.209319,101.081448,0.000000,0.538304338,0.499995273,1
pi4b8_fit_20260910_v3,pi4b8g,2,1,fit,true,61,31,2471,2026-09-10T13:12:10Z,172066039885071,oi_svdd_as_elm_revision,n16,16,B0,0.0,37.972,38.459,1800.000,1800.000,1800.000,1800.000,0.842875,0.585583,0.197886,1.389145,0.073221,3.258300,101.035043,0.000000,0.611829390,0.570743953,1
pi4b8_fit_20260910_v3,pi4b8g,2,1,fit,true,61,32,2472,2026-09-10T13:12:11Z,172066141257738,oi_svdd_as_elm_revision,n16,16,B0,0.0,38.459,36.024,1800.000,1800.000,1800.000,1800.000,0.765636,0.564399,0.193737,1.429292,0.073536,3.190930,101.018449,0.000000,0.626886595,0.524135287,1
pi4b8_fit_20260910_v3,pi4b8g,2,1,fit,true,61,33,2473,2026-09-10T13:12:11Z,172066242597349,oi_svdd_as_elm_revision,n16,16,B0,0.0,36.024,36.998,1800.000,1800.000,1800.000,1800.000,0.769099,0.564343,0.195756,1.508642,0.091054,3.364853,100.917562,0.000000,0.627950902,0.626939567,1
pi4b8_fit_20260910_v3,pi4b8g,2,1,fit,true,61,34,2474,2026-09-10T13:12:11Z,172066343879275,oi_svdd_as_elm_revision,n16,16,B0,0.0,36.998,36.511,1800.000,1800.000,1800.000,1800.000,0.840561,0.585138,0.198886,1.388941,0.073184,3.250022,101.046653,0.000000,0.509517046,0.448729507,1
pi4b8_fit_20260910_v3,pi4b8g,2,1,fit,true,61,35,2475,2026-09-10T13:12:11Z,172066445252867,oi_svdd_as_elm_revision,n16,16,B0,0.0,36.511,36.511,1800.000,1800.000,1800.000,1800.000,0.767543,0.564287,0.192071,1.432402,0.072518,3.194838,101.011061,0.000000,0.853901622,0.829534918,1
pi4b8_fit_20260910_v3,pi4b8g,2,1,fit,true,61,36,2476,2026-09-10T13:12:11Z,172066546592330,oi_svdd_as_elm_revision,n16,16,B0,0.0,36.998,36.024,1800.000,1800.000,1800.000,1800.000,0.763117,0.563658,0.197163,1.387052,0.073221,3.200541,101.024116,0.000000,0.804498700,0.792820317,1
pi4b8_fit_20260910_v3,pi4b8g,2,1,fit,true,61,37,2477,2026-09-10T13:12:11Z,172066647948830,oi_svdd_as_elm_revision,n16,16,B0,0.0,36.024,36.024,1800.000,1800.000,1800.000,1800.000,0.823135,0.565565,0.195497,1.385792,0.074091,3.208411,101.005079,0.000000,0.647877069,0.604800818,1
pi4b8_fit_20260910_v3,pi4b8g,2,1,fit,true,61,38,2478,2026-09-10T13:12:11Z,172066749280885,oi_svdd_as_elm_revision,n16,16,B0,0.0,36.024,37.485,1800.000,1800.000,1800.000,1800.000,0.765450,0.564787,0.195811,1.453365,0.075517,3.220837,101.006468,0.000000,0.646189996,0.625905980,1
pi4b8_fit_20260910_v3,pi4b8g,2,1,fit,true,61,39,2479,2026-09-10T13:12:11Z,172066850616552,oi_svdd_as_elm_revision,n16,16,B0,0.0,37.485,37.485,1800.000,1800.000,1800.000,1800.000,0.759710,0.563176,0.196516,1.389737,0.073961,3.210744,101.014023,0.000000,0.662139469,0.691679560,1
pi4b8_fit_20260910_v3,pi4b8g,2,1,fit,true,62,0,2480,2026-09-10T13:12:12Z,172067458084706,lucid_revision,n16,16,B1,0.5,36.998,37.972,1800.000,1800.000,1800.000,1800.000,0.951225,0.594398,0.202553,4.345596,0.091184,6.379638,101.069597,0.000000,0.663928937,0.572465873,1
pi4b8_fit_20260910_v3,pi4b8g,2,1,fit,true,62,1,2481,2026-09-10T13:12:12Z,172067559499723,lucid_revision,n16,16,B1,0.5,37.972,37.972,1800.000,1800.000,1800.000,1800.000,0.826764,0.582435,0.197886,4.273728,0.091462,6.153734,101.097096,0.000000,0.577812912,0.478284525,1
pi4b8_fit_20260910_v3,pi4b8g,2,1,fit,true,62,2,2482,2026-09-10T13:12:12Z,172067660953665,lucid_revision,n16,16,B1,0.5,37.972,36.998,1800.000,1800.000,1800.000,1800.000,0.777895,0.582916,0.196552,4.276987,0.090961,6.105105,101.079652,0.000000,0.477823645,0.365496280,1
pi4b8_fit_20260910_v3,pi4b8g,2,1,fit,true,62,3,2483,2026-09-10T13:12:12Z,172067762382459,lucid_revision,n16,16,B1,0.5,36.998,38.459,1800.000,1800.000,1800.000,1800.000,0.761895,0.576009,0.251015,4.280061,0.088887,6.136309,101.063041,0.000000,0.790437188,0.715496033,1
pi4b8_fit_20260910_v3,pi4b8g,2,1,fit,true,62,4,2484,2026-09-10T13:12:12Z,172067863796735,lucid_revision,n16,16,B1,0.5,38.459,37.485,1800.000,1800.000,1800.000,1800.000,0.831264,0.572213,0.197071,4.285098,0.091092,6.157753,101.091726,0.000000,0.691209495,0.612026519,1
pi4b8_fit_20260910_v3,pi4b8g,2,1,fit,true,62,5,2485,2026-09-10T13:12:12Z,172067965233714,lucid_revision,n16,16,B1,0.5,37.485,37.485,1800.000,1800.000,1800.000,1800.000,0.765877,0.573121,0.196108,4.285339,0.091813,6.092310,101.071171,0.000000,0.789274682,0.706260822,1
pi4b8_fit_20260910_v3,pi4b8g,2,1,fit,true,62,6,2486,2026-09-10T13:12:12Z,172068066677286,lucid_revision,n16,16,B1,0.5,37.485,36.998,1800.000,1800.000,1800.000,1800.000,0.781432,0.624378,0.196904,4.269432,0.090220,6.143476,101.071985,0.000000,0.656035965,0.559325706,1
pi4b8_fit_20260910_v3,pi4b8g,2,1,fit,true,62,7,2487,2026-09-10T13:12:13Z,172068168137913,lucid_revision,n16,16,B1,0.5,36.998,36.511,1800.000,1800.000,1800.000,1800.000,0.792321,0.581027,0.198682,4.284561,0.091036,6.127068,100.895469,0.000000,0.733525249,0.656611789,1
pi4b8_fit_20260910_v3,pi4b8g,2,1,fit,true,62,8,2488,2026-09-10T13:12:13Z,172068269407839,lucid_revision,n16,16,B1,0.5,36.511,37.972,1800.000,1800.000,1800.000,1800.000,0.798487,0.577176,0.197867,4.302302,0.092610,6.145938,101.070300,0.000000,0.705666062,0.603123722,1
pi4b8_fit_20260910_v3,pi4b8g,2,1,fit,true,62,9,2489,2026-09-10T13:12:13Z,172068370829818,lucid_revision,n16,16,B1,0.5,37.972,37.972,1800.000,1800.000,1800.000,1800.000,0.772173,0.618286,0.197479,4.268117,0.089258,6.125013,101.067874,0.000000,0.807813497,0.717715998,1
pi4b8_fit_20260910_v3,pi4b8g,2,1,fit,true,62,10,2490,2026-09-10T13:12:13Z,172068472270575,lucid_revision,n16,16,B1,0.5,37.972,36.511,1800.000,1800.000,1800.000,1800.000,0.796802,0.572898,0.195441,4.340560,0.090962,6.177049,101.062540,0.000000,0.578892567,0.508591308,1
pi4b8_fit_20260910_v3,pi4b8g,2,1,fit,true,62,11,2491,2026-09-10T13:12:13Z,172068573701443,lucid_revision,n16,16,B1,0.5,36.511,36.511,1800.000,1800.000,1800.000,1800.000,0.842357,0.594231,0.203886,4.295691,0.090258,6.214715,101.070781,0.000000,0.623338386,0.569154235,1
pi4b8_fit_20260910_v3,pi4b8g,2,1,fit,true,62,12,2492,2026-09-10T13:12:13Z,172068675132088,lucid_revision,n16,16,B1,0.5,36.511,36.998,1800.000,1800.000,1800.000,1800.000,0.778266,0.621379,0.198071,4.275098,0.090036,6.145198,101.099337,0.000000,0.614820361,0.509386770,1
pi4b8_fit_20260910_v3,pi4b8g,2,1,fit,true,62,13,2493,2026-09-10T13:12:13Z,172068776581197,lucid_revision,n16,16,B1,0.5,36.998,37.485,1800.000,1800.000,1800.000,1800.000,0.781340,0.573936,0.196497,4.395392,0.096128,6.227066,101.053485,0.000000,0.747701688,0.666125451,1
pi4b8_fit_20260910_v3,pi4b8g,2,1,fit,true,62,14,2494,2026-09-10T13:12:13Z,172068877989528,lucid_revision,n16,16,B1,0.5,36.998,37.485,1800.000,1800.000,1800.000,1800.000,0.770154,0.567936,0.196570,4.300820,0.093406,6.139512,101.077633,0.000000,0.716188285,0.630959714,1
pi4b8_fit_20260910_v3,pi4b8g,2,1,fit,true,62,15,2495,2026-09-10T13:12:13Z,172068979412322,lucid_revision,n16,16,B1,0.5,37.485,37.485,1800.000,1800.000,1800.000,1800.000,0.847727,0.573657,0.197238,4.268376,0.091888,6.160419,101.101225,0.000000,0.617000237,0.538348136,1
pi4b8_fit_20260910_v3,pi4b8g,2,1,fit,true,62,16,2496,2026-09-10T13:12:13Z,172069080872467,lucid_revision,n16,16,B1,0.5,37.485,38.459,1800.000,1800.000,1800.000,1800.000,0.789228,0.568306,0.196312,4.263431,0.093629,6.090921,101.071151,0.000000,0.673981031,0.600013396,1
pi4b8_fit_20260910_v3,pi4b8g,2,1,fit,true,62,17,2497,2026-09-10T13:12:14Z,172069182298427,lucid_revision,n16,16,B1,0.5,38.459,36.998,1800.000,1800.000,1800.000,1800.000,0.767247,0.577509,0.196960,4.316338,0.092165,6.128420,100.910006,0.000000,0.711140127,0.609651566,1
pi4b8_fit_20260910_v3,pi4b8g,2,1,fit,true,62,18,2498,2026-09-10T13:12:14Z,172069283591167,lucid_revision,n16,16,B1,0.5,36.998,37.485,1800.000,1800.000,1800.000,1800.000,0.881338,0.586379,0.195163,4.286394,0.090610,6.219400,101.089540,0.000000,0.715846346,0.612901350,1
pi4b8_fit_20260910_v3,pi4b8g,2,1,fit,true,62,19,2499,2026-09-10T13:12:14Z,172069385031349,lucid_revision,n16,16,B1,0.5,37.485,37.485,1800.000,1800.000,1800.000,1800.000,0.775839,0.571806,0.198422,4.260487,0.089924,6.076847,101.105132,0.000000,0.732770524,0.649713299,1
pi4b8_fit_20260910_v3,pi4b8g,2,1,fit,true,62,20,2500,2026-09-10T13:12:14Z,172069486531420,lucid_revision,n16,16,B1,0.5,37.485,37.485,1800.000,1800.000,1800.000,1800.000,0.779599,0.568139,0.208774,4.290042,0.089628,6.177270,101.073447,0.000000,0.711269874,0.645364854,1
pi4b8_fit_20260910_v3,pi4b8g,2,1,fit,true,62,21,2501,2026-09-10T13:12:14Z,172069588044415,lucid_revision,n16,16,B1,0.5,37.485,37.972,1800.000,1800.000,1800.000,1800.000,0.813691,0.577361,0.199441,4.269117,0.091647,6.133531,101.078633,0.000000,0.825512950,0.734225092,1
pi4b8_fit_20260910_v3,pi4b8g,2,1,fit,true,62,22,2502,2026-09-10T13:12:14Z,172069689482283,lucid_revision,n16,16,B1,0.5,37.972,36.998,1800.000,1800.000,1800.000,1800.000,0.775543,0.575991,0.196774,4.280469,0.090240,6.101550,101.064206,0.000000,0.767032457,0.642662699,1
pi4b8_fit_20260910_v3,pi4b8g,2,1,fit,true,62,23,2503,2026-09-10T13:12:14Z,172069790898873,lucid_revision,n16,16,B1,0.5,36.998,38.946,1800.000,1800.000,1800.000,1800.000,0.772043,0.620805,0.199330,4.262857,0.090054,6.125882,101.071317,0.000000,0.572681176,0.483695068,1
pi4b8_fit_20260910_v3,pi4b8g,2,1,fit,true,62,24,2504,2026-09-10T13:12:14Z,172069892357795,lucid_revision,n16,16,B1,0.5,38.946,37.485,1800.000,1800.000,1800.000,1800.000,0.800394,0.575398,0.197034,4.272209,0.088869,6.114828,101.077429,0.000000,0.820273081,0.701363702,1
pi4b8_fit_20260910_v3,pi4b8g,2,1,fit,true,62,25,2505,2026-09-10T13:12:14Z,172069993783607,lucid_revision,n16,16,B1,0.5,37.485,36.998,1800.000,1800.000,1800.000,1800.000,0.778950,0.572435,0.197238,4.288691,0.091202,6.104828,101.069799,0.000000,0.605869465,0.510809393,1
pi4b8_fit_20260910_v3,pi4b8g,2,1,fit,true,62,26,2506,2026-09-10T13:12:14Z,172070095198993,lucid_revision,n16,16,B1,0.5,36.998,38.459,1800.000,1800.000,1800.000,1800.000,0.807024,0.571972,0.196126,4.263450,0.091758,6.110902,101.099817,0.000000,0.614669841,0.556728562,1
pi4b8_fit_20260910_v3,pi4b8g,2,1,fit,true,62,27,2507,2026-09-10T13:12:15Z,172070196650953,lucid_revision,n16,16,B1,0.5,38.459,37.972,1800.000,1800.000,1800.000,1800.000,0.780784,0.579546,0.198182,4.267320,0.091313,6.095605,100.915264,0.000000,0.669539901,0.590097208,1
pi4b8_fit_20260910_v3,pi4b8g,2,1,fit,true,62,28,2508,2026-09-10T13:12:15Z,172070297939841,lucid_revision,n16,16,B1,0.5,37.972,37.485,1800.000,1800.000,1800.000,1800.000,0.771284,0.571621,0.196126,4.298301,0.126720,6.141104,101.070187,0.000000,0.674812303,0.605719272,1
pi4b8_fit_20260910_v3,pi4b8g,2,1,fit,true,62,29,2509,2026-09-10T13:12:15Z,172070399364189,lucid_revision,n16,16,B1,0.5,37.485,36.998,1800.000,1800.000,1800.000,1800.000,0.811913,0.571527,0.195423,4.260413,0.091980,6.112161,101.104447,0.000000,0.751040715,0.677143541,1
pi4b8_fit_20260910_v3,pi4b8g,2,1,fit,true,62,30,2510,2026-09-10T13:12:15Z,172070500849907,lucid_revision,n16,16,B1,0.5,36.998,36.998,1800.000,1800.000,1800.000,1800.000,0.777247,0.577120,0.199590,4.266969,0.091295,6.094013,101.119798,0.000000,0.707094946,0.567376335,1
pi4b8_fit_20260910_v3,pi4b8g,2,1,fit,true,62,31,2511,2026-09-10T13:12:15Z,172070602361791,lucid_revision,n16,16,B1,0.5,36.998,37.972,1800.000,1800.000,1800.000,1800.000,0.784784,0.583269,0.247292,4.290672,0.089332,6.176531,101.396516,0.000000,0.785166980,0.660402182,1
pi4b8_fit_20260910_v3,pi4b8g,2,1,fit,true,62,32,2512,2026-09-10T13:12:15Z,172070704266299,lucid_revision,n16,16,B1,0.5,37.485,37.972,1800.000,1800.000,1800.000,1800.000,1.096649,0.682322,0.246274,5.099510,0.109554,7.483120,101.203778,0.000000,0.724992317,0.631220119,1
pi4b8_fit_20260910_v3,pi4b8g,2,1,fit,true,62,33,2513,2026-09-10T13:12:15Z,172070805895033,lucid_revision,n16,16,B1,0.5,37.972,36.998,1800.000,1800.000,1800.000,1800.000,0.935096,0.626268,0.219404,4.935939,0.099850,7.035998,101.102021,0.000000,0.749380378,0.625570516,1
pi4b8_fit_20260910_v3,pi4b8g,2,1,fit,true,62,34,2514,2026-09-10T13:12:15Z,172070907390103,lucid_revision,n16,16,B1,0.5,36.998,37.485,1800.000,1800.000,1800.000,1800.000,0.831616,0.583287,0.201737,4.285098,0.092591,6.178215,101.112613,0.000000,0.832066750,0.765099748,1
pi4b8_fit_20260910_v3,pi4b8g,2,1,fit,true,62,35,2515,2026-09-10T13:12:15Z,172071008872191,lucid_revision,n16,16,B1,0.5,37.485,36.998,1800.000,1800.000,1800.000,1800.000,0.782284,0.572805,0.200127,4.273190,0.092147,6.101384,101.070095,0.000000,0.766790635,0.673482099,1
pi4b8_fit_20260910_v3,pi4b8g,2,1,fit,true,62,36,2516,2026-09-10T13:12:16Z,172071110305188,lucid_revision,n16,16,B1,0.5,36.998,37.972,1800.000,1800.000,1800.000,1800.000,0.775284,0.581658,0.198034,4.321189,0.090943,6.145975,101.069873,0.000000,0.498599519,0.425962480,1
pi4b8_fit_20260910_v3,pi4b8g,2,1,fit,true,62,37,2517,2026-09-10T13:12:16Z,172071211759091,lucid_revision,n16,16,B1,0.5,37.972,36.998,1800.000,1800.000,1800.000,1800.000,0.827542,0.585564,0.198071,4.270061,0.091184,6.154809,100.947134,0.000000,0.610515432,0.601382389,1
pi4b8_fit_20260910_v3,pi4b8g,2,1,fit,true,62,38,2518,2026-09-10T13:12:16Z,172071313081812,lucid_revision,n16,16,B1,0.5,36.998,36.511,1800.000,1800.000,1800.000,1800.000,0.771432,0.583749,0.197442,4.274320,0.091757,6.097735,101.067594,0.000000,0.659733070,0.606152175,1
pi4b8_fit_20260910_v3,pi4b8g,2,1,fit,true,62,39,2519,2026-09-10T13:12:16Z,172071414497642,lucid_revision,n16,16,B1,0.5,36.511,36.998,1800.000,1800.000,1800.000,1800.000,0.783284,0.569602,0.244256,4.264821,0.089869,6.132142,101.066391,0.000000,0.765192558,0.674548407,1
pi4b8_fit_20260910_v3,pi4b8g,2,1,fit,true,63,0,2520,2026-09-10T13:12:16Z,172072100029435,oi_svdd_as_elm_revision,n16,16,B1,0.5,38.459,37.485,1800.000,1800.000,1800.000,1800.000,0.984355,0.586749,0.202089,1.396088,0.077332,3.427316,101.021966,0.000000,0.579377211,0.571351768,1
pi4b8_fit_20260910_v3,pi4b8g,2,1,fit,true,63,1,2521,2026-09-10T13:12:17Z,172072201393229,oi_svdd_as_elm_revision,n16,16,B1,0.5,37.485,37.485,1800.000,1800.000,1800.000,1800.000,0.772932,0.570546,0.196089,1.454755,0.075332,3.236559,100.997373,0.000000,0.682317723,0.719307591,1
pi4b8_fit_20260910_v3,pi4b8g,2,1,fit,true,63,2,2522,2026-09-10T13:12:17Z,172072302774762,oi_svdd_as_elm_revision,n16,16,B1,0.5,37.485,37.972,1800.000,1800.000,1800.000,1800.000,0.778265,0.617657,0.198348,1.386867,0.075351,3.226078,101.019947,0.000000,0.684560925,0.578820106,1
pi4b8_fit_20260910_v3,pi4b8g,2,1,fit,true,63,3,2523,2026-09-10T13:12:17Z,172072404182110,oi_svdd_as_elm_revision,n16,16,B1,0.5,37.972,37.972,1800.000,1800.000,1800.000,1800.000,0.791210,0.572731,0.196348,1.385237,0.072795,3.182820,101.011448,0.000000,0.568460745,0.563706276,1
pi4b8_fit_20260910_v3,pi4b8g,2,1,fit,true,63,4,2524,2026-09-10T13:12:17Z,172072505531793,oi_svdd_as_elm_revision,n16,16,B1,0.5,37.972,36.024,1800.000,1800.000,1800.000,1800.000,0.768321,0.567935,0.195220,1.510475,0.077221,3.286169,101.010965,0.000000,0.687615343,0.665153494,1
pi4b8_fit_20260910_v3,pi4b8g,2,1,fit,true,63,5,2525,2026-09-10T13:12:17Z,172072606880846,oi_svdd_as_elm_revision,n16,16,B1,0.5,36.024,37.972,1800.000,1800.000,1800.000,1800.000,0.774061,0.620398,0.195479,1.380311,0.074462,3.206948,101.011243,0.000000,0.479804320,0.396631862,1
pi4b8_fit_20260910_v3,pi4b8g,2,1,fit,true,63,6,2526,2026-09-10T13:12:17Z,172072708267064,oi_svdd_as_elm_revision,n16,16,B1,0.5,37.972,37.972,1800.000,1800.000,1800.000,1800.000,0.789857,0.567102,0.194570,1.393256,0.073443,3.184653,101.008429,0.000000,0.726724027,0.627533642,1
pi4b8_fit_20260910_v3,pi4b8g,2,1,fit,true,63,7,2527,2026-09-10T13:12:17Z,172072809610321,oi_svdd_as_elm_revision,n16,16,B1,0.5,37.972,37.485,1800.000,1800.000,1800.000,1800.000,0.771673,0.564435,0.194774,1.436754,0.075703,3.207374,101.020910,0.000000,0.741436431,0.708891626,1
pi4b8_fit_20260910_v3,pi4b8g,2,1,fit,true,63,8,2528,2026-09-10T13:12:17Z,172072910973225,oi_svdd_as_elm_revision,n16,16,B1,0.5,37.485,37.485,1800.000,1800.000,1800.000,1800.000,0.782673,0.650934,0.194238,1.384497,0.073925,3.253503,101.051706,0.000000,0.784397508,0.709030717,1
pi4b8_fit_20260910_v3,pi4b8g,2,1,fit,true,63,9,2529,2026-09-10T13:12:17Z,172073012387721,oi_svdd_as_elm_revision,n16,16,B1,0.5,37.485,36.511,1800.000,1800.000,1800.000,1800.000,0.811598,0.567769,0.195608,1.383459,0.074647,3.196338,101.000837,0.000000,0.812191542,0.838449485,1
pi4b8_fit_20260910_v3,pi4b8g,2,1,fit,true,63,10,2530,2026-09-10T13:12:18Z,172073113725182,oi_svdd_as_elm_revision,n16,16,B1,0.5,36.511,36.511,1800.000,1800.000,1800.000,1800.000,0.769636,0.563602,0.196459,1.445069,0.076295,3.213189,101.014798,0.000000,0.630406684,0.625095827,1
pi4b8_fit_20260910_v3,pi4b8g,2,1,fit,true,63,11,2531,2026-09-10T13:12:18Z,172073215107234,oi_svdd_as_elm_revision,n16,16,B1,0.5,36.511,37.485,1800.000,1800.000,1800.000,1800.000,0.778302,0.602249,0.194941,1.388589,0.074202,3.202763,100.932447,0.000000,0.653761921,0.629431798,1
pi4b8_fit_20260910_v3,pi4b8g,2,1,fit,true,63,12,2532,2026-09-10T13:12:18Z,172073316418027,oi_svdd_as_elm_revision,n16,16,B1,0.5,37.485,37.972,1800.000,1800.000,1800.000,1800.000,0.801913,0.574769,0.200719,1.387478,0.073703,3.203189,101.013669,0.000000,0.658512457,0.683766664,1
pi4b8_fit_20260910_v3,pi4b8g,2,1,fit,true,63,13,2533,2026-09-10T13:12:18Z,172073417772098,oi_svdd_as_elm_revision,n16,16,B1,0.5,37.972,37.972,1800.000,1800.000,1800.000,1800.000,0.770358,0.565917,0.195812,1.448329,0.076036,3.222892,101.012039,0.000000,0.540648356,0.509495621,1
pi4b8_fit_20260910_v3,pi4b8g,2,1,fit,true,63,14,2534,2026-09-10T13:12:18Z,172073519119058,oi_svdd_as_elm_revision,n16,16,B1,0.5,37.485,37.972,1800.000,1800.000,1800.000,1800.000,0.765710,0.607028,0.192367,1.388830,0.076147,3.195152,101.040538,0.000000,0.673608962,0.545484547,1
pi4b8_fit_20260910_v3,pi4b8g,2,1,fit,true,63,15,2535,2026-09-10T13:12:18Z,172073620492795,oi_svdd_as_elm_revision,n16,16,B1,0.5,37.972,37.972,1800.000,1800.000,1800.000,1800.000,0.776562,0.559287,0.191941,1.381589,0.071925,3.145153,100.994910,0.000000,0.810889701,0.816027708,1
pi4b8_fit_20260910_v3,pi4b8g,2,1,fit,true,63,16,2536,2026-09-10T13:12:18Z,172073721832588,oi_svdd_as_elm_revision,n16,16,B1,0.5,37.972,37.485,1800.000,1800.000,1800.000,1800.000,0.848801,0.593268,0.198219,1.458495,0.079554,3.360001,101.037317,0.000000,0.682778540,0.640789472,1
pi4b8_fit_20260910_v3,pi4b8g,2,1,fit,true,63,17,2537,2026-09-10T13:12:18Z,172073823223140,oi_svdd_as_elm_revision,n16,16,B1,0.5,37.485,37.485,1800.000,1800.000,1800.000,1800.000,0.855115,0.583528,0.194682,1.390515,0.075444,3.264873,101.034909,0.000000,0.671348321,0.536275004,1
pi4b8_fit_20260910_v3,pi4b8g,2,1,fit,true,63,18,2538,2026-09-10T13:12:18Z,172073924595821,oi_svdd_as_elm_revision,n16,16,B1,0.5,37.485,37.485,1800.000,1800.000,1800.000,1800.000,0.775858,0.556584,0.196237,1.384015,0.073017,3.149486,101.003836,0.000000,0.673568353,0.682902288,1
pi4b8_fit_20260910_v3,pi4b8g,2,1,fit,true,63,19,2539,2026-09-10T13:12:18Z,172074025934614,oi_svdd_as_elm_revision,n16,16,B1,0.5,37.972,37.485,1800.000,1800.000,1800.000,1800.000,0.767896,0.567028,0.196237,1.445255,0.075814,3.216319,101.006114,0.000000,0.706623481,0.638514346,1
pi4b8_fit_20260910_v3,pi4b8g,2,1,fit,true,63,20,2540,2026-09-10T13:12:19Z,172074127270130,oi_svdd_as_elm_revision,n16,16,B1,0.5,37.485,37.485,1800.000,1800.000,1800.000,1800.000,0.808913,0.566583,0.196534,1.386126,0.071981,3.193226,101.034001,0.000000,0.659894574,0.542696331,1
pi4b8_fit_20260910_v3,pi4b8g,2,1,fit,true,63,21,2541,2026-09-10T13:12:19Z,172074228639107,oi_svdd_as_elm_revision,n16,16,B1,0.5,37.485,36.998,1800.000,1800.000,1800.000,1800.000,0.775043,0.558436,0.194553,1.384311,0.072907,3.148264,100.911856,0.000000,0.667210879,0.622451788,1
pi4b8_fit_20260910_v3,pi4b8g,2,1,fit,true,63,22,2542,2026-09-10T13:12:19Z,172074329923808,oi_svdd_as_elm_revision,n16,16,B1,0.5,36.998,37.485,1800.000,1800.000,1800.000,1800.000,0.768969,0.574047,0.198201,1.454772,0.077128,3.240745,101.012502,0.000000,0.825528618,0.761830021,1
pi4b8_fit_20260910_v3,pi4b8g,2,1,fit,true,63,23,2543,2026-09-10T13:12:19Z,172074431272101,oi_svdd_as_elm_revision,n16,16,B1,0.5,37.485,37.485,1800.000,1800.000,1800.000,1800.000,0.814635,0.575750,0.194460,1.379848,0.075387,3.205023,101.118945,0.000000,0.681128603,0.642892881,1
pi4b8_fit_20260910_v3,pi4b8g,2,1,fit,true,63,24,2544,2026-09-10T13:12:19Z,172074532785521,oi_svdd_as_elm_revision,n16,16,B1,0.5,37.485,37.485,1800.000,1800.000,1800.000,1800.000,0.791172,0.579491,0.199756,1.390237,0.075462,3.205096,101.020390,0.000000,0.652429711,0.577455026,1
pi4b8_fit_20260910_v3,pi4b8g,2,1,fit,true,63,25,2545,2026-09-10T13:12:19Z,172074634142795,oi_svdd_as_elm_revision,n16,16,B1,0.5,37.485,37.972,1800.000,1800.000,1800.000,1800.000,0.774728,0.574121,0.198127,1.453513,0.075221,3.239540,101.042279,0.000000,0.674941387,0.591468387,1
pi4b8_fit_20260910_v3,pi4b8g,2,1,fit,true,63,26,2546,2026-09-10T13:12:19Z,172074735565938,oi_svdd_as_elm_revision,n16,16,B1,0.5,37.972,37.972,1800.000,1800.000,1800.000,1800.000,0.852653,0.576473,0.196033,1.385626,0.074147,3.252318,101.085908,0.000000,0.534957358,0.505482211,1
pi4b8_fit_20260910_v3,pi4b8g,2,1,fit,true,63,27,2547,2026-09-10T13:12:19Z,172074837005063,oi_svdd_as_elm_revision,n16,16,B1,0.5,37.972,36.998,1800.000,1800.000,1800.000,1800.000,0.781061,0.574843,0.196126,1.429921,0.073703,3.223170,101.010464,0.000000,0.616155568,0.576315857,1
pi4b8_fit_20260910_v3,pi4b8g,2,1,fit,true,63,28,2548,2026-09-10T13:12:19Z,172074938350707,oi_svdd_as_elm_revision,n16,16,B1,0.5,36.998,37.972,1800.000,1800.000,1800.000,1800.000,0.777765,0.557102,0.191293,1.398551,0.075184,3.213097,101.021428,0.000000,0.665426789,0.627326930,1
pi4b8_fit_20260910_v3,pi4b8g,2,1,fit,true,63,29,2549,2026-09-10T13:12:19Z,172075039714148,oi_svdd_as_elm_revision,n16,16,B1,0.5,37.972,37.972,1800.000,1800.000,1800.000,1800.000,0.829043,0.569880,0.195848,1.384830,0.073350,3.218318,101.031686,0.000000,0.591250037,0.511830246,1
pi4b8_fit_20260910_v3,pi4b8g,2,1,fit,true,63,30,2550,2026-09-10T13:12:20Z,172075141075533,oi_svdd_as_elm_revision,n16,16,B1,0.5,37.972,38.459,1800.000,1800.000,1800.000,1800.000,0.772839,0.562824,0.193830,1.412736,0.074129,3.178745,101.000186,0.000000,0.800467947,0.742211397,1
pi4b8_fit_20260910_v3,pi4b8g,2,1,fit,true,63,31,2551,2026-09-10T13:12:20Z,172075242400066,oi_svdd_as_elm_revision,n16,16,B1,0.5,38.459,37.485,1800.000,1800.000,1800.000,1800.000,0.764339,0.573435,0.245385,1.385922,0.073906,3.205300,100.919595,0.000000,0.746359931,0.684237620,1
pi4b8_fit_20260910_v3,pi4b8g,2,1,fit,true,63,32,2552,2026-09-10T13:12:20Z,172075343695878,oi_svdd_as_elm_revision,n16,16,B1,0.5,37.485,37.972,1800.000,1800.000,1800.000,1800.000,0.835691,0.576750,0.198682,1.391218,0.074851,3.241873,101.039778,0.000000,0.633305646,0.586466153,1
pi4b8_fit_20260910_v3,pi4b8g,2,1,fit,true,63,33,2553,2026-09-10T13:12:20Z,172075445074799,oi_svdd_as_elm_revision,n16,16,B1,0.5,37.972,36.998,1800.000,1800.000,1800.000,1800.000,0.772025,0.565231,0.197274,1.418959,0.072758,3.190782,101.047445,0.000000,0.572224529,0.480020242,1
pi4b8_fit_20260910_v3,pi4b8g,2,1,fit,true,63,34,2554,2026-09-10T13:12:20Z,172075546483683,oi_svdd_as_elm_revision,n16,16,B1,0.5,36.998,37.485,1800.000,1800.000,1800.000,1800.000,0.780080,0.569991,0.237181,1.654492,0.098017,3.528388,101.110759,0.000000,0.668564980,0.601762342,1
pi4b8_fit_20260910_v3,pi4b8g,2,1,fit,true,63,35,2555,2026-09-10T13:12:20Z,172075647991065,oi_svdd_as_elm_revision,n16,16,B1,0.5,37.485,38.459,1800.000,1800.000,1800.000,1800.000,0.824321,0.588306,0.201960,1.390422,0.076665,3.282688,101.518938,0.000000,0.702591240,0.654596965,1
pi4b8_fit_20260910_v3,pi4b8g,2,1,fit,true,63,36,2556,2026-09-10T13:12:20Z,172075750032846,oi_svdd_as_elm_revision,n16,16,B1,0.5,38.459,38.459,1800.000,1800.000,1800.000,1800.000,1.253683,0.779561,0.260551,1.705176,0.107943,4.382059,101.122148,0.000000,0.610335528,0.611842508,1
pi4b8_fit_20260910_v3,pi4b8g,2,1,fit,true,63,37,2557,2026-09-10T13:12:20Z,172075851551395,oi_svdd_as_elm_revision,n16,16,B1,0.5,38.946,37.485,1800.000,1800.000,1800.000,1800.000,0.948725,0.595213,0.206090,1.389014,0.077055,3.388482,101.066149,0.000000,0.607471997,0.575350641,1
pi4b8_fit_20260910_v3,pi4b8g,2,1,fit,true,63,38,2558,2026-09-10T13:12:20Z,172075952977945,oi_svdd_as_elm_revision,n16,16,B1,0.5,37.485,37.972,1800.000,1800.000,1800.000,1800.000,0.770655,0.574065,0.195774,1.423144,0.075554,3.206097,101.036501,0.000000,0.526408654,0.429516551,1
pi4b8_fit_20260910_v3,pi4b8g,2,1,fit,true,63,39,2559,2026-09-10T13:12:20Z,172076054363070,oi_svdd_as_elm_revision,n16,16,B1,0.5,37.972,37.972,1800.000,1800.000,1800.000,1800.000,0.781932,0.577435,0.246015,1.393108,0.075573,3.241152,101.006465,0.000000,0.683577182,0.596131010,1
pi4b8_fit_20260910_v3,pi4b8g,2,1,fit,true,64,0,2560,2026-09-10T13:12:21Z,172076743506200,fisvdd_revision,n64,64,B2,1.0,37.485,37.972,1800.000,1800.000,1800.000,1800.000,0.985484,1.863396,0.255773,1.464124,0.082406,4.881125,101.078111,0.000000,0.678967707,0.501526600,1
pi4b8_fit_20260910_v3,pi4b8g,2,1,fit,true,64,1,2561,2026-09-10T13:12:21Z,172076844993526,fisvdd_revision,n64,64,B2,1.0,37.972,38.459,1800.000,1800.000,1800.000,1800.000,0.797654,1.833563,0.291773,1.424940,0.082702,4.657481,101.041668,0.000000,0.707789988,0.501757532,1
pi4b8_fit_20260910_v3,pi4b8g,2,1,fit,true,64,2,2562,2026-09-10T13:12:21Z,172076946408262,fisvdd_revision,n64,64,B2,1.0,38.459,37.485,1800.000,1800.000,1800.000,1800.000,0.779876,1.896784,0.250051,1.419014,0.082258,4.661776,101.066407,0.000000,0.682910630,0.501179298,1
pi4b8_fit_20260910_v3,pi4b8g,2,1,fit,true,64,3,2563,2026-09-10T13:12:21Z,172077047876274,fisvdd_revision,n64,64,B2,1.0,37.485,37.972,1800.000,1800.000,1800.000,1800.000,0.840912,1.837193,0.252459,1.454384,0.083202,4.697776,101.076352,0.000000,0.656975126,0.499482321,1
pi4b8_fit_20260910_v3,pi4b8g,2,1,fit,true,64,4,2564,2026-09-10T13:12:22Z,172077149326694,fisvdd_revision,n64,64,B2,1.0,37.485,36.998,1800.000,1800.000,1800.000,1800.000,0.768450,1.840470,0.251699,1.423162,0.081333,4.627906,101.057277,0.000000,0.724750661,0.499644982,1
pi4b8_fit_20260910_v3,pi4b8g,2,1,fit,true,64,5,2565,2026-09-10T13:12:22Z,172077250758373,fisvdd_revision,n64,64,B2,1.0,36.998,37.972,1800.000,1800.000,1800.000,1800.000,0.779321,1.895118,0.250070,1.417125,0.081425,4.652424,100.931168,0.000000,0.645477762,0.502714576,1
pi4b8_fit_20260910_v3,pi4b8g,2,1,fit,true,64,6,2566,2026-09-10T13:12:22Z,172077352129515,fisvdd_revision,n64,64,B2,1.0,37.972,37.972,1800.000,1800.000,1800.000,1800.000,0.797488,1.851303,0.254773,1.461977,0.082740,4.677258,101.057741,0.000000,0.702212809,0.497500551,1
pi4b8_fit_20260910_v3,pi4b8g,2,1,fit,true,64,7,2567,2026-09-10T13:12:22Z,172077453558843,fisvdd_revision,n64,64,B2,1.0,37.972,38.459,1800.000,1800.000,1800.000,1800.000,0.794561,1.897025,0.252107,1.418329,0.082851,4.682739,101.047426,0.000000,0.637190309,0.501613896,1
pi4b8_fit_20260910_v3,pi4b8g,2,1,fit,true,64,8,2568,2026-09-10T13:12:22Z,172077554983337,fisvdd_revision,n64,64,B2,1.0,38.459,37.485,1800.000,1800.000,1800.000,1800.000,0.779988,1.884395,0.252015,1.422310,0.082684,4.653591,101.084888,0.000000,0.711174178,0.499898318,1
pi4b8_fit_20260910_v3,pi4b8g,2,1,fit,true,64,9,2569,2026-09-10T13:12:22Z,172077656439515,fisvdd_revision,n64,64,B2,1.0,37.485,38.459,1800.000,1800.000,1800.000,1800.000,0.793562,1.846285,0.251384,1.457550,0.082128,4.664369,101.058074,0.000000,0.706482583,0.501410029,1
pi4b8_fit_20260910_v3,pi4b8g,2,1,fit,true,64,10,2570,2026-09-10T13:12:22Z,172077757862713,fisvdd_revision,n64,64,B2,1.0,38.459,37.972,1800.000,1800.000,1800.000,1800.000,0.778858,1.902081,0.251459,1.419163,0.083647,4.666424,101.047574,0.000000,0.624454487,0.497295344,1
pi4b8_fit_20260910_v3,pi4b8g,2,1,fit,true,64,11,2571,2026-09-10T13:12:22Z,172077859289077,fisvdd_revision,n64,64,B2,1.0,37.972,38.459,1800.000,1800.000,1800.000,1800.000,0.817301,1.846322,0.250033,1.412589,0.082925,4.635555,101.077018,0.000000,0.723981117,0.500900853,1
pi4b8_fit_20260910_v3,pi4b8g,2,1,fit,true,64,12,2572,2026-09-10T13:12:22Z,172077960737311,fisvdd_revision,n64,64,B2,1.0,38.459,39.433,1800.000,1800.000,1800.000,1800.000,0.786339,1.849452,0.250866,1.460735,0.083036,4.659518,101.084944,0.000000,0.747016523,0.496796999,1
pi4b8_fit_20260910_v3,pi4b8g,2,1,fit,true,64,13,2573,2026-09-10T13:12:22Z,172078062244156,fisvdd_revision,n64,64,B2,1.0,39.433,38.459,1800.000,1800.000,1800.000,1800.000,0.792858,1.920580,0.252662,1.417589,0.084147,4.699387,101.065758,0.000000,0.634850825,0.500069115,1
pi4b8_fit_20260910_v3,pi4b8g,2,1,fit,true,64,14,2574,2026-09-10T13:12:23Z,172078163679464,fisvdd_revision,n64,64,B2,1.0,38.459,37.485,1800.000,1800.000,1800.000,1800.000,0.841950,1.844045,0.248533,1.461829,0.083943,4.710072,101.088777,0.000000,0.722470985,0.499254074,1
pi4b8_fit_20260910_v3,pi4b8g,2,1,fit,true,64,15,2575,2026-09-10T13:12:23Z,172078265141179,fisvdd_revision,n64,64,B2,1.0,37.485,37.972,1800.000,1800.000,1800.000,1800.000,0.791709,1.846229,0.285718,1.413477,0.082091,4.648536,100.918280,0.000000,0.670481050,0.499807108,1
pi4b8_fit_20260910_v3,pi4b8g,2,1,fit,true,64,16,2576,2026-09-10T13:12:23Z,172078366501063,fisvdd_revision,n64,64,B2,1.0,37.972,37.972,1800.000,1800.000,1800.000,1800.000,0.788728,1.924821,0.248570,1.421829,0.083795,4.696757,101.059666,0.000000,0.701409726,0.497176863,1
pi4b8_fit_20260910_v3,pi4b8g,2,1,fit,true,64,17,2577,2026-09-10T13:12:23Z,172078467928741,fisvdd_revision,n64,64,B2,1.0,37.972,37.972,1800.000,1800.000,1800.000,1800.000,0.838486,1.852711,0.250811,1.452458,0.083703,4.708165,101.050407,0.000000,0.650578182,0.499153807,1
pi4b8_fit_20260910_v3,pi4b8g,2,1,fit,true,64,18,2578,2026-09-10T13:12:23Z,172078569352550,fisvdd_revision,n64,64,B2,1.0,37.972,38.946,1800.000,1800.000,1800.000,1800.000,0.778803,1.895858,0.252792,1.418569,0.082184,4.658776,101.057666,0.000000,0.719705733,0.499316746,1
pi4b8_fit_20260910_v3,pi4b8g,2,1,fit,true,64,19,2579,2026-09-10T13:12:23Z,172078670781395,fisvdd_revision,n64,64,B2,1.0,38.946,39.433,1800.000,1800.000,1800.000,1800.000,0.778099,1.890822,0.252478,1.415384,0.082313,4.649036,101.058221,0.000000,0.626839906,0.500366674,1
pi4b8_fit_20260910_v3,pi4b8g,2,1,fit,true,64,20,2580,2026-09-10T13:12:23Z,172078772244258,fisvdd_revision,n64,64,B2,1.0,39.433,38.946,1800.000,1800.000,1800.000,1800.000,0.799209,1.848285,0.253829,1.455309,0.081703,4.670110,101.056370,0.000000,0.734277452,0.497565799,1
pi4b8_fit_20260910_v3,pi4b8g,2,1,fit,true,64,21,2581,2026-09-10T13:12:23Z,172078873698696,fisvdd_revision,n64,64,B2,1.0,38.946,38.946,1800.000,1800.000,1800.000,1800.000,0.849190,2.036986,0.253792,1.419699,0.085332,4.889236,101.056258,0.000000,0.658049935,0.497959318,1
pi4b8_fit_20260910_v3,pi4b8g,2,1,fit,true,64,22,2582,2026-09-10T13:12:23Z,172078975139337,fisvdd_revision,n64,64,B2,1.0,38.459,37.972,1800.000,1800.000,1800.000,1800.000,0.785987,1.891562,0.252922,1.424829,0.083646,4.674684,101.078777,0.000000,0.666418602,0.498174850,1
pi4b8_fit_20260910_v3,pi4b8g,2,1,fit,true,64,23,2583,2026-09-10T13:12:23Z,172079076597719,fisvdd_revision,n64,64,B2,1.0,37.972,38.459,1800.000,1800.000,1800.000,1800.000,0.798579,1.842729,0.249329,1.458532,0.080147,4.660351,101.060092,0.000000,0.611035762,0.503723111,1
pi4b8_fit_20260910_v3,pi4b8g,2,1,fit,true,64,24,2584,2026-09-10T13:12:24Z,172079178026416,fisvdd_revision,n64,64,B2,1.0,38.459,37.972,1800.000,1800.000,1800.000,1800.000,0.775228,1.915876,0.248236,1.423644,0.080869,4.676109,101.587472,0.000000,0.723661548,0.503351349,1
pi4b8_fit_20260910_v3,pi4b8g,2,1,fit,true,64,25,2585,2026-09-10T13:12:24Z,172079280039307,fisvdd_revision,n64,64,B2,1.0,37.972,38.459,1800.000,1800.000,1800.000,1800.000,0.839950,1.850248,0.254015,1.461958,0.081425,4.714035,101.052665,0.000000,0.712895085,0.501442622,1
pi4b8_fit_20260910_v3,pi4b8g,2,1,fit,true,64,26,2586,2026-09-10T13:12:24Z,172079381471744,fisvdd_revision,n64,64,B2,1.0,38.459,38.946,1800.000,1800.000,1800.000,1800.000,0.783561,1.909765,0.252440,1.422403,0.081183,4.683610,101.059814,0.000000,0.698016995,0.499016479,1
pi4b8_fit_20260910_v3,pi4b8g,2,1,fit,true,64,27,2587,2026-09-10T13:12:24Z,172079482901459,fisvdd_revision,n64,64,B2,1.0,38.946,37.972,1800.000,1800.000,1800.000,1800.000,0.792857,1.891617,0.247478,1.415736,0.079592,4.656629,101.128072,0.000000,0.674871756,0.500762727,1
pi4b8_fit_20260910_v3,pi4b8g,2,1,fit,true,64,28,2588,2026-09-10T13:12:24Z,172079584463247,fisvdd_revision,n64,64,B2,1.0,37.972,38.946,1800.000,1800.000,1800.000,1800.000,0.814265,1.869062,0.256996,1.466847,0.082499,4.726071,101.056258,0.000000,0.748610713,0.501147288,1
pi4b8_fit_20260910_v3,pi4b8g,2,1,fit,true,64,29,2589,2026-09-10T13:12:24Z,172079685891647,fisvdd_revision,n64,64,B2,1.0,38.946,37.485,1800.000,1800.000,1800.000,1800.000,0.782210,1.927468,0.249792,1.415217,0.081221,4.687776,101.056721,0.000000,0.704508416,0.496650856,1
pi4b8_fit_20260910_v3,pi4b8g,2,1,fit,true,64,30,2590,2026-09-10T13:12:24Z,172079787316751,fisvdd_revision,n64,64,B2,1.0,37.485,37.972,1800.000,1800.000,1800.000,1800.000,0.844209,1.852026,0.253478,1.419774,0.083573,4.681499,101.177405,0.000000,0.736669518,0.498869121,1
pi4b8_fit_20260910_v3,pi4b8g,2,1,fit,true,64,31,2591,2026-09-10T13:12:24Z,172079888922982,fisvdd_revision,n64,64,B2,1.0,37.972,38.459,1800.000,1800.000,1800.000,1800.000,0.814468,1.864933,0.290624,1.419755,0.080980,4.704035,101.050499,0.000000,0.664876437,0.498097298,1
pi4b8_fit_20260910_v3,pi4b8g,2,1,fit,true,64,32,2592,2026-09-10T13:12:24Z,172079990344142,fisvdd_revision,n64,64,B2,1.0,38.459,38.459,1800.000,1800.000,1800.000,1800.000,0.784339,1.923710,0.251589,1.421569,0.081573,4.693350,101.052425,0.000000,0.656891319,0.503129479,1
pi4b8_fit_20260910_v3,pi4b8g,2,1,fit,true,64,33,2593,2026-09-10T13:12:24Z,172080091770431,fisvdd_revision,n64,64,B2,1.0,38.459,38.459,1800.000,1800.000,1800.000,1800.000,0.859635,1.839508,0.248126,1.447736,0.082036,4.707961,101.080184,0.000000,0.781833404,0.498258998,1
pi4b8_fit_20260910_v3,pi4b8g,2,1,fit,true,64,34,2594,2026-09-10T13:12:25Z,172080193224127,fisvdd_revision,n64,64,B2,1.0,38.459,39.920,1800.000,1800.000,1800.000,1800.000,0.785358,1.837118,0.252441,1.420440,0.083017,4.644499,100.889205,0.000000,0.713318510,0.499698752,1
pi4b8_fit_20260910_v3,pi4b8g,2,1,fit,true,64,35,2595,2026-09-10T13:12:25Z,172080294521344,fisvdd_revision,n64,64,B2,1.0,39.433,38.459,1800.000,1800.000,1800.000,1800.000,0.787229,1.932321,0.251274,1.416514,0.080703,4.697832,101.056073,0.000000,0.613007387,0.499930193,1
pi4b8_fit_20260910_v3,pi4b8g,2,1,fit,true,64,36,2596,2026-09-10T13:12:25Z,172080395963040,fisvdd_revision,n64,64,B2,1.0,38.459,38.946,1800.000,1800.000,1800.000,1800.000,0.796617,1.864341,0.252625,1.465365,0.081813,4.733554,101.046907,0.000000,0.735017696,0.499930304,1
pi4b8_fit_20260910_v3,pi4b8g,2,1,fit,true,64,37,2597,2026-09-10T13:12:25Z,172080497385422,fisvdd_revision,n64,64,B2,1.0,38.946,37.485,1800.000,1800.000,1800.000,1800.000,0.779728,1.903914,0.254978,1.415311,0.081443,4.673850,101.051739,0.000000,0.613239559,0.498019876,1
pi4b8_fit_20260910_v3,pi4b8g,2,1,fit,true,64,38,2598,2026-09-10T13:12:25Z,172080598809155,fisvdd_revision,n64,64,B2,1.0,37.485,38.459,1800.000,1800.000,1800.000,1800.000,0.772932,1.884914,0.256644,1.423514,0.082129,4.648240,101.062443,0.000000,0.694621226,0.499798748,1
pi4b8_fit_20260910_v3,pi4b8g,2,1,fit,true,64,39,2599,2026-09-10T13:12:25Z,172080700293277,fisvdd_revision,n64,64,B2,1.0,38.459,38.946,1800.000,1800.000,1800.000,1800.000,0.811042,1.861896,0.253478,1.457106,0.084146,4.696202,101.056258,0.000000,0.617231041,0.501345903,1
pi4b8_fit_20260910_v3,pi4b8g,2,1,fit,true,65,0,2600,2026-09-10T13:12:26Z,172081431625565,tinydl_revision,n1024,1024,B2,1.0,38.946,38.946,1800.000,1800.000,1800.000,1800.000,0.977910,27.878235,0.754469,13.126751,0.101554,44.591928,101.106275,0.000000,0.686567592,0.641975611,1
pi4b8_fit_20260910_v3,pi4b8g,2,1,fit,true,65,1,2601,2026-09-10T13:12:26Z,172081533677325,tinydl_revision,n1024,1024,B2,1.0,38.946,38.946,1800.000,1800.000,1800.000,1800.000,0.895560,27.753237,0.753099,13.095196,0.100795,44.396802,101.081146,0.000000,0.686910523,0.663631000,1
pi4b8_fit_20260910_v3,pi4b8g,2,1,fit,true,65,2,2602,2026-09-10T13:12:26Z,172081635708437,tinydl_revision,n1024,1024,B2,1.0,38.946,39.433,1800.000,1800.000,1800.000,1800.000,0.958152,27.686534,0.752951,13.091196,0.131313,44.393783,101.106201,0.000000,0.685734511,0.668525739,1
pi4b8_fit_20260910_v3,pi4b8g,2,1,fit,true,65,3,2603,2026-09-10T13:12:26Z,172081737763900,tinydl_revision,n1024,1024,B2,1.0,39.433,38.946,1800.000,1800.000,1800.000,1800.000,0.894856,27.638368,0.791395,13.106751,0.101350,44.302322,101.080702,0.000000,0.673550674,0.629376329,1
pi4b8_fit_20260910_v3,pi4b8g,2,1,fit,true,65,4,2604,2026-09-10T13:12:26Z,172081839802031,tinydl_revision,n1024,1024,B2,1.0,38.946,38.946,1800.000,1800.000,1800.000,1800.000,1.002892,27.681701,0.750488,13.113715,0.103721,44.413135,101.091812,0.000000,0.686465999,0.645936667,1
pi4b8_fit_20260910_v3,pi4b8g,2,1,fit,true,65,5,2605,2026-09-10T13:12:26Z,172081941839791,tinydl_revision,n1024,1024,B2,1.0,38.946,38.459,1800.000,1800.000,1800.000,1800.000,0.899985,27.595259,0.752395,13.092270,0.100869,44.245601,101.092683,0.000000,0.684566577,0.656830290,1
pi4b8_fit_20260910_v3,pi4b8g,2,1,fit,true,65,6,2606,2026-09-10T13:12:26Z,172082043904884,tinydl_revision,n1024,1024,B2,1.0,38.459,38.459,1800.000,1800.000,1800.000,1800.000,0.964484,27.835217,0.752932,13.118547,0.101388,44.524300,101.092516,0.000000,0.688360739,0.638461598,1
pi4b8_fit_20260910_v3,pi4b8g,2,1,fit,true,65,7,2607,2026-09-10T13:12:27Z,172082145941089,tinydl_revision,n1024,1024,B2,1.0,38.459,38.946,1800.000,1800.000,1800.000,1800.000,0.895189,27.597999,0.746117,13.099603,0.101758,44.237285,101.088904,0.000000,0.685919728,0.668305028,1
pi4b8_fit_20260910_v3,pi4b8g,2,1,fit,true,65,8,2608,2026-09-10T13:12:27Z,172082247986404,tinydl_revision,n1024,1024,B2,1.0,38.946,39.920,1800.000,1800.000,1800.000,1800.000,0.902374,27.670294,0.748303,13.156824,0.102832,44.392616,101.069998,0.000000,0.689154156,0.663980117,1
pi4b8_fit_20260910_v3,pi4b8g,2,1,fit,true,65,9,2609,2026-09-10T13:12:27Z,172082350028460,tinydl_revision,n1024,1024,B2,1.0,39.920,38.946,1800.000,1800.000,1800.000,1800.000,0.884282,27.736404,0.748024,13.092381,0.100498,44.371543,101.073349,0.000000,0.674768646,0.633718884,1
pi4b8_fit_20260910_v3,pi4b8g,2,1,fit,true,65,10,2610,2026-09-10T13:12:27Z,172082452133108,tinydl_revision,n1024,1024,B2,1.0,38.946,39.433,1800.000,1800.000,1800.000,1800.000,0.908467,27.822144,0.751765,13.109121,0.102424,44.458522,101.085608,0.000000,0.683980880,0.640933081,1
pi4b8_fit_20260910_v3,pi4b8g,2,1,fit,true,65,11,2611,2026-09-10T13:12:27Z,172082554172626,tinydl_revision,n1024,1024,B2,1.0,39.433,39.920,1800.000,1800.000,1800.000,1800.000,0.897911,27.701960,0.752469,13.094492,0.103350,44.368525,101.074035,0.000000,0.689745275,0.663350489,1
pi4b8_fit_20260910_v3,pi4b8g,2,1,fit,true,65,12,2612,2026-09-10T13:12:27Z,172082656231627,tinydl_revision,n1024,1024,B2,1.0,39.920,39.433,1800.000,1800.000,1800.000,1800.000,0.907449,27.560000,0.751728,13.117158,0.102128,44.204990,101.088812,0.000000,0.687468032,0.644035410,1
pi4b8_fit_20260910_v3,pi4b8g,2,1,fit,true,65,13,2613,2026-09-10T13:12:27Z,172082758264164,tinydl_revision,n1024,1024,B2,1.0,38.946,39.433,1800.000,1800.000,1800.000,1800.000,0.893060,27.568499,0.754247,13.079196,0.103720,44.208805,101.080090,0.000000,0.683182204,0.662404887,1
pi4b8_fit_20260910_v3,pi4b8g,2,1,fit,true,65,14,2614,2026-09-10T13:12:27Z,172082860342331,tinydl_revision,n1024,1024,B2,1.0,39.433,39.920,1800.000,1800.000,1800.000,1800.000,0.904059,27.724200,0.746136,13.111233,0.101480,44.345024,101.074257,0.000000,0.682873444,0.656387666,1
pi4b8_fit_20260910_v3,pi4b8g,2,1,fit,true,65,15,2615,2026-09-10T13:12:27Z,172082962381794,tinydl_revision,n1024,1024,B2,1.0,39.920,39.920,1800.000,1800.000,1800.000,1800.000,0.882393,27.713886,0.744210,13.083974,0.101758,44.338599,101.081461,0.000000,0.682776185,0.640267338,1
pi4b8_fit_20260910_v3,pi4b8g,2,1,fit,true,65,16,2616,2026-09-10T13:12:27Z,172083064464479,tinydl_revision,n1024,1024,B2,1.0,39.920,39.433,1800.000,1800.000,1800.000,1800.000,0.906041,27.662869,0.743266,13.106751,0.101851,44.285230,101.081497,0.000000,0.690092201,0.650895676,1
pi4b8_fit_20260910_v3,pi4b8g,2,1,fit,true,65,17,2617,2026-09-10T13:12:28Z,172083166497702,tinydl_revision,n1024,1024,B2,1.0,39.433,39.433,1800.000,1800.000,1800.000,1800.000,0.896744,27.548407,0.754469,13.083011,0.102313,44.179231,101.092460,0.000000,0.687824703,0.656658793,1
pi4b8_fit_20260910_v3,pi4b8g,2,1,fit,true,65,18,2618,2026-09-10T13:12:28Z,172083268577405,tinydl_revision,n1024,1024,B2,1.0,39.433,39.433,1800.000,1800.000,1800.000,1800.000,0.906596,28.207526,0.782099,13.104603,0.102314,45.210696,101.077608,0.000000,0.680170817,0.646231655,1
pi4b8_fit_20260910_v3,pi4b8g,2,1,fit,true,65,19,2619,2026-09-10T13:12:28Z,172083370610238,tinydl_revision,n1024,1024,B2,1.0,39.433,38.946,1800.000,1800.000,1800.000,1800.000,0.892467,27.674701,0.749637,13.081270,0.101054,44.301248,101.080146,0.000000,0.683344789,0.656172647,1
pi4b8_fit_20260910_v3,pi4b8g,2,1,fit,true,65,20,2620,2026-09-10T13:12:28Z,172083472670090,tinydl_revision,n1024,1024,B2,1.0,38.946,39.920,1800.000,1800.000,1800.000,1800.000,0.906467,27.637832,0.751673,13.118696,0.101332,44.310062,101.089664,0.000000,0.678083889,0.651645774,1
pi4b8_fit_20260910_v3,pi4b8g,2,1,fit,true,65,21,2621,2026-09-10T13:12:28Z,172083574767126,tinydl_revision,n1024,1024,B2,1.0,39.920,39.433,1800.000,1800.000,1800.000,1800.000,0.896893,27.464686,0.750691,13.077252,0.102091,44.105769,101.090367,0.000000,0.687476797,0.642003161,1
pi4b8_fit_20260910_v3,pi4b8g,2,1,fit,true,65,22,2622,2026-09-10T13:12:28Z,172083676838459,tinydl_revision,n1024,1024,B2,1.0,39.433,39.920,1800.000,1800.000,1800.000,1800.000,0.911763,27.772200,0.754228,13.118529,0.102480,44.423968,101.081071,0.000000,0.686744210,0.652254843,1
pi4b8_fit_20260910_v3,pi4b8g,2,1,fit,true,65,23,2623,2026-09-10T13:12:28Z,172083778875922,tinydl_revision,n1024,1024,B2,1.0,39.920,38.946,1800.000,1800.000,1800.000,1800.000,0.890263,27.718441,0.752469,13.081937,0.100795,44.357302,101.088571,0.000000,0.683897370,0.646721926,1
pi4b8_fit_20260910_v3,pi4b8g,2,1,fit,true,65,24,2624,2026-09-10T13:12:28Z,172083880953051,tinydl_revision,n1024,1024,B2,1.0,39.433,39.433,1800.000,1800.000,1800.000,1800.000,0.902152,27.577592,0.748821,13.125825,0.101276,44.223934,101.084497,0.000000,0.691731533,0.667501392,1
pi4b8_fit_20260910_v3,pi4b8g,2,1,fit,true,65,25,2625,2026-09-10T13:12:28Z,172083983008255,tinydl_revision,n1024,1024,B2,1.0,39.433,39.433,1800.000,1800.000,1800.000,1800.000,1.029484,27.692330,0.751007,13.096473,0.101480,44.480429,101.112830,0.000000,0.680849499,0.646718474,1
pi4b8_fit_20260910_v3,pi4b8g,2,1,fit,true,65,26,2626,2026-09-10T13:12:28Z,172084085084088,tinydl_revision,n1024,1024,B2,1.0,39.433,39.920,1800.000,1800.000,1800.000,1800.000,0.906597,27.742089,0.790635,13.083640,0.100795,44.382560,101.086978,0.000000,0.677129110,0.653413221,1
pi4b8_fit_20260910_v3,pi4b8g,2,1,fit,true,65,27,2627,2026-09-10T13:12:29Z,172084187165105,tinydl_revision,n1024,1024,B2,1.0,39.920,40.407,1800.000,1800.000,1800.000,1800.000,0.949281,27.515056,0.753599,13.085104,0.102350,44.206175,101.125478,0.000000,0.685814254,0.637271493,1
pi4b8_fit_20260910_v3,pi4b8g,2,1,fit,true,65,28,2628,2026-09-10T13:12:29Z,172084289244993,tinydl_revision,n1024,1024,B2,1.0,40.407,38.946,1800.000,1800.000,1800.000,1800.000,0.894670,28.538224,0.749413,13.104900,0.103332,45.518468,101.064812,0.000000,0.694403449,0.666793894,1
pi4b8_fit_20260910_v3,pi4b8g,2,1,fit,true,65,29,2629,2026-09-10T13:12:29Z,172084391262438,tinydl_revision,n1024,1024,B2,1.0,38.946,39.433,1800.000,1800.000,1800.000,1800.000,0.935096,27.559240,0.750451,13.085844,0.101850,44.230692,101.110292,0.000000,0.675837129,0.635920448,1
pi4b8_fit_20260910_v3,pi4b8g,2,1,fit,true,65,30,2630,2026-09-10T13:12:29Z,172084493323233,tinydl_revision,n1024,1024,B2,1.0,39.433,38.946,1800.000,1800.000,1800.000,1800.000,0.884949,27.649201,0.946596,13.343525,0.113054,44.931589,101.100811,0.000000,0.688414917,0.666416621,1
pi4b8_fit_20260910_v3,pi4b8g,2,1,fit,true,65,31,2631,2026-09-10T13:12:29Z,172084595417769,tinydl_revision,n1024,1024,B2,1.0,38.946,39.433,1800.000,1800.000,1800.000,1800.000,0.955706,27.460297,0.753895,13.083770,0.100036,44.162972,101.111515,0.000000,0.689746731,0.657758847,1
pi4b8_fit_20260910_v3,pi4b8g,2,1,fit,true,65,32,2632,2026-09-10T13:12:29Z,172084697484546,tinydl_revision,n1024,1024,B2,1.0,39.433,39.920,1800.000,1800.000,1800.000,1800.000,0.885134,27.764848,0.790024,13.100399,0.101906,44.407264,101.075219,0.000000,0.674307980,0.645405585,1
pi4b8_fit_20260910_v3,pi4b8g,2,1,fit,true,65,33,2633,2026-09-10T13:12:29Z,172084799506120,tinydl_revision,n1024,1024,B2,1.0,39.920,39.433,1800.000,1800.000,1800.000,1800.000,0.931374,27.784273,0.743618,13.086992,0.099851,44.402227,101.111144,0.000000,0.684140489,0.634145231,1
pi4b8_fit_20260910_v3,pi4b8g,2,1,fit,true,65,34,2634,2026-09-10T13:12:29Z,172084901579323,tinydl_revision,n1024,1024,B2,1.0,39.433,39.433,1800.000,1800.000,1800.000,1800.000,0.901393,27.531759,0.793524,13.086437,0.100128,44.182823,101.095367,0.000000,0.694195539,0.670498199,1
pi4b8_fit_20260910_v3,pi4b8g,2,1,fit,true,65,35,2635,2026-09-10T13:12:29Z,172085003632211,tinydl_revision,n1024,1024,B2,1.0,39.433,39.433,1800.000,1800.000,1800.000,1800.000,0.946485,27.586202,0.744932,13.096085,0.101073,44.241156,101.124866,0.000000,0.675193059,0.629573370,1
pi4b8_fit_20260910_v3,pi4b8g,2,1,fit,true,65,36,2636,2026-09-10T13:12:29Z,172085105729432,tinydl_revision,n1024,1024,B2,1.0,39.433,40.407,1800.000,1800.000,1800.000,1800.000,0.900022,27.642683,0.793876,13.114196,0.099054,44.315747,101.088904,0.000000,0.695777776,0.672735362,1
pi4b8_fit_20260910_v3,pi4b8g,2,1,fit,true,65,37,2637,2026-09-10T13:12:30Z,172085207756228,tinydl_revision,n1024,1024,B2,1.0,40.407,39.433,1800.000,1800.000,1800.000,1800.000,0.941670,27.887382,0.748543,13.121899,0.101110,44.555835,101.112996,0.000000,0.678482906,0.654068219,1
pi4b8_fit_20260910_v3,pi4b8g,2,1,fit,true,65,38,2638,2026-09-10T13:12:30Z,172085309824838,tinydl_revision,n1024,1024,B2,1.0,41.381,39.920,1800.000,1800.000,1800.000,1800.000,0.890800,28.364393,0.754969,13.103399,0.100758,45.348063,101.091014,0.000000,0.675200260,0.633876779,1
pi4b8_fit_20260910_v3,pi4b8g,2,1,fit,true,65,39,2639,2026-09-10T13:12:30Z,172085411860763,tinydl_revision,n1024,1024,B2,1.0,39.920,39.433,1800.000,1800.000,1800.000,1800.000,0.938726,27.668645,0.753562,13.080085,0.102998,44.332858,101.104014,0.000000,0.682760312,0.641866216,1
pi4b8_fit_20260910_v3,pi4b8g,2,1,fit,true,66,0,2640,2026-09-10T13:12:31Z,172086119677455,oi_svdd_as_elm_revision,n512,512,B1,0.5,39.433,39.920,1800.000,1800.000,1800.000,1800.000,1.029317,14.060144,0.603861,32.821563,0.092406,49.552403,101.115329,0.000000,0.704697932,0.655364560,1
pi4b8_fit_20260910_v3,pi4b8g,2,1,fit,true,66,1,2641,2026-09-10T13:12:31Z,172086221479180,oi_svdd_as_elm_revision,n512,512,B1,0.5,39.920,39.920,1800.000,1800.000,1800.000,1800.000,0.847690,14.205437,0.563046,32.828228,0.091961,49.457886,101.091125,0.000000,0.681524396,0.647654018,1
pi4b8_fit_20260910_v3,pi4b8g,2,1,fit,true,66,2,2642,2026-09-10T13:12:31Z,172086323249572,oi_svdd_as_elm_revision,n512,512,B1,0.5,39.920,39.433,1800.000,1800.000,1800.000,1800.000,0.885171,14.032328,0.552029,32.934135,0.093869,49.435034,101.125680,0.000000,0.687876547,0.630391153,1
pi4b8_fit_20260910_v3,pi4b8g,2,1,fit,true,66,3,2643,2026-09-10T13:12:31Z,172086425056204,oi_svdd_as_elm_revision,n512,512,B1,0.5,39.433,39.433,1800.000,1800.000,1800.000,1800.000,0.847320,14.021014,0.555954,32.788063,0.092868,49.286241,101.077237,0.000000,0.678707583,0.622729216,1
pi4b8_fit_20260910_v3,pi4b8g,2,1,fit,true,66,4,2644,2026-09-10T13:12:31Z,172086526815985,oi_svdd_as_elm_revision,n512,512,B1,0.5,39.433,39.433,1800.000,1800.000,1800.000,1800.000,0.848708,13.998310,0.554010,32.822007,0.129331,49.299370,101.090218,0.000000,0.704609674,0.672360870,1
pi4b8_fit_20260910_v3,pi4b8g,2,1,fit,true,66,5,2645,2026-09-10T13:12:31Z,172086628637377,oi_svdd_as_elm_revision,n512,512,B1,0.5,39.433,39.920,1800.000,1800.000,1800.000,1800.000,0.860504,14.174345,0.554621,32.805748,0.092776,49.486459,101.086977,0.000000,0.675887935,0.631731082,1
pi4b8_fit_20260910_v3,pi4b8g,2,1,fit,true,66,6,2646,2026-09-10T13:12:31Z,172086730389306,oi_svdd_as_elm_revision,n512,512,B1,0.5,39.920,39.433,1800.000,1800.000,1800.000,1800.000,0.846227,14.046773,0.557491,32.839358,0.091924,49.323203,101.087162,0.000000,0.683770782,0.640068818,1
pi4b8_fit_20260910_v3,pi4b8g,2,1,fit,true,66,7,2647,2026-09-10T13:12:31Z,172086832210827,oi_svdd_as_elm_revision,n512,512,B1,0.5,39.433,39.920,1800.000,1800.000,1800.000,1800.000,0.863727,14.059773,0.612083,32.800211,0.093758,49.357943,101.085051,0.000000,0.685951617,0.653506371,1
pi4b8_fit_20260910_v3,pi4b8g,2,1,fit,true,66,8,2648,2026-09-10T13:12:31Z,172086933972201,oi_svdd_as_elm_revision,n512,512,B1,0.5,39.920,39.433,1800.000,1800.000,1800.000,1800.000,0.838912,14.234640,0.555898,32.774581,0.090924,49.444682,101.097143,0.000000,0.668799395,0.606811492,1
pi4b8_fit_20260910_v3,pi4b8g,2,1,fit,true,66,9,2649,2026-09-10T13:12:31Z,172087035754833,oi_svdd_as_elm_revision,n512,512,B1,0.5,39.433,38.946,1800.000,1800.000,1800.000,1800.000,0.895059,14.074199,0.597065,32.848581,0.093517,49.432516,101.123606,0.000000,0.683396757,0.633931222,1
pi4b8_fit_20260910_v3,pi4b8g,2,1,fit,true,66,10,2650,2026-09-10T13:12:32Z,172087137564354,oi_svdd_as_elm_revision,n512,512,B1,0.5,38.946,39.920,1800.000,1800.000,1800.000,1800.000,0.848542,14.093698,0.553417,32.799451,0.090795,49.333184,101.078422,0.000000,0.684405362,0.630005733,1
pi4b8_fit_20260910_v3,pi4b8g,2,1,fit,true,66,11,2651,2026-09-10T13:12:32Z,172087239347468,oi_svdd_as_elm_revision,n512,512,B1,0.5,39.920,38.946,1800.000,1800.000,1800.000,1800.000,0.905244,14.137586,0.557287,32.891579,0.091109,49.518940,101.115273,0.000000,0.681610503,0.641055830,1
pi4b8_fit_20260910_v3,pi4b8g,2,1,fit,true,66,12,2652,2026-09-10T13:12:32Z,172087341139396,oi_svdd_as_elm_revision,n512,512,B1,0.5,38.946,40.894,1800.000,1800.000,1800.000,1800.000,0.866597,14.771835,0.923541,32.825210,0.090610,50.640922,101.078700,0.000000,0.708284820,0.658783689,1
pi4b8_fit_20260910_v3,pi4b8g,2,1,fit,true,66,13,2653,2026-09-10T13:12:32Z,172087442898029,oi_svdd_as_elm_revision,n512,512,B1,0.5,40.894,39.433,1800.000,1800.000,1800.000,1800.000,0.841541,14.169549,0.560065,32.837599,0.090628,49.425627,101.071366,0.000000,0.666495362,0.633206216,1
pi4b8_fit_20260910_v3,pi4b8g,2,1,fit,true,66,14,2654,2026-09-10T13:12:32Z,172087544675772,oi_svdd_as_elm_revision,n512,512,B1,0.5,39.433,39.920,1800.000,1800.000,1800.000,1800.000,0.856894,14.003255,0.549676,32.784785,0.091609,49.293574,101.080496,0.000000,0.698676367,0.633044556,1
pi4b8_fit_20260910_v3,pi4b8g,2,1,fit,true,66,15,2655,2026-09-10T13:12:32Z,172087646428739,oi_svdd_as_elm_revision,n512,512,B1,0.5,39.920,40.407,1800.000,1800.000,1800.000,1800.000,0.842597,14.084699,0.557732,32.821766,0.091424,49.325017,101.076180,0.000000,0.677775807,0.622158691,1
pi4b8_fit_20260910_v3,pi4b8g,2,1,fit,true,66,16,2656,2026-09-10T13:12:32Z,172087748211038,oi_svdd_as_elm_revision,n512,512,B1,0.5,40.407,40.407,1800.000,1800.000,1800.000,1800.000,0.862486,14.111383,0.553621,32.775229,0.093277,49.382238,101.081828,0.000000,0.690172103,0.664825901,1
pi4b8_fit_20260910_v3,pi4b8g,2,1,fit,true,66,17,2657,2026-09-10T13:12:32Z,172087849968207,oi_svdd_as_elm_revision,n512,512,B1,0.5,40.407,40.407,1800.000,1800.000,1800.000,1800.000,0.858560,14.114438,0.561862,32.796248,0.091350,49.343647,101.077403,0.000000,0.681391136,0.637026171,1
pi4b8_fit_20260910_v3,pi4b8g,2,1,fit,true,66,18,2658,2026-09-10T13:12:32Z,172087951712488,oi_svdd_as_elm_revision,n512,512,B1,0.5,40.407,40.407,1800.000,1800.000,1800.000,1800.000,0.886653,14.034477,0.593879,32.797933,0.092332,49.345332,101.102995,0.000000,0.693476070,0.641016179,1
pi4b8_fit_20260910_v3,pi4b8g,2,1,fit,true,66,19,2659,2026-09-10T13:12:32Z,172088053493380,oi_svdd_as_elm_revision,n512,512,B1,0.5,40.407,39.433,1800.000,1800.000,1800.000,1800.000,0.846819,14.176493,0.556806,32.830951,0.090406,49.420164,101.075458,0.000000,0.681796977,0.648759771,1
pi4b8_fit_20260910_v3,pi4b8g,2,1,fit,true,66,20,2660,2026-09-10T13:12:33Z,172088155239790,oi_svdd_as_elm_revision,n512,512,B1,0.5,39.433,40.407,1800.000,1800.000,1800.000,1800.000,0.881653,14.060976,0.550731,32.845617,0.092165,49.374202,101.105365,0.000000,0.664575090,0.613236319,1
pi4b8_fit_20260910_v3,pi4b8g,2,1,fit,true,66,21,2661,2026-09-10T13:12:33Z,172088257026015,oi_svdd_as_elm_revision,n512,512,B1,0.5,40.407,39.433,1800.000,1800.000,1800.000,1800.000,0.841024,14.196955,0.560676,32.802099,0.093036,49.421034,101.079476,0.000000,0.686003090,0.630904202,1
pi4b8_fit_20260910_v3,pi4b8g,2,1,fit,true,66,22,2662,2026-09-10T13:12:33Z,172088358789184,oi_svdd_as_elm_revision,n512,512,B1,0.5,39.433,39.433,1800.000,1800.000,1800.000,1800.000,1.627603,14.535117,0.587712,32.834469,0.091721,50.732994,101.083865,0.000000,0.682272653,0.630085212,1
pi4b8_fit_20260910_v3,pi4b8g,2,1,fit,true,66,23,2663,2026-09-10T13:12:33Z,172088460601315,oi_svdd_as_elm_revision,n512,512,B1,0.5,39.433,39.920,1800.000,1800.000,1800.000,1800.000,0.874264,14.072328,0.552343,32.788803,0.091313,49.353295,101.076699,0.000000,0.682652866,0.635486842,1
pi4b8_fit_20260910_v3,pi4b8g,2,1,fit,true,66,24,2664,2026-09-10T13:12:33Z,172088562349133,oi_svdd_as_elm_revision,n512,512,B1,0.5,39.920,37.972,1800.000,1800.000,1800.000,1800.000,0.840931,14.167789,0.553232,32.810599,0.089962,49.411590,101.079402,0.000000,0.704900838,0.669379729,1
pi4b8_fit_20260910_v3,pi4b8g,2,1,fit,true,66,25,2665,2026-09-10T13:12:33Z,172088664173708,oi_svdd_as_elm_revision,n512,512,B1,0.5,37.972,39.920,1800.000,1800.000,1800.000,1800.000,0.874152,14.075291,0.595638,32.817969,0.090813,49.388609,101.078218,0.000000,0.676331657,0.626646169,1
pi4b8_fit_20260910_v3,pi4b8g,2,1,fit,true,66,26,2666,2026-09-10T13:12:33Z,172088765923804,oi_svdd_as_elm_revision,n512,512,B1,0.5,39.920,39.433,1800.000,1800.000,1800.000,1800.000,0.852375,14.140049,0.556121,32.790026,0.092906,49.374646,101.074439,0.000000,0.675762330,0.614913557,1
pi4b8_fit_20260910_v3,pi4b8g,2,1,fit,true,66,27,2667,2026-09-10T13:12:33Z,172088867671955,oi_svdd_as_elm_revision,n512,512,B1,0.5,39.433,39.920,1800.000,1800.000,1800.000,1800.000,0.920225,14.148586,0.597138,32.837821,0.091943,49.531625,101.098717,0.000000,0.700502224,0.649943164,1
pi4b8_fit_20260910_v3,pi4b8g,2,1,fit,true,66,28,2668,2026-09-10T13:12:33Z,172088969447068,oi_svdd_as_elm_revision,n512,512,B1,0.5,39.920,37.972,1800.000,1800.000,1800.000,1800.000,0.852227,14.087791,0.557028,32.817025,0.092832,49.357850,101.077143,0.000000,0.682650015,0.656254272,1
pi4b8_fit_20260910_v3,pi4b8g,2,1,fit,true,66,29,2669,2026-09-10T13:12:33Z,172089071198015,oi_svdd_as_elm_revision,n512,512,B1,0.5,37.972,39.920,1800.000,1800.000,1800.000,1800.000,0.895670,14.146124,0.560195,32.917468,0.092017,49.541569,101.111754,0.000000,0.685640835,0.640043344,1
pi4b8_fit_20260910_v3,pi4b8g,2,1,fit,true,66,30,2670,2026-09-10T13:12:34Z,172089173011331,oi_svdd_as_elm_revision,n512,512,B1,0.5,39.920,39.433,1800.000,1800.000,1800.000,1800.000,0.921263,14.259880,0.552195,32.874394,0.093165,49.671178,101.083847,0.000000,0.690800276,0.652822211,1
pi4b8_fit_20260910_v3,pi4b8g,2,1,fit,true,66,31,2671,2026-09-10T13:12:34Z,172089274808000,oi_svdd_as_elm_revision,n512,512,B1,0.5,39.433,39.920,1800.000,1800.000,1800.000,1800.000,0.858746,14.182381,0.556232,32.890653,0.093999,49.507032,101.483469,0.000000,0.672144350,0.620271424,1
pi4b8_fit_20260910_v3,pi4b8g,2,1,fit,true,66,32,2672,2026-09-10T13:12:34Z,172089377258824,oi_svdd_as_elm_revision,n512,512,B1,0.5,39.920,40.407,1800.000,1800.000,1800.000,1800.000,1.462495,14.205603,0.554751,32.791451,0.091794,50.059690,101.080013,0.000000,0.679467421,0.635675885,1
pi4b8_fit_20260910_v3,pi4b8g,2,1,fit,true,66,33,2673,2026-09-10T13:12:34Z,172089479017252,oi_svdd_as_elm_revision,n512,512,B1,0.5,40.407,39.433,1800.000,1800.000,1800.000,1800.000,0.835245,14.125124,0.562713,32.865876,0.091740,49.416775,101.134012,0.000000,0.684001349,0.624010434,1
pi4b8_fit_20260910_v3,pi4b8g,2,1,fit,true,66,34,2674,2026-09-10T13:12:34Z,172089580881382,oi_svdd_as_elm_revision,n512,512,B1,0.5,39.433,38.946,1800.000,1800.000,1800.000,1800.000,0.865356,14.200881,0.558288,32.798155,0.092517,49.509255,101.078588,0.000000,0.677056146,0.619103689,1
pi4b8_fit_20260910_v3,pi4b8g,2,1,fit,true,66,35,2675,2026-09-10T13:12:34Z,172089682633348,oi_svdd_as_elm_revision,n512,512,B1,0.5,38.946,39.920,1800.000,1800.000,1800.000,1800.000,0.844856,14.332158,0.556528,32.850025,0.092054,49.609586,101.080865,0.000000,0.700667986,0.659315265,1
pi4b8_fit_20260910_v3,pi4b8g,2,1,fit,true,66,36,2676,2026-09-10T13:12:34Z,172089784424164,oi_svdd_as_elm_revision,n512,512,B1,0.5,39.920,40.407,1800.000,1800.000,1800.000,1800.000,0.863838,14.140771,0.548898,32.863098,0.094054,49.523792,101.080921,0.000000,0.687235460,0.652541190,1
pi4b8_fit_20260910_v3,pi4b8g,2,1,fit,true,66,37,2677,2026-09-10T13:12:34Z,172089886187074,oi_svdd_as_elm_revision,n512,512,B1,0.5,39.433,39.433,1800.000,1800.000,1800.000,1800.000,0.852116,14.238769,0.556380,32.817358,0.091424,49.475255,101.078291,0.000000,0.689088457,0.633958853,1
pi4b8_fit_20260910_v3,pi4b8g,2,1,fit,true,66,38,2678,2026-09-10T13:12:34Z,172089987948483,oi_svdd_as_elm_revision,n512,512,B1,0.5,39.433,39.920,1800.000,1800.000,1800.000,1800.000,0.892560,14.115790,0.605934,32.909579,0.092368,49.562124,101.078921,0.000000,0.669791774,0.608535647,1
pi4b8_fit_20260910_v3,pi4b8g,2,1,fit,true,66,39,2679,2026-09-10T13:12:34Z,172090089710893,oi_svdd_as_elm_revision,n512,512,B1,0.5,39.920,38.459,1800.000,1800.000,1800.000,1800.000,0.863227,14.142012,0.561324,32.921930,0.092684,49.509810,101.073976,0.000000,0.688824873,0.654275897,1
pi4b8_fit_20260910_v3,pi4b8g,2,1,fit,true,67,0,2680,2026-09-10T13:12:35Z,172090766857882,fisvdd_revision,n64,64,B0,0.0,39.433,38.459,1800.000,1800.000,1800.000,1800.000,0.945133,1.904247,0.254644,1.422403,0.084073,4.837551,101.069142,0.000000,0.789190298,0.501108079,1
pi4b8_fit_20260910_v3,pi4b8g,2,1,fit,true,67,1,2681,2026-09-10T13:12:35Z,172090868344221,fisvdd_revision,n64,64,B0,0.0,38.459,38.459,1800.000,1800.000,1800.000,1800.000,0.803876,1.848044,0.256218,1.466235,0.081795,4.692239,101.056865,0.000000,0.714841785,0.499879817,1
pi4b8_fit_20260910_v3,pi4b8g,2,1,fit,true,67,2,2682,2026-09-10T13:12:35Z,172090969774358,fisvdd_revision,n64,64,B0,0.0,38.459,38.459,1800.000,1800.000,1800.000,1800.000,0.783524,1.916654,0.253885,1.419773,0.082165,4.688924,101.061272,0.000000,0.605628868,0.498522258,1
pi4b8_fit_20260910_v3,pi4b8g,2,1,fit,true,67,3,2683,2026-09-10T13:12:35Z,172091071203310,fisvdd_revision,n64,64,B0,0.0,38.459,38.459,1800.000,1800.000,1800.000,1800.000,0.830653,1.843304,0.261052,1.417384,0.082387,4.665554,101.083882,0.000000,0.671684986,0.498098387,1
pi4b8_fit_20260910_v3,pi4b8g,2,1,fit,true,67,4,2684,2026-09-10T13:12:36Z,172091172666557,fisvdd_revision,n64,64,B0,0.0,38.459,37.972,1800.000,1800.000,1800.000,1800.000,0.791617,1.839878,0.256885,1.468921,0.082943,4.670257,101.064272,0.000000,0.655042010,0.499665820,1
pi4b8_fit_20260910_v3,pi4b8g,2,1,fit,true,67,5,2685,2026-09-10T13:12:36Z,172091274103748,fisvdd_revision,n64,64,B0,0.0,37.972,38.459,1800.000,1800.000,1800.000,1800.000,0.779469,1.917580,0.257773,1.414866,0.081943,4.686258,101.058532,0.000000,0.727242479,0.500746772,1
pi4b8_fit_20260910_v3,pi4b8g,2,1,fit,true,67,6,2686,2026-09-10T13:12:36Z,172091375536255,fisvdd_revision,n64,64,B0,0.0,38.459,37.485,1800.000,1800.000,1800.000,1800.000,0.834097,1.846174,0.251496,1.464476,0.083128,4.717479,100.938793,0.000000,0.756329394,0.498743767,1
pi4b8_fit_20260910_v3,pi4b8g,2,1,fit,true,67,7,2687,2026-09-10T13:12:36Z,172091476884782,fisvdd_revision,n64,64,B0,0.0,37.485,38.459,1800.000,1800.000,1800.000,1800.000,0.777265,1.856618,0.256181,1.472810,0.082073,4.675517,101.054494,0.000000,0.682238768,0.497778234,1
pi4b8_fit_20260910_v3,pi4b8g,2,1,fit,true,67,8,2688,2026-09-10T13:12:36Z,172091578305307,fisvdd_revision,n64,64,B0,0.0,38.459,37.485,1800.000,1800.000,1800.000,1800.000,0.785635,1.907544,0.256033,1.418515,0.083832,4.686998,101.057013,0.000000,0.639214574,0.497474527,1
pi4b8_fit_20260910_v3,pi4b8g,2,1,fit,true,67,9,2689,2026-09-10T13:12:36Z,172091679734332,fisvdd_revision,n64,64,B0,0.0,37.485,37.972,1800.000,1800.000,1800.000,1800.000,0.835746,1.853341,0.253329,1.464957,0.082739,4.722868,101.077254,0.000000,0.594045983,0.500299155,1
pi4b8_fit_20260910_v3,pi4b8g,2,1,fit,true,67,10,2690,2026-09-10T13:12:36Z,172091781179135,fisvdd_revision,n64,64,B0,0.0,37.972,37.972,1800.000,1800.000,1800.000,1800.000,0.778895,1.852303,0.257662,1.423162,0.081703,4.666888,101.084550,0.000000,0.738116847,0.500183107,1
pi4b8_fit_20260910_v3,pi4b8g,2,1,fit,true,67,11,2691,2026-09-10T13:12:36Z,172091882664641,fisvdd_revision,n64,64,B0,0.0,37.972,37.972,1800.000,1800.000,1800.000,1800.000,0.789228,1.933617,0.257700,1.414662,0.081202,4.715035,101.062327,0.000000,0.595426241,0.500231460,1
pi4b8_fit_20260910_v3,pi4b8g,2,1,fit,true,67,12,2692,2026-09-10T13:12:36Z,172091984136165,fisvdd_revision,n64,64,B0,0.0,37.972,38.459,1800.000,1800.000,1800.000,1800.000,0.805783,1.842433,0.252810,1.473976,0.084406,4.691350,101.067939,0.000000,0.731739333,0.501750604,1
pi4b8_fit_20260910_v3,pi4b8g,2,1,fit,true,67,13,2693,2026-09-10T13:12:36Z,172092085578098,fisvdd_revision,n64,64,B0,0.0,37.485,37.972,1800.000,1800.000,1800.000,1800.000,0.783228,1.888025,0.251236,1.419236,0.083980,4.658295,101.059346,0.000000,0.706474344,0.499098331,1
pi4b8_fit_20260910_v3,pi4b8g,2,1,fit,true,67,14,2694,2026-09-10T13:12:37Z,172092187007660,fisvdd_revision,n64,64,B0,0.0,37.972,37.972,1800.000,1800.000,1800.000,1800.000,0.788173,1.906599,0.260478,1.421236,0.084147,4.695720,101.092604,0.000000,0.675512180,0.499021764,1
pi4b8_fit_20260910_v3,pi4b8g,2,1,fit,true,67,15,2695,2026-09-10T13:12:37Z,172092288509480,fisvdd_revision,n64,64,B0,0.0,37.972,37.485,1800.000,1800.000,1800.000,1800.000,0.801339,1.836489,0.258570,1.472606,0.081851,4.684943,100.894071,0.000000,0.679491935,0.500248969,1
pi4b8_fit_20260910_v3,pi4b8g,2,1,fit,true,67,16,2696,2026-09-10T13:12:37Z,172092389811266,fisvdd_revision,n64,64,B0,0.0,37.485,36.998,1800.000,1800.000,1800.000,1800.000,0.777839,1.927191,0.256884,1.419736,0.082758,4.698332,101.054290,0.000000,0.759146451,0.502679818,1
pi4b8_fit_20260910_v3,pi4b8g,2,1,fit,true,67,17,2697,2026-09-10T13:12:37Z,172092491240199,fisvdd_revision,n64,64,B0,0.0,36.998,38.459,1800.000,1800.000,1800.000,1800.000,0.833320,1.862747,0.251940,1.416366,0.082091,4.671850,101.098956,0.000000,0.653373391,0.502019177,1
pi4b8_fit_20260910_v3,pi4b8g,2,1,fit,true,67,18,2698,2026-09-10T13:12:37Z,172092592708353,fisvdd_revision,n64,64,B0,0.0,38.459,37.972,1800.000,1800.000,1800.000,1800.000,0.778950,1.838581,0.252107,1.473032,0.080628,4.655498,101.061604,0.000000,0.700621966,0.499966812,1
pi4b8_fit_20260910_v3,pi4b8g,2,1,fit,true,67,19,2699,2026-09-10T13:12:37Z,172092694146229,fisvdd_revision,n64,64,B0,0.0,37.972,37.485,1800.000,1800.000,1800.000,1800.000,0.775432,1.907655,0.254570,1.418551,0.082165,4.670313,101.058327,0.000000,0.772901606,0.500805453,1
pi4b8_fit_20260910_v3,pi4b8g,2,1,fit,true,67,20,2700,2026-09-10T13:12:37Z,172092795578587,fisvdd_revision,n64,64,B0,0.0,37.485,37.485,1800.000,1800.000,1800.000,1800.000,0.835116,1.864692,0.256181,1.472643,0.084721,4.746053,101.094271,0.000000,0.633909664,0.499029795,1
pi4b8_fit_20260910_v3,pi4b8g,2,1,fit,true,67,21,2701,2026-09-10T13:12:37Z,172092897068611,fisvdd_revision,n64,64,B0,0.0,37.485,37.972,1800.000,1800.000,1800.000,1800.000,0.783469,1.843581,0.292403,1.418681,0.082517,4.656258,101.057716,0.000000,0.677862104,0.501019604,1
pi4b8_fit_20260910_v3,pi4b8g,2,1,fit,true,67,22,2702,2026-09-10T13:12:37Z,172092998491469,fisvdd_revision,n64,64,B0,0.0,37.972,37.972,1800.000,1800.000,1800.000,1800.000,0.774784,1.908080,0.254903,1.417755,0.082795,4.670888,101.051180,0.000000,0.615651109,0.498325727,1
pi4b8_fit_20260910_v3,pi4b8g,2,1,fit,true,67,23,2703,2026-09-10T13:12:37Z,172093099927698,fisvdd_revision,n64,64,B0,0.0,37.972,37.485,1800.000,1800.000,1800.000,1800.000,0.841431,1.853359,0.251384,1.462940,0.081202,4.723627,101.060679,0.000000,0.742108041,0.500679852,1
pi4b8_fit_20260910_v3,pi4b8g,2,1,fit,true,67,24,2704,2026-09-10T13:12:38Z,172093201365223,fisvdd_revision,n64,64,B0,0.0,37.485,37.485,1800.000,1800.000,1800.000,1800.000,0.785709,1.874322,0.260532,1.418421,0.082646,4.658239,101.049308,0.000000,0.631632924,0.502129369,1
pi4b8_fit_20260910_v3,pi4b8g,2,1,fit,true,67,25,2705,2026-09-10T13:12:38Z,172093302785210,fisvdd_revision,n64,64,B0,0.0,37.485,38.459,1800.000,1800.000,1800.000,1800.000,0.770562,1.889674,0.252089,1.412940,0.081647,4.638573,100.892959,0.000000,0.709646229,0.498250557,1
pi4b8_fit_20260910_v3,pi4b8g,2,1,fit,true,67,26,2706,2026-09-10T13:12:38Z,172093404122921,fisvdd_revision,n64,64,B0,0.0,38.459,38.459,1800.000,1800.000,1800.000,1800.000,0.836857,1.868415,0.261681,1.472143,0.083684,4.755368,101.051049,0.000000,0.714814388,0.498748676,1
pi4b8_fit_20260910_v3,pi4b8g,2,1,fit,true,67,27,2707,2026-09-10T13:12:38Z,172093505546112,fisvdd_revision,n64,64,B0,0.0,38.459,37.485,1800.000,1800.000,1800.000,1800.000,0.775840,1.907450,0.255218,1.415866,0.083035,4.676443,101.056327,0.000000,0.635864265,0.500429538,1
pi4b8_fit_20260910_v3,pi4b8g,2,1,fit,true,67,28,2708,2026-09-10T13:12:38Z,172093606970730,fisvdd_revision,n64,64,B0,0.0,37.485,36.511,1800.000,1800.000,1800.000,1800.000,0.780821,1.897229,0.252977,1.415421,0.084054,4.660943,101.090789,0.000000,0.668325085,0.499162965,1
pi4b8_fit_20260910_v3,pi4b8g,2,1,fit,true,67,29,2709,2026-09-10T13:12:38Z,172093708436439,fisvdd_revision,n64,64,B0,0.0,36.511,36.998,1800.000,1800.000,1800.000,1800.000,0.790376,1.845026,0.254830,1.472347,0.082166,4.676183,101.053475,0.000000,0.655113771,0.498889721,1
pi4b8_fit_20260910_v3,pi4b8g,2,1,fit,true,67,30,2710,2026-09-10T13:12:38Z,172093809896648,fisvdd_revision,n64,64,B0,0.0,36.998,36.998,1800.000,1800.000,1800.000,1800.000,0.791487,1.897265,0.254311,1.416532,0.083350,4.678646,101.061234,0.000000,0.611701855,0.496879373,1
pi4b8_fit_20260910_v3,pi4b8g,2,1,fit,true,67,31,2711,2026-09-10T13:12:38Z,172093911333746,fisvdd_revision,n64,64,B0,0.0,37.972,36.511,1800.000,1800.000,1800.000,1800.000,0.823542,1.865359,0.256422,1.416996,0.125017,4.720627,101.092512,0.000000,0.681877492,0.501772241,1
pi4b8_fit_20260910_v3,pi4b8g,2,1,fit,true,67,32,2712,2026-09-10T13:12:38Z,172094012804455,fisvdd_revision,n64,64,B0,0.0,36.511,36.998,1800.000,1800.000,1800.000,1800.000,0.798043,1.850284,0.253366,1.472254,0.081443,4.685165,101.053364,0.000000,0.678458060,0.502750696,1
pi4b8_fit_20260910_v3,pi4b8g,2,1,fit,true,67,33,2713,2026-09-10T13:12:39Z,172094114229350,fisvdd_revision,n64,64,B0,0.0,36.998,36.998,1800.000,1800.000,1800.000,1800.000,0.766858,1.885914,0.248051,1.417200,0.081795,4.627962,101.053919,0.000000,0.685513710,0.500214064,1
pi4b8_fit_20260910_v3,pi4b8g,2,1,fit,true,67,34,2714,2026-09-10T13:12:39Z,172094215655244,fisvdd_revision,n64,64,B0,0.0,36.998,37.485,1800.000,1800.000,1800.000,1800.000,0.834245,1.845063,0.250384,1.468050,0.084720,4.715924,101.074771,0.000000,0.715947247,0.500964741,1
pi4b8_fit_20260910_v3,pi4b8g,2,1,fit,true,67,35,2715,2026-09-10T13:12:39Z,172094317124268,fisvdd_revision,n64,64,B0,0.0,37.485,36.998,1800.000,1800.000,1800.000,1800.000,0.846597,1.892044,0.258718,1.420903,0.083203,4.778811,100.913236,0.000000,0.684080138,0.498743924,1
pi4b8_fit_20260910_v3,pi4b8g,2,1,fit,true,67,36,2716,2026-09-10T13:12:39Z,172094418449108,fisvdd_revision,n64,64,B0,0.0,36.998,37.485,1800.000,1800.000,1800.000,1800.000,0.774932,1.928877,0.257644,1.423940,0.084165,4.701739,101.056753,0.000000,0.655614944,0.502375255,1
pi4b8_fit_20260910_v3,pi4b8g,2,1,fit,true,67,37,2717,2026-09-10T13:12:39Z,172094519878262,fisvdd_revision,n64,64,B0,0.0,37.485,37.972,1800.000,1800.000,1800.000,1800.000,0.851246,1.856766,0.257866,1.467754,0.081480,4.749034,101.103307,0.000000,0.690023525,0.498693979,1
pi4b8_fit_20260910_v3,pi4b8g,2,1,fit,true,67,38,2718,2026-09-10T13:12:39Z,172094621406099,fisvdd_revision,n64,64,B0,0.0,37.972,36.511,1800.000,1800.000,1800.000,1800.000,0.786728,1.914525,0.258977,1.423069,0.081054,4.707943,101.061475,0.000000,0.642482481,0.498509666,1
pi4b8_fit_20260910_v3,pi4b8g,2,1,fit,true,67,39,2719,2026-09-10T13:12:39Z,172094722848234,fisvdd_revision,n64,64,B0,0.0,36.511,36.998,1800.000,1800.000,1800.000,1800.000,0.787469,1.887488,0.253292,1.415292,0.079128,4.654814,101.047753,0.000000,0.718408371,0.502050872,1
pi4b8_fit_20260910_v3,pi4b8g,2,1,fit,true,68,0,2720,2026-09-10T13:12:40Z,172095330455060,lucid_revision,n16,16,B2,1.0,38.459,37.485,1800.000,1800.000,1800.000,1800.000,0.964763,0.630749,0.203830,4.217746,0.090851,6.303917,100.900366,0.000000,0.663749989,0.595008196,1
pi4b8_fit_20260910_v3,pi4b8g,2,1,fit,true,68,1,2721,2026-09-10T13:12:40Z,172095431723753,lucid_revision,n16,16,B2,1.0,37.485,37.485,1800.000,1800.000,1800.000,1800.000,0.814449,0.580843,0.202071,4.239116,0.090980,6.104679,101.102344,0.000000,0.636358905,0.556889575,1
pi4b8_fit_20260910_v3,pi4b8g,2,1,fit,true,68,2,2722,2026-09-10T13:12:40Z,172095533170351,lucid_revision,n16,16,B2,1.0,37.485,37.485,1800.000,1800.000,1800.000,1800.000,0.768691,0.579528,0.200423,4.212580,0.090498,6.030754,101.081307,0.000000,0.599323423,0.517210333,1
pi4b8_fit_20260910_v3,pi4b8g,2,1,fit,true,68,3,2723,2026-09-10T13:12:40Z,172095634587374,lucid_revision,n16,16,B2,1.0,37.485,37.972,1800.000,1800.000,1800.000,1800.000,0.786413,0.582102,0.200163,4.204913,0.090258,6.085365,101.079141,0.000000,0.812296956,0.748828972,1
pi4b8_fit_20260910_v3,pi4b8g,2,1,fit,true,68,4,2724,2026-09-10T13:12:40Z,172095735996287,lucid_revision,n16,16,B2,1.0,37.972,38.459,1800.000,1800.000,1800.000,1800.000,0.782469,0.577102,0.196756,4.224376,0.091054,6.084143,101.072419,0.000000,0.777951046,0.612988590,1
pi4b8_fit_20260910_v3,pi4b8g,2,1,fit,true,68,5,2725,2026-09-10T13:12:40Z,172095837438311,lucid_revision,n16,16,B2,1.0,38.459,36.998,1800.000,1800.000,1800.000,1800.000,0.778765,0.585620,0.195200,4.282227,0.090998,6.113975,101.104807,0.000000,0.519744838,0.410377648,1
pi4b8_fit_20260910_v3,pi4b8g,2,1,fit,true,68,6,2726,2026-09-10T13:12:40Z,172095938933537,lucid_revision,n16,16,B2,1.0,36.998,37.485,1800.000,1800.000,1800.000,1800.000,0.772580,0.623452,0.200793,4.238931,0.089591,6.109901,101.125344,0.000000,0.771187444,0.670391284,1
pi4b8_fit_20260910_v3,pi4b8g,2,1,fit,true,68,7,2727,2026-09-10T13:12:40Z,172096040442652,lucid_revision,n16,16,B2,1.0,37.485,38.459,1800.000,1800.000,1800.000,1800.000,0.809895,0.582639,0.200219,4.229691,0.092869,6.097698,101.078918,0.000000,0.631439290,0.566124143,1
pi4b8_fit_20260910_v3,pi4b8g,2,1,fit,true,68,8,2728,2026-09-10T13:12:41Z,172096141862454,lucid_revision,n16,16,B2,1.0,38.459,37.485,1800.000,1800.000,1800.000,1800.000,0.775006,0.576120,0.196941,4.237394,0.091128,6.060161,101.073066,0.000000,0.575446378,0.497868743,1
pi4b8_fit_20260910_v3,pi4b8g,2,1,fit,true,68,9,2729,2026-09-10T13:12:41Z,172096243277199,lucid_revision,n16,16,B2,1.0,36.998,38.459,1800.000,1800.000,1800.000,1800.000,0.807006,0.586176,0.198904,4.213617,0.090536,6.077032,101.109121,0.000000,0.681163250,0.614885378,1
pi4b8_fit_20260910_v3,pi4b8g,2,1,fit,true,68,10,2730,2026-09-10T13:12:41Z,172096344751981,lucid_revision,n16,16,B2,1.0,38.459,37.972,1800.000,1800.000,1800.000,1800.000,0.779099,0.579639,0.200275,4.233487,0.090943,6.066272,100.910791,0.000000,0.690387538,0.604031498,1
pi4b8_fit_20260910_v3,pi4b8g,2,1,fit,true,68,11,2731,2026-09-10T13:12:41Z,172096446031099,lucid_revision,n16,16,B2,1.0,37.972,38.946,1800.000,1800.000,1800.000,1800.000,0.763561,0.578546,0.198515,4.244042,0.127628,6.087846,101.073178,0.000000,0.787843768,0.671775137,1
pi4b8_fit_20260910_v3,pi4b8g,2,1,fit,true,68,12,2732,2026-09-10T13:12:41Z,172096547445142,lucid_revision,n16,16,B2,1.0,38.946,38.946,1800.000,1800.000,1800.000,1800.000,0.816449,0.571250,0.199996,4.196117,0.092221,6.057235,101.104769,0.000000,0.736529912,0.623673796,1
pi4b8_fit_20260910_v3,pi4b8g,2,1,fit,true,68,13,2733,2026-09-10T13:12:41Z,172096648891220,lucid_revision,n16,16,B2,1.0,38.946,37.972,1800.000,1800.000,1800.000,1800.000,0.769247,0.569213,0.199941,4.205339,0.090961,6.016829,101.070677,0.000000,0.774993587,0.686033059,1
pi4b8_fit_20260910_v3,pi4b8g,2,1,fit,true,68,14,2734,2026-09-10T13:12:41Z,172096750303781,lucid_revision,n16,16,B2,1.0,37.972,36.998,1800.000,1800.000,1800.000,1800.000,0.765284,0.570972,0.196719,4.268393,0.092165,6.075068,101.065233,0.000000,0.641632965,0.551828472,1
pi4b8_fit_20260910_v3,pi4b8g,2,1,fit,true,68,15,2735,2026-09-10T13:12:41Z,172096851714138,lucid_revision,n16,16,B2,1.0,36.998,38.946,1800.000,1800.000,1800.000,1800.000,0.874560,0.581805,0.196516,4.226653,0.090869,6.152067,101.102121,0.000000,0.873924942,0.757053738,1
pi4b8_fit_20260910_v3,pi4b8g,2,1,fit,true,68,16,2736,2026-09-10T13:12:41Z,172096953156994,lucid_revision,n16,16,B2,1.0,38.946,38.459,1800.000,1800.000,1800.000,1800.000,0.763951,0.585120,0.196200,4.220154,0.091128,6.036032,101.054881,0.000000,0.697514600,0.650463928,1
pi4b8_fit_20260910_v3,pi4b8g,2,1,fit,true,68,17,2737,2026-09-10T13:12:41Z,172097054564055,lucid_revision,n16,16,B2,1.0,38.459,38.946,1800.000,1800.000,1800.000,1800.000,0.770506,0.574620,0.198590,4.227783,0.091072,6.095364,101.083954,0.000000,0.713525643,0.640632939,1
pi4b8_fit_20260910_v3,pi4b8g,2,1,fit,true,68,18,2738,2026-09-10T13:12:42Z,172097155984596,lucid_revision,n16,16,B2,1.0,38.946,38.459,1800.000,1800.000,1800.000,1800.000,0.789357,0.577416,0.199404,4.209858,0.091517,6.082624,101.083788,0.000000,0.530914973,0.501823602,1
pi4b8_fit_20260910_v3,pi4b8g,2,1,fit,true,68,19,2739,2026-09-10T13:12:42Z,172097257405490,lucid_revision,n16,16,B2,1.0,38.459,37.485,1800.000,1800.000,1800.000,1800.000,0.777451,0.579101,0.198071,4.231987,0.091832,6.057105,101.071843,0.000000,0.727308717,0.612254257,1
pi4b8_fit_20260910_v3,pi4b8g,2,1,fit,true,68,20,2740,2026-09-10T13:12:42Z,172097358847994,lucid_revision,n16,16,B2,1.0,37.485,38.459,1800.000,1800.000,1800.000,1800.000,0.776173,0.620768,0.198830,4.200840,0.088702,6.068198,100.914383,0.000000,0.567653967,0.467369564,1
pi4b8_fit_20260910_v3,pi4b8g,2,1,fit,true,68,21,2741,2026-09-10T13:12:42Z,172097460158889,lucid_revision,n16,16,B2,1.0,38.459,38.946,1800.000,1800.000,1800.000,1800.000,0.787654,0.573880,0.198997,4.232783,0.091869,6.065902,101.064177,0.000000,0.713947824,0.625479620,1
pi4b8_fit_20260910_v3,pi4b8g,2,1,fit,true,68,22,2742,2026-09-10T13:12:42Z,172097561566098,lucid_revision,n16,16,B2,1.0,38.946,37.972,1800.000,1800.000,1800.000,1800.000,0.762358,0.580768,0.198275,4.239006,0.090591,6.047865,101.087324,0.000000,0.781164418,0.696609118,1
pi4b8_fit_20260910_v3,pi4b8g,2,1,fit,true,68,23,2743,2026-09-10T13:12:42Z,172097662989361,lucid_revision,n16,16,B2,1.0,37.972,39.433,1800.000,1800.000,1800.000,1800.000,0.767358,0.620527,0.197645,4.224672,0.088961,6.081235,101.113751,0.000000,0.735240184,0.617258734,1
pi4b8_fit_20260910_v3,pi4b8g,2,1,fit,true,68,24,2744,2026-09-10T13:12:42Z,172097764440939,lucid_revision,n16,16,B2,1.0,39.433,38.459,1800.000,1800.000,1800.000,1800.000,0.775413,0.570213,0.195849,4.210062,0.090591,6.021514,101.064900,0.000000,0.659531514,0.577564774,1
pi4b8_fit_20260910_v3,pi4b8g,2,1,fit,true,68,25,2745,2026-09-10T13:12:42Z,172097865855037,lucid_revision,n16,16,B2,1.0,38.459,38.459,1800.000,1800.000,1800.000,1800.000,0.766839,0.576324,0.199830,4.281634,0.090906,6.097030,101.082454,0.000000,0.661549178,0.566884231,1
pi4b8_fit_20260910_v3,pi4b8g,2,1,fit,true,68,26,2746,2026-09-10T13:12:42Z,172097967272504,lucid_revision,n16,16,B2,1.0,38.459,37.485,1800.000,1800.000,1800.000,1800.000,0.808876,0.580361,0.196367,4.215450,0.090943,6.070828,101.101880,0.000000,0.758268048,0.662160822,1
pi4b8_fit_20260910_v3,pi4b8g,2,1,fit,true,68,27,2747,2026-09-10T13:12:42Z,172098068719916,lucid_revision,n16,16,B2,1.0,37.972,37.972,1800.000,1800.000,1800.000,1800.000,0.777025,0.575268,0.200108,4.217543,0.091517,6.041291,101.082009,0.000000,0.558043149,0.478810023,1
pi4b8_fit_20260910_v3,pi4b8g,2,1,fit,true,68,28,2748,2026-09-10T13:12:43Z,172098170139735,lucid_revision,n16,16,B2,1.0,37.972,38.946,1800.000,1800.000,1800.000,1800.000,0.768247,0.567009,0.197274,4.265356,0.090406,6.070809,101.077935,0.000000,0.704063827,0.629005155,1
pi4b8_fit_20260910_v3,pi4b8g,2,1,fit,true,68,29,2749,2026-09-10T13:12:43Z,172098271551998,lucid_revision,n16,16,B2,1.0,38.946,38.946,1800.000,1800.000,1800.000,1800.000,0.824265,0.579620,0.198053,4.227153,0.091776,6.098327,101.095806,0.000000,0.613229569,0.548975679,1
pi4b8_fit_20260910_v3,pi4b8g,2,1,fit,true,68,30,2750,2026-09-10T13:12:43Z,172098372995058,lucid_revision,n16,16,B2,1.0,38.946,38.459,1800.000,1800.000,1800.000,1800.000,0.772673,0.577472,0.196645,4.207339,0.092832,6.029235,100.904919,0.000000,0.692602495,0.593681820,1
pi4b8_fit_20260910_v3,pi4b8g,2,1,fit,true,68,31,2751,2026-09-10T13:12:43Z,172098474271046,lucid_revision,n16,16,B2,1.0,38.459,38.459,1800.000,1800.000,1800.000,1800.000,0.763062,0.583879,0.197367,4.267783,0.090869,6.084179,101.065046,0.000000,0.755737885,0.646224004,1
pi4b8_fit_20260910_v3,pi4b8g,2,1,fit,true,68,32,2752,2026-09-10T13:12:43Z,172098575677291,lucid_revision,n16,16,B2,1.0,38.459,37.972,1800.000,1800.000,1800.000,1800.000,0.822727,0.586806,0.197719,4.201468,0.091424,6.082012,101.106268,0.000000,0.744068956,0.645586305,1
pi4b8_fit_20260910_v3,pi4b8g,2,1,fit,true,68,33,2753,2026-09-10T13:12:43Z,172098677122665,lucid_revision,n16,16,B2,1.0,37.972,37.972,1800.000,1800.000,1800.000,1800.000,0.770728,0.581620,0.197552,4.224468,0.092851,6.047513,101.059862,0.000000,0.628794842,0.510991397,1
pi4b8_fit_20260910_v3,pi4b8g,2,1,fit,true,68,34,2754,2026-09-10T13:12:43Z,172098778524910,lucid_revision,n16,16,B2,1.0,37.972,38.459,1800.000,1800.000,1800.000,1800.000,0.765043,0.571213,0.247718,4.227024,0.090462,6.083494,101.066195,0.000000,0.642026772,0.551911458,1
pi4b8_fit_20260910_v3,pi4b8g,2,1,fit,true,68,35,2755,2026-09-10T13:12:43Z,172098879934210,lucid_revision,n16,16,B2,1.0,38.459,38.459,1800.000,1800.000,1800.000,1800.000,0.869782,0.582212,0.198645,4.207469,0.091610,6.131753,101.075251,0.000000,0.536842477,0.475880322,1
pi4b8_fit_20260910_v3,pi4b8g,2,1,fit,true,68,36,2756,2026-09-10T13:12:43Z,172098981381714,lucid_revision,n16,16,B2,1.0,38.459,38.459,1800.000,1800.000,1800.000,1800.000,0.771820,0.573398,0.197404,4.233765,0.091887,6.047847,101.072806,0.000000,0.794648636,0.694171573,1
pi4b8_fit_20260910_v3,pi4b8g,2,1,fit,true,68,37,2757,2026-09-10T13:12:43Z,172099082797200,lucid_revision,n16,16,B2,1.0,38.459,38.459,1800.000,1800.000,1800.000,1800.000,0.774525,0.623841,0.199589,4.219228,0.091147,6.090253,101.072528,0.000000,0.697132598,0.567676326,1
pi4b8_fit_20260910_v3,pi4b8g,2,1,fit,true,68,38,2758,2026-09-10T13:12:44Z,172099184240481,lucid_revision,n16,16,B2,1.0,38.459,37.972,1800.000,1800.000,1800.000,1800.000,0.790024,0.575342,0.199479,4.220525,0.090017,6.057476,101.087435,0.000000,0.650224278,0.541042595,1
pi4b8_fit_20260910_v3,pi4b8g,2,1,fit,true,68,39,2759,2026-09-10T13:12:44Z,172099285663614,lucid_revision,n16,16,B2,1.0,37.972,37.972,1800.000,1800.000,1800.000,1800.000,0.763858,0.578732,0.196553,4.234561,0.090314,6.041921,101.071880,0.000000,0.728727188,0.647329631,1
pi4b8_fit_20260910_v3,pi4b8g,2,1,fit,true,69,0,2760,2026-09-10T13:12:44Z,172100018041703,fisvdd_revision,n64,64,B1,0.5,38.459,38.946,1800.000,1800.000,1800.000,1800.000,0.966818,1.988764,0.254515,1.421533,0.083443,4.947160,101.060509,0.000000,0.647826357,0.499495940,1
pi4b8_fit_20260910_v3,pi4b8g,2,1,fit,true,69,1,2761,2026-09-10T13:12:45Z,172100119487150,fisvdd_revision,n64,64,B1,0.5,38.946,37.972,1800.000,1800.000,1800.000,1800.000,0.845653,1.853340,0.248848,1.462569,0.082165,4.721498,101.083620,0.000000,0.723544242,0.497666159,1
pi4b8_fit_20260910_v3,pi4b8g,2,1,fit,true,69,2,2762,2026-09-10T13:12:45Z,172100220952042,fisvdd_revision,n64,64,B1,0.5,37.972,39.433,1800.000,1800.000,1800.000,1800.000,0.788136,1.865358,0.301995,1.424699,0.082091,4.690442,101.049676,0.000000,0.673144348,0.499529265,1
pi4b8_fit_20260910_v3,pi4b8g,2,1,fit,true,69,3,2763,2026-09-10T13:12:45Z,172100322380656,fisvdd_revision,n64,64,B1,0.5,39.433,38.946,1800.000,1800.000,1800.000,1800.000,0.783802,1.917691,0.254348,1.414422,0.081665,4.684850,100.896845,0.000000,0.655408727,0.496634617,1
pi4b8_fit_20260910_v3,pi4b8g,2,1,fit,true,69,4,2764,2026-09-10T13:12:45Z,172100423691198,fisvdd_revision,n64,64,B1,0.5,38.946,38.459,1800.000,1800.000,1800.000,1800.000,0.851227,1.878451,0.258348,1.476569,0.084555,4.784571,101.071602,0.000000,0.639148960,0.502945566,1
pi4b8_fit_20260910_v3,pi4b8g,2,1,fit,true,69,5,2765,2026-09-10T13:12:45Z,172100525149127,fisvdd_revision,n64,64,B1,0.5,38.459,37.972,1800.000,1800.000,1800.000,1800.000,0.785636,1.840619,0.305347,1.420996,0.081869,4.662554,101.059694,0.000000,0.685563334,0.501848877,1
pi4b8_fit_20260910_v3,pi4b8g,2,1,fit,true,69,6,2766,2026-09-10T13:12:45Z,172100626603074,fisvdd_revision,n64,64,B1,0.5,37.972,39.433,1800.000,1800.000,1800.000,1800.000,0.781024,1.899821,0.257089,1.420569,0.080832,4.671610,101.055047,0.000000,0.708260765,0.504102570,1
pi4b8_fit_20260910_v3,pi4b8g,2,1,fit,true,69,7,2767,2026-09-10T13:12:45Z,172100728076262,fisvdd_revision,n64,64,B1,0.5,39.433,38.946,1800.000,1800.000,1800.000,1800.000,0.795265,1.838341,0.253996,1.478698,0.082795,4.678795,101.054528,0.000000,0.710485177,0.499953037,1
pi4b8_fit_20260910_v3,pi4b8g,2,1,fit,true,69,8,2768,2026-09-10T13:12:45Z,172100829510265,fisvdd_revision,n64,64,B1,0.5,38.946,38.459,1800.000,1800.000,1800.000,1800.000,0.783803,1.973357,0.253959,1.426995,0.081499,4.762219,101.065324,0.000000,0.647570985,0.500806796,1
pi4b8_fit_20260910_v3,pi4b8g,2,1,fit,true,69,9,2769,2026-09-10T13:12:45Z,172100930966342,fisvdd_revision,n64,64,B1,0.5,38.459,37.972,1800.000,1800.000,1800.000,1800.000,0.778450,1.911580,0.256811,1.417977,0.084517,4.683350,101.069120,0.000000,0.780061595,0.498723737,1
pi4b8_fit_20260910_v3,pi4b8g,2,1,fit,true,69,10,2770,2026-09-10T13:12:45Z,172101032427308,fisvdd_revision,n64,64,B1,0.5,37.972,37.485,1800.000,1800.000,1800.000,1800.000,0.797079,1.866710,0.257070,1.467198,0.082165,4.706886,101.056194,0.000000,0.695377129,0.498421093,1
pi4b8_fit_20260910_v3,pi4b8g,2,1,fit,true,69,11,2771,2026-09-10T13:12:46Z,172101133903347,fisvdd_revision,n64,64,B1,0.5,37.485,37.972,1800.000,1800.000,1800.000,1800.000,0.811635,1.918728,0.253736,1.416755,0.082666,4.719961,101.048991,0.000000,0.768710750,0.497061180,1
pi4b8_fit_20260910_v3,pi4b8g,2,1,fit,true,69,12,2772,2026-09-10T13:12:46Z,172101235328702,fisvdd_revision,n64,64,B1,0.5,37.972,37.972,1800.000,1800.000,1800.000,1800.000,0.826320,1.842989,0.255996,1.422366,0.082147,4.660147,101.080693,0.000000,0.641553720,0.500406793,1
pi4b8_fit_20260910_v3,pi4b8g,2,1,fit,true,69,13,2773,2026-09-10T13:12:46Z,172101336791093,fisvdd_revision,n64,64,B1,0.5,37.972,37.972,1800.000,1800.000,1800.000,1800.000,0.790210,1.864951,0.253384,1.466791,0.081481,4.684868,100.920715,0.000000,0.680964895,0.498622400,1
pi4b8_fit_20260910_v3,pi4b8g,2,1,fit,true,69,14,2774,2026-09-10T13:12:46Z,172101438127097,fisvdd_revision,n64,64,B1,0.5,37.972,37.972,1800.000,1800.000,1800.000,1800.000,0.787191,1.920117,0.254236,1.423385,0.083239,4.700406,101.051991,0.000000,0.723603868,0.501428396,1
pi4b8_fit_20260910_v3,pi4b8g,2,1,fit,true,69,15,2775,2026-09-10T13:12:46Z,172101539567007,fisvdd_revision,n64,64,B1,0.5,37.972,37.972,1800.000,1800.000,1800.000,1800.000,0.846449,1.844914,0.254885,1.457199,0.081128,4.715183,101.074879,0.000000,0.741845333,0.498746504,1
pi4b8_fit_20260910_v3,pi4b8g,2,1,fit,true,69,16,2776,2026-09-10T13:12:46Z,172101641023102,fisvdd_revision,n64,64,B1,0.5,37.972,38.946,1800.000,1800.000,1800.000,1800.000,0.795191,1.852415,0.294236,1.428921,0.083443,4.683443,101.055991,0.000000,0.649113506,0.501198156,1
pi4b8_fit_20260910_v3,pi4b8g,2,1,fit,true,69,17,2777,2026-09-10T13:12:46Z,172101742460179,fisvdd_revision,n64,64,B1,0.5,38.946,37.972,1800.000,1800.000,1800.000,1800.000,0.787209,1.911357,0.253496,1.417348,0.080072,4.677220,101.054583,0.000000,0.699263271,0.499211814,1
pi4b8_fit_20260910_v3,pi4b8g,2,1,fit,true,69,18,2778,2026-09-10T13:12:46Z,172101843902052,fisvdd_revision,n64,64,B1,0.5,37.972,37.972,1800.000,1800.000,1800.000,1800.000,0.896837,1.860507,0.255311,1.463180,0.083202,4.791830,101.070712,0.000000,0.670353956,0.498980327,1
pi4b8_fit_20260910_v3,pi4b8g,2,1,fit,true,69,19,2779,2026-09-10T13:12:46Z,172101945363165,fisvdd_revision,n64,64,B1,0.5,37.972,38.459,1800.000,1800.000,1800.000,1800.000,0.789673,1.869581,0.252347,1.417792,0.081961,4.643999,101.093268,0.000000,0.634036098,0.499695814,1
pi4b8_fit_20260910_v3,pi4b8g,2,1,fit,true,69,20,2780,2026-09-10T13:12:46Z,172102046882722,fisvdd_revision,n64,64,B1,0.5,38.459,37.972,1800.000,1800.000,1800.000,1800.000,0.796950,1.927654,0.251200,1.423347,0.084258,4.716331,101.062657,0.000000,0.653014242,0.502539678,1
pi4b8_fit_20260910_v3,pi4b8g,2,1,fit,true,69,21,2781,2026-09-10T13:12:47Z,172102148368409,fisvdd_revision,n64,64,B1,0.5,37.972,37.485,1800.000,1800.000,1800.000,1800.000,0.809209,1.855840,0.257829,1.457680,0.081277,4.692554,101.053009,0.000000,0.669148751,0.499438749,1
pi4b8_fit_20260910_v3,pi4b8g,2,1,fit,true,69,22,2782,2026-09-10T13:12:47Z,172102249801319,fisvdd_revision,n64,64,B1,0.5,37.485,38.459,1800.000,1800.000,1800.000,1800.000,0.784839,1.917987,0.254681,1.420051,0.080665,4.691035,101.064675,0.000000,0.656798707,0.499221743,1
pi4b8_fit_20260910_v3,pi4b8g,2,1,fit,true,69,23,2783,2026-09-10T13:12:47Z,172102351244266,fisvdd_revision,n64,64,B1,0.5,38.459,37.485,1800.000,1800.000,1800.000,1800.000,0.836190,1.871914,0.252959,1.413088,0.082313,4.688516,100.947936,0.000000,0.653997008,0.500507312,1
pi4b8_fit_20260910_v3,pi4b8g,2,1,fit,true,69,24,2784,2026-09-10T13:12:47Z,172102452606751,fisvdd_revision,n64,64,B1,0.5,37.485,37.485,1800.000,1800.000,1800.000,1800.000,0.801783,1.850581,0.255663,1.480309,0.083814,4.704849,101.049268,0.000000,0.744116194,0.499938849,1
pi4b8_fit_20260910_v3,pi4b8g,2,1,fit,true,69,25,2785,2026-09-10T13:12:47Z,172102554041698,fisvdd_revision,n64,64,B1,0.5,37.485,37.972,1800.000,1800.000,1800.000,1800.000,0.789635,1.917469,0.254922,1.421329,0.080351,4.693683,101.057508,0.000000,0.717854247,0.499181245,1
pi4b8_fit_20260910_v3,pi4b8g,2,1,fit,true,69,26,2786,2026-09-10T13:12:47Z,172102655516903,fisvdd_revision,n64,64,B1,0.5,37.972,37.485,1800.000,1800.000,1800.000,1800.000,0.845950,1.866822,0.252755,1.463087,0.082944,4.746034,101.075971,0.000000,0.723894055,0.497257582,1
pi4b8_fit_20260910_v3,pi4b8g,2,1,fit,true,69,27,2787,2026-09-10T13:12:47Z,172102756975961,fisvdd_revision,n64,64,B1,0.5,37.485,37.972,1800.000,1800.000,1800.000,1800.000,0.789599,1.835915,0.293939,1.424625,0.082369,4.655739,101.051471,0.000000,0.745637402,0.499430443,1
pi4b8_fit_20260910_v3,pi4b8g,2,1,fit,true,69,28,2788,2026-09-10T13:12:47Z,172102858404222,fisvdd_revision,n64,64,B1,0.5,37.972,37.485,1800.000,1800.000,1800.000,1800.000,0.779784,1.965043,0.251829,1.420736,0.081055,4.732405,101.063064,0.000000,0.591566015,0.501292228,1
pi4b8_fit_20260910_v3,pi4b8g,2,1,fit,true,69,29,2789,2026-09-10T13:12:47Z,172102959854502,fisvdd_revision,n64,64,B1,0.5,37.485,37.972,1800.000,1800.000,1800.000,1800.000,0.835616,1.859821,0.250552,1.460495,0.081665,4.720812,101.066212,0.000000,0.641162955,0.496815047,1
pi4b8_fit_20260910_v3,pi4b8g,2,1,fit,true,69,30,2790,2026-09-10T13:12:47Z,172103061298041,fisvdd_revision,n64,64,B1,0.5,37.972,38.946,1800.000,1800.000,1800.000,1800.000,0.788820,1.859803,0.251310,1.423514,0.081332,4.668443,101.047861,0.000000,0.761439608,0.499277437,1
pi4b8_fit_20260910_v3,pi4b8g,2,1,fit,true,69,31,2791,2026-09-10T13:12:48Z,172103162725340,fisvdd_revision,n64,64,B1,0.5,38.946,37.972,1800.000,1800.000,1800.000,1800.000,0.790783,1.910136,0.249681,1.417255,0.081629,4.679665,101.054675,0.000000,0.693853219,0.501832425,1
pi4b8_fit_20260910_v3,pi4b8g,2,1,fit,true,69,32,2792,2026-09-10T13:12:48Z,172103264188749,fisvdd_revision,n64,64,B1,0.5,37.972,37.972,1800.000,1800.000,1800.000,1800.000,0.806598,1.858767,0.250329,1.462754,0.082665,4.688701,101.051434,0.000000,0.546273057,0.502242999,1
pi4b8_fit_20260910_v3,pi4b8g,2,1,fit,true,69,33,2793,2026-09-10T13:12:48Z,172103365615714,fisvdd_revision,n64,64,B1,0.5,37.972,38.946,1800.000,1800.000,1800.000,1800.000,0.785636,1.920506,0.259218,1.416754,0.081388,4.694590,100.931214,0.000000,0.725027474,0.501609470,1
pi4b8_fit_20260910_v3,pi4b8g,2,1,fit,true,69,34,2794,2026-09-10T13:12:48Z,172103466961865,fisvdd_revision,n64,64,B1,0.5,38.946,38.459,1800.000,1800.000,1800.000,1800.000,0.786469,1.921043,0.256200,1.419681,0.082517,4.696276,101.079119,0.000000,0.700131764,0.500939862,1
pi4b8_fit_20260910_v3,pi4b8g,2,1,fit,true,69,35,2795,2026-09-10T13:12:48Z,172103568424996,fisvdd_revision,n64,64,B1,0.5,37.485,37.485,1800.000,1800.000,1800.000,1800.000,0.810264,1.857599,0.249663,1.462458,0.080980,4.690591,101.053953,0.000000,0.676196086,0.499398847,1
pi4b8_fit_20260910_v3,pi4b8g,2,1,fit,true,69,36,2796,2026-09-10T13:12:48Z,172103669857591,fisvdd_revision,n64,64,B1,0.5,37.485,37.485,1800.000,1800.000,1800.000,1800.000,0.791469,1.916543,0.255662,1.420958,0.082350,4.696942,101.053767,0.000000,0.685576499,0.499834858,1
pi4b8_fit_20260910_v3,pi4b8g,2,1,fit,true,69,37,2797,2026-09-10T13:12:48Z,172103771294148,fisvdd_revision,n64,64,B1,0.5,37.485,37.972,1800.000,1800.000,1800.000,1800.000,0.833523,1.859174,0.255070,1.416069,0.081054,4.674221,101.136785,0.000000,0.725002323,0.496160924,1
pi4b8_fit_20260910_v3,pi4b8g,2,1,fit,true,69,38,2798,2026-09-10T13:12:48Z,172103872816149,fisvdd_revision,n64,64,B1,0.5,37.972,38.459,1800.000,1800.000,1800.000,1800.000,0.798728,1.858062,0.255940,1.471142,0.083554,4.696868,101.048416,0.000000,0.696594814,0.502976643,1
pi4b8_fit_20260910_v3,pi4b8g,2,1,fit,true,69,39,2799,2026-09-10T13:12:48Z,172103974249725,fisvdd_revision,n64,64,B1,0.5,38.459,38.459,1800.000,1800.000,1800.000,1800.000,0.783561,1.928283,0.250107,1.416699,0.083239,4.689294,101.058878,0.000000,0.677173738,0.499026551,1
pi4b8_fit_20260910_v3,pi4b8g,2,1,fit,true,70,0,2800,2026-09-10T13:12:49Z,172104662431165,fisvdd_revision,n1024,1024,B0,0.0,38.459,37.485,1800.000,1800.000,1800.000,1800.000,0.997688,27.898399,0.774302,19.125690,0.101794,50.681474,101.100711,0.000000,0.682340689,0.500044611,1
pi4b8_fit_20260910_v3,pi4b8g,2,1,fit,true,70,1,2801,2026-09-10T13:12:49Z,172104764617451,fisvdd_revision,n1024,1024,B0,0.0,37.485,38.459,1800.000,1800.000,1800.000,1800.000,1.005428,27.843992,0.760802,19.124337,0.103813,50.591160,101.102007,0.000000,0.687323720,0.500243811,1
pi4b8_fit_20260910_v3,pi4b8g,2,1,fit,true,70,2,2802,2026-09-10T13:12:49Z,172104866688053,fisvdd_revision,n1024,1024,B0,0.0,37.972,38.459,1800.000,1800.000,1800.000,1800.000,0.893541,27.682217,0.755488,19.130856,0.102146,50.361016,101.090526,0.000000,0.681336250,0.499865816,1
pi4b8_fit_20260910_v3,pi4b8g,2,1,fit,true,70,3,2803,2026-09-10T13:12:49Z,172104968784618,fisvdd_revision,n1024,1024,B0,0.0,38.459,37.485,1800.000,1800.000,1800.000,1800.000,0.915745,27.551256,0.756172,19.146763,0.102331,50.218926,101.079637,0.000000,0.684635891,0.499892995,1
pi4b8_fit_20260910_v3,pi4b8g,2,1,fit,true,70,4,2804,2026-09-10T13:12:49Z,172105070827962,fisvdd_revision,n1024,1024,B0,0.0,37.485,37.485,1800.000,1800.000,1800.000,1800.000,0.887727,27.791104,0.757525,19.139819,0.102332,50.478347,101.104099,0.000000,0.687597629,0.499655027,1
pi4b8_fit_20260910_v3,pi4b8g,2,1,fit,true,70,5,2805,2026-09-10T13:12:50Z,172105172920693,fisvdd_revision,n1024,1024,B0,0.0,37.485,37.485,1800.000,1800.000,1800.000,1800.000,0.907856,27.704624,0.750210,19.111930,0.102590,50.363608,101.094637,0.000000,0.687184586,0.500139082,1
pi4b8_fit_20260910_v3,pi4b8g,2,1,fit,true,70,6,2806,2026-09-10T13:12:50Z,172105274955555,fisvdd_revision,n1024,1024,B0,0.0,37.485,37.485,1800.000,1800.000,1800.000,1800.000,0.884467,27.716309,0.749506,19.126560,0.101276,50.401496,101.135654,0.000000,0.679750772,0.499713241,1
pi4b8_fit_20260910_v3,pi4b8g,2,1,fit,true,70,7,2807,2026-09-10T13:12:50Z,172105377040953,fisvdd_revision,n1024,1024,B0,0.0,37.485,38.946,1800.000,1800.000,1800.000,1800.000,0.905652,27.535109,0.746821,19.148467,0.100572,50.214277,101.084211,0.000000,0.684041695,0.500043015,1
pi4b8_fit_20260910_v3,pi4b8g,2,1,fit,true,70,8,2808,2026-09-10T13:12:50Z,172105479109074,fisvdd_revision,n1024,1024,B0,0.0,38.946,38.946,1800.000,1800.000,1800.000,1800.000,0.950781,27.606718,0.749932,19.134579,0.101887,50.380589,101.118395,0.000000,0.682903590,0.500023121,1
pi4b8_fit_20260910_v3,pi4b8g,2,1,fit,true,70,9,2809,2026-09-10T13:12:50Z,172105581191638,fisvdd_revision,n1024,1024,B0,0.0,38.946,37.485,1800.000,1800.000,1800.000,1800.000,0.898911,27.732643,0.797543,19.066728,0.103109,50.379830,101.097840,0.000000,0.687160182,0.499672842,1
pi4b8_fit_20260910_v3,pi4b8g,2,1,fit,true,70,10,2810,2026-09-10T13:12:50Z,172105683249611,fisvdd_revision,n1024,1024,B0,0.0,37.485,37.972,1800.000,1800.000,1800.000,1800.000,0.951929,27.948527,0.753265,19.089727,0.102980,50.607345,101.149339,0.000000,0.689978027,0.499753121,1
pi4b8_fit_20260910_v3,pi4b8g,2,1,fit,true,70,11,2811,2026-09-10T13:12:50Z,172105785346231,fisvdd_revision,n1024,1024,B0,0.0,37.972,38.459,1800.000,1800.000,1800.000,1800.000,0.899615,27.855585,0.805227,19.144282,0.101536,50.593215,101.201542,0.000000,0.683907742,0.500576696,1
pi4b8_fit_20260910_v3,pi4b8g,2,1,fit,true,70,12,2812,2026-09-10T13:12:50Z,172105887591830,fisvdd_revision,n1024,1024,B0,0.0,38.459,37.972,1800.000,1800.000,1800.000,1800.000,1.096482,29.295135,0.811709,19.153708,0.100702,52.118728,101.111580,0.000000,0.683756906,0.499572062,1
pi4b8_fit_20260910_v3,pi4b8g,2,1,fit,true,70,13,2813,2026-09-10T13:12:50Z,172105989700413,fisvdd_revision,n1024,1024,B0,0.0,37.972,37.972,1800.000,1800.000,1800.000,1800.000,0.889986,27.720716,0.758469,19.083727,0.153776,50.407811,101.097118,0.000000,0.674935587,0.500050528,1
pi4b8_fit_20260910_v3,pi4b8g,2,1,fit,true,70,14,2814,2026-09-10T13:12:50Z,172106091763848,fisvdd_revision,n1024,1024,B0,0.0,37.972,38.946,1800.000,1800.000,1800.000,1800.000,0.953540,27.747661,0.744840,19.142170,0.102776,50.476014,101.117932,0.000000,0.686469456,0.499711470,1
pi4b8_fit_20260910_v3,pi4b8g,2,1,fit,true,70,15,2815,2026-09-10T13:12:51Z,172106193837968,fisvdd_revision,n1024,1024,B0,0.0,38.946,37.485,1800.000,1800.000,1800.000,1800.000,0.894189,27.911621,0.746710,19.123060,0.101721,50.606086,101.079266,0.000000,0.690884019,0.499841300,1
pi4b8_fit_20260910_v3,pi4b8g,2,1,fit,true,70,16,2816,2026-09-10T13:12:51Z,172106295914625,fisvdd_revision,n1024,1024,B0,0.0,37.972,36.511,1800.000,1800.000,1800.000,1800.000,0.969744,27.664495,0.752006,19.122708,0.102776,50.382664,101.108784,0.000000,0.684264861,0.499500859,1
pi4b8_fit_20260910_v3,pi4b8g,2,1,fit,true,70,17,2817,2026-09-10T13:12:51Z,172106397961653,fisvdd_revision,n1024,1024,B0,0.0,36.511,37.485,1800.000,1800.000,1800.000,1800.000,0.893097,28.472186,0.750562,19.140782,0.101017,51.507590,101.081785,0.000000,0.685644209,0.500717691,1
pi4b8_fit_20260910_v3,pi4b8g,2,1,fit,true,70,18,2818,2026-09-10T13:12:51Z,172106500053903,fisvdd_revision,n1024,1024,B0,0.0,37.485,36.998,1800.000,1800.000,1800.000,1800.000,0.911819,27.639125,0.751525,19.128819,0.100628,50.304960,101.099006,0.000000,0.685356305,0.499875419,1
pi4b8_fit_20260910_v3,pi4b8g,2,1,fit,true,70,19,2819,2026-09-10T13:12:51Z,172106602108060,fisvdd_revision,n1024,1024,B0,0.0,36.998,37.485,1800.000,1800.000,1800.000,1800.000,0.886893,27.816234,0.748525,19.109912,0.101498,50.483884,101.097821,0.000000,0.676957972,0.500003273,1
pi4b8_fit_20260910_v3,pi4b8g,2,1,fit,true,70,20,2820,2026-09-10T13:12:51Z,172106704235068,fisvdd_revision,n1024,1024,B0,0.0,37.485,36.998,1800.000,1800.000,1800.000,1800.000,0.900393,27.725809,0.745913,19.132060,0.100961,50.388904,101.085525,0.000000,0.681569988,0.499493462,1
pi4b8_fit_20260910_v3,pi4b8g,2,1,fit,true,70,21,2821,2026-09-10T13:12:51Z,172106806270355,fisvdd_revision,n1024,1024,B0,0.0,36.998,36.998,1800.000,1800.000,1800.000,1800.000,0.893430,27.873029,0.752043,19.131282,0.102035,50.591920,101.094933,0.000000,0.695272333,0.499880947,1
pi4b8_fit_20260910_v3,pi4b8g,2,1,fit,true,70,22,2822,2026-09-10T13:12:51Z,172106908367790,fisvdd_revision,n1024,1024,B0,0.0,36.998,37.485,1800.000,1800.000,1800.000,1800.000,0.902059,27.801826,0.747655,19.148819,0.102998,50.470069,101.081284,0.000000,0.675150549,0.499803981,1
pi4b8_fit_20260910_v3,pi4b8g,2,1,fit,true,70,23,2823,2026-09-10T13:12:51Z,172107010413818,fisvdd_revision,n1024,1024,B0,0.0,37.485,38.459,1800.000,1800.000,1800.000,1800.000,0.895967,27.662032,0.744618,19.125375,0.102313,50.356312,101.075469,0.000000,0.691010309,0.500295192,1
pi4b8_fit_20260910_v3,pi4b8g,2,1,fit,true,70,24,2824,2026-09-10T13:12:52Z,172107112487401,fisvdd_revision,n1024,1024,B0,0.0,38.459,36.511,1800.000,1800.000,1800.000,1800.000,0.897541,27.613514,0.752414,19.157041,0.102443,50.308275,101.100746,0.000000,0.690865531,0.500049164,1
pi4b8_fit_20260910_v3,pi4b8g,2,1,fit,true,70,25,2825,2026-09-10T13:12:52Z,172107214540465,fisvdd_revision,n1024,1024,B0,0.0,36.511,37.485,1800.000,1800.000,1800.000,1800.000,0.893930,27.763605,0.750876,19.117337,0.101943,50.444347,101.092451,0.000000,0.671199238,0.500093079,1
pi4b8_fit_20260910_v3,pi4b8g,2,1,fit,true,70,26,2826,2026-09-10T13:12:52Z,172107316624566,fisvdd_revision,n1024,1024,B0,0.0,37.485,38.459,1800.000,1800.000,1800.000,1800.000,0.908578,27.696661,0.747377,19.136707,0.101517,50.372219,101.096025,0.000000,0.685698488,0.499130343,1
pi4b8_fit_20260910_v3,pi4b8g,2,1,fit,true,70,27,2827,2026-09-10T13:12:52Z,172107418666409,fisvdd_revision,n1024,1024,B0,0.0,37.485,37.485,1800.000,1800.000,1800.000,1800.000,0.895633,28.695645,0.754932,19.153560,0.102295,51.681716,101.082506,0.000000,0.690929544,0.500012706,1
pi4b8_fit_20260910_v3,pi4b8g,2,1,fit,true,70,28,2828,2026-09-10T13:12:52Z,172107520753454,fisvdd_revision,n1024,1024,B0,0.0,37.485,37.972,1800.000,1800.000,1800.000,1800.000,0.913763,27.629884,0.750544,19.112986,0.103480,50.283998,101.098728,0.000000,0.679829614,0.500012854,1
pi4b8_fit_20260910_v3,pi4b8g,2,1,fit,true,70,29,2829,2026-09-10T13:12:52Z,172107622785019,fisvdd_revision,n1024,1024,B0,0.0,37.972,38.459,1800.000,1800.000,1800.000,1800.000,0.892097,27.802567,0.746896,19.115004,0.103739,50.497383,101.089302,0.000000,0.693474728,0.500078856,1
pi4b8_fit_20260910_v3,pi4b8g,2,1,fit,true,70,30,2830,2026-09-10T13:12:52Z,172107724885434,fisvdd_revision,n1024,1024,B0,0.0,38.459,36.998,1800.000,1800.000,1800.000,1800.000,0.913670,27.776623,0.797357,19.101986,0.101739,50.482088,101.086210,0.000000,0.682542830,0.500168991,1
pi4b8_fit_20260910_v3,pi4b8g,2,1,fit,true,70,31,2831,2026-09-10T13:12:52Z,172107826957961,fisvdd_revision,n1024,1024,B0,0.0,36.998,37.485,1800.000,1800.000,1800.000,1800.000,0.899634,27.888418,0.750507,19.118227,0.099961,50.588419,101.136506,0.000000,0.674637387,0.500113570,1
pi4b8_fit_20260910_v3,pi4b8g,2,1,fit,true,70,32,2832,2026-09-10T13:12:52Z,172107929056099,fisvdd_revision,n1024,1024,B0,0.0,37.485,37.972,1800.000,1800.000,1800.000,1800.000,0.889819,27.910417,0.794728,19.066969,0.102369,50.552123,101.102061,0.000000,0.680334581,0.499303968,1
pi4b8_fit_20260910_v3,pi4b8g,2,1,fit,true,70,33,2833,2026-09-10T13:12:52Z,172108031165440,fisvdd_revision,n1024,1024,B0,0.0,37.972,38.459,1800.000,1800.000,1800.000,1800.000,0.942633,27.778234,0.753229,19.107394,0.102442,50.516254,101.139746,0.000000,0.691608611,0.499854817,1
pi4b8_fit_20260910_v3,pi4b8g,2,1,fit,true,70,34,2834,2026-09-10T13:12:53Z,172108133270115,fisvdd_revision,n1024,1024,B0,0.0,38.459,37.972,1800.000,1800.000,1800.000,1800.000,0.899819,27.819937,0.794543,19.099949,0.102480,50.503994,101.091506,0.000000,0.688279354,0.499940387,1
pi4b8_fit_20260910_v3,pi4b8g,2,1,fit,true,70,35,2835,2026-09-10T13:12:53Z,172108235301383,fisvdd_revision,n1024,1024,B0,0.0,37.972,37.972,1800.000,1800.000,1800.000,1800.000,0.957892,27.808882,0.751432,19.084893,0.101166,50.479698,101.139375,0.000000,0.685518354,0.500029528,1
pi4b8_fit_20260910_v3,pi4b8g,2,1,fit,true,70,36,2836,2026-09-10T13:12:53Z,172108337388947,fisvdd_revision,n1024,1024,B0,0.0,37.972,37.972,1800.000,1800.000,1800.000,1800.000,0.901282,27.678273,0.795024,19.072171,0.104888,50.329978,101.101338,0.000000,0.686412596,0.500282007,1
pi4b8_fit_20260910_v3,pi4b8g,2,1,fit,true,70,37,2837,2026-09-10T13:12:53Z,172108439428178,fisvdd_revision,n1024,1024,B0,0.0,37.972,37.972,1800.000,1800.000,1800.000,1800.000,0.965113,28.377205,0.834116,19.153800,0.103813,51.450534,101.129690,0.000000,0.675110661,0.500077246,1
pi4b8_fit_20260910_v3,pi4b8g,2,1,fit,true,70,38,2838,2026-09-10T13:12:53Z,172108541529982,fisvdd_revision,n1024,1024,B0,0.0,37.972,37.972,1800.000,1800.000,1800.000,1800.000,0.899281,27.707827,0.828208,19.090838,0.101609,50.413069,101.101042,0.000000,0.684989560,0.499615137,1
pi4b8_fit_20260910_v3,pi4b8g,2,1,fit,true,70,39,2839,2026-09-10T13:12:53Z,172108643573231,fisvdd_revision,n1024,1024,B0,0.0,37.972,37.972,1800.000,1800.000,1800.000,1800.000,0.972132,28.120210,0.754858,19.129911,0.103535,50.836655,101.128023,0.000000,0.683368001,0.499661161,1
pi4b8_fit_20260910_v3,pi4b8g,2,1,fit,true,71,0,2840,2026-09-10T13:12:54Z,172109249699642,oi_svdd_as_elm_revision,n512,512,B0,0.0,37.485,37.972,1800.000,1800.000,1800.000,1800.000,0.942078,14.078994,0.555898,32.818207,0.092869,49.425752,101.299983,0.000000,0.701884837,0.634370192,1
pi4b8_fit_20260910_v3,pi4b8g,2,1,fit,true,71,1,2841,2026-09-10T13:12:54Z,172109351768890,oi_svdd_as_elm_revision,n512,512,B0,0.0,37.972,36.998,1800.000,1800.000,1800.000,1800.000,1.075019,14.969590,0.611453,33.232034,0.091610,51.056819,101.182263,0.000000,0.677735026,0.623712505,1
pi4b8_fit_20260910_v3,pi4b8g,2,1,fit,true,71,2,2842,2026-09-10T13:12:54Z,172109453645846,oi_svdd_as_elm_revision,n512,512,B0,0.0,36.998,37.485,1800.000,1800.000,1800.000,1800.000,0.855486,14.388932,0.554251,33.044333,0.091925,49.940651,101.555646,0.000000,0.691666446,0.670203924,1
pi4b8_fit_20260910_v3,pi4b8g,2,1,fit,true,71,3,2843,2026-09-10T13:12:54Z,172109556165180,oi_svdd_as_elm_revision,n512,512,B0,0.0,37.485,38.946,1800.000,1800.000,1800.000,1800.000,1.304127,15.756892,0.588213,33.503233,0.106739,52.474813,101.121504,0.000000,0.673457037,0.620959754,1
pi4b8_fit_20260910_v3,pi4b8g,2,1,fit,true,71,4,2844,2026-09-10T13:12:54Z,172109657999488,oi_svdd_as_elm_revision,n512,512,B0,0.0,38.946,38.459,1800.000,1800.000,1800.000,1800.000,0.850430,14.202436,0.560361,32.892521,0.094980,49.540509,101.097986,0.000000,0.709907651,0.662565086,1
pi4b8_fit_20260910_v3,pi4b8g,2,1,fit,true,71,5,2845,2026-09-10T13:12:54Z,172109759810426,oi_svdd_as_elm_revision,n512,512,B0,0.0,38.459,37.485,1800.000,1800.000,1800.000,1800.000,0.929967,14.121475,0.608971,32.859707,0.091239,49.545898,101.102523,0.000000,0.670186090,0.635360181,1
pi4b8_fit_20260910_v3,pi4b8g,2,1,fit,true,71,6,2846,2026-09-10T13:12:54Z,172109861585734,oi_svdd_as_elm_revision,n512,512,B0,0.0,37.485,37.972,1800.000,1800.000,1800.000,1800.000,0.844542,14.161640,0.556176,32.780338,0.091406,49.381716,101.098006,0.000000,0.672627170,0.625355858,1
pi4b8_fit_20260910_v3,pi4b8g,2,1,fit,true,71,7,2847,2026-09-10T13:12:54Z,172109963371117,oi_svdd_as_elm_revision,n512,512,B0,0.0,37.972,37.972,1800.000,1800.000,1800.000,1800.000,1.001280,14.154325,0.562084,32.879225,0.093888,49.632527,101.144838,0.000000,0.687502860,0.626339297,1
pi4b8_fit_20260910_v3,pi4b8g,2,1,fit,true,71,8,2848,2026-09-10T13:12:54Z,172110065188722,oi_svdd_as_elm_revision,n512,512,B0,0.0,37.972,37.972,1800.000,1800.000,1800.000,1800.000,0.845782,14.284156,0.554954,32.800467,0.093332,49.520547,101.090542,0.000000,0.680570129,0.628263639,1
pi4b8_fit_20260910_v3,pi4b8g,2,1,fit,true,71,9,2849,2026-09-10T13:12:55Z,172110166953716,oi_svdd_as_elm_revision,n512,512,B0,0.0,37.972,37.485,1800.000,1800.000,1800.000,1800.000,0.847283,14.159493,0.558362,32.841873,0.093036,49.427956,101.133523,0.000000,0.687455486,0.644025785,1
pi4b8_fit_20260910_v3,pi4b8g,2,1,fit,true,71,10,2850,2026-09-10T13:12:55Z,172110268764524,oi_svdd_as_elm_revision,n512,512,B0,0.0,37.485,38.459,1800.000,1800.000,1800.000,1800.000,0.857672,14.147548,0.552806,32.798559,0.093332,49.449974,101.096394,0.000000,0.700054059,0.668219633,1
pi4b8_fit_20260910_v3,pi4b8g,2,1,fit,true,71,11,2851,2026-09-10T13:12:55Z,172110370522888,oi_svdd_as_elm_revision,n512,512,B0,0.0,38.459,36.998,1800.000,1800.000,1800.000,1800.000,0.844208,14.189307,0.562065,32.804411,0.092980,49.421438,101.098653,0.000000,0.674914901,0.621623127,1
pi4b8_fit_20260910_v3,pi4b8g,2,1,fit,true,71,12,2852,2026-09-10T13:12:55Z,172110472335622,oi_svdd_as_elm_revision,n512,512,B0,0.0,36.998,37.972,1800.000,1800.000,1800.000,1800.000,0.865190,14.797648,0.658582,32.844133,0.092480,50.664880,101.084375,0.000000,0.678606723,0.619182967,1
pi4b8_fit_20260910_v3,pi4b8g,2,1,fit,true,71,13,2853,2026-09-10T13:12:55Z,172110574087431,oi_svdd_as_elm_revision,n512,512,B0,0.0,37.972,37.485,1800.000,1800.000,1800.000,1800.000,0.856504,14.145992,0.555028,32.838633,0.090962,49.410197,101.092283,0.000000,0.697418485,0.647987550,1
pi4b8_fit_20260910_v3,pi4b8g,2,1,fit,true,71,14,2854,2026-09-10T13:12:55Z,172110675847166,oi_svdd_as_elm_revision,n512,512,B0,0.0,37.485,37.972,1800.000,1800.000,1800.000,1800.000,0.906744,14.140048,0.602046,32.863614,0.092554,49.557768,101.109893,0.000000,0.682936107,0.653326194,1
pi4b8_fit_20260910_v3,pi4b8g,2,1,fit,true,71,15,2855,2026-09-10T13:12:55Z,172110777625548,oi_svdd_as_elm_revision,n512,512,B0,0.0,37.972,37.485,1800.000,1800.000,1800.000,1800.000,0.847987,14.144345,0.559973,32.936058,0.090498,49.504547,101.093875,0.000000,0.678966062,0.634405145,1
pi4b8_fit_20260910_v3,pi4b8g,2,1,fit,true,71,16,2856,2026-09-10T13:12:55Z,172110879420801,oi_svdd_as_elm_revision,n512,512,B0,0.0,37.485,37.972,1800.000,1800.000,1800.000,1800.000,0.901337,14.144085,0.556269,32.880818,0.092591,49.517047,101.144022,0.000000,0.692387486,0.652410069,1
pi4b8_fit_20260910_v3,pi4b8g,2,1,fit,true,71,17,2857,2026-09-10T13:12:55Z,172110981235590,oi_svdd_as_elm_revision,n512,512,B0,0.0,37.485,36.998,1800.000,1800.000,1800.000,1800.000,0.864523,14.183548,0.554251,32.814930,0.092832,49.430197,101.099116,0.000000,0.675836054,0.623828703,1
pi4b8_fit_20260910_v3,pi4b8g,2,1,fit,true,71,18,2858,2026-09-10T13:12:55Z,172111083002566,oi_svdd_as_elm_revision,n512,512,B0,0.0,36.998,38.459,1800.000,1800.000,1800.000,1800.000,0.849245,14.157973,0.556194,32.960520,0.092239,49.560879,101.129393,0.000000,0.675754128,0.628215664,1
pi4b8_fit_20260910_v3,pi4b8g,2,1,fit,true,71,19,2859,2026-09-10T13:12:56Z,172111184796429,oi_svdd_as_elm_revision,n512,512,B0,0.0,38.459,37.972,1800.000,1800.000,1800.000,1800.000,0.856894,14.155530,0.564028,32.794226,0.092554,49.447048,101.100856,0.000000,0.688452626,0.633948890,1
pi4b8_fit_20260910_v3,pi4b8g,2,1,fit,true,71,20,2860,2026-09-10T13:12:56Z,172111286606441,oi_svdd_as_elm_revision,n512,512,B0,0.0,37.972,38.459,1800.000,1800.000,1800.000,1800.000,0.863800,14.214065,0.558584,32.834188,0.092868,49.539027,101.099763,0.000000,0.678470073,0.619389846,1
pi4b8_fit_20260910_v3,pi4b8g,2,1,fit,true,71,21,2861,2026-09-10T13:12:56Z,172111388419359,oi_svdd_as_elm_revision,n512,512,B0,0.0,38.459,37.485,1800.000,1800.000,1800.000,1800.000,0.867134,14.201455,0.552177,32.799837,0.093554,49.515677,101.097542,0.000000,0.701283724,0.657720998,1
pi4b8_fit_20260910_v3,pi4b8g,2,1,fit,true,71,22,2862,2026-09-10T13:12:56Z,172111490272277,oi_svdd_as_elm_revision,n512,512,B0,0.0,37.485,38.946,1800.000,1800.000,1800.000,1800.000,1.488643,14.623300,0.557250,32.889002,0.091832,50.610918,101.087005,0.000000,0.684100692,0.648119280,1
pi4b8_fit_20260910_v3,pi4b8g,2,1,fit,true,71,23,2863,2026-09-10T13:12:56Z,172111592093140,oi_svdd_as_elm_revision,n512,512,B0,0.0,38.946,37.972,1800.000,1800.000,1800.000,1800.000,0.859968,14.242342,0.554343,32.836392,0.091758,49.563916,101.087116,0.000000,0.688526758,0.635191757,1
pi4b8_fit_20260910_v3,pi4b8g,2,1,fit,true,71,24,2864,2026-09-10T13:12:56Z,172111693856411,oi_svdd_as_elm_revision,n512,512,B0,0.0,37.972,36.998,1800.000,1800.000,1800.000,1800.000,0.842209,14.175492,0.559213,32.842041,0.092906,49.462585,101.088986,0.000000,0.674287764,0.614620483,1
pi4b8_fit_20260910_v3,pi4b8g,2,1,fit,true,71,25,2865,2026-09-10T13:12:56Z,172111795612127,oi_svdd_as_elm_revision,n512,512,B0,0.0,37.485,38.946,1800.000,1800.000,1800.000,1800.000,0.913226,14.270324,0.606953,32.856911,0.093109,49.669785,101.125856,0.000000,0.694104150,0.661997798,1
pi4b8_fit_20260910_v3,pi4b8g,2,1,fit,true,71,26,2866,2026-09-10T13:12:56Z,172111897419657,oi_svdd_as_elm_revision,n512,512,B0,0.0,38.946,37.972,1800.000,1800.000,1800.000,1800.000,0.855746,14.229695,0.560750,32.762820,0.093313,49.449252,101.102690,0.000000,0.688535272,0.644626647,1
pi4b8_fit_20260910_v3,pi4b8g,2,1,fit,true,71,27,2867,2026-09-10T13:12:56Z,172111999185354,oi_svdd_as_elm_revision,n512,512,B0,0.0,37.972,37.972,1800.000,1800.000,1800.000,1800.000,0.905171,14.168326,0.556102,32.868817,0.093313,49.518436,101.141578,0.000000,0.675173412,0.632160995,1
pi4b8_fit_20260910_v3,pi4b8g,2,1,fit,true,71,28,2868,2026-09-10T13:12:56Z,172112100997125,oi_svdd_as_elm_revision,n512,512,B0,0.0,37.972,37.485,1800.000,1800.000,1800.000,1800.000,0.841135,14.219380,0.558824,32.869299,0.092610,49.534620,101.091615,0.000000,0.690329103,0.658247449,1
pi4b8_fit_20260910_v3,pi4b8g,2,1,fit,true,71,29,2869,2026-09-10T13:12:57Z,172112202759877,oi_svdd_as_elm_revision,n512,512,B0,0.0,37.485,37.972,1800.000,1800.000,1800.000,1800.000,0.842042,14.206658,0.553657,32.852114,0.093240,49.481047,101.101782,0.000000,0.662777877,0.599899698,1
pi4b8_fit_20260910_v3,pi4b8g,2,1,fit,true,71,30,2870,2026-09-10T13:12:57Z,172112304572462,oi_svdd_as_elm_revision,n512,512,B0,0.0,37.972,36.998,1800.000,1800.000,1800.000,1800.000,0.860634,14.161584,0.554602,32.787134,0.091554,49.454585,101.102652,0.000000,0.684280012,0.639269956,1
pi4b8_fit_20260910_v3,pi4b8g,2,1,fit,true,71,31,2871,2026-09-10T13:12:57Z,172112406345289,oi_svdd_as_elm_revision,n512,512,B0,0.0,36.998,38.459,1800.000,1800.000,1800.000,1800.000,0.846098,14.168974,0.557510,32.804615,0.092128,49.394085,101.841158,0.000000,0.691157035,0.633884965,1
pi4b8_fit_20260910_v3,pi4b8g,2,1,fit,true,71,32,2872,2026-09-10T13:12:57Z,172112509089118,oi_svdd_as_elm_revision,n512,512,B0,0.0,38.459,37.485,1800.000,1800.000,1800.000,1800.000,1.238313,14.208472,0.559824,32.828873,0.093091,49.872781,101.092911,0.000000,0.674884327,0.632024122,1
pi4b8_fit_20260910_v3,pi4b8g,2,1,fit,true,71,33,2873,2026-09-10T13:12:57Z,172112610849278,oi_svdd_as_elm_revision,n512,512,B0,0.0,37.485,38.459,1800.000,1800.000,1800.000,1800.000,0.847487,14.202750,0.557417,32.885743,0.093165,49.519750,101.091356,0.000000,0.702365165,0.653585207,1
pi4b8_fit_20260910_v3,pi4b8g,2,1,fit,true,71,34,2874,2026-09-10T13:12:57Z,172112712683677,oi_svdd_as_elm_revision,n512,512,B0,0.0,38.459,37.485,1800.000,1800.000,1800.000,1800.000,0.867745,14.097401,0.557047,32.769652,0.093536,49.383271,101.087967,0.000000,0.677056142,0.640879680,1
pi4b8_fit_20260910_v3,pi4b8g,2,1,fit,true,71,35,2875,2026-09-10T13:12:57Z,172112814446596,oi_svdd_as_elm_revision,n512,512,B0,0.0,37.485,37.972,1800.000,1800.000,1800.000,1800.000,0.840171,14.168751,0.558862,32.931501,0.090295,49.527102,101.088967,0.000000,0.690452097,0.627712986,1
pi4b8_fit_20260910_v3,pi4b8g,2,1,fit,true,71,36,2876,2026-09-10T13:12:57Z,172112916251348,oi_svdd_as_elm_revision,n512,512,B0,0.0,37.972,37.485,1800.000,1800.000,1800.000,1800.000,0.872541,14.259694,0.553621,32.779541,0.093332,49.563546,101.073263,0.000000,0.683979954,0.627679710,1
pi4b8_fit_20260910_v3,pi4b8g,2,1,fit,true,71,37,2877,2026-09-10T13:12:57Z,172113017995119,oi_svdd_as_elm_revision,n512,512,B0,0.0,37.485,37.485,1800.000,1800.000,1800.000,1800.000,0.847912,14.206066,0.556677,32.800688,0.092443,49.428289,101.094837,0.000000,0.695142769,0.672654390,1
pi4b8_fit_20260910_v3,pi4b8g,2,1,fit,true,71,38,2878,2026-09-10T13:12:58Z,172113119760408,oi_svdd_as_elm_revision,n512,512,B0,0.0,37.485,37.972,1800.000,1800.000,1800.000,1800.000,0.906726,14.154621,0.601139,32.883613,0.091443,49.572990,101.104208,0.000000,0.680565001,0.631089581,1
pi4b8_fit_20260910_v3,pi4b8g,2,1,fit,true,71,39,2879,2026-09-10T13:12:58Z,172113221530253,oi_svdd_as_elm_revision,n512,512,B0,0.0,37.972,38.459,1800.000,1800.000,1800.000,1800.000,0.843097,14.279286,0.552288,32.789152,0.092332,49.491880,101.092096,0.000000,0.685819950,0.639889556,1
