runtime_sequence,source_row_index,source_id,feature_group_hex,attack_cat,label
0,156301,156302,1dd27bbf54731f58,Generic,1
1,94044,94045,32dc22accc34571b,Backdoor,1
2,53558,53559,c9fd3c1f9b2a4fab,DoS,1
3,136658,136659,c2feae9db9ac5f1b,Reconnaissance,1
4,107145,107146,f9b8ce2f5bf733c2,Normal,0
5,152955,152956,efe59a5af64f7b12,Exploits,1
6,148133,148134,3e69a414bf756f89,Generic,1
7,25565,25566,760169dcca264032,Normal,0
8,44887,44888,1467bfc8af5de0a6,Normal,0
9,45460,45461,e93edbe78ac650d4,Normal,0
10,31091,31092,76547675488a1ae5,Normal,0
11,149566,149567,039501cbd63ba11d,Generic,1
12,161530,161531,5563054ef7988d07,Generic,1
13,166243,166244,299e8cdfed6ba3a7,Generic,1
14,171685,171686,9c4f8954e22a48e3,Reconnaissance,1
15,34485,34486,75dae77eef1bc922,Normal,0
16,28199,28200,6ee3398369fbc92b,Normal,0
17,146497,146498,d0ec9f80a1c94452,Generic,1
18,15921,15922,2d1b647da5a5de1f,Normal,0
19,29730,29731,8c8f5086062ac570,Normal,0
20,98413,98414,bbf68adb4a6f83f9,Exploits,1
21,31277,31278,50aad3cdd6ca8a0f,Normal,0
22,1726,1727,dbee1bcfbea7de35,Normal,0
23,63057,63058,0bc6fc0271f31846,DoS,1
24,21680,21681,1791ce2510a69bea,Normal,0
25,32299,32300,e503717e6d5def79,Normal,0
26,110694,110695,7969725aae2d9763,Exploits,1
27,136518,136519,3ca3524dce34d7f7,Exploits,1
28,136114,136115,5e86c738051b3685,DoS,1
29,99340,99341,7d0b5ee751b64050,Reconnaissance,1
30,91201,91202,5595630a66396e00,Exploits,1
31,167256,167257,ca89b736e7f05c6e,Generic,1
32,130588,130589,315b5eb5efc70763,Generic,1
33,12567,12568,9cfff19e9521c6ce,Normal,0
34,108579,108580,a2a871f848218b98,Exploits,1
35,12816,12817,90d1c0a4d1d90146,Normal,0
36,127182,127183,dc09aa1deeb60bad,Exploits,1
37,32360,32361,7284ddd137fa9584,Normal,0
38,51222,51223,c4a6135f50bce19f,Exploits,1
39,89592,89593,31760219aeba5f45,Exploits,1
40,93562,93563,53d4d3d49c2346ad,Exploits,1
41,131365,131366,f02b0ba9cf8ae03a,Generic,1
42,131146,131147,a63bfba47a01b31a,Generic,1
43,23276,23277,0bde3c2f4804b567,Normal,0
44,28050,28051,7b3e6578c5674060,Normal,0
45,165546,165547,103a4dcf2475df94,Generic,1
46,147887,147888,d5fc547c9d2c09f7,Generic,1
47,114100,114101,c4eea69e1870ed34,Fuzzers,1
48,93600,93601,0ba6a9acd42d2bc8,Exploits,1
49,82994,82995,c09193ceb3e17fe4,DoS,1
50,50797,50798,e71b4426a4c29a8e,Exploits,1
51,139449,139450,9c4f8954e22a48e3,Reconnaissance,1
52,67032,67033,f9d6707738bacd8c,Exploits,1
53,99435,99436,3fa5008092ae8f0a,Fuzzers,1
54,118359,118360,7d6214c0599e5e71,Generic,1
55,51593,51594,5ec48a2561e29e89,Exploits,1
56,13367,13368,2275e600e19e86bf,Normal,0
57,40867,40868,9dcb47444f65c80c,Normal,0
58,159678,159679,d8e9284e1db96c5d,Generic,1
59,40856,40857,d4c5b6c74d3e3ae5,Normal,0
60,39048,39049,e936c98048364275,Normal,0
61,146641,146642,01c1d9d6e1b3504e,Generic,1
62,98811,98812,f339733b3df3b8b7,Reconnaissance,1
63,34874,34875,05a71ddf1157fef3,Normal,0
64,9650,9651,eae58933be0b9e21,Normal,0
65,4745,4746,a2b2c223b5f7acb7,Normal,0
66,132498,132499,d556429e7409a8bf,Reconnaissance,1
67,39540,39541,8bfc034d1d711af5,Normal,0
68,67811,67812,39533ff5dd8b6222,Fuzzers,1
69,82974,82975,57535fff218940bf,Exploits,1
70,120326,120327,528c7bb687d92128,Exploits,1
71,66266,66267,b3bfb6e4d1efdc32,Backdoor,1
72,142292,142293,e27e53a272de0df3,Exploits,1
73,102294,102295,f3272975aa371c5d,Exploits,1
74,97523,97524,5ac2e8c37e8c3397,Exploits,1
75,51687,51688,a99df38e9eb5c65d,Exploits,1
76,32614,32615,25dce6b065b4beae,Normal,0
77,39638,39639,238b7b58c1bdd09e,Normal,0
78,79990,79991,5c30e5a14cd09aaf,Fuzzers,1
79,15524,15525,d774d7bc4f0fd4da,Normal,0
80,142189,142190,3eb43f9824c5ea1e,DoS,1
81,112629,112630,bb6b3509a9c307c8,Backdoor,1
82,114240,114241,d7a7dce0fdc5d35f,Fuzzers,1
83,99936,99937,ce6f39007eb1139f,Reconnaissance,1
84,17356,17357,2f40ad43e5749b48,Normal,0
85,36795,36796,9e799d9889c33860,Normal,0
86,9038,9039,d6f76710d1371f42,Normal,0
87,50107,50108,c665537810932870,Fuzzers,1
88,147418,147419,79d4510c23e65077,Generic,1
89,174600,174601,24e9be7d0408a95d,Generic,1
90,45486,45487,ac6f105ea0370a0a,Normal,0
91,118623,118624,411c937b83fba56a,Analysis,1
92,19049,19050,f768d7753151c077,Normal,0
93,91155,91156,f485ef2e1b6a0b2f,Reconnaissance,1
94,25967,25968,72e65bbd8bef6573,Normal,0
95,112347,112348,60f240c25027121c,Normal,0
96,36332,36333,23ce89efe81ddef9,Normal,0
97,175169,175170,ac4bbc55e3fec4d5,Generic,1
98,154640,154641,e68219765e97aed8,Generic,1
99,79090,79091,41824fec72ec9171,Exploits,1
100,133158,133159,784ce28c34c55a06,Generic,1
101,82300,82301,1293279d3a5189b5,DoS,1
102,137925,137926,dc634663817281fb,Generic,1
103,41271,41272,f6bf8ab0cdbbd71f,Normal,0
104,43494,43495,d6bb9ee881a24d3b,Normal,0
105,116618,116619,743b0e9ff1d66160,Exploits,1
106,64728,64729,d1e5b95aa5123b7d,Reconnaissance,1
107,92656,92657,b157e4e32a3defc7,DoS,1
108,172759,172760,6cf31315d20d3231,Generic,1
109,152420,152421,c4aa427d6cc5fbff,Reconnaissance,1
110,31361,31362,5074e913d2e14545,Normal,0
111,164988,164989,51fbcc1c697d9498,Generic,1
112,128826,128827,4ac8d46b69c91c2d,Generic,1
113,143659,143660,c5d31cb7fa97cb30,Generic,1
114,3449,3450,78f01372afec833e,Normal,0
115,148862,148863,9d3130f7bc538a0b,Generic,1
116,23439,23440,4b305c081dfe56b7,Normal,0
117,122675,122676,872115adc55a6e3d,Generic,1
118,93766,93767,8997e977ff63d317,Exploits,1
119,71157,71158,3e3b2b5d7cda9712,DoS,1
120,77685,77686,f9d6707738bacd8c,Exploits,1
121,28811,28812,7a07199c00a85157,Normal,0
122,55934,55935,330125c6e8c05d9b,Exploits,1
123,128609,128610,8bb0798020dd4337,Generic,1
124,161438,161439,bb507b9419e1942e,Generic,1
125,129447,129448,dfa17c7c7b295afc,Exploits,1
126,55733,55734,574c4342be0c2998,DoS,1
127,74326,74327,e875cb145351189f,Fuzzers,1
128,169644,169645,3400dce3dd8bd173,Generic,1
129,127229,127230,134037dfb8a5a724,Exploits,1
130,167928,167929,f02d0f71024947a0,Generic,1
131,121240,121241,e27e53a272de0df3,Exploits,1
132,35546,35547,c76d2a8fae628c97,Normal,0
133,6484,6485,472179daeb10f56b,Normal,0
134,89021,89022,c3653ba87e2faae8,Reconnaissance,1
135,7083,7084,8de6ef0cc9c4ce6d,Normal,0
136,71200,71201,28dfa2f22de02d47,Exploits,1
137,104452,104453,ace07edac48db16c,Worms,1
138,153803,153804,cb8c02718e69cd40,Generic,1
139,126394,126395,163c205add1d12da,Exploits,1
140,140699,140700,4bb5d7c24cda199e,Reconnaissance,1
141,112169,112170,74cc7ce5f1f66567,Normal,0
142,25478,25479,87e2ebc43fd584be,Normal,0
143,28852,28853,c4b0d55ffbd9fff4,Normal,0
144,50908,50909,ef30a1e4172fede4,Fuzzers,1
145,188,189,8f3a601838a32634,Normal,0
146,1865,1866,2429fa79b13c5431,Normal,0
147,137872,137873,4a09ff4406bd8302,Generic,1
148,846,847,4513c95aae8576b6,Normal,0
149,74895,74896,02638a7351d38495,Normal,0
150,42782,42783,ccebc62ab06b198d,Normal,0
151,58720,58721,cf656feaca65a7f0,Exploits,1
152,25915,25916,715ed37e6dc85be9,Normal,0
153,31964,31965,ee65a253e6fd3ff0,Normal,0
154,41894,41895,97b1afa7da9b3fb6,Normal,0
155,83676,83677,1334e18e23facf92,Analysis,1
156,67910,67911,90a58d2000275da0,Analysis,1
157,86228,86229,eff4727cc0ade863,DoS,1
158,14318,14319,bf2ee4bb047658d7,Normal,0
159,158567,158568,03feac75b5fe52fc,Generic,1
160,98537,98538,ddf6415803eb0e70,Fuzzers,1
161,158458,158459,9cff3bfdc53be0c4,Exploits,1
162,57251,57252,16885180ab21ad69,Exploits,1
163,113297,113298,f8c940b80ecd70c2,Normal,0
164,53822,53823,20cab37d01e8b8e4,Exploits,1
165,161477,161478,e5d4c603cc8d507b,Generic,1
166,145780,145781,c95ab9b1aa233336,Generic,1
167,155646,155647,603dd9fe2089627c,Generic,1
168,48918,48919,ce0259f1ad1e3bf6,Shellcode,1
169,30112,30113,2996ef87c81c5f98,Normal,0
170,114086,114087,ce8670aaf35c977c,DoS,1
171,143631,143632,34d5055c694a2e1a,Generic,1
172,111940,111941,937ac399f42ead93,Normal,0
173,104003,104004,9c4f8954e22a48e3,Reconnaissance,1
174,113623,113624,4332c3a81d3bfb01,Normal,0
175,2627,2628,64b0a6a4d0c81b3e,Normal,0
176,141575,141576,1d8751ce07749352,Fuzzers,1
177,43796,43797,0c2d92b4e689cd46,Normal,0
178,149159,149160,4bfdc1c6b348b144,Exploits,1
179,131244,131245,b2b6080211f438d8,Generic,1
180,58796,58797,ce089ab64a46715a,DoS,1
181,93441,93442,f5642339a260fd91,Fuzzers,1
182,155457,155458,4d529261ac9a514d,Generic,1
183,7906,7907,c2e44bef1dc3ff77,Normal,0
184,18556,18557,7287eb6cc92f478e,Normal,0
185,152120,152121,c247b155a064b3d0,Generic,1
186,102690,102691,f56c8ed2b096c499,Exploits,1
187,13433,13434,2f66a653cd8bed35,Normal,0
188,5427,5428,4aef68143d58c103,Normal,0
189,98018,98019,2dcc2eca4524c140,Fuzzers,1
190,80134,80135,8d0e8a1add577b15,Reconnaissance,1
191,123677,123678,98ac0f80a1679668,Generic,1
192,44674,44675,83a2a37e51b09c5d,Normal,0
193,108959,108960,489146c862c4d9b4,Exploits,1
194,92389,92390,2cb2e77e3ea5122d,Exploits,1
195,38436,38437,cbcadf35e19848aa,Normal,0
196,144292,144293,8c4fd910bb3cbeb7,Generic,1
197,39706,39707,6ccb4df6b80290c4,Normal,0
198,151461,151462,e7edbe5c93840d7c,Generic,1
199,57161,57162,7cec2092ea8eddef,DoS,1
200,143830,143831,3a6dd8c478c6c7cd,Generic,1
201,36494,36495,4229a5623eb8e145,Normal,0
202,116584,116585,b69ee850ce7ebe2e,Exploits,1
203,131020,131021,6be93d3ac375ea77,Generic,1
204,11651,11652,f36642adeb02c04b,Normal,0
205,14592,14593,801ab3770e44d5be,Normal,0
206,45335,45336,6766f98988321415,Normal,0
207,41360,41361,639e395870129448,Normal,0
208,56801,56802,ce089ab64a46715a,Exploits,1
209,164566,164567,458d8687f808f9e3,Generic,1
210,146290,146291,21db89cad678f644,DoS,1
211,100123,100124,94167f320d0d2393,Exploits,1
212,31550,31551,75ded8a552813659,Normal,0
213,133709,133710,a03db0e5be6a10f5,Generic,1
214,80743,80744,865e41f8b638f2bf,Fuzzers,1
215,80103,80104,05892bddb1e2d720,Fuzzers,1
216,151143,151144,c7291ddd2f72959e,Generic,1
217,23953,23954,3af1601274238fb9,Normal,0
218,39901,39902,36bcfc018ada0394,Normal,0
219,123464,123465,98ac0f80a1679668,Generic,1
220,50314,50315,8f49daf12f738081,Reconnaissance,1
221,164273,164274,bc302ca0bdb1aa85,Generic,1
222,158026,158027,2383b36af5d8d31d,Generic,1
223,173612,173613,3a6dd8c478c6c7cd,Generic,1
224,36233,36234,0bbdc0461f0d5e45,Normal,0
225,71870,71871,f3c15f93bcf89c09,Exploits,1
226,143901,143902,3603fa7e13ea4fb5,Generic,1
227,124162,124163,6215bf0a221b2804,Analysis,1
228,72843,72844,3ca6976e339852ad,Fuzzers,1
229,137331,137332,81df95199c95a7cb,Reconnaissance,1
230,116225,116226,1d2a67ab2c20ad4e,DoS,1
231,161692,161693,de1bbbb3c2842fdc,Generic,1
232,51652,51653,96ef625f4e90d8c9,Fuzzers,1
233,121474,121475,07b456eb0d813fed,DoS,1
234,92606,92607,35d9871a8cffd299,Fuzzers,1
235,55979,55980,478183b8eae8b11c,Exploits,1
236,79012,79013,9e2d8812e2203583,Fuzzers,1
237,95074,95075,421b66c0bebdce3c,Exploits,1
238,155535,155536,7b10d501154ad354,Generic,1
239,99200,99201,1ecfddb8fc70d94c,Fuzzers,1
240,137605,137606,0b14695f7b799179,Generic,1
241,38416,38417,efe23a61b36b66ce,Normal,0
242,33037,33038,ae945298e53fffe0,Normal,0
243,57265,57266,e3ae4a6f47730fed,Fuzzers,1
244,173497,173498,de1bbbb3c2842fdc,Generic,1
245,121509,121510,201c999f28f21e45,Exploits,1
246,12928,12929,acc28bc4c80215bd,Normal,0
247,172685,172686,7d524458f0ec374e,Generic,1
248,19100,19101,86c9f88eab6088b0,Normal,0
249,79485,79486,11f64b26ddc44836,Fuzzers,1
250,168243,168244,e58863b6992cf1fb,Generic,1
251,59936,59937,0fff60aee9d395e0,Exploits,1
252,102678,102679,48708264229ba35e,Exploits,1
253,6644,6645,2bfe0955daad7b93,Normal,0
254,174169,174170,ca89b736e7f05c6e,Generic,1
255,19515,19516,6ebac9b1429419ec,Normal,0
256,7875,7876,585e085a1e8cf209,Normal,0
257,87442,87443,ebcf1d44707eee89,Exploits,1
258,38659,38660,b306b9e81c5073c3,Normal,0
259,108982,108983,4332c3a81d3bfb01,Normal,0
260,77145,77146,052a4edf8f908b60,Exploits,1
261,92032,92033,87088489c22bcd4e,Backdoor,1
262,22230,22231,ba14c22c1a9fc074,Normal,0
263,92235,92236,73b2f121c061e54c,Reconnaissance,1
264,157063,157064,fe551df9b56ca38a,Generic,1
265,110038,110039,6f82597fed46e409,Exploits,1
266,137561,137562,b31b51b52f162b4a,DoS,1
267,173853,173854,c2642096ddf9909a,Generic,1
268,78571,78572,5da13a4726bdc4e8,Reconnaissance,1
269,36894,36895,254a050610301911,Normal,0
270,47304,47305,ad6c50e4ff42eeb1,Normal,0
271,123267,123268,e793482df025fb67,Fuzzers,1
272,99022,99023,b5c0c6181531e840,Reconnaissance,1
273,71851,71852,40d5e220c4271fb3,Shellcode,1
274,117843,117844,af9872c542f21a5d,Generic,1
275,78486,78487,034c00ffc11e8efa,Exploits,1
276,12430,12431,41ee1700fc5a0544,Normal,0
277,95930,95931,7d096f3c0c884824,Fuzzers,1
278,118732,118733,2a7e96e274ef9b42,Exploits,1
279,22070,22071,5b0f5c36f65dbe50,Normal,0
280,55386,55387,1073daa7073f245e,Exploits,1
281,78735,78736,169bed891500cd22,Exploits,1
282,65796,65797,aab8bcfdb23e7b57,Exploits,1
283,152747,152748,1f13531fb66c0615,Exploits,1
284,117371,117372,34d5055c694a2e1a,Generic,1
285,173404,173405,f01e5ce4bc1b458f,Generic,1
286,155673,155674,7a8639ff5a0efc81,Generic,1
287,56172,56173,94d87dcbf586fe8a,DoS,1
288,58972,58973,11cb835591642bb2,DoS,1
289,116475,116476,9f8c19c575042328,Fuzzers,1
290,75992,75993,8f1467f5c1ca085a,Fuzzers,1
291,89351,89352,f01161536293ab72,Fuzzers,1
292,3929,3930,c1b489a1f8155022,Normal,0
293,127828,127829,64c1032aa61ae32d,Backdoor,1
294,136668,136669,19a1efd2282b4d3e,Fuzzers,1
295,9444,9445,62281be28f8991b9,Normal,0
296,15057,15058,d058306b3b46a145,Normal,0
297,154281,154282,1d8751ce07749352,Exploits,1
298,131888,131889,9e76b75dc9bad463,Fuzzers,1
299,141574,141575,d566a1a1cc980b26,Generic,1
300,159353,159354,2ed59292b6b5c551,Generic,1
301,112528,112529,937ac399f42ead93,Normal,0
302,56736,56737,d309aae9f006dbb5,Exploits,1
303,72582,72583,0b73c38feaf62ceb,Fuzzers,1
304,24731,24732,812b5556dee6e65f,Normal,0
305,22816,22817,d62d4f68833af66b,Normal,0
306,107058,107059,6fb1ada62d1022b3,Exploits,1
307,174647,174648,1dd27bbf54731f58,Generic,1
308,123282,123283,66db89c8b60ebd9b,DoS,1
309,60646,60647,ef51578e89932f88,Fuzzers,1
310,170103,170104,9cff3bfdc53be0c4,Exploits,1
311,79355,79356,088fa4004d994b75,Fuzzers,1
312,34260,34261,46f480a8366f62ba,Normal,0
313,23568,23569,c33459702b35a338,Normal,0
314,112524,112525,4ddbbc28eacce3ae,Normal,0
315,110550,110551,4332c3a81d3bfb01,Normal,0
316,91754,91755,67f1c7a3314d651f,Exploits,1
317,35342,35343,9541e204305f13da,Normal,0
318,149007,149008,fa864a2f73da2331,Generic,1
319,140854,140855,47c1a99798a152e1,Generic,1
320,14098,14099,2fcfb801cf0ed124,Normal,0
321,149783,149784,be1ef970b1b9445d,Generic,1
322,73796,73797,052a4edf8f908b60,DoS,1
323,89973,89974,177e75f62539ac33,Shellcode,1
324,124197,124198,a9cf8ab898f6fd6a,Exploits,1
325,35092,35093,03cbb8b988ec24ec,Normal,0
326,119427,119428,4e645e81338150ad,Fuzzers,1
327,48357,48358,f309f4b56c4dd975,Fuzzers,1
328,9956,9957,2d19e50be2138a40,Normal,0
329,122337,122338,1869c339570e5480,Fuzzers,1
330,7475,7476,a53f47d40de3352b,Normal,0
331,21348,21349,11b32bea392c88d3,Normal,0
332,4069,4070,790f6a3625116ae3,Normal,0
333,145794,145795,e7439bdaf4f781ba,Generic,1
334,29488,29489,3a91a9d26a67a4af,Normal,0
335,6034,6035,e475b1252c1e9706,Normal,0
336,43289,43290,0f36fac1a15d8219,Normal,0
337,5564,5565,dd366d9bd121addb,Normal,0
338,77068,77069,7e5c7be472d3ccf7,Exploits,1
339,146392,146393,c171ac6237379977,DoS,1
340,19562,19563,e6f70cb2c0597b63,Normal,0
341,70860,70861,b6bb3b975890e798,DoS,1
342,168097,168098,2711f28eeb471f83,Generic,1
343,30960,30961,87ae161bd4212082,Normal,0
344,134886,134887,a03db0e5be6a10f5,Generic,1
345,118189,118190,09c4fc552b33db10,Exploits,1
346,16670,16671,fa48b752160da2a8,Normal,0
347,26575,26576,8abee2b63f58d4f7,Normal,0
348,15212,15213,375bb4ffad86c0b4,Normal,0
349,45877,45878,fa8194de86d7c18c,Normal,0
350,89296,89297,9626d98da7e0f618,DoS,1
351,6109,6110,28595184e7389529,Normal,0
352,139033,139034,8d103a000ffcac01,Generic,1
353,139358,139359,3cbe155187c6fbc4,Exploits,1
354,3121,3122,ae5e6bb12d21dfdc,Normal,0
355,27012,27013,6469c7edf62fd762,Normal,0
356,172577,172578,5563054ef7988d07,Generic,1
357,153048,153049,b91116a9596b695e,Reconnaissance,1
358,127135,127136,1985736cf3242b7c,Generic,1
359,71713,71714,68e3ea70eaa4c5e7,Normal,0
360,136077,136078,16535c791effa896,Generic,1
361,116002,116003,36268aab15a3ed97,Exploits,1
362,146589,146590,f42f9ba38c8451d5,Generic,1
363,130295,130296,c95ab9b1aa233336,Generic,1
364,44317,44318,550e5319806f7dc1,Normal,0
365,116459,116460,4192d68e281f816b,DoS,1
366,121856,121857,eaaa6b863ea5c840,Exploits,1
367,20141,20142,751d6a8593f1abfb,Normal,0
368,8040,8041,91b2ec4e6bfa9e23,Normal,0
369,120619,120620,e929038a463ac9d1,Exploits,1
370,49480,49481,288ca7fc50c97a2e,Reconnaissance,1
371,112750,112751,110aa70cf01af61a,Exploits,1
372,163217,163218,1dd27bbf54731f58,Generic,1
373,104257,104258,0c4d8f9f8e1ed8be,Exploits,1
374,44051,44052,ad6c50e4ff42eeb1,Normal,0
375,92185,92186,b157e4e32a3defc7,DoS,1
376,174210,174211,fb3e221b7c4d4c5d,Generic,1
377,1538,1539,0bf04f2571a1db27,Normal,0
378,63412,63413,0b8e907344cc6cbb,Exploits,1
379,86509,86510,2cc431544d0e0886,Fuzzers,1
380,139807,139808,c7291ddd2f72959e,Generic,1
381,99605,99606,5e9adb7619542695,Exploits,1
382,63712,63713,bbb6e4eab0be3b4f,DoS,1
383,43121,43122,da763596ad40f9c3,Normal,0
384,128049,128050,03feac75b5fe52fc,Generic,1
385,98544,98545,e61813fe5a9fda71,Fuzzers,1
386,12839,12840,8b1cf26e50e72e3a,Normal,0
387,5984,5985,505598705a138484,Normal,0
388,80464,80465,4e0042e0fb16e0b9,Analysis,1
389,1674,1675,ab44350607924a51,Normal,0
390,91483,91484,9c4f8954e22a48e3,Reconnaissance,1
391,99661,99662,636416e3f0032d92,Exploits,1
392,98085,98086,2b875f2810f2036f,Fuzzers,1
393,172049,172050,3a6dd8c478c6c7cd,Generic,1
394,46580,46581,f8df5c4531964605,Normal,0
395,72439,72440,34499dd6e09e840a,Fuzzers,1
396,38102,38103,ac1e69417f54b7e0,Normal,0
397,87557,87558,2c3a18b59c13392e,DoS,1
398,138141,138142,7952a23c4363a94b,Exploits,1
399,75814,75815,bc29e03ec8d29d31,Fuzzers,1
400,165592,165593,fe02c3d131baffde,Generic,1
401,167156,167157,2d28d129da2c5520,Exploits,1
402,13147,13148,140ae699e75e0109,Normal,0
403,26689,26690,bff4fa72b35794dd,Normal,0
404,134508,134509,5d6dde6ce93f8dcd,Exploits,1
405,2413,2414,f68cbc21c3529f60,Normal,0
406,18105,18106,3fbcd86a7e338282,Normal,0
407,152428,152429,5647649392fec8bf,Generic,1
408,147060,147061,a6bc544376fe13fe,Generic,1
409,124804,124805,0abf30531931881f,Fuzzers,1
410,97793,97794,aa28b9d3f047f28e,Exploits,1
411,20174,20175,6ae397695426eeda,Normal,0
412,126741,126742,21840bf405419dcb,Exploits,1
413,54268,54269,5eae241fc81f323f,Exploits,1
414,71486,71487,d7ed44b06228e7d5,Fuzzers,1
415,108928,108929,d7cdf83525c6e8ab,Analysis,1
416,43345,43346,606794dd3ffbefd1,Normal,0
417,120606,120607,af9872c542f21a5d,Generic,1
418,24501,24502,7ec520045904041d,Normal,0
419,27765,27766,cf6f6273c1d843a1,Normal,0
420,98968,98969,8c5ceb4c48066680,Exploits,1
421,41916,41917,1aa235b768c52564,Normal,0
422,158240,158241,2ed59292b6b5c551,Generic,1
423,137336,137337,b51936868ad91d77,Generic,1
424,128617,128618,2b441431ee80eb46,Exploits,1
425,128401,128402,a56db53f304d604a,Generic,1
426,51544,51545,e71b4426a4c29a8e,DoS,1
427,151551,151552,18f8bbc3235361da,Generic,1
428,112043,112044,a1294c1f72c73b54,Exploits,1
429,70897,70898,052a4edf8f908b60,Analysis,1
430,113830,113831,70d0cfec43ef3666,Fuzzers,1
431,62622,62623,5bc8780e36f2d64c,DoS,1
432,34506,34507,08821f76dda3c0af,Normal,0
433,96386,96387,4e4eb09a902f7b3c,Reconnaissance,1
434,152697,152698,0c2930b788902420,Generic,1
435,58823,58824,4a8622f61a8ffc38,Fuzzers,1
436,12830,12831,28c5866a3d2c2b48,Normal,0
437,162620,162621,85da14eae797d208,Exploits,1
438,20466,20467,730353d062671fb3,Normal,0
439,9707,9708,e20676fd105d0639,Normal,0
440,53801,53802,9c72f8217dad224c,Exploits,1
441,14624,14625,182256fd20ec2783,Normal,0
442,150118,150119,3c163048c8be3ce1,Generic,1
443,152964,152965,efe59a5af64f7b12,Exploits,1
444,163113,163114,832f5449cb8d5d59,Exploits,1
445,52491,52492,cf656feaca65a7f0,Exploits,1
446,157860,157861,df4f1d1ee64c4c77,Generic,1
447,114889,114890,5e9adb7619542695,DoS,1
448,69084,69085,043de13f6903f5d6,Fuzzers,1
449,44990,44991,45ef750e3e3652a8,Normal,0
450,151164,151165,ece419c09eb144a6,Generic,1
451,121557,121558,c171ac6237379977,DoS,1
452,107082,107083,172d54b037286c36,Normal,0
453,120845,120846,6b7313d01eafa32d,Generic,1
454,167677,167678,3a6dd8c478c6c7cd,Generic,1
455,171635,171636,e853e440b42951b6,Generic,1
456,2780,2781,f7536ca34cdc9f06,Normal,0
457,56116,56117,2ce363d92be138ea,DoS,1
458,79812,79813,a18b723e4770fb8c,Exploits,1
459,98016,98017,3f82e57b24dbd104,Fuzzers,1
460,140708,140709,400508543abb1ff4,Generic,1
461,157904,157905,1dd27bbf54731f58,Generic,1
462,57196,57197,1af3278c130b60a4,Fuzzers,1
463,12038,12039,a4adf9847b816913,Normal,0
464,9824,9825,9421ec8c7a02e134,Normal,0
465,49664,49665,9c4f8954e22a48e3,Reconnaissance,1
466,20461,20462,2c9df6637656ec74,Normal,0
467,109883,109884,0c3128ba5dc49ee2,Normal,0
468,134164,134165,2711f28eeb471f83,Generic,1
469,95104,95105,1a95f93fbbce293e,Shellcode,1
470,99791,99792,a8586a2a10fab23d,Fuzzers,1
471,72859,72860,2fc7389e1d00b214,Fuzzers,1
472,143292,143293,b91116a9596b695e,DoS,1
473,86606,86607,5d9c2ab15dbab9af,Fuzzers,1
474,118968,118969,1365b062866872f7,Generic,1
475,153156,153157,c495613608449223,Generic,1
476,63558,63559,0368e7ab904bb400,Exploits,1
477,112859,112860,efaab273b7e0b9f4,Fuzzers,1
478,82278,82279,27ac80a5e8f6b879,Exploits,1
479,47337,47338,84ca3e5ab7d9a69f,Normal,0
480,34560,34561,b733ca3527391932,Normal,0
481,90757,90758,73b2f121c061e54c,DoS,1
482,90437,90438,69b94655eb4ad44a,Exploits,1
483,104056,104057,a69c940cbe6bd600,Exploits,1
484,94939,94940,929c1fd5f886ea8d,Reconnaissance,1
485,66981,66982,1e64a3d429390791,Normal,0
486,70738,70739,70638eec9574fc76,DoS,1
487,74455,74456,8c1a56970b0e1543,Fuzzers,1
488,120022,120023,64fcc95ef78d4824,Generic,1
489,74981,74982,14baaf66edf062dd,Reconnaissance,1
490,40019,40020,d29c4c265dec5139,Normal,0
491,7882,7883,3a9d5ccaaeda4577,Normal,0
492,24220,24221,b3d56d30d542c513,Normal,0
493,25463,25464,c70ac833a349e9c4,Normal,0
494,49952,49953,3a64c017da925485,Fuzzers,1
495,26478,26479,db5077caaf9a4497,Normal,0
496,86319,86320,87088489c22bcd4e,Fuzzers,1
497,167241,167242,ded3ca74b372d993,Fuzzers,1
498,31131,31132,b4e99df5a7d238ff,Normal,0
499,10053,10054,2bbfdefe797df84e,Normal,0
500,37631,37632,e754d421e1d5179a,Normal,0
501,48855,48856,89f7167800eb5ff0,Fuzzers,1
502,92487,92488,16fbce2c72db796a,DoS,1
503,150304,150305,89f23eea26850ffa,Exploits,1
504,107682,107683,bde54d9ac95e469d,Exploits,1
505,78032,78033,bb965030c8432444,Reconnaissance,1
506,47719,47720,6c9169181d0feadf,Normal,0
507,88836,88837,a3e95a40081aaa32,Normal,0
508,117202,117203,2538797a82ca045e,DoS,1
509,43898,43899,184a54e14e94040c,Normal,0
510,24101,24102,1011392d10dad821,Normal,0
511,18439,18440,a1a80edde28a49f5,Normal,0
512,48641,48642,ee92db8158dde57b,Fuzzers,1
513,14723,14724,e9b36180d2a76eb2,Normal,0
514,163723,163724,7d3279aa9a9ed53e,Generic,1
515,152983,152984,299e8cdfed6ba3a7,Generic,1
516,93876,93877,fa9d93e0d3176856,Exploits,1
517,28533,28534,b3a8bbfe778d6a89,Normal,0
518,86142,86143,0efde2b4af363d25,Normal,0
519,154473,154474,449f3edc1364c33b,Exploits,1
520,136967,136968,de1bbbb3c2842fdc,Generic,1
521,170915,170916,ddcbde9df53c5379,Generic,1
522,126237,126238,0a1a0b81d6af480c,Exploits,1
523,95273,95274,3ab777c4b85715ab,Analysis,1
524,141892,141893,1d8751ce07749352,Exploits,1
525,100518,100519,552c258dbba74e03,DoS,1
526,103702,103703,cd843fd0452a6577,Exploits,1
527,38256,38257,23c799a800b304de,Normal,0
528,25558,25559,c832d9fe054ceacf,Normal,0
529,116981,116982,22602dbbe05af6f5,Exploits,1
530,13742,13743,f477d1996616ec2d,Normal,0
531,92886,92887,3cc7302a3a686839,Normal,0
532,107937,107938,6f0652463f312336,Reconnaissance,1
533,101206,101207,1f55c36625a2d88e,Exploits,1
534,89551,89552,35cb8793971b661d,Exploits,1
535,140620,140621,66a9471f36a86651,Generic,1
536,118946,118947,bc5c719cc8537826,Generic,1
537,117846,117847,8314ea46144995bb,Generic,1
538,154087,154088,ca89b736e7f05c6e,Generic,1
539,77646,77647,ff6da43336fe09f2,Exploits,1
540,161679,161680,83ef1231e8946736,Reconnaissance,1
541,168728,168729,59baa75cb4b774e8,Generic,1
542,117808,117809,85cacef914bc5ca1,Fuzzers,1
543,79938,79939,fa9141cb92472976,Analysis,1
544,141127,141128,187c7f0e340767ca,Generic,1
545,63768,63769,5f2ab49bd62b5ba6,Exploits,1
546,46225,46226,c13b923e2935ce00,Normal,0
547,2116,2117,31f6554ee4ad7455,Normal,0
548,125402,125403,872115adc55a6e3d,Generic,1
549,111388,111389,5e9adb7619542695,Exploits,1
550,62218,62219,8bb400d49eb40535,Normal,0
551,124489,124490,3eeb6254216d3fb0,Generic,1
552,170181,170182,d6b7fea0b7de30bb,Generic,1
553,112556,112557,efd2f1c00f2a8c43,Normal,0
554,10444,10445,aca9153df370d89c,Normal,0
555,109700,109701,96f85de8831f89f4,Exploits,1
556,29774,29775,e96dd737893ed81c,Normal,0
557,88435,88436,2b7bb35611bb8cce,Fuzzers,1
558,41038,41039,f563964804b7f6a7,Normal,0
559,122309,122310,b5ea53287bd87271,Generic,1
560,147453,147454,e36861a1ec1e120f,Generic,1
561,171510,171511,cc93c720b2775551,Generic,1
562,27504,27505,e1784f57376cb96e,Normal,0
563,99676,99677,499d1fd0eaafae3a,Exploits,1
564,57757,57758,0927b68524cda00c,DoS,1
565,108663,108664,1c32f9bdafdc6ffd,Analysis,1
566,83972,83973,51bae50a2a18453a,Fuzzers,1
567,23712,23713,c9c4758d66175790,Normal,0
568,3675,3676,8bcdd293889b747d,Normal,0
569,172315,172316,9ecfc08ff277d7af,Fuzzers,1
570,110577,110578,50eb66bdaf69d9cc,Normal,0
571,14731,14732,5f75be1322fb3c25,Normal,0
572,114426,114427,753a970647d09500,Analysis,1
573,75458,75459,489146c862c4d9b4,DoS,1
574,147637,147638,139477122165aba3,Exploits,1
575,91968,91969,09aa808812f2ca75,Shellcode,1
576,76238,76239,2e45e6b8327f454f,Exploits,1
577,130160,130161,68930ab4ef69a872,Generic,1
578,142929,142930,fee086f1e03cc30a,Generic,1
579,28710,28711,dedd50c5eba5d16c,Normal,0
580,73867,73868,ea24b952689d1b08,Reconnaissance,1
581,106028,106029,0fd264617cd4eb2c,Normal,0
582,157894,157895,26778de428475581,Generic,1
583,46250,46251,76a4a6d79341d758,Normal,0
584,56354,56355,ec403463b25ab3a2,Fuzzers,1
585,45950,45951,ccf4e78e40a4dcaa,Normal,0
586,173499,173500,6e421ff642e2e768,Generic,1
587,145344,145345,7dfb93bb77d614d6,Reconnaissance,1
588,36253,36254,b0c821147753aea6,Normal,0
589,111279,111280,b08df44398427d45,Fuzzers,1
590,161978,161979,1d8f8c2b481aacc2,Fuzzers,1
591,6712,6713,c472b47a5cfd5caa,Normal,0
592,163933,163934,01e4d979d2790879,Generic,1
593,18379,18380,26e0bf7dd9c66134,Normal,0
594,90515,90516,8997e977ff63d317,Exploits,1
595,12598,12599,adb63de57c7cde9e,Normal,0
596,37425,37426,912ab8837be7f058,Normal,0
597,15205,15206,1d28f72fa3522c13,Normal,0
598,140299,140300,5cc20432b7432240,Exploits,1
599,48794,48795,68aa5f2399de7338,Fuzzers,1
600,37754,37755,16cd010584fe21ce,Normal,0
601,166618,166619,fc9b57705165b7d8,Generic,1
602,36370,36371,2bd487d00750dc16,Normal,0
603,125912,125913,c18eb8bb19434d14,Generic,1
604,134945,134946,c4d35987e608ba5a,Generic,1
605,133769,133770,019e9e11a189ae61,Generic,1
606,139536,139537,4bb77cc2905e5bb5,DoS,1
607,22445,22446,0b9a0482eada4347,Normal,0
608,43237,43238,3825a661be2bd41d,Normal,0
609,155826,155827,7e1cdac5f49edcb2,Generic,1
610,93059,93060,c9e4a8af1c817b13,Exploits,1
611,69900,69901,70638eec9574fc76,Fuzzers,1
612,83693,83694,c6ad5178e11e18f6,Reconnaissance,1
613,15404,15405,8fe99f1e174c5bba,Normal,0
614,71723,71724,ee5080c663e10959,Normal,0
615,148496,148497,801597799e0c8ddc,Generic,1
616,95685,95686,14060c17470fbd0d,Exploits,1
617,156942,156943,d9c147ba9e5b605e,Generic,1
618,146582,146583,f42f9ba38c8451d5,Generic,1
619,25615,25616,8eb624580e0d9111,Normal,0
620,72465,72466,72ad594c6521bfe1,Normal,0
621,66147,66148,60c880e67901f9e9,Fuzzers,1
622,46060,46061,ef78f329e26971db,Normal,0
623,137989,137990,8c8ebb62e467c916,Fuzzers,1
624,171749,171750,a78c6bb56bcaa0af,Generic,1
625,83826,83827,bebb348f82557205,Analysis,1
626,10936,10937,b952ce38a6308668,Normal,0
627,105300,105301,5616336758c8806c,Exploits,1
628,27807,27808,f8fde0573dbeb8ca,Normal,0
629,171662,171663,7bd7fefa43645b44,Generic,1
630,95277,95278,3ab777c4b85715ab,Exploits,1
631,42288,42289,b9c08c4afaa9d25a,Normal,0
632,100566,100567,2538797a82ca045e,Exploits,1
633,64307,64308,e9497a69a7cfc070,Exploits,1
634,124186,124187,e7263bf462e26c70,Exploits,1
635,123829,123830,5de107829f25c1bc,Reconnaissance,1
636,32093,32094,97438ca2e70bacbe,Normal,0
637,53672,53673,34b652ebdf3615d1,Exploits,1
638,168862,168863,1dd27bbf54731f58,Generic,1
639,97365,97366,53c334024ddc6631,Exploits,1
640,109160,109161,d7cdf83525c6e8ab,Exploits,1
641,60480,60481,12208558d78354df,DoS,1
642,136358,136359,6e421ff642e2e768,Generic,1
643,46024,46025,0857d0a030fb7e05,Normal,0
644,154905,154906,019e9e11a189ae61,Generic,1
645,105309,105310,5a08d2e5b771bab8,Normal,0
646,71210,71211,fb42bb6a9a87e74c,Exploits,1
647,109297,109298,976435402b39c877,Normal,0
648,120857,120858,e255e0649a97ed80,Generic,1
649,89341,89342,8ae0bc3b2fcd5edc,Backdoor,1
650,146169,146170,bdfe370d7ebaa908,Exploits,1
651,16075,16076,77906e7a80b59a64,Normal,0
652,151216,151217,4bb77cc2905e5bb5,Analysis,1
653,61668,61669,90e63eb2b2651760,Fuzzers,1
654,14307,14308,e53ea3f2e581dac4,Normal,0
655,40484,40485,96e6659b0d06a080,Normal,0
656,25612,25613,50528eb05f0932ff,Normal,0
657,131329,131330,9b02312194c25a4e,Generic,1
658,67804,67805,46a7b5832e5dab40,Reconnaissance,1
659,11946,11947,ebf7a40a6b63ed44,Normal,0
660,81445,81446,cfb855ec51df72b7,Analysis,1
661,172750,172751,82bf08e64a09574b,Generic,1
662,101391,101392,1f55c36625a2d88e,DoS,1
663,50240,50241,e71b4426a4c29a8e,DoS,1
664,78505,78506,d7f4d95252768d66,Fuzzers,1
665,104407,104408,0757a6f8e6689063,Normal,0
666,103789,103790,bf882b491f596f04,Fuzzers,1
667,84296,84297,a75e03af2a7f8ade,Exploits,1
668,138865,138866,98b0ca9414f86226,Exploits,1
669,8710,8711,c5395b78fb22c3d8,Normal,0
670,102182,102183,89fd1fb715b9d1fd,Normal,0
671,14438,14439,7723f85da4c18264,Normal,0
672,84371,84372,c007fd74045f7a75,Normal,0
673,16831,16832,af7374dee9d29c72,Normal,0
674,51907,51908,7cec2092ea8eddef,Exploits,1
675,157036,157037,128442f6be806921,DoS,1
676,36052,36053,109eb938544a6b89,Normal,0
677,147670,147671,34d5055c694a2e1a,Generic,1
678,10013,10014,41ad79975379305e,Normal,0
679,15673,15674,4e05783d478d3962,Normal,0
680,99029,99030,9c4f8954e22a48e3,Reconnaissance,1
681,163677,163678,c4ffd79896facb03,Generic,1
682,38954,38955,f1908c4bdfadf9d0,Normal,0
683,131130,131131,2822f9e348062c09,Generic,1
684,106889,106890,14d22291c7982b7d,Normal,0
685,50106,50107,8a5d65ddf9fe2140,Fuzzers,1
686,3850,3851,f0e374f0d8f9e95a,Normal,0
687,22296,22297,8deb08c833bff428,Normal,0
688,77725,77726,fe9227feb31dfcae,DoS,1
689,123632,123633,b2b6080211f438d8,Generic,1
690,114941,114942,cb7a59da8ec794e0,Fuzzers,1
691,68603,68604,14baaf66edf062dd,Exploits,1
692,138210,138211,1907e458d0feb022,Exploits,1
693,18074,18075,10a8a78e8864fc3b,Normal,0
694,115897,115898,ba73f54d3d7e84cb,Fuzzers,1
695,133904,133905,de1bbbb3c2842fdc,Generic,1
696,172867,172868,11d3cd52864bd787,Generic,1
697,53437,53438,803b01f68f67ae13,Fuzzers,1
698,117105,117106,87088489c22bcd4e,Exploits,1
699,166662,166663,963ebaed69c6adac,Generic,1
700,109695,109696,96f85de8831f89f4,DoS,1
701,59638,59639,300d7ec394df91e0,Exploits,1
702,54397,54398,a745c732e0c2865e,Exploits,1
703,13064,13065,72fc706896744376,Normal,0
704,160276,160277,19d7bc971099ced6,Generic,1
705,119643,119644,53786b0b893975c2,Reconnaissance,1
706,146911,146912,8af5781f70d4c2e8,Generic,1
707,169185,169186,ddcbde9df53c5379,Generic,1
708,47151,47152,83492e5cb04a215f,Normal,0
709,59334,59335,bc6696b23e5067b0,DoS,1
710,8602,8603,d1f8edef4cfd1f74,Normal,0
711,61089,61090,7b67a3e220768de7,Fuzzers,1
712,39410,39411,e7d6f91e44c80a35,Normal,0
713,110278,110279,14dfdb205a3e7eb2,Analysis,1
714,47895,47896,8f5861786f193a06,Normal,0
715,108722,108723,efe59a5af64f7b12,Exploits,1
716,90402,90403,16fbce2c72db796a,DoS,1
717,21726,21727,6d904f671d93e050,Normal,0
718,118706,118707,7d1523282b886253,DoS,1
719,86934,86935,ff7ca9f24ddbe546,Fuzzers,1
720,152156,152157,c57283d347ba7d03,Generic,1
721,59009,59010,c22d906d4437b741,Reconnaissance,1
722,55454,55455,2c514d36812c4ec9,DoS,1
723,85153,85154,ec914ee256f2c946,Shellcode,1
724,111501,111502,bd3c742486f87dcc,Exploits,1
725,69161,69162,83413baceea015c9,Exploits,1
726,51236,51237,0600eef3252a4d75,Fuzzers,1
727,904,905,a565ce58719acc78,Normal,0
728,160737,160738,f01e5ce4bc1b458f,Generic,1
729,73145,73146,8840134d7f8f7653,Exploits,1
730,134496,134497,489146c862c4d9b4,Exploits,1
731,111101,111102,2bab7dfb693cc3d9,Backdoor,1
732,116437,116438,fbb6e3d9a7a2c819,Exploits,1
733,85065,85066,67f1c7a3314d651f,DoS,1
734,22376,22377,13d30962e681b49b,Normal,0
735,72605,72606,efe59a5af64f7b12,Exploits,1
736,138247,138248,503decd37b000209,Generic,1
737,24292,24293,a342b9cd9f387a86,Normal,0
738,14635,14636,7c915a8602737184,Normal,0
739,25395,25396,65a4e14b6e156749,Normal,0
740,164451,164452,9fb1e41370be6e82,DoS,1
741,14888,14889,b2e2991045199b57,Normal,0
742,42053,42054,68d5355aea42e97d,Normal,0
743,53008,53009,5cf2327336fac1c0,Exploits,1
744,61293,61294,015cb11c2b01f29e,Exploits,1
745,157021,157022,3c163048c8be3ce1,Generic,1
746,90942,90943,91eed0f8ce11802e,Normal,0
747,145714,145715,82569c943bcd36a1,Generic,1
748,23159,23160,23e4e2d90e37419e,Normal,0
749,127162,127163,3c163048c8be3ce1,Generic,1
750,77953,77954,33a421735e68e53c,DoS,1
751,53690,53691,574c4342be0c2998,Reconnaissance,1
752,79442,79443,f7490d70332d4767,DoS,1
753,111795,111796,6f82597fed46e409,Exploits,1
754,89043,89044,30a1d94998e62d69,Normal,0
755,133923,133924,16535c791effa896,Generic,1
756,136671,136672,bddedf44bc8b2e9c,Generic,1
757,132816,132817,bdc7a4987b346efe,Exploits,1
758,124342,124343,7260d6b822c29d42,Generic,1
759,9175,9176,6ca221dd5677757a,Normal,0
760,136286,136287,7a2b76d6b4abcac9,Generic,1
761,54822,54823,91ac964b6d4fbbf9,Analysis,1
762,164333,164334,4f64d7fc390f7240,Analysis,1
763,79955,79956,3a02ce692bcf4bc9,Exploits,1
764,9089,9090,63fde5c2f8bc0f82,Normal,0
765,29247,29248,f950cde7e68e21f9,Normal,0
766,110042,110043,f6f6bca45d492346,Shellcode,1
767,169915,169916,5096a53a5302b116,Generic,1
768,71184,71185,f8382cfddb9dc872,Normal,0
769,129389,129390,b81d74b88c52f618,Fuzzers,1
770,113649,113650,1cf1bd57c0e34cc2,Exploits,1
771,68097,68098,55845581894469f5,Fuzzers,1
772,161699,161700,d6b7fea0b7de30bb,Generic,1
773,103855,103856,bf882b491f596f04,Fuzzers,1
774,49460,49461,dd55ffd6b45aaff2,Reconnaissance,1
775,4481,4482,83e47625b5b7828f,Normal,0
776,122737,122738,03feac75b5fe52fc,Generic,1
777,52562,52563,4cd0de401ceff3db,Exploits,1
778,74184,74185,a1d34ee966db061b,Fuzzers,1
779,61655,61656,bd8dc17254200cc1,Exploits,1
780,2285,2286,c05d1c48f7b9108c,Normal,0
781,15595,15596,4080460ccc2431ad,Normal,0
782,9462,9463,16953cc5b48f8bce,Normal,0
783,28713,28714,3c9208844e4b3c66,Normal,0
784,32357,32358,987f12d41496775a,Normal,0
785,150531,150532,f9f0c1c4fb1d46ec,Generic,1
786,38710,38711,cdf100fe9ef8f414,Normal,0
787,150722,150723,34d5055c694a2e1a,Generic,1
788,160498,160499,3e1f3ab0b8b8a962,Generic,1
789,32680,32681,92430fce6e62f865,Normal,0
790,41593,41594,fdc10018a7001a2a,Normal,0
791,93677,93678,85c0e94834a48b09,Exploits,1
792,25302,25303,c844c63a05e2d21f,Normal,0
793,53592,53593,29b791aab4c7611c,Reconnaissance,1
794,75940,75941,4adf19f3975a3705,DoS,1
795,174089,174090,0d29739cb12ba579,Generic,1
796,51639,51640,d88845d6147b21c5,Reconnaissance,1
797,11513,11514,a46c991e053970e9,Normal,0
798,21307,21308,2cf78b6a9034e75e,Normal,0
799,59565,59566,3dc9a66c659f3a88,Exploits,1
800,83818,83819,1293279d3a5189b5,DoS,1
801,133086,133087,6ae8f0931bfc7a5e,Generic,1
802,9737,9738,238e24a9fa900ae4,Normal,0
803,43935,43936,7037a3387a15a3fa,Normal,0
804,13622,13623,a1e618df1ed5c07a,Normal,0
805,11343,11344,914519079cfa8e47,Normal,0
806,119290,119291,fcc820ab0573b860,Generic,1
807,56889,56890,5ec48a2561e29e89,Exploits,1
808,114517,114518,1c32f9bdafdc6ffd,DoS,1
809,14809,14810,27d0d0784b749286,Normal,0
810,14483,14484,c244c8f1e13f4995,Normal,0
811,40209,40210,18e5abe138c29417,Normal,0
812,152421,152422,9690124ba1d6d337,DoS,1
813,82645,82646,3cda4b38212403d5,Exploits,1
814,14412,14413,857431756fabcdef,Normal,0
815,115697,115698,4332c3a81d3bfb01,Normal,0
816,158036,158037,34d5055c694a2e1a,Generic,1
817,38117,38118,5f51927b0a701cfa,Normal,0
818,167076,167077,96fb33a4b41177e2,Generic,1
819,46687,46688,1a78110800869a69,Normal,0
820,146642,146643,4681dedf9bd88600,Generic,1
821,23731,23732,7de65d8f59b14437,Normal,0
822,142972,142973,cb8c02718e69cd40,Generic,1
823,20385,20386,ba234001c9dd6746,Normal,0
824,44311,44312,4fd2f83a3a7dc3e7,Normal,0
825,105072,105073,a81b15e8f458c9fd,Fuzzers,1
826,14448,14449,cde768a312937f2c,Normal,0
827,133247,133248,11ec238828f84d1b,Generic,1
828,7508,7509,86c9f4f866084175,Normal,0
829,161717,161718,dec06037c3ad4726,Generic,1
830,66654,66655,dadc5204917456ef,Normal,0
831,134771,134772,b5d0337852cad6c9,Generic,1
832,102733,102734,489146c862c4d9b4,DoS,1
833,142473,142474,64c1032aa61ae32d,Exploits,1
834,47400,47401,b5f4fc2479a9d77b,Normal,0
835,162557,162558,59808ff2a05e2b5f,Generic,1
836,86912,86913,36268aab15a3ed97,Fuzzers,1
837,128821,128822,9043aebd79763bd7,Generic,1
838,126979,126980,3603fa7e13ea4fb5,Generic,1
839,70809,70810,052a4edf8f908b60,Exploits,1
840,120399,120400,1d8751ce07749352,DoS,1
841,125049,125050,8af3985ec4df205c,Exploits,1
842,40356,40357,994770b9d52b1c3f,Normal,0
843,47903,47904,58e52380a86508fb,Normal,0
844,3653,3654,0cb0bcc818839ace,Normal,0
845,30594,30595,2f8b222f1a925ede,Normal,0
846,160271,160272,19d7bc971099ced6,Generic,1
847,120912,120913,53324458f7ae3e81,Generic,1
848,55938,55939,330125c6e8c05d9b,Exploits,1
849,27204,27205,af6b21929da3ab7e,Normal,0
850,133733,133734,0cd513ce5921fbc7,Generic,1
851,170487,170488,03feac75b5fe52fc,Generic,1
852,45762,45763,39a7106c83a88413,Normal,0
853,116222,116223,14dfdb205a3e7eb2,Backdoor,1
854,146276,146277,21db89cad678f644,Analysis,1
855,117433,117434,c5e93b6cf51f4d1f,Generic,1
856,75329,75330,ae140a505ad834b8,Fuzzers,1
857,141714,141715,5647649392fec8bf,Generic,1
858,128419,128420,5647649392fec8bf,Generic,1
859,96630,96631,0f43fe20c93bc3f4,Reconnaissance,1
860,34401,34402,37e608893c0d5699,Normal,0
861,58459,58460,2cd658a10573e928,Fuzzers,1
862,140473,140474,a4e6141946a2d03f,Generic,1
863,161182,161183,bddedf44bc8b2e9c,Generic,1
864,914,915,ee2491321ecdaa76,Normal,0
865,59209,59210,8499002bce6bb91e,DoS,1
866,86538,86539,cc6d0fc7a0d7cf90,Exploits,1
867,116833,116834,3ab777c4b85715ab,Reconnaissance,1
868,106412,106413,132ca13e37d0a5c9,Reconnaissance,1
869,149746,149747,d121765cc647bb34,Generic,1
870,58200,58201,912796e00c13f4fe,Reconnaissance,1
871,149176,149177,26bea09ce1c4900a,Generic,1
872,161550,161551,1788d30ee6283a35,Generic,1
873,55872,55873,bc6696b23e5067b0,Exploits,1
874,21057,21058,60326d8d8145b13b,Normal,0
875,2794,2795,ef8442c52f02fa13,Normal,0
876,30629,30630,8849697a1fff726d,Normal,0
877,39667,39668,97f55675c2b6697e,Normal,0
878,124206,124207,cdc83ff8099d23cc,Generic,1
879,105913,105914,37e3189458dbf43d,Exploits,1
880,109765,109766,bdb635120087a039,Normal,0
881,65145,65146,ae36bba7598c9fd1,Exploits,1
882,105280,105281,9dbf9ec5708495ea,Normal,0
883,9840,9841,b0bd68c795a8e914,Normal,0
884,139574,139575,9a2134cbbea090e8,Exploits,1
885,105875,105876,96f85de8831f89f4,Backdoor,1
886,93272,93273,8997e977ff63d317,DoS,1
887,51812,51813,d4ea82b754d538eb,Reconnaissance,1
888,74397,74398,c8a72f28644e8a72,Backdoor,1
889,46702,46703,8b2ff067244f7cbd,Normal,0
890,63639,63640,6579d4f188df56b0,Exploits,1
891,72803,72804,e2aba8c602e9f76b,Fuzzers,1
892,164234,164235,bc302ca0bdb1aa85,Generic,1
893,113609,113610,976435402b39c877,Normal,0
894,101139,101140,1b2910c1b7b516f3,Exploits,1
895,159634,159635,3aac212eb271b4bb,Generic,1
896,137060,137061,6db39656ba303478,Generic,1
897,65955,65956,1b2ce46a4620c7f2,Reconnaissance,1
898,120813,120814,11a601495e09f63a,Generic,1
899,52609,52610,049ae900630a71ad,Reconnaissance,1
900,56388,56389,abbb6a01e7189801,Fuzzers,1
901,86504,86505,73ca5a4ed0070b89,Exploits,1
902,167374,167375,6081ebae814890fe,Exploits,1
903,8244,8245,36645d70a1a19eb8,Normal,0
904,106638,106639,c099cc0c479846a9,Fuzzers,1
905,34186,34187,4fe583ddabb2bb73,Normal,0
906,54074,54075,d309aae9f006dbb5,DoS,1
907,49464,49465,434a40e94ca41b4b,Fuzzers,1
908,159640,159641,f02d0f71024947a0,Generic,1
909,15786,15787,aec9052ae28c1fe9,Normal,0
910,8960,8961,62fca87ab4eb35ae,Normal,0
911,69024,69025,2352b41c6e8e897a,Exploits,1
912,21219,21220,beba491f5fa52d13,Normal,0
913,119524,119525,92078b5f36468c41,Exploits,1
914,12673,12674,0018edc02046fe50,Normal,0
915,6382,6383,55b1b2bde95d0e8d,Normal,0
916,12642,12643,cd2e5343caa76ae7,Normal,0
917,162258,162259,2d0e3b22940a5174,Generic,1
918,17115,17116,ef825c73f28e7b7f,Normal,0
919,146656,146657,d121765cc647bb34,Generic,1
920,28499,28500,6f760ac1958775b2,Normal,0
921,95621,95622,ef22976c403ffe1a,Backdoor,1
922,20292,20293,b9660112dbdb1d3d,Normal,0
923,85768,85769,393f152eae4a3dbf,Fuzzers,1
924,142940,142941,19a1efd2282b4d3e,Exploits,1
925,85058,85059,f38a6123a77d8033,Exploits,1
926,61689,61690,4d90c4be3d343da5,Exploits,1
927,16663,16664,b47d862aa907f80b,Normal,0
928,145800,145801,315b5eb5efc70763,Generic,1
929,55443,55444,0cb94d18a68c6f12,DoS,1
930,14080,14081,397708a14e80f8eb,Normal,0
931,75593,75594,885a2859150f5450,Fuzzers,1
932,158609,158610,6e421ff642e2e768,Generic,1
933,162709,162710,2a7e96e274ef9b42,Exploits,1
934,95100,95101,4528f9bf255b939a,Shellcode,1
935,159239,159240,f02b0ba9cf8ae03a,Generic,1
936,8692,8693,988944e6d1c35484,Normal,0
937,70097,70098,936625d98595261d,Reconnaissance,1
938,159148,159149,cf8d84f8875e5417,Exploits,1
939,57669,57670,2ce363d92be138ea,DoS,1
940,67604,67605,dfd77b6d7bd02936,Fuzzers,1
941,81284,81285,3cd508a16bf4cd1b,Backdoor,1
942,39307,39308,ceb1ce682f98ebcf,Normal,0
943,112254,112255,89eafbd64a1af170,Exploits,1
944,56504,56505,3dc9a66c659f3a88,Exploits,1
945,65027,65028,bc86ecc935736d0d,Exploits,1
946,102018,102019,9d77d9161eb86409,Backdoor,1
947,129376,129377,7455afd5c510fdea,Exploits,1
948,142047,142048,2789109c79bc58ec,Fuzzers,1
949,54866,54867,d5b631e1cd093d8a,Exploits,1
950,79306,79307,493e3487016bf121,DoS,1
951,23452,23453,381000095ac284ee,Normal,0
952,36441,36442,849e0dc81d612947,Normal,0
953,16036,16037,db836e195509552e,Normal,0
954,88495,88496,e5e03c1e72c04165,Normal,0
955,16295,16296,1ae31acd3fe70b82,Normal,0
956,25730,25731,8b58f28a075e7d6d,Normal,0
957,67544,67545,914137d9fb0bceb7,Exploits,1
958,37713,37714,1e75bad585bf326a,Normal,0
959,78595,78596,e719242b13a3a30d,DoS,1
960,111836,111837,6c37489331c68305,Reconnaissance,1
961,70058,70059,14baaf66edf062dd,Exploits,1
962,120101,120102,3536fef8598fb123,Generic,1
963,108342,108343,d9e84d1e143708a8,Normal,0
964,167789,167790,d88eefc0bfa1bf3e,Exploits,1
965,153431,153432,c57283d347ba7d03,Generic,1
966,90268,90269,ddc4fdad83ea6f6c,Exploits,1
967,127186,127187,5647649392fec8bf,Generic,1
968,171014,171015,536162ee1c7a7ad2,Generic,1
969,10220,10221,9460a4c20fb2ba03,Normal,0
970,29801,29802,81d8bc148b10a540,Normal,0
971,116677,116678,7c3cb6298a184913,Exploits,1
972,90015,90016,46f14d90a3556942,DoS,1
973,101853,101854,35ef653dbfd64395,Exploits,1
974,101654,101655,ccea0b485b49167b,Exploits,1
975,69364,69365,f209cfc51e449038,Exploits,1
976,120685,120686,9c4f8954e22a48e3,Reconnaissance,1
977,75610,75611,f1a984ab4a24e1f5,Reconnaissance,1
978,22650,22651,2a45d5c9d8987a17,Normal,0
979,10422,10423,b094f6b95b0b85d3,Normal,0
980,138818,138819,6db21a7e54b6f921,Generic,1
981,167891,167892,1788d30ee6283a35,Generic,1
982,92073,92074,c3b00f5afd381ff1,Exploits,1
983,134314,134315,03feac75b5fe52fc,Generic,1
984,84354,84355,004fae08adb5ee0d,DoS,1
985,50199,50200,330125c6e8c05d9b,Exploits,1
986,2575,2576,3cb0fcdc4f68ea7d,Normal,0
987,32975,32976,60d813aea23cf0a8,Normal,0
988,35488,35489,933d2c7c95855519,Normal,0
989,141926,141927,cd4ca82d79bc023d,Generic,1
990,12782,12783,1bc1ebf150a85bd4,Normal,0
991,58558,58559,afd3932ddd221629,Fuzzers,1
992,67837,67838,e00ba5ac83980bfc,Exploits,1
993,21823,21824,dd5a0768fee4f1bd,Normal,0
994,110339,110340,3da742925bd5ae62,Reconnaissance,1
995,79088,79089,d91ce2164d3f438b,Fuzzers,1
996,44505,44506,ad6c50e4ff42eeb1,Normal,0
997,110648,110649,e044cd061b908b9e,Fuzzers,1
998,148527,148528,069925d8463f182a,Exploits,1
999,86254,86255,83a2a37e51b09c5d,Normal,0
1000,36457,36458,91578f803ab540a6,Normal,0
1001,70320,70321,3e3b2b5d7cda9712,Exploits,1
1002,33765,33766,95ebd158ca49bf8a,Normal,0
1003,13628,13629,fef22c54d7465f2f,Normal,0
1004,45002,45003,2b047ad348c59e25,Normal,0
1005,93333,93334,73b2f121c061e54c,DoS,1
1006,81095,81096,8ae0bc3b2fcd5edc,DoS,1
1007,6512,6513,2206737567f88f34,Normal,0
1008,5664,5665,442a9400af47e461,Normal,0
1009,114076,114077,94927bac40156127,Fuzzers,1
1010,13947,13948,0f58fafe733756ab,Normal,0
1011,20771,20772,5fd35bd775d88675,Normal,0
1012,162853,162854,d3b56dff4374f8a1,Generic,1
1013,74670,74671,c8a72f28644e8a72,Exploits,1
1014,124258,124259,21db89cad678f644,DoS,1
1015,121696,121697,8c0e3d91c424e4cd,Fuzzers,1
1016,15380,15381,9edfaf3662044439,Normal,0
1017,31341,31342,6092c7e765b82faa,Normal,0
1018,95446,95447,cd5f45745eff38cf,Exploits,1
1019,35657,35658,b37d030af1642a15,Normal,0
1020,38179,38180,83a2a37e51b09c5d,Normal,0
1021,96902,96903,52eda8d6349f12c6,Reconnaissance,1
1022,122382,122383,af9872c542f21a5d,Generic,1
1023,172617,172618,2af5e7d1a51b17d4,Generic,1
1024,66465,66466,83413baceea015c9,DoS,1
1025,14799,14800,bfd7071d76e632c9,Normal,0
1026,89424,89425,36d7c82cfb7fe8ec,Reconnaissance,1
1027,153810,153811,cb8c02718e69cd40,Generic,1
1028,34250,34251,314af3989f41a811,Normal,0
1029,156318,156319,7d524458f0ec374e,Generic,1
1030,85529,85530,4e06cc80c3083ab3,Shellcode,1
1031,114551,114552,041420492d8ffb17,Exploits,1
1032,64391,64392,5fa8ffacb4e57c49,Fuzzers,1
1033,153820,153821,d1e5b95aa5123b7d,Reconnaissance,1
1034,56299,56300,5ec48a2561e29e89,Exploits,1
1035,8381,8382,5bfaa9726c719fae,Normal,0
1036,48449,48450,2fc1fddd9d97fc36,Fuzzers,1
1037,122815,122816,066ec53af3ee8c16,Generic,1
1038,28375,28376,c27db0f5606e59e2,Normal,0
1039,107554,107555,b5facee643cab9d2,Reconnaissance,1
1040,126489,126490,3b2bd7097d65f290,Generic,1
1041,133431,133432,03feac75b5fe52fc,Generic,1
1042,133187,133188,3a6dd8c478c6c7cd,Generic,1
1043,156451,156452,a7208e99c4558510,Generic,1
1044,104281,104282,41c9fa64bbe0e3f6,Normal,0
1045,77019,77020,0e776c0890708423,Normal,0
1046,158102,158103,01c1d9d6e1b3504e,Generic,1
1047,142345,142346,941e8c87d2a6af4e,Reconnaissance,1
1048,105941,105942,1c32f9bdafdc6ffd,Exploits,1
1049,115073,115074,a520dd4de85ba356,DoS,1
1050,60163,60164,5f0a7ae969b2e7cc,Reconnaissance,1
1051,156953,156954,8593d85e18100f5a,Generic,1
1052,153824,153825,3a6dd8c478c6c7cd,Generic,1
1053,7751,7752,83c4482efba70827,Normal,0
1054,44705,44706,009918a63c1033f9,Normal,0
1055,37757,37758,781011782837b283,Normal,0
1056,100893,100894,b7b21141a4e9773a,DoS,1
1057,118418,118419,278c390884682b9c,Generic,1
1058,67869,67870,67c4341bbebdb32b,DoS,1
1059,60062,60063,badce3fb7324e13c,Fuzzers,1
1060,142243,142244,066ec53af3ee8c16,Exploits,1
1061,74471,74472,7b83ef4be4d3f1b6,Reconnaissance,1
1062,51140,51141,3c435652f2752df6,DoS,1
1063,97757,97758,aa28b9d3f047f28e,DoS,1
1064,105697,105698,b6da82cb32ff5c2b,Exploits,1
1065,88404,88405,6d3ad6119087bee9,Normal,0
1066,81937,81938,7616f1f25cebb3d6,Normal,0
1067,61992,61993,04f3fdddf14842c0,Fuzzers,1
1068,173394,173395,b364b312678bc0d0,Generic,1
1069,92172,92173,0b18e7640571aa7f,Fuzzers,1
1070,70260,70261,0ced10d75760ee6d,Fuzzers,1
1071,157519,157520,c824d302ee8a51ae,Generic,1
1072,158319,158320,e255e0649a97ed80,Generic,1
1073,131592,131593,fa864a2f73da2331,Generic,1
1074,136402,136403,6be93d3ac375ea77,Generic,1
1075,109072,109073,16bc6deae13a7417,Exploits,1
1076,66095,66096,34e9e53f1d995437,Exploits,1
1077,38641,38642,515de699ab031aaa,Normal,0
1078,6638,6639,99f991193ada29b0,Normal,0
1079,129589,129590,7f51036a2c6fa234,Generic,1
1080,23290,23291,6ef3c5257e0f6278,Normal,0
1081,149463,149464,dd36745f02e975fa,Exploits,1
1082,5753,5754,2713433859324528,Normal,0
1083,30564,30565,fb50998f9acfad0a,Normal,0
1084,43349,43350,46e8bae190a08e66,Normal,0
1085,37330,37331,55690bf67836f21c,Normal,0
1086,105266,105267,9864a6e1d5169a1c,Normal,0
1087,60181,60182,912f9b2bbe3bc7d0,Exploits,1
1088,96142,96143,393f152eae4a3dbf,Fuzzers,1
1089,64356,64357,037d6cfbed47c368,Exploits,1
1090,83526,83527,4f3d38d3fee55bd8,Fuzzers,1
1091,78927,78928,8f30255cf5015b2a,Fuzzers,1
1092,46636,46637,f27dbfdaaf2f451b,Normal,0
1093,117266,117267,c4ffd79896facb03,Generic,1
1094,106845,106846,f2f128c91d3dbc53,Exploits,1
1095,66192,66193,3690f1f90c2a774f,Fuzzers,1
1096,23657,23658,3be6c974f4292c50,Normal,0
1097,14959,14960,21d6d6ed12fee5da,Normal,0
1098,167616,167617,1812060956f35e4d,Fuzzers,1
1099,67335,67336,90a58d2000275da0,Exploits,1
1100,123920,123921,6e2beeacdb7a010d,Generic,1
1101,140385,140386,920b5ca0b585a60a,Generic,1
1102,139142,139143,af61749a6c5cb6ba,Reconnaissance,1
1103,115387,115388,1d2a67ab2c20ad4e,DoS,1
1104,56065,56066,fe9227feb31dfcae,Exploits,1
1105,10162,10163,f89a6796eb3031d9,Normal,0
1106,158284,158285,3603fa7e13ea4fb5,Generic,1
1107,7893,7894,06f55cd3ac58299c,Normal,0
1108,106748,106749,ba5a3ceef8798503,Exploits,1
1109,117007,117008,83b4c10f2f7091c2,Exploits,1
1110,48422,48423,2c6fdf96a4c55e10,Fuzzers,1
1111,145342,145343,fe551df9b56ca38a,Generic,1
1112,64117,64118,844d5fe9372974cb,Fuzzers,1
1113,134237,134238,b2c24443fe64789d,Generic,1
1114,55921,55922,a3b548ff3c599fea,Exploits,1
1115,10895,10896,59b87f66b2a0deb0,Normal,0
1116,89196,89197,2bf572ff54c60bc3,Normal,0
1117,78672,78673,6cafaf20430840b6,DoS,1
1118,143164,143165,8e9dfa26bdf0af9e,Generic,1
1119,72048,72049,8a4a7bc99ca9a1b7,Normal,0
1120,80097,80098,1d6bc09c7f337459,Exploits,1
1121,52638,52639,e7403fd1ac7384df,Fuzzers,1
1122,66854,66855,0c61c32690edb38e,Shellcode,1
1123,105200,105201,96cabc9ce77a9c63,Exploits,1
1124,93248,93249,3a02ce692bcf4bc9,DoS,1
1125,16562,16563,a0dfa2c6c7c94200,Normal,0
1126,105417,105418,972ffe22a168e471,Reconnaissance,1
1127,174970,174971,03feac75b5fe52fc,Generic,1
1128,4482,4483,f3e53cfd0ad41534,Normal,0
1129,13851,13852,c83846b0bd85b25e,Normal,0
1130,104207,104208,ad6ad98264aaefac,DoS,1
1131,120456,120457,e9e92fce0415a15a,Fuzzers,1
1132,88659,88660,e7812f362ee5d9a0,Exploits,1
1133,31728,31729,fd2d96485efe205d,Normal,0
1134,111176,111177,7c3cb6298a184913,DoS,1
1135,88302,88303,c9e4a8af1c817b13,Exploits,1
1136,3551,3552,e7602fc80d6064e8,Normal,0
1137,71842,71843,f3df9859102e605c,Exploits,1
1138,144077,144078,8c6ebc009dd27e51,Exploits,1
1139,79288,79289,9c4f8954e22a48e3,Reconnaissance,1
1140,60153,60154,be93af9305f477ce,DoS,1
1141,143408,143409,8e9dfa26bdf0af9e,Generic,1
1142,111673,111674,14dfdb205a3e7eb2,Exploits,1
1143,60069,60070,9c6ef7342e5da8c8,Fuzzers,1
1144,61955,61956,9e040134b87099b8,Exploits,1
1145,127933,127934,bb6b3509a9c307c8,Generic,1
1146,155345,155346,cc93c720b2775551,Generic,1
1147,15508,15509,70a70a3824a09d6a,Normal,0
1148,144713,144714,be57f44151f65f35,Generic,1
1149,80786,80787,d63f4ea0bc9cd5a0,Reconnaissance,1
1150,92062,92063,c3b00f5afd381ff1,Analysis,1
1151,10855,10856,ee5ebda289fb755e,Normal,0
1152,41304,41305,e49687934d1bb3f0,Normal,0
1153,2255,2256,b126df281b49e1ad,Normal,0
1154,47201,47202,d4d557bd2aa36502,Normal,0
1155,120397,120398,1d1e6f28730171b4,Exploits,1
1156,93675,93676,2db5e29bce3ac5e1,Exploits,1
1157,118712,118713,b554ab565b04a234,Exploits,1
1158,33518,33519,901906cd3a0d02ea,Normal,0
1159,158438,158439,9cff3bfdc53be0c4,Exploits,1
1160,105582,105583,cd3344af2c3e0da9,Exploits,1
1161,53286,53287,2e93c019cf2e7581,Exploits,1
1162,152736,152737,64c1032aa61ae32d,Reconnaissance,1
1163,112124,112125,797ac36dab2d57f8,DoS,1
1164,68847,68848,dfb6e1631f061816,Backdoor,1
1165,105649,105650,9e56b3fa6ba06a1b,Exploits,1
1166,139823,139824,c7291ddd2f72959e,Generic,1
1167,46084,46085,688f49e5c1c7dda9,Normal,0
1168,172281,172282,9a2134cbbea090e8,Exploits,1
1169,64700,64701,33a421735e68e53c,DoS,1
1170,61453,61454,f155f69b1c192de0,Exploits,1
1171,8841,8842,7d81319c58881a84,Normal,0
1172,93772,93773,80845bbb8ab4030f,DoS,1
1173,43925,43926,955a192d39654993,Normal,0
1174,169445,169446,205247c03db12403,DoS,1
1175,76041,76042,2b3d2f8314cb3131,Normal,0
1176,40943,40944,060731e1454da8dd,Normal,0
1177,157809,157810,fb3e221b7c4d4c5d,Generic,1
1178,126112,126113,6e2beeacdb7a010d,Generic,1
1179,6351,6352,19a8a2b506d2cece,Normal,0
1180,74772,74773,83413baceea015c9,Exploits,1
1181,146934,146935,cdc83ff8099d23cc,Generic,1
1182,92610,92611,33d8b7c75ed343de,Fuzzers,1
1183,30766,30767,4c14ce70328a2b3d,Normal,0
1184,142524,142525,a56db53f304d604a,Generic,1
1185,60492,60493,5a96c428a52f9cdc,Exploits,1
1186,48522,48523,bb677c163b716441,Fuzzers,1
1187,3629,3630,ea60353973b448c3,Normal,0
1188,137340,137341,59891134d8756829,Exploits,1
1189,76650,76651,13a58e31872e072b,Fuzzers,1
1190,154526,154527,1e694334c25ac3d5,Generic,1
1191,32716,32717,4ed4174a141cbcd5,Normal,0
1192,13233,13234,f0b75456d3e8286a,Normal,0
1193,121309,121310,8d89d88cf64d9c16,Reconnaissance,1
1194,161742,161743,97ea523f183d3769,Reconnaissance,1
1195,36969,36970,d3857f982cd108be,Normal,0
1196,23249,23250,21f97502161dab08,Normal,0
1197,166350,166351,03feac75b5fe52fc,Generic,1
1198,22879,22880,909c64e3437034f4,Normal,0
1199,154261,154262,3536fef8598fb123,Generic,1
1200,174335,174336,09d8d9e2f8e45ca0,Generic,1
1201,146782,146783,441f232a30504157,Exploits,1
1202,59697,59698,a814688ca573675e,Exploits,1
1203,93538,93539,1cc877b4abcabe7c,Exploits,1
1204,158377,158378,9f0909b63aee4f5a,Generic,1
1205,81890,81891,16fbce2c72db796a,Exploits,1
1206,128213,128214,97e8b6440c81fa85,Generic,1
1207,74230,74231,9c4f8954e22a48e3,Reconnaissance,1
1208,75030,75031,33a421735e68e53c,Exploits,1
1209,84562,84563,218a92860e7e257d,Normal,0
1210,93172,93173,0ba6a9acd42d2bc8,DoS,1
1211,172227,172228,dcf35c1cbe75a471,Generic,1
1212,113872,113873,b6560ef86db5f6bb,Normal,0
1213,108123,108124,bb6b3509a9c307c8,Exploits,1
1214,124459,124460,3bebebf69264650b,Generic,1
1215,116391,116392,f1167e9e02b89b29,Exploits,1
1216,149953,149954,9c56ede58e22765f,Exploits,1
1217,131264,131265,c81303bce7ddb5ec,Fuzzers,1
1218,49969,49970,2878e5c6d4ef85ce,Backdoor,1
1219,174313,174314,34d5055c694a2e1a,Generic,1
1220,5027,5028,9732fbc864b54467,Normal,0
1221,136617,136618,ddda926f47077269,Generic,1
1222,66383,66384,c70bc8b84953431a,Normal,0
1223,58802,58803,ce089ab64a46715a,Exploits,1
1224,34284,34285,31d2926e89a3b3d2,Normal,0
1225,124350,124351,5f57eb929aaedc20,Reconnaissance,1
1226,94509,94510,c48e7eeba12441c1,Exploits,1
1227,54860,54861,7cec2092ea8eddef,Exploits,1
1228,60505,60506,af07e55a0d570c58,Reconnaissance,1
1229,70181,70182,2e057b745aa22ae8,Backdoor,1
1230,50336,50337,47d3f27662fd694a,Fuzzers,1
1231,2174,2175,a66f2df71ac99d98,Normal,0
1232,116738,116739,2bab7dfb693cc3d9,Exploits,1
1233,37498,37499,22e020c303ba2e3e,Normal,0
1234,97385,97386,9969dc27d9932740,Reconnaissance,1
1235,65138,65139,c0341e3350a2a356,Fuzzers,1
1236,66160,66161,1b0883d9530d78fb,Fuzzers,1
1237,2873,2874,ab794587976f0af1,Normal,0
1238,65636,65637,967cc3975c047872,Exploits,1
1239,82028,82029,987f6943cb0c531e,Exploits,1
1240,96884,96885,58ccb15a592f38d0,Exploits,1
1241,98125,98126,763f242210431ce5,Fuzzers,1
1242,120908,120909,efe59a5af64f7b12,Exploits,1
1243,166217,166218,1d8751ce07749352,Backdoor,1
1244,94650,94651,99e83c26539e943c,Exploits,1
1245,20405,20406,194d7f62ed5715a5,Normal,0
1246,149551,149552,039501cbd63ba11d,Generic,1
1247,16761,16762,de8b35c2da299f38,Normal,0
1248,98531,98532,e318f8d8bbf6387e,Fuzzers,1
1249,60915,60916,9c4f8954e22a48e3,Reconnaissance,1
1250,111667,111668,14dfdb205a3e7eb2,Exploits,1
1251,19137,19138,7e73581a7ad20b32,Normal,0
1252,84169,84170,9ece333e3ff8855f,Normal,0
1253,84948,84949,38375f237aa1811d,Fuzzers,1
1254,122534,122535,23da6121f7f4db20,Generic,1
1255,51021,51022,20cab37d01e8b8e4,Exploits,1
1256,105466,105467,6fcbaaf5089fdba3,Exploits,1
1257,146546,146547,32ed2007d85d27f1,Generic,1
1258,26018,26019,8e69ddd97cc03d0d,Normal,0
1259,63466,63467,a2879b7ae10771b0,Fuzzers,1
1260,110104,110105,b5aba2fbf365a49a,Normal,0
1261,104842,104843,fa1fd37a1d219313,Exploits,1
1262,144241,144242,1934a3b75b9759b3,Generic,1
1263,125189,125190,891abbfd45211c72,Exploits,1
1264,4782,4783,43f8d0a79051f20e,Normal,0
1265,48973,48974,1661a8183a1ff216,Reconnaissance,1
1266,110470,110471,ad6ad98264aaefac,DoS,1
1267,60179,60180,69a4bb1d8ca6076e,Fuzzers,1
1268,69170,69171,151a11c0438fcf21,Fuzzers,1
1269,76607,76608,bb1a807a84f2fd32,Exploits,1
1270,96326,96327,3197c8968b319a3b,DoS,1
1271,47817,47818,91cc214d004c2ee0,Normal,0
1272,150038,150039,6e421ff642e2e768,Generic,1
1273,124923,124924,3eeb6254216d3fb0,Generic,1
1274,101618,101619,4ce13e69d15a77bd,Normal,0
1275,12246,12247,50688f0d1e76a7bf,Normal,0
1276,62112,62113,6656f0225df881da,Reconnaissance,1
1277,119957,119958,1c05c61ef65581e8,Generic,1
1278,166317,166318,3eb43f9824c5ea1e,DoS,1
1279,84728,84729,395d409b6fb1066d,Exploits,1
1280,56907,56908,5ec48a2561e29e89,DoS,1
1281,54232,54233,ce089ab64a46715a,Exploits,1
1282,59874,59875,11cb835591642bb2,Exploits,1
1283,23479,23480,7e0ca511fbe190a7,Normal,0
1284,156940,156941,f50617117eea7218,Generic,1
1285,91370,91371,f895b9fe1fc9ad20,Analysis,1
1286,116701,116702,ea00cf4a59c2f8f9,Fuzzers,1
1287,149581,149582,8232dc198ee263d3,Exploits,1
1288,104213,104214,ad6ad98264aaefac,Exploits,1
1289,137491,137492,89133b2ce9e2ab60,Generic,1
1290,151201,151202,3957322c94d6b977,Exploits,1
1291,25211,25212,b06fdcbea9288bc7,Normal,0
1292,123921,123922,ed38fb8e4ae84443,Fuzzers,1
1293,15517,15518,3b0e7de32fa103b6,Normal,0
1294,47941,47942,18fa051853388f97,Analysis,1
1295,147388,147389,114fd8829a501d9d,Generic,1
1296,77186,77187,cf656feaca65a7f0,Exploits,1
1297,52119,52120,574c4342be0c2998,Exploits,1
1298,156235,156236,3536fef8598fb123,Generic,1
1299,127231,127232,e255e0649a97ed80,Generic,1
1300,13424,13425,414469e65931078e,Normal,0
1301,168973,168974,1d76401593b9e23a,Generic,1
1302,15681,15682,1db958a424f55ea6,Normal,0
1303,168330,168331,6eff3448f4a14c9a,Generic,1
1304,87447,87448,73bec58c07587148,DoS,1
1305,38861,38862,0323d4e0b5d40ff5,Normal,0
1306,133024,133025,6021e06238646561,Generic,1
1307,96077,96078,32836a2d8521bbc1,Exploits,1
1308,4939,4940,7d79952dcac150f7,Normal,0
1309,153690,153691,328c1ee74e2d5ba2,Generic,1
1310,102717,102718,1afb6d39721e7d44,Normal,0
1311,27804,27805,a502483c11e42c77,Normal,0
1312,86561,86562,2c8b091e25abc505,Exploits,1
1313,147833,147834,3b8e835d7aa8f098,Fuzzers,1
1314,38932,38933,fc96abeef046dc58,Normal,0
1315,170586,170587,34d5055c694a2e1a,Generic,1
1316,4884,4885,bd912050355f63ce,Normal,0
1317,156143,156144,6e421ff642e2e768,Generic,1
1318,73920,73921,82cdd69ce307dc50,Normal,0
1319,19244,19245,47000a6556bcc4a0,Normal,0
1320,74445,74446,137915cc28c711ed,Fuzzers,1
1321,148921,148922,36aa1027af17d05e,Generic,1
1322,86429,86430,4bce57c0ffb42e66,Exploits,1
1323,92028,92029,39169745f4337db9,Normal,0
1324,141196,141197,1dd27bbf54731f58,Generic,1
1325,54222,54223,66fae0cd516802c7,Fuzzers,1
1326,101227,101228,3776c31b95b92265,Fuzzers,1
1327,150325,150326,e36861a1ec1e120f,Generic,1
1328,172232,172233,dcf35c1cbe75a471,Generic,1
1329,95519,95520,e8da0c5f54f87602,Fuzzers,1
1330,126697,126698,801a2cc3e6a9a317,Generic,1
1331,126154,126155,90fa9ed21b670d40,Generic,1
1332,57795,57796,2ce363d92be138ea,DoS,1
1333,64081,64082,b4e3e127f9e4b59b,Exploits,1
1334,33309,33310,f7016aa2af91bc20,Normal,0
1335,130981,130982,d258900ef9f9f8da,Generic,1
1336,10373,10374,7a829e29326687c9,Normal,0
1337,159872,159873,16fc362cfe6c05ff,Generic,1
1338,94287,94288,0ba6a9acd42d2bc8,Exploits,1
1339,84343,84344,0da5187812d34d76,Exploits,1
1340,12297,12298,e94864fc760b7d88,Normal,0
1341,575,576,716d876064d8dd0a,Normal,0
1342,174602,174603,24e9be7d0408a95d,Generic,1
1343,96591,96592,c3d06f6d75c541db,Reconnaissance,1
1344,52185,52186,aaba5ca287a3577b,Exploits,1
1345,12210,12211,1912186672844984,Normal,0
1346,53837,53838,6de8231254bac9a3,DoS,1
1347,97186,97187,ab3db1214bf69ebc,Exploits,1
1348,132866,132867,36aa1027af17d05e,Generic,1
1349,167723,167724,42775522c01e442c,Generic,1
1350,71299,71300,acbdc25df13cdbbd,Normal,0
1351,119656,119657,4f64d7fc390f7240,Exploits,1
1352,145038,145039,1bffd05e847fe0ba,Generic,1
1353,128608,128609,6cd6c74c509c3d31,Exploits,1
1354,71430,71431,4adf19f3975a3705,Exploits,1
1355,60694,60695,003530773ac9c124,Fuzzers,1
1356,161638,161639,8593d85e18100f5a,Generic,1
1357,9488,9489,aff3efd92370c520,Normal,0
1358,80369,80370,101d920026ef9b9a,Exploits,1
1359,142418,142419,6db39656ba303478,Generic,1
1360,79234,79235,3e0586d568f0f182,Exploits,1
1361,38704,38705,fb20bf970817a4b5,Normal,0
1362,103636,103637,a318b56883dbd5a2,Reconnaissance,1
1363,75794,75795,1fcaf926ddb48cac,Exploits,1
1364,34127,34128,f8bbe4aa7271427a,Normal,0
1365,27496,27497,3477ca729f40e658,Normal,0
1366,137079,137080,ede3ac1e5ee512c0,DoS,1
1367,106251,106252,84453bf30add5ca4,Exploits,1
1368,18033,18034,e9bd11eec5b8e927,Normal,0
1369,63985,63986,be422f1b87afbfeb,Exploits,1
1370,93255,93256,cdd4ab91895bec54,DoS,1
1371,50709,50710,eef6ef2bb0aa8755,Exploits,1
1372,19198,19199,2e88538bb2758a32,Normal,0
1373,95865,95866,c3b00f5afd381ff1,DoS,1
1374,76999,77000,948bd8ec6451053d,Exploits,1
1375,101933,101934,6f82597fed46e409,Exploits,1
1376,12690,12691,1d0f0c58d569c379,Normal,0
1377,123046,123047,5cc92a91b8c7a375,Exploits,1
1378,140362,140363,11ec238828f84d1b,Generic,1
1379,48209,48210,600e7705a218f0d1,Analysis,1
1380,47345,47346,ac448a17f1715d35,Normal,0
1381,74675,74676,56714a8a3cb7028f,Exploits,1
1382,8736,8737,f4296105e52035a5,Normal,0
1383,115795,115796,18b8e34e8a425636,Exploits,1
1384,51556,51557,e71b4426a4c29a8e,Exploits,1
1385,159238,159239,2365f5719c9f6f7a,Generic,1
1386,70653,70654,052a4edf8f908b60,Exploits,1
1387,3614,3615,381b996eb6ec7add,Normal,0
1388,57009,57010,b440c813bbfcadc2,Exploits,1
1389,169026,169027,27b1b7951491719f,Generic,1
1390,48223,48224,200be17ade49fc05,Analysis,1
1391,94081,94082,51c63cf6d55bd253,Fuzzers,1
1392,114540,114541,97bc6e9258ef4f1b,Fuzzers,1
1393,112251,112252,da48dd41d6a2aaa5,Exploits,1
1394,91288,91289,b2d1b4121a041663,Exploits,1
1395,102732,102733,4a7966a161f22673,Reconnaissance,1
1396,109910,109911,a520dd4de85ba356,Exploits,1
1397,88846,88847,f22a384df499861c,Fuzzers,1
1398,134410,134411,e3a47c1501a97c16,Reconnaissance,1
1399,12589,12590,5ab0edd20cb291d5,Normal,0
1400,116974,116975,eefcd035d2c9e508,Reconnaissance,1
1401,13577,13578,3b6cbdf817491422,Normal,0
1402,44097,44098,7ca0bed3122e3688,Normal,0
1403,51697,51698,11f1e1d07471bf34,DoS,1
1404,66534,66535,fb42bb6a9a87e74c,Exploits,1
1405,14517,14518,210cae2535ffb06b,Normal,0
1406,48124,48125,e9f17856d011467f,Analysis,1
1407,124776,124777,16535c791effa896,Generic,1
1408,17446,17447,d2dc03d254bb2ee4,Normal,0
1409,59686,59687,0cb94d18a68c6f12,Exploits,1
1410,34535,34536,0ecb4108e075a2ec,Normal,0
1411,44236,44237,dc8b8c51d2cdfd19,Normal,0
1412,55189,55190,e68d55ab32481689,Exploits,1
1413,152358,152359,8d36f524d717966f,Reconnaissance,1
1414,31731,31732,ba07f808d36f21a8,Normal,0
1415,24068,24069,4a0c128aee508364,Normal,0
1416,49796,49797,464633b44e588cdc,Fuzzers,1
1417,164435,164436,91581cd1051da78f,Generic,1
1418,32196,32197,80d805967858a7a3,Normal,0
1419,163930,163931,09c4fc552b33db10,DoS,1
1420,47913,47914,4f5f937542877762,Backdoor,1
1421,168827,168828,adacb8f413559855,Generic,1
1422,30900,30901,313bcdc2e8b3335b,Normal,0
1423,162275,162276,59e2c1fcf58f458e,Generic,1
1424,29832,29833,7f87b66d05280f98,Normal,0
1425,59116,59117,94d87dcbf586fe8a,Exploits,1
1426,6553,6554,7daf0808242f22f1,Normal,0
1427,116227,116228,b69fbcb393b7f659,Exploits,1
1428,52402,52403,b82825e68fa7faec,Exploits,1
1429,162590,162591,3603fa7e13ea4fb5,Generic,1
1430,108811,108812,4102a82f271d9169,Normal,0
1431,31245,31246,275d4f5efb88a23e,Normal,0
1432,116032,116033,35cb8793971b661d,Exploits,1
1433,20433,20434,7f0064504819532a,Normal,0
1434,72571,72572,624f343992ba90f5,Fuzzers,1
1435,26935,26936,901419362e9b2dc1,Normal,0
1436,84777,84778,67f1c7a3314d651f,Fuzzers,1
1437,105766,105767,301a7fccd454c72b,Exploits,1
1438,119080,119081,f01e5ce4bc1b458f,Generic,1
1439,119747,119748,edaacbe888f1354e,Generic,1
1440,99118,99119,d4ab636437f370af,Exploits,1
1441,173133,173134,cfcbaf774dd88534,DoS,1
1442,150324,150325,a56db53f304d604a,Generic,1
1443,128888,128889,55010927e99e9770,Reconnaissance,1
1444,167070,167071,07b456eb0d813fed,DoS,1
1445,138669,138670,0344b8c1dbcf00f2,Generic,1
1446,127060,127061,c57283d347ba7d03,Generic,1
1447,115408,115409,86a05280b9898bde,Fuzzers,1
1448,90286,90287,728b3c89e1a7f742,Exploits,1
1449,127788,127789,6df2cdceb871bedb,Exploits,1
1450,68382,68383,a7a8136ea5dca06d,Reconnaissance,1
1451,155606,155607,103fb17cb189304c,Generic,1
1452,37837,37838,77b8c6c59d2927f2,Normal,0
1453,67024,67025,f9d6707738bacd8c,DoS,1
1454,38242,38243,74fdce917c13de27,Normal,0
1455,105515,105516,6a575352e244f547,Exploits,1
1456,9158,9159,395f95157f737c18,Normal,0
1457,937,938,07ed046e0eff9950,Normal,0
1458,84381,84382,440f0162759ea1c9,Normal,0
1459,147747,147748,77d312846b0d59c3,Generic,1
1460,46641,46642,a8f89b3fa69d9a6b,Normal,0
1461,56476,56477,a9f70961474288a0,DoS,1
1462,157394,157395,34d5055c694a2e1a,Generic,1
1463,84335,84336,0da5187812d34d76,Reconnaissance,1
1464,108672,108673,489146c862c4d9b4,DoS,1
1465,81961,81962,b8d90ed6bcdf7fa8,Normal,0
1466,91,92,68ea48ce82865fff,Normal,0
1467,38675,38676,e0ef92fad19063e3,Normal,0
1468,55745,55746,96cd421adba225e0,Exploits,1
1469,60340,60341,4434e1936251a753,Reconnaissance,1
1470,119406,119407,c5d31cb7fa97cb30,Generic,1
1471,172563,172564,70d91fb75dda1c3d,Generic,1
1472,128408,128409,a56db53f304d604a,Generic,1
1473,108600,108601,192a9959577cb977,Normal,0
1474,86968,86969,90b3605534629856,Fuzzers,1
1475,158225,158226,895e5aab8b0b47e1,Generic,1
1476,2214,2215,a9150a27a0e0a8e3,Normal,0
1477,147070,147071,3b2bd7097d65f290,Generic,1
1478,83599,83600,11f83241bc291c3e,DoS,1
1479,117014,117015,c9ca187e134a143a,Exploits,1
1480,137312,137313,d32818c5be8ba959,Fuzzers,1
1481,26877,26878,45d6f1ca551271f7,Normal,0
1482,37116,37117,4d3bdd4c20002b4a,Normal,0
1483,82153,82154,7d5815a85e35cd2d,Exploits,1
1484,20748,20749,2e2615f863951a3f,Normal,0
1485,97211,97212,8ef232b987e446d6,Fuzzers,1
1486,89119,89120,5db48b18c42b1c58,Normal,0
1487,122720,122721,1e121e5633be1048,Generic,1
1488,12324,12325,b03cf9ab8019f5b4,Normal,0
1489,147272,147273,a22e2436bf9701c1,Generic,1
1490,156422,156423,e99dfdafac5f5caf,Generic,1
1491,102088,102089,3c33cc68af68e9d2,Fuzzers,1
1492,17197,17198,000717e165b97a9f,Normal,0
1493,85981,85982,e8809f76271df461,Exploits,1
1494,115781,115782,ed8ac9ea1afff544,Normal,0
1495,90903,90904,164bb8cdf2da1004,Fuzzers,1
1496,133961,133962,02ac7f4200f372f7,Generic,1
1497,165598,165599,fe02c3d131baffde,Generic,1
1498,92071,92072,a9eb8ece621faec1,Fuzzers,1
1499,76603,76604,bb1a807a84f2fd32,DoS,1
1500,2101,2102,6ab30e172ef6cb0f,Normal,0
1501,127889,127890,0b61614a45765a39,Generic,1
1502,65165,65166,3b6923dccd35c9e1,Reconnaissance,1
1503,15310,15311,4ba98013072dd7e6,Normal,0
1504,157403,157404,4500a00d77fb8bdf,Generic,1
1505,56893,56894,5ec48a2561e29e89,Exploits,1
1506,90768,90769,73b2f121c061e54c,Exploits,1
1507,49083,49084,c551d0ad2dd81dd9,Fuzzers,1
1508,37714,37715,8f8032270c305771,Normal,0
1509,12825,12826,332cffd4805f9ade,Normal,0
1510,23906,23907,9e3690ca524a30cb,Normal,0
1511,174085,174086,4ca0621163e33154,Reconnaissance,1
1512,120228,120229,c6eab365d8d9795b,DoS,1
1513,127466,127467,e2328e6c00ddabba,Reconnaissance,1
1514,93214,93215,6a5b4f1d3e9c09e6,Exploits,1
1515,104710,104711,636416e3f0032d92,DoS,1
1516,35035,35036,c615afbfa1560468,Normal,0
1517,114545,114546,97bc6e9258ef4f1b,Exploits,1
1518,106934,106935,af962a26167c9c4a,Exploits,1
1519,114761,114762,d6f13359409b8995,Fuzzers,1
1520,101397,101398,2bccc24440842ac9,Fuzzers,1
1521,92074,92075,a9eb8ece621faec1,DoS,1
1522,121368,121369,7455afd5c510fdea,Exploits,1
1523,57340,57341,94d87dcbf586fe8a,Reconnaissance,1
1524,144864,144865,bc712958d818704b,Generic,1
1525,151524,151525,019e9e11a189ae61,Generic,1
1526,103167,103168,0dca40c9be7729ac,Fuzzers,1
1527,167563,167564,6161b341591f33e8,Fuzzers,1
1528,43213,43214,e0208840811be112,Normal,0
1529,33100,33101,6c15339ab2b5c4df,Normal,0
1530,116261,116262,2bab7dfb693cc3d9,DoS,1
1531,41429,41430,a2ed92a37cbcc342,Normal,0
1532,30279,30280,b4226cc8ea397911,Normal,0
1533,86224,86225,33ef818692ee4c7e,Fuzzers,1
1534,64347,64348,73f92a967507c78a,Exploits,1
1535,170410,170411,58278c295fd74cbb,Exploits,1
1536,19179,19180,78dcf76e2b0783af,Normal,0
1537,149749,149750,dec06037c3ad4726,Generic,1
1538,13332,13333,eb218f9376ef4f57,Normal,0
1539,109313,109314,976435402b39c877,Normal,0
1540,173081,173082,f01e5ce4bc1b458f,Generic,1
1541,20441,20442,aba2c78e1acb6db1,Normal,0
1542,2188,2189,42db4530d38e5c7c,Normal,0
1543,32860,32861,aaebc9d594997987,Normal,0
1544,4869,4870,70bc430081442b1b,Normal,0
1545,136329,136330,afff9a8b03369b6e,Exploits,1
1546,118089,118090,a45370191033e06f,Reconnaissance,1
1547,153757,153758,bc712958d818704b,Generic,1
1548,149604,149605,82bf08e64a09574b,Generic,1
1549,90118,90119,0d55792dbbd03201,Fuzzers,1
1550,42877,42878,0167fd39a0001b72,Normal,0
1551,87134,87135,40010751933fec35,Reconnaissance,1
1552,47437,47438,b0810ed540febaff,Normal,0
1553,39267,39268,a62783bed3d6a6a9,Normal,0
1554,38579,38580,0bb25e33a405b715,Normal,0
1555,168447,168448,78583c6070018a7a,DoS,1
1556,113766,113767,2b8122a80b56057c,Fuzzers,1
1557,101396,101397,1a3e022e2b9e1916,Exploits,1
1558,50077,50078,7ebfcede12536dab,Worms,1
1559,22710,22711,13fb4a3f454998e2,Normal,0
1560,102628,102629,c8e1bfb9fb15c3ac,Exploits,1
1561,172861,172862,59baa75cb4b774e8,Generic,1
1562,151919,151920,e0369b6797b64e36,Generic,1
1563,13936,13937,aceb8c1b145e5769,Normal,0
1564,136354,136355,837887a94cd3a770,Reconnaissance,1
1565,94536,94537,c357a9609907a0a7,Reconnaissance,1
1566,174536,174537,37fa1d67b353e683,Generic,1
1567,98846,98847,39531f7293788725,Exploits,1
1568,122708,122709,c57283d347ba7d03,Generic,1
1569,46272,46273,d879278de2b5bb91,Normal,0
1570,117888,117889,080def70f395d54f,Exploits,1
1571,168186,168187,ff9d50fa7d901bc2,Fuzzers,1
1572,91227,91228,4e80ca8708a6fc9f,Normal,0
1573,141471,141472,205247c03db12403,Analysis,1
1574,137296,137297,069925d8463f182a,Backdoor,1
1575,102228,102229,b5c669b964c43938,Analysis,1
1576,162611,162612,31e59fc680576ea0,Generic,1
1577,148976,148977,4ac8d46b69c91c2d,Generic,1
1578,50388,50389,34b652ebdf3615d1,Fuzzers,1
1579,78209,78210,cf656feaca65a7f0,DoS,1
1580,97407,97408,e2475dcc0ca8e372,Fuzzers,1
1581,156990,156991,11519ee3e0fa6b70,Generic,1
1582,53322,53323,9c4f8954e22a48e3,Reconnaissance,1
1583,30412,30413,b93045f0936eb554,Normal,0
1584,20494,20495,bca7d358a73c2876,Normal,0
1585,75544,75545,e3156320cfdca1f8,Backdoor,1
1586,61999,62000,339950f7a9f881d6,Exploits,1
1587,22497,22498,ea66e0f5e541fc4e,Normal,0
1588,175096,175097,f9a7b4df2d80ffca,Generic,1
1589,105940,105941,8ce3eb7916e595b8,Normal,0
1590,61025,61026,b856cc6440a8bbcd,Fuzzers,1
1591,110700,110701,32f252ea61747fc7,Normal,0
1592,91880,91881,c878325d4baaf7c2,Analysis,1
1593,81429,81430,ef22976c403ffe1a,DoS,1
1594,126915,126916,0da11d3d4fab1f08,Generic,1
1595,159151,159152,c07106b43c3e4a1a,Fuzzers,1
1596,101622,101623,4eb516efcff566ea,Exploits,1
1597,126740,126741,923cf29eedb980d2,Generic,1
1598,125033,125034,fa2a76935f4662fa,Exploits,1
1599,108932,108933,d7cdf83525c6e8ab,Exploits,1
1600,28416,28417,a57d64085fe94bee,Normal,0
1601,9699,9700,d6636f6aeb43b29c,Normal,0
1602,55975,55976,d309aae9f006dbb5,Exploits,1
1603,60341,60342,7811011baa8468d2,Exploits,1
1604,32168,32169,398db4b07a6bdb51,Normal,0
1605,101138,101139,9bd8637a35f20062,Fuzzers,1
1606,174185,174186,5837338f750e3e25,Generic,1
1607,124274,124275,a6ce1bb796b0a833,Fuzzers,1
1608,7340,7341,33710867be73b360,Normal,0
1609,153712,153713,e7439bdaf4f781ba,Generic,1
1610,94389,94390,99c830188ee08ab0,DoS,1
1611,64141,64142,6a92b597e8426838,Exploits,1
1612,11294,11295,5c8e7c7a74e85e0e,Normal,0
1613,22547,22548,abf2e44f6f9b2eb2,Normal,0
1614,84121,84122,113e19e8734b6888,Normal,0
1615,25323,25324,866c7b8aaa04074a,Normal,0
1616,88095,88096,957d72ccb40b6f24,Normal,0
1617,39049,39050,863a854c6a675799,Normal,0
1618,33414,33415,7c66e31461bc55d2,Normal,0
1619,32541,32542,5f242392be224dcc,Normal,0
1620,138161,138162,91886a15553f2076,Generic,1
1621,170272,170273,bddedf44bc8b2e9c,Generic,1
1622,167734,167735,42775522c01e442c,Generic,1
1623,110678,110679,19a64023d6d42f40,Normal,0
1624,81810,81811,ec69a52c2c0064cb,Fuzzers,1
1625,82055,82056,9ea48225a5771d19,Fuzzers,1
1626,133324,133325,3e69a414bf756f89,Generic,1
1627,78874,78875,e210c2583f6ef0fa,Exploits,1
1628,151727,151728,a6b929719c793710,Exploits,1
1629,127560,127561,44b7fee0631da398,Exploits,1
1630,106544,106545,45673b2b83cd0b04,Fuzzers,1
1631,133761,133762,6a020cbf4dacc3d7,Generic,1
1632,100688,100689,bc3c88d62530bcc9,DoS,1
1633,98889,98890,6943ee7b6f69bddb,Fuzzers,1
1634,161585,161586,e563863c8957671b,Generic,1
1635,169669,169670,f8423ae561445ca1,Exploits,1
1636,94584,94585,b3376e22f40ce794,Exploits,1
1637,52880,52881,9c4f8954e22a48e3,Reconnaissance,1
1638,141930,141931,eb3d7f2c7cae0a9b,Exploits,1
1639,58850,58851,2e93c019cf2e7581,Backdoor,1
1640,26217,26218,84a9199afcd98ae5,Normal,0
1641,4971,4972,e16ad854d9d0e6d5,Normal,0
1642,107462,107463,f6ed2c7a533a0e86,Normal,0
1643,113093,113094,489146c862c4d9b4,DoS,1
1644,118439,118440,f25eea236310cb40,Generic,1
1645,125889,125890,05f305579931cf16,Exploits,1
1646,136664,136665,bddedf44bc8b2e9c,Generic,1
1647,125539,125540,6e2beeacdb7a010d,Generic,1
1648,91734,91735,4776a721f1be5dce,Fuzzers,1
1649,45443,45444,5e3cc2b06f142215,Normal,0
1650,132673,132674,528765485e597c29,Exploits,1
1651,71880,71881,5c41a23506392491,DoS,1
1652,142996,142997,9f28181941d06c6e,Generic,1
1653,121091,121092,f4c385391401bf11,Exploits,1
1654,45978,45979,ac930f1a3e72a869,Normal,0
1655,43381,43382,3b7d62bb6c640e0a,Normal,0
1656,159686,159687,d8e9284e1db96c5d,Generic,1
1657,20050,20051,c6c71ec0922916b5,Normal,0
1658,88910,88911,78f85347b4b72587,Normal,0
1659,32603,32604,b46a2dc37a83ed43,Normal,0
1660,71329,71330,096b392045a48a55,DoS,1
1661,175183,175184,bc302ca0bdb1aa85,Generic,1
1662,32293,32294,fff88c725e84f6ba,Normal,0
1663,173576,173577,d66af4eedc6d4e11,Generic,1
1664,122682,122683,872115adc55a6e3d,Generic,1
1665,43928,43929,9ac78fbcca2a7e80,Normal,0
1666,39559,39560,85bc5faf64e81090,Normal,0
1667,148845,148846,d5fc547c9d2c09f7,Generic,1
1668,137453,137454,a3cd47386a309e85,DoS,1
1669,163653,163654,340d342e8992466f,Fuzzers,1
1670,137117,137118,c3c5f3262ebc16cc,Generic,1
1671,152893,152894,de1bbbb3c2842fdc,Generic,1
1672,131576,131577,f4e115570f136bd7,Generic,1
1673,157241,157242,91581cd1051da78f,Generic,1
1674,156032,156033,3a6dd8c478c6c7cd,Generic,1
1675,123334,123335,a6bc544376fe13fe,Generic,1
1676,63832,63833,4630f46363cf31dd,Exploits,1
1677,104827,104828,62d7e0a6e1d536c5,Fuzzers,1
1678,22356,22357,042cd7668569a1a2,Normal,0
1679,89824,89825,cfb855ec51df72b7,Exploits,1
1680,83278,83279,c82c26fb7f7bccac,Fuzzers,1
1681,13572,13573,1c35aaf6a6124902,Normal,0
1682,73739,73740,8fdd2447583acd6f,Reconnaissance,1
1683,143618,143619,2bb0e134673cce11,Backdoor,1
1684,64310,64311,aab8bcfdb23e7b57,Exploits,1
1685,7453,7454,f08f776ba1eb3cb2,Normal,0
1686,69985,69986,d37538ac7b14f8d6,Exploits,1
1687,34978,34979,d35505953a8123ad,Normal,0
1688,156758,156759,2822f6f2090e4302,Worms,1
1689,76854,76855,10412b59ed7637dc,DoS,1
1690,90960,90961,24f6a78aff0830e5,Fuzzers,1
1691,161079,161080,9c4f8954e22a48e3,Reconnaissance,1
1692,79283,79284,a822c339939eb38f,DoS,1
1693,72513,72514,8ff02b4c17646d75,Normal,0
1694,37495,37496,1b30c6b651149717,Normal,0
1695,3049,3050,d64a976f0a7f4c10,Normal,0
1696,145405,145406,eec338726281d2ad,Generic,1
1697,60892,60893,badce3fb7324e13c,Fuzzers,1
1698,71984,71985,e3156320cfdca1f8,Fuzzers,1
1699,21379,21380,a6979d6095ff9a94,Normal,0
1700,169496,169497,98838bab46ff7916,Exploits,1
1701,76739,76740,33a421735e68e53c,Analysis,1
1702,17251,17252,2c21b5e359f4458d,Normal,0
1703,160681,160682,49dfdaeaff1b093b,Generic,1
1704,106408,106409,689adf3fc1c68c8a,Normal,0
1705,86245,86246,bcef4ce96ee3da4e,Normal,0
1706,7961,7962,d3400c60424e8da8,Normal,0
1707,55228,55229,ddbe27cda2565257,Exploits,1
1708,89,90,013ee2e9d6ee7b5d,Normal,0
1709,89873,89874,e675fd0e6534c400,Reconnaissance,1
1710,173327,173328,e0c5d74f72a44d03,Generic,1
1711,88304,88305,c9e4a8af1c817b13,Exploits,1
1712,154476,154477,1fd23496eaa2ee7e,Generic,1
1713,62102,62103,a6ca0cfa216ceed1,Fuzzers,1
1714,13888,13889,33dd90f33f5fa4c1,Normal,0
1715,54233,54234,7e59c46ee69547fa,Fuzzers,1
1716,20964,20965,6e463a91596e7fc5,Normal,0
1717,85526,85527,413565d94a946c7b,Exploits,1
1718,29479,29480,f6acaf95ccd11977,Normal,0
1719,40188,40189,08b50096fe4bcf7d,Normal,0
1720,83960,83961,4e5775d9d14d040f,Reconnaissance,1
1721,68513,68514,70638eec9574fc76,Exploits,1
1722,135434,135435,c95ab9b1aa233336,Generic,1
1723,67914,67915,90a58d2000275da0,DoS,1
1724,84116,84117,40b554d2f5d9581e,Normal,0
1725,163110,163111,272f9f2cfb5ec451,Generic,1
1726,78245,78246,4f64d7fc390f7240,Backdoor,1
1727,101697,101698,d38df365a7d4210d,Normal,0
1728,14832,14833,c5ae662cc849fe33,Normal,0
1729,141272,141273,bcf3c47a692d420c,Generic,1
1730,134797,134798,11ec238828f84d1b,Generic,1
1731,100166,100167,1a983cd6c4d0de2c,Exploits,1
1732,141847,141848,f54235ef3d91a57f,Reconnaissance,1
1733,9494,9495,85d28af4699d21f1,Normal,0
1734,114079,114080,17bd49c91529c5a1,Exploits,1
1735,157790,157791,34d5055c694a2e1a,Generic,1
1736,90381,90382,99e83c26539e943c,DoS,1
1737,15434,15435,99d662e810a0219d,Normal,0
1738,95765,95766,c878325d4baaf7c2,Exploits,1
1739,123216,123217,34d5055c694a2e1a,Generic,1
1740,35370,35371,08643935745ad1dd,Normal,0
1741,146338,146339,4f5424cd2ea05ac3,Generic,1
1742,162801,162802,e4eeefca3b40e3f1,DoS,1
1743,22184,22185,f2cac0740648049f,Normal,0
1744,27226,27227,0ea8df1c92a88064,Normal,0
1745,44419,44420,55936778e5838a45,Normal,0
1746,96199,96200,b76928a08184453c,Normal,0
1747,55509,55510,a9f70961474288a0,Exploits,1
1748,98705,98706,eea2fcce45dd9c03,Reconnaissance,1
1749,38258,38259,f79b73b4deb684ae,Normal,0
1750,159143,159144,f9a0ac8cef61f489,Exploits,1
1751,63468,63469,c1fcab9aae7a08ad,Exploits,1
1752,156030,156031,9cff3bfdc53be0c4,Exploits,1
1753,118873,118874,d76445161b908f4c,Exploits,1
1754,117509,117510,a8e363aa45e98f30,Reconnaissance,1
1755,49331,49332,91ac964b6d4fbbf9,Exploits,1
1756,123321,123322,fc49f2c720e0579b,Reconnaissance,1
1757,91866,91867,cdd4ab91895bec54,DoS,1
1758,80538,80539,79ed574777a59032,Fuzzers,1
1759,118079,118080,dd9023bd01a8aeda,DoS,1
1760,165847,165848,34d5055c694a2e1a,Generic,1
1761,147028,147029,3c163048c8be3ce1,Generic,1
1762,2527,2528,a0fcb295b9a87a6d,Normal,0
1763,59162,59163,11cb835591642bb2,Exploits,1
1764,94043,94044,32dc22accc34571b,Reconnaissance,1
1765,138188,138189,edc1cc3c65a8374e,Generic,1
1766,98627,98628,94167f320d0d2393,Exploits,1
1767,103079,103080,827b37396807a49a,Exploits,1
1768,132964,132965,bc7b4e3e983a5299,DoS,1
1769,37274,37275,028a94ada69979d2,Normal,0
1770,80313,80314,04a96643c843112f,Exploits,1
1771,87396,87397,92d28fb37561dfd9,Reconnaissance,1
1772,85782,85783,b29218036285e8f6,Exploits,1
1773,51464,51465,2893e0ff4924dab2,Exploits,1
1774,72381,72382,b59e23f26f993c5e,Fuzzers,1
1775,138858,138859,ff9d50fa7d901bc2,Exploits,1
1776,126186,126187,ab018d9fbe30603c,Generic,1
1777,122996,122997,64c1032aa61ae32d,Exploits,1
1778,45365,45366,a4508bdea1b77bbe,Normal,0
1779,79950,79951,3a02ce692bcf4bc9,Analysis,1
1780,73873,73874,eb2f8388577a7bd9,Exploits,1
1781,162447,162448,05414c34b073470f,Generic,1
1782,61869,61870,a320d0405733fb3a,Exploits,1
1783,103647,103648,48fa7e2bfe67d8a5,Fuzzers,1
1784,44165,44166,a3c6346dc2d08de8,Normal,0
1785,45916,45917,dd1fa0aafa466f93,Normal,0
1786,38115,38116,16c427317674375d,Normal,0
1787,49457,49458,0e2a76add68dcadf,Reconnaissance,1
1788,139642,139643,2bd6575cc08d21a2,Exploits,1
1789,164741,164742,bdd9ee60b2dd74a9,Fuzzers,1
1790,78510,78511,1a0ee02f53df2701,DoS,1
1791,49222,49223,d210ed65efcc373b,Fuzzers,1
1792,5039,5040,7f5e6635adfa62ec,Normal,0
1793,122702,122703,c57283d347ba7d03,Generic,1
1794,29503,29504,c216894883a389b5,Normal,0
1795,164137,164138,69f1d42f18ffcdd0,Generic,1
1796,156918,156919,272f9f2cfb5ec451,Generic,1
1797,154787,154788,29cb13fc8add7911,Generic,1
1798,85536,85537,c9e4a8af1c817b13,DoS,1
1799,152987,152988,36aa1027af17d05e,Generic,1
1800,144323,144324,3a6dd8c478c6c7cd,Generic,1
1801,92127,92128,747b1bf918d75b46,Fuzzers,1
1802,126815,126816,976308b48ebd566f,Exploits,1
1803,154288,154289,1d8751ce07749352,Generic,1
1804,46961,46962,29f62d7aa7200c14,Normal,0
1805,61273,61274,50182b95207b6d28,Fuzzers,1
1806,129743,129744,fb7921166932102a,DoS,1
1807,80182,80183,9f9e2c0b966e3eef,Fuzzers,1
1808,40163,40164,87b6f557c1625442,Normal,0
1809,15846,15847,0a6e4ab25f05fe5b,Normal,0
1810,174799,174800,59808ff2a05e2b5f,Generic,1
1811,3262,3263,6a3c95857ef2cf10,Normal,0
1812,150498,150499,6bb7eb56f10a0849,Generic,1
1813,20517,20518,376f5a6c0d33950c,Normal,0
1814,23755,23756,4e8c8db4e53ec884,Normal,0
1815,23041,23042,f9dc7e1d25490d4a,Normal,0
1816,38206,38207,d5bf8ce6f41bbbb3,Normal,0
1817,166227,166228,3603fa7e13ea4fb5,Generic,1
1818,115584,115585,a520dd4de85ba356,Exploits,1
1819,23683,23684,203977fd25a3e19f,Normal,0
1820,64030,64031,1e01addf9753e9b4,Fuzzers,1
1821,83607,83608,38bd2f1eec7668cf,DoS,1
1822,105867,105868,84a179f731335813,Reconnaissance,1
1823,95810,95811,8b411b395335eb02,Exploits,1
1824,116727,116728,fe4473dd1910869b,Exploits,1
1825,128378,128379,2ea20eb6018fbe20,Generic,1
1826,81903,81904,0da5187812d34d76,DoS,1
1827,139009,139010,59808ff2a05e2b5f,Generic,1
1828,90747,90748,81358f00f128e836,Exploits,1
1829,64781,64782,10412b59ed7637dc,DoS,1
1830,93231,93232,d1e5b95aa5123b7d,Reconnaissance,1
1831,69764,69765,2174b8acfd01998e,Normal,0
1832,37229,37230,841b41ed219bf863,Normal,0
1833,30145,30146,785e3f598d3ff416,Normal,0
1834,53287,53288,54c7df591217ac38,Fuzzers,1
1835,144404,144405,9c4f8954e22a48e3,Reconnaissance,1
1836,159022,159023,3a6dd8c478c6c7cd,Generic,1
1837,34700,34701,cad5d433d4d7bfe3,Normal,0
1838,98539,98540,da160512d4ae4479,Fuzzers,1
1839,26726,26727,8d1bd46d92d1a109,Normal,0
1840,111946,111947,c5da26de6e3e3bcf,Normal,0
1841,49922,49923,81d232316059376d,Fuzzers,1
1842,12464,12465,fbd004dcda412401,Normal,0
1843,27442,27443,de9c9e04a4784556,Normal,0
1844,17421,17422,c1df46c1c75ddd5c,Normal,0
1845,123817,123818,510f78f441d96305,Generic,1
1846,50333,50334,098521dabd6988f6,Fuzzers,1
1847,138574,138575,4ac8d46b69c91c2d,Generic,1
1848,109272,109273,11cb835591642bb2,Exploits,1
1849,45497,45498,7d386da0fa34d5e7,Normal,0
1850,76652,76653,13a58e31872e072b,Analysis,1
1851,33993,33994,60d93799f6df12f1,Normal,0
1852,13074,13075,426862438e456994,Normal,0
1853,15667,15668,f809a154f3cdf8ea,Normal,0
1854,60788,60789,df44e6e2cafc3262,Fuzzers,1
1855,31741,31742,45f9134901c93917,Normal,0
1856,145859,145860,e0386fb5fec83265,Reconnaissance,1
1857,16594,16595,447ece48df4dc848,Normal,0
1858,108674,108675,1c32f9bdafdc6ffd,Exploits,1
1859,105952,105953,8a94c6316dfb4349,DoS,1
1860,134596,134597,e5c6f04da5ef4dc6,Exploits,1
1861,4020,4021,ec9a1e241c67c086,Normal,0
1862,148372,148373,1d82ffc5039beed5,DoS,1
1863,20102,20103,4d952a4649ea6572,Normal,0
1864,79956,79957,3a02ce692bcf4bc9,Exploits,1
1865,76648,76649,95722a349916f362,Exploits,1
1866,111208,111209,f3c87537b3877476,Exploits,1
1867,174953,174954,32ed2007d85d27f1,Generic,1
1868,104017,104018,b3397532c8225c8c,DoS,1
1869,103950,103951,56c42fa16b1cc0d9,Exploits,1
1870,166346,166347,9c4f8954e22a48e3,Reconnaissance,1
1871,60096,60097,5f870f15606db90c,Reconnaissance,1
1872,86437,86438,027d2db9457b2a36,Fuzzers,1
1873,133164,133165,1b7bc92b2a580aae,Generic,1
1874,32562,32563,7fc8cdedea28f34b,Normal,0
1875,134561,134562,47af07c04529675d,Generic,1
1876,93607,93608,010232df72a32a61,DoS,1
1877,155540,155541,440a1a2d88794512,Generic,1
1878,33136,33137,3d41cfef48eacc0b,Normal,0
1879,132789,132790,fa864a2f73da2331,Generic,1
1880,134283,134284,53786b0b893975c2,DoS,1
1881,157033,157034,3c163048c8be3ce1,Generic,1
1882,108862,108863,f8be91d180aab192,Normal,0
1883,7649,7650,8513103c94712bfa,Normal,0
1884,82722,82723,272797c734f10d1b,Fuzzers,1
1885,114943,114944,0d53415d23a7beec,Fuzzers,1
1886,11421,11422,21363df58e2111b4,Normal,0
1887,100163,100164,81ab5d953c8d7458,Exploits,1
1888,61794,61795,92e15a230a03ad6c,Exploits,1
1889,113309,113310,efd2f1c00f2a8c43,Normal,0
1890,144401,144402,6e421ff642e2e768,Generic,1
1891,132332,132333,138aea4e041a8af3,Generic,1
1892,29680,29681,1a7be6a8403055f6,Normal,0
1893,62273,62274,c4a18b21dfb24554,Fuzzers,1
1894,143339,143340,cb8c02718e69cd40,Generic,1
1895,14130,14131,d82a05a3e544ae7c,Normal,0
1896,28045,28046,47efcf92b895b0b2,Normal,0
1897,56704,56705,f7f54a5d69e4d2d7,Exploits,1
1898,108143,108144,b6da82cb32ff5c2b,Backdoor,1
1899,1139,1140,c3eb1322d34631d3,Normal,0
1900,117240,117241,90e9c2828c255883,Generic,1
1901,79566,79567,2ddf0de6a6fb512c,Exploits,1
1902,36160,36161,4937e464aa91a8d0,Normal,0
1903,8429,8430,e264f82b41df9278,Normal,0
1904,17767,17768,7a141f90e5699224,Normal,0
1905,159763,159764,4aeac4699826d014,Generic,1
1906,61857,61858,198b0f6f85e10787,Fuzzers,1
1907,66067,66068,d0e71f0b7e8213bb,Exploits,1
1908,36876,36877,00caabf89d7d2257,Normal,0
1909,87941,87942,a4d271f7b3581978,Fuzzers,1
1910,38406,38407,efe23a61b36b66ce,Normal,0
1911,144678,144679,670e6af3acd9d97c,Reconnaissance,1
1912,162993,162994,08dce985792ad6f1,Generic,1
1913,56981,56982,6de8231254bac9a3,Exploits,1
1914,162963,162964,cea1f4a064970dc8,Generic,1
1915,15917,15918,e870df1f226a8406,Normal,0
1916,51447,51448,2df088c2922ace6f,Exploits,1
1917,156085,156086,a48ea50be5cb7c51,Generic,1
1918,41402,41403,9403eb541bc66838,Normal,0
1919,107716,107717,b0312412b40d4bfd,Fuzzers,1
1920,32877,32878,0b283ef7fbc6d21c,Normal,0
1921,93920,93921,73bec58c07587148,DoS,1
1922,125771,125772,f25eea236310cb40,Generic,1
1923,128295,128296,d2c5cc88969f5ca6,Generic,1
1924,146707,146708,3536fef8598fb123,Generic,1
1925,16721,16722,032cf3456b5dfe6a,Normal,0
1926,109324,109325,d1bf211f58641a45,Normal,0
1927,121356,121357,7455afd5c510fdea,Analysis,1
1928,146216,146217,b3994ca1a0bc8340,Generic,1
1929,94963,94964,95baa5b7575bb0bd,Exploits,1
1930,166691,166692,acad51e285d87084,Generic,1
1931,25605,25606,cb21b3428e86c6de,Normal,0
1932,130079,130080,d141eeaef63574ab,Exploits,1
1933,95525,95526,a0ccc97c3dcc2de0,Exploits,1
1934,103431,103432,55a75b6d7122cbbc,Normal,0
1935,88209,88210,bce1c0a252746bc4,Exploits,1
1936,77749,77750,efe59a5af64f7b12,DoS,1
1937,141763,141764,8cd2f7b3c1fbf1ae,Generic,1
1938,102608,102609,89cd93b804804b7e,Exploits,1
1939,20961,20962,6131341607af351f,Normal,0
1940,139749,139750,55fe80dccb21e843,Exploits,1
1941,139564,139565,ed6b961d26d97069,Reconnaissance,1
1942,128459,128460,28f8e6724aa40c9c,Fuzzers,1
1943,143072,143073,655ec198687cf580,Generic,1
1944,63497,63498,52207e20efd293f2,Fuzzers,1
1945,118428,118429,0bf3198930cbfd67,Generic,1
1946,31356,31357,29ed47247e4f428d,Normal,0
1947,141855,141856,c5d31cb7fa97cb30,Generic,1
1948,156665,156666,f9f0c1c4fb1d46ec,Generic,1
1949,77887,77888,46e38f7656d473a0,Exploits,1
1950,120312,120313,31212f97b3a5a643,Exploits,1
1951,119363,119364,af9872c542f21a5d,Generic,1
1952,134793,134794,7952a23c4363a94b,DoS,1
1953,48346,48347,23cbdaeb8395ba52,Fuzzers,1
1954,13079,13080,863082381c8dd642,Normal,0
1955,71788,71789,70638eec9574fc76,Reconnaissance,1
1956,29198,29199,fd5bf723f076f1bc,Normal,0
1957,9555,9556,96852796b0ae9951,Normal,0
1958,66316,66317,fc95d860b9546032,DoS,1
1959,73044,73045,32f9b12a8b22c88c,Fuzzers,1
1960,131375,131376,93162110c8e16789,Fuzzers,1
1961,105678,105679,d4b5776b3338a22d,Shellcode,1
1962,8503,8504,c34b5bacfcd2f8fe,Normal,0
1963,12260,12261,c37149f33b8142a2,Normal,0
1964,159411,159412,08dce985792ad6f1,Generic,1
1965,123348,123349,9b182880ec3c7f17,Generic,1
1966,98280,98281,aa28b9d3f047f28e,DoS,1
1967,122559,122560,ee7753bfc2e342eb,Generic,1
1968,17018,17019,0fd92ffee283f4ac,Normal,0
1969,147403,147404,adef1bc039a16336,Generic,1
1970,157065,157066,cb234d85546504b9,Reconnaissance,1
1971,15994,15995,e06a18090d23fd52,Normal,0
1972,20526,20527,2eca16d5690eda41,Normal,0
1973,12886,12887,f1e92da51af3e8fc,Normal,0
1974,99230,99231,4b9479964e228abf,Exploits,1
1975,18590,18591,e03f0b4106d6437c,Normal,0
1976,66420,66421,0ddbfecc6aa012d1,Normal,0
1977,89250,89251,ec49f720eca5b876,Normal,0
1978,144144,144145,cb6de960f1bf2014,Fuzzers,1
1979,70933,70934,14baaf66edf062dd,DoS,1
1980,75953,75954,09c6736ddd97e0de,Fuzzers,1
1981,16903,16904,c2c35710806f7bf5,Normal,0
1982,145158,145159,d619a043c3eb51f2,Reconnaissance,1
1983,171099,171100,d0ec9f80a1c94452,Generic,1
1984,162805,162806,09d8d9e2f8e45ca0,Generic,1
1985,57017,57018,b440c813bbfcadc2,Exploits,1
1986,480,481,e711d4445e2c2932,Normal,0
1987,147334,147335,ab018d9fbe30603c,Generic,1
1988,20811,20812,08c0130ed892661c,Normal,0
1989,42412,42413,619d4615521feb98,Normal,0
1990,168276,168277,ff9d50fa7d901bc2,DoS,1
1991,109447,109448,18b8e34e8a425636,DoS,1
1992,7135,7136,e209832f882c0d29,Normal,0
1993,11435,11436,49840368d6504b61,Normal,0
1994,115129,115130,7e48f677d58ab46c,Normal,0
1995,58628,58629,c6d33fb51e4b7269,Exploits,1
1996,152734,152735,19d7bc971099ced6,Generic,1
1997,59701,59702,cf656feaca65a7f0,Exploits,1
1998,16840,16841,c7bd202f3b0807bf,Normal,0
1999,47463,47464,b62b23181f8b5354,Normal,0
2000,71035,71036,70c4f494d8909bfb,Normal,0
2001,92777,92778,2c3a18b59c13392e,DoS,1
2002,159605,159606,83171aa1d6e17107,Exploits,1
2003,46497,46498,367f4de3c7ac9f10,Normal,0
2004,139699,139700,1dd27bbf54731f58,Generic,1
2005,113655,113656,b8b75cfe2b178f30,Reconnaissance,1
2006,113632,113633,b363cb7bef02a331,Normal,0
2007,121631,121632,5a2b93ad34cff129,Fuzzers,1
2008,148802,148803,bddedf44bc8b2e9c,Generic,1
2009,7530,7531,2154fa87edd789b3,Normal,0
2010,58115,58116,23123b7640883204,Exploits,1
2011,69259,69260,90a58d2000275da0,Exploits,1
2012,149854,149855,b46508afa9072041,Generic,1
2013,29098,29099,648537171f5d1362,Normal,0
2014,146824,146825,7c1b1b4808a8b816,Exploits,1
2015,29339,29340,7d65dbb2a08ce442,Normal,0
2016,90101,90102,4377888864bc9c59,Exploits,1
2017,112142,112143,44b419d4d0e6e6b4,DoS,1
2018,72337,72338,71b2d6b13ab97070,Exploits,1
2019,69446,69447,d631920cc5e0b1c0,Fuzzers,1
2020,58348,58349,90e168e2b47c5a06,Fuzzers,1
2021,98594,98595,4b50b40fd145a863,Exploits,1
2022,152066,152067,a6e9d0e8d196bb43,DoS,1
2023,54511,54512,478183b8eae8b11c,Exploits,1
2024,121990,121991,e69afb7a1f15e9a9,Generic,1
2025,133737,133738,fd26388abf473bc8,Generic,1
2026,163201,163202,1e34a741dfe2e3a4,Fuzzers,1
2027,95439,95440,7d5815a85e35cd2d,DoS,1
2028,27645,27646,caa774cd7ebcae66,Normal,0
2029,96848,96849,67309f631a22905c,Exploits,1
2030,151986,151987,fc9b57705165b7d8,Generic,1
2031,33831,33832,236b1dc4aaaf630b,Normal,0
2032,24260,24261,c6b02022bae4a4b9,Normal,0
2033,145496,145497,03feac75b5fe52fc,Generic,1
2034,34646,34647,7730e2b11e7ac622,Normal,0
2035,134492,134493,cb8c02718e69cd40,Generic,1
2036,23190,23191,1bb75846ea718ae0,Normal,0
2037,61858,61859,540c8bf5c7fd31e2,DoS,1
2038,146427,146428,53786b0b893975c2,Exploits,1
2039,5194,5195,6686479e65714299,Normal,0
2040,163273,163274,34d5055c694a2e1a,Generic,1
2041,66580,66581,c5180fe64b3c456c,DoS,1
2042,60010,60011,810da69eed779722,Exploits,1
2043,139680,139681,379b09712f766757,Generic,1
2044,30390,30391,caea1995e2b3c19e,Normal,0
2045,131481,131482,2c1dc0d227828b01,Fuzzers,1
2046,47643,47644,c8b18168e78af972,Normal,0
2047,27664,27665,a105a1a39a5857dd,Normal,0
2048,29145,29146,70c7b37318b1d1d6,Normal,0
2049,24206,24207,55d9267af85f7841,Normal,0
2050,25928,25929,6db0c1b774cbfb32,Normal,0
2051,32732,32733,c695ca26fef5ea97,Normal,0
2052,152405,152406,3a6dd8c478c6c7cd,Generic,1
2053,91447,91448,9484361350727e52,Fuzzers,1
2054,15785,15786,e7c5b65601a4dd91,Normal,0
2055,145048,145049,923cf29eedb980d2,Generic,1
2056,143919,143920,c0a2162c6d44b7a5,Generic,1
2057,47503,47504,8218e5b36df5917a,Normal,0
2058,153437,153438,c57283d347ba7d03,Generic,1
2059,44318,44319,e60108c7b50d1876,Normal,0
2060,72137,72138,13a58e31872e072b,Exploits,1
2061,133330,133331,d68bb15576b0f94e,DoS,1
2062,99164,99165,e44196935f516330,Exploits,1
2063,38127,38128,97d14b41d36dccf3,Normal,0
2064,56410,56411,8499002bce6bb91e,Exploits,1
2065,111702,111703,61a27e87e128f6e6,Exploits,1
2066,146513,146514,8eacfd336e55277a,Generic,1
2067,114716,114717,5607cc325b8d0d1d,DoS,1
2068,163828,163829,1204e569b2dda8ce,Generic,1
2069,16463,16464,c7a1c1d3ec2e3ca3,Normal,0
2070,78607,78608,2d4b5fda4b4e7a77,Exploits,1
2071,145853,145854,7ff4b13a9f634847,Generic,1
2072,126412,126413,29cb13fc8add7911,Generic,1
2073,76368,76369,f22df018da09429c,Fuzzers,1
2074,86383,86384,3cd508a16bf4cd1b,DoS,1
2075,43923,43924,cacd2db8088e96c1,Normal,0
2076,19589,19590,fffabd3dd8168990,Normal,0
2077,72260,72261,ea728ee496f09223,Reconnaissance,1
2078,76237,76238,f3df9859102e605c,Reconnaissance,1
2079,114389,114390,1a2c9e254fa1ebac,Reconnaissance,1
2080,113758,113759,1dc2788c0f2fb09a,Fuzzers,1
2081,128320,128321,91f3b1fd91b27bda,Generic,1
2082,10839,10840,c9cff64d506fc1dd,Normal,0
2083,162342,162343,3a4122e1b551e842,Exploits,1
2084,145211,145212,c824d302ee8a51ae,Generic,1
2085,126308,126309,34d5055c694a2e1a,Generic,1
2086,97773,97774,f0e1ce3a2df277c8,Fuzzers,1
2087,21246,21247,0bf4445aa564e85e,Normal,0
2088,118698,118699,ac0d1b423e6a25e4,Fuzzers,1
2089,167015,167016,c57283d347ba7d03,Generic,1
2090,136177,136178,6be93d3ac375ea77,Generic,1
2091,58746,58747,e2d76638e1e7af7f,Exploits,1
2092,91894,91895,bf6109b2379fc48c,DoS,1
2093,158444,158445,c2642096ddf9909a,Generic,1
2094,128394,128395,8dcedecef15535c4,Generic,1
2095,146685,146686,328c1ee74e2d5ba2,Generic,1
2096,164981,164982,51fbcc1c697d9498,Generic,1
2097,113502,113503,7a52708fc46df3b9,Fuzzers,1
2098,26571,26572,be4f7328ebc86a3d,Normal,0
2099,26053,26054,ebe11049c24c84ca,Normal,0
2100,1403,1404,85defcd93aa585a9,Normal,0
2101,81005,81006,645db4beb6b3a5f9,Exploits,1
2102,91651,91652,812f1d3738c4bc07,Fuzzers,1
2103,82201,82202,9ad765e6b70b3680,Exploits,1
2104,25082,25083,3adab806c9621936,Normal,0
2105,163821,163822,1204e569b2dda8ce,Generic,1
2106,124097,124098,104eaac07ea72b25,Exploits,1
2107,94906,94907,e6c627949050d142,Fuzzers,1
2108,72040,72041,17141364d2adc948,Normal,0
2109,170702,170703,03feac75b5fe52fc,Generic,1
2110,125003,125004,65e3f4f30bbbe1ac,Reconnaissance,1
2111,80483,80484,abe18bbd97b17471,Exploits,1
2112,12895,12896,069047e19e81c18e,Normal,0
2113,173865,173866,ddda926f47077269,Generic,1
2114,92068,92069,c3b00f5afd381ff1,DoS,1
2115,69501,69502,a59cc43aa4d71168,Exploits,1
2116,73956,73957,efe59a5af64f7b12,Backdoor,1
2117,99965,99966,169f99b7d54e6f74,Fuzzers,1
2118,18013,18014,b75922d341350ae9,Normal,0
2119,86694,86695,80b43d2f973ff280,Fuzzers,1
2120,48886,48887,62b1ac3a003609d6,Reconnaissance,1
2121,133686,133687,d1e5b95aa5123b7d,Reconnaissance,1
2122,164979,164980,2bb0e134673cce11,DoS,1
2123,10382,10383,4426d6679ae6298b,Normal,0
2124,35723,35724,f657e5843b90faa4,Normal,0
2125,104187,104188,093e70212ebbf9de,Exploits,1
2126,134170,134171,205247c03db12403,DoS,1
2127,48041,48042,9a2c0631e545ae46,Analysis,1
2128,124201,124202,288ca7fc50c97a2e,Reconnaissance,1
2129,22031,22032,54d70b997f1ba5db,Normal,0
2130,10183,10184,b67e7d65fc729165,Normal,0
2131,25032,25033,cca59008ff1b0993,Normal,0
2132,21810,21811,de12a13ed2fa547e,Normal,0
2133,47556,47557,9f2c2b662bceebb9,Normal,0
2134,130995,130996,f5a814f3ddb02f0d,Exploits,1
2135,166406,166407,cc8f9dc2862e7b73,Generic,1
2136,14118,14119,df92fa802d5e5f19,Normal,0
2137,23798,23799,b6a5faeb18e38946,Normal,0
2138,2796,2797,e7f2e3b228bf53c7,Normal,0
2139,76952,76953,1448e0a3b9db9234,Fuzzers,1
2140,13804,13805,4d4af8016298b575,Normal,0
2141,92380,92381,c3b00f5afd381ff1,Exploits,1
2142,12915,12916,c727b48f649cac5d,Normal,0
2143,83879,83880,d673c8fd8f575474,Normal,0
2144,135154,135155,bec1c72fda69ede4,Exploits,1
2145,24821,24822,2a12534f67c34c1b,Normal,0
2146,26259,26260,972d466224fa0cd8,Normal,0
2147,77768,77769,90a58d2000275da0,DoS,1
2148,149479,149480,e0c5d74f72a44d03,Generic,1
2149,171459,171460,3f5ffe01289cd478,Generic,1
2150,98885,98886,777dc54c1f712ec8,Exploits,1
2151,151267,151268,36e0ea930e79e947,Fuzzers,1
2152,95874,95875,c3b00f5afd381ff1,Exploits,1
2153,123439,123440,f4ad507a34b1ae77,Shellcode,1
2154,54645,54646,a745c732e0c2865e,DoS,1
2155,97442,97443,42e6d5e42f94d644,Reconnaissance,1
2156,27837,27838,814a0c4fc6e22484,Normal,0
2157,109495,109496,3dc9a66c659f3a88,DoS,1
2158,106023,106024,cf656feaca65a7f0,DoS,1
2159,65111,65112,43fe9cce2fffd66a,Normal,0
2160,155725,155726,2b4ebe7aef1e5f4f,Reconnaissance,1
2161,82689,82690,88aadfd18e64bdbc,Fuzzers,1
2162,11618,11619,61742ac3d1b52185,Normal,0
2163,80480,80481,3a02ce692bcf4bc9,Exploits,1
2164,168872,168873,ced89d1cbd85384b,Fuzzers,1
2165,123389,123390,bc712958d818704b,Generic,1
2166,136812,136813,330117332e8f7b16,Exploits,1
2167,162282,162283,dcf35c1cbe75a471,Generic,1
2168,138201,138202,5647649392fec8bf,Generic,1
2169,68767,68768,1264f2e81fe1e734,Fuzzers,1
2170,86469,86470,4d06bb8416e40fbc,Fuzzers,1
2171,61965,61966,361cc4f6fb964cea,Shellcode,1
2172,100343,100344,36e53c03fbb65b07,Exploits,1
2173,128663,128664,366ca093f8e9f97c,DoS,1
2174,168773,168774,f02d0f71024947a0,Generic,1
2175,47555,47556,24ae70508396eb68,Normal,0
2176,94591,94592,36268aab15a3ed97,DoS,1
2177,30936,30937,4c5b88b47b4d3b66,Normal,0
2178,95682,95683,14060c17470fbd0d,Analysis,1
2179,144803,144804,e30a70062f518399,Exploits,1
2180,43700,43701,e50b351ade5d2223,Normal,0
2181,111425,111426,84453bf30add5ca4,DoS,1
2182,116561,116562,81b4d20173086f81,DoS,1
2183,66664,66665,9a2aaaddecb11a4d,Exploits,1
2184,22982,22983,b538d51201b16953,Normal,0
2185,95513,95514,a9eb8ece621faec1,Exploits,1
2186,40214,40215,529c0957d4b387b0,Normal,0
2187,150347,150348,bba6e0c43d2dc11d,Generic,1
2188,15631,15632,30ca3ae0abaa5b0f,Normal,0
2189,135472,135473,157e5a45f6e23243,Reconnaissance,1
2190,76057,76058,ac6b645265512866,Normal,0
2191,580,581,e063057fd712d551,Normal,0
2192,126567,126568,3db57c34492bc10a,Generic,1
2193,47111,47112,1b36af84c2306850,Normal,0
2194,76245,76246,f3df9859102e605c,Exploits,1
2195,98970,98971,78450f4338a1e41e,Exploits,1
2196,67039,67040,f9d6707738bacd8c,Exploits,1
2197,44617,44618,e16c86d676cc4c7d,Normal,0
2198,149633,149634,56d778c268d82758,Generic,1
2199,77805,77806,b4a87e90475f3b86,Shellcode,1
2200,145806,145807,315b5eb5efc70763,Generic,1
2201,142252,142253,9635b2bae5e0679e,DoS,1
2202,108237,108238,96f85de8831f89f4,DoS,1
2203,52780,52781,4bf358003b2d0cbe,Exploits,1
2204,154130,154131,1d8751ce07749352,Exploits,1
2205,61530,61531,e695cb6fb63ee32a,Exploits,1
2206,62484,62485,ba24c69136336337,Reconnaissance,1
2207,54543,54544,24dfed4924c47931,DoS,1
2208,111037,111038,f8c940b80ecd70c2,Normal,0
2209,68573,68574,ad23509325e02bfa,Exploits,1
2210,104039,104040,cef7eaddc6d7f585,Reconnaissance,1
2211,144530,144531,0bf3198930cbfd67,Generic,1
2212,116844,116845,35f996fb8d0610a7,Fuzzers,1
2213,145390,145391,27aae2213476bb08,DoS,1
2214,17859,17860,224b7978a6932ee1,Normal,0
2215,64464,64465,59fdad92fa72431a,DoS,1
2216,32917,32918,071704ef29f2fbad,Normal,0
2217,109895,109896,61244f5c1103ad5d,Normal,0
2218,66462,66463,83413baceea015c9,DoS,1
2219,96550,96551,2c3a18b59c13392e,DoS,1
2220,65746,65747,65db4d621f74dd2e,Normal,0
2221,58140,58141,d527ddd03caf7175,Reconnaissance,1
2222,101811,101812,3359363d9a943c0f,Analysis,1
2223,82095,82096,73ea9d702bbca13e,Normal,0
2224,131154,131155,cb8c02718e69cd40,Generic,1
2225,120583,120584,3e2563ccc4680f12,Fuzzers,1
2226,79207,79208,0e616ed67c0fad49,Fuzzers,1
2227,141190,141191,1dd27bbf54731f58,Generic,1
2228,62871,62872,4c436a121f00a035,Exploits,1
2229,12721,12722,0f4ace737a59d812,Normal,0
2230,144009,144010,510f78f441d96305,Generic,1
2231,98334,98335,f4f5f34fd0f59bd1,Exploits,1
2232,84893,84894,f5dd95f9820f9e95,Exploits,1
2233,167772,167773,6289a5ba2e3be0b1,Exploits,1
2234,141874,141875,ffb32f45aa1aa0fd,Exploits,1
2235,47580,47581,7fddbb65b8d55ed0,Normal,0
2236,6217,6218,10a054e008ffb31a,Normal,0
2237,126790,126791,4bb77cc2905e5bb5,DoS,1
2238,109018,109019,74cc7ce5f1f66567,Normal,0
2239,59363,59364,a91facb5686015cf,Exploits,1
2240,513,514,70bece6523b70c4d,Normal,0
2241,1177,1178,5f3f8201a4c7aa43,Normal,0
2242,108338,108339,e5172748cf1fd730,Normal,0
2243,100988,100989,86e4a18231844b81,Normal,0
2244,155570,155571,6465d0666ae3b737,Generic,1
2245,135634,135635,f06349443c41740d,Generic,1
2246,4750,4751,035a76c8bddc28b1,Normal,0
2247,92075,92076,c3b00f5afd381ff1,Exploits,1
2248,48925,48926,cbf25bd2ab679fc3,Reconnaissance,1
2249,106207,106208,025b5fddaa043db7,Normal,0
2250,114126,114127,87112414b63dd460,Exploits,1
2251,136911,136912,cc93c720b2775551,Generic,1
2252,73072,73073,596235bfa1ceaadb,Exploits,1
2253,71462,71463,cbc7539e39d60776,Reconnaissance,1
2254,90861,90862,74e898a21d5dc29f,Reconnaissance,1
2255,132736,132737,bb507b9419e1942e,Generic,1
2256,2036,2037,8c77bec1fc89cf22,Normal,0
2257,86921,86922,c878325d4baaf7c2,Backdoor,1
2258,75158,75159,b3bfb6e4d1efdc32,Exploits,1
2259,169780,169781,9f824f5fb97f309a,Generic,1
2260,94293,94294,010232df72a32a61,Exploits,1
2261,42218,42219,3eab719545b6bb6d,Normal,0
2262,139065,139066,c082464fb22cefab,Generic,1
2263,130101,130102,70d91fb75dda1c3d,Generic,1
2264,117565,117566,f733937f097abfb4,Reconnaissance,1
2265,81733,81734,3d8688f636b8db0b,Exploits,1
2266,59793,59794,2df088c2922ace6f,DoS,1
2267,168371,168372,c6baed705179b3dc,DoS,1
2268,74933,74934,d37538ac7b14f8d6,DoS,1
2269,73450,73451,a1de4a5c73f1bd54,Reconnaissance,1
2270,137373,137374,cbfc8c6ed7706a27,Generic,1
2271,138792,138793,7d3279aa9a9ed53e,Generic,1
2272,78995,78996,619396c77df8bb4f,Exploits,1
2273,19681,19682,372678f48ab744ce,Normal,0
2274,45453,45454,f0d093068ce533d6,Normal,0
2275,78034,78035,61dc0f09bf3ff2b6,Exploits,1
2276,113578,113579,29d991147c733ad6,Fuzzers,1
2277,40147,40148,cea8c6225b7f1670,Normal,0
2278,90566,90567,b5b9c670bdd54a5a,Fuzzers,1
2279,133523,133524,c57283d347ba7d03,Generic,1
2280,166571,166572,788fb04953f9f995,Generic,1
2281,81583,81584,738fbd8cd6805a93,DoS,1
2282,145690,145691,91d1722d07973547,Exploits,1
2283,52828,52829,fd711f4b77717095,Fuzzers,1
2284,42519,42520,9e10c4fde94420e4,Normal,0
2285,15568,15569,12ceda10ac551984,Normal,0
2286,35192,35193,e6bbbf2b81dcc74f,Normal,0
2287,98190,98191,cc6d05cee47fad77,Reconnaissance,1
2288,146808,146809,05414c34b073470f,Generic,1
2289,37150,37151,7ff50bd225186951,Normal,0
2290,144231,144232,c495613608449223,Generic,1
2291,79190,79191,2c2d6586aa3a6478,Exploits,1
2292,46591,46592,a3027674a8a823be,Normal,0
2293,131675,131676,53324458f7ae3e81,Generic,1
2294,88344,88345,812f1d3738c4bc07,Fuzzers,1
2295,54188,54189,a99df38e9eb5c65d,DoS,1
2296,76539,76540,f6788868248c35ed,Exploits,1
2297,69533,69534,67c4341bbebdb32b,Exploits,1
2298,51881,51882,a745c732e0c2865e,Exploits,1
2299,67489,67490,ff9d50fa7d901bc2,Exploits,1
2300,140063,140064,1d76401593b9e23a,Generic,1
2301,172327,172328,514b389d2603690e,Exploits,1
2302,80184,80185,dbb88794698385f9,Exploits,1
2303,115288,115289,4332c3a81d3bfb01,Normal,0
2304,34253,34254,2f0f4674ccafe4f0,Normal,0
2305,36347,36348,d77c4ec32831771c,Normal,0
2306,67889,67890,4eda17e1043d06d7,Reconnaissance,1
2307,87837,87838,c9f6641b1c277efd,Fuzzers,1
2308,68010,68011,489146c862c4d9b4,DoS,1
2309,174095,174096,b3a532bf3913d2c4,Generic,1
2310,52752,52753,c53f6db11290f124,Exploits,1
2311,10480,10481,e2b5ac05ea80ebb3,Normal,0
2312,84560,84561,89999415ba61a165,Fuzzers,1
2313,35434,35435,5909ad703d2495f1,Normal,0
2314,154826,154827,6e421ff642e2e768,Generic,1
2315,49489,49490,5d3e7f13318a4f5c,Fuzzers,1
2316,99031,99032,873244eedccd52f5,Reconnaissance,1
2317,116954,116955,9626d98da7e0f618,Fuzzers,1
2318,87490,87491,1ddf324338f95dc1,Exploits,1
2319,48713,48714,cbb7c96229b689c6,Fuzzers,1
2320,159919,159920,7b36104e09be1bf2,Exploits,1
2321,128055,128056,03feac75b5fe52fc,Generic,1
2322,130466,130467,8af5781f70d4c2e8,Generic,1
2323,173074,173075,1b320abc6b11db5d,Generic,1
2324,47153,47154,42d06230107cde3c,Normal,0
2325,17164,17165,01fa33481c0a5e0f,Normal,0
2326,169510,169511,3080eda40097c1fa,Generic,1
2327,1895,1896,551e1b30a21e1066,Normal,0
2328,97845,97846,ad4ba9c1aa228510,Fuzzers,1
2329,57866,57867,114a12cf4a470838,Fuzzers,1
2330,141590,141591,16535c791effa896,Generic,1
2331,63076,63077,bd0bac230b88b204,Shellcode,1
2332,153208,153209,0da11d3d4fab1f08,Generic,1
2333,51997,51998,b58e01720401686f,Exploits,1
2334,138299,138300,f4e115570f136bd7,Generic,1
2335,135745,135746,b3b37c95f9caaf4a,Generic,1
2336,110150,110151,88328ca5f85c8745,Exploits,1
2337,173788,173789,b50efc7a0b43322c,DoS,1
2338,109127,109128,ad6ad98264aaefac,Fuzzers,1
2339,162580,162581,91085848bcb7df94,Generic,1
2340,166359,166360,618e017af66f984e,Fuzzers,1
2341,19233,19234,8ed56a1d581569b7,Normal,0
2342,152629,152630,49bf116cdcc9d0be,Generic,1
2343,124286,124287,3a6dd8c478c6c7cd,Generic,1
2344,106377,106378,77c866ca69115156,Exploits,1
2345,101150,101151,58b60a13bd101d52,Normal,0
2346,5085,5086,a73b8afbb1da0c9f,Normal,0
2347,152636,152637,34d5055c694a2e1a,Generic,1
2348,122051,122052,019e9e11a189ae61,Generic,1
2349,49875,49876,a745c732e0c2865e,Reconnaissance,1
2350,76371,76372,d3cf4fe7291f8670,Exploits,1
2351,86568,86569,b2d6ff642ac4132d,Fuzzers,1
2352,110100,110101,60f240c25027121c,Normal,0
2353,3888,3889,f083297698c0b484,Normal,0
2354,24392,24393,65d4b9744a7b06f7,Normal,0
2355,140454,140455,c4ffd79896facb03,Generic,1
2356,127848,127849,a8e71e2bcb90441f,Generic,1
2357,97753,97754,68aee139a4860a43,DoS,1
2358,47025,47026,52454d6a0f4d61b8,Normal,0
2359,60754,60755,d1e5b95aa5123b7d,Reconnaissance,1
2360,141039,141040,3eb43f9824c5ea1e,DoS,1
2361,68416,68417,e3156320cfdca1f8,DoS,1
2362,73389,73390,711a0e1143f48b78,Shellcode,1
2363,172886,172887,4fcd0f4d46e54d74,Generic,1
2364,51063,51064,9f2c2b662bceebb9,Fuzzers,1
2365,130408,130409,c95ab9b1aa233336,Generic,1
2366,50863,50864,d88845d6147b21c5,DoS,1
2367,109515,109516,6cce1e636a687a9f,Normal,0
2368,108192,108193,9e1560812f38a545,Fuzzers,1
2369,174537,174538,37fa1d67b353e683,Generic,1
2370,130851,130852,3a6dd8c478c6c7cd,Generic,1
2371,38507,38508,69d186d61dcd143d,Normal,0
2372,41323,41324,d3456d14b3d0ff81,Normal,0
2373,150345,150346,8e5d01d7b19c2a7e,Generic,1
2374,24079,24080,b601673b5bc61df0,Normal,0
2375,24795,24796,fada12631605be7a,Normal,0
2376,17911,17912,e4ac65705476169b,Normal,0
2377,119661,119662,489146c862c4d9b4,Exploits,1
2378,12009,12010,291bb38f1431d8a1,Normal,0
2379,67502,67503,86e7cccd1dd26877,Normal,0
2380,120329,120330,375d69c9afbc5a7a,DoS,1
2381,146958,146959,9fd05a66ab898bdb,Generic,1
2382,6489,6490,1a4bce3839332e4e,Normal,0
2383,83370,83371,5ac96bec8fba6ea2,Exploits,1
2384,75756,75757,0290075f14d62b07,Normal,0
2385,106727,106728,964cd74411bc7f2c,Exploits,1
2386,8356,8357,45a2252a2da7e363,Normal,0
2387,9595,9596,6db4a41cba0c46a8,Normal,0
2388,64270,64271,1a477fef5ffc5e6a,Backdoor,1
2389,173252,173253,a59659efb0755e53,Generic,1
2390,1980,1981,cf963e6e72afa816,Normal,0
2391,96473,96474,b0057ac092781ba6,Fuzzers,1
2392,140383,140384,691a5771406b4707,Exploits,1
2393,169662,169663,af4d2b29d5c96fb5,Generic,1
2394,93771,93772,8997e977ff63d317,Exploits,1
2395,160775,160776,e58863b6992cf1fb,Generic,1
2396,93065,93066,c9e4a8af1c817b13,Exploits,1
2397,158654,158655,6c1b02ebe2bffab8,Fuzzers,1
2398,121645,121646,ee49c4bc53514b5c,Fuzzers,1
2399,139640,139641,205247c03db12403,Generic,1
2400,63316,63317,2b283bff9bf22476,Exploits,1
2401,55340,55341,9c4f8954e22a48e3,Reconnaissance,1
2402,35070,35071,454c9de989230d60,Normal,0
2403,53663,53664,94ca84ac475616bf,Exploits,1
2404,55918,55919,a3b548ff3c599fea,DoS,1
2405,2599,2600,c0438c11d342a271,Normal,0
2406,156732,156733,f02d0f71024947a0,Generic,1
2407,76576,76577,3fa388d09a81cb65,Exploits,1
2408,45188,45189,e36e22bca445a18a,Normal,0
2409,110050,110051,2538797a82ca045e,Exploits,1
2410,85595,85596,69f49318ea0fb970,Exploits,1
2411,116811,116812,e1071699ab1a1f53,Exploits,1
2412,90074,90075,3f5885f869c42c5c,Normal,0
2413,45399,45400,4675064aa505b600,Normal,0
2414,22973,22974,defae426c396d005,Normal,0
2415,19392,19393,302b071364ec48c0,Normal,0
2416,144760,144761,b556a6d40ec20f40,Generic,1
2417,50063,50064,ab4abee97d964c11,Fuzzers,1
2418,73802,73803,052a4edf8f908b60,Exploits,1
2419,106842,106843,e44861a910e3d32f,Reconnaissance,1
2420,139539,139540,11e42b4ade533d5a,Exploits,1
2421,2593,2594,23045284697c67a4,Normal,0
2422,163207,163208,c1ed50fe45360378,Fuzzers,1
2423,76198,76199,288ca7fc50c97a2e,Reconnaissance,1
2424,3928,3929,c1e1b104935a1251,Normal,0
2425,137584,137585,3c163048c8be3ce1,Generic,1
2426,155093,155094,2365f5719c9f6f7a,Generic,1
2427,148912,148913,514b389d2603690e,DoS,1
2428,9689,9690,b042669d41716057,Normal,0
2429,111016,111017,97bc6e9258ef4f1b,Exploits,1
2430,149387,149388,2383b36af5d8d31d,Generic,1
2431,84139,84140,5456b72e01e7db9f,Normal,0
2432,16309,16310,aa65c8d3aa5540ae,Normal,0
2433,7520,7521,4ee305fd4bd7e0ea,Normal,0
2434,7160,7161,e4586cf410bcd25a,Normal,0
2435,169021,169022,cd2988de764ae595,Generic,1
2436,47965,47966,11cb835591642bb2,Backdoor,1
2437,116832,116833,3ab777c4b85715ab,Fuzzers,1
2438,35868,35869,869232efa624971f,Normal,0
2439,39399,39400,2dc6eab16c0d1068,Normal,0
2440,114178,114179,c3a3be462ae45455,Exploits,1
2441,52414,52415,bc6696b23e5067b0,DoS,1
2442,147336,147337,4ff4597a4356af7a,Generic,1
2443,152822,152823,ab65b4093222dd52,Fuzzers,1
2444,104894,104895,54967f53f2ad9ad3,Exploits,1
2445,143068,143069,1dd27bbf54731f58,Generic,1
2446,25649,25650,b89330e861874c1f,Normal,0
2447,45457,45458,25234137569af55b,Normal,0
2448,17457,17458,dbe4b15e192f232e,Normal,0
2449,151611,151612,f8423ae561445ca1,DoS,1
2450,122665,122666,025d57be6fac5099,Generic,1
2451,122409,122410,57e012fa5f28975d,Exploits,1
2452,84524,84525,c9a1b64dc202f663,Normal,0
2453,35602,35603,209f401085c5fc5c,Normal,0
2454,48025,48026,fdf9bcab4f594415,Backdoor,1
2455,136818,136819,3c163048c8be3ce1,Generic,1
2456,108360,108361,5099add964243c78,Exploits,1
2457,134558,134559,3a697b94f586ea26,Generic,1
2458,52380,52381,bc205795a82b25e6,Exploits,1
2459,151367,151368,49bf116cdcc9d0be,Generic,1
2460,173669,173670,fe551df9b56ca38a,Generic,1
2461,115012,115013,976435402b39c877,Normal,0
2462,59126,59127,94d87dcbf586fe8a,Exploits,1
2463,28969,28970,7bb055e6411bf1c3,Normal,0
2464,172560,172561,960e912b99b0df6d,Generic,1
2465,21701,21702,ad5e914e6cbdc99c,Normal,0
2466,118766,118767,2645adbf1d8c1dc2,Exploits,1
2467,68960,68961,096b392045a48a55,Exploits,1
2468,135376,135377,6f40b8646936983c,Generic,1
2469,116926,116927,0448fd84bcde6257,DoS,1
2470,163764,163765,dc634663817281fb,Generic,1
2471,19413,19414,973ce8104749dc37,Normal,0
2472,60473,60474,8baa56f30a051f1e,Exploits,1
2473,63602,63603,5ad4812fe1824a56,Exploits,1
2474,13652,13653,3f31692e2e0e9f94,Normal,0
2475,73747,73748,3a04f2de1ac89d8e,Reconnaissance,1
2476,71465,71466,6e3cff0cca287959,Backdoor,1
2477,112151,112152,44b419d4d0e6e6b4,DoS,1
2478,66002,66003,2f0ff078107c1038,DoS,1
2479,1535,1536,32aed08cccb0f43c,Normal,0
2480,55937,55938,2ce363d92be138ea,Fuzzers,1
2481,80491,80492,3a02ce692bcf4bc9,Exploits,1
2482,126275,126276,e771ac6eb77c40d1,Reconnaissance,1
2483,30546,30547,da5a6a2cc1c4cfaa,Normal,0
2484,113229,113230,0f4771c9e44937e7,Reconnaissance,1
2485,97146,97147,560ab2b8e4489c2d,Reconnaissance,1
2486,28944,28945,3f9b33f81d32c456,Normal,0
2487,67431,67432,8aa232552029a696,DoS,1
2488,159746,159747,c6018b2d4069df32,Generic,1
2489,51880,51881,330125c6e8c05d9b,Exploits,1
2490,84631,84632,bc93b5ea95933d1e,Reconnaissance,1
2491,125866,125867,b51936868ad91d77,Generic,1
2492,131824,131825,19cd2e039a6ef1b8,Generic,1
2493,39978,39979,7e8afe177784cac8,Normal,0
2494,136618,136619,db5799c948232a8a,Generic,1
2495,7298,7299,61a70f9af4b1726e,Normal,0
2496,165980,165981,f9a7b4df2d80ffca,Generic,1
2497,21629,21630,e8e2389fcb6d97e8,Normal,0
2498,156394,156395,3e69a414bf756f89,Generic,1
2499,29420,29421,4d2ec0a764b9e02e,Normal,0
2500,6349,6350,1d0526aada8eb793,Normal,0
2501,150008,150009,87e9bed9f24e704e,Generic,1
2502,24421,24422,1efaf923ac0462d2,Normal,0
2503,96409,96410,ebcf1d44707eee89,Exploits,1
2504,118822,118823,09c4fc552b33db10,Exploits,1
2505,174841,174842,1dd27bbf54731f58,Generic,1
2506,35674,35675,46c588beb9f4aae0,Normal,0
2507,103659,103660,a34eca36fad7c849,Exploits,1
2508,81263,81264,a3d21c4ee6c6a68f,Normal,0
2509,25151,25152,de1f98dc6c6bec59,Normal,0
2510,104102,104103,ad6ad98264aaefac,DoS,1
2511,147292,147293,ab018d9fbe30603c,Generic,1
2512,121420,121421,acf19b53a960d1f9,Reconnaissance,1
2513,148299,148300,819e978473d749ce,Generic,1
2514,50108,50109,16885180ab21ad69,Exploits,1
2515,105538,105539,1553cb6d83005176,Exploits,1
2516,32804,32805,0e292cd0f86dd283,Normal,0
2517,166985,166986,8c79193ac25119fd,Generic,1
2518,28024,28025,7dce4992fd0cf9c3,Normal,0
2519,156393,156394,422c0df8aa780b65,Generic,1
2520,69117,69118,1a5208c1314bff3b,Reconnaissance,1
2521,56087,56088,8f3af7198d46613b,Reconnaissance,1
2522,15497,15498,39c1ff57169cc849,Normal,0
2523,146498,146499,788fb04953f9f995,Generic,1
2524,165307,165308,b91116a9596b695e,DoS,1
2525,39801,39802,7d8c57ca2cf0cec0,Normal,0
2526,86123,86124,6d398d105ec00490,Exploits,1
2527,92531,92532,73bec58c07587148,Exploits,1
2528,77343,77344,e602c50f514c4558,Normal,0
2529,77655,77656,d1c9084e04899000,Exploits,1
2530,106455,106456,753a970647d09500,Reconnaissance,1
2531,68619,68620,8cb0ac65a5e6517d,Exploits,1
2532,19210,19211,59cab0d162b666ff,Normal,0
2533,86205,86206,0e371c82d4d09ec4,Exploits,1
2534,174812,174813,d9c147ba9e5b605e,Generic,1
2535,23641,23642,7bb3cf74b95d1a04,Normal,0
2536,34850,34851,3c407c551c78bd01,Normal,0
2537,88222,88223,72d6ee0dcb67e3bb,DoS,1
2538,128058,128059,375d69c9afbc5a7a,DoS,1
2539,8590,8591,eaed48d598c199d9,Normal,0
2540,43242,43243,f6a39ebeaba6d23c,Normal,0
2541,81673,81674,eefcd035d2c9e508,DoS,1
2542,37886,37887,2412a9021cbd57a6,Normal,0
2543,5182,5183,0afbd3bc26ce85d4,Normal,0
2544,28933,28934,e8663b40c46caf2e,Normal,0
2545,150739,150740,dd4471e7ac17788f,Generic,1
2546,109862,109863,976435402b39c877,Normal,0
2547,101723,101724,c68359cfde963c9b,Fuzzers,1
2548,19497,19498,6c702ab28bf7f365,Normal,0
2549,163024,163025,2b93bb902018e93b,Exploits,1
2550,107712,107713,865218cfb6064a3d,Fuzzers,1
2551,119192,119193,fc0f313c9149dc11,Generic,1
2552,59566,59567,36991350894ee1ab,Reconnaissance,1
2553,82706,82707,0d889fa9f8c10362,Normal,0
2554,78787,78788,eae725c968d1537b,Exploits,1
2555,112495,112496,7f8ea15e4119c1de,Exploits,1
2556,113111,113112,49b4c6fbd95a7fd8,Reconnaissance,1
2557,50627,50628,d7263ead889f95e6,Fuzzers,1
2558,89885,89886,db287efe5293ddbc,Exploits,1
2559,7725,7726,4507d245c61e5cf7,Normal,0
2560,55214,55215,478183b8eae8b11c,Exploits,1
2561,119873,119874,047ff0c46435c1fb,Generic,1
2562,44210,44211,ce24228b1e5150a4,Normal,0
2563,145550,145551,7c7033c8b3a1918c,Fuzzers,1
2564,35519,35520,df6ec305783d87e9,Normal,0
2565,75005,75006,4adc1a4c70e28054,Normal,0
2566,147942,147943,e9e63d5df6b3a478,Generic,1
2567,56948,56949,2ce363d92be138ea,DoS,1
2568,116725,116726,2bab7dfb693cc3d9,Exploits,1
2569,137747,137748,3c1be1e6719247d6,Exploits,1
2570,148997,148998,0a1a0b81d6af480c,DoS,1
2571,141953,141954,95b71ce817aca32b,Generic,1
2572,154274,154275,1d8751ce07749352,Exploits,1
2573,71133,71134,fb42bb6a9a87e74c,DoS,1
2574,44741,44742,f52d7200c61cb481,Normal,0
2575,119958,119959,4b78eca3e66e3bd0,Generic,1
2576,131844,131845,b5ea53287bd87271,Generic,1
2577,142361,142362,941e8c87d2a6af4e,Exploits,1
2578,68519,68520,70638eec9574fc76,Exploits,1
2579,10652,10653,eb136d59fa8c2196,Normal,0
2580,14088,14089,b30710a9803e548d,Normal,0
2581,110546,110547,525ad123a3682d48,Fuzzers,1
2582,111232,111233,2bab7dfb693cc3d9,Exploits,1
2583,113258,113259,cd42d37a51e14a18,Fuzzers,1
2584,168224,168225,8d103a000ffcac01,Generic,1
2585,45772,45773,b747b0e08fe76fb7,Normal,0
2586,148200,148201,69ebcbc0a4743e58,Fuzzers,1
2587,93512,93513,45fc5ddb544a941b,Fuzzers,1
2588,50745,50746,bc6696b23e5067b0,Exploits,1
2589,148637,148638,57fb2ca79bee9220,Generic,1
2590,160202,160203,49bf116cdcc9d0be,Generic,1
2591,125588,125589,68ed368d165c1fc7,Shellcode,1
2592,120767,120768,a8c1cf3dbeac105d,Generic,1
2593,84466,84467,932eaf517e6cb545,Normal,0
2594,107468,107469,21e083b25d21aa66,Normal,0
2595,41955,41956,0cee20fb5c61d7ff,Normal,0
2596,127246,127247,e255e0649a97ed80,Generic,1
2597,98475,98476,080921108809deae,Exploits,1
2598,113386,113387,f78d331fa53794ef,DoS,1
2599,143229,143230,acad51e285d87084,Generic,1
2600,44506,44507,ad6c50e4ff42eeb1,Normal,0
2601,21127,21128,c59b3997ffdc9879,Normal,0
2602,79062,79063,255e021ec606bf19,Fuzzers,1
2603,5045,5046,2d82be9e4b31de49,Normal,0
2604,94563,94564,aca82091095608f6,Fuzzers,1
2605,52763,52764,73fbc6cbae2a0eaa,DoS,1
2606,140994,140995,03feac75b5fe52fc,Generic,1
2607,18870,18871,8c4953007e594661,Normal,0
2608,130156,130157,6e421ff642e2e768,Generic,1
2609,2487,2488,fb21f369bbae0d90,Normal,0
2610,126231,126232,0a1a0b81d6af480c,DoS,1
2611,151794,151795,64c3eda3803fdc4d,Generic,1
2612,131032,131033,372c68a030b827c2,Generic,1
2613,9217,9218,3b57c589746b0fd6,Normal,0
2614,32291,32292,7eea2e36bbc8676e,Normal,0
2615,140023,140024,299e8cdfed6ba3a7,Generic,1
2616,30397,30398,6e60f732be90f388,Normal,0
2617,134162,134163,aacccaf58b6d81b8,Generic,1
2618,33925,33926,f2b898d24a866adb,Normal,0
2619,111864,111865,f38e1fead5a8c4da,Normal,0
2620,80586,80587,293f8748f10a4892,Exploits,1
2621,4246,4247,4c86dfe387533945,Normal,0
2622,69548,69549,b164f6c91f2d4a63,Fuzzers,1
2623,49520,49521,c46c2747b78f5476,Fuzzers,1
2624,97586,97587,8e338debfcb3835e,Exploits,1
2625,115969,115970,6fd21b9640992073,Fuzzers,1
2626,104693,104694,6809bb499cd2ca12,Normal,0
2627,23615,23616,9afabe30ef989ab2,Normal,0
2628,145656,145657,f01e5ce4bc1b458f,Generic,1
2629,17527,17528,4b04803d7849c08e,Normal,0
2630,138614,138615,6e2beeacdb7a010d,Generic,1
2631,151156,151157,b9cab40fe08afefa,Generic,1
2632,106662,106663,50eb66bdaf69d9cc,Normal,0
2633,72942,72943,3c818dfd5b5e0686,Fuzzers,1
2634,2722,2723,e38fa866be17c8a1,Normal,0
2635,144337,144338,51cb69b38716934f,Reconnaissance,1
2636,129724,129725,987bb392987aaf99,Exploits,1
2637,30874,30875,33607d645a0e2a3e,Normal,0
2638,116894,116895,74e898a21d5dc29f,DoS,1
2639,129525,129526,97ed7357b037b3e9,Reconnaissance,1
2640,101306,101307,dbcc6aea2ed6e228,Fuzzers,1
2641,88663,88664,332f26dbf44d7f91,Reconnaissance,1
2642,63864,63865,7db3846b9dfb1a04,Reconnaissance,1
2643,18709,18710,0c7fcce4feb625f4,Normal,0
2644,105397,105398,9c4f8954e22a48e3,Reconnaissance,1
2645,122069,122070,941e8c87d2a6af4e,Exploits,1
2646,89850,89851,14060c17470fbd0d,DoS,1
2647,119392,119393,75b6da5fe166bda2,Exploits,1
2648,74344,74345,46e38f7656d473a0,Reconnaissance,1
2649,28165,28166,bd735fb91987f3b7,Normal,0
2650,50434,50435,ae82fb4ca64d798e,DoS,1
2651,167726,167727,3400dce3dd8bd173,Generic,1
2652,164149,164150,278c390884682b9c,Generic,1
2653,25039,25040,73b0cf51c15d5d17,Normal,0
2654,57334,57335,10b40b695fbe2053,Fuzzers,1
2655,52994,52995,d7a9ca1719147643,Exploits,1
2656,58452,58453,16885180ab21ad69,Exploits,1
2657,56118,56119,e143da16ed7a2862,Fuzzers,1
2658,168245,168246,26778de428475581,Generic,1
2659,133924,133925,81911ff62417d96c,Exploits,1
2660,25241,25242,48fc76f8a16e6fa4,Normal,0
2661,27713,27714,8f99a6ad53a2d016,Normal,0
2662,46352,46353,a461ec0117a7c292,Normal,0
2663,108280,108281,77f7a7f1a700bd16,Fuzzers,1
2664,131757,131758,041cc62ead8617c1,DoS,1
2665,84768,84769,32d1b7e597bf923d,Normal,0
2666,64648,64649,7346c32b575063e4,Exploits,1
2667,90266,90267,7a9c0b2387fa2651,Exploits,1
2668,159612,159613,7bd7fefa43645b44,Generic,1
2669,46891,46892,cd559b156edcb0b5,Normal,0
2670,122132,122133,8d5fa1433cb88bd3,Generic,1
2671,49824,49825,a5579a3b3d70a83f,Fuzzers,1
2672,34688,34689,ec87f766b0d9dc14,Normal,0
2673,76601,76602,f42b3e14230820f8,Exploits,1
2674,22183,22184,11587267c2f59b6c,Normal,0
2675,79871,79872,334ce397d60ab862,Reconnaissance,1
2676,156346,156347,0a25d82a0b42b69a,Generic,1
2677,130540,130541,c171ac6237379977,Analysis,1
2678,64116,64117,8945ee854dc44f41,DoS,1
2679,150710,150711,4a26b6cfad98bb4d,Generic,1
2680,23774,23775,aefd121b1c5ea3d7,Normal,0
2681,108401,108402,f8c940b80ecd70c2,Normal,0
2682,27570,27571,aea5632bf9d062b9,Normal,0
2683,50748,50749,bc6696b23e5067b0,Exploits,1
2684,35427,35428,786bb1c683b78590,Normal,0
2685,171865,171866,eb30ab550f0b7ef3,Generic,1
2686,100583,100584,5b46cf3bce2164d9,Normal,0
2687,87829,87830,d045406bd0e597ec,Normal,0
2688,53554,53555,d88845d6147b21c5,Exploits,1
2689,30046,30047,14323485b9e69ff8,Normal,0
2690,79091,79092,e9b8647d43dcc8ec,Fuzzers,1
2691,29260,29261,c1610ba4e137a511,Normal,0
2692,80232,80233,bbc7a382b34de229,Exploits,1
2693,27554,27555,88cf6603b4142a96,Normal,0
2694,145860,145861,06be4089b2fe4faf,Shellcode,1
2695,14168,14169,e5a471065c0391a7,Normal,0
2696,45471,45472,e1662ba3a7053282,Normal,0
2697,126772,126773,21ac7414d0e753f2,Generic,1
2698,1343,1344,4d81cff80458ee7f,Normal,0
2699,107523,107524,cf656feaca65a7f0,Exploits,1
2700,5653,5654,145a55ae5f79acb8,Normal,0
2701,15933,15934,409750bdd86f4997,Normal,0
2702,150951,150952,bb23129e49ce12f3,Fuzzers,1
2703,121377,121378,026d3c2ac6e251c1,Fuzzers,1
2704,121079,121080,00129e548b1ff3bc,DoS,1
2705,88951,88952,57e8e1bc0fe73736,Normal,0
2706,5296,5297,816a8decccdd8103,Normal,0
2707,20427,20428,8935451cab9a6ad2,Normal,0
2708,32356,32357,d65eb48923a1e509,Normal,0
2709,141581,141582,1d8751ce07749352,Reconnaissance,1
2710,148882,148883,59e2c1fcf58f458e,Generic,1
2711,79978,79979,714cd500dddc49d1,Analysis,1
2712,136959,136960,de1bbbb3c2842fdc,Generic,1
2713,60429,60430,f07f002beebfb656,Fuzzers,1
2714,2730,2731,613d0457cba10c1f,Normal,0
2715,14145,14146,28851ecf449a5617,Normal,0
2716,64062,64063,5cbbb2124636b753,Exploits,1
2717,45093,45094,9ac9d78268ee4ff7,Normal,0
2718,6303,6304,b250ff6ead4789c7,Normal,0
2719,64746,64747,cf4d14e6814ce3b2,Exploits,1
2720,56987,56988,7cec2092ea8eddef,Exploits,1
2721,74275,74276,6e3cff0cca287959,Exploits,1
2722,113485,113486,14dfdb205a3e7eb2,DoS,1
2723,70999,71000,5c41a23506392491,Exploits,1
2724,42824,42825,e62a920a2813b164,Normal,0
2725,54986,54987,3dc9a66c659f3a88,Exploits,1
2726,107846,107847,fe4c5f4dd1be510b,DoS,1
2727,104625,104626,ab82ee763a6b68b4,Analysis,1
2728,12612,12613,83455ff012619b9f,Normal,0
2729,81401,81402,28f8537ee7761f0b,Exploits,1
2730,35952,35953,c1cb97ac57053bd1,Normal,0
2731,12718,12719,bd8a1ebdbde240e3,Normal,0
2732,106066,106067,be25efeb586edfc6,Fuzzers,1
2733,41895,41896,be3938410ebb1977,Normal,0
2734,59781,59782,11cb835591642bb2,DoS,1
2735,13393,13394,f47ea8ed371a2ac1,Normal,0
2736,19695,19696,53d28a20e0357555,Normal,0
2737,72170,72171,46e38f7656d473a0,Exploits,1
2738,102520,102521,97d698e9271ecac8,DoS,1
2739,84715,84716,6748975808b05110,Reconnaissance,1
2740,109423,109424,14dfdb205a3e7eb2,Exploits,1
2741,93501,93502,d9bf8fdd137e0771,DoS,1
2742,128186,128187,9c4f8954e22a48e3,Reconnaissance,1
2743,68207,68208,dba2c609076459ee,Reconnaissance,1
2744,64652,64653,accac79952a34fd5,Normal,0
2745,156645,156646,ff9d50fa7d901bc2,Exploits,1
2746,26467,26468,72199d4ceed4ade0,Normal,0
2747,18510,18511,da9bead78f9c3256,Normal,0
2748,105371,105372,b3397532c8225c8c,Analysis,1
2749,154075,154076,6f4ed0795923c334,Exploits,1
2750,88465,88466,218fb96a2e0507f6,Exploits,1
2751,96980,96981,99c830188ee08ab0,Exploits,1
2752,62509,62510,5686f86f6e44b7a8,Exploits,1
2753,125473,125474,af9d41b3ba51169d,Generic,1
2754,122712,122713,cf68ef765dd16a34,Reconnaissance,1
2755,114751,114752,d7cdf83525c6e8ab,Exploits,1
2756,125184,125185,11519ee3e0fa6b70,Generic,1
2757,48284,48285,4963390e1e6ff2f6,Fuzzers,1
2758,58646,58647,faa173ff0b05e59d,Fuzzers,1
2759,156537,156538,95a80d8602339e80,Generic,1
2760,29416,29417,fb4c0bd56de0eb84,Normal,0
2761,10809,10810,b74155c89c417038,Normal,0
2762,82038,82039,8997e977ff63d317,DoS,1
2763,9491,9492,561e583390b555c7,Normal,0
2764,49710,49711,5ec48a2561e29e89,Analysis,1
2765,162564,162565,59808ff2a05e2b5f,Generic,1
2766,39996,39997,85c64246757270ef,Normal,0
2767,84187,84188,dff49aecc004ed25,Reconnaissance,1
2768,1511,1512,048e7008eb6206cd,Normal,0
2769,145709,145710,9f6e451c8f486101,Fuzzers,1
2770,68605,68606,14baaf66edf062dd,Exploits,1
2771,105386,105387,85000f2d75145694,Exploits,1
2772,72285,72286,f8c986c017fbd54c,Normal,0
2773,96125,96126,73bec58c07587148,Backdoor,1
2774,72917,72918,7de6027aa5ee50d6,Fuzzers,1
2775,25655,25656,f3fd8b82c184ad87,Normal,0
2776,174075,174076,52166c6638412675,Generic,1
2777,162838,162839,07fbbb4e96ed1fd5,Generic,1
2778,111965,111966,6b1dbf58d4f6ce78,Exploits,1
2779,130285,130286,8e9dfa26bdf0af9e,Generic,1
2780,166367,166368,de1bbbb3c2842fdc,Generic,1
2781,152440,152441,37fa1d67b353e683,Generic,1
2782,75821,75822,ec678d2fb9af198d,Fuzzers,1
2783,90507,90508,288ca7fc50c97a2e,Reconnaissance,1
2784,68235,68236,f708f4fc62878ae1,Shellcode,1
2785,8920,8921,03f5f3b0c1ce941d,Normal,0
2786,158297,158298,b91116a9596b695e,Exploits,1
2787,146139,146140,1d76401593b9e23a,Generic,1
2788,16826,16827,a70631c90934042b,Normal,0
2789,94837,94838,46f14d90a3556942,Exploits,1
2790,6548,6549,34910b6100a02669,Normal,0
2791,82781,82782,cfb855ec51df72b7,DoS,1
2792,22933,22934,6d20f8759f519d01,Normal,0
2793,140577,140578,d566a1a1cc980b26,Generic,1
2794,20307,20308,e4bbfb47ea2a688d,Normal,0
2795,162240,162241,fcc820ab0573b860,Generic,1
2796,101134,101135,3f860bb1194a7fc7,Fuzzers,1
2797,159866,159867,16fc362cfe6c05ff,Generic,1
2798,132697,132698,0a1a0b81d6af480c,Backdoor,1
2799,110702,110703,32f252ea61747fc7,Normal,0
2800,53172,53173,f4f2d977a753836f,Exploits,1
2801,5767,5768,a4b9a62f4ac766f8,Normal,0
2802,132240,132241,f9b3d39213bb3009,Generic,1
2803,79997,79998,ea630162c22ce95e,Reconnaissance,1
2804,69847,69848,d0e71f0b7e8213bb,Exploits,1
2805,33688,33689,2efa97393864a931,Normal,0
2806,138186,138187,5199ea8bd0e8f060,Generic,1
2807,7913,7914,17ce7b4bf4c796e9,Normal,0
2808,85244,85245,25444887163d2430,Exploits,1
2809,97670,97671,2a31e9f8c7c1c099,Fuzzers,1
2810,124648,124649,0fa9dd8df9259c41,Generic,1
2811,156400,156401,422c0df8aa780b65,Generic,1
2812,151967,151968,e39cf931d31ac8f9,Exploits,1
2813,42105,42106,f72af3292d06a569,Normal,0
2814,38414,38415,efe23a61b36b66ce,Normal,0
2815,143416,143417,0207fe91c98b757c,Generic,1
2816,125109,125110,985364542327d4d2,Fuzzers,1
2817,78133,78134,f83153e3ec1cbf9a,Exploits,1
2818,22269,22270,d1fd9079b5160a01,Normal,0
2819,153023,153024,e3c8272caa71e9ca,Generic,1
2820,115367,115368,f46bf9ccdde671ea,Normal,0
2821,9568,9569,a53ac894dca3e805,Normal,0
2822,68450,68451,4f64d7fc390f7240,Analysis,1
2823,149459,149460,d3f0e7199dae0f29,Generic,1
2824,127892,127893,9a60d743d851512b,Generic,1
2825,141573,141574,f8423ae561445ca1,Exploits,1
2826,82282,82283,27ac80a5e8f6b879,Exploits,1
2827,43266,43267,024a49bb6be98c7b,Normal,0
2828,158926,158927,e5d4c603cc8d507b,Generic,1
2829,13254,13255,a8849ba2d0537d86,Normal,0
2830,101821,101822,aa28b9d3f047f28e,DoS,1
2831,175166,175167,1dd27bbf54731f58,Generic,1
2832,20187,20188,cf4b770ceb8d5984,Normal,0
2833,131916,131917,0626ea262cfc288c,Fuzzers,1
2834,147512,147513,3080eda40097c1fa,Generic,1
2835,133941,133942,0b61614a45765a39,Generic,1
2836,142170,142171,aa3265ef790635d1,Backdoor,1
2837,17516,17517,d42f516aa2648260,Normal,0
2838,67715,67716,fe9227feb31dfcae,Exploits,1
2839,48452,48453,1954f5326ed1a45a,Fuzzers,1
2840,140730,140731,bf4a54640da88860,Shellcode,1
2841,56931,56932,a745c732e0c2865e,Exploits,1
2842,80569,80570,09bed2b67b49df1f,Exploits,1
2843,144574,144575,48d6a7cb9df962fb,Fuzzers,1
2844,38481,38482,ddf24ed5ada72fa5,Normal,0
2845,116679,116680,7c3cb6298a184913,Exploits,1
2846,8191,8192,c802d91c5ce1f8a7,Normal,0
2847,35104,35105,7be0738f8ac745cb,Normal,0
2848,39335,39336,8414f5b55d5c977c,Normal,0
2849,155488,155489,fee086f1e03cc30a,Generic,1
2850,58600,58601,3f1cb15d6df304ab,Shellcode,1
2851,113019,113020,d9dcbdd9b1ea42a9,Exploits,1
2852,145526,145527,a4c16ede1cbe706d,Generic,1
2853,90837,90838,88de4992447ee199,DoS,1
2854,68021,68022,be6c55060c7760e5,Fuzzers,1
2855,14690,14691,5aac89691e9be45a,Normal,0
2856,149225,149226,e0c5d74f72a44d03,Generic,1
2857,150629,150630,36aa1027af17d05e,Generic,1
2858,159398,159399,08dce985792ad6f1,Generic,1
2859,98127,98128,f126ce9c9eeb94f6,Fuzzers,1
2860,145788,145789,e7439bdaf4f781ba,Generic,1
2861,159014,159015,bba6e0c43d2dc11d,Generic,1
2862,120048,120049,34d5055c694a2e1a,Generic,1
2863,126799,126800,315b5eb5efc70763,Generic,1
2864,154389,154390,2365f5719c9f6f7a,Generic,1
2865,58449,58450,a9f70961474288a0,DoS,1
2866,35530,35531,fcbd2d5dbe7182b3,Normal,0
2867,13927,13928,42466058c13b8760,Normal,0
2868,56302,56303,fe9227feb31dfcae,Exploits,1
2869,142266,142267,6db39656ba303478,Generic,1
2870,171178,171179,cfe4b0b62180f7d3,Generic,1
2871,122733,122734,65d9533bfd574c23,Exploits,1
2872,23525,23526,edabcef173ca6d37,Normal,0
2873,115316,115317,937ac399f42ead93,Normal,0
2874,46346,46347,7cfad2dd178b1426,Normal,0
2875,70353,70354,dfb6e1631f061816,Analysis,1
2876,45384,45385,5ca5ee1b068e30d9,Normal,0
2877,74240,74241,78957766ef55b0b0,Fuzzers,1
2878,82380,82381,67cc00792d9e428d,Normal,0
2879,162995,162996,3a6dd8c478c6c7cd,Generic,1
2880,146633,146634,328c1ee74e2d5ba2,Generic,1
2881,68381,68382,9aa3c381b01d490b,Exploits,1
2882,162830,162831,bba6e0c43d2dc11d,Generic,1
2883,137129,137130,d50973867c2eb1bd,Exploits,1
2884,150143,150144,6a8399921ecc1cd2,Exploits,1
2885,56303,56304,574c4342be0c2998,Analysis,1
2886,82572,82573,624532aff492e1b4,Normal,0
2887,151983,151984,52166c6638412675,Generic,1
2888,133556,133557,a03db0e5be6a10f5,Generic,1
2889,95875,95876,107724bff8c3e628,Fuzzers,1
2890,2180,2181,2b1821528413d4a9,Normal,0
2891,75111,75112,e3b6e5354cc11706,Normal,0
2892,134938,134939,c4d35987e608ba5a,Generic,1
2893,82262,82263,83368995b2a1bdb4,Fuzzers,1
2894,43201,43202,4a9506ab7cc7dbe9,Normal,0
2895,131859,131860,069925d8463f182a,Exploits,1
2896,5729,5730,3c49bd6d88ecd106,Normal,0
2897,163332,163333,ab8b8a4ffd56c79c,Generic,1
2898,166891,166892,87ac0873d24b76a7,DoS,1
2899,130225,130226,452cc9ab675de452,Generic,1
2900,121794,121795,a20da45d6b5527b8,Exploits,1
2901,98943,98944,e6b23d52e4bfed82,DoS,1
2902,135044,135045,69f1d42f18ffcdd0,Generic,1
2903,135407,135408,b5d0337852cad6c9,Generic,1
2904,125857,125858,9a60d743d851512b,Generic,1
2905,7552,7553,0ef3c6ea72d8e592,Normal,0
2906,110593,110594,913f8c1775dd1e18,Fuzzers,1
2907,46825,46826,52e892bc67545500,Normal,0
2908,40422,40423,c081746bfb4d4bd9,Normal,0
2909,146665,146666,0207fe91c98b757c,Generic,1
2910,29653,29654,4a9e95115facb44d,Normal,0
2911,96233,96234,1d6ef0e825ac13d3,Normal,0
2912,115212,115213,86ae3b30b11d1591,Exploits,1
2913,65420,65421,bade8609e0b91f97,Fuzzers,1
2914,59634,59635,73a56d6581f1ce89,Fuzzers,1
2915,4078,4079,03e625022e192ce8,Normal,0
2916,123569,123570,19a1efd2282b4d3e,Exploits,1
2917,33622,33623,e85161ed1c95c1c4,Normal,0
2918,120612,120613,af9872c542f21a5d,Generic,1
2919,153145,153146,fcd459b637071bf3,Fuzzers,1
2920,42869,42870,da1b9023299d3e2e,Normal,0
2921,106886,106887,7cec2092ea8eddef,Reconnaissance,1
2922,68832,68833,3e3b2b5d7cda9712,Analysis,1
2923,94960,94961,135afd5e1a9da7e1,Fuzzers,1
2924,172856,172857,59baa75cb4b774e8,Generic,1
2925,68648,68649,141fa44f7a7d5d53,Exploits,1
2926,173502,173503,6e421ff642e2e768,Generic,1
2927,40109,40110,511b385c160c9752,Normal,0
2928,15063,15064,7f90d841caba93b6,Normal,0
2929,119666,119667,53349cd0a15f6466,Analysis,1
2930,39973,39974,4247eb0e8b186609,Normal,0
2931,103035,103036,11cb835591642bb2,Exploits,1
2932,91521,91522,3462464c2e7159b1,Analysis,1
2933,70699,70700,db58b4a3c9b7fcac,Exploits,1
2934,172487,172488,d9c147ba9e5b605e,Generic,1
2935,158012,158013,1dd27bbf54731f58,Generic,1
2936,167262,167263,ca89b736e7f05c6e,Generic,1
2937,77445,77446,cee95182b165a28e,Fuzzers,1
2938,81663,81664,2b9eaf5fe5208fa3,Fuzzers,1
2939,121115,121116,6623a701d143a1b1,Exploits,1
2940,75159,75160,ad23509325e02bfa,Backdoor,1
2941,143079,143080,1dd27bbf54731f58,Generic,1
2942,28954,28955,ab692da03a3e864a,Normal,0
2943,32484,32485,164c985f4ef196c9,Normal,0
2944,148795,148796,02ac7f4200f372f7,Generic,1
2945,50953,50954,574c4342be0c2998,Exploits,1
2946,65028,65029,7add927a034e4f21,Exploits,1
2947,10392,10393,d85552772f8257dc,Normal,0
2948,152080,152081,a6e9d0e8d196bb43,Exploits,1
2949,20709,20710,ebbfdbc5866f6986,Normal,0
2950,109839,109840,b6da82cb32ff5c2b,Fuzzers,1
2951,129356,129357,cb8c02718e69cd40,Generic,1
2952,113210,113211,7c56e266641bc590,Shellcode,1
2953,54619,54620,a970063f9ccfb721,Exploits,1
2954,141995,141996,49dfdaeaff1b093b,Generic,1
2955,149626,149627,56d778c268d82758,Generic,1
2956,19076,19077,aa1e22a9529d5d4d,Normal,0
2957,135128,135129,9690124ba1d6d337,DoS,1
2958,72846,72847,5de8b500a2802896,Exploits,1
2959,103994,103995,477a71746216d1cf,DoS,1
2960,150774,150775,76b93ddb12f5f450,Generic,1
2961,126170,126171,ab018d9fbe30603c,Generic,1
2962,121657,121658,7d1523282b886253,DoS,1
2963,71285,71286,4adf19f3975a3705,Reconnaissance,1
2964,141636,141637,3533e2a295edd81e,Generic,1
2965,165971,165972,b9788e6cf7649c74,Exploits,1
2966,101045,101046,9374d420944c0128,Fuzzers,1
2967,124751,124752,495b79380d767fa3,Exploits,1
2968,158088,158089,a5b10f82bffa81bf,Generic,1
2969,19092,19093,fcd9abc7025fbd88,Normal,0
2970,72788,72789,69c308f845551d02,Exploits,1
2971,159255,159256,3bebebf69264650b,Generic,1
2972,119991,119992,1c05c61ef65581e8,Generic,1
2973,78581,78582,5b44046031a4179d,Shellcode,1
2974,33156,33157,552b375e9204cdde,Normal,0
2975,156202,156203,c801e9b49a2c6491,Generic,1
2976,65734,65735,dba2c609076459ee,Analysis,1
2977,76745,76746,33a421735e68e53c,Exploits,1
2978,13899,13900,8b70ad275e8940cc,Normal,0
2979,750,751,4ab82c6910d92e0f,Normal,0
2980,2920,2921,4036daed813b3f78,Normal,0
2981,85136,85137,f2352b216d511669,Normal,0
2982,29622,29623,ed5969251fb276e1,Normal,0
2983,158015,158016,89133b2ce9e2ab60,Generic,1
2984,142608,142609,ed50eed4e77b791d,Exploits,1
2985,59267,59268,11cb835591642bb2,Analysis,1
2986,116646,116647,cf656feaca65a7f0,DoS,1
2987,110486,110487,ad6ad98264aaefac,Analysis,1
2988,48980,48981,0a20e382b8d5f9d6,Fuzzers,1
2989,77360,77361,b6bb3b975890e798,DoS,1
2990,139156,139157,be1ef970b1b9445d,Generic,1
2991,56991,56992,a354df12a3204b1c,Exploits,1
2992,18817,18818,46381460159a2c2d,Normal,0
2993,151345,151346,d2c5cc88969f5ca6,Generic,1
2994,113652,113653,a55f68c89fb07c2d,Reconnaissance,1
2995,132042,132043,fd401bb5677da8c9,Generic,1
2996,86401,86402,cd89f1430269e115,Normal,0
2997,43326,43327,e60b9989c55fd582,Normal,0
2998,122073,122074,af9872c542f21a5d,Generic,1
2999,70283,70284,c2f7431422fcca87,Fuzzers,1
3000,74892,74893,24a741c4020e5755,Normal,0
3001,39613,39614,2c84c5ca54970b2c,Normal,0
3002,93060,93061,16fbce2c72db796a,DoS,1
3003,33140,33141,e0d1d6f78f66a372,Normal,0
3004,38239,38240,0de09ada6591f915,Normal,0
3005,129911,129912,53699fb09fdb6c4c,Reconnaissance,1
3006,15876,15877,d1524c3300e08bfb,Normal,0
3007,72644,72645,f8a3434784fcacdd,Reconnaissance,1
3008,172248,172249,5647649392fec8bf,Generic,1
3009,163161,163162,03feac75b5fe52fc,Generic,1
3010,62409,62410,9c4f8954e22a48e3,Reconnaissance,1
3011,87333,87334,4de761f5b7f652bf,Exploits,1
3012,40582,40583,59c06d3e9d57fc17,Normal,0
3013,48908,48909,606ddd230a94bb97,Fuzzers,1
3014,114252,114253,d7a7dce0fdc5d35f,Fuzzers,1
3015,85085,85086,0ba6a9acd42d2bc8,DoS,1
3016,85338,85339,134bc0ac41b94415,Normal,0
3017,134897,134898,a03db0e5be6a10f5,Generic,1
3018,119490,119491,8af3985ec4df205c,Exploits,1
3019,134837,134838,c5d31cb7fa97cb30,Generic,1
3020,71347,71348,f786383a6f84053d,Normal,0
3021,107915,107916,e7677f71ec1962ef,Fuzzers,1
3022,19446,19447,0ecdc6ef19f81db8,Normal,0
3023,56625,56626,300d7ec394df91e0,DoS,1
3024,113247,113248,085163b21b5e5d93,Fuzzers,1
3025,48771,48772,4af6d1e3a321bbbf,Fuzzers,1
3026,61385,61386,5df1c178ea28add4,Fuzzers,1
3027,82608,82609,65c4173181cb7dfb,Reconnaissance,1
3028,150152,150153,98f499d592048d5a,Generic,1
3029,16439,16440,5281dfcc14eb77b3,Normal,0
3030,172553,172554,34d5055c694a2e1a,Generic,1
3031,86269,86270,e52942d85c1b3307,Normal,0
3032,57121,57122,5af5874a4f4937a4,DoS,1
3033,65181,65182,a422b41d554714bb,Normal,0
3034,77434,77435,70b1ee914ce2960e,Fuzzers,1
3035,104881,104882,05bd39fd3842b0a5,Fuzzers,1
3036,70529,70530,db58b4a3c9b7fcac,DoS,1
3037,30071,30072,4add730ad0399f6c,Normal,0
3038,168751,168752,d1e10d6a5e897086,Exploits,1
3039,100207,100208,1f41bd7f29d3e8a3,Normal,0
3040,94406,94407,73b2f121c061e54c,Exploits,1
3041,62726,62727,5301d1251ab764ca,Exploits,1
3042,108169,108170,d870b6ed4cd85249,Exploits,1
3043,7003,7004,4bea4d7a60e8226c,Normal,0
3044,46540,46541,ad2652efbe0c029d,Normal,0
3045,138179,138180,5199ea8bd0e8f060,Generic,1
3046,141669,141670,f01e5ce4bc1b458f,Generic,1
3047,41416,41417,6070d22b9b32a111,Normal,0
3048,63538,63539,bbb6e4eab0be3b4f,Exploits,1
3049,25958,25959,9ad338ec25053a23,Normal,0
3050,16030,16031,e98c1532ac4ba5ed,Normal,0
3051,122229,122230,c5f4870af15a8cfc,Fuzzers,1
3052,95207,95208,508f1f65afc855fa,Reconnaissance,1
3053,7602,7603,c17314f433356cdd,Normal,0
3054,38095,38096,26cb0fbd17071d81,Normal,0
3055,38640,38641,749cd9fee0d238a3,Normal,0
3056,74000,74001,62d51c2c0a742cd7,Fuzzers,1
3057,5218,5219,b1ca84964e8e6968,Normal,0
3058,51563,51564,2c514d36812c4ec9,Reconnaissance,1
3059,113374,113375,3a98584775220d61,Exploits,1
3060,135170,135171,7d3279aa9a9ed53e,Generic,1
3061,25426,25427,739417e36c15af13,Normal,0
3062,63698,63699,a01330cea7bc5f85,Reconnaissance,1
3063,97050,97051,fb2731f2259f7e08,Fuzzers,1
3064,169179,169180,ddcbde9df53c5379,Generic,1
3065,70482,70483,096b392045a48a55,Backdoor,1
3066,110237,110238,84453bf30add5ca4,Exploits,1
3067,52743,52744,2e93c019cf2e7581,Exploits,1
3068,172261,172262,89133b2ce9e2ab60,Generic,1
3069,83641,83642,dcf49d01abbd4196,Fuzzers,1
3070,155794,155795,59808ff2a05e2b5f,Generic,1
3071,115470,115471,e95c5e9d77b722fe,DoS,1
3072,51669,51670,912796e00c13f4fe,Reconnaissance,1
3073,69615,69616,ed9407793ccffa01,Fuzzers,1
3074,97438,97439,085cdccaba9279b9,DoS,1
3075,96871,96872,e9cd53526772f157,Exploits,1
3076,82757,82758,ef22976c403ffe1a,Exploits,1
3077,31615,31616,e44b8007011e2067,Normal,0
3078,22969,22970,2d3ba4fc94770db8,Normal,0
3079,48272,48273,0081ed83c7709d01,Fuzzers,1
3080,80213,80214,b74e2bdd8824ae89,Reconnaissance,1
3081,67115,67116,838c39d83bb503ae,Normal,0
3082,53585,53586,e1dac7f59684fdde,Fuzzers,1
3083,42470,42471,286b68e56c65aad2,Normal,0
3084,70043,70044,8cb0ac65a5e6517d,Fuzzers,1
3085,147829,147830,c5ba1867ebfde85b,Fuzzers,1
3086,171202,171203,9d0547c62733cf8d,Generic,1
3087,128009,128010,a17d3e73f06b882c,Fuzzers,1
3088,64642,64643,e6a276d87e912b72,Normal,0
3089,133197,133198,c57283d347ba7d03,Generic,1
3090,79643,79644,b9a50f5a32084279,Reconnaissance,1
3091,166459,166460,c57283d347ba7d03,Generic,1
3092,157684,157685,dbfde50ba93b984c,Exploits,1
3093,60499,60500,876fcc107bcd0c2e,Fuzzers,1
3094,116129,116130,f32214071cf56ee5,Exploits,1
3095,92299,92300,42ab4d9b3fdd1b1c,Normal,0
3096,49475,49476,1e8c5b311c509723,Exploits,1
3097,54843,54844,e58c93c5a88dfcd7,Fuzzers,1
3098,59368,59369,a91facb5686015cf,Exploits,1
3099,52612,52613,ae3358b35d9473fb,Fuzzers,1
3100,18570,18571,a761ffe492cabbb1,Normal,0
3101,89318,89319,eefcd035d2c9e508,Exploits,1
3102,3610,3611,247228253ceba35b,Normal,0
3103,119724,119725,6021e06238646561,Generic,1
3104,7637,7638,0ae2c9caa7736530,Normal,0
3105,35780,35781,00e5a4ce715e11a1,Normal,0
3106,38580,38581,4b794460dbd3b449,Normal,0
3107,146948,146949,79285fddc3b180af,Generic,1
3108,115614,115615,d1bf211f58641a45,Normal,0
3109,138232,138233,877760c80c2dc9a2,Reconnaissance,1
3110,125907,125908,c18eb8bb19434d14,Generic,1
3111,90112,90113,c3b00f5afd381ff1,DoS,1
3112,37126,37127,4a365fd74b5d06bd,Normal,0
3113,53417,53418,59c263a1798470e7,Fuzzers,1
3114,91255,91256,497d3525375c489a,Normal,0
3115,56334,56335,abbb6a01e7189801,Exploits,1
3116,7999,8000,574634affbf4eb5d,Normal,0
3117,26729,26730,a8065b5f9ffef344,Normal,0
3118,156316,156317,51fbcc1c697d9498,Generic,1
3119,83026,83027,f2d1c349bceec8c4,Normal,0
3120,34094,34095,ba211b2629608f4a,Normal,0
3121,75961,75962,6e3cff0cca287959,DoS,1
3122,45153,45154,7d19450cce16a484,Normal,0
3123,7307,7308,331d2acc0515a9ba,Normal,0
3124,89131,89132,420a37e1134189ff,Normal,0
3125,108112,108113,4caf62109324b4fc,Exploits,1
3126,86184,86185,7d5815a85e35cd2d,Backdoor,1
3127,3688,3689,c44dd2f5c1aee4dc,Normal,0
3128,1440,1441,02143d24ad45a9b3,Normal,0
3129,81280,81281,bdb198536e97e37f,Normal,0
3130,50800,50801,2c514d36812c4ec9,Analysis,1
3131,158672,158673,f25eea236310cb40,Generic,1
3132,158285,158286,f9a7b4df2d80ffca,Generic,1
3133,170554,170555,157e5a45f6e23243,Exploits,1
3134,52114,52115,574c4342be0c2998,DoS,1
3135,119140,119141,cfe4b0b62180f7d3,Generic,1
3136,4665,4666,79bc74a336be29d4,Normal,0
3137,160645,160646,6bb7eb56f10a0849,Generic,1
3138,62631,62632,32173d530f114cba,Exploits,1
3139,137801,137802,76f2a1a828e69fe0,Generic,1
3140,66375,66376,a02995f28bebefd6,Reconnaissance,1
3141,159443,159444,d7b6363d3d0e6cf0,Generic,1
3142,143062,143063,d6c909c8de6d4148,Generic,1
3143,65119,65120,99006c1656d6052f,Fuzzers,1
3144,75479,75480,c5ba1867ebfde85b,Normal,0
3145,110275,110276,e55b42120677d177,Exploits,1
3146,145875,145876,b3f0973a5d6002bf,Generic,1
3147,93937,93938,27ac80a5e8f6b879,DoS,1
3148,123314,123315,157e5a45f6e23243,DoS,1
3149,111575,111576,636416e3f0032d92,DoS,1
3150,171173,171174,cfe4b0b62180f7d3,Generic,1
3151,117932,117933,43a4a7f796c7c70d,Generic,1
3152,8385,8386,ea8724520679035e,Normal,0
3153,114451,114452,ab82ee763a6b68b4,Exploits,1
3154,77063,77064,8642ab17225e9718,Normal,0
3155,123049,123050,2d28d129da2c5520,Exploits,1
3156,131114,131115,d258900ef9f9f8da,Generic,1
3157,25157,25158,03b1d9f4c6bd69b4,Normal,0
3158,48045,48046,56fe72eab322f62d,Backdoor,1
3159,104484,104485,36f4334c9cbbaedb,Fuzzers,1
3160,72568,72569,67f49478e6daf88e,Fuzzers,1
3161,5800,5801,384c7d2ea2c117e2,Normal,0
3162,57385,57386,fbf3052c804d80bb,Fuzzers,1
3163,34729,34730,ce4f0e2bcaced35f,Normal,0
3164,17842,17843,165a43947503469d,Normal,0
3165,171320,171321,8bb0798020dd4337,Generic,1
3166,76882,76883,4171a38b97e623e4,Exploits,1
3167,51636,51637,82f2b80295e5260d,Exploits,1
3168,119077,119078,039501cbd63ba11d,Generic,1
3169,104937,104938,1d2a67ab2c20ad4e,DoS,1
3170,107118,107119,7cec2092ea8eddef,Exploits,1
3171,114271,114272,d36e70c05e08fc53,Exploits,1
3172,1620,1621,bb83aac569059648,Normal,0
3173,143954,143955,c5d31cb7fa97cb30,Generic,1
3174,12089,12090,eee560268ff53ce2,Normal,0
3175,73305,73306,f83153e3ec1cbf9a,Exploits,1
3176,14342,14343,9e0290d768015f3b,Normal,0
3177,83057,83058,787bc73adfdaf6ec,Fuzzers,1
3178,167062,167063,96fb33a4b41177e2,Generic,1
3179,169366,169367,34d5055c694a2e1a,Generic,1
3180,68663,68664,936625d98595261d,Exploits,1
3181,43978,43979,bcdf38e86214b1ed,Normal,0
3182,143597,143598,23baa74ecb7bba09,Fuzzers,1
3183,174586,174587,02ac7f4200f372f7,Generic,1
3184,61752,61753,8028e85189ab9c0e,Exploits,1
3185,103762,103763,bc42d0b7f6600d28,Fuzzers,1
3186,149367,149368,3a6dd8c478c6c7cd,Generic,1
3187,135602,135603,0a1a0b81d6af480c,DoS,1
3188,87757,87758,c1d2afd96ec330d9,DoS,1
3189,55360,55361,98ea2cf6e4372aaa,Fuzzers,1
3190,44102,44103,e8b935c498fea81a,Normal,0
3191,91485,91486,88de4992447ee199,Exploits,1
3192,32301,32302,4bd62872eaef0cd6,Normal,0
3193,91050,91051,8dda72dee1f0845f,Exploits,1
3194,169414,169415,16fc362cfe6c05ff,Generic,1
3195,65081,65082,58a095f63de151af,Normal,0
3196,146309,146310,3c299febfd4d0baf,Exploits,1
3197,61290,61291,1df1c2c802a31900,Shellcode,1
3198,153806,153807,cfe4b0b62180f7d3,Generic,1
3199,77333,77334,07c2f6845c201c27,Normal,0
3200,13364,13365,6b7bbfbf6c5aa593,Normal,0
3201,26590,26591,2eef3084887f4b33,Normal,0
3202,54217,54218,11f1e1d07471bf34,DoS,1
3203,164264,164265,7d1523282b886253,Exploits,1
3204,123846,123847,e563863c8957671b,Generic,1
3205,96671,96672,c9e4a8af1c817b13,Exploits,1
3206,97926,97927,bc57005212c5a88a,DoS,1
3207,107283,107284,40788ffd9fa6ea91,Exploits,1
3208,64154,64155,5444cca7c09206bd,DoS,1
3209,50976,50977,ae82fb4ca64d798e,DoS,1
3210,45724,45725,d747e64890953dfd,Normal,0
3211,141303,141304,4bb77cc2905e5bb5,Generic,1
3212,143437,143438,fcc820ab0573b860,Generic,1
3213,134674,134675,383c60fae2b104f3,Exploits,1
3214,24744,24745,023b5246e50de5da,Normal,0
3215,128017,128018,2aa8720e70e262bd,Reconnaissance,1
3216,65904,65905,67b670fb8f7be1b5,Exploits,1
3217,108575,108576,a2a871f848218b98,Exploits,1
3218,142017,142018,1c574339c1c69da5,Analysis,1
3219,85660,85661,73b2f121c061e54c,DoS,1
3220,111378,111379,4332c3a81d3bfb01,Normal,0
3221,16265,16266,8c035258ae4bd313,Normal,0
3222,136392,136393,b5d0337852cad6c9,Generic,1
3223,123932,123933,e0386fb5fec83265,DoS,1
3224,110565,110566,bb6b3509a9c307c8,Exploits,1
3225,98417,98418,4b50b40fd145a863,DoS,1
3226,63934,63935,8cee1cfa056e502c,Exploits,1
3227,128193,128194,f01e5ce4bc1b458f,Generic,1
3228,108166,108167,20b749264b8d68f6,Exploits,1
3229,163097,163098,ac4bbc55e3fec4d5,Generic,1
3230,46904,46905,ad6c50e4ff42eeb1,Normal,0
3231,136152,136153,75b6da5fe166bda2,Exploits,1
3232,49525,49526,7415e716ed55d3a7,Exploits,1
3233,95943,95944,47d664efcc6c932f,Reconnaissance,1
3234,37791,37792,799671ea66094ef5,Normal,0
3235,68182,68183,664b5909ec531db0,Exploits,1
3236,105377,105378,b3397532c8225c8c,DoS,1
3237,137371,137372,bba6e0c43d2dc11d,Generic,1
3238,63152,63153,83f5b7e37275929a,Reconnaissance,1
3239,23188,23189,d37260e8d354a489,Normal,0
3240,65319,65320,3f69e6934cb14990,Reconnaissance,1
3241,148438,148439,dd4471e7ac17788f,Generic,1
3242,102085,102086,6c9d79f506f968e2,Exploits,1
3243,169027,169028,cd2988de764ae595,Generic,1
3244,164898,164899,ea5a36d5fabeb555,Fuzzers,1
3245,123031,123032,2d28d129da2c5520,Analysis,1
3246,22908,22909,bfd846eb89223f81,Normal,0
3247,157194,157195,6970f91a8741eaba,Generic,1
3248,128388,128389,f01e5ce4bc1b458f,Generic,1
3249,14500,14501,2c3daf195a9befd2,Normal,0
3250,127986,127987,89133b2ce9e2ab60,Generic,1
3251,106451,106452,f881b9a3b07b7c51,Exploits,1
3252,87232,87233,29e76cbb0b5ec61e,Fuzzers,1
3253,109785,109786,8d067c4a6be781e4,Normal,0
3254,14202,14203,113448c9d0461979,Normal,0
3255,150732,150733,dd4471e7ac17788f,Generic,1
3256,91696,91697,9626d98da7e0f618,Exploits,1
3257,90510,90511,8997e977ff63d317,Exploits,1
3258,43113,43114,b42dc42fccf4c212,Normal,0
3259,131750,131751,b0dd956944b26c17,Exploits,1
3260,101758,101759,4a75dd84047a9ff9,Fuzzers,1
3261,24807,24808,0eecc4fa9c0cdca8,Normal,0
3262,79870,79871,99c9dcc4daab1351,Exploits,1
3263,103541,103542,cb500aeb0c3887e6,Fuzzers,1
3264,46662,46663,2f4ee28d93ce83c7,Normal,0
3265,37113,37114,36968b94413894e5,Normal,0
3266,24543,24544,60c8e896e7f8e922,Normal,0
3267,131970,131971,3536fef8598fb123,Generic,1
3268,139932,139933,d3d9d1a7ce179804,Reconnaissance,1
3269,86787,86788,c09193ceb3e17fe4,Exploits,1
3270,82075,82076,9feb7d47c037585c,Exploits,1
3271,157229,157230,3c163048c8be3ce1,Generic,1
3272,174645,174646,3844d808d463ffba,Generic,1
3273,80934,80935,aa3f5c9a26f358d2,Exploits,1
3274,140868,140869,1d8751ce07749352,DoS,1
3275,101766,101767,4537a7facb0779c3,Reconnaissance,1
3276,149090,149091,1b63ce1f512d1767,Generic,1
3277,34950,34951,1d941a9c5bf43ee3,Normal,0
3278,38599,38600,8c9cd9c222b9e547,Normal,0
3279,88071,88072,36268aab15a3ed97,Exploits,1
3280,118090,118091,17b7cd83695d42f7,Exploits,1
3281,96105,96106,cc481c6352c5f027,Fuzzers,1
3282,148933,148934,91f3b1fd91b27bda,Generic,1
3283,165200,165201,ca608e062079e7f9,DoS,1
3284,139732,139733,b65cc7f9d7f66bc0,Generic,1
3285,101755,101756,d5c139683f76c5df,Normal,0
3286,48594,48595,e6c25c76eaf46f3b,Fuzzers,1
3287,78483,78484,e875cb145351189f,Fuzzers,1
3288,102134,102135,28e6583c88eb0a35,Fuzzers,1
3289,82808,82809,d6e670f33e36f37c,Normal,0
3290,54273,54274,5eae241fc81f323f,Exploits,1
3291,114648,114649,efd2f1c00f2a8c43,Normal,0
3292,108810,108811,4102a82f271d9169,Normal,0
3293,156090,156091,25e68e8f600cb118,Generic,1
3294,86760,86761,d1e5b95aa5123b7d,Reconnaissance,1
3295,143977,143978,ac4bbc55e3fec4d5,Generic,1
3296,83541,83542,16fbce2c72db796a,DoS,1
3297,87015,87016,9d186af66badb9db,Exploits,1
3298,55699,55700,3b07b8cac06e53bb,Exploits,1
3299,115177,115178,1859bd894d9963dc,DoS,1
3300,33472,33473,1c960339c7e54dbb,Normal,0
3301,52496,52497,cf656feaca65a7f0,Exploits,1
3302,160932,160933,437090a7edfdb33f,Generic,1
3303,31968,31969,adbb39f8f0f41547,Normal,0
3304,19507,19508,605470009b9a0969,Normal,0
3305,88567,88568,92c037bbd31c5659,Normal,0
3306,31609,31610,f5cea19784089f52,Normal,0
3307,34592,34593,dc0ee95218e990d7,Normal,0
3308,59443,59444,16885180ab21ad69,DoS,1
3309,92312,92313,3729cb8cff9240c9,Exploits,1
3310,38529,38530,54ab3e6fce2b937d,Normal,0
3311,157249,157250,91581cd1051da78f,Generic,1
3312,13661,13662,4b37e817e8284c4e,Normal,0
3313,92706,92707,ebcf1d44707eee89,Exploits,1
3314,115425,115426,ccea0b485b49167b,DoS,1
3315,156379,156380,8593d85e18100f5a,Generic,1
3316,12283,12284,4190325a9e277899,Normal,0
3317,4029,4030,ac5148afaba360d1,Normal,0
3318,25324,25325,5a90bda2bc4437e5,Normal,0
3319,115939,115940,3dc9a66c659f3a88,Exploits,1
3320,92058,92059,5eb85dbcc47d403a,Fuzzers,1
3321,112937,112938,d7a7dce0fdc5d35f,Fuzzers,1
3322,22811,22812,ee1d4c0ae035001c,Normal,0
3323,146084,146085,fa864a2f73da2331,Generic,1
3324,54586,54587,b98d9d68e54e5cc0,Exploits,1
3325,133128,133129,3a6dd8c478c6c7cd,Generic,1
3326,74822,74823,2fd0da2ae4f979b3,Fuzzers,1
3327,75445,75446,596235bfa1ceaadb,Exploits,1
3328,148764,148765,6be93d3ac375ea77,Generic,1
3329,91103,91104,2c8b091e25abc505,Exploits,1
3330,55423,55424,e9d7934106ad6d50,Fuzzers,1
3331,14328,14329,b7e1fa86f3d6f416,Normal,0
3332,135971,135972,069925d8463f182a,Generic,1
3333,118838,118839,ceb4fb395d9c27a5,Reconnaissance,1
3334,71381,71382,c5180fe64b3c456c,DoS,1
3335,159467,159468,548720c44d2fd748,Exploits,1
3336,39513,39514,f249cbe4ccc35031,Normal,0
3337,31201,31202,fa624942ee5d7fc2,Normal,0
3338,150771,150772,244c40efa1c376b4,DoS,1
3339,56696,56697,f7f54a5d69e4d2d7,Exploits,1
3340,53141,53142,0d38f72b86142630,Exploits,1
3341,20275,20276,746ef4fbcdd41ba8,Normal,0
3342,63571,63572,b7dd7057446cc9ee,Exploits,1
3343,167607,167608,3603fa7e13ea4fb5,Generic,1
3344,41651,41652,c6df45cb31eb3d58,Normal,0
3345,109983,109984,1d2a67ab2c20ad4e,Reconnaissance,1
3346,117387,117388,bc5c719cc8537826,Generic,1
3347,123701,123702,5e86c738051b3685,DoS,1
3348,163700,163701,c7291ddd2f72959e,Generic,1
3349,134804,134805,7952a23c4363a94b,Exploits,1
3350,37559,37560,875547e3d9c6ece0,Normal,0
3351,165089,165090,3b108b09906d9cc5,Generic,1
3352,145104,145105,e66831fcf05e44ba,Exploits,1
3353,72350,72351,83413baceea015c9,Exploits,1
3354,85152,85153,128f5b15eb5c05ec,Exploits,1
3355,20460,20461,dc3ea6e10680ea3f,Normal,0
3356,173177,173178,6f5605b48158ca23,Reconnaissance,1
3357,63804,63805,870ad6b1c9f8f99a,Fuzzers,1
3358,17299,17300,edfd419d695f1bcb,Normal,0
3359,68838,68839,4deb7c6bed10f1bc,Fuzzers,1
3360,79458,79459,7144febfbf25e0da,Exploits,1
3361,123565,123566,19a1efd2282b4d3e,Exploits,1
3362,170338,170339,ebc0de1af5852751,Fuzzers,1
3363,61711,61712,de8797470b94b555,Exploits,1
3364,28078,28079,be8f9c65961d755e,Normal,0
3365,144581,144582,45e1c542f5c5bafe,Exploits,1
3366,96221,96222,c77086f2a0177437,Reconnaissance,1
3367,154068,154069,acad51e285d87084,Generic,1
3368,10618,10619,5f1b52e3d2b2d4e9,Normal,0
3369,132295,132296,1a3ae9654195c07d,Generic,1
3370,27638,27639,d97c309216097eb2,Normal,0
3371,137679,137680,34d5055c694a2e1a,Generic,1
3372,74467,74468,67c4341bbebdb32b,Exploits,1
3373,165836,165837,3603fa7e13ea4fb5,Generic,1
3374,149054,149055,fa864a2f73da2331,Generic,1
3375,141348,141349,f9b3d39213bb3009,Generic,1
3376,13502,13503,665d92f17ef648f3,Normal,0
3377,42321,42322,cb69d3bb6e5bc0e5,Normal,0
3378,115142,115143,efd2f1c00f2a8c43,Normal,0
3379,16676,16677,185535d74e902df8,Normal,0
3380,57808,57809,8a0358f605f68c05,Exploits,1
3381,156099,156100,beecb67711364a51,Reconnaissance,1
3382,73648,73649,1790777e8c07ef9a,Exploits,1
3383,16938,16939,08227e70c01311b0,Normal,0
3384,117490,117491,328c1ee74e2d5ba2,Generic,1
3385,82524,82525,bba55f4ed4004583,Reconnaissance,1
3386,15567,15568,894a68b4d1ecc0a8,Normal,0
3387,80930,80931,15d95ea5c159655f,Fuzzers,1
3388,3947,3948,9d2393699279674e,Normal,0
3389,35428,35429,1a81ea4f2ae459b2,Normal,0
3390,162817,162818,bba6e0c43d2dc11d,Generic,1
3391,32353,32354,789815795573094d,Normal,0
3392,31434,31435,b847c5cb9b2c2507,Normal,0
3393,169113,169114,3603fa7e13ea4fb5,Generic,1
3394,69536,69537,67c4341bbebdb32b,Exploits,1
3395,52017,52018,2e62ed5d61d2c914,Reconnaissance,1
3396,123729,123730,c75ea526629f7d64,Exploits,1
3397,55913,55914,6de8231254bac9a3,Exploits,1
3398,152670,152671,4500a00d77fb8bdf,Generic,1
3399,95408,95409,c2c0f83e5de7b852,Fuzzers,1
3400,28288,28289,5f60f7da5ac5cb71,Normal,0
3401,106650,106651,7593232ef4c7c00d,DoS,1
3402,156658,156659,ff9d50fa7d901bc2,Exploits,1
3403,17485,17486,758a0e11687954b4,Normal,0
3404,137888,137889,ca3197db024c934d,Reconnaissance,1
3405,103675,103676,78b2a08b093b403d,Exploits,1
3406,125775,125776,57fb2ca79bee9220,Generic,1
3407,142186,142187,7f51036a2c6fa234,Generic,1
3408,116164,116165,a1294c1f72c73b54,Reconnaissance,1
3409,162456,162457,1e3716ce376d4869,Exploits,1
3410,153989,153990,02ac7f4200f372f7,Generic,1
3411,165124,165125,3c0547524c0dafed,Exploits,1
3412,149964,149965,154764a8328df7ff,Fuzzers,1
3413,27663,27664,84f9c9d82936425f,Normal,0
3414,161726,161727,33d6e049e662c298,Generic,1
3415,101833,101834,a1294c1f72c73b54,Exploits,1
3416,104983,104984,2bab7dfb693cc3d9,DoS,1
3417,26944,26945,9734f0256814c038,Normal,0
3418,140849,140850,aeb0dce390bfec83,Generic,1
3419,138887,138888,4f5424cd2ea05ac3,Generic,1
3420,112994,112995,85cacef914bc5ca1,Fuzzers,1
3421,174718,174719,76f2a1a828e69fe0,Generic,1
3422,79634,79635,5ed0741052a5b63a,Exploits,1
3423,110281,110282,14dfdb205a3e7eb2,Exploits,1
3424,10881,10882,083b7c8ef0b4129a,Normal,0
3425,42736,42737,6b80648079d7f92f,Normal,0
3426,9392,9393,63a33b345359381a,Normal,0
3427,43585,43586,12784230ae9e449d,Normal,0
3428,59979,59980,788677831f756b95,Reconnaissance,1
3429,6656,6657,4285d82ac65c135f,Normal,0
3430,44570,44571,76c3d04684dbe4f9,Normal,0
3431,141265,141266,a56db53f304d604a,Generic,1
3432,167550,167551,9cff3bfdc53be0c4,Generic,1
3433,133655,133656,51a3210692717592,Generic,1
3434,57022,57023,b440c813bbfcadc2,Exploits,1
3435,121336,121337,9e832a3188d53696,Exploits,1
3436,19684,19685,372678f48ab744ce,Normal,0
3437,76078,76079,9800ac6616d4d27a,Fuzzers,1
3438,125071,125072,75824fd3f560ede3,Fuzzers,1
3439,7661,7662,eed3d83b2343e385,Normal,0
3440,69845,69846,796250a2d1a2f0f3,Exploits,1
3441,25286,25287,b19030ac51a18617,Normal,0
3442,121021,121022,328c1ee74e2d5ba2,Generic,1
3443,120178,120179,1b320abc6b11db5d,Generic,1
3444,143333,143334,47c1a99798a152e1,Generic,1
3445,95847,95848,ec441bccf11bf7a0,Exploits,1
3446,22837,22838,d88a6a937c45e049,Normal,0
3447,124343,124344,3bebebf69264650b,Generic,1
3448,131136,131137,2822f9e348062c09,Generic,1
3449,79737,79738,de83a3da51651662,Exploits,1
3450,37613,37614,dba0696a5616ba03,Normal,0
3451,7518,7519,fe02833823f6136c,Normal,0
3452,121073,121074,00129e548b1ff3bc,DoS,1
3453,23556,23557,163131888469a99e,Normal,0
3454,89071,89072,7a1d809d1757ef9f,Exploits,1
3455,83463,83464,6c1102aeb04b06d4,Fuzzers,1
3456,130315,130316,4ddb7a3503c4b4ba,Generic,1
3457,7605,7606,ae7ca8ccfa854b39,Normal,0
3458,64197,64198,fd59447ff3239f2c,Exploits,1
3459,102049,102050,ccea0b485b49167b,DoS,1
3460,58139,58140,4560daafd26b0d71,Exploits,1
3461,2459,2460,639ffae5d08fd1d3,Normal,0
3462,51753,51754,47e477a33e79bb64,Fuzzers,1
3463,131017,131018,9c74704762ff3bc2,Fuzzers,1
3464,123330,123331,2d28d129da2c5520,Exploits,1
3465,52620,52621,a9f70961474288a0,Exploits,1
3466,56178,56179,ce9a03d74d20c636,Exploits,1
3467,32268,32269,313180f921209de4,Normal,0
3468,11085,11086,9d60931c08149eb1,Normal,0
3469,82527,82528,a9eb8ece621faec1,Exploits,1
3470,81533,81534,32eb634d48a0f0a8,Reconnaissance,1
3471,27033,27034,dd783ad9f31202dc,Normal,0
3472,104029,104030,636416e3f0032d92,Exploits,1
3473,141999,142000,6be93d3ac375ea77,Generic,1
3474,142155,142156,eb30ab550f0b7ef3,Generic,1
3475,23677,23678,dc515d442843de33,Normal,0
3476,12316,12317,e06e11c8f3e7f1b5,Normal,0
3477,158409,158410,03feac75b5fe52fc,Generic,1
3478,99006,99007,985ae7e1468493a4,Reconnaissance,1
3479,159284,159285,3c163048c8be3ce1,Generic,1
3480,81335,81336,36d1cc811bb7ccb1,Exploits,1
3481,129884,129885,833ba3a0701a59e9,Generic,1
3482,110724,110725,653feb04b06e7bc7,Exploits,1
3483,150652,150653,b180380bca82ca78,Generic,1
3484,6766,6767,073623f6df2fb286,Normal,0
3485,98419,98420,4b50b40fd145a863,Exploits,1
3486,76394,76395,1fbd7e687029b59d,Exploits,1
3487,49407,49408,2ce363d92be138ea,Exploits,1
3488,91995,91996,c67366c511eb6680,Exploits,1
3489,137867,137868,c93b6f45c8142bb3,Generic,1
3490,22260,22261,9c0d6e454962ac71,Normal,0
3491,163027,163028,59e2c1fcf58f458e,Generic,1
3492,140861,140862,1d8751ce07749352,Backdoor,1
3493,88065,88066,36268aab15a3ed97,Exploits,1
3494,106029,106030,cf656feaca65a7f0,Exploits,1
3495,18900,18901,1f34a956ea2484c9,Normal,0
3496,124798,124799,96233624ab0db46f,Generic,1
3497,73558,73559,cf656feaca65a7f0,DoS,1
3498,117899,117900,32bd355143595c45,Generic,1
3499,26209,26210,59b0f4e36a169c75,Normal,0
3500,90358,90359,737f63faa1524d55,Exploits,1
3501,53702,53703,abbb6a01e7189801,DoS,1
3502,82213,82214,738383c220b68a17,Fuzzers,1
3503,70338,70339,dfb6e1631f061816,Exploits,1
3504,8730,8731,bacffc36f9a0ac9d,Normal,0
3505,129315,129316,0bf3198930cbfd67,Generic,1
3506,65627,65628,edb919b59d151e65,Exploits,1
3507,17368,17369,4816573cbf14e183,Normal,0
3508,94015,94016,3197c8968b319a3b,Fuzzers,1
3509,89047,89048,6d398d105ec00490,Exploits,1
3510,109871,109872,60f240c25027121c,Normal,0
3511,54080,54081,d8f253b4340a6c9a,Shellcode,1
3512,53127,53128,ef4cc8b90cc0993a,Fuzzers,1
3513,161158,161159,f6cb7844b6678574,Generic,1
3514,36258,36259,aaabb5be66b81d29,Normal,0
3515,4461,4462,890014c9cf8522fb,Normal,0
3516,9114,9115,26e1f6659ac44182,Normal,0
3517,113834,113835,5041b1ae600fa9b0,Exploits,1
3518,9848,9849,815f626339e4823e,Normal,0
3519,132552,132553,0bcdd4b1fe8a308b,Generic,1
3520,136809,136810,79304d3354153823,Fuzzers,1
3521,100470,100471,6683df6ffe489e35,Exploits,1
3522,56549,56550,eef6ef2bb0aa8755,DoS,1
3523,101251,101252,bcbf28cfac25d365,Normal,0
3524,114166,114167,dad89e5e70c4486d,DoS,1
3525,166978,166979,8c79193ac25119fd,Generic,1
3526,129070,129071,a63bfba47a01b31a,Generic,1
3527,174513,174514,5647649392fec8bf,Generic,1
3528,56077,56078,3c435652f2752df6,Exploits,1
3529,23309,23310,4132b1846d596de6,Normal,0
3530,141605,141606,c171ac6237379977,Reconnaissance,1
3531,93744,93745,fbbf610991c52e5b,Normal,0
3532,70329,70330,3e32200bed91e076,DoS,1
3533,95678,95679,b157e4e32a3defc7,Exploits,1
3534,168429,168430,7d524458f0ec374e,Generic,1
3535,96764,96765,6bd877c0f27d932b,Fuzzers,1
3536,1194,1195,0961a31e83ca0a93,Normal,0
3537,51053,51054,eef6ef2bb0aa8755,DoS,1
3538,164867,164868,2892d622c4c9efc8,Worms,1
3539,41909,41910,0e12d80317da7d42,Normal,0
3540,67807,67808,168bac328acbe770,Normal,0
3541,143544,143545,1dfe086306cebefd,DoS,1
3542,113139,113140,df24b1ff0c4483c1,Fuzzers,1
3543,91241,91242,2c3a18b59c13392e,Exploits,1
3544,49240,49241,aa24ccb2234d8efd,Reconnaissance,1
3545,6721,6722,a58401fc74bc22e5,Normal,0
3546,164689,164690,51fbcc1c697d9498,Generic,1
3547,7030,7031,e5b6a25fcfd1b09a,Normal,0
3548,73980,73981,480eb2a545c3489e,Fuzzers,1
3549,3414,3415,03a376a072248be2,Normal,0
3550,174922,174923,364c96d70716caf0,Exploits,1
3551,91673,91674,cfb855ec51df72b7,DoS,1
3552,147186,147187,164f87e1ac504b49,Fuzzers,1
3553,86490,86491,d3d40ce75d189865,Exploits,1
3554,89641,89642,26a4f17dcf389288,Exploits,1
3555,45848,45849,91f5d329382972ff,Normal,0
3556,85852,85853,88de4992447ee199,Backdoor,1
3557,172869,172870,34d5055c694a2e1a,Generic,1
3558,171643,171644,51a3210692717592,Generic,1
3559,17090,17091,c3df12a804d0e16f,Normal,0
3560,149107,149108,4e0edd840fbcfa23,Generic,1
3561,11666,11667,d8681a597f49daa3,Normal,0
3562,134194,134195,9b182880ec3c7f17,Generic,1
3563,85420,85421,4456181162e0216d,Normal,0
3564,73792,73793,052a4edf8f908b60,DoS,1
3565,9886,9887,cfc5d6a203c52bb9,Normal,0
3566,112329,112330,c5da26de6e3e3bcf,Normal,0
3567,119423,119424,ff611f1975de4b75,Fuzzers,1
3568,154621,154622,de1bbbb3c2842fdc,Generic,1
3569,74898,74899,81b51d338e52247b,Fuzzers,1
3570,72611,72612,1f5170d166987fca,Exploits,1
3571,169375,169376,34d5055c694a2e1a,Generic,1
3572,85945,85946,7df29ce08495f1da,DoS,1
3573,83746,83747,36a0803dae75ffa5,Exploits,1
3574,118532,118533,4108794a7784f72e,Generic,1
3575,138022,138023,32ed2007d85d27f1,Generic,1
3576,116288,116289,10256dac10120b10,Fuzzers,1
3577,1169,1170,b07d029df3c8f33a,Normal,0
3578,65118,65119,34ab2955f069c365,Normal,0
3579,40045,40046,2aa5cb8d4d77e7ed,Normal,0
3580,171058,171059,aa3265ef790635d1,DoS,1
3581,56357,56358,34b652ebdf3615d1,Exploits,1
3582,119751,119752,de46eb0624ad5593,Exploits,1
3583,37336,37337,531e83043fbab9c3,Normal,0
3584,93251,93252,3a02ce692bcf4bc9,Exploits,1
3585,34412,34413,3e2f01ddfda9a7dd,Normal,0
3586,162689,162690,2a7e96e274ef9b42,DoS,1
3587,127095,127096,d1e5b95aa5123b7d,Reconnaissance,1
3588,152660,152661,a56db53f304d604a,Generic,1
3589,84848,84849,c9e4a8af1c817b13,DoS,1
3590,56788,56789,bc6696b23e5067b0,Exploits,1
3591,63694,63695,0788cd17c9059c80,Exploits,1
3592,137283,137284,6af9303bfa1b7d35,Generic,1
3593,58442,58443,4b24e0084b95e3fc,Exploits,1
3594,46757,46758,feb524021c616afe,Normal,0
3595,90329,90330,4e30292f0301a56c,DoS,1
3596,15153,15154,df83b8cbdc05fd53,Normal,0
3597,56259,56260,c4a6135f50bce19f,Exploits,1
3598,43074,43075,d64680e65ce456dc,Normal,0
3599,152836,152837,d2c5cc88969f5ca6,Generic,1
3600,172749,172750,6cf31315d20d3231,Generic,1
3601,76906,76907,e89286cc435c82d6,Fuzzers,1
3602,69026,69027,35ec6b3aedda9dbb,Fuzzers,1
3603,114085,114086,18f24b3e2c794c34,Exploits,1
3604,12570,12571,22e8725ccf48dab0,Normal,0
3605,85577,85578,3192054a0e0c90c2,Fuzzers,1
3606,119349,119350,8d5fa1433cb88bd3,Generic,1
3607,69150,69151,3264c54c1a9d0c14,Exploits,1
3608,12499,12500,7e7f56573d14ede5,Normal,0
3609,22137,22138,99bfc07547bed8e6,Normal,0
3610,45344,45345,fda05c42305d9c1f,Normal,0
3611,118815,118816,09c4fc552b33db10,Fuzzers,1
3612,9159,9160,6dd2836a6f547520,Normal,0
3613,123198,123199,4ddb7a3503c4b4ba,Generic,1
3614,127532,127533,1c574339c1c69da5,Exploits,1
3615,74348,74349,46e38f7656d473a0,DoS,1
3616,171564,171565,3c163048c8be3ce1,Generic,1
3617,136608,136609,b364b312678bc0d0,Generic,1
3618,25782,25783,de0302af10542523,Normal,0
3619,88326,88327,e51d50e68651d2c5,Exploits,1
3620,146237,146238,2ed59292b6b5c551,Generic,1
3621,121541,121542,a6e9d0e8d196bb43,Fuzzers,1
3622,67699,67700,99182496db6fcee5,Fuzzers,1
3623,60576,60577,be93af9305f477ce,DoS,1
3624,123828,123829,328c1ee74e2d5ba2,Generic,1
3625,160769,160770,03058a25aabe976b,Fuzzers,1
3626,35949,35950,58099f1f26ad81a4,Normal,0
3627,172352,172353,6970f91a8741eaba,Generic,1
3628,25469,25470,6ad608462093181c,Normal,0
3629,16486,16487,539e2f7c84571510,Normal,0
3630,68611,68612,79f59523ed5f9ceb,Fuzzers,1
3631,161214,161215,a56db53f304d604a,Generic,1
3632,154193,154194,3603fa7e13ea4fb5,Generic,1
3633,56652,56653,a91facb5686015cf,DoS,1
3634,149913,149914,138aea4e041a8af3,Generic,1
3635,159002,159003,f02d0f71024947a0,Generic,1
3636,87972,87973,004fae08adb5ee0d,Exploits,1
3637,170039,170040,53efbf3bf5ecda86,Exploits,1
3638,53659,53660,d6c3b74eec951fd4,Reconnaissance,1
3639,21448,21449,2761c55183576421,Normal,0
3640,72091,72092,b3bfb6e4d1efdc32,Analysis,1
3641,158315,158316,f9a7b4df2d80ffca,Generic,1
3642,68221,68222,dba2c609076459ee,Exploits,1
3643,63135,63136,b252088ec4138c79,Exploits,1
3644,160222,160223,46de4fadb236ad52,Backdoor,1
3645,63439,63440,35cd32e38ba10067,Fuzzers,1
3646,92384,92385,c3b00f5afd381ff1,Exploits,1
3647,115326,115327,03fa7c3f34db2499,Fuzzers,1
3648,67101,67102,592b098a80b161be,Fuzzers,1
3649,21669,21670,4693293f3d7ff1ec,Normal,0
3650,67439,67440,8aa232552029a696,Exploits,1
3651,68422,68423,e3156320cfdca1f8,Exploits,1
3652,142978,142979,cb8c02718e69cd40,Generic,1
3653,172068,172069,5e303f7b4fdb6f46,Reconnaissance,1
3654,83981,83982,7689162443cda5b4,Exploits,1
3655,31451,31452,eb94b03d9a33cf71,Normal,0
3656,88602,88603,d47c81f573a430c0,DoS,1
3657,104004,104005,2540752235a7d8b6,Reconnaissance,1
3658,164998,164999,6be93d3ac375ea77,Generic,1
3659,159276,159277,3c163048c8be3ce1,Generic,1
3660,142163,142164,eb30ab550f0b7ef3,Generic,1
3661,2732,2733,3ddaae1920823e9a,Normal,0
3662,33054,33055,e814e439de6d88f1,Normal,0
3663,168659,168660,49bf116cdcc9d0be,Generic,1
3664,35388,35389,9597ae0de97f46ec,Normal,0
3665,126876,126877,3603fa7e13ea4fb5,Generic,1
3666,170316,170317,a77a672435375137,DoS,1
3667,78806,78807,21a88e7e0a995198,Fuzzers,1
3668,81955,81956,cdd4ab91895bec54,DoS,1
3669,53863,53864,7a2db3e363145669,Fuzzers,1
3670,35524,35525,52ce3552325e7627,Normal,0
3671,126754,126755,eef25a66d6a2b1c6,Generic,1
3672,38856,38857,ab7f3e1b29044d83,Normal,0
3673,110586,110587,bed5b7fdbe170449,Normal,0
3674,28079,28080,bc09026d1adf8ea7,Normal,0
3675,165777,165778,375d69c9afbc5a7a,Fuzzers,1
3676,45058,45059,fcc981e7665efdb4,Normal,0
3677,22474,22475,d185c0e85c211d9f,Normal,0
3678,107317,107318,cc43680499efc6e5,Normal,0
3679,146471,146472,82b2759ade6a123d,Exploits,1
3680,70534,70535,db58b4a3c9b7fcac,Exploits,1
3681,173518,173519,cd4ca82d79bc023d,Generic,1
3682,72655,72656,50f47700ce52b311,Fuzzers,1
3683,55175,55176,e1b04a0565bca2d0,Fuzzers,1
3684,124375,124376,56d778c268d82758,Generic,1
3685,101763,101764,ad1b7d96399aca43,Normal,0
3686,60038,60039,4c1108a44c4ff870,Fuzzers,1
3687,112426,112427,2acc37bcdee643aa,Fuzzers,1
3688,17539,17540,656e364b79466b7a,Normal,0
3689,1047,1048,f933d6e655cdba08,Normal,0
3690,40328,40329,19bf3d79fb3fd2d7,Normal,0
3691,153875,153876,ca89b736e7f05c6e,Generic,1
3692,155782,155783,59e2c1fcf58f458e,Generic,1
3693,63455,63456,7b7c8d949d1e7c64,Fuzzers,1
3694,131050,131051,2ad42d53dc82e462,Generic,1
3695,40689,40690,ca7b7c23671d1034,Normal,0
3696,161164,161165,f6cb7844b6678574,Generic,1
3697,2889,2890,e05a81d69b717e13,Normal,0
3698,82101,82102,88b5f3b69dd12879,Normal,0
3699,149769,149770,e3dabed93c6dff69,Generic,1
3700,74775,74776,cba7373a3074f3b7,Exploits,1
3701,32031,32032,cb895997a8c51b76,Normal,0
3702,174543,174544,536162ee1c7a7ad2,Generic,1
3703,113095,113096,fa1fd37a1d219313,DoS,1
3704,145861,145862,d6b7fea0b7de30bb,Generic,1
3705,12096,12097,759b5b46c843aa42,Normal,0
3706,64909,64910,5eb7f277c802e367,Fuzzers,1
3707,127908,127909,157e5a45f6e23243,Exploits,1
3708,59222,59223,a9f70961474288a0,Exploits,1
3709,33657,33658,7738525d676e0020,Normal,0
3710,9617,9618,7199febdd153c266,Normal,0
3711,39802,39803,884d62c97b50fe98,Normal,0
3712,97829,97830,7c8b39c71365dde9,Fuzzers,1
3713,114529,114530,bd9a31845adb484d,Exploits,1
3714,102632,102633,24b50b091950c5d8,Normal,0
3715,4875,4876,04c861193ec70149,Normal,0
3716,127094,127095,f8423ae561445ca1,DoS,1
3717,106612,106613,9d59d4dd99f79f59,Fuzzers,1
3718,31987,31988,402a10429e63ef5a,Normal,0
3719,114795,114796,ee57c5d01edf8a93,Normal,0
3720,1805,1806,d33a5d2a577b10d7,Normal,0
3721,43469,43470,f97490cd1bf16523,Normal,0
3722,170518,170519,157e5a45f6e23243,Analysis,1
3723,148473,148474,6a79c88ce9e50582,Exploits,1
3724,117588,117589,60efa1840b367fb7,Fuzzers,1
3725,125824,125825,069925d8463f182a,DoS,1
3726,16069,16070,8ebd8a9a07a23580,Normal,0
3727,77390,77391,f345dec7ecf5e900,Reconnaissance,1
3728,139933,139934,f8423ae561445ca1,DoS,1
3729,62154,62155,d144eeb1ebc99915,Exploits,1
3730,116989,116990,8ae0bc3b2fcd5edc,Exploits,1
3731,159274,159275,6be93d3ac375ea77,Generic,1
3732,55288,55289,b002cb7f68b561a6,Exploits,1
3733,134042,134043,9e2292ea0254e059,Fuzzers,1
3734,160577,160578,5647649392fec8bf,Generic,1
3735,159549,159550,379b09712f766757,Generic,1
3736,17335,17336,49b9dd35ee2cd87a,Normal,0
3737,53198,53199,adcf0b331715a3ac,Exploits,1
3738,49816,49817,4b9b4f21830fc92b,Shellcode,1
3739,62153,62154,f6ef45fb9358eb4e,Fuzzers,1
3740,133011,133012,a10a69db1a6f45b2,Generic,1
3741,119063,119064,af9872c542f21a5d,Generic,1
3742,56227,56228,625e140e66674967,DoS,1
3743,4607,4608,4f76e3eb95115224,Normal,0
3744,134645,134646,e9011a493a44a53e,Generic,1
3745,45722,45723,d747e64890953dfd,Normal,0
3746,60793,60794,832aeaabef652cf9,Exploits,1
3747,115941,115942,b69d0ceb6ab7b9e6,Fuzzers,1
3748,84444,84445,ac8900eb22331200,Reconnaissance,1
3749,151513,151514,e573fd010f8c653f,Generic,1
3750,109464,109465,ad6ad98264aaefac,Exploits,1
3751,161144,161145,1dd27bbf54731f58,Generic,1
3752,82794,82795,63c302ae053864d0,Reconnaissance,1
3753,43575,43576,9a46e2305a2d86ad,Normal,0
3754,100716,100717,37ef182e3b898aad,Exploits,1
3755,67624,67625,10412b59ed7637dc,Exploits,1
3756,32239,32240,54f96240bf69e238,Normal,0
3757,65205,65206,b37e5552523f8935,Reconnaissance,1
3758,33978,33979,ceef25346e9b1d63,Normal,0
3759,87622,87623,096f5601639d897d,Fuzzers,1
3760,8784,8785,888e475e85209a3a,Normal,0
3761,40545,40546,f9f50638344336cc,Normal,0
3762,56273,56274,34b652ebdf3615d1,DoS,1
3763,67918,67919,79e77b7b385ca61c,Fuzzers,1
3764,33674,33675,7c28e1500eb40b35,Normal,0
3765,75359,75360,744f73f6f3378c45,DoS,1
3766,152286,152287,1c574339c1c69da5,Exploits,1
3767,15912,15913,8e8b06033e69af9e,Normal,0
3768,30223,30224,30fca2981874b6ae,Normal,0
3769,166212,166213,1f052aca664c02dc,Generic,1
3770,90847,90848,88de4992447ee199,Exploits,1
3771,51963,51964,613ad49b9dda58df,Fuzzers,1
3772,10844,10845,efd5e281f8d5b36a,Normal,0
3773,104830,104831,bd9a31845adb484d,Exploits,1
3774,91352,91353,5975e899d7bed748,Exploits,1
3775,36566,36567,c974b0944aaa35eb,Normal,0
3776,104191,104192,a572362c8bf5d4e2,Normal,0
3777,123576,123577,56b4b602b50002cd,Generic,1
3778,106994,106995,a520dd4de85ba356,Exploits,1
3779,75090,75091,e0c7b9e3d6dcb8c7,DoS,1
3780,139613,139614,e0369b6797b64e36,Generic,1
3781,75859,75860,c179423cf1ff2049,Normal,0
3782,38679,38680,ca76025581893cf8,Normal,0
3783,85471,85472,e632c05d48a965bc,Reconnaissance,1
3784,75207,75208,10412b59ed7637dc,Exploits,1
3785,99796,99797,6de541211eb9eaf6,Shellcode,1
3786,30341,30342,20f11c7b59e9ac85,Normal,0
3787,71989,71990,936625d98595261d,Exploits,1
3788,142336,142337,d6b7fea0b7de30bb,Generic,1
3789,17257,17258,c02cbcc6fb270293,Normal,0
3790,8417,8418,5612940173df669f,Normal,0
3791,97780,97781,af76b1f35a6aa37d,Reconnaissance,1
3792,56642,56643,625e140e66674967,DoS,1
3793,77357,77358,6aa9bad1b2bde682,Reconnaissance,1
3794,121813,121814,e343ac962465bf7f,Fuzzers,1
3795,74198,74199,170828a365dac697,Normal,0
3796,133804,133805,c93b6f45c8142bb3,Generic,1
3797,133702,133703,5ec25c36773377fe,Reconnaissance,1
3798,53269,53270,2e93c019cf2e7581,Exploits,1
3799,160258,160259,c4d35987e608ba5a,Generic,1
3800,29215,29216,28291b400a5e1bd6,Normal,0
3801,164386,164387,34a5355e8b81b432,Exploits,1
3802,113351,113352,b143f5f83b5df090,Exploits,1
3803,18490,18491,7158285b77455bb6,Normal,0
3804,61157,61158,15ffde38b5906da0,Exploits,1
3805,147676,147677,19a1efd2282b4d3e,Exploits,1
3806,169714,169715,d6b7fea0b7de30bb,Generic,1
3807,157842,157843,05a361b2c904219b,Generic,1
3808,104080,104081,9fb3af842476f29a,Exploits,1
3809,19718,19719,372678f48ab744ce,Normal,0
3810,19814,19815,726823bb157505e9,Normal,0
3811,53369,53370,52440061d2fdf7a3,Fuzzers,1
3812,155706,155707,b91116a9596b695e,Exploits,1
3813,41394,41395,bb1f917c8b3be880,Normal,0
3814,20309,20310,615009a654526739,Normal,0
3815,36921,36922,04df3bd64249c292,Normal,0
3816,137666,137667,9fa3c16d091256b5,Generic,1
3817,30690,30691,d9b7fbb19964f777,Normal,0
3818,135453,135454,47c1a99798a152e1,Generic,1
3819,113335,113336,16be6b85bb3eceee,Normal,0
3820,160554,160555,bc302ca0bdb1aa85,Generic,1
3821,5913,5914,d17592e3a64e3a32,Normal,0
3822,5718,5719,696e8c587fc8a9b7,Normal,0
3823,134669,134670,c57283d347ba7d03,Generic,1
3824,144139,144140,8bb0798020dd4337,Generic,1
3825,56386,56387,cf656feaca65a7f0,DoS,1
3826,21214,21215,46d403acb956e396,Normal,0
3827,43891,43892,46cfab65396c951b,Normal,0
3828,6087,6088,7a0438e775f0fbff,Normal,0
3829,5583,5584,80d05eb1ad44f978,Normal,0
3830,172345,172346,5647649392fec8bf,Generic,1
3831,67979,67980,d3f5946299247cf9,Fuzzers,1
3832,82649,82650,f8259209e997782c,Normal,0
3833,55141,55142,1bf34e720e91548e,Fuzzers,1
3834,44834,44835,ce25c79c80fa2b87,Normal,0
3835,34907,34908,98484e8e2b169382,Normal,0
3836,145169,145170,6941bb63728e0a59,Fuzzers,1
3837,48339,48340,0600eef3252a4d75,Fuzzers,1
3838,102328,102329,f9ed41ec934ca503,Fuzzers,1
3839,136514,136515,aeb0dce390bfec83,Generic,1
3840,14015,14016,79625612accd82ef,Normal,0
3841,112782,112783,3aae1c97fce9cf65,Exploits,1
3842,28866,28867,4df3f2fab98b3e76,Normal,0
3843,108367,108368,44b419d4d0e6e6b4,Fuzzers,1
3844,43141,43142,c9c47456644ff8ed,Normal,0
3845,161518,161519,7b38a2567d4a643a,Generic,1
3846,174719,174720,76f2a1a828e69fe0,Generic,1
3847,49545,49546,f065ec835c3bf98e,Exploits,1
3848,2096,2097,b0e72520b49510e8,Normal,0
3849,92078,92079,a9eb8ece621faec1,DoS,1
3850,5286,5287,e2cf769d14ba9cbb,Normal,0
3851,161972,161973,6e421ff642e2e768,Generic,1
3852,146789,146790,441f232a30504157,Exploits,1
3853,34624,34625,e9fbab928d3af6b1,Normal,0
3854,29705,29706,9563af498cdfd4c4,Normal,0
3855,46806,46807,5d4774442148163b,Normal,0
3856,116959,116960,496e1c20332eb4b5,Fuzzers,1
3857,56054,56055,8023bd69caefd93a,Fuzzers,1
3858,45005,45006,4a93b944dfc5ffc7,Normal,0
3859,58572,58573,12ffdc464f78a0dd,Exploits,1
3860,136650,136651,3ee253b6b1eb2432,DoS,1
3861,11109,11110,e604c079173274e4,Normal,0
3862,27715,27716,beb0f04257086bb0,Normal,0
3863,52349,52350,767c3ddca294c731,Exploits,1
3864,98545,98546,e612fce68142f0ce,Exploits,1
3865,133895,133896,7d1523282b886253,Exploits,1
3866,95610,95611,84e35867fd564d2e,Fuzzers,1
3867,52266,52267,eec1693e4f9582e4,Fuzzers,1
3868,92055,92056,94a4a32708970d2f,Normal,0
3869,75425,75426,dc7086545610bdf1,DoS,1
3870,32362,32363,200439db9ee22063,Normal,0
3871,143155,143156,82569c943bcd36a1,Generic,1
3872,3717,3718,7363088225a8486b,Normal,0
3873,157251,157252,5199ea8bd0e8f060,Generic,1
3874,86569,86570,a89a74630e3a6233,Exploits,1
3875,148426,148427,9d0547c62733cf8d,Generic,1
3876,40863,40864,029c88605c407df1,Normal,0
3877,132248,132249,6e421ff642e2e768,Generic,1
3878,50943,50944,34b652ebdf3615d1,Exploits,1
3879,77316,77317,cdad192174bd6ac2,Exploits,1
3880,134503,134504,98ac0f80a1679668,Generic,1
3881,9404,9405,cee042e1405421a0,Normal,0
3882,147394,147395,114fd8829a501d9d,Generic,1
3883,165127,165128,4c819e52cd36402b,Generic,1
3884,145009,145010,2af5e7d1a51b17d4,Generic,1
3885,115602,115603,f34a3bf64e2065c0,Normal,0
3886,165642,165643,16fc362cfe6c05ff,Generic,1
3887,83059,83060,787bc73adfdaf6ec,Fuzzers,1
3888,164363,164364,34d5055c694a2e1a,Generic,1
3889,160151,160152,5647649392fec8bf,Generic,1
3890,61724,61725,b043090e91f9e893,Fuzzers,1
3891,147022,147023,6be93d3ac375ea77,Generic,1
3892,125426,125427,be57f44151f65f35,Generic,1
3893,107375,107376,a520dd4de85ba356,DoS,1
3894,94038,94039,98220f86b4a1cee5,Fuzzers,1
3895,137961,137962,2d28d129da2c5520,Exploits,1
3896,2736,2737,ae8b850ec4640f90,Normal,0
3897,34370,34371,0fa5cc26fdfb1c92,Normal,0
3898,173769,173770,f6bd44ac8eb99c01,Fuzzers,1
3899,99226,99227,51e332dea01b6d51,Exploits,1
3900,54476,54477,0d3f5cf302a21cf0,Exploits,1
3901,40831,40832,57c4e1b80ccb4a84,Normal,0
3902,157964,157965,fb3e221b7c4d4c5d,Generic,1
3903,156920,156921,bddedf44bc8b2e9c,Generic,1
3904,89315,89316,eefcd035d2c9e508,DoS,1
3905,149274,149275,6be93d3ac375ea77,Generic,1
3906,78226,78227,dba2c609076459ee,DoS,1
3907,21311,21312,b14e31a957039d7e,Normal,0
3908,109569,109570,6f82597fed46e409,Exploits,1
3909,173031,173032,6970f91a8741eaba,Generic,1
3910,128410,128411,a48ea50be5cb7c51,Generic,1
3911,44145,44146,6b2bd50aea2216c3,Normal,0
3912,52784,52785,9c4f8954e22a48e3,Reconnaissance,1
3913,104948,104949,465fd550ce4ff058,Fuzzers,1
3914,127356,127357,9d1ea34d905069f9,Reconnaissance,1
3915,4632,4633,022643cbf4ddbf6d,Normal,0
3916,95611,95612,a3dad9925106cd26,Exploits,1
3917,68682,68683,e0c7b9e3d6dcb8c7,Analysis,1
3918,129978,129979,e9f0d79c6efe7d38,Fuzzers,1
3919,37115,37116,d2bd588a81c853fd,Normal,0
3920,30306,30307,17019bcff8c8aeab,Normal,0
3921,153205,153206,63d7fd57f056bbcf,Generic,1
3922,164339,164340,4f64d7fc390f7240,Exploits,1
3923,76102,76103,0d76636c2c803d21,Fuzzers,1
3924,41882,41883,dcd5b995df7b86b6,Normal,0
3925,97433,97434,e813536f62c06b64,Fuzzers,1
3926,104828,104829,d9abde1c35be2726,Shellcode,1
3927,45693,45694,cf24eb1a49bd7737,Normal,0
3928,32385,32386,c07e0e0f6939c71e,Normal,0
3929,155700,155701,b91116a9596b695e,Fuzzers,1
3930,124278,124279,3a6dd8c478c6c7cd,Generic,1
3931,71185,71186,28dfa2f22de02d47,DoS,1
3932,108469,108470,89eafbd64a1af170,Exploits,1
3933,19181,19182,055946803d0239f2,Normal,0
3934,138071,138072,ff867cefb87c54c3,Shellcode,1
3935,34649,34650,783a386d582dd546,Normal,0
3936,50445,50446,686d9a64a71c2e29,Fuzzers,1
3937,90037,90038,67f1c7a3314d651f,Exploits,1
3938,70487,70488,096b392045a48a55,DoS,1
3939,59218,59219,a9f70961474288a0,Exploits,1
3940,9273,9274,7acedc59af074a4c,Normal,0
3941,76227,76228,fa87c7196313653a,Fuzzers,1
3942,36750,36751,f2976456dc91dea1,Normal,0
3943,82812,82813,d9f255dc66e95347,Normal,0
3944,87480,87481,0909841eb5237a50,Exploits,1
3945,97646,97647,6838cbbc74ad1dd7,Exploits,1
3946,136109,136110,5e86c738051b3685,Reconnaissance,1
3947,24920,24921,3e67f47a85b88b0f,Normal,0
3948,170291,170292,46de4fadb236ad52,DoS,1
3949,16690,16691,5f137ca25955288b,Normal,0
3950,161250,161251,c0a2162c6d44b7a5,Generic,1
3951,16988,16989,04ac2f4f8a8f6bf5,Normal,0
3952,114431,114432,77f2baa004e71984,Exploits,1
3953,156694,156695,ca89b736e7f05c6e,Generic,1
3954,5609,5610,75bf5a0c545a69e7,Normal,0
3955,18527,18528,69af0688f9176bad,Normal,0
3956,117424,117425,c5e93b6cf51f4d1f,Generic,1
3957,105876,105877,7cd7db8a17456eab,Exploits,1
3958,105536,105537,b5c669b964c43938,Exploits,1
3959,48053,48054,0e0959eb2e2585bf,Backdoor,1
3960,47656,47657,101be851aa7bd462,Normal,0
3961,93417,93418,a2aee4986fa4697d,Fuzzers,1
3962,23714,23715,95e9eb22800b3f77,Normal,0
3963,111980,111981,efd2f1c00f2a8c43,Normal,0
3964,97722,97723,e4fd0a5bd6ceb5e3,DoS,1
3965,126788,126789,03feac75b5fe52fc,Generic,1
3966,112695,112696,964cd74411bc7f2c,Backdoor,1
3967,24243,24244,a310a0e6e8f2d0a9,Normal,0
3968,6485,6486,d481772c092a4d87,Normal,0
3969,12603,12604,fd74a6b1680c3b7a,Normal,0
3970,84534,84535,5595630a66396e00,Backdoor,1
3971,24152,24153,bf0767fb42ee8046,Normal,0
3972,102215,102216,35ef653dbfd64395,DoS,1
3973,133331,133332,587292ea37902c97,Reconnaissance,1
3974,137381,137382,375d69c9afbc5a7a,Exploits,1
3975,137308,137309,069925d8463f182a,Exploits,1
3976,150401,150402,52166c6638412675,Generic,1
3977,107200,107201,11cb835591642bb2,Exploits,1
3978,44050,44051,ad6c50e4ff42eeb1,Normal,0
3979,19736,19737,372678f48ab744ce,Normal,0
3980,29670,29671,ab2c276ab20c91d2,Normal,0
3981,66210,66211,936625d98595261d,Exploits,1
3982,147372,147373,bd892b45a84915ab,Generic,1
3983,5029,5030,bde7f46e3cdbd72c,Normal,0
3984,171180,171181,f01e5ce4bc1b458f,Generic,1
3985,144659,144660,352ff53b01f6666d,Generic,1
3986,55569,55570,d88845d6147b21c5,DoS,1
3987,50896,50897,2765714a9425a43f,Exploits,1
3988,40949,40950,8fd672f25b38bc77,Normal,0
3989,26933,26934,0c559b6c5efdee7c,Normal,0
3990,5593,5594,d2c5f83b72248fde,Normal,0
3991,55042,55043,2ce363d92be138ea,DoS,1
3992,93845,93846,f12410286a956087,Fuzzers,1
3993,2161,2162,f294be7da649fa97,Normal,0
3994,88691,88692,1bf9d6e91f06e064,Fuzzers,1
3995,90945,90946,69dd73958344fd3e,Fuzzers,1
3996,38300,38301,0c9f570db00738e4,Normal,0
3997,133512,133513,ddda926f47077269,Generic,1
3998,26833,26834,73e7487b819d83db,Normal,0
3999,134265,134266,b5ea53287bd87271,Generic,1
4000,153058,153059,153f2af9eea87231,Generic,1
4001,24977,24978,d4ba96e93eb39ed6,Normal,0
4002,141880,141881,6d2a712affab1521,Exploits,1
4003,15795,15796,6320e2ec9ebee0b7,Normal,0
4004,72972,72973,f02a0ea19556a07e,Fuzzers,1
4005,99466,99467,05e15aa423cc6c4b,Fuzzers,1
4006,70704,70705,db58b4a3c9b7fcac,Exploits,1
4007,37910,37911,244d41cb2ddd953e,Normal,0
4008,45361,45362,cda14fb4d2d3fb66,Normal,0
4009,158866,158867,9f28181941d06c6e,Generic,1
4010,63029,63030,862745b49ef217ef,Fuzzers,1
4011,40540,40541,3843a1599b35f37f,Normal,0
4012,145019,145020,8314ea46144995bb,Generic,1
4013,74659,74660,d5a1a22debedf4a4,Normal,0
4014,3695,3696,ec31084e480716c8,Normal,0
4015,116081,116082,e938b6a2648c96ab,Exploits,1
4016,153271,153272,dc634663817281fb,Generic,1
4017,133898,133899,de1bbbb3c2842fdc,Generic,1
4018,123456,123457,27aae2213476bb08,Backdoor,1
4019,65770,65771,225d873e371dad65,Reconnaissance,1
4020,132742,132743,9d3130f7bc538a0b,Generic,1
4021,43449,43450,76c9b405fc35142c,Normal,0
4022,7809,7810,a46466e02f2785b5,Normal,0
4023,46133,46134,2c6db8d51c42bd7e,Normal,0
4024,90611,90612,9d186af66badb9db,DoS,1
4025,79070,79071,58803d6166312008,Fuzzers,1
4026,33585,33586,051667db30c8151a,Normal,0
4027,164548,164549,f50617117eea7218,Generic,1
4028,129351,129352,2383b36af5d8d31d,Generic,1
4029,56323,56324,abbb6a01e7189801,Exploits,1
4030,74904,74905,c08bcea97dcbbb77,Exploits,1
4031,103519,103520,bc5a5d638d60a9a4,Exploits,1
4032,100998,100999,7e08433dba30eb90,Reconnaissance,1
4033,146583,146584,03feac75b5fe52fc,Generic,1
4034,57109,57110,c4a6135f50bce19f,Exploits,1
4035,86961,86962,f5c191f661bededc,Fuzzers,1
4036,132934,132935,006919e18cb26786,Generic,1
4037,38722,38723,6bc4166eeab987e3,Normal,0
4038,56707,56708,cf656feaca65a7f0,DoS,1
4039,97417,97418,c0a9d10b1cf2b1b3,Reconnaissance,1
4040,100112,100113,2fcd3691f675a176,Normal,0
4041,51059,51060,0c91adba415a2d25,Fuzzers,1
4042,122115,122116,987bb392987aaf99,DoS,1
4043,109996,109997,2bab7dfb693cc3d9,DoS,1
4044,94364,94365,8997e977ff63d317,Exploits,1
4045,166453,166454,c57283d347ba7d03,Generic,1
4046,122101,122102,039501cbd63ba11d,Generic,1
4047,142640,142641,c082464fb22cefab,Generic,1
4048,50605,50606,7fe2f3495fbd448b,Fuzzers,1
4049,146713,146714,3536fef8598fb123,Generic,1
4050,96140,96141,627d88be6d581c87,Exploits,1
4051,87862,87863,8901fd11bf9d312a,Fuzzers,1
4052,47318,47319,77101391a841db2e,Normal,0
4053,76614,76615,8aa232552029a696,Exploits,1
4054,17291,17292,92680de97e7a3be9,Normal,0
4055,168517,168518,24e9be7d0408a95d,Generic,1
4056,54710,54711,b6dd4326030c7e97,Fuzzers,1
4057,159931,159932,1e121e5633be1048,Generic,1
4058,73292,73293,d996fecff39b8a08,DoS,1
4059,156608,156609,b99fae391b65d379,Generic,1
4060,51488,51489,fe9227feb31dfcae,Fuzzers,1
4061,140641,140642,66a9471f36a86651,Generic,1
4062,126654,126655,fcc820ab0573b860,Generic,1
4063,76063,76064,2e000e3584b9f7f6,Fuzzers,1
4064,26049,26050,2b77bbc3af9b1563,Normal,0
4065,122732,122733,29fa8664a84a3ebb,Generic,1
4066,74258,74259,c5180fe64b3c456c,DoS,1
4067,167401,167402,c495613608449223,Generic,1
4068,121713,121714,895e5aab8b0b47e1,Generic,1
4069,6219,6220,47626479e15463ec,Normal,0
4070,12631,12632,4e95ee599f4deb21,Normal,0
4071,118863,118864,609895ab21e2be43,Fuzzers,1
4072,86376,86377,3cd508a16bf4cd1b,DoS,1
4073,76979,76980,d6097116999baa8a,Normal,0
4074,7138,7139,9bee3d0e9bc663bf,Normal,0
4075,112005,112006,cf656feaca65a7f0,DoS,1
4076,46957,46958,5c2c1c6bbebbf54a,Normal,0
4077,80017,80018,6e59d8457393924b,Exploits,1
4078,80353,80354,7c5356a3d376e430,Fuzzers,1
4079,37409,37410,6d65bc0bb7a5d9c1,Normal,0
4080,5858,5859,5b94ebd0ae8dd9e7,Normal,0
4081,86680,86681,28f8537ee7761f0b,Exploits,1
4082,106803,106804,05c96b1a4f745c9c,Normal,0
4083,29127,29128,6ab0cc10256b6dbb,Normal,0
4084,96374,96375,32dc22accc34571b,DoS,1
4085,46764,46765,0af0ec8775b090d3,Normal,0
4086,131058,131059,e3f779e975519eff,Generic,1
4087,12293,12294,9cd4c6becbcc4f83,Normal,0
4088,40671,40672,8e444a20a9de5157,Normal,0
4089,92494,92495,52ab87b46c704eef,Exploits,1
4090,94546,94547,15ae0014ce02054e,Fuzzers,1
4091,116511,116512,37b6457f98219f86,Exploits,1
4092,102292,102293,4705df3e2f56d592,Normal,0
4093,102633,102634,70fffe9c39740c2d,Normal,0
4094,172239,172240,9a2134cbbea090e8,DoS,1
4095,32734,32735,3c88b9abaca0e1cf,Normal,0
4096,26815,26816,a89dac03a5acd8a5,Normal,0
4097,34652,34653,d3a9d16f91734027,Normal,0
4098,75153,75154,3e53580b5aae12c5,Normal,0
4099,79542,79543,95abf460437f3ecc,Fuzzers,1
4100,156502,156503,96fb33a4b41177e2,Generic,1
4101,115166,115167,6a575352e244f547,DoS,1
4102,93832,93833,73b2f121c061e54c,Exploits,1
4103,68464,68465,4f64d7fc390f7240,Exploits,1
4104,8401,8402,287285f6c4d5dd01,Normal,0
4105,50911,50912,ef30a1e4172fede4,Fuzzers,1
4106,71396,71397,131f2386c1fa64eb,Normal,0
4107,103012,103013,da57df1daf55d591,Reconnaissance,1
4108,132970,132971,1f3fa6b0b07d51f7,Fuzzers,1
4109,116092,116093,39ef06b5d006ddc6,Fuzzers,1
4110,151268,151269,2ed59292b6b5c551,Generic,1
4111,108918,108919,a2a871f848218b98,Exploits,1
4112,122750,122751,a56db53f304d604a,Generic,1
4113,135771,135772,d8ae940234d55295,Fuzzers,1
4114,129536,129537,07b456eb0d813fed,Exploits,1
4115,96694,96695,b73ef36638b110db,Exploits,1
4116,124279,124280,53786b0b893975c2,DoS,1
4117,56992,56993,96cd421adba225e0,Exploits,1
4118,87016,87017,32eb634d48a0f0a8,Analysis,1
4119,110836,110837,976435402b39c877,Normal,0
4120,74457,74458,2556ac602cc2da97,Normal,0
4121,37567,37568,4e566e50486152b7,Normal,0
4122,164187,164188,f01e5ce4bc1b458f,Generic,1
4123,102102,102103,75ad54c6708895da,Fuzzers,1
4124,41570,41571,db5c6c8081ff4619,Normal,0
4125,68293,68294,3fcd409410ef9b4d,Exploits,1
4126,155312,155313,d4c113e940aa902f,Exploits,1
4127,91192,91193,a01be875cdd4758d,Fuzzers,1
4128,118576,118577,1d5b2f7f139f5239,Generic,1
4129,124420,124421,c5d31cb7fa97cb30,Generic,1
4130,20395,20396,9bacff0ef22c5d81,Normal,0
4131,62667,62668,d91f21c6d50dc0e6,Exploits,1
4132,174376,174377,7ff4b13a9f634847,Generic,1
4133,56952,56953,b440c813bbfcadc2,Exploits,1
4134,56381,56382,4978abd2f5fd0aaa,Fuzzers,1
4135,1749,1750,bd4a9d4419962049,Normal,0
4136,34553,34554,d2ce8bb9054f7096,Normal,0
4137,6941,6942,4f69514374b21961,Normal,0
4138,112671,112672,60f240c25027121c,Normal,0
4139,168568,168569,858e10fb53b5e823,Exploits,1
4140,124964,124965,2bb9a2c4feab70c5,Generic,1
4141,135970,135971,49dfdaeaff1b093b,Generic,1
4142,143709,143710,50dd1d9d6ae3c5f8,Generic,1
4143,78437,78438,b33cf35a44a9949b,Exploits,1
4144,25131,25132,dc82beb8b10e8c22,Normal,0
4145,68876,68877,6f5605b48158ca23,Reconnaissance,1
4146,25716,25717,157b36060a47a1d7,Normal,0
4147,130027,130028,ff9d50fa7d901bc2,DoS,1
4148,7127,7128,f95cd83ae60d2e5e,Normal,0
4149,154095,154096,a03db0e5be6a10f5,Generic,1
4150,62758,62759,13022f25c60f2739,Reconnaissance,1
4151,144976,144977,eb9fc876ba35414a,Generic,1
4152,34841,34842,0eebabf0e8f334b5,Normal,0
4153,165236,165237,51be4b58fa9a7e78,Fuzzers,1
4154,171657,171658,7bd7fefa43645b44,Generic,1
4155,16271,16272,a92c88c812b7728e,Normal,0
4156,85198,85199,58ccb15a592f38d0,DoS,1
4157,2635,2636,a58e109abe100027,Normal,0
4158,100732,100733,2f4b19e5a77a3a8d,Reconnaissance,1
4159,130938,130939,a0204284dfdf5e36,Reconnaissance,1
4160,40584,40585,aad1592dec78642f,Normal,0
4161,109980,109981,14dfdb205a3e7eb2,DoS,1
4162,161937,161938,37fa1d67b353e683,Generic,1
4163,52237,52238,8499002bce6bb91e,Exploits,1
4164,13815,13816,958a9a6257836000,Normal,0
4165,143105,143106,1563d4034739d94a,Shellcode,1
4166,51671,51672,f6441cd063039160,Exploits,1
4167,129427,129428,d66af4eedc6d4e11,Generic,1
4168,141901,141902,34d5055c694a2e1a,Generic,1
4169,104747,104748,2146e7c5dbf89e1b,Exploits,1
4170,142398,142399,968aa753fade15bf,Reconnaissance,1
4171,93072,93073,c9e4a8af1c817b13,Exploits,1
4172,19293,19294,a752e3fa17392307,Normal,0
4173,89370,89371,7c0c048eba11d862,Exploits,1
4174,97739,97740,8a7bdaf638ab30e6,Exploits,1
4175,104703,104704,636416e3f0032d92,Analysis,1
4176,174545,174546,536162ee1c7a7ad2,Generic,1
4177,19569,19570,0d3328ccb82f36e5,Normal,0
4178,46526,46527,75f661bb00ad3964,Normal,0
4179,96145,96146,9d186af66badb9db,Exploits,1
4180,40756,40757,b1bc50f0050d1018,Normal,0
4181,162384,162385,a78c6bb56bcaa0af,Generic,1
4182,157340,157341,8d5fa1433cb88bd3,Generic,1
4183,14030,14031,d681f6579866904d,Normal,0
4184,13817,13818,46eea005540c4153,Normal,0
4185,67283,67284,710c9f40b06d57c1,Fuzzers,1
4186,100820,100821,9c85faf0b532bf9f,Fuzzers,1
4187,16085,16086,c64400a6a85f8d93,Normal,0
4188,70151,70152,fe24667fec440ee0,DoS,1
4189,28775,28776,8d144cf063da5e70,Normal,0
4190,71886,71887,5c41a23506392491,Exploits,1
4191,166900,166901,c2642096ddf9909a,Generic,1
4192,168471,168472,a112ca9559b30fd8,Generic,1
4193,156929,156930,8642ab17225e9718,Fuzzers,1
4194,95579,95580,bf8eb33e63d0685d,Exploits,1
4195,69869,69870,796250a2d1a2f0f3,Exploits,1
4196,126549,126550,09aed5011b291d39,Generic,1
4197,158034,158035,bcf3c47a692d420c,Generic,1
4198,53222,53223,e91f0e9a0e8464da,Exploits,1
4199,63062,63063,bbb6e4eab0be3b4f,Exploits,1
4200,84070,84071,9b959cf3ea93c54b,Fuzzers,1
4201,41918,41919,1ee5bbfb40f2c660,Normal,0
4202,48472,48473,bb677c163b716441,Fuzzers,1
4203,128405,128406,8dcedecef15535c4,Generic,1
4204,5710,5711,a2a239d676c15756,Normal,0
4205,66262,66263,95722a349916f362,DoS,1
4206,50716,50717,cb91ea15f77fd2a2,Fuzzers,1
4207,109411,109412,6a575352e244f547,DoS,1
4208,134245,134246,0717317892df1dcd,Fuzzers,1
4209,56975,56976,6de8231254bac9a3,Fuzzers,1
4210,20010,20011,74e4f910ec8f562d,Normal,0
4211,33747,33748,5a8c661d092e7062,Normal,0
4212,3258,3259,5d868aedbadddf88,Normal,0
4213,37602,37603,c75b9a7bf4c8d7c0,Normal,0
4214,45333,45334,44562ed096ee33a4,Normal,0
4215,36891,36892,29b125020669901d,Normal,0
4216,171567,171568,3c163048c8be3ce1,Generic,1
4217,163118,163119,03feac75b5fe52fc,Generic,1
4218,6958,6959,386ae4297b3299bc,Normal,0
4219,87585,87586,811b8b7d1281c8f5,Normal,0
4220,30212,30213,63bbb26dbb519218,Normal,0
4221,166100,166101,b91116a9596b695e,Exploits,1
4222,50446,50447,ae82fb4ca64d798e,Exploits,1
4223,145084,145085,9f28181941d06c6e,Generic,1
4224,113780,113781,bf592b8b4a6b2172,Reconnaissance,1
4225,53315,53316,3bac79a7faea0843,Exploits,1
4226,118672,118673,b3e07c5968694962,Fuzzers,1
4227,68574,68575,d37538ac7b14f8d6,Exploits,1
4228,30998,30999,2f044799ea8f4f1c,Normal,0
4229,116506,116507,9c4f8954e22a48e3,Reconnaissance,1
4230,112634,112635,bb6b3509a9c307c8,DoS,1
4231,17978,17979,4116d763e86c72f9,Normal,0
4232,82070,82071,0d91a2624f46a63a,Exploits,1
4233,163336,163337,310c6e99be5be8e4,Generic,1
4234,3852,3853,5e89c1857031a898,Normal,0
4235,124003,124004,fa864a2f73da2331,Generic,1
4236,1070,1071,cd5d2cc36d48057d,Normal,0
4237,89556,89557,ffdded586b81c413,Fuzzers,1
4238,91471,91472,6d398d105ec00490,Exploits,1
4239,51565,51566,8c424e849e431abb,Exploits,1
4240,12716,12717,cf6f370f4a024133,Normal,0
4241,159556,159557,379b09712f766757,Generic,1
4242,111858,111859,f8c940b80ecd70c2,Normal,0
4243,51614,51615,e03eeae77e6db689,Fuzzers,1
4244,104588,104589,189a5d4935031305,Normal,0
4245,25868,25869,dc15b62ade39dda8,Normal,0
4246,39675,39676,100e1c760a1c3fc2,Normal,0
4247,171291,171292,278c390884682b9c,Generic,1
4248,146856,146857,e2dd150573095a6e,Exploits,1
4249,73356,73357,48254dd8b844ac5a,Exploits,1
4250,102685,102686,297b7b792ae225d3,Normal,0
4251,3516,3517,786526368c93224b,Normal,0
4252,46052,46053,ce25ead322a3041f,Normal,0
4253,100759,100760,9f2c8a15dfef0739,Fuzzers,1
4254,157535,157536,64fcc95ef78d4824,Generic,1
4255,89507,89508,159476b00abfa1e4,Fuzzers,1
4256,22100,22101,b7c43ce7a6efb569,Normal,0
4257,91115,91116,9c4f8954e22a48e3,Reconnaissance,1
4258,133967,133968,02ac7f4200f372f7,Generic,1
4259,89687,89688,458e839841ca328a,Normal,0
4260,28342,28343,5e06258d3223b74b,Normal,0
4261,77652,77653,b770e5387a22dc40,Exploits,1
4262,70934,70935,14baaf66edf062dd,Exploits,1
4263,96147,96148,1293279d3a5189b5,Backdoor,1
4264,1929,1930,9255bf3ec2b17f2c,Normal,0
4265,75996,75997,9a2aaaddecb11a4d,Exploits,1
4266,13756,13757,6c7d875e5fd3022b,Normal,0
4267,90692,90693,3ab777c4b85715ab,Exploits,1
4268,39426,39427,5933dc8392d5b948,Normal,0
4269,5835,5836,8fc0b37c67c6ff9e,Normal,0
4270,90309,90310,58ccb15a592f38d0,DoS,1
4271,130308,130309,4ddb7a3503c4b4ba,Generic,1
4272,139140,139141,e3dabed93c6dff69,Generic,1
4273,144277,144278,2d28d129da2c5520,Backdoor,1
4274,162804,162805,03feac75b5fe52fc,Generic,1
4275,32782,32783,540b01cbda784975,Normal,0
4276,41234,41235,2250d418937656ff,Normal,0
4277,10124,10125,0354348c6e874ceb,Normal,0
4278,80055,80056,38bd2f1eec7668cf,DoS,1
4279,25188,25189,aaaf2e8040f45155,Normal,0
4280,114932,114933,7cec2092ea8eddef,Exploits,1
4281,74622,74623,bdc9ce9623835a3f,Exploits,1
4282,172268,172269,e266432a9309203f,Reconnaissance,1
4283,132703,132704,0a1a0b81d6af480c,DoS,1
4284,90843,90844,88de4992447ee199,Exploits,1
4285,46589,46590,280a0a2cd7916ae5,Normal,0
4286,164249,164250,4dae314d8c938e0e,Generic,1
4287,77886,77887,46e38f7656d473a0,Analysis,1
4288,147296,147297,c4ffd79896facb03,Generic,1
4289,7284,7285,217a57f10e33d870,Normal,0
4290,78582,78583,9b0b640c427b54ab,DoS,1
4291,150746,150747,dd4471e7ac17788f,Generic,1
4292,142648,142649,dec06037c3ad4726,Generic,1
4293,19023,19024,c753182164814e64,Normal,0
4294,140154,140155,5647649392fec8bf,Generic,1
4295,92883,92884,3cc7302a3a686839,Normal,0
4296,10006,10007,05315890a097914f,Normal,0
4297,100694,100695,3ad6dd99509c8876,Normal,0
4298,24377,24378,73537e5a5de6c0f2,Normal,0
4299,120680,120681,96dac29c73dc2b22,Generic,1
4300,2966,2967,62c7472e275d8e92,Normal,0
4301,37086,37087,9bb023854609cc9f,Normal,0
4302,152643,152644,34d5055c694a2e1a,Generic,1
4303,58792,58793,ce089ab64a46715a,DoS,1
4304,101844,101845,35ef653dbfd64395,Backdoor,1
4305,70954,70955,b6bb3b975890e798,Exploits,1
4306,120052,120053,7952a23c4363a94b,Fuzzers,1
4307,58214,58215,acbb5d93545db67d,Fuzzers,1
4308,64184,64185,5668c0d1a142d29d,Analysis,1
4309,167478,167479,3603fa7e13ea4fb5,Generic,1
4310,141362,141363,89133b2ce9e2ab60,Generic,1
4311,9618,9619,be46b1dfafcfd2a0,Normal,0
4312,151213,151214,c801e9b49a2c6491,Generic,1
4313,129907,129908,af9872c542f21a5d,Generic,1
4314,116604,116605,fbb72cb48aeac5be,Fuzzers,1
4315,131392,131393,19a1efd2282b4d3e,DoS,1
4316,103889,103890,5e9adb7619542695,DoS,1
4317,90214,90215,553f5b9eb3f22d36,Exploits,1
4318,171760,171761,9cff3bfdc53be0c4,Backdoor,1
4319,155024,155025,3930b45226e7ba7c,Generic,1
4320,121126,121127,74447a7e6deaee67,Fuzzers,1
4321,98812,98813,941046ccda18c903,Exploits,1
4322,29383,29384,87eb77f296523a76,Normal,0
4323,23001,23002,f890fa81a4558605,Normal,0
4324,167524,167525,57fb2ca79bee9220,Generic,1
4325,83173,83174,004fae08adb5ee0d,DoS,1
4326,84302,84303,46f14d90a3556942,Reconnaissance,1
4327,93055,93056,c9e4a8af1c817b13,DoS,1
4328,125355,125356,c7291ddd2f72959e,Generic,1
4329,44020,44021,fbc13e79f8a83677,Normal,0
4330,164110,164111,69f1d42f18ffcdd0,Generic,1
4331,1130,1131,6b358616613882e5,Normal,0
4332,5186,5187,2c1357b94260bd1a,Normal,0
4333,87520,87521,5595630a66396e00,DoS,1
4334,92428,92429,06f0fdd8be802fde,Exploits,1
4335,79735,79736,de83a3da51651662,Exploits,1
4336,38152,38153,d41e1eae0de8e9e6,Normal,0
4337,104369,104370,8e705f2b769b48fb,Shellcode,1
4338,171993,171994,27aae2213476bb08,DoS,1
4339,151738,151739,76d0c81c1f945c5a,DoS,1
4340,86285,86286,3a02ce692bcf4bc9,Exploits,1
4341,154311,154312,a6c108035cf41c12,Generic,1
4342,8898,8899,2dbfba6c595042a9,Normal,0
4343,87713,87714,ed2c4cce02e8d224,Normal,0
4344,84094,84095,c9d6e6bb2d816a2b,Normal,0
4345,43768,43769,861744cd233b77fd,Normal,0
4346,43590,43591,4ecbbb2ed17797f2,Normal,0
4347,30117,30118,e92d5569c567908c,Normal,0
4348,15992,15993,1501736816a00101,Normal,0
4349,139556,139557,05f305579931cf16,Generic,1
4350,62579,62580,c87a6d6d1e26a149,Exploits,1
4351,95669,95670,e3b3a985b812ecce,DoS,1
4352,16667,16668,6cd7971801c094e2,Normal,0
4353,158482,158483,e563863c8957671b,Generic,1
4354,117657,117658,cf656feaca65a7f0,Exploits,1
4355,6180,6181,9ee845b3b6897e0a,Normal,0
4356,171513,171514,1985736cf3242b7c,Generic,1
4357,140879,140880,bd9ea004bde13e51,Generic,1
4358,133753,133754,4947620b5f65c013,Reconnaissance,1
4359,158251,158252,f01e5ce4bc1b458f,Generic,1
4360,30660,30661,948169df47a090f9,Normal,0
4361,34433,34434,9699e41b7fae2a0f,Normal,0
4362,85870,85871,5f97499ff10382e6,DoS,1
4363,37709,37710,a2f14b1cd57b3f61,Normal,0
4364,134998,134999,5647649392fec8bf,Generic,1
4365,36431,36432,ef10bd004703edbc,Normal,0
4366,29086,29087,607350a7cb0bb649,Normal,0
4367,138146,138147,6be93d3ac375ea77,Generic,1
4368,144815,144816,be57f44151f65f35,Generic,1
4369,87345,87346,32dc22accc34571b,DoS,1
4370,126564,126565,41e36b1a37bc1a4c,Generic,1
4371,127109,127110,d121765cc647bb34,Generic,1
4372,10989,10990,af3e006ab3fd186b,Normal,0
4373,154396,154397,0cd513ce5921fbc7,Generic,1
4374,125215,125216,a046fa397d7fe04b,Reconnaissance,1
4375,67516,67517,ce1f01fec1043bb9,DoS,1
4376,158530,158531,50dd1d9d6ae3c5f8,Generic,1
4377,12903,12904,867d10d6dd66ab4a,Normal,0
4378,119119,119120,ab018d9fbe30603c,Generic,1
4379,81657,81658,925a6b0bab81a5ad,Exploits,1
4380,121256,121257,dcfc29311a937d9d,Exploits,1
4381,9079,9080,8e91e9da7c0ce4d0,Normal,0
4382,46941,46942,114378645205aa0d,Normal,0
4383,59064,59065,2df088c2922ace6f,Reconnaissance,1
4384,73438,73439,0e060f9ddfe63ffb,Reconnaissance,1
4385,56322,56323,6b08dacd97a4610f,Exploits,1
4386,72683,72684,8aedd3d8e85818fb,Shellcode,1
4387,38401,38402,efe23a61b36b66ce,Normal,0
4388,45732,45733,ab44fe2c30b8694b,Normal,0
4389,50322,50323,f6441cd063039160,Exploits,1
4390,20801,20802,f49e02d48c2e165a,Normal,0
4391,4648,4649,01370a43b1c2f5ba,Normal,0
4392,24814,24815,1b65ddb5f27729b8,Normal,0
4393,56369,56370,78421c3fb089b7d9,Exploits,1
4394,40736,40737,174c09ee56597784,Normal,0
4395,117534,117535,fffa56c7cdf862d2,Shellcode,1
4396,118458,118459,ef11c4493cc8c256,Generic,1
4397,31603,31604,c58e54d573759758,Normal,0
4398,9830,9831,acd0de540fbb0b8b,Normal,0
4399,9774,9775,c0954ae5b5348e29,Normal,0
4400,17360,17361,3fc8f7412166e238,Normal,0
4401,101390,101391,bce7a1bff782dc21,DoS,1
4402,20879,20880,425208f17f4a33c9,Normal,0
4403,48291,48292,86055d54ff7ad0cb,Backdoor,1
4404,27539,27540,91a16164cfba7cf0,Normal,0
4405,144161,144162,af9872c542f21a5d,Generic,1
4406,45673,45674,ff67c2f6b79a5a3e,Normal,0
4407,40560,40561,59c06d3e9d57fc17,Normal,0
4408,44872,44873,5f4cc1f455f2825d,Normal,0
4409,110487,110488,ad6ad98264aaefac,DoS,1
4410,150195,150196,9fb1e41370be6e82,DoS,1
4411,66104,66105,70638eec9574fc76,DoS,1
4412,69570,69571,17a18d685d3ba857,Reconnaissance,1
4413,146628,146629,4f64d7fc390f7240,DoS,1
4414,74053,74054,ad56ce258d043c63,DoS,1
4415,36668,36669,9a0b95804ab0d9b5,Normal,0
4416,166665,166666,9cff3bfdc53be0c4,DoS,1
4417,37278,37279,239b3b9f5ade7b0e,Normal,0
4418,119470,119471,d1e5b95aa5123b7d,Reconnaissance,1
4419,130941,130942,c4ffd79896facb03,Generic,1
4420,113542,113543,cd85afa7bce9067a,Exploits,1
4421,3073,3074,6bd627455e0f7de1,Normal,0
4422,151904,151905,ca89b736e7f05c6e,Generic,1
4423,41100,41101,f44ce57c0ebc6d59,Normal,0
4424,142358,142359,3a6dd8c478c6c7cd,Generic,1
4425,131389,131390,6be93d3ac375ea77,Generic,1
4426,76479,76480,796250a2d1a2f0f3,Exploits,1
4427,141613,141614,c171ac6237379977,DoS,1
4428,126626,126627,0bf3198930cbfd67,Generic,1
4429,136964,136965,7952a23c4363a94b,Generic,1
4430,50111,50112,16885180ab21ad69,Exploits,1
4431,17715,17716,76ede387478efc50,Normal,0
4432,65407,65408,f48351819ac7dc57,Fuzzers,1
4433,33282,33283,1835479a89c481f7,Normal,0
4434,26725,26726,4648621700a826b5,Normal,0
4435,154527,154528,b76e119d789c3413,Generic,1
4436,130888,130889,b049fd1fba5559bc,Generic,1
4437,103508,103509,97bc6e9258ef4f1b,Exploits,1
4438,60783,60784,56eae12ca7b15b50,Fuzzers,1
4439,5042,5043,1f20e79d2eced559,Normal,0
4440,56131,56132,2ce363d92be138ea,Exploits,1
4441,10634,10635,2e7093f1f8774e73,Normal,0
4442,119975,119976,8314ea46144995bb,Generic,1
4443,174309,174310,34d5055c694a2e1a,Generic,1
4444,40452,40453,f6627aaf61c985f1,Normal,0
4445,140085,140086,e5ce6eadbc65dc54,Generic,1
4446,56940,56941,a745c732e0c2865e,DoS,1
4447,64895,64896,214bd884eeecf0b7,Exploits,1
4448,158067,158068,34d5055c694a2e1a,Generic,1
4449,23285,23286,d710310597508b11,Normal,0
4450,158234,158235,d66af4eedc6d4e11,Generic,1
4451,103223,103224,2c921ae0255243b3,Worms,1
4452,82799,82800,cd4899e8d1e86936,Normal,0
4453,149534,149535,f01e5ce4bc1b458f,Generic,1
4454,19524,19525,034a6b009cb54dde,Normal,0
4455,16881,16882,6cab25fca41ea15d,Normal,0
4456,17071,17072,215d3e1be04efc94,Normal,0
4457,169705,169706,6623a701d143a1b1,Exploits,1
4458,85682,85683,f395341ce13e9729,DoS,1
4459,173015,173016,adacb8f413559855,Generic,1
4460,131935,131936,e69afb7a1f15e9a9,Generic,1
4461,129015,129016,b29dba81e40e2f69,Generic,1
4462,36802,36803,35baa4c7e90f4f26,Normal,0
4463,126091,126092,96fd9689f6311738,Exploits,1
4464,41377,41378,647d91cc46cc656b,Normal,0
4465,54381,54382,e8a4cb420bafaf61,Exploits,1
4466,133014,133015,2383b36af5d8d31d,Generic,1
4467,110299,110300,d3901b551f59da19,Exploits,1
4468,87076,87077,04de325abe50b2b0,Exploits,1
4469,123865,123866,8bb0798020dd4337,Generic,1
4470,141683,141684,a8b0fc9d27210d9d,Exploits,1
4471,30820,30821,3b5cb45d0de75e7c,Normal,0
4472,89906,89907,cfa2e06a880f34dc,Reconnaissance,1
4473,58542,58543,78578d302768e284,Exploits,1
4474,90700,90701,6405c55f998c7ca9,Exploits,1
4475,172384,172385,ddcbde9df53c5379,Generic,1
4476,144506,144507,579444a3e39db563,Generic,1
4477,98348,98349,ec367cb46987db87,Reconnaissance,1
4478,19716,19717,372678f48ab744ce,Normal,0
4479,101031,101032,6c0a2535885e7bb4,Worms,1
4480,126373,126374,d194b255b78430b3,Generic,1
4481,137385,137386,7952a23c4363a94b,Backdoor,1
4482,84501,84502,e314774c1f959298,Fuzzers,1
4483,68614,68615,8cb0ac65a5e6517d,DoS,1
4484,55920,55921,0927b68524cda00c,DoS,1
4485,122668,122669,6af9303bfa1b7d35,Generic,1
4486,23669,23670,b88b05cb52a11625,Normal,0
4487,135939,135940,9b02312194c25a4e,Generic,1
4488,83819,83820,b116f539f8efdc53,Normal,0
4489,69965,69966,8f37838ec4b524e9,Reconnaissance,1
4490,63617,63618,c3b507de9b7f63ee,Shellcode,1
4491,93827,93828,bb51f3d34c44feb5,Exploits,1
4492,78808,78809,e7fd0f848fff3f89,Exploits,1
4493,65750,65751,82768c375a433796,Normal,0
4494,93269,93270,8997e977ff63d317,Analysis,1
4495,171423,171424,ed8ed81f7f79539e,Generic,1
4496,146324,146325,59baa75cb4b774e8,Generic,1
4497,50888,50889,ba42e0069bedab7e,Fuzzers,1
4498,71068,71069,8a204c1bfc448b34,Normal,0
4499,44339,44340,b016beada43850ab,Normal,0
4500,53880,53881,bd558b764ba6ecb3,Exploits,1
4501,56962,56963,b440c813bbfcadc2,Exploits,1
4502,87518,87519,9d186af66badb9db,DoS,1
4503,21295,21296,0e7fea092ec01bf7,Normal,0
4504,134324,134325,cef45389aa419a22,Generic,1
4505,17729,17730,fea5b1a772252754,Normal,0
4506,140509,140510,e0386fb5fec83265,DoS,1
4507,146639,146640,489146c862c4d9b4,DoS,1
4508,120002,120003,9b182880ec3c7f17,Generic,1
4509,127696,127697,9d3130f7bc538a0b,Generic,1
4510,51989,51990,d88845d6147b21c5,DoS,1
4511,18011,18012,d6ead5f66c32195c,Normal,0
4512,13580,13581,e98e9fdcfb8002a2,Normal,0
4513,72015,72016,f506d418b014acaf,Normal,0
4514,128373,128374,64fcc95ef78d4824,Generic,1
4515,59394,59395,d309aae9f006dbb5,DoS,1
4516,92823,92824,32eb634d48a0f0a8,DoS,1
4517,72588,72589,05e73a268d238ba2,Exploits,1
4518,83056,83057,d1fb6080775177f5,Fuzzers,1
4519,166725,166726,a68ef51c15d4d78b,Exploits,1
4520,166726,166727,01a2dac927d39026,Exploits,1
4521,123629,123630,28d62443ec1c3a3c,Exploits,1
4522,86253,86254,cf12c1a6681dbc6b,Normal,0
4523,131585,131586,2a7e96e274ef9b42,DoS,1
4524,34292,34293,6b0edd91fc16fddd,Normal,0
4525,150284,150285,350518a77e5a599b,Exploits,1
4526,40528,40529,a158a8bf7b054b46,Normal,0
4527,172545,172546,c8a72f28644e8a72,Generic,1
4528,91204,91205,7256302f059dffc5,Reconnaissance,1
4529,169495,169496,458d8687f808f9e3,Generic,1
4530,92049,92050,8176c197e70e0f8a,Shellcode,1
4531,124030,124031,95b71ce817aca32b,Generic,1
4532,90392,90393,99e83c26539e943c,Exploits,1
4533,119992,119993,f9b3d39213bb3009,Generic,1
4534,144033,144034,2a863a5ccb62456b,Fuzzers,1
4535,43187,43188,18d14383857efce0,Normal,0
4536,116262,116263,2bab7dfb693cc3d9,Exploits,1
4537,16730,16731,241eb57015f6de03,Normal,0
4538,30330,30331,5a5b535568e97c5c,Normal,0
4539,133257,133258,09aed5011b291d39,Generic,1
4540,1053,1054,b98091c620d2476e,Normal,0
4541,58921,58922,cf656feaca65a7f0,DoS,1
4542,29840,29841,e04e2c704721df2c,Normal,0
4543,65874,65875,30547e519e0b305d,Exploits,1
4544,170277,170278,bddedf44bc8b2e9c,Generic,1
4545,37935,37936,889de863bbd66867,Normal,0
4546,62555,62556,dfc311c8abcc8c04,Reconnaissance,1
4547,139412,139413,8664faa60e84d3d0,Generic,1
4548,69566,69567,0ed647471d8502c0,Exploits,1
4549,107090,107091,c152dfd93aa7dbd5,Exploits,1
4550,159433,159434,1dd27bbf54731f58,Generic,1
4551,75041,75042,33a421735e68e53c,Exploits,1
4552,93173,93174,0ba6a9acd42d2bc8,Exploits,1
4553,153423,153424,b5d0337852cad6c9,Generic,1
4554,11709,11710,49c5c44c8546de4a,Normal,0
4555,39216,39217,76fa5b8258fbb281,Normal,0
4556,163970,163971,cc93c720b2775551,Generic,1
4557,59348,59349,288ca7fc50c97a2e,Reconnaissance,1
4558,1817,1818,fb5d71256bb4f948,Normal,0
4559,74768,74769,83413baceea015c9,Exploits,1
4560,11329,11330,1362d970fd62e2c3,Normal,0
4561,5665,5666,1fe146211d7f31db,Normal,0
4562,140000,140001,6be93d3ac375ea77,Generic,1
4563,102229,102230,ca629d6bb44020ba,Exploits,1
4564,125119,125120,dc90472435c1dba6,Generic,1
4565,39350,39351,ed5c299a91c8644e,Normal,0
4566,165745,165746,00129e548b1ff3bc,DoS,1
4567,87514,87515,7bbd0a973d77cd34,Exploits,1
4568,51232,51233,3ff289674bed21be,Fuzzers,1
4569,45691,45692,e15247925366fcbc,Normal,0
4570,122240,122241,6be93d3ac375ea77,Generic,1
4571,134385,134386,fc7dd80cd1a81ba3,Generic,1
4572,113276,113277,f3c87537b3877476,Exploits,1
4573,68598,68599,f23e24d8cb0de664,Fuzzers,1
4574,142303,142304,571a33cc8fd6f2f5,Generic,1
4575,140049,140050,1d76401593b9e23a,Generic,1
4576,121653,121654,7d1523282b886253,DoS,1
4577,46289,46290,486c4a459d1dfce8,Normal,0
4578,58888,58889,2df088c2922ace6f,DoS,1
4579,159496,159497,6be93d3ac375ea77,Generic,1
4580,1779,1780,aaed9e84383d4052,Normal,0
4581,59859,59860,425c62d97acc177c,Exploits,1
4582,12881,12882,5ac3c26afa922ba9,Normal,0
4583,64088,64089,883a4b006a64f8eb,Analysis,1
4584,144623,144624,49dfdaeaff1b093b,Generic,1
4585,3898,3899,39d1a2d28c69ecc9,Normal,0
4586,37070,37071,978cfd73a51f8d2e,Normal,0
4587,12206,12207,dee4c0b0c50024b9,Normal,0
4588,55970,55971,478183b8eae8b11c,Exploits,1
4589,99326,99327,ab82ee763a6b68b4,Exploits,1
4590,84855,84856,c9e4a8af1c817b13,DoS,1
4591,105809,105810,6a575352e244f547,Backdoor,1
4592,155877,155878,9cff3bfdc53be0c4,DoS,1
4593,114104,114105,49e7449db3a9b925,DoS,1
4594,121365,121366,2a7e96e274ef9b42,DoS,1
4595,105817,105818,1859bd894d9963dc,Exploits,1
4596,133555,133556,34d5055c694a2e1a,Generic,1
4597,11461,11462,d0bb5667a47cbbda,Normal,0
4598,53831,53832,ac462cb09c3a0645,Fuzzers,1
4599,22716,22717,a241446430ccb051,Normal,0
4600,94701,94702,42c21a59463c94d9,Exploits,1
4601,62937,62938,600b4365afb7252f,Reconnaissance,1
4602,56260,56261,11cb835591642bb2,Exploits,1
4603,63995,63996,7f024331db513618,Exploits,1
4604,173251,173252,17eddafc84c0532b,Generic,1
4605,117664,117665,d6245d4cfa80cca8,Shellcode,1
4606,82497,82498,97f3ae22924282bb,Exploits,1
4607,173181,173182,c7f774ac697c71cb,Generic,1
4608,131779,131780,9b589ab90bf143fa,Generic,1
4609,6347,6348,dfc7fc2f8edc138d,Normal,0
4610,50616,50617,ef30a1e4172fede4,Fuzzers,1
4611,19334,19335,0d9e3175c26b93a1,Normal,0
4612,51291,51292,f1837934ccc28edd,Analysis,1
4613,107763,107764,547fc1ec071b6739,Reconnaissance,1
4614,137210,137211,1e694334c25ac3d5,Generic,1
4615,74166,74167,02e7cb11be5b39b1,Exploits,1
4616,139827,139828,241b591bebad8834,Generic,1
4617,132941,132942,6bd4cf8bf57e9838,Generic,1
4618,141341,141342,51fbcc1c697d9498,Generic,1
4619,109256,109257,477a71746216d1cf,Exploits,1
4620,18111,18112,b1bf2eb0480d6f9d,Normal,0
4621,13563,13564,7196a864bb096fae,Normal,0
4622,12961,12962,b4c46bf5ed2bf83d,Normal,0
4623,164345,164346,489146c862c4d9b4,Fuzzers,1
4624,117461,117462,a1760a1fef9a6eb9,Generic,1
4625,61536,61537,c29cb24c1f598637,Exploits,1
4626,92332,92333,1cb928b00bdc8ed4,Normal,0
4627,71414,71415,c559ba051f6317fb,Normal,0
4628,72596,72597,dc1cb80078f97fbd,Fuzzers,1
4629,31082,31083,f694134c6dfb5ec8,Normal,0
4630,105482,105483,1f55c36625a2d88e,Exploits,1
4631,3147,3148,69c46b5ff6a3016c,Normal,0
4632,145002,145003,db6f4fbef5876d8c,Fuzzers,1
4633,14107,14108,2e15b539e1f7e6c1,Normal,0
4634,159975,159976,24e9be7d0408a95d,Generic,1
4635,57946,57947,538a1f77382f3426,Fuzzers,1
4636,3689,3690,54ae14d65f64112b,Normal,0
4637,112961,112962,7c997aa46aae77b6,DoS,1
4638,49756,49757,a99df38e9eb5c65d,Exploits,1
4639,45609,45610,2f3948839076e5f8,Normal,0
4640,28642,28643,91368a6923bb01a0,Normal,0
4641,163770,163771,dc634663817281fb,Generic,1
4642,146187,146188,b049fd1fba5559bc,Generic,1
4643,165206,165207,ca608e062079e7f9,Exploits,1
4644,23282,23283,a837597973bea945,Normal,0
4645,89844,89845,b157e4e32a3defc7,Exploits,1
4646,14644,14645,07a43e89a9936a5f,Normal,0
4647,41342,41343,0f83729101e93710,Normal,0
4648,169934,169935,954d0facc73709fc,Exploits,1
4649,22917,22918,22791cc661f4243f,Normal,0
4650,153173,153174,34d5055c694a2e1a,Generic,1
4651,36345,36346,d246f14eb5784190,Normal,0
4652,32883,32884,6ef49adfc6613fe7,Normal,0
4653,5328,5329,6a0a81464bb6f3a3,Normal,0
4654,173092,173093,fe551df9b56ca38a,Generic,1
4655,8201,8202,b0e39e6dbe153a73,Normal,0
4656,97811,97812,136d9bc947f89946,Fuzzers,1
4657,28721,28722,5a73ba31707017c5,Normal,0
4658,104203,104204,a520dd4de85ba356,Exploits,1
4659,38173,38174,9d72ea6b25e1c304,Normal,0
4660,32070,32071,e57e0d3c0fdb2f85,Normal,0
4661,66837,66838,3df2259805ff249b,Normal,0
4662,113930,113931,1c9bc7d623b36392,Fuzzers,1
4663,149297,149298,90e9c2828c255883,Generic,1
4664,2146,2147,532ffe3c0a02853c,Normal,0
4665,8099,8100,e43d5a672a7f2740,Normal,0
4666,63032,63033,62480d8c255c1166,Fuzzers,1
4667,57687,57688,3ac45a8c45fc47cd,Exploits,1
4668,41341,41342,729c199639275dec,Normal,0
4669,23918,23919,b08870813cd56b50,Normal,0
4670,113974,113975,a297035271158892,Reconnaissance,1
4671,77782,77783,f62b9bb4e0363a74,Fuzzers,1
4672,128649,128650,d6b7fea0b7de30bb,Generic,1
4673,29906,29907,0731967caf0cccc0,Normal,0
4674,171754,171755,a78c6bb56bcaa0af,Generic,1
4675,111318,111319,18b8e34e8a425636,DoS,1
4676,35863,35864,d0689ede5febca98,Normal,0
4677,144603,144604,ac8152acc53ebf44,Exploits,1
4678,27660,27661,8765cc902b077351,Normal,0
4679,79298,79299,df3270d9c8b63170,Shellcode,1
4680,106640,106641,3a55f1a744a30954,Exploits,1
4681,22853,22854,48c6f27511f15fad,Normal,0
4682,62981,62982,4e5b67b91d1e7dcf,Fuzzers,1
4683,109081,109082,b098663f52c9f816,Exploits,1
4684,91099,91100,004fae08adb5ee0d,DoS,1
4685,154382,154383,f10704903ff6c623,Generic,1
4686,35884,35885,563b0b43d46ffb82,Normal,0
4687,138998,138999,a56db53f304d604a,Generic,1
4688,26899,26900,32998629241b3025,Normal,0
4689,169693,169694,963ebaed69c6adac,Generic,1
4690,133072,133073,a0e022e2c99a2d5b,Reconnaissance,1
4691,17450,17451,f778426e82c551bf,Normal,0
4692,12,13,fefc99d9ab396554,Normal,0
4693,19324,19325,2986b977de9d38f9,Normal,0
4694,118751,118752,fb1a1d3a8fec7242,Fuzzers,1
4695,23792,23793,8bfb442c99769a45,Normal,0
4696,175123,175124,8eacfd336e55277a,Generic,1
4697,9219,9220,d2a426fcd9418e76,Normal,0
4698,22327,22328,1e21571651a8d154,Normal,0
4699,75136,75137,eb794bf68356e354,Normal,0
4700,72838,72839,be6a8ce418753b8d,Exploits,1
4701,125017,125018,68930ab4ef69a872,Exploits,1
4702,156638,156639,4dae314d8c938e0e,Generic,1
4703,94784,94785,7fb87b97e4413090,Fuzzers,1
4704,117417,117418,c5e93b6cf51f4d1f,Generic,1
4705,68492,68493,ad23509325e02bfa,Exploits,1
4706,44111,44112,43817c93c99d0b28,Normal,0
4707,109773,109774,6ad58290638bd7da,Exploits,1
4708,21475,21476,c0b3b13c99e1ee89,Normal,0
4709,143203,143204,54d3282bf737b197,Generic,1
4710,140988,140989,56b4b602b50002cd,Generic,1
4711,172021,172022,9ee370a3fb84838f,Generic,1
4712,11904,11905,531b5be000f32b22,Normal,0
4713,12313,12314,e48f32d99d244858,Normal,0
4714,93253,93254,cdd4ab91895bec54,Fuzzers,1
4715,141897,141898,3a6dd8c478c6c7cd,Generic,1
4716,3151,3152,8720de2659db00ff,Normal,0
4717,114198,114199,984d52da7eddca6e,Reconnaissance,1
4718,131634,131635,27aae2213476bb08,DoS,1
4719,60819,60820,0051404e4d35206d,Fuzzers,1
4720,107023,107024,0f77306c54319be8,Exploits,1
4721,141601,141602,49dfdaeaff1b093b,Generic,1
4722,52466,52467,7302add5050e7306,Exploits,1
4723,26783,26784,7fd8fbd4396cb83b,Normal,0
4724,15030,15031,c10aecf6cbdc1c5b,Normal,0
4725,64233,64234,2799cb15faf01ed2,Exploits,1
4726,65823,65824,142344d1b4b2922b,Exploits,1
4727,9339,9340,874a3dfa8d4185ff,Normal,0
4728,140872,140873,c57283d347ba7d03,Generic,1
4729,45455,45456,f0d093068ce533d6,Normal,0
4730,33210,33211,8b4b34a86fe210f7,Normal,0
4731,125556,125557,27aae2213476bb08,DoS,1
4732,154381,154382,bbdc438ecb6f6c5e,Fuzzers,1
4733,9189,9190,5383e87e4ff52fa4,Normal,0
4734,24346,24347,ab397fe601dc44c3,Normal,0
4735,155628,155629,6183751acc50248a,Generic,1
4736,100142,100143,fd1c0d9fd2ae2072,Exploits,1
4737,14111,14112,6f7910948e31a473,Normal,0
4738,62574,62575,3244cfde6025a1ce,Exploits,1
4739,110719,110720,09aa94b39b465fb3,Normal,0
4740,26348,26349,0d16ea7c3f9fc8e5,Normal,0
4741,47344,47345,ac448a17f1715d35,Normal,0
4742,15997,15998,1f69d41d4ae5b61b,Normal,0
4743,93204,93205,950a45a3a7da1c73,Exploits,1
4744,158113,158114,01c1d9d6e1b3504e,Generic,1
4745,144307,144308,5647649392fec8bf,Generic,1
4746,145334,145335,dcb86c0dc18fd7b7,Fuzzers,1
4747,12730,12731,e3f2fc8c8125bc1e,Normal,0
4748,115764,115765,f7d77e31c18dcb40,Fuzzers,1
4749,92086,92087,3cd508a16bf4cd1b,DoS,1
4750,113412,113413,42beb08a889495df,Fuzzers,1
4751,126329,126330,77415456b03b2b23,Fuzzers,1
4752,140979,140980,c6018b2d4069df32,Generic,1
4753,65036,65037,6e3cff0cca287959,DoS,1
4754,155083,155084,b842952cf2d9f4bc,Generic,1
4755,132821,132822,12a0495c78a5f7e8,Fuzzers,1
4756,78790,78791,39d99c430ea36bd6,Fuzzers,1
4757,156270,156271,201c999f28f21e45,Analysis,1
4758,166132,166133,7bd7fefa43645b44,Generic,1
4759,48382,48383,0acd815afc8e8856,Analysis,1
4760,7620,7621,a334eac120ab247a,Normal,0
4761,63483,63484,64867675e8d10341,Reconnaissance,1
4762,82118,82119,2ae31f55cef13193,Exploits,1
4763,32710,32711,8800beb08d29cfa0,Normal,0
4764,22636,22637,d4bf51267a7c362a,Normal,0
4765,43347,43348,d8fa0f3471f25b20,Normal,0
4766,47829,47830,3ed1295db2d40175,Normal,0
4767,86002,86003,9626d98da7e0f618,DoS,1
4768,51122,51123,32e1456f6e959016,Exploits,1
4769,86980,86981,dcf49d01abbd4196,Fuzzers,1
4770,44947,44948,426c47bd0fe04a26,Normal,0
4771,70183,70184,20347aa1258a97ff,Exploits,1
4772,157474,157475,3a6dd8c478c6c7cd,Generic,1
4773,113904,113905,74cc7ce5f1f66567,Normal,0
4774,133947,133948,0b61614a45765a39,Generic,1
4775,19211,19212,3962ff87337ea0aa,Normal,0
4776,85460,85461,8997e977ff63d317,Exploits,1
4777,172820,172821,96fb33a4b41177e2,Generic,1
4778,29697,29698,697dd5ea22698172,Normal,0
4779,17726,17727,e05ae87b43a91fce,Normal,0
4780,168349,168350,9c4f8954e22a48e3,Reconnaissance,1
4781,169935,169936,c57283d347ba7d03,Generic,1
4782,39626,39627,a51a00908be834ee,Normal,0
4783,15317,15318,f7e03fe7d4eae85c,Normal,0
4784,174359,174360,1bffd05e847fe0ba,Generic,1
4785,28020,28021,3e627ffb9e07baf0,Normal,0
4786,147219,147220,0d15259f7f03be15,Exploits,1
4787,150885,150886,1a3ae9654195c07d,Generic,1
4788,113879,113880,4257659ed9eba69a,Normal,0
4789,12719,12720,4e7e5f84b8d34986,Normal,0
4790,90685,90686,3ab777c4b85715ab,DoS,1
4791,71378,71379,7add927a034e4f21,Exploits,1
4792,90866,90867,74e898a21d5dc29f,Reconnaissance,1
4793,116367,116368,172b238d8a411c74,Exploits,1
4794,87523,87524,5595630a66396e00,Exploits,1
4795,9002,9003,7ad29b896990b344,Normal,0
4796,16235,16236,96415339d159875f,Normal,0
4797,174778,174779,1e694334c25ac3d5,Generic,1
4798,134178,134179,8d103a000ffcac01,Generic,1
4799,171560,171561,3c163048c8be3ce1,Generic,1
4800,167393,167394,5f0b896e62ea9985,Exploits,1
4801,153031,153032,fbea471d08eef9bf,Generic,1
4802,134254,134255,fa864a2f73da2331,Generic,1
4803,163840,163841,c7291ddd2f72959e,Generic,1
4804,124267,124268,806bc6e0f8e77710,Fuzzers,1
4805,85871,85872,74e898a21d5dc29f,Analysis,1
4806,102799,102800,831c5d9841d48ab5,Fuzzers,1
4807,67474,67475,33a421735e68e53c,Exploits,1
4808,133259,133260,18f8bbc3235361da,Generic,1
4809,85295,85296,15fa80c2428b2445,Normal,0
4810,55028,55029,e2d76638e1e7af7f,Reconnaissance,1
4811,69956,69957,c08bcea97dcbbb77,Fuzzers,1
4812,76300,76301,51d570cb3e3e173a,Exploits,1
4813,165782,165783,66a9471f36a86651,Generic,1
4814,63479,63480,355a8e22d87c8ddb,Fuzzers,1
4815,3374,3375,ffe9212347465845,Normal,0
4816,46686,46687,f375eef42c4ef6d9,Normal,0
4817,26430,26431,8de223d0e1f05b15,Normal,0
4818,44462,44463,3744684011ae9b73,Normal,0
4819,123591,123592,78083d467682a553,Reconnaissance,1
4820,75185,75186,8651de65447c6a5f,Shellcode,1
4821,162137,162138,12ddc8dff4f024c1,Fuzzers,1
4822,52797,52798,300d7ec394df91e0,DoS,1
4823,158153,158154,59baa75cb4b774e8,Generic,1
4824,93498,93499,6c8a9412e7003442,Exploits,1
4825,17782,17783,715abec8195bccc0,Normal,0
4826,60336,60337,898afc23853b4096,Fuzzers,1
4827,25859,25860,9444c5ee9e18bd39,Normal,0
4828,118249,118250,988cace0681cda08,Fuzzers,1
4829,74745,74746,2aa6aa312f7fca5c,Normal,0
4830,11589,11590,e5445c9e507120a0,Normal,0
4831,48274,48275,18fa051853388f97,Backdoor,1
4832,47557,47558,61d05a072209d41c,Normal,0
4833,78675,78676,51784686b86c709e,Exploits,1
4834,124930,124931,6e421ff642e2e768,Generic,1
4835,118146,118147,02354a3ae4e1cc9c,Fuzzers,1
4836,132563,132564,4a194873dd284207,Generic,1
4837,151950,151951,a9e780688c38a591,Generic,1
4838,39363,39364,4032fed6d2509a4b,Normal,0
4839,24858,24859,01f463c9ef79d18e,Normal,0
4840,7642,7643,5c1408145f8ce591,Normal,0
4841,166921,166922,9c4f8954e22a48e3,Reconnaissance,1
4842,45174,45175,7c05c659d801267b,Normal,0
4843,67658,67659,53b8f237abe561d9,DoS,1
4844,91214,91215,7e9525edf977871a,Normal,0
4845,83228,83229,3c5149be06ddddb1,Exploits,1
4846,18785,18786,87d506b1b1186b3f,Normal,0
4847,163114,163115,3a6dd8c478c6c7cd,Generic,1
4848,120826,120827,08ffffd66cb6256d,Exploits,1
4849,87633,87634,732611464f16bf21,Exploits,1
4850,61913,61914,15b53919f0841a6d,Fuzzers,1
4851,7256,7257,b621891aca73d98b,Normal,0
4852,173067,173068,89133b2ce9e2ab60,Generic,1
4853,50512,50513,57178cfde1959407,Fuzzers,1
4854,140930,140931,cb8c02718e69cd40,Generic,1
4855,150104,150105,6183751acc50248a,Generic,1
4856,37061,37062,0c93f42dc189d52d,Normal,0
4857,74088,74089,8271ca48c7b92f08,Exploits,1
4858,43946,43947,58ea9bec0bed653f,Normal,0
4859,21698,21699,f3b2e1a6543fdb8b,Normal,0
4860,31420,31421,15e4ee759c950e93,Normal,0
4861,131160,131161,cb8c02718e69cd40,Generic,1
4862,107905,107906,1859bd894d9963dc,Exploits,1
4863,57760,57761,0927b68524cda00c,Exploits,1
4864,127710,127711,4500a00d77fb8bdf,Generic,1
4865,170060,170061,34d5055c694a2e1a,Generic,1
4866,133036,133037,784ce28c34c55a06,Generic,1
4867,129694,129695,1d76401593b9e23a,Generic,1
4868,62647,62648,7259b57ea44a77d3,DoS,1
4869,78936,78937,5f6458f719c884f7,Reconnaissance,1
4870,82126,82127,7d5815a85e35cd2d,Exploits,1
4871,16655,16656,09ea70266639aab9,Normal,0
4872,116730,116731,2afa727a2e1c4481,Exploits,1
4873,70022,70023,3fa388d09a81cb65,Exploits,1
4874,90042,90043,67f1c7a3314d651f,Exploits,1
4875,119969,119970,8314ea46144995bb,Generic,1
4876,88099,88100,d6dd333d5fc3cd49,Normal,0
4877,154172,154173,1533dc2dbb4f32fb,Fuzzers,1
4878,105291,105292,1e40087d811861c7,Normal,0
4879,462,463,651865d8d6919945,Normal,0
4880,86991,86992,2fc50f94d81c5ddf,Exploits,1
4881,91001,91002,46f14d90a3556942,Exploits,1
4882,61588,61589,2b10bd15b1e92681,Reconnaissance,1
4883,91671,91672,010232df72a32a61,Exploits,1
4884,81499,81500,c878325d4baaf7c2,Exploits,1
4885,174722,174723,76f2a1a828e69fe0,Generic,1
4886,54802,54803,c4a6135f50bce19f,Exploits,1
4887,122538,122539,d6b7fea0b7de30bb,Generic,1
4888,64708,64709,514e2771b8bf11a2,Fuzzers,1
4889,174933,174934,272f9f2cfb5ec451,Generic,1
4890,84346,84347,288ca7fc50c97a2e,Reconnaissance,1
4891,44941,44942,b4d659ea29a19c6d,Normal,0
4892,116493,116494,6e7bd37c78c76d8f,Exploits,1
4893,154029,154030,f8e5d22e1c2ee536,Exploits,1
4894,102250,102251,80776c9f5cd0065a,Exploits,1
4895,63749,63750,ed6e4a89e0fc5cce,Fuzzers,1
4896,64290,64291,76fdbad6326d0d40,Reconnaissance,1
4897,146283,146284,21db89cad678f644,DoS,1
4898,75024,75025,8cb0ac65a5e6517d,Exploits,1
4899,146426,146427,3603fa7e13ea4fb5,Generic,1
4900,104670,104671,477a71746216d1cf,Exploits,1
4901,81345,81346,37faa9fe22a3687c,Exploits,1
4902,167556,167557,a133466c1a26c47f,Fuzzers,1
4903,83953,83954,19f3543e32ee753b,Exploits,1
4904,89258,89259,72f4c318638cb952,Normal,0
4905,18996,18997,e7ef931f5fdec15d,Normal,0
4906,80836,80837,f895b9fe1fc9ad20,Analysis,1
4907,171483,171484,a112ca9559b30fd8,Generic,1
4908,72176,72177,28dfa2f22de02d47,Exploits,1
4909,105964,105965,44b419d4d0e6e6b4,DoS,1
4910,106656,106657,efe59a5af64f7b12,Exploits,1
4911,21576,21577,3e5e62ced7f3312f,Normal,0
4912,86267,86268,cfb06baec42eeed3,DoS,1
4913,33420,33421,e72982f07ea66603,Normal,0
4914,40527,40528,84104db89da67641,Normal,0
4915,68835,68836,3e3b2b5d7cda9712,DoS,1
4916,36908,36909,d67a7878fd6c8fe1,Normal,0
4917,139214,139215,6e2beeacdb7a010d,Generic,1
4918,8791,8792,acb2de19db7b0658,Normal,0
4919,11211,11212,7a243231c5218171,Normal,0
4920,173106,173107,d0ca6c51a1d7014b,Generic,1
4921,124949,124950,fee086f1e03cc30a,Generic,1
4922,85444,85445,cdd87d5131c39f08,Normal,0
4923,97604,97605,d10b7f4a6b02fb41,Reconnaissance,1
4924,11679,11680,41b3c74909480356,Normal,0
4925,141000,141001,5cc20432b7432240,Exploits,1
4926,117777,117778,84453bf30add5ca4,Exploits,1
4927,77974,77975,e74b98429c80ae57,Exploits,1
4928,84043,84044,5595630a66396e00,Exploits,1
4929,110857,110858,aa0c846945af287a,Fuzzers,1
4930,4164,4165,04f58a04fcc78e47,Normal,0
4931,159800,159801,ac4bbc55e3fec4d5,Generic,1
4932,6212,6213,8007b280d5d654a4,Normal,0
4933,23690,23691,09612ab9d6dd0259,Normal,0
4934,81538,81539,9c4f8954e22a48e3,Reconnaissance,1
4935,151923,151924,678dfec0ad46b6ba,Generic,1
4936,111577,111578,636416e3f0032d92,Exploits,1
4937,59805,59806,fe9227feb31dfcae,Exploits,1
4938,114525,114526,7031c7e83336f0cf,Fuzzers,1
4939,71860,71861,d37538ac7b14f8d6,Exploits,1
4940,128746,128747,c6018b2d4069df32,Generic,1
4941,79523,79524,0683196b979a3e9c,Exploits,1
4942,14668,14669,fbd004dcda412401,Normal,0
4943,102136,102137,0e48330fce76c0f8,Reconnaissance,1
4944,10688,10689,5dea5b9657117c3a,Normal,0
4945,18671,18672,3bcf17308eb0eaed,Normal,0
4946,131821,131822,cfe4b0b62180f7d3,Generic,1
4947,5101,5102,78564473879aaaab,Normal,0
4948,64758,64759,7f4d663d02086aca,Exploits,1
4949,115173,115174,6a575352e244f547,DoS,1
4950,132280,132281,1a3ae9654195c07d,Generic,1
4951,31963,31964,ad9e7c193635b32e,Normal,0
4952,99025,99026,3be618c36750ebdd,Exploits,1
4953,111381,111382,5e9adb7619542695,Backdoor,1
4954,152403,152404,066ec53af3ee8c16,Reconnaissance,1
4955,130733,130734,3db57c34492bc10a,Generic,1
4956,140067,140068,bb6b3509a9c307c8,Exploits,1
4957,38410,38411,aa9271f800b384f7,Normal,0
4958,172414,172415,0a1a0b81d6af480c,Exploits,1
4959,163605,163606,d5fc547c9d2c09f7,Generic,1
4960,30144,30145,6d0ba61032945b99,Normal,0
4961,100903,100904,129daaeab3d92856,Normal,0
4962,98830,98831,79074ef624ca02c7,Fuzzers,1
4963,72629,72630,befee808d2eff847,Fuzzers,1
4964,24454,24455,594666a22fa8c5f6,Normal,0
4965,10350,10351,5b2e093b6850ad95,Normal,0
4966,56913,56914,5ec48a2561e29e89,DoS,1
4967,40032,40033,5e45caf84aa3d85f,Normal,0
4968,43191,43192,4a9506ab7cc7dbe9,Normal,0
4969,100560,100561,293cd64b490109b7,Normal,0
4970,100011,100012,d4f90687335503f8,Normal,0
4971,59259,59260,4456369193256d01,Exploits,1
4972,79667,79668,e532e05509ee66ba,Exploits,1
4973,74270,74271,13a58e31872e072b,DoS,1
4974,138441,138442,af7ee06b5454185b,Generic,1
4975,131928,131929,57fb2ca79bee9220,Generic,1
4976,97859,97860,b3de7ce66d551873,DoS,1
4977,102831,102832,d7cdf83525c6e8ab,Exploits,1
4978,102762,102763,fa1fd37a1d219313,DoS,1
4979,69013,69014,a254d8a8ce9d23a5,Exploits,1
4980,45287,45288,de5d8b05b42c86d1,Normal,0
4981,151667,151668,6ae8f0931bfc7a5e,Generic,1
4982,110669,110670,964cd74411bc7f2c,Analysis,1
4983,68913,68914,57cdd9fc6601d198,Reconnaissance,1
4984,34443,34444,4c31f1b1028bfae6,Normal,0
4985,18166,18167,c72f0cf150029b0b,Normal,0
4986,122121,122122,3d767b6aacc770cd,Generic,1
4987,119725,119726,6021e06238646561,Generic,1
4988,37078,37079,553cdbf4fd2eabc8,Normal,0
4989,102066,102067,071d6d2653e36ed6,Normal,0
4990,165291,165292,bb6b3509a9c307c8,DoS,1
4991,17893,17894,64bf9cbb2f548def,Normal,0
4992,43448,43449,67abecefc109f2b3,Normal,0
4993,17219,17220,c6094b6f8a1e261f,Normal,0
4994,153179,153180,34d5055c694a2e1a,Generic,1
4995,81952,81953,18b10befc1e0aac8,Exploits,1
4996,157935,157936,42775522c01e442c,Generic,1
4997,3313,3314,4de3b23f35224d0c,Normal,0
4998,141029,141030,d6b7fea0b7de30bb,Generic,1
4999,146855,146856,cef45389aa419a22,Generic,1
5000,115938,115939,c09193ceb3e17fe4,Backdoor,1
5001,139357,139358,52166c6638412675,Generic,1
5002,30934,30935,96c07946bfbf6064,Normal,0
5003,140177,140178,2d28d129da2c5520,Generic,1
5004,57038,57039,478183b8eae8b11c,DoS,1
5005,104193,104194,a520dd4de85ba356,DoS,1
5006,138027,138028,890d3b8116362489,Generic,1
5007,23089,23090,04c1e0a21e819b5e,Normal,0
5008,131430,131431,f8782fed6fd30137,Generic,1
5009,95014,95015,f25523b1784fcf5d,Fuzzers,1
5010,69741,69742,89712b2f51454db5,Exploits,1
5011,23841,23842,83286321db99f80e,Normal,0
5012,68600,68601,14baaf66edf062dd,DoS,1
5013,64134,64135,2c667c74086cefca,Exploits,1
5014,77228,77229,51311d2fd00e53c6,Exploits,1
5015,152669,152670,20bd79cc327274d2,Fuzzers,1
5016,22256,22257,a22b419499a6d3e4,Normal,0
5017,414,415,f873ef4eb0bb3c38,Normal,0
5018,41989,41990,83a2a37e51b09c5d,Normal,0
5019,104014,104015,f48f779404839399,Fuzzers,1
5020,156576,156577,124a9c14b7f0ff8d,Exploits,1
5021,99231,99232,4b9479964e228abf,Exploits,1
5022,84271,84272,7aafae4fc8b12241,Exploits,1
5023,116697,116698,0bad55e2678245c3,Exploits,1
5024,109301,109302,f8c940b80ecd70c2,Normal,0
5025,114735,114736,d1bf211f58641a45,Normal,0
5026,124905,124906,555dba64a9a025fa,Reconnaissance,1
5027,66062,66063,d0e71f0b7e8213bb,DoS,1
5028,50332,50333,ee79b83a24c96dee,Fuzzers,1
5029,124487,124488,af9872c542f21a5d,Generic,1
5030,19699,19700,96ac070d31f8083b,Normal,0
5031,147772,147773,ef3bc653c879db32,Exploits,1
5032,55070,55071,45a8b550acafa96e,DoS,1
5033,18523,18524,b540749012322ad2,Normal,0
5034,74248,74249,7add927a034e4f21,Exploits,1
5035,24954,24955,b9587146f64fd3a4,Normal,0
5036,63824,63825,6b9ecf8cddc80c39,Fuzzers,1
5037,15616,15617,ee8bb1df6086ae4f,Normal,0
5038,102541,102542,a37d6dad3f95b84b,Normal,0
5039,64839,64840,df2fc1672f6f80ef,Fuzzers,1
5040,33109,33110,381736b5dcdb7e91,Normal,0
5041,58827,58828,5ec48a2561e29e89,Reconnaissance,1
5042,106542,106543,b30442b54d5d4d41,Exploits,1
5043,39038,39039,338b26eebbddb55c,Normal,0
5044,163347,163348,9c47b140de8f365b,Reconnaissance,1
5045,35275,35276,f5f28a56d972cb2a,Normal,0
5046,49049,49050,59a2a2e0e88371c0,Fuzzers,1
5047,105665,105666,9a57d5f6a728ce7a,Exploits,1
5048,52624,52625,a9f70961474288a0,Exploits,1
5049,23392,23393,6d90d9351f64d89c,Normal,0
5050,154939,154940,dcf35c1cbe75a471,Generic,1
5051,36919,36920,eaf9b648f429818a,Normal,0
5052,63364,63365,d2bf724b78031a89,Fuzzers,1
5053,75017,75018,33a421735e68e53c,Backdoor,1
5054,49836,49837,1cefb3bd2b6009a6,Backdoor,1
5055,100497,100498,4baafb96ccc5a64f,Exploits,1
5056,36520,36521,76333e7aae6bbef3,Normal,0
5057,66312,66313,c8a72f28644e8a72,DoS,1
5058,35770,35771,d189b7a72fa25761,Normal,0
5059,110222,110223,a16e75e909e324f5,Normal,0
5060,172316,172317,3a6dd8c478c6c7cd,Generic,1
5061,164159,164160,3a6dd8c478c6c7cd,Generic,1
5062,146777,146778,e5d4c603cc8d507b,Generic,1
5063,128032,128033,8c4fd910bb3cbeb7,Generic,1
5064,31261,31262,383b41a2e346cdaf,Normal,0
5065,85563,85564,f5dd95f9820f9e95,Exploits,1
5066,145501,145502,03feac75b5fe52fc,Generic,1
5067,48997,48998,f1837934ccc28edd,Fuzzers,1
5068,126554,126555,a7743ab0d38b815e,Generic,1
5069,60128,60129,8b62c4c1120ad03e,DoS,1
5070,156840,156841,c57283d347ba7d03,Generic,1
5071,50944,50945,34b652ebdf3615d1,Exploits,1
5072,19445,19446,7a31db2bd95685a1,Normal,0
5073,72277,72278,d27c8a347f844c2a,Exploits,1
5074,59393,59394,d309aae9f006dbb5,DoS,1
5075,10920,10921,ed1d4de7b8da91c9,Normal,0
5076,140287,140288,0b5ee2ff97cecfb2,Generic,1
5077,116277,116278,714185e9526ac75a,Shellcode,1
5078,2261,2262,e9f60609803219e2,Normal,0
5079,123226,123227,7d1523282b886253,Generic,1
5080,85392,85393,a480f7880373d704,Fuzzers,1
5081,84559,84560,8ac10d0776eb1801,Normal,0
5082,99926,99927,f676577837c8e672,Exploits,1
5083,105355,105356,90321abf2715fcce,Exploits,1
5084,148307,148308,503decd37b000209,Generic,1
5085,115428,115429,ccea0b485b49167b,Exploits,1
5086,6510,6511,e0fb8a08738eb09b,Normal,0
5087,55675,55676,9293f2e6c5fe0f4a,Exploits,1
5088,99955,99956,d580aa3d629af189,Fuzzers,1
5089,118154,118155,2f1d12690314d92c,Reconnaissance,1
5090,11830,11831,1bfe5c7493dfb3fd,Normal,0
5091,57668,57669,91ac964b6d4fbbf9,Exploits,1
5092,81311,81312,398149b9a91ad9d8,Fuzzers,1
5093,6197,6198,f852cb34bcaa5c8b,Normal,0
5094,131446,131447,19cd2e039a6ef1b8,Generic,1
5095,46872,46873,984597a4d2f15ae4,Normal,0
5096,24082,24083,5f70bcc021dd5fa7,Normal,0
5097,74458,74459,67c4341bbebdb32b,Fuzzers,1
5098,60986,60987,f85834647845ea29,Exploits,1
5099,54104,54105,acd4f025f2c3e4ed,Fuzzers,1
5100,152398,152399,50863c07e829fa69,Fuzzers,1
5101,169394,169395,f02d0f71024947a0,Generic,1
5102,143424,143425,6253cdf0f04b11ac,Generic,1
5103,163915,163916,f8782fed6fd30137,Generic,1
5104,50649,50650,20cab37d01e8b8e4,DoS,1
5105,22998,22999,f5b8846682428797,Normal,0
5106,63405,63406,a818fe71259b3dfd,Fuzzers,1
5107,105161,105162,7b5eabe35f1059e2,Fuzzers,1
5108,117669,117670,544de65314944b41,Exploits,1
5109,94773,94774,f2d502ce6ac9a626,Exploits,1
5110,16283,16284,526ae66e197fea0c,Normal,0
5111,119152,119153,31e59fc680576ea0,Generic,1
5112,133481,133482,019e9e11a189ae61,Generic,1
5113,139334,139335,f42f9ba38c8451d5,Generic,1
5114,164163,164164,a112ca9559b30fd8,Generic,1
5115,28926,28927,90adef47304b5c06,Normal,0
5116,167937,167938,f02d0f71024947a0,Generic,1
5117,129024,129025,bd9ea004bde13e51,Generic,1
5118,9449,9450,531fd6b66e2e09f5,Normal,0
5119,161022,161023,a56db53f304d604a,Generic,1
5120,159404,159405,08dce985792ad6f1,Generic,1
5121,172405,172406,0a1a0b81d6af480c,Analysis,1
5122,18678,18679,3fbfdf677a4f0db9,Normal,0
5123,114544,114545,97bc6e9258ef4f1b,DoS,1
5124,82954,82955,b211c616ccec2655,Normal,0
5125,21013,21014,d603bbbdbc51ccbf,Normal,0
5126,54833,54834,91ac964b6d4fbbf9,Exploits,1
5127,61423,61424,415fdb1dae87e16a,Fuzzers,1
5128,166998,166999,8c79193ac25119fd,Generic,1
5129,134456,134457,a7743ab0d38b815e,Generic,1
5130,77482,77483,fb42bb6a9a87e74c,Exploits,1
5131,113891,113892,7f1b5df3c7e94d45,Normal,0
5132,153103,153104,66a9471f36a86651,Generic,1
5133,50128,50129,0b208bcec94abbf8,Exploits,1
5134,106874,106875,489146c862c4d9b4,Exploits,1
5135,168475,168476,a112ca9559b30fd8,Generic,1
5136,1068,1069,5d6a87c3874708ee,Normal,0
5137,119859,119860,7952a23c4363a94b,DoS,1
5138,162923,162924,1dd27bbf54731f58,Generic,1
5139,14270,14271,815ac4962679fffa,Normal,0
5140,21751,21752,bab34ad3bc17795b,Normal,0
5141,15892,15893,ff9c785f06615608,Normal,0
5142,106859,106860,a419da224122596e,Normal,0
5143,156749,156750,47d23eba403b4ef0,Exploits,1
5144,32960,32961,c3f5881246f4f098,Normal,0
5145,99229,99230,7dbd5bac58719355,Exploits,1
5146,116552,116553,9d0ac9c8a5c81fb0,Exploits,1
5147,25289,25290,c8765cfcfe5ed83c,Normal,0
5148,15626,15627,7f6f0060d889b7d1,Normal,0
5149,41559,41560,77d576dc139bede6,Normal,0
5150,160192,160193,3d767b6aacc770cd,Generic,1
5151,47131,47132,7b6edfbd3e6fef05,Normal,0
5152,48302,48303,458782e1a395d756,Fuzzers,1
5153,139546,139547,4a434fa0d18d220e,Exploits,1
5154,174683,174684,42775522c01e442c,Generic,1
5155,74809,74810,efe59a5af64f7b12,Exploits,1
5156,132943,132944,c8a72f28644e8a72,Exploits,1
5157,63676,63677,1229bed27741bc0e,Fuzzers,1
5158,35840,35841,dc293b7d59fc2220,Normal,0
5159,7901,7902,b9061e2852a27c86,Normal,0
5160,35707,35708,05483edcefdf293a,Normal,0
5161,65825,65826,aee31d855538b03e,Exploits,1
5162,53364,53365,05e39f2149575cac,Exploits,1
5163,42117,42118,77f03d15cf60aee4,Normal,0
5164,1807,1808,8d1d3ff669857b58,Normal,0
5165,49482,49483,1901a83ab5c1f5d5,Fuzzers,1
5166,37362,37363,e54ea75129f106e2,Normal,0
5167,162745,162746,91544f0d958ffc53,Generic,1
5168,155029,155030,fea488592db57871,Generic,1
5169,19690,19691,372678f48ab744ce,Normal,0
5170,154438,154439,eaaa6b863ea5c840,DoS,1
5171,159016,159017,3a6dd8c478c6c7cd,Generic,1
5172,90347,90348,ad9933b53d306d60,Reconnaissance,1
5173,40173,40174,3545a95cddce4c60,Normal,0
5174,72514,72515,8ff02b4c17646d75,Normal,0
5175,140992,140993,64c1032aa61ae32d,Exploits,1
5176,36277,36278,67aa04fdd1ae26ab,Normal,0
5177,168598,168599,ad9933b53d306d60,Reconnaissance,1
5178,117699,117700,eb7f381f310fccb7,Fuzzers,1
5179,129953,129954,895e5aab8b0b47e1,Generic,1
5180,119136,119137,a7743ab0d38b815e,Generic,1
5181,163109,163110,b556a6d40ec20f40,Generic,1
5182,61512,61513,478431a56e169d32,Exploits,1
5183,9947,9948,8bd36a8a9f002578,Normal,0
5184,80053,80054,686cbe303469533f,Backdoor,1
5185,41874,41875,b547cc19eaf9eae7,Normal,0
5186,56457,56458,8499002bce6bb91e,DoS,1
5187,111214,111215,4102a82f271d9169,Normal,0
5188,41071,41072,e77d6d0c6db9f4e3,Normal,0
5189,57777,57778,6f5605b48158ca23,Reconnaissance,1
5190,6648,6649,4e8f6f4a3d304624,Normal,0
5191,108399,108400,f8c940b80ecd70c2,Normal,0
5192,22868,22869,0a749a14b1357930,Normal,0
5193,78446,78447,743d6d44be0edc10,Exploits,1
5194,37561,37562,cf63451178cda85f,Normal,0
5195,119391,119392,890d3b8116362489,Generic,1
5196,165215,165216,e5d4c603cc8d507b,Generic,1
5197,172526,172527,c8a72f28644e8a72,Fuzzers,1
5198,79117,79118,1526ddfeaf45f650,Exploits,1
5199,22768,22769,13bded225483cd74,Normal,0
5200,34766,34767,bd3741b99247872c,Normal,0
5201,66243,66244,9c4f8954e22a48e3,Reconnaissance,1
5202,151602,151603,d6b7fea0b7de30bb,Generic,1
5203,42560,42561,443c263319dbceaa,Normal,0
5204,140064,140065,0f28034b2a8eeb13,Shellcode,1
5205,40983,40984,670b22a4d6f3686c,Normal,0
5206,14479,14480,f0757627d0f857e4,Normal,0
5207,124980,124981,79285fddc3b180af,Generic,1
5208,130488,130489,03feac75b5fe52fc,Generic,1
5209,168911,168912,775a8629ba674718,Generic,1
5210,9721,9722,d73869ea3ce80920,Normal,0
5211,132946,132947,c18eb8bb19434d14,Generic,1
5212,119057,119058,ef9f1bb5691c95e8,Generic,1
5213,57264,57265,fe9227feb31dfcae,Exploits,1
5214,40040,40041,89bf5426108204eb,Normal,0
5215,104458,104459,3eb6433748dedd88,Fuzzers,1
5216,17190,17191,fe097533ee77f20d,Normal,0
5217,96378,96379,45f3cc2dfb8cce60,Exploits,1
5218,19682,19683,372678f48ab744ce,Normal,0
5219,86288,86289,77dfb1e0021c3cef,Exploits,1
5220,50411,50412,abbb6a01e7189801,Exploits,1
5221,117317,117318,36aa1027af17d05e,Generic,1
5222,107722,107723,2ab193810337c704,Reconnaissance,1
5223,21704,21705,0fe149755ba239b6,Normal,0
5224,143576,143577,3c6249c2269613d9,Generic,1
5225,100131,100132,dd835e00fbaa4481,Reconnaissance,1
5226,55063,55064,ec6e60f49df48b73,Fuzzers,1
5227,40141,40142,a1e9664437c18599,Normal,0
5228,47949,47950,e30500ce63a85551,Backdoor,1
5229,151866,151867,2747e265cd1cc553,Exploits,1
5230,134673,134674,7a8639ff5a0efc81,Generic,1
5231,158591,158592,9c4f8954e22a48e3,Reconnaissance,1
5232,118268,118269,8281ff423f0786d1,Fuzzers,1
5233,139054,139055,c082464fb22cefab,Generic,1
5234,25704,25705,0c0c8212a526a8d5,Normal,0
5235,107888,107889,1511f92e681e72b5,Exploits,1
5236,68531,68532,3421f95f097664a5,Exploits,1
5237,50562,50563,b70183713fcb92e9,Analysis,1
5238,65656,65657,9353daac34b855af,Exploits,1
5239,163671,163672,c4ffd79896facb03,Generic,1
5240,28732,28733,d2fdfef29a938a2c,Normal,0
5241,143674,143675,be57f44151f65f35,Generic,1
5242,68122,68123,13a58e31872e072b,Exploits,1
5243,170767,170768,59baa75cb4b774e8,Generic,1
5244,110469,110470,b5c669b964c43938,DoS,1
5245,164095,164096,46de4fadb236ad52,Exploits,1
5246,70254,70255,f43809bf82ed7b51,Fuzzers,1
5247,138054,138055,2d28d129da2c5520,Exploits,1
5248,175182,175183,3f62af94fac3f4b2,Exploits,1
5249,137570,137571,1ce333a4312cec6c,Generic,1
5250,90233,90234,8284a1875452fcd2,Exploits,1
5251,104823,104824,bd9a31845adb484d,DoS,1
5252,120753,120754,27666622884f1a50,Generic,1
5253,77986,77987,fc1935235985567a,Fuzzers,1
5254,15792,15793,5527634695002728,Normal,0
5255,114442,114443,eb262d93b5daf476,Exploits,1
5256,92089,92090,3cd508a16bf4cd1b,Exploits,1
5257,107325,107326,1d3028a302c56424,Normal,0
5258,14449,14450,b5c2c95f7b11dc40,Normal,0
5259,51176,51177,c9515b5a655035f0,Fuzzers,1
5260,99651,99652,477a71746216d1cf,DoS,1
5261,36524,36525,02b8060325fa058d,Normal,0
5262,131156,131157,9969dc27d9932740,Reconnaissance,1
5263,77406,77407,853570ce92d545a9,Fuzzers,1
5264,162268,162269,59e2c1fcf58f458e,Generic,1
5265,62754,62755,6a4865bf5c6cee06,Exploits,1
5266,130394,130395,87e9bed9f24e704e,Generic,1
5267,18261,18262,134d5d794465e469,Normal,0
5268,158492,158493,01c1d9d6e1b3504e,Generic,1
5269,103022,103023,11cb835591642bb2,DoS,1
5270,32594,32595,0bc06284a2325138,Normal,0
5271,73603,73604,76b6e80d6e07978a,Fuzzers,1
5272,155935,155936,46de4fadb236ad52,Exploits,1
5273,78156,78157,dfdec0e9dc3b6ce5,Reconnaissance,1
5274,111173,111174,f46bf9ccdde671ea,Normal,0
5275,129787,129788,201c999f28f21e45,Exploits,1
5276,13242,13243,357ceca3ba1c1272,Normal,0
5277,74505,74506,246753aeeee1182a,Normal,0
5278,115193,115194,9a350e821f83dbcf,Fuzzers,1
5279,136582,136583,0771e9aa1424a85e,Generic,1
5280,96076,96077,11f83241bc291c3e,DoS,1
5281,154374,154375,11519ee3e0fa6b70,Generic,1
5282,41264,41265,2fa785bc72865951,Normal,0
5283,99148,99149,8263414fd5fa9a8b,Exploits,1
5284,47698,47699,a8a5b63e0ab60e63,Normal,0
5285,38390,38391,08a6718d81f4bc1f,Normal,0
5286,121362,121363,7455afd5c510fdea,DoS,1
5287,60052,60053,3b8f23362b512f22,DoS,1
5288,55400,55401,3643c83ce44bcac9,Fuzzers,1
5289,108655,108656,1c32f9bdafdc6ffd,Fuzzers,1
5290,157849,157850,97e8b6440c81fa85,Generic,1
5291,157425,157426,07f175a5290bbeb1,Fuzzers,1
5292,30179,30180,5eab2c80bbdfb4a7,Normal,0
5293,81188,81189,5059a39ea976c920,Exploits,1
5294,133609,133610,87e9bed9f24e704e,Generic,1
5295,96879,96880,58ccb15a592f38d0,Reconnaissance,1
5296,132143,132144,c18eb8bb19434d14,Generic,1
5297,153337,153338,47af07c04529675d,Generic,1
5298,29324,29325,f93d3fefcd275b16,Normal,0
5299,28376,28377,b78ab0b54068ee0c,Normal,0
5300,95759,95760,ac3d0876550ff8da,Exploits,1
5301,66640,66641,47d664efcc6c932f,Reconnaissance,1
5302,3822,3823,a6319721dedf4f7b,Normal,0
5303,162339,162340,f956e7de797652f7,Exploits,1
5304,80624,80625,567d8735ee67191e,Exploits,1
5305,48531,48532,ac19d89065a0ac45,Fuzzers,1
5306,88012,88013,bd35aef2fd4f9d28,Normal,0
5307,81240,81241,87088489c22bcd4e,Reconnaissance,1
5308,8100,8101,654e5f67fea7961b,Normal,0
5309,91593,91594,7df29ce08495f1da,DoS,1
5310,161763,161764,af9d41b3ba51169d,Generic,1
5311,51108,51109,52d467619defa6b6,Fuzzers,1
5312,112009,112010,cf656feaca65a7f0,DoS,1
5313,74388,74389,f3df9859102e605c,Exploits,1
5314,98401,98402,c302a8830fd6ef46,Reconnaissance,1
5315,86617,86618,60de7f301d674d2f,Fuzzers,1
5316,19558,19559,8952aaa633e10e91,Normal,0
5317,32219,32220,93bb5df5eafc3838,Normal,0
5318,56984,56985,96cd421adba225e0,Exploits,1
5319,73854,73855,de39e62c895605b9,Reconnaissance,1
5320,1904,1905,7702ecfabb80fcce,Normal,0
5321,628,629,f77a2747dedda766,Normal,0
5322,87847,87848,53f16aa68f40aa07,Normal,0
5323,122393,122394,a0aacf4d5745b2d8,DoS,1
5324,34003,34004,94f37558320e3dd0,Normal,0
5325,94914,94915,9c4f8954e22a48e3,Reconnaissance,1
5326,62104,62105,d6d5876f1135ef41,Reconnaissance,1
5327,147610,147611,8ff67c50f00f5de5,Generic,1
5328,161351,161352,882c231e7a8f03ea,Fuzzers,1
5329,152368,152369,7e1cdac5f49edcb2,Generic,1
5330,140116,140117,3b7a45b891b6528f,Fuzzers,1
5331,12609,12610,f2f04e4d376d4d70,Normal,0
5332,37005,37006,0ee45517a1d7a3e6,Normal,0
5333,82203,82204,ae6b76935ebf7deb,Normal,0
5334,99716,99717,4763c380afdf5ae1,Reconnaissance,1
5335,11777,11778,d4de309f95651639,Normal,0
5336,53885,53886,7afbf89e4bd1f2c1,Exploits,1
5337,110816,110817,ab82ee763a6b68b4,Exploits,1
5338,19331,19332,2f499a3ba00e2cbb,Normal,0
5339,83774,83775,99e83c26539e943c,DoS,1
5340,82889,82890,32dc22accc34571b,Exploits,1
5341,131153,131154,a63bfba47a01b31a,Generic,1
5342,61395,61396,e9941561ec568d92,Shellcode,1
5343,141159,141160,3a6dd8c478c6c7cd,Generic,1
5344,99304,99305,6d9dd0f80f81421b,DoS,1
5345,60923,60924,b98d9d68e54e5cc0,Fuzzers,1
5346,149343,149344,b556a6d40ec20f40,Generic,1
5347,116574,116575,6f5605b48158ca23,Reconnaissance,1
5348,5779,5780,52b596739a6c01c1,Normal,0
5349,153419,153420,b9cab40fe08afefa,Generic,1
5350,90303,90304,58ccb15a592f38d0,DoS,1
5351,172408,172409,d5fc547c9d2c09f7,Generic,1
5352,43280,43281,805140e42c7da6ae,Normal,0
5353,39094,39095,281504572593a956,Normal,0
5354,54886,54887,6e10a4bc19b2d854,DoS,1
5355,96818,96819,770c2d05dac26717,Fuzzers,1
5356,10369,10370,5aa75fda54157de8,Normal,0
5357,114473,114474,c515a0f2074647e7,Fuzzers,1
5358,51552,51553,9346bbe05e7b1489,DoS,1
5359,81737,81738,eec676462c3a9d42,Exploits,1
5360,28179,28180,99fcf7d98a9ae821,Normal,0
5361,84780,84781,1be6a92d2c03cb50,Exploits,1
5362,73571,73572,6e3cff0cca287959,DoS,1
5363,82061,82062,9c4f8954e22a48e3,Reconnaissance,1
5364,47439,47440,75d69cccdb932e89,Normal,0
5365,155710,155711,8e9dfa26bdf0af9e,Generic,1
5366,13440,13441,de0ac7bc19273a45,Normal,0
5367,131909,131910,c721cf1b2b55ba23,Shellcode,1
5368,81293,81294,de06f34d01b9a699,Exploits,1
5369,54202,54203,a99df38e9eb5c65d,Exploits,1
5370,33791,33792,1c71a54481ab4dd9,Normal,0
5371,128603,128604,452cc9ab675de452,Generic,1
5372,68803,68804,cfd313d109e2b09e,DoS,1
5373,167615,167616,3603fa7e13ea4fb5,Generic,1
5374,163037,163038,70d91fb75dda1c3d,Generic,1
5375,103501,103502,32611581bd4e166c,Exploits,1
5376,116017,116018,63a3862953269213,Fuzzers,1
5377,22596,22597,1adc652168ed3b26,Normal,0
5378,163721,163722,02ac7f4200f372f7,Generic,1
5379,149262,149263,3a6dd8c478c6c7cd,Generic,1
5380,129755,129756,c57283d347ba7d03,Generic,1
5381,51311,51312,300d7ec394df91e0,Exploits,1
5382,127979,127980,89133b2ce9e2ab60,Generic,1
5383,14157,14158,1f14c8a339ca7034,Normal,0
5384,133744,133745,fe0557b6c1e638bb,Exploits,1
5385,72889,72890,2cdcee74397aef87,Exploits,1
5386,119584,119585,0a1a0b81d6af480c,DoS,1
5387,58313,58314,402b3e4e94876693,Fuzzers,1
5388,4844,4845,2bfc28a63f1509e3,Normal,0
5389,168869,168870,1dd27bbf54731f58,Generic,1
5390,94780,94781,f7ae1a7f199e0241,Fuzzers,1
5391,31836,31837,b85da0a4aa5ac4a9,Normal,0
5392,100429,100430,481623ce4448ad72,Fuzzers,1
5393,109890,109891,a16e75e909e324f5,Normal,0
5394,104878,104879,1a435e287ab02b36,Fuzzers,1
5395,61431,61432,c369b38989cbda55,Exploits,1
5396,155765,155766,2ed59292b6b5c551,Generic,1
5397,122316,122317,b5ea53287bd87271,Generic,1
5398,25674,25675,4feda14dcf358eb6,Normal,0
5399,125205,125206,bd892b45a84915ab,Generic,1
5400,70376,70377,fc95d860b9546032,Analysis,1
5401,38086,38087,dc6b26cbb1c49ac0,Normal,0
5402,57579,57580,a46e950dcc10c5b8,Fuzzers,1
5403,78479,78480,a32bb11b4ccc42a7,Exploits,1
5404,33858,33859,3306b019487aa118,Normal,0
5405,140028,140029,5d74edb6ad71ee52,Exploits,1
5406,82880,82881,4de761f5b7f652bf,Exploits,1
5407,92501,92502,bedf7a4efc0c33a3,Reconnaissance,1
5408,10632,10633,24d3818c46baf1ed,Normal,0
5409,30942,30943,4f2dbcfa2638d180,Normal,0
5410,142171,142172,eb30ab550f0b7ef3,Generic,1
5411,17009,17010,1e030d4432ede38f,Normal,0
5412,87048,87049,99e83c26539e943c,DoS,1
5413,139014,139015,d121765cc647bb34,Generic,1
5414,134688,134689,310c6e99be5be8e4,Generic,1
5415,147149,147150,91085848bcb7df94,Generic,1
5416,167649,167650,3400dce3dd8bd173,Generic,1
5417,74676,74677,f9d6707738bacd8c,Backdoor,1
5418,86297,86298,c9edaa990eb7bc7e,Normal,0
5419,39419,39420,3df870b0b49cf97b,Normal,0
5420,43665,43666,b4bac03a5f0d3cd3,Normal,0
5421,77191,77192,5c41a23506392491,DoS,1
5422,94314,94315,58ccb15a592f38d0,DoS,1
5423,149680,149681,4cf556c0191bba17,Exploits,1
5424,613,614,f20d55c7f0f4a1eb,Normal,0
5425,78541,78542,9b0b640c427b54ab,Exploits,1
5426,78318,78319,9b0b640c427b54ab,Exploits,1
5427,155368,155369,5647649392fec8bf,Generic,1
5428,43394,43395,e986122c8644a9cd,Normal,0
5429,36223,36224,381d9ad0927d6c02,Normal,0
5430,31280,31281,af20e4184faf8aae,Normal,0
5431,83671,83672,ba1ad55c99197324,Exploits,1
5432,165932,165933,bcf3c47a692d420c,Generic,1
5433,87019,87020,32eb634d48a0f0a8,Exploits,1
5434,160759,160760,4dae314d8c938e0e,Generic,1
5435,98700,98701,5f04df6fb04563a1,Analysis,1
5436,137528,137529,e58863b6992cf1fb,Generic,1
5437,170526,170527,157e5a45f6e23243,DoS,1
5438,20776,20777,0f9ec1716f2a108a,Normal,0
5439,156580,156581,36aa1027af17d05e,Generic,1
5440,111301,111302,2218c30c86b30982,Exploits,1
5441,127146,127147,5234a4a2f5c6c15a,Generic,1
5442,98277,98278,aa28b9d3f047f28e,DoS,1
5443,30573,30574,1af52559ec587685,Normal,0
5444,58177,58178,625e140e66674967,Exploits,1
5445,111657,111658,e20188a9ac7aa264,Fuzzers,1
5446,119952,119953,4b78eca3e66e3bd0,Generic,1
5447,160438,160439,603e5a2c38448078,Exploits,1
5448,63605,63606,2318706b867cd344,Fuzzers,1
5449,131285,131286,f02b0ba9cf8ae03a,Generic,1
5450,8548,8549,97af2ac83e1491b7,Normal,0
5451,3808,3809,b64ac83e541e29b1,Normal,0
5452,124126,124127,157e5a45f6e23243,DoS,1
5453,51882,51883,330125c6e8c05d9b,Exploits,1
5454,66187,66188,14baaf66edf062dd,Exploits,1
5455,69482,69483,ad429bd5db9700cb,Exploits,1
5456,22528,22529,2d3554b0e6974488,Normal,0
5457,70006,70007,f83153e3ec1cbf9a,DoS,1
5458,84325,84326,2c3a18b59c13392e,Exploits,1
5459,166796,166797,ab8b8a4ffd56c79c,Generic,1
5460,168331,168332,a6ab702f6f28262a,Exploits,1
5461,51702,51703,11f1e1d07471bf34,Exploits,1
5462,76457,76458,d0e71f0b7e8213bb,Exploits,1
5463,75952,75953,7add927a034e4f21,Exploits,1
5464,39776,39777,3cb58090e997a2b2,Normal,0
5465,174043,174044,1fd23496eaa2ee7e,Generic,1
5466,68020,68021,0bb512fe1edb1a4d,Fuzzers,1
5467,66203,66204,936625d98595261d,Exploits,1
5468,155713,155714,b91116a9596b695e,Generic,1
5469,173041,173042,ace29d785e04be7f,Exploits,1
5470,68975,68976,3f260cb07d0e064e,Reconnaissance,1
5471,101000,101001,00cff369b10cd64c,Fuzzers,1
5472,74231,74232,4adf19f3975a3705,DoS,1
5473,69549,69550,f3c15f93bcf89c09,Exploits,1
5474,51097,51098,1efe61195281b195,Reconnaissance,1
5475,49678,49679,625e140e66674967,DoS,1
5476,104681,104682,944a4d7e247ccc63,Normal,0
5477,77451,77452,15a67a15f76eba82,Exploits,1
5478,95688,95689,14060c17470fbd0d,Exploits,1
5479,29966,29967,edf864deccebc816,Normal,0
5480,94322,94323,3c8d4731703d5986,Exploits,1
5481,37912,37913,57c23756fe008e3e,Normal,0
5482,11400,11401,a1ebe3916fb0a344,Normal,0
5483,80181,80182,ba61245ffdb25838,Reconnaissance,1
5484,53129,53130,b0f8f59912a3feaf,Exploits,1
5485,87734,87735,72d6ee0dcb67e3bb,DoS,1
5486,170151,170152,9cff3bfdc53be0c4,Exploits,1
5487,80584,80585,ac6f8d9eddde43fa,Reconnaissance,1
5488,10664,10665,997934e51ec4539f,Normal,0
5489,53242,53243,49f6d5fb3ca43e41,Reconnaissance,1
5490,118211,118212,7d1523282b886253,Exploits,1
5491,59969,59970,6adf7bf57f7dcc52,Reconnaissance,1
5492,38537,38538,bd0b06e3bde23511,Normal,0
5493,74924,74925,bb1a807a84f2fd32,Analysis,1
5494,122234,122235,2a7e96e274ef9b42,Exploits,1
5495,32935,32936,6f4b23a4cdc9d565,Normal,0
5496,4040,4041,0a56b167b5e57c6b,Normal,0
5497,174777,174778,1e694334c25ac3d5,Generic,1
5498,101436,101437,a4580ee8f3a41f34,Fuzzers,1
5499,102326,102327,ef9003279dc2b3be,Fuzzers,1
5500,14694,14695,9604f4f56635524b,Normal,0
5501,164900,164901,f6cb7844b6678574,Generic,1
5502,61991,61992,a758ec0922fce6ac,Fuzzers,1
5503,54992,54993,3dc9a66c659f3a88,Exploits,1
5504,14516,14517,036ddce51036d3e0,Normal,0
5505,102413,102414,97d698e9271ecac8,DoS,1
5506,105837,105838,b1d4236a17ab0ede,Reconnaissance,1
5507,48725,48726,89acda9d1ee4ec32,Fuzzers,1
5508,53907,53908,3c435652f2752df6,DoS,1
5509,31195,31196,f0c4dc5066ed85c0,Normal,0
5510,109565,109566,f5ecae9c79c2125c,Reconnaissance,1
5511,118977,118978,6bfff4855b2ccedf,Reconnaissance,1
5512,139783,139784,6c1431c7484fa571,Fuzzers,1
5513,55290,55291,32e1456f6e959016,Exploits,1
5514,86301,86302,dc72664cce030c64,Exploits,1
5515,166114,166115,3844d808d463ffba,Generic,1
5516,37219,37220,0dac89509800333e,Normal,0
5517,68094,68095,ad23509325e02bfa,Exploits,1
5518,163711,163712,422c0df8aa780b65,Generic,1
5519,69545,69546,83eae03870aaf189,Exploits,1
5520,37943,37944,df5893c48972fee8,Normal,0
5521,22039,22040,8c7525323f3e9af4,Normal,0
5522,50949,50950,574c4342be0c2998,DoS,1
5523,4064,4065,a56956e74348aa2c,Normal,0
5524,131231,131232,56b4b602b50002cd,Generic,1
5525,70995,70996,5c41a23506392491,Exploits,1
5526,113295,113296,f8c940b80ecd70c2,Normal,0
5527,39458,39459,dd7c2dde67ac4fba,Normal,0
5528,49429,49430,34b189fbfecb016c,Fuzzers,1
5529,113399,113400,11cb835591642bb2,DoS,1
5530,128425,128426,efb0651df3302d06,Reconnaissance,1
5531,30805,30806,bb10c542fb210ead,Normal,0
5532,133487,133488,678dfec0ad46b6ba,Generic,1
5533,37236,37237,a436b5d7b31a3ada,Normal,0
5534,168095,168096,579444a3e39db563,Generic,1
5535,71224,71225,fb42bb6a9a87e74c,Exploits,1
5536,126171,126172,fd26388abf473bc8,Generic,1
5537,120180,120181,f4e115570f136bd7,Generic,1
5538,170041,170042,8440d5555ba44522,Fuzzers,1
5539,22872,22873,314d30784352dd90,Normal,0
5540,10492,10493,9620f65fbd38cfb1,Normal,0
5541,85258,85259,58ccb15a592f38d0,Exploits,1
5542,19723,19724,372678f48ab744ce,Normal,0
5543,113147,113148,7c26fd7cc7bebb4f,Fuzzers,1
5544,159796,159797,cc8f9dc2862e7b73,Generic,1
5545,173182,173183,17eddafc84c0532b,Generic,1
5546,89868,89869,78703fd0d4e76b4d,Exploits,1
5547,156783,156784,3ac8491b980349de,Fuzzers,1
5548,110092,110093,09aa94b39b465fb3,Normal,0
5549,165501,165502,1a348f3cb98edc70,Generic,1
5550,83754,83755,9df3847715cea0f1,Normal,0
5551,84459,84460,81f837609f2ea5b1,Reconnaissance,1
5552,53941,53942,2780055e0a932607,Fuzzers,1
5553,151126,151127,3705d1b9f9388a48,Fuzzers,1
5554,127121,127122,ca782419f922c53c,Generic,1
5555,160209,160210,47c1a99798a152e1,Generic,1
5556,169776,169777,9f824f5fb97f309a,Generic,1
5557,153432,153433,f9f0c1c4fb1d46ec,Generic,1
5558,152483,152484,34d5055c694a2e1a,Generic,1
5559,115131,115132,ed8ac9ea1afff544,Normal,0
5560,47089,47090,c40d66b6b163a1de,Normal,0
5561,138756,138757,ff9d50fa7d901bc2,Exploits,1
5562,134554,134555,47af07c04529675d,Generic,1
5563,77850,77851,bb1a807a84f2fd32,Exploits,1
5564,120992,120993,a4097ede08ec2476,Fuzzers,1
5565,131085,131086,6a75f6b32f1fe469,Exploits,1
5566,120539,120540,32246f97658d38b8,Fuzzers,1
5567,137847,137848,1ce333a4312cec6c,Generic,1
5568,66389,66390,7d6b1492078c4230,Normal,0
5569,33132,33133,8b2fdcc8c25dda3d,Normal,0
5570,126051,126052,2b441431ee80eb46,Exploits,1
5571,32071,32072,4632f3d5a4c73b0e,Normal,0
5572,27979,27980,cc05c52ed2f76082,Normal,0
5573,63537,63538,bbb6e4eab0be3b4f,DoS,1
5574,72427,72428,5fd9d114b947c679,Exploits,1
5575,156680,156681,7d3279aa9a9ed53e,Generic,1
5576,92188,92189,b157e4e32a3defc7,Exploits,1
5577,2724,2725,2c594590459e6d16,Normal,0
5578,67287,67288,efe59a5af64f7b12,DoS,1
5579,159315,159316,17eddafc84c0532b,Generic,1
5580,151187,151188,d0ca6c51a1d7014b,Generic,1
5581,27972,27973,216095be4795294b,Normal,0
5582,41251,41252,6702f5518a484ce7,Normal,0
5583,155732,155733,9b02312194c25a4e,Generic,1
5584,30228,30229,21541a4c7dac8a2c,Normal,0
5585,106530,106531,d8f53d36f88346a4,Exploits,1
5586,153996,153997,9a60d743d851512b,Generic,1
5587,134497,134498,98ac0f80a1679668,Generic,1
5588,131394,131395,fe663179e9f18625,Generic,1
5589,94672,94673,b6476636c897dc74,Fuzzers,1
5590,72190,72191,fc95d860b9546032,Exploits,1
5591,128483,128484,8bb0798020dd4337,Generic,1
5592,69569,69570,4c096a3317e1b5ce,Exploits,1
5593,52344,52345,a022747aa2b6c73a,Fuzzers,1
5594,142237,142238,e563863c8957671b,Generic,1
5595,121378,121379,b83c93fb21c4f02f,Fuzzers,1
5596,77078,77079,ba0c2cda0cc7e0e5,Normal,0
5597,129802,129803,af9872c542f21a5d,Generic,1
5598,164632,164633,dcf35c1cbe75a471,Generic,1
5599,107568,107569,27a71f22bf92a2e4,Exploits,1
5600,51695,51696,bb8ae94dfe9195e6,Exploits,1
5601,49791,49792,c6b06d8145259fa5,Exploits,1
5602,66667,66668,fa5a8ba3915d035c,Fuzzers,1
5603,117856,117857,8314ea46144995bb,Generic,1
5604,113086,113087,489146c862c4d9b4,Reconnaissance,1
5605,161156,161157,33d6e049e662c298,Generic,1
5606,25233,25234,fe17650b77b867c9,Normal,0
5607,91494,91495,c9e4a8af1c817b13,Backdoor,1
5608,75140,75141,eb794bf68356e354,Normal,0
5609,160096,160097,9cff3bfdc53be0c4,Exploits,1
5610,131057,131058,aacccaf58b6d81b8,Generic,1
5611,35306,35307,834dc20e6c562c99,Normal,0
5612,35157,35158,206edf778b842e6e,Normal,0
5613,44261,44262,17d79a505cb27449,Normal,0
5614,157766,157767,a2b91a2c5842d451,Exploits,1
5615,91500,91501,c9e4a8af1c817b13,Exploits,1
5616,10377,10378,b09223b57173e597,Normal,0
5617,169198,169199,2a863a5ccb62456b,Fuzzers,1
5618,43605,43606,bef8461d589d8777,Normal,0
5619,166299,166300,9b589ab90bf143fa,Generic,1
5620,119930,119931,2fead13933bdbe2c,DoS,1
5621,68440,68441,796250a2d1a2f0f3,Analysis,1
5622,13289,13290,733cd3dd7a298a93,Normal,0
5623,167125,167126,46de4fadb236ad52,Fuzzers,1
5624,62284,62285,11b0de78eccfe9ba,Exploits,1
5625,8372,8373,0f9adb4e7e1f0f34,Normal,0
5626,103710,103711,6bcf33e6e36137ca,DoS,1
5627,50587,50588,eb62450beb1ab15f,Fuzzers,1
5628,174797,174798,bddedf44bc8b2e9c,Generic,1
5629,144660,144661,bddedf44bc8b2e9c,Generic,1
5630,17318,17319,6bec6859e17ac60a,Normal,0
5631,37036,37037,7f032f58e236348b,Normal,0
5632,63069,63070,dda7070f1e9cd4cd,Fuzzers,1
5633,165085,165086,f6cb7844b6678574,Generic,1
5634,51681,51682,a99df38e9eb5c65d,DoS,1
5635,5110,5111,432baec5d0157f04,Normal,0
5636,14750,14751,28628c35713968a3,Normal,0
5637,26923,26924,e1131b4b5d8d8e28,Normal,0
5638,167969,167970,201c999f28f21e45,DoS,1
5639,77097,77098,3168d063bda5a521,Exploits,1
5640,117164,117165,328db1308e9f723f,DoS,1
5641,61524,61525,02a66cb2c5eaa345,Exploits,1
5642,167236,167237,53324458f7ae3e81,Generic,1
5643,123746,123747,6f40b8646936983c,Generic,1
5644,53786,53787,8499002bce6bb91e,Exploits,1
5645,1000,1001,77a76a3c73990e05,Normal,0
5646,51861,51862,5ec48a2561e29e89,Exploits,1
5647,76547,76548,58803d6166312008,Normal,0
5648,4247,4248,3559cf4e5ad95f4a,Normal,0
5649,8476,8477,6485268c24ac56f0,Normal,0
5650,130126,130127,536162ee1c7a7ad2,Generic,1
5651,91406,91407,72d6ee0dcb67e3bb,Exploits,1
5652,74186,74187,d6fe17261705c2b4,Normal,0
5653,51915,51916,c3f8a3767a991f38,Shellcode,1
5654,61432,61433,c569e601dbf7c67f,Exploits,1
5655,12383,12384,3a100ae511d61bb7,Normal,0
5656,78363,78364,de83a3da51651662,DoS,1
5657,17157,17158,5c644819b63de48a,Normal,0
5658,80289,80290,88c99e6f76ac4bc0,Fuzzers,1
5659,55765,55766,30d0952f16650369,DoS,1
5660,115683,115684,1750854db899ef4e,DoS,1
5661,32415,32416,b612a84d07f4a234,Normal,0
5662,148871,148872,05f305579931cf16,Exploits,1
5663,42880,42881,ffd0c3d485f462c2,Normal,0
5664,15355,15356,f71c5a007a2696d2,Normal,0
5665,80268,80269,436b2af87fc13f29,Analysis,1
5666,129936,129937,11519ee3e0fa6b70,Generic,1
5667,147913,147914,70d91fb75dda1c3d,Generic,1
5668,33943,33944,60a46ad9cb7d4742,Normal,0
5669,156310,156311,51fbcc1c697d9498,Generic,1
5670,109876,109877,8d7b04df62efde55,Exploits,1
5671,64544,64545,b6e40e418874b733,Exploits,1
5672,24653,24654,111a107715b30591,Normal,0
5673,60596,60597,eede95ed5c54c860,Fuzzers,1
5674,2760,2761,fcf46cf932a980d6,Normal,0
5675,37679,37680,00feabbbd698aa66,Normal,0
5676,7812,7813,2fd4d86a5f07e8bd,Normal,0
5677,158182,158183,26778de428475581,Generic,1
5678,3817,3818,e501e079d1033f8e,Normal,0
5679,111750,111751,2538797a82ca045e,DoS,1
5680,5054,5055,98de7d6d1387e514,Normal,0
5681,90270,90271,da1123ade3596292,Normal,0
5682,133902,133903,7d1523282b886253,Exploits,1
5683,148350,148351,8e0a10a5773bb622,Exploits,1
5684,116168,116169,a1294c1f72c73b54,DoS,1
5685,151160,151161,db0e6b497b3e3f7c,Generic,1
5686,171666,171667,7bd7fefa43645b44,Generic,1
5687,93604,93605,56515df4f299d56b,Fuzzers,1
5688,138703,138704,fb9c4489fb6de189,Generic,1
5689,131152,131153,90fa9ed21b670d40,Generic,1
5690,42214,42215,6003ada4dd55eabd,Normal,0
5691,161572,161573,dcf35c1cbe75a471,Generic,1
5692,42904,42905,1a6826a45d7fed2d,Normal,0
5693,175117,175118,d0ec9f80a1c94452,Generic,1
5694,40834,40835,b269a10526d915e4,Normal,0
5695,141250,141251,b2b6080211f438d8,Generic,1
5696,801,802,c677643a4aeaf868,Normal,0
5697,2141,2142,ce06ed5327bb473a,Normal,0
5698,159684,159685,24e9be7d0408a95d,Generic,1
5699,144617,144618,49dfdaeaff1b093b,Generic,1
5700,119599,119600,c8a72f28644e8a72,DoS,1
5701,89298,89299,992c430de74fb432,Exploits,1
5702,158900,158901,f22a3c028ec655e3,Fuzzers,1
5703,103693,103694,4f333172db2abf44,Exploits,1
5704,27142,27143,b49a12991e471ddd,Normal,0
5705,165003,165004,cb8c02718e69cd40,Generic,1
5706,21483,21484,51044ac905659800,Normal,0
5707,138801,138802,7d3279aa9a9ed53e,Generic,1
5708,105564,105565,3cb0f2db8329de3e,Reconnaissance,1
5709,36707,36708,43b8052753ab4b2c,Normal,0
5710,104805,104806,59bf0884533fd9bb,Normal,0
5711,101401,101402,71a9137a665134a8,Normal,0
5712,65398,65399,1f2c99162ea03042,Exploits,1
5713,76736,76737,31a4ad7790a56699,Reconnaissance,1
5714,15436,15437,83c936ae061cbf83,Normal,0
5715,127469,127470,2aecd9bd4d810177,Exploits,1
5716,150320,150321,963ebaed69c6adac,Generic,1
5717,61250,61251,e695cb6fb63ee32a,Exploits,1
5718,10207,10208,ba375edeaf1ceaaf,Normal,0
5719,70032,70033,3fa388d09a81cb65,Exploits,1
5720,168323,168324,8ff975c39c1c1832,Exploits,1
5721,165513,165514,a112ca9559b30fd8,Generic,1
5722,142722,142723,4688447abd632cde,Exploits,1
5723,40778,40779,2dc16d8a2e6a901b,Normal,0
5724,147026,147027,47af07c04529675d,Generic,1
5725,42361,42362,a4100e999754802c,Normal,0
5726,39217,39218,f41d34d39f915c7a,Normal,0
5727,79894,79895,9527c9365e5f8081,Backdoor,1
5728,60706,60707,1cd547b32975e9d7,Fuzzers,1
5729,170090,170091,a0aacf4d5745b2d8,DoS,1
5730,126021,126022,7f51036a2c6fa234,Generic,1
5731,121323,121324,168188175092e667,Exploits,1
5732,43804,43805,c96e5e616f4f6fe0,Normal,0
5733,20960,20961,17bbd2ae2f8bbb8e,Normal,0
5734,82650,82651,897b1b861651fa4c,Exploits,1
5735,33955,33956,75cdca659864aa7a,Normal,0
5736,67925,67926,b7a26f0ce510be8d,Exploits,1
5737,45537,45538,9e3bb3794c6839fc,Normal,0
5738,57027,57028,30d0952f16650369,Exploits,1
5739,62076,62077,358a6587db5101c3,Exploits,1
5740,56514,56515,20cab37d01e8b8e4,DoS,1
5741,109731,109732,a1294c1f72c73b54,Exploits,1
5742,35540,35541,54eceeeaeeeb4723,Normal,0
5743,34999,35000,f4fcbcbcda6ba33c,Normal,0
5744,90671,90672,8d19f8182f0b0e76,Exploits,1
5745,41405,41406,3fd06f8e93c90ad6,Normal,0
5746,23689,23690,e6c08b54dff01fa3,Normal,0
5747,147969,147970,7d524458f0ec374e,Generic,1
5748,145105,145106,40bd6c20cbb752fd,DoS,1
5749,132114,132115,a7208e99c4558510,Generic,1
5750,153469,153470,5cc20432b7432240,Exploits,1
5751,29937,29938,21414e43a5019152,Normal,0
5752,22620,22621,e47c02a94b311394,Normal,0
5753,55459,55460,2c514d36812c4ec9,DoS,1
5754,125475,125476,c5d31cb7fa97cb30,Generic,1
5755,94155,94156,f3a49fa164fdc0fd,Fuzzers,1
5756,145923,145924,53324458f7ae3e81,Generic,1
5757,148908,148909,87757a6749b8cab6,Generic,1
5758,68408,68409,d0e71f0b7e8213bb,DoS,1
5759,40868,40869,b5a8427fcfa19f27,Normal,0
5760,102779,102780,c43118c0960f9d1a,Exploits,1
5761,114541,114542,97bc6e9258ef4f1b,Reconnaissance,1
5762,30748,30749,b4ec0d865ab1fa22,Normal,0
5763,13594,13595,68986abe5eef9e3e,Normal,0
5764,131222,131223,69466da9f4299098,Generic,1
5765,174587,174588,02ac7f4200f372f7,Generic,1
5766,52819,52820,6073416de7d20e9c,Fuzzers,1
5767,127476,127477,9dea81777cad681b,Exploits,1
5768,170296,170297,46de4fadb236ad52,Exploits,1
5769,135470,135471,34d5055c694a2e1a,Generic,1
5770,107223,107224,a6b302efa4cd6494,Exploits,1
5771,163813,163814,cd63172c2e049df6,Reconnaissance,1
5772,173073,173074,f01e5ce4bc1b458f,Generic,1
5773,44949,44950,9c85faf0b532bf9f,Normal,0
5774,8733,8734,e339bb9354b52a4f,Normal,0
5775,6384,6385,62d0172daf4bbe2b,Normal,0
5776,56880,56881,0927b68524cda00c,Exploits,1
5777,74658,74659,fe9227feb31dfcae,Exploits,1
5778,150127,150128,ca90339422ba62e9,Generic,1
5779,149162,149163,458d8687f808f9e3,Generic,1
5780,12711,12712,a1db756af48039b3,Normal,0
5781,34591,34592,a41b65812bed1a7a,Normal,0
5782,152472,152473,559dde9b700281ba,Fuzzers,1
5783,158911,158912,3536fef8598fb123,Generic,1
5784,160214,160215,47c1a99798a152e1,Generic,1
5785,15865,15866,0bcb85b9d783ea12,Normal,0
5786,114135,114136,46cf885eb85fb646,Exploits,1
5787,154315,154316,7f51036a2c6fa234,Generic,1
5788,3324,3325,6495a41e9a9a3750,Normal,0
5789,133068,133069,03feac75b5fe52fc,Generic,1
5790,14431,14432,5b2187912b717016,Normal,0
5791,4258,4259,c89e5a4f59ed7719,Normal,0
5792,76853,76854,10412b59ed7637dc,Reconnaissance,1
5793,113090,113091,489146c862c4d9b4,Backdoor,1
5794,113871,113872,e5172748cf1fd730,Normal,0
5795,97594,97595,5bae0ce844322600,Fuzzers,1
5796,3161,3162,8222f0520fa8b7cb,Normal,0
5797,168934,168935,82c050504d035a42,Exploits,1
5798,26640,26641,b151f2dd886900e8,Normal,0
5799,40971,40972,161c0a33f53cb69a,Normal,0
5800,145072,145073,eb5c208425701d2f,Exploits,1
5801,162389,162390,02f89991c79b7e61,Generic,1
5802,65486,65487,3a80b2fbba6797db,Exploits,1
5803,69508,69509,437c666357b9aa26,Reconnaissance,1
5804,15149,15150,26d5f00e1dfa8164,Normal,0
5805,108526,108527,09aa94b39b465fb3,Normal,0
5806,6763,6764,e827805e88a5e0f2,Normal,0
5807,68429,68430,ed7cf6953f1ae9aa,Fuzzers,1
5808,87780,87781,87bda717caa6f17d,Fuzzers,1
5809,35013,35014,dd02f0db13861aef,Normal,0
5810,82991,82992,c09193ceb3e17fe4,DoS,1
5811,107511,107512,6cce1e636a687a9f,Normal,0
5812,8210,8211,519e029267b573a9,Normal,0
5813,171339,171340,987bb392987aaf99,DoS,1
5814,37242,37243,b23d85a9ccfc0579,Normal,0
5815,54855,54856,7cec2092ea8eddef,Reconnaissance,1
5816,164132,164133,96dac29c73dc2b22,Generic,1
5817,173785,173786,2427e2065df39ad2,Exploits,1
5818,168392,168393,f8782fed6fd30137,Generic,1
5819,112042,112043,2bab7dfb693cc3d9,DoS,1
5820,146232,146233,2ed59292b6b5c551,Generic,1
5821,162654,162655,364c96d70716caf0,Exploits,1
5822,170322,170323,3b108b09906d9cc5,Generic,1
5823,39069,39070,097f3ae2bf417e92,Normal,0
5824,139313,139314,31340bf8b2280950,DoS,1
5825,133713,133714,379b09712f766757,Generic,1
5826,20867,20868,9d6b4fbb1c67b02c,Normal,0
5827,98954,98955,fbe16d30099bad7a,Fuzzers,1
5828,86132,86133,a96aa9dcbde6e075,DoS,1
5829,114514,114515,1c32f9bdafdc6ffd,Reconnaissance,1
5830,31740,31741,a937a50deef53eb9,Normal,0
5831,116428,116429,9c4f8954e22a48e3,Reconnaissance,1
5832,75882,75883,26047044732267f0,Normal,0
5833,172012,172013,1fb4227c69c6159f,Generic,1
5834,162515,162516,4ff4597a4356af7a,Generic,1
5835,55437,55438,e71b4426a4c29a8e,DoS,1
5836,44844,44845,3d2c8ed361ba6aea,Normal,0
5837,110167,110168,feab93882e9d09b7,Exploits,1
5838,138016,138017,c18eb8bb19434d14,Generic,1
5839,129359,129360,eaf42029620a97ce,Reconnaissance,1
5840,47507,47508,7ed3e7796b79fb10,Normal,0
5841,60029,60030,5b9e91b8f3ad1952,Fuzzers,1
5842,92748,92749,5595630a66396e00,Exploits,1
5843,90799,90800,ca87ac87a1c426e1,Reconnaissance,1
5844,171777,171778,9cff3bfdc53be0c4,Exploits,1
5845,108878,108879,246257abbc18b1e2,Normal,0
5846,52628,52629,3dc9a66c659f3a88,Fuzzers,1
5847,109501,109502,b363cb7bef02a331,Normal,0
5848,158246,158247,c140224ba7a141bd,Reconnaissance,1
5849,58940,58941,94d87dcbf586fe8a,Exploits,1
5850,157883,157884,c28868d7382d082f,Generic,1
5851,5309,5310,41df7d3a32dfe8fe,Normal,0
5852,144516,144517,2501ba89d066a7b6,Generic,1
5853,100282,100283,1999fe4ab73de56a,Fuzzers,1
5854,56655,56656,a91facb5686015cf,Exploits,1
5855,141299,141300,4bb77cc2905e5bb5,DoS,1
5856,44906,44907,b36ca328c29654e9,Normal,0
5857,46292,46293,2ee8e10a06ca52ee,Normal,0
5858,37821,37822,eb9c594718e73a60,Normal,0
5859,71181,71182,3805ec0eb1259384,Normal,0
5860,9547,9548,4557974db7c41475,Normal,0
5861,11048,11049,dea24fd9a9558289,Normal,0
5862,155898,155899,d925dcf547305ac8,Generic,1
5863,120872,120873,3536fef8598fb123,Generic,1
5864,63074,63075,f0a0b0c419012f19,Exploits,1
5865,10173,10174,bd76410e98b6a063,Normal,0
5866,16052,16053,5d90f5f9681e14cd,Normal,0
5867,67622,67623,24a479840ff36aa9,Exploits,1
5868,79050,79051,8f75f1ba729e49f8,Shellcode,1
5869,110293,110294,2c443b0b6ef2fc8b,Reconnaissance,1
5870,95297,95298,040c8b94eac236c3,Exploits,1
5871,111416,111417,84453bf30add5ca4,Reconnaissance,1
5872,38606,38607,59945672c5f48fd4,Normal,0
5873,50941,50942,34b652ebdf3615d1,Exploits,1
5874,19728,19729,372678f48ab744ce,Normal,0
5875,80218,80219,baf6e2f1453661a3,Exploits,1
5876,141584,141585,d566a1a1cc980b26,Generic,1
5877,174187,174188,3a6dd8c478c6c7cd,Generic,1
5878,125182,125183,891abbfd45211c72,DoS,1
5879,148080,148081,0831456cf645f80a,Exploits,1
5880,169681,169682,963ebaed69c6adac,Generic,1
5881,52227,52228,2ba047511ef9bfdc,Fuzzers,1
5882,103322,103323,cd11b8a6598130a4,Exploits,1
5883,111151,111152,f8c940b80ecd70c2,Normal,0
5884,136,137,66ec40aa0f48aaff,Normal,0
5885,61774,61775,48ec804ebaeac0e7,Worms,1
5886,52737,52738,2e93c019cf2e7581,Exploits,1
5887,4498,4499,bdc1d1d255c754f8,Normal,0
5888,74153,74154,06717fc98dee5a0b,Fuzzers,1
5889,174575,174576,dc634663817281fb,Generic,1
5890,53452,53453,330125c6e8c05d9b,Exploits,1
5891,119685,119686,9fb1e41370be6e82,Exploits,1
5892,141725,141726,bfb25a29d121260d,Exploits,1
5893,144374,144375,aacccaf58b6d81b8,Generic,1
5894,66107,66108,70638eec9574fc76,Exploits,1
5895,70937,70938,8cb0ac65a5e6517d,DoS,1
5896,119978,119979,f4e115570f136bd7,Generic,1
5897,84644,84645,595b7ad3c566b536,Exploits,1
5898,114881,114882,5e9adb7619542695,DoS,1
5899,13807,13808,51533882f8d5aa6d,Normal,0
5900,56656,56657,6de8231254bac9a3,Exploits,1
5901,101200,101201,2949f977de8a1e42,Exploits,1
5902,150725,150726,dd4471e7ac17788f,Generic,1
5903,118852,118853,069925d8463f182a,Reconnaissance,1
5904,163252,163253,f02d0f71024947a0,Generic,1
5905,67906,67907,cc7964a43ccec413,Reconnaissance,1
5906,86588,86589,55444da1ed2797c9,Reconnaissance,1
5907,3406,3407,6783a0ff4a6d011b,Normal,0
5908,137806,137807,fa3efe8e48176107,Exploits,1
5909,124291,124292,1204e569b2dda8ce,Generic,1
5910,23572,23573,766b5b503143fc39,Normal,0
5911,22426,22427,de57707aca421c7a,Normal,0
5912,135743,135744,70d91fb75dda1c3d,Generic,1
5913,170270,170271,46de4fadb236ad52,Reconnaissance,1
5914,159212,159213,fe551df9b56ca38a,Generic,1
5915,76866,76867,02ce4da1b2045c8c,Exploits,1
5916,152752,152753,4500a00d77fb8bdf,Generic,1
5917,41864,41865,b215ecf610470823,Normal,0
5918,173935,173936,2501ba89d066a7b6,Generic,1
5919,70892,70893,3fa388d09a81cb65,Reconnaissance,1
5920,37934,37935,4ae64a179b819eeb,Normal,0
5921,85464,85465,8997e977ff63d317,Exploits,1
5922,35825,35826,cfb902d85ef9fd65,Normal,0
5923,158508,158509,6253cdf0f04b11ac,Generic,1
5924,60253,60254,70f28ab73db07cf3,Fuzzers,1
5925,85422,85423,48fdcf42ec5c74f1,Normal,0
5926,2964,2965,143eb992d7486e0d,Normal,0
5927,79194,79195,273628f3f78b12e3,Reconnaissance,1
5928,112560,112561,efd2f1c00f2a8c43,Normal,0
5929,162731,162732,91544f0d958ffc53,Generic,1
5930,60176,60177,f6c309cce0e7e333,Exploits,1
5931,21663,21664,e1d3ab08de9a1266,Normal,0
5932,139255,139256,d121765cc647bb34,Generic,1
5933,163142,163143,8f9e95a6acade2ca,DoS,1
5934,81954,81955,01528b56d80c177a,Normal,0
5935,67831,67832,ecf11ce6b12e2018,Exploits,1
5936,122441,122442,e69afb7a1f15e9a9,Generic,1
5937,144982,144983,655ec198687cf580,Generic,1
5938,93820,93821,99c830188ee08ab0,DoS,1
5939,37434,37435,b1a3537632306742,Normal,0
5940,16073,16074,eea2b2f576cf386c,Normal,0
5941,152160,152161,552fec9147b8f838,Generic,1
5942,56005,56006,32e1456f6e959016,DoS,1
5943,11254,11255,946c5be76cf822b5,Normal,0
5944,170019,170020,87e9bed9f24e704e,Generic,1
5945,75306,75307,3a7f7e9342e0adad,Normal,0
5946,27893,27894,c7872912f24fa0e3,Normal,0
5947,143951,143952,c57283d347ba7d03,Generic,1
5948,46785,46786,99b93be5b47a1961,Normal,0
5949,80209,80210,d619a043c3eb51f2,Reconnaissance,1
5950,21873,21874,38c17eb024b8f603,Normal,0
5951,115020,115021,34994e67e6dd2324,Exploits,1
5952,62561,62562,bbb6e4eab0be3b4f,Exploits,1
5953,175072,175073,df4f1d1ee64c4c77,Generic,1
5954,94119,94120,2c3a18b59c13392e,Exploits,1
5955,160257,160258,19d7bc971099ced6,Generic,1
5956,166218,166219,6253cdf0f04b11ac,Generic,1
5957,70765,70766,90760850e7d120b8,Fuzzers,1
5958,70370,70371,28dfa2f22de02d47,DoS,1
5959,66944,66945,3bbd0c90a74edc21,Fuzzers,1
5960,139949,139950,e846e68b5363b072,Fuzzers,1
5961,53182,53183,9a02e1ea8e40ab64,Reconnaissance,1
5962,97267,97268,f7a56ed0a460d853,Fuzzers,1
5963,124599,124600,301b98cf5ca28c6e,Exploits,1
5964,112745,112746,a2a871f848218b98,Exploits,1
5965,108341,108342,976435402b39c877,Normal,0
5966,74734,74735,88f06189368986df,Reconnaissance,1
5967,41643,41644,12b1a1abe9a5a666,Normal,0
5968,68490,68491,640e1ec9813a70df,Exploits,1
5969,86604,86605,b83fe6ca77948ddd,Normal,0
5970,124129,124130,b5ea53287bd87271,Generic,1
5971,91292,91293,9df8575f224d722c,Fuzzers,1
5972,102698,102699,56eae12ca7b15b50,Normal,0
5973,132009,132010,cdc83ff8099d23cc,Generic,1
5974,102344,102345,59eb3d1908b0c506,Normal,0
5975,8615,8616,30e3d6bc9120aced,Normal,0
5976,47901,47902,53cd8baf802351c7,Normal,0
5977,93385,93386,af9f0c5f36558389,Fuzzers,1
5978,71867,71868,d37538ac7b14f8d6,Exploits,1
5979,30456,30457,6deb7218d3056659,Normal,0
5980,8753,8754,cb4291162cdb0e4f,Normal,0
5981,109476,109477,fef408d67f6081e1,Exploits,1
5982,98779,98780,5e14bc729513f1f1,Reconnaissance,1
5983,65116,65117,55d3b90a6eea4ce7,Normal,0
5984,9011,9012,e615643689dbcf87,Normal,0
5985,146658,146659,4d529261ac9a514d,Generic,1
5986,43075,43076,89d9106a3fcbc83b,Normal,0
5987,79378,79379,1e19c0dcdc1e38cc,Fuzzers,1
5988,23469,23470,8943e7b4036f4b65,Normal,0
5989,2179,2180,beccd1798c2997c2,Normal,0
5990,132519,132520,92078b5f36468c41,Analysis,1
5991,145562,145563,cb748f5c46e28756,Exploits,1
5992,46111,46112,c891c67beda30256,Normal,0
5993,152451,152452,2501ba89d066a7b6,Generic,1
5994,17723,17724,d1b148de282adeed,Normal,0
5995,15354,15355,244443642585a5df,Normal,0
5996,80488,80489,06429b7c431356e3,Exploits,1
5997,138312,138313,f4e115570f136bd7,Generic,1
5998,175132,175133,2ed59292b6b5c551,Generic,1
5999,101695,101696,8edc0dc9be546bb1,Fuzzers,1
