policy,seed,window,epsilon,learning_rate,rolling_reward,rolling_utility,td_abs_mean,q_update_abs_mean,visited_states,visited_state_actions,greedy_policy_change_rate
Unshielded-Q,3101,100,0.979100000,0.380730788,0.505423813,0.599129310,0.991563659,0.300872701,14,37,0.010156250
Unshielded-Q,3101,200,0.957988889,0.084879361,0.513243252,0.605578627,0.963884832,0.227164657,15,48,0.005468750
Unshielded-Q,3101,300,0.936877778,0.251188643,0.555534226,0.648514865,0.798207317,0.153136052,17,52,0.004687500
Unshielded-Q,3101,400,0.915766667,0.311129489,0.379828480,0.472901142,0.712278210,0.153032704,29,84,0.012500000
Unshielded-Q,3101,500,0.894655556,0.500000000,0.485091539,0.577552726,0.819147953,0.201848568,30,98,0.005468750
Unshielded-Q,3101,600,0.873544444,0.118456576,0.484967957,0.577706739,0.733547637,0.155199456,31,101,0.009375000
Unshielded-Q,3101,700,0.852433333,0.341278752,0.470844802,0.562431488,0.623689888,0.107089981,32,103,0.004687500
Unshielded-Q,3101,800,0.831322222,0.176537307,0.456803166,0.550943478,0.602770318,0.100600113,32,105,0.005468750
Unshielded-Q,3101,900,0.810211111,0.053414066,0.444537154,0.536844057,0.533552687,0.066913401,32,105,0.006250000
Unshielded-Q,3101,1000,0.789100000,0.069071825,0.537215684,0.631077637,0.581900725,0.070829787,32,106,0.005468750
Unshielded-Q,3101,1100,0.767988889,0.080960585,0.388295807,0.480352145,0.551912349,0.053638102,32,106,0.002343750
Unshielded-Q,3101,1200,0.746877778,0.144955933,0.373682835,0.463191927,0.630315247,0.072096379,34,108,0.003906250
Unshielded-Q,3101,1300,0.725766667,0.050073690,0.427656800,0.521289552,0.640417907,0.084020829,34,110,0.006250000
Unshielded-Q,3101,1400,0.704655556,0.065067757,0.490342112,0.583499598,0.580686220,0.055896412,34,111,0.001562500
Unshielded-Q,3101,1500,0.683544444,0.041503275,0.451168372,0.541857785,0.543501675,0.042763653,34,111,0.004687500
Unshielded-Q,3101,1600,0.662433333,0.051124255,0.478984585,0.569092271,0.526470866,0.048911602,34,113,0.003125000
Unshielded-Q,3101,1700,0.641322222,0.047591348,0.487147810,0.571286224,0.545522097,0.051874881,34,114,0.003125000
Unshielded-Q,3101,1800,0.620211111,0.046054066,0.531487414,0.615934954,0.527655465,0.044522285,34,115,0.003906250
Unshielded-Q,3101,1900,0.599100000,0.037037037,0.542212769,0.631397890,0.526542161,0.043310512,34,115,0.005468750
Unshielded-Q,3101,2000,0.577988889,0.042135326,0.457410351,0.541094584,0.503826009,0.035326728,34,115,0.002343750
Unshielded-Q,3101,2100,0.556877778,0.042135326,0.513944181,0.600306896,0.533153427,0.035905511,34,115,0.003906250
Unshielded-Q,3101,2200,0.535766667,0.068125609,0.554971070,0.636112438,0.526568521,0.031463358,34,115,0.001562500
Unshielded-Q,3101,2300,0.514655556,0.044642448,0.498822674,0.582264703,0.578661946,0.050888377,34,116,0.001562500
Unshielded-Q,3101,2400,0.493544444,0.042006864,0.523557487,0.606467010,0.520840499,0.030074644,34,116,0.000781250
Unshielded-Q,3101,2500,0.472433333,0.024285727,0.547986204,0.631825713,0.538669621,0.041731546,34,117,0.001562500
Unshielded-Q,3101,2600,0.451322222,0.031107849,0.480799870,0.564638615,0.509334318,0.031142445,34,117,0.002343750
Unshielded-Q,3101,2700,0.430211111,0.052698680,0.425380741,0.515455730,0.465697454,0.023109993,34,117,0.002343750
Unshielded-Q,3101,2800,0.409100000,0.032835689,0.553422851,0.636201139,0.481848839,0.026638558,34,117,0.001562500
Unshielded-Q,3101,2900,0.387988889,0.028686280,0.574922154,0.649876033,0.493615097,0.025540286,34,117,0.000781250
Unshielded-Q,3101,3000,0.366877778,0.049669323,0.526489688,0.606068098,0.524177829,0.028629615,34,117,0.000781250
Unshielded-Q,3101,3100,0.345766667,0.018133095,0.581611143,0.667971530,0.451532217,0.023548795,34,117,0.000781250
Unshielded-Q,3101,3200,0.324655556,0.017423094,0.508230290,0.597205297,0.448841770,0.024338415,34,117,0.000000000
Unshielded-Q,3101,3300,0.303544444,0.041379875,0.485846387,0.575006777,0.525193108,0.033195023,34,118,0.001562500
Unshielded-Q,3101,3400,0.282433333,0.035812952,0.494537852,0.576224625,0.458454624,0.034470043,34,119,0.001562500
Unshielded-Q,3101,3500,0.261322222,0.085725347,0.549271094,0.624778722,0.431692953,0.022241957,34,119,0.001562500
Unshielded-Q,3101,3600,0.240211111,0.034691128,0.551829808,0.627000185,0.449609803,0.017908275,34,119,0.000000000
Unshielded-Q,3101,3700,0.219100000,0.017866096,0.477860398,0.567539281,0.397975865,0.013449216,34,119,0.001562500
Unshielded-Q,3101,3800,0.197988889,0.025556070,0.494972226,0.590932600,0.395306197,0.015176939,34,119,0.000781250
Unshielded-Q,3101,3900,0.176877778,0.022837085,0.565710504,0.654838630,0.374777830,0.012191444,34,119,0.000000000
Unshielded-Q,3101,4000,0.155766667,0.012337778,0.550594792,0.626356600,0.413281253,0.013730448,34,119,0.000781250
Unshielded-Q,3101,4100,0.134655556,0.106181884,0.526488180,0.591961491,0.390689108,0.013271894,34,119,0.000781250
Unshielded-Q,3101,4200,0.113544444,0.019715560,0.530056205,0.593219399,0.398158324,0.011942297,34,119,0.000781250
Unshielded-Q,3101,4300,0.092433333,0.025320992,0.556521108,0.623927498,0.398722285,0.012061347,34,119,0.000000000
Unshielded-Q,3101,4400,0.071322222,0.023766724,0.553015057,0.618726176,0.386103548,0.009701810,34,119,0.000000000
Unshielded-Q,3101,4500,0.050211111,0.022253125,0.557061210,0.624028039,0.380490731,0.010688315,34,119,0.000000000
Unshielded-Q,3101,4600,0.050000000,0.010085729,0.535527183,0.598677636,0.359903101,0.008868744,34,119,0.000000000
Unshielded-Q,3101,4700,0.050000000,0.009761183,0.586057754,0.648789190,0.333981794,0.006552852,34,119,0.000000000
Unshielded-Q,3101,4800,0.050000000,0.009441502,0.529320360,0.592274985,0.363587416,0.006368260,34,119,0.000000000
Unshielded-Q,3101,4900,0.050000000,0.009821735,0.478103717,0.539862513,0.392752967,0.008358343,34,119,0.000000000
Unshielded-Q,3101,5000,0.050000000,0.009326330,0.546803066,0.611217033,0.344667178,0.006204046,34,119,0.000000000
Unshielded-Q,3101,5100,0.050000000,0.008916932,0.515745657,0.578500282,0.332418418,0.005064280,34,119,0.000000000
Unshielded-Q,3101,5200,0.050000000,0.008517516,0.528837131,0.590936810,0.358570782,0.005682371,34,119,0.000000000
Unshielded-Q,3101,5300,0.050000000,0.008476032,0.569384389,0.632547583,0.330590148,0.004980547,34,119,0.000000000
Unshielded-Q,3101,5400,0.050000000,0.027714195,0.540422043,0.603795684,0.369441860,0.005557359,34,119,0.000000000
Unshielded-Q,3101,5500,0.050000000,0.013126772,0.599857005,0.661384044,0.402869912,0.006853338,34,119,0.000000000
Unshielded-Q,3101,5600,0.050000000,0.007354966,0.630705281,0.692417701,0.445145798,0.006826943,34,119,0.000781250
Unshielded-Q,3101,5700,0.050000000,0.012337778,0.603139342,0.666325724,0.422338952,0.005681652,34,119,0.000000000
Unshielded-Q,3101,5800,0.050000000,0.006841341,0.562551584,0.625761154,0.411037086,0.005010612,34,119,0.000000000
Unshielded-Q,3101,5900,0.050000000,0.007554687,0.624967950,0.688518403,0.386043291,0.005313897,34,119,0.000000000
Unshielded-Q,3101,6000,0.050000000,0.007399514,0.506810138,0.576054561,0.436901317,0.007021992,34,119,0.000000000
Unshielded-Q,3102,100,0.979100000,0.225160006,0.414561618,0.504600608,1.025131915,0.348748937,13,40,0.007031250
Unshielded-Q,3102,200,0.957988889,0.084055278,0.481470569,0.575457067,0.739875140,0.171539103,13,44,0.003906250
Unshielded-Q,3102,300,0.936877778,0.089348483,0.530753762,0.622923536,0.666807213,0.122456129,15,49,0.007031250
Unshielded-Q,3102,400,0.915766667,0.500000000,0.374817755,0.466161439,0.653622247,0.151536582,26,86,0.012500000
Unshielded-Q,3102,500,0.894655556,0.182696677,0.483928596,0.577293659,0.720973838,0.183134039,28,93,0.013281250
Unshielded-Q,3102,600,0.873544444,0.182696677,0.528142192,0.617352067,0.771199319,0.160113202,28,95,0.003906250
Unshielded-Q,3102,700,0.852433333,0.135426976,0.492223305,0.583957150,0.750964873,0.131327388,30,98,0.003906250
Unshielded-Q,3102,800,0.831322222,0.122713300,0.424539897,0.519315860,0.657683164,0.085736183,30,98,0.003125000
Unshielded-Q,3102,900,0.810211111,0.152392396,0.461702746,0.556305617,0.619574826,0.074032292,30,98,0.002343750
Unshielded-Q,3102,1000,0.789100000,0.135426976,0.532260076,0.622842903,0.682452266,0.080832361,31,99,0.003125000
Unshielded-Q,3102,1100,0.767988889,0.069071825,0.462244455,0.552504878,0.667786666,0.068126912,31,99,0.000781250
Unshielded-Q,3102,1200,0.746877778,0.500000000,0.408800088,0.499766352,0.616849183,0.068405394,33,102,0.000781250
Unshielded-Q,3102,1300,0.725766667,0.111009778,0.505346927,0.602889379,0.576157973,0.057488131,34,103,0.003125000
Unshielded-Q,3102,1400,0.704655556,0.047413768,0.446860177,0.541688532,0.666271021,0.097907754,35,107,0.003125000
Unshielded-Q,3102,1500,0.683544444,0.120534855,0.471408870,0.564894272,0.509851594,0.043730128,35,107,0.003125000
Unshielded-Q,3102,1600,0.662433333,0.205268911,0.451978768,0.544111937,0.604641939,0.069411950,35,108,0.003906250
Unshielded-Q,3102,1700,0.641322222,0.064660232,0.425753814,0.516035320,0.523786486,0.057282848,35,110,0.003125000
Unshielded-Q,3102,1800,0.620211111,0.049870414,0.527673112,0.618179997,0.463316118,0.035427159,35,110,0.003125000
Unshielded-Q,3102,1900,0.599100000,0.032703730,0.532417691,0.623314042,0.495908750,0.048932354,35,111,0.004687500
Unshielded-Q,3102,2000,0.577988889,0.032379926,0.544294425,0.635598579,0.481013046,0.038129484,35,112,0.005468750
Unshielded-Q,3102,2100,0.556877778,0.037407722,0.515988301,0.606254648,0.471538932,0.049252224,35,113,0.003125000
Unshielded-Q,3102,2200,0.535766667,0.031636450,0.530226774,0.611898229,0.450409190,0.025301099,35,113,0.002343750
Unshielded-Q,3102,2300,0.514655556,0.028825987,0.501231850,0.581317507,0.495282214,0.031904861,35,113,0.000000000
Unshielded-Q,3102,2400,0.493544444,0.032444002,0.595535699,0.674722451,0.516070638,0.029228694,35,113,0.001562500
Unshielded-Q,3102,2500,0.472433333,0.051124255,0.400687422,0.491281060,0.534528864,0.049021642,36,115,0.001562500
Unshielded-Q,3102,2600,0.451322222,0.030768279,0.509501397,0.598502352,0.508802466,0.024700535,36,115,0.001562500
Unshielded-Q,3102,2700,0.430211111,0.033945031,0.447047676,0.536765493,0.448669389,0.025835649,36,115,0.001562500
Unshielded-Q,3102,2800,0.409100000,0.020299494,0.451353592,0.531019919,0.507106480,0.032485223,36,116,0.000000000
Unshielded-Q,3102,2900,0.387988889,0.030117820,0.475510659,0.550662020,0.479256780,0.024941971,36,116,0.000781250
Unshielded-Q,3102,3000,0.366877778,0.017698074,0.559042999,0.636540631,0.499226399,0.021960824,36,116,0.000000000
Unshielded-Q,3102,3100,0.345766667,0.021511729,0.512382859,0.597100065,0.448364666,0.019262513,36,116,0.000781250
Unshielded-Q,3102,3200,0.324655556,0.048506616,0.536384275,0.623094477,0.431661757,0.016503431,36,116,0.001562500
Unshielded-Q,3102,3300,0.303544444,0.035812952,0.534854077,0.618993480,0.446377975,0.016536354,36,116,0.000781250
Unshielded-Q,3102,3400,0.282433333,0.015498212,0.528990897,0.610729535,0.451072268,0.016835068,36,116,0.000781250
Unshielded-Q,3102,3500,0.261322222,0.014854871,0.540030826,0.613430630,0.481109865,0.033540293,36,117,0.000781250
Unshielded-Q,3102,3600,0.240211111,0.014108108,0.523974222,0.596055027,0.422782582,0.014158981,36,117,0.002343750
Unshielded-Q,3102,3700,0.219100000,0.024051362,0.545815548,0.630969256,0.438364035,0.014449370,36,117,0.000000000
Unshielded-Q,3102,3800,0.197988889,0.018354516,0.483992241,0.566390569,0.402718610,0.012849081,36,117,0.000000000
Unshielded-Q,3102,3900,0.176877778,0.076209004,0.486690166,0.570897829,0.424481598,0.012796471,36,117,0.000000000
Unshielded-Q,3102,4000,0.155766667,0.012461322,0.494483809,0.570220776,0.412035356,0.014472874,36,117,0.000000000
Unshielded-Q,3102,4100,0.134655556,0.072681477,0.496952953,0.566173650,0.399033318,0.012318813,36,117,0.000781250
Unshielded-Q,3102,4200,0.113544444,0.018539822,0.627264366,0.692252314,0.414078685,0.010368192,36,117,0.000000000
Unshielded-Q,3102,4300,0.092433333,0.028233322,0.490425641,0.573237701,0.437193697,0.011784226,36,117,0.001562500
Unshielded-Q,3102,4400,0.071322222,0.019715560,0.549571671,0.625368556,0.379703958,0.009097076,36,117,0.002343750
Unshielded-Q,3102,4500,0.050211111,0.052465843,0.525592420,0.597445326,0.381992281,0.009392490,36,117,0.000000000
Unshielded-Q,3102,4600,0.050000000,0.010169265,0.505914149,0.575802758,0.398770938,0.009490446,36,117,0.000000000
Unshielded-Q,3102,4700,0.050000000,0.009813780,0.594766102,0.661272510,0.416642255,0.008833569,36,117,0.000000000
Unshielded-Q,3102,4800,0.050000000,0.009455866,0.511848837,0.576976868,0.434728807,0.008578418,36,117,0.000000000
Unshielded-Q,3102,4900,0.050000000,0.009787387,0.543265491,0.615314225,0.358673726,0.007598157,36,117,0.000000000
Unshielded-Q,3102,5000,0.050000000,0.009417689,0.470346389,0.538234771,0.373743129,0.007761527,36,117,0.000000000
Unshielded-Q,3102,5100,0.050000000,0.009044460,0.557608927,0.628228736,0.364880295,0.006991519,36,117,0.000000000
Unshielded-Q,3102,5200,0.050000000,0.008664237,0.535258401,0.601337223,0.393446025,0.007109083,36,117,0.000000000
Unshielded-Q,3102,5300,0.050000000,0.008419201,0.562539228,0.625857924,0.417508001,0.016728376,36,118,0.000000000
Unshielded-Q,3102,5400,0.050000000,0.008182012,0.602771992,0.664530788,0.388784648,0.010822060,36,118,0.000000000
Unshielded-Q,3102,5500,0.050000000,0.018146725,0.483497029,0.552826503,0.391018043,0.005775653,36,118,0.000000000
Unshielded-Q,3102,5600,0.050000000,0.050697028,0.533616674,0.605647156,0.359699506,0.005723861,36,118,0.000000000
Unshielded-Q,3102,5700,0.050000000,0.007407009,0.512602245,0.583659861,0.367178491,0.006485244,36,118,0.000000000
Unshielded-Q,3102,5800,0.050000000,0.007581179,0.577058770,0.647470009,0.353823597,0.005453134,36,118,0.000000000
Unshielded-Q,3102,5900,0.050000000,0.012782512,0.569043806,0.633985917,0.370066668,0.006079580,36,118,0.000000000
Unshielded-Q,3102,6000,0.050000000,0.012537049,0.544972467,0.610451289,0.377663659,0.005602960,36,118,0.000000000
Unshielded-Q,3103,100,0.979100000,0.160941640,0.450049365,0.544901673,0.974538352,0.332637658,14,42,0.010937500
Unshielded-Q,3103,200,0.957988889,0.112753451,0.480575894,0.569830040,0.701645950,0.150304224,15,45,0.007812500
Unshielded-Q,3103,300,0.936877778,0.237227149,0.420039072,0.512114792,0.672851270,0.116845709,16,49,0.003906250
Unshielded-Q,3103,400,0.915766667,0.341278752,0.475566816,0.568794179,0.640733310,0.144532313,28,82,0.010156250
Unshielded-Q,3103,500,0.894655556,0.435275282,0.496019820,0.593040180,0.766449241,0.191573913,30,96,0.008593750
Unshielded-Q,3103,600,0.873544444,0.165722701,0.450357145,0.543046144,0.726916193,0.147049502,31,99,0.007031250
Unshielded-Q,3103,700,0.852433333,0.051783467,0.423139175,0.515701685,0.689782408,0.122071387,32,102,0.003906250
Unshielded-Q,3103,800,0.831322222,0.064660232,0.444036962,0.533833418,0.679454565,0.102575097,32,103,0.006250000
Unshielded-Q,3103,900,0.810211111,0.043202143,0.502582435,0.593824954,0.648167756,0.072083665,32,103,0.005468750
Unshielded-Q,3103,1000,0.789100000,0.341278752,0.425984900,0.518705329,0.646299433,0.074903763,33,104,0.005468750
Unshielded-Q,3103,1100,0.767988889,0.135426976,0.493325082,0.586663864,0.630497964,0.070897358,33,106,0.003906250
Unshielded-Q,3103,1200,0.746877778,0.054409410,0.495941900,0.589883099,0.594025950,0.075332063,33,108,0.005468750
Unshielded-Q,3103,1300,0.725766667,0.044344167,0.533680569,0.620961396,0.602019506,0.061862957,34,109,0.003906250
Unshielded-Q,3103,1400,0.704655556,0.037982754,0.489401698,0.578255966,0.581369378,0.062105035,34,110,0.002343750
Unshielded-Q,3103,1500,0.683544444,0.060585645,0.425458169,0.509925491,0.562142702,0.051816688,34,111,0.001562500
Unshielded-Q,3103,1600,0.662433333,0.056276720,0.445355177,0.536287718,0.528082247,0.042868889,34,111,0.000000000
Unshielded-Q,3103,1700,0.641322222,0.051561219,0.450617378,0.544917938,0.472832982,0.033803822,34,111,0.003125000
Unshielded-Q,3103,1800,0.620211111,0.070053918,0.455438580,0.546404147,0.494200310,0.044589225,34,112,0.004687500
Unshielded-Q,3103,1900,0.599100000,0.068594366,0.522114471,0.608813776,0.594253263,0.062385194,34,114,0.003906250
Unshielded-Q,3103,2000,0.577988889,0.034538416,0.497005584,0.583824236,0.551805546,0.054432802,34,115,0.003125000
Unshielded-Q,3103,2100,0.556877778,0.182696677,0.521575196,0.613451612,0.537557145,0.051112840,35,117,0.002343750
Unshielded-Q,3103,2200,0.535766667,0.070053918,0.623021593,0.711487505,0.513846152,0.036465470,35,118,0.000781250
Unshielded-Q,3103,2300,0.514655556,0.036411284,0.467859121,0.561646485,0.570353983,0.044578299,35,119,0.003125000
Unshielded-Q,3103,2400,0.493544444,0.058325314,0.486648859,0.576542670,0.572583869,0.043540264,35,120,0.000781250
Unshielded-Q,3103,2500,0.472433333,0.027060118,0.488873797,0.570315408,0.512155488,0.037246770,35,120,0.000781250
Unshielded-Q,3103,2600,0.451322222,0.031107849,0.474434397,0.559024647,0.481520870,0.032562995,35,120,0.002343750
Unshielded-Q,3103,2700,0.430211111,0.026633653,0.467455790,0.550037710,0.476123945,0.021996439,35,120,0.001562500
Unshielded-Q,3103,2800,0.409100000,0.073808362,0.462071804,0.551854127,0.467075600,0.023070901,35,120,0.003125000
Unshielded-Q,3103,2900,0.387988889,0.030880368,0.500139803,0.592584180,0.474370116,0.029433073,35,121,0.002343750
Unshielded-Q,3103,3000,0.366877778,0.039207092,0.495210961,0.586075430,0.471129174,0.027609179,35,121,0.000781250
Unshielded-Q,3103,3100,0.345766667,0.016303129,0.510606201,0.593962901,0.450592789,0.021963438,35,121,0.001562500
Unshielded-Q,3103,3200,0.324655556,0.015763959,0.601440354,0.689258001,0.408155444,0.017499484,35,121,0.003125000
Unshielded-Q,3103,3300,0.303544444,0.015075172,0.497748466,0.577276589,0.419195076,0.017247867,35,121,0.001562500
Unshielded-Q,3103,3400,0.282433333,0.032379926,0.501910023,0.587711099,0.480014255,0.021051438,35,121,0.000781250
Unshielded-Q,3103,3500,0.261322222,0.023545378,0.447773755,0.542259711,0.421705482,0.017834786,35,121,0.000000000
Unshielded-Q,3103,3600,0.240211111,0.022491555,0.505809314,0.601587257,0.434677751,0.017396883,35,121,0.000781250
Unshielded-Q,3103,3700,0.219100000,0.023490896,0.510706226,0.588679160,0.445728047,0.030318468,35,122,0.000000000
Unshielded-Q,3103,3800,0.197988889,0.045412179,0.515228814,0.586983581,0.418917194,0.014124231,35,122,0.000000000
Unshielded-Q,3103,3900,0.176877778,0.011909800,0.515967273,0.586024663,0.415388079,0.021369768,35,123,0.000000000
Unshielded-Q,3103,4000,0.155766667,0.039639134,0.459652804,0.533573433,0.416254086,0.013804733,35,123,0.000000000
Unshielded-Q,3103,4100,0.134655556,0.047063848,0.589605447,0.687180130,0.413406639,0.018022143,35,123,0.000000000
Unshielded-Q,3103,4200,0.113544444,0.045730119,0.523874940,0.620209033,0.401492092,0.012769158,35,123,0.000000000
Unshielded-Q,3103,4300,0.092433333,0.015615852,0.520656228,0.587310021,0.380890636,0.010696043,35,123,0.000000000
Unshielded-Q,3103,4400,0.071322222,0.016928372,0.567723250,0.634899448,0.412716729,0.010438923,35,123,0.001562500
Unshielded-Q,3103,4500,0.050211111,0.014256592,0.535773262,0.602321875,0.415096100,0.009393757,35,123,0.000000000
Unshielded-Q,3103,4600,0.050000000,0.021663476,0.449024664,0.516287565,0.416420120,0.008718095,35,123,0.000000000
Unshielded-Q,3103,4700,0.050000000,0.055999494,0.562867864,0.660539698,0.421530606,0.018460364,35,124,0.000000000
Unshielded-Q,3103,4800,0.050000000,0.018011637,0.515148363,0.613784042,0.443950206,0.009726559,35,124,0.000000000
Unshielded-Q,3103,4900,0.050000000,0.008038647,0.465202372,0.531041319,0.439247433,0.010020561,35,124,0.000781250
Unshielded-Q,3103,5000,0.050000000,0.007773823,0.592032755,0.663579979,0.404313359,0.012697169,35,124,0.000781250
Unshielded-Q,3103,5100,0.050000000,0.028825987,0.599092734,0.680411248,0.426942524,0.009955799,35,124,0.000000000
Unshielded-Q,3103,5200,0.050000000,0.036765370,0.485028638,0.573968604,0.384603070,0.009079244,35,124,0.000781250
Unshielded-Q,3103,5300,0.050000000,0.014185369,0.589662369,0.687897508,0.389681067,0.007493785,35,124,0.000000000
Unshielded-Q,3103,5400,0.050000000,0.013435336,0.521181639,0.619219384,0.414792163,0.008027390,35,124,0.000000000
Unshielded-Q,3103,5500,0.050000000,0.014038838,0.580302840,0.644790231,0.390155737,0.006990935,35,124,0.000000000
Unshielded-Q,3103,5600,0.050000000,0.022761852,0.546302511,0.609702973,0.366576509,0.005691674,35,124,0.000781250
Unshielded-Q,3103,5700,0.050000000,0.006600177,0.591259537,0.652904271,0.373116572,0.005592080,35,124,0.000000000
Unshielded-Q,3103,5800,0.050000000,0.006404071,0.526514596,0.592070212,0.380966103,0.005311411,35,124,0.000000000
Unshielded-Q,3103,5900,0.050000000,0.011642821,0.525350084,0.622051118,0.402106556,0.005693660,35,124,0.000000000
Unshielded-Q,3103,6000,0.050000000,0.016543606,0.552936715,0.650502064,0.379669398,0.007098257,35,124,0.000000000
Unshielded-Q,3104,100,0.979100000,0.160941640,0.497016476,0.592982308,0.784153378,0.237134411,14,37,0.010156250
Unshielded-Q,3104,200,0.957988889,0.101876142,0.361432722,0.450618607,0.963532693,0.207530348,15,46,0.003906250
Unshielded-Q,3104,300,0.936877778,0.120534855,0.405136642,0.497157694,0.747952362,0.133677140,16,49,0.004687500
Unshielded-Q,3104,400,0.915766667,0.311129489,0.500317446,0.591023670,0.694436801,0.150091362,28,80,0.011718750
Unshielded-Q,3104,500,0.894655556,0.251188643,0.463325515,0.558623121,0.694324221,0.166518979,30,96,0.008593750
Unshielded-Q,3104,600,0.873544444,0.176537307,0.490810395,0.585338732,0.679938342,0.129261643,31,98,0.003125000
Unshielded-Q,3104,700,0.852433333,0.196945129,0.438399873,0.530507889,0.710144776,0.136158793,31,102,0.006250000
Unshielded-Q,3104,800,0.831322222,0.094505676,0.497832977,0.591740489,0.673606163,0.104583659,32,103,0.003125000
Unshielded-Q,3104,900,0.810211111,0.059588766,0.406690618,0.498988535,0.654483052,0.098551411,32,105,0.004687500
Unshielded-Q,3104,1000,0.789100000,0.087486935,0.450695769,0.544144094,0.595564148,0.064599697,32,105,0.006250000
Unshielded-Q,3104,1100,0.767988889,0.066332643,0.464819084,0.557555764,0.600172871,0.072902537,33,107,0.003125000
Unshielded-Q,3104,1200,0.746877778,0.062350494,0.497408117,0.590302592,0.602748620,0.068636264,33,109,0.003906250
Unshielded-Q,3104,1300,0.725766667,0.160941640,0.482432469,0.575343805,0.599589323,0.071202513,33,111,0.003906250
Unshielded-Q,3104,1400,0.704655556,0.046384205,0.488443280,0.575990593,0.561594875,0.053663026,33,111,0.003906250
Unshielded-Q,3104,1500,0.683544444,0.064660232,0.419778229,0.511079516,0.541503924,0.049055248,33,111,0.005468750
Unshielded-Q,3104,1600,0.662433333,0.251188643,0.447733913,0.536992770,0.546788721,0.044753618,33,111,0.002343750
Unshielded-Q,3104,1700,0.641322222,0.107728270,0.522220314,0.614339505,0.510890842,0.044507884,33,112,0.004687500
Unshielded-Q,3104,1800,0.620211111,0.072681477,0.453907375,0.546923403,0.520975853,0.041997178,33,112,0.000781250
Unshielded-Q,3104,1900,0.599100000,0.132605397,0.462256443,0.550129954,0.470663809,0.033709328,33,112,0.004687500
Unshielded-Q,3104,2000,0.577988889,0.037314124,0.610880870,0.695615147,0.477816485,0.028399016,33,112,0.002343750
Unshielded-Q,3104,2100,0.556877778,0.031398580,0.525373047,0.608880918,0.496618827,0.029600371,33,112,0.002343750
Unshielded-Q,3104,2200,0.535766667,0.053905613,0.482328562,0.573171620,0.517856139,0.029976380,33,112,0.003125000
Unshielded-Q,3104,2300,0.514655556,0.044946140,0.548641539,0.642327376,0.495504418,0.029511814,33,112,0.002343750
Unshielded-Q,3104,2400,0.493544444,0.034538416,0.530670972,0.623976017,0.576113405,0.046595203,33,114,0.000781250
Unshielded-Q,3104,2500,0.472433333,0.027546737,0.448170366,0.541665798,0.534272965,0.045688342,34,115,0.003125000
Unshielded-Q,3104,2600,0.451322222,0.021641623,0.581499847,0.669203933,0.478929709,0.029355090,34,115,0.001562500
Unshielded-Q,3104,2700,0.430211111,0.039859966,0.497619461,0.582393838,0.483581594,0.024221506,34,115,0.001562500
Unshielded-Q,3104,2800,0.409100000,0.030384352,0.470516906,0.561646354,0.487239918,0.025351970,34,115,0.004687500
Unshielded-Q,3104,2900,0.387988889,0.038581978,0.487709833,0.582779177,0.483137159,0.028059905,34,115,0.003125000
Unshielded-Q,3104,3000,0.366877778,0.045100065,0.415899269,0.502427812,0.510815288,0.023065407,34,115,0.003906250
Unshielded-Q,3104,3100,0.345766667,0.035981221,0.523522506,0.617096524,0.528823847,0.026337129,34,115,0.002343750
Unshielded-Q,3104,3200,0.324655556,0.034387483,0.428099354,0.520962455,0.552241899,0.026745055,34,115,0.002343750
Unshielded-Q,3104,3300,0.303544444,0.029256239,0.511273102,0.603653971,0.489328301,0.022544307,34,115,0.000781250
Unshielded-Q,3104,3400,0.282433333,0.029502783,0.559501772,0.641755171,0.447402518,0.018937782,34,115,0.000781250
Unshielded-Q,3104,3500,0.261322222,0.026748180,0.520020395,0.606212035,0.430239680,0.017813035,34,115,0.000781250
Unshielded-Q,3104,3600,0.240211111,0.023409800,0.528657906,0.602427518,0.452586018,0.019050973,34,115,0.000000000
Unshielded-Q,3104,3700,0.219100000,0.090319679,0.584355763,0.669091154,0.436836258,0.016698320,34,115,0.000000000
Unshielded-Q,3104,3800,0.197988889,0.034845655,0.525622736,0.614387243,0.494673979,0.016518149,34,115,0.000000000
Unshielded-Q,3104,3900,0.176877778,0.013963678,0.502024385,0.592423867,0.457129991,0.015885090,34,115,0.000000000
Unshielded-Q,3104,4000,0.155766667,0.048886072,0.568604094,0.647627037,0.407673378,0.013253430,34,115,0.000781250
Unshielded-Q,3104,4100,0.134655556,0.016727548,0.453298216,0.529515196,0.437569014,0.013885098,34,115,0.000000000
Unshielded-Q,3104,4200,0.113544444,0.015426983,0.524700976,0.593305299,0.422707932,0.011245197,34,115,0.000000000
Unshielded-Q,3104,4300,0.092433333,0.012298929,0.537970411,0.624348006,0.418870498,0.027042001,34,116,0.000000000
Unshielded-Q,3104,4400,0.071322222,0.019597367,0.448909214,0.538516813,0.392059494,0.012132499,34,116,0.000000000
Unshielded-Q,3104,4500,0.050211111,0.036066149,0.561588534,0.643935987,0.411590680,0.011545439,34,116,0.000000000
Unshielded-Q,3104,4600,0.050000000,0.047951892,0.523307831,0.593822045,0.386415233,0.009678358,34,116,0.000000000
Unshielded-Q,3104,4700,0.050000000,0.019253825,0.504670643,0.572424192,0.384590102,0.008881563,34,116,0.000000000
Unshielded-Q,3104,4800,0.050000000,0.011617825,0.615291910,0.683799848,0.374935276,0.007894683,34,116,0.000000000
Unshielded-Q,3104,4900,0.050000000,0.017386474,0.546684310,0.632402337,0.369259443,0.008302665,34,116,0.000000000
Unshielded-Q,3104,5000,0.050000000,0.101876142,0.562391605,0.647858319,0.358957851,0.008640387,34,116,0.000000000
Unshielded-Q,3104,5100,0.050000000,0.009570441,0.523026343,0.611697231,0.392493251,0.007961410,34,116,0.000000000
Unshielded-Q,3104,5200,0.050000000,0.010048871,0.537224409,0.607051921,0.415237859,0.007206848,34,116,0.000000000
Unshielded-Q,3104,5300,0.050000000,0.016905740,0.519518773,0.587735837,0.393505924,0.006963159,34,116,0.000000000
Unshielded-Q,3104,5400,0.050000000,0.009321708,0.538966280,0.603995093,0.386069852,0.006829080,34,116,0.000000000
Unshielded-Q,3104,5500,0.050000000,0.031457600,0.518465418,0.604297507,0.403244392,0.007265763,34,116,0.000000000
Unshielded-Q,3104,5600,0.050000000,0.008521149,0.548100036,0.632030577,0.356818304,0.006360584,34,116,0.000000000
Unshielded-Q,3104,5700,0.050000000,0.008328981,0.578513389,0.660797328,0.364054772,0.006794130,34,116,0.000000000
Unshielded-Q,3104,5800,0.050000000,0.028502785,0.516841241,0.590479652,0.379050742,0.007454322,34,116,0.000000000
Unshielded-Q,3104,5900,0.050000000,0.008186909,0.540107270,0.608597530,0.376277567,0.006303213,34,116,0.000000000
Unshielded-Q,3104,6000,0.050000000,0.007937678,0.573846342,0.638624381,0.388531361,0.006555058,34,116,0.000000000
Unshielded-Q,3105,100,0.979100000,0.118456576,0.463909232,0.554239097,0.982652162,0.319810823,15,37,0.010156250
Unshielded-Q,3105,200,0.957988889,0.107728270,0.449484198,0.540049574,0.796229576,0.178546575,15,44,0.002343750
Unshielded-Q,3105,300,0.936877778,0.095635250,0.458720355,0.553722341,0.630379056,0.107732092,15,48,0.002343750
Unshielded-Q,3105,400,0.915766667,0.251188643,0.481817611,0.574486831,0.651444242,0.145262366,29,82,0.010156250
Unshielded-Q,3105,500,0.894655556,0.165722701,0.470396673,0.562564119,0.865835324,0.218733815,29,93,0.005468750
Unshielded-Q,3105,600,0.873544444,0.165722701,0.471726079,0.566491267,0.845439872,0.174264894,29,95,0.005468750
Unshielded-Q,3105,700,0.852433333,0.061275437,0.412553288,0.505115710,0.746555554,0.126591191,31,99,0.007031250
Unshielded-Q,3105,800,0.831322222,0.435275282,0.474173062,0.568051199,0.691096428,0.112691197,32,102,0.005468750
Unshielded-Q,3105,900,0.810211111,0.051561219,0.492621031,0.584100157,0.588659951,0.072161958,32,103,0.007031250
Unshielded-Q,3105,1000,0.789100000,0.160941640,0.473373874,0.569251249,0.605468716,0.084402698,32,105,0.003125000
Unshielded-Q,3105,1100,0.767988889,0.069071825,0.444345117,0.539246443,0.608018558,0.078665289,34,107,0.006250000
Unshielded-Q,3105,1200,0.746877778,0.214602110,0.449787753,0.544349827,0.599035843,0.073461579,34,108,0.005468750
Unshielded-Q,3105,1300,0.725766667,0.042793714,0.492606984,0.587507771,0.572109936,0.060157074,35,109,0.005468750
Unshielded-Q,3105,1400,0.704655556,0.055725880,0.456432043,0.548794466,0.584648087,0.074349163,35,111,0.002343750
Unshielded-Q,3105,1500,0.683544444,0.037885279,0.424898308,0.514056417,0.502336210,0.043923821,35,111,0.003125000
Unshielded-Q,3105,1600,0.662433333,0.093410994,0.450129204,0.542021488,0.527756896,0.050657373,35,112,0.004687500
Unshielded-Q,3105,1700,0.641322222,0.068594366,0.549769962,0.644245681,0.546052918,0.058606135,35,113,0.001562500
Unshielded-Q,3105,1800,0.620211111,0.056276720,0.508463980,0.598198431,0.502760869,0.044680708,35,114,0.003125000
Unshielded-Q,3105,1900,0.599100000,0.049870414,0.398099238,0.493581269,0.489791264,0.048975270,36,115,0.003906250
Unshielded-Q,3105,2000,0.577988889,0.028732648,0.503349615,0.596353060,0.460873669,0.033415580,36,115,0.000781250
Unshielded-Q,3105,2100,0.556877778,0.034090822,0.494454105,0.588257550,0.432628316,0.025995866,36,115,0.001562500
Unshielded-Q,3105,2200,0.535766667,0.036411284,0.432334319,0.523816816,0.457921657,0.027544701,36,115,0.003125000
Unshielded-Q,3105,2300,0.514655556,0.034090822,0.467391799,0.557427885,0.491344949,0.040963923,36,116,0.002343750
Unshielded-Q,3105,2400,0.493544444,0.043763224,0.502727377,0.595660839,0.483269989,0.031703116,36,116,0.002343750
Unshielded-Q,3105,2500,0.472433333,0.034017718,0.469050956,0.556337170,0.477519363,0.026384350,36,116,0.002343750
Unshielded-Q,3105,2600,0.451322222,0.033945031,0.422351690,0.506862045,0.468568637,0.027480679,36,116,0.000781250
Unshielded-Q,3105,2700,0.430211111,0.028145001,0.577931857,0.661749581,0.417379100,0.020951335,36,116,0.000781250
Unshielded-Q,3105,2800,0.409100000,0.031165421,0.551496451,0.641303959,0.494986281,0.023069560,36,116,0.000781250
Unshielded-Q,3105,2900,0.387988889,0.046384205,0.564504415,0.659061065,0.466790356,0.032892522,36,117,0.000781250
Unshielded-Q,3105,3000,0.366877778,0.051124255,0.584161437,0.676637848,0.459223242,0.022712894,36,117,0.001562500
Unshielded-Q,3105,3100,0.345766667,0.020992076,0.541958667,0.627806273,0.475970529,0.029395534,36,118,0.000000000
Unshielded-Q,3105,3200,0.324655556,0.022159624,0.503968270,0.590068752,0.491466538,0.039560716,36,119,0.000781250
Unshielded-Q,3105,3300,0.303544444,0.021341730,0.425591593,0.513432770,0.523448777,0.040054222,36,120,0.001562500
Unshielded-Q,3105,3400,0.282433333,0.103259114,0.465056217,0.555209894,0.476121118,0.020014683,36,120,0.003125000
Unshielded-Q,3105,3500,0.261322222,0.380730788,0.541542918,0.634842744,0.478611082,0.028194701,36,120,0.002343750
Unshielded-Q,3105,3600,0.240211111,0.026334533,0.397731031,0.490908000,0.459585406,0.020780833,36,120,0.000781250
Unshielded-Q,3105,3700,0.219100000,0.024679892,0.469098648,0.556670697,0.452021492,0.018561643,36,120,0.001562500
Unshielded-Q,3105,3800,0.197988889,0.030223682,0.494098599,0.583719771,0.417996759,0.028696005,36,121,0.001562500
Unshielded-Q,3105,3900,0.176877778,0.024345275,0.558793453,0.647250764,0.397342208,0.016626085,36,121,0.000781250
Unshielded-Q,3105,4000,0.155766667,0.023490896,0.515730383,0.606580636,0.413392337,0.015219399,36,121,0.001562500
Unshielded-Q,3105,4100,0.134655556,0.076842326,0.449148478,0.540342671,0.391628383,0.014349471,36,121,0.000781250
Unshielded-Q,3105,4200,0.113544444,0.176537307,0.448278948,0.539264225,0.403935555,0.017427934,36,121,0.000000000
Unshielded-Q,3105,4300,0.092433333,0.018971823,0.532759293,0.623008801,0.445603039,0.026833016,36,122,0.001562500
Unshielded-Q,3105,4400,0.071322222,0.021707358,0.523770851,0.614614883,0.405246554,0.012406230,36,122,0.001562500
Unshielded-Q,3105,4500,0.050211111,0.019318022,0.557712609,0.646729594,0.426974727,0.024926859,36,123,0.000781250
Unshielded-Q,3105,4600,0.050000000,0.015887092,0.517884399,0.610846647,0.402850273,0.019994551,36,123,0.000000000
Unshielded-Q,3105,4700,0.050000000,0.015125320,0.454894054,0.548025724,0.378911907,0.013323388,36,123,0.000781250
Unshielded-Q,3105,4800,0.050000000,0.014822959,0.524984878,0.617334452,0.385518538,0.010880075,36,123,0.000781250
Unshielded-Q,3105,4900,0.050000000,0.017892325,0.517606271,0.607445905,0.369953885,0.011787625,36,123,0.000000000
Unshielded-Q,3105,5000,0.050000000,0.017534201,0.524979738,0.615093873,0.374535889,0.009149662,36,123,0.000000000
Unshielded-Q,3105,5100,0.050000000,0.014192448,0.504221561,0.593347132,0.384034279,0.009399594,36,123,0.001562500
Unshielded-Q,3105,5200,0.050000000,0.017723649,0.531750236,0.612414406,0.357024928,0.007746929,36,123,0.000781250
Unshielded-Q,3105,5300,0.050000000,0.071074152,0.546373263,0.625120170,0.374519228,0.009908109,36,123,0.000000000
Unshielded-Q,3105,5400,0.050000000,0.013350366,0.425613310,0.510255422,0.391209283,0.010270408,36,123,0.000781250
Unshielded-Q,3105,5500,0.050000000,0.012629562,0.578230211,0.670257870,0.380099767,0.009152529,36,123,0.000000000
Unshielded-Q,3105,5600,0.050000000,0.039101032,0.583887122,0.673363763,0.383152482,0.008935691,36,123,0.000000000
Unshielded-Q,3105,5700,0.050000000,0.010642667,0.545828475,0.635955890,0.407114030,0.008860653,36,123,0.000000000
Unshielded-Q,3105,5800,0.050000000,0.017374312,0.553690281,0.638884924,0.412881226,0.008433432,36,123,0.000000000
Unshielded-Q,3105,5900,0.050000000,0.022515774,0.559154808,0.637358312,0.395620294,0.008904555,36,123,0.000781250
Unshielded-Q,3105,6000,0.050000000,0.015462488,0.492873942,0.577033523,0.412063793,0.009228912,36,123,0.000000000
Unshielded-Q,3106,100,0.979100000,0.116471186,0.536697547,0.628411926,0.961338094,0.313877507,14,38,0.010156250
Unshielded-Q,3106,200,0.957988889,0.104693309,0.420977288,0.510626724,0.935752282,0.203018773,15,44,0.008593750
Unshielded-Q,3106,300,0.936877778,0.099252461,0.478878251,0.572031652,0.718405783,0.131173871,16,48,0.003906250
Unshielded-Q,3106,400,0.915766667,0.435275282,0.454729913,0.543808464,0.672505800,0.146583508,28,82,0.011718750
Unshielded-Q,3106,500,0.894655556,0.165722701,0.553031330,0.643455597,0.739391448,0.161875761,28,87,0.007812500
Unshielded-Q,3106,600,0.873544444,0.189464571,0.436880890,0.528804290,0.755824951,0.156793016,31,96,0.008593750
Unshielded-Q,3106,700,0.852433333,0.085725347,0.389888044,0.483821353,0.670500241,0.109580655,31,98,0.006250000
Unshielded-Q,3106,800,0.831322222,0.060585645,0.486115827,0.582303542,0.676904555,0.110030978,31,101,0.006250000
Unshielded-Q,3106,900,0.810211111,0.076842326,0.458214087,0.555616073,0.701436662,0.094545020,31,101,0.007031250
Unshielded-Q,3106,1000,0.789100000,0.076209004,0.468533383,0.558584123,0.671920191,0.089919805,31,103,0.004687500
Unshielded-Q,3106,1100,0.767988889,0.116471186,0.521983270,0.612450922,0.620100228,0.080321605,31,106,0.005468750
Unshielded-Q,3106,1200,0.746877778,0.088404645,0.552507699,0.641584772,0.647455478,0.078922154,32,108,0.003125000
Unshielded-Q,3106,1300,0.725766667,0.039421535,0.428044208,0.521496514,0.578079368,0.068580058,32,109,0.003125000
Unshielded-Q,3106,1400,0.704655556,0.045891330,0.420838263,0.514668597,0.521509617,0.055074768,32,110,0.002343750
Unshielded-Q,3106,1500,0.683544444,0.112753451,0.469084184,0.566254761,0.502872689,0.044466350,32,110,0.000781250
Unshielded-Q,3106,1600,0.662433333,0.056276720,0.504707020,0.597564574,0.566435665,0.055546979,32,111,0.000000000
Unshielded-Q,3106,1700,0.641322222,0.053172737,0.453229528,0.545797513,0.523312378,0.044324916,32,112,0.003125000
Unshielded-Q,3106,1800,0.620211111,0.039749141,0.458913867,0.550471527,0.557646327,0.045732825,32,112,0.003125000
Unshielded-Q,3106,1900,0.599100000,0.061628273,0.519052866,0.614345083,0.531824097,0.052794647,34,114,0.000781250
Unshielded-Q,3106,2000,0.577988889,0.027588348,0.516533105,0.612469159,0.500889731,0.040151796,34,115,0.002343750
Unshielded-Q,3106,2100,0.556877778,0.051783467,0.466146734,0.557959666,0.514913469,0.039738067,34,115,0.003125000
Unshielded-Q,3106,2200,0.535766667,0.112753451,0.477781847,0.569077432,0.521264668,0.038719800,34,115,0.000781250
Unshielded-Q,3106,2300,0.514655556,0.052698680,0.532533830,0.626530775,0.499379957,0.038623666,34,116,0.001562500
Unshielded-Q,3106,2400,0.493544444,0.039859966,0.595950581,0.691065537,0.506658359,0.036144789,34,116,0.003125000
Unshielded-Q,3106,2500,0.472433333,0.032638279,0.436786306,0.529551335,0.488812458,0.033853670,34,117,0.000000000
Unshielded-Q,3106,2600,0.451322222,0.028367200,0.502990986,0.593666215,0.529024690,0.038892518,34,118,0.001562500
Unshielded-Q,3106,2700,0.430211111,0.036675989,0.456000317,0.549854049,0.519894470,0.027160955,34,118,0.000000000
Unshielded-Q,3106,2800,0.409100000,0.031879187,0.425841489,0.517871270,0.505879415,0.037712134,34,119,0.001562500
Unshielded-Q,3106,2900,0.387988889,0.048886072,0.432414620,0.527762638,0.524078979,0.038622866,34,119,0.001562500
Unshielded-Q,3106,3000,0.366877778,0.027260071,0.505701593,0.604196230,0.577005110,0.039942849,34,120,0.002343750
Unshielded-Q,3106,3100,0.345766667,0.034090822,0.492972150,0.589691501,0.492620115,0.025265593,34,120,0.000781250
Unshielded-Q,3106,3200,0.324655556,0.024226565,0.583428440,0.679655038,0.470867951,0.023842385,34,120,0.000781250
Unshielded-Q,3106,3300,0.303544444,0.020992076,0.477939975,0.574628021,0.495435309,0.022108744,34,120,0.001562500
Unshielded-Q,3106,3400,0.282433333,0.026671683,0.511341509,0.611758274,0.464803413,0.019431342,34,120,0.002343750
Unshielded-Q,3106,3500,0.261322222,0.030547320,0.516246245,0.619434924,0.416923818,0.017794882,34,120,0.002343750
Unshielded-Q,3106,3600,0.240211111,0.024495865,0.504406917,0.607513829,0.413417793,0.015416506,34,120,0.002343750
Unshielded-Q,3106,3700,0.219100000,0.043064848,0.480500599,0.573523979,0.397832963,0.016335720,34,120,0.000781250
Unshielded-Q,3106,3800,0.197988889,0.042135326,0.482912371,0.572621027,0.413009128,0.016282951,34,120,0.002343750
Unshielded-Q,3106,3900,0.176877778,0.019221939,0.525444751,0.620019688,0.370253732,0.013521803,34,120,0.000000000
Unshielded-Q,3106,4000,0.155766667,0.021511729,0.513152232,0.612394252,0.426563598,0.016783979,34,120,0.001562500
Unshielded-Q,3106,4100,0.134655556,0.025156569,0.483634360,0.586992011,0.412510456,0.015554847,34,120,0.000000000
Unshielded-Q,3106,4200,0.113544444,0.160941640,0.513941216,0.618155152,0.400830160,0.016638669,34,120,0.000000000
Unshielded-Q,3106,4300,0.092433333,0.035240142,0.432723885,0.525729813,0.454198962,0.034236011,35,121,0.001562500
Unshielded-Q,3106,4400,0.071322222,0.040311646,0.498824797,0.591629160,0.425483829,0.017339250,35,121,0.000000000
Unshielded-Q,3106,4500,0.050211111,0.033036315,0.499950481,0.591229154,0.436037950,0.016348744,35,121,0.000781250
Unshielded-Q,3106,4600,0.050000000,0.016838327,0.539279720,0.638908273,0.440239195,0.015324155,35,121,0.000781250
Unshielded-Q,3106,4700,0.050000000,0.041015469,0.456828540,0.563592192,0.429458849,0.013998624,35,121,0.001562500
Unshielded-Q,3106,4800,0.050000000,0.015133722,0.489711415,0.595273275,0.421492073,0.013136787,35,121,0.002343750
Unshielded-Q,3106,4900,0.050000000,0.024435332,0.462541043,0.528848215,0.423195004,0.012717615,35,121,0.000000000
Unshielded-Q,3106,5000,0.050000000,0.021641623,0.506669778,0.575813106,0.356065655,0.010030664,35,121,0.000000000
Unshielded-Q,3106,5100,0.050000000,0.018525391,0.564835179,0.628076507,0.373997866,0.010086782,35,121,0.000000000
Unshielded-Q,3106,5200,0.050000000,0.013673436,0.628207637,0.695132487,0.409651736,0.010337986,35,121,0.000000000
Unshielded-Q,3106,5300,0.050000000,0.054925962,0.516471681,0.622966081,0.369772258,0.008122916,35,121,0.000000000
Unshielded-Q,3106,5400,0.050000000,0.012979426,0.515333636,0.619080424,0.376464407,0.007151680,35,121,0.000000000
Unshielded-Q,3106,5500,0.050000000,0.019350336,0.544345312,0.607763451,0.394497046,0.017610261,35,122,0.000781250
Unshielded-Q,3106,5600,0.050000000,0.011438791,0.574272485,0.636372164,0.371781437,0.006843708,35,122,0.000000000
Unshielded-Q,3106,5700,0.050000000,0.010759438,0.548849777,0.614078590,0.380308672,0.014431157,35,122,0.000781250
Unshielded-Q,3106,5800,0.050000000,0.010057345,0.584357885,0.648803610,0.386357696,0.007411176,35,122,0.000000000
Unshielded-Q,3106,5900,0.050000000,0.011990414,0.438388597,0.541690802,0.380700001,0.007229020,35,122,0.000000000
Unshielded-Q,3106,6000,0.050000000,0.031457600,0.477712410,0.582478442,0.385541716,0.007466265,35,122,0.000000000
Unshielded-Q,3107,100,0.979100000,0.500000000,0.397207385,0.491495622,0.863090910,0.275364279,13,37,0.007812500
Unshielded-Q,3107,200,0.957988889,0.127403977,0.398953509,0.487634440,0.844316269,0.190685597,16,46,0.006250000
Unshielded-Q,3107,300,0.936877778,0.214602110,0.468880433,0.562442629,0.739944971,0.126098907,16,50,0.003906250
Unshielded-Q,3107,400,0.915766667,0.435275282,0.501979306,0.594712577,0.725342114,0.148868000,27,81,0.010156250
Unshielded-Q,3107,500,0.894655556,0.170902273,0.526609203,0.619677623,0.850423428,0.211602831,32,93,0.013281250
Unshielded-Q,3107,600,0.873544444,0.112753451,0.377414291,0.471002284,0.789165027,0.170876277,32,99,0.007812500
Unshielded-Q,3107,700,0.852433333,0.116471186,0.471007096,0.568952957,0.721936027,0.138309004,33,103,0.006250000
Unshielded-Q,3107,800,0.831322222,0.054155949,0.449909200,0.545401834,0.670888694,0.099316504,33,104,0.004687500
Unshielded-Q,3107,900,0.810211111,0.069558250,0.520982279,0.615188332,0.625812196,0.084450994,33,105,0.005468750
Unshielded-Q,3107,1000,0.789100000,0.135426976,0.362893792,0.456075857,0.623755009,0.096898393,33,109,0.003125000
Unshielded-Q,3107,1100,0.767988889,0.086594198,0.567001740,0.657446328,0.599596179,0.077003672,33,110,0.006250000
Unshielded-Q,3107,1200,0.746877778,0.341278752,0.536335458,0.629545144,0.661775885,0.091912767,33,112,0.006250000
Unshielded-Q,3107,1300,0.725766667,0.088404645,0.464809164,0.561561838,0.595508665,0.068887749,33,114,0.002343750
Unshielded-Q,3107,1400,0.704655556,0.036237621,0.481978662,0.577330535,0.576192258,0.054831030,33,114,0.003125000
Unshielded-Q,3107,1500,0.683544444,0.074389535,0.563023507,0.661953221,0.583871266,0.056803743,33,115,0.002343750
Unshielded-Q,3107,1600,0.662433333,0.267580521,0.481422238,0.579408687,0.602060842,0.070007541,33,117,0.001562500
Unshielded-Q,3107,1700,0.641322222,0.098006585,0.491941858,0.591875240,0.599132480,0.057930680,33,117,0.003125000
Unshielded-Q,3107,1800,0.620211111,0.057130864,0.412346745,0.509261525,0.537015577,0.040867463,33,117,0.003906250
Unshielded-Q,3107,1900,0.599100000,0.092349485,0.514963384,0.612335301,0.570856363,0.063017511,33,119,0.003906250
Unshielded-Q,3107,2000,0.577988889,0.027260071,0.465530365,0.562022933,0.514088540,0.043432775,33,119,0.000781250
Unshielded-Q,3107,2100,0.556877778,0.025831984,0.474946630,0.573081856,0.521089818,0.045122856,34,120,0.003906250
Unshielded-Q,3107,2200,0.535766667,0.066769045,0.481609123,0.577921870,0.507101325,0.032478996,34,120,0.001562500
Unshielded-Q,3107,2300,0.514655556,0.083252191,0.545653934,0.641501827,0.459154186,0.026944848,34,120,0.000781250
Unshielded-Q,3107,2400,0.493544444,0.500000000,0.501838920,0.599664742,0.461970837,0.026210489,35,122,0.002343750
Unshielded-Q,3107,2500,0.472433333,0.022443324,0.515874761,0.615851391,0.426357815,0.023602520,35,122,0.001562500
Unshielded-Q,3107,2600,0.451322222,0.038379447,0.513049860,0.611869231,0.397063069,0.022999590,35,122,0.000781250
Unshielded-Q,3107,2700,0.430211111,0.026224653,0.500095538,0.599079432,0.406247569,0.020481172,35,122,0.000781250
Unshielded-Q,3107,2800,0.409100000,0.021663476,0.510312914,0.607736928,0.435537709,0.020803549,35,122,0.000781250
Unshielded-Q,3107,2900,0.387988889,0.034462729,0.498404770,0.595898049,0.482084094,0.022075713,35,122,0.002343750
Unshielded-Q,3107,3000,0.366877778,0.019464578,0.493472198,0.591605387,0.461933990,0.044436408,35,124,0.001562500
Unshielded-Q,3107,3100,0.345766667,0.019514092,0.435369153,0.532636205,0.441660758,0.025029491,35,124,0.001562500
Unshielded-Q,3107,3200,0.324655556,0.027630127,0.488219162,0.588678097,0.413861010,0.017613218,35,124,0.000000000
Unshielded-Q,3107,3300,0.303544444,0.028825987,0.574872388,0.675153207,0.423514722,0.019163399,35,124,0.000781250
Unshielded-Q,3107,3400,0.282433333,0.042659844,0.514564898,0.612523605,0.422012001,0.017090003,35,124,0.001562500
Unshielded-Q,3107,3500,0.261322222,0.034691128,0.476828701,0.576191092,0.452555268,0.016382203,35,124,0.000000000
Unshielded-Q,3107,3600,0.240211111,0.034312673,0.501897930,0.601194163,0.450237889,0.015772233,35,124,0.000781250
Unshielded-Q,3107,3700,0.219100000,0.034017718,0.554786335,0.637107958,0.441431993,0.017188287,35,124,0.000000000
Unshielded-Q,3107,3800,0.197988889,0.025254880,0.480475059,0.570669572,0.436784293,0.014420869,35,124,0.000781250
Unshielded-Q,3107,3900,0.176877778,0.041503275,0.510991232,0.589277014,0.428572622,0.017163859,35,124,0.000781250
Unshielded-Q,3107,4000,0.155766667,0.018641690,0.503104892,0.593382732,0.399493226,0.013079062,35,124,0.000000000
Unshielded-Q,3107,4100,0.134655556,0.032573176,0.551032095,0.650919794,0.392193806,0.011501225,35,124,0.000781250
Unshielded-Q,3107,4200,0.113544444,0.016618691,0.564883966,0.664289899,0.408914605,0.011847661,35,124,0.000781250
Unshielded-Q,3107,4300,0.092433333,0.015480322,0.536686189,0.608460285,0.389642997,0.011145636,35,124,0.000000000
Unshielded-Q,3107,4400,0.071322222,0.016437896,0.501200985,0.574594098,0.356714824,0.008628435,35,124,0.000000000
Unshielded-Q,3107,4500,0.050211111,0.015075172,0.521737819,0.591624448,0.373965629,0.009393599,35,124,0.000000000
Unshielded-Q,3107,4600,0.050000000,0.014468657,0.450852828,0.523828490,0.416400130,0.009985015,35,124,0.000000000
Unshielded-Q,3107,4700,0.050000000,0.014101140,0.511117672,0.611404606,0.390818442,0.008839497,35,124,0.000000000
Unshielded-Q,3107,4800,0.050000000,0.014052619,0.534640222,0.634131327,0.398037928,0.007817629,35,124,0.000000000
Unshielded-Q,3107,4900,0.050000000,0.033517442,0.482143841,0.555168712,0.379506148,0.007432021,35,124,0.000000000
Unshielded-Q,3107,5000,0.050000000,0.011057857,0.494292748,0.565593421,0.372028565,0.007039550,35,124,0.000000000
Unshielded-Q,3107,5100,0.050000000,0.030012940,0.536693393,0.605447482,0.346637189,0.006363539,35,124,0.000000000
Unshielded-Q,3107,5200,0.050000000,0.012793243,0.564152849,0.636290252,0.342206913,0.005688665,35,124,0.000000000
Unshielded-Q,3107,5300,0.050000000,0.036066149,0.467681368,0.567741482,0.355040064,0.006122298,35,124,0.000000000
Unshielded-Q,3107,5400,0.050000000,0.012077103,0.548214443,0.647733673,0.361279500,0.006301852,35,124,0.000000000
Unshielded-Q,3107,5500,0.050000000,0.013849605,0.563757479,0.634166739,0.353411971,0.006098468,35,124,0.000000000
Unshielded-Q,3107,5600,0.050000000,0.008546696,0.574662129,0.641146426,0.396936372,0.007160545,35,124,0.000000000
Unshielded-Q,3107,5700,0.050000000,0.008208219,0.594287696,0.662923550,0.371490081,0.006543765,35,124,0.000000000
Unshielded-Q,3107,5800,0.050000000,0.040777237,0.501231538,0.573232455,0.387362618,0.005811449,35,124,0.000000000
Unshielded-Q,3107,5900,0.050000000,0.010950033,0.512480485,0.612445552,0.384925794,0.008014375,35,124,0.000000000
Unshielded-Q,3107,6000,0.050000000,0.010688968,0.597574351,0.697352160,0.394013730,0.006007037,35,124,0.000000000
Unshielded-Q,3108,100,0.979100000,0.500000000,0.459450760,0.552461852,1.032455822,0.342150537,14,35,0.007812500
Unshielded-Q,3108,200,0.957988889,0.380730788,0.373062392,0.465252487,0.874585426,0.213265552,14,45,0.004687500
Unshielded-Q,3108,300,0.936877778,0.094505676,0.577488781,0.669663718,0.638216060,0.105283189,14,47,0.002343750
Unshielded-Q,3108,400,0.915766667,0.237227149,0.429291646,0.524508599,0.646274701,0.137279914,26,80,0.012500000
Unshielded-Q,3108,500,0.894655556,0.500000000,0.462257098,0.557095361,0.775218094,0.180591711,27,88,0.010156250
Unshielded-Q,3108,600,0.873544444,0.251188643,0.560391334,0.656187393,0.797295183,0.156675973,27,92,0.007812500
Unshielded-Q,3108,700,0.852433333,0.066769045,0.535887833,0.627025624,0.623008759,0.091554892,27,93,0.007812500
Unshielded-Q,3108,800,0.831322222,0.064660232,0.496558246,0.587359516,0.628621480,0.087309036,27,94,0.004687500
Unshielded-Q,3108,900,0.810211111,0.160941640,0.476252231,0.567234832,0.679626444,0.108164405,29,99,0.007812500
Unshielded-Q,3108,1000,0.789100000,0.127403977,0.569096128,0.660819842,0.681783108,0.105383580,29,101,0.006250000
Unshielded-Q,3108,1100,0.767988889,0.176537307,0.494060539,0.588956892,0.636993981,0.076913371,30,102,0.005468750
Unshielded-Q,3108,1200,0.746877778,0.066769045,0.481494317,0.575297852,0.664251452,0.092468081,32,106,0.004687500
Unshielded-Q,3108,1300,0.725766667,0.038684317,0.423781580,0.516813567,0.599486424,0.078344725,32,108,0.001562500
Unshielded-Q,3108,1400,0.704655556,0.048886072,0.421737101,0.517311850,0.571677742,0.056367191,33,109,0.003125000
Unshielded-Q,3108,1500,0.683544444,0.225160006,0.473155863,0.564381434,0.541279501,0.064556012,33,111,0.003906250
Unshielded-Q,3108,1600,0.662433333,0.039639134,0.551888895,0.644704373,0.518807401,0.052236459,33,112,0.003906250
Unshielded-Q,3108,1700,0.641322222,0.053172737,0.540710489,0.633990156,0.529245214,0.051617478,33,113,0.002343750
Unshielded-Q,3108,1800,0.620211111,0.156511550,0.427163909,0.514903094,0.524019659,0.061573354,33,115,0.002343750
Unshielded-Q,3108,1900,0.599100000,0.043906553,0.406444612,0.499227251,0.520787645,0.052517633,33,116,0.001562500
Unshielded-Q,3108,2000,0.577988889,0.069558250,0.545983030,0.641227691,0.492538434,0.035862143,33,116,0.002343750
Unshielded-Q,3108,2100,0.556877778,0.060248432,0.471787178,0.568174893,0.499602908,0.031480362,33,116,0.002343750
Unshielded-Q,3108,2200,0.535766667,0.032703730,0.422919356,0.513628798,0.559381880,0.045209751,33,117,0.000781250
Unshielded-Q,3108,2300,0.514655556,0.141584591,0.494276184,0.581104170,0.535833718,0.045513444,33,117,0.002343750
Unshielded-Q,3108,2400,0.493544444,0.037221149,0.537256802,0.619158296,0.566966768,0.033148887,33,117,0.000000000
Unshielded-Q,3108,2500,0.472433333,0.078152194,0.482106734,0.580339872,0.569520798,0.041823356,34,118,0.002343750
Unshielded-Q,3108,2600,0.451322222,0.030065258,0.540865557,0.639938795,0.525553000,0.033615557,34,118,0.001562500
Unshielded-Q,3108,2700,0.430211111,0.083252191,0.484581897,0.586233826,0.511842455,0.026264989,34,118,0.000000000
Unshielded-Q,3108,2800,0.409100000,0.055725880,0.518862368,0.606150046,0.566860572,0.041602561,34,119,0.001562500
Unshielded-Q,3108,2900,0.387988889,0.060927938,0.561528607,0.645604046,0.533221472,0.037398992,34,119,0.000000000
Unshielded-Q,3108,3000,0.366877778,0.029552760,0.455364698,0.539827396,0.492197188,0.027890247,34,119,0.000000000
Unshielded-Q,3108,3100,0.345766667,0.024526282,0.487546521,0.587002622,0.450750967,0.023869499,34,119,0.000000000
Unshielded-Q,3108,3200,0.324655556,0.018941166,0.512758708,0.614202067,0.449436116,0.033129807,34,120,0.000000000
Unshielded-Q,3108,3300,0.303544444,0.023627737,0.511944801,0.613939369,0.400350769,0.019682672,34,120,0.001562500
Unshielded-Q,3108,3400,0.282433333,0.084055278,0.514224087,0.592141049,0.430967661,0.028809779,34,121,0.000781250
Unshielded-Q,3108,3500,0.261322222,0.018051881,0.489892103,0.564966634,0.385364616,0.015187604,34,121,0.001562500
Unshielded-Q,3108,3600,0.240211111,0.016771626,0.503762477,0.577781524,0.395012401,0.016639784,34,121,0.000781250
Unshielded-Q,3108,3700,0.219100000,0.038480357,0.513264891,0.610512262,0.372496084,0.013586220,34,121,0.000000000
Unshielded-Q,3108,3800,0.197988889,0.037037037,0.459210987,0.556633866,0.407289252,0.014337916,34,121,0.000781250
Unshielded-Q,3108,3900,0.176877778,0.030547320,0.522754955,0.622502796,0.380550115,0.014058595,34,121,0.000781250
Unshielded-Q,3108,4000,0.155766667,0.023766724,0.471046061,0.543049497,0.383821955,0.013435275,34,121,0.000000000
Unshielded-Q,3108,4100,0.134655556,0.022515774,0.538679678,0.605267817,0.376880287,0.013298562,34,121,0.000000000
Unshielded-Q,3108,4200,0.113544444,0.021175267,0.466529990,0.534992090,0.398092325,0.012578817,34,121,0.000000000
Unshielded-Q,3108,4300,0.092433333,0.026520425,0.473732854,0.572235206,0.402905088,0.011797915,34,121,0.000000000
Unshielded-Q,3108,4400,0.071322222,0.017710849,0.523828854,0.622139548,0.408902329,0.010884886,34,121,0.000781250
Unshielded-Q,3108,4500,0.050211111,0.016385712,0.423577171,0.520394887,0.451097479,0.011445714,34,121,0.000000000
Unshielded-Q,3108,4600,0.050000000,0.025727589,0.493612624,0.571866611,0.396127449,0.012181284,34,121,0.000000000
Unshielded-Q,3108,4700,0.050000000,0.021751479,0.535234193,0.611115313,0.387503764,0.009576522,34,121,0.000781250
Unshielded-Q,3108,4800,0.050000000,0.009861769,0.585096681,0.658408028,0.394233452,0.008961914,34,121,0.000781250
Unshielded-Q,3108,4900,0.050000000,0.052934293,0.512252568,0.586259987,0.401599940,0.009104939,34,121,0.000000000
Unshielded-Q,3108,5000,0.050000000,0.049669323,0.540318073,0.615239555,0.367117414,0.008264358,34,121,0.000000000
Unshielded-Q,3108,5100,0.050000000,0.017472242,0.611479495,0.682957781,0.425623240,0.008804835,34,121,0.000000000
Unshielded-Q,3108,5200,0.050000000,0.008906690,0.572962025,0.646700419,0.374447470,0.008371007,34,121,0.000000000
Unshielded-Q,3108,5300,0.050000000,0.008698619,0.556819417,0.632727897,0.394764355,0.007819980,34,121,0.000000000
Unshielded-Q,3108,5400,0.050000000,0.008481412,0.502544902,0.578725466,0.390969103,0.007324591,34,121,0.000000000
Unshielded-Q,3108,5500,0.050000000,0.013829732,0.510251653,0.584040055,0.392334992,0.008286122,34,121,0.000000000
Unshielded-Q,3108,5600,0.050000000,0.012040399,0.491289197,0.569257507,0.387517946,0.007738928,34,121,0.000000000
Unshielded-Q,3108,5700,0.050000000,0.011414943,0.516555685,0.589603204,0.378781946,0.007500563,34,121,0.000000000
Unshielded-Q,3108,5800,0.050000000,0.007969436,0.539237919,0.612690149,0.401613371,0.007611343,34,121,0.000000000
Unshielded-Q,3108,5900,0.050000000,0.007782373,0.598495374,0.669764290,0.423545054,0.006769343,34,121,0.000000000
Unshielded-Q,3108,6000,0.050000000,0.021278899,0.508202039,0.585561293,0.429228599,0.007985660,34,121,0.000000000
Unshielded-Q,3109,100,0.979100000,0.156511550,0.489108603,0.579142969,1.027567160,0.324273398,13,36,0.008593750
Unshielded-Q,3109,200,0.957988889,0.116471186,0.338186563,0.430360508,0.882524446,0.194356906,15,44,0.006250000
Unshielded-Q,3109,300,0.936877778,0.084879361,0.552074425,0.643683885,0.734614470,0.136069323,15,48,0.004687500
Unshielded-Q,3109,400,0.915766667,0.500000000,0.431898511,0.525151581,0.668299632,0.140829938,27,86,0.013281250
Unshielded-Q,3109,500,0.894655556,0.160941640,0.426796744,0.523362071,0.690046505,0.146315308,28,92,0.008593750
Unshielded-Q,3109,600,0.873544444,0.125000000,0.512538859,0.607126122,0.687956799,0.124498878,30,94,0.010937500
Unshielded-Q,3109,700,0.852433333,0.061986579,0.464412138,0.558267087,0.758992660,0.142419732,31,98,0.007031250
Unshielded-Q,3109,800,0.831322222,0.138414549,0.479417009,0.574256350,0.658345448,0.088397471,31,99,0.005468750
Unshielded-Q,3109,900,0.810211111,0.038480357,0.533414431,0.626992238,0.631151547,0.075487183,31,99,0.006250000
Unshielded-Q,3109,1000,0.789100000,0.083252191,0.425392629,0.517401289,0.653774823,0.085231829,31,101,0.003125000
Unshielded-Q,3109,1100,0.767988889,0.074389535,0.536848199,0.624642689,0.629574343,0.075753836,31,103,0.007812500
Unshielded-Q,3109,1200,0.746877778,0.066769045,0.484877239,0.575993407,0.638795496,0.066952677,31,104,0.004687500
Unshielded-Q,3109,1300,0.725766667,0.135426976,0.333374978,0.427950039,0.624884916,0.074159123,32,106,0.004687500
Unshielded-Q,3109,1400,0.704655556,0.125000000,0.414158648,0.508536681,0.593210042,0.060104390,32,107,0.005468750
Unshielded-Q,3109,1500,0.683544444,0.064660232,0.501286483,0.597647412,0.501556576,0.044854923,32,107,0.001562500
Unshielded-Q,3109,1600,0.662433333,0.053172737,0.486666653,0.578429162,0.564746913,0.056208126,32,108,0.004687500
Unshielded-Q,3109,1700,0.641322222,0.055725880,0.466413044,0.553352484,0.556065438,0.052790569,32,109,0.000000000
Unshielded-Q,3109,1800,0.620211111,0.043621135,0.415505820,0.502813920,0.529845015,0.049582281,33,110,0.003125000
Unshielded-Q,3109,1900,0.599100000,0.041379875,0.468857287,0.567402331,0.481388694,0.057305029,34,113,0.006250000
Unshielded-Q,3109,2000,0.577988889,0.063477364,0.516861825,0.611416705,0.523629434,0.054720817,34,115,0.001562500
Unshielded-Q,3109,2100,0.556877778,0.037596810,0.534634473,0.630912784,0.475106135,0.037046652,34,115,0.002343750
Unshielded-Q,3109,2200,0.535766667,0.044051142,0.525147575,0.615603254,0.464172478,0.032850592,34,115,0.001562500
Unshielded-Q,3109,2300,0.514655556,0.053658339,0.408330625,0.498320688,0.473027899,0.041133492,34,116,0.000781250
Unshielded-Q,3109,2400,0.493544444,0.122713300,0.537554790,0.626691438,0.468059738,0.031237553,34,116,0.001562500
Unshielded-Q,3109,2500,0.472433333,0.046720731,0.436959190,0.527478903,0.511090664,0.043280756,34,117,0.000000000
Unshielded-Q,3109,2600,0.451322222,0.031516917,0.390096621,0.483272933,0.527542846,0.030988681,34,117,0.001562500
Unshielded-Q,3109,2700,0.430211111,0.074983074,0.484151138,0.580888340,0.477968668,0.023558530,34,117,0.002343750
Unshielded-Q,3109,2800,0.409100000,0.046218349,0.464387490,0.556626033,0.466265120,0.023612185,34,117,0.000000000
Unshielded-Q,3109,2900,0.387988889,0.080960585,0.418912973,0.510907558,0.499093719,0.023855411,34,117,0.002343750
Unshielded-Q,3109,3000,0.366877778,0.036411284,0.571431893,0.662650744,0.458025419,0.022112392,34,117,0.000781250
Unshielded-Q,3109,3100,0.345766667,0.047770713,0.468298705,0.562880945,0.493134402,0.043299143,35,119,0.001562500
Unshielded-Q,3109,3200,0.324655556,0.080233386,0.479775083,0.571694086,0.470494159,0.023928886,35,119,0.001562500
Unshielded-Q,3109,3300,0.303544444,0.035002031,0.468753846,0.559801177,0.454168357,0.021863989,35,119,0.001562500
Unshielded-Q,3109,3400,0.282433333,0.017621935,0.575144553,0.666676386,0.486688191,0.025987067,35,119,0.000000000
Unshielded-Q,3109,3500,0.261322222,0.016511703,0.541283395,0.631391593,0.433732352,0.019205813,35,119,0.000781250
Unshielded-Q,3109,3600,0.240211111,0.075589412,0.625544430,0.717774720,0.500659001,0.020359296,35,119,0.003125000
Unshielded-Q,3109,3700,0.219100000,0.024710923,0.494692006,0.584960220,0.494449166,0.020674071,35,119,0.000781250
Unshielded-Q,3109,3800,0.197988889,0.029754946,0.456010494,0.546709700,0.492120089,0.019641594,35,119,0.000781250
Unshielded-Q,3109,3900,0.176877778,0.020992076,0.548340188,0.639742246,0.476364958,0.017513031,35,119,0.000781250
Unshielded-Q,3109,4000,0.155766667,0.032379926,0.595343197,0.684940515,0.478531794,0.015606388,35,119,0.001562500
Unshielded-Q,3109,4100,0.134655556,0.012456317,0.526557176,0.615493273,0.538176492,0.032858702,35,120,0.000000000
Unshielded-Q,3109,4200,0.113544444,0.011878839,0.488092908,0.577421426,0.479556219,0.016563428,35,120,0.000781250
Unshielded-Q,3109,4300,0.092433333,0.022637922,0.551291538,0.641284001,0.459112775,0.019945371,36,121,0.000000000
Unshielded-Q,3109,4400,0.071322222,0.015534157,0.527377870,0.617577823,0.439297610,0.015919753,36,121,0.000000000
Unshielded-Q,3109,4500,0.050211111,0.026408472,0.482181277,0.573216621,0.440729899,0.011437537,36,121,0.000000000
Unshielded-Q,3109,4600,0.050000000,0.036675989,0.492450711,0.580267585,0.464526164,0.016595777,36,121,0.000000000
Unshielded-Q,3109,4700,0.050000000,0.018554284,0.507687666,0.594792547,0.437020543,0.011299024,36,121,0.000000000
Unshielded-Q,3109,4800,0.050000000,0.009558076,0.582916526,0.669545917,0.447081281,0.009243844,36,121,0.000000000
Unshielded-Q,3109,4900,0.050000000,0.012713341,0.573734434,0.662456031,0.449196158,0.009508792,36,121,0.000000000
Unshielded-Q,3109,5000,0.050000000,0.016771626,0.627614176,0.716944118,0.450108252,0.017997208,36,122,0.000000000
Unshielded-Q,3109,5100,0.050000000,0.019597367,0.517425312,0.606689319,0.456781184,0.008362983,36,122,0.000000000
Unshielded-Q,3109,5200,0.050000000,0.008435082,0.564227303,0.652758239,0.422125448,0.007602155,36,122,0.000781250
Unshielded-Q,3109,5300,0.050000000,0.008190178,0.461320352,0.548134359,0.449194793,0.012836034,36,122,0.000781250
Unshielded-Q,3109,5400,0.050000000,0.007955784,0.509885898,0.600376195,0.419266777,0.007690274,36,122,0.000000000
Unshielded-Q,3109,5500,0.050000000,0.020832742,0.555326276,0.645593916,0.453807223,0.009305801,36,122,0.000781250
Unshielded-Q,3109,5600,0.050000000,0.014094181,0.502011929,0.593601122,0.476673758,0.008978779,36,122,0.000781250
Unshielded-Q,3109,5700,0.050000000,0.009625358,0.534909911,0.625184366,0.474599100,0.008968835,36,122,0.000000000
Unshielded-Q,3109,5800,0.050000000,0.028322386,0.528614208,0.631206260,0.467876354,0.009172686,36,122,0.000000000
Unshielded-Q,3109,5900,0.050000000,0.020466901,0.521932162,0.628286445,0.436272150,0.009966879,36,122,0.000000000
Unshielded-Q,3109,6000,0.050000000,0.500000000,0.503116651,0.605987828,0.463503882,0.012472807,38,124,0.002343750
Unshielded-Q,3110,100,0.979100000,0.189464571,0.559384878,0.652857504,1.011852701,0.326013499,12,34,0.008593750
Unshielded-Q,3110,200,0.957988889,0.099252461,0.424447301,0.516574334,0.780074314,0.160352764,15,39,0.003906250
Unshielded-Q,3110,300,0.936877778,0.069558250,0.506596760,0.600117969,0.687402396,0.119416791,15,44,0.003906250
Unshielded-Q,3110,400,0.915766667,0.311129489,0.429580041,0.518325600,0.721773148,0.172362091,25,75,0.012500000
Unshielded-Q,3110,500,0.894655556,0.225160006,0.488274492,0.581346893,0.727762758,0.171370652,28,85,0.007031250
Unshielded-Q,3110,600,0.873544444,0.114572124,0.571490202,0.664225160,0.778805669,0.156473581,28,88,0.006250000
Unshielded-Q,3110,700,0.852433333,0.058020477,0.508426913,0.598285996,0.767331767,0.139860245,30,93,0.007031250
Unshielded-Q,3110,800,0.831322222,0.049669323,0.417848953,0.510346644,0.650993709,0.093448452,31,95,0.007812500
Unshielded-Q,3110,900,0.810211111,0.047770713,0.519215787,0.609526444,0.683639318,0.101961395,31,97,0.004687500
Unshielded-Q,3110,1000,0.789100000,0.094505676,0.448849171,0.540507178,0.671269562,0.102608992,32,101,0.005468750
Unshielded-Q,3110,1100,0.767988889,0.076842326,0.491469190,0.589077487,0.620375728,0.073337102,32,101,0.003125000
Unshielded-Q,3110,1200,0.746877778,0.095635250,0.514116382,0.607678352,0.626404584,0.082481569,33,104,0.004687500
Unshielded-Q,3110,1300,0.725766667,0.035160292,0.414364848,0.501267559,0.585947484,0.065626724,33,105,0.007031250
Unshielded-Q,3110,1400,0.704655556,0.032835689,0.488724467,0.579113031,0.569235318,0.049806899,33,105,0.002343750
Unshielded-Q,3110,1500,0.683544444,0.030276987,0.510817846,0.596940113,0.553815429,0.047763977,33,106,0.002343750
Unshielded-Q,3110,1600,0.662433333,0.160941640,0.447005635,0.539321803,0.627502883,0.067359668,34,108,0.003906250
Unshielded-Q,3110,1700,0.641322222,0.056842324,0.413765663,0.505825424,0.562527975,0.052246578,34,109,0.003125000
Unshielded-Q,3110,1800,0.620211111,0.135426976,0.471665072,0.562205608,0.641794417,0.068492487,34,111,0.003906250
Unshielded-Q,3110,1900,0.599100000,0.075589412,0.482848053,0.568431991,0.618082361,0.069384506,35,113,0.003906250
Unshielded-Q,3110,2000,0.577988889,0.101876142,0.476531363,0.559249995,0.549100103,0.046321892,35,113,0.001562500
Unshielded-Q,3110,2100,0.556877778,0.021299788,0.569918879,0.653856528,0.508324321,0.035632387,35,113,0.000781250
Unshielded-Q,3110,2200,0.535766667,0.065482204,0.513003001,0.603916111,0.532944843,0.051572037,35,114,0.001562500
Unshielded-Q,3110,2300,0.514655556,0.056276720,0.479563049,0.572279444,0.529039925,0.045101183,35,114,0.000781250
Unshielded-Q,3110,2400,0.493544444,0.035646767,0.464577318,0.557150411,0.490438829,0.027985144,35,114,0.001562500
Unshielded-Q,3110,2500,0.472433333,0.064259443,0.530964212,0.610577473,0.468339910,0.025703986,35,114,0.000781250
Unshielded-Q,3110,2600,0.451322222,0.087486935,0.469165677,0.549733326,0.466095398,0.032166623,35,115,0.001562500
Unshielded-Q,3110,2700,0.430211111,0.081705631,0.542010657,0.616515641,0.446589563,0.019924042,35,115,0.002343750
Unshielded-Q,3110,2800,0.409100000,0.031223277,0.480827039,0.566917809,0.493962883,0.028320715,35,115,0.000781250
Unshielded-Q,3110,2900,0.387988889,0.030117820,0.517731242,0.603927280,0.536797709,0.040402962,35,116,0.003125000
Unshielded-Q,3110,3000,0.366877778,0.033729430,0.450086820,0.527931386,0.477047666,0.025773273,35,116,0.000781250
Unshielded-Q,3110,3100,0.345766667,0.027341162,0.527178153,0.603062593,0.424736259,0.030093047,35,117,0.000781250
Unshielded-Q,3110,3200,0.324655556,0.099252461,0.460095937,0.536774327,0.455240028,0.019948402,35,117,0.000781250
Unshielded-Q,3110,3300,0.303544444,0.023170921,0.584548155,0.656578951,0.467162731,0.018594387,35,117,0.000000000
Unshielded-Q,3110,3400,0.282433333,0.037221149,0.524556644,0.602371745,0.452263832,0.023094065,35,117,0.001562500
Unshielded-Q,3110,3500,0.261322222,0.034462729,0.565507586,0.659387408,0.409539273,0.016038941,35,117,0.000000000
Unshielded-Q,3110,3600,0.240211111,0.037885279,0.479858511,0.569848534,0.424073566,0.017502648,35,117,0.000000000
Unshielded-Q,3110,3700,0.219100000,0.010207316,0.631234560,0.700114374,0.408417269,0.014855864,35,117,0.000781250
Unshielded-Q,3110,3800,0.197988889,0.009848376,0.469052601,0.540666259,0.449783845,0.017238537,35,117,0.000781250
Unshielded-Q,3110,3900,0.176877778,0.009484771,0.537741498,0.603928871,0.419167070,0.012780080,35,117,0.001562500
Unshielded-Q,3110,4000,0.155766667,0.032508418,0.606179730,0.676824380,0.410513728,0.011911918,35,117,0.000000000
Unshielded-Q,3110,4100,0.134655556,0.036324176,0.503570778,0.596254096,0.378660516,0.013164945,35,117,0.000781250
Unshielded-Q,3110,4200,0.113544444,0.032189703,0.551173938,0.645675159,0.434466186,0.016784813,35,117,0.000781250
Unshielded-Q,3110,4300,0.092433333,0.008273047,0.489822477,0.558500951,0.392381636,0.014191153,35,117,0.000000000
Unshielded-Q,3110,4400,0.071322222,0.014673838,0.460780720,0.526580834,0.408431323,0.012697611,35,117,0.000000000
Unshielded-Q,3110,4500,0.050211111,0.007824054,0.551032358,0.624054112,0.383126071,0.012155145,35,117,0.001562500
Unshielded-Q,3110,4600,0.050000000,0.007662166,0.545115920,0.615882502,0.344308688,0.008957375,35,117,0.000781250
Unshielded-Q,3110,4700,0.050000000,0.026334533,0.478378962,0.569363317,0.374878857,0.010464392,35,117,0.001562500
Unshielded-Q,3110,4800,0.050000000,0.024742058,0.557034742,0.641548503,0.336479591,0.009236654,35,117,0.000781250
Unshielded-Q,3110,4900,0.050000000,0.032508418,0.481526852,0.554896718,0.355185080,0.008471855,35,117,0.001562500
Unshielded-Q,3110,5000,0.050000000,0.018256762,0.560122835,0.630440521,0.364507248,0.010409477,35,117,0.000781250
Unshielded-Q,3110,5100,0.050000000,0.007130035,0.549364461,0.625118181,0.341062142,0.008679000,35,117,0.001562500
Unshielded-Q,3110,5200,0.050000000,0.023197142,0.556881369,0.620185446,0.355550762,0.007223845,35,117,0.001562500
Unshielded-Q,3110,5300,0.050000000,0.041503275,0.567633987,0.648558178,0.358560999,0.008364141,35,117,0.000781250
Unshielded-Q,3110,5400,0.050000000,0.020429382,0.507495914,0.592159893,0.371711034,0.009244962,35,117,0.000781250
Unshielded-Q,3110,5500,0.050000000,0.022067163,0.474265425,0.558201494,0.365179536,0.009005906,35,117,0.000781250
Unshielded-Q,3110,5600,0.050000000,0.034462729,0.578643609,0.666223413,0.354011239,0.008505078,35,117,0.000000000
Unshielded-Q,3110,5700,0.050000000,0.021341730,0.555537079,0.622130503,0.356222419,0.007983126,35,117,0.000781250
Unshielded-Q,3110,5800,0.050000000,0.042006864,0.551351201,0.633429245,0.370400225,0.008398632,35,117,0.000000000
Unshielded-Q,3110,5900,0.050000000,0.032573176,0.456120476,0.540588769,0.376503988,0.017657679,35,118,0.000781250
Unshielded-Q,3110,6000,0.050000000,0.021773629,0.427286021,0.512845639,0.388688408,0.017060002,35,118,0.000781250
FSSQL-R,3101,100,0.979100000,0.132605397,0.490107770,0.584045789,0.870451595,0.271329525,13,37,0.010156250
FSSQL-R,3101,200,0.957988889,0.089348483,0.525575195,0.616071963,0.856542090,0.194752635,16,45,0.007812500
FSSQL-R,3101,300,0.936877778,0.160941640,0.564337955,0.652815602,0.775400613,0.145032743,17,52,0.005468750
FSSQL-R,3101,400,0.915766667,0.341278752,0.401546813,0.491101742,0.758517651,0.171687284,28,82,0.010156250
FSSQL-R,3101,500,0.894655556,0.435275282,0.469060983,0.557099710,0.769757030,0.193330905,30,96,0.006250000
FSSQL-R,3101,600,0.873544444,0.156511550,0.516032253,0.607587408,0.700478974,0.136174510,31,99,0.006250000
FSSQL-R,3101,700,0.852433333,0.101876142,0.439472302,0.527729506,0.602070529,0.097416209,32,100,0.009375000
FSSQL-R,3101,800,0.831322222,0.129935328,0.450943320,0.538737548,0.626931560,0.102086767,32,102,0.007812500
FSSQL-R,3101,900,0.810211111,0.039529935,0.502392537,0.596010757,0.542590756,0.060775515,32,102,0.007031250
FSSQL-R,3101,1000,0.789100000,0.063865211,0.523238023,0.616901002,0.531504665,0.065387281,32,102,0.007031250
FSSQL-R,3101,1100,0.767988889,0.084879361,0.375511806,0.470136439,0.524479239,0.051322728,32,102,0.007031250
FSSQL-R,3101,1200,0.746877778,0.111009778,0.388395632,0.481589620,0.532305296,0.050754493,32,103,0.004687500
FSSQL-R,3101,1300,0.725766667,0.042928710,0.400951168,0.495359653,0.565849723,0.064351580,32,105,0.003906250
FSSQL-R,3101,1400,0.704655556,0.103259114,0.490179284,0.586620226,0.543606839,0.048271936,32,106,0.004687500
FSSQL-R,3101,1500,0.683544444,0.063095734,0.464177724,0.555407154,0.517375079,0.049007296,32,106,0.003125000
FSSQL-R,3101,1600,0.662433333,0.063095734,0.474023590,0.569538772,0.550388003,0.060110837,32,109,0.003125000
FSSQL-R,3101,1700,0.641322222,0.061986579,0.488103108,0.581216722,0.659006683,0.071537854,33,111,0.002343750
FSSQL-R,3101,1800,0.620211111,0.047770713,0.520230783,0.613919110,0.601556278,0.064657884,33,112,0.002343750
FSSQL-R,3101,1900,0.599100000,0.039207092,0.518395333,0.614039021,0.522277862,0.040388963,33,112,0.001562500
FSSQL-R,3101,2000,0.577988889,0.047237944,0.451051002,0.545050278,0.596430543,0.052337653,33,113,0.001562500
FSSQL-R,3101,2100,0.556877778,0.036945888,0.514324463,0.608360242,0.551097994,0.050619347,33,114,0.000781250
FSSQL-R,3101,2200,0.535766667,0.083252191,0.542361756,0.636785266,0.570740519,0.047233362,34,115,0.003125000
FSSQL-R,3101,2300,0.514655556,0.044642448,0.508614550,0.600132302,0.512698435,0.034854801,34,115,0.000781250
FSSQL-R,3101,2400,0.493544444,0.083252191,0.511106188,0.603358359,0.490045902,0.030256707,34,115,0.000781250
FSSQL-R,3101,2500,0.472433333,0.034387483,0.542300428,0.638762979,0.507435937,0.028681081,34,115,0.000781250
FSSQL-R,3101,2600,0.451322222,0.030065258,0.465168256,0.564833364,0.500963895,0.026916140,34,115,0.000781250
FSSQL-R,3101,2700,0.430211111,0.070053918,0.397163225,0.490760157,0.516365265,0.026600635,34,115,0.000781250
FSSQL-R,3101,2800,0.409100000,0.036151614,0.545838242,0.638992564,0.531846761,0.034341591,34,116,0.001562500
FSSQL-R,3101,2900,0.387988889,0.030117820,0.551774250,0.645988263,0.529594450,0.033059939,34,117,0.002343750
FSSQL-R,3101,3000,0.366877778,0.028322386,0.486533717,0.581047939,0.492207955,0.028531357,34,117,0.001562500
FSSQL-R,3101,3100,0.345766667,0.035646767,0.569135675,0.652793923,0.472890875,0.026071353,34,117,0.001562500
FSSQL-R,3101,3200,0.324655556,0.024345275,0.486895046,0.567523378,0.458645936,0.020179135,34,117,0.002343750
FSSQL-R,3101,3300,0.303544444,0.032573176,0.429085598,0.513003955,0.475413415,0.021337589,34,117,0.002343750
FSSQL-R,3101,3400,0.282433333,0.022419312,0.465861193,0.564408167,0.445960087,0.019344137,34,117,0.002343750
FSSQL-R,3101,3500,0.261322222,0.053658339,0.516395743,0.621862519,0.456583245,0.019049538,34,117,0.000781250
FSSQL-R,3101,3600,0.240211111,0.023518095,0.504718029,0.609757220,0.419906544,0.018931469,34,117,0.001562500
FSSQL-R,3101,3700,0.219100000,0.027672076,0.476105946,0.558717818,0.422177834,0.014934845,34,117,0.001562500
FSSQL-R,3101,3800,0.197988889,0.025320992,0.481636763,0.557751082,0.424497539,0.015899386,34,117,0.000781250
FSSQL-R,3101,3900,0.176877778,0.015287106,0.564747199,0.635204815,0.413331696,0.012982358,34,117,0.000781250
FSSQL-R,3101,4000,0.155766667,0.020189898,0.528272498,0.613017536,0.391203091,0.011881629,34,117,0.000000000
FSSQL-R,3101,4100,0.134655556,0.072681477,0.477014388,0.582512696,0.395256400,0.012620966,34,117,0.000000000
FSSQL-R,3101,4200,0.113544444,0.036237621,0.472089299,0.581423034,0.431869088,0.016013581,34,117,0.000781250
FSSQL-R,3101,4300,0.092433333,0.020354890,0.541835192,0.609340486,0.431009716,0.017644785,34,117,0.000781250
FSSQL-R,3101,4400,0.071322222,0.019547289,0.513162526,0.585201351,0.418548890,0.011750430,34,117,0.000781250
FSSQL-R,3101,4500,0.050211111,0.018554284,0.524227956,0.591997304,0.439544487,0.013394848,34,117,0.002343750
FSSQL-R,3101,4600,0.050000000,0.022159624,0.505786890,0.576635398,0.432182242,0.012538560,34,117,0.001562500
FSSQL-R,3101,4700,0.050000000,0.016705625,0.542773906,0.643621424,0.403640552,0.012584722,34,117,0.000000000
FSSQL-R,3101,4800,0.050000000,0.034538416,0.483722935,0.583211092,0.395259995,0.011251474,34,117,0.000000000
FSSQL-R,3101,4900,0.050000000,0.009012650,0.443200005,0.515704224,0.399813398,0.010919736,34,117,0.000000000
FSSQL-R,3101,5000,0.050000000,0.008690948,0.534854491,0.603711881,0.381406912,0.009251092,34,117,0.000000000
FSSQL-R,3101,5100,0.050000000,0.008399899,0.475421757,0.546142122,0.379151435,0.009283666,34,117,0.000000000
FSSQL-R,3101,5200,0.050000000,0.015525149,0.481466000,0.554456922,0.402691846,0.010025817,34,117,0.000000000
FSSQL-R,3101,5300,0.050000000,0.025556070,0.533536094,0.633298213,0.409226064,0.011824206,34,117,0.000000000
FSSQL-R,3101,5400,0.050000000,0.076209004,0.497960495,0.597704623,0.424484692,0.013484343,34,117,0.000000000
FSSQL-R,3101,5500,0.050000000,0.012809385,0.567565109,0.635502161,0.406934378,0.009119147,34,117,0.000000000
FSSQL-R,3101,5600,0.050000000,0.007276313,0.610469477,0.679166968,0.407235458,0.009912304,34,117,0.000781250
FSSQL-R,3101,5700,0.050000000,0.012193754,0.582920216,0.649421113,0.417395713,0.008508275,34,117,0.000000000
FSSQL-R,3101,5800,0.050000000,0.034090822,0.536183269,0.606091433,0.450477275,0.007952270,34,117,0.000000000
FSSQL-R,3101,5900,0.050000000,0.018119492,0.590065073,0.691495139,0.448181962,0.009220635,34,117,0.000000000
FSSQL-R,3101,6000,0.050000000,0.017736474,0.489402309,0.590023545,0.426805608,0.008022232,34,117,0.000000000
FSSQL-R,3102,100,0.979100000,0.144955933,0.427940426,0.520007351,1.063402754,0.368421096,13,39,0.009375000
FSSQL-R,3102,200,0.957988889,0.104693309,0.462766799,0.552752145,0.915805500,0.210145709,13,47,0.004687500
FSSQL-R,3102,300,0.936877778,0.100541486,0.511906237,0.604071266,0.779762100,0.148246179,14,51,0.003125000
FSSQL-R,3102,400,0.915766667,0.380730788,0.438053434,0.528607148,0.630956293,0.125497073,26,81,0.013281250
FSSQL-R,3102,500,0.894655556,0.148550205,0.461434900,0.553983781,0.716476791,0.175017236,27,94,0.010156250
FSSQL-R,3102,600,0.873544444,0.118456576,0.519990201,0.610118952,0.679455563,0.142022532,27,98,0.008593750
FSSQL-R,3102,700,0.852433333,0.071074152,0.487779476,0.578130546,0.679443238,0.111895931,29,100,0.008593750
FSSQL-R,3102,800,0.831322222,0.160941640,0.415495580,0.508972604,0.652740971,0.083893473,30,101,0.004687500
FSSQL-R,3102,900,0.810211111,0.152392396,0.490798904,0.586122565,0.612998892,0.075369371,30,102,0.006250000
FSSQL-R,3102,1000,0.789100000,0.114572124,0.530717963,0.623679933,0.606772569,0.072271874,31,103,0.003906250
FSSQL-R,3102,1100,0.767988889,0.057130864,0.456268765,0.545537095,0.531662507,0.054611027,31,103,0.007812500
FSSQL-R,3102,1200,0.746877778,0.311129489,0.393523957,0.487990258,0.612629952,0.076569945,32,106,0.004687500
FSSQL-R,3102,1300,0.725766667,0.132605397,0.487985093,0.581257406,0.586167928,0.068917576,33,107,0.001562500
FSSQL-R,3102,1400,0.704655556,0.050486957,0.473385596,0.565410628,0.629367499,0.073080458,34,110,0.003125000
FSSQL-R,3102,1500,0.683544444,0.122713300,0.478887639,0.571080377,0.549356131,0.051534187,34,110,0.003906250
FSSQL-R,3102,1600,0.662433333,0.100541486,0.401013046,0.486345305,0.599173244,0.063750780,35,112,0.003906250
FSSQL-R,3102,1700,0.641322222,0.090319679,0.391696713,0.481901720,0.554156774,0.045640518,35,112,0.003125000
FSSQL-R,3102,1800,0.620211111,0.057130864,0.500471893,0.586593029,0.560190808,0.050070611,35,113,0.002343750
FSSQL-R,3102,1900,0.599100000,0.036411284,0.519399435,0.615443400,0.551881131,0.061487054,35,115,0.002343750
FSSQL-R,3102,2000,0.577988889,0.036498952,0.503999899,0.595522949,0.546219489,0.041284878,35,115,0.001562500
FSSQL-R,3102,2100,0.556877778,0.037037037,0.508286604,0.603974302,0.475528952,0.031378272,35,115,0.003906250
FSSQL-R,3102,2200,0.535766667,0.025867034,0.540233719,0.633327205,0.559126123,0.042436659,35,116,0.000781250
FSSQL-R,3102,2300,0.514655556,0.039207092,0.432566556,0.518693167,0.536894274,0.031667664,35,116,0.003125000
FSSQL-R,3102,2400,0.493544444,0.038787384,0.566912836,0.651494078,0.542826347,0.031983512,35,116,0.000781250
FSSQL-R,3102,2500,0.472433333,0.079523347,0.434782176,0.536518741,0.490139444,0.032481758,36,117,0.001562500
FSSQL-R,3102,2600,0.451322222,0.037596810,0.514962448,0.616348934,0.502896612,0.027150303,36,117,0.000781250
FSSQL-R,3102,2700,0.430211111,0.062350494,0.462937681,0.561768752,0.440388117,0.022277733,36,117,0.001562500
FSSQL-R,3102,2800,0.409100000,0.019993008,0.443175595,0.528061046,0.484982080,0.025599383,36,117,0.001562500
FSSQL-R,3102,2900,0.387988889,0.057719852,0.423073457,0.504856212,0.489668983,0.031117421,36,117,0.002343750
FSSQL-R,3102,3000,0.366877778,0.036237621,0.535344491,0.619059350,0.506322917,0.031757254,36,118,0.001562500
FSSQL-R,3102,3100,0.345766667,0.022989559,0.513258673,0.615147021,0.472617449,0.028430579,36,118,0.002343750
FSSQL-R,3102,3200,0.324655556,0.035240142,0.541932657,0.640364303,0.461627839,0.020641837,36,118,0.000000000
FSSQL-R,3102,3300,0.303544444,0.016406533,0.512006442,0.608621468,0.479582155,0.018490340,36,118,0.000000000
FSSQL-R,3102,3400,0.282433333,0.054925962,0.539425160,0.624123439,0.473451892,0.019769702,36,118,0.000781250
FSSQL-R,3102,3500,0.261322222,0.015409311,0.507433410,0.588224091,0.471025056,0.021875756,36,118,0.000781250
FSSQL-R,3102,3600,0.240211111,0.025320992,0.496918305,0.576386006,0.467674538,0.020369314,36,118,0.000000000
FSSQL-R,3102,3700,0.219100000,0.017826944,0.540662800,0.637637589,0.462175577,0.020591559,36,118,0.002343750
FSSQL-R,3102,3800,0.197988889,0.027588348,0.494316534,0.588787537,0.452143063,0.018327274,36,118,0.000781250
FSSQL-R,3102,3900,0.176877778,0.054155949,0.490538213,0.581469860,0.486064822,0.017441015,36,118,0.000781250
FSSQL-R,3102,4000,0.155766667,0.020171785,0.470716702,0.550941084,0.431827317,0.014638935,36,118,0.000781250
FSSQL-R,3102,4100,0.134655556,0.027672076,0.461672859,0.543013409,0.432510330,0.015503540,36,118,0.000000000
FSSQL-R,3102,4200,0.113544444,0.034387483,0.591955756,0.666973323,0.438760595,0.014048000,36,118,0.000781250
FSSQL-R,3102,4300,0.092433333,0.017958348,0.519298711,0.609180126,0.437561148,0.014703352,36,118,0.000781250
FSSQL-R,3102,4400,0.071322222,0.016333968,0.537861042,0.625428672,0.445423800,0.013851040,36,118,0.000781250
FSSQL-R,3102,4500,0.050211111,0.043480270,0.510600368,0.598110757,0.461374750,0.013017200,36,118,0.000781250
FSSQL-R,3102,4600,0.050000000,0.015858449,0.453842225,0.530346617,0.473028789,0.014070471,36,118,0.000000000
FSSQL-R,3102,4700,0.050000000,0.015091839,0.560433363,0.633426750,0.443440079,0.010804218,36,118,0.000000000
FSSQL-R,3102,4800,0.050000000,0.014321516,0.481051351,0.557055847,0.458713866,0.011211909,36,118,0.000000000
FSSQL-R,3102,4900,0.050000000,0.011923135,0.532103627,0.619152797,0.419102273,0.010095891,36,118,0.000000000
FSSQL-R,3102,5000,0.050000000,0.011359811,0.426053496,0.513789369,0.387066600,0.008963042,36,118,0.000000000
FSSQL-R,3102,5100,0.050000000,0.011083426,0.562213126,0.647800312,0.375791760,0.007497936,36,118,0.000781250
FSSQL-R,3102,5200,0.050000000,0.010834608,0.497518126,0.578951721,0.422697295,0.011977557,36,118,0.000000000
FSSQL-R,3102,5300,0.050000000,0.034312673,0.510672554,0.593406932,0.427834210,0.011730353,36,118,0.000000000
FSSQL-R,3102,5400,0.050000000,0.031165421,0.554931215,0.637032183,0.406064689,0.009480451,36,118,0.000000000
FSSQL-R,3102,5500,0.050000000,0.016501105,0.466330514,0.554030458,0.399666302,0.009036418,36,118,0.000000000
FSSQL-R,3102,5600,0.050000000,0.031398580,0.521881072,0.608623760,0.371551492,0.007110987,36,118,0.000000000
FSSQL-R,3102,5700,0.050000000,0.012782512,0.486970623,0.575481777,0.437113567,0.009482710,36,118,0.000781250
FSSQL-R,3102,5800,0.050000000,0.009396395,0.544091292,0.620077102,0.409964002,0.008108507,36,118,0.000000000
FSSQL-R,3102,5900,0.050000000,0.021885289,0.517267003,0.592209843,0.398812321,0.008043396,36,118,0.000781250
FSSQL-R,3102,6000,0.050000000,0.021278899,0.502923895,0.581629278,0.406513606,0.008399224,36,118,0.000000000
FSSQL-R,3103,100,0.979100000,0.132605397,0.451517085,0.545780064,0.922753885,0.310757763,15,42,0.009375000
FSSQL-R,3103,200,0.957988889,0.129935328,0.438642103,0.530244625,0.768368842,0.179282097,16,50,0.005468750
FSSQL-R,3103,300,0.936877778,0.311129489,0.454871753,0.545946446,0.687260491,0.107504843,17,51,0.003125000
FSSQL-R,3103,400,0.915766667,0.267580521,0.461853531,0.552753931,0.610492415,0.128392911,29,83,0.009375000
FSSQL-R,3103,500,0.894655556,0.237227149,0.481828862,0.572821980,0.748263855,0.183503360,31,94,0.005468750
FSSQL-R,3103,600,0.873544444,0.170902273,0.488060225,0.579914373,0.730833871,0.154679464,31,100,0.006250000
FSSQL-R,3103,700,0.852433333,0.055189186,0.422930060,0.514290377,0.619376346,0.090738884,32,101,0.006250000
FSSQL-R,3103,800,0.831322222,0.060585645,0.437514143,0.530307419,0.560985102,0.075054189,32,102,0.004687500
FSSQL-R,3103,900,0.810211111,0.044197006,0.519861276,0.611298510,0.627224177,0.098854063,32,104,0.005468750
FSSQL-R,3103,1000,0.789100000,0.287174589,0.436665585,0.528469499,0.555880796,0.072904642,33,106,0.004687500
FSSQL-R,3103,1100,0.767988889,0.118456576,0.486589445,0.582212863,0.602471447,0.083573160,34,109,0.009375000
FSSQL-R,3103,1200,0.746877778,0.061986579,0.490895816,0.586006059,0.577981440,0.068029527,34,110,0.005468750
FSSQL-R,3103,1300,0.725766667,0.048134915,0.510720396,0.605948786,0.644955160,0.081648588,35,113,0.003125000
FSSQL-R,3103,1400,0.704655556,0.035564441,0.484125433,0.576400700,0.607338234,0.053986740,35,113,0.002343750
FSSQL-R,3103,1500,0.683544444,0.089348483,0.423867884,0.517919236,0.608505308,0.055877087,35,114,0.005468750
FSSQL-R,3103,1600,0.662433333,0.060927938,0.487678747,0.581592709,0.631269891,0.051255247,35,114,0.002343750
FSSQL-R,3103,1700,0.641322222,0.060927938,0.445072326,0.537749246,0.663608709,0.052380623,35,114,0.003125000
FSSQL-R,3103,1800,0.620211111,0.054409410,0.489468486,0.579271983,0.596438053,0.043336173,35,114,0.003906250
FSSQL-R,3103,1900,0.599100000,0.046551657,0.540584143,0.636505824,0.606536734,0.051911115,35,115,0.000781250
FSSQL-R,3103,2000,0.577988889,0.035002031,0.464866950,0.554715709,0.541244565,0.041183049,35,116,0.001562500
FSSQL-R,3103,2100,0.556877778,0.062350494,0.508566346,0.593302119,0.541301614,0.042161369,35,117,0.003906250
FSSQL-R,3103,2200,0.535766667,0.072681477,0.643601918,0.727624515,0.557947862,0.037837519,35,117,0.003125000
FSSQL-R,3103,2300,0.514655556,0.035160292,0.478003302,0.563996313,0.595473947,0.035269114,35,117,0.001562500
FSSQL-R,3103,2400,0.493544444,0.053414066,0.491886668,0.579414446,0.581492301,0.039720742,35,117,0.001562500
FSSQL-R,3103,2500,0.472433333,0.035896824,0.503569880,0.591132059,0.564541041,0.028985779,35,117,0.001562500
FSSQL-R,3103,2600,0.451322222,0.036411284,0.468089992,0.552754446,0.592637525,0.030793232,35,117,0.000781250
FSSQL-R,3103,2700,0.430211111,0.033103920,0.499576718,0.582199854,0.552101655,0.026920098,35,117,0.000781250
FSSQL-R,3103,2800,0.409100000,0.043202143,0.490620285,0.568169770,0.557806955,0.026744914,35,117,0.000781250
FSSQL-R,3103,2900,0.387988889,0.035002031,0.524472265,0.610686833,0.513324727,0.025047171,35,117,0.000781250
FSSQL-R,3103,3000,0.366877778,0.023600199,0.518248892,0.605535856,0.524946754,0.027129017,35,117,0.001562500
FSSQL-R,3103,3100,0.345766667,0.035401301,0.482735169,0.573714488,0.470901098,0.022262043,35,117,0.000000000
FSSQL-R,3103,3200,0.324655556,0.024109387,0.565561590,0.657572130,0.491972155,0.020656888,35,117,0.000781250
FSSQL-R,3103,3300,0.303544444,0.021751479,0.479614245,0.573036535,0.500469785,0.023240247,35,117,0.000000000
FSSQL-R,3103,3400,0.282433333,0.024345275,0.514488323,0.606050815,0.491100136,0.020422818,35,117,0.000000000
FSSQL-R,3103,3500,0.261322222,0.022662564,0.512397288,0.597432713,0.484424331,0.019746641,35,117,0.000000000
FSSQL-R,3103,3600,0.240211111,0.019464578,0.551841720,0.640679789,0.461068544,0.017543734,35,117,0.000781250
FSSQL-R,3103,3700,0.219100000,0.030880368,0.522780409,0.616463694,0.419623793,0.015037338,35,117,0.001562500
FSSQL-R,3103,3800,0.197988889,0.024804644,0.492347141,0.584010386,0.421473081,0.013730329,35,117,0.000781250
FSSQL-R,3103,3900,0.176877778,0.015839430,0.486147451,0.577638281,0.409319776,0.014818080,35,117,0.000000000
FSSQL-R,3103,4000,0.155766667,0.043202143,0.435025255,0.521622423,0.412860087,0.011570833,35,117,0.000000000
FSSQL-R,3103,4100,0.134655556,0.024226565,0.605244414,0.691065512,0.365443740,0.012054741,35,117,0.000781250
FSSQL-R,3103,4200,0.113544444,0.044492641,0.535920945,0.618715986,0.366684569,0.011931235,35,117,0.000000000
FSSQL-R,3103,4300,0.092433333,0.020262786,0.501180262,0.590730523,0.397341288,0.014007488,35,117,0.000000000
FSSQL-R,3103,4400,0.071322222,0.012713341,0.547213172,0.637299381,0.419028574,0.012917133,35,117,0.000000000
FSSQL-R,3103,4500,0.050211111,0.018730202,0.505675584,0.595049798,0.399241502,0.010160333,35,117,0.000000000
FSSQL-R,3103,4600,0.050000000,0.016071753,0.425970604,0.508130953,0.408634950,0.011252978,35,117,0.000781250
FSSQL-R,3103,4700,0.050000000,0.070053918,0.582109397,0.672467004,0.416608559,0.010111854,35,117,0.000000000
FSSQL-R,3103,4800,0.050000000,0.014589314,0.533672505,0.620727798,0.395156318,0.009215853,35,117,0.000000000
FSSQL-R,3103,4900,0.050000000,0.010487891,0.444816083,0.535016892,0.381923060,0.008111153,35,117,0.000000000
FSSQL-R,3103,5000,0.050000000,0.010057345,0.586399295,0.675844065,0.450765585,0.017889277,35,118,0.000000000
FSSQL-R,3103,5100,0.050000000,0.028686280,0.601862748,0.690558066,0.373147459,0.007884058,35,118,0.000000000
FSSQL-R,3103,5200,0.050000000,0.034238296,0.516400373,0.601215567,0.395032434,0.007964838,35,118,0.000000000
FSSQL-R,3103,5300,0.050000000,0.012386802,0.612050930,0.701622391,0.385029024,0.015536517,35,118,0.000000000
FSSQL-R,3103,5400,0.050000000,0.012476370,0.547193951,0.634832333,0.378112460,0.007280598,35,118,0.000000000
FSSQL-R,3103,5500,0.050000000,0.008559546,0.568758157,0.657607098,0.400998559,0.007258432,35,118,0.000000000
FSSQL-R,3103,5600,0.050000000,0.030065258,0.523471049,0.613181748,0.385668410,0.006161280,35,118,0.000000000
FSSQL-R,3103,5700,0.050000000,0.008055811,0.561921470,0.650647780,0.365138555,0.005808475,35,118,0.000000000
FSSQL-R,3103,5800,0.050000000,0.010545225,0.512258587,0.597583672,0.394927922,0.006532893,35,118,0.000000000
FSSQL-R,3103,5900,0.050000000,0.011142466,0.552165173,0.639744438,0.352095870,0.006110065,35,118,0.000000000
FSSQL-R,3103,6000,0.050000000,0.010879689,0.576128923,0.662888632,0.406188467,0.006867971,35,118,0.000000000
FSSQL-R,3104,100,0.979100000,0.225160006,0.486259464,0.579846153,0.828200650,0.256272849,14,38,0.008593750
FSSQL-R,3104,200,0.957988889,0.084879361,0.372411878,0.467885531,0.826306815,0.173863627,16,47,0.006250000
FSSQL-R,3104,300,0.936877778,0.176537307,0.418876611,0.511129142,0.675170970,0.111740529,16,49,0.004687500
FSSQL-R,3104,400,0.915766667,0.214602110,0.490844175,0.583325144,0.711538077,0.162032665,29,83,0.010937500
FSSQL-R,3104,500,0.894655556,0.237227149,0.455153585,0.544335647,0.745913696,0.162488881,30,93,0.010937500
FSSQL-R,3104,600,0.873544444,0.189464571,0.444395626,0.537336703,0.717309408,0.138347812,31,96,0.008593750
FSSQL-R,3104,700,0.852433333,0.069071825,0.437627766,0.530749862,0.656268381,0.121649952,31,100,0.004687500
FSSQL-R,3104,800,0.831322222,0.500000000,0.502642504,0.589657402,0.687984081,0.099770772,32,101,0.008593750
FSSQL-R,3104,900,0.810211111,0.058325314,0.400386539,0.493985203,0.644627059,0.095958400,32,104,0.003125000
FSSQL-R,3104,1000,0.789100000,0.084879361,0.452493501,0.545902265,0.626895697,0.083381725,32,106,0.004687500
FSSQL-R,3104,1100,0.767988889,0.071599335,0.466768073,0.556870891,0.607151522,0.079688369,32,108,0.006250000
FSSQL-R,3104,1200,0.746877778,0.078829822,0.512007328,0.605412494,0.607852798,0.067288674,33,109,0.006250000
FSSQL-R,3104,1300,0.725766667,0.118456576,0.505441859,0.596240558,0.604129986,0.060900945,33,110,0.003906250
FSSQL-R,3104,1400,0.704655556,0.040084109,0.463151618,0.554260626,0.550118272,0.049817561,33,110,0.004687500
FSSQL-R,3104,1500,0.683544444,0.063095734,0.409887514,0.503924925,0.591585699,0.062910563,33,112,0.003906250
FSSQL-R,3104,1600,0.662433333,0.182696677,0.426317352,0.516366529,0.603598100,0.064797518,33,114,0.003125000
FSSQL-R,3104,1700,0.641322222,0.144955933,0.530993837,0.621780490,0.525388878,0.046169575,33,115,0.003125000
FSSQL-R,3104,1800,0.620211111,0.107728270,0.475666257,0.565617068,0.551728280,0.046448153,33,116,0.003906250
FSSQL-R,3104,1900,0.599100000,0.165722701,0.444673652,0.532873496,0.608271407,0.053769762,33,117,0.004687500
FSSQL-R,3104,2000,0.577988889,0.033945031,0.601310316,0.691683826,0.546628453,0.035381268,33,117,0.000000000
FSSQL-R,3104,2100,0.556877778,0.036675989,0.528957415,0.619435428,0.533097035,0.035918736,33,117,0.000000000
FSSQL-R,3104,2200,0.535766667,0.065482204,0.485739421,0.577730473,0.528993453,0.037515626,33,118,0.001562500
FSSQL-R,3104,2300,0.514655556,0.035482621,0.548207452,0.640796749,0.550480057,0.035547931,33,118,0.001562500
FSSQL-R,3104,2400,0.493544444,0.059916178,0.549975734,0.642029972,0.544761470,0.035056744,33,118,0.001562500
FSSQL-R,3104,2500,0.472433333,0.030012940,0.435340428,0.522943365,0.533237574,0.043767071,34,119,0.002343750
FSSQL-R,3104,2600,0.451322222,0.031339855,0.563267129,0.651918234,0.488705432,0.026199661,34,119,0.002343750
FSSQL-R,3104,2700,0.430211111,0.023197142,0.494749033,0.586106257,0.561298633,0.028858442,34,119,0.001562500
FSSQL-R,3104,2800,0.409100000,0.030170627,0.472442583,0.562068537,0.517341765,0.028470359,34,119,0.000781250
FSSQL-R,3104,2900,0.387988889,0.019852992,0.485891734,0.574602097,0.540495925,0.027602738,34,119,0.001562500
FSSQL-R,3104,3000,0.366877778,0.040197448,0.416871648,0.510000840,0.549902487,0.028854698,34,119,0.001562500
FSSQL-R,3104,3100,0.345766667,0.026595768,0.507553708,0.600047070,0.566007549,0.024432917,34,119,0.000781250
FSSQL-R,3104,3200,0.324655556,0.020226254,0.419576617,0.515383036,0.551361221,0.022980269,34,119,0.000000000
FSSQL-R,3104,3300,0.303544444,0.052235729,0.484696068,0.580546724,0.520417182,0.034844081,34,120,0.001562500
FSSQL-R,3104,3400,0.282433333,0.034090822,0.523740886,0.612496220,0.517822995,0.023952867,34,120,0.003125000
FSSQL-R,3104,3500,0.261322222,0.023144778,0.512393108,0.601092383,0.466098212,0.018991675,34,120,0.002343750
FSSQL-R,3104,3600,0.240211111,0.033517442,0.497439607,0.585507124,0.477649526,0.020558838,34,120,0.000781250
FSSQL-R,3104,3700,0.219100000,0.073808362,0.574248585,0.665549490,0.473373169,0.019888469,34,120,0.000781250
FSSQL-R,3104,3800,0.197988889,0.037788468,0.522031999,0.615667200,0.474564063,0.019233344,34,120,0.001562500
FSSQL-R,3104,3900,0.176877778,0.018510989,0.488240365,0.582982622,0.467514298,0.016951466,34,120,0.000781250
FSSQL-R,3104,4000,0.155766667,0.056276720,0.566610776,0.652790599,0.429786356,0.013548826,34,120,0.000000000
FSSQL-R,3104,4100,0.134655556,0.021840442,0.445744074,0.532152912,0.473570505,0.016919871,34,120,0.000000000
FSSQL-R,3104,4200,0.113544444,0.012035832,0.497119167,0.581849648,0.426051616,0.012479721,34,120,0.000000000
FSSQL-R,3104,4300,0.092433333,0.015848932,0.526290469,0.620442600,0.377588372,0.011231725,34,120,0.000000000
FSSQL-R,3104,4400,0.071322222,0.026408472,0.424350548,0.518932143,0.376195470,0.010200768,34,120,0.000781250
FSSQL-R,3104,4500,0.050211111,0.034768163,0.533339803,0.626633129,0.385530299,0.009605444,34,120,0.000000000
FSSQL-R,3104,4600,0.050000000,0.073239140,0.501302923,0.586498670,0.393071104,0.010114928,34,120,0.000781250
FSSQL-R,3104,4700,0.050000000,0.028548365,0.493559037,0.574268514,0.426420456,0.009883429,34,120,0.000000000
FSSQL-R,3104,4800,0.050000000,0.021341730,0.608893471,0.688664164,0.393339463,0.010293686,34,120,0.001562500
FSSQL-R,3104,4900,0.050000000,0.027672076,0.550219443,0.637709476,0.355722146,0.010262949,34,120,0.000000000
FSSQL-R,3104,5000,0.050000000,0.148550205,0.562812610,0.650883850,0.398053753,0.010656982,34,120,0.000000000
FSSQL-R,3104,5100,0.050000000,0.020852483,0.524835830,0.612250599,0.409461377,0.010396976,34,120,0.000000000
FSSQL-R,3104,5200,0.050000000,0.009869829,0.512491662,0.594891473,0.374615200,0.009834814,34,120,0.000781250
FSSQL-R,3104,5300,0.050000000,0.031576533,0.511057988,0.590974503,0.363284353,0.008723960,34,120,0.000000000
FSSQL-R,3104,5400,0.050000000,0.014886967,0.527377137,0.604537159,0.363855071,0.008450326,34,120,0.000000000
FSSQL-R,3104,5500,0.050000000,0.018941166,0.511226112,0.598541087,0.341638153,0.010950006,34,120,0.000000000
FSSQL-R,3104,5600,0.050000000,0.014073359,0.539459806,0.628462823,0.425056740,0.010777944,34,120,0.000000000
FSSQL-R,3104,5700,0.050000000,0.013225557,0.572057281,0.660857428,0.370755210,0.008345317,34,120,0.000000000
FSSQL-R,3104,5800,0.050000000,0.034090822,0.514842245,0.597411067,0.400404289,0.008133526,34,120,0.000000000
FSSQL-R,3104,5900,0.050000000,0.039101032,0.525577648,0.603322285,0.397822475,0.008021877,34,120,0.000000000
FSSQL-R,3104,6000,0.050000000,0.011972374,0.557647248,0.638302005,0.407195514,0.009856910,34,120,0.000000000
FSSQL-R,3105,100,0.979100000,0.500000000,0.480808664,0.574280212,0.896956463,0.299452187,15,40,0.008593750
FSSQL-R,3105,200,0.957988889,0.141584591,0.435053378,0.528288736,0.803325923,0.180268410,15,47,0.003906250
FSSQL-R,3105,300,0.936877778,0.144955933,0.452153704,0.543028936,0.691161029,0.124788082,16,50,0.003906250
FSSQL-R,3105,400,0.915766667,0.380730788,0.467058928,0.559124739,0.720533329,0.161229524,28,86,0.010937500
FSSQL-R,3105,500,0.894655556,0.176537307,0.488627955,0.580877429,0.756142578,0.175046235,30,91,0.008593750
FSSQL-R,3105,600,0.873544444,0.120534855,0.426810191,0.520669952,0.777838084,0.150252956,30,95,0.003125000
FSSQL-R,3105,700,0.852433333,0.080233386,0.431160620,0.523102236,0.687016452,0.112447536,31,98,0.006250000
FSSQL-R,3105,800,0.831322222,0.500000000,0.478337054,0.569731130,0.675587928,0.105781775,31,101,0.007812500
FSSQL-R,3105,900,0.810211111,0.058948015,0.483170800,0.569721418,0.575989753,0.067722447,31,102,0.005468750
FSSQL-R,3105,1000,0.789100000,0.079523347,0.433109063,0.524914992,0.635046371,0.092358076,31,106,0.003125000
FSSQL-R,3105,1100,0.767988889,0.094505676,0.434227004,0.524082263,0.707039765,0.099406406,33,110,0.007031250
FSSQL-R,3105,1200,0.746877778,0.341278752,0.444965266,0.536106239,0.602611520,0.062407613,33,110,0.003125000
FSSQL-R,3105,1300,0.725766667,0.052235729,0.497133456,0.582527042,0.622776793,0.081523452,34,112,0.005468750
FSSQL-R,3105,1400,0.704655556,0.044344167,0.438489353,0.527901834,0.620186218,0.070134292,34,113,0.003906250
FSSQL-R,3105,1500,0.683544444,0.031457600,0.395805565,0.484719141,0.569757289,0.057106004,34,113,0.002343750
FSSQL-R,3105,1600,0.662433333,0.049669323,0.484941463,0.573291316,0.559119766,0.046128316,34,113,0.002343750
FSSQL-R,3105,1700,0.641322222,0.046551657,0.526678096,0.608956816,0.595686355,0.059791419,35,115,0.001562500
FSSQL-R,3105,1800,0.620211111,0.063095734,0.495035793,0.586781962,0.592174746,0.047144463,35,115,0.001562500
FSSQL-R,3105,1900,0.599100000,0.084055278,0.387867755,0.476612674,0.582155620,0.047753960,36,116,0.001562500
FSSQL-R,3105,2000,0.577988889,0.024931091,0.506760031,0.591695578,0.554087533,0.033815332,36,116,0.000000000
FSSQL-R,3105,2100,0.556877778,0.023092728,0.522427007,0.604845746,0.503554984,0.027449691,36,116,0.000000000
FSSQL-R,3105,2200,0.535766667,0.035812952,0.397886467,0.481568057,0.515547806,0.029752401,36,116,0.001562500
FSSQL-R,3105,2300,0.514655556,0.033308970,0.470027510,0.558703975,0.531761268,0.034487323,36,117,0.001562500
FSSQL-R,3105,2400,0.493544444,0.037885279,0.529389859,0.615054884,0.515118319,0.030367421,36,117,0.002343750
FSSQL-R,3105,2500,0.472433333,0.033240244,0.480487666,0.561901882,0.481377039,0.028802112,36,117,0.002343750
FSSQL-R,3105,2600,0.451322222,0.036324176,0.499006395,0.580808219,0.490278902,0.025340422,36,117,0.000000000
FSSQL-R,3105,2700,0.430211111,0.016651150,0.589830319,0.670444849,0.483745385,0.024816381,36,117,0.002343750
FSSQL-R,3105,2800,0.409100000,0.020354890,0.555541713,0.636868236,0.498711482,0.021376107,36,117,0.000000000
FSSQL-R,3105,2900,0.387988889,0.100541486,0.576864655,0.662258589,0.519182251,0.026095909,36,117,0.000000000
FSSQL-R,3105,3000,0.366877778,0.060927938,0.590799335,0.668792239,0.544469954,0.028128362,36,117,0.000000000
FSSQL-R,3105,3100,0.345766667,0.025354221,0.581806955,0.663072068,0.575335484,0.032115039,36,117,0.000781250
FSSQL-R,3105,3200,0.324655556,0.013225557,0.529115670,0.607883632,0.520866611,0.026735156,36,117,0.002343750
FSSQL-R,3105,3300,0.303544444,0.026748180,0.463976030,0.543904431,0.495305849,0.021174257,36,117,0.000781250
FSSQL-R,3105,3400,0.282433333,0.037037037,0.491847525,0.569085588,0.497955889,0.028959646,36,118,0.000000000
FSSQL-R,3105,3500,0.261322222,0.086594198,0.560485156,0.644483609,0.469571025,0.027417644,36,118,0.000000000
FSSQL-R,3105,3600,0.240211111,0.014394585,0.450539634,0.523282199,0.472529276,0.019882143,36,118,0.001562500
FSSQL-R,3105,3700,0.219100000,0.021405059,0.484247854,0.562356473,0.474081275,0.024675999,36,119,0.000000000
FSSQL-R,3105,3800,0.197988889,0.010745920,0.505296019,0.578605714,0.405219386,0.015371741,36,119,0.002343750
FSSQL-R,3105,3900,0.176877778,0.024197128,0.576604022,0.646002835,0.369350156,0.017611389,36,119,0.002343750
FSSQL-R,3105,4000,0.155766667,0.021619828,0.534714413,0.612613698,0.412282775,0.012938439,36,119,0.003125000
FSSQL-R,3105,4100,0.134655556,0.170902273,0.456745600,0.552521635,0.408505774,0.015653183,36,119,0.001562500
FSSQL-R,3105,4200,0.113544444,0.122713300,0.468351310,0.559788303,0.405770238,0.015551604,36,119,0.000000000
FSSQL-R,3105,4300,0.092433333,0.008974870,0.557818185,0.624906341,0.382987718,0.011582261,36,119,0.000000000
FSSQL-R,3105,4400,0.071322222,0.008628336,0.530796930,0.598502764,0.391297044,0.011902083,36,119,0.000000000
FSSQL-R,3105,4500,0.050211111,0.016091526,0.587089476,0.651745649,0.402682567,0.012769784,36,119,0.000000000
FSSQL-R,3105,4600,0.050000000,0.007987737,0.563358319,0.626336132,0.379126618,0.010893482,36,119,0.000000000
FSSQL-R,3105,4700,0.050000000,0.018819845,0.454294627,0.541268903,0.398028793,0.014627414,36,119,0.001562500
FSSQL-R,3105,4800,0.050000000,0.012179597,0.542235265,0.628094713,0.372656626,0.008992845,36,119,0.000781250
FSSQL-R,3105,4900,0.050000000,0.014129068,0.554642067,0.620612302,0.402589376,0.010859807,36,119,0.000781250
FSSQL-R,3105,5000,0.050000000,0.013603359,0.556531142,0.622078189,0.372342600,0.007984743,36,119,0.000781250
FSSQL-R,3105,5100,0.050000000,0.006864724,0.541513019,0.605227543,0.368625541,0.008104748,36,119,0.001562500
FSSQL-R,3105,5200,0.050000000,0.006657862,0.572238131,0.636839359,0.364721017,0.006032674,36,119,0.000000000
FSSQL-R,3105,5300,0.050000000,0.118456576,0.559542904,0.650549425,0.379654497,0.006842232,36,119,0.000781250
FSSQL-R,3105,5400,0.050000000,0.016985306,0.428441134,0.527180424,0.397109338,0.008599020,36,119,0.000000000
FSSQL-R,3105,5500,0.050000000,0.006216491,0.615744957,0.680856075,0.405806008,0.008205609,36,119,0.000000000
FSSQL-R,3105,5600,0.050000000,0.025454612,0.615446602,0.677173641,0.410339561,0.007902829,36,119,0.000781250
FSSQL-R,3105,5700,0.050000000,0.005915705,0.577684257,0.641034710,0.406818022,0.007477048,36,119,0.000781250
FSSQL-R,3105,5800,0.050000000,0.005758036,0.592491588,0.654791268,0.403695405,0.006610139,36,119,0.000781250
FSSQL-R,3105,5900,0.050000000,0.020523526,0.557259877,0.657259311,0.392611649,0.007197946,36,119,0.000781250
FSSQL-R,3105,6000,0.050000000,0.021362784,0.484536452,0.587529838,0.404806093,0.008920880,36,119,0.000781250
FSSQL-R,3106,100,0.979100000,0.267580521,0.517091591,0.608243114,1.057119099,0.335710516,13,35,0.009375000
FSSQL-R,3106,200,0.957988889,0.089348483,0.437485984,0.530423688,0.888942322,0.196365980,15,44,0.004687500
FSSQL-R,3106,300,0.936877778,0.098006585,0.426046605,0.518921211,0.704209427,0.125342674,15,47,0.002343750
FSSQL-R,3106,400,0.915766667,0.311129489,0.456767263,0.546367994,0.652336737,0.162653707,28,87,0.012500000
FSSQL-R,3106,500,0.894655556,0.267580521,0.511047057,0.604430375,0.733324192,0.173448688,28,92,0.006250000
FSSQL-R,3106,600,0.873544444,0.138414549,0.421989555,0.511933048,0.774157171,0.162689223,31,97,0.006250000
FSSQL-R,3106,700,0.852433333,0.048506616,0.400380394,0.494681180,0.653191959,0.118220019,31,99,0.003125000
FSSQL-R,3106,800,0.831322222,0.055725880,0.497347042,0.586796025,0.606833042,0.091195552,31,100,0.003906250
FSSQL-R,3106,900,0.810211111,0.085725347,0.485364715,0.578101516,0.655152175,0.083236652,31,101,0.006250000
FSSQL-R,3106,1000,0.789100000,0.098006585,0.467827323,0.557959185,0.677694150,0.096296812,31,104,0.002343750
FSSQL-R,3106,1100,0.767988889,0.095635250,0.550167475,0.639664748,0.659229893,0.084259944,31,105,0.002343750
FSSQL-R,3106,1200,0.746877778,0.056276720,0.582333920,0.672517860,0.661461623,0.073711337,31,106,0.002343750
FSSQL-R,3106,1300,0.725766667,0.034238296,0.430421722,0.520405124,0.599721732,0.069302721,31,107,0.001562500
FSSQL-R,3106,1400,0.704655556,0.035320476,0.456697722,0.545267618,0.615362502,0.071124689,31,109,0.002343750
FSSQL-R,3106,1500,0.683544444,0.205268911,0.454202171,0.543735439,0.582465407,0.049943683,32,110,0.000781250
FSSQL-R,3106,1600,0.662433333,0.035646767,0.520838176,0.610175201,0.637320954,0.063310809,32,110,0.006250000
FSSQL-R,3106,1700,0.641322222,0.041753045,0.476310149,0.564964869,0.590468409,0.058836717,32,111,0.002343750
FSSQL-R,3106,1800,0.620211111,0.031398580,0.453970731,0.546182484,0.637064217,0.057023488,33,112,0.001562500
FSSQL-R,3106,1900,0.599100000,0.061275437,0.527203882,0.613207150,0.534332447,0.051482925,34,114,0.003125000
FSSQL-R,3106,2000,0.577988889,0.034845655,0.542070710,0.628334434,0.509673190,0.043150279,34,115,0.000781250
FSSQL-R,3106,2100,0.556877778,0.059588766,0.505904002,0.596051824,0.504529730,0.050000082,34,116,0.000781250
FSSQL-R,3106,2200,0.535766667,0.148550205,0.456053638,0.547457048,0.533633182,0.035879251,34,116,0.003125000
FSSQL-R,3106,2300,0.514655556,0.031050560,0.538098177,0.629941687,0.487449472,0.028724915,34,116,0.003125000
FSSQL-R,3106,2400,0.493544444,0.053905613,0.582583817,0.676660963,0.524144023,0.035343726,34,116,0.000781250
FSSQL-R,3106,2500,0.472433333,0.030117820,0.456367909,0.536275102,0.542561533,0.030307786,34,116,0.000000000
FSSQL-R,3106,2600,0.451322222,0.018745064,0.518694292,0.599289492,0.470951739,0.025137799,34,116,0.002343750
FSSQL-R,3106,2700,0.430211111,0.047237944,0.449122960,0.529706182,0.493348828,0.027846431,34,116,0.001562500
FSSQL-R,3106,2800,0.409100000,0.034090822,0.464037169,0.545478207,0.450776577,0.020672221,34,116,0.000781250
FSSQL-R,3106,2900,0.387988889,0.043202143,0.424892823,0.516892824,0.458957880,0.028940769,34,117,0.000781250
FSSQL-R,3106,3000,0.366877778,0.031696672,0.488658779,0.579963160,0.461815570,0.025615997,34,117,0.000000000
FSSQL-R,3106,3100,0.345766667,0.036945888,0.499482626,0.577475531,0.451974539,0.030391355,34,118,0.000000000
FSSQL-R,3106,3200,0.324655556,0.013990884,0.619101360,0.691960507,0.448897403,0.027788930,34,119,0.000000000
FSSQL-R,3106,3300,0.303544444,0.013278664,0.501739942,0.572477411,0.431009995,0.022438739,34,119,0.000000000
FSSQL-R,3106,3400,0.282433333,0.021032420,0.526126419,0.603151429,0.408879941,0.015794675,34,119,0.001562500
FSSQL-R,3106,3500,0.261322222,0.020028425,0.517500001,0.614469970,0.434764638,0.018111479,34,119,0.000000000
FSSQL-R,3106,3600,0.240211111,0.034017718,0.505500675,0.601151071,0.417319243,0.016215182,34,119,0.001562500
FSSQL-R,3106,3700,0.219100000,0.020618837,0.525943729,0.602577081,0.414925401,0.016496472,34,119,0.000000000
FSSQL-R,3106,3800,0.197988889,0.019681597,0.521131364,0.594289189,0.462206327,0.015896813,34,119,0.000000000
FSSQL-R,3106,3900,0.176877778,0.010048871,0.560288133,0.628512427,0.414721967,0.011735513,34,119,0.001562500
FSSQL-R,3106,4000,0.155766667,0.041753045,0.564103757,0.636812373,0.428232299,0.027247487,34,120,0.000781250
FSSQL-R,3106,4100,0.134655556,0.025254880,0.485850515,0.586305430,0.385622976,0.013407515,34,120,0.000000000
FSSQL-R,3106,4200,0.113544444,0.225160006,0.487288778,0.585618956,0.413557290,0.018512823,34,120,0.000000000
FSSQL-R,3106,4300,0.092433333,0.016479963,0.498392547,0.565421586,0.422385659,0.026272136,35,121,0.000781250
FSSQL-R,3106,4400,0.071322222,0.015792148,0.554529567,0.618343535,0.411567359,0.018243061,35,121,0.000000000
FSSQL-R,3106,4500,0.050211111,0.015218426,0.551138794,0.616140021,0.380501565,0.013384931,35,121,0.000000000
FSSQL-R,3106,4600,0.050000000,0.007741278,0.580590477,0.643444545,0.372202935,0.010778915,35,121,0.000000000
FSSQL-R,3106,4700,0.050000000,0.085725347,0.444504555,0.543694651,0.368951301,0.009382937,35,121,0.000000000
FSSQL-R,3106,4800,0.050000000,0.023302824,0.452802537,0.551035565,0.406085945,0.014332164,35,121,0.000781250
FSSQL-R,3106,4900,0.050000000,0.022637922,0.483148850,0.545280286,0.359848852,0.007020958,35,121,0.000000000
FSSQL-R,3106,5000,0.050000000,0.006877008,0.531637874,0.594192499,0.392472576,0.012165501,35,121,0.000000000
FSSQL-R,3106,5100,0.050000000,0.006671074,0.563347929,0.626534311,0.343271200,0.006718069,35,121,0.000000000
FSSQL-R,3106,5200,0.050000000,0.006446879,0.630339088,0.696490533,0.392734723,0.007438089,35,121,0.000000000
FSSQL-R,3106,5300,0.050000000,0.083252191,0.495729534,0.594955871,0.360795425,0.006761635,35,121,0.000781250
FSSQL-R,3106,5400,0.050000000,0.022540063,0.500692792,0.608377546,0.371258517,0.007705454,35,121,0.000000000
FSSQL-R,3106,5500,0.050000000,0.011039690,0.550251440,0.611264417,0.358906821,0.007240786,35,121,0.000000000
FSSQL-R,3106,5600,0.050000000,0.005836113,0.571252115,0.635284334,0.388176861,0.007162963,35,121,0.000000000
FSSQL-R,3106,5700,0.050000000,0.005702520,0.551643561,0.613379169,0.375705041,0.005775018,35,121,0.000000000
FSSQL-R,3106,5800,0.050000000,0.005570922,0.585073231,0.649237190,0.364959810,0.005736430,35,121,0.000781250
FSSQL-R,3106,5900,0.050000000,0.018789837,0.428446015,0.525027090,0.425136994,0.007507027,35,121,0.001562500
FSSQL-R,3106,6000,0.050000000,0.064660232,0.477612044,0.572160927,0.383667122,0.007973345,35,121,0.000781250
FSSQL-R,3107,100,0.979100000,0.196945129,0.433505892,0.523882482,0.940601806,0.294982838,14,38,0.009375000
FSSQL-R,3107,200,0.957988889,0.090319679,0.411269791,0.504538020,0.836346777,0.176232862,15,42,0.002343750
FSSQL-R,3107,300,0.936877778,0.098006585,0.456078775,0.546551050,0.834972599,0.144927200,15,47,0.003125000
FSSQL-R,3107,400,0.915766667,0.500000000,0.505036627,0.598777200,0.752439701,0.152667026,27,77,0.011718750
FSSQL-R,3107,500,0.894655556,0.237227149,0.564431420,0.655579536,0.769043614,0.178252167,30,89,0.007812500
FSSQL-R,3107,600,0.873544444,0.148550205,0.403720647,0.496037006,0.727911368,0.143840498,31,95,0.009375000
FSSQL-R,3107,700,0.852433333,0.073808362,0.422444459,0.510724086,0.680069528,0.117604359,32,98,0.003125000
FSSQL-R,3107,800,0.831322222,0.055999494,0.468854843,0.557927553,0.615940746,0.096592127,32,100,0.003125000
FSSQL-R,3107,900,0.810211111,0.045730119,0.526428741,0.618874129,0.568524747,0.076577725,33,101,0.001562500
FSSQL-R,3107,1000,0.789100000,0.138414549,0.366769728,0.451902735,0.523516908,0.066477380,33,102,0.003125000
FSSQL-R,3107,1100,0.767988889,0.077489880,0.573023480,0.657622990,0.618690512,0.081464588,34,106,0.003906250
FSSQL-R,3107,1200,0.746877778,0.267580521,0.549213742,0.640821098,0.679417170,0.091482233,34,108,0.003906250
FSSQL-R,3107,1300,0.725766667,0.061275437,0.438425621,0.532100888,0.600902881,0.078931068,34,110,0.003125000
FSSQL-R,3107,1400,0.704655556,0.047413768,0.475102145,0.562457473,0.550597362,0.052042219,34,110,0.002343750
FSSQL-R,3107,1500,0.683544444,0.065067757,0.556492622,0.642800044,0.565489082,0.047897304,34,110,0.002343750
FSSQL-R,3107,1600,0.662433333,0.205268911,0.486052791,0.575331586,0.572878615,0.044299137,34,110,0.000781250
FSSQL-R,3107,1700,0.641322222,0.072134995,0.491684389,0.578760280,0.581170596,0.052135384,34,111,0.003906250
FSSQL-R,3107,1800,0.620211111,0.048695358,0.460941054,0.544876601,0.605598353,0.047790957,34,111,0.000781250
FSSQL-R,3107,1900,0.599100000,0.059266081,0.525323640,0.611357326,0.546812926,0.039730445,34,111,0.001562500
FSSQL-R,3107,2000,0.577988889,0.043480270,0.456613555,0.543842080,0.516871164,0.032143728,34,111,0.000000000
FSSQL-R,3107,2100,0.556877778,0.032573176,0.487792187,0.576640303,0.507882642,0.028667922,34,111,0.000000000
FSSQL-R,3107,2200,0.535766667,0.089348483,0.525510198,0.610241156,0.518299374,0.031546078,34,111,0.001562500
FSSQL-R,3107,2300,0.514655556,0.092349485,0.522369419,0.601306265,0.511507060,0.027688019,34,111,0.000000000
FSSQL-R,3107,2400,0.493544444,0.106181884,0.500773381,0.582028046,0.493043232,0.027834467,34,111,0.000000000
FSSQL-R,3107,2500,0.472433333,0.028872960,0.519640965,0.607163235,0.548712736,0.044609881,34,112,0.001562500
FSSQL-R,3107,2600,0.451322222,0.040777237,0.519156958,0.604899859,0.486575212,0.024939409,34,112,0.000781250
FSSQL-R,3107,2700,0.430211111,0.023600199,0.534599448,0.620682469,0.522615581,0.035454205,34,113,0.000000000
FSSQL-R,3107,2800,0.409100000,0.039749141,0.518105562,0.598390457,0.491974389,0.031675643,34,114,0.000000000
FSSQL-R,3107,2900,0.387988889,0.032703730,0.522529063,0.600508461,0.522214999,0.032770245,34,114,0.000000000
FSSQL-R,3107,3000,0.366877778,0.037314124,0.518564476,0.595116063,0.513321942,0.035055454,34,115,0.002343750
FSSQL-R,3107,3100,0.345766667,0.016101437,0.464892882,0.551056363,0.500427060,0.043370833,34,116,0.002343750
FSSQL-R,3107,3200,0.324655556,0.028277761,0.514919468,0.606838905,0.511169373,0.024669598,34,116,0.000000000
FSSQL-R,3107,3300,0.303544444,0.014951716,0.573035736,0.656636673,0.441074493,0.017946896,34,116,0.002343750
FSSQL-R,3107,3400,0.282433333,0.030602163,0.508538327,0.589176080,0.449873784,0.021506921,34,116,0.000781250
FSSQL-R,3107,3500,0.261322222,0.045730119,0.530336967,0.606370632,0.469477903,0.021160079,34,116,0.000781250
FSSQL-R,3107,3600,0.240211111,0.013237310,0.531347294,0.602049947,0.447540078,0.015586206,34,116,0.000781250
FSSQL-R,3107,3700,0.219100000,0.013302451,0.541779762,0.634891431,0.397918837,0.013066162,34,116,0.000000000
FSSQL-R,3107,3800,0.197988889,0.023600199,0.458760085,0.553005599,0.388112833,0.012267437,34,116,0.000000000
FSSQL-R,3107,3900,0.176877778,0.037501948,0.481883348,0.573485665,0.457710380,0.026691442,34,117,0.000000000
FSSQL-R,3107,4000,0.155766667,0.011515193,0.524188937,0.597817666,0.385868981,0.015614557,34,117,0.000000000
FSSQL-R,3107,4100,0.134655556,0.020951939,0.568165846,0.636435751,0.393263544,0.012697274,34,117,0.002343750
FSSQL-R,3107,4200,0.113544444,0.010519640,0.600328471,0.667020799,0.404960582,0.010081362,34,117,0.000781250
FSSQL-R,3107,4300,0.092433333,0.018554284,0.499402746,0.599047219,0.369264115,0.012575619,34,117,0.000781250
FSSQL-R,3107,4400,0.071322222,0.011438791,0.491540237,0.564774477,0.389847333,0.010522376,34,117,0.000000000
FSSQL-R,3107,4500,0.050211111,0.010967809,0.516112349,0.585780187,0.342277058,0.007833465,34,117,0.000000000
FSSQL-R,3107,4600,0.050000000,0.009307880,0.457901129,0.525713795,0.388915707,0.008922053,34,117,0.000781250
FSSQL-R,3107,4700,0.050000000,0.009012650,0.557910039,0.622206312,0.387666623,0.008225972,34,117,0.000781250
FSSQL-R,3107,4800,0.050000000,0.008702462,0.583151318,0.644364294,0.403473688,0.007930694,34,117,0.000000000
FSSQL-R,3107,4900,0.050000000,0.050279192,0.448165181,0.540367498,0.405005639,0.018335254,34,118,0.000781250
FSSQL-R,3107,5000,0.050000000,0.009389325,0.492395433,0.563301304,0.382280963,0.011969522,34,118,0.000000000
FSSQL-R,3107,5100,0.050000000,0.025320992,0.539801566,0.604821810,0.396428604,0.009443557,34,118,0.000781250
FSSQL-R,3107,5200,0.050000000,0.007960328,0.568713683,0.635980529,0.348478340,0.006932620,34,118,0.000000000
FSSQL-R,3107,5300,0.050000000,0.026520425,0.523266082,0.584114987,0.361739912,0.006055983,34,118,0.000781250
FSSQL-R,3107,5400,0.050000000,0.007532362,0.599473889,0.660686865,0.362146237,0.005268119,34,118,0.000000000
FSSQL-R,3107,5500,0.050000000,0.019715560,0.589024950,0.650751989,0.359674909,0.004788564,34,118,0.000000000
FSSQL-R,3107,5600,0.050000000,0.007700758,0.579515168,0.645845303,0.343824055,0.004594444,34,118,0.000000000
FSSQL-R,3107,5700,0.050000000,0.024804644,0.598405608,0.662520898,0.332900234,0.003927534,34,118,0.000000000
FSSQL-R,3107,5800,0.050000000,0.024345275,0.505474648,0.574447214,0.362130477,0.004446237,34,118,0.000000000
FSSQL-R,3107,5900,0.050000000,0.006902791,0.559072317,0.619921222,0.382525998,0.005500312,34,118,0.000000000
FSSQL-R,3107,6000,0.050000000,0.006765561,0.647202837,0.708274930,0.404640682,0.004912310,34,118,0.000000000
FSSQL-R,3108,100,0.979100000,0.500000000,0.494207612,0.585734607,1.040560886,0.340822908,14,34,0.009375000
FSSQL-R,3108,200,0.957988889,0.160941640,0.393785510,0.485080142,0.793582507,0.192794352,14,44,0.007031250
FSSQL-R,3108,300,0.936877778,0.069558250,0.554250755,0.645970833,0.673311388,0.113700340,14,47,0.003906250
FSSQL-R,3108,400,0.915766667,0.225160006,0.396966303,0.487520243,0.602745738,0.126645737,25,78,0.010156250
FSSQL-R,3108,500,0.894655556,0.435275282,0.478811540,0.575470159,0.747915705,0.178824343,27,88,0.003906250
FSSQL-R,3108,600,0.873544444,0.225160006,0.536382203,0.632085509,0.743198127,0.155003852,27,93,0.004687500
FSSQL-R,3108,700,0.852433333,0.044793607,0.554329513,0.642093098,0.710635451,0.118422155,27,95,0.006250000
FSSQL-R,3108,800,0.831322222,0.061628273,0.485714869,0.578892989,0.645858038,0.086440009,27,95,0.006250000
FSSQL-R,3108,900,0.810211111,0.084879361,0.490614736,0.587148393,0.736362147,0.110277897,30,98,0.014843750
FSSQL-R,3108,1000,0.789100000,0.084055278,0.551709139,0.643838500,0.652811484,0.071156949,30,98,0.004687500
FSSQL-R,3108,1100,0.767988889,0.125000000,0.477952932,0.565215995,0.676030015,0.080617603,31,100,0.003906250
FSSQL-R,3108,1200,0.746877778,0.077489880,0.460451188,0.549660836,0.725126294,0.102546190,32,104,0.006250000
FSSQL-R,3108,1300,0.725766667,0.036765370,0.432426495,0.524674751,0.630882575,0.083099847,32,107,0.003906250
FSSQL-R,3108,1400,0.704655556,0.049669323,0.415952767,0.506145538,0.587655444,0.071288796,32,108,0.001562500
FSSQL-R,3108,1500,0.683544444,0.160941640,0.505078175,0.588226045,0.553947877,0.061851294,32,109,0.003125000
FSSQL-R,3108,1600,0.662433333,0.041627660,0.524376631,0.619869648,0.538931097,0.045973091,32,110,0.002343750
FSSQL-R,3108,1700,0.641322222,0.039529935,0.587521308,0.671846094,0.557406803,0.059331618,32,111,0.000781250
FSSQL-R,3108,1800,0.620211111,0.135426976,0.444797527,0.534503456,0.586830307,0.054039043,32,112,0.001562500
FSSQL-R,3108,1900,0.599100000,0.028872960,0.451672650,0.541963736,0.574808119,0.063038681,32,114,0.002343750
FSSQL-R,3108,2000,0.577988889,0.056276720,0.552727704,0.639713259,0.543691104,0.045441484,32,115,0.002343750
FSSQL-R,3108,2100,0.556877778,0.049870414,0.480455317,0.565106454,0.563001572,0.043104119,32,116,0.001562500
FSSQL-R,3108,2200,0.535766667,0.039207092,0.440584591,0.526997194,0.560824472,0.044682361,32,116,0.003125000
FSSQL-R,3108,2300,0.514655556,0.074389535,0.530041769,0.612368517,0.563912048,0.035206729,32,116,0.001562500
FSSQL-R,3108,2400,0.493544444,0.043763224,0.551540093,0.635900164,0.504247197,0.030758925,32,116,0.003125000
FSSQL-R,3108,2500,0.472433333,0.084879361,0.500082147,0.587509107,0.581016996,0.056124620,33,118,0.002343750
FSSQL-R,3108,2600,0.451322222,0.028779216,0.515657522,0.602579090,0.458400348,0.026334249,33,118,0.000000000
FSSQL-R,3108,2700,0.430211111,0.078152194,0.508145371,0.596775615,0.437464797,0.023094971,33,118,0.000000000
FSSQL-R,3108,2800,0.409100000,0.035896824,0.509922435,0.594224534,0.431556517,0.021698416,33,118,0.000781250
FSSQL-R,3108,2900,0.387988889,0.039859966,0.573648043,0.649206860,0.519530763,0.039146905,34,119,0.000781250
FSSQL-R,3108,3000,0.366877778,0.031107849,0.495863802,0.570442522,0.498625976,0.034184129,34,120,0.000000000
FSSQL-R,3108,3100,0.345766667,0.019835673,0.492035922,0.579108594,0.447232960,0.018210435,34,120,0.001562500
FSSQL-R,3108,3200,0.324655556,0.028277761,0.511216247,0.599897387,0.473871290,0.030450660,34,121,0.000781250
FSSQL-R,3108,3300,0.303544444,0.017042754,0.558974390,0.648625428,0.461281867,0.020661911,34,121,0.001562500
FSSQL-R,3108,3400,0.282433333,0.057130864,0.519501764,0.602448608,0.484982725,0.020426014,34,121,0.000781250
FSSQL-R,3108,3500,0.261322222,0.014751822,0.474792426,0.552330159,0.444588338,0.016704499,34,121,0.002343750
FSSQL-R,3108,3600,0.240211111,0.014171237,0.507794873,0.585614911,0.493867070,0.021377327,34,121,0.001562500
FSSQL-R,3108,3700,0.219100000,0.026297770,0.522056224,0.613077798,0.421455658,0.016076713,34,121,0.000000000
FSSQL-R,3108,3800,0.197988889,0.031339855,0.478945310,0.568345806,0.427553967,0.014610538,34,121,0.000000000
FSSQL-R,3108,3900,0.176877778,0.019715560,0.542168624,0.633810867,0.381654516,0.011328224,34,121,0.000781250
FSSQL-R,3108,4000,0.155766667,0.023490896,0.477810297,0.557447023,0.434430454,0.012740025,34,121,0.000781250
FSSQL-R,3108,4100,0.134655556,0.022515774,0.530364750,0.604092122,0.390020939,0.011308545,34,121,0.000000000
FSSQL-R,3108,4200,0.113544444,0.021072971,0.480714544,0.551068285,0.380727613,0.010245536,34,121,0.000781250
FSSQL-R,3108,4300,0.092433333,0.017124057,0.467232395,0.562657100,0.364248515,0.009243146,34,121,0.000781250
FSSQL-R,3108,4400,0.071322222,0.012766461,0.519625569,0.615237846,0.383335066,0.009407990,34,121,0.001562500
FSSQL-R,3108,4500,0.050211111,0.012381876,0.412586000,0.505640447,0.394764855,0.009984945,34,121,0.001562500
FSSQL-R,3108,4600,0.050000000,0.029502783,0.498608171,0.585305113,0.406654176,0.010849010,34,121,0.002343750
FSSQL-R,3108,4700,0.050000000,0.027505292,0.522860129,0.614359938,0.422127501,0.011758257,34,121,0.000000000
FSSQL-R,3108,4800,0.050000000,0.021405059,0.565442541,0.654231119,0.398821430,0.011674509,34,121,0.000000000
FSSQL-R,3108,4900,0.050000000,0.039749141,0.481354895,0.572162657,0.441985476,0.012277677,34,121,0.001562500
FSSQL-R,3108,5000,0.050000000,0.037982754,0.521408406,0.609088342,0.406325019,0.010356460,34,121,0.000000000
FSSQL-R,3108,5100,0.050000000,0.017337964,0.593849690,0.681121822,0.354936402,0.008808437,34,121,0.000781250
FSSQL-R,3108,5200,0.050000000,0.020523526,0.548738201,0.638191633,0.328289067,0.007851767,34,121,0.000000000
FSSQL-R,3108,5300,0.050000000,0.018256762,0.543303180,0.634440031,0.377061507,0.008764608,34,121,0.000000000
FSSQL-R,3108,5400,0.050000000,0.018671070,0.505863772,0.594371924,0.361570913,0.008217232,34,121,0.000000000
FSSQL-R,3108,5500,0.050000000,0.013616029,0.490288056,0.579112508,0.400470008,0.008353303,34,121,0.000781250
FSSQL-R,3108,5600,0.050000000,0.012396669,0.480412979,0.569245773,0.332265325,0.008019079,34,121,0.000781250
FSSQL-R,3108,5700,0.050000000,0.013243197,0.510496426,0.599940204,0.351697361,0.007733162,34,121,0.001562500
FSSQL-R,3108,5800,0.050000000,0.010207316,0.537229285,0.607864792,0.353953426,0.007027062,34,121,0.001562500
FSSQL-R,3108,5900,0.050000000,0.009867140,0.608027732,0.674560925,0.368829225,0.006347567,34,121,0.000000000
FSSQL-R,3108,6000,0.050000000,0.014350624,0.530464675,0.594560948,0.417004081,0.007164737,34,121,0.000000000
FSSQL-R,3109,100,0.979100000,0.196945129,0.495278874,0.586109295,1.009711876,0.308063906,14,34,0.010156250
FSSQL-R,3109,200,0.957988889,0.138414549,0.338780712,0.431211672,0.887554042,0.217369786,15,45,0.004687500
FSSQL-R,3109,300,0.936877778,0.073239140,0.526623025,0.616937732,0.648962728,0.103123532,15,47,0.003906250
FSSQL-R,3109,400,0.915766667,0.500000000,0.439587481,0.534124196,0.658976817,0.147035792,27,87,0.013281250
FSSQL-R,3109,500,0.894655556,0.160941640,0.447878306,0.542968680,0.741546634,0.168825246,28,92,0.006250000
FSSQL-R,3109,600,0.873544444,0.165722701,0.535636261,0.625663813,0.738272418,0.149664779,29,96,0.007031250
FSSQL-R,3109,700,0.852433333,0.050486957,0.436907340,0.530710976,0.782119619,0.131318896,30,101,0.006250000
FSSQL-R,3109,800,0.831322222,0.141584591,0.477592449,0.568984559,0.698720771,0.110950616,31,102,0.008593750
FSSQL-R,3109,900,0.810211111,0.059588766,0.556265138,0.653576598,0.669528901,0.091766244,31,103,0.005468750
FSSQL-R,3109,1000,0.789100000,0.074983074,0.441419924,0.528378450,0.597853462,0.073353612,31,104,0.004687500
FSSQL-R,3109,1100,0.767988889,0.083252191,0.543720446,0.636136787,0.556173220,0.065082342,31,105,0.003125000
FSSQL-R,3109,1200,0.746877778,0.091319546,0.467088934,0.561575066,0.618469398,0.070908545,33,107,0.000781250
FSSQL-R,3109,1300,0.725766667,0.152392396,0.347464469,0.442993868,0.536484615,0.056037607,33,108,0.004687500
FSSQL-R,3109,1400,0.704655556,0.122713300,0.470423660,0.561842489,0.577897204,0.063863448,33,109,0.003906250
FSSQL-R,3109,1500,0.683544444,0.070053918,0.493601090,0.587474778,0.527674228,0.041209469,33,109,0.001562500
FSSQL-R,3109,1600,0.662433333,0.048506616,0.473992022,0.566712553,0.571314220,0.052756969,33,110,0.003125000
FSSQL-R,3109,1700,0.641322222,0.061275437,0.438472186,0.530920198,0.560532238,0.050890875,33,110,0.003125000
FSSQL-R,3109,1800,0.620211111,0.042395422,0.439468443,0.532240513,0.595273058,0.071780551,33,113,0.002343750
FSSQL-R,3109,1900,0.599100000,0.028322386,0.470534201,0.567365722,0.549664412,0.053424630,34,115,0.002343750
FSSQL-R,3109,2000,0.577988889,0.042135326,0.515114912,0.613889385,0.509030437,0.037904077,34,115,0.003125000
FSSQL-R,3109,2100,0.556877778,0.025287878,0.521670654,0.618869391,0.553417378,0.059214930,34,116,0.003906250
FSSQL-R,3109,2200,0.535766667,0.032902203,0.520998137,0.610667670,0.474020762,0.034343515,34,116,0.003125000
FSSQL-R,3109,2300,0.514655556,0.034387483,0.415451132,0.511013995,0.508668146,0.028151330,34,116,0.000000000
FSSQL-R,3109,2400,0.493544444,0.084879361,0.509647363,0.600868105,0.457743018,0.026670211,34,116,0.000781250
FSSQL-R,3109,2500,0.472433333,0.056842324,0.433085502,0.529722324,0.473462420,0.027750960,34,116,0.003906250
FSSQL-R,3109,2600,0.451322222,0.033447565,0.371355202,0.468501150,0.512345942,0.027533312,34,116,0.001562500
FSSQL-R,3109,2700,0.430211111,0.127403977,0.468070981,0.568705197,0.451046055,0.022417351,34,116,0.000781250
FSSQL-R,3109,2800,0.409100000,0.033308970,0.492638535,0.591237362,0.461810118,0.022278350,34,116,0.001562500
FSSQL-R,3109,2900,0.387988889,0.073808362,0.456155443,0.553243387,0.540150647,0.046974644,34,118,0.000781250
FSSQL-R,3109,3000,0.366877778,0.034090822,0.569991030,0.668389857,0.468689371,0.022460934,34,118,0.001562500
FSSQL-R,3109,3100,0.345766667,0.037037037,0.475497118,0.569336861,0.468810748,0.036028759,35,119,0.001562500
FSSQL-R,3109,3200,0.324655556,0.109336207,0.490248484,0.584914283,0.438753820,0.019228946,35,119,0.000000000
FSSQL-R,3109,3300,0.303544444,0.040084109,0.485260105,0.578518640,0.481249871,0.033230199,35,120,0.000781250
FSSQL-R,3109,3400,0.282433333,0.021175267,0.573167991,0.673914742,0.464971795,0.034820083,35,121,0.001562500
FSSQL-R,3109,3500,0.261322222,0.020504605,0.525872677,0.627418123,0.460297450,0.023720184,35,121,0.001562500
FSSQL-R,3109,3600,0.240211111,0.055725880,0.622495050,0.726452475,0.454101515,0.017715501,35,121,0.000000000
FSSQL-R,3109,3700,0.219100000,0.020734783,0.467023769,0.562417171,0.459582561,0.023784988,35,121,0.000781250
FSSQL-R,3109,3800,0.197988889,0.032189703,0.444133393,0.537137744,0.430887078,0.018810208,35,121,0.000000000
FSSQL-R,3109,3900,0.176877778,0.030492739,0.551383394,0.646253449,0.473451195,0.019866777,35,121,0.001562500
FSSQL-R,3109,4000,0.155766667,0.017386474,0.587815085,0.689940300,0.479377694,0.015970518,35,121,0.000000000
FSSQL-R,3109,4100,0.134655556,0.015261255,0.511767256,0.616161949,0.442274476,0.016185027,35,121,0.000781250
FSSQL-R,3109,4200,0.113544444,0.016081632,0.493163520,0.594501702,0.448640746,0.014015663,35,121,0.000000000
FSSQL-R,3109,4300,0.092433333,0.021426280,0.537502658,0.631250081,0.444364074,0.025280730,36,122,0.000000000
FSSQL-R,3109,4400,0.071322222,0.015525149,0.526027356,0.620375092,0.377968301,0.013645898,36,122,0.000000000
FSSQL-R,3109,4500,0.050211111,0.019887750,0.484963736,0.578579159,0.380625043,0.010750444,36,122,0.000000000
FSSQL-R,3109,4600,0.050000000,0.062720163,0.487982720,0.588294933,0.406181420,0.009544425,36,122,0.000000000
FSSQL-R,3109,4700,0.050000000,0.025624311,0.503113201,0.602861602,0.428057084,0.011157294,36,122,0.000781250
FSSQL-R,3109,4800,0.050000000,0.032902203,0.572897763,0.672450336,0.424676608,0.010653273,36,122,0.000000000
FSSQL-R,3109,4900,0.050000000,0.012766461,0.566820119,0.659098064,0.446867756,0.011526377,36,122,0.000781250
FSSQL-R,3109,5000,0.050000000,0.014807072,0.605702467,0.699416794,0.399355803,0.009510956,36,122,0.000781250
FSSQL-R,3109,5100,0.050000000,0.018439426,0.532593662,0.626240076,0.405017025,0.009613296,36,122,0.000000000
FSSQL-R,3109,5200,0.050000000,0.011539604,0.558024105,0.657391261,0.396303571,0.008579632,36,122,0.000000000
FSSQL-R,3109,5300,0.050000000,0.011297665,0.460606672,0.562422225,0.403194609,0.008163956,36,122,0.000781250
FSSQL-R,3109,5400,0.050000000,0.038279239,0.500662073,0.604731493,0.402182845,0.008372798,36,122,0.000000000
FSSQL-R,3109,5500,0.050000000,0.018612433,0.555385468,0.650023539,0.379695919,0.007347417,36,122,0.000000000
FSSQL-R,3109,5600,0.050000000,0.011584718,0.515129569,0.609058289,0.413339923,0.008243828,36,122,0.000000000
FSSQL-R,3109,5700,0.050000000,0.011191058,0.535606367,0.630099157,0.387290008,0.006766077,36,122,0.000000000
FSSQL-R,3109,5800,0.050000000,0.012332904,0.531999065,0.632326121,0.458763869,0.009628890,36,122,0.000000000
FSSQL-R,3109,5900,0.050000000,0.012077103,0.537197781,0.642180498,0.391586485,0.007251424,36,122,0.000000000
FSSQL-R,3109,6000,0.050000000,0.009735164,0.518352731,0.624013044,0.388826451,0.007023715,36,122,0.000000000
FSSQL-R,3110,100,0.979100000,0.214602110,0.556726609,0.648590979,1.098189727,0.348101646,12,32,0.008593750
FSSQL-R,3110,200,0.957988889,0.170902273,0.449548400,0.543708842,0.870605929,0.210386294,16,42,0.007031250
FSSQL-R,3110,300,0.936877778,0.088404645,0.538822485,0.630506321,0.759285645,0.142096391,16,48,0.001562500
FSSQL-R,3110,400,0.915766667,0.500000000,0.390779544,0.483882049,0.672143163,0.164816203,27,81,0.010156250
FSSQL-R,3110,500,0.894655556,0.196945129,0.455478115,0.547254040,0.662525198,0.150246451,29,89,0.008593750
FSSQL-R,3110,600,0.873544444,0.116471186,0.544407138,0.637281518,0.719163016,0.157445559,29,94,0.008593750
FSSQL-R,3110,700,0.852433333,0.049470380,0.497917403,0.589163658,0.586922364,0.085544227,30,95,0.009375000
FSSQL-R,3110,800,0.831322222,0.040895890,0.404208593,0.493564478,0.634906189,0.097093214,30,97,0.005468750
FSSQL-R,3110,900,0.810211111,0.049078790,0.504397106,0.598995683,0.596138076,0.080525834,30,98,0.004687500
FSSQL-R,3110,1000,0.789100000,0.062350494,0.442588826,0.532043529,0.651514528,0.095559824,31,102,0.005468750
FSSQL-R,3110,1100,0.767988889,0.064660232,0.517004480,0.610522405,0.551243818,0.069346508,31,104,0.007031250
FSSQL-R,3110,1200,0.746877778,0.077489880,0.496515712,0.587509127,0.605173565,0.064675534,32,105,0.000781250
FSSQL-R,3110,1300,0.725766667,0.041627660,0.441844092,0.533745832,0.595713954,0.077827097,32,107,0.003125000
FSSQL-R,3110,1400,0.704655556,0.038379447,0.515052517,0.605553492,0.610424277,0.056742423,32,107,0.003906250
FSSQL-R,3110,1500,0.683544444,0.037885279,0.501042458,0.594227843,0.564751738,0.047675431,32,107,0.005468750
FSSQL-R,3110,1600,0.662433333,0.156511550,0.459455957,0.553446313,0.591570364,0.053058768,32,108,0.003125000
FSSQL-R,3110,1700,0.641322222,0.037407722,0.435551758,0.530656214,0.561906096,0.053201150,32,109,0.003125000
FSSQL-R,3110,1800,0.620211111,0.152392396,0.479322888,0.572444344,0.530179942,0.047814496,32,109,0.004687500
FSSQL-R,3110,1900,0.599100000,0.067665298,0.436666114,0.529717880,0.517939385,0.050888418,33,110,0.003125000
FSSQL-R,3110,2000,0.577988889,0.070559118,0.466367171,0.562565647,0.464103504,0.035160053,33,110,0.003125000
FSSQL-R,3110,2100,0.556877778,0.033800890,0.556743488,0.651325591,0.489238380,0.033120749,33,110,0.002343750
FSSQL-R,3110,2200,0.535766667,0.089348483,0.495149351,0.588181427,0.516153409,0.035999307,33,110,0.003125000
FSSQL-R,3110,2300,0.514655556,0.053658339,0.489616374,0.584864722,0.516149373,0.031807448,33,110,0.000781250
FSSQL-R,3110,2400,0.493544444,0.052235729,0.450438876,0.544668657,0.567545407,0.036335591,33,110,0.001562500
FSSQL-R,3110,2500,0.472433333,0.042006864,0.516036777,0.615435290,0.496110455,0.027667934,33,110,0.002343750
FSSQL-R,3110,2600,0.451322222,0.054666059,0.449364278,0.544404610,0.533933523,0.036151313,34,111,0.002343750
FSSQL-R,3110,2700,0.430211111,0.058020477,0.514427500,0.609751027,0.470484502,0.028611040,34,111,0.000781250
FSSQL-R,3110,2800,0.409100000,0.043906553,0.478592960,0.559718946,0.471782092,0.031689990,34,112,0.003906250
FSSQL-R,3110,2900,0.387988889,0.040895890,0.510526141,0.593882232,0.527057667,0.032030399,35,113,0.001562500
FSSQL-R,3110,3000,0.366877778,0.031696672,0.426483859,0.507446537,0.496655245,0.026877177,35,113,0.000000000
FSSQL-R,3110,3100,0.345766667,0.032969077,0.482865958,0.576426525,0.449407152,0.020714777,35,113,0.002343750
FSSQL-R,3110,3200,0.324655556,0.070559118,0.470877462,0.562896125,0.440321211,0.028700120,35,114,0.001562500
FSSQL-R,3110,3300,0.303544444,0.040895890,0.583922161,0.678358536,0.441324613,0.017377721,35,114,0.000000000
FSSQL-R,3110,3400,0.282433333,0.020676593,0.524956986,0.602736349,0.503119364,0.020043435,35,114,0.001562500
FSSQL-R,3110,3500,0.261322222,0.029552760,0.597803197,0.674061807,0.453065935,0.020953404,35,114,0.000000000
FSSQL-R,3110,3600,0.240211111,0.035812952,0.495221034,0.575713158,0.511787810,0.021301978,35,114,0.001562500
FSSQL-R,3110,3700,0.219100000,0.014394585,0.566829795,0.658646579,0.526972802,0.033940575,35,115,0.003125000
FSSQL-R,3110,3800,0.197988889,0.013725010,0.441340435,0.533323709,0.492882483,0.019615511,35,115,0.000781250
FSSQL-R,3110,3900,0.176877778,0.025189226,0.493046986,0.584638829,0.444784041,0.016107431,35,115,0.000000000
FSSQL-R,3110,4000,0.155766667,0.015058554,0.597295450,0.670846236,0.463950064,0.016438535,35,115,0.000000000
FSSQL-R,3110,4100,0.134655556,0.014192448,0.529879450,0.602112542,0.453112479,0.014924387,35,115,0.000781250
FSSQL-R,3110,4200,0.113544444,0.013284600,0.587107943,0.659126189,0.453583836,0.012873777,35,115,0.001562500
FSSQL-R,3110,4300,0.092433333,0.019285853,0.434330806,0.532614805,0.434323884,0.015821900,35,115,0.000000000
FSSQL-R,3110,4400,0.071322222,0.035080924,0.403804077,0.504067306,0.443613269,0.013274616,35,115,0.000781250
FSSQL-R,3110,4500,0.050211111,0.031107849,0.508239875,0.608528359,0.392181899,0.011431775,35,115,0.000781250
FSSQL-R,3110,4600,0.050000000,0.011236417,0.528788390,0.604279297,0.401367285,0.012643291,35,115,0.000000000
FSSQL-R,3110,4700,0.050000000,0.010735811,0.539589948,0.606927539,0.408897234,0.011040540,35,115,0.000781250
FSSQL-R,3110,4800,0.050000000,0.021576415,0.588029352,0.657100787,0.401577251,0.009075771,35,115,0.000000000
FSSQL-R,3110,4900,0.050000000,0.029806072,0.436390148,0.534416339,0.386272771,0.008980707,35,115,0.000000000
FSSQL-R,3110,5000,0.050000000,0.010769606,0.528716224,0.624496891,0.402158161,0.009626019,35,115,0.000000000
FSSQL-R,3110,5100,0.050000000,0.009389325,0.534233854,0.625597345,0.414863032,0.009383914,35,115,0.000781250
FSSQL-R,3110,5200,0.050000000,0.032189703,0.559414479,0.627740094,0.420788318,0.008410296,35,115,0.000781250
FSSQL-R,3110,5300,0.050000000,0.041257450,0.602297308,0.674492366,0.419291037,0.007277493,35,115,0.000000000
FSSQL-R,3110,5400,0.050000000,0.019887750,0.541176027,0.611875813,0.434215199,0.008313994,35,115,0.000000000
FSSQL-R,3110,5500,0.050000000,0.009208119,0.433213822,0.532622337,0.418727545,0.007538280,35,115,0.000000000
FSSQL-R,3110,5600,0.050000000,0.008949917,0.554378909,0.651064530,0.385457032,0.006575839,35,115,0.000000000
FSSQL-R,3110,5700,0.050000000,0.028057412,0.511818599,0.605676859,0.412526728,0.007455340,35,115,0.000000000
FSSQL-R,3110,5800,0.050000000,0.046720731,0.556613951,0.627700996,0.454709337,0.007958473,35,115,0.000000000
FSSQL-R,3110,5900,0.050000000,0.013777106,0.496117565,0.565165812,0.420665659,0.007750373,35,115,0.000781250
FSSQL-R,3110,6000,0.050000000,0.013386606,0.475994636,0.548566506,0.437588505,0.008277145,35,115,0.000000000
