run_id,device_id,protocol_version,round,split,formal,block_index,window_in_block,obs_id,wall_start_utc,mono_start_ns,action,workload_bin,n_records,background,background_duty,T_start_C,T_end_C,cpu_freq_start_min_mhz,cpu_freq_start_max_mhz,cpu_freq_end_min_mhz,cpu_freq_end_max_mhz,telemetry_ms,feature_ms,risk_ms,inference_ms,controller_basic_ms,end_to_end_ms,window_elapsed_ms,deadline_overrun_ms,mean_risk,mean_action_probability,valid
pi3bplus_v2_margin_20260909T125804Z,pi3bplus,2,1,margin,true,0,0,0,2026-09-09T12:58:40Z,1470010931779,oi_svdd_as_elm_revision,n16,16,B1,0.5,31.096,31.096,1400.000,1400.000,1400.000,1400.000,2.077797,1.427176,0.412445,2.062172,0.249633,6.691823,102.404003,0.000000,0.756212084,0.701728919,1
pi3bplus_v2_margin_20260909T125804Z,pi3bplus,2,1,margin,true,0,1,1,2026-09-09T12:58:40Z,1470114180047,oi_svdd_as_elm_revision,n16,16,B1,0.5,32.172,32.172,1400.000,1400.000,1400.000,1400.000,2.205451,1.406812,0.412236,1.570561,0.143697,6.141150,101.947340,0.000000,0.634295428,0.556511938,1
pi3bplus_v2_margin_20260909T125804Z,pi3bplus,2,1,margin,true,0,2,2,2026-09-09T12:58:40Z,1470216791341,oi_svdd_as_elm_revision,n16,16,B1,0.5,32.172,31.096,1400.000,1400.000,1400.000,1400.000,1.592071,1.249313,4.424914,1.295198,0.134738,9.009670,101.853747,0.000000,0.589518220,0.575289441,1
pi3bplus_v2_margin_20260909T125804Z,pi3bplus,2,1,margin,true,0,3,3,2026-09-09T12:58:41Z,1470319314874,oi_svdd_as_elm_revision,n16,16,B1,0.5,31.096,31.096,1400.000,1400.000,1400.000,1400.000,1.706341,1.256397,0.338643,1.257282,0.137238,5.004545,101.919267,0.000000,0.760372680,0.710536716,1
pi3bplus_v2_margin_20260909T125804Z,pi3bplus,2,1,margin,true,0,4,4,2026-09-09T12:58:41Z,1470421887573,oi_svdd_as_elm_revision,n16,16,B1,0.5,31.096,32.172,1400.000,1400.000,1400.000,1400.000,1.573998,1.317906,0.350570,1.220251,0.137551,4.906890,101.900465,0.000000,0.679237841,0.647267759,1
pi3bplus_v2_margin_20260909T125804Z,pi3bplus,2,1,margin,true,0,5,5,2026-09-09T12:58:41Z,1470524521470,oi_svdd_as_elm_revision,n16,16,B1,0.5,31.096,31.096,1400.000,1400.000,1400.000,1400.000,1.601394,1.254001,0.342705,1.356292,0.146718,5.001003,101.847497,0.000000,0.533465898,0.503721017,1
pi3bplus_v2_margin_20260909T125804Z,pi3bplus,2,1,margin,true,0,6,6,2026-09-09T12:58:41Z,1470627016670,oi_svdd_as_elm_revision,n16,16,B1,0.5,31.634,31.634,1400.000,1400.000,1400.000,1400.000,1.666966,1.255927,0.340310,1.225147,0.132446,4.918660,101.934684,0.000000,0.806706958,0.768448731,1
pi3bplus_v2_margin_20260909T125804Z,pi3bplus,2,1,margin,true,0,7,7,2026-09-09T12:58:41Z,1470729600880,oi_svdd_as_elm_revision,n16,16,B1,0.5,31.634,31.634,1400.000,1400.000,1400.000,1400.000,1.563269,1.299417,0.347028,1.197231,0.133697,4.835640,101.850361,0.000000,0.740074109,0.698837615,1
pi3bplus_v2_margin_20260909T125804Z,pi3bplus,2,1,margin,true,0,8,8,2026-09-09T12:58:41Z,1470832152694,oi_svdd_as_elm_revision,n16,16,B1,0.5,31.096,31.096,1400.000,1400.000,1400.000,1400.000,1.593998,1.248376,0.337654,1.291188,0.130572,4.905483,101.821090,0.000000,0.718778305,0.625878991,1
pi3bplus_v2_margin_20260909T125804Z,pi3bplus,2,1,margin,true,0,9,9,2026-09-09T12:58:41Z,1470934640238,oi_svdd_as_elm_revision,n16,16,B1,0.5,31.096,32.172,1400.000,1400.000,1400.000,1400.000,1.670403,1.257022,0.336924,1.204470,0.130103,4.898191,101.964266,0.000000,0.525231275,0.508828474,1
pi3bplus_v2_margin_20260909T125804Z,pi3bplus,2,1,margin,true,0,10,10,2026-09-09T12:58:41Z,1471037290072,oi_svdd_as_elm_revision,n16,16,B1,0.5,31.634,31.634,1400.000,1400.000,1400.000,1400.000,1.621082,1.307386,0.349320,1.217283,0.132708,4.940431,101.892652,0.000000,0.656140379,0.639277382,1
pi3bplus_v2_margin_20260909T125804Z,pi3bplus,2,1,margin,true,0,11,11,2026-09-09T12:58:41Z,1471139835688,oi_svdd_as_elm_revision,n16,16,B1,0.5,31.634,32.172,1400.000,1400.000,1400.000,1400.000,1.679623,1.261084,0.347081,1.300250,0.133540,5.022670,101.869215,0.000000,0.681255799,0.570963138,1
pi3bplus_v2_margin_20260909T125804Z,pi3bplus,2,1,margin,true,0,12,12,2026-09-09T12:58:41Z,1471242360315,oi_svdd_as_elm_revision,n16,16,B1,0.5,31.096,32.172,1400.000,1400.000,1400.000,1400.000,1.562071,1.317490,0.345466,1.197283,0.130468,4.848140,101.969005,0.000000,0.767926144,0.794695607,1
pi3bplus_v2_margin_20260909T125804Z,pi3bplus,2,1,margin,true,0,13,13,2026-09-09T12:58:42Z,1471345032335,oi_svdd_as_elm_revision,n16,16,B1,0.5,31.634,31.096,1400.000,1400.000,1400.000,1400.000,1.588998,1.253845,0.340934,1.207751,0.133384,4.888609,101.886194,0.000000,0.744690505,0.777980420,1
pi3bplus_v2_margin_20260909T125804Z,pi3bplus,2,1,margin,true,0,14,14,2026-09-09T12:58:42Z,1471447566649,oi_svdd_as_elm_revision,n16,16,B1,0.5,31.096,31.096,1400.000,1400.000,1400.000,1400.000,1.704153,1.247022,0.341195,1.280407,0.134895,5.006576,101.950671,0.000000,0.637633939,0.592489447,1
pi3bplus_v2_margin_20260909T125804Z,pi3bplus,2,1,margin,true,0,15,15,2026-09-09T12:58:42Z,1471550173722,oi_svdd_as_elm_revision,n16,16,B1,0.5,31.634,31.634,1400.000,1400.000,1400.000,1400.000,1.561082,1.341188,0.345310,1.200355,0.132811,4.875431,101.915099,0.000000,0.767226388,0.671328949,1
pi3bplus_v2_margin_20260909T125804Z,pi3bplus,2,1,margin,true,0,16,16,2026-09-09T12:58:42Z,1471652748712,oi_svdd_as_elm_revision,n16,16,B1,0.5,31.096,31.634,1400.000,1400.000,1400.000,1400.000,1.591446,1.244730,0.407236,1.222126,0.132238,4.897618,101.856401,0.000000,0.739818376,0.676989767,1
pi3bplus_v2_margin_20260909T125804Z,pi3bplus,2,1,margin,true,0,17,17,2026-09-09T12:58:42Z,1471755290056,oi_svdd_as_elm_revision,n16,16,B1,0.5,31.634,31.096,1400.000,1400.000,1400.000,1400.000,1.681445,1.253376,0.339736,1.280042,0.138280,5.001680,101.916922,0.000000,0.716572075,0.659837782,1
pi3bplus_v2_margin_20260909T125804Z,pi3bplus,2,1,margin,true,0,18,18,2026-09-09T12:58:42Z,1471857854421,oi_svdd_as_elm_revision,n16,16,B1,0.5,31.096,31.096,1400.000,1400.000,1400.000,1400.000,1.581759,1.313636,0.341299,1.224521,0.132863,4.894025,101.922964,0.000000,0.695120520,0.609201024,1
pi3bplus_v2_margin_20260909T125804Z,pi3bplus,2,1,margin,true,0,19,19,2026-09-09T12:58:42Z,1471960636857,oi_svdd_as_elm_revision,n16,16,B1,0.5,31.096,32.172,1400.000,1400.000,1400.000,1400.000,1.655091,1.251865,0.520673,1.270042,0.133905,5.131158,101.898120,0.000000,0.530163800,0.449382838,1
pi3bplus_v2_margin_20260909T125804Z,pi3bplus,2,1,margin,true,0,20,20,2026-09-09T12:58:42Z,1472063189139,oi_svdd_as_elm_revision,n16,16,B1,0.5,31.096,31.096,1400.000,1400.000,1400.000,1400.000,1.690300,1.260772,0.346768,1.202022,0.190207,4.987201,101.922078,0.000000,0.748827132,0.523642289,1
pi3bplus_v2_margin_20260909T125804Z,pi3bplus,2,1,margin,true,0,21,21,2026-09-09T12:58:42Z,1472165756473,oi_svdd_as_elm_revision,n16,16,B1,0.5,31.096,31.096,1400.000,1400.000,1400.000,1400.000,1.569363,1.318062,0.344060,1.197543,0.138905,4.860900,101.852860,0.000000,0.652573449,0.637946420,1
pi3bplus_v2_margin_20260909T125804Z,pi3bplus,2,1,margin,true,0,22,22,2026-09-09T12:58:43Z,1472268338181,oi_svdd_as_elm_revision,n16,16,B1,0.5,31.634,31.634,1400.000,1400.000,1400.000,1400.000,1.600300,1.255928,0.348852,1.277646,0.134165,4.920587,101.850880,0.000000,0.647845859,0.604412769,1
pi3bplus_v2_margin_20260909T125804Z,pi3bplus,2,1,margin,true,0,23,23,2026-09-09T12:58:43Z,1472370842025,oi_svdd_as_elm_revision,n16,16,B1,0.5,31.096,31.634,1400.000,1400.000,1400.000,1400.000,1.663945,1.257854,0.342081,1.207856,0.133124,4.902774,101.957806,0.000000,0.762394403,0.691614826,1
pi3bplus_v2_margin_20260909T125804Z,pi3bplus,2,1,margin,true,0,24,24,2026-09-09T12:58:43Z,1472473448680,oi_svdd_as_elm_revision,n16,16,B1,0.5,31.634,31.634,1400.000,1400.000,1400.000,1400.000,1.567905,1.308896,0.343330,1.214157,0.132759,4.875431,101.917234,0.000000,0.697335541,0.674407117,1
pi3bplus_v2_margin_20260909T125804Z,pi3bplus,2,1,margin,true,0,25,25,2026-09-09T12:58:43Z,1472576103616,oi_svdd_as_elm_revision,n16,16,B1,0.5,31.096,31.096,1400.000,1400.000,1400.000,1400.000,1.611967,1.261501,0.345674,1.269521,0.136040,4.929077,101.846609,0.000000,0.633732136,0.639975187,1
pi3bplus_v2_margin_20260909T125804Z,pi3bplus,2,1,margin,true,0,26,26,2026-09-09T12:58:43Z,1472678604856,oi_svdd_as_elm_revision,n16,16,B1,0.5,31.096,31.634,1400.000,1400.000,1400.000,1400.000,1.673581,1.268636,0.348956,1.201345,0.138593,4.930014,101.912442,0.000000,0.530561111,0.541787786,1
pi3bplus_v2_margin_20260909T125804Z,pi3bplus,2,1,margin,true,0,27,27,2026-09-09T12:58:43Z,1472781238698,oi_svdd_as_elm_revision,n16,16,B1,0.5,31.634,31.634,1400.000,1400.000,1400.000,1400.000,1.596758,1.326188,0.346664,1.198637,0.140155,4.909181,101.853172,0.000000,0.867397646,0.898109202,1
pi3bplus_v2_margin_20260909T125804Z,pi3bplus,2,1,margin,true,0,28,28,2026-09-09T12:58:43Z,1472883748688,oi_svdd_as_elm_revision,n16,16,B1,0.5,31.634,32.172,1400.000,1400.000,1400.000,1400.000,1.787226,1.257022,0.346872,1.319053,0.140519,5.155429,101.945931,0.000000,0.641844665,0.671532321,1
pi3bplus_v2_margin_20260909T125804Z,pi3bplus,2,1,margin,true,0,29,29,2026-09-09T12:58:43Z,1472986353520,oi_svdd_as_elm_revision,n16,16,B1,0.5,31.096,31.634,1400.000,1400.000,1400.000,1400.000,1.566394,1.333218,0.356612,1.204157,0.130572,4.894181,101.955827,0.000000,0.677936684,0.671923287,1
pi3bplus_v2_margin_20260909T125804Z,pi3bplus,2,1,margin,true,0,30,30,2026-09-09T12:58:43Z,1473088966529,oi_svdd_as_elm_revision,n16,16,B1,0.5,31.634,31.096,1400.000,1400.000,1400.000,1400.000,1.609727,1.265771,0.351820,1.215511,0.139061,4.927723,101.867182,0.000000,0.569653046,0.557668728,1
pi3bplus_v2_margin_20260909T125804Z,pi3bplus,2,1,margin,true,0,31,31,2026-09-09T12:58:43Z,1473191488706,oi_svdd_as_elm_revision,n16,16,B1,0.5,31.634,31.634,1400.000,1400.000,1400.000,1400.000,1.686185,1.260824,0.346247,1.259053,0.142967,4.996316,101.900411,0.000000,0.708935358,0.686963236,1
pi3bplus_v2_margin_20260909T125804Z,pi3bplus,2,1,margin,true,0,32,32,2026-09-09T12:58:44Z,1473294038018,oi_svdd_as_elm_revision,n16,16,B1,0.5,31.096,32.172,1400.000,1400.000,1400.000,1400.000,1.574623,1.283271,0.339268,1.215616,0.131354,4.849962,101.861660,0.000000,0.693742222,0.637279092,1
pi3bplus_v2_margin_20260909T125804Z,pi3bplus,2,1,margin,true,0,33,33,2026-09-09T12:58:44Z,1473396605193,oi_svdd_as_elm_revision,n16,16,B1,0.5,31.634,31.096,1400.000,1400.000,1400.000,1400.000,1.592748,1.250094,0.387497,1.212387,0.132030,4.875848,101.874993,0.000000,0.657877450,0.602056040,1
pi3bplus_v2_margin_20260909T125804Z,pi3bplus,2,1,margin,true,0,34,34,2026-09-09T12:58:44Z,1473499129140,oi_svdd_as_elm_revision,n16,16,B1,0.5,32.172,31.096,1400.000,1400.000,1400.000,1400.000,1.686289,1.450770,0.428486,2.538678,0.162030,6.610417,101.957596,0.000000,0.653098820,0.678115128,1
pi3bplus_v2_margin_20260909T125804Z,pi3bplus,2,1,margin,true,0,35,35,2026-09-09T12:58:44Z,1473601743971,oi_svdd_as_elm_revision,n16,16,B1,0.5,31.096,32.172,1400.000,1400.000,1400.000,1400.000,1.575300,1.298376,0.339946,1.207074,0.135103,4.851994,101.848223,0.000000,0.707065764,0.675837280,1
pi3bplus_v2_margin_20260909T125804Z,pi3bplus,2,1,margin,true,0,36,36,2026-09-09T12:58:44Z,1473704317500,oi_svdd_as_elm_revision,n16,16,B1,0.5,32.172,31.096,1400.000,1400.000,1400.000,1400.000,1.615456,1.258324,0.345987,1.267074,0.133228,4.916681,101.856973,0.000000,0.533718961,0.521028209,1
pi3bplus_v2_margin_20260909T125804Z,pi3bplus,2,1,margin,true,0,37,37,2026-09-09T12:58:44Z,1473806823530,oi_svdd_as_elm_revision,n16,16,B1,0.5,31.096,31.634,1400.000,1400.000,1400.000,1400.000,1.644726,1.249678,0.343382,1.207178,0.139009,4.874859,101.949576,0.000000,0.735618877,0.787342875,1
pi3bplus_v2_margin_20260909T125804Z,pi3bplus,2,1,margin,true,0,38,38,2026-09-09T12:58:44Z,1473909759297,oi_svdd_as_elm_revision,n16,16,B1,0.5,31.096,31.634,1400.000,1400.000,1400.000,1400.000,1.688841,1.325146,0.432288,1.401499,0.138592,5.299594,101.877597,0.000000,0.652682001,0.542489804,1
pi3bplus_v2_margin_20260909T125804Z,pi3bplus,2,1,margin,true,0,39,39,2026-09-09T12:58:44Z,1474012422096,oi_svdd_as_elm_revision,n16,16,B1,0.5,32.172,31.096,1400.000,1400.000,1400.000,1400.000,1.674570,1.253272,0.346872,1.572332,0.160988,5.323553,101.872702,0.000000,0.750185381,0.752887376,1
pi3bplus_v2_margin_20260909T125804Z,pi3bplus,2,1,margin,true,1,0,40,2026-09-09T12:58:45Z,1474798984913,lucid_revision,n1,1,B0,0.0,31.634,31.096,1400.000,1400.000,1400.000,1400.000,1.838528,0.310363,0.311456,1.004054,0.124062,3.882678,101.958169,0.000000,0.051904278,0.025585451,1
pi3bplus_v2_margin_20260909T125804Z,pi3bplus,2,1,margin,true,1,1,41,2026-09-09T12:58:45Z,1474901599326,lucid_revision,n1,1,B0,0.0,31.634,31.096,1400.000,1400.000,1400.000,1400.000,1.582644,0.283071,0.318226,1.139367,0.114218,3.687628,101.896086,0.000000,0.909249840,0.832367616,1
pi3bplus_v2_margin_20260909T125804Z,pi3bplus,2,1,margin,true,1,2,42,2026-09-09T12:58:45Z,1475004230146,lucid_revision,n1,1,B0,0.0,31.096,31.096,1400.000,1400.000,1400.000,1400.000,1.607071,0.315414,0.348279,1.007701,0.121874,3.689294,101.912180,0.000000,0.872815164,0.738048869,1
pi3bplus_v2_margin_20260909T125804Z,pi3bplus,2,1,margin,true,1,3,43,2026-09-09T12:58:45Z,1475106756904,lucid_revision,n1,1,B0,0.0,31.634,30.558,1400.000,1400.000,1400.000,1400.000,1.664570,0.287811,0.315050,0.961034,0.111874,3.588774,101.907596,0.000000,0.917877043,0.836638354,1
pi3bplus_v2_margin_20260909T125804Z,pi3bplus,2,1,margin,true,1,4,44,2026-09-09T12:58:45Z,1475209275641,lucid_revision,n1,1,B0,0.0,31.634,31.096,1400.000,1400.000,1400.000,1400.000,1.561395,0.290311,0.317133,1.025200,0.116717,3.558202,101.863221,0.000000,0.927761388,0.834759896,1
pi3bplus_v2_margin_20260909T125804Z,pi3bplus,2,1,margin,true,1,5,45,2026-09-09T12:58:46Z,1475311753545,lucid_revision,n1,1,B0,0.0,31.096,31.096,1400.000,1400.000,1400.000,1400.000,1.685924,0.288332,0.312497,0.953118,0.113541,3.599191,101.877335,0.000000,0.105553296,0.023092523,1
pi3bplus_v2_margin_20260909T125804Z,pi3bplus,2,1,margin,true,1,6,46,2026-09-09T12:58:46Z,1475414242229,lucid_revision,n1,1,B0,0.0,31.096,31.096,1400.000,1400.000,1400.000,1400.000,1.561707,0.343383,0.315258,0.962545,0.114791,3.543462,101.684732,0.000000,0.900671185,0.901085231,1
pi3bplus_v2_margin_20260909T125804Z,pi3bplus,2,1,margin,true,1,7,47,2026-09-09T12:58:46Z,1475516630550,lucid_revision,n1,1,B0,0.0,31.096,31.096,1400.000,1400.000,1400.000,1400.000,2.172014,0.414788,0.382340,1.261136,0.122551,4.706422,101.918688,0.000000,0.871998026,0.754205992,1
pi3bplus_v2_margin_20260909T125804Z,pi3bplus,2,1,margin,true,1,8,48,2026-09-09T12:58:46Z,1475619164650,lucid_revision,n1,1,B0,0.0,31.096,31.096,1400.000,1400.000,1400.000,1400.000,1.697383,0.294425,0.309216,0.962649,0.115312,3.640076,101.928168,0.000000,0.999994761,0.783306964,1
pi3bplus_v2_margin_20260909T125804Z,pi3bplus,2,1,margin,true,1,9,49,2026-09-09T12:58:46Z,1475721706459,lucid_revision,n1,1,B0,0.0,31.096,31.096,1400.000,1400.000,1400.000,1400.000,1.563112,0.285206,0.373904,0.974888,0.113801,3.556171,101.830044,0.000000,0.873661561,0.781711171,1
pi3bplus_v2_margin_20260909T125804Z,pi3bplus,2,1,margin,true,1,10,50,2026-09-09T12:58:46Z,1475824235091,lucid_revision,n1,1,B0,0.0,31.096,31.096,1400.000,1400.000,1400.000,1400.000,1.605092,0.293487,0.318696,0.960722,0.113593,3.540858,101.843689,0.000000,0.873837159,0.772970276,1
pi3bplus_v2_margin_20260909T125804Z,pi3bplus,2,1,margin,true,1,11,51,2026-09-09T12:58:46Z,1475926691536,lucid_revision,n1,1,B0,0.0,31.096,31.096,1400.000,1400.000,1400.000,1400.000,1.645092,0.296925,0.314008,0.964368,0.113697,3.579816,102.026709,0.000000,0.008045824,0.025124978,1
pi3bplus_v2_margin_20260909T125804Z,pi3bplus,2,1,margin,true,1,12,52,2026-09-09T12:58:46Z,1476029335219,lucid_revision,n1,1,B0,0.0,31.096,31.096,1400.000,1400.000,1400.000,1400.000,1.568998,0.286561,0.311664,1.046711,0.121718,3.582368,101.896293,0.000000,0.086872851,0.022714687,1
pi3bplus_v2_margin_20260909T125804Z,pi3bplus,2,1,margin,true,1,13,53,2026-09-09T12:58:46Z,1476131846768,lucid_revision,n1,1,B0,0.0,31.634,31.634,1400.000,1400.000,1400.000,1400.000,1.682226,0.292810,0.315779,0.963013,0.114165,3.614816,101.899053,0.000000,0.874139141,0.713189610,1
pi3bplus_v2_margin_20260909T125804Z,pi3bplus,2,1,margin,true,1,14,54,2026-09-09T12:58:46Z,1476234366129,lucid_revision,n1,1,B0,0.0,31.096,31.634,1400.000,1400.000,1400.000,1400.000,1.559832,0.336820,0.308122,0.951659,0.114375,3.524087,101.956084,0.000000,0.079021304,0.024258913,1
pi3bplus_v2_margin_20260909T125804Z,pi3bplus,2,1,margin,true,1,15,55,2026-09-09T12:58:47Z,1476336946426,lucid_revision,n1,1,B0,0.0,31.634,30.558,1400.000,1400.000,1400.000,1400.000,1.568113,0.290415,0.308904,1.027804,0.114583,3.558306,101.829001,0.000000,0.873980188,0.658293222,1
pi3bplus_v2_margin_20260909T125804Z,pi3bplus,2,1,margin,true,1,16,56,2026-09-09T12:58:47Z,1476439426204,lucid_revision,n1,1,B0,0.0,30.558,31.096,1400.000,1400.000,1400.000,1400.000,1.687800,0.296352,0.309685,0.976712,0.113124,3.645232,101.839052,0.000000,0.080167154,0.024566219,1
pi3bplus_v2_margin_20260909T125804Z,pi3bplus,2,1,margin,true,1,17,57,2026-09-09T12:58:47Z,1476541880200,lucid_revision,n1,1,B0,0.0,31.096,31.096,1400.000,1400.000,1400.000,1400.000,1.559571,0.289477,0.368748,0.977128,0.121145,3.572472,101.826292,0.000000,0.874017619,0.761762997,1
pi3bplus_v2_margin_20260909T125804Z,pi3bplus,2,1,margin,true,1,18,58,2026-09-09T12:58:47Z,1476644436955,lucid_revision,n1,1,B0,0.0,31.096,30.558,1400.000,1400.000,1400.000,1400.000,1.613164,0.287237,0.318279,0.964993,0.113854,3.546535,101.830251,0.000000,0.808684464,0.845590907,1
pi3bplus_v2_margin_20260909T125804Z,pi3bplus,2,1,margin,true,1,19,59,2026-09-09T12:58:47Z,1476746881733,lucid_revision,n1,1,B0,0.0,31.096,31.096,1400.000,1400.000,1400.000,1400.000,1.672122,0.295727,0.316091,0.963847,0.114634,3.609190,101.948322,0.000000,0.992949930,0.844630385,1
pi3bplus_v2_margin_20260909T125804Z,pi3bplus,2,1,margin,true,1,20,60,2026-09-09T12:58:47Z,1476849448853,lucid_revision,n1,1,B0,0.0,31.096,31.096,1400.000,1400.000,1400.000,1400.000,1.563999,0.291456,0.309946,1.106397,0.118592,3.643982,101.890823,0.000000,0.873993278,0.792925072,1
pi3bplus_v2_margin_20260909T125804Z,pi3bplus,2,1,margin,true,1,21,61,2026-09-09T12:58:47Z,1476951959619,lucid_revision,n1,1,B0,0.0,31.096,31.096,1400.000,1400.000,1400.000,1400.000,1.637487,0.297081,0.316040,0.953274,0.113854,3.635753,101.888688,0.000000,0.966470818,0.840573076,1
pi3bplus_v2_margin_20260909T125804Z,pi3bplus,2,1,margin,true,1,22,62,2026-09-09T12:58:47Z,1477054468354,lucid_revision,n1,1,B0,0.0,30.020,31.096,1400.000,1400.000,1400.000,1400.000,1.652539,0.295935,0.305727,0.966034,0.114113,3.586483,101.951865,0.000000,0.081112823,0.022470058,1
pi3bplus_v2_margin_20260909T125804Z,pi3bplus,2,1,margin,true,1,23,63,2026-09-09T12:58:47Z,1477157038652,lucid_revision,n1,1,B0,0.0,30.558,31.096,1400.000,1400.000,1400.000,1400.000,1.554206,0.291560,0.315206,1.020929,0.117447,3.547941,101.816136,0.000000,0.050405398,0.024913331,1
pi3bplus_v2_margin_20260909T125804Z,pi3bplus,2,1,margin,true,1,24,64,2026-09-09T12:58:48Z,1477259465096,lucid_revision,n1,1,B0,0.0,31.096,31.096,1400.000,1400.000,1400.000,1400.000,1.675039,0.295206,0.315414,0.958899,0.114686,3.607680,101.898166,0.000000,0.925908638,0.843651392,1
pi3bplus_v2_margin_20260909T125804Z,pi3bplus,2,1,margin,true,1,25,65,2026-09-09T12:58:48Z,1477361972944,lucid_revision,n1,1,B0,0.0,31.096,31.096,1400.000,1400.000,1400.000,1400.000,1.551915,0.286040,0.383070,0.972596,0.119583,3.564869,101.835875,0.000000,0.231484498,0.024667121,1
pi3bplus_v2_margin_20260909T125804Z,pi3bplus,2,1,margin,true,1,26,66,2026-09-09T12:58:48Z,1477464507355,lucid_revision,n1,1,B0,0.0,30.558,31.096,1400.000,1400.000,1400.000,1400.000,1.594206,0.284425,0.308279,0.954472,0.171613,3.575389,101.753584,0.000000,0.874562420,0.703716804,1
pi3bplus_v2_margin_20260909T125804Z,pi3bplus,2,1,margin,true,1,27,67,2026-09-09T12:58:48Z,1477566877080,lucid_revision,n1,1,B0,0.0,31.096,31.096,1400.000,1400.000,1400.000,1400.000,1.674258,0.291924,0.314529,0.956919,0.112447,3.594243,101.929572,0.000000,0.000144088,0.024737807,1
pi3bplus_v2_margin_20260909T125804Z,pi3bplus,2,1,margin,true,1,28,68,2026-09-09T12:58:48Z,1477669419981,lucid_revision,n1,1,B0,0.0,31.096,30.558,1400.000,1400.000,1400.000,1400.000,1.561915,0.286456,0.316300,1.025513,0.113905,3.551899,101.814312,0.000000,0.936985698,0.855006838,1
pi3bplus_v2_margin_20260909T125804Z,pi3bplus,2,1,margin,true,1,29,69,2026-09-09T12:58:48Z,1477771850226,lucid_revision,n1,1,B0,0.0,31.096,30.558,1400.000,1400.000,1400.000,1400.000,1.669623,0.292342,0.314685,0.952649,0.119269,3.599191,101.955718,0.000000,0.998805394,0.861550666,1
pi3bplus_v2_margin_20260909T125804Z,pi3bplus,2,1,margin,true,1,30,70,2026-09-09T12:58:48Z,1477874459012,lucid_revision,n1,1,B0,0.0,31.096,31.096,1400.000,1400.000,1400.000,1400.000,1.627956,0.296352,0.307914,0.958899,0.118749,3.557211,101.992696,0.000000,0.084806704,0.024472743,1
pi3bplus_v2_margin_20260909T125804Z,pi3bplus,2,1,margin,true,1,31,71,2026-09-09T12:58:48Z,1477977078839,lucid_revision,n1,1,B0,0.0,31.096,31.096,1400.000,1400.000,1400.000,1400.000,1.567800,0.279946,0.306768,1.034471,0.122499,3.564034,101.894832,0.000000,0.000126344,0.000821553,1
pi3bplus_v2_margin_20260909T125804Z,pi3bplus,2,1,margin,true,1,32,72,2026-09-09T12:58:48Z,1478079591062,lucid_revision,n1,1,B0,0.0,31.096,30.558,1400.000,1400.000,1400.000,1400.000,1.686914,0.294581,0.314841,0.956867,0.114687,3.623566,101.904520,0.000000,0.874144415,0.697388984,1
pi3bplus_v2_margin_20260909T125804Z,pi3bplus,2,1,margin,true,1,33,73,2026-09-09T12:58:48Z,1478182108598,lucid_revision,n1,1,B0,0.0,31.096,31.096,1400.000,1400.000,1400.000,1400.000,1.560613,0.336924,0.313488,0.965982,0.113489,3.551535,101.832125,0.000000,0.970134845,0.839770768,1
pi3bplus_v2_margin_20260909T125804Z,pi3bplus,2,1,margin,true,1,34,74,2026-09-09T12:58:49Z,1478284627645,lucid_revision,n1,1,B0,0.0,30.558,31.096,1400.000,1400.000,1400.000,1400.000,1.590040,0.283799,0.311248,0.957649,0.122395,3.577524,101.815353,0.000000,0.874374603,0.714510486,1
pi3bplus_v2_margin_20260909T125804Z,pi3bplus,2,1,margin,true,1,35,75,2026-09-09T12:58:49Z,1478387053983,lucid_revision,n1,1,B0,0.0,31.096,31.096,1400.000,1400.000,1400.000,1400.000,1.751861,0.291768,0.314685,0.957389,0.113801,3.675492,101.915977,0.000000,0.964313903,0.842375325,1
pi3bplus_v2_margin_20260909T125804Z,pi3bplus,2,1,margin,true,1,36,76,2026-09-09T12:58:49Z,1478489585268,lucid_revision,n1,1,B0,0.0,31.634,31.096,1400.000,1400.000,1400.000,1400.000,1.553165,0.289477,0.309790,1.014106,0.113853,3.528462,101.764937,0.000000,0.000000000,0.014023590,1
pi3bplus_v2_margin_20260909T125804Z,pi3bplus,2,1,margin,true,1,37,77,2026-09-09T12:58:49Z,1478591976085,lucid_revision,n1,1,B0,0.0,30.558,31.096,1400.000,1400.000,1400.000,1400.000,1.611914,0.295311,0.318331,0.959785,0.112186,3.627941,101.826916,0.000000,0.992999492,0.824564055,1
pi3bplus_v2_margin_20260909T125804Z,pi3bplus,2,1,margin,true,1,38,78,2026-09-09T12:58:49Z,1478694413256,lucid_revision,n1,1,B0,0.0,30.558,31.096,1400.000,1400.000,1400.000,1400.000,1.636654,0.287185,0.311456,0.956399,0.112968,3.551170,101.895457,0.000000,0.641866756,0.051040097,1
pi3bplus_v2_margin_20260909T125804Z,pi3bplus,2,1,margin,true,1,39,79,2026-09-09T12:58:49Z,1478796923083,lucid_revision,n1,1,B0,0.0,31.096,31.096,1400.000,1400.000,1400.000,1400.000,1.565769,0.290310,0.317862,1.019627,0.117030,3.559191,101.799468,0.000000,0.958680078,0.851299151,1
pi3bplus_v2_margin_20260909T125804Z,pi3bplus,2,1,margin,true,2,0,80,2026-09-09T12:58:50Z,1479410055443,fisvdd_revision,n64,64,B2,1.0,31.096,30.558,1400.000,1400.000,1400.000,1400.000,2.110035,4.758713,0.523069,1.428843,0.142134,9.519353,102.290505,0.000000,0.742341540,0.504133242,1
pi3bplus_v2_margin_20260909T125804Z,pi3bplus,2,1,margin,true,2,1,81,2026-09-09T12:58:50Z,1479513201045,fisvdd_revision,n64,64,B2,1.0,31.096,31.096,1400.000,1400.000,1400.000,1400.000,2.006131,4.948347,1.419677,1.278584,0.139583,10.584605,101.864779,0.000000,0.661500831,0.498400420,1
pi3bplus_v2_margin_20260909T125804Z,pi3bplus,2,1,margin,true,2,2,82,2026-09-09T12:58:50Z,1479615788475,fisvdd_revision,n64,64,B2,1.0,31.634,31.096,1400.000,1400.000,1400.000,1400.000,1.655769,4.368612,0.456767,1.109575,0.135988,8.162853,101.878372,0.000000,0.604163374,0.500581465,1
pi3bplus_v2_margin_20260909T125804Z,pi3bplus,2,1,margin,true,2,3,83,2026-09-09T12:58:50Z,1479718392519,fisvdd_revision,n64,64,B2,1.0,31.634,31.096,1400.000,1400.000,1400.000,1400.000,1.626706,4.299602,0.462757,1.102283,0.136353,8.073114,101.906132,0.000000,0.663456648,0.497362766,1
pi3bplus_v2_margin_20260909T125804Z,pi3bplus,2,1,margin,true,2,4,84,2026-09-09T12:58:50Z,1479821019896,fisvdd_revision,n64,64,B2,1.0,31.096,31.096,1400.000,1400.000,1400.000,1400.000,1.590144,4.287414,0.471663,1.149314,0.138280,8.078843,101.854726,0.000000,0.661846702,0.497380341,1
pi3bplus_v2_margin_20260909T125804Z,pi3bplus,2,1,margin,true,2,5,85,2026-09-09T12:58:50Z,1479923634408,fisvdd_revision,n64,64,B2,1.0,31.634,31.634,1400.000,1400.000,1400.000,1400.000,1.780820,4.303039,0.470048,1.104418,0.140415,8.235352,101.954570,0.000000,0.649602786,0.498680063,1
pi3bplus_v2_margin_20260909T125804Z,pi3bplus,2,1,margin,true,2,6,86,2026-09-09T12:58:50Z,1480026310274,fisvdd_revision,n64,64,B2,1.0,32.172,31.634,1400.000,1400.000,1400.000,1400.000,1.578373,4.373195,0.457913,1.096086,0.137446,8.092437,101.916133,0.000000,0.666018452,0.501828087,1
pi3bplus_v2_margin_20260909T125804Z,pi3bplus,2,1,margin,true,2,7,87,2026-09-09T12:58:50Z,1480128944891,fisvdd_revision,n64,64,B2,1.0,31.096,32.172,1400.000,1400.000,1400.000,1400.000,1.582644,4.326998,0.462236,1.164001,0.139582,8.109207,101.875143,0.000000,0.661304301,0.498817388,1
pi3bplus_v2_margin_20260909T125804Z,pi3bplus,2,1,margin,true,2,8,88,2026-09-09T12:58:50Z,1480231533518,fisvdd_revision,n64,64,B2,1.0,31.634,32.172,1400.000,1400.000,1400.000,1400.000,1.664466,4.313612,0.466038,1.098845,0.138853,8.116031,101.904153,0.000000,0.711093245,0.501488271,1
pi3bplus_v2_margin_20260909T125804Z,pi3bplus,2,1,margin,true,2,9,89,2026-09-09T12:58:51Z,1480334157405,fisvdd_revision,n64,64,B2,1.0,31.634,32.172,1400.000,1400.000,1400.000,1400.000,1.577644,4.340435,0.464267,1.100564,0.137134,8.066135,101.899829,0.000000,0.708952240,0.504269569,1
pi3bplus_v2_margin_20260909T125804Z,pi3bplus,2,1,margin,true,2,10,90,2026-09-09T12:58:51Z,1480436779000,fisvdd_revision,n64,64,B2,1.0,32.172,32.172,1400.000,1400.000,1400.000,1400.000,1.604779,4.316946,0.468017,1.232439,0.144998,8.213685,101.668373,0.000000,0.700301834,0.496992114,1
pi3bplus_v2_margin_20260909T125804Z,pi3bplus,2,1,margin,true,2,11,91,2026-09-09T12:58:51Z,1480539162784,fisvdd_revision,n64,64,B2,1.0,32.172,32.172,1400.000,1400.000,1400.000,1400.000,1.706029,4.346737,0.470100,1.097075,0.138593,8.195248,101.929829,0.000000,0.688998255,0.501688245,1
pi3bplus_v2_margin_20260909T125804Z,pi3bplus,2,1,margin,true,2,12,92,2026-09-09T12:58:51Z,1480641808909,fisvdd_revision,n64,64,B2,1.0,31.634,32.172,1400.000,1400.000,1400.000,1400.000,1.582383,4.308665,0.470152,1.103012,0.138749,8.084156,101.851862,0.000000,0.670777334,0.502969040,1
pi3bplus_v2_margin_20260909T125804Z,pi3bplus,2,1,margin,true,2,13,93,2026-09-09T12:58:51Z,1480744442952,fisvdd_revision,n64,64,B2,1.0,31.634,32.172,1400.000,1400.000,1400.000,1400.000,1.600248,4.321008,0.465881,1.183897,0.140884,8.150666,101.834986,0.000000,0.655770835,0.499278846,1
pi3bplus_v2_margin_20260909T125804Z,pi3bplus,2,1,margin,true,2,14,94,2026-09-09T12:58:51Z,1480846991995,fisvdd_revision,n64,64,B2,1.0,32.172,32.172,1400.000,1400.000,1400.000,1400.000,1.787643,4.309133,0.463330,1.096554,0.139113,8.238634,101.971808,0.000000,0.656568338,0.502489190,1
pi3bplus_v2_margin_20260909T125804Z,pi3bplus,2,1,margin,true,2,15,95,2026-09-09T12:58:51Z,1480949685569,fisvdd_revision,n64,64,B2,1.0,32.172,31.634,1400.000,1400.000,1400.000,1400.000,1.571811,4.352049,0.592287,1.117491,0.145989,8.214311,101.910819,0.000000,0.722882621,0.501944578,1
pi3bplus_v2_margin_20260909T125804Z,pi3bplus,2,1,margin,true,2,16,96,2026-09-09T12:58:51Z,1481052387996,fisvdd_revision,n64,64,B2,1.0,31.096,32.172,1400.000,1400.000,1400.000,1400.000,1.614519,4.321008,0.461195,1.160043,0.143541,8.141499,101.855143,0.000000,0.675253453,0.497219399,1
pi3bplus_v2_margin_20260909T125804Z,pi3bplus,2,1,margin,true,2,17,97,2026-09-09T12:58:51Z,1481154961154,fisvdd_revision,n64,64,B2,1.0,32.172,32.172,1400.000,1400.000,1400.000,1400.000,1.660247,4.311894,0.463277,1.093898,0.146405,8.111811,101.944985,0.000000,0.722400082,0.495588613,1
pi3bplus_v2_margin_20260909T125804Z,pi3bplus,2,1,margin,true,2,18,98,2026-09-09T12:58:52Z,1481257617071,fisvdd_revision,n64,64,B2,1.0,32.172,32.172,1400.000,1400.000,1400.000,1400.000,1.566602,4.319445,0.507288,1.106189,0.144791,8.091708,101.858214,0.000000,0.636540297,0.498355808,1
pi3bplus_v2_margin_20260909T125804Z,pi3bplus,2,1,margin,true,2,19,99,2026-09-09T12:58:52Z,1481360308456,fisvdd_revision,n64,64,B2,1.0,32.172,32.172,1400.000,1400.000,1400.000,1400.000,1.626029,4.352935,0.467392,1.164678,0.142186,8.192957,101.844048,0.000000,0.653696735,0.502118833,1
pi3bplus_v2_margin_20260909T125804Z,pi3bplus,2,1,margin,true,2,20,100,2026-09-09T12:58:52Z,1481462865519,fisvdd_revision,n64,64,B2,1.0,32.172,32.172,1400.000,1400.000,1400.000,1400.000,1.663997,4.385122,0.467965,1.094315,0.138957,8.192488,101.851131,0.000000,0.683766323,0.499618191,1
pi3bplus_v2_margin_20260909T125804Z,pi3bplus,2,1,margin,true,2,21,101,2026-09-09T12:58:52Z,1481565438572,fisvdd_revision,n64,64,B2,1.0,32.172,32.172,1400.000,1400.000,1400.000,1400.000,1.580664,4.327831,0.522548,1.117960,0.138540,8.122488,101.866912,0.000000,0.721293173,0.496969698,1
pi3bplus_v2_margin_20260909T125804Z,pi3bplus,2,1,margin,true,2,22,102,2026-09-09T12:58:52Z,1481668088186,fisvdd_revision,n64,64,B2,1.0,32.172,32.172,1400.000,1400.000,1400.000,1400.000,1.607852,4.307414,0.467914,1.098585,0.195363,8.108895,101.843787,0.000000,0.668895344,0.502209008,1
pi3bplus_v2_margin_20260909T125804Z,pi3bplus,2,1,margin,true,2,23,103,2026-09-09T12:58:52Z,1481770653322,fisvdd_revision,n64,64,B2,1.0,32.172,32.172,1400.000,1400.000,1400.000,1400.000,1.661809,4.317935,0.467340,1.101293,0.144999,8.125457,101.942432,0.000000,0.661761327,0.497517215,1
pi3bplus_v2_margin_20260909T125804Z,pi3bplus,2,1,margin,true,2,24,104,2026-09-09T12:58:52Z,1481873314967,fisvdd_revision,n64,64,B2,1.0,32.172,32.172,1400.000,1400.000,1400.000,1400.000,1.581758,4.394861,0.512131,1.102335,0.137655,8.160718,101.891287,0.000000,0.679101126,0.498431001,1
pi3bplus_v2_margin_20260909T125804Z,pi3bplus,2,1,margin,true,2,25,105,2026-09-09T12:58:52Z,1481975932290,fisvdd_revision,n64,64,B2,1.0,32.172,32.710,1400.000,1400.000,1400.000,1400.000,1.665143,4.388976,0.465256,1.104315,0.205519,8.254571,101.897225,0.000000,0.712741998,0.497125189,1
pi3bplus_v2_margin_20260909T125804Z,pi3bplus,2,1,margin,true,2,26,106,2026-09-09T12:58:52Z,1482078551176,fisvdd_revision,n64,64,B2,1.0,32.710,32.710,1400.000,1400.000,1400.000,1400.000,1.622644,4.324393,0.467340,1.097388,0.144687,8.092072,101.912328,0.000000,0.750760366,0.503855108,1
pi3bplus_v2_margin_20260909T125804Z,pi3bplus,2,1,margin,true,2,27,107,2026-09-09T12:58:52Z,1482181183186,fisvdd_revision,n64,64,B2,1.0,32.172,33.248,1400.000,1400.000,1400.000,1400.000,1.578530,4.326268,0.465569,1.154991,0.139686,8.093583,101.855974,0.000000,0.569738293,0.500917415,1
pi3bplus_v2_margin_20260909T125804Z,pi3bplus,2,1,margin,true,2,28,108,2026-09-09T12:58:53Z,1482283746238,fisvdd_revision,n64,64,B2,1.0,32.172,32.172,1400.000,1400.000,1400.000,1400.000,1.683529,4.325851,0.462653,1.094263,0.137499,8.137332,101.879880,0.000000,0.694795362,0.499614441,1
pi3bplus_v2_margin_20260909T125804Z,pi3bplus,2,1,margin,true,2,29,109,2026-09-09T12:58:53Z,1482386340696,fisvdd_revision,n64,64,B2,1.0,32.172,32.172,1400.000,1400.000,1400.000,1400.000,1.572071,4.343560,0.461871,1.102179,0.138488,8.054885,101.935035,0.000000,0.765360608,0.500629247,1
pi3bplus_v2_margin_20260909T125804Z,pi3bplus,2,1,margin,true,2,30,110,2026-09-09T12:58:53Z,1482489005882,fisvdd_revision,n64,64,B2,1.0,32.172,32.710,1400.000,1400.000,1400.000,1400.000,1.592384,4.408351,0.464997,1.179574,0.139947,8.226342,101.764099,0.000000,0.740873410,0.500442521,1
pi3bplus_v2_margin_20260909T125804Z,pi3bplus,2,1,margin,true,2,31,111,2026-09-09T12:58:53Z,1482591486017,fisvdd_revision,n64,64,B2,1.0,32.172,32.172,1400.000,1400.000,1400.000,1400.000,1.672175,4.343872,0.467340,1.105877,0.139218,8.159937,101.929984,0.000000,0.620228705,0.498535553,1
pi3bplus_v2_margin_20260909T125804Z,pi3bplus,2,1,margin,true,2,32,112,2026-09-09T12:58:53Z,1482694129693,fisvdd_revision,n64,64,B2,1.0,32.710,32.172,1400.000,1400.000,1400.000,1400.000,1.582019,4.345955,0.466611,1.089054,0.136665,8.065354,101.833995,0.000000,0.634794889,0.500298229,1
pi3bplus_v2_margin_20260909T125804Z,pi3bplus,2,1,margin,true,2,33,113,2026-09-09T12:58:53Z,1482796751911,fisvdd_revision,n64,64,B2,1.0,32.710,32.710,1400.000,1400.000,1400.000,1400.000,1.602748,4.305852,0.456298,1.164157,0.140363,8.107489,101.841495,0.000000,0.749454438,0.498493285,1
pi3bplus_v2_margin_20260909T125804Z,pi3bplus,2,1,margin,true,2,34,114,2026-09-09T12:58:53Z,1482899344441,fisvdd_revision,n64,64,B2,1.0,32.710,32.710,1400.000,1400.000,1400.000,1400.000,1.816548,4.335851,0.461038,1.094367,0.138645,8.279102,101.965244,0.000000,0.692600712,0.497069997,1
pi3bplus_v2_margin_20260909T125804Z,pi3bplus,2,1,margin,true,2,35,115,2026-09-09T12:58:53Z,1483002026242,fisvdd_revision,n64,64,B2,1.0,32.172,32.172,1400.000,1400.000,1400.000,1400.000,1.570769,4.433142,0.465413,1.101502,0.138176,8.162645,101.892067,0.000000,0.651273197,0.497211717,1
pi3bplus_v2_margin_20260909T125804Z,pi3bplus,2,1,margin,true,2,36,116,2026-09-09T12:58:53Z,1483104700543,fisvdd_revision,n64,64,B2,1.0,32.172,32.710,1400.000,1400.000,1400.000,1400.000,1.606706,4.327830,0.460986,1.157960,0.138437,8.137801,101.843682,0.000000,0.686770209,0.501747299,1
pi3bplus_v2_margin_20260909T125804Z,pi3bplus,2,1,margin,true,2,37,117,2026-09-09T12:58:53Z,1483207260417,fisvdd_revision,n64,64,B2,1.0,32.710,32.710,1400.000,1400.000,1400.000,1400.000,1.660924,4.310904,0.464840,1.104940,0.138593,8.120926,101.911702,0.000000,0.756160687,0.500470294,1
pi3bplus_v2_margin_20260909T125804Z,pi3bplus,2,1,margin,true,2,38,118,2026-09-09T12:58:54Z,1483309890082,fisvdd_revision,n64,64,B2,1.0,32.172,33.248,1400.000,1400.000,1400.000,1400.000,1.579988,4.307622,0.468173,1.097544,0.137446,8.072177,101.846702,0.000000,0.668081830,0.499756318,1
pi3bplus_v2_margin_20260909T125804Z,pi3bplus,2,1,margin,true,2,39,119,2026-09-09T12:58:54Z,1483412519174,fisvdd_revision,n64,64,B2,1.0,32.172,32.710,1400.000,1400.000,1400.000,1400.000,1.621550,4.334914,0.466923,1.159001,0.143749,8.165144,101.859775,0.000000,0.665963421,0.499511949,1
pi3bplus_v2_margin_20260909T125804Z,pi3bplus,2,1,margin,true,3,0,120,2026-09-09T12:58:54Z,1484221765645,tinydl_revision,n1,1,B2,1.0,32.172,33.248,1400.000,1400.000,1400.000,1400.000,2.031286,0.434164,0.355257,0.326769,0.143905,3.598983,102.097429,0.000000,0.873731323,0.593305969,1
pi3bplus_v2_margin_20260909T125804Z,pi3bplus,2,1,margin,true,3,1,121,2026-09-09T12:58:55Z,1484324653536,tinydl_revision,n1,1,B2,1.0,32.172,32.710,1400.000,1400.000,1400.000,1400.000,1.996807,0.264321,0.311508,0.323799,0.129843,3.302266,101.857482,0.000000,0.875373006,0.226702372,1
pi3bplus_v2_margin_20260909T125804Z,pi3bplus,2,1,margin,true,3,2,122,2026-09-09T12:58:55Z,1484427134607,tinydl_revision,n1,1,B2,1.0,32.172,32.172,1400.000,1400.000,1400.000,1400.000,1.676653,0.292862,0.309269,0.293904,0.123540,2.941488,102.022429,0.000000,0.641866756,0.999999503,1
pi3bplus_v2_margin_20260909T125804Z,pi3bplus,2,1,margin,true,3,3,123,2026-09-09T12:58:55Z,1484529778437,tinydl_revision,n1,1,B2,1.0,32.172,32.172,1400.000,1400.000,1400.000,1400.000,1.583269,0.282914,0.371351,0.296977,0.131926,2.922842,101.878368,0.000000,0.931440298,0.999985841,1
pi3bplus_v2_margin_20260909T125804Z,pi3bplus,2,1,margin,true,3,4,124,2026-09-09T12:58:55Z,1484632400080,tinydl_revision,n1,1,B2,1.0,32.172,32.172,1400.000,1400.000,1400.000,1400.000,1.624310,0.290102,0.319737,0.285779,0.126509,2.890811,101.872066,0.000000,0.918562981,0.999540077,1
pi3bplus_v2_margin_20260909T125804Z,pi3bplus,2,1,margin,true,3,5,125,2026-09-09T12:58:55Z,1484734895734,tinydl_revision,n1,1,B2,1.0,32.172,32.710,1400.000,1400.000,1400.000,1400.000,1.672435,0.295362,0.311039,0.293123,0.122291,2.940029,101.944409,0.000000,0.903439705,0.901623301,1
pi3bplus_v2_margin_20260909T125804Z,pi3bplus,2,1,margin,true,3,6,126,2026-09-09T12:58:55Z,1484837452742,tinydl_revision,n1,1,B2,1.0,33.248,33.248,1400.000,1400.000,1400.000,1400.000,1.583373,0.286299,0.311560,0.413017,0.130624,2.986591,101.850087,0.000000,0.926186671,0.999996912,1
pi3bplus_v2_margin_20260909T125804Z,pi3bplus,2,1,margin,true,3,7,127,2026-09-09T12:58:55Z,1484939920636,tinydl_revision,n1,1,B2,1.0,33.248,32.172,1400.000,1400.000,1400.000,1400.000,4.795119,0.303591,0.309217,0.290570,0.121406,6.074640,101.942898,0.000000,0.990879234,0.000476438,1
pi3bplus_v2_margin_20260909T125804Z,pi3bplus,2,1,margin,true,3,8,128,2026-09-09T12:58:55Z,1485042527019,tinydl_revision,n1,1,B2,1.0,32.710,32.710,1400.000,1400.000,1400.000,1400.000,1.668685,0.294529,0.315571,0.294581,0.125051,2.945445,101.913002,0.000000,0.926877556,0.999994866,1
pi3bplus_v2_margin_20260909T125804Z,pi3bplus,2,1,margin,true,3,9,129,2026-09-09T12:58:55Z,1485145057412,tinydl_revision,n1,1,B2,1.0,33.248,32.710,1400.000,1400.000,1400.000,1400.000,1.593633,0.291404,0.316821,0.285935,0.126145,2.858728,101.841962,0.000000,0.080940875,0.000210070,1
pi3bplus_v2_margin_20260909T125804Z,pi3bplus,2,1,margin,true,3,10,130,2026-09-09T12:58:55Z,1485247515827,tinydl_revision,n1,1,B2,1.0,32.710,32.710,1400.000,1400.000,1400.000,1400.000,1.691445,0.295206,0.314321,0.283175,0.126509,2.954404,101.909668,0.000000,0.002460500,0.000009962,1
pi3bplus_v2_margin_20260909T125804Z,pi3bplus,2,1,margin,true,3,11,131,2026-09-09T12:58:56Z,1485350046376,tinydl_revision,n1,1,B2,1.0,33.248,32.710,1400.000,1400.000,1400.000,1400.000,1.582539,0.287029,0.312706,0.288903,0.123280,2.890602,101.835554,0.000000,0.030680660,0.000099152,1
pi3bplus_v2_margin_20260909T125804Z,pi3bplus,2,1,margin,true,3,12,132,2026-09-09T12:58:56Z,1485452559685,tinydl_revision,n1,1,B2,1.0,32.710,32.710,1400.000,1400.000,1400.000,1400.000,1.611654,0.284633,0.304581,0.290206,0.122030,2.872061,103.022472,0.000000,0.221603450,0.000058577,1
pi3bplus_v2_margin_20260909T125804Z,pi3bplus,2,1,margin,true,3,13,133,2026-09-09T12:58:56Z,1485556258923,tinydl_revision,n1,1,B2,1.0,33.248,33.248,1400.000,1400.000,1400.000,1400.000,1.638112,0.293383,0.314842,0.287290,0.125988,2.908831,101.870241,0.000000,0.639168619,0.901954205,1
pi3bplus_v2_margin_20260909T125804Z,pi3bplus,2,1,margin,true,3,14,134,2026-09-09T12:58:56Z,1485658749472,tinydl_revision,n1,1,B2,1.0,32.710,32.710,1400.000,1400.000,1400.000,1400.000,1.678372,0.294216,0.309789,0.293592,0.122968,2.945185,101.948470,0.000000,0.927693335,0.999994168,1
pi3bplus_v2_margin_20260909T125804Z,pi3bplus,2,1,margin,true,3,15,135,2026-09-09T12:58:56Z,1485761317416,tinydl_revision,n1,1,B2,1.0,32.710,33.248,1400.000,1400.000,1400.000,1400.000,1.582331,0.285727,0.309165,0.290831,0.124947,2.886123,101.857377,0.000000,0.874204671,0.553978565,1
pi3bplus_v2_margin_20260909T125804Z,pi3bplus,2,1,margin,true,3,16,136,2026-09-09T12:58:56Z,1485863785934,tinydl_revision,n1,1,B2,1.0,33.248,32.710,1400.000,1400.000,1400.000,1400.000,1.795195,0.294425,0.309216,0.299789,0.121302,3.069403,101.966751,0.000000,0.874533932,0.388917745,1
pi3bplus_v2_margin_20260909T125804Z,pi3bplus,2,1,margin,true,3,17,137,2026-09-09T12:58:56Z,1485966371639,tinydl_revision,n1,1,B2,1.0,33.248,32.710,1400.000,1400.000,1400.000,1400.000,1.622279,0.295467,0.313383,0.282654,0.122030,2.887998,101.999459,0.000000,0.287602819,0.001425438,1
pi3bplus_v2_margin_20260909T125804Z,pi3bplus,2,1,margin,true,3,18,138,2026-09-09T12:58:56Z,1486068992603,tinydl_revision,n1,1,B2,1.0,33.248,32.172,1400.000,1400.000,1400.000,1400.000,1.593061,0.288071,0.316299,0.285206,0.126509,2.854093,101.846805,0.000000,0.993006544,0.999962126,1
pi3bplus_v2_margin_20260909T125804Z,pi3bplus,2,1,margin,true,3,19,139,2026-09-09T12:58:56Z,1486171464142,tinydl_revision,n1,1,B2,1.0,33.248,32.710,1400.000,1400.000,1400.000,1400.000,1.688111,0.295727,0.314841,0.287654,0.127343,2.960185,101.892845,0.000000,0.873688957,0.824928101,1
pi3bplus_v2_margin_20260909T125804Z,pi3bplus,2,1,margin,true,3,20,140,2026-09-09T12:58:57Z,1486273968233,tinydl_revision,n1,1,B2,1.0,32.710,33.248,1400.000,1400.000,1400.000,1400.000,1.587643,0.290675,0.318799,0.286404,0.128333,2.897477,101.843261,0.000000,0.935402559,0.999992409,1
pi3bplus_v2_margin_20260909T125804Z,pi3bplus,2,1,margin,true,3,21,141,2026-09-09T12:58:57Z,1486376513207,tinydl_revision,n1,1,B2,1.0,32.710,32.172,1400.000,1400.000,1400.000,1400.000,1.626342,0.285310,0.316196,0.287394,0.127916,2.890811,101.830554,0.000000,0.990232123,0.999997896,1
pi3bplus_v2_margin_20260909T125804Z,pi3bplus,2,1,margin,true,3,22,142,2026-09-09T12:58:57Z,1486478957662,tinydl_revision,n1,1,B2,1.0,32.710,32.710,1400.000,1400.000,1400.000,1400.000,1.664414,0.293852,0.309164,0.292706,0.123697,2.934352,101.837532,0.000000,0.918598072,0.999991297,1
pi3bplus_v2_margin_20260909T125804Z,pi3bplus,2,1,margin,true,3,23,143,2026-09-09T12:58:57Z,1486581451023,tinydl_revision,n1,1,B2,1.0,32.710,32.710,1400.000,1400.000,1400.000,1400.000,1.607956,0.287185,0.307446,0.346768,0.129478,2.941122,101.852896,0.000000,0.001429082,0.000005358,1
pi3bplus_v2_margin_20260909T125804Z,pi3bplus,2,1,margin,true,3,24,144,2026-09-09T12:58:57Z,1486683922717,tinydl_revision,n1,1,B2,1.0,32.710,32.172,1400.000,1400.000,1400.000,1400.000,1.690038,0.291040,0.316247,0.291039,0.122968,2.955758,101.896959,0.000000,0.874392594,0.783942433,1
pi3bplus_v2_margin_20260909T125804Z,pi3bplus,2,1,margin,true,3,25,145,2026-09-09T12:58:57Z,1486786439514,tinydl_revision,n1,1,B2,1.0,33.248,32.710,1400.000,1400.000,1400.000,1400.000,1.623164,0.295363,0.311351,0.284789,0.126405,2.884144,102.002740,0.000000,0.224872231,0.000021025,1
pi3bplus_v2_margin_20260909T125804Z,pi3bplus,2,1,margin,true,3,26,146,2026-09-09T12:58:57Z,1486889070843,tinydl_revision,n1,1,B2,1.0,32.710,33.248,1400.000,1400.000,1400.000,1400.000,1.605092,0.289738,0.316977,0.285935,0.128020,2.867217,101.954042,0.000000,0.083528289,0.000218973,1
pi3bplus_v2_margin_20260909T125804Z,pi3bplus,2,1,margin,true,3,27,147,2026-09-09T12:58:57Z,1486991649619,tinydl_revision,n1,1,B2,1.0,32.172,32.710,1400.000,1400.000,1400.000,1400.000,1.886652,0.293279,0.309164,0.292758,0.121978,3.153673,101.962896,0.000000,0.244230853,0.000151670,1
pi3bplus_v2_margin_20260909T125804Z,pi3bplus,2,1,margin,true,3,28,148,2026-09-09T12:58:57Z,1487094235844,tinydl_revision,n1,1,B2,1.0,33.248,32.710,1400.000,1400.000,1400.000,1400.000,1.596706,0.336612,0.312810,0.282394,0.128123,2.902633,101.904302,0.000000,0.000284760,0.000000279,1
pi3bplus_v2_margin_20260909T125804Z,pi3bplus,2,1,margin,true,3,29,149,2026-09-09T12:58:57Z,1487196760766,tinydl_revision,n1,1,B2,1.0,33.248,32.172,1400.000,1400.000,1400.000,1400.000,1.604154,0.286768,0.309320,0.290779,0.122238,2.865811,101.844407,0.000000,0.640888890,0.990017617,1
pi3bplus_v2_margin_20260909T125804Z,pi3bplus,2,1,margin,true,3,30,150,2026-09-09T12:58:58Z,1487299223189,tinydl_revision,n1,1,B2,1.0,32.710,32.710,1400.000,1400.000,1400.000,1400.000,1.678841,0.294269,0.308175,0.290519,0.120781,2.938206,101.956489,0.000000,0.927693335,0.999994168,1
pi3bplus_v2_margin_20260909T125804Z,pi3bplus,2,1,margin,true,3,31,151,2026-09-09T12:58:58Z,1487401797538,tinydl_revision,n1,1,B2,1.0,33.248,32.710,1400.000,1400.000,1400.000,1400.000,1.581550,0.292238,0.356351,0.291925,0.125155,2.895237,101.842635,0.000000,0.874513895,0.294839632,1
pi3bplus_v2_margin_20260909T125804Z,pi3bplus,2,1,margin,true,3,32,152,2026-09-09T12:58:58Z,1487504325845,tinydl_revision,n1,1,B2,1.0,32.710,32.710,1400.000,1400.000,1400.000,1400.000,1.625821,0.292966,0.315154,0.283643,0.127447,2.888363,101.809771,0.000000,0.230376202,0.000168032,1
pi3bplus_v2_margin_20260909T125804Z,pi3bplus,2,1,margin,true,3,33,153,2026-09-09T12:58:58Z,1487606754622,tinydl_revision,n1,1,B2,1.0,32.172,32.710,1400.000,1400.000,1400.000,1400.000,1.681810,0.296925,0.314216,0.287550,0.127134,2.954091,101.927634,0.000000,0.938957216,0.999951870,1
pi3bplus_v2_margin_20260909T125804Z,pi3bplus,2,1,margin,true,3,34,154,2026-09-09T12:58:58Z,1487709302824,tinydl_revision,n1,1,B2,1.0,33.248,32.710,1400.000,1400.000,1400.000,1400.000,1.591185,0.290206,0.304633,0.291820,0.124895,2.887217,101.884094,0.000000,0.000000000,0.000000000,1
pi3bplus_v2_margin_20260909T125804Z,pi3bplus,2,1,margin,true,3,35,155,2026-09-09T12:58:58Z,1487811809309,tinydl_revision,n1,1,B2,1.0,32.710,32.710,1400.000,1400.000,1400.000,1400.000,1.692122,0.294424,0.310779,0.289477,0.120937,2.959091,101.936593,0.000000,0.934772035,0.347959040,1
pi3bplus_v2_margin_20260909T125804Z,pi3bplus,2,1,margin,true,3,36,156,2026-09-09T12:58:58Z,1487914360480,tinydl_revision,n1,1,B2,1.0,32.710,32.710,1400.000,1400.000,1400.000,1400.000,1.647070,0.289581,0.307550,0.290727,0.122604,2.907790,101.995447,0.000000,0.643943701,0.996922720,1
pi3bplus_v2_margin_20260909T125804Z,pi3bplus,2,1,margin,true,3,37,157,2026-09-09T12:58:58Z,1488017018318,tinydl_revision,n1,1,B2,1.0,33.248,33.786,1400.000,1400.000,1400.000,1400.000,1.619623,0.288279,0.438330,0.302550,0.147707,5.683861,103.992931,0.000000,0.645351775,0.997108993,1
pi3bplus_v2_margin_20260909T125804Z,pi3bplus,2,1,margin,true,3,38,158,2026-09-09T12:58:58Z,1488121631348,tinydl_revision,n1,1,B2,1.0,33.248,33.248,1400.000,1400.000,1400.000,1400.000,1.606550,0.286612,3.285234,0.440153,0.142811,6.029849,101.861229,0.000000,0.222250907,0.000049605,1
pi3bplus_v2_margin_20260909T125804Z,pi3bplus,2,1,margin,true,3,39,159,2026-09-09T12:58:58Z,1488224182311,tinydl_revision,n1,1,B2,1.0,33.248,33.248,1400.000,1400.000,1400.000,1400.000,1.631445,0.284112,0.316977,0.290883,0.121718,2.893207,101.856750,0.000000,0.990271313,0.999982545,1
pi3bplus_v2_margin_20260909T125804Z,pi3bplus,2,1,margin,true,4,0,160,2026-09-09T12:58:59Z,1489030861056,lucid_revision,n16,16,B1,0.5,32.710,32.710,1400.000,1400.000,1400.000,1400.000,2.247847,1.377541,0.374216,11.367775,0.139582,15.881854,102.298099,0.000000,0.719858785,0.615280006,1
pi3bplus_v2_margin_20260909T125804Z,pi3bplus,2,1,margin,true,4,1,161,2026-09-09T12:58:59Z,1489133885972,lucid_revision,n16,16,B1,0.5,32.710,33.248,1400.000,1400.000,1400.000,1400.000,1.891912,1.418583,0.394632,10.282627,0.145988,14.493480,101.847427,0.000000,0.644219456,0.540561322,1
pi3bplus_v2_margin_20260909T125804Z,pi3bplus,2,1,margin,true,4,2,162,2026-09-09T12:58:59Z,1489236489903,lucid_revision,n16,16,B1,0.5,32.710,32.710,1400.000,1400.000,1400.000,1400.000,1.610040,1.251761,0.341925,10.125493,0.140051,13.778954,101.858779,0.000000,0.840542674,0.798098668,1
pi3bplus_v2_margin_20260909T125804Z,pi3bplus,2,1,margin,true,4,3,163,2026-09-09T12:59:00Z,1489339001594,lucid_revision,n16,16,B1,0.5,33.248,32.172,1400.000,1400.000,1400.000,1400.000,1.668893,1.256969,0.338851,10.138097,0.139374,13.838953,101.933674,0.000000,0.863909459,0.796940404,1
pi3bplus_v2_margin_20260909T125804Z,pi3bplus,2,1,margin,true,4,4,164,2026-09-09T12:59:00Z,1489441585263,lucid_revision,n16,16,B1,0.5,33.248,32.710,1400.000,1400.000,1400.000,1400.000,1.564103,1.314469,0.340049,10.094087,0.139791,13.755308,101.899196,0.000000,0.609243976,0.567229067,1
pi3bplus_v2_margin_20260909T125804Z,pi3bplus,2,1,margin,true,4,5,165,2026-09-09T12:59:00Z,1489544234193,lucid_revision,n16,16,B1,0.5,32.710,32.710,1400.000,1400.000,1400.000,1400.000,1.615560,1.260146,0.341768,10.154607,0.138437,13.817807,101.780394,0.000000,0.593692570,0.514968221,1
pi3bplus_v2_margin_20260909T125804Z,pi3bplus,2,1,margin,true,4,6,166,2026-09-09T12:59:00Z,1489646741769,lucid_revision,n16,16,B1,0.5,33.248,33.248,1400.000,1400.000,1400.000,1400.000,1.766548,1.266449,0.352653,10.266429,0.140676,14.126294,101.930028,0.000000,0.758481964,0.664658813,1
pi3bplus_v2_margin_20260909T125804Z,pi3bplus,2,1,margin,true,4,7,167,2026-09-09T12:59:00Z,1489749337521,lucid_revision,n16,16,B1,0.5,32.710,32.710,1400.000,1400.000,1400.000,1400.000,1.582175,1.317020,0.342341,10.144607,0.137915,13.828381,101.882894,0.000000,0.693602106,0.613514394,1
pi3bplus_v2_margin_20260909T125804Z,pi3bplus,2,1,margin,true,4,8,168,2026-09-09T12:59:00Z,1489851872285,lucid_revision,n16,16,B1,0.5,32.172,32.710,1400.000,1400.000,1400.000,1400.000,1.769257,1.273740,0.346612,10.160805,0.139946,13.985202,101.938935,0.000000,0.741009099,0.647703631,1
pi3bplus_v2_margin_20260909T125804Z,pi3bplus,2,1,margin,true,4,9,169,2026-09-09T12:59:00Z,1489954467725,lucid_revision,n16,16,B1,0.5,33.248,32.710,1400.000,1400.000,1400.000,1400.000,1.636498,1.264990,0.341403,10.135701,0.145103,13.838641,101.990601,0.000000,0.690808788,0.651324058,1
pi3bplus_v2_margin_20260909T125804Z,pi3bplus,2,1,margin,true,4,10,170,2026-09-09T12:59:00Z,1490057112019,lucid_revision,n16,16,B1,0.5,33.248,32.710,1400.000,1400.000,1400.000,1400.000,1.575665,1.318427,0.344268,10.136118,0.138905,13.824005,101.862373,0.000000,0.618121854,0.506999824,1
pi3bplus_v2_margin_20260909T125804Z,pi3bplus,2,1,margin,true,4,11,171,2026-09-09T12:59:00Z,1490159621939,lucid_revision,n16,16,B1,0.5,32.710,32.172,1400.000,1400.000,1400.000,1400.000,1.678685,1.268897,0.345362,10.176899,0.137708,13.909734,101.909612,0.000000,0.846955435,0.723230634,1
pi3bplus_v2_margin_20260909T125804Z,pi3bplus,2,1,margin,true,4,12,172,2026-09-09T12:59:01Z,1490262221389,lucid_revision,n16,16,B1,0.5,32.172,32.710,1400.000,1400.000,1400.000,1400.000,1.584779,1.319468,0.345623,10.064192,0.146666,13.759371,101.921122,0.000000,0.725480524,0.633413293,1
pi3bplus_v2_margin_20260909T125804Z,pi3bplus,2,1,margin,true,4,13,173,2026-09-09T12:59:01Z,1490364794328,lucid_revision,n16,16,B1,0.5,32.710,32.172,1400.000,1400.000,1400.000,1400.000,1.582644,1.254365,0.406663,10.112159,0.139895,13.806402,101.841383,0.000000,0.693131025,0.625016109,1
pi3bplus_v2_margin_20260909T125804Z,pi3bplus,2,1,margin,true,4,14,174,2026-09-09T12:59:01Z,1490467283466,lucid_revision,n16,16,B1,0.5,32.710,32.172,1400.000,1400.000,1400.000,1400.000,1.667591,1.267230,0.346560,10.171690,0.139686,13.893901,101.975600,0.000000,0.693248396,0.571161669,1
pi3bplus_v2_margin_20260909T125804Z,pi3bplus,2,1,margin,true,4,15,175,2026-09-09T12:59:01Z,1490569910572,lucid_revision,n16,16,B1,0.5,32.172,32.710,1400.000,1400.000,1400.000,1400.000,1.728164,1.534415,0.424059,10.366325,0.135572,14.525770,101.889715,0.000000,0.653324773,0.571117503,1
pi3bplus_v2_margin_20260909T125804Z,pi3bplus,2,1,margin,true,4,16,176,2026-09-09T12:59:01Z,1490672544969,lucid_revision,n16,16,B1,0.5,33.248,33.248,1400.000,1400.000,1400.000,1400.000,1.612227,1.255615,0.340570,10.179972,0.140572,13.837026,101.846278,0.000000,0.761561862,0.652703975,1
pi3bplus_v2_margin_20260909T125804Z,pi3bplus,2,1,margin,true,4,17,177,2026-09-09T12:59:01Z,1490775038742,lucid_revision,n16,16,B1,0.5,32.172,32.710,1400.000,1400.000,1400.000,1400.000,1.698528,1.264886,0.338226,10.200388,0.141197,13.944629,101.954090,0.000000,0.726660112,0.637944789,1
pi3bplus_v2_margin_20260909T125804Z,pi3bplus,2,1,margin,true,4,18,178,2026-09-09T12:59:01Z,1490877649181,lucid_revision,n16,16,B1,0.5,32.172,33.248,1400.000,1400.000,1400.000,1400.000,1.574675,1.328219,0.347341,10.088514,0.146821,13.785933,101.898622,0.000000,0.826022834,0.666171220,1
pi3bplus_v2_margin_20260909T125804Z,pi3bplus,2,1,margin,true,4,19,179,2026-09-09T12:59:01Z,1490980288214,lucid_revision,n16,16,B1,0.5,32.172,32.710,1400.000,1400.000,1400.000,1400.000,1.614206,1.268323,0.346195,10.142680,0.139530,13.815672,101.874507,0.000000,0.730485829,0.637744693,1
pi3bplus_v2_margin_20260909T125804Z,pi3bplus,2,1,margin,true,4,20,180,2026-09-09T12:59:01Z,1491082821309,lucid_revision,n16,16,B1,0.5,32.710,32.172,1400.000,1400.000,1400.000,1400.000,1.695091,1.272438,0.344997,10.143149,0.147811,13.898797,101.979611,0.000000,0.711044274,0.600852574,1
pi3bplus_v2_margin_20260909T125804Z,pi3bplus,2,1,margin,true,4,21,181,2026-09-09T12:59:01Z,1491185459561,lucid_revision,n16,16,B1,0.5,32.710,32.710,1400.000,1400.000,1400.000,1400.000,1.572070,1.310094,0.348955,10.108306,0.139322,13.781766,101.836694,0.000000,0.783991761,0.650794311,1
pi3bplus_v2_margin_20260909T125804Z,pi3bplus,2,1,margin,true,4,22,182,2026-09-09T12:59:02Z,1491287945990,lucid_revision,n16,16,B1,0.5,32.710,32.710,1400.000,1400.000,1400.000,1400.000,1.626446,1.276917,0.344424,10.114555,0.139426,13.873015,101.838621,0.000000,0.778865895,0.680749523,1
pi3bplus_v2_margin_20260909T125804Z,pi3bplus,2,1,margin,true,4,23,183,2026-09-09T12:59:02Z,1491390426533,lucid_revision,n16,16,B1,0.5,32.710,32.172,1400.000,1400.000,1400.000,1400.000,1.624310,1.261865,0.339841,10.059191,0.142968,13.782495,101.924298,0.000000,0.747242447,0.633614151,1
pi3bplus_v2_margin_20260909T125804Z,pi3bplus,2,1,margin,true,4,24,184,2026-09-09T12:59:02Z,1491493006346,lucid_revision,n16,16,B1,0.5,32.172,32.172,1400.000,1400.000,1400.000,1400.000,1.574363,1.295406,0.345049,10.167785,0.141092,13.875724,101.722268,0.000000,0.679188259,0.589448040,1
pi3bplus_v2_margin_20260909T125804Z,pi3bplus,2,1,margin,true,4,25,185,2026-09-09T12:59:02Z,1491595380692,lucid_revision,n16,16,B1,0.5,33.248,32.710,1400.000,1400.000,1400.000,1400.000,1.691133,1.261448,0.345570,10.179450,0.137864,13.912338,101.916225,0.000000,0.670643692,0.583747154,1
pi3bplus_v2_margin_20260909T125804Z,pi3bplus,2,1,margin,true,4,26,186,2026-09-09T12:59:02Z,1491697990922,lucid_revision,n16,16,B1,0.5,32.172,32.172,1400.000,1400.000,1400.000,1400.000,1.597540,1.317333,0.347966,10.088409,0.139790,13.794318,101.861694,0.000000,0.639035434,0.565507836,1
pi3bplus_v2_margin_20260909T125804Z,pi3bplus,2,1,margin,true,4,27,187,2026-09-09T12:59:02Z,1491800579642,lucid_revision,n16,16,B1,0.5,32.172,33.248,1400.000,1400.000,1400.000,1400.000,1.609258,1.266813,0.439996,10.110493,0.137603,13.868015,101.870131,0.000000,0.669837025,0.611856587,1
pi3bplus_v2_margin_20260909T125804Z,pi3bplus,2,1,margin,true,4,28,188,2026-09-09T12:59:02Z,1491903099455,lucid_revision,n16,16,B1,0.5,33.248,32.172,1400.000,1400.000,1400.000,1400.000,1.668112,1.267854,0.340935,10.139659,0.140312,13.860203,102.049453,0.000000,0.673178275,0.565376076,1
pi3bplus_v2_margin_20260909T125804Z,pi3bplus,2,1,margin,true,4,29,189,2026-09-09T12:59:02Z,1492005797497,lucid_revision,n16,16,B1,0.5,32.710,32.172,1400.000,1400.000,1400.000,1400.000,1.574415,1.337542,0.341664,10.136899,0.139322,13.841349,101.876329,0.000000,0.799468830,0.699611596,1
pi3bplus_v2_margin_20260909T125804Z,pi3bplus,2,1,margin,true,4,30,190,2026-09-09T12:59:02Z,1492108399758,lucid_revision,n16,16,B1,0.5,32.172,32.172,1400.000,1400.000,1400.000,1400.000,1.605820,1.261657,0.341091,10.150806,0.139999,13.807130,101.867839,0.000000,0.793341887,0.706734791,1
pi3bplus_v2_margin_20260909T125804Z,pi3bplus,2,1,margin,true,4,31,191,2026-09-09T12:59:02Z,1492210921290,lucid_revision,n16,16,B1,0.5,32.710,33.248,1400.000,1400.000,1400.000,1400.000,1.682590,1.276813,0.347862,10.184346,0.145467,13.934942,101.945339,0.000000,0.660582732,0.565250256,1
pi3bplus_v2_margin_20260909T125804Z,pi3bplus,2,1,margin,true,4,32,192,2026-09-09T12:59:03Z,1492313527561,lucid_revision,n16,16,B1,0.5,32.172,32.710,1400.000,1400.000,1400.000,1400.000,1.579571,1.317646,0.346143,10.110024,0.140312,13.794109,101.856433,0.000000,0.719577009,0.598526096,1
pi3bplus_v2_margin_20260909T125804Z,pi3bplus,2,1,margin,true,4,33,193,2026-09-09T12:59:03Z,1492416103207,lucid_revision,n16,16,B1,0.5,32.172,32.172,1400.000,1400.000,1400.000,1400.000,1.616706,1.271709,0.348070,10.105597,0.146301,13.787807,101.885651,0.000000,0.596757129,0.500307193,1
pi3bplus_v2_margin_20260909T125804Z,pi3bplus,2,1,margin,true,4,34,194,2026-09-09T12:59:03Z,1492518641353,lucid_revision,n16,16,B1,0.5,32.710,32.710,1400.000,1400.000,1400.000,1400.000,1.661862,1.388687,0.415413,10.507833,0.138072,14.458427,101.808776,0.000000,0.787140790,0.715762199,1
pi3bplus_v2_margin_20260909T125804Z,pi3bplus,2,1,margin,true,4,35,195,2026-09-09T12:59:03Z,1492621107989,lucid_revision,n16,16,B1,0.5,32.172,32.172,1400.000,1400.000,1400.000,1400.000,1.580405,1.299781,0.347393,10.082316,0.138437,13.770984,101.848203,0.000000,0.865898495,0.772246419,1
pi3bplus_v2_margin_20260909T125804Z,pi3bplus,2,1,margin,true,4,36,196,2026-09-09T12:59:03Z,1492723601552,lucid_revision,n16,16,B1,0.5,32.710,32.710,1400.000,1400.000,1400.000,1400.000,1.682018,1.257594,0.345153,10.155075,0.137603,13.883640,101.896171,0.000000,0.652318678,0.557690666,1
pi3bplus_v2_margin_20260909T125804Z,pi3bplus,2,1,margin,true,4,37,197,2026-09-09T12:59:03Z,1492826145010,lucid_revision,n16,16,B1,0.5,32.172,32.172,1400.000,1400.000,1400.000,1400.000,1.565821,1.309885,0.345935,10.126794,0.144895,13.789734,101.913672,0.000000,0.738749497,0.670513450,1
pi3bplus_v2_margin_20260909T125804Z,pi3bplus,2,1,margin,true,4,38,198,2026-09-09T12:59:03Z,1492928717374,lucid_revision,n16,16,B1,0.5,32.710,32.172,1400.000,1400.000,1400.000,1400.000,1.607279,1.266136,0.387601,10.284867,0.161822,14.033379,101.910703,0.000000,0.568220765,0.526232651,1
pi3bplus_v2_margin_20260909T125804Z,pi3bplus,2,1,margin,true,4,39,199,2026-09-09T12:59:03Z,1493031279426,lucid_revision,n16,16,B1,0.5,32.172,32.710,1400.000,1400.000,1400.000,1400.000,1.656133,1.255199,0.337394,10.370230,0.136821,14.060566,101.908620,0.000000,0.758984021,0.638100939,1
pi3bplus_v2_margin_20260909T125804Z,pi3bplus,2,1,margin,true,5,0,200,2026-09-09T12:59:04Z,1493798620633,lucid_revision,n1,1,B2,1.0,32.710,32.710,1400.000,1400.000,1400.000,1400.000,2.152431,0.354633,0.342602,1.089888,0.135885,4.363038,102.237002,0.000000,0.639429585,0.575064388,1
pi3bplus_v2_margin_20260909T125804Z,pi3bplus,2,1,margin,true,5,1,201,2026-09-09T12:59:04Z,1493901543098,lucid_revision,n1,1,B2,1.0,32.172,33.248,1400.000,1400.000,1400.000,1400.000,1.978995,0.277863,0.380987,1.088377,0.140311,4.141217,101.885390,0.000000,0.873694339,0.791590594,1
pi3bplus_v2_margin_20260909T125804Z,pi3bplus,2,1,margin,true,5,2,202,2026-09-09T12:59:04Z,1494004127284,lucid_revision,n1,1,B2,1.0,33.248,32.710,1400.000,1400.000,1400.000,1400.000,1.671289,0.299529,0.318747,0.963950,0.112864,3.621690,101.900754,0.000000,0.992999492,0.825740363,1
pi3bplus_v2_margin_20260909T125804Z,pi3bplus,2,1,margin,true,5,3,203,2026-09-09T12:59:04Z,1494106647096,lucid_revision,n1,1,B2,1.0,32.710,32.710,1400.000,1400.000,1400.000,1400.000,1.657799,0.300883,0.315779,0.969836,0.115415,3.606690,101.907473,0.000000,0.999994771,0.783306964,1
pi3bplus_v2_margin_20260909T125804Z,pi3bplus,2,1,margin,true,5,4,204,2026-09-09T12:59:04Z,1494209170710,lucid_revision,n1,1,B2,1.0,32.710,32.710,1400.000,1400.000,1400.000,1400.000,1.592279,0.294008,0.315206,1.011450,0.118592,3.577263,101.905180,0.000000,0.927761388,0.834759896,1
pi3bplus_v2_margin_20260909T125804Z,pi3bplus,2,1,margin,true,5,5,205,2026-09-09T12:59:05Z,1494311694688,lucid_revision,n1,1,B2,1.0,33.248,32.710,1400.000,1400.000,1400.000,1400.000,1.700038,0.304425,0.316924,0.955618,0.115519,3.641898,101.896795,0.000000,0.874217621,0.720914457,1
pi3bplus_v2_margin_20260909T125804Z,pi3bplus,2,1,margin,true,5,6,206,2026-09-09T12:59:05Z,1494414212623,lucid_revision,n1,1,B2,1.0,33.248,33.248,1400.000,1400.000,1400.000,1400.000,1.583424,0.335830,0.308331,0.966294,0.117811,3.561587,101.924139,0.000000,0.096351744,0.023999234,1
pi3bplus_v2_margin_20260909T125804Z,pi3bplus,2,1,margin,true,5,7,207,2026-09-09T12:59:05Z,1494516754517,lucid_revision,n1,1,B2,1.0,33.248,32.172,1400.000,1400.000,1400.000,1400.000,1.609778,0.291508,0.309529,1.016451,0.123749,3.614295,101.760807,0.000000,0.643731077,0.693429469,1
pi3bplus_v2_margin_20260909T125804Z,pi3bplus,2,1,margin,true,5,8,208,2026-09-09T12:59:05Z,1494619135371,lucid_revision,n1,1,B2,1.0,33.248,32.710,1400.000,1400.000,1400.000,1400.000,1.700820,0.297914,0.306977,0.955982,0.113593,3.627419,101.911222,0.000000,0.146896313,0.027052266,1
pi3bplus_v2_margin_20260909T125804Z,pi3bplus,2,1,margin,true,5,9,209,2026-09-09T12:59:05Z,1494721663827,lucid_revision,n1,1,B2,1.0,33.248,32.172,1400.000,1400.000,1400.000,1400.000,1.595976,0.291300,0.355830,0.975409,0.114582,3.583566,101.862004,0.000000,0.173367521,0.745058197,1
pi3bplus_v2_margin_20260909T125804Z,pi3bplus,2,1,margin,true,5,10,210,2026-09-09T12:59:05Z,1494824308637,lucid_revision,n1,1,B2,1.0,32.710,33.248,1400.000,1400.000,1400.000,1400.000,1.722122,0.291873,0.311664,0.981868,0.117760,3.727210,101.894504,0.000000,0.938548724,0.848511334,1
pi3bplus_v2_margin_20260909T125804Z,pi3bplus,2,1,margin,true,5,11,211,2026-09-09T12:59:05Z,1494926835948,lucid_revision,n1,1,B2,1.0,32.710,32.710,1400.000,1400.000,1400.000,1400.000,1.673581,0.298175,0.318956,0.961659,0.112603,3.612211,101.996846,0.000000,0.999994718,0.783306964,1
pi3bplus_v2_margin_20260909T125804Z,pi3bplus,2,1,margin,true,5,12,212,2026-09-09T12:59:05Z,1495029455029,lucid_revision,n1,1,B2,1.0,33.248,33.248,1400.000,1400.000,1400.000,1400.000,1.577227,0.290623,0.316924,1.061658,0.116979,3.611742,101.839087,0.000000,0.000126216,0.000772331,1
pi3bplus_v2_margin_20260909T125804Z,pi3bplus,2,1,margin,true,5,13,213,2026-09-09T12:59:05Z,1495131913590,lucid_revision,n1,1,B2,1.0,32.710,33.248,1400.000,1400.000,1400.000,1400.000,1.678633,0.297706,0.311716,0.962648,0.115468,3.620023,101.860441,0.000000,0.977973496,0.850695016,1
pi3bplus_v2_margin_20260909T125804Z,pi3bplus,2,1,margin,true,5,14,214,2026-09-09T12:59:05Z,1495234387099,lucid_revision,n1,1,B2,1.0,33.248,32.710,1400.000,1400.000,1400.000,1400.000,1.622435,0.294112,0.308851,0.964680,0.121353,3.569555,101.924086,0.000000,0.000000004,0.026014389,1
pi3bplus_v2_margin_20260909T125804Z,pi3bplus,2,1,margin,true,5,15,215,2026-09-09T12:59:06Z,1495336972169,lucid_revision,n1,1,B2,1.0,33.248,32.710,1400.000,1400.000,1400.000,1400.000,1.606602,0.290779,0.309737,1.007440,0.123332,3.598253,101.859971,0.000000,0.641805555,0.721145514,1
pi3bplus_v2_margin_20260909T125804Z,pi3bplus,2,1,margin,true,5,16,216,2026-09-09T12:59:06Z,1495439450104,lucid_revision,n1,1,B2,1.0,32.710,32.710,1400.000,1400.000,1400.000,1400.000,1.687226,0.293904,0.314373,0.956035,0.118437,3.617315,102.045647,0.000000,0.082358430,0.022572099,1
pi3bplus_v2_margin_20260909T125804Z,pi3bplus,2,1,margin,true,5,17,217,2026-09-09T12:59:06Z,1495542110642,lucid_revision,n1,1,B2,1.0,33.248,33.248,1400.000,1400.000,1400.000,1400.000,1.583946,0.365987,0.318382,0.970305,0.114634,3.607524,101.767681,0.000000,0.873935984,0.725203609,1
pi3bplus_v2_margin_20260909T125804Z,pi3bplus,2,1,margin,true,5,18,218,2026-09-09T12:59:06Z,1495644566130,lucid_revision,n1,1,B2,1.0,32.710,32.710,1400.000,1400.000,1400.000,1400.000,1.614883,0.294165,0.319580,0.962909,0.118072,3.600804,101.842315,0.000000,0.965920194,0.842779828,1
pi3bplus_v2_margin_20260909T125804Z,pi3bplus,2,1,margin,true,5,19,219,2026-09-09T12:59:06Z,1495747018492,lucid_revision,n1,1,B2,1.0,33.248,32.710,1400.000,1400.000,1400.000,1400.000,1.707018,0.296196,0.314841,0.955149,0.113906,3.634450,101.936481,0.000000,0.233517387,0.029132065,1
pi3bplus_v2_margin_20260909T125804Z,pi3bplus,2,1,margin,true,5,20,220,2026-09-09T12:59:06Z,1495849574708,lucid_revision,n1,1,B2,1.0,33.248,33.248,1400.000,1400.000,1400.000,1400.000,1.579154,0.288123,0.313279,1.023585,0.112395,3.564346,101.903773,0.000000,0.000126344,0.000827421,1
pi3bplus_v2_margin_20260909T125804Z,pi3bplus,2,1,margin,true,5,21,221,2026-09-09T12:59:06Z,1495952171444,lucid_revision,n1,1,B2,1.0,33.248,33.248,1400.000,1400.000,1400.000,1400.000,1.657695,0.294686,0.311404,0.963429,0.113645,3.598357,101.923773,0.000000,0.790780273,0.738524580,1
pi3bplus_v2_margin_20260909T125804Z,pi3bplus,2,1,margin,true,5,22,222,2026-09-09T12:59:06Z,1496054718129,lucid_revision,n1,1,B2,1.0,33.248,32.710,1400.000,1400.000,1400.000,1400.000,1.672904,0.293227,0.315154,0.959472,0.113177,3.602002,101.918304,0.000000,0.091011443,0.022477307,1
pi3bplus_v2_margin_20260909T125804Z,pi3bplus,2,1,margin,true,5,23,223,2026-09-09T12:59:06Z,1496157251063,lucid_revision,n1,1,B2,1.0,33.248,33.248,1400.000,1400.000,1400.000,1400.000,1.584102,0.295466,0.313435,1.016867,0.117187,3.578201,101.837211,0.000000,0.220801278,0.026282445,1
pi3bplus_v2_margin_20260909T125804Z,pi3bplus,2,1,margin,true,5,24,224,2026-09-09T12:59:07Z,1496259706290,lucid_revision,n1,1,B2,1.0,33.248,32.710,1400.000,1400.000,1400.000,1400.000,1.702279,0.297914,0.318800,0.959680,0.112238,3.636482,101.903720,0.000000,0.978060781,0.850695016,1
pi3bplus_v2_margin_20260909T125804Z,pi3bplus,2,1,margin,true,5,25,225,2026-09-09T12:59:07Z,1496362226151,lucid_revision,n1,1,B2,1.0,32.710,33.248,1400.000,1400.000,1400.000,1400.000,1.591081,0.338383,0.310936,0.966815,0.112915,3.568566,101.904658,0.000000,0.081133441,0.023878981,1
pi3bplus_v2_margin_20260909T125804Z,pi3bplus,2,1,margin,true,5,26,226,2026-09-09T12:59:07Z,1496464744085,lucid_revision,n1,1,B2,1.0,33.248,33.248,1400.000,1400.000,1400.000,1400.000,1.610352,0.289060,0.315414,1.009732,0.116666,3.592263,101.909553,0.000000,0.000008364,0.026310435,1
pi3bplus_v2_margin_20260909T125804Z,pi3bplus,2,1,margin,true,5,27,227,2026-09-09T12:59:07Z,1496567268842,lucid_revision,n1,1,B2,1.0,33.248,32.710,1400.000,1400.000,1400.000,1400.000,1.672382,0.296144,0.316664,0.962909,0.113072,3.609242,101.838252,0.000000,0.612654387,0.686019173,1
pi3bplus_v2_margin_20260909T125804Z,pi3bplus,2,1,margin,true,5,28,228,2026-09-09T12:59:07Z,1496669723651,lucid_revision,n1,1,B2,1.0,33.248,33.248,1400.000,1400.000,1400.000,1400.000,1.584987,0.291924,0.360414,0.976398,0.114634,3.575597,101.898200,0.000000,0.918258767,0.835730496,1
pi3bplus_v2_margin_20260909T125804Z,pi3bplus,2,1,margin,true,5,29,229,2026-09-09T12:59:07Z,1496772361584,lucid_revision,n1,1,B2,1.0,33.248,33.248,1400.000,1400.000,1400.000,1400.000,1.639830,0.298383,0.318435,0.965826,0.113332,3.586690,101.858356,0.000000,0.927630647,0.850335709,1
pi3bplus_v2_margin_20260909T125804Z,pi3bplus,2,1,margin,true,5,30,230,2026-09-09T12:59:07Z,1496874835768,lucid_revision,n1,1,B2,1.0,32.710,33.248,1400.000,1400.000,1400.000,1400.000,1.761184,0.300466,0.314946,0.971451,0.114113,3.721950,101.995543,0.000000,0.936558069,0.852768718,1
pi3bplus_v2_margin_20260909T125804Z,pi3bplus,2,1,margin,true,5,31,231,2026-09-09T12:59:07Z,1496977451045,lucid_revision,n1,1,B2,1.0,33.248,33.248,1400.000,1400.000,1400.000,1400.000,1.580717,0.293227,0.318226,1.035513,0.115415,3.589399,101.909658,0.000000,0.917877043,0.836345947,1
pi3bplus_v2_margin_20260909T125804Z,pi3bplus,2,1,margin,true,5,32,232,2026-09-09T12:59:07Z,1497079983354,lucid_revision,n1,1,B2,1.0,33.248,32.710,1400.000,1400.000,1400.000,1400.000,1.630820,0.299217,0.317133,0.958222,0.113593,3.632523,101.832523,0.000000,0.242440228,0.028099039,1
pi3bplus_v2_margin_20260909T125804Z,pi3bplus,2,1,margin,true,5,33,233,2026-09-09T12:59:07Z,1497182435299,lucid_revision,n1,1,B2,1.0,32.710,33.248,1400.000,1400.000,1400.000,1400.000,1.671497,0.303227,0.314477,0.967127,0.113697,3.625492,101.946323,0.000000,0.643934796,0.479722296,1
pi3bplus_v2_margin_20260909T125804Z,pi3bplus,2,1,margin,true,5,34,234,2026-09-09T12:59:08Z,1497285004326,lucid_revision,n1,1,B2,1.0,32.710,33.248,1400.000,1400.000,1400.000,1400.000,1.588841,0.291456,0.309841,1.025565,0.118801,3.583461,101.848615,0.000000,0.787129154,0.843619705,1
pi3bplus_v2_margin_20260909T125804Z,pi3bplus,2,1,margin,true,5,35,235,2026-09-09T12:59:08Z,1497387463665,lucid_revision,n1,1,B2,1.0,32.710,33.248,1400.000,1400.000,1400.000,1400.000,1.689153,0.303904,0.308227,0.960929,0.117656,3.634034,101.911167,0.000000,0.000000398,0.023976593,1
pi3bplus_v2_margin_20260909T125804Z,pi3bplus,2,1,margin,true,5,36,236,2026-09-09T12:59:08Z,1497489994515,lucid_revision,n1,1,B2,1.0,32.710,32.710,1400.000,1400.000,1400.000,1400.000,1.597383,0.288070,0.315571,0.968482,0.113385,3.572992,101.911688,0.000000,0.158284500,0.025585939,1
pi3bplus_v2_margin_20260909T125804Z,pi3bplus,2,1,margin,true,5,37,237,2026-09-09T12:59:08Z,1497592588020,lucid_revision,n1,1,B2,1.0,33.248,32.710,1400.000,1400.000,1400.000,1400.000,1.626602,0.296196,0.317289,0.961398,0.118749,3.615648,101.762783,0.000000,0.653553805,0.768172638,1
pi3bplus_v2_margin_20260909T125804Z,pi3bplus,2,1,margin,true,5,38,238,2026-09-09T12:59:08Z,1497694969912,lucid_revision,n1,1,B2,1.0,33.248,33.248,1400.000,1400.000,1400.000,1400.000,1.672226,0.299633,0.315623,0.961711,0.117811,3.613670,101.933094,0.000000,0.132024216,0.025177121,1
pi3bplus_v2_margin_20260909T125804Z,pi3bplus,2,1,margin,true,5,39,239,2026-09-09T12:59:08Z,1497797514824,lucid_revision,n1,1,B2,1.0,32.172,32.710,1400.000,1400.000,1400.000,1400.000,1.595456,0.293748,0.314581,1.020721,0.116092,3.590701,101.855022,0.000000,0.911634248,0.836529097,1
pi3bplus_v2_margin_20260909T125804Z,pi3bplus,2,1,margin,true,6,0,240,2026-09-09T12:59:09Z,1498608278672,lucid_revision,n16,16,B0,0.0,32.710,32.172,1400.000,1400.000,1400.000,1400.000,2.463262,1.352906,0.351352,10.139711,0.139114,14.764569,101.854812,0.000000,0.560004664,0.490929627,1
pi3bplus_v2_margin_20260909T125804Z,pi3bplus,2,1,margin,true,6,1,241,2026-09-09T12:59:09Z,1498710777125,lucid_revision,n16,16,B0,0.0,32.172,32.172,1400.000,1400.000,1400.000,1400.000,1.680560,1.277854,0.347601,10.129294,0.138072,13.868483,101.963717,0.000000,0.648472524,0.528081387,1
pi3bplus_v2_margin_20260909T125804Z,pi3bplus,2,1,margin,true,6,2,242,2026-09-09T12:59:09Z,1498813387139,lucid_revision,n16,16,B0,0.0,32.172,32.710,1400.000,1400.000,1400.000,1400.000,1.575456,1.423009,0.348696,10.083149,0.145363,13.888535,101.896583,0.000000,0.653383553,0.597957592,1
pi3bplus_v2_margin_20260909T125804Z,pi3bplus,2,1,margin,true,6,3,243,2026-09-09T12:59:09Z,1498915936373,lucid_revision,n16,16,B0,0.0,32.710,32.172,1400.000,1400.000,1400.000,1400.000,1.671080,1.278219,0.345622,10.124138,0.139634,13.857650,101.974655,0.000000,0.700746229,0.631882823,1
pi3bplus_v2_margin_20260909T125804Z,pi3bplus,2,1,margin,true,6,4,244,2026-09-09T12:59:09Z,1499018602793,lucid_revision,n16,16,B0,0.0,32.710,32.172,1400.000,1400.000,1400.000,1400.000,1.663945,1.322594,0.348904,10.306428,0.148905,14.099211,101.962103,0.000000,0.632140315,0.520312272,1
pi3bplus_v2_margin_20260909T125804Z,pi3bplus,2,1,margin,true,6,5,245,2026-09-09T12:59:09Z,1499121218381,lucid_revision,n16,16,B0,0.0,32.172,32.172,1400.000,1400.000,1400.000,1400.000,1.563685,1.326916,0.349737,10.095805,0.148905,13.786817,101.845489,0.000000,0.766925478,0.653244597,1
pi3bplus_v2_margin_20260909T125804Z,pi3bplus,2,1,margin,true,6,6,246,2026-09-09T12:59:09Z,1499223699334,lucid_revision,n16,16,B0,0.0,32.172,32.172,1400.000,1400.000,1400.000,1400.000,1.701444,1.277958,0.346976,10.155596,0.147394,13.927441,101.911530,0.000000,0.556517570,0.500165536,1
pi3bplus_v2_margin_20260909T125804Z,pi3bplus,2,1,margin,true,6,7,247,2026-09-09T12:59:10Z,1499326251848,lucid_revision,n16,16,B0,0.0,32.172,32.710,1400.000,1400.000,1400.000,1400.000,1.560717,1.333635,0.346664,10.076222,0.200416,13.825567,101.935019,0.000000,0.689355064,0.563279511,1
pi3bplus_v2_margin_20260909T125804Z,pi3bplus,2,1,margin,true,6,8,248,2026-09-09T12:59:10Z,1499428837695,lucid_revision,n16,16,B0,0.0,32.172,32.710,1400.000,1400.000,1400.000,1400.000,1.583164,1.271448,0.404684,10.075961,0.142811,13.777390,101.898040,0.000000,0.661411840,0.576051947,1
pi3bplus_v2_margin_20260909T125804Z,pi3bplus,2,1,margin,true,6,9,249,2026-09-09T12:59:10Z,1499531383074,lucid_revision,n16,16,B0,0.0,31.634,32.172,1400.000,1400.000,1400.000,1400.000,1.683737,1.270875,0.344945,10.231325,0.146145,13.973690,101.793978,0.000000,0.739631160,0.587413410,1
pi3bplus_v2_margin_20260909T125804Z,pi3bplus,2,1,margin,true,6,10,250,2026-09-09T12:59:10Z,1499633824860,lucid_revision,n16,16,B0,0.0,32.172,32.172,1400.000,1400.000,1400.000,1400.000,1.570248,1.342697,0.348539,10.115284,0.139321,13.817962,101.859811,0.000000,0.657557566,0.556588459,1
pi3bplus_v2_margin_20260909T125804Z,pi3bplus,2,1,margin,true,6,11,251,2026-09-09T12:59:10Z,1499736432478,lucid_revision,n16,16,B0,0.0,31.634,32.172,1400.000,1400.000,1400.000,1400.000,1.625195,1.272178,0.347393,10.144450,0.143333,13.833691,101.845801,0.000000,0.638432908,0.556614253,1
pi3bplus_v2_margin_20260909T125804Z,pi3bplus,2,1,margin,true,6,12,252,2026-09-09T12:59:10Z,1499838928013,lucid_revision,n16,16,B0,0.0,32.172,32.172,1400.000,1400.000,1400.000,1400.000,1.676705,1.272594,0.349945,10.155805,0.141196,13.895931,101.945852,0.000000,0.530116776,0.457743177,1
pi3bplus_v2_margin_20260909T125804Z,pi3bplus,2,1,margin,true,6,13,253,2026-09-09T12:59:10Z,1499941692973,lucid_revision,n16,16,B0,0.0,32.172,32.172,1400.000,1400.000,1400.000,1400.000,2.669509,1.379104,0.379997,10.286012,0.140936,15.203577,101.946321,0.000000,0.757453637,0.650191247,1
pi3bplus_v2_margin_20260909T125804Z,pi3bplus,2,1,margin,true,6,14,254,2026-09-09T12:59:10Z,1500044386267,lucid_revision,n16,16,B0,0.0,32.172,32.172,1400.000,1400.000,1400.000,1400.000,1.612487,1.282178,0.348122,10.167679,0.147395,13.857806,101.846166,0.000000,0.709504984,0.634674590,1
pi3bplus_v2_margin_20260909T125804Z,pi3bplus,2,1,margin,true,6,15,255,2026-09-09T12:59:10Z,1500146876594,lucid_revision,n16,16,B0,0.0,32.172,32.172,1400.000,1400.000,1400.000,1400.000,1.661861,1.280667,0.347081,10.156065,0.146301,13.889212,101.924551,0.000000,0.731735671,0.610040542,1
pi3bplus_v2_margin_20260909T125804Z,pi3bplus,2,1,margin,true,6,16,256,2026-09-09T12:59:10Z,1500249449681,lucid_revision,n16,16,B0,0.0,32.172,32.172,1400.000,1400.000,1400.000,1400.000,1.561446,1.342437,0.347185,10.074295,0.140468,13.765567,101.889446,0.000000,0.625782571,0.543189849,1
pi3bplus_v2_margin_20260909T125804Z,pi3bplus,2,1,margin,true,6,17,257,2026-09-09T12:59:11Z,1500351986778,lucid_revision,n16,16,B0,0.0,32.172,32.172,1400.000,1400.000,1400.000,1400.000,1.587540,1.283792,0.343070,10.127575,0.147343,13.864056,101.889654,0.000000,0.657891888,0.569216995,1
pi3bplus_v2_margin_20260909T125804Z,pi3bplus,2,1,margin,true,6,18,258,2026-09-09T12:59:11Z,1500454577259,lucid_revision,n16,16,B0,0.0,32.710,32.172,1400.000,1400.000,1400.000,1400.000,1.685663,1.280667,0.345779,10.136377,0.141614,13.889785,101.965747,0.000000,0.558194479,0.512525829,1
pi3bplus_v2_margin_20260909T125804Z,pi3bplus,2,1,margin,true,6,19,259,2026-09-09T12:59:11Z,1500557192428,lucid_revision,n16,16,B0,0.0,32.710,31.634,1400.000,1400.000,1400.000,1400.000,1.577696,1.337229,0.349268,10.096273,0.142655,13.804161,101.783301,0.000000,0.871680812,0.753257309,1
pi3bplus_v2_margin_20260909T125804Z,pi3bplus,2,1,margin,true,6,20,260,2026-09-09T12:59:11Z,1500659629838,lucid_revision,n16,16,B0,0.0,32.172,32.172,1400.000,1400.000,1400.000,1400.000,1.676340,1.284468,0.343748,10.133461,0.140989,13.876816,101.925956,0.000000,0.743177032,0.635894377,1
pi3bplus_v2_margin_20260909T125804Z,pi3bplus,2,1,margin,true,6,21,261,2026-09-09T12:59:11Z,1500762197507,lucid_revision,n16,16,B0,0.0,32.172,32.172,1400.000,1400.000,1400.000,1400.000,1.579675,1.327854,0.337393,10.095804,0.141196,13.793536,101.927362,0.000000,0.773178737,0.699860528,1
pi3bplus_v2_margin_20260909T125804Z,pi3bplus,2,1,margin,true,6,22,262,2026-09-09T12:59:11Z,1500864775854,lucid_revision,n16,16,B0,0.0,32.172,32.172,1400.000,1400.000,1400.000,1400.000,1.593894,1.264886,0.405882,10.120387,0.141197,13.832129,101.897258,0.000000,0.550839162,0.478732639,1
pi3bplus_v2_margin_20260909T125804Z,pi3bplus,2,1,margin,true,6,23,263,2026-09-09T12:59:11Z,1500967317638,lucid_revision,n16,16,B0,0.0,32.172,32.172,1400.000,1400.000,1400.000,1400.000,1.689622,1.271344,0.341247,10.179398,0.140050,13.932232,101.990017,0.000000,0.724386950,0.620591981,1
pi3bplus_v2_margin_20260909T125804Z,pi3bplus,2,1,margin,true,6,24,264,2026-09-09T12:59:11Z,1501069953744,lucid_revision,n16,16,B0,0.0,32.172,32.172,1400.000,1400.000,1400.000,1400.000,1.566706,1.337854,0.345674,10.102888,0.146405,13.795879,101.862362,0.000000,0.738445545,0.660922066,1
pi3bplus_v2_margin_20260909T125804Z,pi3bplus,2,1,margin,true,6,25,265,2026-09-09T12:59:11Z,1501172556205,lucid_revision,n16,16,B0,0.0,31.634,32.172,1400.000,1400.000,1400.000,1400.000,1.602800,1.284104,0.399581,10.103982,0.139426,13.833639,101.839810,0.000000,0.705738864,0.591077099,1
pi3bplus_v2_margin_20260909T125804Z,pi3bplus,2,1,margin,true,6,26,266,2026-09-09T12:59:12Z,1501275038301,lucid_revision,n16,16,B0,0.0,32.172,32.172,1400.000,1400.000,1400.000,1400.000,1.682070,1.274886,0.347080,10.129294,0.145520,13.874577,101.938142,0.000000,0.722125027,0.714368815,1
pi3bplus_v2_margin_20260909T125804Z,pi3bplus,2,1,margin,true,6,27,267,2026-09-09T12:59:12Z,1501377619042,lucid_revision,n16,16,B0,0.0,32.172,32.172,1400.000,1400.000,1400.000,1400.000,1.563633,1.340198,0.345361,10.082263,0.146561,13.780098,101.851320,0.000000,0.567975491,0.491070485,1
pi3bplus_v2_margin_20260909T125804Z,pi3bplus,2,1,margin,true,6,28,268,2026-09-09T12:59:12Z,1501480199888,lucid_revision,n16,16,B0,0.0,32.172,32.172,1400.000,1400.000,1400.000,1400.000,1.615403,1.279313,0.348852,10.135127,0.144895,13.825514,101.899861,0.000000,0.732604922,0.653958276,1
pi3bplus_v2_margin_20260909T125804Z,pi3bplus,2,1,margin,true,6,29,269,2026-09-09T12:59:12Z,1501582746983,lucid_revision,n16,16,B0,0.0,32.172,32.172,1400.000,1400.000,1400.000,1400.000,1.666966,1.294052,0.344841,10.144294,0.146614,13.896295,101.841112,0.000000,0.757848064,0.678607077,1
pi3bplus_v2_margin_20260909T125804Z,pi3bplus,2,1,margin,true,6,30,270,2026-09-09T12:59:12Z,1501685238350,lucid_revision,n16,16,B0,0.0,31.634,32.172,1400.000,1400.000,1400.000,1400.000,1.580091,1.337697,0.347705,10.102107,0.139843,13.813223,101.867518,0.000000,0.786168258,0.729672147,1
pi3bplus_v2_margin_20260909T125804Z,pi3bplus,2,1,margin,true,6,31,271,2026-09-09T12:59:12Z,1501787747321,lucid_revision,n16,16,B0,0.0,32.172,32.172,1400.000,1400.000,1400.000,1400.000,1.704205,1.283323,0.349789,10.177158,0.142134,13.952128,101.925382,0.000000,0.715085870,0.603529255,1
pi3bplus_v2_margin_20260909T125804Z,pi3bplus,2,1,margin,true,6,32,272,2026-09-09T12:59:12Z,1501890362124,lucid_revision,n16,16,B0,0.0,31.096,32.172,1400.000,1400.000,1400.000,1400.000,1.644362,1.278948,0.344372,10.089242,0.144009,13.855619,101.997517,0.000000,0.585102701,0.511503452,1
pi3bplus_v2_margin_20260909T125804Z,pi3bplus,2,1,margin,true,6,33,273,2026-09-09T12:59:12Z,1501993010573,lucid_revision,n16,16,B0,0.0,31.634,32.172,1400.000,1400.000,1400.000,1400.000,1.574310,1.283323,0.348227,10.132055,0.139790,13.837442,101.919809,0.000000,0.834941042,0.721771943,1
pi3bplus_v2_margin_20260909T125804Z,pi3bplus,2,1,margin,true,6,34,274,2026-09-09T12:59:12Z,1502095572564,lucid_revision,n16,16,B0,0.0,32.172,32.172,1400.000,1400.000,1400.000,1400.000,1.717746,1.287698,0.347341,10.136586,0.139582,13.931556,101.922257,0.000000,0.650778308,0.553259099,1
pi3bplus_v2_margin_20260909T125804Z,pi3bplus,2,1,margin,true,6,35,275,2026-09-09T12:59:12Z,1502198138097,lucid_revision,n16,16,B0,0.0,32.172,32.172,1400.000,1400.000,1400.000,1400.000,1.576758,1.333375,0.339789,10.074346,0.139634,13.772755,101.856007,0.000000,0.667883967,0.578652881,1
pi3bplus_v2_margin_20260909T125804Z,pi3bplus,2,1,margin,true,6,36,276,2026-09-09T12:59:13Z,1502300702901,lucid_revision,n16,16,B0,0.0,32.172,31.634,1400.000,1400.000,1400.000,1400.000,1.608372,1.276917,0.403590,10.081013,0.140780,13.817493,101.855121,0.000000,0.664542271,0.550853579,1
pi3bplus_v2_margin_20260909T125804Z,pi3bplus,2,1,margin,true,6,37,277,2026-09-09T12:59:13Z,1502403195100,lucid_revision,n16,16,B0,0.0,32.172,31.634,1400.000,1400.000,1400.000,1400.000,1.693580,1.278323,0.340466,10.199398,0.140884,13.957753,101.945901,0.000000,0.748890987,0.614099726,1
pi3bplus_v2_margin_20260909T125804Z,pi3bplus,2,1,margin,true,6,38,278,2026-09-09T12:59:13Z,1502505785163,lucid_revision,n16,16,B0,0.0,31.096,31.634,1400.000,1400.000,1400.000,1400.000,1.571550,1.347489,0.340466,10.079607,0.142290,13.790931,101.905850,0.000000,0.456226057,0.396029336,1
pi3bplus_v2_margin_20260909T125804Z,pi3bplus,2,1,margin,true,6,39,279,2026-09-09T12:59:13Z,1502608424913,lucid_revision,n16,16,B0,0.0,31.634,31.634,1400.000,1400.000,1400.000,1400.000,1.621966,1.274886,0.340883,10.608249,0.161093,14.338791,101.775174,0.000000,0.741977630,0.690892676,1
pi3bplus_v2_margin_20260909T125804Z,pi3bplus,2,1,margin,true,7,0,280,2026-09-09T12:59:13Z,1503217722529,fisvdd_revision,n1,1,B0,0.0,31.096,31.634,1400.000,1400.000,1400.000,1400.000,1.720299,0.297133,0.410934,0.506455,0.123384,3.328515,101.837620,0.000000,0.874402026,0.492310160,1
pi3bplus_v2_margin_20260909T125804Z,pi3bplus,2,1,margin,true,7,1,281,2026-09-09T12:59:14Z,1503320259571,fisvdd_revision,n1,1,B0,0.0,31.634,32.172,1400.000,1400.000,1400.000,1400.000,1.595612,0.294217,0.316404,0.494736,0.118853,3.066381,101.810068,0.000000,0.803917880,0.486248500,1
pi3bplus_v2_margin_20260909T125804Z,pi3bplus,2,1,margin,true,7,2,282,2026-09-09T12:59:14Z,1503422682342,fisvdd_revision,n1,1,B0,0.0,31.096,32.172,1400.000,1400.000,1400.000,1400.000,1.672487,0.299477,0.312081,0.496507,0.120572,3.145392,101.930380,0.000000,0.244903196,0.488650496,1
pi3bplus_v2_margin_20260909T125804Z,pi3bplus,2,1,margin,true,7,3,283,2026-09-09T12:59:14Z,1503525261936,fisvdd_revision,n1,1,B0,0.0,31.634,31.096,1400.000,1400.000,1400.000,1400.000,2.375085,0.463591,0.363331,0.608484,0.130989,4.250018,103.852448,0.000000,0.874455419,0.494165488,1
pi3bplus_v2_margin_20260909T125804Z,pi3bplus,2,1,margin,true,7,4,284,2026-09-09T12:59:14Z,1503629760576,fisvdd_revision,n1,1,B0,0.0,32.172,31.634,1400.000,1400.000,1400.000,1400.000,1.834725,0.299477,0.317029,0.503486,0.127811,3.385859,101.867204,0.000000,0.964755859,0.498204961,1
pi3bplus_v2_margin_20260909T125804Z,pi3bplus,2,1,margin,true,7,5,285,2026-09-09T12:59:14Z,1503732331159,fisvdd_revision,n1,1,B0,0.0,31.634,31.096,1400.000,1400.000,1400.000,1400.000,1.608633,0.292289,0.318852,0.497601,0.120364,3.084142,101.850121,0.000000,0.938840764,0.491162878,1
pi3bplus_v2_margin_20260909T125804Z,pi3bplus,2,1,margin,true,7,6,286,2026-09-09T12:59:14Z,1503834795598,fisvdd_revision,n1,1,B0,0.0,31.634,30.558,1400.000,1400.000,1400.000,1400.000,1.671133,0.292915,0.309737,0.498486,0.124895,3.151068,101.926525,0.000000,0.870997958,0.484902212,1
pi3bplus_v2_margin_20260909T125804Z,pi3bplus,2,1,margin,true,7,7,287,2026-09-09T12:59:14Z,1503937378524,fisvdd_revision,n1,1,B0,0.0,31.096,31.634,1400.000,1400.000,1400.000,1400.000,1.584310,0.289737,0.309893,0.563380,0.124114,3.133204,101.918505,0.000000,0.874179615,0.507127306,1
pi3bplus_v2_margin_20260909T125804Z,pi3bplus,2,1,margin,true,7,8,288,2026-09-09T12:59:14Z,1504039915045,fisvdd_revision,n1,1,B0,0.0,31.634,32.172,1400.000,1400.000,1400.000,1400.000,1.665091,0.294841,0.311039,0.496350,0.127030,3.151329,101.919390,0.000000,0.873957140,0.491119619,1
pi3bplus_v2_margin_20260909T125804Z,pi3bplus,2,1,margin,true,7,9,289,2026-09-09T12:59:14Z,1504142451149,fisvdd_revision,n1,1,B0,0.0,32.172,31.096,1400.000,1400.000,1400.000,1400.000,1.624779,0.297498,0.315675,0.495048,0.120728,3.095809,101.908141,0.000000,0.874375292,0.496046710,1
pi3bplus_v2_margin_20260909T125804Z,pi3bplus,2,1,margin,true,7,10,290,2026-09-09T12:59:14Z,1504244981264,fisvdd_revision,n1,1,B0,0.0,31.634,31.096,1400.000,1400.000,1400.000,1400.000,1.575977,0.291456,0.316925,0.494840,0.179269,3.104246,101.829911,0.000000,0.874434002,0.514085819,1
pi3bplus_v2_margin_20260909T125804Z,pi3bplus,2,1,margin,true,7,11,291,2026-09-09T12:59:15Z,1504347425910,fisvdd_revision,n1,1,B0,0.0,32.172,31.096,1400.000,1400.000,1400.000,1400.000,1.671809,0.300831,0.305675,0.501298,0.119843,3.157318,101.879858,0.000000,0.089344263,0.501549564,1
pi3bplus_v2_margin_20260909T125804Z,pi3bplus,2,1,margin,true,7,12,292,2026-09-09T12:59:15Z,1504449925451,fisvdd_revision,n1,1,B0,0.0,31.096,32.172,1400.000,1400.000,1400.000,1400.000,1.566602,0.296508,0.382028,0.500205,0.120937,3.112787,101.902670,0.000000,0.992885695,0.491765989,1
pi3bplus_v2_margin_20260909T125804Z,pi3bplus,2,1,margin,true,7,13,293,2026-09-09T12:59:15Z,1504552543064,fisvdd_revision,n1,1,B0,0.0,31.634,31.096,1400.000,1400.000,1400.000,1400.000,1.604206,0.289529,0.307758,0.496194,0.121144,3.069923,101.711422,0.000000,0.927625224,0.492504122,1
pi3bplus_v2_margin_20260909T125804Z,pi3bplus,2,1,margin,true,7,14,294,2026-09-09T12:59:15Z,1504654870106,fisvdd_revision,n1,1,B0,0.0,31.096,31.096,1400.000,1400.000,1400.000,1400.000,1.695612,0.295570,0.307394,0.501090,0.126770,3.174193,101.946004,0.000000,0.094112642,0.502201790,1
pi3bplus_v2_margin_20260909T125804Z,pi3bplus,2,1,margin,true,7,15,295,2026-09-09T12:59:15Z,1504757432615,fisvdd_revision,n1,1,B0,0.0,31.634,31.634,1400.000,1400.000,1400.000,1400.000,1.566863,0.290258,0.319217,0.561454,0.121197,3.105027,101.856161,0.000000,0.917953518,0.490722210,1
pi3bplus_v2_margin_20260909T125804Z,pi3bplus,2,1,margin,true,7,16,296,2026-09-09T12:59:15Z,1504859904292,fisvdd_revision,n1,1,B0,0.0,31.634,32.172,1400.000,1400.000,1400.000,1400.000,1.705090,0.293852,0.317081,0.496714,0.119686,3.175027,101.939962,0.000000,0.927897316,0.489418451,1
pi3bplus_v2_margin_20260909T125804Z,pi3bplus,2,1,margin,true,7,17,297,2026-09-09T12:59:15Z,1504962462947,fisvdd_revision,n1,1,B0,0.0,31.096,31.096,1400.000,1400.000,1400.000,1400.000,1.606550,0.299112,0.316039,0.495881,0.118228,3.077215,102.024128,0.000000,0.875166355,0.488843772,1
pi3bplus_v2_margin_20260909T125804Z,pi3bplus,2,1,margin,true,7,18,298,2026-09-09T12:59:15Z,1505065145820,fisvdd_revision,n1,1,B0,0.0,31.096,31.096,1400.000,1400.000,1400.000,1400.000,1.679726,0.296561,0.318123,0.556871,0.127186,3.234141,101.892567,0.000000,0.642250646,0.490478204,1
pi3bplus_v2_margin_20260909T125804Z,pi3bplus,2,1,margin,true,7,19,299,2026-09-09T12:59:15Z,1505167677913,fisvdd_revision,n1,1,B0,0.0,32.172,31.634,1400.000,1400.000,1400.000,1400.000,1.695871,0.297393,0.316352,0.497496,0.119634,3.172006,101.885275,0.000000,0.970975942,0.517628111,1
pi3bplus_v2_margin_20260909T125804Z,pi3bplus,2,1,margin,true,7,20,300,2026-09-09T12:59:16Z,1505270179902,fisvdd_revision,n1,1,B0,0.0,31.096,31.096,1400.000,1400.000,1400.000,1400.000,1.574154,0.364112,0.308487,0.502861,0.125936,3.133777,101.891316,0.000000,0.926256029,0.504072015,1
pi3bplus_v2_margin_20260909T125804Z,pi3bplus,2,1,margin,true,7,21,301,2026-09-09T12:59:16Z,1505372731316,fisvdd_revision,n1,1,B0,0.0,32.172,31.634,1400.000,1400.000,1400.000,1400.000,1.630143,0.289060,0.310831,0.495881,0.125833,3.104142,101.814338,0.000000,0.958680078,0.539094615,1
pi3bplus_v2_margin_20260909T125804Z,pi3bplus,2,1,margin,true,7,22,302,2026-09-09T12:59:16Z,1505475159972,fisvdd_revision,n1,1,B0,0.0,31.096,31.634,1400.000,1400.000,1400.000,1400.000,1.698060,0.290883,0.311195,0.496402,0.125051,3.171797,102.000221,0.000000,0.938840764,0.489900792,1
pi3bplus_v2_margin_20260909T125804Z,pi3bplus,2,1,margin,true,7,23,303,2026-09-09T12:59:16Z,1505577784979,fisvdd_revision,n1,1,B0,0.0,31.096,31.096,1400.000,1400.000,1400.000,1400.000,1.568164,0.290519,0.368383,0.508016,0.121197,3.104767,101.737359,0.000000,0.953383588,0.493562729,1
pi3bplus_v2_margin_20260909T125804Z,pi3bplus,2,1,margin,true,7,24,304,2026-09-09T12:59:16Z,1505680239989,fisvdd_revision,n1,1,B0,0.0,31.096,31.634,1400.000,1400.000,1400.000,1400.000,1.599571,0.287394,0.307289,0.497913,0.124947,3.069038,101.850587,0.000000,0.927829382,0.490670233,1
pi3bplus_v2_margin_20260909T125804Z,pi3bplus,2,1,margin,true,7,25,305,2026-09-09T12:59:16Z,1505782710987,fisvdd_revision,n1,1,B0,0.0,31.096,31.096,1400.000,1400.000,1400.000,1400.000,1.663424,0.294060,0.312445,0.495934,0.125885,3.140079,101.942618,0.000000,0.909751085,0.488736709,1
pi3bplus_v2_margin_20260909T125804Z,pi3bplus,2,1,margin,true,7,26,306,2026-09-09T12:59:16Z,1505885266152,fisvdd_revision,n1,1,B0,0.0,31.096,31.096,1400.000,1400.000,1400.000,1400.000,1.559466,0.292237,0.318070,0.557600,0.122239,3.093725,101.897097,0.000000,0.917298509,0.506753247,1
pi3bplus_v2_margin_20260909T125804Z,pi3bplus,2,1,margin,true,7,27,307,2026-09-09T12:59:16Z,1505987780536,fisvdd_revision,n1,1,B0,0.0,31.096,31.096,1400.000,1400.000,1400.000,1400.000,1.701341,0.291977,0.310258,0.494528,0.122811,3.170287,101.972357,0.000000,0.953213565,0.490717883,1
pi3bplus_v2_margin_20260909T125804Z,pi3bplus,2,1,margin,true,7,28,308,2026-09-09T12:59:16Z,1506090377419,fisvdd_revision,n1,1,B0,0.0,31.634,31.634,1400.000,1400.000,1400.000,1400.000,1.640248,0.296039,0.313278,0.494163,0.119791,3.107006,101.993919,0.000000,0.918106272,0.489864299,1
pi3bplus_v2_margin_20260909T125804Z,pi3bplus,2,1,margin,true,7,29,309,2026-09-09T12:59:16Z,1506192994718,fisvdd_revision,n1,1,B0,0.0,31.634,31.096,1400.000,1400.000,1400.000,1400.000,1.575560,0.294060,0.318643,0.498850,0.177707,3.109507,101.853556,0.000000,0.874554887,0.491487783,1
pi3bplus_v2_margin_20260909T125804Z,pi3bplus,2,1,margin,true,7,30,310,2026-09-09T12:59:17Z,1506295471706,fisvdd_revision,n1,1,B0,0.0,31.096,31.096,1400.000,1400.000,1400.000,1400.000,1.722121,0.300205,0.317549,0.497444,0.120884,3.200860,102.000429,0.000000,0.936618349,0.540556111,1
pi3bplus_v2_margin_20260909T125804Z,pi3bplus,2,1,margin,true,7,31,311,2026-09-09T12:59:17Z,1506398097651,fisvdd_revision,n1,1,B0,0.0,30.558,31.096,1400.000,1400.000,1400.000,1400.000,1.573685,0.354268,0.312497,0.530881,0.122186,3.150912,102.017043,0.000000,0.925908638,0.496515419,1
pi3bplus_v2_margin_20260909T125804Z,pi3bplus,2,1,margin,true,7,32,312,2026-09-09T12:59:17Z,1506500739741,fisvdd_revision,n1,1,B0,0.0,31.096,31.096,1400.000,1400.000,1400.000,1400.000,1.591289,0.297185,0.314842,0.496767,0.119791,3.065027,101.917512,0.000000,0.874431696,0.495131323,1
pi3bplus_v2_margin_20260909T125804Z,pi3bplus,2,1,margin,true,7,33,313,2026-09-09T12:59:17Z,1506603273811,fisvdd_revision,n1,1,B0,0.0,31.634,31.096,1400.000,1400.000,1400.000,1400.000,1.803423,0.304008,0.304477,0.496767,0.119009,3.278099,101.968085,0.000000,0.000248352,0.488219383,1
pi3bplus_v2_margin_20260909T125804Z,pi3bplus,2,1,margin,true,7,34,314,2026-09-09T12:59:17Z,1506705857308,fisvdd_revision,n1,1,B0,0.0,31.634,31.096,1400.000,1400.000,1400.000,1400.000,1.573633,0.290311,0.376872,0.501558,0.127499,3.116173,101.873034,0.000000,0.638888129,0.501031913,1
pi3bplus_v2_margin_20260909T125804Z,pi3bplus,2,1,margin,true,7,35,315,2026-09-09T12:59:17Z,1506808447263,fisvdd_revision,n1,1,B0,0.0,31.096,31.634,1400.000,1400.000,1400.000,1400.000,1.603946,0.295310,0.316456,0.497288,0.120624,3.079090,101.862253,0.000000,0.990290850,0.488738384,1
pi3bplus_v2_margin_20260909T125804Z,pi3bplus,2,1,margin,true,7,36,316,2026-09-09T12:59:17Z,1506910972062,fisvdd_revision,n1,1,B0,0.0,31.634,31.096,1400.000,1400.000,1400.000,1400.000,1.725819,0.301924,0.313227,0.499996,0.119895,3.207266,101.977564,0.000000,0.221014303,0.500307453,1
pi3bplus_v2_margin_20260909T125804Z,pi3bplus,2,1,margin,true,7,37,317,2026-09-09T12:59:17Z,1507013570299,fisvdd_revision,n1,1,B0,0.0,31.096,31.096,1400.000,1400.000,1400.000,1400.000,1.573060,0.287185,0.316977,0.592755,0.129478,3.148620,101.892304,0.000000,0.993006544,0.504163986,1
pi3bplus_v2_margin_20260909T125804Z,pi3bplus,2,1,margin,true,7,38,318,2026-09-09T12:59:17Z,1507116168222,fisvdd_revision,n1,1,B0,0.0,31.096,31.096,1400.000,1400.000,1400.000,1400.000,1.606706,0.289373,0.317393,0.496246,0.118697,3.074142,101.885899,0.000000,0.964243982,0.492300466,1
pi3bplus_v2_margin_20260909T125804Z,pi3bplus,2,1,margin,true,7,39,319,2026-09-09T12:59:17Z,1507218670887,fisvdd_revision,n1,1,B0,0.0,31.096,31.634,1400.000,1400.000,1400.000,1400.000,1.663111,0.302341,0.316456,0.495621,0.119583,3.143776,101.940688,0.000000,0.873271351,0.492779328,1
pi3bplus_v2_margin_20260909T125804Z,pi3bplus,2,1,margin,true,8,0,320,2026-09-09T12:59:18Z,1507831670268,tinydl_revision,n256,256,B1,0.5,31.634,32.172,1400.000,1400.000,1400.000,1400.000,2.194201,17.966678,0.900774,1.658528,0.153072,24.017358,102.195634,0.000000,0.661473525,0.618171037,1
pi3bplus_v2_margin_20260909T125804Z,pi3bplus,2,1,margin,true,8,1,321,2026-09-09T12:59:18Z,1507934943498,tinydl_revision,n256,256,B1,0.5,32.172,32.172,1400.000,1400.000,1400.000,1400.000,2.028421,17.711159,1.033221,1.756340,0.154321,23.832204,101.987146,0.000000,0.681107861,0.646735289,1
pi3bplus_v2_margin_20260909T125804Z,pi3bplus,2,1,margin,true,8,2,322,2026-09-09T12:59:18Z,1508037936574,tinydl_revision,n256,256,B1,0.5,31.096,32.172,1400.000,1400.000,1400.000,1400.000,1.617070,17.241007,0.827493,1.409884,0.155363,22.290393,101.869543,0.000000,0.671195660,0.625023611,1
pi3bplus_v2_margin_20260909T125804Z,pi3bplus,2,1,margin,true,8,3,323,2026-09-09T12:59:18Z,1508140913087,tinydl_revision,n256,256,B1,0.5,31.096,32.172,1400.000,1400.000,1400.000,1400.000,1.642643,16.750021,0.822025,1.400614,0.146353,21.825085,101.890064,0.000000,0.676075083,0.663378257,1
pi3bplus_v2_margin_20260909T125804Z,pi3bplus,2,1,margin,true,8,4,324,2026-09-09T12:59:18Z,1508243801685,tinydl_revision,n256,256,B1,0.5,31.096,32.172,1400.000,1400.000,1400.000,1400.000,1.722382,16.723302,0.808692,1.487020,0.148176,21.866334,101.917094,0.000000,0.689235264,0.648059260,1
pi3bplus_v2_margin_20260909T125804Z,pi3bplus,2,1,margin,true,8,5,325,2026-09-09T12:59:19Z,1508346709709,tinydl_revision,n256,256,B1,0.5,32.172,32.172,1400.000,1400.000,1400.000,1400.000,1.696028,16.776427,0.814994,1.528633,0.150103,21.952531,101.938292,0.000000,0.699854429,0.667730600,1
pi3bplus_v2_margin_20260909T125804Z,pi3bplus,2,1,margin,true,8,6,326,2026-09-09T12:59:19Z,1508449638722,tinydl_revision,n256,256,B1,0.5,32.172,32.172,1400.000,1400.000,1400.000,1400.000,1.609206,16.820125,0.809733,1.399572,0.146614,21.768053,102.049697,0.000000,0.684604824,0.652313855,1
pi3bplus_v2_margin_20260909T125804Z,pi3bplus,2,1,margin,true,8,7,327,2026-09-09T12:59:19Z,1508552755337,tinydl_revision,n256,256,B1,0.5,32.172,31.634,1400.000,1400.000,1400.000,1400.000,1.642695,16.747938,0.827493,1.410301,0.148436,21.822324,101.647357,0.000000,0.676478010,0.673879785,1
pi3bplus_v2_margin_20260909T125804Z,pi3bplus,2,1,margin,true,8,8,328,2026-09-09T12:59:19Z,1508655396697,tinydl_revision,n256,256,B1,0.5,32.172,32.172,1400.000,1400.000,1400.000,1400.000,1.743736,16.793302,0.814525,1.511758,0.154426,21.997478,101.917198,0.000000,0.663577649,0.646603338,1
pi3bplus_v2_margin_20260909T125804Z,pi3bplus,2,1,margin,true,8,9,329,2026-09-09T12:59:19Z,1508758307324,tinydl_revision,n256,256,B1,0.5,32.172,32.172,1400.000,1400.000,1400.000,1400.000,1.623060,16.790906,0.804525,1.400666,0.211248,21.783991,101.950532,0.000000,0.657394124,0.631297560,1
pi3bplus_v2_margin_20260909T125804Z,pi3bplus,2,1,margin,true,8,10,330,2026-09-09T12:59:19Z,1508861311701,tinydl_revision,n256,256,B1,0.5,32.172,32.172,1400.000,1400.000,1400.000,1400.000,1.637331,16.732990,0.810410,1.413635,0.154790,21.790293,101.909074,0.000000,0.706953178,0.681207478,1
pi3bplus_v2_margin_20260909T125804Z,pi3bplus,2,1,margin,true,8,11,331,2026-09-09T12:59:19Z,1508964302276,tinydl_revision,n256,256,B1,0.5,31.634,32.172,1400.000,1400.000,1400.000,1400.000,1.667591,16.735907,0.904316,1.407697,0.148853,21.835397,101.948969,0.000000,0.674994740,0.655942790,1
pi3bplus_v2_margin_20260909T125804Z,pi3bplus,2,1,margin,true,8,12,332,2026-09-09T12:59:19Z,1509067254935,tinydl_revision,n256,256,B1,0.5,32.172,32.172,1400.000,1400.000,1400.000,1400.000,1.742434,16.859968,0.813899,1.553685,0.151821,22.076593,101.968240,0.000000,0.673098561,0.627963736,1
pi3bplus_v2_margin_20260909T125804Z,pi3bplus,2,1,margin,true,8,13,333,2026-09-09T12:59:19Z,1509170221656,tinydl_revision,n256,256,B1,0.5,32.172,32.172,1400.000,1400.000,1400.000,1400.000,1.618320,16.799239,0.838431,1.395510,0.148697,21.755137,101.977198,0.000000,0.688718320,0.642331858,1
pi3bplus_v2_margin_20260909T125804Z,pi3bplus,2,1,margin,true,8,14,334,2026-09-09T12:59:20Z,1509273196971,tinydl_revision,n256,256,B1,0.5,32.172,32.710,1400.000,1400.000,1400.000,1400.000,1.630768,16.765593,0.812390,1.416760,0.148436,21.823053,101.864177,0.000000,0.676262019,0.657156664,1
pi3bplus_v2_margin_20260909T125804Z,pi3bplus,2,1,margin,true,8,15,335,2026-09-09T12:59:20Z,1509376139004,tinydl_revision,n256,256,B1,0.5,32.172,32.172,1400.000,1400.000,1400.000,1400.000,1.656445,16.722521,0.872077,1.405510,0.146874,21.767220,101.870583,0.000000,0.697758446,0.655715544,1
pi3bplus_v2_margin_20260909T125804Z,pi3bplus,2,1,margin,true,8,16,336,2026-09-09T12:59:20Z,1509478997287,tinydl_revision,n256,256,B1,0.5,32.172,32.172,1400.000,1400.000,1400.000,1400.000,1.744152,16.823719,0.811348,1.498113,0.149374,22.015031,102.006832,0.000000,0.682243903,0.620715074,1
pi3bplus_v2_margin_20260909T125804Z,pi3bplus,2,1,margin,true,8,17,337,2026-09-09T12:59:20Z,1509582004632,tinydl_revision,n256,256,B1,0.5,32.172,32.172,1400.000,1400.000,1400.000,1400.000,1.612227,16.813145,0.822493,1.411082,0.148072,21.772064,101.732720,0.000000,0.703953757,0.656169701,1
pi3bplus_v2_margin_20260909T125804Z,pi3bplus,2,1,margin,true,8,18,338,2026-09-09T12:59:20Z,1509684844322,tinydl_revision,n256,256,B1,0.5,32.710,32.172,1400.000,1400.000,1400.000,1400.000,1.691914,16.723406,0.824628,1.405561,0.145832,21.823417,101.909072,0.000000,0.697966309,0.680319569,1
pi3bplus_v2_margin_20260909T125804Z,pi3bplus,2,1,margin,true,8,19,339,2026-09-09T12:59:20Z,1509787762605,tinydl_revision,n256,256,B1,0.5,32.172,32.172,1400.000,1400.000,1400.000,1400.000,1.769100,16.727886,0.826764,1.482957,0.147915,21.923885,101.959697,0.000000,0.721487481,0.672897363,1
pi3bplus_v2_margin_20260909T125804Z,pi3bplus,2,1,margin,true,8,20,340,2026-09-09T12:59:20Z,1509890714586,tinydl_revision,n256,256,B1,0.5,32.172,32.172,1400.000,1400.000,1400.000,1400.000,1.701914,16.722938,0.814056,1.454415,0.146509,21.816334,101.970217,0.000000,0.670875922,0.636905065,1
pi3bplus_v2_margin_20260909T125804Z,pi3bplus,2,1,margin,true,8,21,341,2026-09-09T12:59:20Z,1509993687504,tinydl_revision,n256,256,B1,0.5,32.710,32.172,1400.000,1400.000,1400.000,1400.000,1.633476,16.856634,0.821764,1.400978,0.155051,21.838156,101.879333,0.000000,0.669548020,0.636249672,1
pi3bplus_v2_margin_20260909T125804Z,pi3bplus,2,1,margin,true,8,22,342,2026-09-09T12:59:20Z,1510096635682,tinydl_revision,n256,256,B1,0.5,32.172,32.172,1400.000,1400.000,1400.000,1400.000,1.652278,16.806635,0.864421,1.397072,0.146770,21.847897,101.863083,0.000000,0.703480609,0.668872542,1
pi3bplus_v2_margin_20260909T125804Z,pi3bplus,2,1,margin,true,8,23,343,2026-09-09T12:59:20Z,1510199531101,tinydl_revision,n256,256,B1,0.5,32.172,32.172,1400.000,1400.000,1400.000,1400.000,1.788319,16.770281,0.829160,1.453165,0.146197,21.970395,101.938499,0.000000,0.703286574,0.654838321,1
pi3bplus_v2_margin_20260909T125804Z,pi3bplus,2,1,margin,true,8,24,344,2026-09-09T12:59:21Z,1510302524695,tinydl_revision,n256,256,B1,0.5,32.172,32.172,1400.000,1400.000,1400.000,1400.000,1.688997,16.729812,0.825410,1.446760,0.147239,21.830084,101.958134,0.000000,0.650246734,0.625041703,1
pi3bplus_v2_margin_20260909T125804Z,pi3bplus,2,1,margin,true,8,25,345,2026-09-09T12:59:21Z,1510405480842,tinydl_revision,n256,256,B1,0.5,32.710,32.172,1400.000,1400.000,1400.000,1400.000,1.628476,16.710907,0.805618,1.408479,0.153592,21.739980,101.875322,0.000000,0.684890251,0.626429412,1
pi3bplus_v2_margin_20260909T125804Z,pi3bplus,2,1,margin,true,8,26,346,2026-09-09T12:59:21Z,1510508435165,tinydl_revision,n256,256,B1,0.5,32.172,32.172,1400.000,1400.000,1400.000,1400.000,1.684413,16.669813,0.882702,1.414051,0.152447,21.800188,101.887405,0.000000,0.651453024,0.621406457,1
pi3bplus_v2_margin_20260909T125804Z,pi3bplus,2,1,margin,true,8,27,347,2026-09-09T12:59:21Z,1510611329593,tinydl_revision,n256,256,B1,0.5,32.172,32.172,1400.000,1400.000,1400.000,1400.000,1.722121,16.696063,0.814316,1.484259,0.146457,21.838470,101.832979,0.000000,0.704586428,0.698095188,1
pi3bplus_v2_margin_20260909T125804Z,pi3bplus,2,1,margin,true,8,28,348,2026-09-09T12:59:21Z,1510714162407,tinydl_revision,n256,256,B1,0.5,32.172,32.172,1400.000,1400.000,1400.000,1400.000,1.624153,16.746375,0.816660,1.415770,0.154843,21.730137,101.924749,0.000000,0.708693320,0.657534743,1
pi3bplus_v2_margin_20260909T125804Z,pi3bplus,2,1,margin,true,8,29,349,2026-09-09T12:59:21Z,1510817084804,tinydl_revision,n256,256,B1,0.5,32.172,32.172,1400.000,1400.000,1400.000,1400.000,1.636966,16.709448,0.810097,1.439103,0.154061,21.784928,101.860687,0.000000,0.683752644,0.652793293,1
pi3bplus_v2_margin_20260909T125804Z,pi3bplus,2,1,margin,true,8,30,350,2026-09-09T12:59:21Z,1510919950378,tinydl_revision,n256,256,B1,0.5,32.172,32.172,1400.000,1400.000,1400.000,1400.000,1.650560,16.787937,0.893430,1.567279,0.178696,22.128051,101.925478,0.000000,0.678176331,0.674042937,1
pi3bplus_v2_margin_20260909T125804Z,pi3bplus,2,1,margin,true,8,31,351,2026-09-09T12:59:21Z,1511022875171,tinydl_revision,n256,256,B1,0.5,32.172,32.172,1400.000,1400.000,1400.000,1400.000,1.738059,16.894446,0.821400,1.467748,0.148228,22.043780,101.977821,0.000000,0.668669160,0.645332860,1
pi3bplus_v2_margin_20260909T125804Z,pi3bplus,2,1,margin,true,8,32,352,2026-09-09T12:59:21Z,1511125854338,tinydl_revision,n256,256,B1,0.5,32.172,32.172,1400.000,1400.000,1400.000,1400.000,1.635559,16.766636,0.824108,1.419364,0.146665,21.770657,101.860895,0.000000,0.655870406,0.637459516,1
pi3bplus_v2_margin_20260909T125804Z,pi3bplus,2,1,margin,true,8,33,353,2026-09-09T12:59:21Z,1511228788453,tinydl_revision,n256,256,B1,0.5,32.172,32.172,1400.000,1400.000,1400.000,1400.000,1.649934,16.780698,0.820566,1.391238,0.147655,21.825917,101.888655,0.000000,0.688060486,0.659469005,1
pi3bplus_v2_margin_20260909T125804Z,pi3bplus,2,1,margin,true,8,34,354,2026-09-09T12:59:22Z,1511331687829,tinydl_revision,n256,256,B1,0.5,32.172,32.172,1400.000,1400.000,1400.000,1400.000,1.710298,16.721323,0.815931,1.485196,0.150676,21.867791,101.903237,0.000000,0.672232072,0.659602753,1
pi3bplus_v2_margin_20260909T125804Z,pi3bplus,2,1,margin,true,8,35,355,2026-09-09T12:59:22Z,1511434595329,tinydl_revision,n256,256,B1,0.5,32.172,32.172,1400.000,1400.000,1400.000,1400.000,1.674205,16.776687,0.816348,1.464988,0.148280,21.859146,101.937768,0.000000,0.707036715,0.664799946,1
pi3bplus_v2_margin_20260909T125804Z,pi3bplus,2,1,margin,true,8,36,356,2026-09-09T12:59:22Z,1511537530485,tinydl_revision,n256,256,B1,0.5,32.172,32.172,1400.000,1400.000,1400.000,1400.000,1.661237,17.152309,0.813274,1.411395,0.146978,22.160185,101.925424,0.000000,0.665135518,0.627726391,1
pi3bplus_v2_margin_20260909T125804Z,pi3bplus,2,1,margin,true,8,37,357,2026-09-09T12:59:22Z,1511640535224,tinydl_revision,n256,256,B1,0.5,32.710,32.710,1400.000,1400.000,1400.000,1400.000,1.660819,17.798241,0.963430,1.483998,0.155676,23.823765,101.877716,0.000000,0.685974929,0.649722238,1
pi3bplus_v2_margin_20260909T125804Z,pi3bplus,2,1,margin,true,8,38,358,2026-09-09T12:59:22Z,1511743450588,tinydl_revision,n256,256,B1,0.5,32.172,32.172,1400.000,1400.000,1400.000,1400.000,6.825049,17.362360,0.816868,1.403166,0.149686,27.620610,101.940945,0.000000,0.692417689,0.655579544,1
pi3bplus_v2_margin_20260909T125804Z,pi3bplus,2,1,margin,true,8,39,359,2026-09-09T12:59:22Z,1511846388036,tinydl_revision,n256,256,B1,0.5,32.172,32.172,1400.000,1400.000,1400.000,1400.000,1.721132,16.794239,0.827753,1.466342,0.151249,21.946437,102.005268,0.000000,0.672388177,0.613209591,1
pi3bplus_v2_margin_20260909T125804Z,pi3bplus,2,1,margin,true,9,0,360,2026-09-09T12:59:23Z,1512612111311,tinydl_revision,n16,16,B1,0.5,32.172,32.172,1400.000,1400.000,1400.000,1400.000,1.975036,1.310875,0.420570,0.529631,0.148489,4.739858,102.120996,0.000000,0.787943654,0.765981288,1
pi3bplus_v2_margin_20260909T125804Z,pi3bplus,2,1,margin,true,9,1,361,2026-09-09T12:59:23Z,1512714956728,tinydl_revision,n16,16,B1,0.5,32.172,32.172,1400.000,1400.000,1400.000,1400.000,2.196753,1.277021,0.339112,0.427705,0.128072,4.672514,101.923965,0.000000,0.860139456,0.712085871,1
pi3bplus_v2_margin_20260909T125804Z,pi3bplus,2,1,margin,true,9,2,362,2026-09-09T12:59:23Z,1512817535323,tinydl_revision,n16,16,B1,0.5,32.710,32.172,1400.000,1400.000,1400.000,1400.000,1.579466,1.346083,0.348748,0.404476,0.132656,4.092467,101.859956,0.000000,0.594105377,0.598446907,1
pi3bplus_v2_margin_20260909T125804Z,pi3bplus,2,1,margin,true,9,3,363,2026-09-09T12:59:23Z,1512920124804,tinydl_revision,n16,16,B1,0.5,32.172,32.710,1400.000,1400.000,1400.000,1400.000,1.606133,1.273011,0.347654,0.399893,0.147394,4.133560,101.873966,0.000000,0.637351905,0.590389911,1
pi3bplus_v2_margin_20260909T125804Z,pi3bplus,2,1,margin,true,9,4,364,2026-09-09T12:59:23Z,1513022657411,tinydl_revision,n16,16,B1,0.5,32.172,32.172,1400.000,1400.000,1400.000,1400.000,1.669935,1.276552,0.345675,0.402184,0.132551,4.110643,101.972558,0.000000,0.739508787,0.758373842,1
pi3bplus_v2_margin_20260909T125804Z,pi3bplus,2,1,margin,true,9,5,365,2026-09-09T12:59:23Z,1513125286683,tinydl_revision,n16,16,B1,0.5,32.172,32.172,1400.000,1400.000,1400.000,1400.000,1.577592,1.334729,0.342705,0.402288,0.132655,4.080956,101.891049,0.000000,0.573157646,0.503478191,1
pi3bplus_v2_margin_20260909T125804Z,pi3bplus,2,1,margin,true,9,6,366,2026-09-09T12:59:23Z,1513227837726,tinydl_revision,n16,16,B1,0.5,32.172,32.710,1400.000,1400.000,1400.000,1400.000,1.687226,1.272751,0.342185,0.404528,0.131405,4.129082,101.890059,0.000000,0.665342285,0.674157361,1
pi3bplus_v2_margin_20260909T125804Z,pi3bplus,2,1,margin,true,9,7,367,2026-09-09T12:59:24Z,1513330385072,tinydl_revision,n16,16,B1,0.5,32.172,32.710,1400.000,1400.000,1400.000,1400.000,1.642435,1.264625,0.346768,0.398069,0.131197,4.075019,101.955631,0.000000,0.696215766,0.722089028,1
pi3bplus_v2_margin_20260909T125804Z,pi3bplus,2,1,margin,true,9,8,368,2026-09-09T12:59:24Z,1513432999760,tinydl_revision,n16,16,B1,0.5,32.710,32.710,1400.000,1400.000,1400.000,1400.000,1.584414,1.269260,0.348382,0.397966,0.131978,4.069706,101.859173,0.000000,0.728444757,0.739202875,1
pi3bplus_v2_margin_20260909T125804Z,pi3bplus,2,1,margin,true,9,9,369,2026-09-09T12:59:24Z,1513535515907,tinydl_revision,n16,16,B1,0.5,32.172,32.172,1400.000,1400.000,1400.000,1400.000,1.692435,1.282802,0.348330,0.404789,0.133228,4.144914,101.953027,0.000000,0.714411990,0.535339259,1
pi3bplus_v2_margin_20260909T125804Z,pi3bplus,2,1,margin,true,9,10,370,2026-09-09T12:59:24Z,1513638129866,tinydl_revision,n16,16,B1,0.5,32.172,32.172,1400.000,1400.000,1400.000,1400.000,1.582227,1.338843,0.345622,0.405882,0.132863,4.092310,101.790476,0.000000,0.633339378,0.505904145,1
pi3bplus_v2_margin_20260909T125804Z,pi3bplus,2,1,margin,true,9,11,371,2026-09-09T12:59:24Z,1513740655649,tinydl_revision,n16,16,B1,0.5,32.710,32.172,1400.000,1400.000,1400.000,1400.000,1.604883,1.265563,0.410257,0.416403,0.136405,4.121945,101.842194,0.000000,0.776259639,0.744112614,1
pi3bplus_v2_margin_20260909T125804Z,pi3bplus,2,1,margin,true,9,12,372,2026-09-09T12:59:24Z,1513843153306,tinydl_revision,n16,16,B1,0.5,32.172,32.172,1400.000,1400.000,1400.000,1400.000,1.676601,1.276656,0.345570,0.398070,0.133384,4.118977,102.451669,0.000000,0.758225429,0.745963888,1
pi3bplus_v2_margin_20260909T125804Z,pi3bplus,2,1,margin,true,9,13,373,2026-09-09T12:59:24Z,1513946302209,tinydl_revision,n16,16,B1,0.5,32.172,32.172,1400.000,1400.000,1400.000,1400.000,1.599466,1.325458,0.338226,0.407757,0.139218,4.102571,101.947506,0.000000,0.824326678,0.752025605,1
pi3bplus_v2_margin_20260909T125804Z,pi3bplus,2,1,margin,true,9,14,374,2026-09-09T12:59:24Z,1514049011584,tinydl_revision,n16,16,B1,0.5,32.172,32.172,1400.000,1400.000,1400.000,1400.000,2.427220,1.398427,0.352965,0.398122,0.135103,5.025324,101.873392,0.000000,0.714798473,0.752152394,1
pi3bplus_v2_margin_20260909T125804Z,pi3bplus,2,1,margin,true,9,15,375,2026-09-09T12:59:24Z,1514151545804,tinydl_revision,n16,16,B1,0.5,31.634,32.172,1400.000,1400.000,1400.000,1400.000,1.700402,1.279833,0.346351,0.401819,0.132447,4.149081,101.915839,0.000000,0.533940775,0.441363124,1
pi3bplus_v2_margin_20260909T125804Z,pi3bplus,2,1,margin,true,9,16,376,2026-09-09T12:59:25Z,1514254113773,tinydl_revision,n16,16,B1,0.5,32.172,32.172,1400.000,1400.000,1400.000,1400.000,1.570040,1.329885,0.337289,0.405309,0.138697,4.073405,101.881412,0.000000,0.806480742,0.881148959,1
pi3bplus_v2_margin_20260909T125804Z,pi3bplus,2,1,margin,true,9,17,377,2026-09-09T12:59:25Z,1514356713930,tinydl_revision,n16,16,B1,0.5,32.172,32.710,1400.000,1400.000,1400.000,1400.000,1.594935,1.275615,0.392653,0.415570,0.135051,4.108768,101.889536,0.000000,0.721802496,0.675897781,1
pi3bplus_v2_margin_20260909T125804Z,pi3bplus,2,1,margin,true,9,18,378,2026-09-09T12:59:25Z,1514459269555,tinydl_revision,n16,16,B1,0.5,32.172,32.172,1400.000,1400.000,1400.000,1400.000,1.771860,1.273271,0.340934,0.398069,0.141093,4.214288,102.016879,0.000000,0.531036747,0.497807032,1
pi3bplus_v2_margin_20260909T125804Z,pi3bplus,2,1,margin,true,9,19,379,2026-09-09T12:59:25Z,1514561944762,tinydl_revision,n16,16,B1,0.5,32.710,32.172,1400.000,1400.000,1400.000,1400.000,1.581393,1.337281,0.349112,0.404945,0.132759,4.091061,101.856673,0.000000,0.738295816,0.568369129,1
pi3bplus_v2_margin_20260909T125804Z,pi3bplus,2,1,margin,true,9,20,380,2026-09-09T12:59:25Z,1514664539606,tinydl_revision,n16,16,B1,0.5,32.172,32.172,1400.000,1400.000,1400.000,1400.000,1.617851,1.279521,0.346039,0.416611,0.133645,4.118769,101.781829,0.000000,0.727957407,0.753563210,1
pi3bplus_v2_margin_20260909T125804Z,pi3bplus,2,1,margin,true,9,21,381,2026-09-09T12:59:25Z,1514766979607,tinydl_revision,n16,16,B1,0.5,32.172,32.710,1400.000,1400.000,1400.000,1400.000,1.679883,1.276343,0.348018,0.405622,0.134478,4.126737,101.916047,0.000000,0.658807762,0.682398618,1
pi3bplus_v2_margin_20260909T125804Z,pi3bplus,2,1,margin,true,9,22,382,2026-09-09T12:59:25Z,1514869553461,tinydl_revision,n16,16,B1,0.5,32.710,32.172,1400.000,1400.000,1400.000,1400.000,1.578842,1.323062,0.345674,0.400309,0.141613,4.075488,101.871933,0.000000,0.698916258,0.501377559,1
pi3bplus_v2_margin_20260909T125804Z,pi3bplus,2,1,margin,true,9,23,383,2026-09-09T12:59:25Z,1514972157732,tinydl_revision,n16,16,B1,0.5,32.172,32.172,1400.000,1400.000,1400.000,1400.000,1.628007,1.283480,0.343382,0.446455,0.138958,4.143612,101.885370,0.000000,0.598632735,0.541969994,1
pi3bplus_v2_margin_20260909T125804Z,pi3bplus,2,1,margin,true,9,24,384,2026-09-09T12:59:25Z,1515074704920,tinydl_revision,n16,16,B1,0.5,32.172,32.172,1400.000,1400.000,1400.000,1400.000,1.680663,1.285094,0.347237,0.403278,0.132603,4.133299,101.918182,0.000000,0.529770500,0.463208033,1
pi3bplus_v2_margin_20260909T125804Z,pi3bplus,2,1,margin,true,9,25,385,2026-09-09T12:59:25Z,1515177284243,tinydl_revision,n16,16,B1,0.5,32.710,32.172,1400.000,1400.000,1400.000,1400.000,1.585196,1.319468,0.346091,0.400725,0.140519,4.077623,101.863911,0.000000,0.719858785,0.589313372,1
pi3bplus_v2_margin_20260909T125804Z,pi3bplus,2,1,margin,true,9,26,386,2026-09-09T12:59:26Z,1515279805232,tinydl_revision,n16,16,B1,0.5,32.172,32.172,1400.000,1400.000,1400.000,1400.000,1.682434,1.270562,0.337549,0.405257,0.140312,4.123925,101.878495,0.000000,0.644219456,0.642017368,1
pi3bplus_v2_margin_20260909T125804Z,pi3bplus,2,1,margin,true,9,27,387,2026-09-09T12:59:26Z,1515382425335,tinydl_revision,n16,16,B1,0.5,32.172,32.172,1400.000,1400.000,1400.000,1400.000,1.711548,1.276709,0.347393,0.398590,0.136510,4.214497,101.984067,0.000000,0.840542674,0.899338689,1
pi3bplus_v2_margin_20260909T125804Z,pi3bplus,2,1,margin,true,9,28,388,2026-09-09T12:59:26Z,1515485081428,tinydl_revision,n16,16,B1,0.5,32.172,32.172,1400.000,1400.000,1400.000,1400.000,1.583945,1.311968,0.339164,0.405830,0.132551,4.063508,101.877921,0.000000,0.863909459,0.914197656,1
pi3bplus_v2_margin_20260909T125804Z,pi3bplus,2,1,margin,true,9,29,389,2026-09-09T12:59:26Z,1515587618146,tinydl_revision,n16,16,B1,0.5,32.172,32.172,1400.000,1400.000,1400.000,1400.000,1.691445,1.277490,0.340570,0.407549,0.140468,4.147779,101.751776,0.000000,0.609243976,0.594095612,1
pi3bplus_v2_margin_20260909T125804Z,pi3bplus,2,1,margin,true,9,30,390,2026-09-09T12:59:26Z,1515690022990,tinydl_revision,n16,16,B1,0.5,32.172,32.172,1400.000,1400.000,1400.000,1400.000,1.583112,1.348166,0.342081,0.414267,0.132759,4.107154,101.862036,0.000000,0.593692570,0.536056577,1
pi3bplus_v2_margin_20260909T125804Z,pi3bplus,2,1,margin,true,9,31,391,2026-09-09T12:59:26Z,1515792597885,tinydl_revision,n16,16,B1,0.5,32.172,32.172,1400.000,1400.000,1400.000,1400.000,1.600664,1.268271,0.394580,0.415882,0.134894,4.101373,101.855265,0.000000,0.758481964,0.763552996,1
pi3bplus_v2_margin_20260909T125804Z,pi3bplus,2,1,margin,true,9,32,392,2026-09-09T12:59:26Z,1515895104604,tinydl_revision,n16,16,B1,0.5,32.172,32.172,1400.000,1400.000,1400.000,1400.000,1.656185,1.280146,0.343799,0.404372,0.133853,4.100539,101.988076,0.000000,0.693602106,0.689839120,1
pi3bplus_v2_margin_20260909T125804Z,pi3bplus,2,1,margin,true,9,33,393,2026-09-09T12:59:26Z,1515997752623,tinydl_revision,n16,16,B1,0.5,32.172,32.172,1400.000,1400.000,1400.000,1400.000,1.570924,1.326291,0.345518,0.404476,0.133020,4.065592,101.911307,0.000000,0.741009099,0.659594369,1
pi3bplus_v2_margin_20260909T125804Z,pi3bplus,2,1,margin,true,9,34,394,2026-09-09T12:59:26Z,1516100389392,tinydl_revision,n16,16,B1,0.5,32.172,32.172,1400.000,1400.000,1400.000,1400.000,1.605924,1.272594,0.345622,0.462861,0.136509,4.110332,101.847141,0.000000,0.690808788,0.781003345,1
pi3bplus_v2_margin_20260909T125804Z,pi3bplus,2,1,margin,true,9,35,395,2026-09-09T12:59:26Z,1516202895538,tinydl_revision,n16,16,B1,0.5,32.172,32.172,1400.000,1400.000,1400.000,1400.000,1.665716,1.287854,0.348851,0.401872,0.134374,4.130435,101.941983,0.000000,0.618121854,0.594500804,1
pi3bplus_v2_margin_20260909T125804Z,pi3bplus,2,1,margin,true,9,36,396,2026-09-09T12:59:27Z,1516305494026,tinydl_revision,n16,16,B1,0.5,32.172,32.172,1400.000,1400.000,1400.000,1400.000,1.586810,1.321812,0.343748,0.403538,0.135103,4.075227,101.857765,0.000000,0.846955435,0.694168561,1
pi3bplus_v2_margin_20260909T125804Z,pi3bplus,2,1,margin,true,9,37,397,2026-09-09T12:59:27Z,1516408066993,tinydl_revision,n16,16,B1,0.5,32.172,32.172,1400.000,1400.000,1400.000,1400.000,1.620820,1.269782,0.343070,0.398122,0.215623,4.140279,101.859171,0.000000,0.725480524,0.768274147,1
pi3bplus_v2_margin_20260909T125804Z,pi3bplus,2,1,margin,true,9,38,398,2026-09-09T12:59:27Z,1516510581836,tinydl_revision,n16,16,B1,0.5,32.172,32.172,1400.000,1400.000,1400.000,1400.000,1.653581,1.477749,0.349008,0.404111,0.132238,4.309756,101.970576,0.000000,0.693131025,0.753982457,1
pi3bplus_v2_margin_20260909T125804Z,pi3bplus,2,1,margin,true,9,39,399,2026-09-09T12:59:27Z,1516613233448,tinydl_revision,n16,16,B1,0.5,32.172,32.172,1400.000,1400.000,1400.000,1400.000,1.621966,1.332541,0.345570,0.409059,0.133697,4.131477,101.724692,0.000000,0.693248396,0.710167658,1
pi3bplus_v2_margin_20260909T125804Z,pi3bplus,2,1,margin,true,10,0,400,2026-09-09T12:59:28Z,1517377785764,lucid_revision,n256,256,B2,1.0,33.248,32.172,1400.000,1400.000,1400.000,1400.000,1.985713,17.621211,0.858534,174.868210,0.150155,196.529700,198.378019,96.529700,0.727743324,0.628373426,1
pi3bplus_v2_margin_20260909T125804Z,pi3bplus,2,1,margin,true,10,1,401,2026-09-09T12:59:28Z,1517577165702,lucid_revision,n256,256,B2,1.0,33.248,32.710,1400.000,1400.000,1400.000,1400.000,1.635873,16.740593,0.817702,152.689746,0.172603,173.157026,174.991594,73.157026,0.665179477,0.581332306,1
pi3bplus_v2_margin_20260909T125804Z,pi3bplus,2,1,margin,true,10,2,402,2026-09-09T12:59:28Z,1517753198277,lucid_revision,n256,256,B2,1.0,33.248,33.248,1400.000,1400.000,1400.000,1400.000,1.625091,16.890643,0.822650,159.353337,0.172134,179.959107,181.744144,79.959107,0.675306900,0.579946907,1
pi3bplus_v2_margin_20260909T125804Z,pi3bplus,2,1,margin,true,10,3,403,2026-09-09T12:59:28Z,1517935928403,lucid_revision,n256,256,B2,1.0,33.248,33.248,1400.000,1400.000,1400.000,1400.000,1.679725,17.379545,0.872753,158.930684,0.235363,180.144157,181.938569,80.144157,0.701983683,0.619478574,1
pi3bplus_v2_margin_20260909T125804Z,pi3bplus,2,1,margin,true,10,4,404,2026-09-09T12:59:28Z,1518118850454,lucid_revision,n256,256,B2,1.0,33.248,33.786,1400.000,1400.000,1400.000,1400.000,1.674205,17.027205,0.831921,159.323909,0.169217,180.049209,181.936016,80.049209,0.691208756,0.606161824,1
pi3bplus_v2_margin_20260909T125804Z,pi3bplus,2,1,margin,true,10,5,405,2026-09-09T12:59:29Z,1518301772087,lucid_revision,n256,256,B2,1.0,33.248,33.786,1400.000,1400.000,1400.000,1400.000,1.609779,17.243505,0.815983,159.519636,0.172603,180.415299,182.201743,80.415299,0.660896863,0.588610636,1
pi3bplus_v2_margin_20260909T125804Z,pi3bplus,2,1,margin,true,10,6,406,2026-09-09T12:59:29Z,1518485007936,lucid_revision,n256,256,B2,1.0,33.248,33.786,1400.000,1400.000,1400.000,1400.000,1.611341,16.962049,0.812597,159.601146,0.173644,180.270717,182.049296,80.270717,0.684560932,0.589696309,1
pi3bplus_v2_margin_20260909T125804Z,pi3bplus,2,1,margin,true,10,7,407,2026-09-09T12:59:29Z,1518668076286,lucid_revision,n256,256,B2,1.0,33.786,34.324,1400.000,1400.000,1400.000,1400.000,1.613946,17.242099,0.980929,159.992445,0.181405,181.538363,183.296057,81.538363,0.654220212,0.561833820,1
pi3bplus_v2_margin_20260909T125804Z,pi3bplus,2,1,margin,true,10,8,408,2026-09-09T12:59:29Z,1518852393845,lucid_revision,n256,256,B2,1.0,33.786,34.324,1400.000,1400.000,1400.000,1400.000,1.627956,16.906998,0.858170,159.991351,0.174738,180.603527,182.367314,80.603527,0.700962732,0.617287569,1
pi3bplus_v2_margin_20260909T125804Z,pi3bplus,2,1,margin,true,10,9,409,2026-09-09T12:59:29Z,1519035742297,lucid_revision,n256,256,B2,1.0,34.324,34.324,1400.000,1400.000,1400.000,1400.000,1.676028,17.629648,0.889004,159.723488,0.175364,181.130658,182.895800,81.130658,0.705609823,0.614851610,1
pi3bplus_v2_margin_20260909T125804Z,pi3bplus,2,1,margin,true,10,10,410,2026-09-09T12:59:29Z,1519219629339,lucid_revision,n256,256,B2,1.0,34.324,34.324,1400.000,1400.000,1400.000,1400.000,1.683892,17.027309,0.889993,159.501615,0.168176,180.305402,182.158929,80.305402,0.688101975,0.604478632,1
pi3bplus_v2_margin_20260909T125804Z,pi3bplus,2,1,margin,true,10,11,411,2026-09-09T12:59:30Z,1519402787687,lucid_revision,n256,256,B2,1.0,34.324,34.324,1400.000,1400.000,1400.000,1400.000,1.664414,17.219651,0.822441,159.470000,0.168592,180.391443,182.281636,80.391443,0.664732070,0.586821075,1
pi3bplus_v2_margin_20260909T125804Z,pi3bplus,2,1,margin,true,10,12,412,2026-09-09T12:59:30Z,1519586057180,lucid_revision,n256,256,B2,1.0,34.324,34.324,1400.000,1400.000,1400.000,1400.000,1.598633,17.019913,0.815827,159.659946,0.176509,180.298527,182.128981,80.298527,0.680120266,0.595632384,1
pi3bplus_v2_margin_20260909T125804Z,pi3bplus,2,1,margin,true,10,13,413,2026-09-09T12:59:30Z,1519769176882,lucid_revision,n256,256,B2,1.0,34.324,34.324,1400.000,1400.000,1400.000,1400.000,1.617695,17.135068,0.815670,160.248119,0.172290,181.104458,182.975381,81.104458,0.652730557,0.571868243,1
pi3bplus_v2_margin_20260909T125804Z,pi3bplus,2,1,margin,true,10,14,414,2026-09-09T12:59:30Z,1519953144442,lucid_revision,n256,256,B2,1.0,33.786,34.324,1400.000,1400.000,1400.000,1400.000,1.611185,16.981007,0.819160,159.667237,0.175675,180.354152,182.114034,80.354152,0.684844853,0.599862810,1
pi3bplus_v2_margin_20260909T125804Z,pi3bplus,2,1,margin,true,10,15,415,2026-09-09T12:59:30Z,1520136282217,lucid_revision,n256,256,B2,1.0,34.324,34.324,1400.000,1400.000,1400.000,1400.000,1.622591,17.223558,0.829316,159.393333,0.173071,180.350923,182.116741,80.350923,0.674388489,0.590025958,1
pi3bplus_v2_margin_20260909T125804Z,pi3bplus,2,1,margin,true,10,16,416,2026-09-09T12:59:31Z,1520319419575,lucid_revision,n256,256,B2,1.0,34.324,34.862,1400.000,1400.000,1400.000,1400.000,1.675455,17.018663,0.815202,159.766558,0.171144,180.474410,182.338978,80.474410,0.698462263,0.610660892,1
pi3bplus_v2_margin_20260909T125804Z,pi3bplus,2,1,margin,true,10,17,417,2026-09-09T12:59:31Z,1520502792920,lucid_revision,n256,256,B2,1.0,34.862,34.324,1400.000,1400.000,1400.000,1400.000,1.727017,17.525534,0.820879,159.190730,0.173384,180.472326,182.358353,80.472326,0.684789953,0.595536282,1
pi3bplus_v2_margin_20260909T125804Z,pi3bplus,2,1,margin,true,10,18,418,2026-09-09T12:59:31Z,1520686171420,lucid_revision,n256,256,B2,1.0,34.862,34.862,1400.000,1400.000,1400.000,1400.000,1.595976,18.030947,0.997284,159.698850,0.179374,182.313979,184.082298,82.313979,0.686642130,0.600920261,1
pi3bplus_v2_margin_20260909T125804Z,pi3bplus,2,1,margin,true,10,19,419,2026-09-09T12:59:31Z,1520871246522,lucid_revision,n256,256,B2,1.0,34.862,34.324,1400.000,1400.000,1400.000,1400.000,1.670612,17.233974,0.815931,159.866610,0.323175,181.019405,183.357928,81.019405,0.685181178,0.595585074,1
pi3bplus_v2_margin_20260909T125804Z,pi3bplus,2,1,margin,true,10,20,420,2026-09-09T12:59:31Z,1521055598661,lucid_revision,n256,256,B2,1.0,34.862,34.862,1400.000,1400.000,1400.000,1400.000,1.775767,17.073663,0.878638,159.539424,0.239790,180.537378,182.296582,80.537378,0.676514506,0.589743375,1
pi3bplus_v2_margin_20260909T125804Z,pi3bplus,2,1,margin,true,10,21,421,2026-09-09T12:59:31Z,1521238881277,lucid_revision,n256,256,B2,1.0,34.862,34.862,1400.000,1400.000,1400.000,1400.000,1.665142,17.256890,0.817962,159.231458,0.172915,180.164515,182.043875,80.164515,0.703503068,0.616313591,1
pi3bplus_v2_margin_20260909T125804Z,pi3bplus,2,1,margin,true,10,22,422,2026-09-09T12:59:32Z,1521421913216,lucid_revision,n256,256,B2,1.0,34.862,34.862,1400.000,1400.000,1400.000,1400.000,1.593373,17.046892,0.821972,159.865983,0.169270,180.541648,182.383560,80.541648,0.683048169,0.597177195,1
pi3bplus_v2_margin_20260909T125804Z,pi3bplus,2,1,margin,true,10,23,423,2026-09-09T12:59:32Z,1521605288174,lucid_revision,n256,256,B2,1.0,35.400,35.400,1400.000,1400.000,1400.000,1400.000,1.595977,17.302098,0.819577,159.142969,0.170988,180.070974,181.833668,80.070974,0.732997182,0.630658872,1
pi3bplus_v2_margin_20260909T125804Z,pi3bplus,2,1,margin,true,10,24,424,2026-09-09T12:59:32Z,1521788150636,lucid_revision,n256,256,B2,1.0,34.324,34.862,1400.000,1400.000,1400.000,1400.000,1.638059,16.940225,0.862701,160.806288,0.172134,181.457160,183.239281,81.457160,0.704557657,0.616681997,1
pi3bplus_v2_margin_20260909T125804Z,pi3bplus,2,1,margin,true,10,25,425,2026-09-09T12:59:32Z,1521972441419,lucid_revision,n256,256,B2,1.0,34.862,35.400,1400.000,1400.000,1400.000,1400.000,1.648424,17.212620,0.825202,160.070461,0.180051,181.046852,182.801994,81.046852,0.637776534,0.549932077,1
pi3bplus_v2_margin_20260909T125804Z,pi3bplus,2,1,margin,true,10,26,426,2026-09-09T12:59:32Z,1522156276946,lucid_revision,n256,256,B2,1.0,35.400,35.400,1400.000,1400.000,1400.000,1400.000,1.616914,17.055746,0.863535,158.988021,0.168436,179.709674,181.550180,79.709674,0.698730443,0.613591577,1
pi3bplus_v2_margin_20260909T125804Z,pi3bplus,2,1,margin,true,10,27,427,2026-09-09T12:59:33Z,1522338827795,lucid_revision,n256,256,B2,1.0,35.400,35.400,1400.000,1400.000,1400.000,1400.000,1.674205,17.307150,0.812337,158.896406,0.169270,179.884359,181.810385,79.884359,0.708722430,0.619993291,1
pi3bplus_v2_margin_20260909T125804Z,pi3bplus,2,1,margin,true,10,28,428,2026-09-09T12:59:33Z,1522521628276,lucid_revision,n256,256,B2,1.0,35.400,35.400,1400.000,1400.000,1400.000,1400.000,1.589258,16.993351,0.819108,159.867961,0.172446,180.492168,182.262309,80.492168,0.651013780,0.574414306,1
pi3bplus_v2_margin_20260909T125804Z,pi3bplus,2,1,margin,true,10,29,429,2026-09-09T12:59:33Z,1522704927764,lucid_revision,n256,256,B2,1.0,34.862,35.400,1400.000,1400.000,1400.000,1400.000,1.624778,18.453703,1.003742,159.182238,0.167186,182.220643,184.084013,82.220643,0.688539679,0.606858081,1
pi3bplus_v2_margin_20260909T125804Z,pi3bplus,2,1,margin,true,10,30,430,2026-09-09T12:59:33Z,1522890033956,lucid_revision,n256,256,B2,1.0,35.400,35.400,1400.000,1400.000,1400.000,1400.000,1.601549,17.137620,0.808691,161.365344,0.241300,182.198091,183.956722,82.198091,0.671832552,0.576121200,1
pi3bplus_v2_margin_20260909T125804Z,pi3bplus,2,1,margin,true,10,31,431,2026-09-09T12:59:33Z,1523074968795,lucid_revision,n256,256,B2,1.0,35.400,35.400,1400.000,1400.000,1400.000,1400.000,1.665871,17.197255,0.815723,159.013489,0.169738,179.906547,181.789917,79.906547,0.677093773,0.589951534,1
pi3bplus_v2_margin_20260909T125804Z,pi3bplus,2,1,margin,true,10,32,432,2026-09-09T12:59:34Z,1523257740110,lucid_revision,n256,256,B2,1.0,35.400,35.400,1400.000,1400.000,1400.000,1400.000,1.587800,17.007882,0.804368,159.026769,0.171300,179.629829,181.394711,79.629829,0.694660695,0.613038322,1
pi3bplus_v2_margin_20260909T125804Z,pi3bplus,2,1,margin,true,10,33,433,2026-09-09T12:59:34Z,1523440162729,lucid_revision,n256,256,B2,1.0,35.400,35.400,1400.000,1400.000,1400.000,1400.000,1.613685,17.342046,0.819056,159.326401,0.171769,180.380968,182.137829,80.380968,0.700687008,0.612890831,1
pi3bplus_v2_margin_20260909T125804Z,pi3bplus,2,1,margin,true,10,34,434,2026-09-09T12:59:34Z,1523623292685,lucid_revision,n256,256,B2,1.0,35.400,35.400,1400.000,1400.000,1400.000,1400.000,1.667434,17.095173,0.817598,159.817960,0.172602,180.606123,182.513035,80.606123,0.684186483,0.602003516,1
pi3bplus_v2_margin_20260909T125804Z,pi3bplus,2,1,margin,true,10,35,435,2026-09-09T12:59:34Z,1523806804566,lucid_revision,n256,256,B2,1.0,35.400,35.938,1400.000,1400.000,1400.000,1400.000,1.645976,17.320483,0.823014,158.986404,0.168489,179.975347,181.840383,79.975347,0.676694969,0.592402841,1
pi3bplus_v2_margin_20260909T125804Z,pi3bplus,2,1,margin,true,10,36,436,2026-09-09T12:59:34Z,1523989626660,lucid_revision,n256,256,B2,1.0,35.400,35.400,1400.000,1400.000,1400.000,1400.000,1.591184,17.110798,0.823222,159.333537,0.174738,180.070190,181.836738,80.070190,0.654084786,0.569683444,1
pi3bplus_v2_margin_20260909T125804Z,pi3bplus,2,1,margin,true,10,37,437,2026-09-09T12:59:34Z,1524172487452,lucid_revision,n256,256,B2,1.0,35.400,35.400,1400.000,1400.000,1400.000,1400.000,1.614518,17.261890,0.807962,159.531764,0.172811,180.516800,182.275067,80.516800,0.667444558,0.584952150,1
pi3bplus_v2_margin_20260909T125804Z,pi3bplus,2,1,margin,true,10,38,438,2026-09-09T12:59:35Z,1524355743813,lucid_revision,n256,256,B2,1.0,35.400,35.938,1400.000,1400.000,1400.000,1400.000,1.672173,17.029496,0.862389,159.462805,0.168123,180.233468,182.071526,80.233468,0.689785422,0.605010431,1
pi3bplus_v2_margin_20260909T125804Z,pi3bplus,2,1,margin,true,10,39,439,2026-09-09T12:59:35Z,1524538801841,lucid_revision,n256,256,B2,1.0,35.400,35.938,1400.000,1400.000,1400.000,1400.000,1.650768,17.555481,0.820567,159.265880,0.172603,180.517008,182.406680,80.517008,0.681533291,0.594129891,1
pi3bplus_v2_margin_20260909T125804Z,pi3bplus,2,1,margin,true,11,0,440,2026-09-09T12:59:36Z,1525402278137,oi_svdd_as_elm_revision,n64,64,B2,1.0,34.862,34.862,1400.000,1400.000,1400.000,1400.000,2.170503,4.605223,0.522235,2.816331,0.145155,10.794703,102.191973,0.000000,0.712585327,0.647859554,1
pi3bplus_v2_margin_20260909T125804Z,pi3bplus,2,1,margin,true,11,1,441,2026-09-09T12:59:36Z,1525505278749,oi_svdd_as_elm_revision,n64,64,B2,1.0,34.862,34.324,1400.000,1400.000,1400.000,1400.000,1.909411,4.532566,0.462548,2.351491,0.133958,9.912783,101.897392,0.000000,0.638342394,0.604479057,1
pi3bplus_v2_margin_20260909T125804Z,pi3bplus,2,1,margin,true,11,2,442,2026-09-09T12:59:36Z,1525607903322,oi_svdd_as_elm_revision,n64,64,B2,1.0,34.862,34.862,1400.000,1400.000,1400.000,1400.000,1.658320,4.331318,0.492496,2.294200,0.140207,9.358413,101.871038,0.000000,0.645622837,0.613245293,1
pi3bplus_v2_margin_20260909T125804Z,pi3bplus,2,1,margin,true,11,3,443,2026-09-09T12:59:36Z,1525710582270,oi_svdd_as_elm_revision,n64,64,B2,1.0,34.862,34.862,1400.000,1400.000,1400.000,1400.000,1.714569,4.379964,0.460205,2.227326,0.138540,9.372215,101.839007,0.000000,0.694384648,0.658119272,1
pi3bplus_v2_margin_20260909T125804Z,pi3bplus,2,1,margin,true,11,4,444,2026-09-09T12:59:36Z,1525813149813,oi_svdd_as_elm_revision,n64,64,B2,1.0,34.862,34.324,1400.000,1400.000,1400.000,1400.000,1.573893,4.321163,0.462496,2.497896,0.145780,9.437682,101.837548,0.000000,0.720751659,0.659959158,1
pi3bplus_v2_margin_20260909T125804Z,pi3bplus,2,1,margin,true,11,5,445,2026-09-09T12:59:36Z,1525915702980,oi_svdd_as_elm_revision,n64,64,B2,1.0,35.400,34.862,1400.000,1400.000,1400.000,1400.000,1.694725,4.317986,0.470621,2.336648,0.136666,9.401642,101.950673,0.000000,0.693420232,0.628033175,1
pi3bplus_v2_margin_20260909T125804Z,pi3bplus,2,1,margin,true,11,6,446,2026-09-09T12:59:36Z,1526018380053,oi_svdd_as_elm_revision,n64,64,B2,1.0,34.862,34.862,1400.000,1400.000,1400.000,1400.000,1.623580,4.529962,0.468850,2.211336,0.143905,9.454662,101.967183,0.000000,0.658397307,0.534161882,1
pi3bplus_v2_margin_20260909T125804Z,pi3bplus,2,1,margin,true,11,7,447,2026-09-09T12:59:36Z,1526121076917,oi_svdd_as_elm_revision,n64,64,B2,1.0,34.324,34.862,1400.000,1400.000,1400.000,1400.000,1.574154,4.341163,0.465308,2.262377,0.139843,9.229404,101.825257,0.000000,0.677116344,0.640476188,1
pi3bplus_v2_margin_20260909T125804Z,pi3bplus,2,1,margin,true,11,8,448,2026-09-09T12:59:36Z,1526223620241,oi_svdd_as_elm_revision,n64,64,B2,1.0,34.862,34.324,1400.000,1400.000,1400.000,1400.000,1.676653,4.323974,0.469371,2.270189,0.137239,9.341694,101.885308,0.000000,0.716262124,0.699906547,1
pi3bplus_v2_margin_20260909T125804Z,pi3bplus,2,1,margin,true,11,9,449,2026-09-09T12:59:37Z,1526326225335,oi_svdd_as_elm_revision,n64,64,B2,1.0,34.324,34.324,1400.000,1400.000,1400.000,1400.000,1.564987,4.371735,0.468434,2.210034,0.139426,9.207060,101.906506,0.000000,0.731082118,0.681660358,1
pi3bplus_v2_margin_20260909T125804Z,pi3bplus,2,1,margin,true,11,10,450,2026-09-09T12:59:37Z,1526428857720,oi_svdd_as_elm_revision,n64,64,B2,1.0,34.862,34.324,1400.000,1400.000,1400.000,1400.000,1.588268,4.333923,0.464528,2.290658,0.139895,9.258830,101.843433,0.000000,0.579902677,0.535405356,1
pi3bplus_v2_margin_20260909T125804Z,pi3bplus,2,1,margin,true,11,11,451,2026-09-09T12:59:37Z,1526531422033,oi_svdd_as_elm_revision,n64,64,B2,1.0,34.862,34.862,1400.000,1400.000,1400.000,1400.000,1.645091,4.317361,0.464215,2.266544,0.137603,9.274142,101.951609,0.000000,0.688798215,0.677804517,1
pi3bplus_v2_margin_20260909T125804Z,pi3bplus,2,1,margin,true,11,12,452,2026-09-09T12:59:37Z,1526634095563,oi_svdd_as_elm_revision,n64,64,B2,1.0,34.862,34.862,1400.000,1400.000,1400.000,1400.000,1.567904,4.380224,0.463590,2.204617,0.138801,9.207424,101.857652,0.000000,0.732496099,0.641971027,1
pi3bplus_v2_margin_20260909T125804Z,pi3bplus,2,1,margin,true,11,13,453,2026-09-09T12:59:37Z,1526736741125,oi_svdd_as_elm_revision,n64,64,B2,1.0,35.400,34.862,1400.000,1400.000,1400.000,1400.000,1.597539,4.793555,0.623796,3.473097,0.133801,11.535426,101.800100,0.000000,0.755723180,0.667846927,1
pi3bplus_v2_margin_20260909T125804Z,pi3bplus,2,1,margin,true,11,14,454,2026-09-09T12:59:37Z,1526839260959,oi_svdd_as_elm_revision,n64,64,B2,1.0,34.862,34.324,1400.000,1400.000,1400.000,1400.000,1.906443,4.344183,0.471402,2.270762,0.137603,9.576744,101.968536,0.000000,0.639531533,0.615944941,1
pi3bplus_v2_margin_20260909T125804Z,pi3bplus,2,1,margin,true,11,15,455,2026-09-09T12:59:37Z,1526941946103,oi_svdd_as_elm_revision,n64,64,B2,1.0,34.324,34.324,1400.000,1400.000,1400.000,1400.000,1.564623,7.488480,0.462132,2.266439,0.138332,12.372034,101.855517,0.000000,0.634231599,0.565022515,1
pi3bplus_v2_margin_20260909T125804Z,pi3bplus,2,1,margin,true,11,16,456,2026-09-09T12:59:37Z,1527044569374,oi_svdd_as_elm_revision,n64,64,B2,1.0,34.324,34.862,1400.000,1400.000,1400.000,1400.000,1.592382,4.335276,0.466246,5.202718,0.137135,12.182868,101.884474,0.000000,0.740983237,0.678969426,1
pi3bplus_v2_margin_20260909T125804Z,pi3bplus,2,1,margin,true,11,17,457,2026-09-09T12:59:37Z,1527147214988,oi_svdd_as_elm_revision,n64,64,B2,1.0,34.324,34.862,1400.000,1400.000,1400.000,1400.000,1.678215,4.327777,0.463121,2.245086,0.144426,9.307579,101.896974,0.000000,0.702950915,0.596010917,1
pi3bplus_v2_margin_20260909T125804Z,pi3bplus,2,1,margin,true,11,18,458,2026-09-09T12:59:37Z,1527249832841,oi_svdd_as_elm_revision,n64,64,B2,1.0,34.324,34.862,1400.000,1400.000,1400.000,1400.000,1.571029,4.336215,0.472861,2.203940,0.143228,9.225966,101.844370,0.000000,0.636030929,0.597738329,1
pi3bplus_v2_margin_20260909T125804Z,pi3bplus,2,1,margin,true,11,19,459,2026-09-09T12:59:38Z,1527352469080,oi_svdd_as_elm_revision,n64,64,B2,1.0,34.324,34.324,1400.000,1400.000,1400.000,1400.000,1.604726,4.321267,0.464736,2.260815,0.138072,9.252319,101.834994,0.000000,0.701103699,0.672150453,1
pi3bplus_v2_margin_20260909T125804Z,pi3bplus,2,1,margin,true,11,20,460,2026-09-09T12:59:38Z,1527455015267,oi_svdd_as_elm_revision,n64,64,B2,1.0,34.324,34.324,1400.000,1400.000,1400.000,1400.000,1.664830,4.338089,0.467548,2.248419,0.140103,9.315235,102.019837,0.000000,0.748037781,0.681973425,1
pi3bplus_v2_margin_20260909T125804Z,pi3bplus,2,1,margin,true,11,21,461,2026-09-09T12:59:38Z,1527557755202,oi_svdd_as_elm_revision,n64,64,B2,1.0,34.324,34.862,1400.000,1400.000,1400.000,1400.000,1.567122,4.331058,0.479631,2.212378,0.138593,9.241590,101.841765,0.000000,0.694255621,0.653006274,1
pi3bplus_v2_margin_20260909T125804Z,pi3bplus,2,1,margin,true,11,22,462,2026-09-09T12:59:38Z,1527660379982,oi_svdd_as_elm_revision,n64,64,B2,1.0,34.862,34.324,1400.000,1400.000,1400.000,1400.000,1.592592,4.323818,0.464423,2.262533,0.146353,9.241226,101.678537,0.000000,0.664024433,0.612711445,1
pi3bplus_v2_margin_20260909T125804Z,pi3bplus,2,1,margin,true,11,23,463,2026-09-09T12:59:38Z,1527762774764,oi_svdd_as_elm_revision,n64,64,B2,1.0,34.324,34.324,1400.000,1400.000,1400.000,1400.000,1.666601,4.353193,0.464319,2.195607,0.196248,9.324662,102.120617,0.000000,0.636794569,0.485022479,1
pi3bplus_v2_margin_20260909T125804Z,pi3bplus,2,1,margin,true,11,24,464,2026-09-09T12:59:38Z,1527865619646,oi_svdd_as_elm_revision,n64,64,B2,1.0,34.862,34.862,1400.000,1400.000,1400.000,1400.000,1.557852,4.303818,0.511871,2.213680,0.139947,9.171018,101.869630,0.000000,0.739478891,0.756653957,1
pi3bplus_v2_margin_20260909T125804Z,pi3bplus,2,1,margin,true,11,25,465,2026-09-09T12:59:38Z,1527968284530,oi_svdd_as_elm_revision,n64,64,B2,1.0,34.862,34.862,1400.000,1400.000,1400.000,1400.000,1.603841,4.319340,0.466715,2.274825,0.138228,9.244611,105.526943,0.000000,0.696696435,0.645403695,1
pi3bplus_v2_margin_20260909T125804Z,pi3bplus,2,1,margin,true,11,26,466,2026-09-09T12:59:38Z,1528074672768,oi_svdd_as_elm_revision,n64,64,B2,1.0,34.862,34.324,1400.000,1400.000,1400.000,1400.000,2.237065,4.691680,0.523798,2.531698,0.147030,10.830588,103.285816,0.000000,0.720341650,0.700663702,1
pi3bplus_v2_margin_20260909T125804Z,pi3bplus,2,1,margin,true,11,27,467,2026-09-09T12:59:38Z,1528178686026,oi_svdd_as_elm_revision,n64,64,B2,1.0,34.324,34.324,1400.000,1400.000,1400.000,1400.000,13.107757,5.984847,0.531975,2.858414,0.162863,23.251788,103.264827,0.000000,0.700316514,0.655500191,1
pi3bplus_v2_margin_20260909T125804Z,pi3bplus,2,1,margin,true,11,28,468,2026-09-09T12:59:39Z,1528282678295,oi_svdd_as_elm_revision,n64,64,B2,1.0,34.862,35.400,1400.000,1400.000,1400.000,1400.000,10.006272,12.581615,0.455101,6.616195,0.171561,30.303031,102.453009,0.000000,0.748553262,0.647203575,1
pi3bplus_v2_margin_20260909T125804Z,pi3bplus,2,1,margin,true,11,29,469,2026-09-09T12:59:39Z,1528385985933,oi_svdd_as_elm_revision,n64,64,B2,1.0,34.324,34.862,1400.000,1400.000,1400.000,1400.000,1.927640,4.970584,0.524007,2.419668,0.145259,10.631266,101.876035,0.000000,0.747322090,0.670613734,1
pi3bplus_v2_margin_20260909T125804Z,pi3bplus,2,1,margin,true,11,30,470,2026-09-09T12:59:39Z,1528488657743,oi_svdd_as_elm_revision,n64,64,B2,1.0,35.400,34.862,1400.000,1400.000,1400.000,1400.000,1.601081,4.413401,0.465309,2.309877,0.140051,9.368568,101.889993,0.000000,0.663173606,0.622114169,1
pi3bplus_v2_margin_20260909T125804Z,pi3bplus,2,1,margin,true,11,31,471,2026-09-09T12:59:39Z,1528591309136,oi_svdd_as_elm_revision,n64,64,B2,1.0,34.324,34.324,1400.000,1400.000,1400.000,1400.000,1.696913,4.318818,0.469319,2.278939,0.138645,9.350288,101.909733,0.000000,0.743242615,0.698165192,1
pi3bplus_v2_margin_20260909T125804Z,pi3bplus,2,1,margin,true,11,32,472,2026-09-09T12:59:39Z,1528693934280,oi_svdd_as_elm_revision,n64,64,B2,1.0,34.862,34.862,1400.000,1400.000,1400.000,1400.000,1.565143,4.338142,0.562131,2.254981,0.140311,9.443151,101.755776,0.000000,0.725528773,0.677122356,1
pi3bplus_v2_margin_20260909T125804Z,pi3bplus,2,1,margin,true,11,33,473,2026-09-09T12:59:39Z,1528796515778,oi_svdd_as_elm_revision,n64,64,B2,1.0,34.862,34.862,1400.000,1400.000,1400.000,1400.000,1.636289,4.323142,0.461506,2.279148,0.137916,9.282267,101.837806,0.000000,0.671596267,0.628005189,1
pi3bplus_v2_margin_20260909T125804Z,pi3bplus,2,1,margin,true,11,34,474,2026-09-09T12:59:39Z,1528899073110,oi_svdd_as_elm_revision,n64,64,B2,1.0,34.862,34.862,1400.000,1400.000,1400.000,1400.000,1.729882,4.337516,0.468642,2.265033,0.141769,9.384506,102.158689,0.000000,0.586267991,0.538675028,1
pi3bplus_v2_margin_20260909T125804Z,pi3bplus,2,1,margin,true,11,35,475,2026-09-09T12:59:39Z,1529001971116,oi_svdd_as_elm_revision,n64,64,B2,1.0,34.862,35.400,1400.000,1400.000,1400.000,1400.000,1.590664,5.425997,0.541194,3.080027,0.140311,11.349021,101.894472,0.000000,0.657465594,0.537648966,1
pi3bplus_v2_margin_20260909T125804Z,pi3bplus,2,1,margin,true,11,36,476,2026-09-09T12:59:39Z,1529104657821,oi_svdd_as_elm_revision,n64,64,B2,1.0,34.862,34.324,1400.000,1400.000,1400.000,1400.000,1.603373,4.540066,0.463381,2.295450,0.140155,9.495807,101.835515,0.000000,0.686125839,0.626483488,1
pi3bplus_v2_margin_20260909T125804Z,pi3bplus,2,1,margin,true,11,37,477,2026-09-09T12:59:39Z,1529207210466,oi_svdd_as_elm_revision,n64,64,B2,1.0,34.324,34.862,1400.000,1400.000,1400.000,1400.000,1.672382,4.325224,0.463381,2.279513,0.138019,9.323829,101.934888,0.000000,0.659183051,0.602666941,1
pi3bplus_v2_margin_20260909T125804Z,pi3bplus,2,1,margin,true,11,38,478,2026-09-09T12:59:40Z,1529309862952,oi_svdd_as_elm_revision,n64,64,B2,1.0,34.862,34.862,1400.000,1400.000,1400.000,1400.000,1.561915,4.331683,0.469267,2.212273,0.137707,9.204091,101.822129,0.000000,0.639995313,0.599833371,1
pi3bplus_v2_margin_20260909T125804Z,pi3bplus,2,1,margin,true,11,39,479,2026-09-09T12:59:40Z,1529412470022,oi_svdd_as_elm_revision,n64,64,B2,1.0,34.324,34.862,1400.000,1400.000,1400.000,1400.000,1.590872,4.309079,0.462184,2.275606,0.137915,9.216122,101.839108,0.000000,0.766897874,0.764629177,1
pi3bplus_v2_margin_20260909T125804Z,pi3bplus,2,1,margin,true,12,0,480,2026-09-09T12:59:40Z,1530211290358,lucid_revision,n512,512,B0,0.0,33.248,33.786,1400.000,1400.000,1400.000,1400.000,1.822328,35.132054,1.206552,337.281485,0.177134,377.360165,379.123536,277.360165,0.692440946,0.608430648,1
pi3bplus_v2_margin_20260909T125804Z,pi3bplus,2,1,margin,true,12,1,481,2026-09-09T12:59:41Z,1530591711592,lucid_revision,n512,512,B0,0.0,33.786,34.324,1400.000,1400.000,1400.000,1400.000,1.722850,33.784253,1.212958,307.337201,0.183176,346.102401,347.881970,246.102401,0.665609688,0.582657498,1
pi3bplus_v2_margin_20260909T125804Z,pi3bplus,2,1,margin,true,12,2,482,2026-09-09T12:59:41Z,1530941011102,lucid_revision,n512,512,B0,0.0,34.324,33.786,1400.000,1400.000,1400.000,1400.000,2.189669,34.047115,1.273167,319.798088,0.186197,359.343543,361.112070,259.343543,0.687039078,0.597519618,1
pi3bplus_v2_margin_20260909T125804Z,pi3bplus,2,1,margin,true,12,3,483,2026-09-09T12:59:42Z,1531303462171,lucid_revision,n512,512,B0,0.0,34.324,34.324,1400.000,1400.000,1400.000,1400.000,1.791756,34.169249,1.234729,321.264635,0.191665,360.506342,362.341223,260.506342,0.692301488,0.606171823,1
pi3bplus_v2_margin_20260909T125804Z,pi3bplus,2,1,margin,true,12,4,484,2026-09-09T12:59:42Z,1531667112446,lucid_revision,n512,512,B0,0.0,34.324,34.324,1400.000,1400.000,1400.000,1400.000,1.779881,33.908574,1.216135,319.298142,0.191301,358.212924,359.997857,258.212924,0.669791091,0.589529601,1
pi3bplus_v2_margin_20260909T125804Z,pi3bplus,2,1,margin,true,12,5,485,2026-09-09T12:59:42Z,1532028518208,lucid_revision,n512,512,B0,0.0,34.324,34.324,1400.000,1400.000,1400.000,1400.000,1.718684,34.645078,1.218583,321.797911,0.190884,361.350345,363.124444,261.350345,0.678658291,0.594381007,1
pi3bplus_v2_margin_20260909T125804Z,pi3bplus,2,1,margin,true,12,6,486,2026-09-09T12:59:43Z,1532393006652,lucid_revision,n512,512,B0,0.0,34.324,34.324,1400.000,1400.000,1400.000,1400.000,1.659674,33.984562,1.228740,318.361897,0.182706,357.206731,358.988279,257.206731,0.678617358,0.592570164,1
pi3bplus_v2_margin_20260909T125804Z,pi3bplus,2,1,margin,true,12,7,487,2026-09-09T12:59:43Z,1532753360180,lucid_revision,n512,512,B0,0.0,34.324,34.324,1400.000,1400.000,1400.000,1400.000,1.642747,35.831162,1.206084,321.762181,0.190103,363.080485,364.843803,263.080485,0.687635954,0.600600260,1
pi3bplus_v2_margin_20260909T125804Z,pi3bplus,2,1,margin,true,12,8,488,2026-09-09T12:59:43Z,1533119509233,lucid_revision,n512,512,B0,0.0,34.324,34.324,1400.000,1400.000,1400.000,1400.000,1.777485,33.975187,1.222229,318.125491,0.183124,357.143761,358.925309,257.143761,0.684307486,0.595082928,1
pi3bplus_v2_margin_20260909T125804Z,pi3bplus,2,1,margin,true,12,9,489,2026-09-09T12:59:44Z,1533479729636,lucid_revision,n512,512,B0,0.0,33.786,34.324,1400.000,1400.000,1400.000,1400.000,1.760090,34.256748,1.228687,321.492129,0.189686,360.747845,362.508455,260.747845,0.692574776,0.608077990,1
pi3bplus_v2_margin_20260909T125804Z,pi3bplus,2,1,margin,true,12,10,490,2026-09-09T12:59:44Z,1533843556726,lucid_revision,n512,512,B0,0.0,34.324,34.324,1400.000,1400.000,1400.000,1400.000,1.773579,33.920813,1.246396,318.271426,0.191457,357.268811,359.049994,257.268811,0.710278277,0.615539189,1
pi3bplus_v2_margin_20260909T125804Z,pi3bplus,2,1,margin,true,12,11,491,2026-09-09T12:59:44Z,1534203925199,lucid_revision,n512,512,B0,0.0,34.324,34.324,1400.000,1400.000,1400.000,1400.000,1.774412,34.450027,1.219521,320.255730,0.179634,359.650352,361.500701,259.650352,0.677447427,0.590338683,1
pi3bplus_v2_margin_20260909T125804Z,pi3bplus,2,1,margin,true,12,12,492,2026-09-09T12:59:45Z,1534566727087,lucid_revision,n512,512,B0,0.0,34.324,34.324,1400.000,1400.000,1400.000,1400.000,1.743475,34.035082,1.231084,319.050427,0.184478,358.090260,359.863839,258.090260,0.674921015,0.590430936,1
pi3bplus_v2_margin_20260909T125804Z,pi3bplus,2,1,margin,true,12,13,493,2026-09-09T12:59:45Z,1534927881019,lucid_revision,n512,512,B0,0.0,33.786,34.324,1400.000,1400.000,1400.000,1400.000,1.741080,34.748826,1.225823,321.577802,0.193488,361.239140,363.007875,261.239140,0.683749977,0.595498091,1
pi3bplus_v2_margin_20260909T125804Z,pi3bplus,2,1,margin,true,12,14,494,2026-09-09T12:59:46Z,1535292249092,lucid_revision,n512,512,B0,0.0,34.324,34.324,1400.000,1400.000,1400.000,1400.000,1.664152,33.996958,1.191552,318.957092,0.185467,357.829009,359.605348,257.829009,0.692355311,0.607908673,1
pi3bplus_v2_margin_20260909T125804Z,pi3bplus,2,1,margin,true,12,15,495,2026-09-09T12:59:46Z,1535653216148,lucid_revision,n512,512,B0,0.0,34.324,34.324,1400.000,1400.000,1400.000,1400.000,1.651913,34.554870,1.283323,321.277646,0.189165,360.720599,362.488606,260.720599,0.681858680,0.597636692,1
pi3bplus_v2_margin_20260909T125804Z,pi3bplus,2,1,margin,true,12,16,496,2026-09-09T12:59:46Z,1536017113961,lucid_revision,n512,512,B0,0.0,33.786,34.324,1400.000,1400.000,1400.000,1400.000,1.686965,34.352579,1.214261,319.771251,0.259894,359.044571,360.819764,259.044571,0.658192432,0.574390944,1
pi3bplus_v2_margin_20260909T125804Z,pi3bplus,2,1,margin,true,12,17,497,2026-09-09T12:59:47Z,1536379238871,lucid_revision,n512,512,B0,0.0,34.324,34.324,1400.000,1400.000,1400.000,1400.000,1.748631,34.423568,1.206761,319.915155,0.180207,359.319098,361.163926,259.319098,0.688999776,0.603903653,1
pi3bplus_v2_margin_20260909T125804Z,pi3bplus,2,1,margin,true,12,18,498,2026-09-09T12:59:47Z,1536741728984,lucid_revision,n512,512,B0,0.0,34.324,34.324,1400.000,1400.000,1400.000,1400.000,1.621133,34.037895,1.279729,319.541721,0.254841,358.504522,360.280340,258.504522,0.677299305,0.589394376,1
pi3bplus_v2_margin_20260909T125804Z,pi3bplus,2,1,margin,true,12,19,499,2026-09-09T12:59:47Z,1537103388792,lucid_revision,n512,512,B0,0.0,34.324,34.324,1400.000,1400.000,1400.000,1400.000,1.776704,34.351642,1.227541,322.606797,0.192186,362.003553,363.782288,262.003553,0.683675919,0.599213928,1
pi3bplus_v2_margin_20260909T125804Z,pi3bplus,2,1,margin,true,12,20,500,2026-09-09T12:59:48Z,1537468538673,lucid_revision,n512,512,B0,0.0,34.324,34.324,1400.000,1400.000,1400.000,1400.000,1.673528,34.210861,1.209261,319.556353,0.190780,358.606810,360.477159,258.606810,0.693162797,0.603630689,1
pi3bplus_v2_margin_20260909T125804Z,pi3bplus,2,1,margin,true,12,21,501,2026-09-09T12:59:48Z,1537830315665,lucid_revision,n512,512,B0,0.0,34.324,34.324,1400.000,1400.000,1400.000,1400.000,1.681965,34.396745,1.278479,321.619044,0.184217,360.934290,362.803545,260.934290,0.704464610,0.614045030,1
pi3bplus_v2_margin_20260909T125804Z,pi3bplus,2,1,margin,true,12,22,502,2026-09-09T12:59:48Z,1538194415137,lucid_revision,n512,512,B0,0.0,34.324,34.324,1400.000,1400.000,1400.000,1400.000,1.682017,34.082373,1.296135,318.259226,0.194894,357.300724,359.193208,257.300724,0.685220114,0.595452827,1
pi3bplus_v2_margin_20260909T125804Z,pi3bplus,2,1,margin,true,12,23,503,2026-09-09T12:59:49Z,1538554907762,lucid_revision,n512,512,B0,0.0,33.786,34.324,1400.000,1400.000,1400.000,1400.000,1.915140,34.730440,1.201865,320.534624,0.189426,360.402052,362.265057,260.402052,0.690489902,0.601808962,1
pi3bplus_v2_margin_20260909T125804Z,pi3bplus,2,1,margin,true,12,24,504,2026-09-09T12:59:49Z,1538918525568,lucid_revision,n512,512,B0,0.0,34.862,33.786,1400.000,1400.000,1400.000,1400.000,1.774569,34.799658,1.214313,318.698910,0.189998,358.540036,360.300803,258.540036,0.676069575,0.598081115,1
pi3bplus_v2_margin_20260909T125804Z,pi3bplus,2,1,margin,true,12,25,505,2026-09-09T12:59:50Z,1539280185995,lucid_revision,n512,512,B0,0.0,34.862,34.324,1400.000,1400.000,1400.000,1400.000,1.641080,34.402421,1.229729,319.773742,0.183540,358.996488,360.860952,258.996488,0.674960241,0.581487493,1
pi3bplus_v2_margin_20260909T125804Z,pi3bplus,2,1,margin,true,12,26,506,2026-09-09T12:59:50Z,1539642369123,lucid_revision,n512,512,B0,0.0,34.862,34.324,1400.000,1400.000,1400.000,1400.000,1.706861,34.036331,1.259885,319.485827,0.200728,358.435868,360.213457,258.435868,0.701829510,0.615150204,1
pi3bplus_v2_margin_20260909T125804Z,pi3bplus,2,1,margin,true,12,27,507,2026-09-09T12:59:50Z,1540003904913,lucid_revision,n512,512,B0,0.0,34.324,33.786,1400.000,1400.000,1400.000,1400.000,1.801339,34.577264,1.217177,320.916127,0.190676,360.535224,362.305262,260.535224,0.675750536,0.595380453,1
pi3bplus_v2_margin_20260909T125804Z,pi3bplus,2,1,margin,true,12,28,508,2026-09-09T12:59:51Z,1540367507508,lucid_revision,n512,512,B0,0.0,34.862,34.324,1400.000,1400.000,1400.000,1400.000,1.767329,34.110549,1.210511,317.342197,0.185467,356.476558,358.307897,256.476558,0.662725956,0.579039315,1
pi3bplus_v2_margin_20260909T125804Z,pi3bplus,2,1,margin,true,12,29,509,2026-09-09T12:59:51Z,1540727110550,lucid_revision,n512,512,B0,0.0,34.324,34.324,1400.000,1400.000,1400.000,1400.000,1.745350,37.530364,1.283635,320.839616,0.188541,363.363324,365.219506,263.363324,0.689447755,0.603720542,1
pi3bplus_v2_margin_20260909T125804Z,pi3bplus,2,1,margin,true,12,30,510,2026-09-09T12:59:51Z,1541093635098,lucid_revision,n512,512,B0,0.0,34.324,34.862,1400.000,1400.000,1400.000,1400.000,1.629830,34.010914,1.297333,318.553592,0.182134,357.439830,359.306845,257.439830,0.675897919,0.588441544,1
pi3bplus_v2_margin_20260909T125804Z,pi3bplus,2,1,margin,true,12,31,511,2026-09-09T12:59:52Z,1541454285161,lucid_revision,n512,512,B0,0.0,34.324,34.324,1400.000,1400.000,1400.000,1400.000,2.263418,34.289037,1.191813,319.346344,0.182447,359.120440,360.891727,259.120440,0.697913853,0.610083009,1
pi3bplus_v2_margin_20260909T125804Z,pi3bplus,2,1,margin,true,12,32,512,2026-09-09T12:59:52Z,1541816551564,lucid_revision,n512,512,B0,0.0,34.324,34.862,1400.000,1400.000,1400.000,1400.000,1.644309,36.499383,1.185355,320.418055,0.182707,362.440048,364.316074,262.440048,0.685771736,0.598701997,1
pi3bplus_v2_margin_20260909T125804Z,pi3bplus,2,1,margin,true,12,33,513,2026-09-09T12:59:52Z,1542182211533,lucid_revision,n512,512,B0,0.0,34.324,33.786,1400.000,1400.000,1400.000,1400.000,1.640976,34.405546,1.276812,322.452046,0.180728,361.719999,363.551963,261.719999,0.706135549,0.613538294,1
pi3bplus_v2_margin_20260909T125804Z,pi3bplus,2,1,margin,true,12,34,514,2026-09-09T12:59:53Z,1542547100099,lucid_revision,n512,512,B0,0.0,34.324,34.324,1400.000,1400.000,1400.000,1400.000,1.768631,34.263203,1.203531,321.009088,0.180311,360.283552,362.142599,260.283552,0.676574223,0.585060052,1
pi3bplus_v2_margin_20260909T125804Z,pi3bplus,2,1,margin,true,12,35,515,2026-09-09T12:59:53Z,1542910566020,lucid_revision,n512,512,B0,0.0,34.324,34.324,1400.000,1400.000,1400.000,1400.000,1.726339,35.300955,1.197073,322.142881,0.183176,362.348691,364.125031,262.348691,0.700134995,0.616207275,1
pi3bplus_v2_margin_20260909T125804Z,pi3bplus,2,1,margin,true,12,36,516,2026-09-09T12:59:54Z,1543275981821,lucid_revision,n512,512,B0,0.0,33.786,34.324,1400.000,1400.000,1400.000,1400.000,1.681861,33.926643,1.219677,319.926335,0.181404,358.829968,360.676202,258.829968,0.665611017,0.583269356,1
pi3bplus_v2_margin_20260909T125804Z,pi3bplus,2,1,margin,true,12,37,517,2026-09-09T12:59:54Z,1543637968481,lucid_revision,n512,512,B0,0.0,34.324,34.324,1400.000,1400.000,1400.000,1400.000,1.652903,34.411795,1.302489,322.514438,0.181300,361.820568,363.666386,261.820568,0.680183731,0.592720656,1
pi3bplus_v2_margin_20260909T125804Z,pi3bplus,2,1,margin,true,12,38,518,2026-09-09T12:59:54Z,1544002932825,lucid_revision,n512,512,B0,0.0,34.324,34.862,1400.000,1400.000,1400.000,1400.000,1.790922,34.002112,1.207178,319.846282,0.182394,358.817154,360.588754,258.817154,0.700632884,0.614320286,1
pi3bplus_v2_margin_20260909T125804Z,pi3bplus,2,1,margin,true,12,39,519,2026-09-09T12:59:55Z,1544364885213,lucid_revision,n512,512,B0,0.0,34.324,34.324,1400.000,1400.000,1400.000,1400.000,1.679153,34.542888,1.201448,321.798504,0.180624,361.174373,362.968368,261.174373,0.674554335,0.592583433,1
pi3bplus_v2_margin_20260909T125804Z,pi3bplus,2,1,margin,true,13,0,520,2026-09-09T12:59:55Z,1545239510444,fisvdd_revision,n512,512,B2,1.0,34.324,34.324,1400.000,1400.000,1400.000,1400.000,2.122065,35.188247,1.275354,5.944221,0.137290,46.525912,102.262893,0.000000,0.667034942,0.500093530,1
pi3bplus_v2_margin_20260909T125804Z,pi3bplus,2,1,margin,true,13,1,521,2026-09-09T12:59:56Z,1545343203950,fisvdd_revision,n512,512,B2,1.0,34.324,34.324,1400.000,1400.000,1400.000,1400.000,2.051910,34.971373,1.379468,6.451769,0.144374,47.055648,101.908573,0.000000,0.684934557,0.499715632,1
pi3bplus_v2_margin_20260909T125804Z,pi3bplus,2,1,margin,true,13,2,522,2026-09-09T12:59:56Z,1545446445898,fisvdd_revision,n512,512,B2,1.0,34.324,34.324,1400.000,1400.000,1400.000,1400.000,1.692382,33.545500,1.267958,5.451100,0.149947,43.787029,101.905917,0.000000,0.680537193,0.498973650,1
pi3bplus_v2_margin_20260909T125804Z,pi3bplus,2,1,margin,true,13,3,523,2026-09-09T12:59:56Z,1545549686543,fisvdd_revision,n512,512,B2,1.0,34.324,34.862,1400.000,1400.000,1400.000,1400.000,1.668684,33.745186,1.210458,5.501829,0.153540,43.966507,101.841282,0.000000,0.687843582,0.500362770,1
pi3bplus_v2_margin_20260909T125804Z,pi3bplus,2,1,margin,true,13,4,524,2026-09-09T12:59:56Z,1545652902449,fisvdd_revision,n512,512,B2,1.0,34.324,34.862,1400.000,1400.000,1400.000,1400.000,1.665247,33.608312,1.214833,5.733389,0.147291,44.068745,101.830709,0.000000,0.690334605,0.499118185,1
pi3bplus_v2_margin_20260909T125804Z,pi3bplus,2,1,margin,true,13,5,525,2026-09-09T12:59:56Z,1545756104761,fisvdd_revision,n512,512,B2,1.0,34.324,34.862,1400.000,1400.000,1400.000,1400.000,1.656601,33.521855,1.196084,5.459850,0.157446,43.739113,101.850084,0.000000,0.718146868,0.499914658,1
pi3bplus_v2_margin_20260909T125804Z,pi3bplus,2,1,margin,true,13,6,526,2026-09-09T12:59:56Z,1545859256657,fisvdd_revision,n512,512,B2,1.0,34.324,34.324,1400.000,1400.000,1400.000,1400.000,1.883891,34.663772,1.191917,5.603442,0.154009,46.063052,102.007219,0.000000,0.669671623,0.500416528,1
pi3bplus_v2_margin_20260909T125804Z,pi3bplus,2,1,margin,true,13,7,527,2026-09-09T12:59:56Z,1545962613656,fisvdd_revision,n512,512,B2,1.0,34.324,34.324,1400.000,1400.000,1400.000,1400.000,1.728476,33.532167,1.259677,5.557558,0.155936,43.905674,102.573203,0.000000,0.682125232,0.499509822,1
pi3bplus_v2_margin_20260909T125804Z,pi3bplus,2,1,margin,true,13,8,528,2026-09-09T12:59:56Z,1546066503046,fisvdd_revision,n512,512,B2,1.0,34.862,35.400,1400.000,1400.000,1400.000,1400.000,1.672850,33.557063,1.244833,5.850263,0.152238,44.140203,101.922479,0.000000,0.676151761,0.500120674,1
pi3bplus_v2_margin_20260909T125804Z,pi3bplus,2,1,margin,true,13,9,529,2026-09-09T12:59:56Z,1546169731973,fisvdd_revision,n512,512,B2,1.0,34.862,34.862,1400.000,1400.000,1400.000,1400.000,1.630663,33.560031,1.188428,5.614432,0.148280,43.795206,101.838000,0.000000,0.682655174,0.500109819,1
pi3bplus_v2_margin_20260909T125804Z,pi3bplus,2,1,margin,true,13,10,530,2026-09-09T12:59:57Z,1546272964910,fisvdd_revision,n512,512,B2,1.0,34.324,34.324,1400.000,1400.000,1400.000,1400.000,1.658944,33.537271,1.220042,5.526256,0.150988,43.762862,101.832791,0.000000,0.692229626,0.499971895,1
pi3bplus_v2_margin_20260909T125804Z,pi3bplus,2,1,margin,true,13,11,531,2026-09-09T12:59:57Z,1546376201856,fisvdd_revision,n512,512,B2,1.0,34.324,34.324,1400.000,1400.000,1400.000,1400.000,1.659934,33.625707,1.192177,5.457037,0.196197,43.884216,101.839667,0.000000,0.670027830,0.500298675,1
pi3bplus_v2_margin_20260909T125804Z,pi3bplus,2,1,margin,true,13,12,532,2026-09-09T12:59:57Z,1546479345835,fisvdd_revision,n512,512,B2,1.0,34.324,34.324,1400.000,1400.000,1400.000,1400.000,1.819777,33.534771,1.210928,5.452455,0.150051,43.893538,101.992634,0.000000,0.682173651,0.500171580,1
pi3bplus_v2_margin_20260909T125804Z,pi3bplus,2,1,margin,true,13,13,533,2026-09-09T12:59:57Z,1546582650698,fisvdd_revision,n512,512,B2,1.0,34.862,34.862,1400.000,1400.000,1400.000,1400.000,1.731183,33.466334,1.264156,5.465944,0.149999,43.748695,101.909510,0.000000,0.674046651,0.499947350,1
pi3bplus_v2_margin_20260909T125804Z,pi3bplus,2,1,margin,true,13,14,534,2026-09-09T12:59:57Z,1546685869468,fisvdd_revision,n512,512,B2,1.0,34.862,34.324,1400.000,1400.000,1400.000,1400.000,1.632955,33.625811,1.234417,5.513964,0.151665,43.823174,101.850083,0.000000,0.682490170,0.499793371,1
pi3bplus_v2_margin_20260909T125804Z,pi3bplus,2,1,margin,true,13,15,535,2026-09-09T12:59:57Z,1546789074644,fisvdd_revision,n512,512,B2,1.0,34.324,34.324,1400.000,1400.000,1400.000,1400.000,1.653528,33.859559,1.219729,5.546100,0.150884,44.115203,101.846854,0.000000,0.690001174,0.499165807,1
pi3bplus_v2_margin_20260909T125804Z,pi3bplus,2,1,margin,true,13,16,536,2026-09-09T12:59:57Z,1546892325757,fisvdd_revision,n512,512,B2,1.0,34.862,34.324,1400.000,1400.000,1400.000,1400.000,1.690090,35.620274,1.257542,5.468965,0.149166,46.507214,101.889250,0.000000,0.700960033,0.499742522,1
pi3bplus_v2_margin_20260909T125804Z,pi3bplus,2,1,margin,true,13,17,537,2026-09-09T12:59:57Z,1546995525777,fisvdd_revision,n512,512,B2,1.0,34.862,34.862,1400.000,1400.000,1400.000,1400.000,1.741496,34.132162,1.192490,5.512975,0.207238,44.567387,101.944405,0.000000,0.696181702,0.499591093,1
pi3bplus_v2_margin_20260909T125804Z,pi3bplus,2,1,margin,true,13,18,538,2026-09-09T12:59:57Z,1547098804807,fisvdd_revision,n512,512,B2,1.0,34.862,34.862,1400.000,1400.000,1400.000,1400.000,1.688007,33.955028,1.233896,5.456985,0.157082,44.191868,101.908572,0.000000,0.686514314,0.500423596,1
pi3bplus_v2_margin_20260909T125804Z,pi3bplus,2,1,margin,true,13,19,539,2026-09-09T12:59:57Z,1547202041962,fisvdd_revision,n512,512,B2,1.0,34.324,34.324,1400.000,1400.000,1400.000,1400.000,1.636340,33.678051,1.271812,5.439642,0.147343,43.839944,101.845760,0.000000,0.676766654,0.499802045,1
pi3bplus_v2_margin_20260909T125804Z,pi3bplus,2,1,margin,true,13,20,540,2026-09-09T12:59:58Z,1547305262398,fisvdd_revision,n512,512,B2,1.0,34.862,34.862,1400.000,1400.000,1400.000,1400.000,1.647069,33.625239,1.244573,5.515162,0.148749,43.845934,101.820187,0.000000,0.668171637,0.500154402,1
pi3bplus_v2_margin_20260909T125804Z,pi3bplus,2,1,margin,true,13,21,541,2026-09-09T12:59:58Z,1547408486271,fisvdd_revision,n512,512,B2,1.0,34.324,34.862,1400.000,1400.000,1400.000,1400.000,1.658528,33.419875,1.187230,5.494642,0.204790,43.703122,101.829145,0.000000,0.706639874,0.500156791,1
pi3bplus_v2_margin_20260909T125804Z,pi3bplus,2,1,margin,true,13,22,542,2026-09-09T12:59:58Z,1547511623947,fisvdd_revision,n512,512,B2,1.0,34.862,34.862,1400.000,1400.000,1400.000,1400.000,1.734048,33.495605,1.209625,5.464382,0.156977,43.802861,101.902061,0.000000,0.680964487,0.500172094,1
pi3bplus_v2_margin_20260909T125804Z,pi3bplus,2,1,margin,true,13,23,543,2026-09-09T12:59:58Z,1547614832403,fisvdd_revision,n512,512,B2,1.0,34.862,34.324,1400.000,1400.000,1400.000,1400.000,1.704673,33.472532,1.264261,5.434173,0.157967,43.714112,101.928467,0.000000,0.662269783,0.499714271,1
pi3bplus_v2_margin_20260909T125804Z,pi3bplus,2,1,margin,true,13,24,544,2026-09-09T12:59:58Z,1547718067474,fisvdd_revision,n512,512,B2,1.0,35.400,35.400,1400.000,1400.000,1400.000,1400.000,1.633215,33.690759,1.265927,5.446205,0.148853,43.844580,101.841228,0.000000,0.680146279,0.500588470,1
pi3bplus_v2_margin_20260909T125804Z,pi3bplus,2,1,margin,true,13,25,545,2026-09-09T12:59:58Z,1547821543480,fisvdd_revision,n512,512,B2,1.0,35.400,34.862,1400.000,1400.000,1400.000,1400.000,1.666237,33.596905,1.197282,5.488600,0.150520,43.778695,101.837948,0.000000,0.686086116,0.499446383,1
pi3bplus_v2_margin_20260909T125804Z,pi3bplus,2,1,margin,true,13,26,546,2026-09-09T12:59:58Z,1547924770791,fisvdd_revision,n512,512,B2,1.0,35.400,34.862,1400.000,1400.000,1400.000,1400.000,1.652642,35.624076,1.198948,5.470423,0.148124,46.546068,101.833885,0.000000,0.689196309,0.499924625,1
pi3bplus_v2_margin_20260909T125804Z,pi3bplus,2,1,margin,true,13,27,547,2026-09-09T12:59:58Z,1548027936123,fisvdd_revision,n512,512,B2,1.0,34.862,34.862,1400.000,1400.000,1400.000,1400.000,1.684777,34.017475,1.219625,5.558182,0.150051,44.897331,101.830031,0.000000,0.687366338,0.499304500,1
pi3bplus_v2_margin_20260909T125804Z,pi3bplus,2,1,margin,true,13,28,548,2026-09-09T12:59:58Z,1548131073643,fisvdd_revision,n512,512,B2,1.0,34.862,34.324,1400.000,1400.000,1400.000,1400.000,1.726912,33.947736,1.201032,5.470006,0.155624,44.229732,101.909457,0.000000,0.709873872,0.499721275,1
pi3bplus_v2_margin_20260909T125804Z,pi3bplus,2,1,margin,true,13,29,549,2026-09-09T12:59:58Z,1548234288297,fisvdd_revision,n512,512,B2,1.0,34.862,34.324,1400.000,1400.000,1400.000,1400.000,1.621757,33.563364,1.247125,5.445475,0.150051,43.713227,101.908363,0.000000,0.674473060,0.500129505,1
pi3bplus_v2_margin_20260909T125804Z,pi3bplus,2,1,margin,true,13,30,550,2026-09-09T12:59:59Z,1548337504982,fisvdd_revision,n512,512,B2,1.0,34.862,35.400,1400.000,1400.000,1400.000,1400.000,1.640507,33.555916,1.195823,5.518235,0.150571,43.729268,101.816957,0.000000,0.705533998,0.499815886,1
pi3bplus_v2_margin_20260909T125804Z,pi3bplus,2,1,margin,true,13,31,551,2026-09-09T12:59:59Z,1548440685000,fisvdd_revision,n512,512,B2,1.0,35.400,34.862,1400.000,1400.000,1400.000,1400.000,1.644101,33.588781,1.217178,5.481777,0.157030,43.816299,101.890759,0.000000,0.668363208,0.499395126,1
pi3bplus_v2_margin_20260909T125804Z,pi3bplus,2,1,margin,true,13,32,552,2026-09-09T12:59:59Z,1548543883404,fisvdd_revision,n512,512,B2,1.0,34.862,34.324,1400.000,1400.000,1400.000,1400.000,1.717955,33.691956,1.199417,5.453756,0.148905,44.038797,101.876123,0.000000,0.676617503,0.500655341,1
pi3bplus_v2_margin_20260909T125804Z,pi3bplus,2,1,margin,true,13,33,553,2026-09-09T12:59:59Z,1548647069100,fisvdd_revision,n512,512,B2,1.0,34.862,34.862,1400.000,1400.000,1400.000,1400.000,1.711705,33.532792,1.246656,5.438965,0.157186,43.774944,101.910758,0.000000,0.691899255,0.499972994,1
pi3bplus_v2_margin_20260909T125804Z,pi3bplus,2,1,margin,true,13,34,554,2026-09-09T12:59:59Z,1548750309899,fisvdd_revision,n512,512,B2,1.0,35.400,34.862,1400.000,1400.000,1400.000,1400.000,1.669048,33.646696,1.252698,5.460944,0.150468,43.846507,101.907529,0.000000,0.679446632,0.500755597,1
pi3bplus_v2_margin_20260909T125804Z,pi3bplus,2,1,margin,true,13,35,555,2026-09-09T12:59:59Z,1548853593875,fisvdd_revision,n512,512,B2,1.0,34.862,34.862,1400.000,1400.000,1400.000,1400.000,1.636497,33.823987,1.205198,5.526255,0.146978,44.033953,101.881644,0.000000,0.663690765,0.499345126,1
pi3bplus_v2_margin_20260909T125804Z,pi3bplus,2,1,margin,true,13,36,556,2026-09-09T12:59:59Z,1548956847226,fisvdd_revision,n512,512,B2,1.0,34.862,35.400,1400.000,1400.000,1400.000,1400.000,1.656392,35.391630,1.199417,5.497871,0.147915,46.252632,101.847322,0.000000,0.685410086,0.501052421,1
pi3bplus_v2_margin_20260909T125804Z,pi3bplus,2,1,margin,true,13,37,557,2026-09-09T12:59:59Z,1549060070473,fisvdd_revision,n512,512,B2,1.0,34.862,35.400,1400.000,1400.000,1400.000,1400.000,1.682382,33.770029,1.215771,5.443704,0.207654,44.064474,101.842270,0.000000,0.677445265,0.498695362,1
pi3bplus_v2_margin_20260909T125804Z,pi3bplus,2,1,margin,true,13,38,558,2026-09-09T12:59:59Z,1549163219451,fisvdd_revision,n512,512,B2,1.0,34.862,34.862,1400.000,1400.000,1400.000,1400.000,1.724048,33.955236,1.196084,5.473808,0.149009,44.206607,101.901800,0.000000,0.691455214,0.500019358,1
pi3bplus_v2_margin_20260909T125804Z,pi3bplus,2,1,margin,true,13,39,559,2026-09-09T13:00:00Z,1549266427229,fisvdd_revision,n512,512,B2,1.0,34.862,34.862,1400.000,1400.000,1400.000,1400.000,1.666027,33.524666,1.252073,5.437402,0.150832,43.685622,101.905029,0.000000,0.685546469,0.499100289,1
pi3bplus_v2_margin_20260909T125804Z,pi3bplus,2,1,margin,true,14,0,560,2026-09-09T13:00:00Z,1550056226889,tinydl_revision,n16,16,B0,0.0,34.324,34.324,1400.000,1400.000,1400.000,1400.000,1.696653,1.274937,0.341872,0.469006,0.138123,4.219757,101.917164,0.000000,0.719858785,0.589313372,1
pi3bplus_v2_margin_20260909T125804Z,pi3bplus,2,1,margin,true,14,1,561,2026-09-09T13:00:00Z,1550158804100,tinydl_revision,n16,16,B0,0.0,34.324,34.324,1400.000,1400.000,1400.000,1400.000,1.692590,1.277333,0.339529,0.407496,0.132812,4.137725,101.969611,0.000000,0.644219456,0.642017368,1
pi3bplus_v2_margin_20260909T125804Z,pi3bplus,2,1,margin,true,14,2,562,2026-09-09T13:00:01Z,1550261424278,tinydl_revision,n16,16,B0,0.0,34.324,34.324,1400.000,1400.000,1400.000,1400.000,1.559518,1.343114,0.347654,0.408226,0.130989,4.071372,101.834716,0.000000,0.840542674,0.899338689,1
pi3bplus_v2_margin_20260909T125804Z,pi3bplus,2,1,margin,true,14,3,563,2026-09-09T13:00:01Z,1550363894666,tinydl_revision,n16,16,B0,0.0,34.324,34.324,1400.000,1400.000,1400.000,1400.000,1.681548,1.276500,0.335153,0.405986,0.199321,4.185590,101.855236,0.000000,0.863909459,0.914197656,1
pi3bplus_v2_margin_20260909T125804Z,pi3bplus,2,1,margin,true,14,4,564,2026-09-09T13:00:01Z,1550466398803,tinydl_revision,n16,16,B0,0.0,33.786,34.324,1400.000,1400.000,1400.000,1400.000,1.607070,1.275614,0.344841,0.402341,0.138072,4.051320,101.992839,0.000000,0.609243976,0.594095612,1
pi3bplus_v2_margin_20260909T125804Z,pi3bplus,2,1,margin,true,14,5,565,2026-09-09T13:00:01Z,1550569052626,tinydl_revision,n16,16,B0,0.0,34.324,33.786,1400.000,1400.000,1400.000,1400.000,1.571184,1.278791,0.354476,0.406611,0.135312,4.103351,101.870133,0.000000,0.593692570,0.536056577,1
pi3bplus_v2_margin_20260909T125804Z,pi3bplus,2,1,margin,true,14,6,566,2026-09-09T13:00:01Z,1550671571086,tinydl_revision,n16,16,B0,0.0,34.324,34.324,1400.000,1400.000,1400.000,1400.000,1.704308,1.277280,0.344788,0.401038,0.133489,4.152882,101.946694,0.000000,0.758481964,0.763552996,1
pi3bplus_v2_margin_20260909T125804Z,pi3bplus,2,1,margin,true,14,7,567,2026-09-09T13:00:01Z,1550774161785,tinydl_revision,n16,16,B0,0.0,33.786,33.248,1400.000,1400.000,1400.000,1400.000,1.558529,1.346342,0.344528,0.405777,0.134634,4.073508,101.980184,0.000000,0.693602106,0.689839120,1
pi3bplus_v2_margin_20260909T125804Z,pi3bplus,2,1,margin,true,14,8,568,2026-09-09T13:00:01Z,1550876793005,tinydl_revision,n16,16,B0,0.0,33.786,33.248,1400.000,1400.000,1400.000,1400.000,1.578945,1.278427,0.416715,0.405205,0.133645,4.106267,101.920965,0.000000,0.741009099,0.659594369,1
pi3bplus_v2_margin_20260909T125804Z,pi3bplus,2,1,margin,true,14,9,569,2026-09-09T13:00:01Z,1550979361256,tinydl_revision,n16,16,B0,0.0,33.248,34.324,1400.000,1400.000,1400.000,1400.000,1.674569,1.276969,0.339997,0.409684,0.137863,4.126007,102.507627,0.000000,0.690808788,0.781003345,1
pi3bplus_v2_margin_20260909T125804Z,pi3bplus,2,1,margin,true,14,10,570,2026-09-09T13:00:01Z,1551082697313,tinydl_revision,n16,16,B0,0.0,34.324,34.324,1400.000,1400.000,1400.000,1400.000,2.369563,1.460717,0.347132,0.412913,0.140207,5.041572,101.967840,0.000000,0.618121854,0.594500804,1
pi3bplus_v2_margin_20260909T125804Z,pi3bplus,2,1,margin,true,14,11,571,2026-09-09T13:00:01Z,1551185309418,tinydl_revision,n16,16,B0,0.0,33.786,33.786,1400.000,1400.000,1400.000,1400.000,1.550195,1.350874,0.341352,0.405830,0.140155,4.082987,101.904976,0.000000,0.846955435,0.694168561,1
pi3bplus_v2_margin_20260909T125804Z,pi3bplus,2,1,margin,true,14,12,572,2026-09-09T13:00:02Z,1551287866524,tinydl_revision,n16,16,B0,0.0,33.786,33.248,1400.000,1400.000,1400.000,1400.000,1.715923,1.264937,0.346924,0.405361,0.197446,4.213870,101.926589,0.000000,0.725480524,0.768274147,1
pi3bplus_v2_margin_20260909T125804Z,pi3bplus,2,1,margin,true,14,13,573,2026-09-09T13:00:02Z,1551390439722,tinydl_revision,n16,16,B0,0.0,33.786,33.248,1400.000,1400.000,1400.000,1400.000,1.620247,1.268583,0.345778,0.405882,0.133800,4.058664,101.983047,0.000000,0.693131025,0.753982457,1
pi3bplus_v2_margin_20260909T125804Z,pi3bplus,2,1,margin,true,14,14,574,2026-09-09T13:00:02Z,1551493075784,tinydl_revision,n16,16,B0,0.0,33.786,33.248,1400.000,1400.000,1400.000,1400.000,1.555768,1.270197,0.350466,0.406298,0.134947,4.072206,101.894975,0.000000,0.693248396,0.710167658,1
pi3bplus_v2_margin_20260909T125804Z,pi3bplus,2,1,margin,true,14,15,575,2026-09-09T13:00:02Z,1551595618723,tinydl_revision,n16,16,B0,0.0,33.786,33.248,1400.000,1400.000,1400.000,1400.000,1.748735,1.270302,0.347081,0.408382,0.134322,4.193298,101.963151,0.000000,0.653324773,0.637259577,1
pi3bplus_v2_margin_20260909T125804Z,pi3bplus,2,1,margin,true,14,16,576,2026-09-09T13:00:02Z,1551698227025,tinydl_revision,n16,16,B0,0.0,33.248,33.248,1400.000,1400.000,1400.000,1400.000,1.562122,1.325457,0.342132,0.407913,0.130207,4.057049,101.980286,0.000000,0.761561862,0.607438659,1
pi3bplus_v2_margin_20260909T125804Z,pi3bplus,2,1,margin,true,14,17,577,2026-09-09T13:00:02Z,1551800863868,tinydl_revision,n16,16,B0,0.0,33.248,33.248,1400.000,1400.000,1400.000,1400.000,1.593372,1.286916,0.412340,0.410986,0.141301,4.142361,101.872475,0.000000,0.726660112,0.712965440,1
pi3bplus_v2_margin_20260909T125804Z,pi3bplus,2,1,margin,true,14,18,578,2026-09-09T13:00:02Z,1551903389723,tinydl_revision,n16,16,B0,0.0,33.248,32.710,1400.000,1400.000,1400.000,1400.000,1.698735,1.289156,0.344893,0.406350,0.134738,4.169705,103.418608,0.000000,0.826022834,0.733792172,1
pi3bplus_v2_margin_20260909T125804Z,pi3bplus,2,1,margin,true,14,19,579,2026-09-09T13:00:02Z,1552007785927,tinydl_revision,n16,16,B0,0.0,33.248,33.786,1400.000,1400.000,1400.000,1400.000,2.783414,1.615246,0.484267,0.444423,0.139634,5.801097,101.955235,0.000000,0.730485829,0.664990617,1
pi3bplus_v2_margin_20260909T125804Z,pi3bplus,2,1,margin,true,14,20,580,2026-09-09T13:00:02Z,1552110392042,tinydl_revision,n16,16,B0,0.0,33.248,33.248,1400.000,1400.000,1400.000,1400.000,1.631289,1.276239,0.344476,0.406872,0.131822,4.075174,101.971641,0.000000,0.711044274,0.616558679,1
pi3bplus_v2_margin_20260909T125804Z,pi3bplus,2,1,margin,true,14,21,581,2026-09-09T13:00:02Z,1552213014459,tinydl_revision,n16,16,B0,0.0,34.324,33.786,1400.000,1400.000,1400.000,1400.000,1.564570,1.272385,0.349945,0.408122,0.135936,4.074444,101.873724,0.000000,0.783991761,0.752854037,1
pi3bplus_v2_margin_20260909T125804Z,pi3bplus,2,1,margin,true,14,22,582,2026-09-09T13:00:03Z,1552315535313,tinydl_revision,n16,16,B0,0.0,33.248,33.248,1400.000,1400.000,1400.000,1400.000,1.685558,1.281916,0.348487,0.406767,0.131873,4.136580,101.912683,0.000000,0.778865895,0.703793151,1
pi3bplus_v2_margin_20260909T125804Z,pi3bplus,2,1,margin,true,14,23,583,2026-09-09T13:00:03Z,1552418098146,tinydl_revision,n16,16,B0,0.0,33.248,32.710,1400.000,1400.000,1400.000,1400.000,1.561341,1.349260,0.342549,0.397444,0.137968,4.073456,101.853100,0.000000,0.747242447,0.663562896,1
pi3bplus_v2_margin_20260909T125804Z,pi3bplus,2,1,margin,true,14,24,584,2026-09-09T13:00:03Z,1552520727958,tinydl_revision,n16,16,B0,0.0,33.248,32.710,1400.000,1400.000,1400.000,1400.000,1.608320,1.283375,0.418434,0.417496,0.135415,4.154861,101.921016,0.000000,0.679188259,0.682028058,1
pi3bplus_v2_margin_20260909T125804Z,pi3bplus,2,1,margin,true,14,25,585,2026-09-09T13:00:03Z,1552623296781,tinydl_revision,n16,16,B0,0.0,33.248,33.248,1400.000,1400.000,1400.000,1400.000,1.681496,1.268063,0.339528,0.400257,0.139166,4.122569,101.984504,0.000000,0.670643692,0.680862763,1
pi3bplus_v2_margin_20260909T125804Z,pi3bplus,2,1,margin,true,14,26,586,2026-09-09T13:00:03Z,1552725926801,tinydl_revision,n16,16,B0,0.0,33.248,33.248,1400.000,1400.000,1400.000,1400.000,1.563789,1.336239,0.344893,0.405934,0.132811,4.068871,101.837735,0.000000,0.639035434,0.576883741,1
pi3bplus_v2_margin_20260909T125804Z,pi3bplus,2,1,margin,true,14,27,587,2026-09-09T13:00:03Z,1552828552185,tinydl_revision,n16,16,B0,0.0,32.710,32.710,1400.000,1400.000,1400.000,1400.000,1.650716,1.269000,0.530152,0.433642,0.138072,4.323714,101.859662,0.000000,0.669837025,0.672179482,1
pi3bplus_v2_margin_20260909T125804Z,pi3bplus,2,1,margin,true,14,28,588,2026-09-09T13:00:03Z,1552931059550,tinydl_revision,n16,16,B0,0.0,33.248,33.248,1400.000,1400.000,1400.000,1400.000,1.689153,1.269989,0.341872,0.407080,0.138801,4.133403,101.827683,0.000000,0.673178275,0.578804723,1
pi3bplus_v2_margin_20260909T125804Z,pi3bplus,2,1,margin,true,14,29,589,2026-09-09T13:00:03Z,1553033533946,tinydl_revision,n16,16,B0,0.0,33.248,33.248,1400.000,1400.000,1400.000,1400.000,1.561185,1.369156,0.349164,0.409737,0.134895,4.116997,101.912839,0.000000,0.799468830,0.772216154,1
pi3bplus_v2_margin_20260909T125804Z,pi3bplus,2,1,margin,true,14,30,590,2026-09-09T13:00:03Z,1553136177195,tinydl_revision,n16,16,B0,0.0,32.172,33.248,1400.000,1400.000,1400.000,1400.000,1.596133,1.263218,0.340258,0.478225,0.139218,4.113143,101.872006,0.000000,0.793341887,0.803604688,1
pi3bplus_v2_margin_20260909T125804Z,pi3bplus,2,1,margin,true,14,31,591,2026-09-09T13:00:03Z,1553238697945,tinydl_revision,n16,16,B0,0.0,33.786,32.710,1400.000,1400.000,1400.000,1400.000,1.669309,1.278219,0.346143,0.405049,0.133228,4.116424,101.960286,0.000000,0.660582732,0.562634738,1
pi3bplus_v2_margin_20260909T125804Z,pi3bplus,2,1,margin,true,14,32,592,2026-09-09T13:00:04Z,1553341309527,tinydl_revision,n16,16,B0,0.0,33.248,33.248,1400.000,1400.000,1400.000,1400.000,1.567018,1.331708,0.349008,0.398070,0.132759,4.067102,101.831797,0.000000,0.719577009,0.765588194,1
pi3bplus_v2_margin_20260909T125804Z,pi3bplus,2,1,margin,true,14,33,593,2026-09-09T13:00:04Z,1553443783663,tinydl_revision,n16,16,B0,0.0,33.248,32.710,1400.000,1400.000,1400.000,1400.000,1.685507,1.279521,0.346351,0.400048,0.136874,4.135902,101.944452,0.000000,0.596757129,0.471045706,1
pi3bplus_v2_margin_20260909T125804Z,pi3bplus,2,1,margin,true,14,34,594,2026-09-09T13:00:04Z,1553546374568,tinydl_revision,n16,16,B0,0.0,33.248,32.172,1400.000,1400.000,1400.000,1400.000,1.648216,1.285510,0.337080,0.404528,0.139009,4.109548,101.958827,0.000000,0.787140790,0.865267201,1
pi3bplus_v2_margin_20260909T125804Z,pi3bplus,2,1,margin,true,14,35,595,2026-09-09T13:00:04Z,1553648988181,tinydl_revision,n16,16,B0,0.0,33.248,32.710,1400.000,1400.000,1400.000,1400.000,1.561757,1.265823,0.344632,0.410205,0.137342,4.082153,101.891744,0.000000,0.865898495,0.841481801,1
pi3bplus_v2_margin_20260909T125804Z,pi3bplus,2,1,margin,true,14,36,596,2026-09-09T13:00:04Z,1553751529919,tinydl_revision,n16,16,B0,0.0,32.710,32.710,1400.000,1400.000,1400.000,1400.000,1.678840,1.278062,0.347757,0.404893,0.131301,4.122570,101.946744,0.000000,0.652318678,0.582926812,1
pi3bplus_v2_margin_20260909T125804Z,pi3bplus,2,1,margin,true,14,37,597,2026-09-09T13:00:04Z,1553854121501,tinydl_revision,n16,16,B0,0.0,32.710,32.710,1400.000,1400.000,1400.000,1400.000,1.559050,1.449206,0.339477,0.410987,0.136978,4.185486,101.956223,0.000000,0.738749497,0.624443113,1
pi3bplus_v2_margin_20260909T125804Z,pi3bplus,2,1,margin,true,14,38,598,2026-09-09T13:00:04Z,1553956771208,tinydl_revision,n16,16,B0,0.0,32.710,32.710,1400.000,1400.000,1400.000,1400.000,1.616445,1.275510,0.416819,0.423069,0.142238,4.174392,101.890651,0.000000,0.568220765,0.519931459,1
pi3bplus_v2_margin_20260909T125804Z,pi3bplus,2,1,margin,true,14,39,599,2026-09-09T13:00:04Z,1554059311176,tinydl_revision,n16,16,B0,0.0,32.710,33.248,1400.000,1400.000,1400.000,1400.000,1.696496,1.271916,0.342288,0.408017,0.129374,4.130851,101.933983,0.000000,0.758984021,0.712567141,1
pi3bplus_v2_margin_20260909T125804Z,pi3bplus,2,1,margin,true,15,0,600,2026-09-09T13:00:05Z,1554674436294,oi_svdd_as_elm_revision,n512,512,B1,0.5,33.248,33.248,1400.000,1400.000,1400.000,1400.000,2.066024,34.659134,1.275458,12.820778,0.146666,52.920126,102.247886,0.000000,0.668253489,0.619174617,1
pi3bplus_v2_margin_20260909T125804Z,pi3bplus,2,1,margin,true,15,1,601,2026-09-09T13:00:05Z,1554778115991,oi_svdd_as_elm_revision,n512,512,B1,0.5,33.248,33.248,1400.000,1400.000,1400.000,1400.000,2.067431,36.592972,1.433530,13.273638,0.149322,55.598905,101.873514,0.000000,0.679868105,0.630443351,1
pi3bplus_v2_margin_20260909T125804Z,pi3bplus,2,1,margin,true,15,2,602,2026-09-09T13:00:05Z,1554881406472,oi_svdd_as_elm_revision,n512,512,B1,0.5,33.248,33.248,1400.000,1400.000,1400.000,1400.000,1.666184,33.992265,1.216448,12.276823,0.148436,50.974934,101.868671,0.000000,0.680186116,0.629056616,1
pi3bplus_v2_margin_20260909T125804Z,pi3bplus,2,1,margin,true,15,3,603,2026-09-09T13:00:05Z,1554984697527,oi_svdd_as_elm_revision,n512,512,B1,0.5,33.248,33.248,1400.000,1400.000,1400.000,1400.000,1.650403,33.482113,2.745966,12.203908,0.149321,53.033042,101.869921,0.000000,0.685877234,0.643136923,1
pi3bplus_v2_margin_20260909T125804Z,pi3bplus,2,1,margin,true,15,4,604,2026-09-09T13:00:05Z,1555087888739,oi_svdd_as_elm_revision,n512,512,B1,0.5,33.248,33.786,1400.000,1400.000,1400.000,1400.000,1.743162,33.610654,1.202282,12.149637,0.147447,50.592229,101.884608,0.000000,0.692436745,0.648463820,1
pi3bplus_v2_margin_20260909T125804Z,pi3bplus,2,1,margin,true,15,5,605,2026-09-09T13:00:05Z,1555191093127,oi_svdd_as_elm_revision,n512,512,B1,0.5,33.248,33.248,1400.000,1400.000,1400.000,1400.000,1.714361,33.521175,1.305874,12.120471,0.153124,50.490772,101.926639,0.000000,0.665389877,0.638020957,1
pi3bplus_v2_margin_20260909T125804Z,pi3bplus,2,1,margin,true,15,6,606,2026-09-09T13:00:06Z,1555294339911,oi_svdd_as_elm_revision,n512,512,B1,0.5,33.248,33.248,1400.000,1400.000,1400.000,1400.000,1.688787,33.886380,1.265822,12.113543,0.147759,50.833685,101.920597,0.000000,0.678614990,0.646642167,1
pi3bplus_v2_margin_20260909T125804Z,pi3bplus,2,1,margin,true,15,7,607,2026-09-09T13:00:06Z,1555397596590,oi_svdd_as_elm_revision,n512,512,B1,0.5,34.324,33.786,1400.000,1400.000,1400.000,1400.000,1.733527,33.753308,1.206605,12.143283,0.156144,50.712123,101.844556,0.000000,0.677133546,0.635857121,1
pi3bplus_v2_margin_20260909T125804Z,pi3bplus,2,1,margin,true,15,8,608,2026-09-09T13:00:06Z,1555500868165,oi_svdd_as_elm_revision,n512,512,B1,0.5,32.710,33.786,1400.000,1400.000,1400.000,1400.000,1.703423,33.649247,1.228844,12.159376,0.144322,50.548375,101.881586,0.000000,0.683216334,0.632175898,1
pi3bplus_v2_margin_20260909T125804Z,pi3bplus,2,1,margin,true,15,9,609,2026-09-09T13:00:06Z,1555604164114,oi_svdd_as_elm_revision,n512,512,B1,0.5,33.786,33.248,1400.000,1400.000,1400.000,1400.000,1.651080,33.613830,1.198271,12.222397,0.145780,50.597281,101.844973,0.000000,0.692881399,0.629456817,1
pi3bplus_v2_margin_20260909T125804Z,pi3bplus,2,1,margin,true,15,10,610,2026-09-09T13:00:06Z,1555707321367,oi_svdd_as_elm_revision,n512,512,B1,0.5,33.786,33.248,1400.000,1400.000,1400.000,1400.000,1.817589,33.663830,1.200510,12.163439,0.146925,50.731759,102.077939,0.000000,0.699993237,0.648866896,1
pi3bplus_v2_margin_20260909T125804Z,pi3bplus,2,1,margin,true,15,11,611,2026-09-09T13:00:06Z,1555810737993,oi_svdd_as_elm_revision,n512,512,B1,0.5,34.324,33.248,1400.000,1400.000,1400.000,1400.000,1.697382,33.606643,1.264156,12.144585,0.148280,50.524573,101.933774,0.000000,0.692893775,0.627443526,1
pi3bplus_v2_margin_20260909T125804Z,pi3bplus,2,1,margin,true,15,12,612,2026-09-09T13:00:06Z,1555914029255,oi_svdd_as_elm_revision,n512,512,B1,0.5,33.248,33.786,1400.000,1400.000,1400.000,1400.000,1.636184,34.002056,1.267437,12.194897,0.151041,50.892018,101.828775,0.000000,0.686721059,0.644788092,1
pi3bplus_v2_margin_20260909T125804Z,pi3bplus,2,1,margin,true,15,13,613,2026-09-09T13:00:06Z,1556017275465,oi_svdd_as_elm_revision,n512,512,B1,0.5,33.248,33.248,1400.000,1400.000,1400.000,1400.000,1.668840,35.861572,1.190407,12.197918,0.171926,53.573037,101.848931,0.000000,0.679889528,0.632713052,1
pi3bplus_v2_margin_20260909T125804Z,pi3bplus,2,1,margin,true,15,14,614,2026-09-09T13:00:06Z,1556120530322,oi_svdd_as_elm_revision,n512,512,B1,0.5,33.786,33.786,1400.000,1400.000,1400.000,1400.000,1.670559,33.571383,1.222281,12.166876,0.160311,50.512333,101.843774,0.000000,0.669748829,0.615307099,1
pi3bplus_v2_margin_20260909T125804Z,pi3bplus,2,1,margin,true,15,15,615,2026-09-09T13:00:06Z,1556223688356,oi_svdd_as_elm_revision,n512,512,B1,0.5,33.786,33.786,1400.000,1400.000,1400.000,1400.000,1.755923,33.708569,1.178272,12.118699,0.147447,50.647384,101.907523,0.000000,0.702248355,0.659452247,1
pi3bplus_v2_margin_20260909T125804Z,pi3bplus,2,1,margin,true,15,16,616,2026-09-09T13:00:07Z,1556326937118,oi_svdd_as_elm_revision,n512,512,B1,0.5,34.324,33.248,1400.000,1400.000,1400.000,1400.000,1.725298,34.109399,1.207177,12.132449,0.147082,51.064463,101.928929,0.000000,0.677921023,0.641244470,1
pi3bplus_v2_margin_20260909T125804Z,pi3bplus,2,1,margin,true,15,17,617,2026-09-09T13:00:07Z,1556430180254,oi_svdd_as_elm_revision,n512,512,B1,0.5,33.248,33.248,1400.000,1400.000,1400.000,1400.000,1.637902,33.960338,1.271396,12.180469,0.149895,50.878737,101.935596,0.000000,0.664669087,0.628764323,1
pi3bplus_v2_margin_20260909T125804Z,pi3bplus,2,1,margin,true,15,18,618,2026-09-09T13:00:07Z,1556533426672,oi_svdd_as_elm_revision,n512,512,B1,0.5,34.324,34.324,1400.000,1400.000,1400.000,1400.000,1.854255,33.881016,1.241500,12.240417,0.152967,51.043683,101.892836,0.000000,0.684548022,0.660938747,1
pi3bplus_v2_margin_20260909T125804Z,pi3bplus,2,1,margin,true,15,19,619,2026-09-09T13:00:07Z,1556636724496,oi_svdd_as_elm_revision,n512,512,B1,0.5,34.324,33.786,1400.000,1400.000,1400.000,1400.000,1.654674,33.612893,1.197698,12.163543,0.149634,50.457646,101.839399,0.000000,0.682543158,0.630697230,1
pi3bplus_v2_margin_20260909T125804Z,pi3bplus,2,1,margin,true,15,20,620,2026-09-09T13:00:07Z,1556739880915,oi_svdd_as_elm_revision,n512,512,B1,0.5,33.786,33.248,1400.000,1400.000,1400.000,1400.000,1.740610,33.602059,1.200511,12.123908,0.155415,50.562749,101.975804,0.000000,0.698364511,0.642306400,1
pi3bplus_v2_margin_20260909T125804Z,pi3bplus,2,1,margin,true,15,21,621,2026-09-09T13:00:07Z,1556843173270,oi_svdd_as_elm_revision,n512,512,B1,0.5,34.324,33.248,1400.000,1400.000,1400.000,1400.000,1.729829,33.632268,1.209678,12.162865,0.148072,50.601291,102.462883,0.000000,0.679230677,0.624554083,1
pi3bplus_v2_margin_20260909T125804Z,pi3bplus,2,1,margin,true,15,22,622,2026-09-09T13:00:07Z,1556946960517,oi_svdd_as_elm_revision,n512,512,B1,0.5,33.786,33.786,1400.000,1400.000,1400.000,1400.000,1.705298,33.767995,1.226917,12.166512,0.148540,50.755195,101.894242,0.000000,0.711053698,0.650681710,1
pi3bplus_v2_margin_20260909T125804Z,pi3bplus,2,1,margin,true,15,23,623,2026-09-09T13:00:07Z,1557050210789,oi_svdd_as_elm_revision,n512,512,B1,0.5,33.786,33.248,1400.000,1400.000,1400.000,1400.000,1.800349,35.435429,1.284260,12.233230,0.150051,53.218716,101.900127,0.000000,0.671575936,0.611801464,1
pi3bplus_v2_margin_20260909T125804Z,pi3bplus,2,1,margin,true,15,24,624,2026-09-09T13:00:07Z,1557153446842,oi_svdd_as_elm_revision,n512,512,B1,0.5,33.786,33.786,1400.000,1400.000,1400.000,1400.000,1.639465,33.643569,1.197021,12.164012,0.148801,50.449521,101.845857,0.000000,0.703475106,0.664172790,1
pi3bplus_v2_margin_20260909T125804Z,pi3bplus,2,1,margin,true,15,25,625,2026-09-09T13:00:08Z,1557256661594,oi_svdd_as_elm_revision,n512,512,B1,0.5,33.786,33.786,1400.000,1400.000,1400.000,1400.000,1.651757,33.706016,1.210303,12.158699,0.157030,50.575092,101.840023,0.000000,0.668546497,0.616374146,1
pi3bplus_v2_margin_20260909T125804Z,pi3bplus,2,1,margin,true,15,26,626,2026-09-09T13:00:08Z,1557359862595,oi_svdd_as_elm_revision,n512,512,B1,0.5,33.786,34.324,1400.000,1400.000,1400.000,1400.000,1.737173,33.899661,1.201708,12.291041,0.149269,51.020505,101.867731,0.000000,0.682264198,0.643165393,1
pi3bplus_v2_margin_20260909T125804Z,pi3bplus,2,1,margin,true,15,27,627,2026-09-09T13:00:08Z,1557463078908,oi_svdd_as_elm_revision,n512,512,B1,0.5,34.324,33.786,1400.000,1400.000,1400.000,1400.000,1.711653,33.607163,1.276447,12.145053,0.152707,50.568009,101.995699,0.000000,0.692665175,0.643251949,1
pi3bplus_v2_margin_20260909T125804Z,pi3bplus,2,1,margin,true,15,28,628,2026-09-09T13:00:08Z,1557566393033,oi_svdd_as_elm_revision,n512,512,B1,0.5,34.324,34.324,1400.000,1400.000,1400.000,1400.000,1.699412,33.736017,1.271291,12.131408,0.149009,50.670352,101.962574,0.000000,0.674664521,0.639495878,1
pi3bplus_v2_margin_20260909T125804Z,pi3bplus,2,1,margin,true,15,29,629,2026-09-09T13:00:08Z,1557669676950,oi_svdd_as_elm_revision,n512,512,B1,0.5,33.786,34.324,1400.000,1400.000,1400.000,1400.000,1.631080,33.697840,1.206188,12.295729,0.152603,50.687071,101.841064,0.000000,0.664781172,0.630461497,1
pi3bplus_v2_margin_20260909T125804Z,pi3bplus,2,1,margin,true,15,30,630,2026-09-09T13:00:08Z,1557772915919,oi_svdd_as_elm_revision,n512,512,B1,0.5,33.248,34.324,1400.000,1400.000,1400.000,1400.000,1.648216,33.737474,1.223896,12.285001,0.148748,50.712904,101.829763,0.000000,0.687966650,0.656075927,1
pi3bplus_v2_margin_20260909T125804Z,pi3bplus,2,1,margin,true,15,31,631,2026-09-09T13:00:08Z,1557876119472,oi_svdd_as_elm_revision,n512,512,B1,0.5,34.324,33.786,1400.000,1400.000,1400.000,1400.000,1.661809,33.604975,1.218583,12.149897,0.151040,50.565249,101.885908,0.000000,0.680148699,0.627134044,1
pi3bplus_v2_margin_20260909T125804Z,pi3bplus,2,1,margin,true,15,32,632,2026-09-09T13:00:08Z,1557979346150,oi_svdd_as_elm_revision,n512,512,B1,0.5,33.786,33.786,1400.000,1400.000,1400.000,1400.000,1.848526,33.779974,1.191969,12.158647,0.149217,50.914204,101.946168,0.000000,0.682172028,0.628639175,1
pi3bplus_v2_margin_20260909T125804Z,pi3bplus,2,1,margin,true,15,33,633,2026-09-09T13:00:08Z,1558082616630,oi_svdd_as_elm_revision,n512,512,B1,0.5,34.324,34.324,1400.000,1400.000,1400.000,1400.000,1.706809,35.273972,1.188688,12.243074,0.148957,53.027727,101.967521,0.000000,0.694982300,0.631524149,1
pi3bplus_v2_margin_20260909T125804Z,pi3bplus,2,1,margin,true,15,34,634,2026-09-09T13:00:08Z,1558185904348,oi_svdd_as_elm_revision,n512,512,B1,0.5,34.324,33.786,1400.000,1400.000,1400.000,1400.000,1.672851,33.688360,1.309885,12.188699,0.163280,50.686290,101.899866,0.000000,0.716738626,0.667741478,1
pi3bplus_v2_margin_20260909T125804Z,pi3bplus,2,1,margin,true,15,35,635,2026-09-09T13:00:09Z,1558289251598,oi_svdd_as_elm_revision,n512,512,B1,0.5,33.786,34.324,1400.000,1400.000,1400.000,1400.000,1.659257,33.767734,1.214469,12.309479,0.199061,50.821652,101.861845,0.000000,0.672253862,0.619820997,1
pi3bplus_v2_margin_20260909T125804Z,pi3bplus,2,1,margin,true,15,36,636,2026-09-09T13:00:09Z,1558392504993,oi_svdd_as_elm_revision,n512,512,B1,0.5,34.324,34.324,1400.000,1400.000,1400.000,1400.000,1.657277,34.208876,1.198844,12.198334,0.147082,51.111494,101.853356,0.000000,0.695008936,0.648339264,1
pi3bplus_v2_margin_20260909T125804Z,pi3bplus,2,1,margin,true,15,37,637,2026-09-09T13:00:09Z,1558495669640,oi_svdd_as_elm_revision,n512,512,B1,0.5,33.786,34.324,1400.000,1400.000,1400.000,1400.000,1.770401,33.611746,1.197334,12.150053,0.146457,50.652695,101.940750,0.000000,0.666629106,0.610450535,1
pi3bplus_v2_margin_20260909T125804Z,pi3bplus,2,1,margin,true,15,38,638,2026-09-09T13:00:09Z,1558598922515,oi_svdd_as_elm_revision,n512,512,B1,0.5,33.786,34.324,1400.000,1400.000,1400.000,1400.000,1.713111,33.630600,1.253739,12.172710,0.148228,50.590248,101.932729,0.000000,0.680427063,0.640502772,1
pi3bplus_v2_margin_20260909T125804Z,pi3bplus,2,1,margin,true,15,39,639,2026-09-09T13:00:09Z,1558702180650,oi_svdd_as_elm_revision,n512,512,B1,0.5,33.786,34.324,1400.000,1400.000,1400.000,1400.000,1.632382,33.790234,1.253011,12.179064,0.155728,50.757590,101.921740,0.000000,0.699574572,0.646740577,1
pi3bplus_v2_margin_20260909T125804Z,pi3bplus,2,1,margin,true,16,0,640,2026-09-09T13:00:10Z,1559463722890,lucid_revision,n64,64,B0,0.0,33.786,33.786,1400.000,1400.000,1400.000,1400.000,1.788579,4.391108,0.463121,39.501175,0.137342,46.726323,101.956219,0.000000,0.668383889,0.618992401,1
pi3bplus_v2_margin_20260909T125804Z,pi3bplus,2,1,margin,true,16,1,641,2026-09-09T13:00:10Z,1559566399259,lucid_revision,n64,64,B0,0.0,33.248,33.248,1400.000,1400.000,1400.000,1400.000,1.626705,4.376890,0.457861,36.887968,0.143228,43.962231,101.928302,0.000000,0.662566828,0.592507309,1
pi3bplus_v2_margin_20260909T125804Z,pi3bplus,2,1,margin,true,16,2,642,2026-09-09T13:00:10Z,1559669052294,lucid_revision,n64,64,B0,0.0,33.786,33.786,1400.000,1400.000,1400.000,1400.000,1.573737,4.395848,0.459840,37.064842,0.134635,44.075251,101.825907,0.000000,0.637940249,0.545569038,1
pi3bplus_v2_margin_20260909T125804Z,pi3bplus,2,1,margin,true,16,3,643,2026-09-09T13:00:10Z,1559771592466,lucid_revision,n64,64,B0,0.0,33.248,33.786,1400.000,1400.000,1400.000,1400.000,1.695455,4.373817,0.453329,36.930781,0.146093,44.049053,101.882312,0.000000,0.694424424,0.615382049,1
pi3bplus_v2_margin_20260909T125804Z,pi3bplus,2,1,margin,true,16,4,644,2026-09-09T13:00:10Z,1559874195814,lucid_revision,n64,64,B0,0.0,33.248,33.248,1400.000,1400.000,1400.000,1400.000,1.567695,4.423348,0.468902,36.970885,0.144998,44.034314,101.970072,0.000000,0.687207169,0.598495375,1
pi3bplus_v2_margin_20260909T125804Z,pi3bplus,2,1,margin,true,16,5,645,2026-09-09T13:00:10Z,1559976888537,lucid_revision,n64,64,B0,0.0,32.710,33.786,1400.000,1400.000,1400.000,1400.000,1.574622,4.414911,0.463330,36.974270,0.135780,44.011814,101.895958,0.000000,0.672193356,0.595891370,1
pi3bplus_v2_margin_20260909T125804Z,pi3bplus,2,1,margin,true,16,6,646,2026-09-09T13:00:10Z,1560079504905,lucid_revision,n64,64,B0,0.0,33.248,33.248,1400.000,1400.000,1400.000,1400.000,1.697225,4.394702,0.467444,36.943541,0.137291,44.088845,101.796741,0.000000,0.666656116,0.572760743,1
pi3bplus_v2_margin_20260909T125804Z,pi3bplus,2,1,margin,true,16,7,647,2026-09-09T13:00:10Z,1560182023463,lucid_revision,n64,64,B0,0.0,33.248,33.248,1400.000,1400.000,1400.000,1400.000,1.560872,4.431524,0.464371,36.972343,0.136405,44.027543,101.815073,0.000000,0.650580478,0.562805540,1
pi3bplus_v2_margin_20260909T125804Z,pi3bplus,2,1,margin,true,16,8,648,2026-09-09T13:00:11Z,1560284646550,lucid_revision,n64,64,B0,0.0,33.248,33.248,1400.000,1400.000,1400.000,1400.000,1.603424,4.382671,0.462913,36.948489,0.135832,43.983325,101.815281,0.000000,0.649957061,0.572987137,1
pi3bplus_v2_margin_20260909T125804Z,pi3bplus,2,1,margin,true,16,9,649,2026-09-09T13:00:11Z,1560387170784,lucid_revision,n64,64,B0,0.0,33.248,33.248,1400.000,1400.000,1400.000,1400.000,1.668059,4.360484,0.467652,37.080988,0.136562,44.164521,101.930176,0.000000,0.595465688,0.516867668,1
pi3bplus_v2_margin_20260909T125804Z,pi3bplus,2,1,margin,true,16,10,650,2026-09-09T13:00:11Z,1560489822672,lucid_revision,n64,64,B0,0.0,33.248,33.248,1400.000,1400.000,1400.000,1400.000,1.571758,4.364858,0.469475,36.923072,0.135936,43.978846,101.884500,0.000000,0.714919000,0.634812627,1
pi3bplus_v2_margin_20260909T125804Z,pi3bplus,2,1,margin,true,16,11,651,2026-09-09T13:00:11Z,1560592529769,lucid_revision,n64,64,B0,0.0,33.786,33.248,1400.000,1400.000,1400.000,1400.000,1.601862,4.397463,0.456871,37.123591,0.137499,44.164885,101.838927,0.000000,0.664828778,0.577694062,1
pi3bplus_v2_margin_20260909T125804Z,pi3bplus,2,1,margin,true,16,12,652,2026-09-09T13:00:11Z,1560695083482,lucid_revision,n64,64,B0,0.0,33.248,32.710,1400.000,1400.000,1400.000,1400.000,1.696340,4.378087,0.458330,36.936353,0.136040,44.061240,101.922363,0.000000,0.694925646,0.614398888,1
pi3bplus_v2_margin_20260909T125804Z,pi3bplus,2,1,margin,true,16,13,653,2026-09-09T13:00:11Z,1560797726152,lucid_revision,n64,64,B0,0.0,33.248,33.248,1400.000,1400.000,1400.000,1400.000,1.568112,4.367463,0.471559,36.997342,0.135364,44.048115,101.819031,0.000000,0.698186689,0.591032760,1
pi3bplus_v2_margin_20260909T125804Z,pi3bplus,2,1,margin,true,16,14,654,2026-09-09T13:00:11Z,1560900387988,lucid_revision,n64,64,B0,0.0,33.786,33.786,1400.000,1400.000,1400.000,1400.000,1.618112,4.381056,0.464683,37.478172,0.169269,44.575767,102.564963,0.000000,0.681438299,0.616325530,1
pi3bplus_v2_margin_20260909T125804Z,pi3bplus,2,1,margin,true,16,15,655,2026-09-09T13:00:11Z,1561003680184,lucid_revision,n64,64,B0,0.0,33.248,33.248,1400.000,1400.000,1400.000,1400.000,1.955765,4.548607,0.550152,37.304631,0.137655,44.945452,101.936374,0.000000,0.758285188,0.666580460,1
pi3bplus_v2_margin_20260909T125804Z,pi3bplus,2,1,margin,true,16,16,656,2026-09-09T13:00:11Z,1561106343479,lucid_revision,n64,64,B0,0.0,33.786,33.248,1400.000,1400.000,1400.000,1400.000,1.566810,4.423661,0.463329,36.944530,0.135988,43.987491,101.915541,0.000000,0.626722533,0.545060986,1
pi3bplus_v2_margin_20260909T125804Z,pi3bplus,2,1,margin,true,16,17,657,2026-09-09T13:00:11Z,1561208979586,lucid_revision,n64,64,B0,0.0,33.248,33.248,1400.000,1400.000,1400.000,1400.000,1.575507,4.390432,0.467288,37.171820,0.135781,44.190146,101.829031,0.000000,0.658548363,0.567826266,1
pi3bplus_v2_margin_20260909T125804Z,pi3bplus,2,1,margin,true,16,18,658,2026-09-09T13:00:12Z,1561311524913,lucid_revision,n64,64,B0,0.0,32.710,33.248,1400.000,1400.000,1400.000,1400.000,1.692069,4.383348,0.466194,36.898280,0.136249,44.018949,101.894863,0.000000,0.653997873,0.580636119,1
pi3bplus_v2_margin_20260909T125804Z,pi3bplus,2,1,margin,true,16,19,659,2026-09-09T13:00:12Z,1561414145395,lucid_revision,n64,64,B0,0.0,33.248,33.248,1400.000,1400.000,1400.000,1400.000,1.566445,4.530535,0.463381,36.997081,0.136040,44.146969,101.828197,0.000000,0.743477445,0.647903323,1
pi3bplus_v2_margin_20260909T125804Z,pi3bplus,2,1,margin,true,16,20,660,2026-09-09T13:00:12Z,1561516768429,lucid_revision,n64,64,B0,0.0,33.248,33.248,1400.000,1400.000,1400.000,1400.000,1.602435,4.386317,0.460673,37.421714,0.137759,44.456758,101.858041,0.000000,0.662624298,0.572736044,1
pi3bplus_v2_margin_20260909T125804Z,pi3bplus,2,1,margin,true,16,21,661,2026-09-09T13:00:12Z,1561619348599,lucid_revision,n64,64,B0,0.0,33.786,33.248,1400.000,1400.000,1400.000,1400.000,1.676235,4.366369,0.456403,36.936092,0.144374,44.028168,101.935228,0.000000,0.698991858,0.618814949,1
pi3bplus_v2_margin_20260909T125804Z,pi3bplus,2,1,margin,true,16,22,662,2026-09-09T13:00:12Z,1561722002362,lucid_revision,n64,64,B0,0.0,32.172,33.248,1400.000,1400.000,1400.000,1400.000,1.568737,4.349963,0.460881,36.974009,0.135832,44.004366,101.892520,0.000000,0.688755452,0.603189253,1
pi3bplus_v2_margin_20260909T125804Z,pi3bplus,2,1,margin,true,16,23,663,2026-09-09T13:00:12Z,1561824796332,lucid_revision,n64,64,B0,0.0,33.248,32.710,1400.000,1400.000,1400.000,1400.000,1.654361,4.636783,0.461558,37.006404,0.136301,44.358686,101.830020,0.000000,0.645259916,0.558282630,1
pi3bplus_v2_margin_20260909T125804Z,pi3bplus,2,1,margin,true,16,24,664,2026-09-09T13:00:12Z,1561927341242,lucid_revision,n64,64,B0,0.0,33.248,33.248,1400.000,1400.000,1400.000,1400.000,1.690819,4.348505,0.465569,36.946926,0.136873,44.039834,101.922050,0.000000,0.638731138,0.543739355,1
pi3bplus_v2_margin_20260909T125804Z,pi3bplus,2,1,margin,true,16,25,665,2026-09-09T13:00:12Z,1562029982557,lucid_revision,n64,64,B0,0.0,33.248,33.248,1400.000,1400.000,1400.000,1400.000,1.562695,4.336109,0.467652,36.985206,0.144374,44.010564,101.815853,0.000000,0.691497897,0.596375927,1
pi3bplus_v2_margin_20260909T125804Z,pi3bplus,2,1,margin,true,16,26,666,2026-09-09T13:00:12Z,1562132648924,lucid_revision,n64,64,B0,0.0,33.248,33.248,1400.000,1400.000,1400.000,1400.000,3.058463,4.829386,0.575516,36.939842,0.134947,46.651999,101.826947,0.000000,0.763670860,0.683747218,1
pi3bplus_v2_margin_20260909T125804Z,pi3bplus,2,1,margin,true,16,27,667,2026-09-09T13:00:12Z,1562235192271,lucid_revision,n64,64,B0,0.0,33.786,33.248,1400.000,1400.000,1400.000,1400.000,1.696235,4.335276,0.465153,36.980311,0.134113,44.061449,101.897727,0.000000,0.617651933,0.530646977,1
pi3bplus_v2_margin_20260909T125804Z,pi3bplus,2,1,margin,true,16,28,668,2026-09-09T13:00:13Z,1562337857440,lucid_revision,n64,64,B0,0.0,33.248,33.248,1400.000,1400.000,1400.000,1400.000,1.584518,4.341265,0.470985,37.004841,0.136145,44.063063,101.822519,0.000000,0.675003063,0.587537644,1
pi3bplus_v2_margin_20260909T125804Z,pi3bplus,2,1,margin,true,16,29,669,2026-09-09T13:00:13Z,1562440472609,lucid_revision,n64,64,B0,0.0,33.248,32.710,1400.000,1400.000,1400.000,1400.000,1.598580,4.324755,0.471558,37.017601,0.135936,44.006761,101.842102,0.000000,0.736297920,0.669393315,1
pi3bplus_v2_margin_20260909T125804Z,pi3bplus,2,1,margin,true,16,30,670,2026-09-09T13:00:13Z,1562543032674,lucid_revision,n64,64,B0,0.0,33.248,33.248,1400.000,1400.000,1400.000,1400.000,1.680038,4.340901,0.466611,36.916977,0.136770,43.995094,101.948091,0.000000,0.717615603,0.616103107,1
pi3bplus_v2_margin_20260909T125804Z,pi3bplus,2,1,margin,true,16,31,671,2026-09-09T13:00:13Z,1562645694301,lucid_revision,n64,64,B0,0.0,33.248,33.248,1400.000,1400.000,1400.000,1400.000,1.559362,4.367046,0.523433,36.981248,0.137447,44.013740,101.826321,0.000000,0.629595203,0.533143288,1
pi3bplus_v2_margin_20260909T125804Z,pi3bplus,2,1,margin,true,16,32,672,2026-09-09T13:00:13Z,1562748313428,lucid_revision,n64,64,B0,0.0,33.786,32.710,1400.000,1400.000,1400.000,1400.000,1.606028,4.365536,0.465413,37.175309,0.142134,44.203478,101.846373,0.000000,0.677317377,0.611145198,1
pi3bplus_v2_margin_20260909T125804Z,pi3bplus,2,1,margin,true,16,33,673,2026-09-09T13:00:13Z,1562850879586,lucid_revision,n64,64,B0,0.0,33.248,32.710,1400.000,1400.000,1400.000,1400.000,1.665663,4.357515,0.461611,36.903488,0.136405,43.969939,102.065591,0.000000,0.683167639,0.589070813,1
pi3bplus_v2_margin_20260909T125804Z,pi3bplus,2,1,margin,true,16,34,674,2026-09-09T13:00:13Z,1562953673347,lucid_revision,n64,64,B0,0.0,33.248,32.710,1400.000,1400.000,1400.000,1400.000,1.557174,4.441681,0.480048,36.919009,0.137187,44.105771,101.823666,0.000000,0.750644491,0.648980997,1
pi3bplus_v2_margin_20260909T125804Z,pi3bplus,2,1,margin,true,16,35,675,2026-09-09T13:00:13Z,1563056324037,lucid_revision,n64,64,B0,0.0,33.786,33.248,1400.000,1400.000,1400.000,1400.000,2.505604,4.453504,0.516246,37.159111,0.134790,45.238417,101.641739,0.000000,0.713669527,0.625289709,1
pi3bplus_v2_margin_20260909T125804Z,pi3bplus,2,1,margin,true,16,36,676,2026-09-09T13:00:13Z,1563158685301,lucid_revision,n64,64,B0,0.0,33.248,33.248,1400.000,1400.000,1400.000,1400.000,1.656183,4.359806,0.462079,36.926978,0.140675,43.987543,101.930592,0.000000,0.623333951,0.554951562,1
pi3bplus_v2_margin_20260909T125804Z,pi3bplus,2,1,margin,true,16,37,677,2026-09-09T13:00:14Z,1563261337553,lucid_revision,n64,64,B0,0.0,32.710,32.710,1400.000,1400.000,1400.000,1400.000,1.567955,4.351838,0.520100,36.959061,0.140676,43.982282,101.829238,0.000000,0.674014761,0.587724724,1
pi3bplus_v2_margin_20260909T125804Z,pi3bplus,2,1,margin,true,16,38,678,2026-09-09T13:00:14Z,1563363882201,lucid_revision,n64,64,B0,0.0,33.248,33.248,1400.000,1400.000,1400.000,1400.000,1.685819,4.367306,0.461350,36.956821,0.134269,44.050042,101.849706,0.000000,0.695039788,0.591007504,1
pi3bplus_v2_margin_20260909T125804Z,pi3bplus,2,1,margin,true,16,39,679,2026-09-09T13:00:14Z,1563466446067,lucid_revision,n64,64,B0,0.0,32.172,33.248,1400.000,1400.000,1400.000,1400.000,1.635924,4.369546,0.459007,36.981040,0.134634,44.044261,101.989705,0.000000,0.707776381,0.619158168,1
pi3bplus_v2_margin_20260909T125804Z,pi3bplus,2,1,margin,true,17,0,680,2026-09-09T13:00:14Z,1564079670586,oi_svdd_as_elm_revision,n256,256,B1,0.5,33.786,33.248,1400.000,1400.000,1400.000,1400.000,2.116441,17.471466,0.865097,7.024159,0.154738,28.779339,102.283192,0.000000,0.696502251,0.649051548,1
pi3bplus_v2_margin_20260909T125804Z,pi3bplus,2,1,margin,true,17,1,681,2026-09-09T13:00:14Z,1564183048040,oi_svdd_as_elm_revision,n256,256,B1,0.5,33.248,33.248,1400.000,1400.000,1400.000,1400.000,2.092899,17.422144,1.007596,7.278427,0.209581,29.160272,101.993558,0.000000,0.694160839,0.638365245,1
pi3bplus_v2_margin_20260909T125804Z,pi3bplus,2,1,margin,true,17,2,682,2026-09-09T13:00:15Z,1564286210599,oi_svdd_as_elm_revision,n256,256,B1,0.5,33.786,33.248,1400.000,1400.000,1400.000,1400.000,1.676236,16.871314,0.815983,6.404164,0.149634,26.906750,101.920121,0.000000,0.718110259,0.658797384,1
pi3bplus_v2_margin_20260909T125804Z,pi3bplus,2,1,margin,true,17,3,683,2026-09-09T13:00:15Z,1564389138159,oi_svdd_as_elm_revision,n256,256,B1,0.5,33.786,33.248,1400.000,1400.000,1400.000,1400.000,1.616080,16.789909,0.825566,6.410154,0.145416,26.858990,101.944496,0.000000,0.673614246,0.629009626,1
pi3bplus_v2_margin_20260909T125804Z,pi3bplus,2,1,margin,true,17,4,684,2026-09-09T13:00:15Z,1564492161552,oi_svdd_as_elm_revision,n256,256,B1,0.5,33.248,33.786,1400.000,1400.000,1400.000,1400.000,1.643007,16.882304,0.902700,6.427445,0.162759,27.066592,101.891059,0.000000,0.679534201,0.605123894,1
pi3bplus_v2_margin_20260909T125804Z,pi3bplus,2,1,margin,true,17,5,685,2026-09-09T13:00:15Z,1564595052186,oi_svdd_as_elm_revision,n256,256,B1,0.5,33.786,34.324,1400.000,1400.000,1400.000,1400.000,1.738527,16.839023,0.820462,6.411664,0.146041,26.951749,101.933715,0.000000,0.698797208,0.667126517,1
pi3bplus_v2_margin_20260909T125804Z,pi3bplus,2,1,margin,true,17,6,686,2026-09-09T13:00:15Z,1564697984642,oi_svdd_as_elm_revision,n256,256,B1,0.5,33.786,32.710,1400.000,1400.000,1400.000,1400.000,1.614621,16.966313,0.823274,6.405831,0.151978,26.971697,101.845487,0.000000,0.701472782,0.652656244,1
pi3bplus_v2_margin_20260909T125804Z,pi3bplus,2,1,margin,true,17,7,687,2026-09-09T13:00:15Z,1564800911317,oi_svdd_as_elm_revision,n256,256,B1,0.5,34.324,33.248,1400.000,1400.000,1400.000,1400.000,1.636705,16.875845,0.829629,6.379425,0.153385,26.944562,101.884028,0.000000,0.657905292,0.612997598,1
pi3bplus_v2_margin_20260909T125804Z,pi3bplus,2,1,margin,true,17,8,688,2026-09-09T13:00:15Z,1564903800180,oi_svdd_as_elm_revision,n256,256,B1,0.5,33.248,34.324,1400.000,1400.000,1400.000,1400.000,1.716391,16.909179,0.917961,6.405831,0.144738,27.087061,102.435742,0.000000,0.673316742,0.605771382,1
pi3bplus_v2_margin_20260909T125804Z,pi3bplus,2,1,margin,true,17,9,689,2026-09-09T13:00:15Z,1565007281538,oi_svdd_as_elm_revision,n256,256,B1,0.5,33.786,33.786,1400.000,1400.000,1400.000,1400.000,1.744881,17.549799,0.903639,6.815098,0.196301,28.228145,101.965798,0.000000,0.671673421,0.625994250,1
pi3bplus_v2_margin_20260909T125804Z,pi3bplus,2,1,margin,true,17,10,690,2026-09-09T13:00:15Z,1565110247275,oi_svdd_as_elm_revision,n256,256,B1,0.5,33.786,33.248,1400.000,1400.000,1400.000,1400.000,1.611288,17.236103,0.826555,6.913171,0.193904,27.780961,101.850903,0.000000,0.688694041,0.661292411,1
pi3bplus_v2_margin_20260909T125804Z,pi3bplus,2,1,margin,true,17,11,691,2026-09-09T13:00:15Z,1565213117545,oi_svdd_as_elm_revision,n256,256,B1,0.5,34.324,33.248,1400.000,1400.000,1400.000,1400.000,1.618007,16.874856,0.815045,6.371144,0.145519,26.881021,101.911006,0.000000,0.709725212,0.652299785,1
pi3bplus_v2_margin_20260909T125804Z,pi3bplus,2,1,margin,true,17,12,692,2026-09-09T13:00:16Z,1565316105469,oi_svdd_as_elm_revision,n256,256,B1,0.5,33.248,33.248,1400.000,1400.000,1400.000,1400.000,1.636653,16.937876,0.900721,6.726453,0.141040,27.342006,101.851839,0.000000,0.691540556,0.651398202,1
pi3bplus_v2_margin_20260909T125804Z,pi3bplus,2,1,margin,true,17,13,693,2026-09-09T13:00:16Z,1565418962769,oi_svdd_as_elm_revision,n256,256,B1,0.5,33.786,33.248,1400.000,1400.000,1400.000,1400.000,1.721496,17.000168,0.819211,6.406091,0.153436,27.082008,101.937672,0.000000,0.669746314,0.631118885,1
pi3bplus_v2_margin_20260909T125804Z,pi3bplus,2,1,margin,true,17,14,694,2026-09-09T13:00:16Z,1565521895328,oi_svdd_as_elm_revision,n256,256,B1,0.5,33.786,33.248,1400.000,1400.000,1400.000,1400.000,1.609361,17.054074,0.821243,6.432029,0.146145,27.065395,101.890902,0.000000,0.679362356,0.652032598,1
pi3bplus_v2_margin_20260909T125804Z,pi3bplus,2,1,margin,true,17,15,695,2026-09-09T13:00:16Z,1565624876273,oi_svdd_as_elm_revision,n256,256,B1,0.5,33.248,33.248,1400.000,1400.000,1400.000,1400.000,1.639413,16.861211,0.823274,6.338331,0.152082,26.863886,101.855329,0.000000,0.642596567,0.618089158,1
pi3bplus_v2_margin_20260909T125804Z,pi3bplus,2,1,margin,true,17,16,696,2026-09-09T13:00:16Z,1565727766594,oi_svdd_as_elm_revision,n256,256,B1,0.5,33.786,33.786,1400.000,1400.000,1400.000,1400.000,1.754100,16.908554,0.873014,6.364998,0.143749,27.033727,101.925537,0.000000,0.691473316,0.646021212,1
pi3bplus_v2_margin_20260909T125804Z,pi3bplus,2,1,margin,true,17,17,697,2026-09-09T13:00:16Z,1565830701237,oi_svdd_as_elm_revision,n256,256,B1,0.5,33.248,33.248,1400.000,1400.000,1400.000,1400.000,1.759464,17.015792,0.819316,6.431820,0.144061,27.162997,101.944234,0.000000,0.676264847,0.654282085,1
pi3bplus_v2_margin_20260909T125804Z,pi3bplus,2,1,margin,true,17,18,698,2026-09-09T13:00:16Z,1565933649786,oi_svdd_as_elm_revision,n256,256,B1,0.5,33.248,33.248,1400.000,1400.000,1400.000,1400.000,1.614882,20.660032,0.858482,6.600725,0.142760,31.109787,101.855589,0.000000,0.693604267,0.646406589,1
pi3bplus_v2_margin_20260909T125804Z,pi3bplus,2,1,margin,true,17,19,699,2026-09-09T13:00:16Z,1566036613387,oi_svdd_as_elm_revision,n256,256,B1,0.5,33.248,33.786,1400.000,1400.000,1400.000,1400.000,1.666912,16.856523,0.814993,8.890966,0.142446,29.412978,101.887829,0.000000,0.674775385,0.633950695,1
pi3bplus_v2_margin_20260909T125804Z,pi3bplus,2,1,margin,true,17,20,700,2026-09-09T13:00:16Z,1566139504749,oi_svdd_as_elm_revision,n256,256,B1,0.5,33.248,33.248,1400.000,1400.000,1400.000,1400.000,1.746027,17.880629,1.002648,6.430831,0.150416,29.023242,101.945641,0.000000,0.686299002,0.625644448,1
pi3bplus_v2_margin_20260909T125804Z,pi3bplus,2,1,margin,true,17,21,701,2026-09-09T13:00:16Z,1566242448663,oi_svdd_as_elm_revision,n256,256,B1,0.5,33.786,33.786,1400.000,1400.000,1400.000,1400.000,1.647798,16.839909,0.821712,6.363592,0.145467,26.805604,101.967567,0.000000,0.683069777,0.634210314,1
pi3bplus_v2_margin_20260909T125804Z,pi3bplus,2,1,margin,true,17,22,702,2026-09-09T13:00:17Z,1566345416430,oi_svdd_as_elm_revision,n256,256,B1,0.5,33.786,33.248,1400.000,1400.000,1400.000,1400.000,1.605819,16.797617,0.822077,6.374269,0.152603,26.845500,101.846266,0.000000,0.692617387,0.631945952,1
pi3bplus_v2_margin_20260909T125804Z,pi3bplus,2,1,margin,true,17,23,703,2026-09-09T13:00:17Z,1566448330916,oi_svdd_as_elm_revision,n256,256,B1,0.5,33.248,33.248,1400.000,1400.000,1400.000,1400.000,1.631392,17.343238,0.822961,6.326925,0.143020,27.331850,101.851318,0.000000,0.697030831,0.636968281,1
pi3bplus_v2_margin_20260909T125804Z,pi3bplus,2,1,margin,true,17,24,704,2026-09-09T13:00:17Z,1566551181705,oi_svdd_as_elm_revision,n256,256,B1,0.5,34.324,32.710,1400.000,1400.000,1400.000,1400.000,1.724152,17.111261,0.838847,6.491507,0.143958,27.296642,101.938036,0.000000,0.683638379,0.626848539,1
pi3bplus_v2_margin_20260909T125804Z,pi3bplus,2,1,margin,true,17,25,705,2026-09-09T13:00:17Z,1566654129576,oi_svdd_as_elm_revision,n256,256,B1,0.5,33.248,34.324,1400.000,1400.000,1400.000,1400.000,1.603424,16.887096,0.827076,6.371560,0.142655,26.811907,101.853402,0.000000,0.716476965,0.662192791,1
pi3bplus_v2_margin_20260909T125804Z,pi3bplus,2,1,margin,true,17,26,706,2026-09-09T13:00:17Z,1566757060052,oi_svdd_as_elm_revision,n256,256,B1,0.5,33.248,33.786,1400.000,1400.000,1400.000,1400.000,1.615924,16.826419,0.824420,6.365623,0.145676,26.823209,101.841995,0.000000,0.719816771,0.667003863,1
pi3bplus_v2_margin_20260909T125804Z,pi3bplus,2,1,margin,true,17,27,707,2026-09-09T13:00:17Z,1566859891414,oi_svdd_as_elm_revision,n256,256,B1,0.5,33.248,33.248,1400.000,1400.000,1400.000,1400.000,1.715610,16.843241,0.859784,6.342810,0.141770,26.891958,101.941786,0.000000,0.650363923,0.582703167,1
pi3bplus_v2_margin_20260909T125804Z,pi3bplus,2,1,margin,true,17,28,708,2026-09-09T13:00:17Z,1566962834077,oi_svdd_as_elm_revision,n256,256,B1,0.5,33.248,33.248,1400.000,1400.000,1400.000,1400.000,1.717121,17.237978,1.722694,6.563121,0.143124,28.373820,101.998036,0.000000,0.688979324,0.654331993,1
pi3bplus_v2_margin_20260909T125804Z,pi3bplus,2,1,margin,true,17,29,709,2026-09-09T13:00:17Z,1567065832469,oi_svdd_as_elm_revision,n256,256,B1,0.5,33.786,33.786,1400.000,1400.000,1400.000,1400.000,1.602903,17.154280,0.827128,6.426873,0.144009,27.147789,101.707100,0.000000,0.702776939,0.657442384,1
pi3bplus_v2_margin_20260909T125804Z,pi3bplus,2,1,margin,true,17,30,710,2026-09-09T13:00:17Z,1567170436784,oi_svdd_as_elm_revision,n256,256,B1,0.5,34.324,34.324,1400.000,1400.000,1400.000,1400.000,1.847797,17.091833,0.835201,6.508121,0.150467,27.422214,101.928453,0.000000,0.661473525,0.614109377,1
pi3bplus_v2_margin_20260909T125804Z,pi3bplus,2,1,margin,true,17,31,711,2026-09-09T13:00:18Z,1567273371062,oi_svdd_as_elm_revision,n256,256,B1,0.5,33.786,33.786,1400.000,1400.000,1400.000,1400.000,1.610090,17.227666,0.831920,6.450309,0.150260,27.276433,101.845015,0.000000,0.681107861,0.629358354,1
pi3bplus_v2_margin_20260909T125804Z,pi3bplus,2,1,margin,true,17,32,712,2026-09-09T13:00:18Z,1567376280027,oi_svdd_as_elm_revision,n256,256,B1,0.5,33.786,33.786,1400.000,1400.000,1400.000,1400.000,1.632538,16.872148,0.884993,6.379321,0.143436,26.900186,101.840171,0.000000,0.671195660,0.613476792,1
pi3bplus_v2_margin_20260909T125804Z,pi3bplus,2,1,margin,true,17,33,713,2026-09-09T13:00:18Z,1567479128940,oi_svdd_as_elm_revision,n256,256,B1,0.5,33.248,34.324,1400.000,1400.000,1400.000,1400.000,1.716808,16.966991,0.833430,6.411820,0.144947,27.070550,101.967097,0.000000,0.676075083,0.634897754,1
pi3bplus_v2_margin_20260909T125804Z,pi3bplus,2,1,margin,true,17,34,714,2026-09-09T13:00:18Z,1567582112487,oi_svdd_as_elm_revision,n256,256,B1,0.5,33.248,33.248,1400.000,1400.000,1400.000,1400.000,1.605455,16.875221,0.813639,6.435049,0.143072,26.855187,101.855692,0.000000,0.689235264,0.642959347,1
pi3bplus_v2_margin_20260909T125804Z,pi3bplus,2,1,margin,true,17,35,715,2026-09-09T13:00:18Z,1567685031139,oi_svdd_as_elm_revision,n256,256,B1,0.5,33.248,33.786,1400.000,1400.000,1400.000,1400.000,1.628528,16.878085,0.823587,6.336405,0.154062,26.880396,101.841161,0.000000,0.699854429,0.655875509,1
pi3bplus_v2_margin_20260909T125804Z,pi3bplus,2,1,margin,true,17,36,716,2026-09-09T13:00:18Z,1567787869844,oi_svdd_as_elm_revision,n256,256,B1,0.5,33.248,33.248,1400.000,1400.000,1400.000,1400.000,1.766808,16.926522,0.904523,6.378175,0.142863,27.119560,101.871265,0.000000,0.684604824,0.632290960,1
pi3bplus_v2_margin_20260909T125804Z,pi3bplus,2,1,margin,true,17,37,717,2026-09-09T13:00:18Z,1567890741517,oi_svdd_as_elm_revision,n256,256,B1,0.5,33.248,33.786,1400.000,1400.000,1400.000,1400.000,1.707330,16.905637,0.821504,6.414633,0.144165,26.998624,101.960900,0.000000,0.676478010,0.654151671,1
pi3bplus_v2_margin_20260909T125804Z,pi3bplus,2,1,margin,true,17,38,718,2026-09-09T13:00:18Z,1567993706263,oi_svdd_as_elm_revision,n256,256,B1,0.5,33.248,33.786,1400.000,1400.000,1400.000,1400.000,1.599153,17.020011,0.811400,6.439945,0.145936,27.010915,101.884963,0.000000,0.663577649,0.635624807,1
pi3bplus_v2_margin_20260909T125804Z,pi3bplus,2,1,margin,true,17,39,719,2026-09-09T13:00:18Z,1568096681217,oi_svdd_as_elm_revision,n256,256,B1,0.5,33.248,33.248,1400.000,1400.000,1400.000,1400.000,1.635194,16.843138,0.828431,6.340102,0.144634,26.847322,101.763297,0.000000,0.657394124,0.621875654,1
pi3bplus_v2_margin_20260909T125804Z,pi3bplus,2,1,margin,true,18,0,720,2026-09-09T13:00:19Z,1568863347215,tinydl_revision,n1024,1024,B1,0.5,33.248,33.248,1400.000,1400.000,1400.000,1400.000,2.078941,70.421689,5.772607,6.375623,0.171665,88.359193,102.517614,0.000000,0.685941200,0.651861466,1
pi3bplus_v2_margin_20260909T125804Z,pi3bplus,2,1,margin,true,18,1,721,2026-09-09T13:00:19Z,1568967979758,tinydl_revision,n1024,1024,B1,0.5,34.324,33.786,1400.000,1400.000,1400.000,1400.000,1.957535,68.669101,1.846807,4.683658,0.167811,80.471135,101.855380,0.000000,0.690054531,0.647439246,1
pi3bplus_v2_margin_20260909T125804Z,pi3bplus,2,1,margin,true,18,2,722,2026-09-09T13:00:19Z,1569071822516,tinydl_revision,n1024,1024,B1,0.5,33.248,34.324,1400.000,1400.000,1400.000,1400.000,1.814672,67.259790,1.923005,4.677825,0.164947,78.858545,102.137513,0.000000,0.689969433,0.656592917,1
pi3bplus_v2_margin_20260909T125804Z,pi3bplus,2,1,margin,true,18,3,723,2026-09-09T13:00:19Z,1569175893085,tinydl_revision,n1024,1024,B1,0.5,34.324,34.324,1400.000,1400.000,1400.000,1400.000,1.772068,68.456446,1.873942,4.680481,0.159374,80.085305,101.885327,0.000000,0.685476042,0.643795494,1
pi3bplus_v2_margin_20260909T125804Z,pi3bplus,2,1,margin,true,18,4,724,2026-09-09T13:00:20Z,1569279748343,tinydl_revision,n1024,1024,B1,0.5,33.786,34.324,1400.000,1400.000,1400.000,1400.000,1.780662,66.819063,1.929358,4.633606,0.171041,78.358809,101.892878,0.000000,0.687121354,0.657457420,1
pi3bplus_v2_margin_20260909T125804Z,pi3bplus,2,1,margin,true,18,5,725,2026-09-09T13:00:20Z,1569383560007,tinydl_revision,n1024,1024,B1,0.5,34.324,33.786,1400.000,1400.000,1400.000,1400.000,1.779621,66.890729,1.949150,4.639335,0.163071,78.463130,101.916211,0.000000,0.672694096,0.654076079,1
pi3bplus_v2_margin_20260909T125804Z,pi3bplus,2,1,margin,true,18,6,726,2026-09-09T13:00:20Z,1569487409587,tinydl_revision,n1024,1024,B1,0.5,34.324,33.786,1400.000,1400.000,1400.000,1400.000,1.758475,66.928542,2.021441,8.256544,0.164009,82.165547,101.909284,0.000000,0.682594809,0.650462832,1
pi3bplus_v2_margin_20260909T125804Z,pi3bplus,2,1,margin,true,18,7,727,2026-09-09T13:00:20Z,1569591259375,tinydl_revision,n1024,1024,B1,0.5,34.324,33.786,1400.000,1400.000,1400.000,1400.000,1.777693,67.057655,1.935296,4.641575,0.165103,78.921409,101.953191,0.000000,0.689313362,0.646031329,1
pi3bplus_v2_margin_20260909T125804Z,pi3bplus,2,1,margin,true,18,8,728,2026-09-09T13:00:20Z,1569695139216,tinydl_revision,n1024,1024,B1,0.5,33.786,33.786,1400.000,1400.000,1400.000,1400.000,1.766599,66.776251,1.923369,4.648970,0.162915,78.377506,101.952044,0.000000,0.691414575,0.659092082,1
pi3bplus_v2_margin_20260909T125804Z,pi3bplus,2,1,margin,true,18,9,729,2026-09-09T13:00:20Z,1569799067337,tinydl_revision,n1024,1024,B1,0.5,34.324,34.324,1400.000,1400.000,1400.000,1400.000,1.759464,66.926458,1.912015,4.668189,0.169322,78.582140,101.982409,0.000000,0.683341338,0.640554048,1
pi3bplus_v2_margin_20260909T125804Z,pi3bplus,2,1,margin,true,18,10,730,2026-09-09T13:00:20Z,1569903029364,tinydl_revision,n1024,1024,B1,0.5,33.248,34.324,1400.000,1400.000,1400.000,1400.000,1.761078,70.791634,1.903837,4.642929,0.163697,82.345754,101.994805,0.000000,0.688188413,0.661457717,1
pi3bplus_v2_margin_20260909T125804Z,pi3bplus,2,1,margin,true,18,11,731,2026-09-09T13:00:20Z,1570006972589,tinydl_revision,n1024,1024,B1,0.5,34.324,34.324,1400.000,1400.000,1400.000,1400.000,1.804620,69.822371,1.873786,4.750116,0.164894,81.519876,101.948399,0.000000,0.672268594,0.652791452,1
pi3bplus_v2_margin_20260909T125804Z,pi3bplus,2,1,margin,true,18,12,732,2026-09-09T13:00:20Z,1570110851076,tinydl_revision,n1024,1024,B1,0.5,34.862,33.786,1400.000,1400.000,1400.000,1400.000,1.765089,67.375101,2.502478,4.647304,0.162291,80.250198,101.931732,0.000000,0.681189762,0.649619070,1
pi3bplus_v2_margin_20260909T125804Z,pi3bplus,2,1,margin,true,18,13,733,2026-09-09T13:00:20Z,1570214722062,tinydl_revision,n1024,1024,B1,0.5,34.324,34.324,1400.000,1400.000,1400.000,1400.000,1.776391,66.904375,1.918212,4.663450,0.163332,78.515213,101.945638,0.000000,0.693849692,0.650292949,1
pi3bplus_v2_margin_20260909T125804Z,pi3bplus,2,1,margin,true,18,14,734,2026-09-09T13:00:21Z,1570318599245,tinydl_revision,n1024,1024,B1,0.5,33.786,34.324,1400.000,1400.000,1400.000,1400.000,1.763006,66.916094,1.934255,4.637825,0.167082,78.500682,101.939388,0.000000,0.694493947,0.654677487,1
pi3bplus_v2_margin_20260909T125804Z,pi3bplus,2,1,margin,true,18,15,735,2026-09-09T13:00:21Z,1570422490647,tinydl_revision,n1024,1024,B1,0.5,33.786,34.324,1400.000,1400.000,1400.000,1400.000,1.752850,66.931614,1.942327,4.668190,0.169374,78.581463,101.903555,0.000000,0.673394603,0.637572677,1
pi3bplus_v2_margin_20260909T125804Z,pi3bplus,2,1,margin,true,18,16,736,2026-09-09T13:00:21Z,1570526338300,tinydl_revision,n1024,1024,B1,0.5,33.786,33.786,1400.000,1400.000,1400.000,1400.000,1.733944,67.161351,1.940452,4.662148,0.161718,78.772971,101.888294,0.000000,0.688523983,0.663911972,1
pi3bplus_v2_margin_20260909T125804Z,pi3bplus,2,1,margin,true,18,17,737,2026-09-09T13:00:21Z,1570630203556,tinydl_revision,n1024,1024,B1,0.5,34.324,33.786,1400.000,1400.000,1400.000,1400.000,1.694152,67.425047,1.936755,4.626367,0.159426,78.947553,101.898763,0.000000,0.673549897,0.650369322,1
pi3bplus_v2_margin_20260909T125804Z,pi3bplus,2,1,margin,true,18,18,738,2026-09-09T13:00:21Z,1570734117666,tinydl_revision,n1024,1024,B1,0.5,33.786,34.324,1400.000,1400.000,1400.000,1400.000,1.699933,67.189998,1.870608,4.797147,0.160988,78.822190,101.836576,0.000000,0.689458205,0.649216111,1
pi3bplus_v2_margin_20260909T125804Z,pi3bplus,2,1,margin,true,18,19,739,2026-09-09T13:00:21Z,1570837945215,tinydl_revision,n1024,1024,B1,0.5,34.324,34.324,1400.000,1400.000,1400.000,1400.000,1.696287,67.033176,1.850766,4.685429,0.164998,78.548442,101.826472,0.000000,0.696915822,0.655703399,1
pi3bplus_v2_margin_20260909T125804Z,pi3bplus,2,1,margin,true,18,20,740,2026-09-09T13:00:21Z,1570941830263,tinydl_revision,n1024,1024,B1,0.5,34.324,34.324,1400.000,1400.000,1400.000,1400.000,2.570707,68.260457,3.029818,4.909177,0.172029,81.968360,101.865950,0.000000,0.688052857,0.649397823,1
pi3bplus_v2_margin_20260909T125804Z,pi3bplus,2,1,margin,true,18,21,741,2026-09-09T13:00:21Z,1571045701248,tinydl_revision,n1024,1024,B1,0.5,34.324,34.324,1400.000,1400.000,1400.000,1400.000,1.697121,67.236091,1.872953,4.710116,0.168332,78.808388,101.853191,0.000000,0.672576744,0.644633828,1
pi3bplus_v2_margin_20260909T125804Z,pi3bplus,2,1,margin,true,18,22,742,2026-09-09T13:00:21Z,1571149547390,tinydl_revision,n1024,1024,B1,0.5,34.862,34.324,1400.000,1400.000,1400.000,1400.000,1.723006,68.474934,1.946494,4.639960,0.161561,80.415822,101.847930,0.000000,0.688687388,0.661036421,1
pi3bplus_v2_margin_20260909T125804Z,pi3bplus,2,1,margin,true,18,23,743,2026-09-09T13:00:22Z,1571253400303,tinydl_revision,n1024,1024,B1,0.5,34.324,34.324,1400.000,1400.000,1400.000,1400.000,1.710923,66.951301,1.861650,4.663137,0.168488,78.501411,101.840221,0.000000,0.673035810,0.648615464,1
pi3bplus_v2_margin_20260909T125804Z,pi3bplus,2,1,margin,true,18,24,744,2026-09-09T13:00:22Z,1571357236392,tinydl_revision,n1024,1024,B1,0.5,34.324,34.324,1400.000,1400.000,1400.000,1400.000,1.702590,67.158747,1.853734,4.628971,0.161561,78.604275,101.862200,0.000000,0.681752225,0.640897464,1
pi3bplus_v2_margin_20260909T125804Z,pi3bplus,2,1,margin,true,18,25,745,2026-09-09T13:00:22Z,1571461136700,tinydl_revision,n1024,1024,B1,0.5,34.324,34.324,1400.000,1400.000,1400.000,1400.000,1.703371,67.125466,1.858682,4.624232,0.161613,78.576878,101.838398,0.000000,0.704065165,0.662898665,1
pi3bplus_v2_margin_20260909T125804Z,pi3bplus,2,1,margin,true,18,26,746,2026-09-09T13:00:22Z,1571565016278,tinydl_revision,n1024,1024,B1,0.5,34.324,34.324,1400.000,1400.000,1400.000,1400.000,2.054566,67.252705,1.882067,4.607200,0.227186,79.114999,101.853086,0.000000,0.686380706,0.649537477,1
pi3bplus_v2_margin_20260909T125804Z,pi3bplus,2,1,margin,true,18,27,747,2026-09-09T13:00:22Z,1571668861430,tinydl_revision,n1024,1024,B1,0.5,33.786,34.324,1400.000,1400.000,1400.000,1400.000,1.703058,67.370465,1.836391,4.637825,0.162759,78.808491,101.850273,0.000000,0.671916763,0.639988423,1
pi3bplus_v2_margin_20260909T125804Z,pi3bplus,2,1,margin,true,18,28,748,2026-09-09T13:00:22Z,1571772715800,tinydl_revision,n1024,1024,B1,0.5,34.862,34.324,1400.000,1400.000,1400.000,1400.000,1.735818,67.215570,1.880870,4.610429,0.172759,78.705940,101.881523,0.000000,0.683657797,0.659982453,1
pi3bplus_v2_margin_20260909T125804Z,pi3bplus,2,1,margin,true,18,29,749,2026-09-09T13:00:22Z,1571876603035,tinydl_revision,n1024,1024,B1,0.5,34.324,34.862,1400.000,1400.000,1400.000,1400.000,1.700350,67.637233,1.881025,4.651678,0.169373,79.117603,101.855690,0.000000,0.678055226,0.650976312,1
pi3bplus_v2_margin_20260909T125804Z,pi3bplus,2,1,margin,true,18,30,750,2026-09-09T13:00:22Z,1571980460895,tinydl_revision,n1024,1024,B1,0.5,34.324,33.786,1400.000,1400.000,1400.000,1400.000,1.705767,66.906250,1.910609,4.615690,0.170155,78.417297,101.872043,0.000000,0.685890785,0.641793609,1
pi3bplus_v2_margin_20260909T125804Z,pi3bplus,2,1,margin,true,18,31,751,2026-09-09T13:00:22Z,1572084365577,tinydl_revision,n1024,1024,B1,0.5,34.324,34.324,1400.000,1400.000,1400.000,1400.000,1.758474,66.973593,1.878838,4.621784,0.171040,78.488286,101.851836,0.000000,0.699180779,0.665543754,1
pi3bplus_v2_margin_20260909T125804Z,pi3bplus,2,1,margin,true,18,32,752,2026-09-09T13:00:22Z,1572188303489,tinydl_revision,n1024,1024,B1,0.5,34.324,34.324,1400.000,1400.000,1400.000,1400.000,1.727641,68.582746,1.887848,4.747303,0.159946,80.667589,101.837512,0.000000,0.681801178,0.641509887,1
pi3bplus_v2_margin_20260909T125804Z,pi3bplus,2,1,margin,true,18,33,753,2026-09-09T13:00:23Z,1572292202233,tinydl_revision,n1024,1024,B1,0.5,34.324,34.324,1400.000,1400.000,1400.000,1400.000,1.714205,67.115935,1.926807,4.626106,0.161301,78.596462,101.848762,0.000000,0.686538625,0.652930626,1
pi3bplus_v2_margin_20260909T125804Z,pi3bplus,2,1,margin,true,18,34,754,2026-09-09T13:00:23Z,1572396113686,tinydl_revision,n1024,1024,B1,0.5,34.324,34.862,1400.000,1400.000,1400.000,1400.000,1.712121,67.111976,1.943786,4.640689,0.164634,78.607399,101.846991,0.000000,0.668354782,0.648433773,1
pi3bplus_v2_margin_20260909T125804Z,pi3bplus,2,1,margin,true,18,35,755,2026-09-09T13:00:23Z,1572499899046,tinydl_revision,n1024,1024,B1,0.5,34.324,34.324,1400.000,1400.000,1400.000,1400.000,1.784308,67.493848,1.875505,4.717251,0.161353,79.382965,101.869230,0.000000,0.682574398,0.654403924,1
pi3bplus_v2_margin_20260909T125804Z,pi3bplus,2,1,margin,true,18,36,756,2026-09-09T13:00:23Z,1572603703416,tinydl_revision,n1024,1024,B1,0.5,34.324,34.862,1400.000,1400.000,1400.000,1400.000,1.821026,66.958228,1.988420,4.616783,0.163905,78.587867,101.924959,0.000000,0.690696732,0.645357716,1
pi3bplus_v2_margin_20260909T125804Z,pi3bplus,2,1,margin,true,18,37,757,2026-09-09T13:00:23Z,1572707561431,tinydl_revision,n1024,1024,B1,0.5,34.862,34.324,1400.000,1400.000,1400.000,1400.000,1.761756,67.438849,1.938057,4.636314,0.160832,78.976979,101.931886,0.000000,0.694068761,0.656738768,1
pi3bplus_v2_margin_20260909T125804Z,pi3bplus,2,1,margin,true,18,38,758,2026-09-09T13:00:23Z,1572811423197,tinydl_revision,n1024,1024,B1,0.5,34.862,34.324,1400.000,1400.000,1400.000,1400.000,1.773578,67.087029,1.958421,4.636940,0.161301,78.623231,101.950479,0.000000,0.684822839,0.649871126,1
pi3bplus_v2_margin_20260909T125804Z,pi3bplus,2,1,margin,true,18,39,759,2026-09-09T13:00:23Z,1572915309858,tinydl_revision,n1024,1024,B1,0.5,34.324,34.862,1400.000,1400.000,1400.000,1400.000,1.752797,67.452025,2.010243,4.662304,0.161874,79.048957,101.902928,0.000000,0.683984843,0.650241157,1
pi3bplus_v2_margin_20260909T125804Z,pi3bplus,2,1,margin,true,19,0,760,2026-09-09T13:00:24Z,1573677690607,fisvdd_revision,n64,64,B0,0.0,34.324,33.786,1400.000,1400.000,1400.000,1400.000,1.710871,4.397306,0.471350,1.096970,0.137967,8.313158,101.880115,0.000000,0.712503207,0.498706403,1
pi3bplus_v2_margin_20260909T125804Z,pi3bplus,2,1,margin,true,19,1,761,2026-09-09T13:00:24Z,1573780375247,fisvdd_revision,n64,64,B0,0.0,34.324,33.786,1400.000,1400.000,1400.000,1400.000,1.604934,4.353764,0.465152,1.164000,0.139739,8.164825,101.869281,0.000000,0.715312695,0.498841954,1
pi3bplus_v2_margin_20260909T125804Z,pi3bplus,2,1,margin,true,19,2,762,2026-09-09T13:00:24Z,1573882965824,fisvdd_revision,n64,64,B0,0.0,33.786,33.786,1400.000,1400.000,1400.000,1400.000,1.663110,4.360223,0.469059,1.108168,0.137290,8.179305,101.982979,0.000000,0.656671225,0.501994686,1
pi3bplus_v2_margin_20260909T125804Z,pi3bplus,2,1,margin,true,19,3,763,2026-09-09T13:00:24Z,1573985670411,fisvdd_revision,n64,64,B0,0.0,33.786,33.248,1400.000,1400.000,1400.000,1400.000,1.577434,4.383035,0.535047,1.101189,0.139113,8.174930,101.942302,0.000000,0.685326985,0.499391288,1
pi3bplus_v2_margin_20260909T125804Z,pi3bplus,2,1,margin,true,19,4,764,2026-09-09T13:00:24Z,1574088418331,fisvdd_revision,n64,64,B0,0.0,34.324,33.786,1400.000,1400.000,1400.000,1400.000,1.625403,4.393296,0.469058,1.172230,0.139270,8.249878,101.846418,0.000000,0.679435027,0.499718995,1
pi3bplus_v2_margin_20260909T125804Z,pi3bplus,2,1,margin,true,19,5,765,2026-09-09T13:00:24Z,1574190980680,fisvdd_revision,n64,64,B0,0.0,33.786,33.248,1400.000,1400.000,1400.000,1400.000,1.675298,4.350015,0.471246,1.094209,0.145832,8.178107,101.818136,0.000000,0.657552019,0.504432514,1
pi3bplus_v2_margin_20260909T125804Z,pi3bplus,2,1,margin,true,19,6,766,2026-09-09T13:00:25Z,1574293556726,fisvdd_revision,n64,64,B0,0.0,33.248,33.248,1400.000,1400.000,1400.000,1400.000,1.588060,4.379233,0.527756,1.118636,0.144166,8.194878,101.876417,0.000000,0.657375606,0.498886990,1
pi3bplus_v2_margin_20260909T125804Z,pi3bplus,2,1,margin,true,19,7,767,2026-09-09T13:00:25Z,1574396230271,fisvdd_revision,n64,64,B0,0.0,33.248,33.786,1400.000,1400.000,1400.000,1400.000,1.602018,4.373348,0.468485,1.161709,0.139321,8.195451,101.839073,0.000000,0.647716975,0.499109104,1
pi3bplus_v2_margin_20260909T125804Z,pi3bplus,2,1,margin,true,19,8,768,2026-09-09T13:00:25Z,1574498786005,fisvdd_revision,n64,64,B0,0.0,33.248,33.248,1400.000,1400.000,1400.000,1400.000,1.666496,4.382723,0.468902,1.102855,0.143488,8.202273,101.985374,0.000000,0.744135276,0.504496057,1
pi3bplus_v2_margin_20260909T125804Z,pi3bplus,2,1,margin,true,19,9,769,2026-09-09T13:00:25Z,1574601498925,fisvdd_revision,n64,64,B0,0.0,33.786,33.248,1400.000,1400.000,1400.000,1400.000,1.569414,4.392671,0.531818,1.111032,0.138385,8.182429,101.844750,0.000000,0.668221568,0.498754164,1
pi3bplus_v2_margin_20260909T125804Z,pi3bplus,2,1,margin,true,19,10,770,2026-09-09T13:00:25Z,1574704135803,fisvdd_revision,n64,64,B0,0.0,33.786,33.248,1400.000,1400.000,1400.000,1400.000,1.617851,4.370848,0.469215,1.173428,0.139269,8.211336,101.856261,0.000000,0.633564678,0.499064422,1
pi3bplus_v2_margin_20260909T125804Z,pi3bplus,2,1,margin,true,19,11,771,2026-09-09T13:00:25Z,1574806707058,fisvdd_revision,n64,64,B0,0.0,33.248,33.248,1400.000,1400.000,1400.000,1400.000,1.658735,4.362723,0.465100,1.091136,0.146561,8.164565,101.953186,0.000000,0.655874379,0.498025823,1
pi3bplus_v2_margin_20260909T125804Z,pi3bplus,2,1,margin,true,19,12,772,2026-09-09T13:00:25Z,1574909375863,fisvdd_revision,n64,64,B0,0.0,33.248,32.710,1400.000,1400.000,1400.000,1400.000,1.566133,4.370796,0.529891,1.113793,0.139946,8.163315,101.886208,0.000000,0.658678519,0.497512117,1
pi3bplus_v2_margin_20260909T125804Z,pi3bplus,2,1,margin,true,19,13,773,2026-09-09T13:00:25Z,1575011986179,fisvdd_revision,n64,64,B0,0.0,33.248,33.248,1400.000,1400.000,1400.000,1400.000,1.605767,4.367411,0.466246,1.097491,0.143228,8.266909,101.889125,0.000000,0.622268691,0.499194547,1
pi3bplus_v2_margin_20260909T125804Z,pi3bplus,2,1,margin,true,19,14,774,2026-09-09T13:00:25Z,1575114594100,fisvdd_revision,n64,64,B0,0.0,33.248,32.710,1400.000,1400.000,1400.000,1400.000,1.674934,4.367410,0.459944,1.099053,0.139373,8.177169,101.946780,0.000000,0.661616940,0.501623285,1
pi3bplus_v2_margin_20260909T125804Z,pi3bplus,2,1,margin,true,19,15,775,2026-09-09T13:00:25Z,1575217260926,fisvdd_revision,n64,64,B0,0.0,32.710,33.248,1400.000,1400.000,1400.000,1400.000,1.562539,4.387358,0.524891,1.108793,0.138645,8.163524,101.707095,0.000000,0.706714021,0.499038238,1
pi3bplus_v2_margin_20260909T125804Z,pi3bplus,2,1,margin,true,19,16,776,2026-09-09T13:00:26Z,1575319690567,fisvdd_revision,n64,64,B0,0.0,33.248,33.248,1400.000,1400.000,1400.000,1400.000,1.688996,4.387411,0.467601,1.101241,0.136301,8.226752,101.891676,0.000000,0.679178578,0.500757837,1
pi3bplus_v2_margin_20260909T125804Z,pi3bplus,2,1,margin,true,19,17,777,2026-09-09T13:00:26Z,1575422304164,fisvdd_revision,n64,64,B0,0.0,33.248,33.786,1400.000,1400.000,1400.000,1400.000,1.567174,4.427305,0.470673,1.091970,0.138280,8.145138,101.921311,0.000000,0.718383726,0.505531971,1
pi3bplus_v2_margin_20260909T125804Z,pi3bplus,2,1,margin,true,19,18,778,2026-09-09T13:00:26Z,1575524953333,fisvdd_revision,n64,64,B0,0.0,33.248,32.172,1400.000,1400.000,1400.000,1400.000,1.580715,4.377983,0.463538,1.171448,0.139582,8.170763,101.892926,0.000000,0.675293837,0.496962689,1
pi3bplus_v2_margin_20260909T125804Z,pi3bplus,2,1,margin,true,19,19,779,2026-09-09T13:00:26Z,1575627561826,fisvdd_revision,n64,64,B0,0.0,32.710,32.710,1400.000,1400.000,1400.000,1400.000,1.714672,4.366577,0.469996,1.096658,0.146457,8.235867,101.907769,0.000000,0.710825806,0.499929896,1
pi3bplus_v2_margin_20260909T125804Z,pi3bplus,2,1,margin,true,19,20,780,2026-09-09T13:00:26Z,1575730228391,fisvdd_revision,n64,64,B0,0.0,32.710,32.710,1400.000,1400.000,1400.000,1400.000,1.582278,4.400796,0.468798,1.099313,0.144999,8.150763,101.939280,0.000000,0.654638320,0.501358330,1
pi3bplus_v2_margin_20260909T125804Z,pi3bplus,2,1,margin,true,19,21,781,2026-09-09T13:00:26Z,1575832888446,fisvdd_revision,n64,64,B0,0.0,32.710,32.710,1400.000,1400.000,1400.000,1400.000,1.581810,4.383191,0.472184,1.176917,0.139790,8.197013,101.828708,0.000000,0.664301425,0.500635713,1
pi3bplus_v2_margin_20260909T125804Z,pi3bplus,2,1,margin,true,19,22,782,2026-09-09T13:00:26Z,1575935440637,fisvdd_revision,n64,64,B0,0.0,32.710,33.248,1400.000,1400.000,1400.000,1400.000,1.679882,4.448139,0.548016,1.621913,0.188905,9.079297,101.951728,0.000000,0.675385618,0.502840099,1
pi3bplus_v2_margin_20260909T125804Z,pi3bplus,2,1,margin,true,19,23,783,2026-09-09T13:00:26Z,1576038110327,fisvdd_revision,n64,64,B0,0.0,32.710,32.172,1400.000,1400.000,1400.000,1400.000,1.577226,4.404962,0.463642,1.095355,0.141197,8.134305,101.887874,0.000000,0.690414561,0.503050199,1
pi3bplus_v2_margin_20260909T125804Z,pi3bplus,2,1,margin,true,19,24,784,2026-09-09T13:00:26Z,1576140795798,fisvdd_revision,n64,64,B0,0.0,32.172,32.172,1400.000,1400.000,1400.000,1400.000,1.604309,4.363660,0.470256,1.175094,0.139009,8.214722,101.845791,0.000000,0.696031561,0.497046408,1
pi3bplus_v2_margin_20260909T125804Z,pi3bplus,2,1,margin,true,19,25,785,2026-09-09T13:00:26Z,1576243362052,fisvdd_revision,n64,64,B0,0.0,32.710,32.710,1400.000,1400.000,1400.000,1400.000,1.685559,4.352358,0.471350,1.089626,0.145311,8.183992,101.801520,0.000000,0.712585327,0.495901718,1
pi3bplus_v2_margin_20260909T125804Z,pi3bplus,2,1,margin,true,19,26,786,2026-09-09T13:00:27Z,1576345881639,fisvdd_revision,n64,64,B0,0.0,32.172,32.172,1400.000,1400.000,1400.000,1400.000,1.586028,4.360483,0.464319,1.098688,0.145415,8.161388,101.859019,0.000000,0.638342394,0.497620836,1
pi3bplus_v2_margin_20260909T125804Z,pi3bplus,2,1,margin,true,19,27,787,2026-09-09T13:00:27Z,1576448547422,fisvdd_revision,n64,64,B0,0.0,32.710,32.710,1400.000,1400.000,1400.000,1400.000,1.604882,4.385795,0.469318,1.168948,0.139270,8.219617,101.845790,0.000000,0.645622837,0.502574425,1
pi3bplus_v2_margin_20260909T125804Z,pi3bplus,2,1,margin,true,19,28,788,2026-09-09T13:00:27Z,1576551108362,fisvdd_revision,n64,64,B0,0.0,32.710,32.710,1400.000,1400.000,1400.000,1400.000,1.689882,4.382671,0.472495,1.100459,0.145832,8.223836,101.992769,0.000000,0.694384648,0.500061656,1
pi3bplus_v2_margin_20260909T125804Z,pi3bplus,2,1,margin,true,19,29,789,2026-09-09T13:00:27Z,1576653821385,fisvdd_revision,n64,64,B0,0.0,32.710,32.710,1400.000,1400.000,1400.000,1400.000,1.563945,4.345431,0.470100,1.123584,0.146613,8.154200,101.856936,0.000000,0.720751659,0.497176179,1
pi3bplus_v2_margin_20260909T125804Z,pi3bplus,2,1,margin,true,19,30,790,2026-09-09T13:00:27Z,1576756482481,fisvdd_revision,n64,64,B0,0.0,32.710,32.710,1400.000,1400.000,1400.000,1400.000,1.595038,4.367619,0.474111,1.179885,0.138853,8.199304,101.865008,0.000000,0.693420232,0.501520075,1
pi3bplus_v2_margin_20260909T125804Z,pi3bplus,2,1,margin,true,19,31,791,2026-09-09T13:00:27Z,1576859064775,fisvdd_revision,n64,64,B0,0.0,32.172,33.248,1400.000,1400.000,1400.000,1400.000,1.672538,4.391681,0.466975,1.093220,0.139583,8.213054,102.028914,0.000000,0.658397307,0.498026761,1
pi3bplus_v2_margin_20260909T125804Z,pi3bplus,2,1,margin,true,19,32,792,2026-09-09T13:00:27Z,1576961817797,fisvdd_revision,n64,64,B0,0.0,32.710,33.248,1400.000,1400.000,1400.000,1400.000,1.564518,4.389754,0.473226,1.109678,0.137499,8.175346,101.915686,0.000000,0.677116344,0.497792724,1
pi3bplus_v2_margin_20260909T125804Z,pi3bplus,2,1,margin,true,19,33,793,2026-09-09T13:00:27Z,1577064550767,fisvdd_revision,n64,64,B0,0.0,32.172,32.710,1400.000,1400.000,1400.000,1400.000,1.618111,4.453868,0.536245,1.697590,0.179998,9.070964,101.852874,0.000000,0.716262124,0.497016544,1
pi3bplus_v2_margin_20260909T125804Z,pi3bplus,2,1,margin,true,19,34,794,2026-09-09T13:00:27Z,1577167128478,fisvdd_revision,n64,64,B0,0.0,32.710,32.710,1400.000,1400.000,1400.000,1400.000,1.693736,4.358712,0.467496,1.104574,0.146457,8.223888,101.976102,0.000000,0.731082118,0.503044999,1
pi3bplus_v2_margin_20260909T125804Z,pi3bplus,2,1,margin,true,19,35,795,2026-09-09T13:00:28Z,1577269915823,fisvdd_revision,n64,64,B0,0.0,33.248,32.172,1400.000,1400.000,1400.000,1400.000,1.652799,4.700376,0.856972,2.015295,0.144999,10.083975,101.761519,0.000000,0.579902677,0.501416354,1
pi3bplus_v2_margin_20260909T125804Z,pi3bplus,2,1,margin,true,19,36,796,2026-09-09T13:00:28Z,1577372504419,fisvdd_revision,n64,64,B0,0.0,32.710,32.710,1400.000,1400.000,1400.000,1400.000,1.627017,4.351681,0.469215,1.178635,0.138489,8.207689,101.845372,0.000000,0.688798215,0.500688602,1
pi3bplus_v2_margin_20260909T125804Z,pi3bplus,2,1,margin,true,19,37,797,2026-09-09T13:00:28Z,1577475067389,fisvdd_revision,n64,64,B0,0.0,32.172,32.172,1400.000,1400.000,1400.000,1400.000,1.680923,4.349285,0.462184,1.104366,0.138853,8.170295,101.996882,0.000000,0.732496099,0.500094800,1
pi3bplus_v2_margin_20260909T125804Z,pi3bplus,2,1,margin,true,19,38,798,2026-09-09T13:00:28Z,1577577789994,fisvdd_revision,n64,64,B0,0.0,33.248,32.172,1400.000,1400.000,1400.000,1400.000,1.567591,4.364702,0.482600,1.110928,0.137499,8.186909,101.838446,0.000000,0.755723180,0.499519253,1
pi3bplus_v2_margin_20260909T125804Z,pi3bplus,2,1,margin,true,19,39,799,2026-09-09T13:00:28Z,1577680432965,fisvdd_revision,n64,64,B0,0.0,33.248,32.172,1400.000,1400.000,1400.000,1400.000,1.622330,4.364963,0.467496,1.168271,0.139634,8.216648,101.839175,0.000000,0.639531533,0.499462703,1
pi3bplus_v2_margin_20260909T125804Z,pi3bplus,2,1,margin,true,20,0,800,2026-09-09T13:00:29Z,1578289738238,tinydl_revision,n1,1,B0,0.0,32.710,32.172,1400.000,1400.000,1400.000,1400.000,1.603737,0.298331,0.377185,0.295050,0.126718,2.946902,101.811571,0.000000,0.087198362,0.000255624,1
pi3bplus_v2_margin_20260909T125804Z,pi3bplus,2,1,margin,true,20,1,801,2026-09-09T13:00:29Z,1578392256313,tinydl_revision,n1,1,B0,0.0,32.172,32.172,1400.000,1400.000,1400.000,1400.000,1.597799,0.293851,0.318071,0.285831,0.126874,2.873725,101.810945,0.000000,0.927015016,0.999976812,1
pi3bplus_v2_margin_20260909T125804Z,pi3bplus,2,1,margin,true,20,2,802,2026-09-09T13:00:29Z,1578494676263,tinydl_revision,n1,1,B0,0.0,32.172,32.710,1400.000,1400.000,1400.000,1400.000,1.642694,0.292133,0.304268,0.295466,0.124895,2.918934,101.987819,0.000000,0.496763186,0.978614733,1
pi3bplus_v2_margin_20260909T125804Z,pi3bplus,2,1,margin,true,20,3,803,2026-09-09T13:00:29Z,1578597284390,tinydl_revision,n1,1,B0,0.0,32.172,32.172,1400.000,1400.000,1400.000,1400.000,1.548737,0.286352,0.316612,0.290623,0.179165,2.871641,101.806258,0.000000,0.874522107,0.220643085,1
pi3bplus_v2_margin_20260909T125804Z,pi3bplus,2,1,margin,true,20,4,804,2026-09-09T13:00:29Z,1578699701580,tinydl_revision,n1,1,B0,0.0,32.172,32.172,1400.000,1400.000,1400.000,1400.000,1.672590,0.288226,0.310101,0.291977,0.121770,2.940027,101.865372,0.000000,0.936255869,0.999992013,1
pi3bplus_v2_margin_20260909T125804Z,pi3bplus,2,1,margin,true,20,5,805,2026-09-09T13:00:29Z,1578802180540,tinydl_revision,n1,1,B0,0.0,32.172,32.172,1400.000,1400.000,1400.000,1400.000,1.551809,0.349789,0.318279,0.285779,0.129270,2.883153,101.914955,0.000000,0.909917612,0.999651473,1
pi3bplus_v2_margin_20260909T125804Z,pi3bplus,2,1,margin,true,20,6,806,2026-09-09T13:00:29Z,1578904719709,tinydl_revision,n1,1,B0,0.0,32.172,32.172,1400.000,1400.000,1400.000,1400.000,1.565559,0.288122,0.309633,0.289893,0.123593,2.830704,101.896621,0.000000,0.000000470,0.000000296,1
pi3bplus_v2_margin_20260909T125804Z,pi3bplus,2,1,margin,true,20,7,807,2026-09-09T13:00:29Z,1579007233200,tinydl_revision,n1,1,B0,0.0,32.172,32.710,1400.000,1400.000,1400.000,1400.000,1.684100,0.291664,0.309320,0.291873,0.122447,2.952110,101.965371,0.000000,0.946712828,0.999996779,1
pi3bplus_v2_margin_20260909T125804Z,pi3bplus,2,1,margin,true,20,8,808,2026-09-09T13:00:29Z,1579109820545,tinydl_revision,n1,1,B0,0.0,32.710,32.172,1400.000,1400.000,1400.000,1400.000,1.551445,0.284008,0.370674,0.293695,0.121822,2.882840,101.807664,0.000000,0.970105424,0.999955727,1
pi3bplus_v2_margin_20260909T125804Z,pi3bplus,2,1,margin,true,20,9,809,2026-09-09T13:00:29Z,1579212362474,tinydl_revision,n1,1,B0,0.0,32.172,32.172,1400.000,1400.000,1400.000,1400.000,1.608892,0.287550,0.307393,0.291195,0.122707,2.871642,101.714800,0.000000,0.024429459,0.000008404,1
pi3bplus_v2_margin_20260909T125804Z,pi3bplus,2,1,margin,true,20,10,810,2026-09-09T13:00:30Z,1579314690706,tinydl_revision,n1,1,B0,0.0,32.172,32.172,1400.000,1400.000,1400.000,1400.000,1.643059,0.295779,0.313799,0.293747,0.122759,2.913621,101.901205,0.000000,0.373947733,0.996700618,1
pi3bplus_v2_margin_20260909T125804Z,pi3bplus,2,1,margin,true,20,11,811,2026-09-09T13:00:30Z,1579417210134,tinydl_revision,n1,1,B0,0.0,32.710,32.172,1400.000,1400.000,1400.000,1400.000,1.549049,0.286508,0.313852,0.287915,0.182863,2.866590,101.871778,0.000000,0.990261530,0.999989906,1
pi3bplus_v2_margin_20260909T125804Z,pi3bplus,2,1,margin,true,20,12,812,2026-09-09T13:00:30Z,1579519698313,tinydl_revision,n1,1,B0,0.0,32.172,32.172,1400.000,1400.000,1400.000,1400.000,1.654986,0.296195,0.310102,0.289790,0.121249,2.924818,101.929277,0.000000,0.225633440,0.000073213,1
pi3bplus_v2_margin_20260909T125804Z,pi3bplus,2,1,margin,true,20,13,813,2026-09-09T13:00:30Z,1579622242533,tinydl_revision,n1,1,B0,0.0,32.172,32.172,1400.000,1400.000,1400.000,1400.000,1.543841,0.366299,0.309841,0.288226,0.122760,2.882631,101.930110,0.000000,0.091131724,0.000204580,1
pi3bplus_v2_margin_20260909T125804Z,pi3bplus,2,1,margin,true,20,14,814,2026-09-09T13:00:30Z,1579724794461,tinydl_revision,n1,1,B0,0.0,32.172,32.172,1400.000,1400.000,1400.000,1400.000,1.563632,0.288644,0.316143,0.287706,0.127655,2.829611,101.813340,0.000000,0.971672975,0.964850917,1
pi3bplus_v2_margin_20260909T125804Z,pi3bplus,2,1,margin,true,20,15,815,2026-09-09T13:00:30Z,1579827235348,tinydl_revision,n1,1,B0,0.0,32.172,32.172,1400.000,1400.000,1400.000,1400.000,1.666131,0.296977,0.307706,0.295570,0.122395,2.938204,101.929381,0.000000,0.874057276,0.976741578,1
pi3bplus_v2_margin_20260909T125804Z,pi3bplus,2,1,margin,true,20,16,816,2026-09-09T13:00:30Z,1579929787797,tinydl_revision,n1,1,B0,0.0,32.172,32.172,1400.000,1400.000,1400.000,1400.000,1.557643,0.285466,0.369268,0.291821,0.124478,2.875860,101.887662,0.000000,0.000126344,0.000000046,1
pi3bplus_v2_margin_20260909T125804Z,pi3bplus,2,1,margin,true,20,17,817,2026-09-09T13:00:30Z,1580032393005,tinydl_revision,n1,1,B0,0.0,32.172,32.172,1400.000,1400.000,1400.000,1400.000,1.591028,0.294268,0.315258,0.285310,0.121040,2.860601,101.882924,0.000000,0.233462224,0.000252057,1
pi3bplus_v2_margin_20260909T125804Z,pi3bplus,2,1,margin,true,20,18,818,2026-09-09T13:00:30Z,1580134895038,tinydl_revision,n1,1,B0,0.0,32.172,32.172,1400.000,1400.000,1400.000,1400.000,1.660090,0.295206,0.316977,0.283644,0.129218,2.932735,101.893861,0.000000,0.965133550,0.000409920,1
pi3bplus_v2_margin_20260909T125804Z,pi3bplus,2,1,margin,true,20,19,819,2026-09-09T13:00:30Z,1580237401341,tinydl_revision,n1,1,B0,0.0,32.172,31.634,1400.000,1400.000,1400.000,1400.000,1.562226,0.288643,0.316611,0.344477,0.128749,2.888465,101.719747,0.000000,0.704834914,0.577371627,1
pi3bplus_v2_margin_20260909T125804Z,pi3bplus,2,1,margin,true,20,20,820,2026-09-09T13:00:31Z,1580339738687,tinydl_revision,n1,1,B0,0.0,32.172,32.172,1400.000,1400.000,1400.000,1400.000,1.667538,0.294164,0.308799,0.287081,0.122551,2.932631,101.841309,0.000000,0.918029927,0.999852441,1
pi3bplus_v2_margin_20260909T125804Z,pi3bplus,2,1,margin,true,20,21,821,2026-09-09T13:00:31Z,1580442189990,tinydl_revision,n1,1,B0,0.0,32.172,31.634,1400.000,1400.000,1400.000,1400.000,1.556340,0.348279,0.313643,0.291455,0.123280,2.880392,101.800632,0.000000,0.999986888,0.999979022,1
pi3bplus_v2_margin_20260909T125804Z,pi3bplus,2,1,margin,true,20,22,822,2026-09-09T13:00:31Z,1580544678064,tinydl_revision,n1,1,B0,0.0,32.172,32.172,1400.000,1400.000,1400.000,1400.000,1.575194,0.293174,0.316976,0.283643,0.127239,2.843986,101.876308,0.000000,0.874135312,0.346306424,1
pi3bplus_v2_margin_20260909T125804Z,pi3bplus,2,1,margin,true,20,23,823,2026-09-09T13:00:31Z,1580647218064,tinydl_revision,n1,1,B0,0.0,32.172,32.172,1400.000,1400.000,1400.000,1400.000,1.707329,0.299737,0.314945,0.285101,0.123748,2.982006,101.879277,0.000000,0.958680078,0.999997144,1
pi3bplus_v2_margin_20260909T125804Z,pi3bplus,2,1,margin,true,20,24,824,2026-09-09T13:00:31Z,1580749714054,tinydl_revision,n1,1,B0,0.0,32.172,32.172,1400.000,1400.000,1400.000,1400.000,1.552331,0.288435,0.370934,0.290049,0.129165,2.877476,101.816570,0.000000,0.964304637,0.999975620,1
pi3bplus_v2_margin_20260909T125804Z,pi3bplus,2,1,margin,true,20,25,825,2026-09-09T13:00:31Z,1580852233638,tinydl_revision,n1,1,B0,0.0,32.172,32.172,1400.000,1400.000,1400.000,1400.000,1.591757,0.286613,0.309580,0.291040,0.121926,2.857215,101.895162,0.000000,0.936798867,0.999998854,1
pi3bplus_v2_margin_20260909T125804Z,pi3bplus,2,1,margin,true,20,26,826,2026-09-09T13:00:31Z,1580954745514,tinydl_revision,n1,1,B0,0.0,32.172,32.172,1400.000,1400.000,1400.000,1400.000,1.643475,0.293904,0.315309,0.291404,0.122760,2.914350,101.925839,0.000000,0.874638287,0.263143394,1
pi3bplus_v2_margin_20260909T125804Z,pi3bplus,2,1,margin,true,20,27,827,2026-09-09T13:00:31Z,1581057292389,tinydl_revision,n1,1,B0,0.0,32.172,32.172,1400.000,1400.000,1400.000,1400.000,1.551393,0.288174,0.313539,0.285154,0.191561,2.880184,101.877714,0.000000,0.082300202,0.000239005,1
pi3bplus_v2_margin_20260909T125804Z,pi3bplus,2,1,margin,true,20,28,828,2026-09-09T13:00:31Z,1581159789733,tinydl_revision,n1,1,B0,0.0,32.172,32.172,1400.000,1400.000,1400.000,1400.000,1.668892,0.294112,0.314737,0.284268,0.120832,2.935652,101.847975,0.000000,0.054423928,0.000006188,1
pi3bplus_v2_margin_20260909T125804Z,pi3bplus,2,1,margin,true,20,29,829,2026-09-09T13:00:32Z,1581262252443,tinydl_revision,n1,1,B0,0.0,32.172,32.172,1400.000,1400.000,1400.000,1400.000,1.550820,0.348538,0.316144,0.286352,0.128957,2.877214,101.726360,0.000000,0.936798867,0.999998854,1
pi3bplus_v2_margin_20260909T125804Z,pi3bplus,2,1,margin,true,20,30,830,2026-09-09T13:00:32Z,1581364684839,tinydl_revision,n1,1,B0,0.0,32.172,32.172,1400.000,1400.000,1400.000,1400.000,1.592121,0.288435,0.315466,0.287341,0.122134,2.854246,101.804954,0.000000,0.953383588,0.976286403,1
pi3bplus_v2_margin_20260909T125804Z,pi3bplus,2,1,margin,true,20,31,831,2026-09-09T13:00:32Z,1581467102444,tinydl_revision,n1,1,B0,0.0,32.172,32.172,1400.000,1400.000,1400.000,1400.000,1.667850,0.292654,0.308539,0.291248,0.122655,2.934350,101.897349,0.000000,0.918790464,0.999372262,1
pi3bplus_v2_margin_20260909T125804Z,pi3bplus,2,1,margin,true,20,32,832,2026-09-09T13:00:32Z,1581569612652,tinydl_revision,n1,1,B0,0.0,32.172,32.172,1400.000,1400.000,1400.000,1400.000,1.553945,0.291456,0.317913,0.346872,0.125363,2.889038,101.877766,0.000000,0.874406030,0.963060971,1
pi3bplus_v2_margin_20260909T125804Z,pi3bplus,2,1,margin,true,20,33,833,2026-09-09T13:00:32Z,1581672195568,tinydl_revision,n1,1,B0,0.0,32.172,31.634,1400.000,1400.000,1400.000,1400.000,1.599153,0.291091,0.313227,0.283175,0.125676,2.860913,101.793704,0.000000,0.874345387,0.476982587,1
pi3bplus_v2_margin_20260909T125804Z,pi3bplus,2,1,margin,true,20,34,834,2026-09-09T13:00:32Z,1581774599215,tinydl_revision,n1,1,B0,0.0,32.172,32.172,1400.000,1400.000,1400.000,1400.000,1.643423,0.297654,0.315466,0.285987,0.128228,2.916589,101.914223,0.000000,0.926877556,0.999992289,1
pi3bplus_v2_margin_20260909T125804Z,pi3bplus,2,1,margin,true,20,35,835,2026-09-09T13:00:32Z,1581877134370,tinydl_revision,n1,1,B0,0.0,32.172,32.172,1400.000,1400.000,1400.000,1400.000,1.558476,0.284685,0.305309,0.291404,0.119947,2.810653,101.898339,0.000000,0.007053882,0.000017349,1
pi3bplus_v2_margin_20260909T125804Z,pi3bplus,2,1,margin,true,20,36,836,2026-09-09T13:00:32Z,1581979655412,tinydl_revision,n1,1,B0,0.0,32.172,32.172,1400.000,1400.000,1400.000,1400.000,1.672121,0.293071,0.317601,0.293643,0.121353,2.943568,101.940525,0.000000,0.873364084,0.663895099,1
pi3bplus_v2_margin_20260909T125804Z,pi3bplus,2,1,margin,true,20,37,837,2026-09-09T13:00:32Z,1582082212130,tinydl_revision,n1,1,B0,0.0,32.172,32.172,1400.000,1400.000,1400.000,1400.000,1.556445,0.357601,0.314893,0.290362,0.125051,2.901590,101.932401,0.000000,0.874242967,0.487678388,1
pi3bplus_v2_margin_20260909T125804Z,pi3bplus,2,1,margin,true,20,38,838,2026-09-09T13:00:32Z,1582184803900,tinydl_revision,n1,1,B0,0.0,32.172,32.172,1400.000,1400.000,1400.000,1400.000,1.582539,0.288591,0.309008,0.290049,0.121301,2.851902,101.814172,0.000000,0.000061292,0.000000208,1
pi3bplus_v2_margin_20260909T125804Z,pi3bplus,2,1,margin,true,20,39,839,2026-09-09T13:00:33Z,1582287268483,tinydl_revision,n1,1,B0,0.0,32.710,31.634,1400.000,1400.000,1400.000,1400.000,1.745557,0.299008,0.315518,0.284372,0.120937,3.033828,101.813287,0.000000,0.873928732,0.850253873,1
pi3bplus_v2_margin_20260909T125804Z,pi3bplus,2,1,margin,true,21,0,840,2026-09-09T13:00:33Z,1582897645029,lucid_revision,n1024,1024,B0,0.0,32.172,32.710,1400.000,1400.000,1400.000,1400.000,1.730922,67.490042,1.843421,672.604756,0.193280,747.038904,748.808055,647.038904,0.702874470,0.611541140,1
pi3bplus_v2_margin_20260909T125804Z,pi3bplus,2,1,margin,true,21,1,841,2026-09-09T13:00:34Z,1583648479942,lucid_revision,n1024,1024,B0,0.0,32.172,32.710,1400.000,1400.000,1400.000,1400.000,1.707641,67.095773,1.837901,612.855530,0.182030,686.875775,688.773050,586.875775,0.683300031,0.596786512,1
pi3bplus_v2_margin_20260909T125804Z,pi3bplus,2,1,margin,true,21,2,842,2026-09-09T13:00:35Z,1584339175007,lucid_revision,n1024,1024,B0,0.0,33.248,33.248,1400.000,1400.000,1400.000,1400.000,1.789776,68.482324,1.873525,637.702343,0.190155,713.285230,715.050527,613.285230,0.674181811,0.587850250,1
pi3bplus_v2_margin_20260909T125804Z,pi3bplus,2,1,margin,true,21,3,843,2026-09-09T13:00:35Z,1585056231662,lucid_revision,n1024,1024,B0,0.0,32.710,33.786,1400.000,1400.000,1400.000,1400.000,1.706444,69.178672,1.938317,638.430458,0.181926,714.655684,716.554938,614.655684,0.685770094,0.602101530,1
pi3bplus_v2_margin_20260909T125804Z,pi3bplus,2,1,margin,true,21,4,844,2026-09-09T13:00:36Z,1585774708094,lucid_revision,n1024,1024,B0,0.0,33.248,33.786,1400.000,1400.000,1400.000,1400.000,1.774047,68.323731,1.962900,636.639638,0.183019,712.008933,713.904229,612.008933,0.676185120,0.591548425,1
pi3bplus_v2_margin_20260909T125804Z,pi3bplus,2,1,margin,true,21,5,845,2026-09-09T13:00:37Z,1586490529754,lucid_revision,n1024,1024,B0,0.0,33.248,33.786,1400.000,1400.000,1400.000,1400.000,1.773683,68.946121,1.867015,640.208354,0.192863,716.154779,718.041586,616.154779,0.686458336,0.598574336,1
pi3bplus_v2_margin_20260909T125804Z,pi3bplus,2,1,margin,true,21,6,846,2026-09-09T13:00:37Z,1587210545802,lucid_revision,n1024,1024,B0,0.0,34.324,33.786,1400.000,1400.000,1400.000,1400.000,1.770245,68.327064,1.930817,636.815671,0.191613,712.149601,714.042605,612.149601,0.704792150,0.613924238,1
pi3bplus_v2_margin_20260909T125804Z,pi3bplus,2,1,margin,true,21,7,847,2026-09-09T13:00:38Z,1587926529953,lucid_revision,n1024,1024,B0,0.0,33.248,33.786,1400.000,1400.000,1400.000,1400.000,1.771911,69.438043,1.869411,639.508874,0.191561,715.962638,717.813820,615.962638,0.673882718,0.589098909,1
pi3bplus_v2_margin_20260909T125804Z,pi3bplus,2,1,margin,true,21,8,848,2026-09-09T13:00:39Z,1588646273391,lucid_revision,n1024,1024,B0,0.0,33.248,33.786,1400.000,1400.000,1400.000,1400.000,1.759099,68.477790,1.937119,636.432753,0.190103,711.887202,713.657499,611.887202,0.684182551,0.597889267,1
pi3bplus_v2_margin_20260909T125804Z,pi3bplus,2,1,margin,true,21,9,849,2026-09-09T13:00:40Z,1589361984622,lucid_revision,n1024,1024,B0,0.0,33.786,33.786,1400.000,1400.000,1400.000,1400.000,1.705454,69.040702,1.944879,638.940020,0.189582,714.978005,716.748041,614.978005,0.676465664,0.591877672,1
pi3bplus_v2_margin_20260909T125804Z,pi3bplus,2,1,margin,true,21,10,850,2026-09-09T13:00:40Z,1590080731240,lucid_revision,n1024,1024,B0,0.0,33.786,33.786,1400.000,1400.000,1400.000,1400.000,2.311699,69.434657,1.983056,641.038799,0.183540,718.110213,719.980040,618.110213,0.678995446,0.592443459,1
pi3bplus_v2_margin_20260909T125804Z,pi3bplus,2,1,margin,true,21,11,851,2026-09-09T13:00:41Z,1590802646368,lucid_revision,n1024,1024,B0,0.0,33.786,33.786,1400.000,1400.000,1400.000,1400.000,1.816235,69.233669,1.873473,640.134379,0.190206,716.477620,718.340989,616.477620,0.687527697,0.601678008,1
pi3bplus_v2_margin_20260909T125804Z,pi3bplus,2,1,margin,true,21,12,852,2026-09-09T13:00:42Z,1591522948538,lucid_revision,n1024,1024,B0,0.0,33.786,33.786,1400.000,1400.000,1400.000,1400.000,1.816391,69.144502,1.849984,637.450493,0.187446,713.624309,715.381065,613.624309,0.696149940,0.606025354,1
pi3bplus_v2_margin_20260909T125804Z,pi3bplus,2,1,margin,true,21,13,853,2026-09-09T13:00:42Z,1592240317971,lucid_revision,n1024,1024,B0,0.0,34.324,34.324,1400.000,1400.000,1400.000,1400.000,1.710610,69.049138,1.896234,640.747751,0.192707,716.813964,718.583844,616.813964,0.684187084,0.600499908,1
pi3bplus_v2_margin_20260909T125804Z,pi3bplus,2,1,margin,true,21,14,854,2026-09-09T13:00:43Z,1592960966953,lucid_revision,n1024,1024,B0,0.0,33.786,34.862,1400.000,1400.000,1400.000,1400.000,1.766912,68.716328,1.916389,656.987035,0.193279,732.772208,734.540682,632.772208,0.685272331,0.595484858,1
pi3bplus_v2_margin_20260909T125804Z,pi3bplus,2,1,margin,true,21,15,855,2026-09-09T13:00:44Z,1593697502618,lucid_revision,n1024,1024,B0,0.0,34.324,34.862,1400.000,1400.000,1400.000,1400.000,1.698944,69.120752,1.924202,640.729465,0.181561,716.770573,718.634047,616.770573,0.671582750,0.589082115,1
pi3bplus_v2_margin_20260909T125804Z,pi3bplus,2,1,margin,true,21,16,856,2026-09-09T13:00:45Z,1594418055242,lucid_revision,n1024,1024,B0,0.0,33.786,34.324,1400.000,1400.000,1400.000,1400.000,1.693423,68.430809,1.941077,643.913497,0.183176,719.286172,721.048970,619.286172,0.682519755,0.595730199,1
pi3bplus_v2_margin_20260909T125804Z,pi3bplus,2,1,margin,true,21,17,857,2026-09-09T13:00:45Z,1595141147683,lucid_revision,n1024,1024,B0,0.0,34.324,34.324,1400.000,1400.000,1400.000,1400.000,1.711756,69.245698,1.911494,641.647992,0.196717,717.834724,719.734759,617.834724,0.690734562,0.603817461,1
pi3bplus_v2_margin_20260909T125804Z,pi3bplus,2,1,margin,true,21,18,858,2026-09-09T13:00:46Z,1595862824717,lucid_revision,n1024,1024,B0,0.0,34.324,34.324,1400.000,1400.000,1400.000,1400.000,1.810557,68.549662,1.868525,648.153506,0.183383,723.738523,725.604705,623.738523,0.692198355,0.600176497,1
pi3bplus_v2_margin_20260909T125804Z,pi3bplus,2,1,margin,true,21,19,859,2026-09-09T13:00:47Z,1596590350967,lucid_revision,n1024,1024,B0,0.0,34.324,34.324,1400.000,1400.000,1400.000,1400.000,1.770870,69.103042,1.869567,640.747840,0.180675,716.821550,719.201425,616.821550,0.684334965,0.601861647,1
pi3bplus_v2_margin_20260909T125804Z,pi3bplus,2,1,margin,true,21,20,860,2026-09-09T13:00:48Z,1597311493625,lucid_revision,n1024,1024,B0,0.0,34.324,34.324,1400.000,1400.000,1400.000,1400.000,1.810400,69.414029,1.842484,642.576101,0.182759,719.372669,721.269527,619.372669,0.689294027,0.601196763,1
pi3bplus_v2_margin_20260909T125804Z,pi3bplus,2,1,margin,true,21,21,861,2026-09-09T13:00:48Z,1598034692198,lucid_revision,n1024,1024,B0,0.0,34.324,34.324,1400.000,1400.000,1400.000,1400.000,1.776443,69.339342,1.857692,640.769551,0.184113,717.101904,718.990689,617.101904,0.667963775,0.583993556,1
pi3bplus_v2_margin_20260909T125804Z,pi3bplus,2,1,margin,true,21,22,862,2026-09-09T13:00:49Z,1598755669381,lucid_revision,n1024,1024,B0,0.0,34.324,34.324,1400.000,1400.000,1400.000,1400.000,1.796651,68.499349,1.896962,643.293641,0.182603,718.836834,720.700463,618.836834,0.685238995,0.600166664,1
pi3bplus_v2_margin_20260909T125804Z,pi3bplus,2,1,margin,true,21,23,863,2026-09-09T13:00:50Z,1599478300348,lucid_revision,n1024,1024,B0,0.0,34.324,33.786,1400.000,1400.000,1400.000,1400.000,1.759880,69.064552,2.041753,641.616726,0.263800,717.944964,719.721251,617.944964,0.688660466,0.599915029,1
pi3bplus_v2_margin_20260909T125804Z,pi3bplus,2,1,margin,true,21,24,864,2026-09-09T13:00:50Z,1600199943301,lucid_revision,n1024,1024,B0,0.0,34.324,34.324,1400.000,1400.000,1400.000,1400.000,1.708318,68.369453,1.863056,637.512539,0.183957,712.865733,714.640613,612.865733,0.693008509,0.602057292,1
pi3bplus_v2_margin_20260909T125804Z,pi3bplus,2,1,margin,true,21,25,865,2026-09-09T13:00:51Z,1600916624782,lucid_revision,n1024,1024,B0,0.0,33.786,33.786,1400.000,1400.000,1400.000,1400.000,1.712745,69.293924,1.929150,643.525974,0.184426,719.934419,721.703257,619.934419,0.680821900,0.597423001,1
pi3bplus_v2_margin_20260909T125804Z,pi3bplus,2,1,margin,true,21,26,866,2026-09-09T13:00:52Z,1601640354480,lucid_revision,n1024,1024,B0,0.0,34.324,34.324,1400.000,1400.000,1400.000,1400.000,1.701600,68.406692,1.864879,638.276747,0.180311,713.594263,715.382372,613.594263,0.690191345,0.601350471,1
pi3bplus_v2_margin_20260909T125804Z,pi3bplus,2,1,margin,true,21,27,867,2026-09-09T13:00:53Z,1602357746418,lucid_revision,n1024,1024,B0,0.0,34.324,34.324,1400.000,1400.000,1400.000,1400.000,1.701756,70.573651,1.868682,643.336438,0.192029,721.294192,723.189019,621.294192,0.673381166,0.592110520,1
pi3bplus_v2_margin_20260909T125804Z,pi3bplus,2,1,margin,true,21,28,868,2026-09-09T13:00:53Z,1603082877087,lucid_revision,n1024,1024,B0,0.0,34.324,34.324,1400.000,1400.000,1400.000,1400.000,1.795192,68.485440,1.900243,637.636538,0.264738,713.269623,715.057212,613.269623,0.678134975,0.590676046,1
pi3bplus_v2_margin_20260909T125804Z,pi3bplus,2,1,margin,true,21,29,869,2026-09-09T13:00:54Z,1603799905480,lucid_revision,n1024,1024,B0,0.0,34.324,34.324,1400.000,1400.000,1400.000,1400.000,1.793474,69.104029,1.860036,640.678436,0.181926,716.820162,718.575251,616.820162,0.694084214,0.607360172,1
pi3bplus_v2_margin_20260909T125804Z,pi3bplus,2,1,margin,true,21,30,870,2026-09-09T13:00:55Z,1604520527380,lucid_revision,n1024,1024,B0,0.0,34.324,34.324,1400.000,1400.000,1400.000,1400.000,1.709256,68.643355,1.874880,637.095339,0.183696,712.668842,714.438045,612.668842,0.694449841,0.603729600,1
pi3bplus_v2_margin_20260909T125804Z,pi3bplus,2,1,margin,true,21,31,871,2026-09-09T13:00:55Z,1605236963689,lucid_revision,n1024,1024,B0,0.0,34.324,34.324,1400.000,1400.000,1400.000,1400.000,1.705454,69.294026,1.927119,641.588108,0.189373,717.856813,719.743880,617.856813,0.674590610,0.589166970,1
pi3bplus_v2_margin_20260909T125804Z,pi3bplus,2,1,margin,true,21,32,872,2026-09-09T13:00:56Z,1605958643177,lucid_revision,n1024,1024,B0,0.0,34.324,34.862,1400.000,1400.000,1400.000,1400.000,1.769151,69.257360,1.865348,638.892244,0.188800,715.122042,716.891402,615.122042,0.689170993,0.603392398,1
pi3bplus_v2_margin_20260909T125804Z,pi3bplus,2,1,margin,true,21,33,873,2026-09-09T13:00:57Z,1606677564821,lucid_revision,n1024,1024,B0,0.0,34.324,33.786,1400.000,1400.000,1400.000,1400.000,1.701339,69.199391,1.937639,641.643259,0.182863,717.822590,719.731635,617.822590,0.673336878,0.589576773,1
pi3bplus_v2_margin_20260909T125804Z,pi3bplus,2,1,margin,true,21,34,874,2026-09-09T13:00:58Z,1607399228783,lucid_revision,n1024,1024,B0,0.0,34.324,34.324,1400.000,1400.000,1400.000,1400.000,1.775505,69.417306,1.874307,638.374795,0.184217,715.194901,717.068270,615.194901,0.685972215,0.599187454,1
pi3bplus_v2_margin_20260909T125804Z,pi3bplus,2,1,margin,true,21,35,875,2026-09-09T13:00:58Z,1608118231515,lucid_revision,n1024,1024,B0,0.0,34.324,34.324,1400.000,1400.000,1400.000,1400.000,1.691808,69.317619,1.855297,639.751915,0.191040,715.992494,717.755239,615.992494,0.695918427,0.606344394,1
pi3bplus_v2_margin_20260909T125804Z,pi3bplus,2,1,margin,true,21,36,876,2026-09-09T13:00:59Z,1608837973403,lucid_revision,n1024,1024,B0,0.0,34.324,34.324,1400.000,1400.000,1400.000,1400.000,1.701079,68.547364,1.992795,643.693806,0.190363,719.264546,721.022708,619.264546,0.690134886,0.601636375,1
pi3bplus_v2_margin_20260909T125804Z,pi3bplus,2,1,margin,true,21,37,877,2026-09-09T13:01:00Z,1609560997135,lucid_revision,n1024,1024,B0,0.0,34.324,34.324,1400.000,1400.000,1400.000,1400.000,2.241022,69.683292,1.955087,640.311281,0.188696,717.553933,719.393709,617.553933,0.673830387,0.588025651,1
pi3bplus_v2_margin_20260909T125804Z,pi3bplus,2,1,margin,true,21,38,878,2026-09-09T13:01:01Z,1610282358222,lucid_revision,n1024,1024,B0,0.0,34.324,34.324,1400.000,1400.000,1400.000,1400.000,1.781182,68.492312,1.945034,637.654687,0.182968,713.181156,715.100983,613.181156,0.686033519,0.601858998,1
pi3bplus_v2_margin_20260909T125804Z,pi3bplus,2,1,margin,true,21,39,879,2026-09-09T13:01:01Z,1610999388354,lucid_revision,n1024,1024,B0,0.0,33.786,34.324,1400.000,1400.000,1400.000,1400.000,1.781078,70.005164,1.939723,641.837772,0.191977,718.993133,720.840252,618.993133,0.675056892,0.590519808,1
pi3bplus_v2_margin_20260909T125804Z,pi3bplus,2,1,margin,true,22,0,880,2026-09-09T13:01:02Z,1612231974817,tinydl_revision,n64,64,B1,0.5,34.324,34.324,1400.000,1400.000,1400.000,1400.000,2.044045,4.612772,0.532078,0.841138,0.143384,8.782422,102.132639,0.000000,0.700501917,0.689006587,1
pi3bplus_v2_margin_20260909T125804Z,pi3bplus,2,1,margin,true,22,1,881,2026-09-09T13:01:03Z,1612334934324,tinydl_revision,n64,64,B1,0.5,33.786,33.786,1400.000,1400.000,1400.000,1400.000,2.105606,4.482513,0.464631,0.664161,0.151874,8.326749,101.947120,0.000000,0.730524988,0.657202576,1
pi3bplus_v2_margin_20260909T125804Z,pi3bplus,2,1,margin,true,22,2,882,2026-09-09T13:01:03Z,1612437605604,tinydl_revision,n64,64,B1,0.5,34.324,34.324,1400.000,1400.000,1400.000,1400.000,1.565247,4.379440,0.528537,0.610932,0.142134,7.664308,101.792330,0.000000,0.626119135,0.588845224,1
pi3bplus_v2_margin_20260909T125804Z,pi3bplus,2,1,margin,true,22,3,883,2026-09-09T13:01:03Z,1612540199542,tinydl_revision,n64,64,B1,0.5,34.324,34.324,1400.000,1400.000,1400.000,1400.000,1.638163,4.375639,0.468589,0.610099,0.147550,7.677484,101.884725,0.000000,0.628315115,0.612647434,1
pi3bplus_v2_margin_20260909T125804Z,pi3bplus,2,1,margin,true,22,4,884,2026-09-09T13:01:03Z,1612642811968,tinydl_revision,n64,64,B1,0.5,34.862,34.324,1400.000,1400.000,1400.000,1400.000,1.670401,4.377565,0.472340,0.608849,0.147498,7.710714,101.937902,0.000000,0.706243879,0.654460658,1
pi3bplus_v2_margin_20260909T125804Z,pi3bplus,2,1,margin,true,22,5,885,2026-09-09T13:01:03Z,1612745477416,tinydl_revision,n64,64,B1,0.5,34.324,34.324,1400.000,1400.000,1400.000,1400.000,1.584934,4.367982,0.524735,0.612443,0.149269,7.675869,101.849881,0.000000,0.716465793,0.668060603,1
pi3bplus_v2_margin_20260909T125804Z,pi3bplus,2,1,margin,true,22,6,886,2026-09-09T13:01:03Z,1612848131561,tinydl_revision,n64,64,B1,0.5,34.324,33.786,1400.000,1400.000,1400.000,1400.000,1.606496,4.361316,0.468016,0.608588,0.148176,7.629568,101.895245,0.000000,0.647628727,0.596115063,1
pi3bplus_v2_margin_20260909T125804Z,pi3bplus,2,1,margin,true,22,7,887,2026-09-09T13:01:03Z,1612950751852,tinydl_revision,n64,64,B1,0.5,34.862,34.324,1400.000,1400.000,1400.000,1400.000,1.688683,4.389805,0.466090,0.611765,0.141301,7.740869,101.992588,0.000000,0.697071589,0.643972932,1
pi3bplus_v2_margin_20260909T125804Z,pi3bplus,2,1,margin,true,22,8,888,2026-09-09T13:01:03Z,1613053481569,tinydl_revision,n64,64,B1,0.5,34.324,34.324,1400.000,1400.000,1400.000,1400.000,1.566601,4.387669,0.534370,0.623432,0.141301,7.686443,101.864725,0.000000,0.677767997,0.656999190,1
pi3bplus_v2_margin_20260909T125804Z,pi3bplus,2,1,margin,true,22,9,889,2026-09-09T13:01:03Z,1613156163370,tinydl_revision,n64,64,B1,0.5,34.324,33.786,1400.000,1400.000,1400.000,1400.000,1.611340,4.373139,0.466506,0.616141,0.140468,7.643266,101.824465,0.000000,0.716082812,0.718038059,1
pi3bplus_v2_margin_20260909T125804Z,pi3bplus,2,1,margin,true,22,10,890,2026-09-09T13:01:04Z,1613258714183,tinydl_revision,n64,64,B1,0.5,34.324,33.786,1400.000,1400.000,1400.000,1400.000,1.672642,4.397669,0.465673,0.608640,0.140624,7.722588,101.966442,0.000000,0.671967523,0.639666463,1
pi3bplus_v2_margin_20260909T125804Z,pi3bplus,2,1,margin,true,22,11,891,2026-09-09T13:01:04Z,1613361424369,tinydl_revision,n64,64,B1,0.5,33.786,34.324,1400.000,1400.000,1400.000,1400.000,1.575455,4.379545,0.530620,0.618692,0.143123,7.678005,101.844047,0.000000,0.671548869,0.644709062,1
pi3bplus_v2_margin_20260909T125804Z,pi3bplus,2,1,margin,true,22,12,892,2026-09-09T13:01:04Z,1613464065597,tinydl_revision,n64,64,B1,0.5,34.324,34.324,1400.000,1400.000,1400.000,1400.000,1.623944,4.392774,0.469371,0.608224,0.141196,7.676182,102.306960,0.000000,0.665216486,0.622733979,1
pi3bplus_v2_margin_20260909T125804Z,pi3bplus,2,1,margin,true,22,13,893,2026-09-09T13:01:04Z,1613567354892,tinydl_revision,n64,64,B1,0.5,33.786,33.248,1400.000,1400.000,1400.000,1400.000,1.967170,4.356941,0.468850,0.607703,0.141665,8.003992,101.939776,0.000000,0.753299479,0.673775142,1
pi3bplus_v2_margin_20260909T125804Z,pi3bplus,2,1,margin,true,22,14,894,2026-09-09T13:01:04Z,1613670077109,tinydl_revision,n64,64,B1,0.5,34.324,34.324,1400.000,1400.000,1400.000,1400.000,1.587642,4.427825,0.471038,0.613901,0.139426,7.686130,101.860297,0.000000,0.745936743,0.695598254,1
pi3bplus_v2_margin_20260909T125804Z,pi3bplus,2,1,margin,true,22,15,895,2026-09-09T13:01:04Z,1613772751878,tinydl_revision,n64,64,B1,0.5,33.786,34.324,1400.000,1400.000,1400.000,1400.000,1.607017,4.380326,0.476662,0.675150,0.154843,7.731494,101.830454,0.000000,0.604936989,0.574390442,1
pi3bplus_v2_margin_20260909T125804Z,pi3bplus,2,1,margin,true,22,16,896,2026-09-09T13:01:04Z,1613875313836,tinydl_revision,n64,64,B1,0.5,33.786,33.786,1400.000,1400.000,1400.000,1400.000,1.829984,4.404804,0.471455,0.609526,0.140832,7.886909,101.966807,0.000000,0.648956591,0.596007389,1
pi3bplus_v2_margin_20260909T125804Z,pi3bplus,2,1,margin,true,22,17,897,2026-09-09T13:01:04Z,1613978011834,tinydl_revision,n64,64,B1,0.5,34.324,33.248,1400.000,1400.000,1400.000,1400.000,1.707849,4.581834,0.470256,0.606661,0.141613,7.990450,101.883839,0.000000,0.692673327,0.589924364,1
pi3bplus_v2_margin_20260909T125804Z,pi3bplus,2,1,margin,true,22,18,898,2026-09-09T13:01:04Z,1614080717176,tinydl_revision,n64,64,B1,0.5,34.324,34.324,1400.000,1400.000,1400.000,1400.000,1.651444,4.399752,0.467287,0.658848,0.146718,7.766077,101.857381,0.000000,0.744553439,0.699489327,1
pi3bplus_v2_margin_20260909T125804Z,pi3bplus,2,1,margin,true,22,19,899,2026-09-09T13:01:04Z,1614183293196,tinydl_revision,n64,64,B1,0.5,33.786,33.786,1400.000,1400.000,1400.000,1400.000,1.690767,4.363555,0.467705,0.612599,0.141978,7.707276,101.911703,0.000000,0.635547715,0.622897968,1
pi3bplus_v2_margin_20260909T125804Z,pi3bplus,2,1,margin,true,22,20,900,2026-09-09T13:01:05Z,1614285929737,tinydl_revision,n64,64,B1,0.5,34.324,34.324,1400.000,1400.000,1400.000,1400.000,1.575142,4.360639,0.473538,0.636661,0.143176,7.673838,101.852172,0.000000,0.706873197,0.640649840,1
pi3bplus_v2_margin_20260909T125804Z,pi3bplus,2,1,margin,true,22,21,901,2026-09-09T13:01:05Z,1614388581329,tinydl_revision,n64,64,B1,0.5,33.248,34.324,1400.000,1400.000,1400.000,1400.000,1.603111,4.365847,0.457860,0.613380,0.144843,7.664098,101.844463,0.000000,0.734277164,0.700725079,1
pi3bplus_v2_margin_20260909T125804Z,pi3bplus,2,1,margin,true,22,22,902,2026-09-09T13:01:05Z,1614491163702,tinydl_revision,n64,64,B1,0.5,33.786,33.786,1400.000,1400.000,1400.000,1400.000,1.684829,4.361784,0.508381,1.484883,0.161197,8.663674,102.001806,0.000000,0.685043073,0.628795851,1
pi3bplus_v2_margin_20260909T125804Z,pi3bplus,2,1,margin,true,22,23,903,2026-09-09T13:01:05Z,1614593936439,tinydl_revision,n64,64,B1,0.5,34.324,33.248,1400.000,1400.000,1400.000,1400.000,1.666913,4.443242,0.466662,0.610099,0.146770,7.779358,101.873422,0.000000,0.666385513,0.621738827,1
pi3bplus_v2_margin_20260909T125804Z,pi3bplus,2,1,margin,true,22,24,904,2026-09-09T13:01:05Z,1614696633759,tinydl_revision,n64,64,B1,0.5,34.324,33.786,1400.000,1400.000,1400.000,1400.000,1.614829,4.362045,0.473225,0.654682,0.148697,7.702432,101.846235,0.000000,0.659157236,0.610137671,1
pi3bplus_v2_margin_20260909T125804Z,pi3bplus,2,1,margin,true,22,25,905,2026-09-09T13:01:05Z,1614799213425,tinydl_revision,n64,64,B1,0.5,33.248,33.786,1400.000,1400.000,1400.000,1400.000,1.674413,4.360430,0.467964,0.611349,0.146770,7.708057,102.222481,0.000000,0.718719881,0.712420786,1
pi3bplus_v2_margin_20260909T125804Z,pi3bplus,2,1,margin,true,22,26,906,2026-09-09T13:01:05Z,1614902160639,tinydl_revision,n64,64,B1,0.5,33.786,33.786,1400.000,1400.000,1400.000,1400.000,1.581236,4.405847,0.470829,0.604630,0.141509,7.652068,101.933421,0.000000,0.717260685,0.717475013,1
pi3bplus_v2_margin_20260909T125804Z,pi3bplus,2,1,margin,true,22,27,907,2026-09-09T13:01:05Z,1615004822752,tinydl_revision,n64,64,B1,0.5,34.324,33.786,1400.000,1400.000,1400.000,1400.000,1.600559,4.363138,0.466402,0.655828,0.144530,7.673526,101.886546,0.000000,0.723801269,0.716445672,1
pi3bplus_v2_margin_20260909T125804Z,pi3bplus,2,1,margin,true,22,28,908,2026-09-09T13:01:05Z,1615107479604,tinydl_revision,n64,64,B1,0.5,33.248,33.786,1400.000,1400.000,1400.000,1400.000,1.687172,4.340743,0.469527,0.607234,0.149166,7.688786,101.899255,0.000000,0.724042611,0.662200113,1
pi3bplus_v2_margin_20260909T125804Z,pi3bplus,2,1,margin,true,22,29,909,2026-09-09T13:01:05Z,1615210105727,tinydl_revision,n64,64,B1,0.5,34.324,33.786,1400.000,1400.000,1400.000,1400.000,1.563007,4.377461,0.467079,0.607390,0.141665,7.603631,101.832641,0.000000,0.753212056,0.689271230,1
pi3bplus_v2_margin_20260909T125804Z,pi3bplus,2,1,margin,true,22,30,910,2026-09-09T13:01:06Z,1615312727007,tinydl_revision,n64,64,B1,0.5,33.248,33.248,1400.000,1400.000,1400.000,1400.000,1.597902,4.364076,0.468120,0.658848,0.148176,7.685140,101.843160,0.000000,0.734812315,0.689959706,1
pi3bplus_v2_margin_20260909T125804Z,pi3bplus,2,1,margin,true,22,31,911,2026-09-09T13:01:06Z,1615415299901,tinydl_revision,n64,64,B1,0.5,33.248,34.324,1400.000,1400.000,1400.000,1400.000,1.658839,4.355274,0.473485,0.621089,0.141145,7.686546,101.746026,0.000000,0.686285746,0.659181269,1
pi3bplus_v2_margin_20260909T125804Z,pi3bplus,2,1,margin,true,22,32,912,2026-09-09T13:01:06Z,1615517772743,tinydl_revision,n64,64,B1,0.5,33.786,33.786,1400.000,1400.000,1400.000,1400.000,1.576809,4.368295,0.487756,0.612598,0.139270,7.705193,101.879151,0.000000,0.706318431,0.675123295,1
pi3bplus_v2_margin_20260909T125804Z,pi3bplus,2,1,margin,true,22,33,913,2026-09-09T13:01:06Z,1615620458293,tinydl_revision,n64,64,B1,0.5,33.786,33.786,1400.000,1400.000,1400.000,1400.000,1.601132,4.347670,0.469892,0.612078,0.204164,7.675453,101.848681,0.000000,0.726503700,0.675660518,1
pi3bplus_v2_margin_20260909T125804Z,pi3bplus,2,1,margin,true,22,34,914,2026-09-09T13:01:06Z,1615723032437,tinydl_revision,n64,64,B1,0.5,34.324,33.786,1400.000,1400.000,1400.000,1400.000,1.660870,4.369753,0.468485,0.610932,0.145467,7.699984,102.217220,0.000000,0.600326748,0.601037069,1
pi3bplus_v2_margin_20260909T125804Z,pi3bplus,2,1,margin,true,22,35,915,2026-09-09T13:01:06Z,1615825977984,tinydl_revision,n64,64,B1,0.5,34.324,33.248,1400.000,1400.000,1400.000,1400.000,1.573580,4.423190,0.467600,0.610619,0.141405,7.671078,101.839411,0.000000,0.640651742,0.605138231,1
pi3bplus_v2_margin_20260909T125804Z,pi3bplus,2,1,margin,true,22,36,916,2026-09-09T13:01:06Z,1615928621606,tinydl_revision,n64,64,B1,0.5,34.324,33.248,1400.000,1400.000,1400.000,1400.000,1.612329,4.368816,0.472236,0.672286,0.150624,7.710296,101.859151,0.000000,0.661234607,0.567233085,1
pi3bplus_v2_margin_20260909T125804Z,pi3bplus,2,1,margin,true,22,37,917,2026-09-09T13:01:06Z,1616031210021,tinydl_revision,n64,64,B1,0.5,33.786,33.786,1400.000,1400.000,1400.000,1400.000,1.684933,4.360691,0.470673,0.608380,0.145467,7.714046,101.938941,0.000000,0.674258369,0.628732681,1
pi3bplus_v2_margin_20260909T125804Z,pi3bplus,2,1,margin,true,22,38,918,2026-09-09T13:01:06Z,1616133882029,tinydl_revision,n64,64,B1,0.5,33.248,33.248,1400.000,1400.000,1400.000,1400.000,1.601392,4.361107,0.469944,0.605047,0.148436,7.696806,101.845869,0.000000,0.682202767,0.666269991,1
pi3bplus_v2_margin_20260909T125804Z,pi3bplus,2,1,margin,true,22,39,919,2026-09-09T13:01:06Z,1616236539089,tinydl_revision,n64,64,B1,0.5,33.786,33.786,1400.000,1400.000,1400.000,1400.000,1.611653,4.364284,0.473537,0.609213,0.147811,7.712692,101.824671,0.000000,0.678387437,0.670875139,1
pi3bplus_v2_margin_20260909T125804Z,pi3bplus,2,1,margin,true,23,0,920,2026-09-09T13:01:07Z,1617001601374,lucid_revision,n16,16,B2,1.0,34.324,33.786,1400.000,1400.000,1400.000,1400.000,2.100971,1.725401,0.383070,10.597875,0.145780,15.295802,102.146595,0.000000,0.743177032,0.635894377,1
pi3bplus_v2_margin_20260909T125804Z,pi3bplus,2,1,margin,true,23,1,921,2026-09-09T13:01:07Z,1617104575149,lucid_revision,n16,16,B2,1.0,33.786,33.786,1400.000,1400.000,1400.000,1400.000,1.977222,1.449570,0.388121,10.242826,0.134270,14.569142,101.822535,0.000000,0.773178737,0.699860528,1
pi3bplus_v2_margin_20260909T125804Z,pi3bplus,2,1,margin,true,23,2,922,2026-09-09T13:01:07Z,1617207085022,lucid_revision,n16,16,B2,1.0,34.324,34.324,1400.000,1400.000,1400.000,1400.000,1.662277,1.275353,0.349788,10.105014,0.140155,13.837117,101.920503,0.000000,0.550839162,0.478732639,1
pi3bplus_v2_margin_20260909T125804Z,pi3bplus,2,1,margin,true,23,3,923,2026-09-09T13:01:08Z,1617309651457,lucid_revision,n16,16,B2,1.0,34.324,34.324,1400.000,1400.000,1400.000,1400.000,1.548997,1.323062,0.342497,10.063712,0.142134,13.727118,101.839358,0.000000,0.724386950,0.620591981,1
pi3bplus_v2_margin_20260909T125804Z,pi3bplus,2,1,margin,true,23,4,924,2026-09-09T13:01:08Z,1617412191850,lucid_revision,n16,16,B2,1.0,34.324,34.324,1400.000,1400.000,1400.000,1400.000,1.586340,1.267176,0.344268,10.148920,0.140311,13.796024,102.961119,0.000000,0.738445545,0.660922066,1
pi3bplus_v2_margin_20260909T125804Z,pi3bplus,2,1,margin,true,23,5,925,2026-09-09T13:01:08Z,1617515796817,lucid_revision,n16,16,B2,1.0,33.248,33.786,1400.000,1400.000,1400.000,1400.000,1.682798,1.285562,0.348070,10.141837,0.146561,13.906075,101.934201,0.000000,0.705738864,0.591077099,1
pi3bplus_v2_margin_20260909T125804Z,pi3bplus,2,1,margin,true,23,6,926,2026-09-09T13:01:08Z,1617618378668,lucid_revision,n16,16,B2,1.0,33.786,34.324,1400.000,1400.000,1400.000,1400.000,1.593632,1.282854,0.347757,10.171733,0.152551,13.936179,101.915868,0.000000,0.722125027,0.714368815,1
pi3bplus_v2_margin_20260909T125804Z,pi3bplus,2,1,margin,true,23,7,927,2026-09-09T13:01:08Z,1617720940519,lucid_revision,n16,16,B2,1.0,34.324,33.786,1400.000,1400.000,1400.000,1400.000,1.558476,1.277697,0.388277,10.075067,0.140780,13.746754,101.860400,0.000000,0.567975491,0.491070485,1
pi3bplus_v2_margin_20260909T125804Z,pi3bplus,2,1,margin,true,23,8,928,2026-09-09T13:01:08Z,1617823446902,lucid_revision,n16,16,B2,1.0,34.324,34.324,1400.000,1400.000,1400.000,1400.000,1.952066,1.286082,0.346871,10.113036,0.149217,14.153365,101.907639,0.000000,0.732604922,0.653958276,1
pi3bplus_v2_margin_20260909T125804Z,pi3bplus,2,1,margin,true,23,9,929,2026-09-09T13:01:08Z,1617925998858,lucid_revision,n16,16,B2,1.0,34.324,34.324,1400.000,1400.000,1400.000,1400.000,1.549153,1.333582,0.347444,10.078453,0.149895,13.761961,101.874097,0.000000,0.757848064,0.678607077,1
pi3bplus_v2_margin_20260909T125804Z,pi3bplus,2,1,margin,true,23,10,930,2026-09-09T13:01:08Z,1618028585709,lucid_revision,n16,16,B2,1.0,33.786,34.324,1400.000,1400.000,1400.000,1400.000,1.581496,1.280614,0.387862,10.098869,0.147498,13.800607,101.885868,0.000000,0.786168258,0.729672147,1
pi3bplus_v2_margin_20260909T125804Z,pi3bplus,2,1,margin,true,23,11,931,2026-09-09T13:01:08Z,1618131117248,lucid_revision,n16,16,B2,1.0,33.786,34.324,1400.000,1400.000,1400.000,1400.000,1.667693,1.281030,0.348486,10.115847,0.146041,13.860085,101.910086,0.000000,0.715085870,0.603529255,1
pi3bplus_v2_margin_20260909T125804Z,pi3bplus,2,1,margin,true,23,12,932,2026-09-09T13:01:08Z,1618233673943,lucid_revision,n16,16,B2,1.0,34.324,34.324,1400.000,1400.000,1400.000,1400.000,1.558840,1.322385,0.349945,10.052306,0.146249,13.732847,101.848732,0.000000,0.585102701,0.511503452,1
pi3bplus_v2_margin_20260909T125804Z,pi3bplus,2,1,margin,true,23,13,933,2026-09-09T13:01:09Z,1618336232408,lucid_revision,n16,16,B2,1.0,34.324,33.786,1400.000,1400.000,1400.000,1400.000,1.591080,1.272853,0.348226,10.096838,0.140936,13.754045,101.880659,0.000000,0.834941042,0.721771943,1
pi3bplus_v2_margin_20260909T125804Z,pi3bplus,2,1,margin,true,23,14,934,2026-09-09T13:01:09Z,1618438779103,lucid_revision,n16,16,B2,1.0,34.324,34.324,1400.000,1400.000,1400.000,1400.000,1.645662,1.278947,0.348122,10.140327,0.149477,13.867741,101.806232,0.000000,0.650778308,0.553259099,1
pi3bplus_v2_margin_20260909T125804Z,pi3bplus,2,1,margin,true,23,15,935,2026-09-09T13:01:09Z,1618541243975,lucid_revision,n16,16,B2,1.0,33.786,34.324,1400.000,1400.000,1400.000,1400.000,1.556914,1.317801,0.348382,10.171472,0.142291,13.844148,101.888576,0.000000,0.667883967,0.578652881,1
pi3bplus_v2_margin_20260909T125804Z,pi3bplus,2,1,margin,true,23,16,936,2026-09-09T13:01:09Z,1618643785201,lucid_revision,n16,16,B2,1.0,34.324,34.324,1400.000,1400.000,1400.000,1400.000,1.680141,1.283218,0.343382,10.091004,0.141457,13.845294,101.877638,0.000000,0.664542271,0.550853579,1
pi3bplus_v2_margin_20260909T125804Z,pi3bplus,2,1,margin,true,23,17,937,2026-09-09T13:01:09Z,1618746350645,lucid_revision,n16,16,B2,1.0,34.324,34.324,1400.000,1400.000,1400.000,1400.000,1.579205,1.278426,0.340882,10.104806,0.144686,13.843888,101.918055,0.000000,0.748890987,0.614099726,1
pi3bplus_v2_margin_20260909T125804Z,pi3bplus,2,1,margin,true,23,18,938,2026-09-09T13:01:09Z,1618848925100,lucid_revision,n16,16,B2,1.0,34.324,34.862,1400.000,1400.000,1400.000,1400.000,1.560299,1.285092,0.392653,10.105796,0.148228,13.793159,101.899148,0.000000,0.456226057,0.396029336,1
pi3bplus_v2_margin_20260909T125804Z,pi3bplus,2,1,margin,true,23,19,939,2026-09-09T13:01:09Z,1618951464347,lucid_revision,n16,16,B2,1.0,33.786,34.324,1400.000,1400.000,1400.000,1400.000,1.735089,1.279415,0.345987,10.276888,0.138749,14.075240,101.961179,0.000000,0.741977630,0.690892676,1
pi3bplus_v2_margin_20260909T125804Z,pi3bplus,2,1,margin,true,23,20,940,2026-09-09T13:01:09Z,1619054069530,lucid_revision,n16,16,B2,1.0,34.324,34.324,1400.000,1400.000,1400.000,1400.000,1.559413,1.331968,0.350622,10.056733,0.140936,13.739983,101.874722,0.000000,0.755696281,0.647278632,1
pi3bplus_v2_margin_20260909T125804Z,pi3bplus,2,1,margin,true,23,21,941,2026-09-09T13:01:09Z,1619156667006,lucid_revision,n16,16,B2,1.0,34.324,34.324,1400.000,1400.000,1400.000,1400.000,1.626861,1.275197,0.380986,10.047203,0.141040,13.773732,101.834774,0.000000,0.909795713,0.818838813,1
pi3bplus_v2_margin_20260909T125804Z,pi3bplus,2,1,margin,true,23,22,942,2026-09-09T13:01:10Z,1619259146618,lucid_revision,n16,16,B2,1.0,34.324,34.324,1400.000,1400.000,1400.000,1400.000,1.663214,1.282019,0.347810,10.091525,0.142082,13.826231,101.915866,0.000000,0.687675401,0.631545257,1
pi3bplus_v2_margin_20260909T125804Z,pi3bplus,2,1,margin,true,23,23,943,2026-09-09T13:01:10Z,1619361701749,lucid_revision,n16,16,B2,1.0,34.324,34.324,1400.000,1400.000,1400.000,1400.000,1.557539,1.323061,0.348226,10.065432,0.140467,13.739461,101.831700,0.000000,0.709127688,0.619751268,1
pi3bplus_v2_margin_20260909T125804Z,pi3bplus,2,1,margin,true,23,24,944,2026-09-09T13:01:10Z,1619464256255,lucid_revision,n16,16,B2,1.0,34.324,34.324,1400.000,1400.000,1400.000,1400.000,1.605975,1.276291,0.346820,10.136421,0.142863,13.811701,101.737014,0.000000,0.712585435,0.605378633,1
pi3bplus_v2_margin_20260909T125804Z,pi3bplus,2,1,margin,true,23,25,945,2026-09-09T13:01:10Z,1619566643524,lucid_revision,n16,16,B2,1.0,34.324,34.324,1400.000,1400.000,1400.000,1400.000,1.635558,1.373477,0.393434,10.426991,0.139999,14.330289,101.905137,0.000000,0.678686470,0.616406899,1
pi3bplus_v2_margin_20260909T125804Z,pi3bplus,2,1,margin,true,23,26,946,2026-09-09T13:01:10Z,1619669208186,lucid_revision,n16,16,B2,1.0,34.324,33.786,1400.000,1400.000,1400.000,1400.000,1.577382,1.314416,0.349111,10.078296,0.147082,13.778159,101.834252,0.000000,0.668324060,0.592544059,1
pi3bplus_v2_margin_20260909T125804Z,pi3bplus,2,1,margin,true,23,27,947,2026-09-09T13:01:10Z,1619771719151,lucid_revision,n16,16,B2,1.0,34.324,34.324,1400.000,1400.000,1400.000,1400.000,1.743006,1.278895,0.438851,10.258555,0.147446,14.183260,101.899773,0.000000,0.751072395,0.671723623,1
pi3bplus_v2_margin_20260909T125804Z,pi3bplus,2,1,margin,true,23,28,948,2026-09-09T13:01:10Z,1619874276887,lucid_revision,n16,16,B2,1.0,34.324,34.324,1400.000,1400.000,1400.000,1400.000,1.565299,1.313999,0.348018,10.070119,0.191821,13.794565,101.941699,0.000000,0.656540419,0.574637169,1
pi3bplus_v2_margin_20260909T125804Z,pi3bplus,2,1,margin,true,23,29,949,2026-09-09T13:01:10Z,1619976868684,lucid_revision,n16,16,B2,1.0,34.324,34.324,1400.000,1400.000,1400.000,1400.000,1.562226,1.270354,0.399059,10.073140,0.142290,13.747847,101.888679,0.000000,0.627524009,0.540011856,1
pi3bplus_v2_margin_20260909T125804Z,pi3bplus,2,1,margin,true,23,30,950,2026-09-09T13:01:10Z,1620079410326,lucid_revision,n16,16,B2,1.0,34.324,34.324,1400.000,1400.000,1400.000,1400.000,1.689985,1.282645,0.345622,10.228972,0.149894,14.003053,101.922846,0.000000,0.643777771,0.563406137,1
pi3bplus_v2_margin_20260909T125804Z,pi3bplus,2,1,margin,true,23,31,951,2026-09-09T13:01:10Z,1620182017384,lucid_revision,n16,16,B2,1.0,34.324,34.324,1400.000,1400.000,1400.000,1400.000,1.581913,1.316708,0.346352,10.063296,0.141978,13.753368,101.834148,0.000000,0.653097776,0.570704950,1
pi3bplus_v2_margin_20260909T125804Z,pi3bplus,2,1,margin,true,23,32,952,2026-09-09T13:01:11Z,1620284572516,lucid_revision,n16,16,B2,1.0,34.324,34.324,1400.000,1400.000,1400.000,1400.000,1.595663,1.281134,0.388538,10.074389,0.141561,13.785867,101.854407,0.000000,0.676512694,0.596964135,1
pi3bplus_v2_margin_20260909T125804Z,pi3bplus,2,1,margin,true,23,33,953,2026-09-09T13:01:11Z,1620387066032,lucid_revision,n16,16,B2,1.0,34.862,34.324,1400.000,1400.000,1400.000,1400.000,1.651027,1.274311,0.341403,10.106525,0.141561,13.827794,101.919980,0.000000,0.609821202,0.521072766,1
pi3bplus_v2_margin_20260909T125804Z,pi3bplus,2,1,margin,true,23,34,954,2026-09-09T13:01:11Z,1620489629184,lucid_revision,n16,16,B2,1.0,34.324,34.324,1400.000,1400.000,1400.000,1400.000,1.551809,1.321864,0.345622,10.066473,0.146978,13.735034,101.887532,0.000000,0.783660067,0.682105065,1
pi3bplus_v2_margin_20260909T125804Z,pi3bplus,2,1,margin,true,23,35,955,2026-09-09T13:01:11Z,1620592234887,lucid_revision,n16,16,B2,1.0,34.324,34.324,1400.000,1400.000,1400.000,1400.000,1.692485,1.279051,0.343435,10.142671,0.143592,13.910501,101.876856,0.000000,0.722747231,0.660594108,1
pi3bplus_v2_margin_20260909T125804Z,pi3bplus,2,1,margin,true,23,36,956,2026-09-09T13:01:11Z,1620694751268,lucid_revision,n16,16,B2,1.0,34.324,34.324,1400.000,1400.000,1400.000,1400.000,1.654568,1.284624,0.349788,10.133764,0.141978,13.876387,101.946126,0.000000,0.627145435,0.549041469,1
pi3bplus_v2_margin_20260909T125804Z,pi3bplus,2,1,margin,true,23,37,957,2026-09-09T13:01:11Z,1620797344576,lucid_revision,n16,16,B2,1.0,34.324,34.324,1400.000,1400.000,1400.000,1400.000,1.554570,1.476862,0.347184,10.091369,0.141144,13.927324,101.855658,0.000000,0.453397533,0.385611241,1
pi3bplus_v2_margin_20260909T125804Z,pi3bplus,2,1,margin,true,23,38,958,2026-09-09T13:01:11Z,1620899852363,lucid_revision,n16,16,B2,1.0,34.324,34.324,1400.000,1400.000,1400.000,1400.000,1.658162,1.272176,0.346091,10.090536,0.142342,13.809669,101.900762,0.000000,0.729741036,0.643907971,1
pi3bplus_v2_margin_20260909T125804Z,pi3bplus,2,1,margin,true,23,39,959,2026-09-09T13:01:11Z,1621002407390,lucid_revision,n16,16,B2,1.0,34.324,34.324,1400.000,1400.000,1400.000,1400.000,1.606340,1.289519,0.347029,10.067566,0.147030,13.808054,101.968521,0.000000,0.673772768,0.604423037,1
pi3bplus_v2_margin_20260909T125804Z,pi3bplus,2,1,margin,true,24,0,960,2026-09-09T13:01:12Z,1621816141305,lucid_revision,n256,256,B1,0.5,34.324,34.324,1400.000,1400.000,1400.000,1400.000,2.072012,17.691562,0.860826,158.104793,0.139946,180.057566,181.818592,80.057566,0.675047063,0.595078070,1
pi3bplus_v2_margin_20260909T125804Z,pi3bplus,2,1,margin,true,24,1,961,2026-09-09T13:01:12Z,1621998955253,lucid_revision,n256,256,B1,0.5,34.324,34.324,1400.000,1400.000,1400.000,1400.000,1.677069,16.901465,0.813847,143.682994,0.137134,164.212290,166.037326,64.212290,0.677129052,0.583132037,1
pi3bplus_v2_margin_20260909T125804Z,pi3bplus,2,1,margin,true,24,2,962,2026-09-09T13:01:12Z,1622165978091,lucid_revision,n256,256,B1,0.5,34.324,34.324,1400.000,1400.000,1400.000,1400.000,1.604153,16.839590,0.818951,143.176280,0.136092,163.562244,165.323114,63.562244,0.676260608,0.589491398,1
pi3bplus_v2_margin_20260909T125804Z,pi3bplus,2,1,margin,true,24,3,963,2026-09-09T13:01:13Z,1622332333539,lucid_revision,n256,256,B1,0.5,34.324,34.862,1400.000,1400.000,1400.000,1400.000,1.632590,16.765111,0.867701,143.060082,0.135311,163.454901,165.289468,63.454901,0.687330424,0.603335747,1
pi3bplus_v2_margin_20260909T125804Z,pi3bplus,2,1,margin,true,24,4,964,2026-09-09T13:01:13Z,1622498614300,lucid_revision,n256,256,B1,0.5,34.862,34.324,1400.000,1400.000,1400.000,1400.000,1.671652,16.826725,0.824107,143.250601,0.135884,163.696565,165.494153,63.696565,0.702223672,0.612661272,1
pi3bplus_v2_margin_20260909T125804Z,pi3bplus,2,1,margin,true,24,5,965,2026-09-09T13:01:13Z,1622665135007,lucid_revision,n256,256,B1,0.5,34.324,34.324,1400.000,1400.000,1400.000,1400.000,1.623944,16.912297,0.809524,143.551015,0.141457,164.122186,165.872535,64.122186,0.684894667,0.601485807,1
pi3bplus_v2_margin_20260909T125804Z,pi3bplus,2,1,margin,true,24,6,966,2026-09-09T13:01:13Z,1622831996387,lucid_revision,n256,256,B1,0.5,34.862,34.324,1400.000,1400.000,1400.000,1400.000,1.618840,16.789538,0.877284,143.237476,0.137655,163.715732,165.562695,63.715732,0.669053658,0.588279853,1
pi3bplus_v2_margin_20260909T125804Z,pi3bplus,2,1,margin,true,24,7,967,2026-09-09T13:01:13Z,1622998547615,lucid_revision,n256,256,B1,0.5,34.862,34.324,1400.000,1400.000,1400.000,1400.000,1.654725,16.860683,0.820565,143.173258,0.137655,163.640315,165.388581,63.640315,0.660622144,0.577140281,1
pi3bplus_v2_margin_20260909T125804Z,pi3bplus,2,1,margin,true,24,8,968,2026-09-09T13:01:13Z,1623164980041,lucid_revision,n256,256,B1,0.5,34.862,34.324,1400.000,1400.000,1400.000,1400.000,1.624673,16.819955,0.806086,143.092373,0.138645,163.534378,165.320039,63.534378,0.663696737,0.582024891,1
pi3bplus_v2_margin_20260909T125804Z,pi3bplus,2,1,margin,true,24,9,969,2026-09-09T13:01:14Z,1623331296894,lucid_revision,n256,256,B1,0.5,35.400,34.862,1400.000,1400.000,1400.000,1400.000,1.688527,16.869329,0.824837,143.126018,0.142863,163.653804,165.474361,63.653804,0.702131775,0.616477442,1
pi3bplus_v2_margin_20260909T125804Z,pi3bplus,2,1,margin,true,24,10,970,2026-09-09T13:01:14Z,1623497754423,lucid_revision,n256,256,B1,0.5,35.400,35.400,1400.000,1400.000,1400.000,1400.000,1.602174,17.012297,0.821087,143.272944,0.135832,163.846303,165.601652,63.846303,0.671810669,0.583371517,1
pi3bplus_v2_margin_20260909T125804Z,pi3bplus,2,1,margin,true,24,11,971,2026-09-09T13:01:14Z,1623664386847,lucid_revision,n256,256,B1,0.5,34.862,34.862,1400.000,1400.000,1400.000,1400.000,1.621340,16.841882,0.870981,143.438411,0.137238,163.909947,165.654515,63.909947,0.675880556,0.590520151,1
pi3bplus_v2_margin_20260909T125804Z,pi3bplus,2,1,margin,true,24,12,972,2026-09-09T13:01:14Z,1623831049582,lucid_revision,n256,256,B1,0.5,34.862,34.862,1400.000,1400.000,1400.000,1400.000,1.714829,16.921620,0.827180,143.239299,0.143592,163.843959,165.658578,63.843959,0.683921069,0.596058962,1
pi3bplus_v2_margin_20260909T125804Z,pi3bplus,2,1,margin,true,24,13,973,2026-09-09T13:01:14Z,1623997700495,lucid_revision,n256,256,B1,0.5,34.862,35.400,1400.000,1400.000,1400.000,1400.000,1.610975,16.946777,0.824368,143.459713,0.137082,163.951562,165.699307,63.951562,0.688431280,0.604408849,1
pi3bplus_v2_margin_20260909T125804Z,pi3bplus,2,1,margin,true,24,14,974,2026-09-09T13:01:14Z,1624164445470,lucid_revision,n256,256,B1,0.5,35.400,35.400,1400.000,1400.000,1400.000,1400.000,1.616183,16.829278,0.866503,143.062789,0.137082,163.516929,165.312695,63.516929,0.693130170,0.604927715,1
pi3bplus_v2_margin_20260909T125804Z,pi3bplus,2,1,margin,true,24,15,975,2026-09-09T13:01:15Z,1624330740396,lucid_revision,n256,256,B1,0.5,35.400,34.862,1400.000,1400.000,1400.000,1400.000,1.713683,16.877037,0.816347,143.455962,0.136405,163.983643,165.799200,63.983643,0.686848144,0.597835920,1
pi3bplus_v2_margin_20260909T125804Z,pi3bplus,2,1,margin,true,24,16,976,2026-09-09T13:01:15Z,1624497532660,lucid_revision,n256,256,B1,0.5,35.400,35.400,1400.000,1400.000,1400.000,1400.000,1.607382,16.882193,0.824211,143.249766,0.136666,163.694428,165.437850,63.694428,0.686726158,0.593823008,1
pi3bplus_v2_margin_20260909T125804Z,pi3bplus,2,1,margin,true,24,17,977,2026-09-09T13:01:15Z,1624663963522,lucid_revision,n256,256,B1,0.5,35.400,34.862,1400.000,1400.000,1400.000,1400.000,1.627590,16.910058,0.882128,143.197683,0.144426,163.798177,165.639202,63.798177,0.714624444,0.629648957,1
pi3bplus_v2_margin_20260909T125804Z,pi3bplus,2,1,margin,true,24,18,978,2026-09-09T13:01:15Z,1624830595736,lucid_revision,n256,256,B1,0.5,35.400,35.938,1400.000,1400.000,1400.000,1400.000,1.672590,16.832507,0.828950,143.434660,0.143697,163.906718,165.698785,63.906718,0.723299135,0.624856676,1
pi3bplus_v2_margin_20260909T125804Z,pi3bplus,2,1,margin,true,24,19,979,2026-09-09T13:01:15Z,1624997371438,lucid_revision,n256,256,B1,0.5,34.862,34.862,1400.000,1400.000,1400.000,1400.000,1.671964,17.769477,0.818743,143.232839,0.137655,164.603587,166.351644,64.603587,0.661292285,0.577850042,1
pi3bplus_v2_margin_20260909T125804Z,pi3bplus,2,1,margin,true,24,20,980,2026-09-09T13:01:15Z,1625164792656,lucid_revision,n256,256,B1,0.5,35.400,34.862,1400.000,1400.000,1400.000,1400.000,1.665506,16.823236,0.827805,143.279453,0.141717,163.785260,165.531182,63.785260,0.680960590,0.585005727,1
pi3bplus_v2_margin_20260909T125804Z,pi3bplus,2,1,margin,true,24,21,981,2026-09-09T13:01:16Z,1625331300808,lucid_revision,n256,256,B1,0.5,34.862,35.400,1400.000,1400.000,1400.000,1400.000,1.673527,16.867766,0.818691,143.016694,0.137759,163.506668,165.326600,63.506668,0.698602824,0.614901958,1
pi3bplus_v2_margin_20260909T125804Z,pi3bplus,2,1,margin,true,24,22,982,2026-09-09T13:01:16Z,1625497628545,lucid_revision,n256,256,B1,0.5,34.862,35.400,1400.000,1400.000,1400.000,1400.000,1.597485,16.904953,0.830878,143.377160,0.137290,163.836665,165.596389,63.836665,0.692344424,0.609388323,1
pi3bplus_v2_margin_20260909T125804Z,pi3bplus,2,1,margin,true,24,23,983,2026-09-09T13:01:16Z,1625664269456,lucid_revision,n256,256,B1,0.5,35.400,35.400,1400.000,1400.000,1400.000,1400.000,1.626965,16.861204,0.903325,143.186693,0.143853,163.724166,165.520139,63.724166,0.664488368,0.591755087,1
pi3bplus_v2_margin_20260909T125804Z,pi3bplus,2,1,margin,true,24,24,984,2026-09-09T13:01:16Z,1625830777660,lucid_revision,n256,256,B1,0.5,35.400,34.862,1400.000,1400.000,1400.000,1400.000,1.676027,16.891568,0.825878,143.400597,0.141770,163.927393,165.739721,63.927393,0.676924364,0.582527184,1
pi3bplus_v2_margin_20260909T125804Z,pi3bplus,2,1,margin,true,24,25,985,2026-09-09T13:01:16Z,1625997514403,lucid_revision,n256,256,B1,0.5,35.400,35.400,1400.000,1400.000,1400.000,1400.000,1.603111,16.935370,0.821138,143.181745,0.135624,163.664375,165.414464,63.664375,0.660573607,0.569446616,1
pi3bplus_v2_margin_20260909T125804Z,pi3bplus,2,1,margin,true,24,26,986,2026-09-09T13:01:16Z,1626163912191,lucid_revision,n256,256,B1,0.5,35.400,35.400,1400.000,1400.000,1400.000,1400.000,1.671547,16.794798,0.882440,143.030496,0.138020,163.517814,165.343995,63.517814,0.694740903,0.607672113,1
pi3bplus_v2_margin_20260909T125804Z,pi3bplus,2,1,margin,true,24,27,987,2026-09-09T13:01:17Z,1626330246125,lucid_revision,n256,256,B1,0.5,35.400,35.400,1400.000,1400.000,1400.000,1400.000,1.606653,16.938026,0.807909,143.144244,0.136561,163.639427,165.392119,63.639427,0.706953550,0.620628515,1
pi3bplus_v2_margin_20260909T125804Z,pi3bplus,2,1,margin,true,24,28,988,2026-09-09T13:01:17Z,1626496679902,lucid_revision,n256,256,B1,0.5,35.400,35.938,1400.000,1400.000,1400.000,1400.000,1.635558,16.879954,0.831711,143.329451,0.143384,163.879580,165.627481,63.879580,0.688781740,0.602011705,1
pi3bplus_v2_margin_20260909T125804Z,pi3bplus,2,1,margin,true,24,29,989,2026-09-09T13:01:17Z,1626663291854,lucid_revision,n256,256,B1,0.5,35.400,35.400,1400.000,1400.000,1400.000,1400.000,1.688891,16.899901,0.815565,143.279712,0.138332,163.824581,165.649877,63.824581,0.667659713,0.590933558,1
pi3bplus_v2_margin_20260909T125804Z,pi3bplus,2,1,margin,true,24,30,990,2026-09-09T13:01:17Z,1626829939847,lucid_revision,n256,256,B1,0.5,35.400,35.400,1400.000,1400.000,1400.000,1400.000,1.609100,16.945109,0.816712,143.361326,0.141978,163.860987,165.621232,63.860987,0.679685373,0.594832342,1
pi3bplus_v2_margin_20260909T125804Z,pi3bplus,2,1,margin,true,24,31,991,2026-09-09T13:01:17Z,1626996599559,lucid_revision,n256,256,B1,0.5,35.400,35.400,1400.000,1400.000,1400.000,1400.000,1.614465,17.008599,0.830670,143.310128,0.137082,163.977184,165.727585,63.977184,0.647009446,0.565207573,1
pi3bplus_v2_margin_20260909T125804Z,pi3bplus,2,1,margin,true,24,32,992,2026-09-09T13:01:17Z,1627163308906,lucid_revision,n256,256,B1,0.5,35.400,34.862,1400.000,1400.000,1400.000,1400.000,1.702329,16.993807,0.818118,143.241379,0.135832,163.890049,165.728834,63.890049,0.693031793,0.608696880,1
pi3bplus_v2_margin_20260909T125804Z,pi3bplus,2,1,margin,true,24,33,993,2026-09-09T13:01:18Z,1627330078356,lucid_revision,n256,256,B1,0.5,34.862,34.862,1400.000,1400.000,1400.000,1400.000,1.613683,16.922141,0.817805,143.146483,0.136353,163.651248,165.398212,63.651248,0.670401872,0.584616435,1
pi3bplus_v2_margin_20260909T125804Z,pi3bplus,2,1,margin,true,24,34,994,2026-09-09T13:01:18Z,1627496510048,lucid_revision,n256,256,B1,0.5,35.400,35.400,1400.000,1400.000,1400.000,1400.000,1.627381,16.818391,0.886607,143.312106,0.137342,163.781091,165.530555,63.781091,0.694297369,0.607672810,1
pi3bplus_v2_margin_20260909T125804Z,pi3bplus,2,1,margin,true,24,35,995,2026-09-09T13:01:18Z,1627663026167,lucid_revision,n256,256,B1,0.5,35.400,35.400,1400.000,1400.000,1400.000,1400.000,1.677954,16.882298,0.813379,143.359190,0.135676,163.866611,165.692844,63.866611,0.688605152,0.599201000,1
pi3bplus_v2_margin_20260909T125804Z,pi3bplus,2,1,margin,true,24,36,996,2026-09-09T13:01:18Z,1627829706398,lucid_revision,n256,256,B1,0.5,35.400,34.862,1400.000,1400.000,1400.000,1400.000,1.607433,16.899901,0.817336,143.537574,0.136613,163.991246,165.747636,63.991246,0.688532167,0.603712700,1
pi3bplus_v2_margin_20260909T125804Z,pi3bplus,2,1,margin,true,24,37,997,2026-09-09T13:01:18Z,1627996482879,lucid_revision,n256,256,B1,0.5,35.400,35.938,1400.000,1400.000,1400.000,1400.000,1.634933,16.892297,0.907336,143.155181,0.137446,163.794893,165.550711,63.794893,0.690264270,0.595778885,1
pi3bplus_v2_margin_20260909T125804Z,pi3bplus,2,1,margin,true,24,38,998,2026-09-09T13:01:18Z,1628163033945,lucid_revision,n256,256,B1,0.5,35.400,35.400,1400.000,1400.000,1400.000,1400.000,1.679256,16.866516,0.822180,143.069036,0.137291,163.574686,165.389566,63.574686,0.678431755,0.595604761,1
pi3bplus_v2_margin_20260909T125804Z,pi3bplus,2,1,margin,true,24,39,999,2026-09-09T13:01:19Z,1628329412148,lucid_revision,n256,256,B1,0.5,35.938,35.938,1400.000,1400.000,1400.000,1400.000,1.606965,16.851828,0.809732,143.332470,0.135728,163.786819,165.567220,63.786819,0.699175005,0.613880479,1
pi3bplus_v2_margin_20260909T125804Z,pi3bplus,2,1,margin,true,25,0,1000,2026-09-09T13:01:19Z,1629200624370,lucid_revision,n256,256,B0,0.0,34.324,34.324,1400.000,1400.000,1400.000,1400.000,1.717902,16.904901,0.838482,143.066274,0.137447,163.738278,165.489668,63.738278,0.684100095,0.598217155,1
pi3bplus_v2_margin_20260909T125804Z,pi3bplus,2,1,margin,true,25,1,1001,2026-09-09T13:01:20Z,1629367105800,lucid_revision,n256,256,B0,0.0,34.862,34.862,1400.000,1400.000,1400.000,1400.000,1.691756,16.852402,0.827440,143.212679,0.142447,163.717756,165.541386,63.717756,0.732006822,0.627476622,1
pi3bplus_v2_margin_20260909T125804Z,pi3bplus,2,1,margin,true,25,2,1002,2026-09-09T13:01:20Z,1629533621240,lucid_revision,n256,256,B0,0.0,34.324,34.862,1400.000,1400.000,1400.000,1400.000,1.619308,16.854173,0.820096,143.352625,0.143905,163.783485,165.535709,63.783485,0.703886677,0.616122695,1
pi3bplus_v2_margin_20260909T125804Z,pi3bplus,2,1,margin,true,25,3,1003,2026-09-09T13:01:20Z,1629700208710,lucid_revision,n256,256,B0,0.0,34.324,34.862,1400.000,1400.000,1400.000,1400.000,1.645350,16.794225,0.881972,143.264345,0.141978,163.720152,165.531438,63.720152,0.637159122,0.548166467,1
pi3bplus_v2_margin_20260909T125804Z,pi3bplus,2,1,margin,true,25,4,1004,2026-09-09T13:01:20Z,1629866715816,lucid_revision,n256,256,B0,0.0,34.862,34.324,1400.000,1400.000,1400.000,1400.000,1.690454,16.865005,0.818586,143.092940,0.144009,163.599372,165.410502,63.599372,0.698194387,0.615499279,1
pi3bplus_v2_margin_20260909T125804Z,pi3bplus,2,1,margin,true,25,5,1005,2026-09-09T13:01:20Z,1630033111726,lucid_revision,n256,256,B0,0.0,34.862,34.862,1400.000,1400.000,1400.000,1400.000,1.621653,16.819225,0.821763,143.670696,0.137395,164.135825,165.894091,64.135825,0.706572755,0.618091475,1
pi3bplus_v2_margin_20260909T125804Z,pi3bplus,2,1,margin,true,25,6,1006,2026-09-09T13:01:20Z,1630200076068,lucid_revision,n256,256,B0,0.0,34.862,34.862,1400.000,1400.000,1400.000,1400.000,1.690037,16.875682,0.873429,143.018201,0.143176,163.621714,165.439302,63.621714,0.653604608,0.574638413,1
pi3bplus_v2_margin_20260909T125804Z,pi3bplus,2,1,margin,true,25,7,1007,2026-09-09T13:01:21Z,1630366545153,lucid_revision,n256,256,B0,0.0,34.324,34.324,1400.000,1400.000,1400.000,1400.000,1.693214,16.873390,0.825826,143.231272,0.142759,163.753953,165.551541,63.753953,0.694998880,0.612910762,1
pi3bplus_v2_margin_20260909T125804Z,pi3bplus,2,1,margin,true,25,8,1008,2026-09-09T13:01:21Z,1630533078456,lucid_revision,n256,256,B0,0.0,34.862,34.324,1400.000,1400.000,1400.000,1400.000,1.616444,16.854225,0.812597,143.527988,0.136249,164.017700,165.768622,64.017700,0.663421193,0.568352744,1
pi3bplus_v2_margin_20260909T125804Z,pi3bplus,2,1,margin,true,25,9,1009,2026-09-09T13:01:21Z,1630699836444,lucid_revision,n256,256,B0,0.0,34.862,34.862,1400.000,1400.000,1400.000,1400.000,1.667589,16.830892,0.884055,143.173251,0.142239,163.692235,165.534094,63.692235,0.679871583,0.592950474,1
pi3bplus_v2_margin_20260909T125804Z,pi3bplus,2,1,margin,true,25,10,1010,2026-09-09T13:01:21Z,1630866344539,lucid_revision,n256,256,B0,0.0,34.862,34.324,1400.000,1400.000,1400.000,1400.000,1.669047,16.822246,0.807076,144.660218,0.138958,165.083421,166.928300,65.083421,0.698438547,0.617343088,1
pi3bplus_v2_margin_20260909T125804Z,pi3bplus,2,1,margin,true,25,11,1011,2026-09-09T13:01:21Z,1631034263403,lucid_revision,n256,256,B0,0.0,34.324,34.862,1400.000,1400.000,1400.000,1400.000,1.610663,16.990734,0.840149,143.700435,0.137603,164.273428,166.104088,64.273428,0.697536011,0.609641257,1
pi3bplus_v2_margin_20260909T125804Z,pi3bplus,2,1,margin,true,25,12,1012,2026-09-09T13:01:21Z,1631201348889,lucid_revision,n256,256,B0,0.0,35.400,34.862,1400.000,1400.000,1400.000,1400.000,1.606861,16.869329,0.804004,143.291062,0.137655,163.756452,165.515655,63.756452,0.680524337,0.599361831,1
pi3bplus_v2_margin_20260909T125804Z,pi3bplus,2,1,margin,true,25,13,1013,2026-09-09T13:01:22Z,1631367840004,lucid_revision,n256,256,B0,0.0,35.400,34.324,1400.000,1400.000,1400.000,1400.000,1.685245,16.846464,0.889211,143.392259,0.142915,163.958169,165.770601,63.958169,0.680060419,0.594887003,1
pi3bplus_v2_margin_20260909T125804Z,pi3bplus,2,1,margin,true,25,14,1014,2026-09-09T13:01:22Z,1631534604606,lucid_revision,n256,256,B0,0.0,34.862,34.862,1400.000,1400.000,1400.000,1400.000,1.667016,16.917661,0.821451,143.334552,0.135155,163.867910,165.674977,63.867910,0.647741889,0.563620597,1
pi3bplus_v2_margin_20260909T125804Z,pi3bplus,2,1,margin,true,25,15,1015,2026-09-09T13:01:22Z,1631701271813,lucid_revision,n256,256,B0,0.0,34.862,34.862,1400.000,1400.000,1400.000,1400.000,1.628214,16.988025,0.807961,143.311635,0.136040,163.927961,165.683467,63.927961,0.672004696,0.588829891,1
pi3bplus_v2_margin_20260909T125804Z,pi3bplus,2,1,margin,true,25,16,1016,2026-09-09T13:01:22Z,1631867927667,lucid_revision,n256,256,B0,0.0,34.324,34.324,1400.000,1400.000,1400.000,1400.000,1.685922,16.823547,0.876451,143.003460,0.137967,163.526402,165.381385,63.526402,0.692257416,0.607491178,1
pi3bplus_v2_margin_20260909T125804Z,pi3bplus,2,1,margin,true,25,17,1017,2026-09-09T13:01:22Z,1632034299668,lucid_revision,n256,256,B0,0.0,34.862,34.862,1400.000,1400.000,1400.000,1400.000,1.606548,16.888755,0.824263,143.755224,0.143384,164.209000,166.036692,64.209000,0.677618812,0.591623482,1
pi3bplus_v2_margin_20260909T125804Z,pi3bplus,2,1,margin,true,25,18,1018,2026-09-09T13:01:22Z,1632201316924,lucid_revision,n256,256,B0,0.0,35.400,34.324,1400.000,1400.000,1400.000,1400.000,1.610246,16.877193,0.808379,143.057366,0.137082,163.542964,165.287428,63.542964,0.674100859,0.581829284,1
pi3bplus_v2_margin_20260909T125804Z,pi3bplus,2,1,margin,true,25,19,1019,2026-09-09T13:01:23Z,1632367581010,lucid_revision,n256,256,B0,0.0,35.400,34.862,1400.000,1400.000,1400.000,1400.000,1.676079,16.812297,0.837649,143.101740,0.137290,163.562338,165.412425,63.562338,0.682762743,0.600438829,1
pi3bplus_v2_margin_20260909T125804Z,pi3bplus,2,1,margin,true,25,20,1020,2026-09-09T13:01:23Z,1632533971812,lucid_revision,n256,256,B0,0.0,34.324,34.324,1400.000,1400.000,1400.000,1400.000,1.613579,16.876516,0.820930,143.319082,0.138280,163.760201,165.518206,63.760201,0.682009005,0.598076859,1
pi3bplus_v2_margin_20260909T125804Z,pi3bplus,2,1,margin,true,25,21,1021,2026-09-09T13:01:23Z,1632700563811,lucid_revision,n256,256,B0,0.0,34.324,34.324,1400.000,1400.000,1400.000,1400.000,1.642641,16.830214,0.880826,143.349238,0.137863,163.831711,165.590914,63.831711,0.690314403,0.602894452,1
pi3bplus_v2_margin_20260909T125804Z,pi3bplus,2,1,margin,true,25,22,1022,2026-09-09T13:01:23Z,1632867141330,lucid_revision,n256,256,B0,0.0,34.862,34.324,1400.000,1400.000,1400.000,1400.000,1.676444,16.860422,0.805097,143.278665,0.136405,163.754004,165.580602,63.754004,0.695024639,0.605301894,1
pi3bplus_v2_margin_20260909T125804Z,pi3bplus,2,1,margin,true,25,23,1023,2026-09-09T13:01:23Z,1633033700256,lucid_revision,n256,256,B0,0.0,34.862,34.324,1400.000,1400.000,1400.000,1400.000,1.599257,16.930578,0.822909,143.578455,0.136353,164.056709,165.811277,64.056709,0.687748159,0.591677516,1
pi3bplus_v2_margin_20260909T125804Z,pi3bplus,2,1,margin,true,25,24,1024,2026-09-09T13:01:23Z,1633200544857,lucid_revision,n256,256,B0,0.0,34.324,34.324,1400.000,1400.000,1400.000,1400.000,1.625038,16.844953,0.873222,143.149968,0.143071,163.698795,165.449508,63.698795,0.711135166,0.627517937,1
pi3bplus_v2_margin_20260909T125804Z,pi3bplus,2,1,margin,true,25,25,1025,2026-09-09T13:01:24Z,1633366979044,lucid_revision,n256,256,B0,0.0,34.324,34.862,1400.000,1400.000,1400.000,1400.000,1.678110,16.826776,0.825722,143.249550,0.141093,163.727440,165.582163,63.727440,0.717705838,0.618100780,1
pi3bplus_v2_margin_20260909T125804Z,pi3bplus,2,1,margin,true,25,26,1026,2026-09-09T13:01:24Z,1633533550156,lucid_revision,n256,256,B0,0.0,34.324,34.324,1400.000,1400.000,1400.000,1400.000,1.599517,16.908391,0.821555,143.492049,0.134062,163.943584,165.713985,63.943584,0.668010596,0.586805182,1
pi3bplus_v2_margin_20260909T125804Z,pi3bplus,2,1,margin,true,25,27,1027,2026-09-09T13:01:24Z,1633700299132,lucid_revision,n256,256,B0,0.0,34.324,34.862,1400.000,1400.000,1400.000,1400.000,1.628995,16.846984,0.875565,143.405330,0.141196,163.946813,165.697891,63.946813,0.680996518,0.586579666,1
pi3bplus_v2_margin_20260909T125804Z,pi3bplus,2,1,margin,true,25,28,1028,2026-09-09T13:01:24Z,1633866965348,lucid_revision,n256,256,B0,0.0,34.324,34.862,1400.000,1400.000,1400.000,1400.000,1.678631,16.883912,0.807961,143.229863,0.137186,163.740513,165.570548,63.740513,0.691171520,0.604372951,1
pi3bplus_v2_margin_20260909T125804Z,pi3bplus,2,1,margin,true,25,29,1029,2026-09-09T13:01:24Z,1634033518179,lucid_revision,n256,256,B0,0.0,34.862,34.862,1400.000,1400.000,1400.000,1400.000,1.612278,16.958077,0.817805,143.832566,0.138280,164.372903,166.119710,64.372903,0.704117188,0.621453871,1
pi3bplus_v2_margin_20260909T125804Z,pi3bplus,2,1,margin,true,25,30,1030,2026-09-09T13:01:24Z,1634200682568,lucid_revision,n256,256,B0,0.0,34.324,34.862,1400.000,1400.000,1400.000,1400.000,1.623423,16.851828,0.827076,143.116426,0.137811,163.626867,165.379976,63.626867,0.660463111,0.589593143,1
pi3bplus_v2_margin_20260909T125804Z,pi3bplus,2,1,margin,true,25,31,1031,2026-09-09T13:01:25Z,1634367037119,lucid_revision,n256,256,B0,0.0,34.862,34.324,1400.000,1400.000,1400.000,1400.000,1.685714,16.894432,0.817701,143.438037,0.136718,163.972489,165.803410,63.972489,0.673487128,0.579178643,1
pi3bplus_v2_margin_20260909T125804Z,pi3bplus,2,1,margin,true,25,32,1032,2026-09-09T13:01:25Z,1634533819531,lucid_revision,n256,256,B0,0.0,34.862,34.324,1400.000,1400.000,1400.000,1400.000,1.597746,16.852192,0.818326,143.311997,0.136822,163.710043,165.459715,63.710043,0.662829057,0.570877648,1
pi3bplus_v2_margin_20260909T125804Z,pi3bplus,2,1,margin,true,25,33,1033,2026-09-09T13:01:25Z,1634700334289,lucid_revision,n256,256,B0,0.0,34.862,34.862,1400.000,1400.000,1400.000,1400.000,1.636340,16.831672,0.876346,143.316007,0.193696,163.837125,165.595755,63.837125,0.695905915,0.608491253,1
pi3bplus_v2_margin_20260909T125804Z,pi3bplus,2,1,margin,true,25,34,1034,2026-09-09T13:01:25Z,1634866904671,lucid_revision,n256,256,B0,0.0,34.862,34.324,1400.000,1400.000,1400.000,1400.000,1.684360,16.881047,0.820930,143.237258,0.136614,163.767699,165.618047,63.767699,0.708867226,0.623391885,1
pi3bplus_v2_margin_20260909T125804Z,pi3bplus,2,1,margin,true,25,35,1035,2026-09-09T13:01:25Z,1635033546355,lucid_revision,n256,256,B0,0.0,34.862,34.324,1400.000,1400.000,1400.000,1400.000,1.621131,16.917921,0.819211,143.711681,0.137864,164.198424,165.950961,64.198424,0.689359417,0.602878169,1
pi3bplus_v2_margin_20260909T125804Z,pi3bplus,2,1,margin,true,25,36,1036,2026-09-09T13:01:25Z,1635200532619,lucid_revision,n256,256,B0,0.0,34.862,34.324,1400.000,1400.000,1400.000,1400.000,1.620298,16.854536,0.884888,143.497672,0.144686,164.006394,165.760962,64.006394,0.669222344,0.592545563,1
pi3bplus_v2_margin_20260909T125804Z,pi3bplus,2,1,margin,true,25,37,1037,2026-09-09T13:01:26Z,1635367306124,lucid_revision,n256,256,B0,0.0,34.862,34.324,1400.000,1400.000,1400.000,1400.000,1.773578,16.915785,0.825670,143.282309,0.136562,163.923634,165.758983,63.923634,0.663116723,0.579308323,1
pi3bplus_v2_margin_20260909T125804Z,pi3bplus,2,1,margin,true,25,38,1038,2026-09-09T13:01:26Z,1635534063691,lucid_revision,n256,256,B0,0.0,34.862,34.862,1400.000,1400.000,1400.000,1400.000,1.602173,16.907713,0.820878,143.258247,0.136041,163.715980,165.465652,63.715980,0.664632517,0.581596407,1
pi3bplus_v2_margin_20260909T125804Z,pi3bplus,2,1,margin,true,25,39,1039,2026-09-09T13:01:26Z,1635700566105,lucid_revision,n256,256,B0,0.0,34.862,34.862,1400.000,1400.000,1400.000,1400.000,1.627225,16.872401,0.882596,143.129863,0.139999,163.701709,165.456589,63.701709,0.702318124,0.618219579,1
pi3bplus_v2_margin_20260909T125804Z,pi3bplus,2,1,margin,true,26,0,1040,2026-09-09T13:01:27Z,1636374782663,tinydl_revision,n1024,1024,B0,0.0,34.324,34.324,1400.000,1400.000,1400.000,1400.000,1.854775,67.071065,1.929618,4.635843,0.160780,78.772158,101.932888,0.000000,0.679620844,0.648505089,1
pi3bplus_v2_margin_20260909T125804Z,pi3bplus,2,1,margin,true,26,1,1041,2026-09-09T13:01:27Z,1636478685533,tinydl_revision,n1024,1024,B0,0.0,34.324,34.324,1400.000,1400.000,1400.000,1400.000,1.762745,67.147106,1.916545,4.642406,0.162967,78.733200,101.965127,0.000000,0.690649149,0.646966812,1
pi3bplus_v2_margin_20260909T125804Z,pi3bplus,2,1,margin,true,26,2,1042,2026-09-09T13:01:27Z,1636582617674,tinydl_revision,n1024,1024,B0,0.0,34.324,34.324,1400.000,1400.000,1400.000,1400.000,2.554404,69.624324,1.847744,4.713083,0.164738,82.043534,101.938252,0.000000,0.695089455,0.659245365,1
pi3bplus_v2_margin_20260909T125804Z,pi3bplus,2,1,margin,true,26,3,1043,2026-09-09T13:01:27Z,1636686497887,tinydl_revision,n1024,1024,B0,0.0,34.324,34.324,1400.000,1400.000,1400.000,1400.000,1.781911,67.080180,1.927431,4.648239,0.160832,78.707055,101.957367,0.000000,0.676823377,0.634428496,1
pi3bplus_v2_margin_20260909T125804Z,pi3bplus,2,1,margin,true,26,4,1044,2026-09-09T13:01:27Z,1636790379091,tinydl_revision,n1024,1024,B0,0.0,34.324,34.324,1400.000,1400.000,1400.000,1400.000,1.758839,67.295490,1.914514,4.650323,0.168592,78.870126,101.949919,0.000000,0.688732210,0.665238808,1
pi3bplus_v2_margin_20260909T125804Z,pi3bplus,2,1,margin,true,26,5,1045,2026-09-09T13:01:27Z,1636894263263,tinydl_revision,n1024,1024,B0,0.0,34.324,34.324,1400.000,1400.000,1400.000,1400.000,1.751026,67.104294,1.868993,4.717926,0.169477,78.699398,101.929502,0.000000,0.672699672,0.651124284,1
pi3bplus_v2_margin_20260909T125804Z,pi3bplus,2,1,margin,true,26,6,1046,2026-09-09T13:01:27Z,1636998178529,tinydl_revision,n1024,1024,B0,0.0,34.862,34.324,1400.000,1400.000,1400.000,1400.000,1.690506,67.693871,1.903733,4.661833,0.167551,79.210018,101.984293,0.000000,0.681433182,0.647675016,1
pi3bplus_v2_margin_20260909T125804Z,pi3bplus,2,1,margin,true,26,7,1047,2026-09-09T13:01:27Z,1637102107440,tinydl_revision,n1024,1024,B0,0.0,34.324,33.786,1400.000,1400.000,1400.000,1400.000,1.712172,67.117158,1.844931,4.694854,0.161665,78.641378,101.857992,0.000000,0.698703168,0.655446299,1
pi3bplus_v2_margin_20260909T125804Z,pi3bplus,2,1,margin,true,26,8,1048,2026-09-09T13:01:27Z,1637205957758,tinydl_revision,n1024,1024,B0,0.0,34.324,34.324,1400.000,1400.000,1400.000,1400.000,1.700401,67.193303,1.859098,4.682667,0.167655,78.679346,101.867315,0.000000,0.687960097,0.650586688,1
pi3bplus_v2_margin_20260909T125804Z,pi3bplus,2,1,margin,true,26,9,1049,2026-09-09T13:01:28Z,1637309930888,tinydl_revision,n1024,1024,B0,0.0,34.324,34.324,1400.000,1400.000,1400.000,1400.000,1.708006,66.974451,1.858785,4.705426,0.165937,78.511847,101.857367,0.000000,0.676453761,0.641934801,1
pi3bplus_v2_margin_20260909T125804Z,pi3bplus,2,1,margin,true,26,10,1050,2026-09-09T13:01:28Z,1637413800112,tinydl_revision,n1024,1024,B0,0.0,33.786,34.324,1400.000,1400.000,1400.000,1400.000,1.687849,67.069971,1.892379,4.699958,0.170832,78.607731,101.835804,0.000000,0.686955773,0.660426981,1
pi3bplus_v2_margin_20260909T125804Z,pi3bplus,2,1,margin,true,26,11,1051,2026-09-09T13:01:28Z,1637517645013,tinydl_revision,n1024,1024,B0,0.0,34.324,34.324,1400.000,1400.000,1400.000,1400.000,1.701443,67.409343,1.856650,4.716781,0.172811,78.936062,101.847263,0.000000,0.677165755,0.654340040,1
pi3bplus_v2_margin_20260909T125804Z,pi3bplus,2,1,margin,true,26,12,1052,2026-09-09T13:01:28Z,1637621513091,tinydl_revision,n1024,1024,B0,0.0,34.324,34.324,1400.000,1400.000,1400.000,1400.000,1.694776,69.037610,1.997274,4.630636,0.168800,80.902711,101.846273,0.000000,0.685253228,0.647033411,1
pi3bplus_v2_margin_20260909T125804Z,pi3bplus,2,1,margin,true,26,13,1053,2026-09-09T13:01:28Z,1637725370752,tinydl_revision,n1024,1024,B0,0.0,34.324,34.324,1400.000,1400.000,1400.000,1400.000,1.721911,67.213928,1.844932,4.633344,0.228384,78.734606,101.848461,0.000000,0.696760759,0.653406672,1
pi3bplus_v2_margin_20260909T125804Z,pi3bplus,2,1,margin,true,26,14,1054,2026-09-09T13:01:28Z,1637829361381,tinydl_revision,n1024,1024,B0,0.0,34.324,33.786,1400.000,1400.000,1400.000,1400.000,1.722432,67.177939,1.862171,4.631677,0.228123,78.717210,101.861325,0.000000,0.688376374,0.650873040,1
pi3bplus_v2_margin_20260909T125804Z,pi3bplus,2,1,margin,true,26,15,1055,2026-09-09T13:01:28Z,1637933227636,tinydl_revision,n1024,1024,B0,0.0,34.862,34.324,1400.000,1400.000,1400.000,1400.000,1.693266,67.493457,1.855036,4.640323,0.171457,79.041322,101.849763,0.000000,0.673548147,0.643579645,1
pi3bplus_v2_margin_20260909T125804Z,pi3bplus,2,1,margin,true,26,16,1056,2026-09-09T13:01:28Z,1638037094464,tinydl_revision,n1024,1024,B0,0.0,34.324,34.324,1400.000,1400.000,1400.000,1400.000,1.714204,67.245125,1.862275,4.620115,0.161873,78.682731,101.857471,0.000000,0.687667974,0.660729915,1
pi3bplus_v2_margin_20260909T125804Z,pi3bplus,2,1,margin,true,26,17,1057,2026-09-09T13:01:28Z,1638141012073,tinydl_revision,n1024,1024,B0,0.0,34.324,33.786,1400.000,1400.000,1400.000,1400.000,1.720141,67.064606,1.863056,4.638135,0.164582,78.588878,101.928929,0.000000,0.676211906,0.652669376,1
pi3bplus_v2_margin_20260909T125804Z,pi3bplus,2,1,margin,true,26,18,1058,2026-09-09T13:01:28Z,1638244955567,tinydl_revision,n1024,1024,B0,0.0,34.324,34.324,1400.000,1400.000,1400.000,1400.000,1.704620,67.199084,1.859150,4.636833,0.171457,78.664866,101.864814,0.000000,0.683987650,0.640906928,1
pi3bplus_v2_margin_20260909T125804Z,pi3bplus,2,1,margin,true,26,19,1059,2026-09-09T13:01:29Z,1638348832082,tinydl_revision,n1024,1024,B0,0.0,34.324,34.324,1400.000,1400.000,1400.000,1400.000,1.708371,67.012680,1.838890,4.690688,0.169738,78.504764,101.861064,0.000000,0.703884519,0.665202741,1
pi3bplus_v2_margin_20260909T125804Z,pi3bplus,2,1,margin,true,26,20,1060,2026-09-09T13:01:29Z,1638452701982,tinydl_revision,n1024,1024,B0,0.0,34.324,34.324,1400.000,1400.000,1400.000,1400.000,1.699360,67.138928,1.860972,4.611937,0.165207,78.565857,101.861273,0.000000,0.677830598,0.638462434,1
pi3bplus_v2_margin_20260909T125804Z,pi3bplus,2,1,margin,true,26,21,1061,2026-09-09T13:01:29Z,1638556568185,tinydl_revision,n1024,1024,B0,0.0,34.324,34.324,1400.000,1400.000,1400.000,1400.000,1.692902,67.314812,1.843838,4.647094,0.162395,78.760594,101.854085,0.000000,0.678812906,0.647803727,1
pi3bplus_v2_margin_20260909T125804Z,pi3bplus,2,1,margin,true,26,22,1062,2026-09-09T13:01:29Z,1638660483658,tinydl_revision,n1024,1024,B0,0.0,34.324,33.786,1400.000,1400.000,1400.000,1400.000,1.710193,68.689799,1.937431,4.664594,0.162759,80.678754,101.860647,0.000000,0.679820828,0.658501044,1
pi3bplus_v2_margin_20260909T125804Z,pi3bplus,2,1,margin,true,26,23,1063,2026-09-09T13:01:29Z,1638764391318,tinydl_revision,n1024,1024,B0,0.0,34.324,34.324,1400.000,1400.000,1400.000,1400.000,1.706652,67.032784,1.855609,4.624021,0.160207,78.467785,101.854346,0.000000,0.676882117,0.649515313,1
pi3bplus_v2_margin_20260909T125804Z,pi3bplus,2,1,margin,true,26,24,1064,2026-09-09T13:01:29Z,1638868278093,tinydl_revision,n1024,1024,B0,0.0,34.324,34.862,1400.000,1400.000,1400.000,1400.000,1.733058,67.085335,2.033263,4.966414,0.167134,79.078821,101.848148,0.000000,0.687243622,0.643552431,1
pi3bplus_v2_margin_20260909T125804Z,pi3bplus,2,1,margin,true,26,25,1065,2026-09-09T13:01:29Z,1638972186691,tinydl_revision,n1024,1024,B0,0.0,33.786,34.324,1400.000,1400.000,1400.000,1400.000,1.701286,67.228146,1.861233,4.623239,0.162602,78.679346,101.864710,0.000000,0.698979461,0.662872511,1
pi3bplus_v2_margin_20260909T125804Z,pi3bplus,2,1,margin,true,26,26,1066,2026-09-09T13:01:29Z,1639075975342,tinydl_revision,n1024,1024,B0,0.0,34.324,34.324,1400.000,1400.000,1400.000,1400.000,1.699099,67.525644,1.880764,4.643396,0.167186,79.099498,101.856846,0.000000,0.681573364,0.644963055,1
pi3bplus_v2_margin_20260909T125804Z,pi3bplus,2,1,margin,true,26,27,1067,2026-09-09T13:01:29Z,1639179747327,tinydl_revision,n1024,1024,B0,0.0,34.324,34.324,1400.000,1400.000,1400.000,1400.000,1.815036,67.153407,1.905608,4.620948,0.162394,78.673824,101.918095,0.000000,0.687113901,0.650838486,1
pi3bplus_v2_margin_20260909T125804Z,pi3bplus,2,1,margin,true,26,28,1068,2026-09-09T13:01:30Z,1639283587956,tinydl_revision,n1024,1024,B0,0.0,33.786,33.786,1400.000,1400.000,1400.000,1400.000,1.772432,67.226896,1.939722,4.632146,0.166456,78.769657,101.929709,0.000000,0.670892096,0.650673884,1
pi3bplus_v2_margin_20260909T125804Z,pi3bplus,2,1,margin,true,26,29,1069,2026-09-09T13:01:30Z,1639387445617,tinydl_revision,n1024,1024,B0,0.0,34.862,34.324,1400.000,1400.000,1400.000,1400.000,1.779776,67.040179,1.932691,4.637250,0.169165,78.597210,101.931167,0.000000,0.684703757,0.655083792,1
pi3bplus_v2_margin_20260909T125804Z,pi3bplus,2,1,margin,true,26,30,1070,2026-09-09T13:01:30Z,1639491352964,tinydl_revision,n1024,1024,B0,0.0,34.324,34.324,1400.000,1400.000,1400.000,1400.000,1.839150,67.107626,1.931284,4.629489,0.164061,78.697314,101.952365,0.000000,0.689093191,0.645772704,1
pi3bplus_v2_margin_20260909T125804Z,pi3bplus,2,1,margin,true,26,31,1071,2026-09-09T13:01:30Z,1639595238905,tinydl_revision,n1024,1024,B0,0.0,34.324,33.786,1400.000,1400.000,1400.000,1400.000,1.805453,67.352989,1.942430,4.632823,0.159530,78.933406,101.938355,0.000000,0.689319922,0.649719587,1
pi3bplus_v2_margin_20260909T125804Z,pi3bplus,2,1,margin,true,26,32,1072,2026-09-09T13:01:30Z,1639699105680,tinydl_revision,n1024,1024,B0,0.0,34.324,33.786,1400.000,1400.000,1400.000,1400.000,1.779620,68.529696,1.847588,4.626469,0.161300,80.441048,101.941115,0.000000,0.688267216,0.653447112,1
pi3bplus_v2_margin_20260909T125804Z,pi3bplus,2,1,margin,true,26,33,1073,2026-09-09T13:01:30Z,1639803020892,tinydl_revision,n1024,1024,B0,0.0,34.324,34.324,1400.000,1400.000,1400.000,1400.000,1.767796,67.291635,1.905504,4.656208,0.160675,78.806844,101.928094,0.000000,0.684618920,0.654319323,1
pi3bplus_v2_margin_20260909T125804Z,pi3bplus,2,1,margin,true,26,34,1074,2026-09-09T13:01:30Z,1639906886521,tinydl_revision,n1024,1024,B0,0.0,34.324,34.324,1400.000,1400.000,1400.000,1400.000,1.787432,67.349655,1.935764,4.642615,0.170415,78.907416,101.937157,0.000000,0.672116968,0.651692238,1
pi3bplus_v2_margin_20260909T125804Z,pi3bplus,2,1,margin,true,26,35,1075,2026-09-09T13:01:30Z,1640010756004,tinydl_revision,n1024,1024,B0,0.0,34.324,34.324,1400.000,1400.000,1400.000,1400.000,1.766026,66.884608,1.932900,5.219692,0.163800,79.064758,101.944240,0.000000,0.681452731,0.647630608,1
pi3bplus_v2_margin_20260909T125804Z,pi3bplus,2,1,margin,true,26,36,1076,2026-09-09T13:01:30Z,1640114624550,tinydl_revision,n1024,1024,B0,0.0,34.324,34.324,1400.000,1400.000,1400.000,1400.000,1.785297,67.033981,1.931233,4.664854,0.163488,78.664032,101.956792,0.000000,0.687430560,0.642991165,1
pi3bplus_v2_margin_20260909T125804Z,pi3bplus,2,1,margin,true,26,37,1077,2026-09-09T13:01:30Z,1640218553980,tinydl_revision,n1024,1024,B0,0.0,34.324,34.324,1400.000,1400.000,1400.000,1400.000,1.812796,67.038720,1.917170,4.633084,0.169373,78.689710,101.952886,0.000000,0.697505321,0.667412517,1
pi3bplus_v2_margin_20260909T125804Z,pi3bplus,2,1,margin,true,26,38,1078,2026-09-09T13:01:31Z,1640322483723,tinydl_revision,n1024,1024,B0,0.0,34.324,34.324,1400.000,1400.000,1400.000,1400.000,1.780088,67.042522,1.920816,4.664958,0.161665,78.632574,101.953510,0.000000,0.680298109,0.635921972,1
pi3bplus_v2_margin_20260909T125804Z,pi3bplus,2,1,margin,true,26,39,1079,2026-09-09T13:01:31Z,1640426365289,tinydl_revision,n1024,1024,B0,0.0,33.786,34.324,1400.000,1400.000,1400.000,1400.000,1.751912,67.197885,1.928733,4.635687,0.158957,78.785489,101.936791,0.000000,0.689550487,0.658783572,1
pi3bplus_v2_margin_20260909T125804Z,pi3bplus,2,1,margin,true,27,0,1080,2026-09-09T13:01:31Z,1641039478890,oi_svdd_as_elm_revision,n1,1,B1,0.5,33.786,34.324,1400.000,1400.000,1400.000,1400.000,3.736841,0.371402,2.758048,1.020720,0.145988,8.369039,102.302517,0.000000,0.000002771,0.000460963,1
pi3bplus_v2_margin_20260909T125804Z,pi3bplus,2,1,margin,true,27,1,1081,2026-09-09T13:01:31Z,1641142506661,oi_svdd_as_elm_revision,n1,1,B1,0.5,34.324,34.324,1400.000,1400.000,1400.000,1400.000,2.166282,0.320830,0.320622,0.819367,0.136613,4.060589,101.948979,0.000000,0.079857789,0.000764132,1
pi3bplus_v2_margin_20260909T125804Z,pi3bplus,2,1,margin,true,27,2,1082,2026-09-09T13:01:31Z,1641245096780,oi_svdd_as_elm_revision,n1,1,B1,0.5,34.324,34.324,1400.000,1400.000,1400.000,1400.000,1.562955,0.288955,0.305414,0.732494,0.121873,3.267106,101.854084,0.000000,0.221333970,0.000979363,1
pi3bplus_v2_margin_20260909T125804Z,pi3bplus,2,1,margin,true,27,3,1083,2026-09-09T13:01:32Z,1641347578566,oi_svdd_as_elm_revision,n1,1,B1,0.5,34.324,34.324,1400.000,1400.000,1400.000,1400.000,1.665142,0.291716,0.315831,0.681817,0.119895,3.331481,101.870334,0.000000,0.874518178,0.402376644,1
pi3bplus_v2_margin_20260909T125804Z,pi3bplus,2,1,margin,true,27,4,1084,2026-09-09T13:01:32Z,1641450076811,oi_svdd_as_elm_revision,n1,1,B1,0.5,34.324,33.786,1400.000,1400.000,1400.000,1400.000,1.550142,0.292758,0.319059,0.684890,0.121248,3.257731,101.860177,0.000000,0.927829382,0.986119833,1
pi3bplus_v2_margin_20260909T125804Z,pi3bplus,2,1,margin,true,27,5,1085,2026-09-09T13:01:32Z,1641552634534,oi_svdd_as_elm_revision,n1,1,B1,0.5,34.324,33.786,1400.000,1400.000,1400.000,1400.000,1.596184,0.303487,0.317966,0.683848,0.125572,3.281012,101.829188,0.000000,0.936376910,0.953698735,1
pi3bplus_v2_margin_20260909T125804Z,pi3bplus,2,1,margin,true,27,6,1086,2026-09-09T13:01:32Z,1641655096580,oi_svdd_as_elm_revision,n1,1,B1,0.5,34.324,34.324,1400.000,1400.000,1400.000,1400.000,1.712277,0.298747,0.316716,0.683171,0.126144,3.387887,101.937625,0.000000,0.582655017,0.959967808,1
pi3bplus_v2_margin_20260909T125804Z,pi3bplus,2,1,margin,true,27,7,1087,2026-09-09T13:01:32Z,1641757667845,oi_svdd_as_elm_revision,n1,1,B1,0.5,33.786,33.248,1400.000,1400.000,1400.000,1400.000,1.549257,0.280726,0.308747,0.761608,0.120936,3.278981,101.778876,0.000000,0.964278959,0.995512591,1
pi3bplus_v2_margin_20260909T125804Z,pi3bplus,2,1,margin,true,27,8,1088,2026-09-09T13:01:32Z,1641860239214,oi_svdd_as_elm_revision,n1,1,B1,0.5,34.324,34.324,1400.000,1400.000,1400.000,1400.000,1.628527,0.293799,0.312237,0.685358,0.119530,3.292574,101.888145,0.000000,0.000000000,0.000693462,1
pi3bplus_v2_margin_20260909T125804Z,pi3bplus,2,1,margin,true,27,9,1089,2026-09-09T13:01:32Z,1641962760687,oi_svdd_as_elm_revision,n1,1,B1,0.5,34.324,34.324,1400.000,1400.000,1400.000,1400.000,1.799046,0.304737,0.318591,0.691035,0.120364,3.490906,101.951635,0.000000,0.576140066,0.934009624,1
pi3bplus_v2_margin_20260909T125804Z,pi3bplus,2,1,margin,true,27,10,1090,2026-09-09T13:01:32Z,1642065342316,oi_svdd_as_elm_revision,n1,1,B1,0.5,34.324,34.324,1400.000,1400.000,1400.000,1400.000,1.558996,0.287341,0.311091,0.761087,0.120676,3.300179,101.833042,0.000000,0.958559293,0.967294293,1
pi3bplus_v2_margin_20260909T125804Z,pi3bplus,2,1,margin,true,27,11,1091,2026-09-09T13:01:32Z,1642167849362,oi_svdd_as_elm_revision,n1,1,B1,0.5,34.324,33.786,1400.000,1400.000,1400.000,1400.000,1.690714,0.295778,0.316716,0.688223,0.119790,3.361481,101.871844,0.000000,0.642193361,0.759445194,1
pi3bplus_v2_margin_20260909T125804Z,pi3bplus,2,1,margin,true,27,12,1092,2026-09-09T13:01:33Z,1642270341357,oi_svdd_as_elm_revision,n1,1,B1,0.5,33.248,33.786,1400.000,1400.000,1400.000,1400.000,1.553371,0.342184,0.310466,0.687546,0.120832,3.272679,101.913509,0.000000,0.999994702,0.981961973,1
pi3bplus_v2_margin_20260909T125804Z,pi3bplus,2,1,margin,true,27,13,1093,2026-09-09T13:01:33Z,1642372883663,oi_svdd_as_elm_revision,n1,1,B1,0.5,34.324,34.324,1400.000,1400.000,1400.000,1400.000,1.558684,0.294736,0.316611,0.687338,0.184738,3.289293,101.824187,0.000000,0.873556107,0.978077020,1
pi3bplus_v2_margin_20260909T125804Z,pi3bplus,2,1,margin,true,27,14,1094,2026-09-09T13:01:33Z,1642475338365,oi_svdd_as_elm_revision,n1,1,B1,0.5,33.248,33.248,1400.000,1400.000,1400.000,1400.000,1.671027,0.298539,0.314372,0.716972,0.124166,3.379188,101.898770,0.000000,0.927557053,0.591494953,1
pi3bplus_v2_margin_20260909T125804Z,pi3bplus,2,1,margin,true,27,15,1095,2026-09-09T13:01:33Z,1642577858848,oi_svdd_as_elm_revision,n1,1,B1,0.5,33.786,34.324,1400.000,1400.000,1400.000,1400.000,1.555663,0.285050,0.381246,0.701087,0.119270,3.300179,101.842260,0.000000,0.990953991,0.993129760,1
pi3bplus_v2_margin_20260909T125804Z,pi3bplus,2,1,margin,true,27,16,1096,2026-09-09T13:01:33Z,1642680421467,oi_svdd_as_elm_revision,n1,1,B1,0.5,33.786,34.324,1400.000,1400.000,1400.000,1400.000,1.595038,0.288591,0.309112,0.692181,0.120051,3.264710,102.646211,0.000000,0.874135276,0.745287480,1
pi3bplus_v2_margin_20260909T125804Z,pi3bplus,2,1,margin,true,27,17,1097,2026-09-09T13:01:33Z,1642783863087,oi_svdd_as_elm_revision,n1,1,B1,0.5,34.324,33.786,1400.000,1400.000,1400.000,1400.000,2.738152,0.305414,0.314060,0.759629,0.120728,4.502460,101.917468,0.000000,0.874109594,0.536770870,1
pi3bplus_v2_margin_20260909T125804Z,pi3bplus,2,1,margin,true,27,18,1098,2026-09-09T13:01:33Z,1642886409508,oi_svdd_as_elm_revision,n1,1,B1,0.5,34.324,33.786,1400.000,1400.000,1400.000,1400.000,1.603059,0.286664,0.316507,0.684682,0.118332,3.264241,101.980800,0.000000,0.927152239,0.927801317,1
pi3bplus_v2_margin_20260909T125804Z,pi3bplus,2,1,margin,true,27,19,1099,2026-09-09T13:01:33Z,1642989024834,oi_svdd_as_elm_revision,n1,1,B1,0.5,33.786,33.786,1400.000,1400.000,1400.000,1400.000,1.569205,0.288591,0.314841,0.746504,0.122499,3.297574,101.880645,0.000000,0.222053772,0.000920810,1
pi3bplus_v2_margin_20260909T125804Z,pi3bplus,2,1,margin,true,27,20,1100,2026-09-09T13:01:33Z,1643091531307,oi_svdd_as_elm_revision,n1,1,B1,0.5,34.324,34.324,1400.000,1400.000,1400.000,1400.000,1.683058,0.291040,0.316143,0.686244,0.125416,3.352730,101.887884,0.000000,0.951042999,0.960973374,1
pi3bplus_v2_margin_20260909T125804Z,pi3bplus,2,1,margin,true,27,21,1101,2026-09-09T13:01:33Z,1643194047988,oi_svdd_as_elm_revision,n1,1,B1,0.5,33.248,33.786,1400.000,1400.000,1400.000,1400.000,1.556340,0.289373,0.322393,0.687286,0.126978,3.286741,101.824500,0.000000,0.863837290,0.928959632,1
pi3bplus_v2_margin_20260909T125804Z,pi3bplus,2,1,margin,true,27,22,1102,2026-09-09T13:01:34Z,1643296582064,oi_svdd_as_elm_revision,n1,1,B1,0.5,33.786,33.786,1400.000,1400.000,1400.000,1400.000,1.604778,0.287914,0.315622,0.684838,0.117863,3.264606,101.853614,0.000000,0.644418609,0.000006055,1
pi3bplus_v2_margin_20260909T125804Z,pi3bplus,2,1,margin,true,27,23,1103,2026-09-09T13:01:34Z,1643399062860,oi_svdd_as_elm_revision,n1,1,B1,0.5,33.786,34.324,1400.000,1400.000,1400.000,1400.000,1.672537,0.297028,0.308279,0.697390,0.119582,3.351272,101.916842,0.000000,0.872606099,0.759011429,1
pi3bplus_v2_margin_20260909T125804Z,pi3bplus,2,1,margin,true,27,24,1104,2026-09-09T13:01:34Z,1643501610738,oi_svdd_as_elm_revision,n1,1,B1,0.5,34.324,33.786,1400.000,1400.000,1400.000,1400.000,1.559465,0.290362,0.314268,0.752493,0.122186,3.296846,101.846062,0.000000,0.977973496,0.970781655,1
pi3bplus_v2_margin_20260909T125804Z,pi3bplus,2,1,margin,true,27,25,1105,2026-09-09T13:01:34Z,1643604213460,oi_svdd_as_elm_revision,n1,1,B1,0.5,33.786,34.324,1400.000,1400.000,1400.000,1400.000,1.604934,0.287601,0.308591,0.691817,0.128020,3.286949,101.812676,0.000000,0.641670640,0.791788984,1
pi3bplus_v2_margin_20260909T125804Z,pi3bplus,2,1,margin,true,27,26,1106,2026-09-09T13:01:34Z,1643706648891,oi_svdd_as_elm_revision,n1,1,B1,0.5,33.786,33.248,1400.000,1400.000,1400.000,1400.000,1.666808,0.297758,0.309216,0.693795,0.121145,3.342782,101.801166,0.000000,0.873032601,0.898295428,1
pi3bplus_v2_margin_20260909T125804Z,pi3bplus,2,1,margin,true,27,27,1107,2026-09-09T13:01:34Z,1643809086302,oi_svdd_as_elm_revision,n1,1,B1,0.5,33.786,33.248,1400.000,1400.000,1400.000,1400.000,1.578424,0.287185,0.316715,0.743275,0.126978,3.308563,101.834447,0.000000,0.733803902,0.627978235,1
pi3bplus_v2_margin_20260909T125804Z,pi3bplus,2,1,margin,true,27,28,1108,2026-09-09T13:01:34Z,1643911547983,oi_svdd_as_elm_revision,n1,1,B1,0.5,33.786,33.786,1400.000,1400.000,1400.000,1400.000,1.809411,0.293955,0.316820,0.682234,0.119895,3.479500,101.922623,0.000000,0.874945122,0.372942127,1
pi3bplus_v2_margin_20260909T125804Z,pi3bplus,2,1,margin,true,27,29,1109,2026-09-09T13:01:34Z,1644014103830,oi_svdd_as_elm_revision,n1,1,B1,0.5,33.248,33.786,1400.000,1400.000,1400.000,1400.000,1.558423,0.340726,0.318122,0.693327,0.120415,3.296220,101.838926,0.000000,0.222494246,0.001151772,1
pi3bplus_v2_margin_20260909T125804Z,pi3bplus,2,1,margin,true,27,30,1110,2026-09-09T13:01:34Z,1644116628791,oi_svdd_as_elm_revision,n1,1,B1,0.5,33.248,33.786,1400.000,1400.000,1400.000,1400.000,1.581340,0.289372,0.307080,0.696608,0.121093,3.258825,101.818666,0.000000,0.445309571,0.990766675,1
pi3bplus_v2_margin_20260909T125804Z,pi3bplus,2,1,margin,true,27,31,1111,2026-09-09T13:01:34Z,1644219077087,oi_svdd_as_elm_revision,n1,1,B1,0.5,33.786,34.324,1400.000,1400.000,1400.000,1400.000,1.677746,0.290831,0.309685,0.695567,0.119010,3.355803,101.962779,0.000000,0.926532861,0.949771891,1
pi3bplus_v2_margin_20260909T125804Z,pi3bplus,2,1,margin,true,27,32,1112,2026-09-09T13:01:35Z,1644321664860,oi_svdd_as_elm_revision,n1,1,B1,0.5,33.786,33.786,1400.000,1400.000,1400.000,1400.000,1.575038,0.284737,0.357236,0.702442,0.120624,3.290700,101.838770,0.000000,0.874095469,0.914727906,1
pi3bplus_v2_margin_20260909T125804Z,pi3bplus,2,1,margin,true,27,33,1113,2026-09-09T13:01:35Z,1644424214613,oi_svdd_as_elm_revision,n1,1,B1,0.5,33.786,33.248,1400.000,1400.000,1400.000,1400.000,1.603371,0.291403,0.317809,0.688119,0.119426,3.271637,101.836530,0.000000,0.947222538,0.959278090,1
pi3bplus_v2_margin_20260909T125804Z,pi3bplus,2,1,margin,true,27,34,1114,2026-09-09T13:01:35Z,1644526681294,oi_svdd_as_elm_revision,n1,1,B1,0.5,33.786,33.786,1400.000,1400.000,1400.000,1400.000,1.630871,0.299998,0.310466,0.699316,0.120937,3.310803,101.902727,0.000000,0.646079592,0.952394030,1
pi3bplus_v2_margin_20260909T125804Z,pi3bplus,2,1,margin,true,27,35,1115,2026-09-09T13:01:35Z,1644629209276,oi_svdd_as_elm_revision,n1,1,B1,0.5,34.324,33.248,1400.000,1400.000,1400.000,1400.000,1.562851,0.287497,0.314580,0.739264,0.120728,3.280856,101.813249,0.000000,0.236162195,0.000150423,1
pi3bplus_v2_margin_20260909T125804Z,pi3bplus,2,1,margin,true,27,36,1116,2026-09-09T13:01:35Z,1644731648300,oi_svdd_as_elm_revision,n1,1,B1,0.5,34.324,33.248,1400.000,1400.000,1400.000,1400.000,1.654725,0.291091,0.311403,0.688171,0.121301,3.323043,101.919654,0.000000,0.927494255,0.939669180,1
pi3bplus_v2_margin_20260909T125804Z,pi3bplus,2,1,margin,true,27,37,1117,2026-09-09T13:01:35Z,1644834198313,oi_svdd_as_elm_revision,n1,1,B1,0.5,33.248,33.786,1400.000,1400.000,1400.000,1400.000,1.559413,0.354424,0.313487,0.692702,0.119790,3.305127,101.900801,0.000000,0.874438789,0.446132374,1
pi3bplus_v2_margin_20260909T125804Z,pi3bplus,2,1,margin,true,27,38,1118,2026-09-09T13:01:35Z,1644936729264,oi_svdd_as_elm_revision,n1,1,B1,0.5,33.786,33.786,1400.000,1400.000,1400.000,1400.000,1.582537,0.287237,0.314060,0.688327,0.126666,3.254190,101.887467,0.000000,0.081901737,0.000233581,1
pi3bplus_v2_margin_20260909T125804Z,pi3bplus,2,1,margin,true,27,39,1119,2026-09-09T13:01:35Z,1645039292402,oi_svdd_as_elm_revision,n1,1,B1,0.5,33.248,33.248,1400.000,1400.000,1400.000,1400.000,1.689933,0.294164,0.315154,0.686192,0.120208,3.362053,101.891321,0.000000,0.874211646,0.974451404,1
pi3bplus_v2_margin_20260909T125804Z,pi3bplus,2,1,margin,true,28,0,1120,2026-09-09T13:01:36Z,1645820859521,fisvdd_revision,n1,1,B2,1.0,33.786,34.324,1400.000,1400.000,1400.000,1400.000,1.921805,0.352757,0.349632,0.821295,0.139947,3.897985,102.175536,0.000000,0.999990573,0.518117879,1
pi3bplus_v2_margin_20260909T125804Z,pi3bplus,2,1,margin,true,28,1,1121,2026-09-09T13:01:36Z,1645923728853,fisvdd_revision,n1,1,B2,1.0,33.248,34.324,1400.000,1400.000,1400.000,1400.000,2.083314,0.334736,0.348747,0.637599,0.144894,3.839080,101.904966,0.000000,0.000000000,0.502252035,1
pi3bplus_v2_margin_20260909T125804Z,pi3bplus,2,1,margin,true,28,2,1122,2026-09-09T13:01:36Z,1646026258762,fisvdd_revision,n1,1,B2,1.0,33.786,33.786,1400.000,1400.000,1400.000,1400.000,1.557434,0.333382,0.315518,0.499110,0.121510,3.071587,101.908924,0.000000,0.927083657,0.513219641,1
pi3bplus_v2_margin_20260909T125804Z,pi3bplus,2,1,margin,true,28,3,1123,2026-09-09T13:01:36Z,1646128793202,fisvdd_revision,n1,1,B2,1.0,33.786,33.786,1400.000,1400.000,1400.000,1400.000,1.574674,0.291404,0.316560,0.495725,0.119791,3.044920,101.813821,0.000000,0.873954051,0.493362427,1
pi3bplus_v2_margin_20260909T125804Z,pi3bplus,2,1,margin,true,28,4,1124,2026-09-09T13:01:36Z,1646231218736,fisvdd_revision,n1,1,B2,1.0,33.786,33.786,1400.000,1400.000,1400.000,1400.000,1.665558,0.297862,0.307445,0.495517,0.125832,3.143565,101.935747,0.000000,0.920400864,0.493324321,1
pi3bplus_v2_margin_20260909T125804Z,pi3bplus,2,1,margin,true,28,5,1125,2026-09-09T13:01:37Z,1646333772550,fisvdd_revision,n1,1,B2,1.0,34.324,34.324,1400.000,1400.000,1400.000,1400.000,1.559517,0.288227,0.358851,0.504318,0.122759,3.078306,101.829654,0.000000,0.872900196,0.495854603,1
pi3bplus_v2_margin_20260909T125804Z,pi3bplus,2,1,margin,true,28,6,1126,2026-09-09T13:01:37Z,1646436303240,fisvdd_revision,n1,1,B2,1.0,33.786,34.324,1400.000,1400.000,1400.000,1400.000,1.608683,0.293331,0.316455,0.498068,0.120624,3.086690,101.851320,0.000000,0.874453127,0.492678471,1
pi3bplus_v2_margin_20260909T125804Z,pi3bplus,2,1,margin,true,28,7,1127,2026-09-09T13:01:37Z,1646538775492,fisvdd_revision,n1,1,B2,1.0,34.324,34.324,1400.000,1400.000,1400.000,1400.000,1.628735,0.300570,0.312497,0.501246,0.121353,3.111795,101.893664,0.000000,0.000032034,0.492336647,1
pi3bplus_v2_margin_20260909T125804Z,pi3bplus,2,1,margin,true,28,8,1128,2026-09-09T13:01:37Z,1646641297431,fisvdd_revision,n1,1,B2,1.0,33.786,33.786,1400.000,1400.000,1400.000,1400.000,1.558268,0.285362,0.308434,0.543693,0.125832,3.075545,101.806321,0.000000,0.874496751,0.486187724,1
pi3bplus_v2_margin_20260909T125804Z,pi3bplus,2,1,margin,true,28,9,1129,2026-09-09T13:01:37Z,1646743716403,fisvdd_revision,n1,1,B2,1.0,34.324,34.324,1400.000,1400.000,1400.000,1400.000,1.678006,0.290049,0.310362,0.502703,0.125832,3.158096,101.849549,0.000000,0.927083657,0.539165055,1
pi3bplus_v2_margin_20260909T125804Z,pi3bplus,2,1,margin,true,28,10,1130,2026-09-09T13:01:37Z,1646846185218,fisvdd_revision,n1,1,B2,1.0,33.786,34.324,1400.000,1400.000,1400.000,1400.000,1.546132,0.359424,0.319685,0.506037,0.119739,3.104347,101.950590,0.000000,0.366716724,0.516858937,1
pi3bplus_v2_margin_20260909T125804Z,pi3bplus,2,1,margin,true,28,11,1131,2026-09-09T13:01:37Z,1646948755438,fisvdd_revision,n1,1,B2,1.0,34.324,34.324,1400.000,1400.000,1400.000,1400.000,1.563735,0.290935,0.315310,0.498121,0.118593,3.031014,101.846216,0.000000,0.083699976,0.501005316,1
pi3bplus_v2_margin_20260909T125804Z,pi3bplus,2,1,margin,true,28,12,1132,2026-09-09T13:01:37Z,1647051219305,fisvdd_revision,n1,1,B2,1.0,33.786,34.324,1400.000,1400.000,1400.000,1400.000,1.654933,0.298383,0.318018,0.497287,0.121561,3.136534,101.907570,0.000000,0.618038191,0.491100883,1
pi3bplus_v2_margin_20260909T125804Z,pi3bplus,2,1,margin,true,28,13,1133,2026-09-09T13:01:37Z,1647153790879,fisvdd_revision,n1,1,B2,1.0,34.324,34.324,1400.000,1400.000,1400.000,1400.000,1.576809,0.292029,0.368174,0.508068,0.124322,3.116534,101.807987,0.000000,0.872967057,0.493776350,1
pi3bplus_v2_margin_20260909T125804Z,pi3bplus,2,1,margin,true,28,14,1134,2026-09-09T13:01:38Z,1647256292454,fisvdd_revision,n1,1,B2,1.0,34.324,34.324,1400.000,1400.000,1400.000,1400.000,1.599361,0.291299,0.309112,0.496506,0.121509,3.072785,101.821008,0.000000,0.927897316,0.490597367,1
pi3bplus_v2_margin_20260909T125804Z,pi3bplus,2,1,margin,true,28,15,1135,2026-09-09T13:01:38Z,1647358727779,fisvdd_revision,n1,1,B2,1.0,34.324,33.248,1400.000,1400.000,1400.000,1400.000,1.651912,0.295883,0.309164,0.504006,0.125780,3.135336,101.891892,0.000000,0.000000000,0.505493050,1
pi3bplus_v2_margin_20260909T125804Z,pi3bplus,2,1,margin,true,28,16,1136,2026-09-09T13:01:38Z,1647461239562,fisvdd_revision,n1,1,B2,1.0,33.786,34.324,1400.000,1400.000,1400.000,1400.000,1.552017,0.290570,0.313175,0.538068,0.123645,3.062732,101.839340,0.000000,0.950995720,0.491631393,1
pi3bplus_v2_margin_20260909T125804Z,pi3bplus,2,1,margin,true,28,17,1137,2026-09-09T13:01:38Z,1647563703116,fisvdd_revision,n1,1,B2,1.0,34.324,34.324,1400.000,1400.000,1400.000,1400.000,1.650454,0.300101,0.319112,0.499474,0.120364,3.134763,101.874965,0.000000,0.583740202,0.493395992,1
pi3bplus_v2_margin_20260909T125804Z,pi3bplus,2,1,margin,true,28,18,1138,2026-09-09T13:01:38Z,1647666198076,fisvdd_revision,n1,1,B2,1.0,34.324,34.324,1400.000,1400.000,1400.000,1400.000,1.555820,0.338226,0.306247,0.495308,0.120832,3.070701,101.869236,0.000000,0.873172632,0.490155753,1
pi3bplus_v2_margin_20260909T125804Z,pi3bplus,2,1,margin,true,28,19,1139,2026-09-09T13:01:38Z,1647768686421,fisvdd_revision,n1,1,B2,1.0,33.786,34.324,1400.000,1400.000,1400.000,1400.000,1.585038,0.289060,0.306456,0.498953,0.123749,3.061483,101.768039,0.000000,0.123147994,0.486949886,1
pi3bplus_v2_margin_20260909T125804Z,pi3bplus,2,1,margin,true,28,20,1140,2026-09-09T13:01:38Z,1647871075080,fisvdd_revision,n1,1,B2,1.0,34.324,34.324,1400.000,1400.000,1400.000,1400.000,1.771859,0.295622,0.310049,0.497235,0.127655,3.251897,101.961371,0.000000,0.635601250,0.505514064,1
pi3bplus_v2_margin_20260909T125804Z,pi3bplus,2,1,margin,true,28,21,1141,2026-09-09T13:01:38Z,1647973661393,fisvdd_revision,n1,1,B2,1.0,34.324,33.248,1400.000,1400.000,1400.000,1400.000,1.553736,0.292341,0.352757,0.509058,0.123176,3.077993,101.831112,0.000000,0.000225583,0.491275516,1
pi3bplus_v2_margin_20260909T125804Z,pi3bplus,2,1,margin,true,28,22,1142,2026-09-09T13:01:38Z,1648076180155,fisvdd_revision,n1,1,B2,1.0,34.324,34.324,1400.000,1400.000,1400.000,1400.000,1.610975,0.289164,0.315622,0.501193,0.122343,3.087680,101.849028,0.000000,0.226132534,0.489641595,1
pi3bplus_v2_margin_20260909T125804Z,pi3bplus,2,1,margin,true,28,23,1143,2026-09-09T13:01:38Z,1648178646729,fisvdd_revision,n1,1,B2,1.0,34.324,34.324,1400.000,1400.000,1400.000,1400.000,1.638735,0.300153,0.311820,0.501037,0.120260,3.117368,101.898768,0.000000,0.032109334,0.501682306,1
pi3bplus_v2_margin_20260909T125804Z,pi3bplus,2,1,margin,true,28,24,1144,2026-09-09T13:01:39Z,1648281169033,fisvdd_revision,n1,1,B2,1.0,34.324,34.324,1400.000,1400.000,1400.000,1400.000,1.551132,0.284476,0.306039,0.541662,0.126301,3.067316,101.816632,0.000000,0.000000000,0.500863189,1
pi3bplus_v2_margin_20260909T125804Z,pi3bplus,2,1,margin,true,28,25,1145,2026-09-09T13:01:39Z,1648383610920,fisvdd_revision,n1,1,B2,1.0,34.324,33.786,1400.000,1400.000,1400.000,1400.000,1.672798,0.290153,0.307706,0.498120,0.127395,3.147471,101.860902,0.000000,0.977951622,0.491045713,1
pi3bplus_v2_margin_20260909T125804Z,pi3bplus,2,1,margin,true,28,26,1146,2026-09-09T13:01:39Z,1648486089421,fisvdd_revision,n1,1,B2,1.0,34.324,33.786,1400.000,1400.000,1400.000,1400.000,1.587642,0.331612,0.312445,0.503224,0.121093,3.103461,101.833194,0.000000,0.000066448,0.492884393,1
pi3bplus_v2_margin_20260909T125804Z,pi3bplus,2,1,margin,true,28,27,1147,2026-09-09T13:01:39Z,1648588610370,fisvdd_revision,n1,1,B2,1.0,34.324,34.862,1400.000,1400.000,1400.000,1400.000,1.579100,0.290414,0.315778,0.495829,0.120156,3.046743,101.840642,0.000000,0.638275437,0.496443463,1
pi3bplus_v2_margin_20260909T125804Z,pi3bplus,2,1,margin,true,28,28,1148,2026-09-09T13:01:39Z,1648691113818,fisvdd_revision,n1,1,B2,1.0,34.324,33.786,1400.000,1400.000,1400.000,1400.000,1.677485,0.295257,0.310205,0.497391,0.119269,3.151066,101.888872,0.000000,0.992949930,0.499187846,1
pi3bplus_v2_margin_20260909T125804Z,pi3bplus,2,1,margin,true,28,29,1149,2026-09-09T13:01:39Z,1648793622215,fisvdd_revision,n1,1,B2,1.0,34.324,33.786,1400.000,1400.000,1400.000,1400.000,1.563267,0.286508,0.314893,0.581244,0.130103,3.121274,101.778716,0.000000,0.936918946,0.540156742,1
pi3bplus_v2_margin_20260909T125804Z,pi3bplus,2,1,margin,true,28,30,1150,2026-09-09T13:01:39Z,1648896160716,fisvdd_revision,n1,1,B2,1.0,34.324,34.324,1400.000,1400.000,1400.000,1400.000,1.620975,0.293018,0.309372,0.499995,0.126197,3.109868,101.891475,0.000000,0.643889560,0.514519433,1
pi3bplus_v2_margin_20260909T125804Z,pi3bplus,2,1,margin,true,28,31,1151,2026-09-09T13:01:39Z,1648998672915,fisvdd_revision,n1,1,B2,1.0,34.324,34.324,1400.000,1400.000,1400.000,1400.000,1.633266,0.291508,0.314268,0.497495,0.120624,3.101847,101.960797,0.000000,0.873800580,0.487188166,1
pi3bplus_v2_margin_20260909T125804Z,pi3bplus,2,1,margin,true,28,32,1152,2026-09-09T13:01:39Z,1649101254800,fisvdd_revision,n1,1,B2,1.0,34.324,34.324,1400.000,1400.000,1400.000,1400.000,1.563840,0.293226,0.316820,0.543849,0.123228,3.087108,101.874236,0.000000,0.871154600,0.490322448,1
pi3bplus_v2_margin_20260909T125804Z,pi3bplus,2,1,margin,true,28,33,1153,2026-09-09T13:01:39Z,1649203758666,fisvdd_revision,n1,1,B2,1.0,33.786,34.324,1400.000,1400.000,1400.000,1400.000,1.674099,0.296403,0.316872,0.494527,0.120415,3.148305,101.861631,0.000000,0.992864155,0.490017735,1
pi3bplus_v2_margin_20260909T125804Z,pi3bplus,2,1,margin,true,28,34,1154,2026-09-09T13:01:40Z,1649306243677,fisvdd_revision,n1,1,B2,1.0,33.786,34.324,1400.000,1400.000,1400.000,1400.000,1.560976,0.331768,0.307393,0.497027,0.127290,3.074920,101.921839,0.000000,0.946764007,0.495616419,1
pi3bplus_v2_margin_20260909T125804Z,pi3bplus,2,1,margin,true,28,35,1155,2026-09-09T13:01:40Z,1649408789677,fisvdd_revision,n1,1,B2,1.0,33.248,34.324,1400.000,1400.000,1400.000,1400.000,1.586444,0.290206,0.316508,0.498693,0.120833,3.056639,101.837830,0.000000,0.964339419,0.549764122,1
pi3bplus_v2_margin_20260909T125804Z,pi3bplus,2,1,margin,true,28,36,1156,2026-09-09T13:01:40Z,1649511254949,fisvdd_revision,n1,1,B2,1.0,34.324,34.324,1400.000,1400.000,1400.000,1400.000,1.667433,0.295050,0.313122,0.490829,0.120728,3.140440,101.912099,0.000000,0.993021899,0.489548756,1
pi3bplus_v2_margin_20260909T125804Z,pi3bplus,2,1,margin,true,28,37,1157,2026-09-09T13:01:40Z,1649613796313,fisvdd_revision,n1,1,B2,1.0,34.324,34.324,1400.000,1400.000,1400.000,1400.000,1.558475,0.287862,0.352757,0.502339,0.120416,3.078618,101.818299,0.000000,0.624565509,0.499062191,1
pi3bplus_v2_margin_20260909T125804Z,pi3bplus,2,1,margin,true,28,38,1158,2026-09-09T13:01:40Z,1649716307835,fisvdd_revision,n1,1,B2,1.0,34.324,34.324,1400.000,1400.000,1400.000,1400.000,1.600506,0.285362,0.308122,0.501297,0.127135,3.080857,101.818871,0.000000,0.926117253,0.509117719,1
pi3bplus_v2_margin_20260909T125804Z,pi3bplus,2,1,margin,true,28,39,1159,2026-09-09T13:01:40Z,1649818745086,fisvdd_revision,n1,1,B2,1.0,34.324,34.324,1400.000,1400.000,1400.000,1400.000,3.266741,0.319633,0.321820,0.815201,0.129634,5.123339,101.836475,0.000000,0.935575156,0.493316226,1
pi3bplus_v2_margin_20260909T125804Z,pi3bplus,2,1,margin,true,29,0,1160,2026-09-09T13:01:41Z,1650635699677,tinydl_revision,n512,512,B1,0.5,34.324,34.324,1400.000,1400.000,1400.000,1400.000,2.077534,34.747290,1.258479,2.790860,0.146822,42.908050,102.163608,0.000000,0.666457404,0.657316788,1
pi3bplus_v2_margin_20260909T125804Z,pi3bplus,2,1,margin,true,29,1,1161,2026-09-09T13:01:41Z,1650739344261,tinydl_revision,n512,512,B1,0.5,34.324,34.324,1400.000,1400.000,1400.000,1400.000,2.027846,35.251088,1.359988,3.029869,0.166509,43.923144,101.960484,0.000000,0.683183732,0.657094583,1
pi3bplus_v2_margin_20260909T125804Z,pi3bplus,2,1,margin,true,29,2,1162,2026-09-09T13:01:41Z,1650842702128,tinydl_revision,n512,512,B1,0.5,34.324,34.324,1400.000,1400.000,1400.000,1400.000,1.849619,33.795736,1.287905,2.512373,0.157082,41.271918,103.081672,0.000000,0.670580502,0.641936043,1
pi3bplus_v2_margin_20260909T125804Z,pi3bplus,2,1,margin,true,29,3,1163,2026-09-09T13:01:41Z,1650947115975,tinydl_revision,n512,512,B1,0.5,34.324,34.324,1400.000,1400.000,1400.000,1400.000,1.740193,33.880735,1.217073,2.578622,0.158332,41.315460,101.969599,0.000000,0.688097149,0.652752754,1
pi3bplus_v2_margin_20260909T125804Z,pi3bplus,2,1,margin,true,29,4,1164,2026-09-09T13:01:41Z,1651050413999,tinydl_revision,n512,512,B1,0.5,34.324,34.324,1400.000,1400.000,1400.000,1400.000,1.753838,33.894381,1.312332,2.504769,0.158593,41.304887,101.935849,0.000000,0.686390096,0.634352108,1
pi3bplus_v2_margin_20260909T125804Z,pi3bplus,2,1,margin,true,29,5,1165,2026-09-09T13:01:41Z,1651153675096,tinydl_revision,n512,512,B1,0.5,34.324,34.324,1400.000,1400.000,1400.000,1400.000,1.645402,33.991620,1.267229,2.515446,0.155780,41.227179,101.858610,0.000000,0.701439752,0.668548592,1
pi3bplus_v2_margin_20260909T125804Z,pi3bplus,2,1,margin,true,29,6,1166,2026-09-09T13:01:42Z,1651256943277,tinydl_revision,n512,512,B1,0.5,34.324,34.862,1400.000,1400.000,1400.000,1400.000,1.677433,33.775059,1.206448,2.573727,0.155520,41.034003,101.859807,0.000000,0.696519169,0.657196429,1
pi3bplus_v2_margin_20260909T125804Z,pi3bplus,2,1,margin,true,29,7,1167,2026-09-09T13:01:42Z,1651360200311,tinydl_revision,n512,512,B1,0.5,34.324,34.324,1400.000,1400.000,1400.000,1400.000,1.667746,33.760997,1.213686,2.568727,0.153227,41.102753,101.851318,0.000000,0.688769146,0.651875567,1
pi3bplus_v2_margin_20260909T125804Z,pi3bplus,2,1,margin,true,29,8,1168,2026-09-09T13:01:42Z,1651463371513,tinydl_revision,n512,512,B1,0.5,34.862,34.324,1400.000,1400.000,1400.000,1400.000,1.769880,33.873287,1.225666,2.559924,0.155312,41.310511,101.928973,0.000000,0.674377582,0.638050542,1
pi3bplus_v2_margin_20260909T125804Z,pi3bplus,2,1,margin,true,29,9,1169,2026-09-09T13:01:42Z,1651566661880,tinydl_revision,n512,512,B1,0.5,33.786,34.324,1400.000,1400.000,1400.000,1400.000,1.723890,34.043442,1.234625,2.536436,0.213592,41.477541,101.936421,0.000000,0.669405774,0.626629382,1
pi3bplus_v2_margin_20260909T125804Z,pi3bplus,2,1,margin,true,29,10,1170,2026-09-09T13:01:42Z,1651669946831,tinydl_revision,n512,512,B1,0.5,34.324,34.324,1400.000,1400.000,1400.000,1400.000,1.654516,33.892297,1.239781,2.507217,0.163332,41.145669,101.850692,0.000000,0.704822027,0.675047590,1
pi3bplus_v2_margin_20260909T125804Z,pi3bplus,2,1,margin,true,29,11,1171,2026-09-09T13:01:42Z,1651773214281,tinydl_revision,n512,512,B1,0.5,34.324,34.324,1400.000,1400.000,1400.000,1400.000,1.666600,33.976671,1.216656,2.582997,0.156977,41.276658,101.779913,0.000000,0.676005251,0.658090157,1
pi3bplus_v2_margin_20260909T125804Z,pi3bplus,2,1,margin,true,29,12,1172,2026-09-09T13:01:42Z,1651876467826,tinydl_revision,n512,512,B1,0.5,34.324,34.324,1400.000,1400.000,1400.000,1400.000,1.679307,33.829694,1.209573,2.578414,0.160468,41.155201,101.910432,0.000000,0.665778941,0.643257611,1
pi3bplus_v2_margin_20260909T125804Z,pi3bplus,2,1,margin,true,29,13,1173,2026-09-09T13:01:42Z,1651979704079,tinydl_revision,n512,512,B1,0.5,34.324,34.324,1400.000,1400.000,1400.000,1400.000,1.768213,33.850892,1.202906,2.578154,0.153020,41.291033,101.920536,0.000000,0.681333816,0.662513350,1
pi3bplus_v2_margin_20260909T125804Z,pi3bplus,2,1,margin,true,29,14,1174,2026-09-09T13:01:42Z,1652082945124,tinydl_revision,n512,512,B1,0.5,34.324,34.324,1400.000,1400.000,1400.000,1400.000,1.719568,33.801673,1.206604,2.500811,0.209842,41.168013,101.963817,0.000000,0.688073697,0.647654234,1
pi3bplus_v2_margin_20260909T125804Z,pi3bplus,2,1,margin,true,29,15,1175,2026-09-09T13:01:42Z,1652186232575,tinydl_revision,n512,512,B1,0.5,33.786,34.324,1400.000,1400.000,1400.000,1400.000,1.649516,34.021984,1.272072,2.500707,0.159895,41.298897,101.938764,0.000000,0.690073375,0.652976969,1
pi3bplus_v2_margin_20260909T125804Z,pi3bplus,2,1,margin,true,29,16,1176,2026-09-09T13:01:43Z,1652289545181,tinydl_revision,n512,512,B1,0.5,34.324,34.324,1400.000,1400.000,1400.000,1400.000,1.665454,33.813705,1.212281,2.577685,0.162238,41.104680,101.853609,0.000000,0.688113006,0.638568440,1
pi3bplus_v2_margin_20260909T125804Z,pi3bplus,2,1,margin,true,29,17,1177,2026-09-09T13:01:43Z,1652392811277,tinydl_revision,n512,512,B1,0.5,34.324,34.324,1400.000,1400.000,1400.000,1400.000,1.688161,33.812715,1.207594,2.582268,0.155416,41.101086,101.843661,0.000000,0.708297554,0.670120840,1
pi3bplus_v2_margin_20260909T125804Z,pi3bplus,2,1,margin,true,29,18,1178,2026-09-09T13:01:43Z,1652496062946,tinydl_revision,n512,512,B1,0.5,34.324,33.786,1400.000,1400.000,1400.000,1400.000,1.670661,33.660893,1.213218,2.541175,0.155832,40.979004,101.846526,0.000000,0.670342290,0.629318335,1
pi3bplus_v2_margin_20260909T125804Z,pi3bplus,2,1,margin,true,29,19,1179,2026-09-09T13:01:43Z,1652599223262,tinydl_revision,n512,512,B1,0.5,34.324,34.324,1400.000,1400.000,1400.000,1400.000,1.753057,33.862506,1.190563,2.554352,0.163957,41.271970,101.906213,0.000000,0.704845045,0.673684439,1
pi3bplus_v2_margin_20260909T125804Z,pi3bplus,2,1,margin,true,29,20,1180,2026-09-09T13:01:43Z,1652702444619,tinydl_revision,n512,512,B1,0.5,34.324,34.862,1400.000,1400.000,1400.000,1400.000,1.703735,33.750163,1.280196,2.533258,0.158176,41.083482,101.909181,0.000000,0.671689387,0.633209785,1
pi3bplus_v2_margin_20260909T125804Z,pi3bplus,2,1,margin,true,29,21,1181,2026-09-09T13:01:43Z,1652805680195,tinydl_revision,n512,512,B1,0.5,34.862,33.786,1400.000,1400.000,1400.000,1400.000,1.651078,33.925474,2.270084,2.757787,0.155832,43.563876,101.849025,0.000000,0.676797440,0.652650687,1
pi3bplus_v2_margin_20260909T125804Z,pi3bplus,2,1,margin,true,29,22,1182,2026-09-09T13:01:43Z,1652908931708,tinydl_revision,n512,512,B1,0.5,34.324,34.324,1400.000,1400.000,1400.000,1400.000,1.676860,34.471094,1.200666,2.605706,0.155364,41.708476,101.855952,0.000000,0.692440401,0.655987959,1
pi3bplus_v2_margin_20260909T125804Z,pi3bplus,2,1,margin,true,29,23,1183,2026-09-09T13:01:43Z,1653012185668,tinydl_revision,n512,512,B1,0.5,34.324,34.324,1400.000,1400.000,1400.000,1400.000,1.666651,33.699851,1.197177,2.579091,0.160572,41.075670,101.847516,0.000000,0.680542909,0.661494691,1
pi3bplus_v2_margin_20260909T125804Z,pi3bplus,2,1,margin,true,29,24,1184,2026-09-09T13:01:43Z,1653115353640,tinydl_revision,n512,512,B1,0.5,34.324,34.324,1400.000,1400.000,1400.000,1400.000,1.738734,33.804538,1.208843,2.558310,0.157759,41.203794,101.925744,0.000000,0.663691026,0.641889785,1
pi3bplus_v2_margin_20260909T125804Z,pi3bplus,2,1,margin,true,29,25,1185,2026-09-09T13:01:43Z,1653218633434,tinydl_revision,n512,512,B1,0.5,33.248,34.324,1400.000,1400.000,1400.000,1400.000,1.710349,33.801100,1.295405,2.508258,0.155832,41.126815,101.919233,0.000000,0.683406371,0.660147233,1
pi3bplus_v2_margin_20260909T125804Z,pi3bplus,2,1,margin,true,29,26,1186,2026-09-09T13:01:44Z,1653321871301,tinydl_revision,n512,512,B1,0.5,34.324,34.324,1400.000,1400.000,1400.000,1400.000,1.643526,33.847505,1.279780,2.506019,0.155207,41.113951,101.854546,0.000000,0.679499091,0.635113983,1
pi3bplus_v2_margin_20260909T125804Z,pi3bplus,2,1,margin,true,29,27,1187,2026-09-09T13:01:44Z,1653425126459,tinydl_revision,n512,512,B1,0.5,34.324,33.786,1400.000,1400.000,1400.000,1400.000,1.666078,33.855422,1.198947,2.578310,0.165467,41.144471,101.853713,0.000000,0.688511664,0.652211846,1
pi3bplus_v2_margin_20260909T125804Z,pi3bplus,2,1,margin,true,29,28,1188,2026-09-09T13:01:44Z,1653528393440,tinydl_revision,n512,512,B1,0.5,34.324,34.324,1400.000,1400.000,1400.000,1400.000,1.670766,33.730424,1.207698,2.578622,0.155728,41.075409,101.931212,0.000000,0.686349456,0.633770483,1
pi3bplus_v2_margin_20260909T125804Z,pi3bplus,2,1,margin,true,29,29,1189,2026-09-09T13:01:44Z,1653631644901,tinydl_revision,n512,512,B1,0.5,34.324,34.324,1400.000,1400.000,1400.000,1400.000,1.752484,33.899068,1.200926,2.573467,0.155051,41.351552,101.899076,0.000000,0.721736233,0.690954431,1
pi3bplus_v2_margin_20260909T125804Z,pi3bplus,2,1,margin,true,29,30,1190,2026-09-09T13:01:44Z,1653734899851,tinydl_revision,n512,512,B1,0.5,34.324,33.786,1400.000,1400.000,1400.000,1400.000,1.717276,33.742090,1.280821,2.492894,0.161978,41.074940,101.988607,0.000000,0.673274409,0.643870602,1
pi3bplus_v2_margin_20260909T125804Z,pi3bplus,2,1,margin,true,29,31,1191,2026-09-09T13:01:44Z,1653838214227,tinydl_revision,n512,512,B1,0.5,34.324,34.862,1400.000,1400.000,1400.000,1400.000,1.652224,35.558116,1.178010,2.610133,0.156666,43.616063,101.928868,0.000000,0.690368701,0.642939807,1
pi3bplus_v2_margin_20260909T125804Z,pi3bplus,2,1,margin,true,29,32,1192,2026-09-09T13:01:44Z,1653941502354,tinydl_revision,n512,512,B1,0.5,34.324,34.324,1400.000,1400.000,1400.000,1400.000,2.599143,33.914380,1.298217,2.500967,0.162915,42.189826,101.849754,0.000000,0.670227517,0.628904137,1
pi3bplus_v2_margin_20260909T125804Z,pi3bplus,2,1,margin,true,29,33,1193,2026-09-09T13:01:44Z,1654044773085,tinydl_revision,n512,512,B1,0.5,33.248,34.324,1400.000,1400.000,1400.000,1400.000,1.686651,33.742663,1.202385,2.580080,0.152394,41.022909,101.855795,0.000000,0.681867956,0.664064743,1
pi3bplus_v2_margin_20260909T125804Z,pi3bplus,2,1,margin,true,29,34,1194,2026-09-09T13:01:44Z,1654147954650,tinydl_revision,n512,512,B1,0.5,34.862,34.324,1400.000,1400.000,1400.000,1400.000,1.663162,33.777871,1.226290,2.570654,0.154113,41.204210,101.887618,0.000000,0.697233019,0.653502401,1
pi3bplus_v2_margin_20260909T125804Z,pi3bplus,2,1,margin,true,29,35,1195,2026-09-09T13:01:45Z,1654251162933,tinydl_revision,n512,512,B1,0.5,34.324,34.324,1400.000,1400.000,1400.000,1400.000,1.771859,33.805006,1.208062,2.583935,0.163592,41.288064,101.935847,0.000000,0.667898875,0.661825037,1
pi3bplus_v2_margin_20260909T125804Z,pi3bplus,2,1,margin,true,29,36,1196,2026-09-09T13:01:45Z,1654354453195,tinydl_revision,n512,512,B1,0.5,33.248,34.324,1400.000,1400.000,1400.000,1400.000,1.714464,33.752767,1.274781,2.521800,0.158124,41.091763,101.942617,0.000000,0.677822026,0.647297950,1
pi3bplus_v2_margin_20260909T125804Z,pi3bplus,2,1,margin,true,29,37,1197,2026-09-09T13:01:45Z,1654457726425,tinydl_revision,n512,512,B1,0.5,34.324,34.324,1400.000,1400.000,1400.000,1400.000,1.652850,33.885787,1.294936,2.512790,0.154009,41.245772,101.867723,0.000000,0.678648902,0.655806315,1
pi3bplus_v2_margin_20260909T125804Z,pi3bplus,2,1,margin,true,29,38,1198,2026-09-09T13:01:45Z,1654561000229,tinydl_revision,n512,512,B1,0.5,34.324,34.324,1400.000,1400.000,1400.000,1400.000,1.678630,33.822714,1.224989,2.558778,0.159374,41.110721,101.882357,0.000000,0.691502049,0.654612395,1
pi3bplus_v2_margin_20260909T125804Z,pi3bplus,2,1,margin,true,29,39,1199,2026-09-09T13:01:45Z,1654664280282,tinydl_revision,n512,512,B1,0.5,34.324,34.324,1400.000,1400.000,1400.000,1400.000,1.665297,33.679591,1.211916,2.564092,0.162447,41.019888,101.857201,0.000000,0.683480802,0.630824787,1
pi3bplus_v2_margin_20260909T125804Z,pi3bplus,2,1,margin,true,30,0,1200,2026-09-09T13:01:46Z,1655432121132,lucid_revision,n512,512,B2,1.0,34.324,34.324,1400.000,1400.000,1400.000,1400.000,2.032429,34.871142,1.360092,300.813938,0.140988,341.032220,342.784860,241.032220,0.690161427,0.606292317,1
pi3bplus_v2_margin_20260909T125804Z,pi3bplus,2,1,margin,true,30,1,1201,2026-09-09T13:01:46Z,1655776275563,lucid_revision,n512,512,B2,1.0,34.324,34.862,1400.000,1400.000,1400.000,1400.000,1.654360,33.681205,1.202333,286.206571,0.141665,324.614816,326.365789,224.614816,0.710815308,0.615619933,1
pi3bplus_v2_margin_20260909T125804Z,pi3bplus,2,1,margin,true,30,2,1202,2026-09-09T13:01:46Z,1656103941341,lucid_revision,n512,512,B2,1.0,34.862,34.862,1400.000,1400.000,1400.000,1400.000,1.658110,33.777923,1.239989,284.445908,0.141562,323.051235,324.844813,223.051235,0.678304740,0.592114902,1
pi3bplus_v2_margin_20260909T125804Z,pi3bplus,2,1,margin,true,30,3,1203,2026-09-09T13:01:47Z,1656430090881,lucid_revision,n512,512,B2,1.0,34.862,35.400,1400.000,1400.000,1400.000,1400.000,1.637224,33.720475,1.272228,307.956476,0.187342,346.490449,348.740533,246.490449,0.671885857,0.587640915,1
pi3bplus_v2_margin_20260909T125804Z,pi3bplus,2,1,margin,true,30,4,1204,2026-09-09T13:01:47Z,1656780521034,lucid_revision,n512,512,B2,1.0,35.400,35.400,1400.000,1400.000,1400.000,1400.000,2.284303,36.232588,1.480768,292.046776,0.148072,334.514568,336.321896,234.514568,0.685011721,0.595920923,1
pi3bplus_v2_margin_20260909T125804Z,pi3bplus,2,1,margin,true,30,5,1205,2026-09-09T13:01:47Z,1657118144012,lucid_revision,n512,512,B2,1.0,35.938,35.938,1400.000,1400.000,1400.000,1400.000,1.641704,33.717506,1.241187,285.351420,0.142864,323.792425,325.543971,223.792425,0.693711643,0.609391797,1
pi3bplus_v2_margin_20260909T125804Z,pi3bplus,2,1,margin,true,30,6,1206,2026-09-09T13:01:48Z,1657445034950,lucid_revision,n512,512,B2,1.0,35.400,36.476,1400.000,1400.000,1400.000,1400.000,1.655142,33.798703,1.219885,284.471532,0.140988,322.930922,324.717885,222.930922,0.681284884,0.597599834,1
pi3bplus_v2_margin_20260909T125804Z,pi3bplus,2,1,margin,true,30,7,1207,2026-09-09T13:01:48Z,1657771059594,lucid_revision,n512,512,B2,1.0,35.938,36.476,1400.000,1400.000,1400.000,1400.000,1.714828,33.638132,1.267019,285.161213,0.140988,323.599770,325.408087,223.599770,0.664074559,0.578991187,1
pi3bplus_v2_margin_20260909T125804Z,pi3bplus,2,1,margin,true,30,8,1208,2026-09-09T13:01:48Z,1658097770117,lucid_revision,n512,512,B2,1.0,35.400,36.476,1400.000,1400.000,1400.000,1400.000,1.641704,33.743860,1.215979,284.486374,0.148228,322.882431,324.636686,222.882431,0.681576131,0.597069015,1
pi3bplus_v2_margin_20260909T125804Z,pi3bplus,2,1,margin,true,30,9,1209,2026-09-09T13:01:49Z,1658423736947,lucid_revision,n512,512,B2,1.0,35.938,35.400,1400.000,1400.000,1400.000,1400.000,1.699620,33.665631,1.211396,284.877307,0.140364,323.333834,325.375638,223.333834,0.679341062,0.591276659,1
pi3bplus_v2_margin_20260909T125804Z,pi3bplus,2,1,margin,true,30,10,1210,2026-09-09T13:01:49Z,1658750440021,lucid_revision,n512,512,B2,1.0,36.476,36.476,1400.000,1400.000,1400.000,1400.000,1.703995,33.740110,1.283218,284.412468,0.147342,322.941336,324.683560,222.941336,0.682968725,0.599072557,1
pi3bplus_v2_margin_20260909T125804Z,pi3bplus,2,1,margin,true,30,11,1211,2026-09-09T13:01:49Z,1659076469298,lucid_revision,n512,512,B2,1.0,36.476,35.938,1400.000,1400.000,1400.000,1400.000,1.667433,33.630840,1.252228,285.195637,0.196405,323.683152,325.438136,223.683152,0.691597185,0.602027630,1
pi3bplus_v2_margin_20260909T125804Z,pi3bplus,2,1,margin,true,30,12,1212,2026-09-09T13:01:50Z,1659403227579,lucid_revision,n512,512,B2,1.0,36.476,36.476,1400.000,1400.000,1400.000,1400.000,1.705922,33.688548,1.211603,284.409290,0.146769,322.878366,324.625642,222.878366,0.703585929,0.613587048,1
pi3bplus_v2_margin_20260909T125804Z,pi3bplus,2,1,margin,true,30,13,1213,2026-09-09T13:01:50Z,1659729198834,lucid_revision,n512,512,B2,1.0,36.476,36.476,1400.000,1400.000,1400.000,1400.000,1.654464,33.669850,1.220718,285.209959,0.145572,323.569663,325.324699,223.569663,0.688668168,0.598415130,1
pi3bplus_v2_margin_20260909T125804Z,pi3bplus,2,1,margin,true,30,14,1214,2026-09-09T13:01:50Z,1660055815031,lucid_revision,n512,512,B2,1.0,36.476,37.014,1400.000,1400.000,1400.000,1400.000,1.698474,33.673913,1.195875,284.319134,0.146353,322.756024,324.609184,222.756024,0.687728474,0.599464220,1
pi3bplus_v2_margin_20260909T125804Z,pi3bplus,2,1,margin,true,30,15,1215,2026-09-09T13:01:51Z,1660381748110,lucid_revision,n512,512,B2,1.0,36.476,36.476,1400.000,1400.000,1400.000,1400.000,1.653995,33.673965,1.227489,284.787722,0.141248,323.161487,324.908034,223.161487,0.679407171,0.600789865,1
pi3bplus_v2_margin_20260909T125804Z,pi3bplus,2,1,margin,true,30,16,1216,2026-09-09T13:01:51Z,1660707956809,lucid_revision,n512,512,B2,1.0,36.476,36.476,1400.000,1400.000,1400.000,1400.000,1.659828,33.720735,1.212750,285.128240,0.143592,323.656171,325.486935,223.656171,0.671568641,0.578494437,1
pi3bplus_v2_margin_20260909T125804Z,pi3bplus,2,1,margin,true,30,17,1217,2026-09-09T13:01:51Z,1661034771909,lucid_revision,n512,512,B2,1.0,36.476,36.476,1400.000,1400.000,1400.000,1400.000,1.696391,33.671882,1.257853,284.944595,0.145988,323.391642,325.142720,223.391642,0.702370359,0.615778722,1
pi3bplus_v2_margin_20260909T125804Z,pi3bplus,2,1,margin,true,30,18,1218,2026-09-09T13:01:52Z,1661361305189,lucid_revision,n512,512,B2,1.0,36.476,37.014,1400.000,1400.000,1400.000,1400.000,1.652745,33.815578,1.206759,284.276892,0.188800,322.803364,324.542671,222.803364,0.678734197,0.598423603,1
pi3bplus_v2_margin_20260909T125804Z,pi3bplus,2,1,margin,true,30,19,1219,2026-09-09T13:01:52Z,1661687147536,lucid_revision,n512,512,B2,1.0,36.476,36.476,1400.000,1400.000,1400.000,1400.000,1.705922,33.733443,1.225927,285.175373,0.139946,323.709294,325.515736,223.709294,0.660153452,0.576840745,1
pi3bplus_v2_margin_20260909T125804Z,pi3bplus,2,1,margin,true,30,20,1220,2026-09-09T13:01:52Z,1662013989822,lucid_revision,n512,512,B2,1.0,37.552,36.476,1400.000,1400.000,1400.000,1400.000,1.639308,33.838390,1.254624,284.290589,0.142759,322.822843,324.564910,222.822843,0.691305746,0.605276102,1
pi3bplus_v2_margin_20260909T125804Z,pi3bplus,2,1,margin,true,30,21,1221,2026-09-09T13:01:53Z,1662339856596,lucid_revision,n512,512,B2,1.0,36.476,36.476,1400.000,1400.000,1400.000,1400.000,1.707745,33.630423,1.208114,285.190268,0.145832,323.670542,325.478234,223.670542,0.676739464,0.589660676,1
pi3bplus_v2_margin_20260909T125804Z,pi3bplus,2,1,margin,true,30,22,1222,2026-09-09T13:01:53Z,1662666638203,lucid_revision,n512,512,B2,1.0,37.014,36.476,1400.000,1400.000,1400.000,1400.000,1.688526,33.971201,1.283269,284.685949,0.141405,323.427368,325.183081,223.427368,0.697054620,0.607752055,1
pi3bplus_v2_margin_20260909T125804Z,pi3bplus,2,1,margin,true,30,23,1223,2026-09-09T13:01:53Z,1662993172470,lucid_revision,n512,512,B2,1.0,36.476,36.476,1400.000,1400.000,1400.000,1400.000,1.662120,33.753286,1.218323,284.866625,0.142967,323.327316,325.066883,223.327316,0.685642512,0.598536235,1
pi3bplus_v2_margin_20260909T125804Z,pi3bplus,2,1,margin,true,30,24,1224,2026-09-09T13:01:54Z,1663319539862,lucid_revision,n512,512,B2,1.0,36.476,37.552,1400.000,1400.000,1400.000,1400.000,1.707953,33.725838,1.196291,284.575949,0.147499,323.073567,324.864489,223.073567,0.707428408,0.615088234,1
pi3bplus_v2_margin_20260909T125804Z,pi3bplus,2,1,margin,true,30,25,1225,2026-09-09T13:01:54Z,1663645731213,lucid_revision,n512,512,B2,1.0,36.476,36.476,1400.000,1400.000,1400.000,1400.000,1.637641,33.674537,1.211968,286.534369,0.140363,324.882197,326.710409,224.882197,0.672869990,0.582849380,1
pi3bplus_v2_margin_20260909T125804Z,pi3bplus,2,1,margin,true,30,26,1226,2026-09-09T13:01:54Z,1663973746767,lucid_revision,n512,512,B2,1.0,37.014,37.014,1400.000,1400.000,1400.000,1400.000,1.640037,33.804588,1.203322,284.469335,0.146665,322.918412,324.662354,222.918412,0.702662123,0.618389123,1
pi3bplus_v2_margin_20260909T125804Z,pi3bplus,2,1,margin,true,30,27,1227,2026-09-09T13:01:55Z,1664299716453,lucid_revision,n512,512,B2,1.0,37.014,37.014,1400.000,1400.000,1400.000,1400.000,1.702172,33.688599,1.212749,285.138495,0.142290,323.636998,325.445627,223.636998,0.666807865,0.584567528,1
pi3bplus_v2_margin_20260909T125804Z,pi3bplus,2,1,margin,true,30,28,1228,2026-09-09T13:01:55Z,1664626491339,lucid_revision,n512,512,B2,1.0,36.476,37.014,1400.000,1400.000,1400.000,1400.000,1.688005,33.659901,1.265249,285.600209,0.140832,324.005588,325.809582,224.005588,0.682822480,0.592900238,1
pi3bplus_v2_margin_20260909T125804Z,pi3bplus,2,1,margin,true,30,29,1229,2026-09-09T13:01:55Z,1664953619399,lucid_revision,n512,512,B2,1.0,37.014,37.014,1400.000,1400.000,1400.000,1400.000,1.627641,33.847452,1.217228,284.897612,0.140155,323.381531,325.119953,223.381531,0.693682092,0.609433079,1
pi3bplus_v2_margin_20260909T125804Z,pi3bplus,2,1,margin,true,30,30,1230,2026-09-09T13:01:56Z,1665280088402,lucid_revision,n512,512,B2,1.0,36.476,37.552,1400.000,1400.000,1400.000,1400.000,1.671652,33.703911,1.195614,284.417979,0.147238,322.860858,324.660581,222.860858,0.674870303,0.592204999,1
pi3bplus_v2_margin_20260909T125804Z,pi3bplus,2,1,margin,true,30,31,1231,2026-09-09T13:01:56Z,1665606055065,lucid_revision,n512,512,B2,1.0,36.476,37.014,1400.000,1400.000,1400.000,1400.000,1.644881,33.760786,1.262905,285.229742,0.147707,323.718349,325.458073,223.718349,0.668599056,0.582647863,1
pi3bplus_v2_margin_20260909T125804Z,pi3bplus,2,1,margin,true,30,32,1232,2026-09-09T13:01:56Z,1665932966458,lucid_revision,n512,512,B2,1.0,36.476,37.014,1400.000,1400.000,1400.000,1400.000,1.708318,35.973057,1.238686,284.345115,0.146978,325.947027,327.746230,225.947027,0.683474335,0.599678905,1
pi3bplus_v2_margin_20260909T125804Z,pi3bplus,2,1,margin,true,30,33,1233,2026-09-09T13:01:57Z,1666262048561,lucid_revision,n512,512,B2,1.0,37.014,37.014,1400.000,1400.000,1400.000,1400.000,1.641756,33.647662,1.289832,284.839745,0.146978,323.242519,324.992295,223.242519,0.683592178,0.598344846,1
pi3bplus_v2_margin_20260909T125804Z,pi3bplus,2,1,margin,true,30,34,1234,2026-09-09T13:01:57Z,1666588386156,lucid_revision,n512,512,B2,1.0,37.014,37.552,1400.000,1400.000,1400.000,1400.000,1.651808,33.773077,1.208166,284.256157,0.144687,322.731586,324.538393,222.731586,0.684992065,0.596178152,1
pi3bplus_v2_margin_20260909T125804Z,pi3bplus,2,1,margin,true,30,35,1235,2026-09-09T13:01:57Z,1666914229381,lucid_revision,n512,512,B2,1.0,37.552,37.552,1400.000,1400.000,1400.000,1400.000,1.636756,33.977607,1.288113,285.523384,0.139895,324.218083,326.005515,224.218083,0.690917969,0.601967605,1
pi3bplus_v2_margin_20260909T125804Z,pi3bplus,2,1,margin,true,30,36,1236,2026-09-09T13:01:57Z,1667241561290,lucid_revision,n512,512,B2,1.0,37.552,37.014,1400.000,1400.000,1400.000,1400.000,1.645350,33.740109,1.214520,284.660787,0.140624,323.075383,324.819378,223.075383,0.719424318,0.624311531,1
pi3bplus_v2_margin_20260909T125804Z,pi3bplus,2,1,margin,true,30,37,1237,2026-09-09T13:01:58Z,1667567683989,lucid_revision,n512,512,B2,1.0,37.552,37.552,1400.000,1400.000,1400.000,1400.000,1.704255,33.745056,1.227802,285.123438,0.140207,323.672566,325.472237,223.672566,0.667655324,0.579254509,1
pi3bplus_v2_margin_20260909T125804Z,pi3bplus,2,1,margin,true,30,38,1238,2026-09-09T13:01:58Z,1667894454652,lucid_revision,n512,512,B2,1.0,37.014,37.014,1400.000,1400.000,1400.000,1400.000,1.689412,33.793337,1.269676,284.973596,0.140415,323.528609,325.285728,223.528609,0.686229318,0.604246401,1
pi3bplus_v2_margin_20260909T125804Z,pi3bplus,2,1,margin,true,30,39,1239,2026-09-09T13:01:58Z,1668221087191,lucid_revision,n512,512,B2,1.0,37.552,37.552,1400.000,1400.000,1400.000,1400.000,1.650714,33.685422,1.222073,285.156666,0.141717,323.536732,325.277133,223.536732,0.676191480,0.591789023,1
pi3bplus_v2_margin_20260909T125804Z,pi3bplus,2,1,margin,true,31,0,1240,2026-09-09T13:01:59Z,1669250899346,lucid_revision,n64,64,B1,0.5,37.014,36.476,1400.000,1400.000,1400.000,1400.000,2.252531,4.627719,0.493068,37.296743,0.133124,45.354273,102.290628,0.000000,0.670161740,0.562191342,1
pi3bplus_v2_margin_20260909T125804Z,pi3bplus,2,1,margin,true,31,1,1241,2026-09-09T13:02:00Z,1669353992050,lucid_revision,n64,64,B1,0.5,36.476,36.476,1400.000,1400.000,1400.000,1400.000,1.910451,4.753602,0.494839,37.888612,0.150624,45.690155,101.870684,0.000000,0.649384487,0.572317147,1
pi3bplus_v2_margin_20260909T125804Z,pi3bplus,2,1,margin,true,31,2,1242,2026-09-09T13:02:00Z,1669456672049,lucid_revision,n64,64,B1,0.5,36.476,36.476,1400.000,1400.000,1400.000,1400.000,1.606496,4.388710,0.472964,37.097161,0.141561,44.156576,101.819851,0.000000,0.656542359,0.561254023,1
pi3bplus_v2_margin_20260909T125804Z,pi3bplus,2,1,margin,true,31,3,1243,2026-09-09T13:02:00Z,1669559213872,lucid_revision,n64,64,B1,0.5,36.476,36.476,1400.000,1400.000,1400.000,1400.000,1.692328,4.390428,0.465725,37.007214,0.136145,44.138035,101.904746,0.000000,0.717501934,0.620474445,1
pi3bplus_v2_margin_20260909T125804Z,pi3bplus,2,1,margin,true,31,4,1244,2026-09-09T13:02:00Z,1669661846737,lucid_revision,n64,64,B1,0.5,36.476,36.476,1400.000,1400.000,1400.000,1400.000,1.563006,4.358398,0.469058,37.028724,0.135207,44.067461,101.821204,0.000000,0.696057551,0.617756280,1
pi3bplus_v2_margin_20260909T125804Z,pi3bplus,2,1,margin,true,31,5,1245,2026-09-09T13:02:00Z,1669764488871,lucid_revision,n64,64,B1,0.5,36.476,36.476,1400.000,1400.000,1400.000,1400.000,1.609360,4.403241,0.463902,37.125703,0.137238,44.189128,101.818237,0.000000,0.685050511,0.608634055,1
pi3bplus_v2_margin_20260909T125804Z,pi3bplus,2,1,margin,true,31,6,1246,2026-09-09T13:02:00Z,1669867074288,lucid_revision,n64,64,B1,0.5,36.476,36.476,1400.000,1400.000,1400.000,1400.000,1.688109,4.365793,0.461715,37.010078,0.135259,44.110847,101.950058,0.000000,0.685795795,0.588474976,1
pi3bplus_v2_margin_20260909T125804Z,pi3bplus,2,1,margin,true,31,7,1247,2026-09-09T13:02:00Z,1669969756370,lucid_revision,n64,64,B1,0.5,36.476,36.476,1400.000,1400.000,1400.000,1400.000,1.580976,4.366522,0.470829,37.263775,0.137030,44.321627,101.821309,0.000000,0.693433287,0.609277158,1
pi3bplus_v2_margin_20260909T125804Z,pi3bplus,2,1,margin,true,31,8,1248,2026-09-09T13:02:00Z,1670072393401,lucid_revision,n64,64,B1,0.5,35.938,36.476,1400.000,1400.000,1400.000,1400.000,1.601964,4.405532,0.466038,37.087109,0.136718,44.149805,101.827038,0.000000,0.729474596,0.662986163,1
pi3bplus_v2_margin_20260909T125804Z,pi3bplus,2,1,margin,true,31,9,1249,2026-09-09T13:02:00Z,1670174953922,lucid_revision,n64,64,B1,0.5,36.476,36.476,1400.000,1400.000,1400.000,1400.000,1.682953,4.398033,0.467547,37.063255,0.136665,44.201315,101.917402,0.000000,0.700446760,0.597698674,1
pi3bplus_v2_margin_20260909T125804Z,pi3bplus,2,1,margin,true,31,10,1250,2026-09-09T13:02:01Z,1670277603921,lucid_revision,n64,64,B1,0.5,35.938,36.476,1400.000,1400.000,1400.000,1400.000,1.578215,4.406783,0.530099,36.993776,0.134061,44.092149,101.830736,0.000000,0.695708044,0.606672008,1
pi3bplus_v2_margin_20260909T125804Z,pi3bplus,2,1,margin,true,31,11,1251,2026-09-09T13:02:01Z,1670380242827,lucid_revision,n64,64,B1,0.5,36.476,36.476,1400.000,1400.000,1400.000,1400.000,1.608892,4.398241,0.463902,37.023672,0.135051,44.085221,101.807037,0.000000,0.644708293,0.564846979,1
pi3bplus_v2_margin_20260909T125804Z,pi3bplus,2,1,margin,true,31,12,1252,2026-09-09T13:02:01Z,1670482784493,lucid_revision,n64,64,B1,0.5,36.476,35.938,1400.000,1400.000,1400.000,1400.000,1.686079,4.411470,0.466662,37.034193,0.135051,44.182981,101.920891,0.000000,0.749280948,0.669347368,1
pi3bplus_v2_margin_20260909T125804Z,pi3bplus,2,1,margin,true,31,13,1253,2026-09-09T13:02:01Z,1670585429700,lucid_revision,n64,64,B1,0.5,35.938,35.938,1400.000,1400.000,1400.000,1400.000,1.578215,4.385741,0.533850,37.027890,0.136821,44.111628,101.822351,0.000000,0.713245001,0.625312753,1
pi3bplus_v2_margin_20260909T125804Z,pi3bplus,2,1,margin,true,31,14,1254,2026-09-09T13:02:01Z,1670687978971,lucid_revision,n64,64,B1,0.5,35.938,36.476,1400.000,1400.000,1400.000,1400.000,1.616339,4.414804,0.468225,36.930860,0.203227,44.159336,101.824381,0.000000,0.651567225,0.551230557,1
pi3bplus_v2_margin_20260909T125804Z,pi3bplus,2,1,margin,true,31,15,1255,2026-09-09T13:02:01Z,1670790526731,lucid_revision,n64,64,B1,0.5,35.400,35.938,1400.000,1400.000,1400.000,1400.000,1.659724,4.404491,0.462912,36.920391,0.136822,44.046316,101.907089,0.000000,0.648552680,0.565035205,1
pi3bplus_v2_margin_20260909T125804Z,pi3bplus,2,1,margin,true,31,16,1256,2026-09-09T13:02:01Z,1670893170897,lucid_revision,n64,64,B1,0.5,35.938,35.938,1400.000,1400.000,1400.000,1400.000,1.572746,4.408918,0.462756,37.068307,0.136510,44.096315,101.704695,0.000000,0.708732440,0.655868808,1
pi3bplus_v2_margin_20260909T125804Z,pi3bplus,2,1,margin,true,31,17,1257,2026-09-09T13:02:01Z,1670997683170,lucid_revision,n64,64,B1,0.5,35.938,36.476,1400.000,1400.000,1400.000,1400.000,1.766338,4.393189,0.476610,37.119296,0.135884,44.449021,101.832715,0.000000,0.650638458,0.549408915,1
pi3bplus_v2_margin_20260909T125804Z,pi3bplus,2,1,margin,true,31,18,1258,2026-09-09T13:02:01Z,1671100331815,lucid_revision,n64,64,B1,0.5,35.938,35.938,1400.000,1400.000,1400.000,1400.000,1.625766,4.422095,0.465881,36.991328,0.140468,44.092461,101.827558,0.000000,0.684901825,0.616292279,1
pi3bplus_v2_margin_20260909T125804Z,pi3bplus,2,1,margin,true,31,19,1259,2026-09-09T13:02:01Z,1671202885669,lucid_revision,n64,64,B1,0.5,35.938,36.476,1400.000,1400.000,1400.000,1400.000,1.680088,4.409647,0.464840,36.945599,0.136718,44.089284,101.940838,0.000000,0.642359853,0.548357034,1
pi3bplus_v2_margin_20260909T125804Z,pi3bplus,2,1,margin,true,31,20,1260,2026-09-09T13:02:02Z,1671305597021,lucid_revision,n64,64,B1,0.5,35.400,35.400,1400.000,1400.000,1400.000,1400.000,1.588006,4.421314,0.527182,36.995495,0.144322,44.130794,101.851308,0.000000,0.742341540,0.665489784,1
pi3bplus_v2_margin_20260909T125804Z,pi3bplus,2,1,margin,true,31,21,1261,2026-09-09T13:02:02Z,1671408254519,lucid_revision,n64,64,B1,0.5,35.938,35.938,1400.000,1400.000,1400.000,1400.000,1.646600,4.423293,0.466454,37.043724,0.136926,44.176784,101.852714,0.000000,0.661500831,0.581858331,1
pi3bplus_v2_margin_20260909T125804Z,pi3bplus,2,1,margin,true,31,22,1262,2026-09-09T13:02:02Z,1671510831289,lucid_revision,n64,64,B1,0.5,36.476,35.400,1400.000,1400.000,1400.000,1400.000,1.679881,4.410220,0.463641,36.950808,0.141926,44.097045,101.894485,0.000000,0.604163374,0.524240553,1
pi3bplus_v2_margin_20260909T125804Z,pi3bplus,2,1,margin,true,31,23,1263,2026-09-09T13:02:02Z,1671613451392,lucid_revision,n64,64,B1,0.5,35.938,36.476,1400.000,1400.000,1400.000,1400.000,1.569777,4.372095,0.516558,37.001797,0.137082,44.042722,101.825006,0.000000,0.663456648,0.565646109,1
pi3bplus_v2_margin_20260909T125804Z,pi3bplus,2,1,margin,true,31,24,1264,2026-09-09T13:02:02Z,1671716059672,lucid_revision,n64,64,B1,0.5,35.938,34.862,1400.000,1400.000,1400.000,1400.000,1.611756,4.379075,0.466089,36.978828,0.210675,44.090586,101.825162,0.000000,0.661846702,0.582737397,1
pi3bplus_v2_margin_20260909T125804Z,pi3bplus,2,1,margin,true,31,25,1265,2026-09-09T13:02:02Z,1671818611703,lucid_revision,n64,64,B1,0.5,35.400,35.400,1400.000,1400.000,1400.000,1400.000,1.650245,4.389439,0.471142,37.049453,0.145571,44.154023,101.904640,0.000000,0.649602786,0.569599365,1
pi3bplus_v2_margin_20260909T125804Z,pi3bplus,2,1,margin,true,31,26,1266,2026-09-09T13:02:02Z,1671921244566,lucid_revision,n64,64,B1,0.5,35.400,35.400,1400.000,1400.000,1400.000,1400.000,1.578006,4.388241,0.509682,37.119608,0.135259,44.187564,101.779902,0.000000,0.666018452,0.585797879,1
pi3bplus_v2_margin_20260909T125804Z,pi3bplus,2,1,margin,true,31,27,1267,2026-09-09T13:02:02Z,1672023749826,lucid_revision,n64,64,B1,0.5,35.938,35.938,1400.000,1400.000,1400.000,1400.000,1.701703,4.403657,0.463537,37.001276,0.140050,44.161523,101.931776,0.000000,0.661304301,0.577053799,1
pi3bplus_v2_margin_20260909T125804Z,pi3bplus,2,1,margin,true,31,28,1268,2026-09-09T13:02:02Z,1672126418991,lucid_revision,n64,64,B1,0.5,35.938,35.400,1400.000,1400.000,1400.000,1400.000,1.613995,4.363398,0.467287,36.996224,0.136614,44.030378,101.893495,0.000000,0.711093245,0.622868522,1
pi3bplus_v2_margin_20260909T125804Z,pi3bplus,2,1,margin,true,31,29,1269,2026-09-09T13:02:02Z,1672229042583,lucid_revision,n64,64,B1,0.5,35.938,35.400,1400.000,1400.000,1400.000,1400.000,1.594882,4.374700,0.470725,37.039140,0.137239,44.062357,101.818704,0.000000,0.708952240,0.623921145,1
pi3bplus_v2_margin_20260909T125804Z,pi3bplus,2,1,margin,true,31,30,1270,2026-09-09T13:02:03Z,1672331581593,lucid_revision,n64,64,B1,0.5,35.400,35.400,1400.000,1400.000,1400.000,1400.000,1.684985,4.379023,0.469735,36.901329,0.134374,44.017513,101.876619,0.000000,0.700301834,0.612168585,1
pi3bplus_v2_margin_20260909T125804Z,pi3bplus,2,1,margin,true,31,31,1271,2026-09-09T13:02:03Z,1672434177528,lucid_revision,n64,64,B1,0.5,35.938,35.400,1400.000,1400.000,1400.000,1400.000,1.593006,4.407408,0.474371,36.947058,0.135884,44.018452,101.822037,0.000000,0.688998255,0.608218315,1
pi3bplus_v2_margin_20260909T125804Z,pi3bplus,2,1,margin,true,31,32,1272,2026-09-09T13:02:03Z,1672536784506,lucid_revision,n64,64,B1,0.5,34.862,35.400,1400.000,1400.000,1400.000,1400.000,1.603579,4.405012,0.469266,36.970287,0.135103,44.029128,101.830318,0.000000,0.670777334,0.585656666,1
pi3bplus_v2_margin_20260909T125804Z,pi3bplus,2,1,margin,true,31,33,1273,2026-09-09T13:02:03Z,1672639341953,lucid_revision,n64,64,B1,0.5,35.400,35.400,1400.000,1400.000,1400.000,1400.000,1.676756,4.357720,0.470986,36.989088,0.136405,44.084492,101.886984,0.000000,0.655770835,0.563322604,1
pi3bplus_v2_margin_20260909T125804Z,pi3bplus,2,1,margin,true,31,34,1274,2026-09-09T13:02:03Z,1672741955284,lucid_revision,n64,64,B1,0.5,35.938,35.400,1400.000,1400.000,1400.000,1400.000,1.574673,4.344075,0.473433,37.074400,0.134739,44.102721,101.823339,0.000000,0.656568338,0.578428139,1
pi3bplus_v2_margin_20260909T125804Z,pi3bplus,2,1,margin,true,31,35,1275,2026-09-09T13:02:03Z,1672844644917,lucid_revision,n64,64,B1,0.5,35.400,35.938,1400.000,1400.000,1400.000,1400.000,1.625506,4.439022,0.463642,37.073879,0.135988,44.190429,101.889744,0.000000,0.722882621,0.631045217,1
pi3bplus_v2_margin_20260909T125804Z,pi3bplus,2,1,margin,true,31,36,1276,2026-09-09T13:02:03Z,1672947271946,lucid_revision,n64,64,B1,0.5,35.400,35.938,1400.000,1400.000,1400.000,1400.000,1.668943,4.395325,0.466194,36.971276,0.143020,44.089232,101.965473,0.000000,0.675253453,0.593697968,1
pi3bplus_v2_margin_20260909T125804Z,pi3bplus,2,1,margin,true,31,37,1277,2026-09-09T13:02:03Z,1673049970381,lucid_revision,n64,64,B1,0.5,35.938,35.400,1400.000,1400.000,1400.000,1400.000,1.576704,4.359804,0.469110,37.320179,0.134165,44.348657,101.828235,0.000000,0.722400082,0.640032214,1
pi3bplus_v2_margin_20260909T125804Z,pi3bplus,2,1,margin,true,31,38,1278,2026-09-09T13:02:03Z,1673152588192,lucid_revision,n64,64,B1,0.5,35.400,35.938,1400.000,1400.000,1400.000,1400.000,1.610610,4.381470,0.462444,37.070442,0.141353,44.108971,101.816151,0.000000,0.636540297,0.544478481,1
pi3bplus_v2_margin_20260909T125804Z,pi3bplus,2,1,margin,true,31,39,1279,2026-09-09T13:02:04Z,1673255130066,lucid_revision,n64,64,B1,0.5,35.938,35.938,1400.000,1400.000,1400.000,1400.000,1.665870,4.370273,0.493641,37.016380,0.136874,44.128658,101.887921,0.000000,0.653696735,0.556696657,1
pi3bplus_v2_margin_20260909T125804Z,pi3bplus,2,1,margin,true,32,0,1280,2026-09-09T13:02:04Z,1674023335739,lucid_revision,n1,1,B1,0.5,35.938,35.400,1400.000,1400.000,1400.000,1400.000,2.119356,0.335205,0.339893,1.218582,0.139061,4.461990,102.256772,0.000000,0.644802327,0.694475493,1
pi3bplus_v2_margin_20260909T125804Z,pi3bplus,2,1,margin,true,32,1,1281,2026-09-09T13:02:04Z,1674126301046,lucid_revision,n1,1,B1,0.5,35.400,35.400,1400.000,1400.000,1400.000,1400.000,2.068522,0.283383,0.309841,1.078688,0.130885,4.156576,101.931202,0.000000,0.925866404,0.832498763,1
pi3bplus_v2_margin_20260909T125804Z,pi3bplus,2,1,margin,true,32,2,1282,2026-09-09T13:02:04Z,1674228868857,lucid_revision,n1,1,B1,0.5,35.400,35.400,1400.000,1400.000,1400.000,1400.000,1.562954,0.285831,0.312340,1.027230,0.122915,3.571894,101.825525,0.000000,0.946353270,0.846665898,1
pi3bplus_v2_margin_20260909T125804Z,pi3bplus,2,1,margin,true,32,3,1283,2026-09-09T13:02:05Z,1674331321668,lucid_revision,n1,1,B1,0.5,35.938,35.400,1400.000,1400.000,1400.000,1400.000,1.683995,0.287549,0.316247,0.958741,0.115259,3.612779,101.879900,0.000000,0.990232123,0.858175976,1
pi3bplus_v2_margin_20260909T125804Z,pi3bplus,2,1,margin,true,32,4,1284,2026-09-09T13:02:05Z,1674433827291,lucid_revision,n1,1,B1,0.5,35.400,35.400,1400.000,1400.000,1400.000,1400.000,1.565767,0.290831,0.372757,0.968846,0.115936,3.563926,101.842661,0.000000,0.234440923,0.024332896,1
pi3bplus_v2_margin_20260909T125804Z,pi3bplus,2,1,margin,true,32,5,1285,2026-09-09T13:02:05Z,1674536388174,lucid_revision,n1,1,B1,0.5,34.862,35.400,1400.000,1400.000,1400.000,1400.000,1.598266,0.295571,0.315570,0.967752,0.112551,3.542364,101.820317,0.000000,0.000041316,0.029342440,1
pi3bplus_v2_margin_20260909T125804Z,pi3bplus,2,1,margin,true,32,6,1286,2026-09-09T13:02:05Z,1674638841298,lucid_revision,n1,1,B1,0.5,35.400,35.400,1400.000,1400.000,1400.000,1400.000,1.669672,0.293643,0.317288,0.966814,0.114895,3.610436,101.928076,0.000000,0.964348814,0.842375325,1
pi3bplus_v2_margin_20260909T125804Z,pi3bplus,2,1,margin,true,32,7,1287,2026-09-09T13:02:05Z,1674741404525,lucid_revision,n1,1,B1,0.5,35.400,35.400,1400.000,1400.000,1400.000,1400.000,1.563110,0.284216,0.311351,1.027490,0.121249,3.564498,101.823546,0.000000,0.990251737,0.858896091,1
pi3bplus_v2_margin_20260909T125804Z,pi3bplus,2,1,margin,true,32,8,1288,2026-09-09T13:02:05Z,1674843855097,lucid_revision,n1,1,B1,0.5,34.862,34.862,1400.000,1400.000,1400.000,1400.000,1.776859,0.294164,0.308539,0.961293,0.119894,3.709705,102.086668,0.000000,0.188017477,0.000000150,1
pi3bplus_v2_margin_20260909T125804Z,pi3bplus,2,1,margin,true,32,9,1289,2026-09-09T13:02:05Z,1674946615926,lucid_revision,n1,1,B1,0.5,34.862,35.400,1400.000,1400.000,1400.000,1400.000,1.637068,0.294164,0.316872,0.969262,0.114999,3.584863,101.890629,0.000000,0.938899016,0.838127906,1
pi3bplus_v2_margin_20260909T125804Z,pi3bplus,2,1,margin,true,32,10,1290,2026-09-09T13:02:05Z,1675049139413,lucid_revision,n1,1,B1,0.5,34.862,35.400,1400.000,1400.000,1400.000,1400.000,1.563214,0.289216,0.315414,1.096240,0.119426,3.634290,101.861567,0.000000,0.091705258,0.023038047,1
pi3bplus_v2_margin_20260909T125804Z,pi3bplus,2,1,margin,true,32,11,1291,2026-09-09T13:02:05Z,1675151629360,lucid_revision,n1,1,B1,0.5,34.862,34.862,1400.000,1400.000,1400.000,1400.000,1.670141,0.288800,0.314528,0.970877,0.118384,3.618769,101.875160,0.000000,0.927761388,0.836362785,1
pi3bplus_v2_margin_20260909T125804Z,pi3bplus,2,1,margin,true,32,12,1292,2026-09-09T13:02:06Z,1675254132691,lucid_revision,n1,1,B1,0.5,35.400,34.862,1400.000,1400.000,1400.000,1400.000,1.561236,0.352184,0.319320,0.969939,0.114374,3.568197,101.806828,0.000000,0.521514047,0.716816787,1
pi3bplus_v2_margin_20260909T125804Z,pi3bplus,2,1,margin,true,32,13,1293,2026-09-09T13:02:06Z,1675356653627,lucid_revision,n1,1,B1,0.5,34.862,34.862,1400.000,1400.000,1400.000,1400.000,1.598215,0.297185,0.316872,1.021709,0.118957,3.606425,101.804587,0.000000,0.328270605,0.707233333,1
pi3bplus_v2_margin_20260909T125804Z,pi3bplus,2,1,margin,true,32,14,1294,2026-09-09T13:02:06Z,1675459085552,lucid_revision,n1,1,B1,0.5,34.862,34.862,1400.000,1400.000,1400.000,1400.000,1.660871,0.291456,0.314372,0.959001,0.115572,3.588248,101.898128,0.000000,0.385599414,0.001243942,1
pi3bplus_v2_margin_20260909T125804Z,pi3bplus,2,1,margin,true,32,15,1295,2026-09-09T13:02:06Z,1675561617581,lucid_revision,n1,1,B1,0.5,35.400,34.324,1400.000,1400.000,1400.000,1400.000,1.541392,0.284112,0.310570,1.030563,0.119739,3.542259,101.818077,0.000000,0.787070124,0.843620444,1
pi3bplus_v2_margin_20260909T125804Z,pi3bplus,2,1,margin,true,32,16,1296,2026-09-09T13:02:06Z,1675664141328,lucid_revision,n1,1,B1,0.5,35.400,34.862,1400.000,1400.000,1400.000,1400.000,1.596183,0.284060,0.316663,0.958949,0.114322,3.519864,101.824640,0.000000,0.917800504,0.835774204,1
pi3bplus_v2_margin_20260909T125804Z,pi3bplus,2,1,margin,true,32,17,1297,2026-09-09T13:02:06Z,1675766589087,lucid_revision,n1,1,B1,0.5,34.324,34.324,1400.000,1400.000,1400.000,1400.000,1.632902,0.294945,0.315101,0.965564,0.114322,3.572728,101.933441,0.000000,0.826789286,0.749239655,1
pi3bplus_v2_margin_20260909T125804Z,pi3bplus,2,1,margin,true,32,18,1298,2026-09-09T13:02:06Z,1675869151428,lucid_revision,n1,1,B1,0.5,34.862,35.400,1400.000,1400.000,1400.000,1400.000,1.554465,0.287758,0.317236,1.146917,0.120832,3.682362,101.894222,0.000000,0.946353270,0.846665898,1
pi3bplus_v2_margin_20260909T125804Z,pi3bplus,2,1,margin,true,32,19,1299,2026-09-09T13:02:06Z,1675971677520,lucid_revision,n1,1,B1,0.5,34.324,34.862,1400.000,1400.000,1400.000,1400.000,1.713005,0.292445,0.310518,0.962179,0.112968,3.646320,101.945836,0.000000,0.992820879,0.851604371,1
pi3bplus_v2_margin_20260909T125804Z,pi3bplus,2,1,margin,true,32,20,1300,2026-09-09T13:02:06Z,1676074264600,lucid_revision,n1,1,B1,0.5,34.862,34.324,1400.000,1400.000,1400.000,1400.000,1.559570,0.344216,0.309737,0.973533,0.114166,3.554082,101.929690,0.000000,0.787059773,0.874055453,1
pi3bplus_v2_margin_20260909T125804Z,pi3bplus,2,1,margin,true,32,21,1301,2026-09-09T13:02:06Z,1676176825326,lucid_revision,n1,1,B1,0.5,34.324,34.324,1400.000,1400.000,1400.000,1400.000,1.568788,0.291143,0.315362,1.010928,0.117134,3.556634,101.816411,0.000000,0.874127103,0.779878485,1
pi3bplus_v2_margin_20260909T125804Z,pi3bplus,2,1,margin,true,32,22,1302,2026-09-09T13:02:07Z,1676279265064,lucid_revision,n1,1,B1,0.5,34.324,34.862,1400.000,1400.000,1400.000,1400.000,1.661652,0.297706,0.318122,0.953273,0.114218,3.600019,101.868128,0.000000,0.999986901,0.824379910,1
pi3bplus_v2_margin_20260909T125804Z,pi3bplus,2,1,margin,true,32,23,1303,2026-09-09T13:02:07Z,1676381794488,lucid_revision,n1,1,B1,0.5,34.862,34.862,1400.000,1400.000,1400.000,1400.000,1.570142,0.290049,0.360986,0.981762,0.123124,3.586895,101.799848,0.000000,0.044235542,0.049229768,1
pi3bplus_v2_margin_20260909T125804Z,pi3bplus,2,1,margin,true,32,24,1304,2026-09-09T13:02:07Z,1676484288288,lucid_revision,n1,1,B1,0.5,34.324,35.400,1400.000,1400.000,1400.000,1400.000,1.603423,0.286612,0.311924,0.960564,0.114843,3.535697,101.818493,0.000000,0.638426745,0.682484515,1
pi3bplus_v2_margin_20260909T125804Z,pi3bplus,2,1,margin,true,32,25,1305,2026-09-09T13:02:07Z,1676586732036,lucid_revision,n1,1,B1,0.5,34.862,34.862,1400.000,1400.000,1400.000,1400.000,1.639203,0.296456,0.314008,0.962387,0.114426,3.576113,101.896096,0.000000,0.000000000,0.014545760,1
pi3bplus_v2_margin_20260909T125804Z,pi3bplus,2,1,margin,true,32,26,1306,2026-09-09T13:02:07Z,1676689253908,lucid_revision,n1,1,B1,0.5,34.862,34.324,1400.000,1400.000,1400.000,1400.000,1.552851,0.294633,0.318539,1.015147,0.117030,3.549863,101.822347,0.000000,0.874254801,0.734515178,1
pi3bplus_v2_margin_20260909T125804Z,pi3bplus,2,1,margin,true,32,27,1307,2026-09-09T13:02:07Z,1676791698645,lucid_revision,n1,1,B1,0.5,34.324,34.324,1400.000,1400.000,1400.000,1400.000,1.651547,0.289632,0.306351,0.958897,0.119426,3.584186,101.912503,0.000000,0.217536411,0.024884921,1
pi3bplus_v2_margin_20260909T125804Z,pi3bplus,2,1,margin,true,32,28,1308,2026-09-09T13:02:07Z,1676894239059,lucid_revision,n1,1,B1,0.5,34.324,34.862,1400.000,1400.000,1400.000,1400.000,1.597485,0.328122,0.309945,0.965980,0.113801,3.569290,101.932190,0.000000,0.938899016,0.838127906,1
pi3bplus_v2_margin_20260909T125804Z,pi3bplus,2,1,margin,true,32,29,1309,2026-09-09T13:02:07Z,1676996800879,lucid_revision,n1,1,B1,0.5,34.324,34.862,1400.000,1400.000,1400.000,1400.000,1.560871,0.282862,0.316508,1.006449,0.120884,3.540853,101.797816,0.000000,0.917877043,0.836345947,1
pi3bplus_v2_margin_20260909T125804Z,pi3bplus,2,1,margin,true,32,30,1310,2026-09-09T13:02:07Z,1677099227700,lucid_revision,n1,1,B1,0.5,34.324,34.862,1400.000,1400.000,1400.000,1400.000,1.671651,0.298956,0.311299,0.963064,0.113541,3.612883,101.920836,0.000000,0.874757311,0.677325163,1
pi3bplus_v2_margin_20260909T125804Z,pi3bplus,2,1,margin,true,32,31,1311,2026-09-09T13:02:07Z,1677201777488,lucid_revision,n1,1,B1,0.5,34.324,34.324,1400.000,1400.000,1400.000,1400.000,1.552381,0.291247,0.361299,0.976553,0.114009,3.540541,101.818493,0.000000,0.957950286,0.843450489,1
pi3bplus_v2_margin_20260909T125804Z,pi3bplus,2,1,margin,true,32,32,1312,2026-09-09T13:02:08Z,1677304303943,lucid_revision,n1,1,B1,0.5,34.862,34.324,1400.000,1400.000,1400.000,1400.000,1.593736,0.288852,0.315830,0.957283,0.113801,3.519916,101.794014,0.000000,0.385599414,0.001239834,1
pi3bplus_v2_margin_20260909T125804Z,pi3bplus,2,1,margin,true,32,33,1313,2026-09-09T13:02:08Z,1677406725660,lucid_revision,n1,1,B1,0.5,34.324,34.324,1400.000,1400.000,1400.000,1400.000,1.636079,0.301456,0.309164,0.960148,0.119166,3.574498,101.860836,0.000000,0.874567037,0.720933333,1
pi3bplus_v2_margin_20260909T125804Z,pi3bplus,2,1,margin,true,32,34,1314,2026-09-09T13:02:08Z,1677509204875,lucid_revision,n1,1,B1,0.5,34.862,34.862,1400.000,1400.000,1400.000,1400.000,1.554309,0.286195,0.311768,1.016970,0.122291,3.550228,101.811618,0.000000,0.612832072,0.683101219,1
pi3bplus_v2_margin_20260909T125804Z,pi3bplus,2,1,margin,true,32,35,1315,2026-09-09T13:02:08Z,1677611640342,lucid_revision,n1,1,B1,0.5,34.324,34.862,1400.000,1400.000,1400.000,1400.000,1.668474,0.289581,0.312028,0.955408,0.112134,3.584498,101.873127,0.000000,0.041229268,0.023513974,1
pi3bplus_v2_margin_20260909T125804Z,pi3bplus,2,1,margin,true,32,36,1316,2026-09-09T13:02:08Z,1677714140755,lucid_revision,n1,1,B1,0.5,34.324,34.862,1400.000,1400.000,1400.000,1400.000,1.553059,0.336768,0.313174,0.970721,0.113280,3.539864,101.837920,0.000000,0.000157288,0.024113591,1
pi3bplus_v2_margin_20260909T125804Z,pi3bplus,2,1,margin,true,32,37,1317,2026-09-09T13:02:08Z,1677816671585,lucid_revision,n1,1,B1,0.5,34.324,34.324,1400.000,1400.000,1400.000,1400.000,1.597434,0.290830,0.310153,1.096136,0.127603,3.685435,101.803233,0.000000,0.992957031,0.853582475,1
pi3bplus_v2_margin_20260909T125804Z,pi3bplus,2,1,margin,true,32,38,1318,2026-09-09T13:02:08Z,1677919141582,lucid_revision,n1,1,B1,0.5,34.324,34.862,1400.000,1400.000,1400.000,1400.000,1.662173,0.294789,0.317289,0.950564,0.114166,3.592988,101.712036,0.000000,0.990953991,0.858306898,1
pi3bplus_v2_margin_20260909T125804Z,pi3bplus,2,1,margin,true,32,39,1319,2026-09-09T13:02:08Z,1678021480591,lucid_revision,n1,1,B1,0.5,34.862,34.324,1400.000,1400.000,1400.000,1400.000,1.548579,0.288903,0.307132,1.022231,0.118020,3.538301,101.836618,0.000000,0.220591568,0.025000228,1
pi3bplus_v2_margin_20260909T125804Z,pi3bplus,2,1,margin,true,33,0,1320,2026-09-09T13:02:09Z,1678786909919,tinydl_revision,n1,1,B1,0.5,34.862,34.324,1400.000,1400.000,1400.000,1400.000,2.031231,0.322028,0.321925,0.295674,0.145988,3.396583,102.421403,0.000000,0.223156876,0.000014295,1
pi3bplus_v2_margin_20260909T125804Z,pi3bplus,2,1,margin,true,33,1,1321,2026-09-09T13:02:09Z,1678889958035,tinydl_revision,n1,1,B1,0.5,34.862,34.862,1400.000,1400.000,1400.000,1400.000,1.957221,0.343747,0.310205,0.293018,0.120364,3.285959,101.865940,0.000000,0.873895234,0.710814191,1
pi3bplus_v2_margin_20260909T125804Z,pi3bplus,2,1,margin,true,33,2,1322,2026-09-09T13:02:09Z,1678992528499,tinydl_revision,n1,1,B1,0.5,34.324,34.324,1400.000,1400.000,1400.000,1400.000,1.594777,0.289476,0.320413,0.293643,0.123957,2.868516,101.810784,0.000000,0.990271313,0.999223104,1
pi3bplus_v2_margin_20260909T125804Z,pi3bplus,2,1,margin,true,33,3,1323,2026-09-09T13:02:09Z,1679094970111,tinydl_revision,n1,1,B1,0.5,34.324,34.324,1400.000,1400.000,1400.000,1400.000,1.676599,0.293696,0.318123,0.293800,0.123384,2.952473,101.933699,0.000000,0.872871751,0.993951841,1
pi3bplus_v2_margin_20260909T125804Z,pi3bplus,2,1,margin,true,33,4,1324,2026-09-09T13:02:09Z,1679197530419,tinydl_revision,n1,1,B1,0.5,34.862,34.324,1400.000,1400.000,1400.000,1400.000,1.560819,0.287185,0.319059,0.353331,0.130624,2.899870,101.834742,0.000000,0.695596725,0.654412318,1
pi3bplus_v2_margin_20260909T125804Z,pi3bplus,2,1,margin,true,33,5,1325,2026-09-09T13:02:10Z,1679299998385,tinydl_revision,n1,1,B1,0.5,34.324,34.324,1400.000,1400.000,1400.000,1400.000,1.603006,0.298070,0.320830,0.285101,0.128280,2.957629,101.823231,0.000000,0.874280849,0.368940909,1
pi3bplus_v2_margin_20260909T125804Z,pi3bplus,2,1,margin,true,33,6,1326,2026-09-09T13:02:10Z,1679402442131,tinydl_revision,n1,1,B1,0.5,34.324,34.862,1400.000,1400.000,1400.000,1400.000,1.644100,0.289216,0.314059,0.290675,0.121821,2.903463,101.889897,0.000000,0.978234339,0.999627850,1
pi3bplus_v2_margin_20260909T125804Z,pi3bplus,2,1,margin,true,33,7,1327,2026-09-09T13:02:10Z,1679504960304,tinydl_revision,n1,1,B1,0.5,34.324,34.324,1400.000,1400.000,1400.000,1400.000,1.567538,0.285726,0.318174,0.287185,0.127655,2.832786,101.804586,0.000000,0.927076937,0.999955441,1
pi3bplus_v2_margin_20260909T125804Z,pi3bplus,2,1,margin,true,33,8,1328,2026-09-09T13:02:10Z,1679607399050,tinydl_revision,n1,1,B1,0.5,34.324,34.324,1400.000,1400.000,1400.000,1400.000,1.689412,0.299424,0.316039,0.288435,0.129530,2.970754,101.885627,0.000000,0.998813841,0.999996944,1
pi3bplus_v2_margin_20260909T125804Z,pi3bplus,2,1,margin,true,33,9,1329,2026-09-09T13:02:10Z,1679709908942,tinydl_revision,n1,1,B1,0.5,34.862,34.324,1400.000,1400.000,1400.000,1400.000,1.554465,0.286768,0.369841,0.292445,0.124791,2.890442,101.814377,0.000000,0.874464792,0.213648563,1
pi3bplus_v2_margin_20260909T125804Z,pi3bplus,2,1,margin,true,33,10,1330,2026-09-09T13:02:10Z,1679812448208,tinydl_revision,n1,1,B1,0.5,34.324,34.324,1400.000,1400.000,1400.000,1400.000,1.599829,0.285205,0.311715,0.292236,0.123280,2.867735,101.864638,0.000000,0.936013144,0.999997053,1
pi3bplus_v2_margin_20260909T125804Z,pi3bplus,2,1,margin,true,33,11,1331,2026-09-09T13:02:10Z,1679914958517,tinydl_revision,n1,1,B1,0.5,34.324,34.324,1400.000,1400.000,1400.000,1400.000,1.688630,0.300102,0.315153,0.288904,0.123697,2.960233,101.988802,0.000000,0.874315132,0.939547816,1
pi3bplus_v2_margin_20260909T125804Z,pi3bplus,2,1,margin,true,33,12,1332,2026-09-09T13:02:10Z,1680017626688,tinydl_revision,n1,1,B1,0.5,34.324,34.324,1400.000,1400.000,1400.000,1400.000,1.582434,0.293851,0.307914,0.307809,0.127863,2.927213,101.780732,0.000000,0.220727117,0.000043922,1
pi3bplus_v2_margin_20260909T125804Z,pi3bplus,2,1,margin,true,33,13,1333,2026-09-09T13:02:10Z,1680120187621,tinydl_revision,n1,1,B1,0.5,34.324,34.324,1400.000,1400.000,1400.000,1400.000,1.627433,0.295049,0.316872,0.286612,0.127342,2.901536,101.839481,0.000000,0.874383906,0.572914191,1
pi3bplus_v2_margin_20260909T125804Z,pi3bplus,2,1,margin,true,33,14,1334,2026-09-09T13:02:10Z,1680222652461,tinydl_revision,n1,1,B1,0.5,34.324,33.786,1400.000,1400.000,1400.000,1400.000,1.653006,0.290674,0.304893,0.289320,0.125520,2.916796,101.934793,0.000000,0.085360544,0.000202598,1
pi3bplus_v2_margin_20260909T125804Z,pi3bplus,2,1,margin,true,33,15,1335,2026-09-09T13:02:11Z,1680325213967,tinydl_revision,n1,1,B1,0.5,34.324,34.324,1400.000,1400.000,1400.000,1400.000,1.557955,0.286560,0.316039,0.293226,0.178644,2.874765,101.809533,0.000000,0.982626289,0.999991149,1
pi3bplus_v2_margin_20260909T125804Z,pi3bplus,2,1,margin,true,33,16,1336,2026-09-09T13:02:11Z,1680427646567,tinydl_revision,n1,1,B1,0.5,34.324,34.324,1400.000,1400.000,1400.000,1400.000,1.672432,0.294320,0.313435,0.283070,0.121926,2.935077,101.853022,0.000000,0.999083108,0.000584853,1
pi3bplus_v2_margin_20260909T125804Z,pi3bplus,2,1,margin,true,33,17,1337,2026-09-09T13:02:11Z,1680530129792,tinydl_revision,n1,1,B1,0.5,34.324,34.324,1400.000,1400.000,1400.000,1400.000,1.550350,0.346924,0.310466,0.297393,0.122082,2.880442,101.824845,0.000000,0.194321112,0.000005317,1
pi3bplus_v2_margin_20260909T125804Z,pi3bplus,2,1,margin,true,33,18,1338,2026-09-09T13:02:11Z,1680632662339,tinydl_revision,n1,1,B1,0.5,34.324,33.786,1400.000,1400.000,1400.000,1400.000,1.681495,0.297706,0.309945,0.290727,0.121978,2.959035,101.841043,0.000000,0.874544727,0.966985012,1
pi3bplus_v2_margin_20260909T125804Z,pi3bplus,2,1,margin,true,33,19,1339,2026-09-09T13:02:11Z,1680735131501,tinydl_revision,n1,1,B1,0.5,34.862,34.324,1400.000,1400.000,1400.000,1400.000,1.686286,0.295778,0.313539,0.291403,0.121457,2.954088,101.972709,0.000000,0.000024176,0.000004143,1
pi3bplus_v2_margin_20260909T125804Z,pi3bplus,2,1,margin,true,33,20,1340,2026-09-09T13:02:11Z,1680837732537,tinydl_revision,n1,1,B1,0.5,34.324,33.786,1400.000,1400.000,1400.000,1400.000,1.560558,0.283800,0.423746,0.302549,0.127447,2.948671,101.847710,0.000000,0.918258767,0.999965044,1
pi3bplus_v2_margin_20260909T125804Z,pi3bplus,2,1,margin,true,33,21,1341,2026-09-09T13:02:11Z,1680940269460,tinydl_revision,n1,1,B1,0.5,34.862,34.324,1400.000,1400.000,1400.000,1400.000,1.897222,0.348174,0.350205,0.408434,0.196144,3.504967,101.687711,0.000000,0.874237933,0.476897191,1
pi3bplus_v2_margin_20260909T125804Z,pi3bplus,2,1,margin,true,33,22,1342,2026-09-09T13:02:11Z,1681042580967,tinydl_revision,n1,1,B1,0.5,33.786,34.324,1400.000,1400.000,1400.000,1400.000,1.627120,0.296872,0.317549,0.288904,0.128749,2.902369,101.998021,0.000000,0.950995720,0.999881024,1
pi3bplus_v2_margin_20260909T125804Z,pi3bplus,2,1,margin,true,33,23,1343,2026-09-09T13:02:11Z,1681145239347,tinydl_revision,n1,1,B1,0.5,34.324,34.324,1400.000,1400.000,1400.000,1400.000,1.655662,0.297601,0.319945,0.285674,0.130364,3.004920,101.856980,0.000000,0.874553527,0.745517472,1
pi3bplus_v2_margin_20260909T125804Z,pi3bplus,2,1,margin,true,33,24,1344,2026-09-09T13:02:11Z,1681247748092,tinydl_revision,n1,1,B1,0.5,34.324,34.324,1400.000,1400.000,1400.000,1400.000,1.667381,0.295883,0.315831,0.286612,0.127238,2.940963,101.877709,0.000000,0.918598072,0.999994025,1
pi3bplus_v2_margin_20260909T125804Z,pi3bplus,2,1,margin,true,33,25,1345,2026-09-09T13:02:12Z,1681350250118,tinydl_revision,n1,1,B1,0.5,34.324,34.324,1400.000,1400.000,1400.000,1400.000,1.546184,0.329841,0.309112,0.293695,0.123593,2.858776,101.882032,0.000000,0.991240692,0.974901871,1
pi3bplus_v2_margin_20260909T125804Z,pi3bplus,2,1,margin,true,33,26,1346,2026-09-09T13:02:12Z,1681452759332,tinydl_revision,n1,1,B1,0.5,34.324,34.324,1400.000,1400.000,1400.000,1400.000,1.567538,0.287289,0.318643,0.290414,0.120572,2.833828,101.819949,0.000000,0.646095757,0.819264073,1
pi3bplus_v2_margin_20260909T125804Z,pi3bplus,2,1,margin,true,33,27,1347,2026-09-09T13:02:12Z,1681555243286,tinydl_revision,n1,1,B1,0.5,34.324,34.324,1400.000,1400.000,1400.000,1400.000,1.669099,0.293018,0.321039,0.286612,0.122811,2.943358,101.893958,0.000000,0.936376910,0.999993871,1
pi3bplus_v2_margin_20260909T125804Z,pi3bplus,2,1,margin,true,33,28,1348,2026-09-09T13:02:12Z,1681657770364,tinydl_revision,n1,1,B1,0.5,34.324,34.324,1400.000,1400.000,1400.000,1400.000,1.552746,0.290570,0.362757,0.298903,0.130155,2.888202,101.809532,0.000000,0.917953518,0.999823531,1
pi3bplus_v2_margin_20260909T125804Z,pi3bplus,2,1,margin,true,33,29,1349,2026-09-09T13:02:12Z,1681760266973,tinydl_revision,n1,1,B1,0.5,34.324,34.324,1400.000,1400.000,1400.000,1400.000,1.591391,0.288435,0.307497,0.290466,0.121562,2.856328,101.832137,0.000000,0.145386466,0.000011600,1
pi3bplus_v2_margin_20260909T125804Z,pi3bplus,2,1,margin,true,33,30,1350,2026-09-09T13:02:12Z,1681862726239,tinydl_revision,n1,1,B1,0.5,34.324,33.786,1400.000,1400.000,1400.000,1400.000,1.737276,0.299737,0.317601,0.288331,0.128228,3.017941,101.993438,0.000000,0.874457792,0.825553861,1
pi3bplus_v2_margin_20260909T125804Z,pi3bplus,2,1,margin,true,33,31,1351,2026-09-09T13:02:12Z,1681965348837,tinydl_revision,n1,1,B1,0.5,33.786,34.324,1400.000,1400.000,1400.000,1400.000,1.562955,0.287862,0.319008,0.292080,0.128437,2.897786,101.722138,0.000000,0.926186671,0.999996912,1
pi3bplus_v2_margin_20260909T125804Z,pi3bplus,2,1,margin,true,33,32,1352,2026-09-09T13:02:12Z,1682067698834,tinydl_revision,n1,1,B1,0.5,34.324,34.324,1400.000,1400.000,1400.000,1400.000,1.665558,0.291352,0.315570,0.289633,0.121406,2.931327,101.880938,0.000000,0.079447693,0.000208370,1
pi3bplus_v2_margin_20260909T125804Z,pi3bplus,2,1,margin,true,33,33,1353,2026-09-09T13:02:12Z,1682170208985,tinydl_revision,n1,1,B1,0.5,34.324,34.324,1400.000,1400.000,1400.000,1400.000,1.553215,0.351299,0.320674,0.287029,0.131821,2.896536,101.880365,0.000000,0.970019995,0.964182700,1
pi3bplus_v2_margin_20260909T125804Z,pi3bplus,2,1,margin,true,33,34,1354,2026-09-09T13:02:13Z,1682272718771,tinydl_revision,n1,1,B1,0.5,34.324,33.786,1400.000,1400.000,1400.000,1400.000,1.575871,0.284216,0.310622,0.292132,0.122864,2.838620,101.835782,0.000000,0.000003926,0.000000542,1
pi3bplus_v2_margin_20260909T125804Z,pi3bplus,2,1,margin,true,33,35,1355,2026-09-09T13:02:13Z,1682375184131,tinydl_revision,n1,1,B1,0.5,33.248,34.324,1400.000,1400.000,1400.000,1400.000,1.667641,0.291560,0.310518,0.292341,0.123592,2.935702,101.888073,0.000000,0.999990573,0.966746683,1
pi3bplus_v2_margin_20260909T125804Z,pi3bplus,2,1,margin,true,33,36,1356,2026-09-09T13:02:13Z,1682477697979,tinydl_revision,n1,1,B1,0.5,34.324,34.324,1400.000,1400.000,1400.000,1400.000,1.549829,0.292028,0.355309,0.293123,0.125937,2.870599,101.808699,0.000000,0.992885695,0.999960462,1
pi3bplus_v2_margin_20260909T125804Z,pi3bplus,2,1,margin,true,33,37,1357,2026-09-09T13:02:13Z,1682580207193,tinydl_revision,n1,1,B1,0.5,34.324,33.248,1400.000,1400.000,1400.000,1400.000,1.598996,0.290987,0.316976,0.284528,0.128332,2.865286,101.825730,0.000000,0.978147728,0.999936257,1
pi3bplus_v2_margin_20260909T125804Z,pi3bplus,2,1,margin,true,33,38,1358,2026-09-09T13:02:13Z,1682682655625,tinydl_revision,n1,1,B1,0.5,34.324,34.324,1400.000,1400.000,1400.000,1400.000,1.651911,0.303904,0.306195,0.289268,0.130363,2.934973,101.894115,0.000000,0.000000025,0.000000043,1
pi3bplus_v2_margin_20260909T125804Z,pi3bplus,2,1,margin,true,33,39,1359,2026-09-09T13:02:13Z,1682785171453,tinydl_revision,n1,1,B1,0.5,34.324,34.324,1400.000,1400.000,1400.000,1400.000,1.605819,0.291039,0.317914,0.291820,0.184373,2.935910,101.845469,0.000000,0.926946316,0.999997723,1
pi3bplus_v2_margin_20260909T125804Z,pi3bplus,2,1,margin,true,34,0,1360,2026-09-09T13:02:14Z,1683551966689,tinydl_revision,n512,512,B2,1.0,34.324,34.324,1400.000,1400.000,1400.000,1400.000,1.945763,34.960303,1.291603,2.816380,0.148801,43.089499,102.070363,0.000000,0.682968725,0.648786919,1
pi3bplus_v2_margin_20260909T125804Z,pi3bplus,2,1,margin,true,34,1,1361,2026-09-09T13:02:14Z,1683655546204,tinydl_revision,n512,512,B2,1.0,34.324,34.324,1400.000,1400.000,1400.000,1400.000,2.045658,35.375091,1.430247,2.944661,0.176613,44.059022,101.900104,0.000000,0.691597185,0.636591591,1
pi3bplus_v2_margin_20260909T125804Z,pi3bplus,2,1,margin,true,34,2,1362,2026-09-09T13:02:14Z,1683758761817,tinydl_revision,n512,512,B2,1.0,34.324,33.786,1400.000,1400.000,1400.000,1400.000,1.689568,33.697190,1.291603,2.487634,0.156353,40.987748,102.008540,0.000000,0.703585929,0.671242377,1
pi3bplus_v2_margin_20260909T125804Z,pi3bplus,2,1,margin,true,34,3,1363,2026-09-09T13:02:14Z,1683862090084,tinydl_revision,n512,512,B2,1.0,34.324,34.324,1400.000,1400.000,1400.000,1400.000,1.644776,33.652086,1.265926,2.518310,0.155415,40.897749,101.907344,0.000000,0.688668168,0.645325550,1
pi3bplus_v2_margin_20260909T125804Z,pi3bplus,2,1,margin,true,34,4,1364,2026-09-09T13:02:14Z,1683965390332,tinydl_revision,n512,512,B2,1.0,34.324,34.324,1400.000,1400.000,1400.000,1400.000,1.656131,33.647451,1.211552,2.623049,0.162290,40.987643,101.728647,0.000000,0.687728474,0.659972117,1
pi3bplus_v2_margin_20260909T125804Z,pi3bplus,2,1,margin,true,34,5,1365,2026-09-09T13:02:14Z,1684068498966,tinydl_revision,n512,512,B2,1.0,34.324,34.862,1400.000,1400.000,1400.000,1400.000,1.662902,33.591931,1.211707,2.539612,0.161977,40.911915,101.840938,0.000000,0.679407171,0.636696355,1
pi3bplus_v2_margin_20260909T125804Z,pi3bplus,2,1,margin,true,34,6,1366,2026-09-09T13:02:14Z,1684171649839,tinydl_revision,n512,512,B2,1.0,34.324,34.324,1400.000,1400.000,1400.000,1400.000,1.743109,33.609222,1.215874,2.558987,0.153123,41.020925,101.905417,0.000000,0.671568641,0.641469508,1
pi3bplus_v2_margin_20260909T125804Z,pi3bplus,2,1,margin,true,34,7,1367,2026-09-09T13:02:15Z,1684274864462,tinydl_revision,n512,512,B2,1.0,34.324,34.862,1400.000,1400.000,1400.000,1400.000,1.707900,33.594795,1.248530,2.501540,0.155416,40.880978,101.956822,0.000000,0.702370359,0.665052201,1
pi3bplus_v2_margin_20260909T125804Z,pi3bplus,2,1,margin,true,34,8,1368,2026-09-09T13:02:15Z,1684378137990,tinydl_revision,n512,512,B2,1.0,34.324,34.862,1400.000,1400.000,1400.000,1400.000,1.652537,33.676513,1.262019,2.517477,0.157030,40.930561,101.861458,0.000000,0.678734197,0.665231396,1
pi3bplus_v2_margin_20260909T125804Z,pi3bplus,2,1,margin,true,34,9,1369,2026-09-09T13:02:15Z,1684481403758,tinydl_revision,n512,512,B2,1.0,34.324,34.862,1400.000,1400.000,1400.000,1400.000,1.662068,33.682450,1.208323,2.563622,0.161144,40.958008,101.859531,0.000000,0.660153452,0.633245173,1
pi3bplus_v2_margin_20260909T125804Z,pi3bplus,2,1,margin,true,34,10,1370,2026-09-09T13:02:15Z,1684584637235,tinydl_revision,n512,512,B2,1.0,34.862,34.862,1400.000,1400.000,1400.000,1400.000,1.671130,33.663388,1.211187,2.556643,0.156040,40.925560,101.850572,0.000000,0.691305746,0.672430156,1
pi3bplus_v2_margin_20260909T125804Z,pi3bplus,2,1,margin,true,34,11,1371,2026-09-09T13:02:15Z,1684687796180,tinydl_revision,n512,512,B2,1.0,34.862,34.324,1400.000,1400.000,1400.000,1400.000,1.754463,33.685940,1.205197,2.555185,0.158644,41.087695,101.878021,0.000000,0.676739464,0.634575337,1
pi3bplus_v2_margin_20260909T125804Z,pi3bplus,2,1,margin,true,34,12,1372,2026-09-09T13:02:15Z,1684791007574,tinydl_revision,n512,512,B2,1.0,34.324,34.862,1400.000,1400.000,1400.000,1400.000,1.708370,33.752553,1.224676,2.496591,0.214634,41.166392,101.922238,0.000000,0.697054620,0.660368892,1
pi3bplus_v2_margin_20260909T125804Z,pi3bplus,2,1,margin,true,34,13,1373,2026-09-09T13:02:15Z,1684894241988,tinydl_revision,n512,512,B2,1.0,34.862,34.862,1400.000,1400.000,1400.000,1400.000,1.645818,33.765835,1.258635,2.501331,0.164998,41.016757,101.961561,0.000000,0.685642512,0.635311168,1
pi3bplus_v2_margin_20260909T125804Z,pi3bplus,2,1,margin,true,34,14,1374,2026-09-09T13:02:15Z,1684997525307,tinydl_revision,n512,512,B2,1.0,34.862,35.400,1400.000,1400.000,1400.000,1400.000,1.645610,34.320257,1.244103,2.492217,0.155936,41.536753,101.762501,0.000000,0.707428408,0.674322009,1
pi3bplus_v2_margin_20260909T125804Z,pi3bplus,2,1,margin,true,34,15,1375,2026-09-09T13:02:15Z,1685100711284,tinydl_revision,n512,512,B2,1.0,34.862,34.862,1400.000,1400.000,1400.000,1400.000,1.666600,33.697710,1.200302,2.537998,0.157082,41.049466,101.863333,0.000000,0.672869990,0.633196427,1
pi3bplus_v2_margin_20260909T125804Z,pi3bplus,2,1,margin,true,34,16,1376,2026-09-09T13:02:15Z,1685203878355,tinydl_revision,n512,512,B2,1.0,34.324,34.862,1400.000,1400.000,1400.000,1400.000,1.770036,33.684169,1.202437,2.602268,0.154113,41.153788,101.887864,0.000000,0.702662123,0.664206988,1
pi3bplus_v2_margin_20260909T125804Z,pi3bplus,2,1,margin,true,34,17,1377,2026-09-09T13:02:16Z,1685307101102,tinydl_revision,n512,512,B2,1.0,34.862,34.862,1400.000,1400.000,1400.000,1400.000,1.709203,33.763231,1.225769,2.498727,0.161040,41.120298,101.918280,0.000000,0.666807865,0.627788334,1
pi3bplus_v2_margin_20260909T125804Z,pi3bplus,2,1,margin,true,34,18,1378,2026-09-09T13:02:16Z,1685410333224,tinydl_revision,n512,512,B2,1.0,34.324,35.400,1400.000,1400.000,1400.000,1400.000,1.690505,33.749429,1.273842,2.500602,0.156665,41.028424,101.939946,0.000000,0.682822480,0.662204892,1
pi3bplus_v2_margin_20260909T125804Z,pi3bplus,2,1,margin,true,34,19,1379,2026-09-09T13:02:16Z,1685513597846,tinydl_revision,n512,512,B2,1.0,34.862,35.400,1400.000,1400.000,1400.000,1400.000,1.651339,33.751564,1.201500,2.604768,0.163020,41.056236,101.848749,0.000000,0.693682092,0.654744594,1
pi3bplus_v2_margin_20260909T125804Z,pi3bplus,2,1,margin,true,34,20,1380,2026-09-09T13:02:16Z,1685616845957,tinydl_revision,n512,512,B2,1.0,34.324,35.400,1400.000,1400.000,1400.000,1400.000,1.670765,33.726721,1.212176,2.548675,0.156457,40.991393,101.878853,0.000000,0.674870303,0.656166149,1
pi3bplus_v2_margin_20260909T125804Z,pi3bplus,2,1,margin,true,34,21,1381,2026-09-09T13:02:16Z,1685720111620,tinydl_revision,n512,512,B2,1.0,35.400,35.400,1400.000,1400.000,1400.000,1400.000,1.673734,33.705626,1.197801,2.560706,0.162498,41.079517,101.834010,0.000000,0.668599056,0.646651458,1
pi3bplus_v2_margin_20260909T125804Z,pi3bplus,2,1,margin,true,34,22,1382,2026-09-09T13:02:16Z,1685823261451,tinydl_revision,n512,512,B2,1.0,34.862,35.400,1400.000,1400.000,1400.000,1400.000,1.837587,33.713804,1.217229,2.550029,0.158488,41.213683,101.894894,0.000000,0.683474335,0.661633447,1
pi3bplus_v2_margin_20260909T125804Z,pi3bplus,2,1,margin,true,34,23,1383,2026-09-09T13:02:16Z,1685926465760,tinydl_revision,n512,512,B2,1.0,35.400,35.400,1400.000,1400.000,1400.000,1400.000,1.705349,34.049113,1.291082,2.510498,0.156092,41.376338,101.929426,0.000000,0.683592178,0.644976338,1
pi3bplus_v2_margin_20260909T125804Z,pi3bplus,2,1,margin,true,34,24,1384,2026-09-09T13:02:16Z,1686029715330,tinydl_revision,n512,512,B2,1.0,34.862,34.862,1400.000,1400.000,1400.000,1400.000,1.648996,34.878376,1.197749,2.565080,0.155364,43.098665,101.860885,0.000000,0.684992065,0.642872575,1
pi3bplus_v2_margin_20260909T125804Z,pi3bplus,2,1,margin,true,34,25,1385,2026-09-09T13:02:16Z,1686132985264,tinydl_revision,n512,512,B2,1.0,35.938,34.862,1400.000,1400.000,1400.000,1400.000,1.666026,33.715262,1.210510,2.544143,0.155623,40.959831,101.862968,0.000000,0.690917969,0.643961606,1
pi3bplus_v2_margin_20260909T125804Z,pi3bplus,2,1,margin,true,34,26,1386,2026-09-09T13:02:16Z,1686236233323,tinydl_revision,n512,512,B2,1.0,34.862,35.400,1400.000,1400.000,1400.000,1400.000,1.678422,33.619794,1.209885,2.559768,0.156717,40.948425,101.836666,0.000000,0.719424318,0.686600342,1
pi3bplus_v2_margin_20260909T125804Z,pi3bplus,2,1,margin,true,34,27,1387,2026-09-09T13:02:17Z,1686339425185,tinydl_revision,n512,512,B2,1.0,35.400,34.862,1400.000,1400.000,1400.000,1400.000,1.781025,33.751460,1.215561,2.558779,0.161248,41.206755,101.930050,0.000000,0.667655324,0.636412194,1
pi3bplus_v2_margin_20260909T125804Z,pi3bplus,2,1,margin,true,34,28,1388,2026-09-09T13:02:17Z,1686442706108,tinydl_revision,n512,512,B2,1.0,35.400,35.400,1400.000,1400.000,1400.000,1400.000,1.712015,33.589326,1.268374,2.508414,0.154634,40.911706,101.940935,0.000000,0.686229318,0.637916164,1
pi3bplus_v2_margin_20260909T125804Z,pi3bplus,2,1,margin,true,34,29,1389,2026-09-09T13:02:17Z,1686546004687,tinydl_revision,n512,512,B2,1.0,35.400,34.324,1400.000,1400.000,1400.000,1400.000,1.657641,33.750522,1.291655,2.516956,0.157134,41.038996,101.841405,0.000000,0.676191480,0.637986270,1
pi3bplus_v2_margin_20260909T125804Z,pi3bplus,2,1,margin,true,34,30,1390,2026-09-09T13:02:17Z,1686649225819,tinydl_revision,n512,512,B2,1.0,34.862,35.400,1400.000,1400.000,1400.000,1400.000,1.675453,33.643596,1.191499,2.556018,0.155259,40.888268,101.846352,0.000000,0.681740958,0.654816817,1
pi3bplus_v2_margin_20260909T125804Z,pi3bplus,2,1,margin,true,34,31,1391,2026-09-09T13:02:17Z,1686752443200,tinydl_revision,n512,512,B2,1.0,35.938,34.862,1400.000,1400.000,1400.000,1400.000,1.664828,33.680887,1.227905,2.582633,0.156405,41.025456,101.851145,0.000000,0.691622943,0.658393725,1
pi3bplus_v2_margin_20260909T125804Z,pi3bplus,2,1,margin,true,34,32,1392,2026-09-09T13:02:17Z,1686855609125,tinydl_revision,n512,512,B2,1.0,35.400,35.400,1400.000,1400.000,1400.000,1400.000,1.841546,33.663752,1.204937,2.548258,0.161353,41.161443,101.937810,0.000000,0.669761871,0.658934069,1
pi3bplus_v2_margin_20260909T125804Z,pi3bplus,2,1,margin,true,34,33,1393,2026-09-09T13:02:17Z,1686958886089,tinydl_revision,n512,512,B2,1.0,35.400,35.400,1400.000,1400.000,1400.000,1400.000,1.772797,33.675783,1.271811,2.518727,0.155520,41.069361,101.929373,0.000000,0.681014727,0.659166302,1
pi3bplus_v2_margin_20260909T125804Z,pi3bplus,2,1,margin,true,34,34,1394,2026-09-09T13:02:17Z,1687062128992,tinydl_revision,n512,512,B2,1.0,35.400,35.400,1400.000,1400.000,1400.000,1400.000,1.648526,35.302539,1.199051,2.573830,0.154790,43.363298,101.862290,0.000000,0.674236212,0.639451722,1
pi3bplus_v2_margin_20260909T125804Z,pi3bplus,2,1,margin,true,34,35,1395,2026-09-09T13:02:17Z,1687165377675,tinydl_revision,n512,512,B2,1.0,34.862,35.400,1400.000,1400.000,1400.000,1400.000,1.659360,33.724064,1.217177,2.551018,0.159842,40.983737,101.850676,0.000000,0.681007244,0.650428156,1
pi3bplus_v2_margin_20260909T125804Z,pi3bplus,2,1,margin,true,34,36,1396,2026-09-09T13:02:18Z,1687268627036,tinydl_revision,n512,512,B2,1.0,35.400,35.400,1400.000,1400.000,1400.000,1400.000,1.657954,33.616409,1.237124,2.568570,0.154842,40.964258,101.852915,0.000000,0.693672665,0.637244645,1
pi3bplus_v2_margin_20260909T125804Z,pi3bplus,2,1,margin,true,34,37,1397,2026-09-09T13:02:18Z,1687371789210,tinydl_revision,n512,512,B2,1.0,35.400,34.862,1400.000,1400.000,1400.000,1400.000,1.773369,33.778490,1.213061,2.578310,0.154946,41.226911,101.901456,0.000000,0.698406941,0.669353174,1
pi3bplus_v2_margin_20260909T125804Z,pi3bplus,2,1,margin,true,34,38,1398,2026-09-09T13:02:18Z,1687474998206,tinydl_revision,n512,512,B2,1.0,35.938,35.400,1400.000,1400.000,1400.000,1400.000,1.722432,33.652763,1.259519,2.496227,0.155988,40.963893,101.934268,0.000000,0.696728915,0.655162524,1
pi3bplus_v2_margin_20260909T125804Z,pi3bplus,2,1,margin,true,34,39,1399,2026-09-09T13:02:18Z,1687578243608,tinydl_revision,n512,512,B2,1.0,34.862,35.400,1400.000,1400.000,1400.000,1400.000,1.651911,33.762501,1.274988,2.505185,0.162602,41.030872,101.923643,0.000000,0.689796091,0.655015533,1
pi3bplus_v2_margin_20260909T125804Z,pi3bplus,2,1,margin,true,35,0,1400,2026-09-09T13:02:19Z,1688369365739,lucid_revision,n1024,1024,B1,0.5,34.862,35.400,1400.000,1400.000,1400.000,1400.000,2.017638,69.069831,2.358728,611.933468,0.188905,689.081923,690.921698,589.081923,0.671939968,0.586547084,1
pi3bplus_v2_margin_20260909T125804Z,pi3bplus,2,1,margin,true,35,1,1401,2026-09-09T13:02:19Z,1689062274398,lucid_revision,n1024,1024,B1,0.5,35.400,35.400,1400.000,1400.000,1400.000,1400.000,1.756911,69.687690,1.880035,635.429187,0.182915,712.443059,714.288771,612.443059,0.693444430,0.608168183,1
pi3bplus_v2_margin_20260909T125804Z,pi3bplus,2,1,margin,true,35,2,1402,2026-09-09T13:02:20Z,1689778494245,lucid_revision,n1024,1024,B1,0.5,35.400,35.938,1400.000,1400.000,1400.000,1400.000,1.805557,69.231548,1.866858,636.256678,0.181457,712.571390,714.692100,612.571390,0.671021228,0.587327152,1
pi3bplus_v2_margin_20260909T125804Z,pi3bplus,2,1,margin,true,35,3,1403,2026-09-09T13:02:21Z,1690495183462,lucid_revision,n1024,1024,B1,0.5,35.400,35.400,1400.000,1400.000,1400.000,1400.000,1.809931,68.365879,1.882691,638.241241,0.185884,713.668774,715.442976,613.668774,0.687073071,0.599743702,1
pi3bplus_v2_margin_20260909T125804Z,pi3bplus,2,1,margin,true,35,4,1404,2026-09-09T13:02:21Z,1691212681158,lucid_revision,n1024,1024,B1,0.5,35.400,35.400,1400.000,1400.000,1400.000,1400.000,1.735505,69.115924,1.915138,636.772710,0.180884,712.863414,714.650585,612.863414,0.697586093,0.607835398,1
pi3bplus_v2_margin_20260909T125804Z,pi3bplus,2,1,margin,true,35,5,1405,2026-09-09T13:02:22Z,1691929341672,lucid_revision,n1024,1024,B1,0.5,35.400,36.476,1400.000,1400.000,1400.000,1400.000,1.712275,69.099465,1.986492,639.039302,0.182603,715.124485,716.893323,615.124485,0.688970928,0.600721784,1
pi3bplus_v2_margin_20260909T125804Z,pi3bplus,2,1,margin,true,35,6,1406,2026-09-09T13:02:23Z,1692648221330,lucid_revision,n1024,1024,B1,0.5,35.938,35.938,1400.000,1400.000,1400.000,1400.000,1.709620,69.138840,1.886076,637.714678,0.180415,713.794183,715.584791,613.794183,0.673803029,0.588464956,1
pi3bplus_v2_margin_20260909T125804Z,pi3bplus,2,1,margin,true,35,7,1407,2026-09-09T13:02:24Z,1693365834800,lucid_revision,n1024,1024,B1,0.5,35.938,36.476,1400.000,1400.000,1400.000,1400.000,1.710974,68.373430,1.945450,640.117205,0.182759,715.555570,717.332689,615.555570,0.685875605,0.601440670,1
pi3bplus_v2_margin_20260909T125804Z,pi3bplus,2,1,margin,true,35,8,1408,2026-09-09T13:02:24Z,1694085164502,lucid_revision,n1024,1024,B1,0.5,36.476,35.400,1400.000,1400.000,1400.000,1400.000,1.721911,69.082278,2.526123,636.570673,0.182446,714.097404,716.014469,614.097404,0.674565331,0.589753533,1
pi3bplus_v2_margin_20260909T125804Z,pi3bplus,2,1,margin,true,35,9,1409,2026-09-09T13:02:25Z,1694803168692,lucid_revision,n1024,1024,B1,0.5,35.938,35.938,1400.000,1400.000,1400.000,1400.000,1.795661,68.392544,1.887900,639.559394,0.184009,714.977498,716.764461,614.977498,0.685340768,0.598978919,1
pi3bplus_v2_margin_20260909T125804Z,pi3bplus,2,1,margin,true,35,10,1410,2026-09-09T13:02:26Z,1695521951832,lucid_revision,n1024,1024,B1,0.5,36.476,35.938,1400.000,1400.000,1400.000,1400.000,1.698058,69.242953,1.939201,636.995093,0.183332,713.167148,715.070725,613.167148,0.702874470,0.611541140,1
pi3bplus_v2_margin_20260909T125804Z,pi3bplus,2,1,margin,true,35,11,1411,2026-09-09T13:02:26Z,1696238956966,lucid_revision,n1024,1024,B1,0.5,36.476,36.476,1400.000,1400.000,1400.000,1400.000,1.785504,68.574157,1.890295,639.996208,0.182655,715.600508,717.465282,615.600508,0.683300031,0.596786512,1
pi3bplus_v2_margin_20260909T125804Z,pi3bplus,2,1,margin,true,35,12,1412,2026-09-09T13:02:27Z,1696958453011,lucid_revision,n1024,1024,B1,0.5,36.476,36.476,1400.000,1400.000,1400.000,1400.000,1.862692,69.563522,1.848576,636.980089,0.269893,713.697503,715.477799,613.697503,0.674181811,0.587850250,1
pi3bplus_v2_margin_20260909T125804Z,pi3bplus,2,1,margin,true,35,13,1413,2026-09-09T13:02:28Z,1697675865115,lucid_revision,n1024,1024,B1,0.5,35.938,35.938,1400.000,1400.000,1400.000,1400.000,1.770192,68.625249,1.895139,639.612354,0.183592,715.283580,717.181687,615.283580,0.685770094,0.602101530,1
pi3bplus_v2_margin_20260909T125804Z,pi3bplus,2,1,margin,true,35,14,1414,2026-09-09T13:02:29Z,1698394987305,lucid_revision,n1024,1024,B1,0.5,36.476,36.476,1400.000,1400.000,1400.000,1400.000,1.779515,68.963007,1.874357,636.360768,0.183436,712.325220,714.243587,612.325220,0.676185120,0.591548425,1
pi3bplus_v2_margin_20260909T125804Z,pi3bplus,2,1,margin,true,35,15,1415,2026-09-09T13:02:29Z,1699111171447,lucid_revision,n1024,1024,B1,0.5,36.476,36.476,1400.000,1400.000,1400.000,1400.000,1.780973,68.446866,2.543831,640.446925,0.190935,717.488138,719.255935,617.488138,0.686458336,0.598574336,1
pi3bplus_v2_margin_20260909T125804Z,pi3bplus,2,1,margin,true,35,16,1416,2026-09-09T13:02:30Z,1699832432155,lucid_revision,n1024,1024,B1,0.5,36.476,36.476,1400.000,1400.000,1400.000,1400.000,1.714255,69.390190,1.918160,636.583887,0.188592,712.955157,714.720505,612.955157,0.704792150,0.613924238,1
pi3bplus_v2_margin_20260909T125804Z,pi3bplus,2,1,margin,true,35,17,1417,2026-09-09T13:02:31Z,1700549244881,lucid_revision,n1024,1024,B1,0.5,35.400,36.476,1400.000,1400.000,1400.000,1400.000,1.725713,68.623165,1.919878,638.652460,0.192915,714.282903,716.183615,614.282903,0.673882718,0.589098909,1
pi3bplus_v2_margin_20260909T125804Z,pi3bplus,2,1,margin,true,35,18,1418,2026-09-09T13:02:32Z,1701267353478,lucid_revision,n1024,1024,B1,0.5,36.476,36.476,1400.000,1400.000,1400.000,1400.000,1.782015,69.311909,1.849462,636.987421,0.187811,713.429055,715.198517,613.429055,0.684182551,0.597889267,1
pi3bplus_v2_margin_20260909T125804Z,pi3bplus,2,1,margin,true,35,19,1419,2026-09-09T13:02:32Z,1701984547237,lucid_revision,n1024,1024,B1,0.5,36.476,35.938,1400.000,1400.000,1400.000,1400.000,1.727119,68.750299,1.883889,639.797913,0.278644,715.657991,717.438287,615.657991,0.676465664,0.591877672,1
pi3bplus_v2_margin_20260909T125804Z,pi3bplus,2,1,margin,true,35,20,1420,2026-09-09T13:02:33Z,1702703987068,lucid_revision,n1024,1024,B1,0.5,36.476,35.938,1400.000,1400.000,1400.000,1400.000,1.719411,69.075401,1.860139,636.963876,0.182655,713.002075,714.757424,613.002075,0.678995446,0.592443459,1
pi3bplus_v2_margin_20260909T125804Z,pi3bplus,2,1,margin,true,35,21,1421,2026-09-09T13:02:34Z,1703420750515,lucid_revision,n1024,1024,B1,0.5,36.476,35.938,1400.000,1400.000,1400.000,1400.000,1.711130,68.533218,1.879045,637.068196,0.183540,712.547494,714.322946,612.547494,0.687527697,0.601678008,1
pi3bplus_v2_margin_20260909T125804Z,pi3bplus,2,1,margin,true,35,22,1422,2026-09-09T13:02:34Z,1704137075995,lucid_revision,n1024,1024,B1,0.5,36.476,36.476,1400.000,1400.000,1400.000,1400.000,1.723266,69.281544,2.628414,638.263703,0.188228,716.057719,717.829838,616.057719,0.696149940,0.606025354,1
pi3bplus_v2_margin_20260909T125804Z,pi3bplus,2,1,margin,true,35,23,1423,2026-09-09T13:02:35Z,1704856910450,lucid_revision,n1024,1024,B1,0.5,36.476,36.476,1400.000,1400.000,1400.000,1400.000,1.716286,68.773684,1.977690,639.269213,0.268227,715.231007,717.001667,615.231007,0.684187084,0.600499908,1
pi3bplus_v2_margin_20260909T125804Z,pi3bplus,2,1,margin,true,35,24,1424,2026-09-09T13:02:36Z,1705575850433,lucid_revision,n1024,1024,B1,0.5,36.476,36.476,1400.000,1400.000,1400.000,1400.000,1.805400,69.043108,1.864097,636.952306,0.187551,713.047067,714.813977,613.047067,0.685272331,0.595484858,1
pi3bplus_v2_margin_20260909T125804Z,pi3bplus,2,1,margin,true,35,25,1425,2026-09-09T13:02:37Z,1706292704912,lucid_revision,n1024,1024,B1,0.5,36.476,36.476,1400.000,1400.000,1400.000,1400.000,1.714723,68.643997,1.901232,639.239834,0.190050,714.901943,716.801352,614.901943,0.671582750,0.589082115,1
pi3bplus_v2_margin_20260909T125804Z,pi3bplus,2,1,margin,true,35,26,1426,2026-09-09T13:02:37Z,1707011445517,lucid_revision,n1024,1024,B1,0.5,36.476,35.938,1400.000,1400.000,1400.000,1400.000,1.785504,69.116753,1.884358,635.076434,0.188853,711.258277,713.135186,611.258277,0.682519755,0.595730199,1
pi3bplus_v2_margin_20260909T125804Z,pi3bplus,2,1,margin,true,35,27,1427,2026-09-09T13:02:38Z,1707726557404,lucid_revision,n1024,1024,B1,0.5,36.476,36.476,1400.000,1400.000,1400.000,1400.000,1.814931,68.573893,1.913263,639.612484,0.182134,715.216780,716.999732,615.216780,0.690734562,0.603817461,1
pi3bplus_v2_margin_20260909T125804Z,pi3bplus,2,1,margin,true,35,28,1428,2026-09-09T13:02:39Z,1708445623002,lucid_revision,n1024,1024,B1,0.5,36.476,35.938,1400.000,1400.000,1400.000,1400.000,1.716547,69.247845,1.923784,636.950267,0.181873,713.138151,715.081102,613.138151,0.692198355,0.600176497,1
pi3bplus_v2_margin_20260909T125804Z,pi3bplus,2,1,margin,true,35,29,1429,2026-09-09T13:02:39Z,1709162645492,lucid_revision,n1024,1024,B1,0.5,36.476,36.476,1400.000,1400.000,1400.000,1400.000,1.782119,68.591965,2.831224,639.360815,0.181093,716.742698,718.649139,616.742698,0.684334965,0.601861647,1
pi3bplus_v2_margin_20260909T125804Z,pi3bplus,2,1,margin,true,35,30,1430,2026-09-09T13:02:40Z,1709883235082,lucid_revision,n1024,1024,B1,0.5,36.476,36.476,1400.000,1400.000,1400.000,1400.000,1.786234,70.114242,1.856233,635.762253,0.275726,712.946794,714.718080,612.946794,0.689294027,0.601196763,1
pi3bplus_v2_margin_20260909T125804Z,pi3bplus,2,1,margin,true,35,31,1431,2026-09-09T13:02:41Z,1710599925070,lucid_revision,n1024,1024,B1,0.5,36.476,36.476,1400.000,1400.000,1400.000,1400.000,1.714412,68.640298,1.898941,639.194563,0.192967,714.872400,716.810351,614.872400,0.667963775,0.583993556,1
pi3bplus_v2_margin_20260909T125804Z,pi3bplus,2,1,margin,true,35,32,1432,2026-09-09T13:02:42Z,1711318686184,lucid_revision,n1024,1024,B1,0.5,36.476,36.476,1400.000,1400.000,1400.000,1400.000,1.772848,69.369821,1.889722,636.439014,0.188071,712.876634,714.781304,612.876634,0.685238995,0.600166664,1
pi3bplus_v2_margin_20260909T125804Z,pi3bplus,2,1,margin,true,35,33,1433,2026-09-09T13:02:42Z,1712035446949,lucid_revision,n1024,1024,B1,0.5,36.476,36.476,1400.000,1400.000,1400.000,1400.000,1.815139,68.643631,1.879566,639.038362,0.192603,714.743073,716.520401,614.743073,0.688660466,0.599915029,1
pi3bplus_v2_margin_20260909T125804Z,pi3bplus,2,1,margin,true,35,34,1434,2026-09-09T13:02:43Z,1712754031080,lucid_revision,n1024,1024,B1,0.5,36.476,36.476,1400.000,1400.000,1400.000,1400.000,1.703734,69.120241,2.021439,636.403594,0.190571,712.556374,714.438439,612.556374,0.693008509,0.602057292,1
pi3bplus_v2_margin_20260909T125804Z,pi3bplus,2,1,margin,true,35,35,1435,2026-09-09T13:02:44Z,1713470403720,lucid_revision,n1024,1024,B1,0.5,36.476,36.476,1400.000,1400.000,1400.000,1400.000,1.776911,68.701182,1.975762,640.178297,0.179113,715.944621,717.804447,615.944621,0.680821900,0.597423001,1
pi3bplus_v2_margin_20260909T125804Z,pi3bplus,2,1,margin,true,35,36,1436,2026-09-09T13:02:44Z,1714190152056,lucid_revision,n1024,1024,B1,0.5,36.476,36.476,1400.000,1400.000,1400.000,1400.000,1.695245,69.309926,2.548101,636.621504,0.274946,714.067396,715.848838,614.067396,0.690191345,0.601350471,1
pi3bplus_v2_margin_20260909T125804Z,pi3bplus,2,1,margin,true,35,37,1437,2026-09-09T13:02:45Z,1714907932230,lucid_revision,n1024,1024,B1,0.5,36.476,36.476,1400.000,1400.000,1400.000,1400.000,1.756911,68.973107,1.861024,640.195220,0.200467,716.362477,718.130221,616.362477,0.673381166,0.592110520,1
pi3bplus_v2_margin_20260909T125804Z,pi3bplus,2,1,margin,true,35,38,1438,2026-09-09T13:02:46Z,1715627990350,lucid_revision,n1024,1024,B1,0.5,35.938,37.014,1400.000,1400.000,1400.000,1400.000,1.719151,69.373623,1.952846,637.718054,0.181144,714.183537,715.961125,614.183537,0.678134975,0.590676046,1
pi3bplus_v2_margin_20260909T125804Z,pi3bplus,2,1,margin,true,35,39,1439,2026-09-09T13:02:47Z,1716345966664,lucid_revision,n1024,1024,B1,0.5,36.476,36.476,1400.000,1400.000,1400.000,1400.000,1.709567,68.614046,1.959461,640.365840,0.182394,715.949144,717.734336,615.949144,0.694084214,0.607360172,1
pi3bplus_v2_margin_20260909T125804Z,pi3bplus,2,1,margin,true,36,0,1440,2026-09-09T13:02:48Z,1717727382557,oi_svdd_as_elm_revision,n256,256,B2,1.0,36.476,36.476,1400.000,1400.000,1400.000,1400.000,2.096178,17.957384,0.874315,7.200089,0.141353,29.423110,102.298419,0.000000,0.717251810,0.654832812,1
pi3bplus_v2_margin_20260909T125804Z,pi3bplus,2,1,margin,true,36,1,1441,2026-09-09T13:02:48Z,1717830793309,oi_svdd_as_elm_revision,n256,256,B2,1.0,35.938,35.938,1400.000,1400.000,1400.000,1400.000,2.148729,17.681866,0.999939,7.468837,0.167395,29.644098,101.904516,0.000000,0.680792543,0.635836398,1
pi3bplus_v2_margin_20260909T125804Z,pi3bplus,2,1,margin,true,36,2,1442,2026-09-09T13:02:48Z,1717933711305,oi_svdd_as_elm_revision,n256,256,B2,1.0,35.400,36.476,1400.000,1400.000,1400.000,1400.000,1.605506,17.268380,0.825721,6.454627,0.148592,27.280526,101.851704,0.000000,0.669286701,0.597868194,1
pi3bplus_v2_margin_20260909T125804Z,pi3bplus,2,1,margin,true,36,3,1443,2026-09-09T13:02:48Z,1718036648416,oi_svdd_as_elm_revision,n256,256,B2,1.0,36.476,35.400,1400.000,1400.000,1400.000,1400.000,1.645870,16.993226,0.824263,6.383066,0.149790,27.034955,101.860193,0.000000,0.710468310,0.676379291,1
pi3bplus_v2_margin_20260909T125804Z,pi3bplus,2,1,margin,true,36,4,1444,2026-09-09T13:02:48Z,1718139497246,oi_svdd_as_elm_revision,n256,256,B2,1.0,36.476,36.476,1400.000,1400.000,1400.000,1400.000,2.277531,16.938800,0.905513,6.376503,0.145988,27.638856,101.896756,0.000000,0.692957943,0.649071140,1
pi3bplus_v2_margin_20260909T125804Z,pi3bplus,2,1,margin,true,36,5,1445,2026-09-09T13:02:48Z,1718242424878,oi_svdd_as_elm_revision,n256,256,B2,1.0,36.476,36.476,1400.000,1400.000,1400.000,1400.000,1.669515,16.924165,0.822857,6.409055,0.149946,26.979227,101.953786,0.000000,0.659025001,0.609076885,1
pi3bplus_v2_margin_20260909T125804Z,pi3bplus,2,1,margin,true,36,6,1446,2026-09-09T13:02:49Z,1718345394592,oi_svdd_as_elm_revision,n256,256,B2,1.0,36.476,35.938,1400.000,1400.000,1400.000,1400.000,1.614412,16.982133,0.824159,6.429211,0.152394,26.993133,101.853683,0.000000,0.677405104,0.609405723,1
pi3bplus_v2_margin_20260909T125804Z,pi3bplus,2,1,margin,true,36,7,1447,2026-09-09T13:02:49Z,1718448300400,oi_svdd_as_elm_revision,n256,256,B2,1.0,35.400,36.476,1400.000,1400.000,1400.000,1400.000,1.629464,16.880311,0.897805,6.374159,0.147239,26.935946,101.866808,0.000000,0.668974392,0.626824771,1
pi3bplus_v2_margin_20260909T125804Z,pi3bplus,2,1,margin,true,36,8,1448,2026-09-09T13:02:49Z,1718551162199,oi_svdd_as_elm_revision,n256,256,B2,1.0,36.476,35.938,1400.000,1400.000,1400.000,1400.000,1.694932,16.911196,0.830773,6.421710,0.144999,27.001414,101.934203,0.000000,0.688788089,0.659126273,1
pi3bplus_v2_margin_20260909T125804Z,pi3bplus,2,1,margin,true,36,9,1449,2026-09-09T13:02:49Z,1718654090090,oi_svdd_as_elm_revision,n256,256,B2,1.0,36.476,35.938,1400.000,1400.000,1400.000,1400.000,1.610974,16.976769,0.813325,6.437023,0.149322,26.997404,101.865246,0.000000,0.702287609,0.646571401,1
pi3bplus_v2_margin_20260909T125804Z,pi3bplus,2,1,margin,true,36,10,1450,2026-09-09T13:02:49Z,1718757026367,oi_svdd_as_elm_revision,n256,256,B2,1.0,36.476,36.476,1400.000,1400.000,1400.000,1400.000,1.636547,16.975102,0.825409,6.402648,0.199061,27.089018,101.866183,0.000000,0.700735572,0.658931176,1
pi3bplus_v2_margin_20260909T125804Z,pi3bplus,2,1,margin,true,36,11,1451,2026-09-09T13:02:49Z,1718859894155,oi_svdd_as_elm_revision,n256,256,B2,1.0,36.476,35.938,1400.000,1400.000,1400.000,1400.000,2.156855,17.029320,0.871242,6.388065,0.154009,27.606617,101.915662,0.000000,0.664872701,0.626496954,1
pi3bplus_v2_margin_20260909T125804Z,pi3bplus,2,1,margin,true,36,12,1452,2026-09-09T13:02:49Z,1718962804131,oi_svdd_as_elm_revision,n256,256,B2,1.0,36.476,36.476,1400.000,1400.000,1400.000,1400.000,1.676495,17.006924,0.824888,6.422336,0.144061,27.069903,101.926494,0.000000,0.682776012,0.660283400,1
pi3bplus_v2_margin_20260909T125804Z,pi3bplus,2,1,margin,true,36,13,1453,2026-09-09T13:02:49Z,1719065721293,oi_svdd_as_elm_revision,n256,256,B2,1.0,36.476,35.938,1400.000,1400.000,1400.000,1400.000,1.602329,17.041820,0.825096,6.399315,0.145676,27.018133,101.869620,0.000000,0.644767378,0.613116492,1
pi3bplus_v2_margin_20260909T125804Z,pi3bplus,2,1,margin,true,36,14,1454,2026-09-09T13:02:49Z,1719168648143,oi_svdd_as_elm_revision,n256,256,B2,1.0,36.476,36.476,1400.000,1400.000,1400.000,1400.000,1.731286,16.922029,0.819159,6.398325,0.147551,27.048705,101.861079,0.000000,0.686842060,0.645459666,1
pi3bplus_v2_margin_20260909T125804Z,pi3bplus,2,1,margin,true,36,15,1455,2026-09-09T13:02:50Z,1719271500775,oi_svdd_as_elm_revision,n256,256,B2,1.0,36.476,35.938,1400.000,1400.000,1400.000,1400.000,1.703629,17.990457,0.951970,6.457075,0.147602,29.120873,101.908838,0.000000,0.678962065,0.656821746,1
pi3bplus_v2_margin_20260909T125804Z,pi3bplus,2,1,margin,true,36,16,1456,2026-09-09T13:02:50Z,1719374405073,oi_svdd_as_elm_revision,n256,256,B2,1.0,36.476,35.938,1400.000,1400.000,1400.000,1400.000,1.640870,16.897915,0.820096,6.410617,0.144218,26.905633,101.940452,0.000000,0.694276124,0.647522218,1
pi3bplus_v2_margin_20260909T125804Z,pi3bplus,2,1,margin,true,36,17,1457,2026-09-09T13:02:50Z,1719477333953,oi_svdd_as_elm_revision,n256,256,B2,1.0,35.938,35.400,1400.000,1400.000,1400.000,1400.000,1.619152,16.865675,0.812648,6.336868,0.148592,26.878551,101.855610,0.000000,0.673824132,0.627669499,1
pi3bplus_v2_margin_20260909T125804Z,pi3bplus,2,1,margin,true,36,18,1458,2026-09-09T13:02:50Z,1719580289605,oi_svdd_as_elm_revision,n256,256,B2,1.0,35.400,35.938,1400.000,1400.000,1400.000,1400.000,1.652120,16.818436,0.877024,6.388326,0.153644,26.885686,101.844099,0.000000,0.680624949,0.623163056,1
pi3bplus_v2_margin_20260909T125804Z,pi3bplus,2,1,margin,true,36,19,1459,2026-09-09T13:02:50Z,1719683137497,oi_svdd_as_elm_revision,n256,256,B2,1.0,36.476,36.476,1400.000,1400.000,1400.000,1400.000,1.693838,16.889738,0.829784,6.400044,0.144009,26.954383,102.364407,0.000000,0.695163657,0.647313054,1
pi3bplus_v2_margin_20260909T125804Z,pi3bplus,2,1,margin,true,36,20,1460,2026-09-09T13:02:50Z,1719786598456,oi_svdd_as_elm_revision,n256,256,B2,1.0,36.476,36.476,1400.000,1400.000,1400.000,1400.000,1.936649,17.752698,1.073897,7.444879,0.175727,29.656545,102.028941,0.000000,0.686337861,0.621347400,1
pi3bplus_v2_margin_20260909T125804Z,pi3bplus,2,1,margin,true,36,21,1461,2026-09-09T13:02:50Z,1719889634263,oi_svdd_as_elm_revision,n256,256,B2,1.0,36.476,36.476,1400.000,1400.000,1400.000,1400.000,1.612693,17.259214,0.855357,6.509314,0.192081,27.814271,104.892456,0.000000,0.696701201,0.643675830,1
pi3bplus_v2_margin_20260909T125804Z,pi3bplus,2,1,margin,true,36,22,1462,2026-09-09T13:02:50Z,1719995646969,oi_svdd_as_elm_revision,n256,256,B2,1.0,36.476,36.476,1400.000,1400.000,1400.000,1400.000,3.569030,17.178850,0.841242,9.257778,0.200051,32.074960,102.973307,0.000000,0.683274868,0.620742004,1
pi3bplus_v2_margin_20260909T125804Z,pi3bplus,2,1,margin,true,36,23,1463,2026-09-09T13:02:50Z,1720099803078,oi_svdd_as_elm_revision,n256,256,B2,1.0,36.476,36.476,1400.000,1400.000,1400.000,1400.000,2.363051,18.308370,0.954001,7.623106,0.158696,30.729868,102.804819,0.000000,0.717359777,0.666575527,1
pi3bplus_v2_margin_20260909T125804Z,pi3bplus,2,1,margin,true,36,24,1464,2026-09-09T13:02:50Z,1720203732157,oi_svdd_as_elm_revision,n256,256,B2,1.0,36.476,36.476,1400.000,1400.000,1400.000,1400.000,2.458623,25.696010,0.925303,7.354411,0.141197,37.846000,101.754152,0.000000,0.718202230,0.663186948,1
pi3bplus_v2_margin_20260909T125804Z,pi3bplus,2,1,margin,true,36,25,1465,2026-09-09T13:02:51Z,1720306482498,oi_svdd_as_elm_revision,n256,256,B2,1.0,36.476,36.476,1400.000,1400.000,1400.000,1400.000,1.672901,16.971820,0.833639,6.413846,0.141666,27.026882,101.928994,0.000000,0.648469940,0.581279046,1
pi3bplus_v2_margin_20260909T125804Z,pi3bplus,2,1,margin,true,36,26,1466,2026-09-09T13:02:51Z,1720409418097,oi_svdd_as_elm_revision,n256,256,B2,1.0,36.476,36.476,1400.000,1400.000,1400.000,1400.000,1.596391,16.853123,0.829055,6.422648,0.148593,26.889123,101.845870,0.000000,0.689917815,0.656752998,1
pi3bplus_v2_margin_20260909T125804Z,pi3bplus,2,1,margin,true,36,27,1467,2026-09-09T13:02:51Z,1720512327082,oi_svdd_as_elm_revision,n256,256,B2,1.0,36.476,36.476,1400.000,1400.000,1400.000,1400.000,1.632850,16.862915,0.884470,6.372857,0.151874,26.898394,101.841286,0.000000,0.703949560,0.662110599,1
pi3bplus_v2_margin_20260909T125804Z,pi3bplus,2,1,margin,true,36,28,1468,2026-09-09T13:02:51Z,1720615159192,oi_svdd_as_elm_revision,n256,256,B2,1.0,37.014,36.476,1400.000,1400.000,1400.000,1400.000,1.716494,16.878904,0.833221,6.427023,0.145311,27.004122,101.919775,0.000000,0.668985076,0.609270048,1
pi3bplus_v2_margin_20260909T125804Z,pi3bplus,2,1,margin,true,36,29,1469,2026-09-09T13:02:51Z,1720718068177,oi_svdd_as_elm_revision,n256,256,B2,1.0,36.476,35.938,1400.000,1400.000,1400.000,1400.000,1.605350,16.936977,0.836398,6.408273,0.144217,26.924592,101.882171,0.000000,0.671456641,0.625416058,1
pi3bplus_v2_margin_20260909T125804Z,pi3bplus,2,1,margin,true,36,30,1470,2026-09-09T13:02:51Z,1720821005755,oi_svdd_as_elm_revision,n256,256,B2,1.0,36.476,36.476,1400.000,1400.000,1400.000,1400.000,1.628631,17.093642,0.830409,6.362075,0.196873,27.150319,101.849359,0.000000,0.668600814,0.610437650,1
pi3bplus_v2_margin_20260909T125804Z,pi3bplus,2,1,margin,true,36,31,1471,2026-09-09T13:02:51Z,1720923840261,oi_svdd_as_elm_revision,n256,256,B2,1.0,36.476,36.476,1400.000,1400.000,1400.000,1400.000,1.718630,17.151454,0.972230,6.573428,0.154269,28.038384,101.928213,0.000000,0.686279017,0.647245523,1
pi3bplus_v2_margin_20260909T125804Z,pi3bplus,2,1,margin,true,36,32,1472,2026-09-09T13:02:51Z,1721026797683,oi_svdd_as_elm_revision,n256,256,B2,1.0,36.476,35.938,1400.000,1400.000,1400.000,1400.000,1.684463,16.924581,0.817701,6.491085,0.146666,27.044383,101.902276,0.000000,0.688915153,0.646221114,1
pi3bplus_v2_margin_20260909T125804Z,pi3bplus,2,1,margin,true,36,33,1473,2026-09-09T13:02:51Z,1721129693439,oi_svdd_as_elm_revision,n256,256,B2,1.0,36.476,35.938,1400.000,1400.000,1400.000,1400.000,1.610037,16.911456,0.829419,6.421815,0.146926,26.929904,101.867849,0.000000,0.698310907,0.650265046,1
pi3bplus_v2_margin_20260909T125804Z,pi3bplus,2,1,margin,true,36,34,1474,2026-09-09T13:02:51Z,1721232637215,oi_svdd_as_elm_revision,n256,256,B2,1.0,36.476,36.476,1400.000,1400.000,1400.000,1400.000,1.634047,16.867134,0.823065,6.424471,0.147603,26.931467,101.720818,0.000000,0.688057598,0.638561965,1
pi3bplus_v2_margin_20260909T125804Z,pi3bplus,2,1,margin,true,36,35,1475,2026-09-09T13:02:52Z,1721335363284,oi_svdd_as_elm_revision,n256,256,B2,1.0,35.938,36.476,1400.000,1400.000,1400.000,1400.000,1.701182,16.830832,0.814316,6.439940,0.150364,26.935790,101.908577,0.000000,0.668850421,0.644316703,1
pi3bplus_v2_margin_20260909T125804Z,pi3bplus,2,1,margin,true,36,36,1476,2026-09-09T13:02:52Z,1721438260550,oi_svdd_as_elm_revision,n256,256,B2,1.0,36.476,36.476,1400.000,1400.000,1400.000,1400.000,1.609829,16.893905,0.824783,6.455773,0.142291,26.923706,101.911233,0.000000,0.664064387,0.638080999,1
pi3bplus_v2_margin_20260909T125804Z,pi3bplus,2,1,margin,true,36,37,1477,2026-09-09T13:02:52Z,1721541160316,oi_svdd_as_elm_revision,n256,256,B2,1.0,36.476,35.938,1400.000,1400.000,1400.000,1400.000,1.611548,16.849113,0.809211,6.368014,0.151040,26.825009,101.843161,0.000000,0.658559403,0.619130081,1
pi3bplus_v2_margin_20260909T125804Z,pi3bplus,2,1,margin,true,36,38,1478,2026-09-09T13:02:52Z,1721643993832,oi_svdd_as_elm_revision,n256,256,B2,1.0,36.476,35.938,1400.000,1400.000,1400.000,1400.000,1.633110,16.805520,0.877231,6.378065,0.145102,26.894071,101.848369,0.000000,0.707808060,0.679924868,1
pi3bplus_v2_margin_20260909T125804Z,pi3bplus,2,1,margin,true,36,39,1479,2026-09-09T13:02:52Z,1721746831515,oi_svdd_as_elm_revision,n256,256,B2,1.0,37.014,36.476,1400.000,1400.000,1400.000,1400.000,1.694932,16.851092,0.835200,6.403847,0.142759,26.922925,101.949254,0.000000,0.669795716,0.639846996,1
pi3bplus_v2_margin_20260909T125804Z,pi3bplus,2,1,margin,true,37,0,1480,2026-09-09T13:02:53Z,1722543511919,fisvdd_revision,n256,256,B1,0.5,35.938,35.938,1400.000,1400.000,1400.000,1400.000,2.106178,17.563585,0.865305,3.275803,0.144478,25.090494,102.259146,0.000000,0.671365288,0.498594608,1
pi3bplus_v2_margin_20260909T125804Z,pi3bplus,2,1,margin,true,37,1,1481,2026-09-09T13:02:53Z,1722646884284,fisvdd_revision,n256,256,B1,0.5,35.938,35.938,1400.000,1400.000,1400.000,1400.000,2.027533,17.597856,1.004573,3.537206,0.145571,25.480803,101.946076,0.000000,0.691852497,0.498667971,1
pi3bplus_v2_margin_20260909T125804Z,pi3bplus,2,1,margin,true,37,2,1482,2026-09-09T13:02:53Z,1722749843892,fisvdd_revision,n256,256,B1,0.5,35.938,36.476,1400.000,1400.000,1400.000,1400.000,1.616912,16.953799,0.817596,2.962889,0.149895,23.502228,101.871233,0.000000,0.684341801,0.500360549,1
pi3bplus_v2_margin_20260909T125804Z,pi3bplus,2,1,margin,true,37,3,1483,2026-09-09T13:02:53Z,1722852796105,fisvdd_revision,n256,256,B1,0.5,35.938,35.938,1400.000,1400.000,1400.000,1400.000,1.628579,16.848957,0.835773,2.897161,0.151874,23.483530,101.885139,0.000000,0.692347424,0.499652404,1
pi3bplus_v2_margin_20260909T125804Z,pi3bplus,2,1,margin,true,37,4,1484,2026-09-09T13:02:53Z,1722955682641,fisvdd_revision,n256,256,B1,0.5,35.400,35.938,1400.000,1400.000,1400.000,1400.000,1.735400,16.919321,0.883898,2.903671,0.150832,23.585821,101.893525,0.000000,0.680432768,0.498789195,1
pi3bplus_v2_margin_20260909T125804Z,pi3bplus,2,1,margin,true,37,5,1485,2026-09-09T13:02:53Z,1723058571104,fisvdd_revision,n256,256,B1,0.5,35.938,35.938,1400.000,1400.000,1400.000,1400.000,1.681078,16.927758,0.822284,2.969660,0.157967,23.563373,101.933629,0.000000,0.698144737,0.499604098,1
pi3bplus_v2_margin_20260909T125804Z,pi3bplus,2,1,margin,true,37,6,1486,2026-09-09T13:02:53Z,1723161546129,fisvdd_revision,n256,256,B1,0.5,35.400,35.938,1400.000,1400.000,1400.000,1400.000,1.626079,17.027289,0.829471,2.963462,0.148593,23.597436,101.875192,0.000000,0.704734768,0.500451642,1
pi3bplus_v2_margin_20260909T125804Z,pi3bplus,2,1,margin,true,37,7,1487,2026-09-09T13:02:54Z,1723264502561,fisvdd_revision,n256,256,B1,0.5,35.938,35.938,1400.000,1400.000,1400.000,1400.000,1.641339,16.869425,0.895096,2.901640,0.148853,23.465040,101.785192,0.000000,0.724588182,0.499027162,1
pi3bplus_v2_margin_20260909T125804Z,pi3bplus,2,1,margin,true,37,8,1488,2026-09-09T13:02:54Z,1723367330191,fisvdd_revision,n256,256,B1,0.5,35.400,35.938,1400.000,1400.000,1400.000,1400.000,1.769775,17.000310,0.831346,2.967108,0.151301,23.717903,101.946440,0.000000,0.668450155,0.499322879,1
pi3bplus_v2_margin_20260909T125804Z,pi3bplus,2,1,margin,true,37,9,1489,2026-09-09T13:02:54Z,1723470287559,fisvdd_revision,n256,256,B1,0.5,35.400,35.938,1400.000,1400.000,1400.000,1400.000,1.616599,17.002965,0.840356,2.966639,0.149999,23.562800,101.925347,0.000000,0.674020795,0.501521842,1
pi3bplus_v2_margin_20260909T125804Z,pi3bplus,2,1,margin,true,37,10,1490,2026-09-09T13:02:54Z,1723573224668,fisvdd_revision,n256,256,B1,0.5,35.400,35.400,1400.000,1400.000,1400.000,1400.000,1.620037,16.878748,0.828951,2.958670,0.145207,23.480457,101.883680,0.000000,0.703517496,0.500177295,1
pi3bplus_v2_margin_20260909T125804Z,pi3bplus,2,1,margin,true,37,11,1491,2026-09-09T13:02:54Z,1723676199224,fisvdd_revision,n256,256,B1,0.5,35.400,35.400,1400.000,1400.000,1400.000,1400.000,1.636443,16.925310,0.914002,2.905025,0.151353,23.550925,101.857170,0.000000,0.691596273,0.498605333,1
pi3bplus_v2_margin_20260909T125804Z,pi3bplus,2,1,margin,true,37,12,1492,2026-09-09T13:02:54Z,1723779049770,fisvdd_revision,n256,256,B1,0.5,35.938,35.938,1400.000,1400.000,1400.000,1400.000,1.738785,16.951195,0.831920,2.952837,0.157082,23.623893,101.960711,0.000000,0.657158892,0.500231010,1
pi3bplus_v2_margin_20260909T125804Z,pi3bplus,2,1,margin,true,37,13,1493,2026-09-09T13:02:54Z,1723882005837,fisvdd_revision,n256,256,B1,0.5,35.938,35.400,1400.000,1400.000,1400.000,1400.000,1.606495,17.131454,0.832856,2.958462,0.150676,23.674882,101.897638,0.000000,0.688418059,0.499872368,1
pi3bplus_v2_margin_20260909T125804Z,pi3bplus,2,1,margin,true,37,14,1494,2026-09-09T13:02:54Z,1723984992996,fisvdd_revision,n256,256,B1,0.5,35.400,35.400,1400.000,1400.000,1400.000,1400.000,1.643943,16.939424,0.829992,2.981482,0.149321,23.720507,101.840661,0.000000,0.650393489,0.500465570,1
pi3bplus_v2_margin_20260909T125804Z,pi3bplus,2,1,margin,true,37,15,1495,2026-09-09T13:02:54Z,1724087830210,fisvdd_revision,n256,256,B1,0.5,35.938,35.400,1400.000,1400.000,1400.000,1400.000,1.732588,16.890570,0.887180,2.904295,0.151041,23.558789,101.988002,0.000000,0.705200314,0.499842562,1
pi3bplus_v2_margin_20260909T125804Z,pi3bplus,2,1,margin,true,37,16,1496,2026-09-09T13:02:54Z,1724190814713,fisvdd_revision,n256,256,B1,0.5,35.400,34.862,1400.000,1400.000,1400.000,1400.000,1.686755,16.946195,0.832128,2.991222,0.151301,23.606654,101.965607,0.000000,0.704443740,0.500733555,1
pi3bplus_v2_margin_20260909T125804Z,pi3bplus,2,1,margin,true,37,17,1497,2026-09-09T13:02:55Z,1724293784998,fisvdd_revision,n256,256,B1,0.5,35.938,34.862,1400.000,1400.000,1400.000,1400.000,1.606704,18.059935,1.001345,2.918775,0.158331,25.513615,101.874670,0.000000,0.687450650,0.499790940,1
pi3bplus_v2_margin_20260909T125804Z,pi3bplus,2,1,margin,true,37,18,1498,2026-09-09T13:02:55Z,1724396758616,fisvdd_revision,n256,256,B1,0.5,35.400,35.400,1400.000,1400.000,1400.000,1400.000,1.674099,16.925050,0.827180,2.946430,0.153749,23.597175,101.890347,0.000000,0.664559851,0.500285672,1
pi3bplus_v2_margin_20260909T125804Z,pi3bplus,2,1,margin,true,37,19,1499,2026-09-09T13:02:55Z,1724499665672,fisvdd_revision,n256,256,B1,0.5,35.400,35.400,1400.000,1400.000,1400.000,1400.000,1.734567,16.905570,0.872128,2.919608,0.151145,23.592071,101.888733,0.000000,0.681594771,0.500286905,1
pi3bplus_v2_margin_20260909T125804Z,pi3bplus,2,1,margin,true,37,20,1500,2026-09-09T13:02:55Z,1724602592207,fisvdd_revision,n256,256,B1,0.5,35.400,34.862,1400.000,1400.000,1400.000,1400.000,1.663057,16.906561,0.821607,2.972003,0.155519,23.508738,101.931128,0.000000,0.649963110,0.499214338,1
pi3bplus_v2_margin_20260909T125804Z,pi3bplus,2,1,margin,true,37,21,1501,2026-09-09T13:02:55Z,1724705522440,fisvdd_revision,n256,256,B1,0.5,35.400,34.862,1400.000,1400.000,1400.000,1400.000,1.612745,16.913539,0.815669,2.948982,0.148384,23.435197,101.853889,0.000000,0.694021567,0.501350109,1
pi3bplus_v2_margin_20260909T125804Z,pi3bplus,2,1,margin,true,37,22,1502,2026-09-09T13:02:55Z,1724808427517,fisvdd_revision,n256,256,B1,0.5,35.400,35.400,1400.000,1400.000,1400.000,1400.000,1.635766,16.893905,1.138999,2.914713,0.152238,23.781340,101.865764,0.000000,0.668646065,0.500071180,1
pi3bplus_v2_margin_20260909T125804Z,pi3bplus,2,1,margin,true,37,23,1503,2026-09-09T13:02:55Z,1724911294886,fisvdd_revision,n256,256,B1,0.5,35.400,35.400,1400.000,1400.000,1400.000,1400.000,1.700973,16.900571,0.821190,2.932368,0.151197,23.508947,101.930451,0.000000,0.701950000,0.499191229,1
pi3bplus_v2_margin_20260909T125804Z,pi3bplus,2,1,margin,true,37,24,1504,2026-09-09T13:02:55Z,1725014223400,fisvdd_revision,n256,256,B1,0.5,34.862,35.400,1400.000,1400.000,1400.000,1400.000,1.598214,16.934216,0.820929,2.947316,0.150468,23.444052,101.904618,0.000000,0.674197395,0.499685196,1
pi3bplus_v2_margin_20260909T125804Z,pi3bplus,2,1,margin,true,37,25,1505,2026-09-09T13:02:55Z,1725117130300,fisvdd_revision,n256,256,B1,0.5,35.400,34.862,1400.000,1400.000,1400.000,1400.000,1.623943,16.844113,0.828743,2.996274,0.154894,23.493009,101.852170,0.000000,0.688889024,0.498935131,1
pi3bplus_v2_margin_20260909T125804Z,pi3bplus,2,1,margin,true,37,26,1506,2026-09-09T13:02:55Z,1725219992096,fisvdd_revision,n256,256,B1,0.5,35.400,35.400,1400.000,1400.000,1400.000,1400.000,1.629359,16.885414,0.876502,2.906795,0.153540,23.508165,101.690401,0.000000,0.691257726,0.500691584,1
pi3bplus_v2_margin_20260909T125804Z,pi3bplus,2,1,margin,true,37,27,1507,2026-09-09T13:02:56Z,1725322690925,fisvdd_revision,n256,256,B1,0.5,35.400,34.862,1400.000,1400.000,1400.000,1400.000,1.705453,17.143121,0.834784,3.014242,0.148749,23.835349,101.919513,0.000000,0.673676699,0.499225657,1
pi3bplus_v2_margin_20260909T125804Z,pi3bplus,2,1,margin,true,37,28,1508,2026-09-09T13:02:56Z,1725425609595,fisvdd_revision,n256,256,B1,0.5,34.862,35.400,1400.000,1400.000,1400.000,1400.000,1.612849,16.976247,0.821659,2.940753,0.150832,23.506551,101.849097,0.000000,0.702549313,0.499552584,1
pi3bplus_v2_margin_20260909T125804Z,pi3bplus,2,1,margin,true,37,29,1509,2026-09-09T13:02:56Z,1725528524411,fisvdd_revision,n256,256,B1,0.5,35.400,34.862,1400.000,1400.000,1400.000,1400.000,1.636026,16.914216,0.894367,2.931119,0.212811,23.583112,101.839514,0.000000,0.684295261,0.499066825,1
pi3bplus_v2_margin_20260909T125804Z,pi3bplus,2,1,margin,true,37,30,1510,2026-09-09T13:02:56Z,1725631357249,fisvdd_revision,n256,256,B1,0.5,34.862,35.400,1400.000,1400.000,1400.000,1400.000,1.710973,16.918279,0.822752,3.051482,0.157082,23.645455,101.902013,0.000000,0.732299846,0.500175720,1
pi3bplus_v2_margin_20260909T125804Z,pi3bplus,2,1,margin,true,37,31,1511,2026-09-09T13:02:56Z,1725734257742,fisvdd_revision,n256,256,B1,0.5,35.400,35.400,1400.000,1400.000,1400.000,1400.000,1.613058,16.956247,0.827701,2.958670,0.151249,23.505144,102.128730,0.000000,0.701565480,0.499566446,1
pi3bplus_v2_margin_20260909T125804Z,pi3bplus,2,1,margin,true,37,32,1512,2026-09-09T13:02:56Z,1725837394275,fisvdd_revision,n256,256,B1,0.5,35.400,34.862,1400.000,1400.000,1400.000,1400.000,1.619933,16.891717,0.833378,2.964347,0.147968,23.508581,101.858055,0.000000,0.639119101,0.501071470,1
pi3bplus_v2_margin_20260909T125804Z,pi3bplus,2,1,margin,true,37,33,1513,2026-09-09T13:02:56Z,1725940315757,fisvdd_revision,n256,256,B1,0.5,34.862,35.400,1400.000,1400.000,1400.000,1400.000,1.987273,17.153641,0.845982,2.961482,0.155363,24.181336,101.832847,0.000000,0.698169736,0.499690782,1
pi3bplus_v2_margin_20260909T125804Z,pi3bplus,2,1,margin,true,37,34,1514,2026-09-09T13:02:56Z,1726043195574,fisvdd_revision,n256,256,B1,0.5,35.400,34.862,1400.000,1400.000,1400.000,1400.000,1.728786,16.937185,0.822388,2.938671,0.155936,23.599153,101.898732,0.000000,0.711520355,0.499426989,1
pi3bplus_v2_margin_20260909T125804Z,pi3bplus,2,1,margin,true,37,35,1515,2026-09-09T13:02:56Z,1726146104609,fisvdd_revision,n256,256,B1,0.5,34.862,34.862,1400.000,1400.000,1400.000,1400.000,1.614568,17.020622,0.819889,2.978513,0.147967,23.583893,101.856023,0.000000,0.662938620,0.500130003,1
pi3bplus_v2_margin_20260909T125804Z,pi3bplus,2,1,margin,true,37,36,1516,2026-09-09T13:02:56Z,1726249016820,fisvdd_revision,n256,256,B1,0.5,35.400,34.324,1400.000,1400.000,1400.000,1400.000,1.652224,16.891039,0.827128,2.943305,0.151145,23.537228,101.827847,0.000000,0.680440154,0.498837956,1
pi3bplus_v2_margin_20260909T125804Z,pi3bplus,2,1,margin,true,37,37,1517,2026-09-09T13:02:57Z,1726351850283,fisvdd_revision,n256,256,B1,0.5,35.400,35.400,1400.000,1400.000,1400.000,1400.000,1.734515,16.923955,0.889367,2.915598,0.152706,23.621236,101.889929,0.000000,0.670855033,0.501053199,1
pi3bplus_v2_margin_20260909T125804Z,pi3bplus,2,1,margin,true,37,38,1518,2026-09-09T13:02:57Z,1726454737599,fisvdd_revision,n256,256,B1,0.5,35.400,34.862,1400.000,1400.000,1400.000,1400.000,1.764202,16.879165,0.824003,2.950910,0.152186,23.564674,101.932376,0.000000,0.682739846,0.500130793,1
pi3bplus_v2_margin_20260909T125804Z,pi3bplus,2,1,margin,true,37,39,1519,2026-09-09T13:02:57Z,1726557665122,fisvdd_revision,n256,256,B1,0.5,34.862,35.400,1400.000,1400.000,1400.000,1400.000,1.611339,16.938435,0.814002,2.953357,0.149321,23.440666,101.845034,0.000000,0.686621135,0.500015447,1
pi3bplus_v2_margin_20260909T125804Z,pi3bplus,2,1,margin,true,38,0,1520,2026-09-09T13:02:58Z,1727319127405,oi_svdd_as_elm_revision,n256,256,B0,0.0,34.324,34.862,1400.000,1400.000,1400.000,1400.000,1.812170,18.182329,1.033792,6.516657,0.147238,29.589514,101.976438,0.000000,0.698259666,0.660103289,1
pi3bplus_v2_margin_20260909T125804Z,pi3bplus,2,1,margin,true,38,1,1521,2026-09-09T13:02:58Z,1727422095969,oi_svdd_as_elm_revision,n256,256,B0,0.0,34.862,34.862,1400.000,1400.000,1400.000,1400.000,1.610922,16.980310,0.826346,6.443793,0.152134,27.002820,101.851440,0.000000,0.686637005,0.640757441,1
pi3bplus_v2_margin_20260909T125804Z,pi3bplus,2,1,margin,true,38,2,1522,2026-09-09T13:02:58Z,1727525024743,oi_svdd_as_elm_revision,n256,256,B0,0.0,34.862,34.862,1400.000,1400.000,1400.000,1400.000,1.658162,16.871925,0.819836,6.386763,0.144894,26.960268,101.924304,0.000000,0.674448814,0.642077876,1
pi3bplus_v2_margin_20260909T125804Z,pi3bplus,2,1,margin,true,38,3,1523,2026-09-09T13:02:58Z,1727627945600,oi_svdd_as_elm_revision,n256,256,B0,0.0,34.862,34.862,1400.000,1400.000,1400.000,1400.000,1.645870,16.950310,0.888116,6.374940,0.142967,27.071777,101.884147,0.000000,0.660009041,0.636851030,1
pi3bplus_v2_margin_20260909T125804Z,pi3bplus,2,1,margin,true,38,4,1524,2026-09-09T13:02:58Z,1727730819165,oi_svdd_as_elm_revision,n256,256,B0,0.0,34.324,34.324,1400.000,1400.000,1400.000,1400.000,1.725921,16.942236,0.816190,6.456293,0.144895,27.090684,101.946231,0.000000,0.667373011,0.625343676,1
pi3bplus_v2_margin_20260909T125804Z,pi3bplus,2,1,margin,true,38,5,1525,2026-09-09T13:02:58Z,1727833753512,oi_svdd_as_elm_revision,n256,256,B0,0.0,34.324,34.862,1400.000,1400.000,1400.000,1400.000,1.616027,17.212182,0.818898,6.431659,0.153801,27.221463,101.844200,0.000000,0.685861491,0.663897885,1
pi3bplus_v2_margin_20260909T125804Z,pi3bplus,2,1,margin,true,38,6,1526,2026-09-09T13:02:58Z,1727936672598,oi_svdd_as_elm_revision,n256,256,B0,0.0,34.324,34.324,1400.000,1400.000,1400.000,1400.000,1.638839,17.240776,0.837961,6.419211,0.329580,27.597657,101.852481,0.000000,0.680951252,0.641217804,1
pi3bplus_v2_margin_20260909T125804Z,pi3bplus,2,1,margin,true,38,7,1527,2026-09-09T13:02:58Z,1728039516684,oi_svdd_as_elm_revision,n256,256,B0,0.0,34.862,34.862,1400.000,1400.000,1400.000,1400.000,1.732901,16.925049,0.816972,6.478117,0.144478,27.080059,101.943471,0.000000,0.672412383,0.634863776,1
pi3bplus_v2_margin_20260909T125804Z,pi3bplus,2,1,margin,true,38,8,1528,2026-09-09T13:02:58Z,1728142516811,oi_svdd_as_elm_revision,n256,256,B0,0.0,34.324,34.324,1400.000,1400.000,1400.000,1400.000,1.733837,16.929685,0.842388,6.462908,0.144165,27.116360,101.947793,0.000000,0.686585798,0.609203245,1
pi3bplus_v2_margin_20260909T125804Z,pi3bplus,2,1,margin,true,38,9,1529,2026-09-09T13:02:58Z,1728245460689,oi_svdd_as_elm_revision,n256,256,B0,0.0,34.324,34.324,1400.000,1400.000,1400.000,1400.000,1.619673,17.031454,0.832909,6.458013,0.149321,27.079381,101.626806,0.000000,0.680855797,0.651889298,1
pi3bplus_v2_margin_20260909T125804Z,pi3bplus,2,1,margin,true,38,10,1530,2026-09-09T13:02:59Z,1728348157641,oi_svdd_as_elm_revision,n256,256,B0,0.0,34.324,34.324,1400.000,1400.000,1400.000,1400.000,1.645140,17.012913,0.900877,6.392700,0.148332,27.096152,101.873210,0.000000,0.696167530,0.629689980,1
pi3bplus_v2_margin_20260909T125804Z,pi3bplus,2,1,margin,true,38,11,1531,2026-09-09T13:02:59Z,1728451032300,oi_svdd_as_elm_revision,n256,256,B0,0.0,34.324,34.862,1400.000,1400.000,1400.000,1400.000,1.743994,16.978018,0.821815,6.437856,0.144999,27.121308,101.955657,0.000000,0.689747684,0.636933203,1
pi3bplus_v2_margin_20260909T125804Z,pi3bplus,2,1,margin,true,38,12,1532,2026-09-09T13:02:59Z,1728554017687,oi_svdd_as_elm_revision,n256,256,B0,0.0,34.324,34.324,1400.000,1400.000,1400.000,1400.000,1.680141,17.187859,0.832232,6.459419,0.146300,27.287765,101.860190,0.000000,0.682951228,0.605299895,1
pi3bplus_v2_margin_20260909T125804Z,pi3bplus,2,1,margin,true,38,13,1533,2026-09-09T13:02:59Z,1728656955002,oi_svdd_as_elm_revision,n256,256,B0,0.0,34.324,34.324,1400.000,1400.000,1400.000,1400.000,1.638839,16.955935,0.813586,6.445304,0.209060,27.142037,101.864877,0.000000,0.713357635,0.686107165,1
pi3bplus_v2_margin_20260909T125804Z,pi3bplus,2,1,margin,true,38,14,1534,2026-09-09T13:02:59Z,1728759806588,oi_svdd_as_elm_revision,n256,256,B0,0.0,34.324,34.324,1400.000,1400.000,1400.000,1400.000,1.717692,16.931299,0.892440,6.389523,0.145311,27.065475,102.098000,0.000000,0.730114830,0.661236371,1
pi3bplus_v2_margin_20260909T125804Z,pi3bplus,2,1,margin,true,38,15,1535,2026-09-09T13:02:59Z,1728862893172,oi_svdd_as_elm_revision,n256,256,B0,0.0,34.324,34.324,1400.000,1400.000,1400.000,1400.000,1.688005,16.954997,0.825513,6.426086,0.144738,27.030215,102.010084,0.000000,0.665197400,0.600532889,1
pi3bplus_v2_margin_20260909T125804Z,pi3bplus,2,1,margin,true,38,16,1536,2026-09-09T13:02:59Z,1728965896840,oi_svdd_as_elm_revision,n256,256,B0,0.0,34.862,34.324,1400.000,1400.000,1400.000,1400.000,1.619099,16.996299,0.821920,6.578480,0.143488,27.161881,101.843419,0.000000,0.681351418,0.640169365,1
pi3bplus_v2_margin_20260909T125804Z,pi3bplus,2,1,margin,true,38,17,1537,2026-09-09T13:02:59Z,1729068812384,oi_svdd_as_elm_revision,n256,256,B0,0.0,34.862,34.324,1400.000,1400.000,1400.000,1400.000,1.642068,16.931664,0.824264,6.373430,0.145415,26.980320,101.857117,0.000000,0.697084839,0.651782452,1
pi3bplus_v2_margin_20260909T125804Z,pi3bplus,2,1,margin,true,38,18,1538,2026-09-09T13:02:59Z,1729171672200,oi_svdd_as_elm_revision,n256,256,B0,0.0,34.324,33.786,1400.000,1400.000,1400.000,1400.000,1.714255,16.977288,0.896294,6.404055,0.144477,27.129224,101.915501,0.000000,0.683652563,0.627485333,1
pi3bplus_v2_margin_20260909T125804Z,pi3bplus,2,1,margin,true,38,19,1539,2026-09-09T13:03:00Z,1729274592171,oi_svdd_as_elm_revision,n256,256,B0,0.0,34.324,33.786,1400.000,1400.000,1400.000,1400.000,1.688943,17.002653,0.822336,6.445564,0.152342,27.132609,101.831022,0.000000,0.658170138,0.620658897,1
pi3bplus_v2_margin_20260909T125804Z,pi3bplus,2,1,margin,true,38,20,1540,2026-09-09T13:03:00Z,1729377419486,oi_svdd_as_elm_revision,n256,256,B0,0.0,34.324,34.324,1400.000,1400.000,1400.000,1400.000,1.619673,17.058225,0.825044,6.484991,0.194581,27.191828,101.860189,0.000000,0.682284896,0.616189259,1
pi3bplus_v2_margin_20260909T125804Z,pi3bplus,2,1,margin,true,38,21,1541,2026-09-09T13:03:00Z,1729480342373,oi_svdd_as_elm_revision,n256,256,B0,0.0,33.786,34.324,1400.000,1400.000,1400.000,1400.000,1.650036,16.903383,0.890096,6.383586,0.144113,26.966830,101.861595,0.000000,0.667634463,0.627110360,1
pi3bplus_v2_margin_20260909T125804Z,pi3bplus,2,1,margin,true,38,22,1542,2026-09-09T13:03:00Z,1729583232084,oi_svdd_as_elm_revision,n256,256,B0,0.0,34.324,34.324,1400.000,1400.000,1400.000,1400.000,1.744254,16.885622,0.819471,6.450252,0.147915,27.040058,101.928469,0.000000,0.696101448,0.661256964,1
pi3bplus_v2_margin_20260909T125804Z,pi3bplus,2,1,margin,true,38,23,1543,2026-09-09T13:03:00Z,1729686148305,oi_svdd_as_elm_revision,n256,256,B0,0.0,34.324,34.324,1400.000,1400.000,1400.000,1400.000,1.619256,17.035621,0.823690,6.452752,0.142342,27.061620,101.937011,0.000000,0.704765672,0.652677489,1
pi3bplus_v2_margin_20260909T125804Z,pi3bplus,2,1,margin,true,38,24,1544,2026-09-09T13:03:00Z,1729789089056,oi_svdd_as_elm_revision,n256,256,B0,0.0,34.324,34.324,1400.000,1400.000,1400.000,1400.000,1.655297,16.970258,0.821138,6.362127,0.215571,27.088131,101.871908,0.000000,0.689700367,0.631236506,1
pi3bplus_v2_margin_20260909T125804Z,pi3bplus,2,1,margin,true,38,25,1545,2026-09-09T13:03:00Z,1729891947361,oi_svdd_as_elm_revision,n256,256,B0,0.0,34.324,34.324,1400.000,1400.000,1400.000,1400.000,1.673370,16.955309,0.894575,6.382440,0.145988,27.264483,101.917480,0.000000,0.673206351,0.661996814,1
pi3bplus_v2_margin_20260909T125804Z,pi3bplus,2,1,margin,true,38,26,1546,2026-09-09T13:03:00Z,1729994875665,oi_svdd_as_elm_revision,n256,256,B0,0.0,34.324,33.786,1400.000,1400.000,1400.000,1400.000,1.731494,17.200671,0.820722,6.476294,0.144842,27.350837,101.978156,0.000000,0.662591400,0.628077510,1
pi3bplus_v2_margin_20260909T125804Z,pi3bplus,2,1,margin,true,38,27,1547,2026-09-09T13:03:00Z,1730097853343,oi_svdd_as_elm_revision,n256,256,B0,0.0,34.324,34.324,1400.000,1400.000,1400.000,1400.000,1.622433,16.988903,0.823638,6.412752,0.144218,26.982924,101.874824,0.000000,0.660231147,0.619306960,1
pi3bplus_v2_margin_20260909T125804Z,pi3bplus,2,1,margin,true,38,28,1548,2026-09-09T13:03:00Z,1730200799564,oi_svdd_as_elm_revision,n256,256,B0,0.0,34.324,34.324,1400.000,1400.000,1400.000,1400.000,1.649256,16.903747,0.833065,6.402023,0.145728,27.020319,101.872688,0.000000,0.695412905,0.661745708,1
pi3bplus_v2_margin_20260909T125804Z,pi3bplus,2,1,margin,true,38,29,1549,2026-09-09T13:03:01Z,1730303664170,oi_svdd_as_elm_revision,n256,256,B0,0.0,33.786,34.324,1400.000,1400.000,1400.000,1400.000,1.720869,16.947184,0.884211,6.407231,0.147082,27.096412,101.792637,0.000000,0.668028690,0.650131340,1
pi3bplus_v2_margin_20260909T125804Z,pi3bplus,2,1,margin,true,38,30,1550,2026-09-09T13:03:01Z,1730406453933,oi_svdd_as_elm_revision,n256,256,B0,0.0,33.786,34.324,1400.000,1400.000,1400.000,1400.000,1.666495,16.999163,0.820617,6.626500,0.152342,27.265525,101.922324,0.000000,0.689269114,0.639315576,1
pi3bplus_v2_margin_20260909T125804Z,pi3bplus,2,1,margin,true,38,31,1551,2026-09-09T13:03:01Z,1730509367966,oi_svdd_as_elm_revision,n256,256,B0,0.0,33.786,34.324,1400.000,1400.000,1400.000,1400.000,1.617849,17.023642,0.830878,6.414210,0.148645,27.035788,101.862324,0.000000,0.681912894,0.632644931,1
pi3bplus_v2_margin_20260909T125804Z,pi3bplus,2,1,margin,true,38,32,1552,2026-09-09T13:03:01Z,1730612294759,oi_svdd_as_elm_revision,n256,256,B0,0.0,34.324,33.786,1400.000,1400.000,1400.000,1400.000,1.653786,16.926664,0.890564,6.403898,0.144790,27.016777,101.854407,0.000000,0.701091204,0.644858592,1
pi3bplus_v2_margin_20260909T125804Z,pi3bplus,2,1,margin,true,38,33,1553,2026-09-09T13:03:01Z,1730715145095,oi_svdd_as_elm_revision,n256,256,B0,0.0,34.324,34.324,1400.000,1400.000,1400.000,1400.000,1.721130,16.978122,0.818326,6.441345,0.145155,27.107870,101.951021,0.000000,0.692691918,0.640451633,1
pi3bplus_v2_margin_20260909T125804Z,pi3bplus,2,1,margin,true,38,34,1554,2026-09-09T13:03:01Z,1730818109544,oi_svdd_as_elm_revision,n256,256,B0,0.0,34.324,34.324,1400.000,1400.000,1400.000,1400.000,1.617641,17.003070,0.824472,6.488741,0.142290,27.068391,101.870865,0.000000,0.674269686,0.602556924,1
pi3bplus_v2_margin_20260909T125804Z,pi3bplus,2,1,margin,true,38,35,1555,2026-09-09T13:03:01Z,1730921104409,oi_svdd_as_elm_revision,n256,256,B0,0.0,34.324,33.786,1400.000,1400.000,1400.000,1400.000,1.658213,16.966403,0.941293,7.297171,0.148801,28.078330,101.858522,0.000000,0.690571481,0.648658976,1
pi3bplus_v2_margin_20260909T125804Z,pi3bplus,2,1,margin,true,38,36,1556,2026-09-09T13:03:01Z,1731023951672,oi_svdd_as_elm_revision,n256,256,B0,0.0,33.786,34.324,1400.000,1400.000,1400.000,1400.000,1.639984,17.176557,0.893169,6.397388,0.150103,27.333180,101.868521,0.000000,0.689751373,0.635284042,1
pi3bplus_v2_margin_20260909T125804Z,pi3bplus,2,1,margin,true,38,37,1557,2026-09-09T13:03:01Z,1731126807632,oi_svdd_as_elm_revision,n256,256,B0,0.0,33.248,33.786,1400.000,1400.000,1400.000,1400.000,1.733421,17.001142,0.826450,6.455460,0.153072,27.153703,101.939563,0.000000,0.733555876,0.667279939,1
pi3bplus_v2_margin_20260909T125804Z,pi3bplus,2,1,margin,true,38,38,1558,2026-09-09T13:03:01Z,1731229737863,oi_svdd_as_elm_revision,n256,256,B0,0.0,33.786,33.786,1400.000,1400.000,1400.000,1400.000,1.625974,16.974319,0.828690,6.450825,0.144790,27.020162,101.863313,0.000000,0.688074740,0.642016324,1
pi3bplus_v2_margin_20260909T125804Z,pi3bplus,2,1,margin,true,38,39,1559,2026-09-09T13:03:02Z,1731332661270,oi_svdd_as_elm_revision,n256,256,B0,0.0,34.862,33.786,1400.000,1400.000,1400.000,1400.000,1.636495,16.966455,0.838326,7.948102,0.142707,28.591138,101.879303,0.000000,0.653623637,0.580849112,1
pi3bplus_v2_margin_20260909T125804Z,pi3bplus,2,1,margin,true,39,0,1560,2026-09-09T13:03:02Z,1731945444259,oi_svdd_as_elm_revision,n16,16,B2,1.0,34.324,34.324,1400.000,1400.000,1400.000,1400.000,1.996179,1.550194,0.371663,1.427851,0.144530,5.844528,102.125759,0.000000,0.731735671,0.652954523,1
pi3bplus_v2_margin_20260909T125804Z,pi3bplus,2,1,margin,true,39,1,1561,2026-09-09T13:03:02Z,1732048382041,oi_svdd_as_elm_revision,n16,16,B2,1.0,34.324,33.786,1400.000,1400.000,1400.000,1400.000,2.026803,1.314988,0.414840,1.272019,0.132499,5.513751,101.853366,0.000000,0.625782571,0.627638423,1
pi3bplus_v2_margin_20260909T125804Z,pi3bplus,2,1,margin,true,39,2,1562,2026-09-09T13:03:02Z,1732150888057,oi_svdd_as_elm_revision,n16,16,B2,1.0,34.324,33.786,1400.000,1400.000,1400.000,1400.000,1.653786,1.281394,0.347340,1.220249,0.139009,4.939589,101.954562,0.000000,0.657891888,0.641673263,1
pi3bplus_v2_margin_20260909T125804Z,pi3bplus,2,1,margin,true,39,3,1563,2026-09-09T13:03:03Z,1732253490478,oi_svdd_as_elm_revision,n16,16,B2,1.0,34.324,34.324,1400.000,1400.000,1400.000,1400.000,1.570662,1.412903,0.350673,1.231967,0.132707,4.999484,101.846698,0.000000,0.558194479,0.592934036,1
pi3bplus_v2_margin_20260909T125804Z,pi3bplus,2,1,margin,true,39,4,1564,2026-09-09T13:03:03Z,1732355985659,oi_svdd_as_elm_revision,n16,16,B2,1.0,34.324,34.324,1400.000,1400.000,1400.000,1400.000,1.597746,1.588058,0.417444,1.257540,0.130416,5.608385,101.771022,0.000000,0.871680812,0.811425078,1
pi3bplus_v2_margin_20260909T125804Z,pi3bplus,2,1,margin,true,39,5,1565,2026-09-09T13:03:03Z,1732458409748,oi_svdd_as_elm_revision,n16,16,B2,1.0,34.324,34.324,1400.000,1400.000,1400.000,1400.000,1.626235,1.289780,0.342861,1.223947,0.133228,4.920110,101.921802,0.000000,0.743177032,0.741096365,1
pi3bplus_v2_margin_20260909T125804Z,pi3bplus,2,1,margin,true,39,6,1566,2026-09-09T13:03:03Z,1732560987638,oi_svdd_as_elm_revision,n16,16,B2,1.0,34.862,34.324,1400.000,1400.000,1400.000,1400.000,1.573475,1.292071,0.347966,1.227488,0.132968,4.922662,101.850812,0.000000,0.773178737,0.809338603,1
pi3bplus_v2_margin_20260909T125804Z,pi3bplus,2,1,margin,true,39,7,1567,2026-09-09T13:03:03Z,1732663480319,oi_svdd_as_elm_revision,n16,16,B2,1.0,34.324,34.324,1400.000,1400.000,1400.000,1400.000,1.663579,1.268946,0.341663,1.279884,0.136717,4.993287,101.897219,0.000000,0.550839162,0.507316756,1
pi3bplus_v2_margin_20260909T125804Z,pi3bplus,2,1,margin,true,39,8,1568,2026-09-09T13:03:03Z,1732766023678,oi_svdd_as_elm_revision,n16,16,B2,1.0,34.324,34.862,1400.000,1400.000,1400.000,1400.000,1.560767,1.326550,0.346559,1.223061,0.131457,4.890683,101.891542,0.000000,0.724386950,0.659677412,1
pi3bplus_v2_margin_20260909T125804Z,pi3bplus,2,1,margin,true,39,9,1569,2026-09-09T13:03:03Z,1732868655160,oi_svdd_as_elm_revision,n16,16,B2,1.0,34.324,34.324,1400.000,1400.000,1400.000,1400.000,1.610922,1.269207,0.400256,1.239259,0.134686,4.952714,101.895448,0.000000,0.738445545,0.746237173,1
pi3bplus_v2_margin_20260909T125804Z,pi3bplus,2,1,margin,true,39,10,1570,2026-09-09T13:03:03Z,1732971205081,oi_svdd_as_elm_revision,n16,16,B2,1.0,34.324,34.324,1400.000,1400.000,1400.000,1400.000,1.664307,1.283634,0.349320,1.218322,0.136248,5.004328,101.976437,0.000000,0.705738864,0.618713234,1
pi3bplus_v2_margin_20260909T125804Z,pi3bplus,2,1,margin,true,39,11,1571,2026-09-09T13:03:03Z,1733073834220,oi_svdd_as_elm_revision,n16,16,B2,1.0,34.324,34.862,1400.000,1400.000,1400.000,1400.000,1.565038,1.324884,0.347184,1.224884,0.139530,4.897923,101.868001,0.000000,0.722125027,0.727734767,1
pi3bplus_v2_margin_20260909T125804Z,pi3bplus,2,1,margin,true,39,12,1572,2026-09-09T13:03:03Z,1733176424922,oi_svdd_as_elm_revision,n16,16,B2,1.0,34.324,34.862,1400.000,1400.000,1400.000,1400.000,1.608735,1.282176,0.348122,1.278009,0.138957,4.959380,101.850761,0.000000,0.567975491,0.491365764,1
pi3bplus_v2_margin_20260909T125804Z,pi3bplus,2,1,margin,true,39,13,1573,2026-09-09T13:03:04Z,1733278917708,oi_svdd_as_elm_revision,n16,16,B2,1.0,34.324,34.324,1400.000,1400.000,1400.000,1400.000,1.648578,1.273061,0.342237,1.220457,0.133593,4.925579,101.792376,0.000000,0.732604922,0.744850486,1
pi3bplus_v2_margin_20260909T125804Z,pi3bplus,2,1,margin,true,39,14,1574,2026-09-09T13:03:04Z,1733381355911,oi_svdd_as_elm_revision,n16,16,B2,1.0,34.324,34.324,1400.000,1400.000,1400.000,1400.000,1.572120,1.348060,0.342705,1.233738,0.133228,4.935422,101.869093,0.000000,0.757848064,0.702208016,1
pi3bplus_v2_margin_20260909T125804Z,pi3bplus,2,1,margin,true,39,15,1575,2026-09-09T13:03:04Z,1733483868957,oi_svdd_as_elm_revision,n16,16,B2,1.0,34.324,34.862,1400.000,1400.000,1400.000,1400.000,1.685765,1.278269,0.346923,1.284988,0.142499,5.040525,101.882843,0.000000,0.786168258,0.820073960,1
pi3bplus_v2_margin_20260909T125804Z,pi3bplus,2,1,margin,true,39,16,1576,2026-09-09T13:03:04Z,1733586401169,oi_svdd_as_elm_revision,n16,16,B2,1.0,34.862,34.862,1400.000,1400.000,1400.000,1400.000,1.624724,1.269831,0.342288,1.227176,0.133176,4.897089,101.912843,0.000000,0.715085870,0.604568514,1
pi3bplus_v2_margin_20260909T125804Z,pi3bplus,2,1,margin,true,39,17,1577,2026-09-09T13:03:04Z,1733689004943,oi_svdd_as_elm_revision,n16,16,B2,1.0,34.324,34.862,1400.000,1400.000,1400.000,1400.000,1.647641,1.310665,0.356507,1.278113,0.156874,5.077557,101.855240,0.000000,0.585102701,0.480108650,1
pi3bplus_v2_margin_20260909T125804Z,pi3bplus,2,1,margin,true,39,18,1578,2026-09-09T13:03:04Z,1733791520072,oi_svdd_as_elm_revision,n16,16,B2,1.0,34.862,34.862,1400.000,1400.000,1400.000,1400.000,1.683213,1.278842,0.341820,1.281863,0.132968,5.027505,101.892792,0.000000,0.834941042,0.764419850,1
pi3bplus_v2_margin_20260909T125804Z,pi3bplus,2,1,margin,true,39,19,1579,2026-09-09T13:03:04Z,1733894058170,oi_svdd_as_elm_revision,n16,16,B2,1.0,34.324,34.862,1400.000,1400.000,1400.000,1400.000,1.577121,1.318894,0.345674,1.233634,0.133019,4.905683,101.870500,0.000000,0.650778308,0.611580731,1
pi3bplus_v2_margin_20260909T125804Z,pi3bplus,2,1,margin,true,39,20,1580,2026-09-09T13:03:04Z,1733996643819,oi_svdd_as_elm_revision,n16,16,B2,1.0,34.862,34.862,1400.000,1400.000,1400.000,1400.000,1.592329,1.279780,0.388694,1.238426,0.131561,4.930892,101.846959,0.000000,0.667883967,0.636716055,1
pi3bplus_v2_margin_20260909T125804Z,pi3bplus,2,1,margin,true,39,21,1581,2026-09-09T13:03:04Z,1734099137751,oi_svdd_as_elm_revision,n16,16,B2,1.0,34.324,34.862,1400.000,1400.000,1400.000,1400.000,1.702744,1.277593,0.348070,1.225717,0.180884,5.041046,101.916281,0.000000,0.664542271,0.569038546,1
pi3bplus_v2_margin_20260909T125804Z,pi3bplus,2,1,margin,true,39,22,1582,2026-09-09T13:03:04Z,1734201703244,oi_svdd_as_elm_revision,n16,16,B2,1.0,34.324,34.324,1400.000,1400.000,1400.000,1400.000,1.563059,1.321289,0.346871,1.216499,0.133020,4.887506,101.843677,0.000000,0.748890987,0.743909317,1
pi3bplus_v2_margin_20260909T125804Z,pi3bplus,2,1,margin,true,39,23,1583,2026-09-09T13:03:05Z,1734304306081,oi_svdd_as_elm_revision,n16,16,B2,1.0,35.400,34.324,1400.000,1400.000,1400.000,1400.000,1.614933,1.281447,0.348694,1.272905,0.134530,4.953703,101.740969,0.000000,0.456226057,0.445832974,1
pi3bplus_v2_margin_20260909T125804Z,pi3bplus,2,1,margin,true,39,24,1584,2026-09-09T13:03:05Z,1734406696054,oi_svdd_as_elm_revision,n16,16,B2,1.0,34.862,34.324,1400.000,1400.000,1400.000,1400.000,1.647016,1.279467,0.346090,1.216916,0.132447,4.927142,101.909458,0.000000,0.741977630,0.777600428,1
pi3bplus_v2_margin_20260909T125804Z,pi3bplus,2,1,margin,true,39,25,1585,2026-09-09T13:03:05Z,1734509260974,oi_svdd_as_elm_revision,n16,16,B2,1.0,34.324,35.400,1400.000,1400.000,1400.000,1400.000,1.581651,1.315092,0.343070,1.225093,0.132447,4.905163,101.858573,0.000000,0.755696281,0.607593820,1
pi3bplus_v2_margin_20260909T125804Z,pi3bplus,2,1,margin,true,39,26,1586,2026-09-09T13:03:05Z,1734611767770,oi_svdd_as_elm_revision,n16,16,B2,1.0,34.324,34.324,1400.000,1400.000,1400.000,1400.000,1.709932,1.267540,0.332392,1.287852,0.134113,5.040890,101.870812,0.000000,0.909795713,0.902149804,1
pi3bplus_v2_margin_20260909T125804Z,pi3bplus,2,1,margin,true,39,27,1587,2026-09-09T13:03:05Z,1734714290190,oi_svdd_as_elm_revision,n16,16,B2,1.0,34.862,34.862,1400.000,1400.000,1400.000,1400.000,1.552537,1.311602,0.344788,1.218790,0.133385,4.859798,101.909145,0.000000,0.687675401,0.691752670,1
pi3bplus_v2_margin_20260909T125804Z,pi3bplus,2,1,margin,true,39,28,1588,2026-09-09T13:03:05Z,1734816846308,oi_svdd_as_elm_revision,n16,16,B2,1.0,34.862,34.862,1400.000,1400.000,1400.000,1400.000,1.572016,1.275770,0.387444,1.228373,0.132290,4.899798,101.849094,0.000000,0.709127688,0.625903799,1
pi3bplus_v2_margin_20260909T125804Z,pi3bplus,2,1,margin,true,39,29,1589,2026-09-09T13:03:05Z,1734919342739,oi_svdd_as_elm_revision,n16,16,B2,1.0,34.862,34.862,1400.000,1400.000,1400.000,1400.000,1.658161,1.271029,0.348591,1.263425,0.134426,4.982401,101.925343,0.000000,0.712585435,0.645761140,1
pi3bplus_v2_margin_20260909T125804Z,pi3bplus,2,1,margin,true,39,30,1590,2026-09-09T13:03:05Z,1735021922399,oi_svdd_as_elm_revision,n16,16,B2,1.0,34.862,34.862,1400.000,1400.000,1400.000,1400.000,1.565038,1.317904,0.347392,1.217281,0.138228,4.883860,101.837010,0.000000,0.678686470,0.557911965,1
pi3bplus_v2_margin_20260909T125804Z,pi3bplus,2,1,margin,true,39,31,1591,2026-09-09T13:03:05Z,1735124488829,oi_svdd_as_elm_revision,n16,16,B2,1.0,34.324,34.324,1400.000,1400.000,1400.000,1400.000,1.610714,1.271342,0.341716,1.284311,0.131978,4.949589,101.857323,0.000000,0.668324060,0.635624807,1
pi3bplus_v2_margin_20260909T125804Z,pi3bplus,2,1,margin,true,39,32,1592,2026-09-09T13:03:05Z,1735226991979,oi_svdd_as_elm_revision,n16,16,B2,1.0,34.862,34.862,1400.000,1400.000,1400.000,1400.000,1.653891,1.275509,0.339997,1.225613,0.133332,4.936829,101.921488,0.000000,0.751072395,0.699399525,1
pi3bplus_v2_margin_20260909T125804Z,pi3bplus,2,1,margin,true,39,33,1593,2026-09-09T13:03:06Z,1735329558930,oi_svdd_as_elm_revision,n16,16,B2,1.0,34.862,35.400,1400.000,1400.000,1400.000,1400.000,1.567121,1.311654,0.345674,1.226864,0.134477,4.885475,101.777531,0.000000,0.656540419,0.613988988,1
pi3bplus_v2_margin_20260909T125804Z,pi3bplus,2,1,margin,true,39,34,1594,2026-09-09T13:03:06Z,1735431981351,oi_svdd_as_elm_revision,n16,16,B2,1.0,34.862,35.400,1400.000,1400.000,1400.000,1400.000,1.599516,1.273738,0.348122,1.281186,0.133801,5.001203,101.865291,0.000000,0.627524009,0.620373675,1
pi3bplus_v2_margin_20260909T125804Z,pi3bplus,2,1,margin,true,39,35,1595,2026-09-09T13:03:06Z,1735534497365,oi_svdd_as_elm_revision,n16,16,B2,1.0,34.862,34.862,1400.000,1400.000,1400.000,1400.000,1.626808,1.282852,0.345413,1.219259,0.132603,4.902714,101.964925,0.000000,0.643777771,0.559994062,1
pi3bplus_v2_margin_20260909T125804Z,pi3bplus,2,1,margin,true,39,36,1596,2026-09-09T13:03:06Z,1735637119992,oi_svdd_as_elm_revision,n16,16,B2,1.0,35.400,34.324,1400.000,1400.000,1400.000,1400.000,1.566965,1.312227,0.351143,1.219624,0.132134,4.886048,101.844041,0.000000,0.653097776,0.562237024,1
pi3bplus_v2_margin_20260909T125804Z,pi3bplus,2,1,margin,true,39,37,1597,2026-09-09T13:03:06Z,1735739654339,oi_svdd_as_elm_revision,n16,16,B2,1.0,34.862,34.862,1400.000,1400.000,1400.000,1400.000,1.678578,1.276811,0.347705,1.274102,0.140468,5.018963,101.893468,0.000000,0.676512694,0.625295277,1
pi3bplus_v2_margin_20260909T125804Z,pi3bplus,2,1,margin,true,39,38,1598,2026-09-09T13:03:06Z,1735842195249,oi_svdd_as_elm_revision,n16,16,B2,1.0,34.324,34.862,1400.000,1400.000,1400.000,1400.000,1.563579,1.392435,0.346091,1.223947,0.132603,4.962870,102.712730,0.000000,0.609821202,0.468345372,1
pi3bplus_v2_margin_20260909T125804Z,pi3bplus,2,1,margin,true,39,39,1599,2026-09-09T13:03:06Z,1735945574327,oi_svdd_as_elm_revision,n16,16,B2,1.0,34.862,34.862,1400.000,1400.000,1400.000,1400.000,1.596131,1.333112,0.347288,1.229416,0.135832,4.942037,101.854718,0.000000,0.783660067,0.779048412,1
pi3bplus_v2_margin_20260909T125804Z,pi3bplus,2,1,margin,true,40,0,1600,2026-09-09T13:03:07Z,1736754587645,lucid_revision,n64,64,B2,1.0,34.862,34.862,1400.000,1400.000,1400.000,1400.000,2.151542,4.695581,0.520672,39.983947,0.128384,48.026006,102.391952,0.000000,0.633257809,0.559788698,1
pi3bplus_v2_margin_20260909T125804Z,pi3bplus,2,1,margin,true,40,1,1601,2026-09-09T13:03:07Z,1736857787402,lucid_revision,n64,64,B2,1.0,34.862,34.862,1400.000,1400.000,1400.000,1400.000,1.949305,4.628603,0.464110,37.767092,0.142186,45.432228,101.900967,0.000000,0.594497492,0.523098320,1
pi3bplus_v2_margin_20260909T125804Z,pi3bplus,2,1,margin,true,40,2,1602,2026-09-09T13:03:07Z,1736960492893,lucid_revision,n64,64,B2,1.0,34.324,34.324,1400.000,1400.000,1400.000,1400.000,1.645401,4.384073,0.470464,37.015068,0.136561,44.099220,101.823259,0.000000,0.738402715,0.670643240,1
pi3bplus_v2_margin_20260909T125804Z,pi3bplus,2,1,margin,true,40,3,1603,2026-09-09T13:03:07Z,1737063042916,lucid_revision,n64,64,B2,1.0,34.862,34.862,1400.000,1400.000,1400.000,1400.000,1.663422,4.346000,0.456922,37.042099,0.131197,44.088387,101.886228,0.000000,0.675694428,0.604842315,1
pi3bplus_v2_margin_20260909T125804Z,pi3bplus,2,1,margin,true,40,4,1604,2026-09-09T13:03:07Z,1737165648043,lucid_revision,n64,64,B2,1.0,35.400,35.400,1400.000,1400.000,1400.000,1400.000,1.571495,4.345792,0.516714,36.949235,0.141770,44.001461,101.828625,0.000000,0.677231928,0.580125527,1
pi3bplus_v2_margin_20260909T125804Z,pi3bplus,2,1,margin,true,40,5,1605,2026-09-09T13:03:08Z,1737268253744,lucid_revision,n64,64,B2,1.0,34.862,35.400,1400.000,1400.000,1400.000,1400.000,1.616756,4.372771,0.465308,37.082307,0.133957,44.128855,101.826071,0.000000,0.721566397,0.619283996,1
pi3bplus_v2_margin_20260909T125804Z,pi3bplus,2,1,margin,true,40,6,1606,2026-09-09T13:03:08Z,1737370800590,lucid_revision,n64,64,B2,1.0,34.324,35.938,1400.000,1400.000,1400.000,1400.000,1.655765,4.351626,0.455152,37.015693,0.136196,44.060418,101.912321,0.000000,0.630453749,0.535517885,1
pi3bplus_v2_margin_20260909T125804Z,pi3bplus,2,1,margin,true,40,7,1607,2026-09-09T13:03:08Z,1737473432383,lucid_revision,n64,64,B2,1.0,34.862,35.400,1400.000,1400.000,1400.000,1400.000,1.564464,4.353293,0.501766,36.916110,0.135415,43.932034,101.823520,0.000000,0.664696435,0.581787166,1
pi3bplus_v2_margin_20260909T125804Z,pi3bplus,2,1,margin,true,40,8,1608,2026-09-09T13:03:08Z,1737575971990,lucid_revision,n64,64,B2,1.0,34.862,35.400,1400.000,1400.000,1400.000,1400.000,1.602850,4.374750,0.459475,37.004755,0.175779,44.143698,101.835915,0.000000,0.657686676,0.569192585,1
pi3bplus_v2_margin_20260909T125804Z,pi3bplus,2,1,margin,true,40,9,1609,2026-09-09T13:03:08Z,1737678524044,lucid_revision,n64,64,B2,1.0,34.862,35.400,1400.000,1400.000,1400.000,1400.000,1.641599,4.372667,0.465204,36.933714,0.139582,44.003491,101.912894,0.000000,0.714361440,0.605974669,1
pi3bplus_v2_margin_20260909T125804Z,pi3bplus,2,1,margin,true,40,10,1610,2026-09-09T13:03:08Z,1737781162816,lucid_revision,n64,64,B2,1.0,34.862,34.862,1400.000,1400.000,1400.000,1400.000,1.572590,4.376208,0.467860,37.085536,0.141405,44.090054,101.832634,0.000000,0.592335840,0.513774577,1
pi3bplus_v2_margin_20260909T125804Z,pi3bplus,2,1,margin,true,40,11,1611,2026-09-09T13:03:08Z,1737883773099,lucid_revision,n64,64,B2,1.0,35.400,35.400,1400.000,1400.000,1400.000,1400.000,1.693317,4.347668,0.459527,36.977985,0.135884,44.084533,101.916071,0.000000,0.686932271,0.594568762,1
pi3bplus_v2_margin_20260909T125804Z,pi3bplus,2,1,margin,true,40,12,1612,2026-09-09T13:03:08Z,1737986426038,lucid_revision,n64,64,B2,1.0,35.400,35.400,1400.000,1400.000,1400.000,1400.000,1.615714,4.340844,0.461662,36.881684,0.141509,43.899430,101.896592,0.000000,0.751486516,0.661136043,1
pi3bplus_v2_margin_20260909T125804Z,pi3bplus,2,1,margin,true,40,13,1613,2026-09-09T13:03:08Z,1738089049290,lucid_revision,n64,64,B2,1.0,35.400,35.400,1400.000,1400.000,1400.000,1400.000,1.580506,4.358084,0.461662,36.974183,0.142863,43.957658,101.900290,0.000000,0.707769570,0.627504203,1
pi3bplus_v2_margin_20260909T125804Z,pi3bplus,2,1,margin,true,40,14,1614,2026-09-09T13:03:08Z,1738191667073,lucid_revision,n64,64,B2,1.0,35.400,35.400,1400.000,1400.000,1400.000,1400.000,1.677953,4.357303,0.467809,36.947985,0.136561,44.046928,101.884352,0.000000,0.652649446,0.573740353,1
pi3bplus_v2_margin_20260909T125804Z,pi3bplus,2,1,margin,true,40,15,1615,2026-09-09T13:03:09Z,1738294262929,lucid_revision,n64,64,B2,1.0,35.400,35.400,1400.000,1400.000,1400.000,1400.000,1.574100,4.490687,0.462704,37.024130,0.136509,44.156458,101.633104,0.000000,0.671718127,0.571584412,1
pi3bplus_v2_margin_20260909T125804Z,pi3bplus,2,1,margin,true,40,16,1616,2026-09-09T13:03:09Z,1738396692119,lucid_revision,n64,64,B2,1.0,35.400,34.862,1400.000,1400.000,1400.000,1400.000,1.619048,4.357094,0.463590,37.022620,0.134842,44.044273,101.837374,0.000000,0.723523467,0.644725405,1
pi3bplus_v2_margin_20260909T125804Z,pi3bplus,2,1,margin,true,40,17,1617,2026-09-09T13:03:09Z,1738499248340,lucid_revision,n64,64,B2,1.0,35.400,34.862,1400.000,1400.000,1400.000,1400.000,1.666547,4.361625,0.464370,36.857881,0.134791,43.941669,101.903987,0.000000,0.763277910,0.688100623,1
pi3bplus_v2_margin_20260909T125804Z,pi3bplus,2,1,margin,true,40,18,1618,2026-09-09T13:03:09Z,1738601869716,lucid_revision,n64,64,B2,1.0,35.400,35.400,1400.000,1400.000,1400.000,1400.000,1.580714,4.372354,0.467547,36.983870,0.137082,44.047450,101.824822,0.000000,0.671815086,0.563578676,1
pi3bplus_v2_margin_20260909T125804Z,pi3bplus,2,1,margin,true,40,19,1619,2026-09-09T13:03:09Z,1738704487551,lucid_revision,n64,64,B2,1.0,35.400,35.938,1400.000,1400.000,1400.000,1400.000,1.604307,4.407406,0.463017,36.980536,0.135937,44.046251,101.820498,0.000000,0.676852440,0.597162838,1
pi3bplus_v2_margin_20260909T125804Z,pi3bplus,2,1,margin,true,40,20,1620,2026-09-09T13:03:09Z,1738807071480,lucid_revision,n64,64,B2,1.0,35.400,35.400,1400.000,1400.000,1400.000,1400.000,1.757484,4.469749,0.458798,37.151056,0.136822,44.430414,101.925705,0.000000,0.681298192,0.604462026,1
pi3bplus_v2_margin_20260909T125804Z,pi3bplus,2,1,margin,true,40,21,1621,2026-09-09T13:03:09Z,1738909729001,lucid_revision,n64,64,B2,1.0,35.400,35.938,1400.000,1400.000,1400.000,1400.000,1.586287,4.366001,0.468746,36.877465,0.135676,43.930836,101.875030,0.000000,0.704927180,0.624895369,1
pi3bplus_v2_margin_20260909T125804Z,pi3bplus,2,1,margin,true,40,22,1622,2026-09-09T13:03:09Z,1739012395846,lucid_revision,n64,64,B2,1.0,35.400,35.400,1400.000,1400.000,1400.000,1400.000,1.616911,4.389750,0.463277,36.977256,0.141717,44.044481,101.841384,0.000000,0.695029890,0.599691635,1
pi3bplus_v2_margin_20260909T125804Z,pi3bplus,2,1,margin,true,40,23,1623,2026-09-09T13:03:09Z,1739114950244,lucid_revision,n64,64,B2,1.0,35.938,35.400,1400.000,1400.000,1400.000,1400.000,1.659463,4.349073,0.470829,37.082932,0.141926,44.152084,101.905602,0.000000,0.676182407,0.582463647,1
pi3bplus_v2_margin_20260909T125804Z,pi3bplus,2,1,margin,true,40,24,1624,2026-09-09T13:03:09Z,1739217576360,lucid_revision,n64,64,B2,1.0,35.938,35.400,1400.000,1400.000,1400.000,1400.000,1.588058,4.371053,0.520725,36.982620,0.135103,44.044584,101.846435,0.000000,0.676090914,0.594905114,1
pi3bplus_v2_margin_20260909T125804Z,pi3bplus,2,1,margin,true,40,25,1625,2026-09-09T13:03:10Z,1739320250079,lucid_revision,n64,64,B2,1.0,35.400,35.400,1400.000,1400.000,1400.000,1400.000,1.624308,4.362094,0.459162,37.011005,0.139686,44.046564,101.730603,0.000000,0.668082967,0.613639362,1
pi3bplus_v2_margin_20260909T125804Z,pi3bplus,2,1,margin,true,40,26,1626,2026-09-09T13:03:10Z,1739422700467,lucid_revision,n64,64,B2,1.0,35.400,35.400,1400.000,1400.000,1400.000,1400.000,1.659984,4.355688,0.467496,36.926475,0.140571,43.987971,101.894299,0.000000,0.687474505,0.588532460,1
pi3bplus_v2_margin_20260909T125804Z,pi3bplus,2,1,margin,true,40,27,1627,2026-09-09T13:03:10Z,1739525317468,lucid_revision,n64,64,B2,1.0,35.400,35.938,1400.000,1400.000,1400.000,1400.000,1.567902,4.350168,0.509474,36.960641,0.138853,43.966564,101.820290,0.000000,0.645240988,0.573105315,1
pi3bplus_v2_margin_20260909T125804Z,pi3bplus,2,1,margin,true,40,28,1628,2026-09-09T13:03:10Z,1739627848584,lucid_revision,n64,64,B2,1.0,35.938,35.400,1400.000,1400.000,1400.000,1400.000,1.701390,4.347928,0.467495,36.994964,0.136769,44.106720,101.849508,0.000000,0.674603222,0.581652534,1
pi3bplus_v2_margin_20260909T125804Z,pi3bplus,2,1,margin,true,40,29,1629,2026-09-09T13:03:10Z,1739730419023,lucid_revision,n64,64,B2,1.0,35.400,35.400,1400.000,1400.000,1400.000,1400.000,1.625922,4.352459,0.459579,36.950641,0.135832,43.987085,101.904456,0.000000,0.715496368,0.641954796,1
pi3bplus_v2_margin_20260909T125804Z,pi3bplus,2,1,margin,true,40,30,1630,2026-09-09T13:03:10Z,1739833037795,lucid_revision,n64,64,B2,1.0,34.862,35.400,1400.000,1400.000,1400.000,1400.000,1.574516,4.453291,0.465569,37.141264,0.134686,44.215677,101.820081,0.000000,0.632520201,0.544564489,1
pi3bplus_v2_margin_20260909T125804Z,pi3bplus,2,1,margin,true,40,31,1631,2026-09-09T13:03:10Z,1739935574953,lucid_revision,n64,64,B2,1.0,35.400,35.400,1400.000,1400.000,1400.000,1400.000,1.666234,4.456364,0.543797,37.419908,0.135728,44.774161,101.867164,0.000000,0.629847099,0.549061472,1
pi3bplus_v2_margin_20260909T125804Z,pi3bplus,2,1,margin,true,40,32,1632,2026-09-09T13:03:10Z,1740038169350,lucid_revision,n64,64,B2,1.0,35.400,35.400,1400.000,1400.000,1400.000,1400.000,1.574673,4.397771,0.457443,36.953766,0.135780,43.991512,101.885133,0.000000,0.678393881,0.586639948,1
pi3bplus_v2_margin_20260909T125804Z,pi3bplus,2,1,margin,true,40,33,1633,2026-09-09T13:03:10Z,1740140776299,lucid_revision,n64,64,B2,1.0,35.400,35.938,1400.000,1400.000,1400.000,1400.000,1.583631,4.355896,0.464319,36.991266,0.141874,43.977293,101.819821,0.000000,0.649020203,0.566418481,1
pi3bplus_v2_margin_20260909T125804Z,pi3bplus,2,1,margin,true,40,34,1634,2026-09-09T13:03:10Z,1740243314811,lucid_revision,n64,64,B2,1.0,35.400,35.938,1400.000,1400.000,1400.000,1400.000,1.690557,4.349490,0.466089,37.041578,0.136145,44.135105,101.890445,0.000000,0.648691945,0.582485351,1
pi3bplus_v2_margin_20260909T125804Z,pi3bplus,2,1,margin,true,40,35,1635,2026-09-09T13:03:11Z,1740345923999,lucid_revision,n64,64,B2,1.0,35.400,35.400,1400.000,1400.000,1400.000,1400.000,1.574777,4.335480,0.464943,36.919704,0.143385,43.939534,101.732634,0.000000,0.682424037,0.590841846,1
pi3bplus_v2_margin_20260909T125804Z,pi3bplus,2,1,margin,true,40,36,1636,2026-09-09T13:03:11Z,1740448452876,lucid_revision,n64,64,B2,1.0,35.400,35.400,1400.000,1400.000,1400.000,1400.000,1.611078,4.342511,0.464266,37.036526,0.135363,44.038178,101.822633,0.000000,0.654101429,0.567523152,1
pi3bplus_v2_margin_20260909T125804Z,pi3bplus,2,1,margin,true,40,37,1637,2026-09-09T13:03:11Z,1740550990710,lucid_revision,n64,64,B2,1.0,35.400,35.400,1400.000,1400.000,1400.000,1400.000,1.661963,4.347042,0.462079,36.995537,0.134791,44.053595,101.937528,0.000000,0.699253001,0.603809934,1
pi3bplus_v2_margin_20260909T125804Z,pi3bplus,2,1,margin,true,40,38,1638,2026-09-09T13:03:11Z,1740653657815,lucid_revision,n64,64,B2,1.0,35.400,35.400,1400.000,1400.000,1400.000,1400.000,1.585349,4.330792,0.513745,37.031370,0.136040,44.049219,101.851435,0.000000,0.751431299,0.664734322,1
pi3bplus_v2_margin_20260909T125804Z,pi3bplus,2,1,margin,true,40,39,1639,2026-09-09T13:03:11Z,1740756304346,lucid_revision,n64,64,B2,1.0,35.400,35.400,1400.000,1400.000,1400.000,1400.000,1.638162,4.347980,0.465882,36.968297,0.139843,44.009793,101.831019,0.000000,0.704486769,0.636810907,1
pi3bplus_v2_margin_20260909T125804Z,pi3bplus,2,1,margin,true,41,0,1640,2026-09-09T13:03:12Z,1741570977492,fisvdd_revision,n16,16,B1,0.5,35.400,34.862,1400.000,1400.000,1400.000,1400.000,2.185240,1.321863,0.357132,0.813586,0.209842,5.222347,102.254504,0.000000,0.795711867,0.505042219,1
pi3bplus_v2_margin_20260909T125804Z,pi3bplus,2,1,margin,true,41,1,1641,2026-09-09T13:03:12Z,1741673955166,fisvdd_revision,n16,16,B1,0.5,35.400,35.400,1400.000,1400.000,1400.000,1400.000,2.146178,1.295404,0.345153,0.721452,0.128176,4.937297,101.839820,0.000000,0.540518635,0.497020621,1
pi3bplus_v2_margin_20260909T125804Z,pi3bplus,2,1,margin,true,41,2,1642,2026-09-09T13:03:12Z,1741776549875,fisvdd_revision,n16,16,B1,0.5,35.400,34.862,1400.000,1400.000,1400.000,1400.000,1.609932,1.280770,0.409787,0.726243,0.131978,4.448552,101.849195,0.000000,0.634458071,0.502441313,1
pi3bplus_v2_margin_20260909T125804Z,pi3bplus,2,1,margin,true,41,3,1643,2026-09-09T13:03:12Z,1741879058282,fisvdd_revision,n16,16,B1,0.5,35.400,35.400,1400.000,1400.000,1400.000,1400.000,1.671182,1.266811,0.349372,0.705202,0.133072,4.411625,101.980392,0.000000,0.733556107,0.497006436,1
pi3bplus_v2_margin_20260909T125804Z,pi3bplus,2,1,margin,true,41,4,1644,2026-09-09T13:03:12Z,1741981696897,fisvdd_revision,n16,16,B1,0.5,34.324,34.862,1400.000,1400.000,1400.000,1400.000,1.571235,1.350404,0.346142,0.707129,0.129217,4.392667,101.861070,0.000000,0.633571155,0.501598654,1
pi3bplus_v2_margin_20260909T125804Z,pi3bplus,2,1,margin,true,41,5,1645,2026-09-09T13:03:12Z,1742084301710,fisvdd_revision,n16,16,B1,0.5,34.862,34.862,1400.000,1400.000,1400.000,1400.000,1.601756,1.273999,0.352184,0.786138,0.132238,4.437354,101.839091,0.000000,0.568883424,0.503220125,1
pi3bplus_v2_margin_20260909T125804Z,pi3bplus,2,1,margin,true,41,6,1646,2026-09-09T13:03:12Z,1742186800742,fisvdd_revision,n16,16,B1,0.5,34.862,34.862,1400.000,1400.000,1400.000,1400.000,1.664464,1.271342,0.347549,0.697649,0.135312,4.401209,101.938465,0.000000,0.747098651,0.510050946,1
pi3bplus_v2_margin_20260909T125804Z,pi3bplus,2,1,margin,true,41,7,1647,2026-09-09T13:03:13Z,1742289401076,fisvdd_revision,n16,16,B1,0.5,34.862,34.324,1400.000,1400.000,1400.000,1400.000,1.578683,1.338321,0.349632,0.698640,0.138123,4.390740,101.867997,0.000000,0.595084375,0.495801337,1
pi3bplus_v2_margin_20260909T125804Z,pi3bplus,2,1,margin,true,41,8,1648,2026-09-09T13:03:13Z,1742391924743,fisvdd_revision,n16,16,B1,0.5,35.400,34.862,1400.000,1400.000,1400.000,1400.000,1.692484,1.273321,0.341403,0.769472,0.132238,4.504854,101.800133,0.000000,0.681989016,0.498250634,1
pi3bplus_v2_margin_20260909T125804Z,pi3bplus,2,1,margin,true,41,9,1649,2026-09-09T13:03:13Z,1742494386797,fisvdd_revision,n16,16,B1,0.5,34.862,34.862,1400.000,1400.000,1400.000,1400.000,1.628891,1.276394,0.344945,0.699212,0.129999,4.369334,101.908673,0.000000,0.620137822,0.499771527,1
pi3bplus_v2_margin_20260909T125804Z,pi3bplus,2,1,margin,true,41,10,1650,2026-09-09T13:03:13Z,1742596956974,fisvdd_revision,n16,16,B1,0.5,34.862,35.400,1400.000,1400.000,1400.000,1400.000,1.579204,1.262748,0.357705,0.711191,0.138801,4.392980,101.842580,0.000000,0.725872128,0.503291887,1
pi3bplus_v2_margin_20260909T125804Z,pi3bplus,2,1,margin,true,41,11,1651,2026-09-09T13:03:13Z,1742699459756,fisvdd_revision,n16,16,B1,0.5,34.324,34.324,1400.000,1400.000,1400.000,1400.000,1.707536,1.277748,0.349267,0.697233,0.128280,4.446365,101.913986,0.000000,0.606435561,0.498349596,1
pi3bplus_v2_margin_20260909T125804Z,pi3bplus,2,1,margin,true,41,12,1652,2026-09-09T13:03:13Z,1742802037121,fisvdd_revision,n16,16,B1,0.5,34.324,34.324,1400.000,1400.000,1400.000,1400.000,1.588787,1.343685,0.345935,0.705515,0.129374,4.401000,101.857997,0.000000,0.633072410,0.500588457,1
pi3bplus_v2_margin_20260909T125804Z,pi3bplus,2,1,margin,true,41,13,1653,2026-09-09T13:03:13Z,1742904630059,fisvdd_revision,n16,16,B1,0.5,34.862,34.324,1400.000,1400.000,1400.000,1400.000,1.611078,1.269571,0.400986,0.714577,0.132135,4.421885,101.887892,0.000000,0.650916217,0.508030237,1
pi3bplus_v2_margin_20260909T125804Z,pi3bplus,2,1,margin,true,41,14,1654,2026-09-09T13:03:13Z,1743007223048,fisvdd_revision,n16,16,B1,0.5,34.862,34.324,1400.000,1400.000,1400.000,1400.000,1.705036,1.268581,0.341976,0.702389,0.129739,4.440011,101.943465,0.000000,0.735849163,0.502988470,1
pi3bplus_v2_margin_20260909T125804Z,pi3bplus,2,1,margin,true,41,15,1655,2026-09-09T13:03:13Z,1743109824267,fisvdd_revision,n16,16,B1,0.5,34.324,34.324,1400.000,1400.000,1400.000,1400.000,1.565402,1.336915,0.339580,0.702806,0.129895,4.360063,101.863726,0.000000,0.848936611,0.504609793,1
pi3bplus_v2_margin_20260909T125804Z,pi3bplus,2,1,margin,true,41,16,1656,2026-09-09T13:03:13Z,1743212437205,fisvdd_revision,n16,16,B1,0.5,34.324,34.324,1400.000,1400.000,1400.000,1400.000,1.605506,1.274311,0.347341,0.776868,0.132134,4.426208,101.836590,0.000000,0.754052594,0.505674232,1
pi3bplus_v2_margin_20260909T125804Z,pi3bplus,2,1,margin,true,41,17,1657,2026-09-09T13:03:14Z,1743314925143,fisvdd_revision,n16,16,B1,0.5,34.324,34.324,1400.000,1400.000,1400.000,1400.000,1.696338,1.273894,0.352862,0.713795,0.129738,4.457822,101.741070,0.000000,0.679248649,0.498158719,1
pi3bplus_v2_margin_20260909T125804Z,pi3bplus,2,1,margin,true,41,18,1658,2026-09-09T13:03:14Z,1743417324801,fisvdd_revision,n16,16,B1,0.5,35.400,34.862,1400.000,1400.000,1400.000,1400.000,1.600401,1.345768,0.350726,0.700463,0.137499,4.422875,101.879715,0.000000,0.609292631,0.499335568,1
pi3bplus_v2_margin_20260909T125804Z,pi3bplus,2,1,margin,true,41,19,1659,2026-09-09T13:03:14Z,1743519865811,fisvdd_revision,n16,16,B1,0.5,33.786,34.324,1400.000,1400.000,1400.000,1400.000,1.672276,1.285613,0.347444,0.743535,0.133801,4.471312,101.862372,0.000000,0.626291047,0.499633057,1
pi3bplus_v2_margin_20260909T125804Z,pi3bplus,2,1,margin,true,41,20,1660,2026-09-09T13:03:14Z,1743622384583,fisvdd_revision,n16,16,B1,0.5,34.324,34.324,1400.000,1400.000,1400.000,1400.000,1.608683,1.269519,0.340101,0.704160,0.131457,4.343240,101.910287,0.000000,0.665810407,0.495166196,1
pi3bplus_v2_margin_20260909T125804Z,pi3bplus,2,1,margin,true,41,21,1661,2026-09-09T13:03:14Z,1743724965541,fisvdd_revision,n16,16,B1,0.5,34.324,34.324,1400.000,1400.000,1400.000,1400.000,1.592329,1.271498,0.354580,0.710202,0.130832,4.396677,101.866538,0.000000,0.715132744,0.496975570,1
pi3bplus_v2_margin_20260909T125804Z,pi3bplus,2,1,margin,true,41,22,1662,2026-09-09T13:03:14Z,1743827487333,fisvdd_revision,n16,16,B1,0.5,34.862,34.324,1400.000,1400.000,1400.000,1400.000,1.696078,1.272436,0.348487,0.693223,0.136717,4.432406,101.975235,0.000000,0.693779614,0.497102772,1
pi3bplus_v2_margin_20260909T125804Z,pi3bplus,2,1,margin,true,41,23,1663,2026-09-09T13:03:14Z,1743930149749,fisvdd_revision,n16,16,B1,0.5,34.324,34.324,1400.000,1400.000,1400.000,1400.000,1.680296,1.335456,0.342028,0.735722,0.133072,4.533863,101.921537,0.000000,0.727284901,0.495467871,1
pi3bplus_v2_margin_20260909T125804Z,pi3bplus,2,1,margin,true,41,24,1664,2026-09-09T13:03:14Z,1744032741071,fisvdd_revision,n16,16,B1,0.5,34.324,34.324,1400.000,1400.000,1400.000,1400.000,1.588735,1.268581,0.391976,0.709577,0.131196,4.386000,101.853101,0.000000,0.695477331,0.493289914,1
pi3bplus_v2_margin_20260909T125804Z,pi3bplus,2,1,margin,true,41,25,1665,2026-09-09T13:03:14Z,1744135247863,fisvdd_revision,n16,16,B1,0.5,34.324,34.862,1400.000,1400.000,1400.000,1400.000,1.670505,1.274259,0.350414,0.701660,0.136821,4.417459,101.907840,0.000000,0.692116575,0.495247891,1
pi3bplus_v2_margin_20260909T125804Z,pi3bplus,2,1,margin,true,41,26,1666,2026-09-09T13:03:14Z,1744237812780,fisvdd_revision,n16,16,B1,0.5,34.324,34.324,1400.000,1400.000,1400.000,1400.000,1.573944,1.318373,0.346924,0.697024,0.131040,4.350636,101.828934,0.000000,0.774721522,0.498348776,1
pi3bplus_v2_margin_20260909T125804Z,pi3bplus,2,1,margin,true,41,27,1667,2026-09-09T13:03:15Z,1744340393269,fisvdd_revision,n16,16,B1,0.5,34.324,34.324,1400.000,1400.000,1400.000,1400.000,1.615714,1.279883,0.346559,0.759107,0.131770,4.422667,101.737476,0.000000,0.759784522,0.496582483,1
pi3bplus_v2_margin_20260909T125804Z,pi3bplus,2,1,margin,true,41,28,1668,2026-09-09T13:03:15Z,1744442827822,fisvdd_revision,n16,16,B1,0.5,34.324,34.324,1400.000,1400.000,1400.000,1400.000,1.682379,1.276498,0.350153,0.697077,0.130103,4.429958,101.887267,0.000000,0.602505472,0.500448110,1
pi3bplus_v2_margin_20260909T125804Z,pi3bplus,2,1,margin,true,41,29,1669,2026-09-09T13:03:15Z,1744545364874,fisvdd_revision,n16,16,B1,0.5,34.324,34.324,1400.000,1400.000,1400.000,1400.000,1.564829,1.316967,0.346455,0.702285,0.136144,4.352094,101.843986,0.000000,0.528474114,0.497692215,1
pi3bplus_v2_margin_20260909T125804Z,pi3bplus,2,1,margin,true,41,30,1670,2026-09-09T13:03:15Z,1744647862916,fisvdd_revision,n16,16,B1,0.5,34.324,34.862,1400.000,1400.000,1400.000,1400.000,1.677432,1.279519,0.348383,0.743014,0.136040,4.477458,101.885444,0.000000,0.655397081,0.498700424,1
pi3bplus_v2_margin_20260909T125804Z,pi3bplus,2,1,margin,true,41,31,1671,2026-09-09T13:03:15Z,1744750401010,fisvdd_revision,n16,16,B1,0.5,34.324,34.324,1400.000,1400.000,1400.000,1400.000,1.600923,1.276394,0.346715,0.703743,0.135415,4.348656,101.971380,0.000000,0.718099872,0.506093332,1
pi3bplus_v2_margin_20260909T125804Z,pi3bplus,2,1,margin,true,41,32,1672,2026-09-09T13:03:15Z,1744853030717,fisvdd_revision,n16,16,B1,0.5,34.324,34.324,1400.000,1400.000,1400.000,1400.000,1.570558,1.268530,0.356871,0.707181,0.138488,4.434541,101.892579,0.000000,0.710303564,0.497338531,1
pi3bplus_v2_margin_20260909T125804Z,pi3bplus,2,1,margin,true,41,33,1673,2026-09-09T13:03:15Z,1744955582352,fisvdd_revision,n16,16,B1,0.5,34.324,34.862,1400.000,1400.000,1400.000,1400.000,1.674151,1.285561,0.351039,0.715879,0.181509,4.506051,101.927527,0.000000,0.383838900,0.500593054,1
pi3bplus_v2_margin_20260909T125804Z,pi3bplus,2,1,margin,true,41,34,1674,2026-09-09T13:03:15Z,1745058166227,fisvdd_revision,n16,16,B1,0.5,34.324,34.324,1400.000,1400.000,1400.000,1400.000,1.564152,1.325091,0.347288,0.701243,0.136873,4.361729,101.904766,0.000000,0.802544605,0.504450416,1
pi3bplus_v2_margin_20260909T125804Z,pi3bplus,2,1,margin,true,41,35,1675,2026-09-09T13:03:15Z,1745160744997,fisvdd_revision,n16,16,B1,0.5,34.324,34.324,1400.000,1400.000,1400.000,1400.000,1.617276,1.266915,0.392705,0.708587,0.137498,4.409646,101.840183,0.000000,0.616573390,0.504016167,1
pi3bplus_v2_margin_20260909T125804Z,pi3bplus,2,1,margin,true,41,36,1676,2026-09-09T13:03:16Z,1745263240643,fisvdd_revision,n16,16,B1,0.5,34.324,34.324,1400.000,1400.000,1400.000,1400.000,1.656703,1.282175,0.345517,0.689785,0.129426,4.391208,101.921953,0.000000,0.738054679,0.502607719,1
pi3bplus_v2_margin_20260909T125804Z,pi3bplus,2,1,margin,true,41,37,1677,2026-09-09T13:03:16Z,1745365816236,fisvdd_revision,n16,16,B1,0.5,34.324,33.786,1400.000,1400.000,1400.000,1400.000,1.573787,1.321862,0.340934,0.707546,0.131561,4.372250,101.722736,0.000000,0.659641981,0.495300853,1
pi3bplus_v2_margin_20260909T125804Z,pi3bplus,2,1,margin,true,41,38,1678,2026-09-09T13:03:16Z,1745468267663,fisvdd_revision,n16,16,B1,0.5,34.324,34.862,1400.000,1400.000,1400.000,1400.000,1.602432,1.279311,0.356507,0.779159,0.135780,4.444125,101.831381,0.000000,0.720795240,0.496548025,1
pi3bplus_v2_margin_20260909T125804Z,pi3bplus,2,1,margin,true,41,39,1679,2026-09-09T13:03:16Z,1745570750601,fisvdd_revision,n16,16,B1,0.5,34.324,34.862,1400.000,1400.000,1400.000,1400.000,1.694203,1.272123,0.343799,0.704108,0.129843,4.432145,101.940234,0.000000,0.706483614,0.499141954,1
pi3bplus_v2_margin_20260909T125804Z,pi3bplus,2,1,margin,true,42,0,1680,2026-09-09T13:03:17Z,1746332403141,tinydl_revision,n256,256,B0,0.0,33.786,34.324,1400.000,1400.000,1400.000,1400.000,1.708109,16.876195,0.915772,1.420820,0.156405,22.059895,101.734194,0.000000,0.684733527,0.641286947,1
pi3bplus_v2_margin_20260909T125804Z,pi3bplus,2,1,margin,true,42,1,1681,2026-09-09T13:03:17Z,1746435130450,tinydl_revision,n256,256,B0,0.0,34.324,33.786,1400.000,1400.000,1400.000,1400.000,1.741650,16.984736,0.826503,1.495871,0.148540,22.173697,101.943568,0.000000,0.681203923,0.656286891,1
pi3bplus_v2_margin_20260909T125804Z,pi3bplus,2,1,margin,true,42,2,1682,2026-09-09T13:03:17Z,1746538098643,tinydl_revision,n256,256,B0,0.0,33.786,33.786,1400.000,1400.000,1400.000,1400.000,1.612745,17.024266,0.830304,1.411653,0.209373,22.082187,101.868464,0.000000,0.688282451,0.634942807,1
pi3bplus_v2_margin_20260909T125804Z,pi3bplus,2,1,margin,true,42,3,1683,2026-09-09T13:03:17Z,1746641027878,tinydl_revision,n256,256,B0,0.0,33.786,33.786,1400.000,1400.000,1400.000,1400.000,1.638630,16.944944,0.808586,1.423476,0.148905,22.014896,101.862579,0.000000,0.694911920,0.638240375,1
pi3bplus_v2_margin_20260909T125804Z,pi3bplus,2,1,margin,true,42,4,1684,2026-09-09T13:03:17Z,1746743888572,tinydl_revision,n256,256,B0,0.0,34.324,33.786,1400.000,1400.000,1400.000,1400.000,1.716286,16.889423,0.893116,1.443737,0.151144,22.081927,101.957526,0.000000,0.686215747,0.640349357,1
pi3bplus_v2_margin_20260909T125804Z,pi3bplus,2,1,margin,true,42,5,1685,2026-09-09T13:03:17Z,1746846837599,tinydl_revision,n256,256,B0,0.0,33.248,34.324,1400.000,1400.000,1400.000,1400.000,1.695765,16.956923,0.813950,1.482694,0.155623,22.103749,102.073618,0.000000,0.720956112,0.702135396,1
pi3bplus_v2_margin_20260909T125804Z,pi3bplus,2,1,margin,true,42,6,1686,2026-09-09T13:03:17Z,1746949899489,tinydl_revision,n256,256,B0,0.0,34.324,33.786,1400.000,1400.000,1400.000,1400.000,1.609621,16.974579,0.841242,1.422486,0.147967,21.989948,101.862683,0.000000,0.720157137,0.678383875,1
pi3bplus_v2_margin_20260909T125804Z,pi3bplus,2,1,margin,true,42,7,1687,2026-09-09T13:03:17Z,1747052852995,tinydl_revision,n256,256,B0,0.0,33.786,34.324,1400.000,1400.000,1400.000,1400.000,1.649724,16.950829,0.823013,1.427904,0.149426,22.065416,101.857162,0.000000,0.657179199,0.612267226,1
pi3bplus_v2_margin_20260909T125804Z,pi3bplus,2,1,margin,true,42,8,1688,2026-09-09T13:03:17Z,1747155713897,tinydl_revision,n256,256,B0,0.0,33.248,33.786,1400.000,1400.000,1400.000,1400.000,1.756702,16.939528,0.906970,1.432643,0.149634,22.182915,101.904974,0.000000,0.683186011,0.669073740,1
pi3bplus_v2_margin_20260909T125804Z,pi3bplus,2,1,margin,true,42,9,1689,2026-09-09T13:03:18Z,1747258605789,tinydl_revision,n256,256,B0,0.0,34.324,33.248,1400.000,1400.000,1400.000,1400.000,1.680557,17.007444,0.825045,1.491132,0.150780,22.147707,101.961171,0.000000,0.692270938,0.650870494,1
pi3bplus_v2_margin_20260909T125804Z,pi3bplus,2,1,margin,true,42,10,1690,2026-09-09T13:03:18Z,1747361556950,tinydl_revision,n256,256,B0,0.0,33.786,33.786,1400.000,1400.000,1400.000,1400.000,1.608109,16.989058,0.831815,1.420507,0.149217,21.992917,101.739454,0.000000,0.702915288,0.652796032,1
pi3bplus_v2_margin_20260909T125804Z,pi3bplus,2,1,margin,true,42,11,1691,2026-09-09T13:03:18Z,1747464377280,tinydl_revision,n256,256,B0,0.0,33.248,33.786,1400.000,1400.000,1400.000,1400.000,1.649776,16.948746,0.887752,1.423893,0.154270,22.064739,101.862005,0.000000,0.655899055,0.620596679,1
pi3bplus_v2_margin_20260909T125804Z,pi3bplus,2,1,margin,true,42,12,1692,2026-09-09T13:03:18Z,1747567242504,tinydl_revision,n256,256,B0,0.0,33.248,33.248,1400.000,1400.000,1400.000,1400.000,1.728317,16.939423,0.834732,1.495507,0.150155,22.147291,101.978411,0.000000,0.672855346,0.623380939,1
pi3bplus_v2_margin_20260909T125804Z,pi3bplus,2,1,margin,true,42,13,1693,2026-09-09T13:03:18Z,1747670208405,tinydl_revision,n256,256,B0,0.0,33.248,34.324,1400.000,1400.000,1400.000,1400.000,1.612380,17.031401,0.813951,1.422956,0.155154,22.073542,101.931380,0.000000,0.670281936,0.659558078,1
pi3bplus_v2_margin_20260909T125804Z,pi3bplus,2,1,margin,true,42,14,1694,2026-09-09T13:03:18Z,1747773134515,tinydl_revision,n256,256,B0,0.0,33.248,33.786,1400.000,1400.000,1400.000,1400.000,1.613266,16.912288,0.816295,1.414779,0.147395,21.955417,101.896120,0.000000,0.690554699,0.656937207,1
pi3bplus_v2_margin_20260909T125804Z,pi3bplus,2,1,margin,true,42,15,1695,2026-09-09T13:03:18Z,1747876099374,tinydl_revision,n256,256,B0,0.0,34.324,34.324,1400.000,1400.000,1400.000,1400.000,1.646287,16.965100,0.884627,1.412331,0.150468,22.047084,101.901849,0.000000,0.714186020,0.673167195,1
pi3bplus_v2_margin_20260909T125804Z,pi3bplus,2,1,margin,true,42,16,1696,2026-09-09T13:03:18Z,1747979059026,tinydl_revision,n256,256,B0,0.0,33.248,33.786,1400.000,1400.000,1400.000,1400.000,1.744879,16.986975,0.819731,1.495351,0.148904,22.192342,101.948931,0.000000,0.688545588,0.652283630,1
pi3bplus_v2_margin_20260909T125804Z,pi3bplus,2,1,margin,true,42,17,1697,2026-09-09T13:03:18Z,1748082001541,tinydl_revision,n256,256,B0,0.0,33.248,33.248,1400.000,1400.000,1400.000,1400.000,1.601287,17.056089,0.833794,1.422747,0.206873,22.105156,101.870235,0.000000,0.668922806,0.678179163,1
pi3bplus_v2_margin_20260909T125804Z,pi3bplus,2,1,margin,true,42,18,1698,2026-09-09T13:03:18Z,1748184954890,tinydl_revision,n256,256,B0,0.0,33.786,33.248,1400.000,1400.000,1400.000,1400.000,1.651495,17.074891,0.818898,1.421289,0.151769,22.174530,101.889297,0.000000,0.667260395,0.641788059,1
pi3bplus_v2_margin_20260909T125804Z,pi3bplus,2,1,margin,true,42,19,1699,2026-09-09T13:03:19Z,1748287836730,tinydl_revision,n256,256,B0,0.0,33.248,33.248,1400.000,1400.000,1400.000,1400.000,1.723838,16.985360,0.877544,1.416705,0.155050,22.141092,101.896275,0.000000,0.653046509,0.624702287,1
pi3bplus_v2_margin_20260909T125804Z,pi3bplus,2,1,margin,true,42,20,1700,2026-09-09T13:03:19Z,1748390740756,tinydl_revision,n256,256,B0,0.0,33.786,33.248,1400.000,1400.000,1400.000,1400.000,1.679307,16.997965,0.813117,1.488267,0.155467,22.130363,101.842005,0.000000,0.713209495,0.693829479,1
pi3bplus_v2_margin_20260909T125804Z,pi3bplus,2,1,margin,true,42,21,1701,2026-09-09T13:03:19Z,1748493574001,tinydl_revision,n256,256,B0,0.0,33.248,33.248,1400.000,1400.000,1400.000,1400.000,1.600871,17.005985,0.824523,1.420143,0.148593,21.985469,101.858099,0.000000,0.669401996,0.651030833,1
pi3bplus_v2_margin_20260909T125804Z,pi3bplus,2,1,margin,true,42,22,1702,2026-09-09T13:03:19Z,1748596510163,tinydl_revision,n256,256,B0,0.0,33.248,33.248,1400.000,1400.000,1400.000,1400.000,1.644464,16.912184,0.869731,1.423320,0.155207,22.000677,101.851692,0.000000,0.678357503,0.632295904,1
pi3bplus_v2_margin_20260909T125804Z,pi3bplus,2,1,margin,true,42,23,1703,2026-09-09T13:03:19Z,1748699346377,tinydl_revision,n256,256,B0,0.0,33.248,33.786,1400.000,1400.000,1400.000,1400.000,1.809983,16.976975,0.826763,1.488058,0.152968,22.241560,101.981066,0.000000,0.675121425,0.636854771,1
pi3bplus_v2_margin_20260909T125804Z,pi3bplus,2,1,margin,true,42,24,1704,2026-09-09T13:03:19Z,1748802330194,tinydl_revision,n256,256,B0,0.0,33.248,33.248,1400.000,1400.000,1400.000,1400.000,1.669619,16.972183,0.830826,1.475976,0.151144,22.090572,101.952890,0.000000,0.687992287,0.657686677,1
pi3bplus_v2_margin_20260909T125804Z,pi3bplus,2,1,margin,true,42,25,1705,2026-09-09T13:03:19Z,1748905282085,tinydl_revision,n256,256,B0,0.0,33.248,33.248,1400.000,1400.000,1400.000,1400.000,1.613006,16.956142,0.812024,1.427643,0.155311,22.017031,101.888098,0.000000,0.706116952,0.663051106,1
pi3bplus_v2_margin_20260909T125804Z,pi3bplus,2,1,margin,true,42,26,1706,2026-09-09T13:03:19Z,1749008254652,tinydl_revision,n256,256,B0,0.0,33.248,33.248,1400.000,1400.000,1400.000,1400.000,1.645922,16.960882,0.890356,1.408112,0.147707,22.048333,101.879921,0.000000,0.673658756,0.613387043,1
pi3bplus_v2_margin_20260909T125804Z,pi3bplus,2,1,margin,true,42,27,1707,2026-09-09T13:03:19Z,1749111170136,tinydl_revision,n256,256,B0,0.0,33.786,33.248,1400.000,1400.000,1400.000,1400.000,1.788212,17.108849,0.820253,1.495663,0.147238,22.346247,101.936952,0.000000,0.697626267,0.657235292,1
pi3bplus_v2_margin_20260909T125804Z,pi3bplus,2,1,margin,true,42,28,1708,2026-09-09T13:03:19Z,1749214122443,tinydl_revision,n256,256,B0,0.0,33.248,33.248,1400.000,1400.000,1400.000,1400.000,1.611235,17.046818,0.840513,1.422539,0.157238,22.139009,101.849713,0.000000,0.686923312,0.656660144,1
pi3bplus_v2_margin_20260909T125804Z,pi3bplus,2,1,margin,true,42,29,1709,2026-09-09T13:03:20Z,1749317034907,tinydl_revision,n256,256,B0,0.0,33.248,33.248,1400.000,1400.000,1400.000,1400.000,1.633214,16.927444,0.819211,1.426080,0.149842,22.017187,101.853827,0.000000,0.727933504,0.691983873,1
pi3bplus_v2_margin_20260909T125804Z,pi3bplus,2,1,margin,true,42,30,1710,2026-09-09T13:03:20Z,1749419873048,tinydl_revision,n256,256,B0,0.0,33.248,33.248,1400.000,1400.000,1400.000,1400.000,1.729151,18.049204,0.993688,1.410039,0.211769,24.220916,101.899556,0.000000,0.677041990,0.646980307,1
pi3bplus_v2_margin_20260909T125804Z,pi3bplus,2,1,margin,true,42,31,1711,2026-09-09T13:03:20Z,1749522813636,tinydl_revision,n256,256,B0,0.0,33.248,33.248,1400.000,1400.000,1400.000,1400.000,1.701286,17.003329,0.823794,1.499726,0.148176,22.174894,101.949399,0.000000,0.668697990,0.619412547,1
pi3bplus_v2_margin_20260909T125804Z,pi3bplus,2,1,margin,true,42,32,1712,2026-09-09T13:03:20Z,1749625762974,tinydl_revision,n256,256,B0,0.0,33.248,33.248,1400.000,1400.000,1400.000,1400.000,1.616078,17.014996,0.821139,1.421289,0.151144,21.994635,101.858619,0.000000,0.699402738,0.671255123,1
pi3bplus_v2_margin_20260909T125804Z,pi3bplus,2,1,margin,true,42,33,1713,2026-09-09T13:03:20Z,1749728687780,tinydl_revision,n256,256,B0,0.0,33.786,33.248,1400.000,1400.000,1400.000,1400.000,1.637120,17.009943,0.832544,1.416705,0.151093,22.097916,101.872161,0.000000,0.705921508,0.657158853,1
pi3bplus_v2_margin_20260909T125804Z,pi3bplus,2,1,margin,true,42,34,1714,2026-09-09T13:03:20Z,1749831555036,tinydl_revision,n256,256,B0,0.0,33.248,33.248,1400.000,1400.000,1400.000,1400.000,1.767431,17.057286,0.889315,1.421601,0.150102,22.288591,101.952941,0.000000,0.657140588,0.623957879,1
pi3bplus_v2_margin_20260909T125804Z,pi3bplus,2,1,margin,true,42,35,1715,2026-09-09T13:03:20Z,1749934506822,tinydl_revision,n256,256,B0,0.0,33.786,33.248,1400.000,1400.000,1400.000,1400.000,1.673422,17.402804,0.827023,1.528111,0.149634,22.561869,101.958514,0.000000,0.676475141,0.631618790,1
pi3bplus_v2_margin_20260909T125804Z,pi3bplus,2,1,margin,true,42,36,1716,2026-09-09T13:03:20Z,1750037470274,tinydl_revision,n256,256,B0,0.0,33.248,33.248,1400.000,1400.000,1400.000,1400.000,1.618005,16.996662,0.819732,1.425872,0.160103,22.000261,101.863359,0.000000,0.670255632,0.633647506,1
pi3bplus_v2_margin_20260909T125804Z,pi3bplus,2,1,margin,true,42,37,1717,2026-09-09T13:03:20Z,1750140395133,tinydl_revision,n256,256,B0,0.0,33.248,33.248,1400.000,1400.000,1400.000,1400.000,1.640713,16.910829,0.887179,1.422330,0.147707,21.996979,101.864973,0.000000,0.695389328,0.690762277,1
pi3bplus_v2_margin_20260909T125804Z,pi3bplus,2,1,margin,true,42,38,1718,2026-09-09T13:03:20Z,1750243254055,tinydl_revision,n256,256,B0,0.0,33.248,33.248,1400.000,1400.000,1400.000,1400.000,1.727432,16.925778,0.807961,1.496809,0.149634,22.104635,101.930806,0.000000,0.707651012,0.657098228,1
pi3bplus_v2_margin_20260909T125804Z,pi3bplus,2,1,margin,true,42,39,1719,2026-09-09T13:03:21Z,1750346174383,tinydl_revision,n256,256,B0,0.0,32.710,33.248,1400.000,1400.000,1400.000,1400.000,1.611339,17.057651,0.823794,1.421966,0.155832,22.119842,101.603308,0.000000,0.679713172,0.652390960,1
pi3bplus_v2_margin_20260909T125804Z,pi3bplus,2,1,margin,true,43,0,1720,2026-09-09T13:03:21Z,1750955520018,oi_svdd_as_elm_revision,n64,64,B0,0.0,33.248,33.248,1400.000,1400.000,1400.000,1400.000,1.790660,4.421052,0.459214,2.327583,0.138279,9.588139,101.970233,0.000000,0.673578697,0.569313086,1
pi3bplus_v2_margin_20260909T125804Z,pi3bplus,2,1,margin,true,43,1,1721,2026-09-09T13:03:21Z,1751058218056,oi_svdd_as_elm_revision,n64,64,B0,0.0,33.248,33.248,1400.000,1400.000,1400.000,1400.000,1.575662,4.438604,0.462860,2.228469,0.145832,9.309756,101.932004,0.000000,0.699285396,0.654809685,1
pi3bplus_v2_margin_20260909T125804Z,pi3bplus,2,1,margin,true,43,2,1722,2026-09-09T13:03:21Z,1751160871928,oi_svdd_as_elm_revision,n64,64,B0,0.0,33.248,33.248,1400.000,1400.000,1400.000,1400.000,1.598787,4.421364,0.469943,2.272426,0.145780,9.378921,101.856952,0.000000,0.665946414,0.693323928,1
pi3bplus_v2_margin_20260909T125804Z,pi3bplus,2,1,margin,true,43,3,1723,2026-09-09T13:03:22Z,1751263455696,oi_svdd_as_elm_revision,n64,64,B0,0.0,32.710,33.248,1400.000,1400.000,1400.000,1400.000,1.717224,4.385843,0.463538,2.297270,0.146561,9.453504,101.901691,0.000000,0.656071447,0.625525063,1
pi3bplus_v2_margin_20260909T125804Z,pi3bplus,2,1,margin,true,43,4,1724,2026-09-09T13:03:22Z,1751366080401,oi_svdd_as_elm_revision,n64,64,B0,0.0,32.710,33.248,1400.000,1400.000,1400.000,1400.000,1.580297,4.432041,0.490568,2.223572,0.147968,9.329443,101.697838,0.000000,0.649335596,0.640621831,1
pi3bplus_v2_margin_20260909T125804Z,pi3bplus,2,1,margin,true,43,5,1725,2026-09-09T13:03:22Z,1751468631461,oi_svdd_as_elm_revision,n64,64,B0,0.0,33.248,33.248,1400.000,1400.000,1400.000,1400.000,1.647849,4.409906,0.460464,2.341437,0.139113,9.448452,101.866118,0.000000,0.680383605,0.635996727,1
pi3bplus_v2_margin_20260909T125804Z,pi3bplus,2,1,margin,true,43,6,1726,2026-09-09T13:03:22Z,1751571217780,oi_svdd_as_elm_revision,n64,64,B0,0.0,33.248,32.710,1400.000,1400.000,1400.000,1400.000,1.701754,4.374959,0.469110,2.278260,0.141613,9.415849,101.930285,0.000000,0.712004608,0.666167883,1
pi3bplus_v2_margin_20260909T125804Z,pi3bplus,2,1,margin,true,43,7,1727,2026-09-09T13:03:22Z,1751673867902,oi_svdd_as_elm_revision,n64,64,B0,0.0,32.710,33.248,1400.000,1400.000,1400.000,1400.000,1.581755,4.402458,0.471767,2.221489,0.139738,9.334390,101.857316,0.000000,0.662356661,0.644761084,1
pi3bplus_v2_margin_20260909T125804Z,pi3bplus,2,1,margin,true,43,8,1728,2026-09-09T13:03:22Z,1751776543596,oi_svdd_as_elm_revision,n64,64,B0,0.0,32.710,33.248,1400.000,1400.000,1400.000,1400.000,1.633943,4.384906,0.467027,2.300030,0.139478,9.377202,101.863514,0.000000,0.663996618,0.632421761,1
pi3bplus_v2_margin_20260909T125804Z,pi3bplus,2,1,margin,true,43,9,1729,2026-09-09T13:03:22Z,1751879122832,oi_svdd_as_elm_revision,n64,64,B0,0.0,33.248,33.248,1400.000,1400.000,1400.000,1400.000,1.693369,4.430375,0.467652,2.297999,0.139530,9.481889,101.993878,0.000000,0.638435007,0.601809590,1
pi3bplus_v2_margin_20260909T125804Z,pi3bplus,2,1,margin,true,43,10,1730,2026-09-09T13:03:22Z,1751981840869,oi_svdd_as_elm_revision,n64,64,B0,0.0,33.248,33.248,1400.000,1400.000,1400.000,1400.000,1.584256,4.375688,0.468537,2.231020,0.138280,9.317881,101.848463,0.000000,0.675247880,0.668411684,1
pi3bplus_v2_margin_20260909T125804Z,pi3bplus,2,1,margin,true,43,11,1731,2026-09-09T13:03:22Z,1752084524063,oi_svdd_as_elm_revision,n64,64,B0,0.0,33.248,32.710,1400.000,1400.000,1400.000,1400.000,1.621287,4.473551,0.469058,2.308676,0.137967,9.453869,101.839556,0.000000,0.580163727,0.557565723,1
pi3bplus_v2_margin_20260909T125804Z,pi3bplus,2,1,margin,true,43,12,1732,2026-09-09T13:03:22Z,1752187085904,oi_svdd_as_elm_revision,n64,64,B0,0.0,33.248,32.710,1400.000,1400.000,1400.000,1400.000,1.693422,4.384125,0.463589,2.279510,0.143644,9.412515,101.936951,0.000000,0.694191168,0.615837960,1
pi3bplus_v2_margin_20260909T125804Z,pi3bplus,2,1,margin,true,43,13,1733,2026-09-09T13:03:23Z,1752289743369,oi_svdd_as_elm_revision,n64,64,B0,0.0,33.248,33.248,1400.000,1400.000,1400.000,1400.000,1.587016,4.400739,0.466402,2.246645,0.138489,9.341839,101.854764,0.000000,0.689132036,0.669394867,1
pi3bplus_v2_margin_20260909T125804Z,pi3bplus,2,1,margin,true,43,14,1734,2026-09-09T13:03:23Z,1752392393750,oi_svdd_as_elm_revision,n64,64,B0,0.0,33.248,33.248,1400.000,1400.000,1400.000,1400.000,1.608995,4.420896,0.464215,2.285395,0.137186,9.361318,101.724661,0.000000,0.706005113,0.658576155,1
pi3bplus_v2_margin_20260909T125804Z,pi3bplus,2,1,margin,true,43,15,1735,2026-09-09T13:03:23Z,1752494842207,oi_svdd_as_elm_revision,n64,64,B0,0.0,33.248,33.248,1400.000,1400.000,1400.000,1400.000,1.687848,4.395479,0.465464,2.231176,0.145780,9.426785,101.938877,0.000000,0.701620900,0.661947584,1
pi3bplus_v2_margin_20260909T125804Z,pi3bplus,2,1,margin,true,43,16,1736,2026-09-09T13:03:23Z,1752597507067,oi_svdd_as_elm_revision,n64,64,B0,0.0,33.248,32.710,1400.000,1400.000,1400.000,1400.000,1.589880,4.407406,0.523328,2.221801,0.146041,9.335693,101.855076,0.000000,0.675369122,0.668899523,1
pi3bplus_v2_margin_20260909T125804Z,pi3bplus,2,1,margin,true,43,17,1737,2026-09-09T13:03:23Z,1752700157084,oi_svdd_as_elm_revision,n64,64,B0,0.0,32.710,32.710,1400.000,1400.000,1400.000,1400.000,1.615506,4.421677,0.464683,2.301332,0.137863,9.394598,101.859868,0.000000,0.723838753,0.703191974,1
pi3bplus_v2_margin_20260909T125804Z,pi3bplus,2,1,margin,true,43,18,1738,2026-09-09T13:03:23Z,1752802774445,oi_svdd_as_elm_revision,n64,64,B0,0.0,33.248,32.710,1400.000,1400.000,1400.000,1400.000,1.708838,4.403187,0.462287,2.217010,0.144895,9.449025,101.940961,0.000000,0.642617189,0.621552457,1
pi3bplus_v2_margin_20260909T125804Z,pi3bplus,2,1,margin,true,43,19,1739,2026-09-09T13:03:23Z,1752905438836,oi_svdd_as_elm_revision,n64,64,B0,0.0,32.710,32.710,1400.000,1400.000,1400.000,1400.000,1.591235,4.410115,0.524630,2.238989,0.138697,9.354599,101.892628,0.000000,0.661077466,0.628607419,1
pi3bplus_v2_margin_20260909T125804Z,pi3bplus,2,1,margin,true,43,20,1740,2026-09-09T13:03:23Z,1753008140311,oi_svdd_as_elm_revision,n64,64,B0,0.0,32.710,33.248,1400.000,1400.000,1400.000,1400.000,1.615506,4.401730,0.465829,2.322062,0.139634,9.405744,101.850962,0.000000,0.654074079,0.633207958,1
pi3bplus_v2_margin_20260909T125804Z,pi3bplus,2,1,margin,true,43,21,1741,2026-09-09T13:03:23Z,1753110714339,oi_svdd_as_elm_revision,n64,64,B0,0.0,32.172,32.710,1400.000,1400.000,1400.000,1400.000,1.679723,4.369022,0.462652,2.219354,0.200884,9.381838,101.936482,0.000000,0.754521754,0.712071958,1
pi3bplus_v2_margin_20260909T125804Z,pi3bplus,2,1,margin,true,43,22,1742,2026-09-09T13:03:23Z,1753213372741,oi_svdd_as_elm_revision,n64,64,B0,0.0,32.710,32.710,1400.000,1400.000,1400.000,1400.000,1.590714,4.371365,0.522651,2.229667,0.147499,9.315276,101.864555,0.000000,0.654131707,0.590983881,1
pi3bplus_v2_margin_20260909T125804Z,pi3bplus,2,1,margin,true,43,23,1743,2026-09-09T13:03:24Z,1753315960935,oi_svdd_as_elm_revision,n64,64,B0,0.0,33.248,32.710,1400.000,1400.000,1400.000,1400.000,1.623995,4.387302,0.461975,2.348155,0.139686,9.480744,101.851691,0.000000,0.702164605,0.645944025,1
pi3bplus_v2_margin_20260909T125804Z,pi3bplus,2,1,margin,true,43,24,1744,2026-09-09T13:03:24Z,1753418530536,oi_svdd_as_elm_revision,n64,64,B0,0.0,33.248,33.248,1400.000,1400.000,1400.000,1400.000,1.667900,4.395011,0.458017,2.223104,0.138853,9.328401,101.812003,0.000000,0.666371408,0.626847569,1
pi3bplus_v2_margin_20260909T125804Z,pi3bplus,2,1,margin,true,43,25,1745,2026-09-09T13:03:24Z,1753521071699,oi_svdd_as_elm_revision,n64,64,B0,0.0,33.248,32.172,1400.000,1400.000,1400.000,1400.000,1.589516,4.386729,0.466662,2.292895,0.138593,9.329078,101.874867,0.000000,0.616909854,0.574421054,1
pi3bplus_v2_margin_20260909T125804Z,pi3bplus,2,1,margin,true,43,26,1746,2026-09-09T13:03:24Z,1753623674216,oi_svdd_as_elm_revision,n64,64,B0,0.0,32.710,32.710,1400.000,1400.000,1400.000,1400.000,1.688004,4.398187,0.467496,2.292739,0.144947,9.439285,101.902107,0.000000,0.704203664,0.692242457,1
pi3bplus_v2_margin_20260909T125804Z,pi3bplus,2,1,margin,true,43,27,1747,2026-09-09T13:03:24Z,1753726297826,oi_svdd_as_elm_revision,n64,64,B0,0.0,33.248,32.172,1400.000,1400.000,1400.000,1400.000,1.576235,4.428968,0.464787,2.229041,0.139478,9.297829,101.952107,0.000000,0.699438574,0.635231880,1
pi3bplus_v2_margin_20260909T125804Z,pi3bplus,2,1,margin,true,43,28,1748,2026-09-09T13:03:24Z,1753828982582,oi_svdd_as_elm_revision,n64,64,B0,0.0,33.248,32.172,1400.000,1400.000,1400.000,1400.000,1.596183,4.465582,0.468746,2.280760,0.146040,9.407723,101.866118,0.000000,0.733868515,0.652735161,1
pi3bplus_v2_margin_20260909T125804Z,pi3bplus,2,1,margin,true,43,29,1749,2026-09-09T13:03:24Z,1753931568016,oi_svdd_as_elm_revision,n64,64,B0,0.0,32.710,33.248,1400.000,1400.000,1400.000,1400.000,1.729463,4.385115,0.466714,2.301853,0.170728,9.521316,101.970075,0.000000,0.639479863,0.529423507,1
pi3bplus_v2_margin_20260909T125804Z,pi3bplus,2,1,margin,true,43,30,1750,2026-09-09T13:03:24Z,1754034267146,oi_svdd_as_elm_revision,n64,64,B0,0.0,33.248,32.710,1400.000,1400.000,1400.000,1400.000,1.593943,4.432458,0.463590,2.219146,0.149113,9.315745,101.936534,0.000000,0.673556240,0.619422432,1
pi3bplus_v2_margin_20260909T125804Z,pi3bplus,2,1,margin,true,43,31,1751,2026-09-09T13:03:24Z,1754136932735,oi_svdd_as_elm_revision,n64,64,B0,0.0,32.710,32.710,1400.000,1400.000,1400.000,1400.000,1.594933,4.342615,0.464006,2.285551,0.145103,9.279027,101.850024,0.000000,0.734909309,0.724499646,1
pi3bplus_v2_margin_20260909T125804Z,pi3bplus,2,1,margin,true,43,32,1752,2026-09-09T13:03:24Z,1754239587023,oi_svdd_as_elm_revision,n64,64,B0,0.0,33.248,32.172,1400.000,1400.000,1400.000,1400.000,1.769306,4.471051,0.464267,2.292843,0.139582,9.591992,101.916221,0.000000,0.706183256,0.668240819,1
pi3bplus_v2_margin_20260909T125804Z,pi3bplus,2,1,margin,true,43,33,1753,2026-09-09T13:03:25Z,1754342235528,oi_svdd_as_elm_revision,n64,64,B0,0.0,32.710,32.710,1400.000,1400.000,1400.000,1400.000,1.601391,4.411572,0.463069,2.232427,0.138019,9.309912,101.927940,0.000000,0.606652117,0.547621847,1
pi3bplus_v2_margin_20260909T125804Z,pi3bplus,2,1,margin,true,43,34,1754,2026-09-09T13:03:25Z,1754444911273,oi_svdd_as_elm_revision,n64,64,B0,0.0,33.248,32.710,1400.000,1400.000,1400.000,1400.000,1.613526,4.342511,0.466245,2.286333,0.140311,9.302308,101.751431,0.000000,0.675678505,0.667194880,1
pi3bplus_v2_margin_20260909T125804Z,pi3bplus,2,1,margin,true,43,35,1755,2026-09-09T13:03:25Z,1754547387437,oi_svdd_as_elm_revision,n64,64,B0,0.0,32.172,32.710,1400.000,1400.000,1400.000,1400.000,1.695296,4.368084,0.463121,2.296801,0.140571,9.414546,101.922262,0.000000,0.702643864,0.628268125,1
pi3bplus_v2_margin_20260909T125804Z,pi3bplus,2,1,margin,true,43,36,1756,2026-09-09T13:03:25Z,1754650037974,oi_svdd_as_elm_revision,n64,64,B0,0.0,32.172,32.710,1400.000,1400.000,1400.000,1400.000,1.580974,4.404229,0.466245,2.226750,0.141457,9.270328,101.848044,0.000000,0.776082592,0.687485350,1
pi3bplus_v2_margin_20260909T125804Z,pi3bplus,2,1,margin,true,43,37,1757,2026-09-09T13:03:25Z,1754752685490,oi_svdd_as_elm_revision,n64,64,B0,0.0,33.248,32.172,1400.000,1400.000,1400.000,1400.000,1.628943,4.377459,0.467599,2.302999,0.138957,9.359390,101.856430,0.000000,0.671777568,0.642127461,1
pi3bplus_v2_margin_20260909T125804Z,pi3bplus,2,1,margin,true,43,38,1758,2026-09-09T13:03:25Z,1754855268788,oi_svdd_as_elm_revision,n64,64,B0,0.0,32.710,32.172,1400.000,1400.000,1400.000,1400.000,1.831910,4.361833,0.467912,2.287166,0.147603,9.548972,102.019501,0.000000,0.634166097,0.560878985,1
pi3bplus_v2_margin_20260909T125804Z,pi3bplus,2,1,margin,true,43,39,1759,2026-09-09T13:03:25Z,1754958014636,oi_svdd_as_elm_revision,n64,64,B0,0.0,32.710,33.248,1400.000,1400.000,1400.000,1400.000,1.588318,4.402615,0.460048,2.232478,0.139738,9.290485,101.876795,0.000000,0.706752523,0.658118049,1
pi3bplus_v2_margin_20260909T125804Z,pi3bplus,2,1,margin,true,44,0,1760,2026-09-09T13:03:26Z,1755567429272,oi_svdd_as_elm_revision,n1,1,B0,0.0,32.710,32.172,1400.000,1400.000,1400.000,1400.000,1.759931,0.295414,0.310309,0.691296,0.119686,3.434239,101.897367,0.000000,0.927835941,0.879431342,1
pi3bplus_v2_margin_20260909T125804Z,pi3bplus,2,1,margin,true,44,1,1761,2026-09-09T13:03:26Z,1755669944758,oi_svdd_as_elm_revision,n1,1,B0,0.0,32.172,32.172,1400.000,1400.000,1400.000,1400.000,1.562954,0.290309,0.375466,0.689004,0.124426,3.289344,101.836794,0.000000,0.946353270,0.979026519,1
pi3bplus_v2_margin_20260909T125804Z,pi3bplus,2,1,margin,true,44,2,1762,2026-09-09T13:03:26Z,1755772493889,oi_svdd_as_elm_revision,n1,1,B0,0.0,32.710,32.710,1400.000,1400.000,1400.000,1400.000,1.606130,0.290674,0.316247,0.682649,0.118905,3.268146,101.828826,0.000000,0.806780525,0.240501561,1
pi3bplus_v2_margin_20260909T125804Z,pi3bplus,2,1,margin,true,44,3,1763,2026-09-09T13:03:26Z,1755874942240,oi_svdd_as_elm_revision,n1,1,B0,0.0,32.172,32.172,1400.000,1400.000,1400.000,1400.000,1.794567,0.305153,0.316351,0.688639,0.119113,3.478769,101.993199,0.000000,0.874532652,0.697530327,1
pi3bplus_v2_margin_20260909T125804Z,pi3bplus,2,1,margin,true,44,4,1764,2026-09-09T13:03:26Z,1755977564392,oi_svdd_as_elm_revision,n1,1,B0,0.0,32.172,32.710,1400.000,1400.000,1400.000,1400.000,1.567694,0.289789,0.308643,0.757441,0.121093,3.302989,101.873721,0.000000,0.724376838,0.306402153,1
pi3bplus_v2_margin_20260909T125804Z,pi3bplus,2,1,margin,true,44,5,1765,2026-09-09T13:03:26Z,1756080144721,oi_svdd_as_elm_revision,n1,1,B0,0.0,32.172,32.710,1400.000,1400.000,1400.000,1400.000,1.621547,0.288070,0.308226,0.690462,0.118853,3.286791,101.839763,0.000000,0.992885695,0.980095847,1
pi3bplus_v2_margin_20260909T125804Z,pi3bplus,2,1,margin,true,44,6,1766,2026-09-09T13:03:26Z,1756182646248,oi_svdd_as_elm_revision,n1,1,B0,0.0,33.248,32.172,1400.000,1400.000,1400.000,1400.000,1.695140,0.289789,0.319268,0.690722,0.120572,3.372937,101.930543,0.000000,0.979129340,0.964528135,1
pi3bplus_v2_margin_20260909T125804Z,pi3bplus,2,1,margin,true,44,7,1767,2026-09-09T13:03:27Z,1756285197567,oi_svdd_as_elm_revision,n1,1,B0,0.0,32.710,32.710,1400.000,1400.000,1400.000,1400.000,1.573006,0.291768,0.313799,0.746347,0.125728,3.300854,101.825127,0.000000,0.075277641,0.000928607,1
pi3bplus_v2_margin_20260909T125804Z,pi3bplus,2,1,margin,true,44,8,1768,2026-09-09T13:03:27Z,1756387640501,oi_svdd_as_elm_revision,n1,1,B0,0.0,32.710,32.172,1400.000,1400.000,1400.000,1400.000,1.698057,0.293695,0.314476,0.683691,0.117863,3.356687,101.787888,0.000000,0.946661602,0.966768933,1
pi3bplus_v2_margin_20260909T125804Z,pi3bplus,2,1,margin,true,44,9,1769,2026-09-09T13:03:27Z,1756490048748,oi_svdd_as_elm_revision,n1,1,B0,0.0,32.172,32.710,1400.000,1400.000,1400.000,1400.000,1.562953,0.293070,0.318018,0.709994,0.120572,3.309135,101.825700,0.000000,0.220694207,0.000819814,1
pi3bplus_v2_margin_20260909T125804Z,pi3bplus,2,1,margin,true,44,10,1770,2026-09-09T13:03:27Z,1756592584754,oi_svdd_as_elm_revision,n1,1,B0,0.0,32.172,32.710,1400.000,1400.000,1400.000,1400.000,1.607954,0.285518,0.304736,0.691244,0.118489,3.267364,101.896845,0.000000,0.214520889,0.000112498,1
pi3bplus_v2_margin_20260909T125804Z,pi3bplus,2,1,margin,true,44,11,1771,2026-09-09T13:03:27Z,1756695099510,oi_svdd_as_elm_revision,n1,1,B0,0.0,32.710,32.172,1400.000,1400.000,1400.000,1400.000,1.689931,0.288279,0.310102,0.690931,0.119687,3.355905,101.973928,0.000000,0.927693335,0.969120297,1
pi3bplus_v2_margin_20260909T125804Z,pi3bplus,2,1,margin,true,44,12,1772,2026-09-09T13:03:27Z,1756797690776,oi_svdd_as_elm_revision,n1,1,B0,0.0,32.172,32.172,1400.000,1400.000,1400.000,1400.000,1.563788,0.283122,0.366871,0.697442,0.119009,3.290021,101.848304,0.000000,0.770417315,0.693270845,1
pi3bplus_v2_margin_20260909T125804Z,pi3bplus,2,1,margin,true,44,13,1773,2026-09-09T13:03:27Z,1756900243292,oi_svdd_as_elm_revision,n1,1,B0,0.0,32.710,32.172,1400.000,1400.000,1400.000,1400.000,1.618266,0.291455,0.311247,0.686087,0.119686,3.285021,101.897054,0.000000,0.874335987,0.392614115,1
pi3bplus_v2_margin_20260909T125804Z,pi3bplus,2,1,margin,true,44,14,1774,2026-09-09T13:03:27Z,1757002761642,oi_svdd_as_elm_revision,n1,1,B0,0.0,32.172,32.172,1400.000,1400.000,1400.000,1400.000,1.807692,0.309789,0.313539,0.687077,0.120363,3.491113,102.002469,0.000000,0.927693335,0.966720534,1
pi3bplus_v2_margin_20260909T125804Z,pi3bplus,2,1,margin,true,44,15,1775,2026-09-09T13:03:27Z,1757105385460,oi_svdd_as_elm_revision,n1,1,B0,0.0,32.710,32.172,1400.000,1400.000,1400.000,1400.000,1.561704,0.291456,0.317861,0.754264,0.120415,3.298250,101.814919,0.000000,0.874576208,0.502475389,1
pi3bplus_v2_margin_20260909T125804Z,pi3bplus,2,1,margin,true,44,16,1776,2026-09-09T13:03:27Z,1757207825633,oi_svdd_as_elm_revision,n1,1,B0,0.0,32.710,32.710,1400.000,1400.000,1400.000,1400.000,1.756754,0.303018,0.315050,0.682390,0.119373,3.439499,101.869398,0.000000,0.019219286,0.000453015,1
pi3bplus_v2_margin_20260909T125804Z,pi3bplus,2,1,margin,true,44,17,1777,2026-09-09T13:03:28Z,1757310306692,oi_svdd_as_elm_revision,n1,1,B0,0.0,32.710,32.172,1400.000,1400.000,1400.000,1400.000,1.566704,0.348643,0.313279,0.676972,0.118488,3.279864,101.910803,0.000000,0.229970518,0.000384035,1
pi3bplus_v2_margin_20260909T125804Z,pi3bplus,2,1,margin,true,44,18,1778,2026-09-09T13:03:28Z,1757412840145,oi_svdd_as_elm_revision,n1,1,B0,0.0,32.172,32.710,1400.000,1400.000,1400.000,1400.000,1.580349,0.291143,0.316247,0.687338,0.180520,3.303719,101.716951,0.000000,0.633912371,0.972280824,1
pi3bplus_v2_margin_20260909T125804Z,pi3bplus,2,1,margin,true,44,19,1779,2026-09-09T13:03:28Z,1757515178184,oi_svdd_as_elm_revision,n1,1,B0,0.0,32.172,32.172,1400.000,1400.000,1400.000,1400.000,1.695505,0.298799,0.314372,0.684941,0.118228,3.361947,101.929241,0.000000,0.000000113,0.001208296,1
pi3bplus_v2_margin_20260909T125804Z,pi3bplus,2,1,margin,true,44,20,1780,2026-09-09T13:03:28Z,1757617763669,oi_svdd_as_elm_revision,n1,1,B0,0.0,32.710,32.710,1400.000,1400.000,1400.000,1400.000,1.587693,0.293539,0.372445,0.686504,0.119009,3.309031,101.847470,0.000000,0.220574340,0.001038496,1
pi3bplus_v2_margin_20260909T125804Z,pi3bplus,2,1,margin,true,44,21,1781,2026-09-09T13:03:28Z,1757720315612,oi_svdd_as_elm_revision,n1,1,B0,0.0,32.710,32.172,1400.000,1400.000,1400.000,1400.000,1.598214,0.293174,0.309320,0.683326,0.120103,3.261583,101.827314,0.000000,0.999986901,0.965800777,1
pi3bplus_v2_margin_20260909T125804Z,pi3bplus,2,1,margin,true,44,22,1782,2026-09-09T13:03:28Z,1757822758493,oi_svdd_as_elm_revision,n1,1,B0,0.0,32.710,32.710,1400.000,1400.000,1400.000,1400.000,1.792796,0.302602,0.314216,0.685774,0.117395,3.464082,101.914501,0.000000,0.874096668,0.669833530,1
pi3bplus_v2_margin_20260909T125804Z,pi3bplus,2,1,margin,true,44,23,1783,2026-09-09T13:03:28Z,1757925290280,oi_svdd_as_elm_revision,n1,1,B0,0.0,32.710,32.172,1400.000,1400.000,1400.000,1400.000,1.575974,0.290830,0.313122,0.746555,0.121926,3.303250,101.898824,0.000000,0.000000000,0.000681708,1
pi3bplus_v2_margin_20260909T125804Z,pi3bplus,2,1,margin,true,44,24,1784,2026-09-09T13:03:28Z,1758027807484,oi_svdd_as_elm_revision,n1,1,B0,0.0,32.710,32.710,1400.000,1400.000,1400.000,1400.000,1.692641,0.294268,0.313538,0.678692,0.125103,3.353874,101.890179,0.000000,0.081209139,0.001032269,1
pi3bplus_v2_margin_20260909T125804Z,pi3bplus,2,1,margin,true,44,25,1785,2026-09-09T13:03:28Z,1758130323854,oi_svdd_as_elm_revision,n1,1,B0,0.0,32.172,32.172,1400.000,1400.000,1400.000,1400.000,1.563683,0.354215,0.312028,0.680879,0.119374,3.278355,101.927887,0.000000,0.055360967,0.001797814,1
pi3bplus_v2_margin_20260909T125804Z,pi3bplus,2,1,margin,true,44,26,1786,2026-09-09T13:03:28Z,1758232885537,oi_svdd_as_elm_revision,n1,1,B0,0.0,32.172,32.710,1400.000,1400.000,1400.000,1400.000,1.572381,0.284894,0.309580,0.684785,0.174269,3.280698,101.820752,0.000000,0.873369318,0.568596540,1
pi3bplus_v2_margin_20260909T125804Z,pi3bplus,2,1,margin,true,44,27,1787,2026-09-09T13:03:29Z,1758335318262,oi_svdd_as_elm_revision,n1,1,B0,0.0,32.172,32.172,1400.000,1400.000,1400.000,1400.000,1.688057,0.290778,0.306716,0.690098,0.119947,3.349448,101.918095,0.000000,0.874678605,0.607060423,1
pi3bplus_v2_margin_20260909T125804Z,pi3bplus,2,1,margin,true,44,28,1788,2026-09-09T13:03:29Z,1758437854580,oi_svdd_as_elm_revision,n1,1,B0,0.0,32.710,32.172,1400.000,1400.000,1400.000,1400.000,1.565141,0.295310,0.381090,0.706660,0.125468,3.324448,101.721846,0.000000,0.609583754,0.885662169,1
pi3bplus_v2_margin_20260909T125804Z,pi3bplus,2,1,margin,true,44,29,1789,2026-09-09T13:03:29Z,1758540282357,oi_svdd_as_elm_revision,n1,1,B0,0.0,32.172,32.172,1400.000,1400.000,1400.000,1400.000,1.629932,0.292549,0.315049,0.680045,0.125207,3.304448,101.823564,0.000000,0.229284551,0.000255290,1
pi3bplus_v2_margin_20260909T125804Z,pi3bplus,2,1,margin,true,44,30,1790,2026-09-09T13:03:29Z,1758642717374,oi_svdd_as_elm_revision,n1,1,B0,0.0,32.172,32.172,1400.000,1400.000,1400.000,1400.000,1.659672,0.295726,0.316403,0.682181,0.119218,3.325073,101.927834,0.000000,0.873265876,0.447912070,1
pi3bplus_v2_margin_20260909T125804Z,pi3bplus,2,1,margin,true,44,31,1791,2026-09-09T13:03:29Z,1758745268692,oi_svdd_as_elm_revision,n1,1,B0,0.0,32.172,32.710,1400.000,1400.000,1400.000,1400.000,1.564412,0.285622,0.310830,0.759264,0.120780,3.300177,101.825439,0.000000,0.873474219,0.664116416,1
pi3bplus_v2_margin_20260909T125804Z,pi3bplus,2,1,margin,true,44,32,1792,2026-09-09T13:03:29Z,1758847708500,oi_svdd_as_elm_revision,n1,1,B0,0.0,32.172,32.172,1400.000,1400.000,1400.000,1400.000,1.824462,0.298799,0.313695,0.686608,0.118905,3.492831,101.943771,0.000000,0.874199417,0.720511850,1
pi3bplus_v2_margin_20260909T125804Z,pi3bplus,2,1,margin,true,44,33,1793,2026-09-09T13:03:29Z,1758950269661,oi_svdd_as_elm_revision,n1,1,B0,0.0,32.172,32.172,1400.000,1400.000,1400.000,1400.000,1.568318,0.359319,0.313747,0.681608,0.125468,3.299240,101.927574,0.000000,0.644161040,0.832133955,1
pi3bplus_v2_margin_20260909T125804Z,pi3bplus,2,1,margin,true,44,34,1794,2026-09-09T13:03:29Z,1759052879208,oi_svdd_as_elm_revision,n1,1,B0,0.0,32.172,32.710,1400.000,1400.000,1400.000,1400.000,1.602068,0.291143,0.319111,0.679994,0.127447,3.326478,101.844137,0.000000,0.926186671,0.966174600,1
pi3bplus_v2_margin_20260909T125804Z,pi3bplus,2,1,margin,true,44,35,1795,2026-09-09T13:03:29Z,1759155350891,oi_svdd_as_elm_revision,n1,1,B0,0.0,32.172,32.172,1400.000,1400.000,1400.000,1400.000,1.683369,0.296507,0.314529,0.690150,0.120260,3.353145,101.910646,0.000000,0.874268062,0.714232051,1
pi3bplus_v2_margin_20260909T125804Z,pi3bplus,2,1,margin,true,44,36,1796,2026-09-09T13:03:30Z,1759257879500,oi_svdd_as_elm_revision,n1,1,B0,0.0,32.710,32.172,1400.000,1400.000,1400.000,1400.000,1.569673,0.286039,0.369215,0.696087,0.120832,3.293302,101.833824,0.000000,0.061186301,0.000672716,1
pi3bplus_v2_margin_20260909T125804Z,pi3bplus,2,1,margin,true,44,37,1797,2026-09-09T13:03:30Z,1759360448005,oi_svdd_as_elm_revision,n1,1,B0,0.0,32.172,32.172,1400.000,1400.000,1400.000,1400.000,1.677432,0.290987,0.309789,0.703743,0.120312,3.370749,101.870334,0.000000,0.958316710,0.970682722,1
pi3bplus_v2_margin_20260909T125804Z,pi3bplus,2,1,margin,true,44,38,1798,2026-09-09T13:03:30Z,1759462950937,oi_svdd_as_elm_revision,n1,1,B0,0.0,32.172,32.172,1400.000,1400.000,1400.000,1400.000,1.692640,0.293278,0.315570,0.683952,0.125311,3.362625,101.845491,0.000000,0.946712828,0.969341307,1
pi3bplus_v2_margin_20260909T125804Z,pi3bplus,2,1,margin,true,44,39,1799,2026-09-09T13:03:30Z,1759565417776,oi_svdd_as_elm_revision,n1,1,B0,0.0,32.172,32.172,1400.000,1400.000,1400.000,1400.000,1.579985,0.294164,0.313122,0.747389,0.126717,3.313511,101.827158,0.000000,0.129918288,0.000763847,1
pi3bplus_v2_margin_20260909T125804Z,pi3bplus,2,1,margin,true,45,0,1800,2026-09-09T13:03:30Z,1760179201112,tinydl_revision,n1024,1024,B2,1.0,32.172,32.172,1400.000,1400.000,1400.000,1400.000,2.162376,73.989818,2.275916,5.176565,0.176665,87.587709,102.282778,0.000000,0.706479013,0.668594113,1
pi3bplus_v2_margin_20260909T125804Z,pi3bplus,2,1,margin,true,45,1,1801,2026-09-09T13:03:31Z,1760283567099,tinydl_revision,n1024,1024,B2,1.0,32.172,33.248,1400.000,1400.000,1400.000,1400.000,2.119719,68.691691,1.872951,4.640893,0.237602,80.670015,101.902105,0.000000,0.679176605,0.640701805,1
pi3bplus_v2_margin_20260909T125804Z,pi3bplus,2,1,margin,true,45,2,1802,2026-09-09T13:03:31Z,1760387399758,tinydl_revision,n1024,1024,B2,1.0,32.710,33.248,1400.000,1400.000,1400.000,1400.000,1.782899,67.007540,1.891389,4.627300,0.163853,78.512431,101.724085,0.000000,0.677746158,0.645715061,1
pi3bplus_v2_margin_20260909T125804Z,pi3bplus,2,1,margin,true,45,3,1803,2026-09-09T13:03:31Z,1760491105387,tinydl_revision,n1024,1024,B2,1.0,32.710,32.710,1400.000,1400.000,1400.000,1400.000,1.806962,66.979988,1.916127,4.635633,0.160207,78.571858,101.943406,0.000000,0.680249802,0.661019306,1
pi3bplus_v2_margin_20260909T125804Z,pi3bplus,2,1,margin,true,45,4,1804,2026-09-09T13:03:31Z,1760595033254,tinydl_revision,n1024,1024,B2,1.0,33.786,33.786,1400.000,1400.000,1400.000,1400.000,1.771077,66.919364,1.929670,4.620320,0.159738,78.474618,101.923979,0.000000,0.676572385,0.648630159,1
pi3bplus_v2_margin_20260909T125804Z,pi3bplus,2,1,margin,true,45,5,1805,2026-09-09T13:03:31Z,1760698883360,tinydl_revision,n1024,1024,B2,1.0,33.248,33.786,1400.000,1400.000,1400.000,1400.000,1.782275,66.943947,1.922013,4.646726,0.160675,78.555920,101.915959,0.000000,0.688880407,0.645637738,1
pi3bplus_v2_margin_20260909T125804Z,pi3bplus,2,1,margin,true,45,6,1806,2026-09-09T13:03:31Z,1760802731227,tinydl_revision,n1024,1024,B2,1.0,34.324,33.248,1400.000,1400.000,1400.000,1400.000,1.772951,66.990874,1.916075,4.632768,0.170154,78.586858,101.936375,0.000000,0.696970074,0.655397880,1
pi3bplus_v2_margin_20260909T125804Z,pi3bplus,2,1,margin,true,45,7,1807,2026-09-09T13:03:31Z,1760906593417,tinydl_revision,n1024,1024,B2,1.0,33.248,33.248,1400.000,1400.000,1400.000,1400.000,1.765920,67.062853,1.912690,4.638133,0.162602,78.663107,101.907730,0.000000,0.682710051,0.650007372,1
pi3bplus_v2_margin_20260909T125804Z,pi3bplus,2,1,margin,true,45,8,1808,2026-09-09T13:03:31Z,1761010483211,tinydl_revision,n1024,1024,B2,1.0,33.786,33.248,1400.000,1400.000,1400.000,1400.000,1.762483,67.051081,1.909148,4.636987,0.164686,78.594514,101.935802,0.000000,0.684625158,0.648522354,1
pi3bplus_v2_margin_20260909T125804Z,pi3bplus,2,1,margin,true,45,9,1809,2026-09-09T13:03:31Z,1761114350662,tinydl_revision,n1024,1024,B2,1.0,34.324,33.786,1400.000,1400.000,1400.000,1400.000,1.762014,67.087123,1.908315,4.641675,0.161352,78.661127,101.914135,0.000000,0.672121966,0.650798573,1
pi3bplus_v2_margin_20260909T125804Z,pi3bplus,2,1,margin,true,45,10,1810,2026-09-09T13:03:31Z,1761218206081,tinydl_revision,n1024,1024,B2,1.0,33.248,33.786,1400.000,1400.000,1400.000,1400.000,1.709359,66.871396,1.885347,4.685685,0.162863,78.421286,101.927677,0.000000,0.686017160,0.658680120,1
pi3bplus_v2_margin_20260909T125804Z,pi3bplus,2,1,margin,true,45,11,1811,2026-09-09T13:03:32Z,1761322097437,tinydl_revision,n1024,1024,B2,1.0,34.324,34.324,1400.000,1400.000,1400.000,1400.000,1.695818,66.859365,1.843264,4.672873,0.162446,78.367953,101.865177,0.000000,0.689806461,0.646418484,1
pi3bplus_v2_margin_20260909T125804Z,pi3bplus,2,1,margin,true,45,12,1812,2026-09-09T13:03:32Z,1761425975981,tinydl_revision,n1024,1024,B2,1.0,34.324,33.786,1400.000,1400.000,1400.000,1400.000,1.700141,68.578671,2.000034,4.645529,0.163800,80.457985,101.861062,0.000000,0.690381974,0.652633075,1
pi3bplus_v2_margin_20260909T125804Z,pi3bplus,2,1,margin,true,45,13,1813,2026-09-09T13:03:32Z,1761529847076,tinydl_revision,n1024,1024,B2,1.0,33.786,33.786,1400.000,1400.000,1400.000,1400.000,1.720661,67.127695,1.865919,4.677091,0.163748,78.672586,101.873980,0.000000,0.686990637,0.648886574,1
pi3bplus_v2_margin_20260909T125804Z,pi3bplus,2,1,margin,true,45,14,1814,2026-09-09T13:03:32Z,1761633701193,tinydl_revision,n1024,1024,B2,1.0,33.786,34.324,1400.000,1400.000,1400.000,1400.000,1.699984,66.966603,1.848889,4.616622,0.212394,78.415921,101.836220,0.000000,0.683727232,0.654116370,1
pi3bplus_v2_margin_20260909T125804Z,pi3bplus,2,1,margin,true,45,15,1815,2026-09-09T13:03:32Z,1761737527289,tinydl_revision,n1024,1024,B2,1.0,33.786,34.324,1400.000,1400.000,1400.000,1400.000,1.699411,67.080300,1.851493,4.611675,0.214997,78.573680,101.862626,0.000000,0.670145623,0.649695253,1
pi3bplus_v2_margin_20260909T125804Z,pi3bplus,2,1,margin,true,45,16,1816,2026-09-09T13:03:32Z,1761841446093,tinydl_revision,n1024,1024,B2,1.0,34.324,34.324,1400.000,1400.000,1400.000,1400.000,1.728004,67.175194,1.891597,4.597820,0.215050,78.712481,102.668451,0.000000,0.684140430,0.650340357,1
pi3bplus_v2_margin_20260909T125804Z,pi3bplus,2,1,margin,true,45,17,1817,2026-09-09T13:03:32Z,1761946179733,tinydl_revision,n1024,1024,B2,1.0,34.324,34.324,1400.000,1400.000,1400.000,1400.000,1.740087,66.940249,1.859149,4.695320,0.162499,78.590503,101.900021,0.000000,0.686926065,0.641748724,1
pi3bplus_v2_margin_20260909T125804Z,pi3bplus,2,1,margin,true,45,18,1818,2026-09-09T13:03:32Z,1762050002392,tinydl_revision,n1024,1024,B2,1.0,34.324,34.324,1400.000,1400.000,1400.000,1400.000,1.699411,67.032227,1.874045,4.678080,0.163124,78.525659,101.855437,0.000000,0.695259813,0.666169298,1
pi3bplus_v2_margin_20260909T125804Z,pi3bplus,2,1,margin,true,45,19,1819,2026-09-09T13:03:32Z,1762153847238,tinydl_revision,n1024,1024,B2,1.0,34.324,34.862,1400.000,1400.000,1400.000,1400.000,1.703474,67.264725,1.859253,4.686518,0.164790,78.793521,101.859292,0.000000,0.680818982,0.636515149,1
pi3bplus_v2_margin_20260909T125804Z,pi3bplus,2,1,margin,true,45,20,1820,2026-09-09T13:03:33Z,1762257739635,tinydl_revision,n1024,1024,B2,1.0,34.324,34.324,1400.000,1400.000,1400.000,1400.000,1.708161,67.092175,1.845243,4.616258,0.164634,78.569618,101.856844,0.000000,0.691474899,0.660652415,1
pi3bplus_v2_margin_20260909T125804Z,pi3bplus,2,1,margin,true,45,21,1821,2026-09-09T13:03:33Z,1762361579064,tinydl_revision,n1024,1024,B2,1.0,34.324,34.324,1400.000,1400.000,1400.000,1400.000,1.700765,67.075092,1.859461,4.647560,0.216665,78.609253,101.865646,0.000000,0.675278977,0.659885143,1
pi3bplus_v2_margin_20260909T125804Z,pi3bplus,2,1,margin,true,45,22,1822,2026-09-09T13:03:33Z,1762465470160,tinydl_revision,n1024,1024,B2,1.0,34.862,34.324,1400.000,1400.000,1400.000,1400.000,1.718473,68.684712,1.973367,4.641258,0.169634,80.656524,101.856062,0.000000,0.677926147,0.644792343,1
pi3bplus_v2_margin_20260909T125804Z,pi3bplus,2,1,margin,true,45,23,1823,2026-09-09T13:03:33Z,1762569313339,tinydl_revision,n1024,1024,B2,1.0,34.324,34.324,1400.000,1400.000,1400.000,1400.000,1.713317,67.179569,1.850243,4.628185,0.163071,78.640293,101.868927,0.000000,0.690333096,0.648033425,1
pi3bplus_v2_margin_20260909T125804Z,pi3bplus,2,1,margin,true,45,24,1824,2026-09-09T13:03:33Z,1762673166726,tinydl_revision,n1024,1024,B2,1.0,34.324,34.324,1400.000,1400.000,1400.000,1400.000,1.709410,67.256079,1.873315,4.613446,0.163905,78.705762,101.869656,0.000000,0.695228756,0.659557239,1
pi3bplus_v2_margin_20260909T125804Z,pi3bplus,2,1,margin,true,45,25,1825,2026-09-09T13:03:33Z,1762777016259,tinydl_revision,n1024,1024,B2,1.0,34.862,35.400,1400.000,1400.000,1400.000,1400.000,1.703629,67.306443,1.869201,4.656050,0.169790,78.805657,101.868823,0.000000,0.677231218,0.634674877,1
pi3bplus_v2_margin_20260909T125804Z,pi3bplus,2,1,margin,true,45,26,1826,2026-09-09T13:03:33Z,1762880862719,tinydl_revision,n1024,1024,B2,1.0,34.862,34.324,1400.000,1400.000,1400.000,1400.000,1.712692,67.774043,1.851076,4.613290,0.235779,79.269298,101.859657,0.000000,0.689026938,0.664542358,1
pi3bplus_v2_margin_20260909T125804Z,pi3bplus,2,1,margin,true,45,27,1827,2026-09-09T13:03:33Z,1762984704961,tinydl_revision,n1024,1024,B2,1.0,34.862,34.862,1400.000,1400.000,1400.000,1400.000,1.709046,67.879198,1.858889,4.626831,0.206717,79.379974,101.853771,0.000000,0.672017440,0.651203920,1
pi3bplus_v2_margin_20260909T125804Z,pi3bplus,2,1,margin,true,45,28,1828,2026-09-09T13:03:33Z,1763088602098,tinydl_revision,n1024,1024,B2,1.0,34.862,34.324,1400.000,1400.000,1400.000,1400.000,1.721546,67.061602,1.864461,4.604018,0.161821,78.518888,101.844239,0.000000,0.682728467,0.648608297,1
pi3bplus_v2_margin_20260909T125804Z,pi3bplus,2,1,margin,true,45,29,1829,2026-09-09T13:03:33Z,1763192475172,tinydl_revision,n1024,1024,B2,1.0,35.400,34.324,1400.000,1400.000,1400.000,1400.000,1.703942,67.243996,1.846076,4.619800,0.169270,78.704512,101.873615,0.000000,0.698725631,0.655130772,1
pi3bplus_v2_margin_20260909T125804Z,pi3bplus,2,1,margin,true,45,30,1830,2026-09-09T13:03:34Z,1763296329445,tinydl_revision,n1024,1024,B2,1.0,34.862,34.324,1400.000,1400.000,1400.000,1400.000,1.703526,67.047643,1.864721,4.603498,0.170051,78.468628,101.858406,0.000000,0.688978412,0.652518547,1
pi3bplus_v2_margin_20260909T125804Z,pi3bplus,2,1,margin,true,45,31,1831,2026-09-09T13:03:34Z,1763400167572,tinydl_revision,n1024,1024,B2,1.0,35.400,34.862,1400.000,1400.000,1400.000,1400.000,1.712953,67.221340,1.875763,4.632352,0.169582,78.709199,101.896218,0.000000,0.675265146,0.640785824,1
pi3bplus_v2_margin_20260909T125804Z,pi3bplus,2,1,margin,true,45,32,1832,2026-09-09T13:03:34Z,1763503991584,tinydl_revision,n1024,1024,B2,1.0,35.400,34.862,1400.000,1400.000,1400.000,1400.000,1.716078,68.725075,1.869201,4.749694,0.160936,80.811991,101.852677,0.000000,0.685077370,0.657701848,1
pi3bplus_v2_margin_20260909T125804Z,pi3bplus,2,1,margin,true,45,33,1833,2026-09-09T13:03:34Z,1763607771221,tinydl_revision,n1024,1024,B2,1.0,34.862,35.400,1400.000,1400.000,1400.000,1400.000,1.789150,67.053685,1.923784,4.632091,0.161770,78.606909,101.908979,0.000000,0.676218497,0.653951269,1
pi3bplus_v2_margin_20260909T125804Z,pi3bplus,2,1,margin,true,45,34,1834,2026-09-09T13:03:34Z,1763711611275,tinydl_revision,n1024,1024,B2,1.0,34.862,34.324,1400.000,1400.000,1400.000,1400.000,1.764202,67.052591,1.938731,4.607456,0.169426,78.575086,101.938614,0.000000,0.686278016,0.647845499,1
pi3bplus_v2_margin_20260909T125804Z,pi3bplus,2,1,margin,true,45,35,1835,2026-09-09T13:03:34Z,1763815482370,tinydl_revision,n1024,1024,B2,1.0,35.400,35.400,1400.000,1400.000,1400.000,1400.000,1.749306,67.177330,1.904565,4.641675,0.161821,78.694616,101.929655,0.000000,0.698393452,0.655359604,1
pi3bplus_v2_margin_20260909T125804Z,pi3bplus,2,1,margin,true,45,36,1836,2026-09-09T13:03:34Z,1763919432735,tinydl_revision,n1024,1024,B2,1.0,34.862,34.862,1400.000,1400.000,1400.000,1400.000,1.821129,67.488369,1.931440,4.662977,0.184738,79.157320,101.929656,0.000000,0.687315131,0.649958095,1
pi3bplus_v2_margin_20260909T125804Z,pi3bplus,2,1,margin,true,45,37,1837,2026-09-09T13:03:34Z,1764023342736,tinydl_revision,n1024,1024,B2,1.0,35.400,35.400,1400.000,1400.000,1400.000,1400.000,1.809358,67.354568,1.936492,4.656310,0.169530,78.973832,101.951114,0.000000,0.674573081,0.644789858,1
pi3bplus_v2_margin_20260909T125804Z,pi3bplus,2,1,margin,true,45,38,1838,2026-09-09T13:03:34Z,1764127225290,tinydl_revision,n1024,1024,B2,1.0,34.862,35.400,1400.000,1400.000,1400.000,1400.000,1.764046,67.398995,2.027845,4.760840,0.163384,79.175080,101.953665,0.000000,0.686274527,0.658048390,1
pi3bplus_v2_margin_20260909T125804Z,pi3bplus,2,1,margin,true,45,39,1839,2026-09-09T13:03:34Z,1764231112583,tinydl_revision,n1024,1024,B2,1.0,34.862,35.400,1400.000,1400.000,1400.000,1400.000,1.762171,67.119101,1.922847,4.854172,0.161353,78.993310,101.946113,0.000000,0.677630392,0.653635949,1
pi3bplus_v2_margin_20260909T125804Z,pi3bplus,2,1,margin,true,46,0,1840,2026-09-09T13:03:35Z,1764997065866,fisvdd_revision,n256,256,B2,1.0,34.862,34.862,1400.000,1400.000,1400.000,1400.000,2.128678,17.948891,0.872179,3.314604,0.148019,25.498507,102.207881,0.000000,0.669367229,0.499458837,1
pi3bplus_v2_margin_20260909T125804Z,pi3bplus,2,1,margin,true,46,1,1841,2026-09-09T13:03:35Z,1765100442174,fisvdd_revision,n256,256,B2,1.0,34.862,34.862,1400.000,1400.000,1400.000,1400.000,1.962221,17.843580,0.954990,3.540956,0.170155,25.612047,101.856061,0.000000,0.688338354,0.499019287,1
pi3bplus_v2_margin_20260909T125804Z,pi3bplus,2,1,margin,true,46,2,1842,2026-09-09T13:03:35Z,1765203286872,fisvdd_revision,n256,256,B2,1.0,34.862,34.324,1400.000,1400.000,1400.000,1400.000,1.716807,17.140045,0.826867,2.945805,0.151092,23.783159,101.934967,0.000000,0.691428995,0.501012229,1
pi3bplus_v2_margin_20260909T125804Z,pi3bplus,2,1,margin,true,46,3,1843,2026-09-09T13:03:36Z,1765306214798,fisvdd_revision,n256,256,B2,1.0,34.324,34.862,1400.000,1400.000,1400.000,1400.000,1.608006,17.002911,0.833326,2.952889,0.157030,23.556391,101.905645,0.000000,0.675820739,0.499343502,1
pi3bplus_v2_margin_20260909T125804Z,pi3bplus,2,1,margin,true,46,4,1844,2026-09-09T13:03:36Z,1765409126162,fisvdd_revision,n256,256,B2,1.0,34.862,34.862,1400.000,1400.000,1400.000,1400.000,1.627329,16.879371,0.814523,2.931639,0.149270,23.467485,101.828093,0.000000,0.707587169,0.499178300,1
pi3bplus_v2_margin_20260909T125804Z,pi3bplus,2,1,margin,true,46,5,1845,2026-09-09T13:03:36Z,1765511960235,fisvdd_revision,n256,256,B2,1.0,34.324,34.862,1400.000,1400.000,1400.000,1400.000,1.649463,16.938536,0.877179,2.901535,0.156665,23.575193,101.741011,0.000000,0.676069260,0.499028583,1
pi3bplus_v2_margin_20260909T125804Z,pi3bplus,2,1,margin,true,46,6,1846,2026-09-09T13:03:36Z,1765614691080,fisvdd_revision,n256,256,B2,1.0,34.862,34.862,1400.000,1400.000,1400.000,1400.000,1.726285,17.044056,0.819159,2.950754,0.149009,23.683264,101.950488,0.000000,0.728370665,0.500687441,1
pi3bplus_v2_margin_20260909T125804Z,pi3bplus,2,1,margin,true,46,7,1847,2026-09-09T13:03:36Z,1765717626715,fisvdd_revision,n256,256,B2,1.0,34.324,34.862,1400.000,1400.000,1400.000,1400.000,1.607536,17.095098,0.826659,3.097835,0.179270,23.926803,101.864499,0.000000,0.716989130,0.499263604,1
pi3bplus_v2_margin_20260909T125804Z,pi3bplus,2,1,margin,true,46,8,1848,2026-09-09T13:03:36Z,1765820598391,fisvdd_revision,n256,256,B2,1.0,34.862,34.324,1400.000,1400.000,1400.000,1400.000,1.659620,16.923797,0.835774,2.907680,0.230831,23.600765,101.846895,0.000000,0.641034960,0.500574281,1
pi3bplus_v2_margin_20260909T125804Z,pi3bplus,2,1,margin,true,46,9,1849,2026-09-09T13:03:36Z,1765923429547,fisvdd_revision,n256,256,B2,1.0,34.862,35.400,1400.000,1400.000,1400.000,1400.000,1.729514,20.666782,0.829471,2.957524,0.150415,27.304636,101.911999,0.000000,0.687637356,0.500075649,1
pi3bplus_v2_margin_20260909T125804Z,pi3bplus,2,1,margin,true,46,10,1850,2026-09-09T13:03:36Z,1766026367577,fisvdd_revision,n256,256,B2,1.0,34.862,34.324,1400.000,1400.000,1400.000,1400.000,1.675140,16.938172,0.825149,2.955857,0.147550,23.533839,101.944394,0.000000,0.710396687,0.499277724,1
pi3bplus_v2_margin_20260909T125804Z,pi3bplus,2,1,margin,true,46,11,1851,2026-09-09T13:03:36Z,1766129299827,fisvdd_revision,n256,256,B2,1.0,34.862,34.862,1400.000,1400.000,1400.000,1400.000,1.615089,16.997598,0.822336,2.942680,0.154634,23.577171,101.864290,0.000000,0.670509812,0.499905858,1
pi3bplus_v2_margin_20260909T125804Z,pi3bplus,2,1,margin,true,46,12,1852,2026-09-09T13:03:36Z,1766232227128,fisvdd_revision,n256,256,B2,1.0,34.862,34.324,1400.000,1400.000,1400.000,1400.000,1.633579,16.935776,0.883012,2.925180,0.156352,23.519932,101.876374,0.000000,0.668017979,0.499413669,1
pi3bplus_v2_margin_20260909T125804Z,pi3bplus,2,1,margin,true,46,13,1853,2026-09-09T13:03:37Z,1766335106929,fisvdd_revision,n256,256,B2,1.0,34.862,34.862,1400.000,1400.000,1400.000,1400.000,1.714150,16.937183,0.817752,2.983044,0.149061,23.610505,101.944342,0.000000,0.677545433,0.501020934,1
pi3bplus_v2_margin_20260909T125804Z,pi3bplus,2,1,margin,true,46,14,1854,2026-09-09T13:03:37Z,1766438036158,fisvdd_revision,n256,256,B2,1.0,35.400,35.400,1400.000,1400.000,1400.000,1400.000,1.614620,16.928797,0.825617,2.972732,0.157550,23.493057,101.858821,0.000000,0.677250269,0.500228723,1
pi3bplus_v2_margin_20260909T125804Z,pi3bplus,2,1,margin,true,46,15,1855,2026-09-09T13:03:37Z,1766540945073,fisvdd_revision,n256,256,B2,1.0,34.862,34.324,1400.000,1400.000,1400.000,1400.000,1.639047,17.187388,0.815513,2.948461,0.150624,23.767586,101.773927,0.000000,0.692931840,0.499738927,1
pi3bplus_v2_margin_20260909T125804Z,pi3bplus,2,1,margin,true,46,16,1856,2026-09-09T13:03:37Z,1766643712532,fisvdd_revision,n256,256,B2,1.0,34.862,34.862,1400.000,1400.000,1400.000,1400.000,1.711338,16.973692,0.874836,2.908775,0.150103,23.601546,101.900019,0.000000,0.692144318,0.500247965,1
pi3bplus_v2_margin_20260909T125804Z,pi3bplus,2,1,margin,true,46,17,1857,2026-09-09T13:03:37Z,1766746599938,fisvdd_revision,n256,256,B2,1.0,34.862,34.324,1400.000,1400.000,1400.000,1400.000,1.660297,16.929058,0.820981,2.941900,0.150520,23.495609,101.926685,0.000000,0.696238689,0.500081229,1
pi3bplus_v2_margin_20260909T125804Z,pi3bplus,2,1,margin,true,46,18,1858,2026-09-09T13:03:37Z,1766849522707,fisvdd_revision,n256,256,B2,1.0,34.862,34.324,1400.000,1400.000,1400.000,1400.000,1.626026,17.040254,0.825252,2.951170,0.147655,23.585297,101.905540,0.000000,0.665139530,0.500751586,1
pi3bplus_v2_margin_20260909T125804Z,pi3bplus,2,1,margin,true,46,19,1859,2026-09-09T13:03:37Z,1766952553237,fisvdd_revision,n256,256,B2,1.0,34.324,34.862,1400.000,1400.000,1400.000,1400.000,1.667953,17.236138,0.816711,2.959346,0.156456,23.898418,101.855488,0.000000,0.659739579,0.499332381,1
pi3bplus_v2_margin_20260909T125804Z,pi3bplus,2,1,margin,true,46,20,1860,2026-09-09T13:03:37Z,1767055410955,fisvdd_revision,n256,256,B2,1.0,34.862,34.862,1400.000,1400.000,1400.000,1400.000,1.709671,16.890517,0.821711,2.948722,0.148853,23.518682,101.913560,0.000000,0.663520057,0.499916635,1
pi3bplus_v2_margin_20260909T125804Z,pi3bplus,2,1,margin,true,46,21,1861,2026-09-09T13:03:37Z,1767158321329,fisvdd_revision,n256,256,B2,1.0,34.324,35.400,1400.000,1400.000,1400.000,1400.000,1.608787,17.044473,0.824419,2.956795,0.148801,23.631389,101.904081,0.000000,0.702777112,0.500380659,1
pi3bplus_v2_margin_20260909T125804Z,pi3bplus,2,1,margin,true,46,22,1862,2026-09-09T13:03:38Z,1767261218526,fisvdd_revision,n256,256,B2,1.0,34.862,34.324,1400.000,1400.000,1400.000,1400.000,1.622016,16.868589,0.836398,2.936638,0.151717,23.462641,101.863196,0.000000,0.677484780,0.501853614,1
pi3bplus_v2_margin_20260909T125804Z,pi3bplus,2,1,margin,true,46,23,1863,2026-09-09T13:03:38Z,1767364135618,fisvdd_revision,n256,256,B2,1.0,34.862,34.862,1400.000,1400.000,1400.000,1400.000,1.644203,16.841662,0.860721,2.892941,0.153280,23.396392,101.861217,0.000000,0.670865080,0.499128636,1
pi3bplus_v2_margin_20260909T125804Z,pi3bplus,2,1,margin,true,46,24,1864,2026-09-09T13:03:38Z,1767467025576,fisvdd_revision,n256,256,B2,1.0,34.862,34.324,1400.000,1400.000,1400.000,1400.000,1.725088,16.889839,0.838586,2.936118,0.151040,23.545557,101.932206,0.000000,0.685874649,0.498202070,1
pi3bplus_v2_margin_20260909T125804Z,pi3bplus,2,1,margin,true,46,25,1865,2026-09-09T13:03:38Z,1767569940376,fisvdd_revision,n256,256,B2,1.0,34.862,34.324,1400.000,1400.000,1400.000,1400.000,1.616339,16.883902,0.823846,3.478196,0.173696,23.982064,101.781374,0.000000,0.687002366,0.500710910,1
pi3bplus_v2_margin_20260909T125804Z,pi3bplus,2,1,margin,true,46,26,1866,2026-09-09T13:03:38Z,1767672786324,fisvdd_revision,n256,256,B2,1.0,34.324,34.324,1400.000,1400.000,1400.000,1400.000,1.624880,16.897964,0.826607,2.883566,0.153176,23.490088,101.846113,0.000000,0.693056369,0.499532425,1
pi3bplus_v2_margin_20260909T125804Z,pi3bplus,2,1,margin,true,46,27,1867,2026-09-09T13:03:38Z,1767775621125,fisvdd_revision,n256,256,B2,1.0,34.862,35.400,1400.000,1400.000,1400.000,1400.000,1.711390,16.884474,0.816867,2.964294,0.157395,23.532224,101.904811,0.000000,0.681320560,0.498778988,1
pi3bplus_v2_margin_20260909T125804Z,pi3bplus,2,1,margin,true,46,28,1868,2026-09-09T13:03:38Z,1767878514312,fisvdd_revision,n256,256,B2,1.0,35.400,34.862,1400.000,1400.000,1400.000,1400.000,1.723369,16.949578,0.834315,2.966118,0.149166,23.629097,101.963091,0.000000,0.697854818,0.499427257,1
pi3bplus_v2_margin_20260909T125804Z,pi3bplus,2,1,margin,true,46,29,1869,2026-09-09T13:03:38Z,1767981481404,fisvdd_revision,n256,256,B2,1.0,34.862,34.862,1400.000,1400.000,1400.000,1400.000,1.613682,16.917131,0.820565,2.987211,0.146873,23.480505,101.847519,0.000000,0.703879788,0.500413602,1
pi3bplus_v2_margin_20260909T125804Z,pi3bplus,2,1,margin,true,46,30,1870,2026-09-09T13:03:38Z,1768084383079,fisvdd_revision,n256,256,B2,1.0,35.400,34.862,1400.000,1400.000,1400.000,1400.000,1.641755,16.836871,0.878741,2.896327,0.150050,23.415038,101.848197,0.000000,0.727743324,0.499149789,1
pi3bplus_v2_margin_20260909T125804Z,pi3bplus,2,1,margin,true,46,31,1871,2026-09-09T13:03:38Z,1768187215954,fisvdd_revision,n256,256,B2,1.0,34.862,34.324,1400.000,1400.000,1400.000,1400.000,1.806962,16.864058,0.827023,2.941430,0.149530,23.583577,101.925800,0.000000,0.665179477,0.499082802,1
pi3bplus_v2_margin_20260909T125804Z,pi3bplus,2,1,margin,true,46,32,1872,2026-09-09T13:03:39Z,1768290128619,fisvdd_revision,n256,256,B2,1.0,35.400,34.862,1400.000,1400.000,1400.000,1400.000,1.613318,16.942235,0.825721,2.945545,0.148436,23.466443,101.866009,0.000000,0.675306900,0.501762246,1
pi3bplus_v2_margin_20260909T125804Z,pi3bplus,2,1,margin,true,46,33,1873,2026-09-09T13:03:39Z,1768393040295,fisvdd_revision,n256,256,B2,1.0,34.862,35.400,1400.000,1400.000,1400.000,1400.000,1.638370,16.866871,0.816034,2.943930,0.157290,23.467328,101.856893,0.000000,0.701983683,0.500018720,1
pi3bplus_v2_margin_20260909T125804Z,pi3bplus,2,1,margin,true,46,34,1874,2026-09-09T13:03:39Z,1768495888012,fisvdd_revision,n256,256,B2,1.0,34.862,34.862,1400.000,1400.000,1400.000,1400.000,1.703370,16.852860,0.880512,2.885389,0.156561,23.475402,103.724064,0.000000,0.691208756,0.498618611,1
pi3bplus_v2_margin_20260909T125804Z,pi3bplus,2,1,margin,true,46,35,1875,2026-09-09T13:03:39Z,1768600695399,fisvdd_revision,n256,256,B2,1.0,34.862,34.862,1400.000,1400.000,1400.000,1400.000,1.663109,17.015723,0.817232,2.943253,0.150311,23.725868,101.862154,0.000000,0.660896863,0.500380566,1
pi3bplus_v2_margin_20260909T125804Z,pi3bplus,2,1,margin,true,46,36,1876,2026-09-09T13:03:39Z,1768703557960,fisvdd_revision,n256,256,B2,1.0,34.862,34.862,1400.000,1400.000,1400.000,1400.000,1.687901,16.880620,0.873221,2.916222,0.151144,23.714462,101.906269,0.000000,0.684560932,0.499803119,1
pi3bplus_v2_margin_20260909T125804Z,pi3bplus,2,1,margin,true,46,37,1877,2026-09-09T13:03:39Z,1768806444740,fisvdd_revision,n256,256,B2,1.0,34.862,34.862,1400.000,1400.000,1400.000,1400.000,1.644307,16.861506,0.835356,2.952211,0.149061,23.435558,101.925748,0.000000,0.654220212,0.500424252,1
pi3bplus_v2_margin_20260909T125804Z,pi3bplus,2,1,margin,true,46,38,1878,2026-09-09T13:03:39Z,1768909397092,fisvdd_revision,n256,256,B2,1.0,34.324,34.862,1400.000,1400.000,1400.000,1400.000,1.638734,16.819527,0.816398,2.932108,0.149217,23.411392,101.943768,0.000000,0.700962732,0.499800992,1
pi3bplus_v2_margin_20260909T125804Z,pi3bplus,2,1,margin,true,46,39,1879,2026-09-09T13:03:39Z,1769013079802,fisvdd_revision,n256,256,B2,1.0,34.862,34.324,1400.000,1400.000,1400.000,1400.000,2.016856,17.633791,0.828430,2.962367,0.150416,24.616380,101.852832,0.000000,0.705609823,0.500939466,1
pi3bplus_v2_margin_20260909T125804Z,pi3bplus,2,1,margin,true,47,0,1880,2026-09-09T13:03:40Z,1769813555974,lucid_revision,n512,512,B1,0.5,34.862,34.862,1400.000,1400.000,1400.000,1400.000,2.023418,35.171905,1.280352,316.644637,0.140884,357.156022,358.979858,257.156022,0.676417022,0.595649854,1
pi3bplus_v2_margin_20260909T125804Z,pi3bplus,2,1,margin,true,47,1,1881,2026-09-09T13:03:40Z,1770173870143,lucid_revision,n512,512,B1,0.5,34.862,34.862,1400.000,1400.000,1400.000,1400.000,1.653266,33.690096,1.216395,284.896293,0.140676,323.241553,324.986744,223.241553,0.666425412,0.583750314,1
pi3bplus_v2_margin_20260909T125804Z,pi3bplus,2,1,margin,true,47,2,1882,2026-09-09T13:03:41Z,1770500205572,lucid_revision,n512,512,B1,0.5,34.862,35.400,1400.000,1400.000,1400.000,1400.000,1.671182,33.559628,1.200926,285.470350,0.200779,323.863995,325.601635,223.863995,0.679616671,0.594944384,1
pi3bplus_v2_margin_20260909T125804Z,pi3bplus,2,1,margin,true,47,3,1883,2026-09-09T13:03:41Z,1770827121621,lucid_revision,n512,512,B1,0.5,34.862,35.400,1400.000,1400.000,1400.000,1400.000,1.737796,33.617231,1.195301,284.536713,0.140312,322.986295,324.729872,222.986295,0.691626108,0.603098587,1
pi3bplus_v2_margin_20260909T125804Z,pi3bplus,2,1,margin,true,47,4,1884,2026-09-09T13:03:41Z,1771153244709,lucid_revision,n512,512,B1,0.5,35.400,35.400,1400.000,1400.000,1400.000,1400.000,1.652953,33.535565,1.217905,285.293841,0.146144,323.510404,325.258981,223.510404,0.685911654,0.598252667,1
pi3bplus_v2_margin_20260909T125804Z,pi3bplus,2,1,margin,true,47,5,1885,2026-09-09T13:03:42Z,1771479810969,lucid_revision,n512,512,B1,0.5,35.400,35.400,1400.000,1400.000,1400.000,1400.000,1.728629,33.633533,1.205874,285.054781,0.141614,323.508424,325.423927,223.508424,0.690008787,0.603028483,1
pi3bplus_v2_margin_20260909T125804Z,pi3bplus,2,1,margin,true,47,6,1886,2026-09-09T13:03:42Z,1771806555352,lucid_revision,n512,512,B1,0.5,35.400,35.400,1400.000,1400.000,1400.000,1400.000,1.725243,33.583325,1.266290,285.930813,0.140624,324.334770,326.156940,224.334770,0.708022676,0.613918033,1
pi3bplus_v2_margin_20260909T125804Z,pi3bplus,2,1,margin,true,47,7,1887,2026-09-09T13:03:42Z,1772134030092,lucid_revision,n512,512,B1,0.5,35.400,35.400,1400.000,1400.000,1400.000,1400.000,1.652796,33.618534,1.279884,284.936552,0.141509,323.286603,325.039815,223.286603,0.671167096,0.583307037,1
pi3bplus_v2_margin_20260909T125804Z,pi3bplus,2,1,margin,true,47,8,1888,2026-09-09T13:03:43Z,1772460451613,lucid_revision,n512,512,B1,0.5,35.400,35.400,1400.000,1400.000,1400.000,1400.000,1.667953,33.502336,1.194625,285.779304,0.141874,324.023262,325.774912,224.023262,0.703726437,0.616792434,1
pi3bplus_v2_margin_20260909T125804Z,pi3bplus,2,1,margin,true,47,9,1889,2026-09-09T13:03:43Z,1772787545835,lucid_revision,n512,512,B1,0.5,35.400,35.400,1400.000,1400.000,1400.000,1400.000,1.740140,33.715564,1.216342,284.804365,0.140884,323.350925,325.170230,223.350925,0.669776729,0.590636193,1
pi3bplus_v2_margin_20260909T125804Z,pi3bplus,2,1,margin,true,47,10,1890,2026-09-09T13:03:43Z,1773114030897,lucid_revision,n512,512,B1,0.5,35.400,35.938,1400.000,1400.000,1400.000,1400.000,1.648526,33.705616,1.272748,285.541024,0.146248,323.972272,325.721786,223.972272,0.674463163,0.583036367,1
pi3bplus_v2_margin_20260909T125804Z,pi3bplus,2,1,margin,true,47,11,1891,2026-09-09T13:03:44Z,1773441125795,lucid_revision,n512,512,B1,0.5,35.938,35.400,1400.000,1400.000,1400.000,1400.000,1.657901,33.582909,1.208843,284.537336,0.141718,322.810252,324.618724,222.810252,0.697673852,0.612964577,1
pi3bplus_v2_margin_20260909T125804Z,pi3bplus,2,1,margin,true,47,12,1892,2026-09-09T13:03:44Z,1773767131798,lucid_revision,n512,512,B1,0.5,35.400,35.400,1400.000,1400.000,1400.000,1400.000,1.764671,33.682438,1.209675,285.573471,0.144894,324.088781,325.901107,224.088781,0.680440726,0.597203178,1
pi3bplus_v2_margin_20260909T125804Z,pi3bplus,2,1,margin,true,47,13,1893,2026-09-09T13:03:44Z,1774094345289,lucid_revision,n512,512,B1,0.5,34.862,35.400,1400.000,1400.000,1400.000,1400.000,1.709515,33.752021,1.292123,284.637439,0.140624,323.248267,325.012730,223.248267,0.660764672,0.577317797,1
pi3bplus_v2_margin_20260909T125804Z,pi3bplus,2,1,margin,true,47,14,1894,2026-09-09T13:03:45Z,1774420722068,lucid_revision,n512,512,B1,0.5,35.400,35.938,1400.000,1400.000,1400.000,1400.000,1.665401,33.666241,1.218166,285.540763,0.141352,323.898209,325.642776,223.898209,0.685659357,0.599570161,1
pi3bplus_v2_margin_20260909T125804Z,pi3bplus,2,1,margin,true,47,15,1895,2026-09-09T13:03:45Z,1774747676759,lucid_revision,n512,512,B1,0.5,35.400,35.400,1400.000,1400.000,1400.000,1400.000,1.733264,33.641918,1.205145,285.895447,0.198384,324.425287,326.160427,224.425287,0.680077594,0.592891921,1
pi3bplus_v2_margin_20260909T125804Z,pi3bplus,2,1,margin,true,47,16,1896,2026-09-09T13:03:45Z,1775075176600,lucid_revision,n512,512,B1,0.5,35.938,36.476,1400.000,1400.000,1400.000,1400.000,1.719619,33.666501,1.207332,285.248369,0.144739,323.715137,325.531109,223.715137,0.684753443,0.599858345,1
pi3bplus_v2_margin_20260909T125804Z,pi3bplus,2,1,margin,true,47,17,1897,2026-09-09T13:03:46Z,1775402057957,lucid_revision,n512,512,B1,0.5,35.938,35.938,1400.000,1400.000,1400.000,1400.000,1.706807,33.827437,1.276759,284.920456,0.139374,323.548888,325.297049,223.548888,0.690522648,0.597906879,1
pi3bplus_v2_margin_20260909T125804Z,pi3bplus,2,1,margin,true,47,18,1898,2026-09-09T13:03:46Z,1775728708482,lucid_revision,n512,512,B1,0.5,35.400,35.938,1400.000,1400.000,1400.000,1400.000,1.672224,33.693115,1.209156,285.123526,0.143384,323.573784,325.327674,223.573784,0.719890633,0.627267852,1
pi3bplus_v2_margin_20260909T125804Z,pi3bplus,2,1,margin,true,47,19,1899,2026-09-09T13:03:46Z,1776055342914,lucid_revision,n512,512,B1,0.5,35.938,35.400,1400.000,1400.000,1400.000,1400.000,1.723786,33.678220,1.219988,284.448689,0.147394,323.067122,324.930281,223.067122,0.674132588,0.586117732,1
pi3bplus_v2_margin_20260909T125804Z,pi3bplus,2,1,margin,true,47,20,1900,2026-09-09T13:03:47Z,1776381615422,lucid_revision,n512,512,B1,0.5,36.476,35.938,1400.000,1400.000,1400.000,1400.000,1.649256,33.747542,1.197332,285.369669,0.140415,323.769302,325.520067,223.769302,0.692440946,0.608430648,1
pi3bplus_v2_margin_20260909T125804Z,pi3bplus,2,1,margin,true,47,21,1901,2026-09-09T13:03:47Z,1776708489955,lucid_revision,n512,512,B1,0.5,35.400,36.476,1400.000,1400.000,1400.000,1400.000,1.670140,33.878374,1.214884,285.029516,0.190154,323.657063,325.417098,223.657063,0.665609688,0.582657498,1
pi3bplus_v2_margin_20260909T125804Z,pi3bplus,2,1,margin,true,47,22,1902,2026-09-09T13:03:47Z,1777035208760,lucid_revision,n512,512,B1,0.5,35.400,35.938,1400.000,1400.000,1400.000,1400.000,1.723108,33.578534,1.213426,285.103890,0.146405,323.496127,325.312776,223.496127,0.687039078,0.597519618,1
pi3bplus_v2_margin_20260909T125804Z,pi3bplus,2,1,margin,true,47,23,1903,2026-09-09T13:03:48Z,1777361836003,lucid_revision,n512,512,B1,0.5,36.476,35.400,1400.000,1400.000,1400.000,1400.000,1.655245,33.752646,1.272748,285.935444,0.146873,324.422315,326.162038,224.422315,0.692301488,0.606171823,1
pi3bplus_v2_margin_20260909T125804Z,pi3bplus,2,1,margin,true,47,24,1904,2026-09-09T13:03:48Z,1777689388236,lucid_revision,n512,512,B1,0.5,35.938,36.476,1400.000,1400.000,1400.000,1400.000,1.691910,33.761656,1.211759,285.300345,0.141197,323.782218,325.527149,223.782218,0.669791091,0.589529601,1
pi3bplus_v2_margin_20260909T125804Z,pi3bplus,2,1,margin,true,47,25,1905,2026-09-09T13:03:48Z,1778016280476,lucid_revision,n512,512,B1,0.5,36.476,35.938,1400.000,1400.000,1400.000,1400.000,1.675244,33.628480,1.209937,284.726341,0.146352,323.125505,324.950331,223.125505,0.678658291,0.594381007,1
pi3bplus_v2_margin_20260909T125804Z,pi3bplus,2,1,margin,true,47,26,1906,2026-09-09T13:03:49Z,1778342593242,lucid_revision,n512,512,B1,0.5,36.476,36.476,1400.000,1400.000,1400.000,1400.000,1.744723,33.644366,1.298581,285.680029,0.145936,324.181119,325.995529,224.181119,0.678617358,0.592570164,1
pi3bplus_v2_margin_20260909T125804Z,pi3bplus,2,1,margin,true,47,27,1907,2026-09-09T13:03:49Z,1778669911935,lucid_revision,n512,512,B1,0.5,35.938,35.938,1400.000,1400.000,1400.000,1400.000,1.646286,33.734938,1.269206,284.430822,0.141769,322.882382,324.632313,222.882382,0.687635954,0.600600260,1
pi3bplus_v2_margin_20260909T125804Z,pi3bplus,2,1,margin,true,47,28,1908,2026-09-09T13:03:49Z,1778995893818,lucid_revision,n512,512,B1,0.5,35.938,35.938,1400.000,1400.000,1400.000,1400.000,1.718057,33.683219,1.208999,285.198106,0.140519,323.699405,325.577824,223.699405,0.684307486,0.595082928,1
pi3bplus_v2_margin_20260909T125804Z,pi3bplus,2,1,margin,true,47,29,1909,2026-09-09T13:03:50Z,1779322783869,lucid_revision,n512,512,B1,0.5,35.400,35.938,1400.000,1400.000,1400.000,1400.000,1.712327,33.903374,1.281082,284.987691,0.138749,324.265388,326.107506,224.265388,0.692574776,0.608077990,1
pi3bplus_v2_margin_20260909T125804Z,pi3bplus,2,1,margin,true,47,30,1910,2026-09-09T13:03:50Z,1779650199435,lucid_revision,n512,512,B1,0.5,35.938,35.938,1400.000,1400.000,1400.000,1400.000,3.312884,34.964457,1.198321,286.379344,0.146613,327.637387,329.389766,227.637387,0.710278277,0.615539189,1
pi3bplus_v2_margin_20260909T125804Z,pi3bplus,2,1,margin,true,47,31,1911,2026-09-09T13:03:50Z,1779980968563,lucid_revision,n512,512,B1,0.5,35.400,35.938,1400.000,1400.000,1400.000,1400.000,1.678526,33.831031,1.218530,284.649830,0.188852,323.201596,324.954079,223.201596,0.677447427,0.590338683,1
pi3bplus_v2_margin_20260909T125804Z,pi3bplus,2,1,margin,true,47,32,1912,2026-09-09T13:03:51Z,1780307252421,lucid_revision,n512,512,B1,0.5,35.938,35.400,1400.000,1400.000,1400.000,1400.000,1.733681,33.696709,1.215717,286.104814,0.141353,324.608196,326.417710,224.608196,0.674921015,0.590430936,1
pi3bplus_v2_margin_20260909T125804Z,pi3bplus,2,1,margin,true,47,33,1913,2026-09-09T13:03:51Z,1780635019337,lucid_revision,n512,512,B1,0.5,36.476,36.476,1400.000,1400.000,1400.000,1400.000,1.909513,33.896916,1.209311,284.795921,0.148019,323.710445,325.560687,223.710445,0.683749977,0.595498091,1
pi3bplus_v2_margin_20260909T125804Z,pi3bplus,2,1,margin,true,47,34,1914,2026-09-09T13:03:51Z,1780961919074,lucid_revision,n512,512,B1,0.5,35.938,36.476,1400.000,1400.000,1400.000,1400.000,1.681130,33.834520,1.260561,285.978722,0.140311,324.570957,326.398335,224.570957,0.692355311,0.607908673,1
pi3bplus_v2_margin_20260909T125804Z,pi3bplus,2,1,margin,true,47,35,1915,2026-09-09T13:03:52Z,1781289630001,lucid_revision,n512,512,B1,0.5,35.938,35.400,1400.000,1400.000,1400.000,1400.000,1.643526,33.806916,1.210092,284.785556,0.149321,323.242166,325.307303,223.242166,0.681858680,0.597636692,1
pi3bplus_v2_margin_20260909T125804Z,pi3bplus,2,1,margin,true,47,36,1916,2026-09-09T13:03:52Z,1781616309895,lucid_revision,n512,512,B1,0.5,35.938,36.476,1400.000,1400.000,1400.000,1400.000,1.668161,34.151808,1.201187,285.359404,0.141352,324.187105,326.336147,224.187105,0.658192432,0.574390944,1
pi3bplus_v2_margin_20260909T125804Z,pi3bplus,2,1,margin,true,47,37,1917,2026-09-09T13:03:52Z,1781944325505,lucid_revision,n512,512,B1,0.5,35.938,36.476,1400.000,1400.000,1400.000,1400.000,1.863576,33.844155,1.205249,285.106073,0.144218,323.899140,325.654435,223.899140,0.688999776,0.603903653,1
pi3bplus_v2_margin_20260909T125804Z,pi3bplus,2,1,margin,true,47,38,1918,2026-09-09T13:03:53Z,1782271296438,lucid_revision,n512,512,B1,0.5,36.476,35.938,1400.000,1400.000,1400.000,1400.000,1.722640,33.784208,1.207124,285.207478,0.140728,323.808046,325.660059,223.808046,0.677299305,0.589394376,1
pi3bplus_v2_margin_20260909T125804Z,pi3bplus,2,1,margin,true,47,39,1919,2026-09-09T13:03:53Z,1782598271120,lucid_revision,n512,512,B1,0.5,35.938,36.476,1400.000,1400.000,1400.000,1400.000,1.642016,33.804572,1.304102,285.038313,0.141040,323.602214,325.358187,223.602214,0.683675919,0.599213928,1
pi3bplus_v2_margin_20260909T125804Z,pi3bplus,2,1,margin,true,48,0,1920,2026-09-09T13:03:54Z,1783616092676,fisvdd_revision,n1,1,B1,0.5,35.400,35.938,1400.000,1400.000,1400.000,1400.000,1.999252,0.336351,0.356091,0.640462,0.139374,3.777620,102.184594,0.000000,0.977973496,0.490481444,1
pi3bplus_v2_margin_20260909T125804Z,pi3bplus,2,1,margin,true,48,1,1921,2026-09-09T13:03:54Z,1783718988357,fisvdd_revision,n1,1,B1,0.5,35.400,36.476,1400.000,1400.000,1400.000,1400.000,2.101491,0.332185,0.337080,0.607338,0.141405,3.806110,101.953034,0.000000,0.000126344,0.519372944,1
pi3bplus_v2_margin_20260909T125804Z,pi3bplus,2,1,margin,true,48,2,1922,2026-09-09T13:03:54Z,1783821569510,fisvdd_revision,n1,1,B1,0.5,35.938,35.400,1400.000,1400.000,1400.000,1400.000,1.571026,0.291039,0.317185,0.633796,0.124322,3.186897,101.830483,0.000000,0.926670918,0.507854758,1
pi3bplus_v2_margin_20260909T125804Z,pi3bplus,2,1,margin,true,48,3,1923,2026-09-09T13:03:54Z,1783924116341,fisvdd_revision,n1,1,B1,0.5,35.938,35.400,1400.000,1400.000,1400.000,1400.000,1.611547,0.290049,0.313435,0.499058,0.120364,3.080908,101.891211,0.000000,0.132400140,0.497403429,1
pi3bplus_v2_margin_20260909T125804Z,pi3bplus,2,1,margin,true,48,4,1924,2026-09-09T13:03:54Z,1784026633119,fisvdd_revision,n1,1,B1,0.5,35.400,35.400,1400.000,1400.000,1400.000,1400.000,1.672641,0.295310,0.310518,0.500984,0.126718,3.160647,101.923607,0.000000,0.946917267,0.508142324,1
pi3bplus_v2_margin_20260909T125804Z,pi3bplus,2,1,margin,true,48,5,1925,2026-09-09T13:03:54Z,1784129184949,fisvdd_revision,n1,1,B1,0.5,35.938,35.400,1400.000,1400.000,1400.000,1400.000,1.566235,0.284320,0.310466,0.559734,0.129218,3.108616,101.821629,0.000000,0.917953518,0.491378273,1
pi3bplus_v2_margin_20260909T125804Z,pi3bplus,2,1,margin,true,48,6,1926,2026-09-09T13:03:54Z,1784231633395,fisvdd_revision,n1,1,B1,0.5,35.938,35.400,1400.000,1400.000,1400.000,1400.000,1.687692,0.290205,0.316456,0.497703,0.122030,3.158668,101.921836,0.000000,0.873901940,0.495949322,1
pi3bplus_v2_margin_20260909T125804Z,pi3bplus,2,1,margin,true,48,7,1927,2026-09-09T13:03:55Z,1784334186267,fisvdd_revision,n1,1,B1,0.5,34.862,35.400,1400.000,1400.000,1400.000,1400.000,1.574256,0.359580,0.315935,0.495204,0.121405,3.115647,101.926211,0.000000,0.874320646,0.488992951,1
pi3bplus_v2_margin_20260909T125804Z,pi3bplus,2,1,margin,true,48,8,1928,2026-09-09T13:03:55Z,1784436747784,fisvdd_revision,n1,1,B1,0.5,35.400,35.938,1400.000,1400.000,1400.000,1400.000,1.600922,0.285779,0.309685,0.498745,0.125103,3.071898,102.938389,0.000000,0.926186671,0.506306260,1
pi3bplus_v2_margin_20260909T125804Z,pi3bplus,2,1,margin,true,48,9,1929,2026-09-09T13:03:55Z,1784540490801,fisvdd_revision,n1,1,B1,0.5,35.400,34.862,1400.000,1400.000,1400.000,1400.000,1.861857,0.315153,0.321820,0.543276,0.170728,3.498144,101.907201,0.000000,0.874399543,0.497508372,1
pi3bplus_v2_margin_20260909T125804Z,pi3bplus,2,1,margin,true,48,10,1930,2026-09-09T13:03:55Z,1784643029506,fisvdd_revision,n1,1,B1,0.5,35.400,34.862,1400.000,1400.000,1400.000,1400.000,1.679724,0.294581,0.314893,0.500412,0.119687,3.155751,102.346103,0.000000,0.085484942,0.501354946,1
pi3bplus_v2_margin_20260909T125804Z,pi3bplus,2,1,margin,true,48,11,1931,2026-09-09T13:03:55Z,1784746187007,fisvdd_revision,n1,1,B1,0.5,35.400,35.400,1400.000,1400.000,1400.000,1400.000,4.773548,0.435100,0.358330,0.757857,0.177707,6.902382,103.776454,0.000000,0.992957031,0.512955593,1
pi3bplus_v2_margin_20260909T125804Z,pi3bplus,2,1,margin,true,48,12,1932,2026-09-09T13:03:55Z,1784850598507,fisvdd_revision,n1,1,B1,0.5,35.400,35.400,1400.000,1400.000,1400.000,1400.000,3.790119,0.373173,0.365362,0.646921,0.185936,5.882340,102.209281,0.000000,0.990232123,0.492270162,1
pi3bplus_v2_margin_20260909T125804Z,pi3bplus,2,1,margin,true,48,13,1933,2026-09-09T13:03:55Z,1784953447053,fisvdd_revision,n1,1,B1,0.5,35.400,36.476,1400.000,1400.000,1400.000,1400.000,1.747899,0.298643,0.313851,0.671191,0.198748,3.505800,101.910690,0.000000,0.287603716,0.586508669,1
pi3bplus_v2_margin_20260909T125804Z,pi3bplus,2,1,margin,true,48,14,1934,2026-09-09T13:03:55Z,1785055986904,fisvdd_revision,n1,1,B1,0.5,35.400,35.400,1400.000,1400.000,1400.000,1400.000,1.607693,0.292758,0.313538,0.495152,0.120728,3.160699,101.847149,0.000000,0.992791884,0.490779147,1
pi3bplus_v2_margin_20260909T125804Z,pi3bplus,2,1,margin,true,48,15,1935,2026-09-09T13:03:55Z,1785158500609,fisvdd_revision,n1,1,B1,0.5,35.400,35.400,1400.000,1400.000,1400.000,1400.000,1.667588,0.294528,0.313435,0.497860,0.122655,3.139501,101.939753,0.000000,0.978038992,0.489501515,1
pi3bplus_v2_margin_20260909T125804Z,pi3bplus,2,1,margin,true,48,16,1936,2026-09-09T13:03:56Z,1785261077335,fisvdd_revision,n1,1,B1,0.5,34.862,34.862,1400.000,1400.000,1400.000,1400.000,1.577693,0.289580,0.309320,0.498902,0.126665,3.117314,101.888294,0.000000,0.929560851,0.494300474,1
pi3bplus_v2_margin_20260909T125804Z,pi3bplus,2,1,margin,true,48,17,1937,2026-09-09T13:03:56Z,1785363598071,fisvdd_revision,n1,1,B1,0.5,35.400,35.400,1400.000,1400.000,1400.000,1400.000,1.683213,0.296716,0.315622,0.499839,0.121249,3.162001,101.884805,0.000000,0.642228029,0.514473277,1
pi3bplus_v2_margin_20260909T125804Z,pi3bplus,2,1,margin,true,48,18,1938,2026-09-09T13:03:56Z,1785466109172,fisvdd_revision,n1,1,B1,0.5,34.862,35.938,1400.000,1400.000,1400.000,1400.000,1.565402,0.339892,0.309320,0.504006,0.126561,3.124085,101.847201,0.000000,0.223105144,0.496862213,1
pi3bplus_v2_margin_20260909T125804Z,pi3bplus,2,1,margin,true,48,19,1939,2026-09-09T13:03:56Z,1785568653033,fisvdd_revision,n1,1,B1,0.5,35.938,34.862,1400.000,1400.000,1400.000,1400.000,4.288553,0.292185,0.305883,0.496506,0.127135,5.761195,101.879649,0.000000,0.005498658,0.488256403,1
pi3bplus_v2_margin_20260909T125804Z,pi3bplus,2,1,margin,true,48,20,1940,2026-09-09T13:03:56Z,1785671162415,fisvdd_revision,n1,1,B1,0.5,34.862,34.862,1400.000,1400.000,1400.000,1400.000,5.701976,0.300778,0.316299,0.495516,0.121457,7.181546,101.984440,0.000000,0.982539440,0.509061824,1
pi3bplus_v2_margin_20260909T125804Z,pi3bplus,2,1,margin,true,48,21,1941,2026-09-09T13:03:56Z,1785773789088,fisvdd_revision,n1,1,B1,0.5,35.400,34.862,1400.000,1400.000,1400.000,1400.000,1.568110,0.281976,0.369476,0.510360,0.130207,3.119449,101.841628,0.000000,0.918106272,0.496087178,1
pi3bplus_v2_margin_20260909T125804Z,pi3bplus,2,1,margin,true,48,22,1942,2026-09-09T13:03:56Z,1785876334407,fisvdd_revision,n1,1,B1,0.5,34.862,35.400,1400.000,1400.000,1400.000,1400.000,1.617380,0.286716,0.317705,0.495308,0.120833,3.087106,101.891003,0.000000,0.617823789,0.490776433,1
pi3bplus_v2_margin_20260909T125804Z,pi3bplus,2,1,margin,true,48,23,1943,2026-09-09T13:03:56Z,1785978859466,fisvdd_revision,n1,1,B1,0.5,34.862,34.862,1400.000,1400.000,1400.000,1400.000,1.638578,0.290258,0.314736,0.501298,0.119114,3.110960,101.925117,0.000000,0.874457727,0.497131746,1
pi3bplus_v2_margin_20260909T125804Z,pi3bplus,2,1,margin,true,48,24,1944,2026-09-09T13:03:56Z,1786081418379,fisvdd_revision,n1,1,B1,0.5,34.324,34.862,1400.000,1400.000,1400.000,1400.000,1.565557,0.290935,0.316456,0.544265,0.122811,3.087783,101.835274,0.000000,0.832222719,0.498900944,1
pi3bplus_v2_margin_20260909T125804Z,pi3bplus,2,1,margin,true,48,25,1945,2026-09-09T13:03:56Z,1786183881199,fisvdd_revision,n1,1,B1,0.5,34.324,34.324,1400.000,1400.000,1400.000,1400.000,1.672015,0.292758,0.315153,0.494787,0.119894,3.142731,101.876941,0.000000,0.927829382,0.490670233,1
pi3bplus_v2_margin_20260909T125804Z,pi3bplus,2,1,margin,true,48,26,1946,2026-09-09T13:03:57Z,1786286389227,fisvdd_revision,n1,1,B1,0.5,34.324,34.862,1400.000,1400.000,1400.000,1400.000,1.617849,0.297445,0.307809,0.493953,0.120572,3.090804,101.897774,0.000000,0.999010279,0.491849994,1
pi3bplus_v2_margin_20260909T125804Z,pi3bplus,2,1,margin,true,48,27,1947,2026-09-09T13:03:57Z,1786388915015,fisvdd_revision,n1,1,B1,0.5,34.862,34.862,1400.000,1400.000,1400.000,1400.000,1.580714,0.284060,0.309008,0.496089,0.125103,3.052679,101.829076,0.000000,0.873141893,0.489084508,1
pi3bplus_v2_margin_20260909T125804Z,pi3bplus,2,1,margin,true,48,28,1948,2026-09-09T13:03:57Z,1786491367210,fisvdd_revision,n1,1,B1,0.5,34.862,34.862,1400.000,1400.000,1400.000,1400.000,1.648422,0.289945,0.316611,0.500464,0.120467,3.120752,101.901263,0.000000,0.992784617,0.492512599,1
pi3bplus_v2_margin_20260909T125804Z,pi3bplus,2,1,margin,true,48,29,1949,2026-09-09T13:03:57Z,1786593939717,fisvdd_revision,n1,1,B1,0.5,34.324,35.400,1400.000,1400.000,1400.000,1400.000,1.579047,0.288955,0.361975,0.501974,0.121457,3.098355,101.833190,0.000000,0.991240692,0.493432546,1
pi3bplus_v2_margin_20260909T125804Z,pi3bplus,2,1,margin,true,48,30,1950,2026-09-09T13:03:57Z,1786696476390,fisvdd_revision,n1,1,B1,0.5,34.862,34.324,1400.000,1400.000,1400.000,1400.000,1.614100,0.284425,0.308904,0.497704,0.121249,3.085752,101.828399,0.000000,0.918106272,0.490582775,1
pi3bplus_v2_margin_20260909T125804Z,pi3bplus,2,1,margin,true,48,31,1951,2026-09-09T13:03:57Z,1786798934210,fisvdd_revision,n1,1,B1,0.5,34.862,34.324,1400.000,1400.000,1400.000,1400.000,1.649099,0.289425,0.319060,0.497912,0.119270,3.120126,101.925950,0.000000,0.964626921,0.484464989,1
pi3bplus_v2_margin_20260909T125804Z,pi3bplus,2,1,margin,true,48,32,1952,2026-09-09T13:03:57Z,1786901487654,fisvdd_revision,n1,1,B1,0.5,34.324,34.324,1400.000,1400.000,1400.000,1400.000,1.560141,0.289268,0.315049,0.565359,0.120781,3.096168,102.144593,0.000000,0.939305330,0.487078821,1
pi3bplus_v2_margin_20260909T125804Z,pi3bplus,2,1,margin,true,48,33,1953,2026-09-09T13:03:57Z,1787004350261,fisvdd_revision,n1,1,B1,0.5,34.324,34.862,1400.000,1400.000,1400.000,1400.000,2.016231,0.302706,0.314580,0.501402,0.120207,3.502779,101.883294,0.000000,0.935758442,0.491174235,1
pi3bplus_v2_margin_20260909T125804Z,pi3bplus,2,1,margin,true,48,34,1954,2026-09-09T13:03:57Z,1787106865893,fisvdd_revision,n1,1,B1,0.5,34.324,34.862,1400.000,1400.000,1400.000,1400.000,1.662952,0.296403,0.316716,0.498901,0.120364,3.144449,101.907825,0.000000,0.873789335,0.491003155,1
pi3bplus_v2_margin_20260909T125804Z,pi3bplus,2,1,margin,true,48,35,1955,2026-09-09T13:03:57Z,1787209402827,fisvdd_revision,n1,1,B1,0.5,34.862,34.324,1400.000,1400.000,1400.000,1400.000,1.557641,0.294477,0.309476,0.565463,0.138384,3.115282,101.837617,0.000000,0.874293199,0.488771585,1
pi3bplus_v2_margin_20260909T125804Z,pi3bplus,2,1,margin,true,48,36,1956,2026-09-09T13:03:58Z,1787311862626,fisvdd_revision,n1,1,B1,0.5,34.862,34.324,1400.000,1400.000,1400.000,1400.000,1.676963,0.290257,0.311090,0.498277,0.128905,3.156480,101.894804,0.000000,0.926808736,0.508656214,1
pi3bplus_v2_margin_20260909T125804Z,pi3bplus,2,1,margin,true,48,37,1957,2026-09-09T13:03:58Z,1787414402267,fisvdd_revision,n1,1,B1,0.5,34.862,34.324,1400.000,1400.000,1400.000,1400.000,1.614619,0.290830,0.313643,0.497026,0.119738,3.081221,101.891627,0.000000,0.874233671,0.493805217,1
pi3bplus_v2_margin_20260909T125804Z,pi3bplus,2,1,margin,true,48,38,1958,2026-09-09T13:03:58Z,1787516931909,fisvdd_revision,n1,1,B1,0.5,34.862,34.862,1400.000,1400.000,1400.000,1400.000,1.565923,0.288487,0.318799,0.499786,0.120572,3.040283,101.826888,0.000000,0.992892861,0.511352647,1
pi3bplus_v2_margin_20260909T125804Z,pi3bplus,2,1,margin,true,48,39,1959,2026-09-09T13:03:58Z,1787619393687,fisvdd_revision,n1,1,B1,0.5,34.324,34.324,1400.000,1400.000,1400.000,1400.000,1.672171,0.294528,0.318539,0.499787,0.120572,3.149136,103.743172,0.000000,0.947070110,0.509248245,1
pi3bplus_v2_margin_20260909T125804Z,pi3bplus,2,1,margin,true,49,0,1960,2026-09-09T13:03:59Z,1788387561789,oi_svdd_as_elm_revision,n512,512,B2,1.0,35.400,34.862,1400.000,1400.000,1400.000,1400.000,2.115709,35.112215,1.282123,12.872324,0.138436,53.324749,102.251832,0.000000,0.691519531,0.632511615,1
pi3bplus_v2_margin_20260909T125804Z,pi3bplus,2,1,margin,true,49,1,1961,2026-09-09T13:03:59Z,1788491246524,oi_svdd_as_elm_revision,n512,512,B2,1.0,35.400,34.324,1400.000,1400.000,1400.000,1400.000,2.065345,35.287995,1.330039,13.696275,0.130103,54.556403,101.903137,0.000000,0.700317322,0.643658765,1
pi3bplus_v2_margin_20260909T125804Z,pi3bplus,2,1,margin,true,49,2,1962,2026-09-09T13:03:59Z,1788594466679,oi_svdd_as_elm_revision,n512,512,B2,1.0,34.862,34.324,1400.000,1400.000,1400.000,1400.000,1.700140,33.710979,1.258425,12.068009,0.145675,50.539307,101.924595,0.000000,0.683336085,0.622232997,1
pi3bplus_v2_margin_20260909T125804Z,pi3bplus,2,1,margin,true,49,3,1963,2026-09-09T13:03:59Z,1788697746053,oi_svdd_as_elm_revision,n512,512,B2,1.0,34.862,35.400,1400.000,1400.000,1400.000,1400.000,1.662328,34.816541,1.261238,12.281288,0.142811,52.528767,101.887252,0.000000,0.696933688,0.659431798,1
pi3bplus_v2_margin_20260909T125804Z,pi3bplus,2,1,margin,true,49,4,1964,2026-09-09T13:03:59Z,1788801037823,oi_svdd_as_elm_revision,n512,512,B2,1.0,34.862,35.400,1400.000,1400.000,1400.000,1400.000,1.669307,33.751187,1.225770,12.054937,0.147551,50.520140,101.851471,0.000000,0.670220858,0.617343053,1
pi3bplus_v2_margin_20260909T125804Z,pi3bplus,2,1,margin,true,49,5,1965,2026-09-09T13:03:59Z,1788904273239,oi_svdd_as_elm_revision,n512,512,B2,1.0,34.862,34.862,1400.000,1400.000,1400.000,1400.000,1.673422,33.651500,1.208790,13.260706,0.157186,54.637288,101.864179,0.000000,0.677439916,0.628841586,1
pi3bplus_v2_margin_20260909T125804Z,pi3bplus,2,1,margin,true,49,6,1966,2026-09-09T13:03:59Z,1789007448863,oi_svdd_as_elm_revision,n512,512,B2,1.0,34.862,34.862,1400.000,1400.000,1400.000,1400.000,1.751181,33.590823,1.193894,12.036238,0.150519,50.427642,101.926731,0.000000,0.693613030,0.648243080,1
pi3bplus_v2_margin_20260909T125804Z,pi3bplus,2,1,margin,true,49,7,1967,2026-09-09T13:03:59Z,1789110690217,oi_svdd_as_elm_revision,n512,512,B2,1.0,34.862,34.862,1400.000,1400.000,1400.000,1400.000,1.718733,33.687125,1.257488,12.045406,0.146978,50.517015,101.920793,0.000000,0.678454009,0.641439334,1
pi3bplus_v2_margin_20260909T125804Z,pi3bplus,2,1,margin,true,49,8,1968,2026-09-09T13:03:59Z,1789213915112,oi_svdd_as_elm_revision,n512,512,B2,1.0,34.862,34.862,1400.000,1400.000,1400.000,1400.000,1.643005,33.648792,1.204364,12.328840,0.153123,50.627431,101.871002,0.000000,0.661311895,0.628605540,1
pi3bplus_v2_margin_20260909T125804Z,pi3bplus,2,1,margin,true,49,9,1969,2026-09-09T13:04:00Z,1789317176986,oi_svdd_as_elm_revision,n512,512,B2,1.0,35.400,35.400,1400.000,1400.000,1400.000,1400.000,1.678370,33.628271,1.208322,12.089259,0.151509,50.421287,101.886470,0.000000,0.688801888,0.659885932,1
pi3bplus_v2_margin_20260909T125804Z,pi3bplus,2,1,margin,true,49,10,1970,2026-09-09T13:04:00Z,1789420441672,oi_svdd_as_elm_revision,n512,512,B2,1.0,34.862,35.400,1400.000,1400.000,1400.000,1400.000,1.665869,33.603272,1.213790,12.050144,0.151145,50.407641,101.864387,0.000000,0.681608893,0.623568843,1
pi3bplus_v2_margin_20260909T125804Z,pi3bplus,2,1,margin,true,49,11,1971,2026-09-09T13:04:00Z,1789523620630,oi_svdd_as_elm_revision,n512,512,B2,1.0,35.400,35.400,1400.000,1400.000,1400.000,1400.000,1.745920,33.627178,1.197801,12.062593,0.155728,50.526130,101.897512,0.000000,0.688344612,0.642136792,1
pi3bplus_v2_margin_20260909T125804Z,pi3bplus,2,1,margin,true,49,12,1972,2026-09-09T13:04:00Z,1789626828286,oi_svdd_as_elm_revision,n512,512,B2,1.0,34.862,34.862,1400.000,1400.000,1400.000,1400.000,1.711911,33.856654,1.285821,12.014155,0.146457,50.650816,101.929334,0.000000,0.689288753,0.624102961,1
pi3bplus_v2_margin_20260909T125804Z,pi3bplus,2,1,margin,true,49,13,1973,2026-09-09T13:04:00Z,1789730068024,oi_svdd_as_elm_revision,n512,512,B2,1.0,35.400,35.400,1400.000,1400.000,1400.000,1400.000,1.644307,35.404036,1.176187,12.234570,0.149217,53.087616,101.889439,0.000000,0.714661475,0.664312187,1
pi3bplus_v2_margin_20260909T125804Z,pi3bplus,2,1,margin,true,49,14,1974,2026-09-09T13:04:00Z,1789833322190,oi_svdd_as_elm_revision,n512,512,B2,1.0,34.862,35.400,1400.000,1400.000,1400.000,1400.000,1.665661,33.714312,1.222280,12.054051,0.149999,50.458734,101.883761,0.000000,0.671235475,0.614343273,1
pi3bplus_v2_margin_20260909T125804Z,pi3bplus,2,1,margin,true,49,15,1975,2026-09-09T13:04:00Z,1789936586303,oi_svdd_as_elm_revision,n512,512,B2,1.0,35.400,35.400,1400.000,1400.000,1400.000,1400.000,1.661755,37.764689,1.200978,12.063530,0.157916,54.530258,101.896314,0.000000,0.697556884,0.653908715,1
pi3bplus_v2_margin_20260909T125804Z,pi3bplus,2,1,margin,true,49,16,1976,2026-09-09T13:04:00Z,1790039802083,oi_svdd_as_elm_revision,n512,512,B2,1.0,35.400,35.400,1400.000,1400.000,1400.000,1400.000,1.814618,33.660875,1.195301,12.033842,0.153332,50.618473,101.877044,0.000000,0.672788476,0.617864189,1
pi3bplus_v2_margin_20260909T125804Z,pi3bplus,2,1,margin,true,49,17,1977,2026-09-09T13:04:00Z,1790143027655,oi_svdd_as_elm_revision,n512,512,B2,1.0,35.400,35.400,1400.000,1400.000,1400.000,1400.000,1.716442,33.645406,1.261394,12.080613,0.148072,50.526182,101.930272,0.000000,0.677796901,0.641815558,1
pi3bplus_v2_margin_20260909T125804Z,pi3bplus,2,1,margin,true,49,18,1978,2026-09-09T13:04:00Z,1790246279217,oi_svdd_as_elm_revision,n512,512,B2,1.0,35.938,35.400,1400.000,1400.000,1400.000,1400.000,1.649620,33.772957,1.296341,12.058634,0.145624,50.606181,101.920271,0.000000,0.695947195,0.639907406,1
pi3bplus_v2_margin_20260909T125804Z,pi3bplus,2,1,margin,true,49,19,1979,2026-09-09T13:04:01Z,1790349509111,oi_svdd_as_elm_revision,n512,512,B2,1.0,35.400,35.400,1400.000,1400.000,1400.000,1400.000,1.644047,33.661291,1.214520,12.060926,0.148801,50.403318,101.859127,0.000000,0.673077311,0.648936887,1
pi3bplus_v2_margin_20260909T125804Z,pi3bplus,2,1,margin,true,49,20,1980,2026-09-09T13:04:01Z,1790452741662,oi_svdd_as_elm_revision,n512,512,B2,1.0,35.400,35.400,1400.000,1400.000,1400.000,1400.000,1.659984,33.685510,1.218061,12.042436,0.157238,50.417589,101.848918,0.000000,0.671992339,0.637061831,1
pi3bplus_v2_margin_20260909T125804Z,pi3bplus,2,1,margin,true,49,21,1981,2026-09-09T13:04:01Z,1790555899422,oi_svdd_as_elm_revision,n512,512,B2,1.0,35.400,34.862,1400.000,1400.000,1400.000,1400.000,1.721963,33.655354,1.213009,12.054676,0.149477,50.548629,101.872668,0.000000,0.685298033,0.648250413,1
pi3bplus_v2_margin_20260909T125804Z,pi3bplus,2,1,margin,true,49,22,1982,2026-09-09T13:04:01Z,1790659078275,oi_svdd_as_elm_revision,n512,512,B2,1.0,35.938,35.400,1400.000,1400.000,1400.000,1400.000,1.734671,33.686135,1.225145,12.023479,0.147499,50.546650,101.921626,0.000000,0.681543209,0.630859424,1
pi3bplus_v2_margin_20260909T125804Z,pi3bplus,2,1,margin,true,49,23,1983,2026-09-09T13:04:01Z,1790762316347,oi_svdd_as_elm_revision,n512,512,B2,1.0,35.400,35.400,1400.000,1400.000,1400.000,1400.000,1.683786,34.916748,1.352695,12.549046,0.145936,52.933502,101.917667,0.000000,0.682467213,0.625185351,1
pi3bplus_v2_margin_20260909T125804Z,pi3bplus,2,1,margin,true,49,24,1984,2026-09-09T13:04:01Z,1790865567439,oi_svdd_as_elm_revision,n512,512,B2,1.0,35.938,35.938,1400.000,1400.000,1400.000,1400.000,1.654672,33.905925,1.227228,12.208841,0.150780,50.798002,101.896209,0.000000,0.693422287,0.637510468,1
pi3bplus_v2_margin_20260909T125804Z,pi3bplus,2,1,margin,true,49,25,1985,2026-09-09T13:04:01Z,1790968838271,oi_svdd_as_elm_revision,n512,512,B2,1.0,35.400,35.400,1400.000,1400.000,1400.000,1400.000,1.659411,33.625927,1.205301,12.041343,0.146769,50.358579,101.862720,0.000000,0.716932663,0.662556044,1
pi3bplus_v2_margin_20260909T125804Z,pi3bplus,2,1,margin,true,49,26,1986,2026-09-09T13:04:01Z,1791072071290,oi_svdd_as_elm_revision,n512,512,B2,1.0,35.938,35.400,1400.000,1400.000,1400.000,1400.000,1.673109,33.623167,1.214988,12.044780,0.149634,50.425922,101.874804,0.000000,0.668644418,0.619285496,1
pi3bplus_v2_margin_20260909T125804Z,pi3bplus,2,1,margin,true,49,27,1987,2026-09-09T13:04:01Z,1791175258164,oi_svdd_as_elm_revision,n512,512,B2,1.0,35.400,35.400,1400.000,1400.000,1400.000,1400.000,1.748108,33.732385,1.201916,12.056187,0.148905,50.603473,101.923032,0.000000,0.687229487,0.636660863,1
pi3bplus_v2_margin_20260909T125804Z,pi3bplus,2,1,margin,true,49,28,1988,2026-09-09T13:04:02Z,1791278495090,oi_svdd_as_elm_revision,n512,512,B2,1.0,35.400,35.400,1400.000,1400.000,1400.000,1400.000,1.713629,33.663739,1.267957,12.020770,0.146926,50.487224,101.940948,0.000000,0.675647593,0.624233678,1
pi3bplus_v2_margin_20260909T125804Z,pi3bplus,2,1,margin,true,49,29,1989,2026-09-09T13:04:02Z,1791381739047,oi_svdd_as_elm_revision,n512,512,B2,1.0,35.400,35.938,1400.000,1400.000,1400.000,1400.000,1.647849,33.610354,1.179884,12.129259,0.207290,50.450140,101.848813,0.000000,0.684680491,0.639715581,1
pi3bplus_v2_margin_20260909T125804Z,pi3bplus,2,1,margin,true,49,30,1990,2026-09-09T13:04:02Z,1791484983055,oi_svdd_as_elm_revision,n512,512,B2,1.0,35.938,35.400,1400.000,1400.000,1400.000,1400.000,1.658369,33.728218,1.212436,12.128060,0.149425,50.581390,101.861835,0.000000,0.692448336,0.650430365,1
pi3bplus_v2_margin_20260909T125804Z,pi3bplus,2,1,margin,true,49,31,1991,2026-09-09T13:04:02Z,1791588255866,oi_svdd_as_elm_revision,n512,512,B2,1.0,35.938,35.938,1400.000,1400.000,1400.000,1400.000,1.670557,33.630510,1.200458,12.160404,0.145884,50.540296,101.852095,0.000000,0.667228928,0.639464453,1
pi3bplus_v2_margin_20260909T125804Z,pi3bplus,2,1,margin,true,49,32,1992,2026-09-09T13:04:02Z,1791691413990,oi_svdd_as_elm_revision,n512,512,B2,1.0,35.938,35.938,1400.000,1400.000,1400.000,1400.000,1.741129,33.608115,1.198895,12.127227,0.149842,50.530244,101.901782,0.000000,0.676617251,0.644620780,1
pi3bplus_v2_margin_20260909T125804Z,pi3bplus,2,1,margin,true,49,33,1993,2026-09-09T13:04:02Z,1791794621332,oi_svdd_as_elm_revision,n512,512,B2,1.0,35.938,35.400,1400.000,1400.000,1400.000,1400.000,1.698681,35.371119,1.208999,12.258736,0.150155,53.198604,101.962251,0.000000,0.676681817,0.638040790,1
pi3bplus_v2_margin_20260909T125804Z,pi3bplus,2,1,margin,true,49,34,1994,2026-09-09T13:04:02Z,1791897901591,oi_svdd_as_elm_revision,n512,512,B2,1.0,35.938,35.400,1400.000,1400.000,1400.000,1400.000,1.645870,33.774727,1.273425,15.969014,0.167446,54.500726,101.860584,0.000000,0.683720797,0.630546271,1
pi3bplus_v2_margin_20260909T125804Z,pi3bplus,2,1,margin,true,49,35,1995,2026-09-09T13:04:02Z,1792001146537,oi_svdd_as_elm_revision,n512,512,B2,1.0,35.938,35.400,1400.000,1400.000,1400.000,1400.000,1.655140,34.017798,1.201239,12.049780,0.156301,50.767533,101.863189,0.000000,0.692957607,0.633311591,1
pi3bplus_v2_margin_20260909T125804Z,pi3bplus,2,1,margin,true,49,36,1996,2026-09-09T13:04:02Z,1792104378306,oi_svdd_as_elm_revision,n512,512,B2,1.0,35.938,35.400,1400.000,1400.000,1400.000,1400.000,1.677588,33.640406,1.208166,12.076290,0.151301,50.484359,101.859647,0.000000,0.698154432,0.645703530,1
pi3bplus_v2_margin_20260909T125804Z,pi3bplus,2,1,margin,true,49,37,1997,2026-09-09T13:04:02Z,1792207544399,oi_svdd_as_elm_revision,n512,512,B2,1.0,35.938,35.938,1400.000,1400.000,1400.000,1400.000,1.742483,33.630614,1.189988,12.163894,0.152238,50.601077,101.899855,0.000000,0.697656115,0.630884630,1
pi3bplus_v2_margin_20260909T125804Z,pi3bplus,2,1,margin,true,49,38,1998,2026-09-09T13:04:03Z,1792310757522,oi_svdd_as_elm_revision,n512,512,B2,1.0,35.938,35.400,1400.000,1400.000,1400.000,1400.000,1.704150,33.685822,1.265873,12.092749,0.148541,50.540192,101.946782,0.000000,0.689218129,0.645975909,1
pi3bplus_v2_margin_20260909T125804Z,pi3bplus,2,1,margin,true,49,39,1999,2026-09-09T13:04:03Z,1792414019656,oi_svdd_as_elm_revision,n512,512,B2,1.0,35.938,35.938,1400.000,1400.000,1400.000,1400.000,1.637953,33.733790,1.272123,12.052437,0.154166,50.525973,101.886886,0.000000,0.670911350,0.624072115,1
pi3bplus_v2_margin_20260909T125804Z,pi3bplus,2,1,margin,true,50,0,2000,2026-09-09T13:04:03Z,1793207922447,tinydl_revision,n64,64,B2,1.0,35.400,35.400,1400.000,1400.000,1400.000,1400.000,2.070709,4.667038,0.523849,0.839575,0.151040,8.844030,102.204331,0.000000,0.732321555,0.662933352,1
pi3bplus_v2_margin_20260909T125804Z,pi3bplus,2,1,margin,true,50,1,2001,2026-09-09T13:04:04Z,1793310939635,tinydl_revision,n64,64,B2,1.0,35.400,35.400,1400.000,1400.000,1400.000,1400.000,2.048886,4.604070,0.468954,0.614160,0.139530,8.331899,101.923135,0.000000,0.707744266,0.656411329,1
pi3bplus_v2_margin_20260909T125804Z,pi3bplus,2,1,margin,true,50,2,2002,2026-09-09T13:04:04Z,1793413587555,tinydl_revision,n64,64,B2,1.0,35.400,35.400,1400.000,1400.000,1400.000,1400.000,1.580297,4.379697,0.513641,0.611609,0.148124,7.670812,101.872511,0.000000,0.627171690,0.550943474,1
pi3bplus_v2_margin_20260909T125804Z,pi3bplus,2,1,margin,true,50,3,2003,2026-09-09T13:04:04Z,1793516257194,tinydl_revision,n64,64,B2,1.0,35.400,34.862,1400.000,1400.000,1400.000,1400.000,1.617640,4.373031,0.459527,0.606661,0.147811,7.638207,101.840479,0.000000,0.661902075,0.616213762,1
pi3bplus_v2_margin_20260909T125804Z,pi3bplus,2,1,margin,true,50,4,2004,2026-09-09T13:04:04Z,1793618854802,tinydl_revision,n64,64,B2,1.0,35.400,35.400,1400.000,1400.000,1400.000,1400.000,1.700453,4.382718,0.460985,0.612650,0.147759,7.734561,101.925114,0.000000,0.694449267,0.687706724,1
pi3bplus_v2_margin_20260909T125804Z,pi3bplus,2,1,margin,true,50,5,2005,2026-09-09T13:04:04Z,1793721499857,tinydl_revision,n64,64,B2,1.0,35.400,34.862,1400.000,1400.000,1400.000,1400.000,1.577329,4.372406,0.507860,0.613536,0.142811,7.661489,101.867146,0.000000,0.670161740,0.626307424,1
pi3bplus_v2_margin_20260909T125804Z,pi3bplus,2,1,margin,true,50,6,2006,2026-09-09T13:04:04Z,1793824200277,tinydl_revision,n64,64,B2,1.0,35.400,34.862,1400.000,1400.000,1400.000,1400.000,1.618213,4.419489,0.463173,0.614681,0.142550,7.689978,101.830948,0.000000,0.649384487,0.620929067,1
pi3bplus_v2_margin_20260909T125804Z,pi3bplus,2,1,margin,true,50,7,2007,2026-09-09T13:04:04Z,1793926758146,tinydl_revision,n64,64,B2,1.0,35.938,34.862,1400.000,1400.000,1400.000,1400.000,1.667380,4.375531,0.461975,0.607859,0.143332,7.694249,101.960010,0.000000,0.656542359,0.698507813,1
pi3bplus_v2_margin_20260909T125804Z,pi3bplus,2,1,margin,true,50,8,2008,2026-09-09T13:04:04Z,1794029444711,tinydl_revision,n64,64,B2,1.0,35.400,35.938,1400.000,1400.000,1400.000,1400.000,1.588006,4.385427,0.519891,0.621088,0.141873,7.688989,101.843553,0.000000,0.717501934,0.682300985,1
pi3bplus_v2_margin_20260909T125804Z,pi3bplus,2,1,margin,true,50,9,2009,2026-09-09T13:04:04Z,1794132068986,tinydl_revision,n64,64,B2,1.0,35.938,35.938,1400.000,1400.000,1400.000,1400.000,1.615453,4.376521,0.468224,0.610775,0.141770,7.646853,101.845844,0.000000,0.696057551,0.698278344,1
pi3bplus_v2_margin_20260909T125804Z,pi3bplus,2,1,margin,true,50,10,2010,2026-09-09T13:04:04Z,1794234635448,tinydl_revision,n64,64,B2,1.0,35.400,35.400,1400.000,1400.000,1400.000,1400.000,1.656755,4.401676,0.461089,0.608276,0.142238,7.699405,101.914281,0.000000,0.685050511,0.649922172,1
pi3bplus_v2_margin_20260909T125804Z,pi3bplus,2,1,margin,true,50,11,2011,2026-09-09T13:04:05Z,1794337276233,tinydl_revision,n64,64,B2,1.0,35.938,35.400,1400.000,1400.000,1400.000,1400.000,1.575193,4.379333,0.507912,0.619161,0.141926,7.657322,101.834698,0.000000,0.685795795,0.648565419,1
pi3bplus_v2_margin_20260909T125804Z,pi3bplus,2,1,margin,true,50,12,2012,2026-09-09T13:04:05Z,1794439826445,tinydl_revision,n64,64,B2,1.0,35.400,35.400,1400.000,1400.000,1400.000,1400.000,1.668474,4.385478,0.460308,0.615827,0.142759,7.709457,101.902823,0.000000,0.693433287,0.613723316,1
pi3bplus_v2_margin_20260909T125804Z,pi3bplus,2,1,margin,true,50,13,2013,2026-09-09T13:04:05Z,1794542445667,tinydl_revision,n64,64,B2,1.0,34.862,35.938,1400.000,1400.000,1400.000,1400.000,1.606026,4.400010,0.463953,0.612234,0.147707,7.677010,101.895948,0.000000,0.729474596,0.717134762,1
pi3bplus_v2_margin_20260909T125804Z,pi3bplus,2,1,margin,true,50,14,2014,2026-09-09T13:04:05Z,1794645058848,tinydl_revision,n64,64,B2,1.0,35.400,35.400,1400.000,1400.000,1400.000,1400.000,1.583318,4.399905,0.465516,0.673639,0.143541,7.707790,101.839281,0.000000,0.700446760,0.624525336,1
pi3bplus_v2_margin_20260909T125804Z,pi3bplus,2,1,margin,true,50,15,2015,2026-09-09T13:04:05Z,1794747613435,tinydl_revision,n64,64,B2,1.0,35.400,35.938,1400.000,1400.000,1400.000,1400.000,1.738004,4.391729,0.463797,0.603379,0.141405,7.777686,101.748189,0.000000,0.695708044,0.670367273,1
pi3bplus_v2_margin_20260909T125804Z,pi3bplus,2,1,margin,true,50,16,2016,2026-09-09T13:04:05Z,1794850083440,tinydl_revision,n64,64,B2,1.0,35.400,35.400,1400.000,1400.000,1400.000,1400.000,1.565818,4.515217,0.466923,0.611036,0.141769,7.762008,101.903864,0.000000,0.644708293,0.618262811,1
pi3bplus_v2_margin_20260909T125804Z,pi3bplus,2,1,margin,true,50,17,2017,2026-09-09T13:04:05Z,1794952821046,tinydl_revision,n64,64,B2,1.0,35.400,35.400,1400.000,1400.000,1400.000,1400.000,1.610349,4.430791,0.625359,0.725618,0.151145,7.988673,101.860844,0.000000,0.749280948,0.747592102,1
pi3bplus_v2_margin_20260909T125804Z,pi3bplus,2,1,margin,true,50,18,2018,2026-09-09T13:04:05Z,1795055401102,tinydl_revision,n64,64,B2,1.0,35.400,35.400,1400.000,1400.000,1400.000,1400.000,1.643422,4.406051,0.464683,0.611713,0.140155,7.696436,101.916781,0.000000,0.713245001,0.664175820,1
pi3bplus_v2_margin_20260909T125804Z,pi3bplus,2,1,margin,true,50,19,2019,2026-09-09T13:04:05Z,1795158077667,tinydl_revision,n64,64,B2,1.0,35.400,34.862,1400.000,1400.000,1400.000,1400.000,1.590505,4.422562,0.465569,0.612285,0.142603,7.677947,101.834438,0.000000,0.651567225,0.572237791,1
pi3bplus_v2_margin_20260909T125804Z,pi3bplus,2,1,margin,true,50,20,2020,2026-09-09T13:04:06Z,1795260706525,tinydl_revision,n64,64,B2,1.0,35.400,34.862,1400.000,1400.000,1400.000,1400.000,1.872169,4.446572,0.466715,0.673951,0.144634,8.042631,101.842094,0.000000,0.648552680,0.652853905,1
pi3bplus_v2_margin_20260909T125804Z,pi3bplus,2,1,margin,true,50,21,2021,2026-09-09T13:04:06Z,1795363266476,tinydl_revision,n64,64,B2,1.0,35.400,35.400,1400.000,1400.000,1400.000,1400.000,1.673682,4.402093,0.462912,0.603848,0.142759,7.723155,101.899229,0.000000,0.708732440,0.751360166,1
pi3bplus_v2_margin_20260909T125804Z,pi3bplus,2,1,margin,true,50,22,2022,2026-09-09T13:04:06Z,1795465885646,tinydl_revision,n64,64,B2,1.0,35.400,35.938,1400.000,1400.000,1400.000,1400.000,1.568318,4.392093,0.473589,0.614734,0.141977,7.676749,101.843813,0.000000,0.650638458,0.625608560,1
pi3bplus_v2_margin_20260909T125804Z,pi3bplus,2,1,margin,true,50,23,2023,2026-09-09T13:04:06Z,1795568524034,tinydl_revision,n64,64,B2,1.0,35.400,35.400,1400.000,1400.000,1400.000,1400.000,1.600454,4.398083,0.464006,0.606609,0.143957,7.702947,101.829386,0.000000,0.684901825,0.712528101,1
pi3bplus_v2_margin_20260909T125804Z,pi3bplus,2,1,margin,true,50,24,2024,2026-09-09T13:04:06Z,1795671070080,tinydl_revision,n64,64,B2,1.0,35.400,35.400,1400.000,1400.000,1400.000,1400.000,1.673526,4.401989,0.464319,0.606088,0.141041,7.729144,101.903395,0.000000,0.642359853,0.581294571,1
pi3bplus_v2_margin_20260909T125804Z,pi3bplus,2,1,margin,true,50,25,2025,2026-09-09T13:04:06Z,1795773686802,tinydl_revision,n64,64,B2,1.0,35.400,35.938,1400.000,1400.000,1400.000,1400.000,1.570662,4.383916,0.473433,0.607338,0.139218,7.669353,101.728397,0.000000,0.742341540,0.738327745,1
pi3bplus_v2_margin_20260909T125804Z,pi3bplus,2,1,margin,true,50,26,2026,2026-09-09T13:04:06Z,1795876233524,tinydl_revision,n64,64,B2,1.0,34.862,35.400,1400.000,1400.000,1400.000,1400.000,1.658838,4.624852,0.464163,0.613380,0.147239,8.021538,101.894906,0.000000,0.661500831,0.633120962,1
pi3bplus_v2_margin_20260909T125804Z,pi3bplus,2,1,margin,true,50,27,2027,2026-09-09T13:04:06Z,1795978869308,tinydl_revision,n64,64,B2,1.0,35.400,35.400,1400.000,1400.000,1400.000,1400.000,1.640349,4.412510,0.462756,0.606713,0.140988,7.701437,101.922146,0.000000,0.604163374,0.599506290,1
pi3bplus_v2_margin_20260909T125804Z,pi3bplus,2,1,margin,true,50,28,2028,2026-09-09T13:04:06Z,1796081513218,tinydl_revision,n64,64,B2,1.0,35.400,35.400,1400.000,1400.000,1400.000,1400.000,1.575297,4.385166,0.513276,0.613119,0.140728,7.662426,101.837198,0.000000,0.663456648,0.629726161,1
pi3bplus_v2_margin_20260909T125804Z,pi3bplus,2,1,margin,true,50,29,2029,2026-09-09T13:04:06Z,1796184144054,tinydl_revision,n64,64,B2,1.0,35.400,35.400,1400.000,1400.000,1400.000,1400.000,1.624255,4.400114,0.463224,0.605567,0.140832,7.677374,101.838239,0.000000,0.661846702,0.633602607,1
pi3bplus_v2_margin_20260909T125804Z,pi3bplus,2,1,margin,true,50,30,2030,2026-09-09T13:04:07Z,1796286697287,tinydl_revision,n64,64,B2,1.0,34.862,35.400,1400.000,1400.000,1400.000,1400.000,1.657119,4.366104,0.469839,0.609682,0.141196,7.678572,101.904488,0.000000,0.649602786,0.640700780,1
pi3bplus_v2_margin_20260909T125804Z,pi3bplus,2,1,margin,true,50,31,2031,2026-09-09T13:04:07Z,1796389317185,tinydl_revision,n64,64,B2,1.0,35.400,35.400,1400.000,1400.000,1400.000,1400.000,1.566964,4.400218,0.506974,0.617182,0.140624,7.669093,101.838448,0.000000,0.666018452,0.606663407,1
pi3bplus_v2_margin_20260909T125804Z,pi3bplus,2,1,margin,true,50,32,2032,2026-09-09T13:04:07Z,1796491871303,tinydl_revision,n64,64,B2,1.0,34.862,35.400,1400.000,1400.000,1400.000,1400.000,1.678057,4.411624,0.464214,0.609161,0.142342,7.744405,101.868656,0.000000,0.661304301,0.665709064,1
pi3bplus_v2_margin_20260909T125804Z,pi3bplus,2,1,margin,true,50,33,2033,2026-09-09T13:04:07Z,1796594497712,tinydl_revision,n64,64,B2,1.0,34.862,34.862,1400.000,1400.000,1400.000,1400.000,1.640088,4.377145,0.460933,0.607598,0.140988,7.672114,101.914645,0.000000,0.711093245,0.682864334,1
pi3bplus_v2_margin_20260909T125804Z,pi3bplus,2,1,margin,true,50,34,2034,2026-09-09T13:04:07Z,1796697135163,tinydl_revision,n64,64,B2,1.0,35.400,35.400,1400.000,1400.000,1400.000,1400.000,1.577693,4.361208,0.463642,0.672702,0.142342,7.652322,101.853031,0.000000,0.708952240,0.677262564,1
pi3bplus_v2_margin_20260909T125804Z,pi3bplus,2,1,margin,true,50,35,2035,2026-09-09T13:04:07Z,1796799705478,tinydl_revision,n64,64,B2,1.0,35.400,34.862,1400.000,1400.000,1400.000,1400.000,1.670869,4.364541,0.466506,0.606973,0.147759,7.695760,101.796574,0.000000,0.700301834,0.641854684,1
pi3bplus_v2_margin_20260909T125804Z,pi3bplus,2,1,margin,true,50,36,2036,2026-09-09T13:04:07Z,1796902224128,tinydl_revision,n64,64,B2,1.0,35.938,34.862,1400.000,1400.000,1400.000,1400.000,1.571079,4.546987,0.471870,0.610359,0.140623,7.814925,101.993759,0.000000,0.688998255,0.724672977,1
pi3bplus_v2_margin_20260909T125804Z,pi3bplus,2,1,margin,true,50,37,2037,2026-09-09T13:04:07Z,1797004941109,tinydl_revision,n64,64,B2,1.0,35.938,35.400,1400.000,1400.000,1400.000,1400.000,1.583683,4.363917,0.463850,0.667233,0.150675,7.664406,101.843812,0.000000,0.670777334,0.667256250,1
pi3bplus_v2_margin_20260909T125804Z,pi3bplus,2,1,margin,true,50,38,2038,2026-09-09T13:04:07Z,1797107498300,tinydl_revision,n64,64,B2,1.0,35.400,34.862,1400.000,1400.000,1400.000,1400.000,1.690869,4.361104,0.468121,0.611348,0.147186,7.715551,101.899593,0.000000,0.655770835,0.609836014,1
pi3bplus_v2_margin_20260909T125804Z,pi3bplus,2,1,margin,true,50,39,2039,2026-09-09T13:04:07Z,1797210109761,tinydl_revision,n64,64,B2,1.0,34.862,35.400,1400.000,1400.000,1400.000,1400.000,1.570766,4.408551,0.467287,0.606400,0.142603,7.644770,101.852250,0.000000,0.656568338,0.636243037,1
pi3bplus_v2_margin_20260909T125804Z,pi3bplus,2,1,margin,true,51,0,2040,2026-09-09T13:04:08Z,1798018459434,fisvdd_revision,n64,64,B1,0.5,34.862,34.862,1400.000,1400.000,1400.000,1400.000,2.206229,4.659069,0.497547,1.348007,0.150050,9.378503,102.258547,0.000000,0.722882621,0.501944578,1
pi3bplus_v2_margin_20260909T125804Z,pi3bplus,2,1,margin,true,51,1,2041,2026-09-09T13:04:08Z,1798121535265,fisvdd_revision,n64,64,B1,0.5,35.400,35.400,1400.000,1400.000,1400.000,1400.000,1.978992,4.672142,0.468433,1.136499,0.142082,8.883248,101.841573,0.000000,0.675253453,0.497219399,1
pi3bplus_v2_margin_20260909T125804Z,pi3bplus,2,1,margin,true,51,2,2042,2026-09-09T13:04:08Z,1798224211673,fisvdd_revision,n64,64,B1,0.5,35.400,35.400,1400.000,1400.000,1400.000,1400.000,1.619412,4.394541,0.456871,1.183374,0.141509,8.245911,101.846520,0.000000,0.722400082,0.495588613,1
pi3bplus_v2_margin_20260909T125804Z,pi3bplus,2,1,margin,true,51,3,2043,2026-09-09T13:04:09Z,1798326791259,fisvdd_revision,n64,64,B1,0.5,34.862,34.862,1400.000,1400.000,1400.000,1400.000,1.697484,4.389854,0.459214,1.111239,0.138801,8.235546,101.980425,0.000000,0.636540297,0.498355808,1
pi3bplus_v2_margin_20260909T125804Z,pi3bplus,2,1,margin,true,51,4,2044,2026-09-09T13:04:09Z,1798429501938,fisvdd_revision,n64,64,B1,0.5,34.862,35.400,1400.000,1400.000,1400.000,1400.000,1.581183,4.395583,0.528433,1.116135,0.145415,8.211431,101.837718,0.000000,0.653696735,0.502118833,1
pi3bplus_v2_margin_20260909T125804Z,pi3bplus,2,1,margin,true,51,5,2045,2026-09-09T13:04:09Z,1798532153867,fisvdd_revision,n64,64,B1,0.5,35.400,34.862,1400.000,1400.000,1400.000,1400.000,1.622172,4.406573,0.469058,1.181395,0.146509,8.272055,101.852509,0.000000,0.683766323,0.499618191,1
pi3bplus_v2_margin_20260909T125804Z,pi3bplus,2,1,margin,true,51,6,2046,2026-09-09T13:04:09Z,1798634734182,fisvdd_revision,n64,64,B1,0.5,35.400,35.400,1400.000,1400.000,1400.000,1400.000,1.685921,4.393343,0.460517,1.112281,0.144582,8.237420,101.938081,0.000000,0.721293173,0.496969698,1
pi3bplus_v2_margin_20260909T125804Z,pi3bplus,2,1,margin,true,51,7,2047,2026-09-09T13:04:09Z,1798737443193,fisvdd_revision,n64,64,B1,0.5,34.324,35.400,1400.000,1400.000,1400.000,1400.000,1.605870,4.364593,0.546818,1.128740,0.145831,8.240025,101.854958,0.000000,0.668895344,0.502209008,1
pi3bplus_v2_margin_20260909T125804Z,pi3bplus,2,1,margin,true,51,8,2048,2026-09-09T13:04:09Z,1798840164757,fisvdd_revision,n64,64,B1,0.5,34.862,34.862,1400.000,1400.000,1400.000,1400.000,1.614984,4.425791,0.460465,1.189468,0.148228,8.286118,101.849749,0.000000,0.661761327,0.497517215,1
pi3bplus_v2_margin_20260909T125804Z,pi3bplus,2,1,margin,true,51,9,2049,2026-09-09T13:04:09Z,1798942744187,fisvdd_revision,n64,64,B1,0.5,35.400,34.862,1400.000,1400.000,1400.000,1400.000,1.784306,4.709122,0.467496,1.107906,0.139843,8.647156,101.977404,0.000000,0.679101126,0.498431001,1
pi3bplus_v2_margin_20260909T125804Z,pi3bplus,2,1,margin,true,51,10,2050,2026-09-09T13:04:09Z,1799045445647,fisvdd_revision,n64,64,B1,0.5,34.862,34.862,1400.000,1400.000,1400.000,1400.000,1.574256,4.370322,0.533120,1.130822,0.139634,8.193723,101.844540,0.000000,0.712741998,0.497125189,1
pi3bplus_v2_margin_20260909T125804Z,pi3bplus,2,1,margin,true,51,11,2051,2026-09-09T13:04:09Z,1799148086274,fisvdd_revision,n64,64,B1,0.5,34.862,34.862,1400.000,1400.000,1400.000,1400.000,1.615661,4.401156,0.465203,1.180405,0.149843,8.267733,101.838186,0.000000,0.750760366,0.503855108,1
pi3bplus_v2_margin_20260909T125804Z,pi3bplus,2,1,margin,true,51,12,2052,2026-09-09T13:04:09Z,1799250653516,fisvdd_revision,n64,64,B1,0.5,34.862,34.862,1400.000,1400.000,1400.000,1400.000,1.685245,4.387510,0.460829,1.116604,0.139010,8.236639,101.949175,0.000000,0.569738293,0.500917415,1
pi3bplus_v2_margin_20260909T125804Z,pi3bplus,2,1,margin,true,51,13,2053,2026-09-09T13:04:10Z,1799353329038,fisvdd_revision,n64,64,B1,0.5,35.400,34.324,1400.000,1400.000,1400.000,1400.000,1.577485,4.388239,0.519786,1.125406,0.144217,8.193046,101.853551,0.000000,0.694795362,0.499614441,1
pi3bplus_v2_margin_20260909T125804Z,pi3bplus,2,1,margin,true,51,14,2054,2026-09-09T13:04:10Z,1799455907061,fisvdd_revision,n64,64,B1,0.5,34.862,35.400,1400.000,1400.000,1400.000,1400.000,1.681338,4.400895,0.464162,1.107750,0.147395,8.303358,101.851416,0.000000,0.765360608,0.500629247,1
pi3bplus_v2_margin_20260909T125804Z,pi3bplus,2,1,margin,true,51,15,2055,2026-09-09T13:04:10Z,1799558481386,fisvdd_revision,n64,64,B1,0.5,34.324,34.862,1400.000,1400.000,1400.000,1400.000,1.629775,4.406312,0.466611,1.111708,0.144269,8.210963,101.931051,0.000000,0.740873410,0.500442521,1
pi3bplus_v2_margin_20260909T125804Z,pi3bplus,2,1,margin,true,51,16,2056,2026-09-09T13:04:10Z,1799661139669,fisvdd_revision,n64,64,B1,0.5,34.862,34.324,1400.000,1400.000,1400.000,1400.000,1.575714,4.405999,0.467391,1.199520,0.145936,8.243202,101.844541,0.000000,0.620228705,0.498535553,1
pi3bplus_v2_margin_20260909T125804Z,pi3bplus,2,1,margin,true,51,17,2057,2026-09-09T13:04:10Z,1799763708890,fisvdd_revision,n64,64,B1,0.5,34.324,34.324,1400.000,1400.000,1400.000,1400.000,1.692172,4.403708,0.468172,1.105302,0.143853,8.263983,102.216777,0.000000,0.634794889,0.500298229,1
pi3bplus_v2_margin_20260909T125804Z,pi3bplus,2,1,margin,true,51,18,2058,2026-09-09T13:04:10Z,1799866650035,fisvdd_revision,n64,64,B1,0.5,34.324,34.862,1400.000,1400.000,1400.000,1400.000,1.655401,4.390009,0.463849,1.110770,0.147811,8.202681,101.991518,0.000000,0.749454438,0.498493285,1
pi3bplus_v2_margin_20260909T125804Z,pi3bplus,2,1,margin,true,51,19,2059,2026-09-09T13:04:10Z,1799969368838,fisvdd_revision,n64,64,B1,0.5,34.324,34.862,1400.000,1400.000,1400.000,1400.000,1.616495,4.419436,0.517339,1.126916,0.138696,8.266795,101.903498,0.000000,0.692600712,0.497069997,1
pi3bplus_v2_margin_20260909T125804Z,pi3bplus,2,1,margin,true,51,20,2060,2026-09-09T13:04:10Z,1800072071131,fisvdd_revision,n64,64,B1,0.5,34.862,34.324,1400.000,1400.000,1400.000,1400.000,1.628630,4.413811,0.469110,1.165197,0.141769,8.268774,101.864696,0.000000,0.651273197,0.497211717,1
pi3bplus_v2_margin_20260909T125804Z,pi3bplus,2,1,margin,true,51,21,2061,2026-09-09T13:04:10Z,1800174665143,fisvdd_revision,n64,64,B1,0.5,34.862,34.324,1400.000,1400.000,1400.000,1400.000,1.699619,4.394124,0.465725,1.114833,0.144634,8.256171,101.920321,0.000000,0.686770209,0.501747299,1
pi3bplus_v2_margin_20260909T125804Z,pi3bplus,2,1,margin,true,51,22,2062,2026-09-09T13:04:11Z,1800277353061,fisvdd_revision,n64,64,B1,0.5,34.862,34.324,1400.000,1400.000,1400.000,1400.000,1.593527,4.407717,0.510464,1.127437,0.138644,8.224140,101.842509,0.000000,0.756160687,0.500470294,1
pi3bplus_v2_margin_20260909T125804Z,pi3bplus,2,1,margin,true,51,23,2063,2026-09-09T13:04:11Z,1800379916240,fisvdd_revision,n64,64,B1,0.5,34.324,34.324,1400.000,1400.000,1400.000,1400.000,1.685505,4.393239,0.469110,1.121499,0.141717,8.301795,101.858499,0.000000,0.668081830,0.499756318,1
pi3bplus_v2_margin_20260909T125804Z,pi3bplus,2,1,margin,true,51,24,2064,2026-09-09T13:04:11Z,1800482495930,fisvdd_revision,n64,64,B1,0.5,34.324,34.324,1400.000,1400.000,1400.000,1400.000,1.635818,4.399124,0.467548,1.116135,0.139322,8.211744,101.916414,0.000000,0.665963421,0.499511949,1
pi3bplus_v2_margin_20260909T125804Z,pi3bplus,2,1,margin,true,51,25,2065,2026-09-09T13:04:11Z,1800585137494,fisvdd_revision,n64,64,B1,0.5,34.324,34.324,1400.000,1400.000,1400.000,1400.000,1.575766,4.401833,0.466246,1.180249,0.139790,8.209921,101.849280,0.000000,0.660786700,0.496744752,1
pi3bplus_v2_margin_20260909T125804Z,pi3bplus,2,1,margin,true,51,26,2066,2026-09-09T13:04:11Z,1800687716454,fisvdd_revision,n64,64,B1,0.5,34.862,34.324,1400.000,1400.000,1400.000,1400.000,1.669255,4.408343,0.468224,1.108219,0.139738,8.232733,101.894800,0.000000,0.738267522,0.500157347,1
pi3bplus_v2_margin_20260909T125804Z,pi3bplus,2,1,margin,true,51,27,2067,2026-09-09T13:04:11Z,1800790338435,fisvdd_revision,n64,64,B1,0.5,34.862,34.324,1400.000,1400.000,1400.000,1400.000,1.579255,4.452666,0.469215,1.116396,0.139790,8.225754,101.807978,0.000000,0.693987850,0.500706804,1
pi3bplus_v2_margin_20260909T125804Z,pi3bplus,2,1,margin,true,51,28,2068,2026-09-09T13:04:11Z,1800892879166,fisvdd_revision,n64,64,B1,0.5,34.324,34.324,1400.000,1400.000,1400.000,1400.000,1.593526,4.409593,0.462027,1.182176,0.141614,8.234713,101.886988,0.000000,0.717237311,0.501055033,1
pi3bplus_v2_margin_20260909T125804Z,pi3bplus,2,1,margin,true,51,29,2069,2026-09-09T13:04:11Z,1800995535313,fisvdd_revision,n64,64,B1,0.5,33.786,34.324,1400.000,1400.000,1400.000,1400.000,1.764358,4.581206,0.463433,1.109781,0.263435,8.629657,101.912248,0.000000,0.695047982,0.501326967,1
pi3bplus_v2_margin_20260909T125804Z,pi3bplus,2,1,margin,true,51,30,2070,2026-09-09T13:04:11Z,1801098195471,fisvdd_revision,n64,64,B1,0.5,34.324,34.324,1400.000,1400.000,1400.000,1400.000,1.580662,4.424176,0.458797,1.117333,0.139321,8.179973,101.904175,0.000000,0.763165964,0.498126664,1
pi3bplus_v2_margin_20260909T125804Z,pi3bplus,2,1,margin,true,51,31,2071,2026-09-09T13:04:11Z,1801200825316,fisvdd_revision,n64,64,B1,0.5,34.862,34.324,1400.000,1400.000,1400.000,1400.000,1.595088,4.403656,0.465255,1.182645,0.142186,8.241431,101.855009,0.000000,0.758772246,0.497990302,1
pi3bplus_v2_margin_20260909T125804Z,pi3bplus,2,1,margin,true,51,32,2072,2026-09-09T13:04:12Z,1801303408130,fisvdd_revision,n64,64,B1,0.5,34.862,34.324,1400.000,1400.000,1400.000,1400.000,1.698786,4.394384,0.470360,1.106968,0.139217,8.254140,101.899540,0.000000,0.646416732,0.499494165,1
pi3bplus_v2_margin_20260909T125804Z,pi3bplus,2,1,margin,true,51,33,2073,2026-09-09T13:04:12Z,1801406027246,fisvdd_revision,n64,64,B1,0.5,34.324,34.324,1400.000,1400.000,1400.000,1400.000,1.576287,4.458082,0.465621,1.107906,0.139895,8.203776,101.840530,0.000000,0.702468409,0.502199143,1
pi3bplus_v2_margin_20260909T125804Z,pi3bplus,2,1,margin,true,51,34,2074,2026-09-09T13:04:12Z,1801508651518,fisvdd_revision,n64,64,B1,0.5,34.324,34.324,1400.000,1400.000,1400.000,1400.000,1.605557,4.388031,0.466089,1.195093,0.139322,8.240911,101.826520,0.000000,0.765151535,0.499375178,1
pi3bplus_v2_margin_20260909T125804Z,pi3bplus,2,1,margin,true,51,35,2075,2026-09-09T13:04:12Z,1801611203500,fisvdd_revision,n64,64,B1,0.5,34.324,34.324,1400.000,1400.000,1400.000,1400.000,1.683838,4.376624,0.467183,1.111604,0.136353,8.224139,101.911362,0.000000,0.638262286,0.499083243,1
pi3bplus_v2_margin_20260909T125804Z,pi3bplus,2,1,margin,true,51,36,2076,2026-09-09T13:04:12Z,1801713883344,fisvdd_revision,n64,64,B1,0.5,34.324,34.324,1400.000,1400.000,1400.000,1400.000,1.592693,4.378291,0.469267,1.109885,0.140103,8.186171,101.859748,0.000000,0.604546167,0.499041173,1
pi3bplus_v2_margin_20260909T125804Z,pi3bplus,2,1,margin,true,51,37,2077,2026-09-09T13:04:12Z,1801816557564,fisvdd_revision,n64,64,B1,0.5,34.324,34.324,1400.000,1400.000,1400.000,1400.000,1.626234,4.474488,0.469058,1.198009,0.139582,8.377315,101.791467,0.000000,0.664082398,0.498516390,1
pi3bplus_v2_margin_20260909T125804Z,pi3bplus,2,1,margin,true,51,38,2078,2026-09-09T13:04:12Z,1801919074181,fisvdd_revision,n64,64,B1,0.5,34.324,34.324,1400.000,1400.000,1400.000,1400.000,1.698733,4.415165,0.470204,1.114417,0.139322,8.279659,101.943237,0.000000,0.686988908,0.505663628,1
pi3bplus_v2_margin_20260909T125804Z,pi3bplus,2,1,margin,true,51,39,2079,2026-09-09T13:04:12Z,1802021740588,fisvdd_revision,n64,64,B1,0.5,34.324,34.324,1400.000,1400.000,1400.000,1400.000,1.603943,4.437562,0.467391,1.117645,0.140050,8.273826,101.899904,0.000000,0.658877076,0.501067393,1
pi3bplus_v2_margin_20260909T125804Z,pi3bplus,2,1,margin,true,52,0,2080,2026-09-09T13:04:13Z,1802788564347,oi_svdd_as_elm_revision,n1024,1024,B2,1.0,34.324,34.862,1400.000,1400.000,1400.000,1400.000,1.880294,69.523289,2.402946,26.972865,0.141301,104.288995,106.335955,4.288995,0.687495356,0.641418148,1
pi3bplus_v2_margin_20260909T125804Z,pi3bplus,2,1,margin,true,52,1,2081,2026-09-09T13:04:13Z,1802897011688,oi_svdd_as_elm_revision,n1024,1024,B2,1.0,34.862,34.324,1400.000,1400.000,1400.000,1400.000,1.994044,69.117094,2.020085,23.776802,0.139895,100.111483,101.888237,0.111483,0.684486522,0.640618288,1
pi3bplus_v2_margin_20260909T125804Z,pi3bplus,2,1,margin,true,52,2,2082,2026-09-09T13:04:13Z,1803000886468,oi_svdd_as_elm_revision,n1024,1024,B2,1.0,34.862,34.862,1400.000,1400.000,1400.000,1400.000,1.720088,67.158780,1.840139,23.342796,0.138072,97.327084,101.835426,0.000000,0.669528316,0.634389474,1
pi3bplus_v2_margin_20260909T125804Z,pi3bplus,2,1,margin,true,52,3,2083,2026-09-09T13:04:13Z,1803104713593,oi_svdd_as_elm_revision,n1024,1024,B2,1.0,34.862,34.862,1400.000,1400.000,1400.000,1400.000,1.707275,67.110707,1.876753,23.346911,0.143853,97.323646,101.842821,0.000000,0.683862578,0.640570367,1
pi3bplus_v2_margin_20260909T125804Z,pi3bplus,2,1,margin,true,52,4,2084,2026-09-09T13:04:13Z,1803208548010,oi_svdd_as_elm_revision,n1024,1024,B2,1.0,34.324,35.400,1400.000,1400.000,1400.000,1400.000,1.712067,67.073833,1.862222,23.380973,0.140415,97.253750,101.846206,0.000000,0.687653510,0.629681937,1
pi3bplus_v2_margin_20260909T125804Z,pi3bplus,2,1,margin,true,52,5,2085,2026-09-09T13:04:14Z,1803312385915,oi_svdd_as_elm_revision,n1024,1024,B2,1.0,34.324,34.862,1400.000,1400.000,1400.000,1400.000,1.708004,66.992115,1.863472,23.456701,0.136717,97.264271,101.840269,0.000000,0.695369615,0.644857113,1
pi3bplus_v2_margin_20260909T125804Z,pi3bplus,2,1,margin,true,52,6,2086,2026-09-09T13:04:14Z,1803416209915,oi_svdd_as_elm_revision,n1024,1024,B2,1.0,35.400,34.862,1400.000,1400.000,1400.000,1400.000,1.713785,67.068573,1.903159,23.310765,0.140207,97.161928,101.828237,0.000000,0.680985157,0.630339422,1
pi3bplus_v2_margin_20260909T125804Z,pi3bplus,2,1,margin,true,52,7,2087,2026-09-09T13:04:14Z,1803519961623,oi_svdd_as_elm_revision,n1024,1024,B2,1.0,35.400,35.400,1400.000,1400.000,1400.000,1400.000,1.712900,66.863419,1.918627,23.322119,0.140572,97.061669,101.851727,0.000000,0.690892061,0.644003337,1
pi3bplus_v2_margin_20260909T125804Z,pi3bplus,2,1,margin,true,52,8,2088,2026-09-09T13:04:14Z,1803623731874,oi_svdd_as_elm_revision,n1024,1024,B2,1.0,35.400,35.400,1400.000,1400.000,1400.000,1400.000,1.784305,66.989928,1.937950,23.419201,0.139947,97.299218,101.886622,0.000000,0.675609801,0.647572213,1
pi3bplus_v2_margin_20260909T125804Z,pi3bplus,2,1,margin,true,52,9,2089,2026-09-09T13:04:14Z,1803727558217,oi_svdd_as_elm_revision,n1024,1024,B2,1.0,35.400,35.400,1400.000,1400.000,1400.000,1400.000,1.795973,66.942636,1.951440,23.408159,0.148123,97.300156,101.894799,0.000000,0.677718303,0.632115067,1
pi3bplus_v2_margin_20260909T125804Z,pi3bplus,2,1,margin,true,52,10,2090,2026-09-09T13:04:14Z,1803831427789,oi_svdd_as_elm_revision,n1024,1024,B2,1.0,35.400,35.400,1400.000,1400.000,1400.000,1400.000,1.789201,68.697828,1.852221,23.432013,0.143489,99.384980,101.955007,0.000000,0.691081322,0.635426468,1
pi3bplus_v2_margin_20260909T125804Z,pi3bplus,2,1,margin,true,52,11,2091,2026-09-09T13:04:14Z,1803935306215,oi_svdd_as_elm_revision,n1024,1024,B2,1.0,35.400,35.938,1400.000,1400.000,1400.000,1400.000,1.796649,67.454090,2.002012,23.465034,0.139582,97.904890,101.917403,0.000000,0.693269055,0.640388291,1
pi3bplus_v2_margin_20260909T125804Z,pi3bplus,2,1,margin,true,52,12,2092,2026-09-09T13:04:14Z,1804039146829,oi_svdd_as_elm_revision,n1024,1024,B2,1.0,35.938,35.400,1400.000,1400.000,1400.000,1400.000,1.781389,67.078937,1.915815,23.313265,0.144113,97.287604,101.932091,0.000000,0.677448217,0.625591891,1
pi3bplus_v2_margin_20260909T125804Z,pi3bplus,2,1,margin,true,52,13,2093,2026-09-09T13:04:14Z,1804143009370,oi_svdd_as_elm_revision,n1024,1024,B2,1.0,35.400,35.400,1400.000,1400.000,1400.000,1400.000,1.813212,67.082791,1.880190,23.306807,0.149321,97.313645,101.938340,0.000000,0.689118500,0.648289933,1
pi3bplus_v2_margin_20260909T125804Z,pi3bplus,2,1,margin,true,52,14,2094,2026-09-09T13:04:14Z,1804246876494,oi_svdd_as_elm_revision,n1024,1024,B2,1.0,35.938,35.400,1400.000,1400.000,1400.000,1400.000,1.782692,67.065551,1.907847,23.181912,0.185727,97.201771,101.926205,0.000000,0.672235966,0.642235264,1
pi3bplus_v2_margin_20260909T125804Z,pi3bplus,2,1,margin,true,52,15,2095,2026-09-09T13:04:15Z,1804350733722,oi_svdd_as_elm_revision,n1024,1024,B2,1.0,35.400,35.400,1400.000,1400.000,1400.000,1400.000,1.781441,66.916542,1.919513,23.241234,0.146145,97.123022,101.908497,0.000000,0.682799207,0.634272325,1
pi3bplus_v2_margin_20260909T125804Z,pi3bplus,2,1,margin,true,52,16,2096,2026-09-09T13:04:15Z,1804454571888,oi_svdd_as_elm_revision,n1024,1024,B2,1.0,35.938,35.938,1400.000,1400.000,1400.000,1400.000,1.791910,67.160967,1.894045,23.259932,0.145520,97.332759,101.899695,0.000000,0.699325766,0.642132726,1
pi3bplus_v2_margin_20260909T125804Z,pi3bplus,2,1,margin,true,52,17,2097,2026-09-09T13:04:15Z,1804558403074,oi_svdd_as_elm_revision,n1024,1024,B2,1.0,35.400,35.400,1400.000,1400.000,1400.000,1400.000,1.785087,66.997323,1.907013,23.308786,0.140520,97.239949,101.890841,0.000000,0.690497379,0.639244237,1
pi3bplus_v2_margin_20260909T125804Z,pi3bplus,2,1,margin,true,52,18,2098,2026-09-09T13:04:15Z,1804662212647,oi_svdd_as_elm_revision,n1024,1024,B2,1.0,36.476,35.400,1400.000,1400.000,1400.000,1400.000,1.703161,67.193727,1.877378,23.326546,0.138228,97.313905,101.910215,0.000000,0.673034141,0.622297248,1
pi3bplus_v2_margin_20260909T125804Z,pi3bplus,2,1,margin,true,52,19,2099,2026-09-09T13:04:15Z,1804766119770,oi_svdd_as_elm_revision,n1024,1024,B2,1.0,35.938,35.938,1400.000,1400.000,1400.000,1400.000,1.740712,67.239456,1.881023,23.278630,0.142290,97.377187,101.851727,0.000000,0.686247079,0.645209069,1
pi3bplus_v2_margin_20260909T125804Z,pi3bplus,2,1,margin,true,52,20,2100,2026-09-09T13:04:15Z,1804869946009,oi_svdd_as_elm_revision,n1024,1024,B2,1.0,36.476,35.400,1400.000,1400.000,1400.000,1400.000,1.711963,68.834232,2.455497,23.704407,0.138436,100.447261,102.269848,0.447261,0.676598709,0.646828078,1
pi3bplus_v2_margin_20260909T125804Z,pi3bplus,2,1,margin,true,52,21,2101,2026-09-09T13:04:15Z,1804974142921,oi_svdd_as_elm_revision,n1024,1024,B2,1.0,35.400,35.400,1400.000,1400.000,1400.000,1400.000,1.708213,68.156218,1.931752,23.450972,0.142915,98.433374,101.846935,0.000000,0.684825413,0.633038341,1
pi3bplus_v2_margin_20260909T125804Z,pi3bplus,2,1,margin,true,52,22,2102,2026-09-09T13:04:15Z,1805077969368,oi_svdd_as_elm_revision,n1024,1024,B2,1.0,36.476,35.938,1400.000,1400.000,1400.000,1400.000,1.705244,67.154457,1.859357,23.319411,0.139634,97.292656,101.844279,0.000000,0.698673855,0.640505636,1
pi3bplus_v2_margin_20260909T125804Z,pi3bplus,2,1,margin,true,52,23,2103,2026-09-09T13:04:15Z,1805181993887,oi_svdd_as_elm_revision,n1024,1024,B2,1.0,35.938,36.476,1400.000,1400.000,1400.000,1400.000,1.724410,67.250290,1.859253,23.438524,0.143644,97.527080,101.839018,0.000000,0.687429923,0.637510958,1
pi3bplus_v2_margin_20260909T125804Z,pi3bplus,2,1,margin,true,52,24,2104,2026-09-09T13:04:16Z,1805285806375,oi_svdd_as_elm_revision,n1024,1024,B2,1.0,35.938,35.938,1400.000,1400.000,1400.000,1400.000,1.705140,67.237789,1.893055,23.300973,0.141144,97.365416,101.844591,0.000000,0.673737228,0.627490225,1
pi3bplus_v2_margin_20260909T125804Z,pi3bplus,2,1,margin,true,52,25,2105,2026-09-09T13:04:16Z,1805389654593,oi_svdd_as_elm_revision,n1024,1024,B2,1.0,36.476,36.476,1400.000,1400.000,1400.000,1400.000,1.711910,67.215863,1.885138,23.359827,0.141561,97.412550,101.850685,0.000000,0.685258366,0.644905958,1
pi3bplus_v2_margin_20260909T125804Z,pi3bplus,2,1,margin,true,52,26,2106,2026-09-09T13:04:16Z,1805493495571,oi_svdd_as_elm_revision,n1024,1024,B2,1.0,36.476,36.476,1400.000,1400.000,1400.000,1400.000,1.717952,67.222529,1.862274,23.317483,0.146353,97.398384,101.846101,0.000000,0.680245038,0.643984462,1
pi3bplus_v2_margin_20260909T125804Z,pi3bplus,2,1,margin,true,52,27,2107,2026-09-09T13:04:16Z,1805597319153,oi_svdd_as_elm_revision,n1024,1024,B2,1.0,35.938,36.476,1400.000,1400.000,1400.000,1400.000,1.706129,67.214768,1.848159,23.360712,0.145884,97.383072,101.852664,0.000000,0.679389441,0.625304331,1
pi3bplus_v2_margin_20260909T125804Z,pi3bplus,2,1,margin,true,52,28,2108,2026-09-09T13:04:16Z,1805701149350,oi_svdd_as_elm_revision,n1024,1024,B2,1.0,36.476,35.938,1400.000,1400.000,1400.000,1400.000,1.707379,66.989510,1.868888,23.461805,0.138176,97.305989,101.839539,0.000000,0.707674627,0.653211970,1
pi3bplus_v2_margin_20260909T125804Z,pi3bplus,2,1,margin,true,52,29,2109,2026-09-09T13:04:16Z,1805804955953,oi_svdd_as_elm_revision,n1024,1024,B2,1.0,35.938,35.400,1400.000,1400.000,1400.000,1400.000,1.706077,67.162270,1.844826,23.470347,0.143748,97.422863,101.844852,0.000000,0.677294765,0.627385225,1
pi3bplus_v2_margin_20260909T125804Z,pi3bplus,2,1,margin,true,52,30,2110,2026-09-09T13:04:16Z,1805908786775,oi_svdd_as_elm_revision,n1024,1024,B2,1.0,36.476,36.476,1400.000,1400.000,1400.000,1400.000,1.722692,68.829649,1.899149,23.419826,0.154842,99.587582,101.836049,0.000000,0.678941787,0.631551312,1
pi3bplus_v2_margin_20260909T125804Z,pi3bplus,2,1,margin,true,52,31,2111,2026-09-09T13:04:16Z,1806012606972,oi_svdd_as_elm_revision,n1024,1024,B2,1.0,36.476,36.476,1400.000,1400.000,1400.000,1400.000,1.712796,67.445339,1.872377,23.364566,0.139947,97.627705,101.838549,0.000000,0.679198535,0.643557387,1
pi3bplus_v2_margin_20260909T125804Z,pi3bplus,2,1,margin,true,52,32,2112,2026-09-09T13:04:16Z,1806116473575,oi_svdd_as_elm_revision,n1024,1024,B2,1.0,36.476,37.014,1400.000,1400.000,1400.000,1400.000,1.726181,67.518203,1.887378,23.451701,0.139634,97.824265,101.838237,0.000000,0.678379934,0.642875271,1
pi3bplus_v2_margin_20260909T125804Z,pi3bplus,2,1,margin,true,52,33,2113,2026-09-09T13:04:16Z,1806220304032,oi_svdd_as_elm_revision,n1024,1024,B2,1.0,36.476,36.476,1400.000,1400.000,1400.000,1400.000,1.709827,67.235497,1.886232,23.387691,0.141509,97.503435,101.846309,0.000000,0.688082666,0.631298232,1
pi3bplus_v2_margin_20260909T125804Z,pi3bplus,2,1,margin,true,52,34,2114,2026-09-09T13:04:17Z,1806324114750,oi_svdd_as_elm_revision,n1024,1024,B2,1.0,36.476,36.476,1400.000,1400.000,1400.000,1400.000,1.709983,67.198883,1.936857,23.360920,0.139373,97.396248,101.843601,0.000000,0.696485505,0.638391213,1
pi3bplus_v2_margin_20260909T125804Z,pi3bplus,2,1,margin,true,52,35,2115,2026-09-09T13:04:17Z,1806427880884,oi_svdd_as_elm_revision,n1024,1024,B2,1.0,36.476,36.476,1400.000,1400.000,1400.000,1400.000,1.766545,67.231852,1.926439,23.484513,0.139582,97.616923,101.867143,0.000000,0.684099051,0.637861091,1
pi3bplus_v2_margin_20260909T125804Z,pi3bplus,2,1,margin,true,52,36,2116,2026-09-09T13:04:17Z,1806531665248,oi_svdd_as_elm_revision,n1024,1024,B2,1.0,36.476,35.400,1400.000,1400.000,1400.000,1400.000,1.765660,67.133415,1.897013,23.239724,0.150259,97.226823,101.896465,0.000000,0.684798106,0.637004156,1
pi3bplus_v2_margin_20260909T125804Z,pi3bplus,2,1,margin,true,52,37,2117,2026-09-09T13:04:17Z,1806635528413,oi_svdd_as_elm_revision,n1024,1024,B2,1.0,35.938,36.476,1400.000,1400.000,1400.000,1400.000,1.772066,67.287268,1.926492,23.278526,0.146301,97.469112,101.902611,0.000000,0.670784068,0.634267831,1
pi3bplus_v2_margin_20260909T125804Z,pi3bplus,2,1,margin,true,52,38,2118,2026-09-09T13:04:17Z,1806739368036,oi_svdd_as_elm_revision,n1024,1024,B2,1.0,36.476,35.938,1400.000,1400.000,1400.000,1400.000,1.758056,67.351590,2.018053,23.265088,0.141196,97.574111,101.900163,0.000000,0.686584046,0.648490995,1
pi3bplus_v2_margin_20260909T125804Z,pi3bplus,2,1,margin,true,52,39,2119,2026-09-09T13:04:17Z,1806843196045,oi_svdd_as_elm_revision,n1024,1024,B2,1.0,36.476,36.476,1400.000,1400.000,1400.000,1400.000,1.804618,67.153623,1.895190,23.391441,0.148905,97.450883,102.343597,0.000000,0.689100799,0.633836224,1
pi3bplus_v2_margin_20260909T125804Z,pi3bplus,2,1,margin,true,53,0,2120,2026-09-09T13:04:18Z,1807613988038,tinydl_revision,n16,16,B2,1.0,36.476,35.400,1400.000,1400.000,1400.000,1400.000,2.022584,1.330508,0.387079,0.491975,0.147290,4.721933,102.237711,0.000000,0.583858427,0.497566839,1
pi3bplus_v2_margin_20260909T125804Z,pi3bplus,2,1,margin,true,53,1,2121,2026-09-09T13:04:18Z,1807716892670,tinydl_revision,n16,16,B2,1.0,36.476,35.938,1400.000,1400.000,1400.000,1400.000,2.081594,1.328633,0.348591,0.418538,0.131822,4.609330,101.831830,0.000000,0.671130983,0.525528246,1
pi3bplus_v2_margin_20260909T125804Z,pi3bplus,2,1,margin,true,53,2,2122,2026-09-09T13:04:18Z,1807819376160,tinydl_revision,n16,16,B2,1.0,35.938,35.400,1400.000,1400.000,1400.000,1400.000,1.671286,1.271966,0.347185,0.400153,0.135571,4.117096,101.908288,0.000000,0.756928533,0.756485335,1
pi3bplus_v2_margin_20260909T125804Z,pi3bplus,2,1,margin,true,53,3,2123,2026-09-09T13:04:18Z,1807921926317,tinydl_revision,n16,16,B2,1.0,35.938,36.476,1400.000,1400.000,1400.000,1400.000,1.738212,1.331445,0.347913,0.408642,0.131041,4.251521,101.772299,0.000000,0.590508717,0.603668685,1
pi3bplus_v2_margin_20260909T125804Z,pi3bplus,2,1,margin,true,53,4,2124,2026-09-09T13:04:18Z,1808024414130,tinydl_revision,n16,16,B2,1.0,35.938,35.400,1400.000,1400.000,1400.000,1400.000,1.611495,1.278321,0.343487,0.475516,0.141978,4.151783,101.896673,0.000000,0.645285449,0.553180672,1
pi3bplus_v2_margin_20260909T125804Z,pi3bplus,2,1,margin,true,53,5,2125,2026-09-09T13:04:18Z,1808126971578,tinydl_revision,n16,16,B2,1.0,35.938,35.400,1400.000,1400.000,1400.000,1400.000,1.644671,1.279987,0.345205,0.408694,0.131978,4.096732,101.916309,0.000000,0.672819352,0.573620616,1
pi3bplus_v2_margin_20260909T125804Z,pi3bplus,2,1,margin,true,53,6,2126,2026-09-09T13:04:18Z,1808229536422,tinydl_revision,n16,16,B2,1.0,35.400,35.400,1400.000,1400.000,1400.000,1400.000,1.572276,1.326341,0.346507,0.407392,0.131301,4.068242,101.867090,0.000000,0.609056183,0.517775381,1
pi3bplus_v2_margin_20260909T125804Z,pi3bplus,2,1,margin,true,53,7,2127,2026-09-09T13:04:19Z,1808332123870,tinydl_revision,n16,16,B2,1.0,35.938,35.938,1400.000,1400.000,1400.000,1400.000,1.609620,1.282539,0.347236,0.407236,0.134010,4.111210,101.832923,0.000000,0.615661458,0.565115351,1
pi3bplus_v2_margin_20260909T125804Z,pi3bplus,2,1,margin,true,53,8,2128,2026-09-09T13:04:19Z,1808434606579,tinydl_revision,n16,16,B2,1.0,35.938,35.400,1400.000,1400.000,1400.000,1400.000,1.667380,1.289675,0.346143,0.407496,0.132291,4.128449,101.908704,0.000000,0.745609806,0.627482668,1
pi3bplus_v2_margin_20260909T125804Z,pi3bplus,2,1,margin,true,53,9,2129,2026-09-09T13:04:19Z,1808537167724,tinydl_revision,n16,16,B2,1.0,35.400,35.400,1400.000,1400.000,1400.000,1400.000,1.571912,1.333789,0.349684,0.403486,0.134478,4.089388,101.825216,0.000000,0.666301496,0.730177283,1
pi3bplus_v2_margin_20260909T125804Z,pi3bplus,2,1,margin,true,53,10,2130,2026-09-09T13:04:19Z,1808639639600,tinydl_revision,n16,16,B2,1.0,35.400,35.400,1400.000,1400.000,1400.000,1400.000,1.652432,1.270613,0.335621,0.400413,0.131718,4.085898,101.897871,0.000000,0.889556291,0.947238557,1
pi3bplus_v2_margin_20260909T125804Z,pi3bplus,2,1,margin,true,53,11,2131,2026-09-09T13:04:19Z,1808742225954,tinydl_revision,n16,16,B2,1.0,35.938,35.938,1400.000,1400.000,1400.000,1400.000,1.598838,1.318477,0.340101,0.408069,0.133019,4.088242,101.913391,0.000000,0.671734916,0.694056610,1
pi3bplus_v2_margin_20260909T125804Z,pi3bplus,2,1,margin,true,53,12,2132,2026-09-09T13:04:19Z,1808844784600,tinydl_revision,n16,16,B2,1.0,35.938,35.938,1400.000,1400.000,1400.000,1400.000,1.588318,1.274310,0.437392,0.416402,0.141197,4.158657,101.895318,0.000000,0.725477384,0.651536961,1
pi3bplus_v2_margin_20260909T125804Z,pi3bplus,2,1,margin,true,53,13,2133,2026-09-09T13:04:19Z,1808947323714,tinydl_revision,n16,16,B2,1.0,35.400,35.400,1400.000,1400.000,1400.000,1400.000,1.678056,1.290039,0.347600,0.401298,0.137915,4.147512,101.828601,0.000000,0.588110934,0.556851016,1
pi3bplus_v2_margin_20260909T125804Z,pi3bplus,2,1,margin,true,53,14,2134,2026-09-09T13:04:19Z,1809049794132,tinydl_revision,n16,16,B2,1.0,35.938,35.400,1400.000,1400.000,1400.000,1400.000,1.557849,1.327591,0.338955,0.410621,0.136145,4.067304,101.856308,0.000000,0.757199056,0.762489787,1
pi3bplus_v2_margin_20260909T125804Z,pi3bplus,2,1,margin,true,53,15,2135,2026-09-09T13:04:19Z,1809152345225,tinydl_revision,n16,16,B2,1.0,35.400,35.400,1400.000,1400.000,1400.000,1400.000,1.593058,1.279310,0.348851,0.474318,0.139999,4.125377,101.831361,0.000000,0.756362527,0.744317488,1
pi3bplus_v2_margin_20260909T125804Z,pi3bplus,2,1,margin,true,53,16,2136,2026-09-09T13:04:20Z,1809254819914,tinydl_revision,n16,16,B2,1.0,35.400,35.938,1400.000,1400.000,1400.000,1400.000,1.635922,1.289050,0.350049,0.410205,0.131718,4.098710,101.954901,0.000000,0.674278882,0.696695579,1
pi3bplus_v2_margin_20260909T125804Z,pi3bplus,2,1,margin,true,53,17,2137,2026-09-09T13:04:20Z,1809357419600,tinydl_revision,n16,16,B2,1.0,35.400,36.476,1400.000,1400.000,1400.000,1400.000,1.578943,1.321549,0.346924,0.407496,0.131665,4.072253,101.842559,0.000000,0.681202277,0.666397198,1
pi3bplus_v2_margin_20260909T125804Z,pi3bplus,2,1,margin,true,53,18,2138,2026-09-09T13:04:20Z,1809459907413,tinydl_revision,n16,16,B2,1.0,35.400,35.400,1400.000,1400.000,1400.000,1400.000,1.672744,1.284467,0.349632,0.412132,0.174946,4.178397,101.856100,0.000000,0.701608266,0.615958451,1
pi3bplus_v2_margin_20260909T125804Z,pi3bplus,2,1,margin,true,53,19,2139,2026-09-09T13:04:20Z,1809562400955,tinydl_revision,n16,16,B2,1.0,35.400,35.400,1400.000,1400.000,1400.000,1400.000,1.598422,1.279780,0.340153,0.410413,0.132551,4.054127,101.881360,0.000000,0.759370778,0.692422571,1
pi3bplus_v2_margin_20260909T125804Z,pi3bplus,2,1,margin,true,53,20,2140,2026-09-09T13:04:20Z,1809664924184,tinydl_revision,n16,16,B2,1.0,35.400,35.400,1400.000,1400.000,1400.000,1400.000,1.564672,1.274519,0.406038,0.411350,0.135884,4.080950,101.837975,0.000000,0.726767924,0.872967245,1
pi3bplus_v2_margin_20260909T125804Z,pi3bplus,2,1,margin,true,53,21,2141,2026-09-09T13:04:20Z,1809767406789,tinydl_revision,n16,16,B2,1.0,35.400,35.400,1400.000,1400.000,1400.000,1400.000,1.649776,1.276602,0.348955,0.404319,0.133123,4.095429,101.894641,0.000000,0.707458108,0.684434420,1
pi3bplus_v2_margin_20260909T125804Z,pi3bplus,2,1,margin,true,53,22,2142,2026-09-09T13:04:20Z,1809869944392,tinydl_revision,n16,16,B2,1.0,35.938,35.400,1400.000,1400.000,1400.000,1400.000,1.563058,1.320300,0.345726,0.411819,0.131040,4.058399,101.885371,0.000000,0.767290996,0.742233045,1
pi3bplus_v2_margin_20260909T125804Z,pi3bplus,2,1,margin,true,53,23,2143,2026-09-09T13:04:20Z,1809972564131,tinydl_revision,n16,16,B2,1.0,35.400,35.400,1400.000,1400.000,1400.000,1400.000,1.602537,1.271081,0.392079,0.419475,0.132863,4.103867,101.769434,0.000000,0.595392518,0.502534021,1
pi3bplus_v2_margin_20260909T125804Z,pi3bplus,2,1,margin,true,53,24,2144,2026-09-09T13:04:20Z,1810074984809,tinydl_revision,n16,16,B2,1.0,35.400,35.938,1400.000,1400.000,1400.000,1400.000,1.666025,1.287331,0.347184,0.401037,0.131457,4.121106,101.896152,0.000000,0.710050304,0.639807925,1
pi3bplus_v2_margin_20260909T125804Z,pi3bplus,2,1,margin,true,53,25,2145,2026-09-09T13:04:20Z,1810177558402,tinydl_revision,n16,16,B2,1.0,35.400,35.400,1400.000,1400.000,1400.000,1400.000,1.572537,1.336602,0.342340,0.407131,0.139946,4.094961,101.837038,0.000000,0.823436627,0.764225461,1
pi3bplus_v2_margin_20260909T125804Z,pi3bplus,2,1,margin,true,53,26,2146,2026-09-09T13:04:21Z,1810280101319,tinydl_revision,n16,16,B2,1.0,35.400,35.400,1400.000,1400.000,1400.000,1400.000,1.600088,1.268373,0.346768,0.404788,0.163331,4.115116,101.855735,0.000000,0.770942619,0.732667672,1
pi3bplus_v2_margin_20260909T125804Z,pi3bplus,2,1,margin,true,53,27,2147,2026-09-09T13:04:21Z,1810382601266,tinydl_revision,n16,16,B2,1.0,35.400,35.400,1400.000,1400.000,1400.000,1400.000,1.638057,1.288634,0.347757,0.408850,0.131718,4.095586,101.927089,0.000000,0.747409676,0.678377974,1
pi3bplus_v2_margin_20260909T125804Z,pi3bplus,2,1,margin,true,53,28,2148,2026-09-09T13:04:21Z,1810485174495,tinydl_revision,n16,16,B2,1.0,35.400,34.862,1400.000,1400.000,1400.000,1400.000,1.563527,1.315404,0.352913,0.410205,0.132655,4.064283,101.826621,0.000000,0.710874931,0.625499025,1
pi3bplus_v2_margin_20260909T125804Z,pi3bplus,2,1,margin,true,53,29,2149,2026-09-09T13:04:21Z,1810587641526,tinydl_revision,n16,16,B2,1.0,35.400,35.400,1400.000,1400.000,1400.000,1400.000,1.672380,1.281446,0.346924,0.403069,0.130050,4.122565,101.863548,0.000000,0.783620999,0.720540250,1
pi3bplus_v2_margin_20260909T125804Z,pi3bplus,2,1,margin,true,53,30,2150,2026-09-09T13:04:21Z,1810690143557,tinydl_revision,n16,16,B2,1.0,35.400,35.400,1400.000,1400.000,1400.000,1400.000,1.553579,1.349518,0.339528,0.408433,0.138228,4.083971,101.842038,0.000000,0.800730109,0.702631835,1
pi3bplus_v2_margin_20260909T125804Z,pi3bplus,2,1,margin,true,53,31,2151,2026-09-09T13:04:21Z,1810792679599,tinydl_revision,n16,16,B2,1.0,34.862,35.400,1400.000,1400.000,1400.000,1400.000,1.598370,1.277071,0.396976,0.416923,0.133124,4.110116,101.833339,0.000000,0.751674143,0.712104580,1
pi3bplus_v2_margin_20260909T125804Z,pi3bplus,2,1,margin,true,53,32,2152,2026-09-09T13:04:21Z,1810895152880,tinydl_revision,n16,16,B2,1.0,35.400,35.400,1400.000,1400.000,1400.000,1400.000,1.674203,1.277853,0.342601,0.428746,0.136509,4.153658,102.717654,0.000000,0.699063734,0.738798328,1
pi3bplus_v2_margin_20260909T125804Z,pi3bplus,2,1,margin,true,53,33,2153,2026-09-09T13:04:21Z,1810998713286,tinydl_revision,n16,16,B2,1.0,35.400,35.938,1400.000,1400.000,1400.000,1400.000,3.169552,1.286550,0.346247,0.504526,0.156822,5.793694,101.987818,0.000000,0.687781273,0.606304083,1
pi3bplus_v2_margin_20260909T125804Z,pi3bplus,2,1,margin,true,53,34,2154,2026-09-09T13:04:21Z,1811101345108,tinydl_revision,n16,16,B2,1.0,35.400,34.862,1400.000,1400.000,1400.000,1400.000,1.571235,1.315092,0.344424,0.411350,0.132603,4.063034,101.832089,0.000000,0.605071327,0.656193540,1
pi3bplus_v2_margin_20260909T125804Z,pi3bplus,2,1,margin,true,53,35,2155,2026-09-09T13:04:21Z,1811203822452,tinydl_revision,n16,16,B2,1.0,35.400,35.400,1400.000,1400.000,1400.000,1400.000,1.666911,1.283426,0.348798,0.409788,0.131144,4.121731,101.876464,0.000000,0.588463668,0.459302013,1
pi3bplus_v2_margin_20260909T125804Z,pi3bplus,2,1,margin,true,53,36,2156,2026-09-09T13:04:22Z,1811306383024,tinydl_revision,n16,16,B2,1.0,35.400,35.400,1400.000,1400.000,1400.000,1400.000,1.730765,1.279259,0.352444,0.426038,0.134374,4.224074,101.966046,0.000000,0.704350659,0.720951344,1
pi3bplus_v2_margin_20260909T125804Z,pi3bplus,2,1,margin,true,53,37,2157,2026-09-09T13:04:22Z,1811409010730,tinydl_revision,n16,16,B2,1.0,35.400,35.400,1400.000,1400.000,1400.000,1400.000,1.577485,1.288790,0.351611,0.407027,0.133332,4.098763,101.837506,0.000000,0.847257330,0.800278177,1
pi3bplus_v2_margin_20260909T125804Z,pi3bplus,2,1,margin,true,53,38,2158,2026-09-09T13:04:22Z,1811511495782,tinydl_revision,n16,16,B2,1.0,35.400,35.400,1400.000,1400.000,1400.000,1400.000,1.661754,1.284467,0.350361,0.404058,0.132395,4.120846,101.895370,0.000000,0.746666247,0.723264762,1
pi3bplus_v2_margin_20260909T125804Z,pi3bplus,2,1,margin,true,53,39,2159,2026-09-09T13:04:22Z,1811614078177,tinydl_revision,n16,16,B2,1.0,35.400,34.862,1400.000,1400.000,1400.000,1400.000,1.594203,1.322175,0.341299,0.405101,0.136926,4.090221,101.840058,0.000000,0.704443636,0.641801924,1
pi3bplus_v2_margin_20260909T125804Z,pi3bplus,2,1,margin,true,54,0,2160,2026-09-09T13:04:23Z,1812416730424,oi_svdd_as_elm_revision,n16,16,B0,0.0,34.324,34.862,1400.000,1400.000,1400.000,1400.000,1.710036,1.289936,0.440725,1.230300,0.134582,5.126305,101.857558,0.000000,0.511506423,0.431153228,1
pi3bplus_v2_margin_20260909T125804Z,pi3bplus,2,1,margin,true,54,1,2161,2026-09-09T13:04:23Z,1812519229121,oi_svdd_as_elm_revision,n16,16,B0,0.0,34.862,34.862,1400.000,1400.000,1400.000,1400.000,1.699254,1.275196,0.342861,1.226499,0.140103,5.044223,101.942401,0.000000,0.862657417,0.811053101,1
pi3bplus_v2_margin_20260909T125804Z,pi3bplus,2,1,margin,true,54,2,2162,2026-09-09T13:04:23Z,1812621814328,oi_svdd_as_elm_revision,n16,16,B0,0.0,34.324,34.324,1400.000,1400.000,1400.000,1400.000,1.578891,1.350872,0.342184,1.227905,0.132759,4.935421,101.854641,0.000000,0.795949412,0.801736550,1
pi3bplus_v2_margin_20260909T125804Z,pi3bplus,2,1,margin,true,54,3,2163,2026-09-09T13:04:23Z,1812724402764,oi_svdd_as_elm_revision,n16,16,B0,0.0,34.324,34.324,1400.000,1400.000,1400.000,1400.000,1.612224,1.273373,0.345153,1.303685,0.135937,4.972244,101.874172,0.000000,0.729107982,0.657826427,1
pi3bplus_v2_margin_20260909T125804Z,pi3bplus,2,1,margin,true,54,4,2164,2026-09-09T13:04:23Z,1812826924847,oi_svdd_as_elm_revision,n16,16,B0,0.0,34.324,34.324,1400.000,1400.000,1400.000,1400.000,1.707171,1.274467,0.346455,1.223218,0.134999,4.982920,102.012973,0.000000,0.672891327,0.600633393,1
pi3bplus_v2_margin_20260909T125804Z,pi3bplus,2,1,margin,true,54,5,2165,2026-09-09T13:04:23Z,1812929590001,oi_svdd_as_elm_revision,n16,16,B0,0.0,34.324,34.324,1400.000,1400.000,1400.000,1400.000,1.570401,1.326602,0.343747,1.226602,0.133957,4.908963,101.727871,0.000000,0.708066078,0.660438224,1
pi3bplus_v2_margin_20260909T125804Z,pi3bplus,2,1,margin,true,54,6,2166,2026-09-09T13:04:23Z,1813031964793,oi_svdd_as_elm_revision,n16,16,B0,0.0,34.862,34.862,1400.000,1400.000,1400.000,1400.000,1.647588,1.274519,0.340934,1.322331,0.139582,5.105211,101.858651,0.000000,0.610097030,0.567154859,1
pi3bplus_v2_margin_20260909T125804Z,pi3bplus,2,1,margin,true,54,7,2167,2026-09-09T13:04:23Z,1813134464948,oi_svdd_as_elm_revision,n16,16,B0,0.0,34.324,34.324,1400.000,1400.000,1400.000,1400.000,1.685297,1.277436,0.345622,1.225249,0.134894,4.967140,101.989848,0.000000,0.788813291,0.716580016,1
pi3bplus_v2_margin_20260909T125804Z,pi3bplus,2,1,margin,true,54,8,2168,2026-09-09T13:04:23Z,1813237126405,oi_svdd_as_elm_revision,n16,16,B0,0.0,34.324,34.324,1400.000,1400.000,1400.000,1400.000,1.573474,1.345403,0.353070,1.233373,0.135415,4.946306,101.867505,0.000000,0.446072742,0.434014190,1
pi3bplus_v2_margin_20260909T125804Z,pi3bplus,2,1,margin,true,54,9,2169,2026-09-09T13:04:24Z,1813339640466,oi_svdd_as_elm_revision,n16,16,B0,0.0,34.324,34.324,1400.000,1400.000,1400.000,1400.000,1.697276,1.281810,0.347965,1.318738,0.134998,5.081774,101.912088,0.000000,0.556323928,0.551013153,1
pi3bplus_v2_margin_20260909T125804Z,pi3bplus,2,1,margin,true,54,10,2170,2026-09-09T13:04:24Z,1813442199787,oi_svdd_as_elm_revision,n16,16,B0,0.0,34.324,34.324,1400.000,1400.000,1400.000,1400.000,1.574828,1.349831,0.349059,1.219884,0.139582,4.932297,101.928963,0.000000,0.560004664,0.548707320,1
pi3bplus_v2_margin_20260909T125804Z,pi3bplus,2,1,margin,true,54,11,2171,2026-09-09T13:04:24Z,1813544782025,oi_svdd_as_elm_revision,n16,16,B0,0.0,34.324,33.786,1400.000,1400.000,1400.000,1400.000,1.595557,1.284779,0.404059,1.228426,0.143071,4.958077,101.841985,0.000000,0.648472524,0.550240413,1
pi3bplus_v2_margin_20260909T125804Z,pi3bplus,2,1,margin,true,54,12,2172,2026-09-09T13:04:24Z,1813647269524,oi_svdd_as_elm_revision,n16,16,B0,0.0,34.324,34.324,1400.000,1400.000,1400.000,1400.000,1.681390,1.286863,0.345153,1.304883,0.144947,5.071097,101.920422,0.000000,0.653383553,0.556778812,1
pi3bplus_v2_margin_20260909T125804Z,pi3bplus,2,1,margin,true,54,13,2173,2026-09-09T13:04:24Z,1813749875668,oi_svdd_as_elm_revision,n16,16,B0,0.0,34.324,34.324,1400.000,1400.000,1400.000,1400.000,1.582276,1.360716,0.342445,1.230822,0.132707,4.958754,101.871360,0.000000,0.700746229,0.703656990,1
pi3bplus_v2_margin_20260909T125804Z,pi3bplus,2,1,margin,true,54,14,2174,2026-09-09T13:04:24Z,1813852485614,oi_svdd_as_elm_revision,n16,16,B0,0.0,34.324,33.786,1400.000,1400.000,1400.000,1400.000,1.612797,1.286654,0.343486,1.305508,0.132290,4.992608,101.898443,0.000000,0.632140315,0.361400782,1
pi3bplus_v2_margin_20260909T125804Z,pi3bplus,2,1,margin,true,54,15,2175,2026-09-09T13:04:24Z,1813955027852,oi_svdd_as_elm_revision,n16,16,B0,0.0,34.324,33.786,1400.000,1400.000,1400.000,1400.000,1.668370,1.282540,0.349528,1.247228,0.206821,5.061045,101.846985,0.000000,0.766925478,0.656138762,1
pi3bplus_v2_margin_20260909T125804Z,pi3bplus,2,1,margin,true,54,16,2176,2026-09-09T13:04:24Z,1814057522383,oi_svdd_as_elm_revision,n16,16,B0,0.0,33.786,34.324,1400.000,1400.000,1400.000,1400.000,1.563162,1.334778,0.342705,1.232957,0.132655,4.914952,101.851568,0.000000,0.556517570,0.486972526,1
pi3bplus_v2_margin_20260909T125804Z,pi3bplus,2,1,margin,true,54,17,2177,2026-09-09T13:04:24Z,1814160108787,oi_svdd_as_elm_revision,n16,16,B0,0.0,34.324,33.786,1400.000,1400.000,1400.000,1400.000,1.624568,1.286290,0.342028,1.303529,0.134322,5.003441,101.847610,0.000000,0.689355064,0.583815981,1
pi3bplus_v2_margin_20260909T125804Z,pi3bplus,2,1,margin,true,54,18,2178,2026-09-09T13:04:25Z,1814262593578,oi_svdd_as_elm_revision,n16,16,B0,0.0,33.786,34.324,1400.000,1400.000,1400.000,1400.000,1.656599,1.281654,0.349112,1.223478,0.132916,4.940317,101.948702,0.000000,0.661411840,0.598730345,1
pi3bplus_v2_margin_20260909T125804Z,pi3bplus,2,1,margin,true,54,19,2179,2026-09-09T13:04:25Z,1814365190972,oi_svdd_as_elm_revision,n16,16,B0,0.0,33.786,33.786,1400.000,1400.000,1400.000,1400.000,1.562954,1.349883,0.350830,1.224936,0.134009,4.933858,101.864588,0.000000,0.739631160,0.714073223,1
pi3bplus_v2_margin_20260909T125804Z,pi3bplus,2,1,margin,true,54,20,2180,2026-09-09T13:04:25Z,1814467699981,oi_svdd_as_elm_revision,n16,16,B0,0.0,33.786,34.324,1400.000,1400.000,1400.000,1400.000,1.686703,1.285769,0.346455,1.312123,0.133697,5.068805,101.889588,0.000000,0.657557566,0.610749145,1
pi3bplus_v2_margin_20260909T125804Z,pi3bplus,2,1,margin,true,54,21,2181,2026-09-09T13:04:25Z,1814570237844,oi_svdd_as_elm_revision,n16,16,B0,0.0,34.324,34.324,1400.000,1400.000,1400.000,1400.000,1.577537,1.334623,0.349112,1.215457,0.133437,4.910265,101.922296,0.000000,0.638432908,0.543149436,1
pi3bplus_v2_margin_20260909T125804Z,pi3bplus,2,1,margin,true,54,22,2182,2026-09-09T13:04:25Z,1814672811175,oi_svdd_as_elm_revision,n16,16,B0,0.0,33.786,34.324,1400.000,1400.000,1400.000,1400.000,1.579099,1.274883,0.404944,1.222592,0.133072,4.918286,101.844484,0.000000,0.530116776,0.415719692,1
pi3bplus_v2_margin_20260909T125804Z,pi3bplus,2,1,margin,true,54,23,2183,2026-09-09T13:04:25Z,1814775301591,oi_svdd_as_elm_revision,n16,16,B0,0.0,33.248,34.324,1400.000,1400.000,1400.000,1400.000,1.679827,1.287071,0.337497,1.302071,0.152082,5.083284,101.926098,0.000000,0.757453637,0.745370098,1
pi3bplus_v2_margin_20260909T125804Z,pi3bplus,2,1,margin,true,54,24,2184,2026-09-09T13:04:25Z,1814877873047,oi_svdd_as_elm_revision,n16,16,B0,0.0,33.786,33.786,1400.000,1400.000,1400.000,1400.000,1.561131,1.366445,0.344111,1.219936,0.133332,4.923494,101.903546,0.000000,0.709504984,0.667069109,1
pi3bplus_v2_margin_20260909T125804Z,pi3bplus,2,1,margin,true,54,25,2185,2026-09-09T13:04:25Z,1814980517888,oi_svdd_as_elm_revision,n16,16,B0,0.0,33.786,33.786,1400.000,1400.000,1400.000,1400.000,1.600193,1.278685,0.346871,1.299831,0.142343,4.970108,101.722663,0.000000,0.731735671,0.652954523,1
pi3bplus_v2_margin_20260909T125804Z,pi3bplus,2,1,margin,true,54,26,2186,2026-09-09T13:04:25Z,1815082890753,oi_svdd_as_elm_revision,n16,16,B0,0.0,33.248,33.248,1400.000,1400.000,1400.000,1400.000,1.682744,1.289050,0.348330,1.214884,0.140988,4.976462,101.961046,0.000000,0.625782571,0.627638423,1
pi3bplus_v2_margin_20260909T125804Z,pi3bplus,2,1,margin,true,54,27,2187,2026-09-09T13:04:25Z,1815185539344,oi_svdd_as_elm_revision,n16,16,B0,0.0,34.324,33.248,1400.000,1400.000,1400.000,1400.000,1.581912,1.351237,0.345935,1.217749,0.140311,4.937869,101.844120,0.000000,0.657891888,0.641673263,1
pi3bplus_v2_margin_20260909T125804Z,pi3bplus,2,1,margin,true,54,28,2188,2026-09-09T13:04:26Z,1815288112571,oi_svdd_as_elm_revision,n16,16,B0,0.0,33.786,33.786,1400.000,1400.000,1400.000,1400.000,1.614724,1.284779,0.349476,1.324050,0.139634,5.018754,101.843390,0.000000,0.558194479,0.592934036,1
pi3bplus_v2_margin_20260909T125804Z,pi3bplus,2,1,margin,true,54,29,2189,2026-09-09T13:04:26Z,1815390594757,oi_svdd_as_elm_revision,n16,16,B0,0.0,32.710,33.786,1400.000,1400.000,1400.000,1400.000,1.655817,1.278373,0.342444,1.230508,0.133540,4.950057,101.959639,0.000000,0.871680812,0.811425078,1
pi3bplus_v2_margin_20260909T125804Z,pi3bplus,2,1,margin,true,54,30,2190,2026-09-09T13:04:26Z,1815493198140,oi_svdd_as_elm_revision,n16,16,B0,0.0,34.324,33.786,1400.000,1400.000,1400.000,1400.000,1.566026,1.346290,0.343069,1.226238,0.134061,4.925265,101.864328,0.000000,0.743177032,0.741096365,1
pi3bplus_v2_margin_20260909T125804Z,pi3bplus,2,1,margin,true,54,31,2191,2026-09-09T13:04:26Z,1815595707305,oi_svdd_as_elm_revision,n16,16,B0,0.0,33.248,33.786,1400.000,1400.000,1400.000,1400.000,1.679723,1.283165,0.346923,1.314571,0.134634,5.057399,101.916775,0.000000,0.773178737,0.809338603,1
pi3bplus_v2_margin_20260909T125804Z,pi3bplus,2,1,margin,true,54,32,2192,2026-09-09T13:04:26Z,1815698264543,oi_svdd_as_elm_revision,n16,16,B0,0.0,33.786,33.786,1400.000,1400.000,1400.000,1400.000,1.561652,1.327800,0.346351,1.220353,0.139946,4.894171,101.919066,0.000000,0.550839162,0.507316756,1
pi3bplus_v2_margin_20260909T125804Z,pi3bplus,2,1,margin,true,54,33,2193,2026-09-09T13:04:26Z,1815800830322,oi_svdd_as_elm_revision,n16,16,B0,0.0,33.248,33.786,1400.000,1400.000,1400.000,1400.000,1.580923,1.283217,0.420464,1.252852,0.134635,4.977504,101.847296,0.000000,0.724386950,0.659677412,1
pi3bplus_v2_margin_20260909T125804Z,pi3bplus,2,1,margin,true,54,34,2194,2026-09-09T13:04:26Z,1815903328393,oi_svdd_as_elm_revision,n16,16,B0,0.0,33.248,33.786,1400.000,1400.000,1400.000,1400.000,1.691702,1.286811,0.348799,1.280039,0.143019,5.050889,102.099794,0.000000,0.738445545,0.746237173,1
pi3bplus_v2_margin_20260909T125804Z,pi3bplus,2,1,margin,true,54,35,2195,2026-09-09T13:04:26Z,1816006073598,oi_svdd_as_elm_revision,n16,16,B0,0.0,33.248,33.248,1400.000,1400.000,1400.000,1400.000,1.571756,1.376653,0.345830,1.228582,0.134530,4.957296,101.761307,0.000000,0.705738864,0.618713234,1
pi3bplus_v2_margin_20260909T125804Z,pi3bplus,2,1,margin,true,54,36,2196,2026-09-09T13:04:26Z,1816108587554,oi_svdd_as_elm_revision,n16,16,B0,0.0,34.324,33.786,1400.000,1400.000,1400.000,1400.000,1.608266,1.273008,0.471350,1.258217,0.135520,5.046462,101.848911,0.000000,0.722125027,0.727734767,1
pi3bplus_v2_margin_20260909T125804Z,pi3bplus,2,1,margin,true,54,37,2197,2026-09-09T13:04:26Z,1816211075574,oi_svdd_as_elm_revision,n16,16,B0,0.0,33.248,33.786,1400.000,1400.000,1400.000,1400.000,1.683682,1.292539,0.346455,1.223946,0.207602,5.059847,101.934014,0.000000,0.567975491,0.491365764,1
pi3bplus_v2_margin_20260909T125804Z,pi3bplus,2,1,margin,true,54,38,2198,2026-09-09T13:04:27Z,1816313657186,oi_svdd_as_elm_revision,n16,16,B0,0.0,32.710,33.248,1400.000,1400.000,1400.000,1400.000,1.576808,1.372330,0.345882,1.217228,0.142134,4.957504,101.851932,0.000000,0.732604922,0.744850486,1
pi3bplus_v2_margin_20260909T125804Z,pi3bplus,2,1,margin,true,54,39,2199,2026-09-09T13:04:27Z,1816416287495,oi_svdd_as_elm_revision,n16,16,B0,0.0,33.786,33.248,1400.000,1400.000,1400.000,1400.000,1.681963,1.292175,0.354580,1.566183,0.325882,5.532707,101.869119,0.000000,0.757848064,0.702208016,1
pi3bplus_v2_margin_20260909T125804Z,pi3bplus,2,1,margin,true,55,0,2200,2026-09-09T13:04:27Z,1817030692491,oi_svdd_as_elm_revision,n1024,1024,B1,0.5,33.248,33.248,1400.000,1400.000,1400.000,1400.000,2.043054,69.028603,2.222687,25.134444,0.187811,101.976565,103.965192,1.976565,0.679649359,0.627057865,1
pi3bplus_v2_margin_20260909T125804Z,pi3bplus,2,1,margin,true,55,1,2201,2026-09-09T13:04:27Z,1817136840787,oi_svdd_as_elm_revision,n1024,1024,B1,0.5,33.786,33.786,1400.000,1400.000,1400.000,1400.000,1.990553,68.601263,1.916231,23.329774,0.140102,99.102687,101.850942,0.000000,0.689092619,0.648016955,1
pi3bplus_v2_margin_20260909T125804Z,pi3bplus,2,1,margin,true,55,2,2202,2026-09-09T13:04:27Z,1817240721084,oi_svdd_as_elm_revision,n1024,1024,B1,0.5,33.248,34.324,1400.000,1400.000,1400.000,1400.000,1.715609,67.035549,1.864774,23.400243,0.138280,97.250414,101.839640,0.000000,0.673016105,0.643351246,1
pi3bplus_v2_margin_20260909T125804Z,pi3bplus,2,1,margin,true,55,3,2203,2026-09-09T13:04:28Z,1817344554351,oi_svdd_as_elm_revision,n1024,1024,B1,0.5,33.786,34.324,1400.000,1400.000,1400.000,1400.000,1.718681,67.103674,1.880138,23.491231,0.144269,97.465619,101.840837,0.000000,0.679122855,0.632077284,1
pi3bplus_v2_margin_20260909T125804Z,pi3bplus,2,1,margin,true,55,4,2204,2026-09-09T13:04:28Z,1817448389596,oi_svdd_as_elm_revision,n1024,1024,B1,0.5,33.786,34.324,1400.000,1400.000,1400.000,1400.000,1.719723,67.167579,1.852691,23.383680,0.142499,97.358641,101.851098,0.000000,0.696055592,0.639338560,1
pi3bplus_v2_margin_20260909T125804Z,pi3bplus,2,1,margin,true,55,5,2205,2026-09-09T13:04:28Z,1817552244737,oi_svdd_as_elm_revision,n1024,1024,B1,0.5,34.324,34.324,1400.000,1400.000,1400.000,1400.000,1.722692,67.116226,1.853993,23.394982,0.138905,97.354006,101.848129,0.000000,0.689471118,0.635946452,1
pi3bplus_v2_margin_20260909T125804Z,pi3bplus,2,1,margin,true,55,6,2206,2026-09-09T13:04:28Z,1817656092222,oi_svdd_as_elm_revision,n1024,1024,B1,0.5,34.324,34.324,1400.000,1400.000,1400.000,1400.000,1.711389,66.919873,1.949512,23.422690,0.141092,97.196664,101.845213,0.000000,0.675224121,0.624270397,1
pi3bplus_v2_margin_20260909T125804Z,pi3bplus,2,1,margin,true,55,7,2207,2026-09-09T13:04:28Z,1817759883353,oi_svdd_as_elm_revision,n1024,1024,B1,0.5,34.324,34.324,1400.000,1400.000,1400.000,1400.000,1.799409,67.028466,1.925138,23.343159,0.145415,97.294632,101.876619,0.000000,0.690838725,0.651376244,1
pi3bplus_v2_margin_20260909T125804Z,pi3bplus,2,1,margin,true,55,8,2208,2026-09-09T13:04:28Z,1817863691984,oi_svdd_as_elm_revision,n1024,1024,B1,0.5,34.324,33.786,1400.000,1400.000,1400.000,1400.000,1.777900,67.052112,1.931023,24.014872,0.136873,97.953011,101.925629,0.000000,0.675518266,0.645924384,1
pi3bplus_v2_margin_20260909T125804Z,pi3bplus,2,1,margin,true,55,9,2209,2026-09-09T13:04:28Z,1817967567646,oi_svdd_as_elm_revision,n1024,1024,B1,0.5,34.324,34.324,1400.000,1400.000,1400.000,1400.000,1.799306,69.060061,1.860555,23.387535,0.147134,99.822003,101.959743,0.000000,0.688869518,0.634821262,1
pi3bplus_v2_margin_20260909T125804Z,pi3bplus,2,1,margin,true,55,10,2210,2026-09-09T13:04:28Z,1818071513359,oi_svdd_as_elm_revision,n1024,1024,B1,0.5,34.862,34.862,1400.000,1400.000,1400.000,1400.000,1.792691,67.205235,1.932481,23.370711,0.144582,97.527702,101.912868,0.000000,0.696890816,0.638177947,1
pi3bplus_v2_margin_20260909T125804Z,pi3bplus,2,1,margin,true,55,11,2211,2026-09-09T13:04:28Z,1818175358709,oi_svdd_as_elm_revision,n1024,1024,B1,0.5,34.324,34.324,1400.000,1400.000,1400.000,1400.000,1.761129,67.165288,1.918262,23.396909,0.140519,97.408172,101.919534,0.000000,0.686961852,0.638522023,1
pi3bplus_v2_margin_20260909T125804Z,pi3bplus,2,1,margin,true,55,12,2212,2026-09-09T13:04:29Z,1818279215725,oi_svdd_as_elm_revision,n1024,1024,B1,0.5,34.862,34.324,1400.000,1400.000,1400.000,1400.000,1.784722,67.957728,1.953887,23.601959,0.146769,98.529984,101.936669,0.000000,0.673319306,0.627049029,1
pi3bplus_v2_margin_20260909T125804Z,pi3bplus,2,1,margin,true,55,13,2213,2026-09-09T13:04:29Z,1818383106855,oi_svdd_as_elm_revision,n1024,1024,B1,0.5,34.324,34.324,1400.000,1400.000,1400.000,1400.000,1.778629,67.234714,1.936127,23.521126,0.147238,97.656451,101.922347,0.000000,0.684716054,0.642776904,1
pi3bplus_v2_margin_20260909T125804Z,pi3bplus,2,1,margin,true,55,14,2214,2026-09-09T13:04:29Z,1818486988245,oi_svdd_as_elm_revision,n1024,1024,B1,0.5,34.862,34.862,1400.000,1400.000,1400.000,1400.000,1.809254,67.380077,1.945033,23.413055,0.142446,97.711815,101.925368,0.000000,0.676536828,0.643531732,1
pi3bplus_v2_margin_20260909T125804Z,pi3bplus,2,1,margin,true,55,15,2215,2026-09-09T13:04:29Z,1818590895469,oi_svdd_as_elm_revision,n1024,1024,B1,0.5,34.324,34.324,1400.000,1400.000,1400.000,1400.000,1.783524,67.072945,1.916544,23.337638,0.150103,97.411557,101.923024,0.000000,0.681979672,0.629354588,1
pi3bplus_v2_margin_20260909T125804Z,pi3bplus,2,1,margin,true,55,16,2216,2026-09-09T13:04:29Z,1818694759464,oi_svdd_as_elm_revision,n1024,1024,B1,0.5,34.324,35.400,1400.000,1400.000,1400.000,1400.000,1.773056,67.053726,1.918262,23.222744,0.141666,97.216247,101.918441,0.000000,0.706905602,0.650238734,1
pi3bplus_v2_margin_20260909T125804Z,pi3bplus,2,1,margin,true,55,17,2217,2026-09-09T13:04:29Z,1818798623042,oi_svdd_as_elm_revision,n1024,1024,B1,0.5,34.324,34.324,1400.000,1400.000,1400.000,1400.000,1.775295,67.338150,1.920606,23.359566,0.146248,97.714627,101.919587,0.000000,0.681250297,0.631118157,1
pi3bplus_v2_margin_20260909T125804Z,pi3bplus,2,1,margin,true,55,18,2218,2026-09-09T13:04:29Z,1818902530839,oi_svdd_as_elm_revision,n1024,1024,B1,0.5,35.400,34.324,1400.000,1400.000,1400.000,1400.000,1.772691,67.382577,1.887430,23.312327,0.213643,97.674367,101.906409,0.000000,0.675129848,0.626474032,1
pi3bplus_v2_margin_20260909T125804Z,pi3bplus,2,1,margin,true,55,19,2219,2026-09-09T13:04:29Z,1819006376344,oi_svdd_as_elm_revision,n1024,1024,B1,0.5,34.862,34.862,1400.000,1400.000,1400.000,1400.000,1.741858,68.896312,1.864096,23.618209,0.137811,99.640703,101.905160,0.000000,0.681859027,0.644371875,1
pi3bplus_v2_margin_20260909T125804Z,pi3bplus,2,1,margin,true,55,20,2220,2026-09-09T13:04:29Z,1819110222995,oi_svdd_as_elm_revision,n1024,1024,B1,0.5,35.400,34.862,1400.000,1400.000,1400.000,1400.000,1.698056,67.068934,1.872325,23.431232,0.140676,97.352756,101.912035,0.000000,0.674839798,0.639841362,1
pi3bplus_v2_margin_20260909T125804Z,pi3bplus,2,1,margin,true,55,21,2221,2026-09-09T13:04:29Z,1819214079751,oi_svdd_as_elm_revision,n1024,1024,B1,0.5,34.862,35.400,1400.000,1400.000,1400.000,1400.000,1.709619,67.014195,1.877169,23.414930,0.142134,97.340360,101.849587,0.000000,0.687529685,0.630752444,1
pi3bplus_v2_margin_20260909T125804Z,pi3bplus,2,1,margin,true,55,22,2222,2026-09-09T13:04:30Z,1819317927131,oi_svdd_as_elm_revision,n1024,1024,B1,0.5,34.862,34.862,1400.000,1400.000,1400.000,1400.000,1.705087,67.020341,1.875555,23.376128,0.140050,97.214684,101.841046,0.000000,0.699708839,0.647142356,1
pi3bplus_v2_margin_20260909T125804Z,pi3bplus,2,1,margin,true,55,23,2223,2026-09-09T13:04:30Z,1819421808261,oi_svdd_as_elm_revision,n1024,1024,B1,0.5,34.862,34.862,1400.000,1400.000,1400.000,1400.000,1.713473,67.326223,1.874617,23.417065,0.139530,97.583743,101.874274,0.000000,0.682934489,0.633098878,1
pi3bplus_v2_margin_20260909T125804Z,pi3bplus,2,1,margin,true,55,24,2224,2026-09-09T13:04:30Z,1819525700849,oi_svdd_as_elm_revision,n1024,1024,B1,0.5,34.862,35.400,1400.000,1400.000,1400.000,1400.000,1.703942,67.052007,1.849097,23.403940,0.141040,97.252600,101.837868,0.000000,0.684363799,0.635482042,1
pi3bplus_v2_margin_20260909T125804Z,pi3bplus,2,1,margin,true,55,25,2225,2026-09-09T13:04:30Z,1819629555104,oi_svdd_as_elm_revision,n1024,1024,B1,0.5,34.862,35.400,1400.000,1400.000,1400.000,1400.000,1.717588,67.273672,1.877117,23.408211,0.145780,97.531504,101.859275,0.000000,0.673287916,0.639707005,1
pi3bplus_v2_margin_20260909T125804Z,pi3bplus,2,1,margin,true,55,26,2226,2026-09-09T13:04:30Z,1819733427849,oi_svdd_as_elm_revision,n1024,1024,B1,0.5,34.862,34.324,1400.000,1400.000,1400.000,1400.000,1.710765,67.044143,1.881388,23.307327,0.146822,97.190726,101.837608,0.000000,0.683476095,0.644368282,1
pi3bplus_v2_margin_20260909T125804Z,pi3bplus,2,1,margin,true,55,27,2227,2026-09-09T13:04:30Z,1819837261844,oi_svdd_as_elm_revision,n1024,1024,B1,0.5,34.862,35.400,1400.000,1400.000,1400.000,1400.000,1.716493,67.468826,1.857274,23.378472,0.139998,97.657179,101.833545,0.000000,0.689706917,0.633874835,1
pi3bplus_v2_margin_20260909T125804Z,pi3bplus,2,1,margin,true,55,28,2228,2026-09-09T13:04:30Z,1819941195629,oi_svdd_as_elm_revision,n1024,1024,B1,0.5,34.862,34.862,1400.000,1400.000,1400.000,1400.000,2.556485,67.811011,1.915763,23.259254,0.138124,98.793315,101.853285,0.000000,0.691826704,0.632945881,1
pi3bplus_v2_margin_20260909T125804Z,pi3bplus,2,1,margin,true,55,29,2229,2026-09-09T13:04:30Z,1820045048426,oi_svdd_as_elm_revision,n1024,1024,B1,0.5,34.862,34.862,1400.000,1400.000,1400.000,1400.000,1.726025,68.746991,1.946909,23.283316,0.146561,99.386590,101.845837,0.000000,0.683577273,0.638387426,1
pi3bplus_v2_margin_20260909T125804Z,pi3bplus,2,1,margin,true,55,30,2230,2026-09-09T13:04:30Z,1820148892837,oi_svdd_as_elm_revision,n1024,1024,B1,0.5,35.400,35.400,1400.000,1400.000,1400.000,1400.000,1.706910,67.255026,1.839878,23.451544,0.139166,97.506244,101.844119,0.000000,0.685526473,0.638542333,1
pi3bplus_v2_margin_20260909T125804Z,pi3bplus,2,1,margin,true,55,31,2231,2026-09-09T13:04:31Z,1820252731416,oi_svdd_as_elm_revision,n1024,1024,B1,0.5,35.400,34.862,1400.000,1400.000,1400.000,1400.000,1.705453,67.210183,1.844045,23.425138,0.140416,97.413900,101.841618,0.000000,0.669882952,0.635022437,1
pi3bplus_v2_margin_20260909T125804Z,pi3bplus,2,1,margin,true,55,32,2232,2026-09-09T13:04:31Z,1820356602806,oi_svdd_as_elm_revision,n1024,1024,B1,0.5,35.400,34.862,1400.000,1400.000,1400.000,1400.000,1.722744,67.249870,1.884461,23.514252,0.144895,97.642388,101.832139,0.000000,0.685205390,0.641727387,1
pi3bplus_v2_margin_20260909T125804Z,pi3bplus,2,1,margin,true,55,33,2233,2026-09-09T13:04:31Z,1820460458519,oi_svdd_as_elm_revision,n1024,1024,B1,0.5,34.862,35.400,1400.000,1400.000,1400.000,1400.000,1.711807,67.290859,1.850243,23.752895,0.139217,97.843115,101.846462,0.000000,0.688816682,0.633119877,1
pi3bplus_v2_margin_20260909T125804Z,pi3bplus,2,1,margin,true,55,34,2234,2026-09-09T13:04:31Z,1820564317774,oi_svdd_as_elm_revision,n1024,1024,B1,0.5,34.862,34.862,1400.000,1400.000,1400.000,1400.000,1.709046,67.295130,1.853680,23.715864,0.146300,97.881552,101.849743,0.000000,0.692948475,0.639327730,1
pi3bplus_v2_margin_20260909T125804Z,pi3bplus,2,1,margin,true,55,35,2235,2026-09-09T13:04:31Z,1820668173956,oi_svdd_as_elm_revision,n1024,1024,B1,0.5,35.400,35.400,1400.000,1400.000,1400.000,1400.000,1.699151,67.324973,1.850867,23.417637,0.139426,97.530982,101.844795,0.000000,0.685172680,0.635886452,1
pi3bplus_v2_margin_20260909T125804Z,pi3bplus,2,1,margin,true,55,36,2236,2026-09-09T13:04:31Z,1820771997065,oi_svdd_as_elm_revision,n1024,1024,B1,0.5,34.862,35.400,1400.000,1400.000,1400.000,1400.000,1.713577,67.334921,1.862169,23.393263,0.142394,97.629836,101.851305,0.000000,0.686872048,0.640861482,1
pi3bplus_v2_margin_20260909T125804Z,pi3bplus,2,1,margin,true,55,37,2237,2026-09-09T13:04:31Z,1820875787779,oi_svdd_as_elm_revision,n1024,1024,B1,0.5,35.938,35.400,1400.000,1400.000,1400.000,1400.000,1.789723,67.954082,1.863732,23.580500,0.139999,98.432120,101.903805,0.000000,0.672534825,0.642999359,1
pi3bplus_v2_margin_20260909T125804Z,pi3bplus,2,1,margin,true,55,38,2238,2026-09-09T13:04:31Z,1820979634013,oi_svdd_as_elm_revision,n1024,1024,B1,0.5,35.400,35.400,1400.000,1400.000,1400.000,1400.000,1.811701,67.198307,1.935971,23.355399,0.140155,97.496608,101.911461,0.000000,0.683420621,0.639554919,1
pi3bplus_v2_margin_20260909T125804Z,pi3bplus,2,1,margin,true,55,39,2239,2026-09-09T13:04:31Z,1821083481028,oi_svdd_as_elm_revision,n1024,1024,B1,0.5,35.400,35.400,1400.000,1400.000,1400.000,1400.000,1.786024,68.753449,1.869774,23.362898,0.140363,99.395236,101.945315,0.000000,0.687944750,0.631347910,1
pi3bplus_v2_margin_20260909T125804Z,pi3bplus,2,1,margin,true,56,0,2240,2026-09-09T13:04:32Z,1821845167037,tinydl_revision,n64,64,B0,0.0,34.862,34.324,1400.000,1400.000,1400.000,1400.000,1.712744,4.455322,0.524474,0.625098,0.143332,7.887892,101.902971,0.000000,0.703362988,0.680842179,1
pi3bplus_v2_margin_20260909T125804Z,pi3bplus,2,1,margin,true,56,1,2241,2026-09-09T13:04:32Z,1821947808074,tinydl_revision,n64,64,B0,0.0,34.862,34.324,1400.000,1400.000,1400.000,1400.000,1.730712,4.421937,0.469110,0.618432,0.141613,7.824508,101.911357,0.000000,0.740221952,0.748014320,1
pi3bplus_v2_margin_20260909T125804Z,pi3bplus,2,1,margin,true,56,2,2242,2026-09-09T13:04:32Z,1822050481924,tinydl_revision,n64,64,B0,0.0,34.862,34.862,1400.000,1400.000,1400.000,1400.000,1.657640,4.364541,0.463693,0.608588,0.147863,7.689821,101.955054,0.000000,0.724955517,0.659808770,1
pi3bplus_v2_margin_20260909T125804Z,pi3bplus,2,1,margin,true,56,3,2243,2026-09-09T13:04:32Z,1822153167231,tinydl_revision,n64,64,B0,0.0,34.324,34.324,1400.000,1400.000,1400.000,1400.000,1.588474,4.968807,0.835200,0.958845,0.175519,9.384753,101.782712,0.000000,0.760658929,0.681762271,1
pi3bplus_v2_margin_20260909T125804Z,pi3bplus,2,1,margin,true,56,4,2244,2026-09-09T13:04:33Z,1822255669624,tinydl_revision,n64,64,B0,0.0,34.324,34.324,1400.000,1400.000,1400.000,1400.000,1.724045,4.380531,0.463068,0.618067,0.145051,7.772997,101.914273,0.000000,0.685897619,0.678350133,1
pi3bplus_v2_margin_20260909T125804Z,pi3bplus,2,1,margin,true,56,5,2245,2026-09-09T13:04:33Z,1822358304307,tinydl_revision,n64,64,B0,0.0,34.324,34.324,1400.000,1400.000,1400.000,1400.000,1.578266,4.443550,0.470048,0.612754,0.149582,7.703675,101.938127,0.000000,0.721684476,0.675949074,1
pi3bplus_v2_margin_20260909T125804Z,pi3bplus,2,1,margin,true,56,6,2246,2026-09-09T13:04:33Z,1822460965656,tinydl_revision,n64,64,B0,0.0,33.786,34.324,1400.000,1400.000,1400.000,1400.000,1.593734,4.400478,0.468173,0.681191,0.150311,7.737477,101.850211,0.000000,0.718639222,0.702502347,1
pi3bplus_v2_margin_20260909T125804Z,pi3bplus,2,1,margin,true,56,7,2247,2026-09-09T13:04:33Z,1822563537110,tinydl_revision,n64,64,B0,0.0,34.324,34.324,1400.000,1400.000,1400.000,1400.000,1.691963,4.395166,0.466610,0.611921,0.140415,7.744560,101.947450,0.000000,0.680040604,0.619822292,1
pi3bplus_v2_margin_20260909T125804Z,pi3bplus,2,1,margin,true,56,8,2248,2026-09-09T13:04:33Z,1822666209865,tinydl_revision,n64,64,B0,0.0,34.324,34.324,1400.000,1400.000,1400.000,1400.000,1.573266,4.452717,0.465048,0.616348,0.144791,7.700603,101.919430,0.000000,0.587803656,0.589647516,1
pi3bplus_v2_margin_20260909T125804Z,pi3bplus,2,1,margin,true,56,9,2249,2026-09-09T13:04:33Z,1822768853610,tinydl_revision,n64,64,B0,0.0,34.324,33.786,1400.000,1400.000,1400.000,1400.000,1.592015,4.412822,0.463173,0.696503,0.143228,7.756384,101.841774,0.000000,0.658685655,0.550151229,1
pi3bplus_v2_margin_20260909T125804Z,pi3bplus,2,1,margin,true,56,10,2250,2026-09-09T13:04:33Z,1822871411679,tinydl_revision,n64,64,B0,0.0,34.324,33.786,1400.000,1400.000,1400.000,1400.000,1.734202,4.460113,0.461402,0.615827,0.144322,7.864924,102.042085,0.000000,0.668552488,0.633607498,1
pi3bplus_v2_margin_20260909T125804Z,pi3bplus,2,1,margin,true,56,11,2251,2026-09-09T13:04:33Z,1822974179903,tinydl_revision,n64,64,B0,0.0,33.786,33.786,1400.000,1400.000,1400.000,1400.000,1.583266,4.437301,0.467860,0.613067,0.141041,7.689977,101.979376,0.000000,0.641434603,0.584516593,1
pi3bplus_v2_margin_20260909T125804Z,pi3bplus,2,1,margin,true,56,12,2252,2026-09-09T13:04:33Z,1823076885158,tinydl_revision,n64,64,B0,0.0,34.324,34.324,1400.000,1400.000,1400.000,1400.000,1.600870,4.407926,0.466454,0.677702,0.142916,7.745445,101.664119,0.000000,0.706119216,0.709374866,1
pi3bplus_v2_margin_20260909T125804Z,pi3bplus,2,1,margin,true,56,13,2253,2026-09-09T13:04:33Z,1823179261405,tinydl_revision,n64,64,B0,0.0,33.786,34.324,1400.000,1400.000,1400.000,1400.000,1.731494,4.383395,0.466818,0.618119,0.147395,7.786383,101.947086,0.000000,0.707736053,0.716278515,1
pi3bplus_v2_margin_20260909T125804Z,pi3bplus,2,1,margin,true,56,14,2254,2026-09-09T13:04:34Z,1823281925671,tinydl_revision,n64,64,B0,0.0,34.324,34.324,1400.000,1400.000,1400.000,1400.000,1.577589,4.387874,0.467756,0.610880,0.142238,7.697321,101.841097,0.000000,0.696712599,0.697481066,1
pi3bplus_v2_margin_20260909T125804Z,pi3bplus,2,1,margin,true,56,15,2255,2026-09-09T13:04:34Z,1823384584989,tinydl_revision,n64,64,B0,0.0,33.248,33.786,1400.000,1400.000,1400.000,1400.000,1.622901,4.408031,0.461974,0.680619,0.144061,7.765810,101.895210,0.000000,0.682111076,0.640529064,1
pi3bplus_v2_margin_20260909T125804Z,pi3bplus,2,1,margin,true,56,16,2256,2026-09-09T13:04:34Z,1823487253734,tinydl_revision,n64,64,B0,0.0,34.324,33.786,1400.000,1400.000,1400.000,1400.000,1.682587,4.417614,0.469787,0.618484,0.141821,7.773153,101.924481,0.000000,0.711051223,0.630731847,1
pi3bplus_v2_margin_20260909T125804Z,pi3bplus,2,1,margin,true,56,17,2257,2026-09-09T13:04:34Z,1823589900499,tinydl_revision,n64,64,B0,0.0,34.324,33.786,1400.000,1400.000,1400.000,1400.000,1.568891,4.405530,0.473329,0.620047,0.143228,7.751904,101.877815,0.000000,0.704536397,0.647183919,1
pi3bplus_v2_margin_20260909T125804Z,pi3bplus,2,1,margin,true,56,18,2258,2026-09-09T13:04:34Z,1823692584765,tinydl_revision,n64,64,B0,0.0,33.248,33.248,1400.000,1400.000,1400.000,1400.000,1.618370,4.421884,0.478849,0.681035,0.144373,7.796539,101.835367,0.000000,0.675697739,0.651498775,1
pi3bplus_v2_margin_20260909T125804Z,pi3bplus,2,1,margin,true,56,19,2259,2026-09-09T13:04:34Z,1823795144396,tinydl_revision,n64,64,B0,0.0,33.786,33.248,1400.000,1400.000,1400.000,1400.000,1.703630,4.390790,0.465308,0.613223,0.144426,7.754091,101.944533,0.000000,0.754796059,0.696397464,1
pi3bplus_v2_margin_20260909T125804Z,pi3bplus,2,1,margin,true,56,20,2260,2026-09-09T13:04:34Z,1823897813505,tinydl_revision,n64,64,B0,0.0,33.786,33.786,1400.000,1400.000,1400.000,1400.000,1.579881,4.402717,0.467652,0.618327,0.143801,7.715342,101.915315,0.000000,0.688655836,0.633555256,1
pi3bplus_v2_margin_20260909T125804Z,pi3bplus,2,1,margin,true,56,21,2261,2026-09-09T13:04:34Z,1824000542562,tinydl_revision,n64,64,B0,0.0,33.248,33.786,1400.000,1400.000,1400.000,1400.000,1.608839,4.591622,0.473172,0.722128,0.147186,8.000183,101.851356,0.000000,0.650228062,0.613933644,1
pi3bplus_v2_margin_20260909T125804Z,pi3bplus,2,1,margin,true,56,22,2262,2026-09-09T13:04:34Z,1824103114380,tinydl_revision,n64,64,B0,0.0,33.786,33.248,1400.000,1400.000,1400.000,1400.000,1.720192,4.390582,0.460308,0.620151,0.144373,7.780185,101.844013,0.000000,0.685843484,0.669610664,1
pi3bplus_v2_margin_20260909T125804Z,pi3bplus,2,1,margin,true,56,23,2263,2026-09-09T13:04:34Z,1824205681251,tinydl_revision,n64,64,B0,0.0,33.786,33.248,1400.000,1400.000,1400.000,1400.000,1.586235,4.400738,0.465985,0.615619,0.143020,7.723363,101.860211,0.000000,0.627027097,0.563233489,1
pi3bplus_v2_margin_20260909T125804Z,pi3bplus,2,1,margin,true,56,24,2264,2026-09-09T13:04:35Z,1824308356193,tinydl_revision,n64,64,B0,0.0,33.248,33.248,1400.000,1400.000,1400.000,1400.000,1.613422,4.391103,0.469267,0.612285,0.204686,7.734509,101.849846,0.000000,0.665463707,0.649053717,1
pi3bplus_v2_margin_20260909T125804Z,pi3bplus,2,1,margin,true,56,25,2265,2026-09-09T13:04:35Z,1824410921762,tinydl_revision,n64,64,B0,0.0,34.324,33.248,1400.000,1400.000,1400.000,1400.000,1.711911,4.395791,0.470099,0.612182,0.141770,7.766174,101.943647,0.000000,0.679619183,0.674062625,1
pi3bplus_v2_margin_20260909T125804Z,pi3bplus,2,1,margin,true,56,26,2266,2026-09-09T13:04:35Z,1824513591860,tinydl_revision,n64,64,B0,0.0,33.248,33.786,1400.000,1400.000,1400.000,1400.000,1.582328,4.385323,0.543015,0.609473,0.144530,7.708936,101.846721,0.000000,0.682539570,0.642421203,1
pi3bplus_v2_margin_20260909T125804Z,pi3bplus,2,1,margin,true,56,27,2267,2026-09-09T13:04:35Z,1824616239876,tinydl_revision,n64,64,B0,0.0,33.248,33.248,1400.000,1400.000,1400.000,1400.000,1.619620,4.414749,0.469318,0.612338,0.149581,7.707060,101.882606,0.000000,0.694138154,0.619807680,1
pi3bplus_v2_margin_20260909T125804Z,pi3bplus,2,1,margin,true,56,28,2268,2026-09-09T13:04:35Z,1824718848569,tinydl_revision,n64,64,B0,0.0,33.248,33.248,1400.000,1400.000,1400.000,1400.000,1.679203,4.390322,0.465516,0.619317,0.142499,7.739925,101.946668,0.000000,0.649603659,0.590183653,1
pi3bplus_v2_margin_20260909T125804Z,pi3bplus,2,1,margin,true,56,29,2269,2026-09-09T13:04:35Z,1824821511844,tinydl_revision,n64,64,B0,0.0,33.248,33.248,1400.000,1400.000,1400.000,1400.000,1.569308,4.393135,0.552182,0.625046,0.140832,7.725030,101.858805,0.000000,0.681416074,0.626753924,1
pi3bplus_v2_margin_20260909T125804Z,pi3bplus,2,1,margin,true,56,30,2270,2026-09-09T13:04:35Z,1824924217724,tinydl_revision,n64,64,B0,0.0,34.324,33.248,1400.000,1400.000,1400.000,1400.000,1.629724,4.395113,0.463954,0.621609,0.142915,7.691123,101.890210,0.000000,0.660423081,0.644834641,1
pi3bplus_v2_margin_20260909T125804Z,pi3bplus,2,1,margin,true,56,31,2271,2026-09-09T13:04:35Z,1825026838500,tinydl_revision,n64,64,B0,0.0,33.248,33.248,1400.000,1400.000,1400.000,1400.000,1.695087,4.377041,0.463485,0.615463,0.144374,7.739821,101.951251,0.000000,0.691977318,0.684345978,1
pi3bplus_v2_margin_20260909T125804Z,pi3bplus,2,1,margin,true,56,32,2272,2026-09-09T13:04:35Z,1825129508546,tinydl_revision,n64,64,B0,0.0,33.248,32.710,1400.000,1400.000,1400.000,1400.000,1.565662,4.394228,0.523432,0.628432,0.143853,7.693051,101.741566,0.000000,0.647206054,0.578655482,1
pi3bplus_v2_margin_20260909T125804Z,pi3bplus,2,1,margin,true,56,33,2273,2026-09-09T13:04:35Z,1825231975834,tinydl_revision,n64,64,B0,0.0,33.248,33.248,1400.000,1400.000,1400.000,1400.000,1.647432,4.416364,0.466037,0.611400,0.142394,7.805446,101.885679,0.000000,0.642687975,0.660300007,1
pi3bplus_v2_margin_20260909T125804Z,pi3bplus,2,1,margin,true,56,34,2274,2026-09-09T13:04:36Z,1825334579423,tinydl_revision,n64,64,B0,0.0,33.248,33.248,1400.000,1400.000,1400.000,1400.000,1.653317,4.378135,0.467183,0.613588,0.144634,7.695394,101.938178,0.000000,0.721634868,0.723807394,1
pi3bplus_v2_margin_20260909T125804Z,pi3bplus,2,1,margin,true,56,35,2275,2026-09-09T13:04:36Z,1825437235563,tinydl_revision,n64,64,B0,0.0,33.248,33.248,1400.000,1400.000,1400.000,1400.000,1.581078,4.394280,0.533588,0.620151,0.147238,7.713623,101.846461,0.000000,0.719430488,0.712324415,1
pi3bplus_v2_margin_20260909T125804Z,pi3bplus,2,1,margin,true,56,36,2276,2026-09-09T13:04:36Z,1825539807485,tinydl_revision,n64,64,B0,0.0,33.248,33.248,1400.000,1400.000,1400.000,1400.000,1.696441,4.381937,0.468225,0.617806,0.149791,7.751384,101.889533,0.000000,0.697803981,0.666617294,1
pi3bplus_v2_margin_20260909T125804Z,pi3bplus,2,1,margin,true,56,37,2277,2026-09-09T13:04:36Z,1825642415865,tinydl_revision,n64,64,B0,0.0,33.248,33.786,1400.000,1400.000,1400.000,1400.000,1.626130,4.367093,0.468537,0.620775,0.143280,7.674978,101.969741,0.000000,0.640094275,0.593337098,1
pi3bplus_v2_margin_20260909T125804Z,pi3bplus,2,1,margin,true,56,38,2278,2026-09-09T13:04:36Z,1825745109922,tinydl_revision,n64,64,B0,0.0,33.786,32.172,1400.000,1400.000,1400.000,1400.000,1.583058,4.393291,0.461818,0.686764,0.143071,7.714821,101.883647,0.000000,0.701012086,0.631499100,1
pi3bplus_v2_margin_20260909T125804Z,pi3bplus,2,1,margin,true,56,39,2279,2026-09-09T13:04:36Z,1825847719292,tinydl_revision,n64,64,B0,0.0,32.710,32.710,1400.000,1400.000,1400.000,1400.000,1.731493,4.447977,0.463329,0.615567,0.146770,7.838934,101.940157,0.000000,0.707574199,0.659934691,1
pi3bplus_v2_margin_20260909T125804Z,pi3bplus,2,1,margin,true,57,0,2280,2026-09-09T13:04:37Z,1826458376495,fisvdd_revision,n1024,1024,B0,0.0,33.248,33.248,1400.000,1400.000,1400.000,1400.000,1.840659,67.323305,1.932898,10.310317,0.149634,84.668346,101.902033,0.000000,0.679838632,0.500035437,1
pi3bplus_v2_margin_20260909T125804Z,pi3bplus,2,1,margin,true,57,1,2281,2026-09-09T13:04:37Z,1826562214343,fisvdd_revision,n1024,1024,B0,0.0,33.248,33.248,1400.000,1400.000,1400.000,1400.000,1.710140,67.161484,1.931127,10.376150,0.149790,84.486836,101.928646,0.000000,0.676649534,0.500274520,1
pi3bplus_v2_margin_20260909T125804Z,pi3bplus,2,1,margin,true,57,2,2282,2026-09-09T13:04:37Z,1826666070731,fisvdd_revision,n1024,1024,B0,0.0,32.172,33.248,1400.000,1400.000,1400.000,1400.000,1.705035,67.178932,1.887013,10.421045,0.150780,84.468139,101.847919,0.000000,0.688339202,0.499437874,1
pi3bplus_v2_margin_20260909T125804Z,pi3bplus,2,1,margin,true,57,3,2283,2026-09-09T13:04:37Z,1826769921182,fisvdd_revision,n1024,1024,B0,0.0,33.786,33.248,1400.000,1400.000,1400.000,1400.000,1.716182,67.188151,1.861961,10.450680,0.151509,84.473192,101.852815,0.000000,0.697905273,0.499419949,1
pi3bplus_v2_margin_20260909T125804Z,pi3bplus,2,1,margin,true,57,4,2284,2026-09-09T13:04:37Z,1826873831893,fisvdd_revision,n1024,1024,B0,0.0,33.786,33.248,1400.000,1400.000,1400.000,1400.000,1.720296,67.506481,1.932168,10.356410,0.154218,85.257090,101.859013,0.000000,0.680064740,0.500314230,1
pi3bplus_v2_margin_20260909T125804Z,pi3bplus,2,1,margin,true,57,5,2285,2026-09-09T13:04:37Z,1826977780937,fisvdd_revision,n1024,1024,B0,0.0,33.248,33.248,1400.000,1400.000,1400.000,1400.000,1.735399,67.610281,1.841024,10.388337,0.154843,84.867511,101.845315,0.000000,0.687696620,0.500209298,1
pi3bplus_v2_margin_20260909T125804Z,pi3bplus,2,1,margin,true,57,6,2286,2026-09-09T13:04:37Z,1827081654513,fisvdd_revision,n1024,1024,B0,0.0,33.248,33.786,1400.000,1400.000,1400.000,1400.000,1.713421,67.123985,1.869356,10.398493,0.149269,84.361578,102.332341,0.000000,0.671432316,0.499905098,1
pi3bplus_v2_margin_20260909T125804Z,pi3bplus,2,1,margin,true,57,7,2287,2026-09-09T13:04:37Z,1827186021053,fisvdd_revision,n1024,1024,B0,0.0,33.786,33.248,1400.000,1400.000,1400.000,1400.000,1.722691,67.098464,1.885503,10.351306,0.150519,84.328870,101.864846,0.000000,0.683655901,0.500126049,1
pi3bplus_v2_margin_20260909T125804Z,pi3bplus,2,1,margin,true,57,8,2288,2026-09-09T13:04:38Z,1827289887494,fisvdd_revision,n1024,1024,B0,0.0,33.248,33.248,1400.000,1400.000,1400.000,1400.000,1.712692,67.179921,1.851805,10.412920,0.148072,84.482305,101.858803,0.000000,0.689656072,0.499507177,1
pi3bplus_v2_margin_20260909T125804Z,pi3bplus,2,1,margin,true,57,9,2289,2026-09-09T13:04:38Z,1827393763101,fisvdd_revision,n1024,1024,B0,0.0,33.248,33.786,1400.000,1400.000,1400.000,1400.000,1.724150,67.188619,1.875868,10.400836,0.148072,84.453087,101.865001,0.000000,0.691251407,0.500003758,1
pi3bplus_v2_margin_20260909T125804Z,pi3bplus,2,1,margin,true,57,10,2290,2026-09-09T13:04:38Z,1827497624958,fisvdd_revision,n1024,1024,B0,0.0,33.786,33.786,1400.000,1400.000,1400.000,1400.000,1.724723,67.304972,1.872430,10.364326,0.158175,84.523138,101.850001,0.000000,0.687495356,0.499576965,1
pi3bplus_v2_margin_20260909T125804Z,pi3bplus,2,1,margin,true,57,11,2291,2026-09-09T13:04:38Z,1827601487388,fisvdd_revision,n1024,1024,B0,0.0,34.324,33.786,1400.000,1400.000,1400.000,1400.000,1.726077,67.256535,1.852326,10.328858,0.154530,84.415587,101.861407,0.000000,0.684486522,0.500324687,1
pi3bplus_v2_margin_20260909T125804Z,pi3bplus,2,1,margin,true,57,12,2292,2026-09-09T13:04:38Z,1827705397890,fisvdd_revision,n1024,1024,B0,0.0,33.786,33.248,1400.000,1400.000,1400.000,1400.000,1.729306,67.329763,1.874201,10.450419,0.155050,84.654908,101.861772,0.000000,0.669528316,0.500293987,1
pi3bplus_v2_margin_20260909T125804Z,pi3bplus,2,1,margin,true,57,13,2293,2026-09-09T13:04:38Z,1827809265060,fisvdd_revision,n1024,1024,B0,0.0,33.786,33.786,1400.000,1400.000,1400.000,1400.000,1.718473,67.196640,1.886700,10.364691,0.156509,84.474545,101.857866,0.000000,0.683862578,0.499548878,1
pi3bplus_v2_margin_20260909T125804Z,pi3bplus,2,1,margin,true,57,14,2294,2026-09-09T13:04:38Z,1827913131865,fisvdd_revision,n1024,1024,B0,0.0,33.786,33.248,1400.000,1400.000,1400.000,1400.000,1.718420,67.577834,1.859565,10.370160,0.154270,84.790010,101.831512,0.000000,0.687653510,0.499610283,1
pi3bplus_v2_margin_20260909T125804Z,pi3bplus,2,1,margin,true,57,15,2295,2026-09-09T13:04:38Z,1828017030700,fisvdd_revision,n1024,1024,B0,0.0,33.248,33.248,1400.000,1400.000,1400.000,1400.000,1.726390,67.133359,1.875919,10.359587,0.149843,84.367932,101.863075,0.000000,0.695369615,0.500107094,1
pi3bplus_v2_margin_20260909T125804Z,pi3bplus,2,1,margin,true,57,16,2296,2026-09-09T13:04:38Z,1828120898182,fisvdd_revision,n1024,1024,B0,0.0,33.786,34.324,1400.000,1400.000,1400.000,1400.000,1.718630,67.750853,2.566538,10.347661,0.148332,86.445776,101.841148,0.000000,0.680985157,0.499782049,1
pi3bplus_v2_margin_20260909T125804Z,pi3bplus,2,1,margin,true,57,17,2297,2026-09-09T13:04:38Z,1828224741915,fisvdd_revision,n1024,1024,B0,0.0,33.786,33.786,1400.000,1400.000,1400.000,1400.000,1.710505,67.294608,1.861596,10.460107,0.147707,84.658814,101.830626,0.000000,0.690892061,0.500081532,1
pi3bplus_v2_margin_20260909T125804Z,pi3bplus,2,1,margin,true,57,18,2298,2026-09-09T13:04:39Z,1828328582886,fisvdd_revision,n1024,1024,B0,0.0,33.248,34.324,1400.000,1400.000,1400.000,1400.000,1.712483,67.280649,1.864357,10.401774,0.147446,84.495795,101.828179,0.000000,0.675609801,0.500284953,1
pi3bplus_v2_margin_20260909T125804Z,pi3bplus,2,1,margin,true,57,19,2299,2026-09-09T13:04:39Z,1828432463024,fisvdd_revision,n1024,1024,B0,0.0,33.786,33.786,1400.000,1400.000,1400.000,1400.000,1.712900,67.225858,1.872014,10.364118,0.153176,84.504857,101.843856,0.000000,0.677718303,0.499739855,1
pi3bplus_v2_margin_20260909T125804Z,pi3bplus,2,1,margin,true,57,20,2300,2026-09-09T13:04:39Z,1828536357120,fisvdd_revision,n1024,1024,B0,0.0,33.786,34.324,1400.000,1400.000,1400.000,1400.000,1.713212,68.231578,1.882690,10.406826,0.150832,85.501514,101.851720,0.000000,0.691081322,0.499587660,1
pi3bplus_v2_margin_20260909T125804Z,pi3bplus,2,1,margin,true,57,21,2301,2026-09-09T13:04:39Z,1828640223925,fisvdd_revision,n1024,1024,B0,0.0,34.324,33.248,1400.000,1400.000,1400.000,1400.000,1.709723,67.305337,1.879409,10.519481,0.153957,84.703970,101.867397,0.000000,0.693269055,0.499842590,1
pi3bplus_v2_margin_20260909T125804Z,pi3bplus,2,1,margin,true,57,22,2302,2026-09-09T13:04:39Z,1828744100729,fisvdd_revision,n1024,1024,B0,0.0,33.248,33.248,1400.000,1400.000,1400.000,1400.000,1.712640,67.372263,1.888523,10.509065,0.149009,84.745272,101.844481,0.000000,0.677448217,0.500078047,1
pi3bplus_v2_margin_20260909T125804Z,pi3bplus,2,1,margin,true,57,23,2303,2026-09-09T13:04:39Z,1828847878889,fisvdd_revision,n1024,1024,B0,0.0,33.786,33.786,1400.000,1400.000,1400.000,1400.000,1.808576,67.266795,1.946856,10.369483,0.150727,84.604544,101.926771,0.000000,0.689118500,0.500153890,1
pi3bplus_v2_margin_20260909T125804Z,pi3bplus,2,1,margin,true,57,24,2304,2026-09-09T13:04:39Z,1828951761683,fisvdd_revision,n1024,1024,B0,0.0,33.786,33.786,1400.000,1400.000,1400.000,1400.000,1.862378,68.234754,1.863524,10.484846,0.154321,85.701252,101.895730,0.000000,0.672235966,0.500196374,1
pi3bplus_v2_margin_20260909T125804Z,pi3bplus,2,1,margin,true,57,25,2305,2026-09-09T13:04:39Z,1829055595988,fisvdd_revision,n1024,1024,B0,0.0,33.786,34.324,1400.000,1400.000,1400.000,1400.000,1.777483,67.265806,1.939616,10.386150,0.154529,84.642512,101.908855,0.000000,0.682799207,0.499799482,1
pi3bplus_v2_margin_20260909T125804Z,pi3bplus,2,1,margin,true,57,26,2306,2026-09-09T13:04:39Z,1829159443158,fisvdd_revision,n1024,1024,B0,0.0,34.324,33.786,1400.000,1400.000,1400.000,1400.000,1.804670,68.864280,1.873888,10.415159,0.149582,86.580982,101.949844,0.000000,0.699325766,0.499279883,1
pi3bplus_v2_margin_20260909T125804Z,pi3bplus,2,1,margin,true,57,27,2307,2026-09-09T13:04:40Z,1829263325379,fisvdd_revision,n1024,1024,B0,0.0,33.248,33.786,1400.000,1400.000,1400.000,1400.000,1.807379,67.394658,1.930242,10.274015,0.148332,84.611991,101.934479,0.000000,0.690497379,0.500052277,1
pi3bplus_v2_margin_20260909T125804Z,pi3bplus,2,1,margin,true,57,28,2308,2026-09-09T13:04:40Z,1829367235568,fisvdd_revision,n1024,1024,B0,0.0,34.324,33.786,1400.000,1400.000,1400.000,1400.000,1.785296,67.361950,1.966543,10.353910,0.158123,84.689595,101.939531,0.000000,0.673034141,0.500034453,1
pi3bplus_v2_margin_20260909T125804Z,pi3bplus,2,1,margin,true,57,29,2309,2026-09-09T13:04:40Z,1829471114195,fisvdd_revision,n1024,1024,B0,0.0,33.786,33.786,1400.000,1400.000,1400.000,1400.000,1.800815,67.219608,1.946752,10.278702,0.155050,84.462566,101.943646,0.000000,0.686247079,0.500161241,1
pi3bplus_v2_margin_20260909T125804Z,pi3bplus,2,1,margin,true,57,30,2310,2026-09-09T13:04:40Z,1829574996364,fisvdd_revision,n1024,1024,B0,0.0,33.786,33.786,1400.000,1400.000,1400.000,1400.000,1.800347,67.241743,1.942012,10.314066,0.148228,84.499440,101.923907,0.000000,0.676598709,0.500518977,1
pi3bplus_v2_margin_20260909T125804Z,pi3bplus,2,1,margin,true,57,31,2311,2026-09-09T13:04:40Z,1829678864887,fisvdd_revision,n1024,1024,B0,0.0,33.786,33.786,1400.000,1400.000,1400.000,1400.000,1.774306,67.212108,1.915867,10.396566,0.148749,84.573919,101.953802,0.000000,0.684825413,0.499321702,1
pi3bplus_v2_margin_20260909T125804Z,pi3bplus,2,1,margin,true,57,32,2312,2026-09-09T13:04:40Z,1829782752993,fisvdd_revision,n1024,1024,B0,0.0,33.786,33.786,1400.000,1400.000,1400.000,1400.000,1.792847,67.218462,1.923783,10.322192,0.148748,84.512149,101.949948,0.000000,0.698673855,0.499385070,1
pi3bplus_v2_margin_20260909T125804Z,pi3bplus,2,1,margin,true,57,33,2313,2026-09-09T13:04:40Z,1829886721411,fisvdd_revision,n1024,1024,B0,0.0,33.248,33.786,1400.000,1400.000,1400.000,1400.000,1.788577,67.379502,1.925137,10.332087,0.147603,84.676418,101.957813,0.000000,0.687429923,0.500034313,1
pi3bplus_v2_margin_20260909T125804Z,pi3bplus,2,1,margin,true,57,34,2314,2026-09-09T13:04:40Z,1829990620924,fisvdd_revision,n1024,1024,B0,0.0,34.324,34.324,1400.000,1400.000,1400.000,1400.000,1.781129,67.221639,1.925606,10.333702,0.148541,84.493867,101.926146,0.000000,0.673737228,0.500019438,1
pi3bplus_v2_margin_20260909T125804Z,pi3bplus,2,1,margin,true,57,35,2315,2026-09-09T13:04:40Z,1830094482364,fisvdd_revision,n1024,1024,B0,0.0,33.786,33.786,1400.000,1400.000,1400.000,1400.000,1.777118,67.260962,1.944669,10.367400,0.150207,84.626053,101.946094,0.000000,0.685258366,0.500349431,1
pi3bplus_v2_margin_20260909T125804Z,pi3bplus,2,1,margin,true,57,36,2316,2026-09-09T13:04:40Z,1830198410001,fisvdd_revision,n1024,1024,B0,0.0,33.786,33.786,1400.000,1400.000,1400.000,1400.000,1.773993,68.684438,1.874774,10.488961,0.154478,86.512025,101.910313,0.000000,0.680245038,0.499904914,1
pi3bplus_v2_margin_20260909T125804Z,pi3bplus,2,1,margin,true,57,37,2317,2026-09-09T13:04:41Z,1830302263576,fisvdd_revision,n1024,1024,B0,0.0,33.786,34.324,1400.000,1400.000,1400.000,1400.000,1.781024,67.332159,1.925867,10.387400,0.148957,84.699438,101.923854,0.000000,0.679389441,0.499666586,1
pi3bplus_v2_margin_20260909T125804Z,pi3bplus,2,1,margin,true,57,38,2318,2026-09-09T13:04:41Z,1830406119547,fisvdd_revision,n1024,1024,B0,0.0,33.786,34.324,1400.000,1400.000,1400.000,1400.000,1.712744,67.323044,1.919304,10.334171,0.149998,84.561575,101.867865,0.000000,0.707674627,0.499583971,1
pi3bplus_v2_margin_20260909T125804Z,pi3bplus,2,1,margin,true,57,39,2319,2026-09-09T13:04:41Z,1830509980934,fisvdd_revision,n1024,1024,B0,0.0,33.248,33.786,1400.000,1400.000,1400.000,1400.000,1.713577,67.351169,1.854618,10.292660,0.150520,84.472149,101.870418,0.000000,0.677294765,0.500010126,1
pi3bplus_v2_margin_20260909T125804Z,pi3bplus,2,1,margin,true,58,0,2320,2026-09-09T13:04:41Z,1831124747310,fisvdd_revision,n1024,1024,B1,0.5,33.786,33.786,1400.000,1400.000,1400.000,1400.000,1.953159,69.073652,2.384769,11.580357,0.202030,88.547161,102.176091,0.000000,0.678941787,0.500052643,1
pi3bplus_v2_margin_20260909T125804Z,pi3bplus,2,1,margin,true,58,1,2321,2026-09-09T13:04:41Z,1831229133536,fisvdd_revision,n1024,1024,B1,0.5,33.786,34.324,1400.000,1400.000,1400.000,1400.000,1.906127,70.036508,1.845711,10.746666,0.146457,88.272424,101.840626,0.000000,0.679198535,0.500110652,1
pi3bplus_v2_margin_20260909T125804Z,pi3bplus,2,1,margin,true,58,2,2322,2026-09-09T13:04:42Z,1831332995653,fisvdd_revision,n1024,1024,B1,0.5,34.324,34.862,1400.000,1400.000,1400.000,1400.000,1.712223,67.352158,1.871961,10.460367,0.148644,84.653188,101.839844,0.000000,0.678379934,0.500280351,1
pi3bplus_v2_margin_20260909T125804Z,pi3bplus,2,1,margin,true,58,3,2323,2026-09-09T13:04:42Z,1831436860061,fisvdd_revision,n1024,1024,B1,0.5,34.324,34.324,1400.000,1400.000,1400.000,1400.000,1.703369,67.255128,1.873888,10.353024,0.149842,84.456940,101.841146,0.000000,0.688082666,0.499328897,1
pi3bplus_v2_margin_20260909T125804Z,pi3bplus,2,1,margin,true,58,4,2324,2026-09-09T13:04:42Z,1831540772489,fisvdd_revision,n1024,1024,B1,0.5,34.862,34.324,1400.000,1400.000,1400.000,1400.000,1.701963,67.228514,1.865399,10.406930,0.149634,84.465430,101.826251,0.000000,0.696485505,0.499528955,1
pi3bplus_v2_margin_20260909T125804Z,pi3bplus,2,1,margin,true,58,5,2325,2026-09-09T13:04:42Z,1831644620022,fisvdd_revision,n1024,1024,B1,0.5,34.324,34.324,1400.000,1400.000,1400.000,1400.000,1.696129,67.512625,1.864618,10.420368,0.148436,84.768135,101.841095,0.000000,0.684099051,0.500256330,1
pi3bplus_v2_margin_20260909T125804Z,pi3bplus,2,1,margin,true,58,6,2326,2026-09-09T13:04:42Z,1831748519222,fisvdd_revision,n1024,1024,B1,0.5,34.324,34.862,1400.000,1400.000,1400.000,1400.000,1.719515,67.316222,1.855920,10.407347,0.147550,84.556522,101.839740,0.000000,0.684798106,0.500220800,1
pi3bplus_v2_margin_20260909T125804Z,pi3bplus,2,1,margin,true,58,7,2327,2026-09-09T13:04:42Z,1831852381755,fisvdd_revision,n1024,1024,B1,0.5,34.862,34.862,1400.000,1400.000,1400.000,1400.000,1.697692,67.328045,1.872274,10.383545,0.149270,84.555793,101.930729,0.000000,0.670784068,0.499922100,1
pi3bplus_v2_margin_20260909T125804Z,pi3bplus,2,1,margin,true,58,8,2328,2026-09-09T13:04:42Z,1831956335485,fisvdd_revision,n1024,1024,B1,0.5,34.324,34.862,1400.000,1400.000,1400.000,1400.000,1.714150,67.650177,1.883888,10.498543,0.149061,85.017455,101.850573,0.000000,0.686584046,0.500044118,1
pi3bplus_v2_margin_20260909T125804Z,pi3bplus,2,1,margin,true,58,9,2329,2026-09-09T13:04:42Z,1832060256976,fisvdd_revision,n1024,1024,B1,0.5,34.324,34.324,1400.000,1400.000,1400.000,1400.000,1.709255,67.278514,1.872482,10.438492,0.149738,84.589699,101.843333,0.000000,0.689100799,0.499555593,1
pi3bplus_v2_margin_20260909T125804Z,pi3bplus,2,1,margin,true,58,10,2330,2026-09-09T13:04:42Z,1832164150394,fisvdd_revision,n1024,1024,B1,0.5,34.324,34.324,1400.000,1400.000,1400.000,1400.000,1.738681,67.797832,1.872430,10.450784,0.152238,85.114173,101.826875,0.000000,0.689288179,0.500005455,1
pi3bplus_v2_margin_20260909T125804Z,pi3bplus,2,1,margin,true,58,11,2331,2026-09-09T13:04:43Z,1832267928605,fisvdd_revision,n1024,1024,B1,0.5,34.324,34.324,1400.000,1400.000,1400.000,1400.000,1.708264,68.946153,1.850711,10.334483,0.149426,86.641189,101.874166,0.000000,0.688342658,0.499477220,1
pi3bplus_v2_margin_20260909T125804Z,pi3bplus,2,1,margin,true,58,12,2332,2026-09-09T13:04:43Z,1832371787179,fisvdd_revision,n1024,1024,B1,0.5,34.324,34.324,1400.000,1400.000,1400.000,1400.000,1.780972,67.582833,1.845502,10.440211,0.149634,84.916675,101.880781,0.000000,0.684816834,0.500396513,1
pi3bplus_v2_margin_20260909T125804Z,pi3bplus,2,1,margin,true,58,13,2333,2026-09-09T13:04:43Z,1832475603306,fisvdd_revision,n1024,1024,B1,0.5,34.862,34.862,1400.000,1400.000,1400.000,1400.000,1.780503,67.372679,1.944408,10.276619,0.149581,84.659595,101.897448,0.000000,0.670082835,0.500013912,1
pi3bplus_v2_margin_20260909T125804Z,pi3bplus,2,1,margin,true,58,14,2334,2026-09-09T13:04:43Z,1832579435631,fisvdd_revision,n1024,1024,B1,0.5,34.862,34.862,1400.000,1400.000,1400.000,1400.000,1.776128,67.325387,1.979980,10.340264,0.207498,84.679490,101.915052,0.000000,0.681684957,0.499853709,1
pi3bplus_v2_margin_20260909T125804Z,pi3bplus,2,1,margin,true,58,15,2335,2026-09-09T13:04:43Z,1832683297539,fisvdd_revision,n1024,1024,B1,0.5,34.324,34.862,1400.000,1400.000,1400.000,1400.000,1.787326,67.271274,1.949668,10.278703,0.147707,84.506991,101.898281,0.000000,0.688774051,0.499526457,1
pi3bplus_v2_margin_20260909T125804Z,pi3bplus,2,1,margin,true,58,16,2336,2026-09-09T13:04:43Z,1832787138978,fisvdd_revision,n1024,1024,B1,0.5,34.324,34.862,1400.000,1400.000,1400.000,1400.000,1.765139,67.367731,1.950710,10.375940,0.152394,84.662199,101.891094,0.000000,0.694462029,0.500240319,1
pi3bplus_v2_margin_20260909T125804Z,pi3bplus,2,1,margin,true,58,17,2337,2026-09-09T13:04:43Z,1832891014532,fisvdd_revision,n1024,1024,B1,0.5,34.324,34.862,1400.000,1400.000,1400.000,1400.000,1.769253,67.504553,1.957064,10.320108,0.149373,84.761520,101.888385,0.000000,0.682309737,0.499743034,1
pi3bplus_v2_margin_20260909T125804Z,pi3bplus,2,1,margin,true,58,18,2338,2026-09-09T13:04:43Z,1832994848992,fisvdd_revision,n1024,1024,B1,0.5,34.324,34.862,1400.000,1400.000,1400.000,1400.000,1.784723,67.168514,1.931700,10.324431,0.147707,84.437513,101.894687,0.000000,0.689240404,0.500086482,1
pi3bplus_v2_margin_20260909T125804Z,pi3bplus,2,1,margin,true,58,19,2339,2026-09-09T13:04:43Z,1833098678817,fisvdd_revision,n1024,1024,B1,0.5,34.862,34.324,1400.000,1400.000,1400.000,1400.000,1.759618,67.273617,1.961231,10.366149,0.142759,84.613292,101.890520,0.000000,0.674822427,0.500181758,1
pi3bplus_v2_margin_20260909T125804Z,pi3bplus,2,1,margin,true,58,20,2340,2026-09-09T13:04:43Z,1833202603120,fisvdd_revision,n1024,1024,B1,0.5,34.862,34.324,1400.000,1400.000,1400.000,1400.000,1.757535,67.269086,1.939252,10.383232,0.154791,84.615532,101.890937,0.000000,0.679620844,0.499836618,1
pi3bplus_v2_margin_20260909T125804Z,pi3bplus,2,1,margin,true,58,21,2341,2026-09-09T13:04:44Z,1833306432319,fisvdd_revision,n1024,1024,B1,0.5,34.324,34.324,1400.000,1400.000,1400.000,1400.000,1.745399,68.755634,1.856649,10.427919,0.146665,86.476191,101.901094,0.000000,0.690649149,0.499385172,1
pi3bplus_v2_margin_20260909T125804Z,pi3bplus,2,1,margin,true,58,22,2342,2026-09-09T13:04:44Z,1833410275060,fisvdd_revision,n1024,1024,B1,0.5,34.862,34.862,1400.000,1400.000,1400.000,1400.000,1.748680,67.462158,1.923106,10.299275,0.154634,84.668605,101.906875,0.000000,0.695089455,0.499980694,1
pi3bplus_v2_margin_20260909T125804Z,pi3bplus,2,1,margin,true,58,23,2343,2026-09-09T13:04:44Z,1833514117124,fisvdd_revision,n1024,1024,B1,0.5,34.862,34.862,1400.000,1400.000,1400.000,1400.000,1.687171,67.612676,1.918159,10.277921,0.147707,84.779802,101.850052,0.000000,0.676823377,0.500050726,1
pi3bplus_v2_margin_20260909T125804Z,pi3bplus,2,1,margin,true,58,24,2344,2026-09-09T13:04:44Z,1833617969865,fisvdd_revision,n1024,1024,B1,0.5,34.324,34.324,1400.000,1400.000,1400.000,1400.000,1.695556,67.525334,1.922117,10.635678,0.150207,85.035580,101.851354,0.000000,0.688732210,0.500171099,1
pi3bplus_v2_margin_20260909T125804Z,pi3bplus,2,1,margin,true,58,25,2345,2026-09-09T13:04:44Z,1833721891199,fisvdd_revision,n1024,1024,B1,0.5,34.862,34.862,1400.000,1400.000,1400.000,1400.000,1.713108,67.350075,1.870243,10.465784,0.149321,84.652095,101.849480,0.000000,0.672699672,0.500256461,1
pi3bplus_v2_margin_20260909T125804Z,pi3bplus,2,1,margin,true,58,26,2346,2026-09-09T13:04:44Z,1833825873887,fisvdd_revision,n1024,1024,B1,0.5,34.324,34.324,1400.000,1400.000,1400.000,1400.000,1.710973,67.408199,1.865919,10.350317,0.154478,84.625063,101.847552,0.000000,0.681433182,0.499733281,1
pi3bplus_v2_margin_20260909T125804Z,pi3bplus,2,1,margin,true,58,27,2347,2026-09-09T13:04:44Z,1833929738138,fisvdd_revision,n1024,1024,B1,0.5,34.862,34.862,1400.000,1400.000,1400.000,1400.000,1.708265,67.611634,1.854148,10.603907,0.148071,85.050163,101.846094,0.000000,0.698703168,0.499411473,1
pi3bplus_v2_margin_20260909T125804Z,pi3bplus,2,1,margin,true,58,28,2348,2026-09-09T13:04:44Z,1834033594421,fisvdd_revision,n1024,1024,B1,0.5,34.324,34.324,1400.000,1400.000,1400.000,1400.000,1.730972,67.459136,1.873940,10.551512,0.150155,84.872665,101.857135,0.000000,0.687960097,0.499975212,1
pi3bplus_v2_margin_20260909T125804Z,pi3bplus,2,1,margin,true,58,29,2349,2026-09-09T13:04:44Z,1834137471537,fisvdd_revision,n1024,1024,B1,0.5,34.862,34.862,1400.000,1400.000,1400.000,1400.000,1.719514,67.310127,1.882950,10.351566,0.151509,84.514595,101.831979,0.000000,0.676453761,0.500117646,1
pi3bplus_v2_margin_20260909T125804Z,pi3bplus,2,1,margin,true,58,30,2350,2026-09-09T13:04:44Z,1834241323080,fisvdd_revision,n1024,1024,B1,0.5,34.862,34.862,1400.000,1400.000,1400.000,1400.000,1.707223,67.310231,1.874409,10.409847,0.155416,84.563657,101.829010,0.000000,0.686955773,0.500109523,1
pi3bplus_v2_margin_20260909T125804Z,pi3bplus,2,1,margin,true,58,31,2351,2026-09-09T13:04:45Z,1834345169831,fisvdd_revision,n1024,1024,B1,0.5,35.400,34.862,1400.000,1400.000,1400.000,1400.000,1.709879,68.708760,1.935398,10.270161,0.149634,86.299161,101.845989,0.000000,0.677165755,0.500505990,1
pi3bplus_v2_margin_20260909T125804Z,pi3bplus,2,1,margin,true,58,32,2352,2026-09-09T13:04:45Z,1834449045957,fisvdd_revision,n1024,1024,B1,0.5,35.400,34.324,1400.000,1400.000,1400.000,1400.000,1.732014,67.426167,1.877429,10.368545,0.150207,84.659646,101.847187,0.000000,0.685253228,0.499359513,1
pi3bplus_v2_margin_20260909T125804Z,pi3bplus,2,1,margin,true,58,33,2353,2026-09-09T13:04:45Z,1834552963697,fisvdd_revision,n1024,1024,B1,0.5,34.862,35.400,1400.000,1400.000,1400.000,1400.000,1.704619,67.355595,1.850087,10.351670,0.151040,84.514856,101.840729,0.000000,0.696760759,0.499262525,1
pi3bplus_v2_margin_20260909T125804Z,pi3bplus,2,1,margin,true,58,34,2354,2026-09-09T13:04:45Z,1834656869354,fisvdd_revision,n1024,1024,B1,0.5,34.324,35.400,1400.000,1400.000,1400.000,1400.000,1.715764,67.305023,1.875607,10.393285,0.148228,84.547251,101.831614,0.000000,0.688376374,0.500101137,1
pi3bplus_v2_margin_20260909T125804Z,pi3bplus,2,1,margin,true,58,35,2355,2026-09-09T13:04:45Z,1834760722511,fisvdd_revision,n1024,1024,B1,0.5,34.324,35.400,1400.000,1400.000,1400.000,1400.000,1.699879,67.300440,1.876753,10.506148,0.152030,84.650011,101.852500,0.000000,0.673548147,0.499847520,1
pi3bplus_v2_margin_20260909T125804Z,pi3bplus,2,1,margin,true,58,36,2356,2026-09-09T13:04:45Z,1834864593168,fisvdd_revision,n1024,1024,B1,0.5,34.862,34.862,1400.000,1400.000,1400.000,1400.000,1.697900,67.279867,1.894044,10.824478,0.155207,84.961570,101.852083,0.000000,0.687667974,0.500576068,1
pi3bplus_v2_margin_20260909T125804Z,pi3bplus,2,1,margin,true,58,37,2357,2026-09-09T13:04:45Z,1834968476273,fisvdd_revision,n1024,1024,B1,0.5,34.862,34.862,1400.000,1400.000,1400.000,1400.000,1.708942,67.813560,1.873367,10.477606,0.149478,85.199381,101.839375,0.000000,0.676211906,0.499911123,1
pi3bplus_v2_margin_20260909T125804Z,pi3bplus,2,1,margin,true,58,38,2358,2026-09-09T13:04:45Z,1835072379951,fisvdd_revision,n1024,1024,B1,0.5,35.400,34.862,1400.000,1400.000,1400.000,1400.000,1.702796,67.315648,1.865503,10.426305,0.151248,84.585428,101.837812,0.000000,0.683987650,0.499695671,1
pi3bplus_v2_margin_20260909T125804Z,pi3bplus,2,1,margin,true,58,39,2359,2026-09-09T13:04:45Z,1835176228890,fisvdd_revision,n1024,1024,B1,0.5,35.400,34.862,1400.000,1400.000,1400.000,1400.000,1.704932,67.248044,1.858471,10.401305,0.150676,84.527980,101.833281,0.000000,0.703884519,0.499558996,1
pi3bplus_v2_margin_20260909T125804Z,pi3bplus,2,1,margin,true,59,0,2360,2026-09-09T13:04:46Z,1835939508033,tinydl_revision,n512,512,B0,0.0,34.324,33.786,1400.000,1400.000,1400.000,1400.000,2.023470,33.966961,1.244467,2.588464,0.156040,41.740115,101.909374,0.000000,0.669193877,0.641281718,1
pi3bplus_v2_margin_20260909T125804Z,pi3bplus,2,1,margin,true,59,1,2361,2026-09-09T13:04:46Z,1836042762394,tinydl_revision,n512,512,B0,0.0,34.324,34.324,1400.000,1400.000,1400.000,1400.000,1.709203,33.795921,1.304779,2.509038,0.160363,41.151214,101.952967,0.000000,0.686467318,0.635643149,1
pi3bplus_v2_margin_20260909T125804Z,pi3bplus,2,1,margin,true,59,2,2362,2026-09-09T13:04:46Z,1836146029567,tinydl_revision,n512,512,B0,0.0,34.324,34.324,1400.000,1400.000,1400.000,1400.000,1.660088,33.847171,1.306966,2.508986,0.159634,41.160641,101.876978,0.000000,0.670028728,0.633748745,1
pi3bplus_v2_margin_20260909T125804Z,pi3bplus,2,1,margin,true,59,3,2363,2026-09-09T13:04:46Z,1836249303511,tinydl_revision,n512,512,B0,0.0,34.324,34.324,1400.000,1400.000,1400.000,1400.000,1.667796,33.796911,1.223738,2.570861,0.167342,41.084027,101.853749,0.000000,0.687597085,0.661858708,1
pi3bplus_v2_margin_20260909T125804Z,pi3bplus,2,1,margin,true,59,4,2364,2026-09-09T13:04:47Z,1836352571830,tinydl_revision,n512,512,B0,0.0,34.324,34.324,1400.000,1400.000,1400.000,1400.000,1.675348,33.822640,1.238478,2.576017,0.158176,41.161058,101.722135,0.000000,0.693184252,0.659685299,1
pi3bplus_v2_margin_20260909T125804Z,pi3bplus,2,1,margin,true,59,5,2365,2026-09-09T13:04:47Z,1836455612494,tinydl_revision,n512,512,B0,0.0,34.324,34.324,1400.000,1400.000,1400.000,1400.000,1.770504,33.736912,1.235509,2.568725,0.155780,41.207777,101.920259,0.000000,0.666457404,0.657316788,1
pi3bplus_v2_margin_20260909T125804Z,pi3bplus,2,1,margin,true,59,6,2366,2026-09-09T13:04:47Z,1836558867115,tinydl_revision,n512,512,B0,0.0,34.324,34.324,1400.000,1400.000,1400.000,1400.000,1.729879,33.761338,1.304466,2.483309,0.164530,41.108976,101.949374,0.000000,0.683183732,0.657094583,1
pi3bplus_v2_margin_20260909T125804Z,pi3bplus,2,1,margin,true,59,7,2367,2026-09-09T13:04:47Z,1836662130278,tinydl_revision,n512,512,B0,0.0,33.786,34.324,1400.000,1400.000,1400.000,1400.000,1.654828,33.804619,1.296029,2.500861,0.165467,41.094184,101.862030,0.000000,0.670580502,0.641936043,1
pi3bplus_v2_margin_20260909T125804Z,pi3bplus,2,1,margin,true,59,8,2368,2026-09-09T13:04:47Z,1836765429742,tinydl_revision,n512,512,B0,0.0,34.324,33.786,1400.000,1400.000,1400.000,1400.000,1.672275,33.816546,1.257592,2.599037,0.155311,41.165746,101.868229,0.000000,0.688097149,0.652752754,1
pi3bplus_v2_margin_20260909T125804Z,pi3bplus,2,1,margin,true,59,9,2369,2026-09-09T13:04:47Z,1836868698321,tinydl_revision,n512,512,B0,0.0,34.324,33.786,1400.000,1400.000,1400.000,1400.000,1.667796,33.933004,1.241082,2.594975,0.166040,41.303141,101.917655,0.000000,0.686390096,0.634352108,1
pi3bplus_v2_margin_20260909T125804Z,pi3bplus,2,1,margin,true,59,10,2370,2026-09-09T13:04:47Z,1836971926120,tinydl_revision,n512,512,B0,0.0,34.324,33.786,1400.000,1400.000,1400.000,1400.000,1.742796,33.858056,1.223270,2.587526,0.159842,41.311056,101.862030,0.000000,0.701439752,0.668548592,1
pi3bplus_v2_margin_20260909T125804Z,pi3bplus,2,1,margin,true,59,11,2371,2026-09-09T13:04:47Z,1837075098762,tinydl_revision,n512,512,B0,0.0,33.786,34.324,1400.000,1400.000,1400.000,1400.000,1.787795,33.913994,1.227019,2.560080,0.166769,41.395067,101.945207,0.000000,0.696519169,0.657196429,1
pi3bplus_v2_margin_20260909T125804Z,pi3bplus,2,1,margin,true,59,12,2372,2026-09-09T13:04:47Z,1837178358644,tinydl_revision,n512,512,B0,0.0,33.786,34.324,1400.000,1400.000,1400.000,1400.000,1.689671,33.805088,1.310924,2.493986,0.158956,41.137360,101.947081,0.000000,0.688769146,0.651875567,1
pi3bplus_v2_margin_20260909T125804Z,pi3bplus,2,1,margin,true,59,13,2373,2026-09-09T13:04:48Z,1837281649671,tinydl_revision,n512,512,B0,0.0,34.324,33.786,1400.000,1400.000,1400.000,1400.000,1.713733,33.953628,1.304362,2.487841,0.159426,41.301369,101.864999,0.000000,0.674377582,0.638050542,1
pi3bplus_v2_margin_20260909T125804Z,pi3bplus,2,1,margin,true,59,14,2374,2026-09-09T13:04:48Z,1837384947260,tinydl_revision,n512,512,B0,0.0,33.786,33.786,1400.000,1400.000,1400.000,1400.000,1.667797,33.851129,1.240248,2.577058,0.156665,41.153766,101.706042,0.000000,0.669405774,0.626629382,1
pi3bplus_v2_margin_20260909T125804Z,pi3bplus,2,1,margin,true,59,15,2375,2026-09-09T13:04:48Z,1837487968862,tinydl_revision,n512,512,B0,0.0,33.786,33.786,1400.000,1400.000,1400.000,1400.000,1.690764,33.855869,1.216655,2.580964,0.155884,41.333504,101.850207,0.000000,0.704822027,0.675047590,1
pi3bplus_v2_margin_20260909T125804Z,pi3bplus,2,1,margin,true,59,16,2376,2026-09-09T13:04:48Z,1837591134942,tinydl_revision,n512,512,B0,0.0,33.786,34.324,1400.000,1400.000,1400.000,1400.000,1.778732,33.874149,1.237384,2.555913,0.156457,41.357931,101.951665,0.000000,0.676005251,0.658090157,1
pi3bplus_v2_margin_20260909T125804Z,pi3bplus,2,1,margin,true,59,17,2377,2026-09-09T13:04:48Z,1837694389250,tinydl_revision,n512,512,B0,0.0,33.786,33.786,1400.000,1400.000,1400.000,1400.000,1.696390,33.890660,1.291967,2.504924,0.157290,41.220172,101.938384,0.000000,0.665778941,0.643257611,1
pi3bplus_v2_margin_20260909T125804Z,pi3bplus,2,1,margin,true,59,18,2378,2026-09-09T13:04:48Z,1837797644965,tinydl_revision,n512,512,B0,0.0,34.324,33.248,1400.000,1400.000,1400.000,1400.000,1.646026,33.997378,1.305612,2.490028,0.156092,41.246994,101.853332,0.000000,0.681333816,0.662513350,1
pi3bplus_v2_margin_20260909T125804Z,pi3bplus,2,1,margin,true,59,19,2379,2026-09-09T13:04:48Z,1837900917242,tinydl_revision,n512,512,B0,0.0,33.786,33.786,1400.000,1400.000,1400.000,1400.000,1.677171,33.848160,1.233165,2.780390,0.189269,41.435065,101.969685,0.000000,0.688073697,0.647654234,1
pi3bplus_v2_margin_20260909T125804Z,pi3bplus,2,1,margin,true,59,20,2380,2026-09-09T13:04:48Z,1838004313111,tinydl_revision,n512,512,B0,0.0,32.710,33.786,1400.000,1400.000,1400.000,1400.000,1.681963,33.745297,1.236395,2.575444,0.165311,41.151318,101.864009,0.000000,0.690073375,0.652976969,1
pi3bplus_v2_margin_20260909T125804Z,pi3bplus,2,1,margin,true,59,21,2381,2026-09-09T13:04:48Z,1838107488045,tinydl_revision,n512,512,B0,0.0,33.786,34.324,1400.000,1400.000,1400.000,1400.000,1.778993,33.866441,1.237904,2.568308,0.162603,41.374702,101.950571,0.000000,0.688113006,0.638568440,1
pi3bplus_v2_margin_20260909T125804Z,pi3bplus,2,1,margin,true,59,22,2382,2026-09-09T13:04:48Z,1838210821519,tinydl_revision,n512,512,B0,0.0,34.324,33.786,1400.000,1400.000,1400.000,1400.000,1.741442,33.785505,1.287071,2.495913,0.164009,41.167412,101.948540,0.000000,0.708297554,0.670120840,1
pi3bplus_v2_margin_20260909T125804Z,pi3bplus,2,1,margin,true,59,23,2383,2026-09-09T13:04:49Z,1838314092806,tinydl_revision,n512,512,B0,0.0,33.248,34.324,1400.000,1400.000,1400.000,1400.000,1.646234,33.880035,1.296862,2.500548,0.157863,41.155329,101.862655,0.000000,0.670342290,0.629318335,1
pi3bplus_v2_margin_20260909T125804Z,pi3bplus,2,1,margin,true,59,24,2384,2026-09-09T13:04:49Z,1838417346698,tinydl_revision,n512,512,B0,0.0,33.786,33.786,1400.000,1400.000,1400.000,1400.000,1.661754,35.209137,1.208895,2.583360,0.156821,43.459889,101.865050,0.000000,0.704845045,0.673684439,1
pi3bplus_v2_margin_20260909T125804Z,pi3bplus,2,1,margin,true,59,25,2385,2026-09-09T13:04:49Z,1838520614078,tinydl_revision,n512,512,B0,0.0,33.248,34.324,1400.000,1400.000,1400.000,1400.000,1.698264,34.035606,1.251394,2.636641,0.158957,41.428139,101.865416,0.000000,0.671689387,0.633209785,1
pi3bplus_v2_margin_20260909T125804Z,pi3bplus,2,1,margin,true,59,26,2386,2026-09-09T13:04:49Z,1838623793179,tinydl_revision,n512,512,B0,0.0,34.324,34.324,1400.000,1400.000,1400.000,1400.000,1.750921,33.831598,1.242852,2.557580,0.157082,41.290275,101.913956,0.000000,0.676797440,0.652650687,1
pi3bplus_v2_margin_20260909T125804Z,pi3bplus,2,1,margin,true,59,27,2387,2026-09-09T13:04:49Z,1838727022695,tinydl_revision,n512,512,B0,0.0,33.248,33.248,1400.000,1400.000,1400.000,1400.000,1.723160,33.832015,1.233321,2.516955,0.159790,41.251370,101.971040,0.000000,0.692440401,0.655987959,1
pi3bplus_v2_margin_20260909T125804Z,pi3bplus,2,1,margin,true,59,28,2388,2026-09-09T13:04:49Z,1838830330492,tinydl_revision,n512,512,B0,0.0,34.324,33.248,1400.000,1400.000,1400.000,1400.000,1.713212,34.019512,1.284831,2.492268,0.157290,41.346734,101.938123,0.000000,0.680542909,0.661494691,1
pi3bplus_v2_margin_20260909T125804Z,pi3bplus,2,1,margin,true,59,29,2389,2026-09-09T13:04:49Z,1838933594019,tinydl_revision,n512,512,B0,0.0,33.786,33.786,1400.000,1400.000,1400.000,1400.000,1.652797,34.205604,1.360143,2.630807,0.166717,41.686417,101.852915,0.000000,0.663691026,0.641889785,1
pi3bplus_v2_margin_20260909T125804Z,pi3bplus,2,1,margin,true,59,30,2390,2026-09-09T13:04:49Z,1839036872598,tinydl_revision,n512,512,B0,0.0,33.786,33.248,1400.000,1400.000,1400.000,1400.000,1.674879,33.909358,1.245352,2.570288,0.158175,41.216317,101.862290,0.000000,0.683406371,0.660147233,1
pi3bplus_v2_margin_20260909T125804Z,pi3bplus,2,1,margin,true,59,31,2391,2026-09-09T13:04:49Z,1839140149562,tinydl_revision,n512,512,B0,0.0,33.786,33.248,1400.000,1400.000,1400.000,1400.000,1.672484,33.851754,1.249519,2.596642,0.163749,41.289650,101.870155,0.000000,0.679499091,0.635113983,1
pi3bplus_v2_margin_20260909T125804Z,pi3bplus,2,1,margin,true,59,32,2392,2026-09-09T13:04:49Z,1839243332933,tinydl_revision,n512,512,B0,0.0,33.248,33.786,1400.000,1400.000,1400.000,1400.000,1.774670,33.853369,1.225457,2.552267,0.155363,41.312410,101.919842,0.000000,0.688511664,0.652211846,1
pi3bplus_v2_margin_20260909T125804Z,pi3bplus,2,1,margin,true,59,33,2393,2026-09-09T13:04:50Z,1839346572501,tinydl_revision,n512,512,B0,0.0,33.248,33.786,1400.000,1400.000,1400.000,1400.000,1.705244,33.902171,1.300977,2.511225,0.158957,41.241057,101.949894,0.000000,0.686349456,0.633770483,1
pi3bplus_v2_margin_20260909T125804Z,pi3bplus,2,1,margin,true,59,34,2394,2026-09-09T13:04:50Z,1839449839882,tinydl_revision,n512,512,B0,0.0,33.248,33.248,1400.000,1400.000,1400.000,1400.000,1.659151,35.632622,1.202645,2.589558,0.162238,43.736189,101.871613,0.000000,0.721736233,0.690954431,1
pi3bplus_v2_margin_20260909T125804Z,pi3bplus,2,1,margin,true,59,35,2395,2026-09-09T13:04:50Z,1839553133252,tinydl_revision,n512,512,B0,0.0,33.248,33.786,1400.000,1400.000,1400.000,1400.000,1.664827,34.035242,1.243217,2.577527,0.155884,41.366889,101.863019,0.000000,0.673274409,0.643870602,1
pi3bplus_v2_margin_20260909T125804Z,pi3bplus,2,1,margin,true,59,36,2396,2026-09-09T13:04:50Z,1839656382455,tinydl_revision,n512,512,B0,0.0,33.786,33.248,1400.000,1400.000,1400.000,1400.000,1.668578,33.814411,1.219051,2.567788,0.161509,41.169808,101.865780,0.000000,0.690368701,0.642939807,1
pi3bplus_v2_margin_20260909T125804Z,pi3bplus,2,1,margin,true,59,37,2397,2026-09-09T13:04:50Z,1839759598534,tinydl_revision,n512,512,B0,0.0,33.786,33.248,1400.000,1400.000,1400.000,1400.000,1.773056,33.884254,1.224311,2.578725,0.163957,41.398868,101.925675,0.000000,0.670227517,0.628904137,1
pi3bplus_v2_margin_20260909T125804Z,pi3bplus,2,1,margin,true,59,38,2398,2026-09-09T13:04:50Z,1839862869352,tinydl_revision,n512,512,B0,0.0,33.248,33.248,1400.000,1400.000,1400.000,1400.000,1.727118,33.795712,1.313841,2.487424,0.220102,41.204495,101.988331,0.000000,0.681867956,0.664064743,1
pi3bplus_v2_margin_20260909T125804Z,pi3bplus,2,1,margin,true,59,39,2399,2026-09-09T13:04:50Z,1839966199961,tinydl_revision,n512,512,B0,0.0,33.786,33.248,1400.000,1400.000,1400.000,1400.000,1.653213,34.042429,1.361810,2.504663,0.159009,41.391681,101.944529,0.000000,0.697233019,0.653502401,1
pi3bplus_v2_margin_20260909T125804Z,pi3bplus,2,1,margin,true,60,0,2400,2026-09-09T13:04:51Z,1840580909031,lucid_revision,n1024,1024,B2,1.0,33.248,34.324,1400.000,1400.000,1400.000,1400.000,1.990710,69.608177,2.100761,612.359196,0.182290,689.911306,691.789308,589.911306,0.672860451,0.590396482,1
pi3bplus_v2_margin_20260909T125804Z,pi3bplus,2,1,margin,true,60,1,2401,2026-09-09T13:04:52Z,1841274632123,lucid_revision,n1024,1024,B2,1.0,34.324,35.400,1400.000,1400.000,1400.000,1400.000,1.775556,68.722248,1.913262,639.436900,0.183488,715.222203,716.997082,615.222203,0.685075476,0.598060514,1
pi3bplus_v2_margin_20260909T125804Z,pi3bplus,2,1,margin,true,60,2,2402,2026-09-09T13:04:52Z,1841993604342,lucid_revision,n1024,1024,B2,1.0,35.400,35.400,1400.000,1400.000,1400.000,1400.000,1.703733,69.998068,1.862482,635.910214,0.189894,712.849517,714.690645,612.849517,0.686821114,0.600717411,1
pi3bplus_v2_margin_20260909T125804Z,pi3bplus,2,1,margin,true,60,3,2403,2026-09-09T13:04:53Z,1842710225176,lucid_revision,n1024,1024,B2,1.0,35.400,35.400,1400.000,1400.000,1400.000,1400.000,1.753577,68.533916,1.941023,639.129922,0.188592,714.671842,716.429794,614.671842,0.694560024,0.603867418,1
pi3bplus_v2_margin_20260909T125804Z,pi3bplus,2,1,margin,true,60,4,2404,2026-09-09T13:04:54Z,1843428635732,lucid_revision,n1024,1024,B2,1.0,35.400,36.476,1400.000,1400.000,1400.000,1400.000,1.715869,69.175004,1.938731,637.078430,0.186509,713.258573,715.040379,613.258573,0.678448789,0.591780919,1
pi3bplus_v2_margin_20260909T125804Z,pi3bplus,2,1,margin,true,60,5,2405,2026-09-09T13:04:54Z,1844145669737,lucid_revision,n1024,1024,B2,1.0,36.476,36.476,1400.000,1400.000,1400.000,1400.000,1.708786,68.156003,1.917221,641.403803,0.191040,716.603696,718.438313,616.603696,0.687498264,0.603495815,1
pi3bplus_v2_margin_20260909T125804Z,pi3bplus,2,1,margin,true,60,6,2406,2026-09-09T13:04:55Z,1844866080323,lucid_revision,n1024,1024,B2,1.0,35.938,36.476,1400.000,1400.000,1400.000,1400.000,1.698109,67.598040,1.938575,637.821754,0.183071,712.389933,714.247363,612.389933,0.672825345,0.588030101,1
pi3bplus_v2_margin_20260909T125804Z,pi3bplus,2,1,margin,true,60,7,2407,2026-09-09T13:04:56Z,1845582308604,lucid_revision,n1024,1024,B2,1.0,36.476,35.938,1400.000,1400.000,1400.000,1400.000,1.745608,69.146514,1.883888,640.236990,0.189999,716.355467,718.231126,616.355467,0.681154893,0.595174608,1
pi3bplus_v2_margin_20260909T125804Z,pi3bplus,2,1,margin,true,60,8,2408,2026-09-09T13:04:57Z,1846302476586,lucid_revision,n1024,1024,B2,1.0,36.476,36.476,1400.000,1400.000,1400.000,1400.000,1.757951,68.569123,1.925971,646.830778,0.179842,722.344678,724.091536,622.344678,0.697591557,0.607807339,1
pi3bplus_v2_margin_20260909T125804Z,pi3bplus,2,1,margin,true,60,9,2409,2026-09-09T13:04:57Z,1847028568519,lucid_revision,n1024,1024,B2,1.0,36.476,37.014,1400.000,1400.000,1400.000,1400.000,2.029667,82.295968,2.363258,642.588630,0.182394,733.746804,735.595693,633.746804,0.688198321,0.598939675,1
pi3bplus_v2_margin_20260909T125804Z,pi3bplus,2,1,margin,true,60,10,2410,2026-09-09T13:04:58Z,1847766136067,lucid_revision,n1024,1024,B2,1.0,36.476,37.014,1400.000,1400.000,1400.000,1400.000,1.713056,68.780059,1.936387,635.622760,0.191092,711.340929,713.105026,611.340929,0.675487906,0.589642151,1
pi3bplus_v2_margin_20260909T125804Z,pi3bplus,2,1,margin,true,60,11,2411,2026-09-09T13:04:59Z,1848481225136,lucid_revision,n1024,1024,B2,1.0,36.476,37.014,1400.000,1400.000,1400.000,1400.000,1.724931,70.379991,1.880606,639.192412,0.182707,716.941394,718.723981,616.941394,0.690552278,0.607101162,1
pi3bplus_v2_margin_20260909T125804Z,pi3bplus,2,1,margin,true,60,12,2412,2026-09-09T13:04:59Z,1849201946076,lucid_revision,n1024,1024,B2,1.0,37.014,37.552,1400.000,1400.000,1400.000,1400.000,1.706441,68.870995,1.940866,637.543417,0.185415,713.368615,715.286981,613.368615,0.675729599,0.591058423,1
pi3bplus_v2_margin_20260909T125804Z,pi3bplus,2,1,margin,true,60,13,2413,2026-09-09T13:05:00Z,1849919166320,lucid_revision,n1024,1024,B2,1.0,36.476,37.014,1400.000,1400.000,1400.000,1400.000,1.773056,69.288491,1.874825,636.798110,0.185363,713.219135,714.996305,613.219135,0.686897042,0.598706365,1
pi3bplus_v2_margin_20260909T125804Z,pi3bplus,2,1,margin,true,60,14,2414,2026-09-09T13:05:01Z,1850636176720,lucid_revision,n1024,1024,B2,1.0,37.014,37.552,1400.000,1400.000,1400.000,1400.000,1.705140,68.614383,1.882430,636.268218,0.183592,711.792534,713.646370,611.792534,0.696535460,0.606812235,1
pi3bplus_v2_margin_20260909T125804Z,pi3bplus,2,1,margin,true,60,15,2415,2026-09-09T13:05:02Z,1851351795050,lucid_revision,n1024,1024,B2,1.0,37.552,37.014,1400.000,1400.000,1400.000,1400.000,1.787378,69.289115,1.867065,640.033024,0.265205,716.467956,718.236949,616.467956,0.687766056,0.600619251,1
pi3bplus_v2_margin_20260909T125804Z,pi3bplus,2,1,margin,true,60,16,2416,2026-09-09T13:05:02Z,1852071952501,lucid_revision,n1024,1024,B2,1.0,37.014,37.552,1400.000,1400.000,1400.000,1400.000,1.715921,68.565529,1.894304,637.797941,0.186664,713.380537,715.147238,613.380537,0.674815172,0.588733883,1
pi3bplus_v2_margin_20260909T125804Z,pi3bplus,2,1,margin,true,60,17,2417,2026-09-09T13:05:03Z,1852789085761,lucid_revision,n1024,1024,B2,1.0,37.014,37.552,1400.000,1400.000,1400.000,1400.000,1.728994,69.414634,1.924357,636.609358,0.183852,712.957936,714.743127,612.957936,0.684276198,0.600819039,1
pi3bplus_v2_margin_20260909T125804Z,pi3bplus,2,1,margin,true,60,18,2418,2026-09-09T13:05:04Z,1853505827670,lucid_revision,n1024,1024,B2,1.0,37.552,37.014,1400.000,1400.000,1400.000,1400.000,1.704671,68.532560,3.216063,635.305411,0.184477,712.416065,714.259224,612.416065,0.676036695,0.591163384,1
pi3bplus_v2_margin_20260909T125804Z,pi3bplus,2,1,margin,true,60,19,2419,2026-09-09T13:05:04Z,1854222026302,lucid_revision,n1024,1024,B2,1.0,37.552,37.552,1400.000,1400.000,1400.000,1400.000,1.703213,69.221356,1.936908,639.496307,0.181092,715.695354,717.472472,615.695354,0.684292122,0.597261499,1
pi3bplus_v2_margin_20260909T125804Z,pi3bplus,2,1,margin,true,60,20,2420,2026-09-09T13:05:05Z,1854941670107,lucid_revision,n1024,1024,B2,1.0,37.014,37.552,1400.000,1400.000,1400.000,1400.000,2.495965,68.621205,1.926648,639.219225,0.181925,715.626239,717.398774,615.626239,0.705171144,0.613139568,1
pi3bplus_v2_margin_20260909T125804Z,pi3bplus,2,1,margin,true,60,21,2421,2026-09-09T13:05:06Z,1855661056726,lucid_revision,n1024,1024,B2,1.0,37.552,37.014,1400.000,1400.000,1400.000,1400.000,1.714983,69.381718,1.919460,635.609259,0.184061,711.913046,713.676987,611.913046,0.676942321,0.591750455,1
pi3bplus_v2_margin_20260909T125804Z,pi3bplus,2,1,margin,true,60,22,2422,2026-09-09T13:05:07Z,1856376772859,lucid_revision,n1024,1024,B2,1.0,37.552,37.552,1400.000,1400.000,1400.000,1400.000,1.704879,68.859692,1.915189,635.897693,0.190102,711.741640,713.513393,611.741640,0.678966219,0.592168226,1
pi3bplus_v2_margin_20260909T125804Z,pi3bplus,2,1,margin,true,60,23,2423,2026-09-09T13:05:07Z,1857092257275,lucid_revision,n1024,1024,B2,1.0,37.552,37.552,1400.000,1400.000,1400.000,1400.000,1.703316,69.188699,1.886648,639.157868,0.192081,715.290249,717.200126,615.290249,0.680692407,0.596893220,1
pi3bplus_v2_margin_20260909T125804Z,pi3bplus,2,1,margin,true,60,24,2424,2026-09-09T13:05:08Z,1857811431236,lucid_revision,n1024,1024,B2,1.0,37.552,37.552,1400.000,1400.000,1400.000,1400.000,1.785712,68.597611,1.900606,638.500634,0.188800,714.115989,715.883523,614.115989,0.677625469,0.592232685,1
pi3bplus_v2_margin_20260909T125804Z,pi3bplus,2,1,margin,true,60,25,2425,2026-09-09T13:05:09Z,1858529290417,lucid_revision,n1024,1024,B2,1.0,37.552,37.552,1400.000,1400.000,1400.000,1400.000,1.719931,69.222709,1.962637,636.256437,0.189373,712.475431,714.242653,612.475431,0.687339954,0.600345218,1
pi3bplus_v2_margin_20260909T125804Z,pi3bplus,2,1,margin,true,60,26,2426,2026-09-09T13:05:09Z,1859245575082,lucid_revision,n1024,1024,B2,1.0,38.090,37.552,1400.000,1400.000,1400.000,1400.000,1.714879,68.775057,1.937897,636.543672,0.192133,712.272462,714.053122,612.272462,0.697567928,0.607964924,1
pi3bplus_v2_margin_20260909T125804Z,pi3bplus,2,1,margin,true,60,27,2427,2026-09-09T13:05:10Z,1859961609955,lucid_revision,n1024,1024,B2,1.0,37.014,37.552,1400.000,1400.000,1400.000,1400.000,1.716650,69.245990,1.944304,639.254530,0.180519,715.458212,717.238038,615.458212,0.683461332,0.598722345,1
pi3bplus_v2_margin_20260909T125804Z,pi3bplus,2,1,margin,true,60,28,2428,2026-09-09T13:05:11Z,1860680827766,lucid_revision,n1024,1024,B2,1.0,37.552,37.552,1400.000,1400.000,1400.000,1400.000,1.723785,68.443341,1.864669,638.667920,0.186612,714.102130,716.010705,614.102130,0.685199955,0.595964825,1
pi3bplus_v2_margin_20260909T125804Z,pi3bplus,2,1,margin,true,60,29,2429,2026-09-09T13:05:12Z,1861398777515,lucid_revision,n1024,1024,B2,1.0,37.552,37.552,1400.000,1400.000,1400.000,1400.000,1.798628,69.242135,1.964824,635.311910,0.181300,711.747985,713.625623,611.747985,0.671234525,0.589477177,1
pi3bplus_v2_margin_20260909T125804Z,pi3bplus,2,1,margin,true,60,30,2430,2026-09-09T13:05:12Z,1862114388483,lucid_revision,n1024,1024,B2,1.0,37.552,37.552,1400.000,1400.000,1400.000,1400.000,1.744254,68.481257,1.971075,635.734613,0.183800,711.225802,713.008857,611.225802,0.684694462,0.597759066,1
pi3bplus_v2_margin_20260909T125804Z,pi3bplus,2,1,margin,true,60,31,2431,2026-09-09T13:05:13Z,1862829388050,lucid_revision,n1024,1024,B2,1.0,38.090,38.090,1400.000,1400.000,1400.000,1400.000,1.719098,69.417342,1.905971,639.543689,0.183696,715.903775,717.669904,615.903775,0.688396166,0.600754374,1
pi3bplus_v2_margin_20260909T125804Z,pi3bplus,2,1,margin,true,60,32,2432,2026-09-09T13:05:14Z,1863549383817,lucid_revision,n1024,1024,B2,1.0,38.090,38.090,1400.000,1400.000,1400.000,1400.000,1.730973,68.610630,1.968783,638.884894,0.184842,714.536288,716.434759,614.536288,0.692375874,0.601378183,1
pi3bplus_v2_margin_20260909T125804Z,pi3bplus,2,1,margin,true,60,33,2433,2026-09-09T13:05:15Z,1864267771525,lucid_revision,n1024,1024,B2,1.0,37.552,38.090,1400.000,1400.000,1400.000,1400.000,1.773628,69.253801,1.868054,635.818463,0.183801,712.061415,713.947387,612.061415,0.685027064,0.601927862,1
pi3bplus_v2_margin_20260909T125804Z,pi3bplus,2,1,margin,true,60,34,2434,2026-09-09T13:05:15Z,1864983693528,lucid_revision,n1024,1024,B2,1.0,37.552,38.090,1400.000,1400.000,1400.000,1400.000,1.773577,68.895107,1.851388,636.703401,0.187238,712.674533,714.450661,612.674533,0.685735939,0.597155113,1
pi3bplus_v2_margin_20260909T125804Z,pi3bplus,2,1,margin,true,60,35,2435,2026-09-09T13:05:16Z,1865700120732,lucid_revision,n1024,1024,B2,1.0,38.090,38.090,1400.000,1400.000,1400.000,1400.000,1.692379,69.133958,1.869565,639.566966,0.183748,715.623774,717.511933,615.623774,0.669566802,0.587232708,1
pi3bplus_v2_margin_20260909T125804Z,pi3bplus,2,1,margin,true,60,36,2436,2026-09-09T13:05:17Z,1866419565146,lucid_revision,n1024,1024,B2,1.0,38.628,38.090,1400.000,1400.000,1400.000,1400.000,1.820503,68.604953,1.880555,639.330301,0.183227,715.023258,716.896260,615.023258,0.683436017,0.596607018,1
pi3bplus_v2_margin_20260909T125804Z,pi3bplus,2,1,margin,true,60,37,2437,2026-09-09T13:05:17Z,1867138401179,lucid_revision,n1024,1024,B2,1.0,38.090,38.628,1400.000,1400.000,1400.000,1400.000,1.753004,69.111563,1.866857,635.925229,0.190571,712.069275,713.931861,612.069275,0.688783938,0.600248873,1
pi3bplus_v2_margin_20260909T125804Z,pi3bplus,2,1,margin,true,60,38,2438,2026-09-09T13:05:18Z,1867854393905,lucid_revision,n1024,1024,B2,1.0,38.628,38.628,1400.000,1400.000,1400.000,1400.000,1.782482,68.566776,1.933210,636.385744,0.183853,711.989744,713.837278,611.989744,0.695044113,0.604340350,1
pi3bplus_v2_margin_20260909T125804Z,pi3bplus,2,1,margin,true,60,39,2439,2026-09-09T13:05:19Z,1868570172414,lucid_revision,n1024,1024,B2,1.0,37.552,37.552,1400.000,1400.000,1400.000,1400.000,1.695557,69.452653,1.857534,639.778315,0.189686,716.139181,717.973434,616.139181,0.683089995,0.599643138,1
pi3bplus_v2_margin_20260909T125804Z,pi3bplus,2,1,margin,true,61,0,2440,2026-09-09T13:05:20Z,1870012441874,fisvdd_revision,n256,256,B0,0.0,37.014,36.476,1400.000,1400.000,1400.000,1400.000,1.730816,16.949157,0.828951,2.894242,0.213539,23.677945,101.870669,0.000000,0.660573607,0.501010540,1
pi3bplus_v2_margin_20260909T125804Z,pi3bplus,2,1,margin,true,61,1,2441,2026-09-09T13:05:20Z,1870115315658,fisvdd_revision,n256,256,B0,0.0,37.014,36.476,1400.000,1400.000,1400.000,1400.000,1.727639,16.936396,0.822023,2.959919,0.148488,23.580290,101.960251,0.000000,0.694740903,0.499209459,1
pi3bplus_v2_margin_20260909T125804Z,pi3bplus,2,1,margin,true,61,2,2442,2026-09-09T13:05:20Z,1870218284076,fisvdd_revision,n256,256,B0,0.0,36.476,36.476,1400.000,1400.000,1400.000,1400.000,1.615922,17.037750,0.819627,2.941013,0.156717,23.563206,101.915511,0.000000,0.706953550,0.501154725,1
pi3bplus_v2_margin_20260909T125804Z,pi3bplus,2,1,margin,true,61,3,2443,2026-09-09T13:05:21Z,1870321201817,fisvdd_revision,n256,256,B0,0.0,36.476,36.476,1400.000,1400.000,1400.000,1400.000,1.621546,16.943792,0.834263,3.045439,0.147655,23.640602,101.861918,0.000000,0.688781740,0.499364007,1
pi3bplus_v2_margin_20260909T125804Z,pi3bplus,2,1,margin,true,61,4,2444,2026-09-09T13:05:21Z,1870424133673,fisvdd_revision,n256,256,B0,0.0,36.476,36.476,1400.000,1400.000,1400.000,1400.000,1.648109,16.962698,0.890513,2.861795,0.158332,23.516071,101.862647,0.000000,0.667659713,0.500640438,1
pi3bplus_v2_margin_20260909T125804Z,pi3bplus,2,1,margin,true,61,5,2445,2026-09-09T13:05:21Z,1870526980008,fisvdd_revision,n256,256,B0,0.0,37.014,36.476,1400.000,1400.000,1400.000,1400.000,1.733161,16.942647,0.840096,2.938044,0.150311,23.595134,101.942334,0.000000,0.679685373,0.500433230,1
pi3bplus_v2_margin_20260909T125804Z,pi3bplus,2,1,margin,true,61,6,2446,2026-09-09T13:05:21Z,1870629932489,fisvdd_revision,n256,256,B0,0.0,36.476,36.476,1400.000,1400.000,1400.000,1400.000,1.617276,17.007750,0.829940,2.939711,0.151352,23.528467,101.814158,0.000000,0.647009446,0.499250725,1
pi3bplus_v2_margin_20260909T125804Z,pi3bplus,2,1,margin,true,61,7,2447,2026-09-09T13:05:21Z,1870732827001,fisvdd_revision,n256,256,B0,0.0,36.476,36.476,1400.000,1400.000,1400.000,1400.000,1.635609,16.937959,0.820565,2.940805,0.157447,23.557373,101.885980,0.000000,0.693031793,0.500663054,1
pi3bplus_v2_margin_20260909T125804Z,pi3bplus,2,1,margin,true,61,8,2448,2026-09-09T13:05:21Z,1870835708753,fisvdd_revision,n256,256,B0,0.0,36.476,36.476,1400.000,1400.000,1400.000,1400.000,1.727223,17.418423,0.892022,2.870285,0.150988,24.045389,101.919105,0.000000,0.670401872,0.500972097,1
pi3bplus_v2_margin_20260909T125804Z,pi3bplus,2,1,margin,true,61,9,2449,2026-09-09T13:05:21Z,1870938618994,fisvdd_revision,n256,256,B0,0.0,35.938,36.476,1400.000,1400.000,1400.000,1400.000,1.674098,17.178374,0.825513,2.978825,0.151092,23.796069,102.057541,0.000000,0.694297369,0.498545102,1
pi3bplus_v2_margin_20260909T125804Z,pi3bplus,2,1,margin,true,61,10,2450,2026-09-09T13:05:21Z,1871041694338,fisvdd_revision,n256,256,B0,0.0,36.476,36.476,1400.000,1400.000,1400.000,1400.000,1.622640,17.069468,0.825409,2.948773,0.150102,23.612060,101.867179,0.000000,0.688605152,0.499996220,1
pi3bplus_v2_margin_20260909T125804Z,pi3bplus,2,1,margin,true,61,11,2451,2026-09-09T13:05:21Z,1871144643433,fisvdd_revision,n256,256,B0,0.0,35.938,35.938,1400.000,1400.000,1400.000,1400.000,1.645765,16.948531,0.829887,2.887315,0.161561,23.580602,101.866449,0.000000,0.688532167,0.499113159,1
pi3bplus_v2_margin_20260909T125804Z,pi3bplus,2,1,margin,true,61,12,2452,2026-09-09T13:05:21Z,1871247541174,fisvdd_revision,n256,256,B0,0.0,35.938,35.400,1400.000,1400.000,1400.000,1400.000,1.763576,16.994000,0.876294,2.877732,0.150207,23.639769,101.922855,0.000000,0.690264270,0.500490687,1
pi3bplus_v2_margin_20260909T125804Z,pi3bplus,2,1,margin,true,61,13,2453,2026-09-09T13:05:22Z,1871350459228,fisvdd_revision,n256,256,B0,0.0,35.400,35.938,1400.000,1400.000,1400.000,1400.000,1.672171,17.121343,0.837648,2.949658,0.150571,23.722059,101.961552,0.000000,0.678431755,0.498941440,1
pi3bplus_v2_margin_20260909T125804Z,pi3bplus,2,1,margin,true,61,14,2454,2026-09-09T13:05:22Z,1871453429156,fisvdd_revision,n256,256,B0,0.0,35.400,35.938,1400.000,1400.000,1400.000,1400.000,1.610349,16.984886,0.813481,2.942836,0.155936,23.493207,101.859886,0.000000,0.699175005,0.499677085,1
pi3bplus_v2_margin_20260909T125804Z,pi3bplus,2,1,margin,true,61,15,2455,2026-09-09T13:05:22Z,1871556352053,fisvdd_revision,n256,256,B0,0.0,35.938,35.938,1400.000,1400.000,1400.000,1400.000,1.641442,16.942907,0.934210,2.874399,0.149739,23.536019,101.866709,0.000000,0.684100095,0.499051010,1
pi3bplus_v2_margin_20260909T125804Z,pi3bplus,2,1,margin,true,61,16,2456,2026-09-09T13:05:22Z,1871659202138,fisvdd_revision,n256,256,B0,0.0,35.400,35.938,1400.000,1400.000,1400.000,1400.000,1.723577,18.041334,0.963272,2.959450,0.154322,25.679592,101.974000,0.000000,0.732006822,0.499969028,1
pi3bplus_v2_margin_20260909T125804Z,pi3bplus,2,1,margin,true,61,17,2457,2026-09-09T13:05:22Z,1871762163993,fisvdd_revision,n256,256,B0,0.0,35.400,35.400,1400.000,1400.000,1400.000,1400.000,1.605765,16.930251,0.827596,2.957211,0.157603,23.452166,101.958897,0.000000,0.703886677,0.499817775,1
pi3bplus_v2_margin_20260909T125804Z,pi3bplus,2,1,margin,true,61,18,2458,2026-09-09T13:05:22Z,1871865126942,fisvdd_revision,n256,256,B0,0.0,35.400,35.938,1400.000,1400.000,1400.000,1400.000,1.629827,16.915564,0.830877,2.945700,0.149478,23.519926,101.898584,0.000000,0.637159122,0.501184005,1
pi3bplus_v2_margin_20260909T125804Z,pi3bplus,2,1,margin,true,61,19,2459,2026-09-09T13:05:22Z,1871968110412,fisvdd_revision,n256,256,B0,0.0,35.400,34.862,1400.000,1400.000,1400.000,1400.000,1.629620,16.864626,0.886502,2.880701,0.149686,23.407374,101.859782,0.000000,0.698194387,0.499360241,1
pi3bplus_v2_margin_20260909T125804Z,pi3bplus,2,1,margin,true,61,20,2460,2026-09-09T13:05:22Z,1872070961955,fisvdd_revision,n256,256,B0,0.0,35.938,35.400,1400.000,1400.000,1400.000,1400.000,1.723785,16.941709,0.823064,2.931378,0.155988,23.557009,101.944938,0.000000,0.706572755,0.499412452,1
pi3bplus_v2_margin_20260909T125804Z,pi3bplus,2,1,margin,true,61,21,2461,2026-09-09T13:05:22Z,1872173895009,fisvdd_revision,n256,256,B0,0.0,35.938,34.862,1400.000,1400.000,1400.000,1400.000,1.613005,16.939781,0.835773,2.946064,0.150259,23.463624,101.847178,0.000000,0.653604608,0.500274776,1
pi3bplus_v2_margin_20260909T125804Z,pi3bplus,2,1,margin,true,61,22,2462,2026-09-09T13:05:23Z,1872276837541,fisvdd_revision,n256,256,B0,0.0,35.938,35.400,1400.000,1400.000,1400.000,1400.000,1.638473,16.922959,0.826554,2.934867,0.152134,23.532113,101.868011,0.000000,0.694998880,0.498861410,1
pi3bplus_v2_margin_20260909T125804Z,pi3bplus,2,1,margin,true,61,23,2463,2026-09-09T13:05:23Z,1872379690178,fisvdd_revision,n256,256,B0,0.0,35.400,35.400,1400.000,1400.000,1400.000,1400.000,1.716806,16.876761,0.818950,2.949086,0.149894,23.498363,101.946344,0.000000,0.663421193,0.501114788,1
pi3bplus_v2_margin_20260909T125804Z,pi3bplus,2,1,margin,true,61,24,2464,2026-09-09T13:05:23Z,1872482623231,fisvdd_revision,n256,256,B0,0.0,35.400,35.400,1400.000,1400.000,1400.000,1400.000,1.678265,16.898845,0.830669,2.938929,0.150572,23.477843,101.957073,0.000000,0.679871583,0.500060644,1
pi3bplus_v2_margin_20260909T125804Z,pi3bplus,2,1,margin,true,61,25,2465,2026-09-09T13:05:23Z,1872585567222,fisvdd_revision,n256,256,B0,0.0,35.400,35.400,1400.000,1400.000,1400.000,1400.000,1.602745,16.911657,0.817648,2.946065,0.148645,23.399354,101.620722,0.000000,0.698438547,0.500165396,1
pi3bplus_v2_margin_20260909T125804Z,pi3bplus,2,1,margin,true,61,26,2466,2026-09-09T13:05:23Z,1872688290225,fisvdd_revision,n256,256,B0,0.0,35.400,35.400,1400.000,1400.000,1400.000,1400.000,1.649307,16.988323,0.896345,2.881898,0.150364,23.552165,101.891292,0.000000,0.697536011,0.500245225,1
pi3bplus_v2_margin_20260909T125804Z,pi3bplus,2,1,margin,true,61,27,2467,2026-09-09T13:05:23Z,1872791169528,fisvdd_revision,n256,256,B0,0.0,34.862,34.324,1400.000,1400.000,1400.000,1400.000,1.733785,16.970667,0.817336,2.930805,0.151925,23.599925,101.975719,0.000000,0.680524337,0.499869415,1
pi3bplus_v2_margin_20260909T125804Z,pi3bplus,2,1,margin,true,61,28,2468,2026-09-09T13:05:23Z,1872894135029,fisvdd_revision,n256,256,B0,0.0,35.400,35.400,1400.000,1400.000,1400.000,1400.000,1.615609,17.183529,0.814106,2.972992,0.157915,23.730913,101.969781,0.000000,0.680060419,0.501551534,1
pi3bplus_v2_margin_20260909T125804Z,pi3bplus,2,1,margin,true,61,29,2469,2026-09-09T13:05:23Z,1872997096155,fisvdd_revision,n256,256,B0,0.0,35.400,35.400,1400.000,1400.000,1400.000,1400.000,1.632484,16.890511,0.824940,2.923461,0.151873,23.492582,101.860928,0.000000,0.647741889,0.498431248,1
pi3bplus_v2_margin_20260909T125804Z,pi3bplus,2,1,margin,true,61,30,2470,2026-09-09T13:05:23Z,1873099956344,fisvdd_revision,n256,256,B0,0.0,35.400,35.400,1400.000,1400.000,1400.000,1400.000,1.643057,16.890876,0.884887,2.873826,0.153175,23.501072,101.889574,0.000000,0.672004696,0.500203452,1
pi3bplus_v2_margin_20260909T125804Z,pi3bplus,2,1,margin,true,61,31,2471,2026-09-09T13:05:23Z,1873202835023,fisvdd_revision,n256,256,B0,0.0,35.400,34.862,1400.000,1400.000,1400.000,1400.000,1.729462,16.901032,0.827075,2.955648,0.151926,23.555185,101.947333,0.000000,0.692257416,0.501479742,1
pi3bplus_v2_margin_20260909T125804Z,pi3bplus,2,1,margin,true,61,32,2472,2026-09-09T13:05:24Z,1873305776409,fisvdd_revision,n256,256,B0,0.0,35.400,35.400,1400.000,1400.000,1400.000,1400.000,1.612693,16.929157,0.823950,2.939034,0.155363,23.457322,101.890719,0.000000,0.677618812,0.500233003,1
pi3bplus_v2_margin_20260909T125804Z,pi3bplus,2,1,margin,true,61,33,2473,2026-09-09T13:05:24Z,1873408744878,fisvdd_revision,n256,256,B0,0.0,34.862,34.862,1400.000,1400.000,1400.000,1400.000,1.634620,16.901241,0.818325,2.883826,0.152655,23.510394,101.870667,0.000000,0.674100859,0.498920361,1
pi3bplus_v2_margin_20260909T125804Z,pi3bplus,2,1,margin,true,61,34,2474,2026-09-09T13:05:24Z,1873511618244,fisvdd_revision,n256,256,B0,0.0,35.400,34.862,1400.000,1400.000,1400.000,1400.000,1.738681,16.944469,0.904418,2.896586,0.158696,23.629299,101.926865,0.000000,0.682762743,0.498781730,1
pi3bplus_v2_margin_20260909T125804Z,pi3bplus,2,1,margin,true,61,35,2475,2026-09-09T13:05:24Z,1873614573328,fisvdd_revision,n256,256,B0,0.0,34.862,34.862,1400.000,1400.000,1400.000,1400.000,1.751233,16.928896,0.828741,2.938981,0.151457,23.585289,101.822543,0.000000,0.682009005,0.500378038,1
pi3bplus_v2_margin_20260909T125804Z,pi3bplus,2,1,margin,true,61,36,2476,2026-09-09T13:05:24Z,1873717382892,fisvdd_revision,n256,256,B0,0.0,35.400,35.400,1400.000,1400.000,1400.000,1400.000,1.620245,16.904106,0.819627,2.959554,0.146926,23.493624,101.892647,0.000000,0.690314403,0.499976387,1
pi3bplus_v2_margin_20260909T125804Z,pi3bplus,2,1,margin,true,61,37,2477,2026-09-09T13:05:24Z,1873820564328,fisvdd_revision,n256,256,B0,0.0,34.862,34.862,1400.000,1400.000,1400.000,1400.000,1.672379,16.881449,0.831815,2.883462,0.214998,23.534665,101.865511,0.000000,0.695024639,0.498630575,1
pi3bplus_v2_margin_20260909T125804Z,pi3bplus,2,1,margin,true,61,38,2478,2026-09-09T13:05:24Z,1873923418892,fisvdd_revision,n256,256,B0,0.0,34.862,34.324,1400.000,1400.000,1400.000,1400.000,1.732744,17.229883,1.112593,3.036428,0.215518,24.710018,101.928532,0.000000,0.687748159,0.499120828,1
pi3bplus_v2_margin_20260909T125804Z,pi3bplus,2,1,margin,true,61,39,2479,2026-09-09T13:05:24Z,1874026337206,fisvdd_revision,n256,256,B0,0.0,34.862,34.862,1400.000,1400.000,1400.000,1400.000,1.668629,16.926605,0.819002,2.940492,0.150624,23.490759,101.944833,0.000000,0.711135166,0.500811538,1
pi3bplus_v2_margin_20260909T125804Z,pi3bplus,2,1,margin,true,62,0,2480,2026-09-09T13:05:25Z,1874640350036,fisvdd_revision,n1024,1024,B2,1.0,34.862,35.400,1400.000,1400.000,1400.000,1400.000,1.998522,72.025231,2.059407,11.610667,0.147654,91.595091,102.164727,0.000000,0.689471118,0.499956501,1
pi3bplus_v2_margin_20260909T125804Z,pi3bplus,2,1,margin,true,62,1,2481,2026-09-09T13:05:25Z,1874744670263,fisvdd_revision,n1024,1024,B2,1.0,35.400,34.862,1400.000,1400.000,1400.000,1400.000,2.017532,69.686973,1.985033,10.356826,0.150259,87.230394,101.859677,0.000000,0.675224121,0.499911063,1
pi3bplus_v2_margin_20260909T125804Z,pi3bplus,2,1,margin,true,62,2,2482,2026-09-09T13:05:25Z,1874848764762,fisvdd_revision,n1024,1024,B2,1.0,35.400,35.400,1400.000,1400.000,1400.000,1400.000,1.748628,67.050592,1.888992,10.355888,0.149582,84.243861,101.901657,0.000000,0.690838725,0.500199686,1
pi3bplus_v2_margin_20260909T125804Z,pi3bplus,2,1,margin,true,62,3,2483,2026-09-09T13:05:25Z,1874952674732,fisvdd_revision,n1024,1024,B2,1.0,35.400,34.862,1400.000,1400.000,1400.000,1400.000,1.717848,67.038405,1.882117,10.470730,0.148697,84.315059,101.832283,0.000000,0.675518266,0.500419932,1
pi3bplus_v2_margin_20260909T125804Z,pi3bplus,2,1,margin,true,62,4,2484,2026-09-09T13:05:25Z,1875056502933,fisvdd_revision,n1024,1024,B2,1.0,35.400,35.400,1400.000,1400.000,1400.000,1400.000,1.709931,67.000697,1.888367,10.455001,0.154790,84.268339,101.851969,0.000000,0.688869518,0.499442177,1
pi3bplus_v2_margin_20260909T125804Z,pi3bplus,2,1,margin,true,62,5,2485,2026-09-09T13:05:25Z,1875160352122,fisvdd_revision,n1024,1024,B2,1.0,35.938,35.400,1400.000,1400.000,1400.000,1400.000,1.735244,67.027884,1.869304,10.323857,0.151300,84.213549,101.832699,0.000000,0.696890816,0.499284296,1
pi3bplus_v2_margin_20260909T125804Z,pi3bplus,2,1,margin,true,62,6,2486,2026-09-09T13:05:26Z,1875264176260,fisvdd_revision,n1024,1024,B2,1.0,35.400,35.938,1400.000,1400.000,1400.000,1400.000,1.705296,66.925020,1.949981,10.421772,0.147863,84.161778,101.846656,0.000000,0.686961852,0.500016378,1
pi3bplus_v2_margin_20260909T125804Z,pi3bplus,2,1,margin,true,62,7,2487,2026-09-09T13:05:26Z,1875368073782,fisvdd_revision,n1024,1024,B2,1.0,35.400,35.938,1400.000,1400.000,1400.000,1400.000,1.702692,67.021321,1.935189,10.394690,0.150051,84.251361,101.849521,0.000000,0.673319306,0.499986541,1
pi3bplus_v2_margin_20260909T125804Z,pi3bplus,2,1,margin,true,62,8,2488,2026-09-09T13:05:26Z,1875471849743,fisvdd_revision,n1024,1024,B2,1.0,36.476,35.938,1400.000,1400.000,1400.000,1400.000,1.791389,67.179028,1.951700,10.272660,0.154061,84.424536,101.888531,0.000000,0.684716054,0.500623543,1
pi3bplus_v2_margin_20260909T125804Z,pi3bplus,2,1,margin,true,62,9,2489,2026-09-09T13:05:26Z,1875575673203,fisvdd_revision,n1024,1024,B2,1.0,35.938,36.476,1400.000,1400.000,1400.000,1400.000,1.778107,66.957885,1.957637,10.226098,0.154374,84.106518,101.965562,0.000000,0.676536828,0.499864892,1
pi3bplus_v2_margin_20260909T125804Z,pi3bplus,2,1,margin,true,62,10,2490,2026-09-09T13:05:26Z,1875679611870,fisvdd_revision,n1024,1024,B2,1.0,36.476,35.938,1400.000,1400.000,1400.000,1400.000,1.768264,68.380266,1.863576,10.355315,0.150051,85.984730,101.900876,0.000000,0.681979672,0.499688240,1
pi3bplus_v2_margin_20260909T125804Z,pi3bplus,2,1,margin,true,62,11,2491,2026-09-09T13:05:26Z,1875783437310,fisvdd_revision,n1024,1024,B2,1.0,35.400,36.476,1400.000,1400.000,1400.000,1400.000,1.823576,67.497828,1.935085,10.314378,0.150155,84.798959,101.930718,0.000000,0.706905602,0.499507066,1
pi3bplus_v2_margin_20260909T125804Z,pi3bplus,2,1,margin,true,62,12,2492,2026-09-09T13:05:26Z,1875887301864,fisvdd_revision,n1024,1024,B2,1.0,36.476,36.476,1400.000,1400.000,1400.000,1400.000,1.772743,67.495119,1.987168,10.297191,0.148957,84.698283,101.967384,0.000000,0.681250297,0.499865330,1
pi3bplus_v2_margin_20260909T125804Z,pi3bplus,2,1,margin,true,62,13,2493,2026-09-09T13:05:26Z,1875991200844,fisvdd_revision,n1024,1024,B2,1.0,35.938,36.476,1400.000,1400.000,1400.000,1400.000,1.779670,67.053613,1.903679,10.234274,0.150728,84.151414,101.920354,0.000000,0.675129848,0.500217528,1
pi3bplus_v2_margin_20260909T125804Z,pi3bplus,2,1,margin,true,62,14,2494,2026-09-09T13:05:26Z,1876095097950,fisvdd_revision,n1024,1024,B2,1.0,36.476,36.476,1400.000,1400.000,1400.000,1400.000,1.770138,67.092362,1.918835,10.297711,0.150467,84.242350,101.913270,0.000000,0.681859027,0.500107906,1
pi3bplus_v2_margin_20260909T125804Z,pi3bplus,2,1,margin,true,62,15,2495,2026-09-09T13:05:26Z,1876198990055,fisvdd_revision,n1024,1024,B2,1.0,36.476,35.938,1400.000,1400.000,1400.000,1400.000,1.764253,67.060592,1.929304,10.197400,0.154217,84.170216,101.969208,0.000000,0.674839798,0.499991771,1
pi3bplus_v2_margin_20260909T125804Z,pi3bplus,2,1,margin,true,62,16,2496,2026-09-09T13:05:27Z,1876302893723,fisvdd_revision,n1024,1024,B2,1.0,35.938,36.476,1400.000,1400.000,1400.000,1400.000,1.769462,66.963614,1.946231,10.291097,0.151249,84.173236,101.919729,0.000000,0.687529685,0.499483124,1
pi3bplus_v2_margin_20260909T125804Z,pi3bplus,2,1,margin,true,62,17,2497,2026-09-09T13:05:27Z,1876406744735,fisvdd_revision,n1024,1024,B2,1.0,36.476,36.476,1400.000,1400.000,1400.000,1400.000,1.771962,66.939760,1.910398,10.269743,0.150676,84.098706,101.919729,0.000000,0.699708839,0.499724140,1
pi3bplus_v2_margin_20260909T125804Z,pi3bplus,2,1,margin,true,62,18,2498,2026-09-09T13:05:27Z,1876510642152,fisvdd_revision,n1024,1024,B2,1.0,36.476,36.476,1400.000,1400.000,1400.000,1400.000,1.765608,66.991530,1.931075,10.310367,0.151197,84.198914,101.913948,0.000000,0.682934489,0.500076817,1
pi3bplus_v2_margin_20260909T125804Z,pi3bplus,2,1,margin,true,62,19,2499,2026-09-09T13:05:27Z,1876614491862,fisvdd_revision,n1024,1024,B2,1.0,36.476,36.476,1400.000,1400.000,1400.000,1400.000,1.753525,66.934291,1.837534,10.277139,0.149738,84.035478,101.910927,0.000000,0.684363799,0.500157994,1
pi3bplus_v2_margin_20260909T125804Z,pi3bplus,2,1,margin,true,62,20,2500,2026-09-09T13:05:27Z,1876718334229,fisvdd_revision,n1024,1024,B2,1.0,37.014,37.014,1400.000,1400.000,1400.000,1400.000,1.749254,68.728024,1.865138,10.436877,0.153541,86.384516,101.886135,0.000000,0.673287916,0.499829730,1
pi3bplus_v2_margin_20260909T125804Z,pi3bplus,2,1,margin,true,62,21,2501,2026-09-09T13:05:27Z,1876822163678,fisvdd_revision,n1024,1024,B2,1.0,36.476,36.476,1400.000,1400.000,1400.000,1400.000,1.702588,67.452463,1.929824,10.239222,0.149998,84.538910,101.897385,0.000000,0.683476095,0.500102242,1
pi3bplus_v2_margin_20260909T125804Z,pi3bplus,2,1,margin,true,62,22,2502,2026-09-09T13:05:27Z,1876925993701,fisvdd_revision,n1024,1024,B2,1.0,36.476,35.938,1400.000,1400.000,1400.000,1400.000,1.699723,67.358349,1.876075,10.722812,0.184738,84.887448,101.872958,0.000000,0.689706917,0.499660470,1
pi3bplus_v2_margin_20260909T125804Z,pi3bplus,2,1,margin,true,62,23,2503,2026-09-09T13:05:27Z,1877029937212,fisvdd_revision,n1024,1024,B2,1.0,37.014,36.476,1400.000,1400.000,1400.000,1400.000,1.706129,67.175382,1.878419,10.300888,0.149425,84.288131,101.856188,0.000000,0.691826704,0.499921816,1
pi3bplus_v2_margin_20260909T125804Z,pi3bplus,2,1,margin,true,62,24,2504,2026-09-09T13:05:27Z,1877133781765,fisvdd_revision,n1024,1024,B2,1.0,36.476,36.476,1400.000,1400.000,1400.000,1400.000,1.704202,67.148924,1.879721,10.319847,0.150520,84.248913,101.843584,0.000000,0.683577273,0.499642733,1
pi3bplus_v2_margin_20260909T125804Z,pi3bplus,2,1,margin,true,62,25,2505,2026-09-09T13:05:27Z,1877237630277,fisvdd_revision,n1024,1024,B2,1.0,36.476,36.476,1400.000,1400.000,1400.000,1400.000,1.711702,67.007936,1.842586,10.262712,0.150415,84.037873,101.858948,0.000000,0.685526473,0.500299782,1
pi3bplus_v2_margin_20260909T125804Z,pi3bplus,2,1,margin,true,62,26,2506,2026-09-09T13:05:28Z,1877341522070,fisvdd_revision,n1024,1024,B2,1.0,36.476,36.476,1400.000,1400.000,1400.000,1400.000,1.699775,67.227152,1.889877,10.335993,0.150727,84.358495,101.849938,0.000000,0.669882952,0.499995473,1
pi3bplus_v2_margin_20260909T125804Z,pi3bplus,2,1,margin,true,62,27,2507,2026-09-09T13:05:28Z,1877445362144,fisvdd_revision,n1024,1024,B2,1.0,36.476,36.476,1400.000,1400.000,1400.000,1400.000,1.698160,67.313297,1.882221,10.265108,0.148957,84.388495,101.841396,0.000000,0.685205390,0.499940495,1
pi3bplus_v2_margin_20260909T125804Z,pi3bplus,2,1,margin,true,62,28,2508,2026-09-09T13:05:28Z,1877549226906,fisvdd_revision,n1024,1024,B2,1.0,36.476,36.476,1400.000,1400.000,1400.000,1400.000,1.700973,67.213247,1.861388,10.325315,0.153957,84.307349,101.855771,0.000000,0.688816682,0.499601562,1
pi3bplus_v2_margin_20260909T125804Z,pi3bplus,2,1,margin,true,62,29,2509,2026-09-09T13:05:28Z,1877653080522,fisvdd_revision,n1024,1024,B2,1.0,36.476,36.476,1400.000,1400.000,1400.000,1400.000,1.698264,67.001947,1.870450,10.305732,0.148540,84.132455,101.844156,0.000000,0.692948475,0.500080881,1
pi3bplus_v2_margin_20260909T125804Z,pi3bplus,2,1,margin,true,62,30,2510,2026-09-09T13:05:28Z,1877756920492,fisvdd_revision,n1024,1024,B2,1.0,36.476,36.476,1400.000,1400.000,1400.000,1400.000,1.713941,68.742502,1.928627,10.435262,0.147551,86.493317,101.849573,0.000000,0.685172680,0.499721501,1
pi3bplus_v2_margin_20260909T125804Z,pi3bplus,2,1,margin,true,62,31,2511,2026-09-09T13:05:28Z,1877860817597,fisvdd_revision,n1024,1024,B2,1.0,36.476,36.476,1400.000,1400.000,1400.000,1400.000,1.712743,67.220851,1.859773,10.814686,0.157759,84.841563,101.831813,0.000000,0.686872048,0.500208157,1
pi3bplus_v2_margin_20260909T125804Z,pi3bplus,2,1,margin,true,62,32,2512,2026-09-09T13:05:28Z,1877964639651,fisvdd_revision,n1024,1024,B2,1.0,37.014,36.476,1400.000,1400.000,1400.000,1400.000,1.705868,67.790012,1.880502,10.322815,0.148801,84.893125,101.851552,0.000000,0.672534825,0.500284256,1
pi3bplus_v2_margin_20260909T125804Z,pi3bplus,2,1,margin,true,62,33,2513,2026-09-09T13:05:28Z,1878068494673,fisvdd_revision,n1024,1024,B2,1.0,36.476,36.476,1400.000,1400.000,1400.000,1400.000,1.712066,67.169809,1.878002,10.321722,0.153332,84.329016,101.842073,0.000000,0.683420621,0.499470684,1
pi3bplus_v2_margin_20260909T125804Z,pi3bplus,2,1,margin,true,62,34,2514,2026-09-09T13:05:28Z,1878172379382,fisvdd_revision,n1024,1024,B2,1.0,36.476,36.476,1400.000,1400.000,1400.000,1400.000,1.704515,67.156892,1.883523,10.354690,0.149373,84.313964,101.832229,0.000000,0.687944750,0.499634162,1
pi3bplus_v2_margin_20260909T125804Z,pi3bplus,2,1,margin,true,62,35,2515,2026-09-09T13:05:29Z,1878276197790,fisvdd_revision,n1024,1024,B2,1.0,36.476,36.476,1400.000,1400.000,1400.000,1400.000,1.699931,67.170798,1.877064,10.600625,0.156144,84.588961,101.846916,0.000000,0.692788541,0.500126105,1
pi3bplus_v2_margin_20260909T125804Z,pi3bplus,2,1,margin,true,62,36,2516,2026-09-09T13:05:29Z,1878379974687,fisvdd_revision,n1024,1024,B2,1.0,36.476,37.014,1400.000,1400.000,1400.000,1400.000,1.706754,67.178767,1.947950,10.300732,0.149946,84.359328,101.848323,0.000000,0.681438540,0.499862037,1
pi3bplus_v2_margin_20260909T125804Z,pi3bplus,2,1,margin,true,62,37,2517,2026-09-09T13:05:29Z,1878483762418,fisvdd_revision,n1024,1024,B2,1.0,36.476,36.476,1400.000,1400.000,1400.000,1400.000,1.814096,67.090331,1.933523,10.230316,0.195883,84.291256,101.878167,0.000000,0.688564413,0.500071563,1
pi3bplus_v2_margin_20260909T125804Z,pi3bplus,2,1,margin,true,62,38,2518,2026-09-09T13:05:29Z,1878587576659,fisvdd_revision,n1024,1024,B2,1.0,37.014,36.476,1400.000,1400.000,1400.000,1400.000,1.768785,67.164705,1.955450,10.295524,0.151509,84.350839,101.887177,0.000000,0.671923089,0.500275629,1
pi3bplus_v2_margin_20260909T125804Z,pi3bplus,2,1,margin,true,62,39,2519,2026-09-09T13:05:29Z,1878691485274,fisvdd_revision,n1024,1024,B2,1.0,37.014,36.476,1400.000,1400.000,1400.000,1400.000,1.779357,67.162882,1.951075,10.216618,0.152499,84.289433,101.907437,0.000000,0.680201307,0.499833151,1
pi3bplus_v2_margin_20260909T125804Z,pi3bplus,2,1,margin,true,63,0,2520,2026-09-09T13:05:30Z,1879467892181,tinydl_revision,n256,256,B2,1.0,36.476,36.476,1400.000,1400.000,1400.000,1400.000,2.010084,17.581754,0.876762,1.475141,0.160311,23.326126,102.201184,0.000000,0.696167530,0.638611024,1
pi3bplus_v2_margin_20260909T125804Z,pi3bplus,2,1,margin,true,63,1,2521,2026-09-09T13:05:30Z,1879571125126,tinydl_revision,n256,256,B2,1.0,36.476,36.476,1400.000,1400.000,1400.000,1400.000,2.154511,17.732221,0.926033,1.758316,0.159009,23.977629,101.915874,0.000000,0.689747684,0.643600836,1
pi3bplus_v2_margin_20260909T125804Z,pi3bplus,2,1,margin,true,63,2,2522,2026-09-09T13:05:30Z,1879674083438,tinydl_revision,n256,256,B2,1.0,36.476,35.938,1400.000,1400.000,1400.000,1400.000,1.622849,16.953531,0.833690,1.399413,0.194373,21.976242,101.846187,0.000000,0.682951228,0.623940131,1
pi3bplus_v2_margin_20260909T125804Z,pi3bplus,2,1,margin,true,63,3,2523,2026-09-09T13:05:30Z,1879776980344,tinydl_revision,n256,256,B2,1.0,36.476,36.476,1400.000,1400.000,1400.000,1400.000,1.649411,16.906396,0.821398,1.418631,0.157603,22.000825,101.754677,0.000000,0.713357635,0.699237056,1
pi3bplus_v2_margin_20260909T125804Z,pi3bplus,2,1,margin,true,63,4,2524,2026-09-09T13:05:30Z,1879879727199,tinydl_revision,n256,256,B2,1.0,35.938,36.476,1400.000,1400.000,1400.000,1400.000,1.930606,16.874418,0.870824,1.412747,0.154166,22.235146,101.938999,0.000000,0.730114830,0.682671806,1
pi3bplus_v2_margin_20260909T125804Z,pi3bplus,2,1,margin,true,63,5,2525,2026-09-09T13:05:30Z,1879982658949,tinydl_revision,n256,256,B2,1.0,36.476,36.476,1400.000,1400.000,1400.000,1400.000,1.662380,16.886136,0.826033,1.511704,0.159686,22.015617,101.920040,0.000000,0.665197400,0.617051223,1
pi3bplus_v2_margin_20260909T125804Z,pi3bplus,2,1,margin,true,63,6,2526,2026-09-09T13:05:30Z,1880085575073,tinydl_revision,n256,256,B2,1.0,36.476,35.938,1400.000,1400.000,1400.000,1400.000,1.618734,16.946968,0.835409,1.403059,0.150311,21.928327,101.863635,0.000000,0.681351418,0.670689981,1
pi3bplus_v2_margin_20260909T125804Z,pi3bplus,2,1,margin,true,63,7,2527,2026-09-09T13:05:30Z,1880188505208,tinydl_revision,n256,256,B2,1.0,36.476,35.938,1400.000,1400.000,1400.000,1400.000,1.626338,16.870563,0.863065,1.426705,0.151300,21.930462,101.846083,0.000000,0.697084839,0.649189634,1
pi3bplus_v2_margin_20260909T125804Z,pi3bplus,2,1,margin,true,63,8,2528,2026-09-09T13:05:31Z,1880291338000,tinydl_revision,n256,256,B2,1.0,36.476,37.014,1400.000,1400.000,1400.000,1400.000,1.698786,16.957282,0.833482,1.493006,0.155206,22.124262,101.911187,0.000000,0.683652563,0.636689980,1
pi3bplus_v2_margin_20260909T125804Z,pi3bplus,2,1,margin,true,63,9,2529,2026-09-09T13:05:31Z,1880394240583,tinydl_revision,n256,256,B2,1.0,35.938,36.476,1400.000,1400.000,1400.000,1400.000,1.621651,16.973687,0.824888,1.434308,0.153853,22.027440,101.924051,0.000000,0.658170138,0.636182795,1
pi3bplus_v2_margin_20260909T125804Z,pi3bplus,2,1,margin,true,63,10,2530,2026-09-09T13:05:31Z,1880497170249,tinydl_revision,n256,256,B2,1.0,35.938,36.476,1400.000,1400.000,1400.000,1400.000,1.619620,16.927594,0.817753,1.409309,0.145936,21.944732,101.866395,0.000000,0.682284896,0.621625479,1
pi3bplus_v2_margin_20260909T125804Z,pi3bplus,2,1,margin,true,63,11,2531,2026-09-09T13:05:31Z,1880600089759,tinydl_revision,n256,256,B2,1.0,36.476,35.938,1400.000,1400.000,1400.000,1400.000,1.635297,16.873376,0.879783,1.427122,0.152655,21.943066,101.872124,0.000000,0.667634463,0.658362757,1
pi3bplus_v2_margin_20260909T125804Z,pi3bplus,2,1,margin,true,63,12,2532,2026-09-09T13:05:31Z,1880702949009,tinydl_revision,n256,256,B2,1.0,35.938,36.476,1400.000,1400.000,1400.000,1400.000,1.737691,16.904105,0.813274,1.458058,0.153331,22.047335,101.926707,0.000000,0.696101448,0.669766730,1
pi3bplus_v2_margin_20260909T125804Z,pi3bplus,2,1,margin,true,63,13,2533,2026-09-09T13:05:31Z,1880805863727,tinydl_revision,n256,256,B2,1.0,35.938,36.476,1400.000,1400.000,1400.000,1400.000,1.603057,16.947959,0.826294,1.433111,0.151352,21.941972,101.771240,0.000000,0.704765672,0.656437672,1
pi3bplus_v2_margin_20260909T125804Z,pi3bplus,2,1,margin,true,63,14,2534,2026-09-09T13:05:31Z,1880908877767,tinydl_revision,n256,256,B2,1.0,36.476,36.476,1400.000,1400.000,1400.000,1400.000,1.673369,16.931553,0.831398,1.399570,0.149426,22.018534,101.890874,0.000000,0.689700367,0.650567131,1
pi3bplus_v2_margin_20260909T125804Z,pi3bplus,2,1,margin,true,63,15,2535,2026-09-09T13:05:31Z,1881011777537,tinydl_revision,n256,256,B2,1.0,36.476,35.938,1400.000,1400.000,1400.000,1400.000,1.731910,16.909470,0.914522,1.437642,0.149999,22.122075,101.909520,0.000000,0.673206351,0.685587683,1
pi3bplus_v2_margin_20260909T125804Z,pi3bplus,2,1,margin,true,63,16,2536,2026-09-09T13:05:31Z,1881114721526,tinydl_revision,n256,256,B2,1.0,36.476,36.476,1400.000,1400.000,1400.000,1400.000,1.676389,16.939990,0.821294,1.468475,0.148488,22.048065,101.938790,0.000000,0.662591400,0.638062392,1
pi3bplus_v2_margin_20260909T125804Z,pi3bplus,2,1,margin,true,63,17,2537,2026-09-09T13:05:31Z,1881217652025,tinydl_revision,n256,256,B2,1.0,35.938,36.476,1400.000,1400.000,1400.000,1400.000,1.609828,16.872542,0.825149,1.417590,0.158696,21.853432,101.841604,0.000000,0.660231147,0.627673239,1
pi3bplus_v2_margin_20260909T125804Z,pi3bplus,2,1,margin,true,63,18,2538,2026-09-09T13:05:32Z,1881320556639,tinydl_revision,n256,256,B2,1.0,35.938,36.476,1400.000,1400.000,1400.000,1400.000,1.629307,16.834365,0.922751,1.405663,0.149426,21.920775,101.854677,0.000000,0.695412905,0.666922662,1
pi3bplus_v2_margin_20260909T125804Z,pi3bplus,2,1,margin,true,63,19,2539,2026-09-09T13:05:32Z,1881423393962,tinydl_revision,n256,256,B2,1.0,36.476,36.476,1400.000,1400.000,1400.000,1400.000,1.688421,16.930094,0.829107,1.493631,0.150207,22.094262,101.913478,0.000000,0.668028690,0.659502069,1
pi3bplus_v2_margin_20260909T125804Z,pi3bplus,2,1,margin,true,63,20,2540,2026-09-09T13:05:32Z,1881526298576,tinydl_revision,n256,256,B2,1.0,36.476,36.476,1400.000,1400.000,1400.000,1400.000,1.601182,16.887438,0.812284,1.409153,0.200727,21.893691,101.909311,0.000000,0.689269114,0.652110561,1
pi3bplus_v2_margin_20260909T125804Z,pi3bplus,2,1,margin,true,63,21,2541,2026-09-09T13:05:32Z,1881629198294,tinydl_revision,n256,256,B2,1.0,36.476,35.938,1400.000,1400.000,1400.000,1400.000,1.612485,16.827387,0.825460,1.425559,0.149269,21.879160,101.877541,0.000000,0.681912894,0.644099405,1
pi3bplus_v2_margin_20260909T125804Z,pi3bplus,2,1,margin,true,63,22,2542,2026-09-09T13:05:32Z,1881732137908,tinydl_revision,n256,256,B2,1.0,36.476,36.476,1400.000,1400.000,1400.000,1400.000,1.634255,16.797231,0.882596,1.415715,0.149686,21.863743,101.847541,0.000000,0.701091204,0.665125385,1
pi3bplus_v2_margin_20260909T125804Z,pi3bplus,2,1,margin,true,63,23,2543,2026-09-09T13:05:32Z,1881834985960,tinydl_revision,n256,256,B2,1.0,36.476,36.476,1400.000,1400.000,1400.000,1400.000,1.855711,18.040656,0.959939,1.412330,0.155259,24.236585,101.934155,0.000000,0.692691918,0.648579461,1
pi3bplus_v2_margin_20260909T125804Z,pi3bplus,2,1,margin,true,63,24,2544,2026-09-09T13:05:32Z,1881937910313,tinydl_revision,n256,256,B2,1.0,36.476,36.476,1400.000,1400.000,1400.000,1400.000,1.609463,17.159415,0.832596,1.418007,0.223279,22.223896,101.853895,0.000000,0.674269686,0.613070112,1
pi3bplus_v2_margin_20260909T125804Z,pi3bplus,2,1,margin,true,63,25,2545,2026-09-09T13:05:32Z,1882040824771,tinydl_revision,n256,256,B2,1.0,36.476,36.476,1400.000,1400.000,1400.000,1400.000,1.625713,16.874626,0.825513,1.422955,0.150727,21.929211,101.858530,0.000000,0.690571481,0.657013788,1
pi3bplus_v2_margin_20260909T125804Z,pi3bplus,2,1,margin,true,63,26,2546,2026-09-09T13:05:32Z,1882143681520,tinydl_revision,n256,256,B2,1.0,37.014,36.476,1400.000,1400.000,1400.000,1400.000,1.710608,16.881449,0.885564,1.408059,0.150676,22.021555,101.889989,0.000000,0.689751373,0.656638765,1
pi3bplus_v2_margin_20260909T125804Z,pi3bplus,2,1,margin,true,63,27,2547,2026-09-09T13:05:32Z,1882246560353,tinydl_revision,n256,256,B2,1.0,36.476,36.476,1400.000,1400.000,1400.000,1400.000,1.656859,16.870042,0.829106,1.497798,0.150311,21.969524,101.936394,0.000000,0.733555876,0.693225000,1
pi3bplus_v2_margin_20260909T125804Z,pi3bplus,2,1,margin,true,63,28,2548,2026-09-09T13:05:33Z,1882349488509,tinydl_revision,n256,256,B2,1.0,36.476,36.476,1400.000,1400.000,1400.000,1400.000,1.609515,16.831345,0.832388,1.407642,0.154477,21.863430,101.879155,0.000000,0.688074740,0.653475577,1
pi3bplus_v2_margin_20260909T125804Z,pi3bplus,2,1,margin,true,63,29,2549,2026-09-09T13:05:33Z,1882452433434,tinydl_revision,n256,256,B2,1.0,36.476,35.938,1400.000,1400.000,1400.000,1400.000,1.640505,16.904053,0.884053,1.433372,0.150831,21.981555,101.864312,0.000000,0.653623637,0.609803800,1
pi3bplus_v2_margin_20260909T125804Z,pi3bplus,2,1,margin,true,63,30,2550,2026-09-09T13:05:33Z,1882555326173,tinydl_revision,n256,256,B2,1.0,35.400,35.938,1400.000,1400.000,1400.000,1400.000,1.711233,16.842074,0.822857,1.484881,0.149530,21.986399,101.955144,0.000000,0.702985842,0.685759264,1
pi3bplus_v2_margin_20260909T125804Z,pi3bplus,2,1,margin,true,63,31,2551,2026-09-09T13:05:33Z,1882658289224,tinydl_revision,n256,256,B2,1.0,36.476,36.476,1400.000,1400.000,1400.000,1400.000,1.605766,16.882595,0.834783,1.423997,0.158280,21.933899,101.922956,0.000000,0.699207493,0.639177190,1
pi3bplus_v2_margin_20260909T125804Z,pi3bplus,2,1,margin,true,63,32,2552,2026-09-09T13:05:33Z,1882761199254,tinydl_revision,n256,256,B2,1.0,36.476,35.938,1400.000,1400.000,1400.000,1400.000,1.618057,16.842960,0.830773,1.404986,0.149269,21.911191,101.626189,0.000000,0.644564221,0.616215968,1
pi3bplus_v2_margin_20260909T125804Z,pi3bplus,2,1,margin,true,63,33,2553,2026-09-09T13:05:33Z,1882863812621,tinydl_revision,n256,256,B2,1.0,36.476,35.938,1400.000,1400.000,1400.000,1400.000,1.904878,17.009260,0.908532,1.434621,0.149582,22.387280,101.922904,0.000000,0.703223867,0.657306066,1
pi3bplus_v2_margin_20260909T125804Z,pi3bplus,2,1,margin,true,63,34,2554,2026-09-09T13:05:33Z,1882966740619,tinydl_revision,n256,256,B2,1.0,36.476,35.938,1400.000,1400.000,1400.000,1400.000,1.682848,16.901553,0.824471,1.478891,0.148748,22.012284,101.959415,0.000000,0.666799575,0.628868969,1
pi3bplus_v2_margin_20260909T125804Z,pi3bplus,2,1,margin,true,63,35,2555,2026-09-09T13:05:33Z,1883069689295,tinydl_revision,n256,256,B2,1.0,36.476,35.938,1400.000,1400.000,1400.000,1400.000,1.603005,16.888792,0.826971,1.439049,0.150832,21.894056,101.852801,0.000000,0.684631049,0.682643881,1
pi3bplus_v2_margin_20260909T125804Z,pi3bplus,2,1,margin,true,63,36,2556,2026-09-09T13:05:33Z,1883172603128,tinydl_revision,n256,256,B2,1.0,35.938,36.476,1400.000,1400.000,1400.000,1400.000,1.644254,16.826814,0.865252,1.401080,0.154894,21.878118,101.844624,0.000000,0.702792238,0.657417919,1
pi3bplus_v2_margin_20260909T125804Z,pi3bplus,2,1,margin,true,63,37,2557,2026-09-09T13:05:34Z,1883275441544,tinydl_revision,n256,256,B2,1.0,35.938,35.938,1400.000,1400.000,1400.000,1400.000,1.686755,16.897386,0.839992,1.479048,0.148748,22.039054,101.916290,0.000000,0.683723224,0.650041928,1
pi3bplus_v2_margin_20260909T125804Z,pi3bplus,2,1,margin,true,63,38,2558,2026-09-09T13:05:34Z,1883378346626,tinydl_revision,n256,256,B2,1.0,35.400,35.938,1400.000,1400.000,1400.000,1400.000,1.649203,16.942021,0.824680,1.454257,0.149426,21.996138,101.920300,0.000000,0.678846544,0.665424695,1
pi3bplus_v2_margin_20260909T125804Z,pi3bplus,2,1,margin,true,63,39,2559,2026-09-09T13:05:34Z,1883481275094,tinydl_revision,n256,256,B2,1.0,35.938,36.476,1400.000,1400.000,1400.000,1400.000,1.619202,16.814730,0.816034,1.418944,0.156769,21.882597,101.863425,0.000000,0.680703771,0.665369653,1
pi3bplus_v2_margin_20260909T125804Z,pi3bplus,2,1,margin,true,64,0,2560,2026-09-09T13:05:35Z,1884278021116,oi_svdd_as_elm_revision,n64,64,B1,0.5,36.476,35.400,1400.000,1400.000,1400.000,1400.000,2.180448,4.689798,0.504734,2.768150,0.142811,10.790623,102.272692,0.000000,0.632520201,0.615677482,1
pi3bplus_v2_margin_20260909T125804Z,pi3bplus,2,1,margin,true,64,1,2561,2026-09-09T13:05:35Z,1884381129060,oi_svdd_as_elm_revision,n64,64,B1,0.5,35.938,36.476,1400.000,1400.000,1400.000,1400.000,1.950033,4.684225,0.467547,2.298102,0.132134,10.060370,101.850614,0.000000,0.629847099,0.590902371,1
pi3bplus_v2_margin_20260909T125804Z,pi3bplus,2,1,margin,true,64,2,2562,2026-09-09T13:05:35Z,1884483710604,oi_svdd_as_elm_revision,n64,64,B1,0.5,35.938,35.938,1400.000,1400.000,1400.000,1400.000,1.693369,4.405113,0.463590,2.335707,0.140207,9.496261,101.891967,0.000000,0.678393881,0.650279643,1
pi3bplus_v2_margin_20260909T125804Z,pi3bplus,2,1,margin,true,64,3,2563,2026-09-09T13:05:35Z,1884586325064,oi_svdd_as_elm_revision,n64,64,B1,0.5,35.400,35.400,1400.000,1400.000,1400.000,1400.000,1.564099,4.424905,0.461870,2.247687,0.139530,9.291002,101.909623,0.000000,0.649020203,0.624604908,1
pi3bplus_v2_margin_20260909T125804Z,pi3bplus,2,1,margin,true,64,4,2564,2026-09-09T13:05:35Z,1884689009627,oi_svdd_as_elm_revision,n64,64,B1,0.5,35.400,35.938,1400.000,1400.000,1400.000,1400.000,1.596807,4.399227,0.464474,2.342268,0.138332,9.380950,101.849936,0.000000,0.648691945,0.607861591,1
pi3bplus_v2_margin_20260909T125804Z,pi3bplus,2,1,margin,true,64,5,2565,2026-09-09T13:05:35Z,1884791581275,oi_svdd_as_elm_revision,n64,64,B1,0.5,35.400,36.476,1400.000,1400.000,1400.000,1400.000,1.681234,4.410582,0.464371,2.333727,0.138332,9.478292,101.827488,0.000000,0.682424037,0.626105888,1
pi3bplus_v2_margin_20260909T125804Z,pi3bplus,2,1,margin,true,64,6,2566,2026-09-09T13:05:35Z,1884894139329,oi_svdd_as_elm_revision,n64,64,B1,0.5,35.938,35.400,1400.000,1400.000,1400.000,1400.000,1.580557,4.449956,0.467599,2.242843,0.140416,9.339179,101.947696,0.000000,0.654101429,0.617947936,1
pi3bplus_v2_margin_20260909T125804Z,pi3bplus,2,1,margin,true,64,7,2567,2026-09-09T13:05:35Z,1884996828215,oi_svdd_as_elm_revision,n64,64,B1,0.5,35.400,35.400,1400.000,1400.000,1400.000,1400.000,1.606963,4.404956,0.470881,2.377216,0.138280,9.447512,101.874259,0.000000,0.699253001,0.664406514,1
pi3bplus_v2_margin_20260909T125804Z,pi3bplus,2,1,margin,true,64,8,2568,2026-09-09T13:05:35Z,1885099427884,oi_svdd_as_elm_revision,n64,64,B1,0.5,35.400,35.400,1400.000,1400.000,1400.000,1400.000,1.684567,4.395321,0.463589,2.314143,0.140571,9.449490,101.918789,0.000000,0.751431299,0.721532070,1
pi3bplus_v2_margin_20260909T125804Z,pi3bplus,2,1,margin,true,64,9,2569,2026-09-09T13:05:35Z,1885202072447,oi_svdd_as_elm_revision,n64,64,B1,0.5,35.400,35.938,1400.000,1400.000,1400.000,1400.000,1.575505,4.432196,0.468016,2.242634,0.139843,9.323086,101.847645,0.000000,0.704486769,0.691739957,1
pi3bplus_v2_margin_20260909T125804Z,pi3bplus,2,1,margin,true,64,10,2570,2026-09-09T13:05:36Z,1885304732271,oi_svdd_as_elm_revision,n64,64,B1,0.5,35.400,35.400,1400.000,1400.000,1400.000,1400.000,1.598057,4.405999,0.463433,2.326280,0.137082,9.380429,101.841655,0.000000,0.676061170,0.642020929,1
pi3bplus_v2_margin_20260909T125804Z,pi3bplus,2,1,margin,true,64,11,2571,2026-09-09T13:05:36Z,1885407297513,oi_svdd_as_elm_revision,n64,64,B1,0.5,35.400,35.400,1400.000,1400.000,1400.000,1400.000,1.694306,4.396988,0.464318,2.317842,0.139009,9.458292,101.931706,0.000000,0.636159401,0.622764627,1
pi3bplus_v2_margin_20260909T125804Z,pi3bplus,2,1,margin,true,64,12,2572,2026-09-09T13:05:36Z,1885509957180,oi_svdd_as_elm_revision,n64,64,B1,0.5,35.938,35.400,1400.000,1400.000,1400.000,1400.000,1.572432,4.463185,0.461558,2.250915,0.138332,9.351627,101.835405,0.000000,0.658608632,0.646313849,1
pi3bplus_v2_margin_20260909T125804Z,pi3bplus,2,1,margin,true,64,13,2573,2026-09-09T13:05:36Z,1885612597473,oi_svdd_as_elm_revision,n64,64,B1,0.5,35.400,34.862,1400.000,1400.000,1400.000,1400.000,1.607120,4.398499,0.463433,2.313832,0.147394,9.382408,101.841863,0.000000,0.717193600,0.695803527,1
pi3bplus_v2_margin_20260909T125804Z,pi3bplus,2,1,margin,true,64,14,2574,2026-09-09T13:05:36Z,1885715171516,oi_svdd_as_elm_revision,n64,64,B1,0.5,35.938,35.400,1400.000,1400.000,1400.000,1400.000,1.678213,4.393602,0.466038,2.312009,0.138228,9.447720,101.906186,0.000000,0.667221230,0.594505983,1
pi3bplus_v2_margin_20260909T125804Z,pi3bplus,2,1,margin,true,64,15,2575,2026-09-09T13:05:36Z,1885817813371,oi_svdd_as_elm_revision,n64,64,B1,0.5,35.400,35.938,1400.000,1400.000,1400.000,1400.000,1.585141,4.461414,0.470828,2.231228,0.139998,9.435949,101.791239,0.000000,0.700501917,0.656763104,1
pi3bplus_v2_margin_20260909T125804Z,pi3bplus,2,1,margin,true,64,16,2576,2026-09-09T13:05:36Z,1885920421373,oi_svdd_as_elm_revision,n64,64,B1,0.5,35.400,35.400,1400.000,1400.000,1400.000,1400.000,1.617484,4.407145,0.459683,2.340915,0.135311,9.420636,101.886029,0.000000,0.730524988,0.650198490,1
pi3bplus_v2_margin_20260909T125804Z,pi3bplus,2,1,margin,true,64,17,2577,2026-09-09T13:05:36Z,1886023036093,oi_svdd_as_elm_revision,n64,64,B1,0.5,35.400,35.400,1400.000,1400.000,1400.000,1400.000,1.681702,4.404123,0.469631,2.306800,0.142082,9.493240,101.934675,0.000000,0.626119135,0.603177682,1
pi3bplus_v2_margin_20260909T125804Z,pi3bplus,2,1,margin,true,64,18,2578,2026-09-09T13:05:36Z,1886125741229,oi_svdd_as_elm_revision,n64,64,B1,0.5,35.400,34.862,1400.000,1400.000,1400.000,1400.000,1.588110,4.412249,0.471922,2.244301,0.139217,9.382564,101.875717,0.000000,0.628315115,0.608377773,1
pi3bplus_v2_margin_20260909T125804Z,pi3bplus,2,1,margin,true,64,19,2579,2026-09-09T13:05:36Z,1886228436886,oi_svdd_as_elm_revision,n64,64,B1,0.5,34.862,35.400,1400.000,1400.000,1400.000,1400.000,1.621339,4.395998,0.470047,2.303779,0.140937,9.385063,101.839831,0.000000,0.706243879,0.637965726,1
pi3bplus_v2_margin_20260909T125804Z,pi3bplus,2,1,margin,true,64,20,2580,2026-09-09T13:05:37Z,1886330998585,oi_svdd_as_elm_revision,n64,64,B1,0.5,35.400,34.862,1400.000,1400.000,1400.000,1400.000,1.689463,4.381780,0.463902,2.287477,0.141821,9.422460,101.934935,0.000000,0.716465793,0.641042837,1
pi3bplus_v2_margin_20260909T125804Z,pi3bplus,2,1,margin,true,64,21,2581,2026-09-09T13:05:37Z,1886433660492,oi_svdd_as_elm_revision,n64,64,B1,0.5,34.862,35.400,1400.000,1400.000,1400.000,1400.000,1.574828,4.373551,0.517026,2.253936,0.147394,9.317513,101.843530,0.000000,0.647628727,0.582274784,1
pi3bplus_v2_margin_20260909T125804Z,pi3bplus,2,1,margin,true,64,22,2582,2026-09-09T13:05:37Z,1886536311149,oi_svdd_as_elm_revision,n64,64,B1,0.5,34.862,35.400,1400.000,1400.000,1400.000,1400.000,1.618578,4.423550,0.469162,2.299508,0.138020,9.412824,101.838478,0.000000,0.697071589,0.608750344,1
pi3bplus_v2_margin_20260909T125804Z,pi3bplus,2,1,margin,true,64,23,2583,2026-09-09T13:05:37Z,1886638874099,oi_svdd_as_elm_revision,n64,64,B1,0.5,35.400,34.862,1400.000,1400.000,1400.000,1400.000,1.658526,4.359384,0.469475,2.248937,0.144426,9.390168,101.946913,0.000000,0.677767997,0.645894197,1
pi3bplus_v2_margin_20260909T125804Z,pi3bplus,2,1,margin,true,64,24,2584,2026-09-09T13:05:37Z,1886741550276,oi_svdd_as_elm_revision,n64,64,B1,0.5,34.324,34.324,1400.000,1400.000,1400.000,1400.000,1.577380,4.362144,0.511505,2.244509,0.145831,9.293346,101.852905,0.000000,0.716082812,0.704965119,1
pi3bplus_v2_margin_20260909T125804Z,pi3bplus,2,1,margin,true,64,25,2585,2026-09-09T13:05:37Z,1886844285724,oi_svdd_as_elm_revision,n64,64,B1,0.5,35.400,34.862,1400.000,1400.000,1400.000,1400.000,1.645192,4.424957,0.466975,2.294509,0.139999,9.423241,101.887383,0.000000,0.671967523,0.623413003,1
pi3bplus_v2_margin_20260909T125804Z,pi3bplus,2,1,margin,true,64,26,2586,2026-09-09T13:05:37Z,1886946906121,oi_svdd_as_elm_revision,n64,64,B1,0.5,34.324,34.862,1400.000,1400.000,1400.000,1400.000,1.675244,4.385061,0.464526,2.303831,0.143853,9.429907,101.921810,0.000000,0.671548869,0.623393431,1
pi3bplus_v2_margin_20260909T125804Z,pi3bplus,2,1,margin,true,64,27,2587,2026-09-09T13:05:37Z,1887049556413,oi_svdd_as_elm_revision,n64,64,B1,0.5,34.862,34.862,1400.000,1400.000,1400.000,1400.000,1.567745,4.387040,0.514266,2.265134,0.139999,9.319752,101.852384,0.000000,0.665216486,0.622032647,1
pi3bplus_v2_margin_20260909T125804Z,pi3bplus,2,1,margin,true,64,28,2588,2026-09-09T13:05:37Z,1887152200300,oi_svdd_as_elm_revision,n64,64,B1,0.5,34.862,34.862,1400.000,1400.000,1400.000,1400.000,1.610192,4.381831,0.464578,2.315134,0.135728,9.354126,101.842800,0.000000,0.753299479,0.667191247,1
pi3bplus_v2_margin_20260909T125804Z,pi3bplus,2,1,margin,true,64,29,2589,2026-09-09T13:05:38Z,1887254769916,oi_svdd_as_elm_revision,n64,64,B1,0.5,34.862,34.862,1400.000,1400.000,1400.000,1400.000,1.669775,4.377509,0.465881,2.245707,0.189946,9.397459,101.889622,0.000000,0.745936743,0.687193821,1
pi3bplus_v2_margin_20260909T125804Z,pi3bplus,2,1,margin,true,64,30,2590,2026-09-09T13:05:38Z,1887357387812,oi_svdd_as_elm_revision,n64,64,B1,0.5,34.862,34.862,1400.000,1400.000,1400.000,1400.000,1.588631,4.407613,0.515568,2.253519,0.138800,9.356887,101.835821,0.000000,0.604936989,0.563010874,1
pi3bplus_v2_margin_20260909T125804Z,pi3bplus,2,1,margin,true,64,31,2591,2026-09-09T13:05:38Z,1887459945866,oi_svdd_as_elm_revision,n64,64,B1,0.5,34.862,34.862,1400.000,1400.000,1400.000,1400.000,1.604099,4.406572,0.466715,2.311749,0.138019,9.453605,101.838008,0.000000,0.648956591,0.585208683,1
pi3bplus_v2_margin_20260909T125804Z,pi3bplus,2,1,margin,true,64,32,2592,2026-09-09T13:05:38Z,1887562548086,oi_svdd_as_elm_revision,n64,64,B1,0.5,35.400,34.862,1400.000,1400.000,1400.000,1400.000,1.690504,4.379540,0.454266,2.238571,0.138020,9.353501,101.907382,0.000000,0.692673327,0.600977125,1
pi3bplus_v2_margin_20260909T125804Z,pi3bplus,2,1,margin,true,64,33,2593,2026-09-09T13:05:38Z,1887665179680,oi_svdd_as_elm_revision,n64,64,B1,0.5,34.862,35.400,1400.000,1400.000,1400.000,1400.000,1.577485,4.383186,0.463433,2.297373,0.145519,9.314336,101.836707,0.000000,0.744553439,0.671332381,1
pi3bplus_v2_margin_20260909T125804Z,pi3bplus,2,1,margin,true,64,34,2594,2026-09-09T13:05:38Z,1887767748306,oi_svdd_as_elm_revision,n64,64,B1,0.5,35.400,34.324,1400.000,1400.000,1400.000,1400.000,1.758160,4.401415,0.466506,2.315498,0.137343,9.539230,101.938373,0.000000,0.635547715,0.612585120,1
pi3bplus_v2_margin_20260909T125804Z,pi3bplus,2,1,margin,true,64,35,2595,2026-09-09T13:05:38Z,1887870419536,oi_svdd_as_elm_revision,n64,64,B1,0.5,34.862,34.862,1400.000,1400.000,1400.000,1400.000,1.627797,4.365322,0.461505,2.264977,0.147498,9.324127,101.964414,0.000000,0.706873197,0.646363084,1
pi3bplus_v2_margin_20260909T125804Z,pi3bplus,2,1,margin,true,64,36,2596,2026-09-09T13:05:38Z,1887973115557,oi_svdd_as_elm_revision,n64,64,B1,0.5,35.400,34.324,1400.000,1400.000,1400.000,1400.000,1.581911,4.370269,0.463381,2.296645,0.142082,9.313554,101.875873,0.000000,0.734277164,0.688886107,1
pi3bplus_v2_margin_20260909T125804Z,pi3bplus,2,1,margin,true,64,37,2597,2026-09-09T13:05:38Z,1888075732099,oi_svdd_as_elm_revision,n64,64,B1,0.5,34.862,34.862,1400.000,1400.000,1400.000,1400.000,1.694463,4.368029,0.468901,2.348206,0.136822,9.466314,101.900717,0.000000,0.685043073,0.620989302,1
pi3bplus_v2_margin_20260909T125804Z,pi3bplus,2,1,margin,true,64,38,2598,2026-09-09T13:05:38Z,1888178367965,oi_svdd_as_elm_revision,n64,64,B1,0.5,34.862,34.324,1400.000,1400.000,1400.000,1400.000,1.616338,4.392144,0.472287,2.246332,0.138644,9.320689,101.907278,0.000000,0.666385513,0.566481885,1
pi3bplus_v2_margin_20260909T125804Z,pi3bplus,2,1,margin,true,64,39,2599,2026-09-09T13:05:39Z,1888281008830,oi_svdd_as_elm_revision,n64,64,B1,0.5,34.862,34.862,1400.000,1400.000,1400.000,1400.000,1.572693,4.393603,0.467964,2.302061,0.140780,9.333710,101.835612,0.000000,0.659157236,0.590887162,1
pi3bplus_v2_margin_20260909T125804Z,pi3bplus,2,1,margin,true,65,0,2600,2026-09-09T13:05:39Z,1889047569204,fisvdd_revision,n512,512,B1,0.5,34.862,35.400,1400.000,1400.000,1400.000,1400.000,2.200968,35.074864,1.281237,5.948327,0.146353,46.499594,102.537741,0.000000,0.720556624,0.499943741,1
pi3bplus_v2_margin_20260909T125804Z,pi3bplus,2,1,margin,true,65,1,2601,2026-09-09T13:05:39Z,1889151528493,fisvdd_revision,n512,512,B1,0.5,34.862,35.400,1400.000,1400.000,1400.000,1400.000,2.116386,35.120852,1.492381,6.226762,0.173019,47.201254,101.888164,0.000000,0.670182605,0.500270447,1
pi3bplus_v2_margin_20260909T125804Z,pi3bplus,2,1,margin,true,65,2,2602,2026-09-09T13:05:40Z,1889254739300,fisvdd_revision,n512,512,B1,0.5,35.400,35.400,1400.000,1400.000,1400.000,1400.000,1.703785,33.710397,1.283216,5.436718,0.157082,43.978422,101.920195,0.000000,0.697593113,0.499561746,1
pi3bplus_v2_margin_20260909T125804Z,pi3bplus,2,1,margin,true,65,3,2603,2026-09-09T13:05:40Z,1889357999586,fisvdd_revision,n512,512,B1,0.5,35.400,34.862,1400.000,1400.000,1400.000,1400.000,1.674775,33.854666,1.314363,5.390936,0.150988,44.062952,101.861706,0.000000,0.664377200,0.500002353,1
pi3bplus_v2_margin_20260909T125804Z,pi3bplus,2,1,margin,true,65,4,2604,2026-09-09T13:05:40Z,1889461334923,fisvdd_revision,n512,512,B1,0.5,34.862,34.862,1400.000,1400.000,1400.000,1400.000,1.700661,33.754772,1.216499,5.555674,0.149633,44.050296,101.834623,0.000000,0.680418317,0.500397215,1
pi3bplus_v2_margin_20260909T125804Z,pi3bplus,2,1,margin,true,65,5,2605,2026-09-09T13:05:40Z,1889564593074,fisvdd_revision,n512,512,B1,0.5,35.400,35.400,1400.000,1400.000,1400.000,1400.000,1.670088,33.651023,1.256758,5.488488,0.147968,43.930557,101.848737,0.000000,0.701365804,0.499765850,1
pi3bplus_v2_margin_20260909T125804Z,pi3bplus,2,1,margin,true,65,6,2606,2026-09-09T13:05:40Z,1889667808412,fisvdd_revision,n512,512,B1,0.5,34.862,34.862,1400.000,1400.000,1400.000,1400.000,1.763941,33.680085,1.232436,5.435832,0.155207,44.023265,101.888008,0.000000,0.668091601,0.500493158,1
pi3bplus_v2_margin_20260909T125804Z,pi3bplus,2,1,margin,true,65,7,2607,2026-09-09T13:05:40Z,1889771043594,fisvdd_revision,n512,512,B1,0.5,35.400,34.862,1400.000,1400.000,1400.000,1400.000,1.717848,33.679043,1.244154,5.418228,0.156821,43.967901,101.946288,0.000000,0.683128002,0.500076749,1
pi3bplus_v2_margin_20260909T125804Z,pi3bplus,2,1,margin,true,65,8,2608,2026-09-09T13:05:40Z,1889874320703,fisvdd_revision,n512,512,B1,0.5,34.862,34.862,1400.000,1400.000,1400.000,1400.000,1.777326,34.924187,1.288842,5.429269,0.154946,45.927204,101.973319,0.000000,0.673879750,0.499821115,1
pi3bplus_v2_margin_20260909T125804Z,pi3bplus,2,1,margin,true,65,9,2609,2026-09-09T13:05:40Z,1889977629894,fisvdd_revision,n512,512,B1,0.5,34.862,34.862,1400.000,1400.000,1400.000,1400.000,1.657431,33.965864,1.336654,5.406458,0.150988,44.178940,101.844675,0.000000,0.681556856,0.499658595,1
pi3bplus_v2_margin_20260909T125804Z,pi3bplus,2,1,margin,true,65,10,2610,2026-09-09T13:05:40Z,1890080886638,fisvdd_revision,n512,512,B1,0.5,35.400,35.400,1400.000,1400.000,1400.000,1400.000,1.665452,33.685137,1.247071,5.507289,0.149322,43.951182,101.870300,0.000000,0.689887854,0.499380210,1
pi3bplus_v2_margin_20260909T125804Z,pi3bplus,2,1,margin,true,65,11,2611,2026-09-09T13:05:40Z,1890184165466,fisvdd_revision,n512,512,B1,0.5,34.324,34.324,1400.000,1400.000,1400.000,1400.000,1.676077,33.705606,1.254519,5.404999,0.213748,44.007483,101.837487,0.000000,0.692274790,0.499795109,1
pi3bplus_v2_margin_20260909T125804Z,pi3bplus,2,1,margin,true,65,12,2612,2026-09-09T13:05:41Z,1890287345960,fisvdd_revision,n512,512,B1,0.5,34.862,34.324,1400.000,1400.000,1400.000,1400.000,1.758368,33.625815,1.231134,5.415467,0.149217,43.909881,101.916080,0.000000,0.702487747,0.499652301,1
pi3bplus_v2_margin_20260909T125804Z,pi3bplus,2,1,margin,true,65,13,2613,2026-09-09T13:05:41Z,1890390579736,fisvdd_revision,n512,512,B1,0.5,35.400,35.400,1400.000,1400.000,1400.000,1400.000,1.703785,33.760241,1.302644,5.395989,0.155363,44.003629,101.928424,0.000000,0.684050364,0.500032880,1
pi3bplus_v2_margin_20260909T125804Z,pi3bplus,2,1,margin,true,65,14,2614,2026-09-09T13:05:41Z,1890493834344,fisvdd_revision,n512,512,B1,0.5,35.400,35.400,1400.000,1400.000,1400.000,1400.000,1.650245,33.732897,1.292487,5.429530,0.154790,43.920870,101.841758,0.000000,0.681531048,0.500110811,1
pi3bplus_v2_margin_20260909T125804Z,pi3bplus,2,1,margin,true,65,15,2615,2026-09-09T13:05:41Z,1890597087599,fisvdd_revision,n512,512,B1,0.5,34.324,34.862,1400.000,1400.000,1400.000,1400.000,1.667432,33.665398,1.244259,5.496665,0.157446,43.900401,101.846289,0.000000,0.673365387,0.500045284,1
pi3bplus_v2_margin_20260909T125804Z,pi3bplus,2,1,margin,true,65,16,2616,2026-09-09T13:05:41Z,1890700329395,fisvdd_revision,n512,512,B1,0.5,34.324,35.400,1400.000,1400.000,1400.000,1400.000,1.670713,33.544774,1.199832,5.457081,0.209946,43.845662,101.849206,0.000000,0.701520170,0.500149409,1
pi3bplus_v2_margin_20260909T125804Z,pi3bplus,2,1,margin,true,65,17,2617,2026-09-09T13:05:41Z,1890803499265,fisvdd_revision,n512,512,B1,0.5,35.400,34.862,1400.000,1400.000,1400.000,1400.000,1.766181,33.685189,1.227540,5.517237,0.155103,44.134149,101.926028,0.000000,0.676716830,0.500158371,1
pi3bplus_v2_margin_20260909T125804Z,pi3bplus,2,1,margin,true,65,18,2618,2026-09-09T13:05:41Z,1890906747884,fisvdd_revision,n512,512,B1,0.5,35.400,34.862,1400.000,1400.000,1400.000,1400.000,1.726128,35.751471,1.280977,5.442759,0.148384,47.102765,101.954934,0.000000,0.657740463,0.499571418,1
pi3bplus_v2_margin_20260909T125804Z,pi3bplus,2,1,margin,true,65,19,2619,2026-09-09T13:05:41Z,1891010025148,fisvdd_revision,n512,512,B1,0.5,35.400,34.862,1400.000,1400.000,1400.000,1400.000,1.684358,33.674616,1.301238,5.431978,0.149842,43.915662,101.871341,0.000000,0.686731469,0.500821330,1
pi3bplus_v2_margin_20260909T125804Z,pi3bplus,2,1,margin,true,65,20,2620,2026-09-09T13:05:41Z,1891113348194,fisvdd_revision,n512,512,B1,0.5,34.862,34.862,1400.000,1400.000,1400.000,1400.000,1.670035,33.598888,1.244258,5.469529,0.150988,43.808319,101.852226,0.000000,0.681476956,0.499543510,1
pi3bplus_v2_margin_20260909T125804Z,pi3bplus,2,1,margin,true,65,21,2621,2026-09-09T13:05:41Z,1891216588792,fisvdd_revision,n512,512,B1,0.5,35.400,34.862,1400.000,1400.000,1400.000,1400.000,1.670453,33.568263,1.242124,5.436926,0.153124,43.800298,101.853320,0.000000,0.684121459,0.500055453,1
pi3bplus_v2_margin_20260909T125804Z,pi3bplus,2,1,margin,true,65,22,2622,2026-09-09T13:05:42Z,1891319768089,fisvdd_revision,n512,512,B1,0.5,35.400,34.862,1400.000,1400.000,1400.000,1400.000,1.749306,33.626596,1.231029,5.441197,0.150832,43.937380,101.864830,0.000000,0.694902486,0.499073793,1
pi3bplus_v2_margin_20260909T125804Z,pi3bplus,2,1,margin,true,65,23,2623,2026-09-09T13:05:42Z,1891422959052,fisvdd_revision,n512,512,B1,0.5,34.862,35.400,1400.000,1400.000,1400.000,1400.000,1.709410,33.669773,1.297123,5.406926,0.152186,43.919932,101.919726,0.000000,0.703749046,0.499485973,1
pi3bplus_v2_margin_20260909T125804Z,pi3bplus,2,1,margin,true,65,24,2624,2026-09-09T13:05:42Z,1891526207514,fisvdd_revision,n512,512,B1,0.5,35.400,35.400,1400.000,1400.000,1400.000,1400.000,1.648630,33.631752,1.298060,5.420103,0.150415,43.797069,101.897174,0.000000,0.685002253,0.500528293,1
pi3bplus_v2_margin_20260909T125804Z,pi3bplus,2,1,margin,true,65,25,2625,2026-09-09T13:05:42Z,1891629451081,fisvdd_revision,n512,512,B1,0.5,35.400,35.400,1400.000,1400.000,1400.000,1400.000,1.650660,33.667116,1.228998,5.459790,0.153071,43.839829,101.880091,0.000000,0.695992505,0.499576261,1
pi3bplus_v2_margin_20260909T125804Z,pi3bplus,2,1,margin,true,65,26,2626,2026-09-09T13:05:42Z,1891732718450,fisvdd_revision,n512,512,B1,0.5,34.862,35.400,1400.000,1400.000,1400.000,1400.000,1.677640,33.679147,1.247957,5.511456,0.157029,43.958265,101.877174,0.000000,0.672961054,0.499615766,1
pi3bplus_v2_margin_20260909T125804Z,pi3bplus,2,1,margin,true,65,27,2627,2026-09-09T13:05:42Z,1891835924569,fisvdd_revision,n512,512,B1,0.5,34.862,35.400,1400.000,1400.000,1400.000,1400.000,1.814357,33.640710,1.244050,5.406197,0.155103,44.005452,101.866653,0.000000,0.673107227,0.500453141,1
pi3bplus_v2_margin_20260909T125804Z,pi3bplus,2,1,margin,true,65,28,2628,2026-09-09T13:05:42Z,1891939138397,fisvdd_revision,n512,512,B1,0.5,35.400,35.400,1400.000,1400.000,1400.000,1400.000,1.730868,35.771523,1.266550,5.441769,0.157603,46.791206,101.926652,0.000000,0.691334355,0.500121006,1
pi3bplus_v2_margin_20260909T125804Z,pi3bplus,2,1,margin,true,65,29,2629,2026-09-09T13:05:42Z,1892042388995,fisvdd_revision,n512,512,B1,0.5,35.400,35.400,1400.000,1400.000,1400.000,1400.000,1.687744,33.717012,1.306914,5.399843,0.152290,43.953994,101.895038,0.000000,0.681159804,0.500201476,1
pi3bplus_v2_margin_20260909T125804Z,pi3bplus,2,1,margin,true,65,30,2630,2026-09-09T13:05:42Z,1892145612353,fisvdd_revision,n512,512,B1,0.5,35.400,34.324,1400.000,1400.000,1400.000,1400.000,1.640973,33.727688,1.231863,5.498227,0.156561,43.934047,101.886758,0.000000,0.663779329,0.499647971,1
pi3bplus_v2_margin_20260909T125804Z,pi3bplus,2,1,margin,true,65,31,2631,2026-09-09T13:05:42Z,1892248895607,fisvdd_revision,n512,512,B1,0.5,34.862,34.862,1400.000,1400.000,1400.000,1400.000,1.671494,33.729147,1.243061,5.465884,0.155311,43.955817,101.881393,0.000000,0.689418088,0.501389982,1
pi3bplus_v2_margin_20260909T125804Z,pi3bplus,2,1,margin,true,65,32,2632,2026-09-09T13:05:43Z,1892352182923,fisvdd_revision,n512,512,B1,0.5,35.938,35.400,1400.000,1400.000,1400.000,1400.000,1.667535,33.699772,1.237019,5.433332,0.232393,44.013525,101.841706,0.000000,0.677950842,0.498699596,1
pi3bplus_v2_margin_20260909T125804Z,pi3bplus,2,1,margin,true,65,33,2633,2026-09-09T13:05:43Z,1892455372949,fisvdd_revision,n512,512,B1,0.5,34.862,35.400,1400.000,1400.000,1400.000,1400.000,1.750921,33.647221,1.230665,5.407186,0.148540,43.952848,101.939308,0.000000,0.691699984,0.499943809,1
pi3bplus_v2_margin_20260909T125804Z,pi3bplus,2,1,margin,true,65,34,2634,2026-09-09T13:05:43Z,1892558669848,fisvdd_revision,n512,512,B1,0.5,35.400,34.862,1400.000,1400.000,1400.000,1400.000,1.715557,33.679251,1.308893,5.450676,0.150571,43.983734,101.924309,0.000000,0.688137423,0.499319886,1
pi3bplus_v2_margin_20260909T125804Z,pi3bplus,2,1,margin,true,65,35,2635,2026-09-09T13:05:43Z,1892661923311,fisvdd_revision,n512,512,B1,0.5,35.400,35.400,1400.000,1400.000,1400.000,1400.000,1.686129,33.754616,1.291602,5.391874,0.149738,43.943369,101.913058,0.000000,0.709210288,0.499450254,1
pi3bplus_v2_margin_20260909T125804Z,pi3bplus,2,1,margin,true,65,36,2636,2026-09-09T13:05:43Z,1892765275470,fisvdd_revision,n512,512,B1,0.5,34.862,35.400,1400.000,1400.000,1400.000,1400.000,1.662536,33.692793,1.241602,5.508644,0.150884,43.933994,101.949569,0.000000,0.670472241,0.500524523,1
pi3bplus_v2_margin_20260909T125804Z,pi3bplus,2,1,margin,true,65,37,2637,2026-09-09T13:05:43Z,1892868707889,fisvdd_revision,n512,512,B1,0.5,34.862,34.862,1400.000,1400.000,1400.000,1400.000,1.695973,33.783626,1.213426,5.565882,0.155102,44.126128,101.878996,0.000000,0.704387604,0.499544103,1
pi3bplus_v2_margin_20260909T125804Z,pi3bplus,2,1,margin,true,65,38,2638,2026-09-09T13:05:43Z,1892971920779,fisvdd_revision,n512,512,B1,0.5,35.400,35.400,1400.000,1400.000,1400.000,1400.000,1.753108,35.536421,1.282227,5.445154,0.155102,46.479021,101.895871,0.000000,0.668984682,0.499987994,1
pi3bplus_v2_margin_20260909T125804Z,pi3bplus,2,1,margin,true,65,39,2639,2026-09-09T13:05:43Z,1893075178564,fisvdd_revision,n512,512,B1,0.5,34.862,34.862,1400.000,1400.000,1400.000,1400.000,1.721390,33.645033,1.243477,5.481405,0.156509,43.991389,101.923631,0.000000,0.678489774,0.500050881,1
pi3bplus_v2_margin_20260909T125804Z,pi3bplus,2,1,margin,true,66,0,2640,2026-09-09T13:05:44Z,1893840967271,oi_svdd_as_elm_revision,n1,1,B2,1.0,35.400,35.400,1400.000,1400.000,1400.000,1400.000,2.051647,0.329632,0.320517,0.953897,0.135519,4.093449,103.240494,0.000000,0.971004532,0.971460887,1
pi3bplus_v2_margin_20260909T125804Z,pi3bplus,2,1,margin,true,66,1,2641,2026-09-09T13:05:44Z,1893945099735,oi_svdd_as_elm_revision,n1,1,B2,1.0,34.862,34.862,1400.000,1400.000,1400.000,1400.000,2.183260,0.274372,0.383278,0.830409,0.119426,4.072356,101.793060,0.000000,0.873506801,0.537194107,1
pi3bplus_v2_margin_20260909T125804Z,pi3bplus,2,1,margin,true,66,2,2642,2026-09-09T13:05:44Z,1894047604975,oi_svdd_as_elm_revision,n1,1,B2,1.0,35.400,34.862,1400.000,1400.000,1400.000,1400.000,1.910241,0.298278,0.309268,0.691192,0.120571,3.601215,101.909309,0.000000,0.874590763,0.554881875,1
pi3bplus_v2_margin_20260909T125804Z,pi3bplus,2,1,margin,true,66,3,2643,2026-09-09T13:05:44Z,1894150129955,oi_svdd_as_elm_revision,n1,1,B2,1.0,35.400,34.862,1400.000,1400.000,1400.000,1400.000,1.551496,0.333642,0.318121,0.688014,0.118853,3.270957,101.851809,0.000000,0.872487940,0.882806316,1
pi3bplus_v2_margin_20260909T125804Z,pi3bplus,2,1,margin,true,66,4,2644,2026-09-09T13:05:45Z,1894252660872,oi_svdd_as_elm_revision,n1,1,B2,1.0,34.862,35.400,1400.000,1400.000,1400.000,1400.000,1.592172,0.288747,0.314632,0.683223,0.119530,3.249239,101.856392,0.000000,0.076345483,0.001306984,1
pi3bplus_v2_margin_20260909T125804Z,pi3bplus,2,1,margin,true,66,5,2645,2026-09-09T13:05:45Z,1894355139550,oi_svdd_as_elm_revision,n1,1,B2,1.0,35.400,35.400,1400.000,1400.000,1400.000,1400.000,1.681650,0.291143,0.307133,0.690202,0.120467,3.347884,101.911184,0.000000,0.223758235,0.001645296,1
pi3bplus_v2_margin_20260909T125804Z,pi3bplus,2,1,margin,true,66,6,2646,2026-09-09T13:05:45Z,1894457671821,oi_svdd_as_elm_revision,n1,1,B2,1.0,34.862,35.400,1400.000,1400.000,1400.000,1400.000,1.564881,0.286143,0.356299,0.698326,0.120884,3.276687,101.816862,0.000000,0.874254252,0.716783501,1
pi3bplus_v2_margin_20260909T125804Z,pi3bplus,2,1,margin,true,66,7,2647,2026-09-09T13:05:45Z,1894560178415,oi_svdd_as_elm_revision,n1,1,B2,1.0,35.400,35.400,1400.000,1400.000,1400.000,1400.000,1.599776,0.288747,0.317393,0.684004,0.127603,3.271062,101.860664,0.000000,0.946968261,0.953477010,1
pi3bplus_v2_margin_20260909T125804Z,pi3bplus,2,1,margin,true,66,8,2648,2026-09-09T13:05:45Z,1894662743603,oi_svdd_as_elm_revision,n1,1,B2,1.0,34.862,35.400,1400.000,1400.000,1400.000,1400.000,1.769670,0.302809,0.314320,0.697025,0.127811,3.477414,101.926652,0.000000,0.936618349,0.958903727,1
pi3bplus_v2_margin_20260909T125804Z,pi3bplus,2,1,margin,true,66,9,2649,2026-09-09T13:05:45Z,1894765302957,oi_svdd_as_elm_revision,n1,1,B2,1.0,34.862,34.324,1400.000,1400.000,1400.000,1400.000,1.573839,0.284320,0.313799,0.737753,0.121249,3.285280,101.855038,0.000000,0.927562480,0.970692315,1
pi3bplus_v2_margin_20260909T125804Z,pi3bplus,2,1,margin,true,66,10,2650,2026-09-09T13:05:45Z,1894867773041,oi_svdd_as_elm_revision,n1,1,B2,1.0,35.400,34.862,1400.000,1400.000,1400.000,1400.000,1.839513,0.296195,0.309372,0.689681,0.120572,3.511684,101.923267,0.000000,0.958031979,0.979998714,1
pi3bplus_v2_margin_20260909T125804Z,pi3bplus,2,1,margin,true,66,11,2651,2026-09-09T13:05:45Z,1894970316406,oi_svdd_as_elm_revision,n1,1,B2,1.0,35.400,34.862,1400.000,1400.000,1400.000,1400.000,1.558422,0.333591,0.314059,0.678430,0.127238,3.262364,101.872955,0.000000,0.640319926,0.969702956,1
pi3bplus_v2_margin_20260909T125804Z,pi3bplus,2,1,margin,true,66,12,2652,2026-09-09T13:05:45Z,1895072817584,oi_svdd_as_elm_revision,n1,1,B2,1.0,34.324,35.400,1400.000,1400.000,1400.000,1400.000,1.568213,0.283435,0.312029,0.688326,0.162447,3.272311,101.825038,0.000000,0.917877043,0.971935121,1
pi3bplus_v2_margin_20260909T125804Z,pi3bplus,2,1,margin,true,66,13,2653,2026-09-09T13:05:45Z,1895175263970,oi_svdd_as_elm_revision,n1,1,B2,1.0,34.862,34.324,1400.000,1400.000,1400.000,1400.000,1.642536,0.292654,0.310778,0.686087,0.121041,3.309238,101.904621,0.000000,0.873186853,0.959279358,1
pi3bplus_v2_margin_20260909T125804Z,pi3bplus,2,1,margin,true,66,14,2654,2026-09-09T13:05:46Z,1895277784523,oi_svdd_as_elm_revision,n1,1,B2,1.0,35.400,34.862,1400.000,1400.000,1400.000,1400.000,1.601703,0.295987,0.355517,0.693899,0.119999,3.318144,101.866131,0.000000,0.917953518,0.968162000,1
pi3bplus_v2_margin_20260909T125804Z,pi3bplus,2,1,margin,true,66,15,2655,2026-09-09T13:05:46Z,1895380350752,oi_svdd_as_elm_revision,n1,1,B2,1.0,35.400,34.862,1400.000,1400.000,1400.000,1400.000,1.590297,0.294737,0.307289,0.691139,0.118593,3.256894,101.813684,0.000000,0.157889594,0.003602784,1
pi3bplus_v2_margin_20260909T125804Z,pi3bplus,2,1,margin,true,66,16,2656,2026-09-09T13:05:46Z,1895482786721,oi_svdd_as_elm_revision,n1,1,B2,1.0,35.400,34.862,1400.000,1400.000,1400.000,1400.000,1.638422,0.296820,0.310153,0.692180,0.121197,3.308874,101.901757,0.000000,0.874452776,0.388674576,1
pi3bplus_v2_margin_20260909T125804Z,pi3bplus,2,1,margin,true,66,17,2657,2026-09-09T13:05:46Z,1895585309461,oi_svdd_as_elm_revision,n1,1,B2,1.0,35.400,34.862,1400.000,1400.000,1400.000,1400.000,1.551703,0.283695,0.309164,0.742597,0.120572,3.267259,101.823059,0.000000,0.873499249,0.701595022,1
pi3bplus_v2_margin_20260909T125804Z,pi3bplus,2,1,margin,true,66,18,2658,2026-09-09T13:05:46Z,1895687750952,oi_svdd_as_elm_revision,n1,1,B2,1.0,34.862,35.400,1400.000,1400.000,1400.000,1400.000,1.674463,0.293591,0.306508,0.688535,0.119634,3.339810,101.859465,0.000000,0.222270417,0.000370751,1
pi3bplus_v2_margin_20260909T125804Z,pi3bplus,2,1,margin,true,66,19,2659,2026-09-09T13:05:46Z,1895790228952,oi_svdd_as_elm_revision,n1,1,B2,1.0,35.400,35.400,1400.000,1400.000,1400.000,1400.000,1.560558,0.332966,0.316976,0.685827,0.124791,3.272208,101.906965,0.000000,0.925796709,0.894235796,1
pi3bplus_v2_margin_20260909T125804Z,pi3bplus,2,1,margin,true,66,20,2660,2026-09-09T13:05:46Z,1895892764817,oi_svdd_as_elm_revision,n1,1,B2,1.0,35.400,35.400,1400.000,1400.000,1400.000,1400.000,1.575662,0.285362,0.312653,0.687649,0.229685,3.347779,101.871756,0.000000,0.639070198,0.918263047,1
pi3bplus_v2_margin_20260909T125804Z,pi3bplus,2,1,margin,true,66,21,2661,2026-09-09T13:05:46Z,1895995262140,oi_svdd_as_elm_revision,n1,1,B2,1.0,35.400,34.862,1400.000,1400.000,1400.000,1400.000,1.647848,0.299424,0.308122,0.689160,0.120780,3.316270,101.809570,0.000000,0.000603412,0.000436513,1
pi3bplus_v2_margin_20260909T125804Z,pi3bplus,2,1,margin,true,66,22,2662,2026-09-09T13:05:46Z,1896097731130,oi_svdd_as_elm_revision,n1,1,B2,1.0,35.400,34.862,1400.000,1400.000,1400.000,1400.000,1.567588,0.284945,0.350153,0.698274,0.122082,3.286999,101.827278,0.000000,0.918029927,0.972398999,1
pi3bplus_v2_margin_20260909T125804Z,pi3bplus,2,1,margin,true,66,23,2663,2026-09-09T13:05:46Z,1896200249443,oi_svdd_as_elm_revision,n1,1,B2,1.0,34.862,34.862,1400.000,1400.000,1400.000,1400.000,1.592589,0.286820,0.319267,0.686399,0.118853,3.261895,101.828007,0.000000,0.874018073,0.578801558,1
pi3bplus_v2_margin_20260909T125804Z,pi3bplus,2,1,margin,true,66,24,2664,2026-09-09T13:05:47Z,1896302702444,oi_svdd_as_elm_revision,n1,1,B2,1.0,35.400,34.862,1400.000,1400.000,1400.000,1400.000,1.636703,0.295726,0.315518,0.685045,0.119791,3.303196,101.926756,0.000000,0.874383906,0.562986527,1
pi3bplus_v2_margin_20260909T125804Z,pi3bplus,2,1,margin,true,66,25,2665,2026-09-09T13:05:47Z,1896405252944,oi_svdd_as_elm_revision,n1,1,B2,1.0,34.862,35.400,1400.000,1400.000,1400.000,1400.000,1.553943,0.281247,0.307445,0.737753,0.120988,3.257103,101.835298,0.000000,0.000126344,0.000393447,1
pi3bplus_v2_margin_20260909T125804Z,pi3bplus,2,1,margin,true,66,26,2666,2026-09-09T13:05:47Z,1896507702038,oi_svdd_as_elm_revision,n1,1,B2,1.0,35.400,35.400,1400.000,1400.000,1400.000,1400.000,1.661754,0.286716,0.311039,0.688014,0.119321,3.330488,101.870246,0.000000,0.917877043,0.915807235,1
pi3bplus_v2_margin_20260909T125804Z,pi3bplus,2,1,margin,true,66,27,2667,2026-09-09T13:05:47Z,1896610191445,oi_svdd_as_elm_revision,n1,1,B2,1.0,35.938,34.862,1400.000,1400.000,1400.000,1400.000,1.559203,0.336039,0.313226,0.679369,0.125416,3.264290,101.875975,0.000000,0.222987955,0.001077414,1
pi3bplus_v2_margin_20260909T125804Z,pi3bplus,2,1,margin,true,66,28,2668,2026-09-09T13:05:47Z,1896712692049,oi_svdd_as_elm_revision,n1,1,B2,1.0,35.400,35.400,1400.000,1400.000,1400.000,1400.000,1.588266,0.293747,0.316559,0.686295,0.120624,3.256843,101.814465,0.000000,0.244227889,0.000242738,1
pi3bplus_v2_margin_20260909T125804Z,pi3bplus,2,1,margin,true,66,29,2669,2026-09-09T13:05:47Z,1896815130414,oi_svdd_as_elm_revision,n1,1,B2,1.0,34.862,35.400,1400.000,1400.000,1400.000,1400.000,1.636963,0.300882,0.307706,0.690774,0.119270,3.306113,101.975506,0.000000,0.222619529,0.000925720,1
pi3bplus_v2_margin_20260909T125804Z,pi3bplus,2,1,margin,true,66,30,2670,2026-09-09T13:05:47Z,1896917725184,oi_svdd_as_elm_revision,n1,1,B2,1.0,35.400,34.862,1400.000,1400.000,1400.000,1400.000,1.556547,0.285726,0.350413,0.699264,0.120572,3.274395,101.869882,0.000000,0.958441826,0.813362168,1
pi3bplus_v2_margin_20260909T125804Z,pi3bplus,2,1,margin,true,66,31,2671,2026-09-09T13:05:47Z,1897020290788,oi_svdd_as_elm_revision,n1,1,B2,1.0,34.862,34.862,1400.000,1400.000,1400.000,1400.000,1.601912,0.285570,0.308434,1.201811,0.162551,3.828764,101.763685,0.000000,0.918258767,0.966288746,1
pi3bplus_v2_margin_20260909T125804Z,pi3bplus,2,1,margin,true,66,32,2672,2026-09-09T13:05:47Z,1897122677019,oi_svdd_as_elm_revision,n1,1,B2,1.0,35.400,35.400,1400.000,1400.000,1400.000,1400.000,1.648161,0.292393,0.317184,0.684369,0.119165,3.316113,101.887120,0.000000,0.999986861,0.971483709,1
pi3bplus_v2_margin_20260909T125804Z,pi3bplus,2,1,margin,true,66,33,2673,2026-09-09T13:05:47Z,1897225187102,oi_svdd_as_elm_revision,n1,1,B2,1.0,34.862,34.862,1400.000,1400.000,1400.000,1400.000,1.549412,0.288591,0.314164,0.726138,0.123019,3.252624,101.827955,0.000000,0.977973496,0.983434247,1
pi3bplus_v2_margin_20260909T125804Z,pi3bplus,2,1,margin,true,66,34,2674,2026-09-09T13:05:48Z,1897327634269,oi_svdd_as_elm_revision,n1,1,B2,1.0,35.400,35.400,1400.000,1400.000,1400.000,1400.000,1.649827,0.293278,0.311091,0.688483,0.119999,3.318509,101.891444,0.000000,0.643495712,0.938466030,1
pi3bplus_v2_margin_20260909T125804Z,pi3bplus,2,1,margin,true,66,35,2675,2026-09-09T13:05:48Z,1897430147165,oi_svdd_as_elm_revision,n1,1,B2,1.0,35.400,34.324,1400.000,1400.000,1400.000,1400.000,1.556963,0.336612,0.319163,0.677701,0.126041,3.268457,101.807538,0.000000,0.874208832,0.341886190,1
pi3bplus_v2_margin_20260909T125804Z,pi3bplus,2,1,margin,true,66,36,2676,2026-09-09T13:05:48Z,1897532670113,oi_svdd_as_elm_revision,n1,1,B2,1.0,35.400,34.862,1400.000,1400.000,1400.000,1400.000,1.595193,0.287862,0.320309,0.679577,0.127030,3.260540,101.822121,0.000000,0.874320704,0.601557909,1
pi3bplus_v2_margin_20260909T125804Z,pi3bplus,2,1,margin,true,66,37,2677,2026-09-09T13:05:48Z,1897635108634,oi_svdd_as_elm_revision,n1,1,B2,1.0,35.400,34.862,1400.000,1400.000,1400.000,1400.000,1.665192,0.293330,0.316195,0.677389,0.126613,3.330488,101.885402,0.000000,0.000000016,0.000882556,1
pi3bplus_v2_margin_20260909T125804Z,pi3bplus,2,1,margin,true,66,38,2678,2026-09-09T13:05:48Z,1897737609863,oi_svdd_as_elm_revision,n1,1,B2,1.0,34.862,35.400,1400.000,1400.000,1400.000,1400.000,1.560558,0.290309,0.308955,0.737857,0.122394,3.272416,101.831132,0.000000,0.086898877,0.000867342,1
pi3bplus_v2_margin_20260909T125804Z,pi3bplus,2,1,margin,true,66,39,2679,2026-09-09T13:05:48Z,1897840216247,oi_svdd_as_elm_revision,n1,1,B2,1.0,34.862,35.400,1400.000,1400.000,1400.000,1400.000,1.650140,0.296612,0.316403,0.683848,0.121145,3.322884,102.203316,0.000000,0.645184354,0.945780242,1
pi3bplus_v2_margin_20260909T125804Z,pi3bplus,2,1,margin,true,67,0,2680,2026-09-09T13:05:49Z,1898649299104,fisvdd_revision,n512,512,B0,0.0,34.862,34.324,1400.000,1400.000,1400.000,1400.000,1.708420,33.763521,1.253425,5.472081,0.150520,44.027847,101.854881,0.000000,0.698770319,0.500301548,1
pi3bplus_v2_margin_20260909T125804Z,pi3bplus,2,1,margin,true,67,1,2681,2026-09-09T13:05:49Z,1898752569648,fisvdd_revision,n512,512,B0,0.0,34.324,34.862,1400.000,1400.000,1400.000,1400.000,1.667536,33.773209,1.250977,5.462707,0.151717,43.982431,101.849361,0.000000,0.671666017,0.500481692,1
pi3bplus_v2_margin_20260909T125804Z,pi3bplus,2,1,margin,true,67,2,2682,2026-09-09T13:05:49Z,1898855733892,fisvdd_revision,n512,512,B0,0.0,34.862,34.324,1400.000,1400.000,1400.000,1400.000,1.786024,33.745240,1.224102,5.448800,0.156978,44.127638,101.927536,0.000000,0.672251086,0.499830814,1
pi3bplus_v2_margin_20260909T125804Z,pi3bplus,2,1,margin,true,67,3,2683,2026-09-09T13:05:49Z,1898958975790,fisvdd_revision,n512,512,B0,0.0,34.324,34.862,1400.000,1400.000,1400.000,1400.000,1.832326,33.741021,1.259414,5.397863,0.152134,44.128472,101.819934,0.000000,0.680315627,0.499797900,1
pi3bplus_v2_margin_20260909T125804Z,pi3bplus,2,1,margin,true,67,4,2684,2026-09-09T13:05:49Z,1899062106388,fisvdd_revision,n512,512,B0,0.0,34.324,34.324,1400.000,1400.000,1400.000,1400.000,1.640296,33.766490,1.322071,5.408280,0.150311,43.971494,101.847746,0.000000,0.692129659,0.499651670,1
pi3bplus_v2_margin_20260909T125804Z,pi3bplus,2,1,margin,true,67,5,2685,2026-09-09T13:05:49Z,1899165337766,fisvdd_revision,n512,512,B0,0.0,34.324,34.324,1400.000,1400.000,1400.000,1400.000,1.654984,33.806229,1.229624,5.448020,0.151561,43.984983,101.848840,0.000000,0.684327182,0.499616134,1
pi3bplus_v2_margin_20260909T125804Z,pi3bplus,2,1,margin,true,67,6,2686,2026-09-09T13:05:50Z,1899268581071,fisvdd_revision,n512,512,B0,0.0,34.324,34.862,1400.000,1400.000,1400.000,1400.000,1.651755,33.865759,1.247279,5.502341,0.149686,44.095607,101.839100,0.000000,0.689552795,0.499466689,1
pi3bplus_v2_margin_20260909T125804Z,pi3bplus,2,1,margin,true,67,7,2687,2026-09-09T13:05:50Z,1899371736460,fisvdd_revision,n512,512,B0,0.0,34.324,34.862,1400.000,1400.000,1400.000,1400.000,1.777795,33.839302,1.227592,5.404270,0.151456,44.174044,101.925714,0.000000,0.715009347,0.499875423,1
pi3bplus_v2_margin_20260909T125804Z,pi3bplus,2,1,margin,true,67,8,2688,2026-09-09T13:05:50Z,1899475022733,fisvdd_revision,n512,512,B0,0.0,34.862,34.324,1400.000,1400.000,1400.000,1400.000,1.720243,33.807375,1.258164,5.419999,0.152394,44.083055,101.947536,0.000000,0.672027373,0.500274664,1
pi3bplus_v2_margin_20260909T125804Z,pi3bplus,2,1,margin,true,67,9,2689,2026-09-09T13:05:50Z,1899578301819,fisvdd_revision,n512,512,B0,0.0,34.324,34.324,1400.000,1400.000,1400.000,1400.000,1.711806,33.908312,1.305560,5.383020,0.157967,44.156804,101.924099,0.000000,0.674917511,0.499836054,1
pi3bplus_v2_margin_20260909T125804Z,pi3bplus,2,1,margin,true,67,10,2690,2026-09-09T13:05:50Z,1899681587831,fisvdd_revision,n512,512,B0,0.0,34.862,34.324,1400.000,1400.000,1400.000,1400.000,1.649150,33.883936,1.258738,5.531925,0.152030,44.127846,101.836652,0.000000,0.680752508,0.500122742,1
pi3bplus_v2_margin_20260909T125804Z,pi3bplus,2,1,margin,true,67,11,2691,2026-09-09T13:05:50Z,1899784827178,fisvdd_revision,n512,512,B0,0.0,34.324,34.324,1400.000,1400.000,1400.000,1400.000,1.707587,33.865030,1.189051,5.469685,0.152706,44.082326,101.839621,0.000000,0.694615661,0.499924597,1
pi3bplus_v2_margin_20260909T125804Z,pi3bplus,2,1,margin,true,67,12,2692,2026-09-09T13:05:50Z,1899887993765,fisvdd_revision,n512,512,B0,0.0,34.324,34.324,1400.000,1400.000,1400.000,1400.000,1.699723,33.801437,1.234415,5.433227,0.153227,44.297896,101.894099,0.000000,0.682721831,0.500098873,1
pi3bplus_v2_margin_20260909T125804Z,pi3bplus,2,1,margin,true,67,13,2693,2026-09-09T13:05:50Z,1899991211132,fisvdd_revision,n512,512,B0,0.0,34.324,34.862,1400.000,1400.000,1400.000,1400.000,1.780295,33.844614,1.241759,5.383593,0.152863,44.167533,101.815038,0.000000,0.664586732,0.499968687,1
pi3bplus_v2_margin_20260909T125804Z,pi3bplus,2,1,margin,true,67,14,2694,2026-09-09T13:05:50Z,1900094343709,fisvdd_revision,n512,512,B0,0.0,34.324,34.324,1400.000,1400.000,1400.000,1400.000,1.693473,33.763886,1.296445,5.433540,0.151144,44.029826,101.944047,0.000000,0.683943564,0.500729806,1
pi3bplus_v2_margin_20260909T125804Z,pi3bplus,2,1,margin,true,67,15,2695,2026-09-09T13:05:50Z,1900197604774,fisvdd_revision,n512,512,B0,0.0,34.324,34.324,1400.000,1400.000,1400.000,1400.000,1.651546,33.838833,1.242383,5.473853,0.148696,44.030139,101.901703,0.000000,0.678326607,0.499701531,1
pi3bplus_v2_margin_20260909T125804Z,pi3bplus,2,1,margin,true,67,16,2696,2026-09-09T13:05:51Z,1900300933390,fisvdd_revision,n512,512,B0,0.0,34.324,34.324,1400.000,1400.000,1400.000,1400.000,1.672639,33.860448,1.247852,5.497602,0.150519,44.117898,101.845089,0.000000,0.683203001,0.499566573,1
pi3bplus_v2_margin_20260909T125804Z,pi3bplus,2,1,margin,true,67,17,2697,2026-09-09T13:05:51Z,1900404199507,fisvdd_revision,n512,512,B0,0.0,34.324,34.862,1400.000,1400.000,1400.000,1400.000,1.672015,33.879145,1.247748,5.468175,0.154738,44.170762,101.838318,0.000000,0.689166442,0.499204111,1
pi3bplus_v2_margin_20260909T125804Z,pi3bplus,2,1,margin,true,67,18,2698,2026-09-09T13:05:51Z,1900507348958,fisvdd_revision,n512,512,B0,0.0,34.324,34.324,1400.000,1400.000,1400.000,1400.000,1.753524,33.765917,1.238686,5.428332,0.151248,44.083368,101.925818,0.000000,0.702909510,0.499925077,1
pi3bplus_v2_margin_20260909T125804Z,pi3bplus,2,1,margin,true,67,19,2699,2026-09-09T13:05:51Z,1900610591482,fisvdd_revision,n512,512,B0,0.0,34.324,33.786,1400.000,1400.000,1400.000,1400.000,1.714098,33.739094,1.297071,5.390520,0.151405,43.973524,101.959619,0.000000,0.691183151,0.499523139,1
pi3bplus_v2_margin_20260909T125804Z,pi3bplus,2,1,margin,true,67,20,2700,2026-09-09T13:05:51Z,1900713866244,fisvdd_revision,n512,512,B0,0.0,34.324,34.324,1400.000,1400.000,1400.000,1400.000,1.637952,33.865760,1.290143,5.444374,0.152030,44.067013,101.865350,0.000000,0.683409445,0.500465987,1
pi3bplus_v2_margin_20260909T125804Z,pi3bplus,2,1,margin,true,67,21,2701,2026-09-09T13:05:51Z,1900817138403,fisvdd_revision,n512,512,B0,0.0,34.324,34.324,1400.000,1400.000,1400.000,1400.000,1.663629,33.982894,1.260456,5.470102,0.152134,44.196126,101.846703,0.000000,0.684465615,0.499637183,1
pi3bplus_v2_margin_20260909T125804Z,pi3bplus,2,1,margin,true,67,22,2702,2026-09-09T13:05:51Z,1900920387124,fisvdd_revision,n512,512,B0,0.0,34.324,34.324,1400.000,1400.000,1400.000,1400.000,1.666858,34.098362,1.247800,5.551455,0.150936,44.395968,101.898161,0.000000,0.666289785,0.500360638,1
pi3bplus_v2_margin_20260909T125804Z,pi3bplus,2,1,margin,true,67,23,2703,2026-09-09T13:05:51Z,1901023606366,fisvdd_revision,n512,512,B0,0.0,34.862,34.324,1400.000,1400.000,1400.000,1400.000,1.813784,34.916843,1.285561,5.463800,0.148176,45.811684,101.914047,0.000000,0.706572737,0.500078271,1
pi3bplus_v2_margin_20260909T125804Z,pi3bplus,2,1,margin,true,67,24,2704,2026-09-09T13:05:51Z,1901126876441,fisvdd_revision,n512,512,B0,0.0,34.324,34.324,1400.000,1400.000,1400.000,1400.000,1.721962,33.851906,1.231655,5.417342,0.152395,44.125398,101.968213,0.000000,0.678237000,0.500257754,1
pi3bplus_v2_margin_20260909T125804Z,pi3bplus,2,1,margin,true,67,25,2705,2026-09-09T13:05:51Z,1901230181308,fisvdd_revision,n512,512,B0,0.0,33.786,34.324,1400.000,1400.000,1400.000,1400.000,1.655192,33.854770,1.293633,5.399113,0.152551,44.074148,101.918369,0.000000,0.661832722,0.499649179,1
pi3bplus_v2_margin_20260909T125804Z,pi3bplus,2,1,margin,true,67,26,2706,2026-09-09T13:05:52Z,1901333411539,fisvdd_revision,n512,512,B0,0.0,34.324,33.786,1400.000,1400.000,1400.000,1400.000,1.645036,33.889821,1.230977,5.575101,0.147915,44.169148,101.858839,0.000000,0.689257473,0.501257679,1
pi3bplus_v2_margin_20260909T125804Z,pi3bplus,2,1,margin,true,67,27,2707,2026-09-09T13:05:52Z,1901436740468,fisvdd_revision,n512,512,B0,0.0,34.324,33.786,1400.000,1400.000,1400.000,1400.000,1.757691,33.858832,1.247852,5.475988,0.151353,44.175918,101.837276,0.000000,0.679993664,0.498933892,1
pi3bplus_v2_margin_20260909T125804Z,pi3bplus,2,1,margin,true,67,28,2708,2026-09-09T13:05:52Z,1901539915075,fisvdd_revision,n512,512,B0,0.0,34.324,33.786,1400.000,1400.000,1400.000,1400.000,1.743681,33.925811,1.216550,5.438332,0.225831,44.307011,101.868422,0.000000,0.696549354,0.499836434,1
pi3bplus_v2_margin_20260909T125804Z,pi3bplus,2,1,margin,true,67,29,2709,2026-09-09T13:05:52Z,1901643094786,fisvdd_revision,n512,512,B0,0.0,34.324,33.786,1400.000,1400.000,1400.000,1400.000,1.737223,33.811750,1.229415,5.407498,0.157342,44.111075,101.958421,0.000000,0.681350692,0.499175824,1
pi3bplus_v2_margin_20260909T125804Z,pi3bplus,2,1,margin,true,67,30,2710,2026-09-09T13:05:52Z,1901746365434,fisvdd_revision,n512,512,B0,0.0,34.324,34.324,1400.000,1400.000,1400.000,1400.000,1.701233,33.841957,1.287331,5.442446,0.150520,44.107638,101.915817,0.000000,0.707951811,0.499485039,1
pi3bplus_v2_margin_20260909T125804Z,pi3bplus,2,1,margin,true,67,31,2711,2026-09-09T13:05:52Z,1901849597228,fisvdd_revision,n512,512,B0,0.0,34.324,34.324,1400.000,1400.000,1400.000,1400.000,1.653682,33.895760,1.254675,5.474894,0.151977,44.087742,101.894880,0.000000,0.678382520,0.500434721,1
pi3bplus_v2_margin_20260909T125804Z,pi3bplus,2,1,margin,true,67,32,2712,2026-09-09T13:05:52Z,1901952885167,fisvdd_revision,n512,512,B0,0.0,34.324,34.324,1400.000,1400.000,1400.000,1400.000,1.677484,33.878676,1.219884,5.492967,0.157134,44.115555,101.852381,0.000000,0.696647620,0.499504218,1
pi3bplus_v2_margin_20260909T125804Z,pi3bplus,2,1,margin,true,67,33,2713,2026-09-09T13:05:52Z,1902056160242,fisvdd_revision,n512,512,B0,0.0,33.786,34.324,1400.000,1400.000,1400.000,1400.000,1.666077,35.540119,1.289675,5.404374,0.153071,46.431261,101.871547,0.000000,0.670005584,0.499615618,1
pi3bplus_v2_margin_20260909T125804Z,pi3bplus,2,1,margin,true,67,34,2714,2026-09-09T13:05:52Z,1902159348703,fisvdd_revision,n512,512,B0,0.0,34.324,34.324,1400.000,1400.000,1400.000,1400.000,1.778420,33.751855,1.245821,5.442342,0.149113,44.103628,101.958213,0.000000,0.681265116,0.500320622,1
pi3bplus_v2_margin_20260909T125804Z,pi3bplus,2,1,margin,true,67,35,2715,2026-09-09T13:05:53Z,1902262622945,fisvdd_revision,n512,512,B0,0.0,33.786,33.786,1400.000,1400.000,1400.000,1400.000,1.721077,33.831854,1.297174,5.390051,0.154425,44.099409,101.951077,0.000000,0.695375540,0.500359634,1
pi3bplus_v2_margin_20260909T125804Z,pi3bplus,2,1,margin,true,67,36,2716,2026-09-09T13:05:53Z,1902365919738,fisvdd_revision,n512,512,B0,0.0,34.324,33.786,1400.000,1400.000,1400.000,1400.000,1.644671,33.919613,1.303581,5.430832,0.149998,44.114513,101.869464,0.000000,0.673178014,0.500930906,1
pi3bplus_v2_margin_20260909T125804Z,pi3bplus,2,1,margin,true,67,37,2717,2026-09-09T13:05:53Z,1902469190594,fisvdd_revision,n512,512,B0,0.0,34.324,34.324,1400.000,1400.000,1400.000,1400.000,1.677223,33.842479,1.239571,5.468540,0.149998,44.044982,101.846703,0.000000,0.666939932,0.499619400,1
pi3bplus_v2_margin_20260909T125804Z,pi3bplus,2,1,margin,true,67,38,2718,2026-09-09T13:05:53Z,1902572434680,fisvdd_revision,n512,512,B0,0.0,34.324,34.324,1400.000,1400.000,1400.000,1400.000,1.669358,33.711230,1.254883,5.490519,0.153436,44.008263,101.864880,0.000000,0.685510732,0.500055395,1
pi3bplus_v2_margin_20260909T125804Z,pi3bplus,2,1,margin,true,67,39,2719,2026-09-09T13:05:53Z,1902675652151,fisvdd_revision,n512,512,B0,0.0,34.324,34.324,1400.000,1400.000,1400.000,1400.000,1.772274,33.770031,1.242018,5.400155,0.157603,44.093367,101.935765,0.000000,0.682108522,0.499097859,1
pi3bplus_v2_margin_20260909T125804Z,pi3bplus,2,1,margin,true,68,0,2720,2026-09-09T13:05:54Z,1903285734776,oi_svdd_as_elm_revision,n512,512,B0,0.0,33.248,34.324,1400.000,1400.000,1400.000,1400.000,1.736805,33.909353,1.283738,12.088839,0.150988,50.887415,101.849204,0.000000,0.683669819,0.630679107,1
pi3bplus_v2_margin_20260909T125804Z,pi3bplus,2,1,margin,true,68,1,2721,2026-09-09T13:05:54Z,1903389020424,oi_svdd_as_elm_revision,n512,512,B0,0.0,33.786,33.786,1400.000,1400.000,1400.000,1400.000,1.696389,33.812895,1.249571,12.057798,0.155832,50.657000,101.878161,0.000000,0.697186198,0.635452026,1
pi3bplus_v2_margin_20260909T125804Z,pi3bplus,2,1,margin,true,68,2,2722,2026-09-09T13:05:54Z,1903492300029,oi_svdd_as_elm_revision,n512,512,B0,0.0,33.248,33.248,1400.000,1400.000,1400.000,1400.000,1.663004,33.774145,1.226706,12.082954,0.150884,50.642261,101.872589,0.000000,0.716800784,0.664347397,1
pi3bplus_v2_margin_20260909T125804Z,pi3bplus,2,1,margin,true,68,3,2723,2026-09-09T13:05:54Z,1903595491459,oi_svdd_as_elm_revision,n512,512,B0,0.0,34.324,34.324,1400.000,1400.000,1400.000,1400.000,1.766389,33.807167,1.241394,12.025663,0.158957,50.767051,101.945087,0.000000,0.666324596,0.614675956,1
pi3bplus_v2_margin_20260909T125804Z,pi3bplus,2,1,margin,true,68,4,2724,2026-09-09T13:05:54Z,1903698768200,oi_svdd_as_elm_revision,n512,512,B0,0.0,33.786,33.786,1400.000,1400.000,1400.000,1400.000,1.724462,33.756438,1.285039,12.077016,0.149321,50.709760,101.995035,0.000000,0.687889755,0.641349478,1
pi3bplus_v2_margin_20260909T125804Z,pi3bplus,2,1,margin,true,68,5,2725,2026-09-09T13:05:54Z,1903802082857,oi_svdd_as_elm_revision,n512,512,B0,0.0,34.324,33.248,1400.000,1400.000,1400.000,1400.000,1.651599,34.142267,1.301654,12.021705,0.156613,50.948508,101.847745,0.000000,0.674083090,0.619385195,1
pi3bplus_v2_margin_20260909T125804Z,pi3bplus,2,1,margin,true,68,6,2726,2026-09-09T13:05:54Z,1903905316578,oi_svdd_as_elm_revision,n512,512,B0,0.0,34.324,34.324,1400.000,1400.000,1400.000,1400.000,1.661390,33.894718,1.623318,12.476908,0.151509,51.871780,101.844099,0.000000,0.682163818,0.637912745,1
pi3bplus_v2_margin_20260909T125804Z,pi3bplus,2,1,margin,true,68,7,2727,2026-09-09T13:05:54Z,1904008574934,oi_svdd_as_elm_revision,n512,512,B0,0.0,33.786,34.324,1400.000,1400.000,1400.000,1400.000,1.698681,33.837582,1.236029,12.048995,0.150311,50.669135,101.664413,0.000000,0.696177081,0.647084878,1
pi3bplus_v2_margin_20260909T125804Z,pi3bplus,2,1,margin,true,68,8,2728,2026-09-09T13:05:54Z,1904111559751,oi_svdd_as_elm_revision,n512,512,B0,0.0,34.324,34.324,1400.000,1400.000,1400.000,1400.000,1.808211,33.860864,1.221811,12.067485,0.149217,50.851269,101.920973,0.000000,0.667984441,0.641771258,1
pi3bplus_v2_margin_20260909T125804Z,pi3bplus,2,1,margin,true,68,9,2729,2026-09-09T13:05:54Z,1904214821961,oi_svdd_as_elm_revision,n512,512,B0,0.0,33.786,33.786,1400.000,1400.000,1400.000,1400.000,1.745920,33.790656,1.296289,12.013579,0.147550,50.658198,101.933942,0.000000,0.679120015,0.648509833,1
pi3bplus_v2_margin_20260909T125804Z,pi3bplus,2,1,margin,true,68,10,2730,2026-09-09T13:05:55Z,1904318069431,oi_svdd_as_elm_revision,n512,512,B0,0.0,33.786,33.248,1400.000,1400.000,1400.000,1400.000,1.656181,33.905863,1.292591,12.075610,0.152603,50.759656,101.845714,0.000000,0.672165255,0.634954014,1
pi3bplus_v2_margin_20260909T125804Z,pi3bplus,2,1,margin,true,68,11,2731,2026-09-09T13:05:55Z,1904421308517,oi_svdd_as_elm_revision,n512,512,B0,0.0,34.324,33.786,1400.000,1400.000,1400.000,1400.000,1.658005,33.828989,1.271914,12.043944,0.149061,50.622156,101.870452,0.000000,0.683914639,0.629715242,1
pi3bplus_v2_margin_20260909T125804Z,pi3bplus,2,1,margin,true,68,12,2732,2026-09-09T13:05:55Z,1904524630986,oi_svdd_as_elm_revision,n512,512,B0,0.0,33.786,33.786,1400.000,1400.000,1400.000,1400.000,1.671598,33.934613,1.243165,12.116286,0.148853,50.803144,101.861755,0.000000,0.691343213,0.630163575,1
pi3bplus_v2_margin_20260909T125804Z,pi3bplus,2,1,margin,true,68,13,2733,2026-09-09T13:05:55Z,1904627805801,oi_svdd_as_elm_revision,n512,512,B0,0.0,33.786,33.786,1400.000,1400.000,1400.000,1400.000,1.755139,33.852061,1.240926,12.055819,0.148176,50.835540,101.885401,0.000000,0.700091635,0.650948179,1
pi3bplus_v2_margin_20260909T125804Z,pi3bplus,2,1,margin,true,68,14,2734,2026-09-09T13:05:55Z,1904730999262,oi_svdd_as_elm_revision,n512,512,B0,0.0,33.786,34.324,1400.000,1400.000,1400.000,1400.000,1.723420,33.742948,1.230821,12.080141,0.147186,50.660020,102.047482,0.000000,0.698250140,0.642174929,1
pi3bplus_v2_margin_20260909T125804Z,pi3bplus,2,1,margin,true,68,15,2735,2026-09-09T13:05:55Z,1904834358033,oi_svdd_as_elm_revision,n512,512,B0,0.0,34.324,33.786,1400.000,1400.000,1400.000,1400.000,1.693473,33.916853,1.309466,12.033892,0.157238,50.791790,101.924775,0.000000,0.688871785,0.636559511,1
pi3bplus_v2_margin_20260909T125804Z,pi3bplus,2,1,margin,true,68,16,2736,2026-09-09T13:05:55Z,1904937653576,oi_svdd_as_elm_revision,n512,512,B0,0.0,34.324,33.786,1400.000,1400.000,1400.000,1400.000,1.713368,34.264349,1.301550,12.066912,0.147915,51.201734,101.824359,0.000000,0.677066020,0.629645686,1
pi3bplus_v2_margin_20260909T125804Z,pi3bplus,2,1,margin,true,68,17,2737,2026-09-09T13:05:55Z,1905040915473,oi_svdd_as_elm_revision,n512,512,B0,0.0,34.324,33.786,1400.000,1400.000,1400.000,1400.000,1.676703,33.862530,1.249050,12.045610,0.148540,50.644865,101.768579,0.000000,0.669578063,0.614498350,1
pi3bplus_v2_margin_20260909T125804Z,pi3bplus,2,1,margin,true,68,18,2738,2026-09-09T13:05:55Z,1905144085028,oi_svdd_as_elm_revision,n512,512,B0,0.0,33.786,34.324,1400.000,1400.000,1400.000,1400.000,1.665869,33.694824,1.198009,12.094099,0.149217,50.568198,101.863525,0.000000,0.698406872,0.656576368,1
pi3bplus_v2_margin_20260909T125804Z,pi3bplus,2,1,margin,true,68,19,2739,2026-09-09T13:05:55Z,1905247255936,oi_svdd_as_elm_revision,n512,512,B0,0.0,33.786,33.786,1400.000,1400.000,1400.000,1400.000,1.770295,33.870134,1.236238,12.056444,0.150207,50.869498,101.934202,0.000000,0.682630329,0.644471846,1
pi3bplus_v2_margin_20260909T125804Z,pi3bplus,2,1,margin,true,68,20,2740,2026-09-09T13:05:56Z,1905350508875,oi_svdd_as_elm_revision,n512,512,B0,0.0,33.786,33.786,1400.000,1400.000,1400.000,1400.000,1.723733,33.904666,1.300143,12.060142,0.149009,50.792572,101.932015,0.000000,0.665264407,0.634453218,1
pi3bplus_v2_margin_20260909T125804Z,pi3bplus,2,1,margin,true,68,21,2741,2026-09-09T13:05:56Z,1905453760929,oi_svdd_as_elm_revision,n512,512,B0,0.0,33.786,34.324,1400.000,1400.000,1400.000,1400.000,1.645765,33.902791,1.298113,12.016028,0.155571,50.683510,101.863473,0.000000,0.679748324,0.651410095,1
pi3bplus_v2_margin_20260909T125804Z,pi3bplus,2,1,margin,true,68,22,2742,2026-09-09T13:05:56Z,1905557030846,oi_svdd_as_elm_revision,n512,512,B0,0.0,33.786,33.786,1400.000,1400.000,1400.000,1400.000,1.659046,33.820708,1.233217,12.095558,0.150415,50.624969,101.859047,0.000000,0.683874622,0.634567521,1
pi3bplus_v2_margin_20260909T125804Z,pi3bplus,2,1,margin,true,68,23,2743,2026-09-09T13:05:56Z,1905660288629,oi_svdd_as_elm_revision,n512,512,B0,0.0,34.324,33.786,1400.000,1400.000,1400.000,1400.000,1.671390,33.765448,1.238894,12.045142,0.157863,50.623146,101.858109,0.000000,0.689883674,0.638723454,1
pi3bplus_v2_margin_20260909T125804Z,pi3bplus,2,1,margin,true,68,24,2744,2026-09-09T13:05:56Z,1905763466881,oi_svdd_as_elm_revision,n512,512,B0,0.0,34.324,33.786,1400.000,1400.000,1400.000,1400.000,1.776493,33.846072,1.231394,12.067954,0.148228,50.824082,102.019983,0.000000,0.691703954,0.631714188,1
pi3bplus_v2_margin_20260909T125804Z,pi3bplus,2,1,margin,true,68,25,2745,2026-09-09T13:05:56Z,1905866825861,oi_svdd_as_elm_revision,n512,512,B0,0.0,34.324,33.248,1400.000,1400.000,1400.000,1400.000,1.728993,33.882790,1.234467,12.056027,0.152603,50.799654,101.996284,0.000000,0.702219962,0.645219535,1
pi3bplus_v2_margin_20260909T125804Z,pi3bplus,2,1,margin,true,68,26,2746,2026-09-09T13:05:56Z,1905970187028,oi_svdd_as_elm_revision,n512,512,B0,0.0,34.324,33.786,1400.000,1400.000,1400.000,1400.000,1.651182,34.209141,1.359205,12.208317,0.147133,51.232202,101.906858,0.000000,0.679012045,0.617857302,1
pi3bplus_v2_margin_20260909T125804Z,pi3bplus,2,1,margin,true,68,27,2747,2026-09-09T13:05:56Z,1906073413821,oi_svdd_as_elm_revision,n512,512,B0,0.0,34.324,33.786,1400.000,1400.000,1400.000,1400.000,1.664619,33.948728,2.734764,12.119464,0.150259,53.386140,101.866911,0.000000,0.699017022,0.662437714,1
pi3bplus_v2_margin_20260909T125804Z,pi3bplus,2,1,margin,true,68,28,2748,2026-09-09T13:05:56Z,1906176680458,oi_svdd_as_elm_revision,n512,512,B0,0.0,33.786,33.248,1400.000,1400.000,1400.000,1400.000,1.668994,33.927894,1.247905,12.121912,0.150154,50.788040,101.855921,0.000000,0.669263895,0.616377769,1
pi3bplus_v2_margin_20260909T125804Z,pi3bplus,2,1,margin,true,68,29,2749,2026-09-09T13:05:57Z,1906279840325,oi_svdd_as_elm_revision,n512,512,B0,0.0,33.248,33.786,1400.000,1400.000,1400.000,1400.000,1.768681,33.818937,1.251862,12.035975,0.150467,50.766582,101.951753,0.000000,0.677397851,0.630317522,1
pi3bplus_v2_margin_20260909T125804Z,pi3bplus,2,1,margin,true,68,30,2750,2026-09-09T13:05:57Z,1906383108628,oi_svdd_as_elm_revision,n512,512,B0,0.0,34.324,34.324,1400.000,1400.000,1400.000,1400.000,1.731546,33.923571,1.204051,12.090245,0.154634,50.887622,101.934045,0.000000,0.692538079,0.643948782,1
pi3bplus_v2_margin_20260909T125804Z,pi3bplus,2,1,margin,true,68,31,2751,2026-09-09T13:05:57Z,1906486358285,oi_svdd_as_elm_revision,n512,512,B0,0.0,33.786,33.786,1400.000,1400.000,1400.000,1400.000,1.698108,33.790135,1.299154,12.017955,0.149009,50.624917,101.951129,0.000000,0.680689110,0.645866666,1
pi3bplus_v2_margin_20260909T125804Z,pi3bplus,2,1,margin,true,68,32,2752,2026-09-09T13:05:57Z,1906589656484,oi_svdd_as_elm_revision,n512,512,B0,0.0,34.324,34.324,1400.000,1400.000,1400.000,1400.000,1.654463,33.886436,1.294571,12.070558,0.152811,50.735905,101.868421,0.000000,0.661629818,0.628271971,1
pi3bplus_v2_margin_20260909T125804Z,pi3bplus,2,1,margin,true,68,33,2753,2026-09-09T13:05:57Z,1906692958537,oi_svdd_as_elm_revision,n512,512,B0,0.0,33.248,34.324,1400.000,1400.000,1400.000,1400.000,1.675036,33.830551,1.246185,12.070402,0.147707,50.636322,101.860244,0.000000,0.690130946,0.660337641,1
pi3bplus_v2_margin_20260909T125804Z,pi3bplus,2,1,margin,true,68,34,2754,2026-09-09T13:05:57Z,1906796215954,oi_svdd_as_elm_revision,n512,512,B0,0.0,33.786,33.786,1400.000,1400.000,1400.000,1400.000,1.683004,33.748157,1.253113,12.123005,0.154582,50.712625,101.857588,0.000000,0.678369864,0.620125745,1
pi3bplus_v2_margin_20260909T125804Z,pi3bplus,2,1,margin,true,68,35,2755,2026-09-09T13:05:57Z,1906899393425,oi_svdd_as_elm_revision,n512,512,B0,0.0,33.786,33.786,1400.000,1400.000,1400.000,1400.000,1.786545,33.795969,1.228477,12.768051,0.151144,51.501523,101.930191,0.000000,0.690029368,0.644149938,1
pi3bplus_v2_margin_20260909T125804Z,pi3bplus,2,1,margin,true,68,36,2756,2026-09-09T13:05:57Z,1907002631312,oi_svdd_as_elm_revision,n512,512,B0,0.0,34.324,33.786,1400.000,1400.000,1400.000,1400.000,1.732171,34.716375,1.224780,12.071339,0.149894,51.772926,101.941129,0.000000,0.689587689,0.624939819,1
pi3bplus_v2_margin_20260909T125804Z,pi3bplus,2,1,margin,true,68,37,2757,2026-09-09T13:05:57Z,1907105885761,oi_svdd_as_elm_revision,n512,512,B0,0.0,34.324,34.324,1400.000,1400.000,1400.000,1400.000,1.658160,35.639805,1.202332,12.099048,0.156561,53.147808,101.885452,0.000000,0.715811556,0.666120829,1
pi3bplus_v2_margin_20260909T125804Z,pi3bplus,2,1,margin,true,68,38,2758,2026-09-09T13:05:57Z,1907209173126,oi_svdd_as_elm_revision,n512,512,B0,0.0,33.786,33.248,1400.000,1400.000,1400.000,1400.000,1.654567,33.838155,1.238112,12.068475,0.156404,50.611219,101.840401,0.000000,0.670243188,0.613788982,1
pi3bplus_v2_margin_20260909T125804Z,pi3bplus,2,1,margin,true,68,39,2759,2026-09-09T13:05:58Z,1907312395388,oi_svdd_as_elm_revision,n512,512,B0,0.0,33.248,34.324,1400.000,1400.000,1400.000,1400.000,1.667953,33.762114,1.223529,12.013006,0.149634,50.540907,101.847848,0.000000,0.696596220,0.651718028,1
pi3bplus_v2_margin_20260909T125804Z,pi3bplus,2,1,margin,true,69,0,2760,2026-09-09T13:05:58Z,1907923067117,oi_svdd_as_elm_revision,n1024,1024,B0,0.0,33.786,33.786,1400.000,1400.000,1400.000,1400.000,1.847586,67.823965,1.937637,23.444716,0.137759,98.224290,101.925972,0.000000,0.675160185,0.629400105,1
pi3bplus_v2_margin_20260909T125804Z,pi3bplus,2,1,margin,true,69,1,2761,2026-09-09T13:05:58Z,1908026977341,oi_svdd_as_elm_revision,n1024,1024,B0,0.0,33.248,33.786,1400.000,1400.000,1400.000,1400.000,1.782118,67.448448,1.958731,23.417164,0.148124,97.782107,101.925295,0.000000,0.684641034,0.643996481,1
pi3bplus_v2_margin_20260909T125804Z,pi3bplus,2,1,margin,true,69,2,2762,2026-09-09T13:05:58Z,1908130833502,oi_svdd_as_elm_revision,n1024,1024,B0,0.0,33.248,33.248,1400.000,1400.000,1400.000,1400.000,1.772118,69.496189,1.883991,23.366071,0.139842,99.726620,101.918369,0.000000,0.677606541,0.643303964,1
pi3bplus_v2_margin_20260909T125804Z,pi3bplus,2,1,margin,true,69,3,2763,2026-09-09T13:05:58Z,1908234675393,oi_svdd_as_elm_revision,n1024,1024,B0,0.0,34.324,33.786,1400.000,1400.000,1400.000,1400.000,1.757222,67.327512,1.934252,23.585861,0.144165,97.845440,101.914619,0.000000,0.683281942,0.627994065,1
pi3bplus_v2_margin_20260909T125804Z,pi3bplus,2,1,margin,true,69,4,2764,2026-09-09T13:05:59Z,1908338522076,oi_svdd_as_elm_revision,n1024,1024,B0,0.0,34.324,34.324,1400.000,1400.000,1400.000,1400.000,1.756076,67.106577,1.952533,23.238312,0.140728,97.263154,101.915243,0.000000,0.706026519,0.650877756,1
pi3bplus_v2_margin_20260909T125804Z,pi3bplus,2,1,margin,true,69,5,2765,2026-09-09T13:05:59Z,1908442370217,oi_svdd_as_elm_revision,n1024,1024,B0,0.0,33.786,33.786,1400.000,1400.000,1400.000,1400.000,1.829461,67.368657,1.913627,23.362426,0.201248,97.734086,101.899097,0.000000,0.674060797,0.624808984,1
pi3bplus_v2_margin_20260909T125804Z,pi3bplus,2,1,margin,true,69,6,2766,2026-09-09T13:05:59Z,1908546190493,oi_svdd_as_elm_revision,n1024,1024,B0,0.0,33.786,33.786,1400.000,1400.000,1400.000,1400.000,1.696234,67.228658,1.857013,23.498205,0.140572,97.477943,101.895296,0.000000,0.683031675,0.636096770,1
pi3bplus_v2_margin_20260909T125804Z,pi3bplus,2,1,margin,true,69,7,2767,2026-09-09T13:05:59Z,1908650016342,oi_svdd_as_elm_revision,n1024,1024,B0,0.0,34.324,34.324,1400.000,1400.000,1400.000,1400.000,1.696702,67.255065,1.864149,23.449508,0.143593,97.481277,101.825609,0.000000,0.678913311,0.643242389,1
pi3bplus_v2_margin_20260909T125804Z,pi3bplus,2,1,margin,true,69,8,2768,2026-09-09T13:05:59Z,1908753896670,oi_svdd_as_elm_revision,n1024,1024,B0,0.0,33.786,34.324,1400.000,1400.000,1400.000,1400.000,1.710348,67.248711,1.895137,23.628829,0.140728,97.685494,101.855713,0.000000,0.677874268,0.641249644,1
pi3bplus_v2_margin_20260909T125804Z,pi3bplus,2,1,margin,true,69,9,2769,2026-09-09T13:05:59Z,1908857759082,oi_svdd_as_elm_revision,n1024,1024,B0,0.0,34.324,34.324,1400.000,1400.000,1400.000,1400.000,1.704098,67.523812,1.888783,23.771120,0.145467,98.115333,101.831754,0.000000,0.688048867,0.630816357,1
pi3bplus_v2_margin_20260909T125804Z,pi3bplus,2,1,margin,true,69,10,2770,2026-09-09T13:05:59Z,1908961653003,oi_svdd_as_elm_revision,n1024,1024,B0,0.0,33.786,34.324,1400.000,1400.000,1400.000,1400.000,1.726806,67.350168,1.862690,23.480080,0.147186,97.639765,101.833474,0.000000,0.696443506,0.638155211,1
pi3bplus_v2_margin_20260909T125804Z,pi3bplus,2,1,margin,true,69,11,2771,2026-09-09T13:05:59Z,1909065475259,oi_svdd_as_elm_revision,n1024,1024,B0,0.0,33.786,33.786,1400.000,1400.000,1400.000,1400.000,1.730400,67.382095,1.878836,23.400446,0.141092,97.611848,101.833838,0.000000,0.683305293,0.638750572,1
pi3bplus_v2_margin_20260909T125804Z,pi3bplus,2,1,margin,true,69,12,2772,2026-09-09T13:05:59Z,1909169301473,oi_svdd_as_elm_revision,n1024,1024,B0,0.0,33.786,34.324,1400.000,1400.000,1400.000,1400.000,1.705504,69.409470,1.945085,23.521173,0.142186,100.092917,101.845452,0.092917,0.685998592,0.637379673,1
pi3bplus_v2_margin_20260909T125804Z,pi3bplus,2,1,margin,true,69,13,2773,2026-09-09T13:06:00Z,1909273165082,oi_svdd_as_elm_revision,n1024,1024,B0,0.0,34.324,34.324,1400.000,1400.000,1400.000,1400.000,1.716910,67.108973,1.872273,23.276489,0.138020,97.186852,101.833421,0.000000,0.671295055,0.635004396,1
pi3bplus_v2_margin_20260909T125804Z,pi3bplus,2,1,margin,true,69,14,2774,2026-09-09T13:06:00Z,1909376991973,oi_svdd_as_elm_revision,n1024,1024,B0,0.0,34.324,34.324,1400.000,1400.000,1400.000,1400.000,1.698785,67.328501,1.877169,23.416018,0.140676,97.556849,101.839046,0.000000,0.683545590,0.645817988,1
pi3bplus_v2_margin_20260909T125804Z,pi3bplus,2,1,margin,true,69,15,2775,2026-09-09T13:06:00Z,1909480834124,oi_svdd_as_elm_revision,n1024,1024,B0,0.0,34.324,34.324,1400.000,1400.000,1400.000,1400.000,1.690921,67.338032,1.863159,23.417373,0.139582,97.523307,101.836390,0.000000,0.688797594,0.633430241,1
pi3bplus_v2_margin_20260909T125804Z,pi3bplus,2,1,margin,true,69,16,2776,2026-09-09T13:06:00Z,1909584720910,oi_svdd_as_elm_revision,n1024,1024,B0,0.0,34.324,34.862,1400.000,1400.000,1400.000,1400.000,1.705244,67.273502,1.864877,23.359457,0.138592,97.419506,101.835192,0.000000,0.691314817,0.631241587,1
pi3bplus_v2_margin_20260909T125804Z,pi3bplus,2,1,margin,true,69,17,2777,2026-09-09T13:06:00Z,1909688551447,oi_svdd_as_elm_revision,n1024,1024,B0,0.0,34.324,34.324,1400.000,1400.000,1400.000,1400.000,1.703889,67.482615,1.863731,23.453571,0.139894,97.723045,101.829306,0.000000,0.686010802,0.640273468,1
pi3bplus_v2_margin_20260909T125804Z,pi3bplus,2,1,margin,true,69,18,2778,2026-09-09T13:06:00Z,1909792382035,oi_svdd_as_elm_revision,n1024,1024,B0,0.0,34.324,34.324,1400.000,1400.000,1400.000,1400.000,1.701337,67.267148,1.869617,23.458778,0.138176,97.496433,101.836338,0.000000,0.687464687,0.643208671,1
pi3bplus_v2_margin_20260909T125804Z,pi3bplus,2,1,margin,true,69,19,2779,2026-09-09T13:06:00Z,1909896262311,oi_svdd_as_elm_revision,n1024,1024,B0,0.0,34.862,34.324,1400.000,1400.000,1400.000,1400.000,1.709253,67.483865,1.871179,23.380914,0.140624,97.681379,101.845817,0.000000,0.669722847,0.634978687,1
pi3bplus_v2_margin_20260909T125804Z,pi3bplus,2,1,margin,true,69,20,2780,2026-09-09T13:06:00Z,1910000108004,oi_svdd_as_elm_revision,n1024,1024,B0,0.0,34.862,34.324,1400.000,1400.000,1400.000,1400.000,1.707379,67.586780,1.882325,23.467060,0.141561,97.861845,101.846962,0.000000,0.684057674,0.641604985,1
pi3bplus_v2_margin_20260909T125804Z,pi3bplus,2,1,margin,true,69,21,2781,2026-09-09T13:06:00Z,1910103918280,oi_svdd_as_elm_revision,n1024,1024,B0,0.0,34.324,34.324,1400.000,1400.000,1400.000,1400.000,1.802794,67.341157,1.923366,23.340186,0.139530,97.571276,101.840452,0.000000,0.688577164,0.630081662,1
pi3bplus_v2_margin_20260909T125804Z,pi3bplus,2,1,margin,true,69,22,2782,2026-09-09T13:06:00Z,1910207697463,oi_svdd_as_elm_revision,n1024,1024,B0,0.0,34.324,34.324,1400.000,1400.000,1400.000,1400.000,1.799097,69.169421,1.866961,23.340030,0.140259,99.803649,101.891129,0.000000,0.694496244,0.643781237,1
pi3bplus_v2_margin_20260909T125804Z,pi3bplus,2,1,margin,true,69,23,2783,2026-09-09T13:06:01Z,1910311524145,oi_svdd_as_elm_revision,n1024,1024,B0,0.0,34.324,34.324,1400.000,1400.000,1400.000,1400.000,1.820607,67.491625,1.943210,23.452321,0.146717,97.861898,101.902899,0.000000,0.680819021,0.629394899,1
pi3bplus_v2_margin_20260909T125804Z,pi3bplus,2,1,margin,true,69,24,2784,2026-09-09T13:06:01Z,1910415399473,oi_svdd_as_elm_revision,n1024,1024,B0,0.0,34.324,34.324,1400.000,1400.000,1400.000,1400.000,1.772274,67.481469,1.922429,23.609923,0.137968,97.919084,101.926753,0.000000,0.690000818,0.643621675,1
pi3bplus_v2_margin_20260909T125804Z,pi3bplus,2,1,margin,true,69,25,2785,2026-09-09T13:06:01Z,1910519279123,oi_svdd_as_elm_revision,n1024,1024,B0,0.0,34.324,34.324,1400.000,1400.000,1400.000,1400.000,1.822326,67.461208,1.932325,23.310499,0.140364,97.702837,101.913993,0.000000,0.674872429,0.646985383,1
pi3bplus_v2_margin_20260909T125804Z,pi3bplus,2,1,margin,true,69,26,2786,2026-09-09T13:06:01Z,1910623130805,oi_svdd_as_elm_revision,n1024,1024,B0,0.0,34.324,34.324,1400.000,1400.000,1400.000,1400.000,1.795972,67.445739,1.949460,23.448831,0.148801,97.805075,101.931806,0.000000,0.678027585,0.632205492,1
pi3bplus_v2_margin_20260909T125804Z,pi3bplus,2,1,margin,true,69,27,2787,2026-09-09T13:06:01Z,1910727085403,oi_svdd_as_elm_revision,n1024,1024,B0,0.0,34.324,34.862,1400.000,1400.000,1400.000,1400.000,1.799722,67.356417,1.939408,23.313780,0.144113,97.575130,101.913160,0.000000,0.692976017,0.636811039,1
pi3bplus_v2_margin_20260909T125804Z,pi3bplus,2,1,margin,true,69,28,2788,2026-09-09T13:06:01Z,1910830929533,oi_svdd_as_elm_revision,n1024,1024,B0,0.0,34.324,33.786,1400.000,1400.000,1400.000,1400.000,1.777639,67.487718,1.927949,23.472997,0.144165,97.847314,101.926389,0.000000,0.692513978,0.640014355,1
pi3bplus_v2_margin_20260909T125804Z,pi3bplus,2,1,margin,true,69,29,2789,2026-09-09T13:06:01Z,1910934789080,oi_svdd_as_elm_revision,n1024,1024,B0,0.0,34.324,34.324,1400.000,1400.000,1400.000,1400.000,1.779253,67.716935,1.949720,23.479611,0.146404,98.087051,101.944461,0.000000,0.676092059,0.624354869,1
pi3bplus_v2_margin_20260909T125804Z,pi3bplus,2,1,margin,true,69,30,2790,2026-09-09T13:06:01Z,1911038665188,oi_svdd_as_elm_revision,n1024,1024,B0,0.0,34.324,34.324,1400.000,1400.000,1400.000,1400.000,1.767483,67.323866,1.934147,23.558465,0.149113,97.796794,101.921597,0.000000,0.689926531,0.649027321,1
pi3bplus_v2_margin_20260909T125804Z,pi3bplus,2,1,margin,true,69,31,2791,2026-09-09T13:06:01Z,1911142515308,oi_svdd_as_elm_revision,n1024,1024,B0,0.0,34.324,34.324,1400.000,1400.000,1400.000,1400.000,1.776493,70.064568,1.933939,24.118825,0.140624,101.389519,103.211220,1.389519,0.672424272,0.642606263,1
pi3bplus_v2_margin_20260909T125804Z,pi3bplus,2,1,margin,true,69,32,2792,2026-09-09T13:06:01Z,1911247704893,oi_svdd_as_elm_revision,n1024,1024,B0,0.0,34.324,34.324,1400.000,1400.000,1400.000,1400.000,2.277425,70.298993,2.032636,23.648881,0.143020,102.492216,104.261314,2.492216,0.684437108,0.635053012,1
pi3bplus_v2_margin_20260909T125804Z,pi3bplus,2,1,margin,true,69,33,2793,2026-09-09T13:06:02Z,1911354063269,oi_svdd_as_elm_revision,n1024,1024,B0,0.0,34.324,34.324,1400.000,1400.000,1400.000,1400.000,2.369404,70.902632,2.229040,25.987035,0.186665,105.837912,108.216587,5.837912,0.697440891,0.639488891,1
pi3bplus_v2_margin_20260909T125804Z,pi3bplus,2,1,margin,true,69,34,2794,2026-09-09T13:06:02Z,1911464561656,oi_svdd_as_elm_revision,n1024,1024,B0,0.0,34.324,34.862,1400.000,1400.000,1400.000,1400.000,2.364092,71.273827,2.284612,24.912097,0.367652,104.994014,106.805872,4.994014,0.690484239,0.640370352,1
pi3bplus_v2_margin_20260909T125804Z,pi3bplus,2,1,margin,true,69,35,2795,2026-09-09T13:06:02Z,1911573393914,oi_svdd_as_elm_revision,n1024,1024,B0,0.0,34.862,34.862,1400.000,1400.000,1400.000,1400.000,1.811909,72.770947,2.054667,23.785598,0.153957,104.002045,105.751663,4.002045,0.672463033,0.622960569,1
pi3bplus_v2_margin_20260909T125804Z,pi3bplus,2,1,margin,true,69,36,2796,2026-09-09T13:06:02Z,1911681142067,oi_svdd_as_elm_revision,n1024,1024,B0,0.0,34.862,34.862,1400.000,1400.000,1400.000,1400.000,1.718421,67.606988,1.885398,23.543413,0.141301,97.968720,101.845452,0.000000,0.687543132,0.646319372,1
pi3bplus_v2_margin_20260909T125804Z,pi3bplus,2,1,margin,true,69,37,2797,2026-09-09T13:06:02Z,1911784982864,oi_svdd_as_elm_revision,n1024,1024,B0,0.0,34.324,34.862,1400.000,1400.000,1400.000,1400.000,1.699619,67.511885,1.892221,23.280395,0.140832,97.641535,101.845868,0.000000,0.675729923,0.645560709,1
pi3bplus_v2_margin_20260909T125804Z,pi3bplus,2,1,margin,true,69,38,2798,2026-09-09T13:06:02Z,1911888882202,oi_svdd_as_elm_revision,n1024,1024,B0,0.0,34.862,34.862,1400.000,1400.000,1400.000,1400.000,1.719931,67.757143,1.856180,23.376749,0.139894,97.986479,101.837014,0.000000,0.683959336,0.632392471,1
pi3bplus_v2_margin_20260909T125804Z,pi3bplus,2,1,margin,true,69,39,2799,2026-09-09T13:06:02Z,1911992725342,oi_svdd_as_elm_revision,n1024,1024,B0,0.0,34.862,34.862,1400.000,1400.000,1400.000,1400.000,1.698993,67.458240,1.852638,23.353779,0.138644,97.562473,101.838785,0.000000,0.701412862,0.642031870,1
pi3bplus_v2_margin_20260909T125804Z,pi3bplus,2,1,margin,true,70,0,2800,2026-09-09T13:06:03Z,1912606249433,fisvdd_revision,n16,16,B2,1.0,34.324,34.324,1400.000,1400.000,1400.000,1400.000,2.123937,1.326341,0.364215,0.833533,0.155727,5.166095,102.224875,0.000000,0.793341887,0.504558134,1
pi3bplus_v2_margin_20260909T125804Z,pi3bplus,2,1,margin,true,70,1,2801,2026-09-09T13:06:03Z,1912709150447,fisvdd_revision,n16,16,B2,1.0,34.862,34.862,1400.000,1400.000,1400.000,1400.000,2.096385,1.338581,0.345986,0.731451,0.126405,4.951878,101.823941,0.000000,0.660582732,0.501620278,1
pi3bplus_v2_margin_20260909T125804Z,pi3bplus,2,1,margin,true,70,2,2802,2026-09-09T13:06:03Z,1912811622611,fisvdd_revision,n16,16,B2,1.0,34.862,34.862,1400.000,1400.000,1400.000,1400.000,1.680452,1.291445,0.349841,0.702232,0.181144,4.493758,101.885711,0.000000,0.719577009,0.502518344,1
pi3bplus_v2_margin_20260909T125804Z,pi3bplus,2,1,margin,true,70,3,2803,2026-09-09T13:06:03Z,1912914156233,fisvdd_revision,n16,16,B2,1.0,34.862,34.862,1400.000,1400.000,1400.000,1400.000,1.560505,1.416652,0.345830,0.698899,0.129113,4.445320,101.948471,0.000000,0.596757129,0.500364392,1
pi3bplus_v2_margin_20260909T125804Z,pi3bplus,2,1,margin,true,70,4,2804,2026-09-09T13:06:03Z,1913016747510,fisvdd_revision,n16,16,B2,1.0,34.862,34.324,1400.000,1400.000,1400.000,1400.000,1.572589,1.278633,0.400361,0.720409,0.139374,4.403342,101.842379,0.000000,0.787140790,0.498647776,1
pi3bplus_v2_margin_20260909T125804Z,pi3bplus,2,1,margin,true,70,5,2805,2026-09-09T13:06:03Z,1913119231289,fisvdd_revision,n16,16,B2,1.0,34.324,34.862,1400.000,1400.000,1400.000,1400.000,1.660192,1.286342,0.341039,0.701139,0.129686,4.409019,101.890346,0.000000,0.865898495,0.498963481,1
pi3bplus_v2_margin_20260909T125804Z,pi3bplus,2,1,margin,true,70,6,2806,2026-09-09T13:06:03Z,1913221767306,fisvdd_revision,n16,16,B2,1.0,34.324,34.324,1400.000,1400.000,1400.000,1400.000,1.557485,1.345039,0.348486,0.702962,0.131770,4.379176,101.848212,0.000000,0.652318678,0.497112760,1
pi3bplus_v2_margin_20260909T125804Z,pi3bplus,2,1,margin,true,70,7,2807,2026-09-09T13:06:04Z,1913324324886,fisvdd_revision,n16,16,B2,1.0,34.324,34.862,1400.000,1400.000,1400.000,1400.000,1.584411,1.277227,0.361767,1.714202,0.168123,5.431196,101.754410,0.000000,0.738749497,0.499613843,1
pi3bplus_v2_margin_20260909T125804Z,pi3bplus,2,1,margin,true,70,8,2808,2026-09-09T13:06:04Z,1913426729863,fisvdd_revision,n16,16,B2,1.0,34.324,33.786,1400.000,1400.000,1400.000,1400.000,1.635036,1.288946,0.347445,0.695618,0.129217,4.381884,101.887899,0.000000,0.568220765,0.499357333,1
pi3bplus_v2_margin_20260909T125804Z,pi3bplus,2,1,margin,true,70,9,2809,2026-09-09T13:06:04Z,1913529266661,fisvdd_revision,n16,16,B2,1.0,34.324,34.862,1400.000,1400.000,1400.000,1400.000,1.562536,1.312487,0.346716,0.698014,0.131561,4.338239,101.823942,0.000000,0.758984021,0.498336315,1
pi3bplus_v2_margin_20260909T125804Z,pi3bplus,2,1,margin,true,70,10,2810,2026-09-09T13:06:04Z,1913631735232,fisvdd_revision,n16,16,B2,1.0,34.324,34.324,1400.000,1400.000,1400.000,1400.000,1.748473,1.292592,0.349476,0.766138,0.139009,4.590683,101.877482,0.000000,0.620430785,0.500876736,1
pi3bplus_v2_margin_20260909T125804Z,pi3bplus,2,1,margin,true,70,11,2811,2026-09-09T13:06:04Z,1913734262551,fisvdd_revision,n16,16,B2,1.0,34.324,34.862,1400.000,1400.000,1400.000,1400.000,1.548630,1.324727,0.348174,0.697754,0.130311,4.343447,101.894982,0.000000,0.539414552,0.500966491,1
pi3bplus_v2_margin_20260909T125804Z,pi3bplus,2,1,margin,true,70,12,2812,2026-09-09T13:06:04Z,1913836802266,fisvdd_revision,n16,16,B2,1.0,34.324,34.324,1400.000,1400.000,1400.000,1400.000,1.582953,1.288112,0.475828,0.732753,0.130832,4.497404,101.820973,0.000000,0.493624072,0.500515607,1
pi3bplus_v2_margin_20260909T125804Z,pi3bplus,2,1,margin,true,70,13,2813,2026-09-09T13:06:04Z,1913939268805,fisvdd_revision,n16,16,B2,1.0,34.324,34.862,1400.000,1400.000,1400.000,1400.000,1.685713,1.416132,0.457860,1.113739,0.162030,5.207865,101.910399,0.000000,0.510140418,0.497266190,1
pi3bplus_v2_margin_20260909T125804Z,pi3bplus,2,1,margin,true,70,14,2814,2026-09-09T13:06:04Z,1914041835083,fisvdd_revision,n16,16,B2,1.0,33.786,34.324,1400.000,1400.000,1400.000,1400.000,1.564620,1.331237,0.344267,0.699421,0.137446,4.361415,101.841493,0.000000,0.801892923,0.499827692,1
pi3bplus_v2_margin_20260909T125804Z,pi3bplus,2,1,margin,true,70,15,2815,2026-09-09T13:06:04Z,1914144441099,fisvdd_revision,n16,16,B2,1.0,34.862,34.862,1400.000,1400.000,1400.000,1400.000,1.600817,1.291133,0.346247,0.753326,0.137864,4.420425,101.816910,0.000000,0.626941005,0.496955070,1
pi3bplus_v2_margin_20260909T125804Z,pi3bplus,2,1,margin,true,70,16,2816,2026-09-09T13:06:04Z,1914246895138,fisvdd_revision,n16,16,B2,1.0,34.324,34.324,1400.000,1400.000,1400.000,1400.000,1.637484,1.292539,0.342652,0.713066,0.128592,4.409384,101.741442,0.000000,0.702198768,0.492382526,1
pi3bplus_v2_margin_20260909T125804Z,pi3bplus,2,1,margin,true,70,17,2817,2026-09-09T13:06:05Z,1914349279282,fisvdd_revision,n16,16,B2,1.0,34.324,34.324,1400.000,1400.000,1400.000,1400.000,1.547068,1.332122,0.352027,0.698170,0.130727,4.354488,101.851336,0.000000,0.620010952,0.496663664,1
pi3bplus_v2_margin_20260909T125804Z,pi3bplus,2,1,margin,true,70,18,2818,2026-09-09T13:06:05Z,1914451769571,fisvdd_revision,n16,16,B2,1.0,34.324,34.862,1400.000,1400.000,1400.000,1400.000,1.653473,1.288997,0.348486,0.698795,0.135051,4.470945,101.849878,0.000000,0.680711652,0.505813461,1
pi3bplus_v2_margin_20260909T125804Z,pi3bplus,2,1,margin,true,70,19,2819,2026-09-09T13:06:05Z,1914554262828,fisvdd_revision,n16,16,B2,1.0,34.324,34.324,1400.000,1400.000,1400.000,1400.000,1.555766,1.324102,0.348174,0.698170,0.137342,4.350009,101.885555,0.000000,0.671920159,0.504499579,1
pi3bplus_v2_margin_20260909T125804Z,pi3bplus,2,1,margin,true,70,20,2820,2026-09-09T13:06:05Z,1914656794262,fisvdd_revision,n16,16,B2,1.0,34.324,34.324,1400.000,1400.000,1400.000,1400.000,1.580089,1.286966,0.391403,0.710410,0.138749,4.395685,101.863159,0.000000,0.635205654,0.502927242,1
pi3bplus_v2_margin_20260909T125804Z,pi3bplus,2,1,margin,true,70,21,2821,2026-09-09T13:06:05Z,1914759299029,fisvdd_revision,n16,16,B2,1.0,34.324,34.862,1400.000,1400.000,1400.000,1400.000,1.658786,1.286133,0.341872,0.702129,0.129842,4.410477,101.902742,0.000000,0.708714966,0.516238362,1
pi3bplus_v2_margin_20260909T125804Z,pi3bplus,2,1,margin,true,70,22,2822,2026-09-09T13:06:05Z,1914861842286,fisvdd_revision,n16,16,B2,1.0,34.862,34.324,1400.000,1400.000,1400.000,1400.000,1.556130,1.403788,0.347340,0.706972,0.131926,4.435008,101.871492,0.000000,0.728662576,0.502222917,1
pi3bplus_v2_margin_20260909T125804Z,pi3bplus,2,1,margin,true,70,23,2823,2026-09-09T13:06:05Z,1914964433250,fisvdd_revision,n16,16,B2,1.0,34.324,34.324,1400.000,1400.000,1400.000,1400.000,1.600089,1.288946,0.349423,0.748013,0.132707,4.417613,101.831285,0.000000,0.589486102,0.494339313,1
pi3bplus_v2_margin_20260909T125804Z,pi3bplus,2,1,margin,true,70,24,2824,2026-09-09T13:06:05Z,1915066904164,fisvdd_revision,n16,16,B2,1.0,34.862,34.862,1400.000,1400.000,1400.000,1400.000,1.643577,1.286706,0.351507,0.697128,0.139270,4.404956,101.912377,0.000000,0.633618389,0.500990571,1
pi3bplus_v2_margin_20260909T125804Z,pi3bplus,2,1,margin,true,70,25,2825,2026-09-09T13:06:05Z,1915169465233,fisvdd_revision,n16,16,B2,1.0,34.324,34.324,1400.000,1400.000,1400.000,1400.000,1.560140,1.328112,0.348486,0.701712,0.137707,4.361832,101.821753,0.000000,0.641451569,0.506760823,1
pi3bplus_v2_margin_20260909T125804Z,pi3bplus,2,1,margin,true,70,26,2826,2026-09-09T13:06:06Z,1915271970834,fisvdd_revision,n16,16,B2,1.0,34.324,34.862,1400.000,1400.000,1400.000,1400.000,1.675504,1.296810,0.351716,0.879574,0.148332,4.724380,101.779774,0.000000,0.772176144,0.499516078,1
pi3bplus_v2_margin_20260909T125804Z,pi3bplus,2,1,margin,true,70,27,2827,2026-09-09T13:06:06Z,1915374397893,fisvdd_revision,n16,16,B2,1.0,34.862,34.324,1400.000,1400.000,1400.000,1400.000,1.603265,1.281445,0.339267,0.705982,0.129009,4.351468,101.935138,0.000000,0.590738715,0.497984123,1
pi3bplus_v2_margin_20260909T125804Z,pi3bplus,2,1,margin,true,70,28,2828,2026-09-09T13:06:06Z,1915476976566,fisvdd_revision,n16,16,B2,1.0,34.324,34.862,1400.000,1400.000,1400.000,1400.000,1.558995,1.283477,0.360882,0.721087,0.134426,4.404592,101.831962,0.000000,0.856846118,0.496206774,1
pi3bplus_v2_margin_20260909T125804Z,pi3bplus,2,1,margin,true,70,29,2829,2026-09-09T13:06:06Z,1915579494510,fisvdd_revision,n16,16,B2,1.0,34.324,34.324,1400.000,1400.000,1400.000,1400.000,1.670192,1.285925,0.350413,0.702649,0.129425,4.425686,101.924253,0.000000,0.611971520,0.503325138,1
pi3bplus_v2_margin_20260909T125804Z,pi3bplus,2,1,margin,true,70,30,2830,2026-09-09T13:06:06Z,1915682086517,fisvdd_revision,n16,16,B2,1.0,34.862,34.324,1400.000,1400.000,1400.000,1400.000,1.568213,1.334986,0.345049,0.698378,0.130572,4.368967,101.873158,0.000000,0.500424899,0.498334642,1
pi3bplus_v2_margin_20260909T125804Z,pi3bplus,2,1,margin,true,70,31,2831,2026-09-09T13:06:06Z,1915784684200,fisvdd_revision,n16,16,B2,1.0,34.862,34.324,1400.000,1400.000,1400.000,1400.000,1.595661,1.287592,0.390153,0.711295,0.130155,4.407716,101.863054,0.000000,0.768630134,0.504186218,1
pi3bplus_v2_margin_20260909T125804Z,pi3bplus,2,1,margin,true,70,32,2832,2026-09-09T13:06:06Z,1915887204435,fisvdd_revision,n16,16,B2,1.0,34.324,34.862,1400.000,1400.000,1400.000,1400.000,1.835451,1.286133,0.348903,0.698430,0.156665,4.617976,101.972221,0.000000,0.794340845,0.498187030,1
pi3bplus_v2_margin_20260909T125804Z,pi3bplus,2,1,margin,true,70,33,2833,2026-09-09T13:06:06Z,1915989827222,fisvdd_revision,n16,16,B2,1.0,34.862,34.324,1400.000,1400.000,1400.000,1400.000,1.567484,1.378060,0.352340,0.703274,0.131822,4.425946,101.827899,0.000000,0.785098923,0.508109859,1
pi3bplus_v2_margin_20260909T125804Z,pi3bplus,2,1,margin,true,70,34,2834,2026-09-09T13:06:06Z,1916092376937,fisvdd_revision,n16,16,B2,1.0,34.324,35.938,1400.000,1400.000,1400.000,1400.000,1.595192,1.276915,0.349892,0.758638,0.132343,4.401936,101.887482,0.000000,0.719521593,0.493293232,1
pi3bplus_v2_margin_20260909T125804Z,pi3bplus,2,1,margin,true,70,35,2835,2026-09-09T13:06:06Z,1916194911965,fisvdd_revision,n16,16,B2,1.0,34.324,34.324,1400.000,1400.000,1400.000,1400.000,1.730139,1.298529,0.350518,0.695254,0.137916,4.496726,101.908939,0.000000,0.532104447,0.497159521,1
pi3bplus_v2_margin_20260909T125804Z,pi3bplus,2,1,margin,true,70,36,2836,2026-09-09T13:06:07Z,1916297473762,fisvdd_revision,n16,16,B2,1.0,34.862,34.324,1400.000,1400.000,1400.000,1400.000,1.557016,1.332643,0.345934,0.698743,0.130624,4.354384,101.798993,0.000000,0.791674240,0.497411864,1
pi3bplus_v2_margin_20260909T125804Z,pi3bplus,2,1,margin,true,70,37,2837,2026-09-09T13:06:07Z,1916399926395,fisvdd_revision,n16,16,B2,1.0,34.862,34.862,1400.000,1400.000,1400.000,1400.000,1.643421,1.286550,0.345726,0.755410,0.134738,4.456935,101.883263,0.000000,0.676161989,0.498814589,1
pi3bplus_v2_margin_20260909T125804Z,pi3bplus,2,1,margin,true,70,38,2838,2026-09-09T13:06:07Z,1916502460537,fisvdd_revision,n16,16,B2,1.0,34.862,34.324,1400.000,1400.000,1400.000,1400.000,1.629463,1.296394,0.349215,0.697337,0.131249,4.395685,102.016855,0.000000,0.759423558,0.504246080,1
pi3bplus_v2_margin_20260909T125804Z,pi3bplus,2,1,margin,true,70,39,2839,2026-09-09T13:06:07Z,1916605141135,fisvdd_revision,n16,16,B2,1.0,34.862,34.324,1400.000,1400.000,1400.000,1400.000,1.582641,1.327435,0.349164,0.703326,0.130467,4.389384,101.873315,0.000000,0.568014620,0.496683844,1
pi3bplus_v2_margin_20260909T125804Z,pi3bplus,2,1,margin,true,71,0,2840,2026-09-09T13:06:08Z,1917411301128,fisvdd_revision,n16,16,B0,0.0,34.324,34.324,1400.000,1400.000,1400.000,1400.000,1.780711,1.298008,0.348903,0.697545,0.137916,4.565371,101.927012,0.000000,0.624500995,0.499821058,1
pi3bplus_v2_margin_20260909T125804Z,pi3bplus,2,1,margin,true,71,1,2841,2026-09-09T13:06:08Z,1917513882977,fisvdd_revision,n16,16,B0,0.0,34.324,34.324,1400.000,1400.000,1400.000,1400.000,1.597015,1.346289,0.341299,0.703743,0.133436,4.410634,101.820034,0.000000,0.828058355,0.497312631,1
pi3bplus_v2_margin_20260909T125804Z,pi3bplus,2,1,margin,true,71,2,2842,2026-09-09T13:06:08Z,1917616437848,fisvdd_revision,n16,16,B0,0.0,33.248,34.324,1400.000,1400.000,1400.000,1400.000,1.608630,1.287643,0.341923,0.771503,0.131561,4.439019,101.866804,0.000000,0.741195093,0.499827064,1
pi3bplus_v2_margin_20260909T125804Z,pi3bplus,2,1,margin,true,71,3,2843,2026-09-09T13:06:08Z,1917719002927,fisvdd_revision,n16,16,B0,0.0,34.324,33.786,1400.000,1400.000,1400.000,1400.000,1.692484,1.290873,0.339737,0.702336,0.130311,4.445529,102.317633,0.000000,0.712856274,0.493461928,1
pi3bplus_v2_margin_20260909T125804Z,pi3bplus,2,1,margin,true,71,4,2844,2026-09-09T13:06:08Z,1917821988991,fisvdd_revision,n16,16,B0,0.0,34.324,33.248,1400.000,1400.000,1400.000,1400.000,1.607224,1.431340,0.349216,0.695930,0.139582,4.515268,101.835919,0.000000,0.705539723,0.499355039,1
pi3bplus_v2_margin_20260909T125804Z,pi3bplus,2,1,margin,true,71,5,2845,2026-09-09T13:06:08Z,1917924569695,fisvdd_revision,n16,16,B0,0.0,34.324,33.786,1400.000,1400.000,1400.000,1400.000,1.599046,1.282540,0.408746,0.717025,0.131249,4.430633,101.888002,0.000000,0.673209647,0.503418280,1
pi3bplus_v2_margin_20260909T125804Z,pi3bplus,2,1,margin,true,71,6,2846,2026-09-09T13:06:08Z,1918027111961,fisvdd_revision,n16,16,B0,0.0,33.786,33.786,1400.000,1400.000,1400.000,1400.000,1.693629,1.292956,0.344840,0.699733,0.129530,4.467769,101.923992,0.000000,0.792487490,0.500844523,1
pi3bplus_v2_margin_20260909T125804Z,pi3bplus,2,1,margin,true,71,7,2847,2026-09-09T13:06:08Z,1918129683863,fisvdd_revision,n16,16,B0,0.0,33.786,33.786,1400.000,1400.000,1400.000,1400.000,1.567016,1.357538,0.347601,0.698482,0.129999,4.384019,101.906491,0.000000,0.551501951,0.503217107,1
pi3bplus_v2_margin_20260909T125804Z,pi3bplus,2,1,margin,true,71,8,2848,2026-09-09T13:06:08Z,1918232335503,fisvdd_revision,n16,16,B0,0.0,34.324,33.786,1400.000,1400.000,1400.000,1400.000,1.631390,1.277540,0.341403,0.774419,0.131874,4.457769,101.836545,0.000000,0.770390030,0.507322907,1
pi3bplus_v2_margin_20260909T125804Z,pi3bplus,2,1,margin,true,71,9,2849,2026-09-09T13:06:09Z,1918334812823,fisvdd_revision,n16,16,B0,0.0,33.786,33.786,1400.000,1400.000,1400.000,1400.000,1.664255,1.287488,0.346819,0.692754,0.138644,4.418706,101.888887,0.000000,0.777523218,0.505572899,1
pi3bplus_v2_margin_20260909T125804Z,pi3bplus,2,1,margin,true,71,10,2850,2026-09-09T13:06:09Z,1918437351808,fisvdd_revision,n16,16,B0,0.0,33.786,33.786,1400.000,1400.000,1400.000,1400.000,1.554464,1.342070,0.349632,0.704004,0.139322,4.379644,101.859148,0.000000,0.461623947,0.493991188,1
pi3bplus_v2_margin_20260909T125804Z,pi3bplus,2,1,margin,true,71,11,2851,2026-09-09T13:06:09Z,1918539861991,fisvdd_revision,n16,16,B0,0.0,33.786,33.248,1400.000,1400.000,1400.000,1400.000,1.694827,1.298685,0.344944,0.755097,0.140312,4.522247,101.856336,0.000000,0.565948516,0.493828739,1
pi3bplus_v2_margin_20260909T125804Z,pi3bplus,2,1,margin,true,71,12,2852,2026-09-09T13:06:09Z,1918642366758,fisvdd_revision,n16,16,B0,0.0,33.786,33.786,1400.000,1400.000,1400.000,1400.000,1.553630,1.335404,0.345101,0.695930,0.131092,4.346259,101.924876,0.000000,0.861780266,0.494604358,1
pi3bplus_v2_margin_20260909T125804Z,pi3bplus,2,1,margin,true,71,13,2853,2026-09-09T13:06:09Z,1918744946576,fisvdd_revision,n16,16,B0,0.0,33.248,33.786,1400.000,1400.000,1400.000,1400.000,1.565557,1.280248,0.364840,0.716555,0.130676,4.408915,101.905970,0.000000,0.802383656,0.499562157,1
pi3bplus_v2_margin_20260909T125804Z,pi3bplus,2,1,margin,true,71,14,2854,2026-09-09T13:06:09Z,1918847498582,fisvdd_revision,n16,16,B0,0.0,33.248,33.248,1400.000,1400.000,1400.000,1400.000,1.659203,1.279363,0.344268,0.704056,0.131718,4.407144,101.969511,0.000000,0.807417243,0.497373370,1
pi3bplus_v2_margin_20260909T125804Z,pi3bplus,2,1,margin,true,71,15,2855,2026-09-09T13:06:09Z,1918950113139,fisvdd_revision,n16,16,B0,0.0,33.248,34.324,1400.000,1400.000,1400.000,1400.000,1.553683,1.347799,0.347184,0.706555,0.132447,4.376467,101.990293,0.000000,0.689930580,0.498930337,1
pi3bplus_v2_margin_20260909T125804Z,pi3bplus,2,1,margin,true,71,16,2856,2026-09-09T13:06:09Z,1919052749154,fisvdd_revision,n16,16,B0,0.0,33.248,33.248,1400.000,1400.000,1400.000,1400.000,1.581755,1.279415,0.408694,0.703483,0.138644,4.398394,101.836493,0.000000,0.842161640,0.505444960,1
pi3bplus_v2_margin_20260909T125804Z,pi3bplus,2,1,margin,true,71,17,2857,2026-09-09T13:06:09Z,1919155269546,fisvdd_revision,n16,16,B0,0.0,33.248,33.786,1400.000,1400.000,1400.000,1400.000,1.699254,1.285717,0.346038,0.695045,0.139738,4.449852,101.963418,0.000000,0.583609602,0.495353366,1
pi3bplus_v2_margin_20260909T125804Z,pi3bplus,2,1,margin,true,71,18,2858,2026-09-09T13:06:10Z,1919257885145,fisvdd_revision,n16,16,B0,0.0,33.786,32.710,1400.000,1400.000,1400.000,1400.000,1.558370,1.346184,0.345049,0.693171,0.130207,4.357926,101.626286,0.000000,0.717978047,0.493875587,1
pi3bplus_v2_margin_20260909T125804Z,pi3bplus,2,1,margin,true,71,19,2859,2026-09-09T13:06:10Z,1919360239444,fisvdd_revision,n16,16,B0,0.0,33.248,33.248,1400.000,1400.000,1400.000,1400.000,1.629463,1.287852,0.347340,0.785045,0.134322,4.478966,101.868784,0.000000,0.636894238,0.494709191,1
pi3bplus_v2_margin_20260909T125804Z,pi3bplus,2,1,margin,true,71,20,2860,2026-09-09T13:06:10Z,1919462758846,fisvdd_revision,n16,16,B0,0.0,33.248,33.786,1400.000,1400.000,1400.000,1400.000,1.675295,1.293945,0.344684,0.697649,0.131770,4.433967,101.947845,0.000000,0.638366546,0.506556267,1
pi3bplus_v2_margin_20260909T125804Z,pi3bplus,2,1,margin,true,71,21,2861,2026-09-09T13:06:10Z,1919565358247,fisvdd_revision,n16,16,B0,0.0,33.248,33.248,1400.000,1400.000,1400.000,1400.000,1.555870,1.345872,0.346612,0.700201,0.132394,4.368863,101.818003,0.000000,0.723567537,0.502554790,1
pi3bplus_v2_margin_20260909T125804Z,pi3bplus,2,1,margin,true,71,22,2862,2026-09-09T13:06:10Z,1919667822493,fisvdd_revision,n16,16,B0,0.0,33.248,33.248,1400.000,1400.000,1400.000,1400.000,1.685661,1.292227,0.348746,0.759628,0.141613,4.519591,101.871388,0.000000,0.606651667,0.499345699,1
pi3bplus_v2_margin_20260909T125804Z,pi3bplus,2,1,margin,true,71,23,2863,2026-09-09T13:06:10Z,1919770346218,fisvdd_revision,n16,16,B0,0.0,33.786,33.248,1400.000,1400.000,1400.000,1400.000,1.562849,1.346758,0.347288,0.696452,0.131301,4.375477,101.951959,0.000000,0.766358450,0.499412888,1
pi3bplus_v2_margin_20260909T125804Z,pi3bplus,2,1,margin,true,71,24,2864,2026-09-09T13:06:10Z,1919872944421,fisvdd_revision,n16,16,B0,0.0,33.248,33.248,1400.000,1400.000,1400.000,1400.000,1.565662,1.281133,0.347861,0.709993,0.130468,4.396623,101.890346,0.000000,0.577144950,0.496781978,1
pi3bplus_v2_margin_20260909T125804Z,pi3bplus,2,1,margin,true,71,25,2865,2026-09-09T13:06:10Z,1919975486219,fisvdd_revision,n16,16,B0,0.0,33.786,33.248,1400.000,1400.000,1400.000,1400.000,1.686806,1.292695,0.349007,0.694420,0.137082,4.447091,101.892220,0.000000,0.605538453,0.502132541,1
pi3bplus_v2_margin_20260909T125804Z,pi3bplus,2,1,margin,true,71,26,2866,2026-09-09T13:06:10Z,1920078027391,fisvdd_revision,n16,16,B0,0.0,32.710,33.248,1400.000,1400.000,1400.000,1400.000,1.548891,1.356393,0.340622,0.702858,0.129739,4.366571,101.872689,0.000000,0.766113307,0.502782158,1
pi3bplus_v2_margin_20260909T125804Z,pi3bplus,2,1,margin,true,71,27,2867,2026-09-09T13:06:10Z,1920180625438,fisvdd_revision,n16,16,B0,0.0,33.786,33.248,1400.000,1400.000,1400.000,1400.000,1.595557,1.285247,0.412964,0.712233,0.139218,4.432404,101.887168,0.000000,0.794769259,0.494238850,1
pi3bplus_v2_margin_20260909T125804Z,pi3bplus,2,1,margin,true,71,28,2868,2026-09-09T13:06:11Z,1920283168225,fisvdd_revision,n16,16,B0,0.0,33.248,33.248,1400.000,1400.000,1400.000,1400.000,1.660035,1.301237,0.347393,0.700254,0.130884,4.422977,101.946126,0.000000,0.611185108,0.505035748,1
pi3bplus_v2_margin_20260909T125804Z,pi3bplus,2,1,margin,true,71,29,2869,2026-09-09T13:06:11Z,1920385780021,fisvdd_revision,n16,16,B0,0.0,33.248,33.248,1400.000,1400.000,1400.000,1400.000,1.559568,1.372747,0.349475,0.697181,0.130519,4.399436,101.861752,0.000000,0.448348197,0.496685086,1
pi3bplus_v2_margin_20260909T125804Z,pi3bplus,2,1,margin,true,71,30,2870,2026-09-09T13:06:11Z,1920488380047,fisvdd_revision,n16,16,B0,0.0,33.248,33.248,1400.000,1400.000,1400.000,1400.000,1.598890,1.280560,0.340987,0.765878,0.130884,4.413082,101.838263,0.000000,0.574958823,0.504277779,1
pi3bplus_v2_margin_20260909T125804Z,pi3bplus,2,1,margin,true,71,31,2871,2026-09-09T13:06:11Z,1920590863512,fisvdd_revision,n16,16,B0,0.0,33.248,33.786,1400.000,1400.000,1400.000,1400.000,1.668212,1.274362,0.343591,0.703378,0.130363,4.410894,101.918522,0.000000,0.834511168,0.499306846,1
pi3bplus_v2_margin_20260909T125804Z,pi3bplus,2,1,margin,true,71,32,2872,2026-09-09T13:06:11Z,1920693464579,fisvdd_revision,n16,16,B0,0.0,33.248,33.786,1400.000,1400.000,1400.000,1400.000,1.582693,1.345872,0.340882,0.704889,0.130936,4.401207,101.889981,0.000000,0.682262416,0.502545310,1
pi3bplus_v2_margin_20260909T125804Z,pi3bplus,2,1,margin,true,71,33,2873,2026-09-09T13:06:11Z,1920796096896,fisvdd_revision,n16,16,B0,0.0,33.248,33.248,1400.000,1400.000,1400.000,1400.000,1.657848,1.292903,0.346611,0.763065,0.133644,4.495008,101.942689,0.000000,0.431572315,0.502627586,1
pi3bplus_v2_margin_20260909T125804Z,pi3bplus,2,1,margin,true,71,34,2874,2026-09-09T13:06:11Z,1920898696297,fisvdd_revision,n16,16,B0,0.0,33.248,32.172,1400.000,1400.000,1400.000,1400.000,1.659671,1.286238,0.350986,0.696191,0.132186,4.412717,101.994355,0.000000,0.582776094,0.499604249,1
pi3bplus_v2_margin_20260909T125804Z,pi3bplus,2,1,margin,true,71,35,2875,2026-09-09T13:06:11Z,1921001351479,fisvdd_revision,n16,16,B0,0.0,32.710,32.710,1400.000,1400.000,1400.000,1400.000,1.567276,1.365456,0.351820,0.703743,0.137759,4.420321,101.821127,0.000000,0.712968402,0.498066944,1
pi3bplus_v2_margin_20260909T125804Z,pi3bplus,2,1,margin,true,71,36,2876,2026-09-09T13:06:11Z,1921103816246,fisvdd_revision,n16,16,B0,0.0,33.248,32.710,1400.000,1400.000,1400.000,1400.000,1.683317,1.280612,0.341090,0.763222,0.134217,4.501986,101.903209,0.000000,0.853109290,0.497602431,1
pi3bplus_v2_margin_20260909T125804Z,pi3bplus,2,1,margin,true,71,37,2877,2026-09-09T13:06:11Z,1921206376428,fisvdd_revision,n16,16,B0,0.0,32.710,32.172,1400.000,1400.000,1400.000,1400.000,1.620974,1.291445,0.339945,0.704576,0.132395,4.377405,101.929616,0.000000,0.678216772,0.502566114,1
pi3bplus_v2_margin_20260909T125804Z,pi3bplus,2,1,margin,true,71,38,2878,2026-09-09T13:06:12Z,1921308962496,fisvdd_revision,n16,16,B0,0.0,33.248,33.248,1400.000,1400.000,1400.000,1400.000,1.569568,1.282279,0.350153,0.704107,0.130415,4.375946,101.773575,0.000000,0.708550948,0.502973076,1
pi3bplus_v2_margin_20260909T125804Z,pi3bplus,2,1,margin,true,71,39,2879,2026-09-09T13:06:12Z,1921411387419,fisvdd_revision,n16,16,B0,0.0,32.710,32.710,1400.000,1400.000,1400.000,1400.000,1.672639,1.287852,0.350622,0.702545,0.130989,4.434435,101.911647,0.000000,0.541922245,0.498000040,1
