device_id,split,action,workload_bin,background,obs_id,tau_measured_ms,tau_hat_ms,tau_residual_ms,T_next_measured_C,T_next_hat_C,T_residual_C
pi4b8g,fit,lucid_revision,n16,B0,0,7.124905,7.124905,0.0,34.076,33.23556866874669,0.8404313312533134
pi4b8g,fit,lucid_revision,n16,B0,1,6.155535,7.124905,-0.9693699999999996,32.128,34.42846319329388,-2.3004631932938793
pi4b8g,fit,lucid_revision,n16,B0,2,6.13809,7.124905,-0.986815,31.641,32.83553138196632,-1.1945313819663212
pi4b8g,fit,lucid_revision,n16,B0,3,5.990909,7.124905,-1.1339959999999998,32.615,32.43703613228489,0.17796386771511408
pi4b8g,fit,lucid_revision,n16,B0,4,6.068962,7.124905,-1.055943,32.615,33.23362936747927,-0.6186293674792651
pi4b8g,fit,lucid_revision,n16,B0,5,6.080981,7.124905,-1.0439239999999996,32.615,33.233651441077875,-0.6186514410778727
pi4b8g,fit,lucid_revision,n16,B0,6,6.002074,7.124905,-1.1228309999999997,31.641,33.63173146688363,-1.9907314668836307
pi4b8g,fit,lucid_revision,n16,B0,7,6.118517,7.124905,-1.0063880000000003,32.615,32.43727049186314,0.1777295081368635
pi4b8g,fit,lucid_revision,n16,B0,8,6.022111,7.124905,-1.1027940000000003,33.102,33.23354332286921,-0.1315433228692129
pi4b8g,fit,lucid_revision,n16,B0,9,6.009575,7.124905,-1.1153300000000002,32.615,33.63174524291018,-1.0167452429101758
pi4b8g,fit,lucid_revision,n16,B0,10,6.069481,7.124905,-1.0554240000000004,32.615,33.23363032065322,-0.6186303206532173
pi4b8g,fit,lucid_revision,n16,B0,11,6.016907,7.124905,-1.1079980000000003,32.128,33.23353376541791,-1.1055337654179098
pi4b8g,fit,lucid_revision,n16,B0,12,6.006945,7.124905,-1.11796,33.589,32.83529052648007,0.7537094735199261
pi4b8g,fit,lucid_revision,n16,B0,13,6.056555,7.124905,-1.0683499999999997,32.128,34.03005646757671,-1.9020564675767133
pi4b8g,fit,lucid_revision,n16,B0,14,6.000278,7.124905,-1.1246270000000003,32.128,32.83527828214344,-0.7072782821434416
pi4b8g,fit,lucid_revision,n16,B0,15,6.019371,7.124905,-1.1055340000000005,31.641,32.835313347558056,-1.194313347558058
pi4b8g,fit,lucid_revision,n16,B0,16,6.066611,7.124905,-1.058294,34.076,32.43717516344902,1.638824836550981
pi4b8g,fit,lucid_revision,n16,B0,17,5.985575,7.124905,-1.1393300000000002,32.128,34.42815105178302,-2.3001510517830184
pi4b8g,fit,lucid_revision,n16,B0,18,6.041055,7.124905,-1.08385,32.128,32.835353171496166,-0.707353171496166
pi4b8g,fit,lucid_revision,n16,B0,19,6.06174,7.124905,-1.0631649999999997,33.102,32.83539116071217,0.2666088392878265
pi4b8g,fit,lucid_revision,n16,B0,20,5.985612,7.124905,-1.1392930000000003,32.615,33.63170123345487,-1.0167012334548673
pi4b8g,fit,lucid_revision,n16,B0,21,6.06537,7.124905,-1.0595350000000003,33.589,33.233622770560544,0.3553772294394548
pi4b8g,fit,lucid_revision,n16,B0,22,6.055388,7.124905,-1.0695170000000003,32.615,34.03005432431276,-1.4150543243127558
pi4b8g,fit,lucid_revision,n16,B0,23,5.996593,7.124905,-1.1283120000000002,31.641,33.233496457565174,-1.5924964575651757
pi4b8g,fit,lucid_revision,n16,B0,24,6.126794,7.124905,-0.9981109999999997,32.615,32.437285693059216,0.1777143069407856
pi4b8g,fit,lucid_revision,n16,B0,25,6.060389,7.124905,-1.0645160000000002,32.128,33.23361362266183,-1.1056136226618278
pi4b8g,fit,lucid_revision,n16,B0,26,6.058444,7.124905,-1.0664610000000003,33.102,32.83538510741481,0.26661489258518856
pi4b8g,fit,lucid_revision,n16,B0,27,6.063,7.124905,-1.0619050000000003,33.589,33.63184336105691,-0.04284336105691011
pi4b8g,fit,lucid_revision,n16,B0,28,6.009908,7.124905,-1.1149969999999998,34.076,34.02997079762463,0.046029202375372336
pi4b8g,fit,lucid_revision,n16,B0,29,6.009907,7.124905,-1.114998,32.128,32.835295966366836,-0.7072959663668357
pi4b8g,fit,lucid_revision,n16,B0,30,6.08861,7.124905,-1.036295,33.102,32.83544050904353,0.26655949095646747
pi4b8g,fit,lucid_revision,n16,B0,31,5.988297,7.124905,-1.1366079999999998,31.641,33.63170616461488,-1.9907061646148847
pi4b8g,fit,lucid_revision,n16,B0,32,6.042925,7.124905,-1.0819799999999997,33.102,32.43713166272046,0.6648683372795361
pi4b8g,fit,lucid_revision,n16,B0,33,6.072222,7.124905,-1.052683,32.615,33.63186029780093,-1.0168602978009247
pi4b8g,fit,lucid_revision,n16,B0,34,6.054259,7.124905,-1.070646,32.128,33.23360236455721,-1.1056023645572068
pi4b8g,fit,lucid_revision,n16,B0,35,6.08598,7.124905,-1.0389249999999999,32.615,32.835435678894235,-0.22043567889423343
pi4b8g,fit,lucid_revision,n16,B0,36,6.077906,7.124905,-1.0469990000000005,33.102,33.23364579365998,-0.13164579365998463
pi4b8g,fit,lucid_revision,n16,B0,37,5.995482,7.124905,-1.129423,32.128,33.6317193602889,-1.5037193602888976
pi4b8g,fit,lucid_revision,n16,B0,38,6.060296,7.124905,-1.064609,32.128,32.83538850872146,-0.7073885087214578
pi4b8g,fit,lucid_revision,n16,B0,39,6.048278,7.124905,-1.0766270000000002,32.615,32.83536643695941,-0.22036643695940938
pi4b8g,fit,lucid_revision,n64,B0,40,23.556491,23.556491,0.0,32.615,33.26181960040699,-0.6468196004069853
pi4b8g,fit,lucid_revision,n64,B0,41,21.153017,23.556491,-2.4034740000000028,32.128,33.257405479403864,-1.1294054794038644
pi4b8g,fit,lucid_revision,n64,B0,42,22.187073,23.556491,-1.3694179999999996,32.615,32.861079640771344,-0.2460796407713417
pi4b8g,fit,lucid_revision,n64,B0,43,22.226942,23.556491,-1.329549,33.102,33.25937780566921,-0.15737780566921344
pi4b8g,fit,lucid_revision,n64,B0,44,22.188313,23.556491,-1.3681780000000003,33.589,33.65753180438491,-0.0685318043849108
pi4b8g,fit,lucid_revision,n64,B0,45,22.169498,23.556491,-1.3869930000000004,32.615,34.055722192674025,-1.4407221926740235
pi4b8g,fit,lucid_revision,n64,B0,46,22.141369,23.556491,-1.4151220000000002,33.102,33.25922064583449,-0.15722064583449225
pi4b8g,fit,lucid_revision,n64,B0,47,22.173758,23.556491,-1.3827330000000018,33.102,33.657505073273526,-0.5555050732735296
pi4b8g,fit,lucid_revision,n64,B0,48,22.15911,23.556491,-1.3973810000000029,32.128,33.657478171362186,-1.529478171362186
pi4b8g,fit,lucid_revision,n64,B0,49,22.326774,23.556491,-1.2297170000000008,34.076,32.86133620985354,1.21466379014646
pi4b8g,fit,lucid_revision,n64,B0,50,22.161906,23.556491,-1.3945850000000029,33.589,34.45393319266104,-0.8649331926610415
pi4b8g,fit,lucid_revision,n64,B0,51,22.176573,23.556491,-1.379918,31.641,34.05573518632659,-2.4147351863265882
pi4b8g,fit,lucid_revision,n64,B0,52,22.176128,23.556491,-1.3803630000000027,33.102,32.86105953963675,0.24094046036324812
pi4b8g,fit,lucid_revision,n64,B0,53,22.166461,23.556491,-1.3900299999999994,33.589,33.65749167190494,-0.06849167190494398
pi4b8g,fit,lucid_revision,n64,B0,54,22.270423,23.556491,-1.2860680000000002,33.102,34.05590754735738,-0.9539075473573817
pi4b8g,fit,lucid_revision,n64,B0,55,22.264034,23.556491,-1.2924570000000024,32.615,33.65767087044365,-1.0426708704436507
pi4b8g,fit,lucid_revision,n64,B0,56,22.151425,23.556491,-1.4050660000000015,31.641,33.25923911426843,-1.6182391142684338
pi4b8g,fit,lucid_revision,n64,B0,57,22.249164,23.556491,-1.3073270000000008,33.102,32.46296873139506,0.6390312686049384
pi4b8g,fit,lucid_revision,n64,B0,58,22.371883,23.556491,-1.1846080000000008,32.615,33.65786894145922,-1.0428689414592185
pi4b8g,fit,lucid_revision,n64,B0,59,22.187202,23.556491,-1.369289000000002,33.102,33.25930482082783,-0.15730482082783226
pi4b8g,fit,lucid_revision,n64,B0,60,22.258608,23.556491,-1.2978830000000023,32.615,33.65766090527634,-1.0426609052763354
pi4b8g,fit,lucid_revision,n64,B0,61,22.222368,23.556491,-1.3341230000000017,33.102,33.25936940524988,-0.15736940524988086
pi4b8g,fit,lucid_revision,n64,B0,62,22.162646,23.556491,-1.3938450000000024,32.615,33.65748466543363,-1.0424846654336264
pi4b8g,fit,lucid_revision,n64,B0,63,22.212997,23.556491,-1.3434939999999997,33.102,33.259352194858614,-0.15735219485861762
pi4b8g,fit,lucid_revision,n64,B0,64,22.16785,23.556491,-1.3886409999999998,32.615,33.65749422288493,-1.042494222884926
pi4b8g,fit,lucid_revision,n64,B0,65,22.199442,23.556491,-1.357049,32.615,33.2593273003059,-0.6443273003058962
pi4b8g,fit,lucid_revision,n64,B0,66,22.134925,23.556491,-1.421566000000002,34.076,33.25920881105045,0.8167911889495514
pi4b8g,fit,lucid_revision,n64,B0,67,22.191128,23.556491,-1.365363000000002,34.076,34.453986860578375,-0.3779868605783747
pi4b8g,fit,lucid_revision,n64,B0,68,22.15435,23.556491,-1.4021410000000003,32.128,34.45391931562376,-2.325919315623757
pi4b8g,fit,lucid_revision,n64,B0,69,21.947262,23.556491,-1.6092290000000027,32.615,32.8606392138011,-0.24563921380109832
pi4b8g,fit,lucid_revision,n64,B0,70,22.202406,23.556491,-1.3540850000000013,33.102,32.86110780072537,0.2408921992746258
pi4b8g,fit,lucid_revision,n64,B0,71,22.162202,23.556491,-1.3942890000000006,33.589,33.65748385000158,-0.0684838500015843
pi4b8g,fit,lucid_revision,n64,B0,72,22.195054,23.556491,-1.3614370000000022,32.128,34.05576912776729,-1.9277691277672915
pi4b8g,fit,lucid_revision,n64,B0,73,22.153869,23.556491,-1.402622000000001,32.128,32.8610186596774,-0.7330186596773984
pi4b8g,fit,lucid_revision,n64,B0,74,22.143925,23.556491,-1.4125660000000018,32.615,32.861000396938024,-0.24600039693802245
pi4b8g,fit,lucid_revision,n64,B0,75,22.18135,23.556491,-1.3751410000000028,33.102,33.25929407328651,-0.1572940732865149
pi4b8g,fit,lucid_revision,n64,B0,76,22.151239,23.556491,-1.4052520000000008,33.102,33.65746371580893,-0.5554637158089335
pi4b8g,fit,lucid_revision,n64,B0,77,22.199202,23.556491,-1.3572890000000015,32.128,33.657551802672224,-1.5295518026722235
pi4b8g,fit,lucid_revision,n64,B0,78,22.205683,23.556491,-1.3508080000000007,32.615,32.86111381912812,-0.24611381912811936
pi4b8g,fit,lucid_revision,n64,B0,79,22.812727,23.556491,-0.7437640000000023,33.102,33.26045363418736,-0.15845363418736014
pi4b8g,fit,lucid_revision,n512,B2,80,172.21262,172.21262,0.0,34.563,34.70273162876107,-0.13973162876106926
pi4b8g,fit,lucid_revision,n512,B2,81,148.118009,172.21262,-24.094610999999986,34.563,35.45493034840681,-0.8919303484068095
pi4b8g,fit,lucid_revision,n512,B2,82,158.635018,172.21262,-13.577601999999985,35.537,35.474245452425784,0.06275454757421528
pi4b8g,fit,lucid_revision,n512,B2,83,157.22673,172.21262,-14.985889999999984,35.05,36.26810893517603,-1.2181089351760335
pi4b8g,fit,lucid_revision,n512,B2,84,158.889254,172.21262,-13.323365999999993,34.076,35.87293731489519,-1.7969373148951888
pi4b8g,fit,lucid_revision,n512,B2,85,156.754053,172.21262,-15.458566999999988,35.05,35.07256600671425,-0.02256600671424991
pi4b8g,fit,lucid_revision,n512,B2,86,157.217655,172.21262,-14.99496499999998,36.024,35.86986732526572,0.15413267473427794
pi4b8g,fit,lucid_revision,n512,B2,87,156.599242,172.21262,-15.613377999999983,35.05,36.66518145979225,-1.6151814597922538
pi4b8g,fit,lucid_revision,n512,B2,88,158.124768,172.21262,-14.087851999999998,36.998,35.87153329150688,1.126466708493119
pi4b8g,fit,lucid_revision,n512,B2,89,157.290877,172.21262,-14.921742999999992,36.024,35.87000180176436,0.15399819823564087
pi4b8g,fit,lucid_revision,n512,B2,90,158.452725,172.21262,-13.759895,36.024,36.66858549005812,-0.6445854900581196
pi4b8g,fit,lucid_revision,n512,B2,91,157.88431,172.21262,-14.328309999999988,36.024,36.667541562564004,-0.6435415625640033
pi4b8g,fit,lucid_revision,n512,B2,92,156.739794,172.21262,-15.472825999999998,35.05,36.66543959178587,-1.6154395917858722
pi4b8g,fit,lucid_revision,n512,B2,93,157.576297,172.21262,-14.636322999999976,37.485,35.8705259923388,1.614474007661201
pi4b8g,fit,lucid_revision,n512,B2,94,160.320803,172.21262,-11.891816999999975,36.998,37.86669115431894,-0.8686911543189453
pi4b8g,fit,lucid_revision,n512,B2,95,158.135472,172.21262,-14.077147999999994,36.511,37.46445272259248,-0.9534527225924805
pi4b8g,fit,lucid_revision,n512,B2,96,157.452244,172.21262,-14.76037599999998,36.024,37.064972991147854,-1.0409729911478536
pi4b8g,fit,lucid_revision,n512,B2,97,158.026937,172.21262,-14.185682999999983,36.998,36.667803505416856,0.3301964945831415
pi4b8g,fit,lucid_revision,n512,B2,98,158.136416,172.21262,-14.07620399999999,36.998,37.46445445630387,-0.4664544563038717
pi4b8g,fit,lucid_revision,n512,B2,99,157.275469,172.21262,-14.937151,36.998,37.462873276630084,-0.4648732766300867
pi4b8g,fit,lucid_revision,n512,B2,100,158.16949,172.21262,-14.04312999999999,37.972,37.46451519864519,0.5074848013548134
pi4b8g,fit,lucid_revision,n512,B2,101,157.384912,172.21262,-14.827707999999973,37.485,38.25952416140098,-0.7745241614009828
pi4b8g,fit,lucid_revision,n512,B2,102,158.164527,172.21262,-14.048092999999994,37.485,37.86273102694493,-0.37773102694492877
pi4b8g,fit,lucid_revision,n512,B2,103,157.593352,172.21262,-14.619267999999977,36.998,37.8616820305489,-0.863682030548901
pi4b8g,fit,lucid_revision,n512,B2,104,157.90155,172.21262,-14.31107,36.511,37.46402311111623,-0.9530231111162237
pi4b8g,fit,lucid_revision,n512,B2,105,157.220118,172.21262,-14.992501999999973,37.972,37.06454667813096,0.9074533218690419
pi4b8g,fit,lucid_revision,n512,B2,106,157.98503,172.21262,-14.227589999999992,37.485,38.26062631331448,-0.7756263133144827
pi4b8g,fit,lucid_revision,n512,B2,107,158.129916,172.21262,-14.082703999999978,37.972,37.86266746181295,0.10933253818705424
pi4b8g,fit,lucid_revision,n512,B2,108,157.470485,172.21262,-14.74213499999999,36.511,38.2596813212357,-1.7486813212357006
pi4b8g,fit,lucid_revision,n512,B2,109,158.182193,172.21262,-14.030426999999975,37.972,37.066313585309516,0.9056864146904857
pi4b8g,fit,lucid_revision,n512,B2,110,157.828015,172.21262,-14.384604999999993,36.998,38.26033794605554,-1.2623379460555455
pi4b8g,fit,lucid_revision,n512,B2,111,158.045566,172.21262,-14.167053999999979,36.998,37.464287604949064,-0.4662876049490663
pi4b8g,fit,lucid_revision,n512,B2,112,158.314394,172.21262,-13.898225999999994,36.998,37.464781323342116,-0.4667813233421185
pi4b8g,fit,lucid_revision,n512,B2,113,158.16473,172.21262,-14.047889999999995,37.972,37.464506456625934,0.5074935433740677
pi4b8g,fit,lucid_revision,n512,B2,114,160.033678,172.21262,-12.178941999999978,37.972,38.26438877555239,-0.2923887755523893
pi4b8g,fit,lucid_revision,n512,B2,115,158.239415,172.21262,-13.973204999999979,37.485,38.26109350629072,-0.7760935062907208
pi4b8g,fit,lucid_revision,n512,B2,116,158.405374,172.21262,-13.807245999999992,37.485,37.863173356589954,-0.3781733565899543
pi4b8g,fit,lucid_revision,n512,B2,117,158.242396,172.21262,-13.970223999999973,37.972,37.86287403793169,0.10912596206831182
pi4b8g,fit,lucid_revision,n512,B2,118,157.278747,172.21262,-14.933872999999977,37.972,38.25932918315021,-0.28732918315020584
pi4b8g,fit,lucid_revision,n512,B2,119,158.076788,172.21262,-14.135831999999994,37.485,38.26079483226455,-0.7757948322645518
pi4b8g,fit,oi_svdd_as_elm_revision,n1,B0,120,2.0085,2.0085,0.0,36.998,36.15209487368214,0.8459051263178594
pi4b8g,fit,oi_svdd_as_elm_revision,n1,B0,121,1.796541,2.0085,-0.21195900000000023,36.024,36.948155484824674,-0.9241554848246736
pi4b8g,fit,oi_svdd_as_elm_revision,n1,B0,122,1.717524,2.0085,-0.2909760000000001,36.511,36.15156047918775,0.35943952081225206
pi4b8g,fit,oi_svdd_as_elm_revision,n1,B0,123,1.705931,2.0085,-0.3025690000000001,35.537,36.549764131103544,-1.0127641311035447
pi4b8g,fit,oi_svdd_as_elm_revision,n1,B0,124,1.829466,2.0085,-0.17903400000000014,36.024,36.54999101037835,-0.5259910103783483
pi4b8g,fit,oi_svdd_as_elm_revision,n1,B0,125,1.729764,2.0085,-0.2787360000000001,36.024,36.15158295866582,-0.12758295866581904
pi4b8g,fit,oi_svdd_as_elm_revision,n1,B0,126,1.698561,2.0085,-0.3099390000000002,35.537,36.15152565252576,-0.6145256525257636
pi4b8g,fit,oi_svdd_as_elm_revision,n1,B0,127,1.753949,2.0085,-0.2545510000000002,35.05,35.753402432696745,-0.7034024326967483
pi4b8g,fit,oi_svdd_as_elm_revision,n1,B0,128,1.690617,2.0085,-0.31788300000000014,35.05,35.355061176622904,-0.30506117662290677
pi4b8g,fit,oi_svdd_as_elm_revision,n1,B0,129,1.678135,2.0085,-0.33036500000000024,35.537,35.753263195838045,-0.21626319583804587
pi4b8g,fit,oi_svdd_as_elm_revision,n1,B0,130,1.762838,2.0085,-0.24566200000000027,36.024,35.753418757866726,0.27058124213327517
pi4b8g,fit,oi_svdd_as_elm_revision,n1,B0,131,1.712136,2.0085,-0.29636400000000007,34.563,36.15155058380966,-1.5885505838096563
pi4b8g,fit,oi_svdd_as_elm_revision,n1,B0,132,1.687098,2.0085,-0.3214020000000002,35.537,34.95682977063255,0.5801702293674467
pi4b8g,fit,oi_svdd_as_elm_revision,n1,B0,133,1.767393,2.0085,-0.24110700000000018,35.05,35.75342712339145,-0.7034271233914495
pi4b8g,fit,oi_svdd_as_elm_revision,n1,B0,134,1.76056,2.0085,-0.24794000000000027,34.076,35.75341457418608,-1.6774145741860806
pi4b8g,fit,oi_svdd_as_elm_revision,n1,B0,135,1.747264,2.0085,-0.26123600000000025,35.537,34.55871532588084,0.9782846741191591
pi4b8g,fit,oi_svdd_as_elm_revision,n1,B0,136,1.787893,2.0085,-0.22060700000000022,36.024,35.7534647728441,0.2705352271559036
pi4b8g,fit,oi_svdd_as_elm_revision,n1,B0,137,1.704857,2.0085,-0.3036430000000001,34.076,36.151537215499125,-2.075537215499125
pi4b8g,fit,oi_svdd_as_elm_revision,n1,B0,138,1.692376,2.0085,-0.31612400000000007,34.563,34.55861452084878,0.004385479151224558
pi4b8g,fit,oi_svdd_as_elm_revision,n1,B0,139,1.742098,2.0085,-0.26640200000000025,35.05,34.95693078135918,0.09306921864081374
pi4b8g,fit,oi_svdd_as_elm_revision,n1,B0,140,1.729043,2.0085,-0.27945700000000007,35.537,35.3551317482262,0.18186825177379973
pi4b8g,fit,oi_svdd_as_elm_revision,n1,B0,141,1.699024,2.0085,-0.3094760000000001,35.05,35.753301559712014,-0.7033015597120169
pi4b8g,fit,oi_svdd_as_elm_revision,n1,B0,142,1.782467,2.0085,-0.22603300000000015,34.563,35.355229864536376,-0.7922298645363739
pi4b8g,fit,oi_svdd_as_elm_revision,n1,B0,143,1.722061,2.0085,-0.2864390000000001,34.076,34.95689398223319,-0.8808939822331894
pi4b8g,fit,oi_svdd_as_elm_revision,n1,B0,144,1.747467,2.0085,-0.26103300000000007,35.05,34.558715698702244,0.49128430129775325
pi4b8g,fit,oi_svdd_as_elm_revision,n1,B0,145,1.778727,2.0085,-0.22977300000000023,35.537,35.35522299580696,0.18177700419303733
pi4b8g,fit,oi_svdd_as_elm_revision,n1,B0,146,1.717116,2.0085,-0.2913840000000001,34.076,35.7533347867314,-1.6773347867314001
pi4b8g,fit,oi_svdd_as_elm_revision,n1,B0,147,1.707246,2.0085,-0.30125400000000013,34.563,34.55864183047614,0.004358169523861477
pi4b8g,fit,oi_svdd_as_elm_revision,n1,B0,148,1.75093,2.0085,-0.2575700000000001,34.076,34.95694700184532,-0.8809470018453212
pi4b8g,fit,oi_svdd_as_elm_revision,n1,B0,149,1.782023,2.0085,-0.22647700000000026,34.076,34.558779162823505,-0.48277916282350475
pi4b8g,fit,oi_svdd_as_elm_revision,n1,B0,150,1.713653,2.0085,-0.2948470000000001,35.05,34.55865359730751,0.49134640269248564
pi4b8g,fit,oi_svdd_as_elm_revision,n1,B0,151,1.777837,2.0085,-0.23066300000000028,33.589,35.35522136126975,-1.76622136126975
pi4b8g,fit,oi_svdd_as_elm_revision,n1,B0,152,1.743376,2.0085,-0.26512400000000014,34.076,34.16048324220033,-0.08448324220032788
pi4b8g,fit,oi_svdd_as_elm_revision,n1,B0,153,1.724802,2.0085,-0.28369800000000023,34.076,34.55867407310008,-0.48267407310007826
pi4b8g,fit,oi_svdd_as_elm_revision,n1,B0,154,1.810763,2.0085,-0.19773700000000027,35.05,34.558831945519564,0.49116805448043266
pi4b8g,fit,oi_svdd_as_elm_revision,n1,B0,155,1.734987,2.0085,-0.2735130000000001,34.563,35.35514266473091,-0.7921426647309104
pi4b8g,fit,oi_svdd_as_elm_revision,n1,B0,156,1.693062,2.0085,-0.3154380000000001,34.076,34.95684072386844,-0.8808407238684381
pi4b8g,fit,oi_svdd_as_elm_revision,n1,B0,157,1.781745,2.0085,-0.22675500000000026,34.563,34.558778652260195,0.004221347739807868
pi4b8g,fit,oi_svdd_as_elm_revision,n1,B0,158,1.723209,2.0085,-0.2852910000000002,34.076,34.95689609060254,-0.8808960906025405
pi4b8g,fit,oi_svdd_as_elm_revision,n1,B0,159,1.677691,2.0085,-0.33080900000000013,34.563,34.55858755098477,0.004412449015234188
pi4b8g,fit,fisvdd_revision,n1024,B1,160,52.577197,52.577197,0.0,36.024,35.220892091514536,0.8031079084854653
pi4b8g,fit,fisvdd_revision,n1024,B1,161,50.69788,52.577197,-1.8793170000000003,34.076,36.41211544501333,-2.336115445013327
pi4b8g,fit,fisvdd_revision,n1024,B1,162,50.016152,52.577197,-2.561045,34.076,34.817963638985454,-0.7419636389854531
pi4b8g,fit,fisvdd_revision,n1024,B1,163,50.021484,52.577197,-2.5557129999999972,34.563,34.81797343151626,-0.2549734315162553
pi4b8g,fit,fisvdd_revision,n1024,B1,164,49.871839,52.577197,-2.705357999999997,34.563,35.21592354283511,-0.6529235428351043
pi4b8g,fit,fisvdd_revision,n1024,B1,165,49.841692,52.577197,-2.7355049999999963,36.024,35.61409311924141,0.40990688075859083
pi4b8g,fit,fisvdd_revision,n1024,B1,166,49.881358,52.577197,-2.6958389999999994,35.05,36.41061585445827,-1.360615854458274
pi4b8g,fit,fisvdd_revision,n1024,B1,167,51.026614,52.577197,-1.550582999999996,35.05,35.616269298009,-0.5662692980090043
pi4b8g,fit,fisvdd_revision,n1024,B1,168,51.07904,52.577197,-1.498156999999999,35.537,35.61636558143362,-0.07936558143362049
pi4b8g,fit,fisvdd_revision,n1024,B1,169,50.192704,52.577197,-2.384492999999999,35.537,36.01296271651228,-0.47596271651227795
pi4b8g,fit,fisvdd_revision,n1024,B1,170,50.039189,52.577197,-2.538007999999998,35.05,36.01268077720867,-0.962680777208675
pi4b8g,fit,fisvdd_revision,n1024,B1,171,50.09902,52.577197,-2.478176999999995,35.537,35.6145657172098,-0.07756571720980077
pi4b8g,fit,fisvdd_revision,n1024,B1,172,49.987541,52.577197,-2.589655999999998,35.05,36.01258592262669,-0.962585922626694
pi4b8g,fit,fisvdd_revision,n1024,B1,173,49.933819,52.577197,-2.6433779999999985,35.537,35.614262315881625,-0.07726231588162591
pi4b8g,fit,fisvdd_revision,n1024,B1,174,49.82497,52.577197,-2.7522269999999978,35.05,36.01228735144781,-0.962287351447813
pi4b8g,fit,fisvdd_revision,n1024,B1,175,50.010948,52.577197,-2.566248999999999,35.05,35.61440396781497,-0.5644039678149753
pi4b8g,fit,fisvdd_revision,n1024,B1,176,50.146353,52.577197,-2.4308440000000004,35.537,36.411102533321966,-0.8741025333219667
pi4b8g,fit,fisvdd_revision,n1024,B1,177,50.111206,52.577197,-2.4659909999999954,35.05,36.012813040654116,-0.9628130406541189
pi4b8g,fit,fisvdd_revision,n1024,B1,178,51.112242,52.577197,-1.4649549999999962,35.05,35.61642655885445,-0.5664265588544524
pi4b8g,fit,fisvdd_revision,n1024,B1,179,50.189111,52.577197,-2.3880860000000013,34.076,35.61473117461658,-1.5387311746165793
pi4b8g,fit,fisvdd_revision,n1024,B1,180,50.111927,52.577197,-2.4652699999999967,35.537,34.81813953539169,0.7188604646083121
pi4b8g,fit,fisvdd_revision,n1024,B1,181,49.875524,52.577197,-2.7016729999999995,36.024,36.012380196834606,0.011619803165395126
pi4b8g,fit,fisvdd_revision,n1024,B1,182,49.9818,52.577197,-2.5953969999999984,35.05,36.4108003220838,-1.3608003220838043
pi4b8g,fit,fisvdd_revision,n1024,B1,183,50.065003,52.577197,-2.512194000000001,36.024,35.61450324299366,0.4094967570063375
pi4b8g,fit,fisvdd_revision,n1024,B1,184,50.074465,52.577197,-2.5027320000000017,35.05,36.41097050679258,-1.360970506792583
pi4b8g,fit,fisvdd_revision,n1024,B1,185,49.985523,52.577197,-2.5916739999999976,36.511,35.614357273310894,0.8966427266891088
pi4b8g,fit,fisvdd_revision,n1024,B1,186,50.263462,52.577197,-2.313735000000001,36.511,36.80954255401118,-0.2985425540111777
pi4b8g,fit,fisvdd_revision,n1024,B1,187,50.001633,52.577197,-2.575564,35.537,36.80906168969223,-1.2720616896922294
pi4b8g,fit,fisvdd_revision,n1024,B1,188,51.162593,52.577197,-1.414603999999997,36.024,36.014743974560254,0.009256025439746907
pi4b8g,fit,fisvdd_revision,n1024,B1,189,49.983689,52.577197,-2.593508,35.537,36.41080379134311,-0.8738037913431143
pi4b8g,fit,fisvdd_revision,n1024,B1,190,50.357701,52.577197,-2.2194959999999995,36.024,36.809715629463305,-0.7857156294633043
pi4b8g,fit,fisvdd_revision,n1024,B1,191,50.240536,52.577197,-2.3366609999999994,36.024,36.411275505926795,-0.3872755059267945
pi4b8g,fit,fisvdd_revision,n1024,B1,192,50.16352,52.577197,-2.413677,35.537,36.41113406152458,-0.874134061524579
pi4b8g,fit,fisvdd_revision,n1024,B1,193,50.006893,52.577197,-2.570304,36.024,36.01262146371,0.011378536290003183
pi4b8g,fit,fisvdd_revision,n1024,B1,194,49.86108,52.577197,-2.716116999999997,35.537,36.41057861272165,-0.8735786127216514
pi4b8g,fit,fisvdd_revision,n1024,B1,195,50.067835,52.577197,-2.509361999999996,35.537,36.01273338726822,-0.475733387268221
pi4b8g,fit,fisvdd_revision,n1024,B1,196,50.169259,52.577197,-2.4079380000000015,35.537,36.01291965839435,-0.47591965839435346
pi4b8g,fit,fisvdd_revision,n1024,B1,197,50.117539,52.577197,-2.4596579999999975,36.024,36.01282467158015,0.011175328419852804
pi4b8g,fit,fisvdd_revision,n1024,B1,198,51.354719,52.577197,-1.2224779999999953,36.024,36.41332176837092,-0.3893217683709196
pi4b8g,fit,fisvdd_revision,n1024,B1,199,49.984337,52.577197,-2.5928600000000017,35.05,36.41080498143313,-1.3608049814331338
pi4b8g,fit,oi_svdd_as_elm_revision,n512,B2,200,49.161945,50.516328,-1.3543829999999986,35.537,36.59836146182604,-1.0613614618260385
pi4b8g,fit,oi_svdd_as_elm_revision,n512,B2,201,49.26148,50.516328,-1.2548480000000026,36.024,36.20031932055244,-0.17631932055243738
pi4b8g,fit,oi_svdd_as_elm_revision,n512,B2,202,49.947394,50.516328,-0.5689339999999987,36.024,36.599803984993656,-0.5758039849936551
pi4b8g,fit,oi_svdd_as_elm_revision,n512,B2,203,49.227741,50.516328,-1.2885869999999997,36.024,36.598482300040025,-0.5744823000400245
pi4b8g,fit,oi_svdd_as_elm_revision,n512,B2,204,49.301665,50.516328,-1.2146630000000016,36.024,36.598618065802846,-0.574618065802845
pi4b8g,fit,oi_svdd_as_elm_revision,n512,B2,205,49.122316,50.516328,-1.3940120000000036,36.511,36.598288680842664,-0.08728868084266139
pi4b8g,fit,oi_svdd_as_elm_revision,n512,B2,206,49.256703,50.516328,-1.2596249999999998,36.511,36.99676043359252,-0.4857604335925174
pi4b8g,fit,oi_svdd_as_elm_revision,n512,B2,207,49.225518,50.516328,-1.2908100000000005,36.511,36.59847821737011,-0.08747821737010497
pi4b8g,fit,oi_svdd_as_elm_revision,n512,B2,208,49.255703,50.516328,-1.2606250000000045,36.511,36.99675859703385,-0.4857585970338505
pi4b8g,fit,oi_svdd_as_elm_revision,n512,B2,209,49.318442,50.516328,-1.197886000000004,36.511,36.996873820888,-0.4858738208879956
pi4b8g,fit,oi_svdd_as_elm_revision,n512,B2,210,49.407311,50.516328,-1.1090170000000015,36.024,36.99703703402008,-0.9730370340200807
pi4b8g,fit,oi_svdd_as_elm_revision,n512,B2,211,49.200815,50.516328,-1.3155130000000028,36.998,36.598432848861385,0.3995671511386121
pi4b8g,fit,oi_svdd_as_elm_revision,n512,B2,212,49.239814,50.516328,-1.2765139999999988,37.485,37.39495435909362,0.09004564090638212
pi4b8g,fit,oi_svdd_as_elm_revision,n512,B2,213,49.230722,50.516328,-1.2856060000000014,36.024,37.79316260424264,-1.7691626042426378
pi4b8g,fit,oi_svdd_as_elm_revision,n512,B2,214,49.202203,50.516328,-1.3141250000000042,36.998,36.59843539800481,0.39956460199518773
pi4b8g,fit,oi_svdd_as_elm_revision,n512,B2,215,49.173779,50.516328,-1.3425489999999982,36.998,37.39483308194211,-0.39683308194211264
pi4b8g,fit,oi_svdd_as_elm_revision,n512,B2,216,49.153741,50.516328,-1.3625870000000049,36.998,37.39479628097956,-0.3967962809795651
pi4b8g,fit,oi_svdd_as_elm_revision,n512,B2,217,49.248666,50.516328,-1.2676620000000014,36.024,37.39497061631093,-1.3709706163109274
pi4b8g,fit,oi_svdd_as_elm_revision,n512,B2,218,49.162241,50.516328,-1.3540869999999998,36.998,36.5983620054474,0.39963799455259874
pi4b8g,fit,oi_svdd_as_elm_revision,n512,B2,219,49.316202,50.516328,-1.2001260000000045,36.511,37.39509465013699,-0.8840946501369871
pi4b8g,fit,oi_svdd_as_elm_revision,n512,B2,220,49.361571,50.516328,-1.1547570000000036,36.998,36.9969530298267,0.0010469701732986891
pi4b8g,fit,oi_svdd_as_elm_revision,n512,B2,221,49.116335,50.516328,-1.399993000000002,37.972,37.3947275826661,0.5772724173339014
pi4b8g,fit,oi_svdd_as_elm_revision,n512,B2,222,49.471902,50.516328,-1.0444260000000014,36.998,38.19183048860211,-1.19383048860211
pi4b8g,fit,oi_svdd_as_elm_revision,n512,B2,223,49.196445,50.516328,-1.3198830000000044,36.998,37.39487470938083,-0.3968747093808318
pi4b8g,fit,oi_svdd_as_elm_revision,n512,B2,224,49.174778,50.516328,-1.341549999999998,37.972,37.394834916664216,0.5771650833357853
pi4b8g,fit,oi_svdd_as_elm_revision,n512,B2,225,49.234277,50.516328,-1.2820510000000027,36.511,38.191394076349106,-1.6803940763491028
pi4b8g,fit,oi_svdd_as_elm_revision,n512,B2,226,49.201111,50.516328,-1.315217000000004,36.998,36.99665833562316,0.0013416643768380254
pi4b8g,fit,oi_svdd_as_elm_revision,n512,B2,227,49.129853,50.516328,-1.3864750000000043,36.998,37.39475240926615,-0.3967524092661492
pi4b8g,fit,oi_svdd_as_elm_revision,n512,B2,228,49.176574,50.516328,-1.3397539999999992,36.511,37.39483821512358,-0.8838382151235749
pi4b8g,fit,oi_svdd_as_elm_revision,n512,B2,229,49.23424,50.516328,-1.2820880000000017,37.485,36.996719178975205,0.4882808210247944
pi4b8g,fit,oi_svdd_as_elm_revision,n512,B2,230,49.297016,50.516328,-1.2193120000000022,37.485,37.79328435706284,-0.3082843570628384
pi4b8g,fit,oi_svdd_as_elm_revision,n512,B2,231,49.23611,50.516328,-1.280218000000005,36.998,37.79317249962073,-0.7951724996207332
pi4b8g,fit,oi_svdd_as_elm_revision,n512,B2,232,50.516328,50.516328,0.0,36.998,37.397298751942536,-0.3992987519425384
pi4b8g,fit,oi_svdd_as_elm_revision,n512,B2,233,49.359367,50.516328,-1.1569610000000026,36.998,37.395173925191806,-0.39717392519180805
pi4b8g,fit,oi_svdd_as_elm_revision,n512,B2,234,49.114427,50.516328,-1.4019010000000023,37.972,37.39472407851217,0.577275921487832
pi4b8g,fit,oi_svdd_as_elm_revision,n512,B2,235,49.208611,50.516328,-1.3077170000000038,37.485,38.191346939234386,-0.7063469392343862
pi4b8g,fit,oi_svdd_as_elm_revision,n512,B2,236,49.58877,50.516328,-0.9275580000000048,36.511,37.79382018039987,-1.2828201803998667
pi4b8g,fit,oi_svdd_as_elm_revision,n512,B2,237,49.358608,50.516328,-1.1577200000000047,37.972,36.996947588103374,0.9750524118966268
pi4b8g,fit,oi_svdd_as_elm_revision,n512,B2,238,49.172574,50.516328,-1.3437540000000041,36.998,38.19128075516974,-1.193280755169745
pi4b8g,fit,oi_svdd_as_elm_revision,n512,B2,239,49.229666,50.516328,-1.2866619999999998,37.485,37.39493572169627,0.09006427830372843
pi4b8g,fit,tinydl_revision,n256,B0,240,12.640934,12.731431,-0.09049700000000094,36.511,36.561622776829545,-0.05062277682954175
pi4b8g,fit,tinydl_revision,n256,B0,241,12.423179,12.731431,-0.3082520000000013,36.998,36.56122285699723,0.4367771430027645
pi4b8g,fit,tinydl_revision,n256,B0,242,12.435826,12.731431,-0.2956050000000001,35.05,36.95947102709509,-1.909471027095094
pi4b8g,fit,tinydl_revision,n256,B0,243,12.52538,12.731431,-0.20605100000000043,36.511,35.36673572570822,1.1442642742917855
pi4b8g,fit,tinydl_revision,n256,B0,244,12.473159,12.731431,-0.25827199999999984,36.024,36.56131464819936,-0.5373146481993558
pi4b8g,fit,tinydl_revision,n256,B0,245,12.465344,12.731431,-0.26608700000000063,35.537,36.16307535235297,-0.6260753523529701
pi4b8g,fit,tinydl_revision,n256,B0,246,12.442122,12.731431,-0.28930900000000115,36.511,35.764807760647216,0.7461922393527871
pi4b8g,fit,tinydl_revision,n256,B0,247,12.376087,12.731431,-0.35534400000000055,36.024,35.366461540355296,0.6575384596447051
pi4b8g,fit,tinydl_revision,n256,B0,248,12.427511,12.731431,-0.30391999999999975,35.537,36.163005869828964,-0.6260058698289654
pi4b8g,fit,tinydl_revision,n256,B0,249,12.428141,12.731431,-0.3032900000000005,36.024,35.76478208372051,0.2592179162794892
pi4b8g,fit,tinydl_revision,n256,B0,250,12.440622,12.731431,-0.2908090000000012,36.998,36.163029948949635,0.8349700510503624
pi4b8g,fit,tinydl_revision,n256,B0,251,12.428567,12.731431,-0.30286400000000135,36.024,36.95945769551573,-0.9354576955157299
pi4b8g,fit,tinydl_revision,n256,B0,252,12.428752,12.731431,-0.30267900000000125,34.563,36.163008148998266,-1.6000081489982634
pi4b8g,fit,tinydl_revision,n256,B0,253,12.451918,12.731431,-0.27951300000000145,35.537,34.968375865295094,0.5686241347049048
pi4b8g,fit,tinydl_revision,n256,B0,254,12.371253,12.731431,-0.3601780000000012,35.05,35.76467760557112,-0.7146776055711257
pi4b8g,fit,tinydl_revision,n256,B0,255,12.446714,12.731431,-0.28471700000000055,35.537,35.76481619412461,-0.22781619412461396
pi4b8g,fit,tinydl_revision,n256,B0,256,12.700988,12.731431,-0.030442999999999998,36.024,35.76528318324284,0.25871681675715763
pi4b8g,fit,tinydl_revision,n256,B0,257,12.434992,12.731431,-0.29643900000000123,36.024,36.16301960912434,-0.13901960912433964
pi4b8g,fit,tinydl_revision,n256,B0,258,12.481029,12.731431,-0.2504020000000011,35.05,36.163104158775646,-1.1131041587756485
pi4b8g,fit,tinydl_revision,n256,B0,259,12.458493,12.731431,-0.2729379999999999,36.024,35.36661288380873,0.6573871161912734
pi4b8g,fit,tinydl_revision,n256,B0,260,12.443956,12.731431,-0.2874750000000006,36.024,36.16303607203623,-0.1390360720362267
pi4b8g,fit,tinydl_revision,n256,B0,261,12.382197,12.731431,-0.34923400000000093,34.563,36.16292264800958,-1.5999226480095743
pi4b8g,fit,tinydl_revision,n256,B0,262,12.394827,12.731431,-0.33660400000000124,35.537,34.968271014324294,0.5687289856757047
pi4b8g,fit,tinydl_revision,n256,B0,263,12.519158,12.731431,-0.2122730000000015,35.537,35.76494924178061,-0.22794924178061393
pi4b8g,fit,tinydl_revision,n256,B0,264,12.380049,12.731431,-0.35138200000000097,35.05,35.764693759941146,-0.7146937599411487
pi4b8g,fit,tinydl_revision,n256,B0,265,12.731431,12.731431,0.0,35.537,35.367114150457894,0.16988584954210495
pi4b8g,fit,tinydl_revision,n256,B0,266,12.288107,12.731431,-0.4433240000000005,35.537,35.76452490306428,-0.2275249030642783
pi4b8g,fit,tinydl_revision,n256,B0,267,12.542602,12.731431,-0.18882900000000014,34.076,35.764992298061976,-1.6889922980619758
pi4b8g,fit,tinydl_revision,n256,B0,268,12.606878,12.731431,-0.12455300000000058,35.537,35.36688540156638,0.17011459843362076
pi4b8g,fit,tinydl_revision,n256,B0,269,12.422178,12.731431,-0.309253,34.076,35.76477113232119,-1.688771132321186
pi4b8g,fit,tinydl_revision,n256,B0,270,12.460308,12.731431,-0.2711230000000011,34.076,34.5701663308819,-0.494166330881896
pi4b8g,fit,tinydl_revision,n256,B0,271,12.402197,12.731431,-0.32923400000000136,35.05,34.57005960662126,0.4799403933787403
pi4b8g,fit,tinydl_revision,n256,B0,272,12.321403,12.731431,-0.4100280000000005,34.563,35.366361109981206,-0.8033611099812035
pi4b8g,fit,tinydl_revision,n256,B0,273,12.422419,12.731431,-0.30901200000000095,35.05,34.968321688651,0.08167831134899473
pi4b8g,fit,tinydl_revision,n256,B0,274,12.354106,12.731431,-0.3773250000000008,34.563,35.36642117095926,-0.8034211709592611
pi4b8g,fit,tinydl_revision,n256,B0,275,12.496622,12.731431,-0.23480900000000027,35.05,34.968457966813695,0.08154203318630238
pi4b8g,fit,tinydl_revision,n256,B0,276,12.565694,12.731431,-0.16573700000000002,34.076,35.36680976473428,-1.290809764734277
pi4b8g,fit,tinydl_revision,n256,B0,277,12.308198,12.731431,-0.42323299999999975,35.537,34.56988697194321,0.9671130280567866
pi4b8g,fit,tinydl_revision,n256,B0,278,12.430048,12.731431,-0.3013830000000013,34.563,35.76478558603789,-1.2017855860378859
pi4b8g,fit,tinydl_revision,n256,B0,279,12.437049,12.731431,-0.2943820000000006,34.076,34.968348557504285,-0.8923485575042847
pi4b8g,fit,oi_svdd_as_elm_revision,n16,B2,280,3.470714,3.470714,0.0,36.024,36.12603849244284,-0.10203849244283703
pi4b8g,fit,oi_svdd_as_elm_revision,n16,B2,281,3.207996,3.470714,-0.262718,35.05,36.52378093856365,-1.4737809385636496
pi4b8g,fit,oi_svdd_as_elm_revision,n16,B2,282,3.15509,3.470714,-0.3156240000000001,35.05,35.72723388731005,-0.6772338873100523
pi4b8g,fit,oi_svdd_as_elm_revision,n16,B2,283,3.211274,3.470714,-0.2594400000000001,36.024,35.72733707252213,0.29666292747786827
pi4b8g,fit,oi_svdd_as_elm_revision,n16,B2,284,3.209274,3.470714,-0.2614399999999999,35.537,36.523783285685624,-0.9867832856856253
pi4b8g,fit,oi_svdd_as_elm_revision,n16,B2,285,3.153072,3.470714,-0.3176420000000002,35.05,36.125455124275064,-1.0754551242750665
pi4b8g,fit,oi_svdd_as_elm_revision,n16,B2,286,3.199682,3.470714,-0.27103199999999994,35.537,35.72731578313408,-0.19031578313408204
pi4b8g,fit,oi_svdd_as_elm_revision,n16,B2,287,3.189349,3.470714,-0.2813650000000001,36.024,36.12552174911379,-0.10152174911378609
pi4b8g,fit,oi_svdd_as_elm_revision,n16,B2,288,3.17009,3.470714,-0.300624,34.563,36.52371132197086,-1.9607113219708552
pi4b8g,fit,oi_svdd_as_elm_revision,n16,B2,289,3.204756,3.470714,-0.2659579999999999,35.05,35.32910015869234,-0.2791001586923443
pi4b8g,fit,oi_svdd_as_elm_revision,n16,B2,290,3.227218,3.470714,-0.24349599999999993,35.537,35.72736635461351,-0.19036635461350926
pi4b8g,fit,oi_svdd_as_elm_revision,n16,B2,291,3.187052,3.470714,-0.2836620000000001,35.05,36.12551753053853,-1.0755175305385336
pi4b8g,fit,oi_svdd_as_elm_revision,n16,B2,292,3.195608,3.470714,-0.2751060000000001,35.537,35.727308300994075,-0.1903083009940758
pi4b8g,fit,oi_svdd_as_elm_revision,n16,B2,293,3.215496,3.470714,-0.25521800000000017,36.024,36.12556976961323,-0.10156976961322783
pi4b8g,fit,oi_svdd_as_elm_revision,n16,B2,294,3.166479,3.470714,-0.30423500000000026,36.024,36.52370469015751,-0.4997046901575075
pi4b8g,fit,oi_svdd_as_elm_revision,n16,B2,295,3.207144,3.470714,-0.2635700000000001,36.024,36.523779373815664,-0.49977937381566306
pi4b8g,fit,oi_svdd_as_elm_revision,n16,B2,296,3.162627,3.470714,-0.308087,35.537,36.52369761573353,-0.986697615733533
pi4b8g,fit,oi_svdd_as_elm_revision,n16,B2,297,3.152608,3.470714,-0.3181060000000002,36.024,36.125454272111845,-0.10145427211184455
pi4b8g,fit,oi_svdd_as_elm_revision,n16,B2,298,3.256384,3.470714,-0.2143299999999999,35.537,36.523869805964374,-0.9868698059643748
pi4b8g,fit,oi_svdd_as_elm_revision,n16,B2,299,3.288569,3.470714,-0.18214500000000022,36.024,36.52392891560504,-0.4999289156050395
pi4b8g,fit,oi_svdd_as_elm_revision,n16,B2,300,3.204163,3.470714,-0.2665510000000002,36.024,36.52377389903428,-0.49977389903428104
pi4b8g,fit,oi_svdd_as_elm_revision,n16,B2,301,3.237718,3.470714,-0.23299599999999998,36.511,36.523835524760315,-0.012835524760312467
pi4b8g,fit,oi_svdd_as_elm_revision,n16,B2,302,3.192737,3.470714,-0.2779769999999999,35.537,36.92197785765538,-1.3849778576553788
pi4b8g,fit,oi_svdd_as_elm_revision,n16,B2,303,3.136424,3.470714,-0.3342900000000002,36.024,36.1254245492464,-0.10142454924639566
pi4b8g,fit,oi_svdd_as_elm_revision,n16,B2,304,3.195496,3.470714,-0.2752180000000002,36.998,36.92198292472074,0.07601707527926038
pi4b8g,fit,oi_svdd_as_elm_revision,n16,B2,305,3.202441,3.470714,-0.2682730000000002,36.024,37.32022062276108,-1.2962206227610764
pi4b8g,fit,oi_svdd_as_elm_revision,n16,B2,306,3.14259,3.470714,-0.32812399999999986,36.024,36.52366081660754,-0.4996608166075376
pi4b8g,fit,oi_svdd_as_elm_revision,n16,B2,307,3.201348,3.470714,-0.2693660000000002,36.511,36.523768729121635,-0.01276872912163185
pi4b8g,fit,oi_svdd_as_elm_revision,n16,B2,308,3.250384,3.470714,-0.22033000000000014,36.024,36.92208372975279,-0.8980837297527913
pi4b8g,fit,oi_svdd_as_elm_revision,n16,B2,309,3.155868,3.470714,-0.3148460000000002,36.024,36.523685202433505,-0.4996852024335041
pi4b8g,fit,oi_svdd_as_elm_revision,n16,B2,310,3.222959,3.470714,-0.24775500000000017,35.537,36.52380841899097,-0.986808418990968
pi4b8g,fit,oi_svdd_as_elm_revision,n16,B2,311,3.221126,3.470714,-0.24958800000000014,36.511,36.125580109438516,0.3854198905614865
pi4b8g,fit,oi_svdd_as_elm_revision,n16,B2,312,3.211571,3.470714,-0.2591429999999999,36.024,36.92201244740129,-0.8980124474012925
pi4b8g,fit,oi_svdd_as_elm_revision,n16,B2,313,3.183812,3.470714,-0.286902,36.511,36.52373652322887,-0.012736523228866758
pi4b8g,fit,oi_svdd_as_elm_revision,n16,B2,314,3.193145,3.470714,-0.2775690000000002,37.485,36.92197860697131,0.5630213930286914
pi4b8g,fit,oi_svdd_as_elm_revision,n16,B2,315,3.183108,3.470714,-0.28760600000000025,36.024,37.7184100597128,-1.6944100597128013
pi4b8g,fit,oi_svdd_as_elm_revision,n16,B2,316,3.192719,3.470714,-0.2779950000000002,36.511,36.52375288145691,-0.012752881456904674
pi4b8g,fit,oi_svdd_as_elm_revision,n16,B2,317,3.174608,3.470714,-0.296106,36.511,36.92194456268332,-0.41094456268331925
pi4b8g,fit,oi_svdd_as_elm_revision,n16,B2,318,3.163535,3.470714,-0.3071790000000001,36.024,36.921924226469216,-0.8979242264692147
pi4b8g,fit,oi_svdd_as_elm_revision,n16,B2,319,3.2042,3.470714,-0.2665139999999999,36.998,36.52377396698695,0.47422603301304633
pi4b8g,fit,lucid_revision,n512,B1,320,158.620223,168.015604,-9.395380999999986,36.024,36.48022490990406,-0.4562249099040585
pi4b8g,fit,lucid_revision,n512,B1,321,158.457855,168.015604,-9.557749000000001,36.511,36.47992671154658,0.03107328845342039
pi4b8g,fit,lucid_revision,n512,B1,322,158.105769,168.015604,-9.909834999999987,36.024,36.877505028092536,-0.8535050280925347
pi4b8g,fit,lucid_revision,n512,B1,323,158.264747,168.015604,-9.750856999999996,37.485,36.47957205737572,1.00542794262428
pi4b8g,fit,lucid_revision,n512,B1,324,157.763108,168.015604,-10.252496000000008,36.998,37.673325597344316,-0.6753255973443189
pi4b8g,fit,lucid_revision,n512,B1,325,158.122454,168.015604,-9.893149999999991,36.998,37.27576061421428,-0.2777606142142801
pi4b8g,fit,lucid_revision,n512,B1,326,157.944253,168.015604,-10.071350999999993,36.511,37.27543333762345,-0.7644333376234442
pi4b8g,fit,lucid_revision,n512,B1,327,158.433096,168.015604,-9.58250799999999,36.511,36.878106183330985,-0.3671061833309821
pi4b8g,fit,lucid_revision,n512,B1,328,158.064066,168.015604,-9.951538,36.511,36.87742843808649,-0.36642843808648706
pi4b8g,fit,lucid_revision,n512,B1,329,158.382171,168.015604,-9.633432999999997,36.511,37.67446254286174,-1.163462542861737
pi4b8g,fit,lucid_revision,n512,B1,330,157.790478,168.015604,-10.225125999999989,36.024,36.87692597767418,-0.8529259776741824
pi4b8g,fit,lucid_revision,n512,B1,331,158.212896,168.015604,-9.802707999999996,37.485,36.47947682997233,1.005523170027672
pi4b8g,fit,lucid_revision,n512,B1,332,158.690313,168.015604,-9.325290999999993,37.485,37.67502846372219,-0.19002846372219295
pi4b8g,fit,lucid_revision,n512,B1,333,158.372857,168.015604,-9.642746999999986,36.024,37.674445437154326,-1.6504454371543247
pi4b8g,fit,lucid_revision,n512,B1,334,157.840404,168.015604,-10.17519999999999,37.485,36.47879272656173,1.006207273438271
pi4b8g,fit,lucid_revision,n512,B1,335,158.006752,168.015604,-10.00885199999999,37.485,37.673773063843925,-0.18877306384392512
pi4b8g,fit,lucid_revision,n512,B1,336,158.319172,168.015604,-9.696431999999987,37.485,37.67434684150234,-0.18934684150234204
pi4b8g,fit,lucid_revision,n512,B1,337,160.558094,168.015604,-7.457509999999985,37.485,37.67845875310386,-0.19345875310386162
pi4b8g,fit,lucid_revision,n512,B1,338,158.043307,168.015604,-9.972296999999998,37.485,37.67384019924596,-0.18884019924595918
pi4b8g,fit,lucid_revision,n512,B1,339,163.327136,168.015604,-4.688468,38.459,37.68354426118538,0.775455738814621
pi4b8g,fit,lucid_revision,n512,B1,340,168.015604,168.015604,0.0,38.459,38.488604794001695,-0.029604794001691914
pi4b8g,fit,lucid_revision,n512,B1,341,163.001049,168.015604,-5.014555000000001,37.485,38.4793952695605,-0.9943952695604992
pi4b8g,fit,lucid_revision,n512,B1,342,160.06464,168.015604,-7.950963999999999,37.972,37.67755249588391,0.2944475041160928
pi4b8g,fit,lucid_revision,n512,B1,343,157.857662,168.015604,-10.157941999999991,37.485,38.07172419445283,-0.5867241944528274
pi4b8g,fit,lucid_revision,n512,B1,344,158.165972,168.015604,-9.849631999999986,36.998,37.67406548071472,-0.6760654807147191
pi4b8g,fit,lucid_revision,n512,B1,345,158.11875,168.015604,-9.89685399999999,38.459,37.27575381160098,1.1832461883990248
pi4b8g,fit,lucid_revision,n512,B1,346,157.797922,168.015604,-10.217681999999996,37.972,38.469839421578534,-0.4978394215785329
pi4b8g,fit,lucid_revision,n512,B1,347,158.209767,168.015604,-9.805836999999997,37.972,38.072370855941905,-0.10037085594190387
pi4b8g,fit,lucid_revision,n512,B1,348,159.723591,168.015604,-8.292012999999997,36.998,38.07515108252785,-1.0771510825278554
pi4b8g,fit,lucid_revision,n512,B1,349,160.058011,168.015604,-7.957593000000003,37.972,37.279315378196095,0.692684621803906
pi4b8g,fit,lucid_revision,n512,B1,350,157.988716,168.015604,-10.026887999999985,38.459,38.07196488281224,0.3870351171877644
pi4b8g,fit,lucid_revision,n512,B1,351,157.936217,168.015604,-10.079386999999997,36.998,38.47009340845925,-1.4720934084592514
pi4b8g,fit,lucid_revision,n512,B1,352,159.850089,168.015604,-8.165515,37.972,37.27893351724515,0.6930664827548512
pi4b8g,fit,lucid_revision,n512,B1,353,159.933087,168.015604,-8.082516999999996,37.972,38.07553583422214,-0.10353583422213575
pi4b8g,fit,lucid_revision,n512,B1,354,157.94192,168.015604,-10.073683999999986,37.485,38.07187893921291,-0.5868789392129088
pi4b8g,fit,lucid_revision,n512,B1,355,157.958031,168.015604,-10.05757299999999,37.972,37.67368358486916,0.2983164151308415
pi4b8g,fit,lucid_revision,n512,B1,356,157.825052,168.015604,-10.190551999999997,38.459,38.071664304274734,0.3873356957252696
pi4b8g,fit,lucid_revision,n512,B1,357,160.510391,168.015604,-7.505212999999998,38.459,38.474821030026646,-0.015821030026643257
pi4b8g,fit,lucid_revision,n512,B1,358,159.932439,168.015604,-8.083165000000008,38.459,38.47375958727253,-0.014759587272529018
pi4b8g,fit,lucid_revision,n512,B1,359,157.950086,168.015604,-10.065517999999997,37.972,38.470118879691384,-0.4981188796913827
pi4b8g,fit,fisvdd_revision,n512,B0,360,26.315237,29.248146,-2.9329089999999987,36.511,38.171755126358896,-1.660755126358893
pi4b8g,fit,fisvdd_revision,n512,B0,361,26.226091,29.248146,-3.022054999999998,36.024,36.578691631938426,-0.5546916319384252
pi4b8g,fit,fisvdd_revision,n512,B0,362,25.993298,29.248146,-3.254847999999999,36.998,36.18003915079649,0.8179608492035086
pi4b8g,fit,fisvdd_revision,n512,B0,363,29.248146,29.248146,0.0,37.485,36.9824667563781,0.5025332436218974
pi4b8g,fit,fisvdd_revision,n512,B0,364,26.137684,29.248146,-3.1104619999999983,36.024,37.37497915357726,-1.3509791535772564
pi4b8g,fit,fisvdd_revision,n512,B0,365,25.927855,29.248146,-3.3202909999999974,37.485,36.17991896088771,1.305081039112288
pi4b8g,fit,fisvdd_revision,n512,B0,366,26.1155,29.248146,-3.1326459999999976,36.511,37.374938411359814,-0.8639384113598112
pi4b8g,fit,fisvdd_revision,n512,B0,367,26.038001,29.248146,-3.210144999999997,37.485,36.57834619361894,0.9066538063810583
pi4b8g,fit,fisvdd_revision,n512,B0,368,27.468845,29.248146,-1.7793009999999967,35.537,37.377423908847604,-1.8404239088476047
pi4b8g,fit,fisvdd_revision,n512,B0,369,26.464586,29.248146,-2.783559999999998,36.511,35.782679755716636,0.728320244283367
pi4b8g,fit,fisvdd_revision,n512,B0,370,27.995002,29.248146,-1.253143999999999,36.998,36.581940340764795,0.41605965923520216
pi4b8g,fit,fisvdd_revision,n512,B0,371,27.866634,29.248146,-1.3815119999999972,37.972,36.979929528542364,0.9920704714576374
pi4b8g,fit,fisvdd_revision,n512,B0,372,26.401809,29.248146,-2.8463369999999983,36.511,37.77368917777532,-1.2626891777753144
pi4b8g,fit,fisvdd_revision,n512,B0,373,27.206979,29.248146,-2.041166999999998,36.024,36.580493090295164,-0.556493090295163
pi4b8g,fit,fisvdd_revision,n512,B0,374,26.115574,29.248146,-3.1325719999999997,36.998,36.18026371784393,0.8177362821560692
pi4b8g,fit,fisvdd_revision,n512,B0,375,25.983928,29.248146,-3.2642179999999996,36.511,36.976471828522605,-0.4654718285226025
pi4b8g,fit,fisvdd_revision,n512,B0,376,26.024242,29.248146,-3.2239039999999974,36.024,36.57832092440826,-0.554320924408259
pi4b8g,fit,fisvdd_revision,n512,B0,377,26.071778,29.248146,-3.176368,36.511,36.18018328392059,0.3308167160794113
pi4b8g,fit,fisvdd_revision,n512,B0,378,26.065427,29.248146,-3.1827189999999987,36.024,36.578396563076915,-0.5543965630769137
pi4b8g,fit,fisvdd_revision,n512,B0,379,26.07613,29.248146,-3.1720159999999993,36.024,36.1801912766239,-0.15619127662390042
pi4b8g,fit,fisvdd_revision,n512,B0,380,26.271423,29.248146,-2.976723,36.024,36.18054994367546,-0.15654994367545783
pi4b8g,fit,fisvdd_revision,n512,B0,381,26.053056,29.248146,-3.195089999999997,36.024,36.180148899869245,-0.15614889986924396
pi4b8g,fit,fisvdd_revision,n512,B0,382,26.054242,29.248146,-3.193904,36.511,36.180151078027826,0.3308489219721764
pi4b8g,fit,fisvdd_revision,n512,B0,383,27.248757,29.248146,-1.9993889999999972,36.511,36.58056981804311,-0.06956981804310658
pi4b8g,fit,fisvdd_revision,n512,B0,384,26.124369,29.248146,-3.123776999999997,36.998,36.5785048135178,0.4194951864821945
pi4b8g,fit,fisvdd_revision,n512,B0,385,26.156629,29.248146,-3.0915169999999996,35.05,36.976789004040775,-1.9267890040407778
pi4b8g,fit,fisvdd_revision,n512,B0,386,26.103148,29.248146,-3.1449979999999975,36.998,35.38379101048512,1.6142089895148786
pi4b8g,fit,fisvdd_revision,n512,B0,387,26.129685,29.248146,-3.118461,35.537,36.97673951980408,-1.4397395198040783
pi4b8g,fit,fisvdd_revision,n512,B0,388,26.102259,29.248146,-3.1458869999999983,35.537,35.78201432092487,-0.24501432092487363
pi4b8g,fit,fisvdd_revision,n512,B0,389,26.238312,29.248146,-3.009833999999998,36.024,35.78226419024106,0.24173580975894282
pi4b8g,fit,fisvdd_revision,n512,B0,390,26.418661,29.248146,-2.8294849999999983,36.024,36.18082035490031,-0.15682035490031154
pi4b8g,fit,fisvdd_revision,n512,B0,391,26.195276,29.248146,-3.0528699999999986,35.537,36.18041009524272,-0.6434100952427215
pi4b8g,fit,fisvdd_revision,n512,B0,392,26.266404,29.248146,-2.981741999999997,35.537,35.7823157828471,-0.24531578284710065
pi4b8g,fit,fisvdd_revision,n512,B0,393,26.261294,29.248146,-2.986851999999999,35.05,35.78230639803232,-0.7323063980323212
pi4b8g,fit,fisvdd_revision,n512,B0,394,26.002761,29.248146,-3.245384999999999,36.024,35.383606643870316,0.6403933561296853
pi4b8g,fit,fisvdd_revision,n512,B0,395,26.182294,29.248146,-3.0658519999999996,35.537,36.180386253038115,-0.6433862530381163
pi4b8g,fit,fisvdd_revision,n512,B0,396,26.144777,29.248146,-3.103368999999997,35.05,35.78209240772623,-0.7320924077262347
pi4b8g,fit,fisvdd_revision,n512,B0,397,25.993946,29.248146,-3.2541999999999973,36.024,35.383590454605674,0.640409545394327
pi4b8g,fit,fisvdd_revision,n512,B0,398,26.167221,29.248146,-3.080924999999997,35.537,36.57858351372976,-1.041583513729762
pi4b8g,fit,fisvdd_revision,n512,B0,399,26.086204,29.248146,-3.161942,36.511,35.78198483497549,0.7290151650245136
pi4b8g,fit,tinydl_revision,n64,B1,400,4.412252,5.721395,-1.3091430000000006,36.024,35.94265527337318,0.08134472662682413
pi4b8g,fit,tinydl_revision,n64,B1,401,4.308994,5.721395,-1.412401,35.05,36.34069057713886,-1.2906905771388608
pi4b8g,fit,tinydl_revision,n64,B1,402,4.212811,5.721395,-1.508584,36.024,35.54406404513586,0.4799359548641391
pi4b8g,fit,tinydl_revision,n64,B1,403,4.218515,5.721395,-1.5028800000000002,36.511,36.34052440714731,0.17047559285268932
pi4b8g,fit,tinydl_revision,n64,B1,404,4.248162,5.721395,-1.4732330000000005,36.998,36.738803798742495,0.2591962012575024
pi4b8g,fit,tinydl_revision,n64,B1,405,5.721395,5.721395,0.0,36.024,37.13973442071604,-1.1157344207160378
pi4b8g,fit,tinydl_revision,n64,B1,406,4.189478,5.721395,-1.531917,35.537,36.34047107899333,-0.8034710789933328
pi4b8g,fit,tinydl_revision,n64,B1,407,4.255088,5.721395,-1.4663070000000005,36.511,35.942366632467,0.5686333675330033
pi4b8g,fit,tinydl_revision,n64,B1,408,4.294717,5.721395,-1.426678,36.024,36.73888929973119,-0.7148892997311904
pi4b8g,fit,tinydl_revision,n64,B1,409,4.214571,5.721395,-1.506824,36.024,36.34051716375994,-0.31651716375994
pi4b8g,fit,tinydl_revision,n64,B1,410,4.179979,5.721395,-1.541416,36.024,36.34045363352257,-0.3164536335225705
pi4b8g,fit,tinydl_revision,n64,B1,411,4.206163,5.721395,-1.5152320000000001,35.537,36.340501721974675,-0.8035017219746763
pi4b8g,fit,tinydl_revision,n64,B1,412,4.218015,5.721395,-1.50338,36.024,35.942298545727574,0.08170145427242659
pi4b8g,fit,tinydl_revision,n64,B1,413,4.194293,5.721395,-1.5271020000000002,36.998,36.340479922023306,0.6575200779766917
pi4b8g,fit,tinydl_revision,n64,B1,414,4.215663,5.721395,-1.505732,35.05,37.136969055562815,-2.086969055562818
pi4b8g,fit,tinydl_revision,n64,B1,415,4.264051,5.721395,-1.457344,35.537,35.544158150401906,-0.007158150401906482
pi4b8g,fit,tinydl_revision,n64,B1,416,4.219422,5.721395,-1.5019730000000004,35.537,35.94230112976562,-0.4053011297656184
pi4b8g,fit,tinydl_revision,n64,B1,417,4.198738,5.721395,-1.5226570000000006,35.05,35.94226314238617,-0.8922631423861702
pi4b8g,fit,tinydl_revision,n64,B1,418,4.225126,5.721395,-1.4962689999999998,36.511,35.54408666235584,0.966913337644165
pi4b8g,fit,tinydl_revision,n64,B1,419,4.234403,5.721395,-1.4869919999999999,35.537,36.738778529531814,-1.2017785295318149
pi4b8g,fit,tinydl_revision,n64,B1,420,4.203108,5.721395,-1.518287,36.511,35.94227116814754,0.5687288318524608
pi4b8g,fit,tinydl_revision,n64,B1,421,4.167127,5.721395,-1.5542680000000004,36.511,36.738654973211,-0.2276549732109956
pi4b8g,fit,tinydl_revision,n64,B1,422,4.231293,5.721395,-1.4901020000000003,35.537,36.73877281783436,-1.2017728178343603
pi4b8g,fit,tinydl_revision,n64,B1,423,4.196145,5.721395,-1.5252500000000007,36.024,35.94225838018955,0.08174161981045103
pi4b8g,fit,tinydl_revision,n64,B1,424,4.192367,5.721395,-1.5290280000000003,36.024,36.340476384811325,-0.3164763848113239
pi4b8g,fit,tinydl_revision,n64,B1,425,4.257477,5.721395,-1.4639180000000005,36.024,36.34059596314606,-0.31659596314605665
pi4b8g,fit,tinydl_revision,n64,B1,426,4.214163,5.721395,-1.5072320000000001,36.511,36.340516414444,0.1704835855560063
pi4b8g,fit,tinydl_revision,n64,B1,427,4.216256,5.721395,-1.5051390000000007,36.998,36.7387452015017,0.25925479849829713
pi4b8g,fit,tinydl_revision,n64,B1,428,4.249866,5.721395,-1.4715290000000003,36.511,37.137031871378866,-0.6260318713788635
pi4b8g,fit,tinydl_revision,n64,B1,429,4.211386,5.721395,-1.5100090000000002,35.537,36.340511314320594,-0.8035113143205947
pi4b8g,fit,tinydl_revision,n64,B1,430,4.201052,5.721395,-1.5203430000000004,34.563,35.94226739218293,-1.3792673921829248
pi4b8g,fit,tinydl_revision,n64,B1,431,4.2377,5.721395,-1.483695,35.05,35.14588481210409,-0.09588481210409583
pi4b8g,fit,tinydl_revision,n64,B1,432,4.231662,5.721395,-1.4897330000000002,35.537,35.544098666103274,-0.007098666103274809
pi4b8g,fit,tinydl_revision,n64,B1,433,4.25507,5.721395,-1.4663250000000003,36.998,35.94236659940894,1.0556334005910557
pi4b8g,fit,tinydl_revision,n64,B1,434,4.214329,5.721395,-1.507066,35.537,37.13696660559356,-1.5999666055935577
pi4b8g,fit,tinydl_revision,n64,B1,435,4.278459,5.721395,-1.4429360000000004,35.537,35.94240955467958,-0.4054095546795793
pi4b8g,fit,tinydl_revision,n64,B1,436,4.222996,5.721395,-1.498399,36.024,35.94230769362629,0.08169230637371072
pi4b8g,fit,tinydl_revision,n64,B1,437,4.204404,5.721395,-1.516991,36.024,36.34049849146798,-0.31649849146798203
pi4b8g,fit,tinydl_revision,n64,B1,438,4.203922,5.721395,-1.5174729999999998,35.537,36.3404976062467,-0.803497606246701
pi4b8g,fit,tinydl_revision,n64,B1,439,4.22344,5.721395,-1.4979550000000001,36.024,35.942308509058336,0.08169149094166528
pi4b8g,fit,lucid_revision,n1024,B2,440,336.759825,336.759825,0.0,36.998,37.39231856290464,-0.39431856290464395
pi4b8g,fit,lucid_revision,n1024,B2,441,291.527104,336.759825,-45.23272099999997,37.972,37.707470960307376,0.26452903969262564
pi4b8g,fit,lucid_revision,n1024,B2,442,313.191352,336.759825,-23.568472999999983,37.972,38.543708508994186,-0.5717085089941847
pi4b8g,fit,lucid_revision,n1024,B2,443,313.262962,336.759825,-23.496862999999962,37.972,38.543840024960254,-0.5718400249602524
pi4b8g,fit,lucid_revision,n1024,B2,444,311.631919,336.759825,-25.127905999999996,38.946,38.54084451880404,0.4051554811959548
pi4b8g,fit,lucid_revision,n1024,B2,445,312.926709,336.759825,-23.83311599999996,38.946,39.339672362879966,-0.3936723628799683
pi4b8g,fit,lucid_revision,n1024,B2,446,314.446477,336.759825,-22.313347999999962,39.433,39.34246350597062,0.09053649402937936
pi4b8g,fit,lucid_revision,n1024,B2,447,313.254555,336.759825,-23.505269999999996,39.433,39.73849941443278,-0.3054994144327807
pi4b8g,fit,lucid_revision,n1024,B2,448,313.393237,336.759825,-23.36658799999998,38.946,39.34052916892128,-0.39452916892128087
pi4b8g,fit,lucid_revision,n1024,B2,449,314.044337,336.759825,-22.715487999999993,39.433,39.34172495226869,0.09127504773130823
pi4b8g,fit,lucid_revision,n1024,B2,450,313.013615,336.759825,-23.746209999999962,39.433,39.738056913987805,-0.305056913987805
pi4b8g,fit,lucid_revision,n1024,B2,451,314.469995,336.759825,-22.289829999999995,40.407,39.74073164129774,0.6662683587022542
pi4b8g,fit,lucid_revision,n1024,B2,452,311.706917,336.759825,-25.052908000000002,39.92,40.532106972732926,-0.6121069727329242
pi4b8g,fit,lucid_revision,n1024,B2,453,313.151575,336.759825,-23.608249999999998,38.946,40.13653522876177,-1.1905352287617745
pi4b8g,fit,lucid_revision,n1024,B2,454,311.662492,336.759825,-25.097332999999992,41.381,40.53202538361419,0.8489746163858101
pi4b8g,fit,lucid_revision,n1024,B2,455,314.13415,336.759825,-22.625675,40.407,41.3330146148142,-0.926014614814207
pi4b8g,fit,lucid_revision,n1024,B2,456,312.205241,336.759825,-24.554583999999977,40.407,40.53302217399358,-0.12602217399358295
pi4b8g,fit,lucid_revision,n1024,B2,457,312.751028,336.759825,-24.00879699999996,39.433,40.5340245438382,-1.1010245438382
pi4b8g,fit,lucid_revision,n1024,B2,458,311.159724,336.759825,-25.600100999999995,40.894,39.734652134406,1.1593478655940004
pi4b8g,fit,lucid_revision,n1024,B2,459,314.214334,336.759825,-22.54549099999997,39.433,40.934936934293866,-1.501936934293866
pi4b8g,fit,lucid_revision,n1024,B2,460,311.372757,336.759825,-25.387068,39.92,39.735043382008286,0.18495661799171614
pi4b8g,fit,lucid_revision,n1024,B2,461,314.0333,336.759825,-22.72652499999998,40.894,40.13815456845152,0.7558454315484795
pi4b8g,fit,lucid_revision,n1024,B2,462,312.780119,336.759825,-23.979705999999965,40.407,40.93230291430676,-0.5253029143067636
pi4b8g,fit,lucid_revision,n1024,B2,463,313.570846,336.759825,-23.18897899999996,40.894,40.53553018769062,0.35846981230938013
pi4b8g,fit,lucid_revision,n1024,B2,464,312.731102,336.759825,-24.028722999999957,40.407,40.93221289171063,-0.5252128917106305
pi4b8g,fit,lucid_revision,n1024,B2,465,313.206779,336.759825,-23.553045999999995,40.407,40.534861557286774,-0.12786155728677784
pi4b8g,fit,lucid_revision,n1024,B2,466,312.506161,336.759825,-24.253663999999958,41.381,40.53357483122734,0.8474251687726593
pi4b8g,fit,lucid_revision,n1024,B2,467,313.182871,336.759825,-23.576954,40.894,41.331267535123004,-0.43726753512300576
pi4b8g,fit,lucid_revision,n1024,B2,468,313.138668,336.759825,-23.621156999999982,40.894,40.93296141057988,-0.038961410579879896
pi4b8g,fit,lucid_revision,n1024,B2,469,313.708158,336.759825,-23.051666999999952,39.92,40.93400731237456,-1.0140073123745594
pi4b8g,fit,lucid_revision,n1024,B2,470,311.124835,336.759825,-25.63498999999996,40.407,40.13281300185112,0.2741869981488776
pi4b8g,fit,lucid_revision,n1024,B2,471,312.458736,336.759825,-24.30108899999999,40.894,40.53348773243261,0.36051226756738686
pi4b8g,fit,lucid_revision,n1024,B2,472,311.627104,336.759825,-25.132721000000004,41.868,40.930185334616525,0.9378146653834776
pi4b8g,fit,lucid_revision,n1024,B2,473,312.384812,336.759825,-24.375012999999967,40.894,41.728026796091015,-0.8340267960910168
pi4b8g,fit,lucid_revision,n1024,B2,474,312.893284,336.759825,-23.866540999999984,41.381,40.93251074846819,0.44848925153181085
pi4b8g,fit,lucid_revision,n1024,B2,475,313.50081,336.759825,-23.259014999999977,41.381,41.3318514487487,0.049148551251299466
pi4b8g,fit,lucid_revision,n1024,B2,476,311.368479,336.759825,-25.391346,41.868,41.32793529777195,0.5400647022280509
pi4b8g,fit,lucid_revision,n1024,B2,477,315.94908,336.759825,-20.810744999999997,41.868,41.73457278337423,0.13342721662576906
pi4b8g,fit,lucid_revision,n1024,B2,478,312.643066,336.759825,-24.116759000000002,42.355,41.72850109471274,0.6264989052872565
pi4b8g,fit,lucid_revision,n1024,B2,479,313.238352,336.759825,-23.521472999999958,41.868,42.12781931551517,-0.25981931551516624
pi4b8g,fit,fisvdd_revision,n1,B2,480,1.881076,2.052518,-0.1714420000000001,40.894,39.318336522640465,1.5756634773595337
pi4b8g,fit,fisvdd_revision,n1,B2,481,1.675377,2.052518,-0.37714100000000017,39.92,40.51263357378066,-0.5926335737806596
pi4b8g,fit,fisvdd_revision,n1,B2,482,1.609544,2.052518,-0.442974,39.92,39.716062781333186,0.20393721866681602
pi4b8g,fit,fisvdd_revision,n1,B2,483,1.579471,2.052518,-0.473047,39.433,39.71600755050443,-0.28300755050442916
pi4b8g,fit,fisvdd_revision,n1,B2,484,1.681784,2.052518,-0.3707340000000001,38.946,39.3179705111908,-0.3719705111908027
pi4b8g,fit,fisvdd_revision,n1,B2,485,1.609822,2.052518,-0.442696,38.946,38.91961340561567,0.02638659438432711
pi4b8g,fit,fisvdd_revision,n1,B2,486,1.680154,2.052518,-0.37236400000000014,39.433,38.91974257445977,0.5132574255402318
pi4b8g,fit,fisvdd_revision,n1,B2,487,2.052518,2.052518,0.0,39.92,39.31865138593127,0.6013486140687334
pi4b8g,fit,fisvdd_revision,n1,B2,488,1.633155,2.052518,-0.41936300000000015,38.946,39.71610614431985,-0.770106144319854
pi4b8g,fit,fisvdd_revision,n1,B2,489,1.570971,2.052518,-0.48154700000000017,38.459,38.91954205347494,-0.4605420534749385
pi4b8g,fit,fisvdd_revision,n1,B2,490,1.615655,2.052518,-0.436863,39.433,39.716074004543195,-0.2830740045431952
pi4b8g,fit,fisvdd_revision,n1,B2,491,1.651822,2.052518,-0.40069600000000016,39.433,39.31791548422005,0.11508451577994805
pi4b8g,fit,fisvdd_revision,n1,B2,492,1.574138,2.052518,-0.47838,38.946,39.31777281299665,-0.3717728129966531
pi4b8g,fit,fisvdd_revision,n1,B2,493,1.63147,2.052518,-0.4210480000000001,38.459,38.91965316343767,-0.4606531634376694
pi4b8g,fit,fisvdd_revision,n1,B2,494,1.647933,2.052518,-0.404585,39.433,38.52145845556258,0.9115415444374193
pi4b8g,fit,fisvdd_revision,n1,B2,495,1.567583,2.052518,-0.4849350000000001,39.433,38.919535831214176,0.5134641687858235
pi4b8g,fit,fisvdd_revision,n1,B2,496,1.584323,2.052518,-0.46819500000000014,39.92,39.31779151834666,0.6022084816533422
pi4b8g,fit,fisvdd_revision,n1,B2,497,1.639359,2.052518,-0.41315900000000005,39.433,39.71611753832981,-0.2831175383298117
pi4b8g,fit,fisvdd_revision,n1,B2,498,1.615415,2.052518,-0.437103,39.433,39.3178486206287,0.11515137937129793
pi4b8g,fit,fisvdd_revision,n1,B2,499,1.604137,2.052518,-0.44838100000000014,39.433,39.31782790792007,0.11517209207993062
pi4b8g,fit,fisvdd_revision,n1,B2,500,1.6446,2.052518,-0.407918,39.433,39.31790222059337,0.11509777940663213
pi4b8g,fit,fisvdd_revision,n1,B2,501,1.627007,2.052518,-0.425511,38.946,39.31786991001676,-0.3718699100167626
pi4b8g,fit,fisvdd_revision,n1,B2,502,1.584933,2.052518,-0.46758500000000014,38.459,38.919567695507034,-0.4605676955070308
pi4b8g,fit,fisvdd_revision,n1,B2,503,1.65858,2.052518,-0.3939380000000001,38.946,38.5214780094027,0.4245219905972988
pi4b8g,fit,fisvdd_revision,n1,B2,504,1.596618,2.052518,-0.45589999999999997,38.946,38.91958915569504,0.026410844304955106
pi4b8g,fit,fisvdd_revision,n1,B2,505,1.569175,2.052518,-0.4833430000000001,39.92,38.91953875501557,1.0004612449844288
pi4b8g,fit,fisvdd_revision,n1,B2,506,1.668618,2.052518,-0.38390000000000013,39.433,39.71617127419982,-0.28317127419982313
pi4b8g,fit,fisvdd_revision,n1,B2,507,1.58997,2.052518,-0.46254799999999996,38.946,39.31780188939345,-0.3718018893934527
pi4b8g,fit,fisvdd_revision,n1,B2,508,1.642766,2.052518,-0.4097520000000001,38.946,38.91967390920436,0.026326090795635082
pi4b8g,fit,fisvdd_revision,n1,B2,509,1.658691,2.052518,-0.39382700000000015,39.433,38.91970315640112,0.5132968435988801
pi4b8g,fit,fisvdd_revision,n1,B2,510,1.614507,2.052518,-0.43801100000000015,37.972,39.31784695303343,-1.3458469530334298
pi4b8g,fit,fisvdd_revision,n1,B2,511,1.630322,2.052518,-0.422196,38.946,38.1232011687875,0.822798831212495
pi4b8g,fit,fisvdd_revision,n1,B2,512,1.639117,2.052518,-0.41340100000000013,38.946,38.91966720760179,0.026332792398207516
pi4b8g,fit,fisvdd_revision,n1,B2,513,1.599915,2.052518,-0.4526030000000001,38.946,38.919595210828966,0.02640478917103195
pi4b8g,fit,fisvdd_revision,n1,B2,514,1.597323,2.052518,-0.455195,38.946,38.9195904504689,0.026409549531095422
pi4b8g,fit,fisvdd_revision,n1,B2,515,1.622192,2.052518,-0.430326,38.946,38.91963612384637,0.026363876153631338
pi4b8g,fit,fisvdd_revision,n1,B2,516,1.592341,2.052518,-0.46017700000000006,38.459,38.91958130073363,-0.46058130073362946
pi4b8g,fit,fisvdd_revision,n1,B2,517,1.619266,2.052518,-0.43325199999999997,37.972,38.521405806935306,-0.5494058069353045
pi4b8g,fit,fisvdd_revision,n1,B2,518,1.65021,2.052518,-0.4023080000000001,38.459,38.12323769426625,0.335762305733752
pi4b8g,fit,fisvdd_revision,n1,B2,519,1.604397,2.052518,-0.448121,37.972,38.521378499144504,-0.5493784991445025
pi4b8g,fit,oi_svdd_as_elm_revision,n64,B2,520,7.844559,7.865966,-0.021406999999999954,39.92,38.1212693910797,1.7987306089203017
pi4b8g,fit,oi_svdd_as_elm_revision,n64,B2,521,7.662229,7.865966,-0.20373700000000028,39.433,39.71383430389977,-0.2808343038997734
pi4b8g,fit,oi_svdd_as_elm_revision,n64,B2,522,7.62497,7.865966,-0.240996,38.459,39.31554093242003,-0.8565409324200246
pi4b8g,fit,oi_svdd_as_elm_revision,n64,B2,523,7.649804,7.865966,-0.21616200000000063,38.946,38.51913665523712,0.4268633447628787
pi4b8g,fit,oi_svdd_as_elm_revision,n64,B2,524,7.651526,7.865966,-0.21444000000000063,38.459,38.91736476093155,-0.4583647609315449
pi4b8g,fit,oi_svdd_as_elm_revision,n64,B2,525,7.657525,7.865966,-0.20844100000000054,37.972,38.519150835306576,-0.5471508353065744
pi4b8g,fit,oi_svdd_as_elm_revision,n64,B2,526,7.608304,7.865966,-0.25766199999999984,38.459,38.12083549491207,0.3381645050879314
pi4b8g,fit,oi_svdd_as_elm_revision,n64,B2,527,7.613767,7.865966,-0.25219900000000006,38.459,38.51907047117247,-0.060070471172466
pi4b8g,fit,oi_svdd_as_elm_revision,n64,B2,528,7.637359,7.865966,-0.22860700000000023,38.946,38.51911379926452,0.4268862007354812
pi4b8g,fit,oi_svdd_as_elm_revision,n64,B2,529,7.631303,7.865966,-0.2346630000000003,38.946,38.91732762020564,0.028672379794357994
pi4b8g,fit,oi_svdd_as_elm_revision,n64,B2,530,7.857096,7.865966,-0.008869999999999933,38.946,38.91774230229651,0.02825769770348785
pi4b8g,fit,oi_svdd_as_elm_revision,n64,B2,531,7.639062,7.865966,-0.22690400000000022,38.946,38.917341870064334,0.02865812993566408
pi4b8g,fit,oi_svdd_as_elm_revision,n64,B2,532,7.634192,7.865966,-0.2317740000000006,38.459,38.917332926023626,-0.45833292602362263
pi4b8g,fit,oi_svdd_as_elm_revision,n64,B2,533,7.596693,7.865966,-0.2692730000000001,38.459,38.51903911376981,-0.060039113769803976
pi4b8g,fit,oi_svdd_as_elm_revision,n64,B2,534,7.665525,7.865966,-0.20044100000000054,38.946,38.519165527775904,0.426834472224094
pi4b8g,fit,oi_svdd_as_elm_revision,n64,B2,535,7.694544,7.865966,-0.17142200000000063,38.459,38.91744376601224,-0.4584437660122376
pi4b8g,fit,oi_svdd_as_elm_revision,n64,B2,536,7.604415,7.865966,-0.26155099999999987,38.459,38.519053295675825,-0.060053295675821516
pi4b8g,fit,oi_svdd_as_elm_revision,n64,B2,537,7.641433,7.865966,-0.2245330000000001,38.946,38.51912128140452,0.426878718595475
pi4b8g,fit,oi_svdd_as_elm_revision,n64,B2,538,7.643952,7.865966,-0.2220140000000006,38.459,38.91735085083621,-0.4583508508362044
pi4b8g,fit,oi_svdd_as_elm_revision,n64,B2,539,7.627137,7.865966,-0.23882899999999996,38.946,38.51909502596183,0.4269049740381661
pi4b8g,fit,oi_svdd_as_elm_revision,n64,B2,540,7.694339,7.865966,-0.17162699999999997,38.459,38.91744338951771,-0.45844338951770425
pi4b8g,fit,oi_svdd_as_elm_revision,n64,B2,541,7.648914,7.865966,-0.2170519999999998,39.433,38.519135020699906,0.9138649793000937
pi4b8g,fit,oi_svdd_as_elm_revision,n64,B2,542,7.627767,7.865966,-0.23819899999999983,38.459,39.31554606927461,-0.8565460692746072
pi4b8g,fit,oi_svdd_as_elm_revision,n64,B2,543,7.6611,7.865966,-0.204866,38.459,38.51915740100381,-0.0601574010038064
pi4b8g,fit,oi_svdd_as_elm_revision,n64,B2,544,7.656248,7.865966,-0.20971800000000052,39.433,38.51914849002116,0.9138515099788407
pi4b8g,fit,oi_svdd_as_elm_revision,n64,B2,545,7.662488,7.865966,-0.2034780000000005,38.946,39.31560983642805,-0.36960983642805445
pi4b8g,fit,oi_svdd_as_elm_revision,n64,B2,546,7.640285,7.865966,-0.2256809999999998,39.433,38.51911917303517,0.913880826964828
pi4b8g,fit,oi_svdd_as_elm_revision,n64,B2,547,7.620878,7.865966,-0.24508799999999997,38.946,39.315533417221964,-0.369533417221966
pi4b8g,fit,oi_svdd_as_elm_revision,n64,B2,548,7.638766,7.865966,-0.22719999999999985,38.946,38.917341326442966,0.028658673557032444
pi4b8g,fit,oi_svdd_as_elm_revision,n64,B2,549,7.662173,7.865966,-0.2037930000000001,37.972,38.91738431477166,-0.9453843147716583
pi4b8g,fit,oi_svdd_as_elm_revision,n64,B2,550,7.865966,7.865966,0.0,37.485,38.12130870629106,-0.6363087062910608
pi4b8g,fit,oi_svdd_as_elm_revision,n64,B2,551,7.663081,7.865966,-0.2028850000000002,39.433,37.722711152945706,1.7102888470542936
pi4b8g,fit,oi_svdd_as_elm_revision,n64,B2,552,7.622785,7.865966,-0.24318099999999987,38.459,39.31553691953934,-0.8565369195393373
pi4b8g,fit,oi_svdd_as_elm_revision,n64,B2,553,7.629711,7.865966,-0.23625499999999988,38.459,38.51909975326384,-0.06009975326383454
pi4b8g,fit,oi_svdd_as_elm_revision,n64,B2,554,7.676581,7.865966,-0.18938500000000058,37.485,38.519185832768514,-1.0341858327685145
pi4b8g,fit,oi_svdd_as_elm_revision,n64,B2,555,7.6276,7.865966,-0.23836600000000008,38.459,37.72264599000768,0.7363540099923256
pi4b8g,fit,oi_svdd_as_elm_revision,n64,B2,556,7.648414,7.865966,-0.2175520000000004,38.946,38.51913410242057,0.4268658975794253
pi4b8g,fit,oi_svdd_as_elm_revision,n64,B2,557,7.630322,7.865966,-0.23564400000000063,38.946,38.91732581854159,0.028674181458406167
pi4b8g,fit,oi_svdd_as_elm_revision,n64,B2,558,7.618175,7.865966,-0.24779100000000032,38.459,38.91730350986348,-0.4583035098634767
pi4b8g,fit,oi_svdd_as_elm_revision,n64,B2,559,7.844392,7.865966,-0.021574000000000204,39.433,38.51949402751481,0.9135059724851899
pi4b8g,fit,tinydl_revision,n1,B1,560,1.781264,2.287884,-0.5066200000000001,38.459,37.94072794527436,0.5182720547256423
pi4b8g,fit,tinydl_revision,n1,B1,561,1.510695,2.287884,-0.7771890000000001,37.972,38.33845597257308,-0.36645597257307827
pi4b8g,fit,tinydl_revision,n1,B1,562,1.487991,2.287884,-0.799893,37.972,37.94018933220472,0.031810667795284076
pi4b8g,fit,tinydl_revision,n1,B1,563,1.621822,2.287884,-0.6660619999999999,37.485,37.94043512068754,-0.45543512068753955
pi4b8g,fit,tinydl_revision,n1,B1,564,1.513491,2.287884,-0.7743930000000001,37.485,37.54201122131029,-0.05701122131029024
pi4b8g,fit,tinydl_revision,n1,B1,565,1.466065,2.287884,-0.8218190000000001,37.485,37.54192412067899,-0.05692412067899255
pi4b8g,fit,tinydl_revision,n1,B1,566,1.522324,2.287884,-0.76556,38.459,37.54202744363298,0.9169725563670212
pi4b8g,fit,tinydl_revision,n1,B1,567,1.59523,2.287884,-0.6926540000000001,37.972,38.33861122605991,-0.36661122605990926
pi4b8g,fit,tinydl_revision,n1,B1,568,1.481547,2.287884,-0.8063370000000001,37.972,37.94017749742068,0.03182250257932395
pi4b8g,fit,tinydl_revision,n1,B1,569,1.498139,2.287884,-0.7897449999999999,37.972,37.940207969602056,0.03179203039794487
pi4b8g,fit,tinydl_revision,n1,B1,570,1.598304,2.287884,-0.6895800000000001,36.998,37.94039192850084,-0.9423919285008395
pi4b8g,fit,tinydl_revision,n1,B1,571,1.480362,2.287884,-0.8075220000000001,38.946,37.14372543481783,1.8022745651821666
pi4b8g,fit,tinydl_revision,n1,B1,572,1.462473,2.287884,-0.8254110000000001,37.485,38.7365923531815,-1.2515923531815005
pi4b8g,fit,tinydl_revision,n1,B1,573,1.538287,2.287884,-0.7495970000000001,36.998,37.54205676061897,-0.5440567606189717
pi4b8g,fit,tinydl_revision,n1,B1,574,1.477529,2.287884,-0.8103549999999999,37.485,37.14372023184713,0.341279768152873
pi4b8g,fit,tinydl_revision,n1,B1,575,1.480084,2.287884,-0.8078000000000001,38.946,37.54194986739493,1.4040501326050645
pi4b8g,fit,tinydl_revision,n1,B1,576,1.515935,2.287884,-0.771949,37.972,38.7366905392809,-0.7646905392808989
pi4b8g,fit,tinydl_revision,n1,B1,577,1.518065,2.287884,-0.769819,37.972,37.940244564870035,0.03175543512996626
pi4b8g,fit,tinydl_revision,n1,B1,578,1.476973,2.287884,-0.8109109999999999,37.972,37.94016909700134,0.031830902998663646
pi4b8g,fit,tinydl_revision,n1,B1,579,1.529528,2.287884,-0.758356,37.972,37.94026561734203,0.031734382657973015
pi4b8g,fit,tinydl_revision,n1,B1,580,1.478213,2.287884,-0.809671,37.972,37.940171374334085,0.03182862566591638
pi4b8g,fit,tinydl_revision,n1,B1,581,1.466844,2.287884,-0.82104,36.998,37.94015049449861,-0.9421504944986125
pi4b8g,fit,tinydl_revision,n1,B1,582,1.505435,2.287884,-0.782449,37.485,37.14377148285326,0.34122851714673885
pi4b8g,fit,tinydl_revision,n1,B1,583,1.527491,2.287884,-0.7603930000000001,36.998,37.54203693313161,-0.5440369331316148
pi4b8g,fit,tinydl_revision,n1,B1,584,1.458862,2.287884,-0.8290219999999999,37.485,37.143685948806514,0.34131405119348557
pi4b8g,fit,tinydl_revision,n1,B1,585,1.547193,2.287884,-0.740691,36.998,37.542073117010446,-0.5440731170104485
pi4b8g,fit,tinydl_revision,n1,B1,586,1.489084,2.287884,-0.7988,37.972,37.143741453282516,0.8282585467174854
pi4b8g,fit,tinydl_revision,n1,B1,587,1.506194,2.287884,-0.78169,36.511,37.94022276308211,-1.4292227630821088
pi4b8g,fit,tinydl_revision,n1,B1,588,1.521879,2.287884,-0.766005,36.998,36.74557674008356,0.25242325991644066
pi4b8g,fit,tinydl_revision,n1,B1,589,1.482158,2.287884,-0.8057259999999999,37.485,37.14372873327719,0.3412712667228064
pi4b8g,fit,tinydl_revision,n1,B1,590,1.470121,2.287884,-0.817763,36.998,37.54193156976094,-0.543931569760943
pi4b8g,fit,tinydl_revision,n1,B1,591,1.503528,2.287884,-0.784356,36.998,37.143767980535884,-0.14576798053588647
pi4b8g,fit,tinydl_revision,n1,B1,592,1.516379,2.287884,-0.7715050000000001,37.972,37.1437915821513,0.8282084178486997
pi4b8g,fit,tinydl_revision,n1,B1,593,1.470973,2.287884,-0.8169109999999999,37.485,37.94015807764934,-0.4551580776493438
pi4b8g,fit,tinydl_revision,n1,B1,594,1.451936,2.287884,-0.8359480000000001,36.998,37.541898171941604,-0.5438981719416063
pi4b8g,fit,tinydl_revision,n1,B1,595,1.534305,2.287884,-0.753579,38.459,37.143824504301946,1.3151754956980568
pi4b8g,fit,tinydl_revision,n1,B1,596,1.505565,2.287884,-0.782319,37.972,37.94022160788671,0.03177839211328859
pi4b8g,fit,tinydl_revision,n1,B1,597,1.569805,2.287884,-0.7180790000000001,37.485,37.94033958841541,-0.4553395884154128
pi4b8g,fit,tinydl_revision,n1,B1,598,1.560341,2.287884,-0.727543,37.485,37.542097264083786,-0.05709726408378657
pi4b8g,fit,tinydl_revision,n1,B1,599,2.287884,2.287884,0.0,38.946,37.5434334394853,1.4025665605146997
pi4b8g,fit,tinydl_revision,n512,B1,600,23.328847,23.98465,-0.6558029999999988,37.972,37.564406522407296,0.40759347759270526
pi4b8g,fit,tinydl_revision,n512,B1,601,23.042816,23.98465,-0.9418340000000001,37.972,37.563881209695516,0.40811879030448495
pi4b8g,fit,tinydl_revision,n512,B1,602,23.088056,23.98465,-0.8965939999999968,36.998,37.96218923874998,-0.9641892387499809
pi4b8g,fit,tinydl_revision,n512,B1,603,23.162813,23.98465,-0.8218369999999986,36.511,37.165876648085344,-0.6548766480853416
pi4b8g,fit,tinydl_revision,n512,B1,604,23.115074,23.98465,-0.8695759999999986,37.972,36.76756402947078,1.204435970529218
pi4b8g,fit,tinydl_revision,n512,B1,605,23.073852,23.98465,-0.9107979999999998,37.972,37.96216315227068,0.00983684772931781
pi4b8g,fit,tinydl_revision,n512,B1,606,23.045927,23.98465,-0.9387229999999995,36.998,37.96211186636994,-0.9641118663699402
pi4b8g,fit,tinydl_revision,n512,B1,607,23.102648,23.98465,-0.882002,37.972,37.165766151533205,0.8062338484667961
pi4b8g,fit,tinydl_revision,n512,B1,608,23.237312,23.98465,-0.7473379999999992,37.485,37.962463356150224,-0.47746335615022417
pi4b8g,fit,tinydl_revision,n512,B1,609,23.097667,23.98465,-0.8869829999999972,37.972,37.5639819467749,0.4080180532250992
pi4b8g,fit,tinydl_revision,n512,B1,610,23.024834,23.98465,-0.959816,36.998,37.962073127837996,-0.9640731278379988
pi4b8g,fit,tinydl_revision,n512,B1,611,23.154832,23.98465,-0.8298179999999995,36.998,37.16586199051063,-0.16786199051063022
pi4b8g,fit,tinydl_revision,n512,B1,612,23.118611,23.98465,-0.8660389999999971,38.459,37.165795468519185,1.2932045314808178
pi4b8g,fit,tinydl_revision,n512,B1,613,22.987372,23.98465,-0.9972779999999979,38.459,38.360229269817665,0.09877073018233773
pi4b8g,fit,tinydl_revision,n512,B1,614,23.061427,23.98465,-0.9232230000000001,37.972,38.360365276169674,-0.3883652761696723
pi4b8g,fit,tinydl_revision,n512,B1,615,23.086426,23.98465,-0.898223999999999,37.972,37.96218624515935,0.009813754840649835
pi4b8g,fit,tinydl_revision,n512,B1,616,23.134833,23.98465,-0.849816999999998,38.459,37.96227514745469,0.49672485254531296
pi4b8g,fit,tinydl_revision,n512,B1,617,23.092889,23.98465,-0.8917609999999989,37.972,37.5639731716976,0.408026828302404
pi4b8g,fit,tinydl_revision,n512,B1,618,23.13411,23.98465,-0.8505399999999987,37.485,37.96227381962278,-0.4772738196227806
pi4b8g,fit,tinydl_revision,n512,B1,619,23.068815,23.98465,-0.9158349999999977,37.485,37.563928958384274,-0.0789289583842745
pi4b8g,fit,tinydl_revision,n512,B1,620,23.023279,23.98465,-0.9613709999999998,37.972,37.563845328848856,0.408154671151145
pi4b8g,fit,tinydl_revision,n512,B1,621,22.973465,23.98465,-1.0111849999999976,37.972,37.96197878565589,0.010021214344114071
pi4b8g,fit,tinydl_revision,n512,B1,622,23.044593,23.98465,-0.9400569999999995,37.485,37.96210941640068,-0.4771094164006797
pi4b8g,fit,tinydl_revision,n512,B1,623,23.152406,23.98465,-0.8322439999999993,36.998,37.56408247815972,-0.5660824781597213
pi4b8g,fit,tinydl_revision,n512,B1,624,23.114796,23.98465,-0.8698540000000001,37.972,37.16578846204788,0.8062115379521231
pi4b8g,fit,tinydl_revision,n512,B1,625,23.144481,23.98465,-0.8401689999999995,36.998,37.16584298029188,-0.16784298029187994
pi4b8g,fit,tinydl_revision,n512,B1,626,23.165628,23.98465,-0.8190219999999968,37.485,37.165881817997985,0.3191181820020148
pi4b8g,fit,tinydl_revision,n512,B1,627,23.128444,23.98465,-0.8562060000000002,37.972,37.564038470540964,0.40796152945903685
pi4b8g,fit,tinydl_revision,n512,B1,628,23.144203,23.98465,-0.8404469999999975,36.998,37.96229235600939,-0.9642923560093948
pi4b8g,fit,tinydl_revision,n512,B1,629,23.18572,23.98465,-0.7989299999999986,38.946,37.165918718134705,1.780081281865293
pi4b8g,fit,tinydl_revision,n512,B1,630,23.98465,23.98465,0.0,37.972,38.760285772511345,-0.7882857725113439
pi4b8g,fit,tinydl_revision,n512,B1,631,23.132628,23.98465,-0.8520219999999981,37.485,37.96227109784284,-0.47727109784283783
pi4b8g,fit,tinydl_revision,n512,B1,632,23.194536,23.98465,-0.7901139999999991,37.485,37.564159852376314,-0.07915985237631418
pi4b8g,fit,tinydl_revision,n512,B1,633,23.109592,23.98465,-0.8750579999999992,37.972,37.16577890459658,0.8062210954034228
pi4b8g,fit,tinydl_revision,n512,B1,634,23.117055,23.98465,-0.8675949999999979,36.998,37.96224249711473,-0.9642424971147321
pi4b8g,fit,tinydl_revision,n512,B1,635,23.174888,23.98465,-0.8097619999999992,37.485,37.16589882453123,0.3191011754687665
pi4b8g,fit,tinydl_revision,n512,B1,636,23.085445,23.98465,-0.8992049999999985,37.972,37.56395950035488,0.4080404996451179
pi4b8g,fit,tinydl_revision,n512,B1,637,23.161054,23.98465,-0.8235959999999984,37.485,37.96232330385947,-0.4773233038594711
pi4b8g,fit,tinydl_revision,n512,B1,638,23.17722,23.98465,-0.8074300000000001,37.485,37.564128050526456,-0.07912805052645666
pi4b8g,fit,tinydl_revision,n512,B1,639,23.203961,23.98465,-0.7806889999999989,37.972,37.56417716194174,0.4078228380582587
pi4b8g,fit,tinydl_revision,n16,B2,640,2.414214,2.709488,-0.29527400000000004,37.485,37.326255428851596,0.15874457114840368
pi4b8g,fit,tinydl_revision,n16,B2,641,2.150683,2.709488,-0.558805,37.485,37.723996381850206,-0.23899638185020677
pi4b8g,fit,tinydl_revision,n16,B2,642,2.243941,2.709488,-0.46554699999999993,38.946,37.724167655638276,1.2218323443617223
pi4b8g,fit,tinydl_revision,n16,B2,643,2.16709,2.709488,-0.5423979999999999,37.972,38.91870134368946,-0.9467013436894618
pi4b8g,fit,tinydl_revision,n16,B2,644,2.190404,2.709488,-0.5190839999999999,37.972,38.12229427493738,-0.15029427493738012
pi4b8g,fit,tinydl_revision,n16,B2,645,2.22044,2.709488,-0.4890479999999999,38.946,38.122349437813476,0.823650562186522
pi4b8g,fit,tinydl_revision,n16,B2,646,2.167312,2.709488,-0.542176,38.459,38.918701751405486,-0.45970175140548264
pi4b8g,fit,tinydl_revision,n16,B2,647,2.12235,2.709488,-0.5871379999999999,37.972,38.52039423291434,-0.5483942329143403
pi4b8g,fit,tinydl_revision,n16,B2,648,2.183607,2.709488,-0.525881,38.459,38.12228179184813,0.33671820815187203
pi4b8g,fit,tinydl_revision,n16,B2,649,2.138664,2.709488,-0.570824,38.459,38.52042419453242,-0.06142419453241388
pi4b8g,fit,tinydl_revision,n16,B2,650,2.117165,2.709488,-0.5923229999999999,38.459,38.52038471035766,-0.06138471035765747
pi4b8g,fit,tinydl_revision,n16,B2,651,2.172737,2.709488,-0.5367509999999998,37.972,38.52048677159584,-0.5484867715958401
pi4b8g,fit,tinydl_revision,n16,B2,652,2.17409,2.709488,-0.5353979999999998,37.972,38.52048925645972,-0.5484892564597175
pi4b8g,fit,tinydl_revision,n16,B2,653,2.185811,2.709488,-0.5236769999999997,37.485,38.12228583962343,-0.6372858396234307
pi4b8g,fit,tinydl_revision,n16,B2,654,2.180682,2.709488,-0.5288059999999999,38.946,37.724051476773624,1.2219485232263736
pi4b8g,fit,tinydl_revision,n16,B2,655,2.179608,2.709488,-0.5298799999999999,39.433,38.91872433373084,0.5142756662691568
pi4b8g,fit,tinydl_revision,n16,B2,656,2.136887,2.709488,-0.5726009999999997,38.946,39.316870817248486,-0.3708708172484876
pi4b8g,fit,tinydl_revision,n16,B2,657,2.22757,2.709488,-0.48191799999999985,38.459,38.122362532476764,0.3366374675232393
pi4b8g,fit,tinydl_revision,n16,B2,658,2.132405,2.709488,-0.577083,37.972,38.52041269951173,-0.5484126995117293
pi4b8g,fit,tinydl_revision,n16,B2,659,2.178071,2.709488,-0.5314169999999998,36.998,38.122271624659355,-1.1242716246593574
pi4b8g,fit,tinydl_revision,n16,B2,660,2.185052,2.709488,-0.5244359999999997,38.459,37.325834559394586,1.133165440605417
pi4b8g,fit,tinydl_revision,n16,B2,661,2.146867,2.709488,-0.562621,37.972,38.520439259823156,-0.5484392598231551
pi4b8g,fit,tinydl_revision,n16,B2,662,2.231663,2.709488,-0.4778249999999997,38.459,38.12237004951138,0.33662995048862143
pi4b8g,fit,tinydl_revision,n16,B2,663,2.17183,2.709488,-0.537658,37.485,38.52048510583713,-1.0354851058371324
pi4b8g,fit,tinydl_revision,n16,B2,664,2.709488,2.709488,0.0,37.972,37.72502266001554,0.24697733998446125
pi4b8g,fit,tinydl_revision,n16,B2,665,2.19283,2.709488,-0.5166580000000001,38.946,38.12229873042871,0.8237012695712878
pi4b8g,fit,tinydl_revision,n16,B2,666,2.153404,2.709488,-0.5560839999999998,37.972,38.91867620854756,-0.946676208547558
pi4b8g,fit,tinydl_revision,n16,B2,667,2.135461,2.709488,-0.5740270000000001,37.972,38.1221933688946,-0.15019336889459822
pi4b8g,fit,tinydl_revision,n16,B2,668,2.169793,2.709488,-0.539695,37.485,38.122256421626716,-0.6372564216267165
pi4b8g,fit,tinydl_revision,n16,B2,669,2.155571,2.709488,-0.5539169999999998,38.459,37.724005358948965,0.7349946410510384
pi4b8g,fit,tinydl_revision,n16,B2,670,2.128276,2.709488,-0.5812119999999998,37.972,38.520405116361,-0.5484051163609962
pi4b8g,fit,tinydl_revision,n16,B2,671,2.173423,2.709488,-0.5360649999999998,38.459,38.12226308833468,0.3367369116653265
pi4b8g,fit,tinydl_revision,n16,B2,672,2.185849,2.709488,-0.5236389999999997,38.946,38.52051085255307,0.4254891474469247
pi4b8g,fit,tinydl_revision,n16,B2,673,2.123591,2.709488,-0.5858970000000001,38.946,38.918621455224056,0.02737854477594226
pi4b8g,fit,tinydl_revision,n16,B2,674,2.2097,2.709488,-0.4997879999999997,39.433,38.91877959945422,0.5142204005457813
pi4b8g,fit,tinydl_revision,n16,B2,675,2.196608,2.709488,-0.51288,36.998,39.31698049836858,-2.3189804983685818
pi4b8g,fit,tinydl_revision,n16,B2,676,2.13672,2.709488,-0.5727679999999999,38.459,37.32574579484114,1.1332542051588632
pi4b8g,fit,tinydl_revision,n16,B2,677,2.183756,2.709488,-0.5257320000000001,37.972,38.52050700863578,-0.5485070086357808
pi4b8g,fit,tinydl_revision,n16,B2,678,2.187219,2.709488,-0.5222690000000001,38.459,38.122288425498034,0.33671157450196887
pi4b8g,fit,tinydl_revision,n16,B2,679,2.12672,2.709488,-0.5827679999999997,38.459,38.520402258675716,-0.06140225867571303
pi4b8g,fit,tinydl_revision,n512,B2,680,23.181572,24.106426,-0.9248539999999998,38.459,38.54925412956808,-0.09025412956807344
pi4b8g,fit,tinydl_revision,n512,B2,681,23.197609,24.106426,-0.9088169999999991,38.946,38.5492835824594,0.3967164175405955
pi4b8g,fit,tinydl_revision,n512,B2,682,23.152184,24.106426,-0.9542420000000007,38.459,38.94742509992241,-0.48842509992240934
pi4b8g,fit,tinydl_revision,n512,B2,683,23.135444,24.106426,-0.9709819999999993,38.459,38.54916941278994,-0.09016941278993329
pi4b8g,fit,tinydl_revision,n512,B2,684,23.230146,24.106426,-0.8762799999999977,37.485,38.151118395428306,-0.6661183954283061
pi4b8g,fit,tinydl_revision,n512,B2,685,23.094537,24.106426,-1.011889,39.433,37.75264439840377,1.6803556015962329
pi4b8g,fit,tinydl_revision,n512,B2,686,23.082574,24.106426,-1.023851999999998,37.972,39.345522200214084,-1.373522200214083
pi4b8g,fit,tinydl_revision,n512,B2,687,24.106426,24.106426,0.0,37.972,38.15272773505612,-0.1807277350561165
pi4b8g,fit,tinydl_revision,n512,B2,688,23.127592,24.106426,-0.9788339999999991,38.459,38.15093004899088,0.3080699510091236
pi4b8g,fit,tinydl_revision,n512,B2,689,23.047482,24.106426,-1.0589440000000003,38.459,38.54900786541656,-0.0900078654165597
pi4b8g,fit,tinydl_revision,n512,B2,690,23.106833,24.106426,-0.9995929999999973,38.459,38.54911686700994,-0.09011686700993948
pi4b8g,fit,tinydl_revision,n512,B2,691,23.127869,24.106426,-0.9785569999999986,38.459,38.54915550085804,-0.0901555008580388
pi4b8g,fit,tinydl_revision,n512,B2,692,23.049279,24.106426,-1.0571470000000005,38.459,38.549011165712486,-0.09001116571248247
pi4b8g,fit,tinydl_revision,n512,B2,693,23.183202,24.106426,-0.9232239999999976,37.972,38.549257123158704,-0.5772571231587023
pi4b8g,fit,tinydl_revision,n512,B2,694,23.107185,24.106426,-0.9992409999999978,38.946,38.15089257033818,0.7951074296618188
pi4b8g,fit,tinydl_revision,n512,B2,695,23.120296,24.106426,-0.9861299999999993,38.459,38.94736653573967,-0.48836653573966515
pi4b8g,fit,tinydl_revision,n512,B2,696,23.092834,24.106426,-1.0135919999999992,40.407,38.54909115702518,1.8579088429748154
pi4b8g,fit,tinydl_revision,n512,B2,697,23.707804,24.106426,-0.3986219999999996,37.485,40.14312035806962,-2.658120358069624
pi4b8g,fit,tinydl_revision,n512,B2,698,23.191813,24.106426,-0.9146129999999992,38.459,37.75282305148456,0.7061769485154414
pi4b8g,fit,tinydl_revision,n512,B2,699,23.193035,24.106426,-0.9133910000000007,37.972,38.54927518204007,-0.5772751820400686
pi4b8g,fit,tinydl_revision,n512,B2,700,23.151036,24.106426,-0.9553899999999977,38.946,38.15097310527224,0.795026894727755
pi4b8g,fit,tinydl_revision,n512,B2,701,23.077315,24.106426,-1.0291110000000003,38.459,38.947287598611645,-0.4882875986116417
pi4b8g,fit,tinydl_revision,n512,B2,702,23.270979,24.106426,-0.8354469999999985,38.459,38.54941833076873,-0.09041833076872763
pi4b8g,fit,tinydl_revision,n512,B2,703,23.078907,24.106426,-1.027518999999998,38.946,38.549065579272636,0.3969344207273622
pi4b8g,fit,tinydl_revision,n512,B2,704,23.128221,24.106426,-0.9782049999999991,38.459,38.9473810904671,-0.48838109046709377
pi4b8g,fit,tinydl_revision,n512,B2,705,23.106444,24.106426,-0.9999819999999993,38.459,38.549116152588624,-0.09011615258862093
pi4b8g,fit,tinydl_revision,n512,B2,706,23.126611,24.106426,-0.9798149999999985,38.459,38.54915319046724,-0.09015319046723391
pi4b8g,fit,tinydl_revision,n512,B2,707,23.126425,24.106426,-0.9800009999999979,38.459,38.54915284886733,-0.09015284886732644
pi4b8g,fit,tinydl_revision,n512,B2,708,23.133221,24.106426,-0.9732050000000001,38.946,38.54916533012002,0.3968346698799792
pi4b8g,fit,tinydl_revision,n512,B2,709,23.098537,24.106426,-1.0078889999999987,39.433,38.94732657405966,0.485673425940341
pi4b8g,fit,tinydl_revision,n512,B2,710,23.204942,24.106426,-0.901484,39.433,39.34574693622492,0.08725306377507991
pi4b8g,fit,tinydl_revision,n512,B2,711,23.096741,24.106426,-1.0096849999999975,39.433,39.3455482187407,0.08745178125929698
pi4b8g,fit,tinydl_revision,n512,B2,712,23.182628,24.106426,-0.9237979999999979,37.972,39.34570595525485,-1.3737059552548487
pi4b8g,fit,tinydl_revision,n512,B2,713,23.143425,24.106426,-0.9630009999999984,37.972,38.15095912722423,-0.1789591272242319
pi4b8g,fit,tinydl_revision,n512,B2,714,23.229349,24.106426,-0.8770769999999999,38.459,38.15111693169105,0.3078830683089535
pi4b8g,fit,tinydl_revision,n512,B2,715,23.147776,24.106426,-0.9586499999999987,38.946,38.5491920612314,0.3968079387685961
pi4b8g,fit,tinydl_revision,n512,B2,716,23.176739,24.106426,-0.9296869999999977,39.433,38.94747019662045,0.4855298033795492
pi4b8g,fit,tinydl_revision,n512,B2,717,23.245349,24.106426,-0.8610769999999981,38.459,39.34582114605094,-0.8868211460509343
pi4b8g,fit,tinydl_revision,n512,B2,718,23.20709,24.106426,-0.8993359999999981,37.972,38.54930099487212,-0.5773009948721182
pi4b8g,fit,tinydl_revision,n512,B2,719,23.132814,24.106426,-0.9736119999999993,38.946,38.15093963950023,0.7950603604997681
pi4b8g,fit,oi_svdd_as_elm_revision,n256,B2,720,25.697248,26.965707,-1.268459,38.459,39.344805091191105,-0.8858050911911022
pi4b8g,fit,oi_svdd_as_elm_revision,n256,B2,721,25.532862,26.965707,-1.4328449999999968,39.92,38.548053300377426,1.3719466996225762
pi4b8g,fit,oi_svdd_as_elm_revision,n256,B2,722,25.51627,26.965707,-1.4494369999999996,38.946,39.74269765761727,-0.7966976576172726
pi4b8g,fit,oi_svdd_as_elm_revision,n256,B2,723,25.520695,26.965707,-1.4450119999999984,38.946,38.94625589810854,-0.00025589810854143025
pi4b8g,fit,oi_svdd_as_elm_revision,n256,B2,724,26.297885,26.965707,-0.6678219999999975,38.459,38.94768325313814,-0.48868325313813443
pi4b8g,fit,oi_svdd_as_elm_revision,n256,B2,725,25.534047,26.965707,-1.4316599999999973,38.946,38.54805547669944,0.3979445233005592
pi4b8g,fit,oi_svdd_as_elm_revision,n256,B2,726,25.529603,26.965707,-1.4361039999999967,38.946,38.94627225817314,-0.0002722581731404716
pi4b8g,fit,oi_svdd_as_elm_revision,n256,B2,727,25.52077,26.965707,-1.4449369999999995,38.459,38.94625603585044,-0.48725603585043586
pi4b8g,fit,oi_svdd_as_elm_revision,n256,B2,728,25.558824,26.965707,-1.406882999999997,38.946,38.54810098111351,0.39789901888649126
pi4b8g,fit,oi_svdd_as_elm_revision,n256,B2,729,25.619602,26.965707,-1.3461049999999979,39.92,38.946437546616515,0.9735624533834866
pi4b8g,fit,oi_svdd_as_elm_revision,n256,B2,730,25.521992,26.965707,-1.4437149999999974,38.946,39.742708166405954,-0.7967081664059563
pi4b8g,fit,oi_svdd_as_elm_revision,n256,B2,731,25.530103,26.965707,-1.4356039999999979,38.459,38.94627317645247,-0.4872731764524687
pi4b8g,fit,oi_svdd_as_elm_revision,n256,B2,732,25.487659,26.965707,-1.4780479999999976,38.946,38.547970282416046,0.39802971758395245
pi4b8g,fit,oi_svdd_as_elm_revision,n256,B2,733,25.49166,26.965707,-1.4740469999999988,38.459,38.94620257362767,-0.4872025736276697
pi4b8g,fit,oi_svdd_as_elm_revision,n256,B2,734,25.585602,26.965707,-1.3801049999999968,38.946,38.54815016048146,0.3978498395185355
pi4b8g,fit,oi_svdd_as_elm_revision,n256,B2,735,25.554659,26.965707,-1.4110479999999974,37.972,38.548093331846665,-0.5760933318466641
pi4b8g,fit,oi_svdd_as_elm_revision,n256,B2,736,25.482752,26.965707,-1.482954999999997,38.946,38.14973632728226,0.7962636727177355
pi4b8g,fit,oi_svdd_as_elm_revision,n256,B2,737,25.577898,26.965707,-1.3878089999999972,38.946,38.94636095477391,-0.0003609547739102936
pi4b8g,fit,oi_svdd_as_elm_revision,n256,B2,738,25.451253,26.965707,-1.514453999999997,39.433,38.946128363801655,0.4868716361983445
pi4b8g,fit,oi_svdd_as_elm_revision,n256,B2,739,25.474938,26.965707,-1.4907689999999967,39.433,39.34439680583407,0.08860319416592688
pi4b8g,fit,oi_svdd_as_elm_revision,n256,B2,740,25.633101,26.965707,-1.3326059999999984,39.433,39.344687281462356,0.08831271853764378
pi4b8g,fit,oi_svdd_as_elm_revision,n256,B2,741,25.435086,26.965707,-1.530621,39.433,39.344323615298116,0.0886763847018841
pi4b8g,fit,oi_svdd_as_elm_revision,n256,B2,742,25.549806,26.965707,-1.415900999999998,37.972,39.34453430530828,-1.3725343053082781
pi4b8g,fit,oi_svdd_as_elm_revision,n256,B2,743,25.539252,26.965707,-1.4264549999999971,38.946,38.149840092846894,0.796159907153104
pi4b8g,fit,oi_svdd_as_elm_revision,n256,B2,744,25.473012,26.965707,-1.4926949999999977,38.946,38.94616832548167,-0.00016832548167400319
pi4b8g,fit,oi_svdd_as_elm_revision,n256,B2,745,25.597806,26.965707,-1.3679009999999998,37.972,38.94639751698383,-0.9743975169838279
pi4b8g,fit,oi_svdd_as_elm_revision,n256,B2,746,25.425883,26.965707,-1.5398239999999994,38.946,38.14963188402749,0.7963681159725056
pi4b8g,fit,oi_svdd_as_elm_revision,n256,B2,747,25.493752,26.965707,-1.4719549999999977,39.433,38.9462064157084,0.4867935842915969
pi4b8g,fit,oi_svdd_as_elm_revision,n256,B2,748,25.465382,26.965707,-1.5003249999999966,39.92,39.34437925567946,0.5756207443205383
pi4b8g,fit,oi_svdd_as_elm_revision,n256,B2,749,25.484511,26.965707,-1.481195999999997,38.459,39.7426393303506,-1.2836393303505957
pi4b8g,fit,oi_svdd_as_elm_revision,n256,B2,750,26.965707,26.965707,0.0,38.946,38.55068480427916,0.3953151957208405
pi4b8g,fit,oi_svdd_as_elm_revision,n256,B2,751,25.415087,26.965707,-1.5506199999999986,38.459,38.94606194282095,-0.4870619428209437
pi4b8g,fit,oi_svdd_as_elm_revision,n256,B2,752,25.469363,26.965707,-1.496343999999997,38.459,38.547936680738694,-0.08893668073869065
pi4b8g,fit,oi_svdd_as_elm_revision,n256,B2,753,25.441068,26.965707,-1.524638999999997,39.433,38.54788471531124,0.8851152846887587
pi4b8g,fit,oi_svdd_as_elm_revision,n256,B2,754,25.512937,26.965707,-1.4527699999999975,38.459,39.34446659322682,-0.8854665932268162
pi4b8g,fit,oi_svdd_as_elm_revision,n256,B2,755,25.547807,26.965707,-1.4178999999999995,39.433,38.54808074774669,0.8849192522533116
pi4b8g,fit,oi_svdd_as_elm_revision,n256,B2,756,25.504177,26.965707,-1.4615299999999998,39.433,38.548000618692086,0.8849993813079138
pi4b8g,fit,oi_svdd_as_elm_revision,n256,B2,757,25.484604,26.965707,-1.4811029999999974,39.433,39.344414558010136,0.08858544198986351
pi4b8g,fit,oi_svdd_as_elm_revision,n256,B2,758,25.433568,26.965707,-1.5321389999999973,38.459,39.344320827402065,-0.8853208274020616
pi4b8g,fit,oi_svdd_as_elm_revision,n256,B2,759,25.463067,26.965707,-1.5026399999999995,38.946,38.54792511776533,0.3980748822346669
pi4b8g,fit,tinydl_revision,n64,B0,760,4.335679,4.335679,0.0,37.485,37.346746215070596,0.13825378492940388
pi4b8g,fit,tinydl_revision,n64,B0,761,4.249737,4.335679,-0.08594200000000018,36.998,37.34658837754573,-0.348588377545731
pi4b8g,fit,tinydl_revision,n64,B0,762,4.250458,4.335679,-0.08522099999999977,37.972,36.94836475856411,1.0236352414358905
pi4b8g,fit,tinydl_revision,n64,B0,763,4.262014,4.335679,-0.07366500000000009,37.972,37.74483586811687,0.22716413188312856
pi4b8g,fit,tinydl_revision,n64,B0,764,4.276625,4.335679,-0.05905399999999972,38.459,37.744862702075544,0.7141372979244593
pi4b8g,fit,tinydl_revision,n64,B0,765,4.253903,4.335679,-0.08177599999999963,37.485,38.14304591492995,-0.65804591492995
pi4b8g,fit,tinydl_revision,n64,B0,766,4.220218,4.335679,-0.11546099999999981,37.485,37.346534164170464,0.13846583582953542
pi4b8g,fit,tinydl_revision,n64,B0,767,4.1927,4.335679,-0.14297899999999952,36.998,36.94825868260868,0.04974131739131593
pi4b8g,fit,tinydl_revision,n64,B0,768,4.2147,4.335679,-0.12097900000000017,38.459,36.94829908689933,1.5107009131006706
pi4b8g,fit,tinydl_revision,n64,B0,769,4.225126,4.335679,-0.11055299999999946,37.485,38.14299306428122,-0.6579930642812215
pi4b8g,fit,tinydl_revision,n64,B0,770,4.284069,4.335679,-0.051610000000000156,37.972,37.346651430277845,0.6253485697221564
pi4b8g,fit,tinydl_revision,n64,B0,771,4.252126,4.335679,-0.08355300000000021,37.972,37.74481770822479,0.22718229177521465
pi4b8g,fit,tinydl_revision,n64,B0,772,4.252644,4.335679,-0.08303499999999975,36.998,37.74481865956218,-0.7468186595621802
pi4b8g,fit,tinydl_revision,n64,B0,773,4.24707,4.335679,-0.08860899999999994,37.485,36.94835853630335,0.5366414636966468
pi4b8g,fit,tinydl_revision,n64,B0,774,4.251458,4.335679,-0.08422099999999944,37.972,37.34659153826319,0.6254084617368108
pi4b8g,fit,tinydl_revision,n64,B0,775,4.208311,4.335679,-0.1273679999999997,38.459,37.74473723940684,0.7142627605931651
pi4b8g,fit,tinydl_revision,n64,B0,776,4.219682,4.335679,-0.11599700000000013,36.998,38.14298306605584,-1.1449830660558433
pi4b8g,fit,tinydl_revision,n64,B0,777,4.225978,4.335679,-0.10970100000000027,36.998,36.94831979960797,0.04968020039202514
pi4b8g,fit,tinydl_revision,n64,B0,778,4.206459,4.335679,-0.1292200000000001,37.485,36.94828395181937,0.5367160481806295
pi4b8g,fit,tinydl_revision,n64,B0,779,4.221459,4.335679,-0.11421999999999954,38.459,37.34653644333977,1.1124635566602308
pi4b8g,fit,tinydl_revision,n64,B0,780,4.224626,4.335679,-0.11105300000000007,37.972,38.14299214600189,-0.17099214600188617
pi4b8g,fit,tinydl_revision,n64,B0,781,4.227551,4.335679,-0.10812799999999978,37.485,37.74477257479557,-0.25977257479556926
pi4b8g,fit,tinydl_revision,n64,B0,782,4.206534,4.335679,-0.1291449999999994,37.972,37.34650903270168,0.6254909672983189
pi4b8g,fit,tinydl_revision,n64,B0,783,4.210126,4.335679,-0.12555300000000003,36.024,37.74474057276082,-1.7207405727608176
pi4b8g,fit,tinydl_revision,n64,B0,784,4.295977,4.335679,-0.039702000000000126,36.511,36.15199847059721,0.3590015294027893
pi4b8g,fit,tinydl_revision,n64,B0,785,4.25281,4.335679,-0.08286899999999964,36.998,36.55014413500969,0.44785586499030927
pi4b8g,fit,tinydl_revision,n64,B0,786,4.219311,4.335679,-0.11636799999999958,36.998,36.94830755527134,0.04969244472865597
pi4b8g,fit,tinydl_revision,n64,B0,787,4.249755,4.335679,-0.08592399999999945,35.537,36.94836346746337,-1.4113634674633744
pi4b8g,fit,tinydl_revision,n64,B0,788,4.217404,4.335679,-0.11827499999999969,36.024,35.75362922353274,0.27037077646726004
pi4b8g,fit,tinydl_revision,n64,B0,789,4.224163,4.335679,-0.11151599999999995,36.024,36.15186657997317,-0.12786657997317263
pi4b8g,fit,tinydl_revision,n64,B0,790,4.223292,4.335679,-0.11238700000000001,37.485,36.15186498033057,1.3331350196694274
pi4b8g,fit,tinydl_revision,n64,B0,791,4.214256,4.335679,-0.12142300000000006,36.998,37.3465232146077,-0.3485232146077024
pi4b8g,fit,tinydl_revision,n64,B0,792,4.225477,4.335679,-0.11020200000000013,36.024,36.94831887949208,-0.9243188794920769
pi4b8g,fit,tinydl_revision,n64,B0,793,4.212608,4.335679,-0.12307099999999949,37.485,36.15184535853779,1.3331546414622082
pi4b8g,fit,tinydl_revision,n64,B0,794,4.260681,4.335679,-0.0749979999999999,36.511,37.34660847684377,-0.8356084768437668
pi4b8g,fit,tinydl_revision,n64,B0,795,4.306458,4.335679,-0.02922099999999972,36.511,36.550242662709,-0.03924266270900034
pi4b8g,fit,tinydl_revision,n64,B0,796,4.239588,4.335679,-0.09609099999999948,35.05,36.55011985203101,-1.5001198520310126
pi4b8g,fit,tinydl_revision,n64,B0,797,4.2117,4.335679,-0.1239789999999994,35.537,35.355393804661695,0.18160619533830413
pi4b8g,fit,tinydl_revision,n64,B0,798,4.227903,4.335679,-0.10777599999999943,36.024,35.75364850556217,0.2703514944378327
pi4b8g,fit,tinydl_revision,n64,B0,799,4.25157,4.335679,-0.08410899999999977,36.024,36.15191691453653,-0.12791691453652732
pi4b8g,fit,tinydl_revision,n64,B2,800,4.37616,5.477103,-1.100943,36.511,36.92770707463612,-0.4167070746361148
pi4b8g,fit,tinydl_revision,n64,B2,801,4.20846,5.477103,-1.268643,37.972,36.92739908374783,1.0446009162521719
pi4b8g,fit,tinydl_revision,n64,B2,802,4.287755,5.477103,-1.1893479999999998,36.024,38.12221954308848,-2.098219543088476
pi4b8g,fit,tinydl_revision,n64,B2,803,4.229311,5.477103,-1.2477919999999996,36.998,37.32566232097298,-0.3276623209729834
pi4b8g,fit,tinydl_revision,n64,B2,804,4.2372,5.477103,-1.239903,37.485,37.325676809584294,0.15932319041570508
pi4b8g,fit,tinydl_revision,n64,B2,805,4.237015,5.477103,-1.2400879999999992,37.485,37.723901412961354,-0.23890141296135425
pi4b8g,fit,tinydl_revision,n64,B2,806,4.239533,5.477103,-1.2375699999999998,36.998,37.72390603741608,-0.7259060374160811
pi4b8g,fit,tinydl_revision,n64,B2,807,4.226256,5.477103,-1.2508469999999994,36.511,37.32565671028626,-0.8146567102862576
pi4b8g,fit,tinydl_revision,n64,B2,808,4.248885,5.477103,-1.228218,37.972,36.927473326631905,1.0445266733680967
pi4b8g,fit,tinydl_revision,n64,B2,809,4.25644,5.477103,-1.220663,37.485,38.12216203125385,-0.6371620312538511
pi4b8g,fit,tinydl_revision,n64,B2,810,4.235626,5.477103,-1.2414769999999997,37.485,37.72389886198137,-0.23889886198136878
pi4b8g,fit,tinydl_revision,n64,B2,811,4.247551,5.477103,-1.229552,36.998,37.723920762943465,-0.725920762943467
pi4b8g,fit,tinydl_revision,n64,B2,812,4.276625,5.477103,-1.2004779999999995,37.485,37.3257492159097,0.1592507840902968
pi4b8g,fit,tinydl_revision,n64,B2,813,4.352512,5.477103,-1.1245909999999997,37.485,37.7241135299776,-0.23911352997760105
pi4b8g,fit,tinydl_revision,n64,B2,814,4.211256,5.477103,-1.265847,37.485,37.723854105046684,-0.23885410504668414
pi4b8g,fit,tinydl_revision,n64,B2,815,4.650525,5.477103,-0.8265779999999996,36.998,37.72466084833532,-0.726660848335321
pi4b8g,fit,tinydl_revision,n64,B2,816,4.240959,5.477103,-1.2361439999999995,38.459,38.91858348576996,-0.45958348576995434
pi4b8g,fit,tinydl_revision,n64,B2,817,4.254866,5.477103,-1.2222369999999998,37.972,38.520384083650924,-0.5483840836509231
pi4b8g,fit,tinydl_revision,n64,B2,818,5.477103,5.477103,0.0,36.998,38.124403850464724,-1.126403850464726
pi4b8g,fit,tinydl_revision,n64,B2,819,4.221904,5.477103,-1.2551989999999993,37.972,37.32564871758294,0.6463512824170579
pi4b8g,fit,tinydl_revision,n64,B2,820,4.216719,5.477103,-1.2603839999999993,36.511,38.12208908130708,-1.6110890813070782
pi4b8g,fit,tinydl_revision,n64,B2,821,4.232755,5.477103,-1.2443479999999996,36.998,36.92744370294062,0.07055629705937605
pi4b8g,fit,tinydl_revision,n64,B2,822,4.219014,5.477103,-1.258089,37.972,37.3256434099284,0.6463565900716048
pi4b8g,fit,tinydl_revision,n64,B2,823,4.233421,5.477103,-1.2436819999999997,37.485,38.122119755509914,-0.6371197555099144
pi4b8g,fit,tinydl_revision,n64,B2,824,4.262181,5.477103,-1.2149219999999996,37.485,37.72394763179675,-0.23894763179674783
pi4b8g,fit,tinydl_revision,n64,B2,825,4.245181,5.477103,-1.231922,37.972,37.723916410299424,0.24808358970057753
pi4b8g,fit,tinydl_revision,n64,B2,826,4.226366,5.477103,-1.250737,37.972,38.122106798588526,-0.15010679858852427
pi4b8g,fit,tinydl_revision,n64,B2,827,4.242089,5.477103,-1.2350139999999996,37.972,38.12213567480043,-0.15013567480043122
pi4b8g,fit,tinydl_revision,n64,B2,828,4.248144,5.477103,-1.2289589999999997,37.972,38.122146795163154,-0.15014679516315255
pi4b8g,fit,tinydl_revision,n64,B2,829,4.229219,5.477103,-1.247884,37.972,38.1221120382904,-0.15011203829040198
pi4b8g,fit,tinydl_revision,n64,B2,830,4.232329,5.477103,-1.2447739999999996,38.459,38.12211774998785,0.33688225001215244
pi4b8g,fit,tinydl_revision,n64,B2,831,4.266366,5.477103,-1.210737,37.485,38.52040520407558,-1.0354052040755803
pi4b8g,fit,tinydl_revision,n64,B2,832,4.233922,5.477103,-1.2431809999999999,37.485,37.7238957324854,-0.2388957324854033
pi4b8g,fit,tinydl_revision,n64,B2,833,4.220311,5.477103,-1.256792,38.459,37.7238707350854,0.7351292649146046
pi4b8g,fit,tinydl_revision,n64,B2,834,4.229829,5.477103,-1.247274,38.946,38.12211315859119,0.8238868414088074
pi4b8g,fit,tinydl_revision,n64,B2,835,4.277903,5.477103,-1.1991999999999994,37.972,38.91865133559332,-0.9466513355933159
pi4b8g,fit,tinydl_revision,n64,B2,836,4.220607,5.477103,-1.2564959999999994,38.459,38.12209622184717,0.33690377815283057
pi4b8g,fit,tinydl_revision,n64,B2,837,4.232625,5.477103,-1.244478,38.946,38.52034323674963,0.42565676325036605
pi4b8g,fit,tinydl_revision,n64,B2,838,4.289013,5.477103,-1.1880899999999999,37.972,38.91867173976009,-0.9466717397600917
pi4b8g,fit,tinydl_revision,n64,B2,839,4.23083,5.477103,-1.2462729999999995,37.972,38.12211499698641,-0.15011499698641018
pi4b8g,fit,tinydl_revision,n512,B0,840,23.419883,24.598436,-1.1785530000000008,37.972,37.37590551530453,0.5960944846954703
pi4b8g,fit,tinydl_revision,n512,B0,841,23.287441,24.598436,-1.3109949999999984,37.485,37.77388722094209,-0.28888722094209385
pi4b8g,fit,tinydl_revision,n512,B0,842,23.131814,24.598436,-1.466622000000001,36.998,37.37537645968618,-0.3773764596861824
pi4b8g,fit,tinydl_revision,n512,B0,843,23.192072,24.598436,-1.406364,37.485,36.977262183897864,0.5077378161021358
pi4b8g,fit,tinydl_revision,n512,B0,844,23.170814,24.598436,-1.4276219999999995,37.485,37.375448085474154,0.109551914525845
pi4b8g,fit,tinydl_revision,n512,B0,845,23.156832,24.598436,-1.441603999999998,37.972,37.37542240671089,0.596577593289112
pi4b8g,fit,tinydl_revision,n512,B0,846,23.275311,24.598436,-1.323125000000001,37.972,36.97741505720466,0.9945849427953419
pi4b8g,fit,tinydl_revision,n512,B0,847,23.104666,24.598436,-1.4937699999999978,36.998,37.77355154393192,-0.7755515439319254
pi4b8g,fit,tinydl_revision,n512,B0,848,23.18709,24.598436,-1.4113459999999982,36.998,36.97725303416259,0.02074696583741087
pi4b8g,fit,tinydl_revision,n512,B0,849,23.126462,24.598436,-1.4719739999999994,36.998,36.97714168728379,0.020858312716207195
pi4b8g,fit,tinydl_revision,n512,B0,850,23.228294,24.598436,-1.3701419999999978,36.024,36.97732870772586,-0.9533287077258592
pi4b8g,fit,tinydl_revision,n512,B0,851,23.093815,24.598436,-1.5046210000000002,37.485,36.1806318428722,1.3043681571277972
pi4b8g,fit,tinydl_revision,n512,B0,852,23.136,24.598436,-1.4624360000000003,36.998,37.375384147520755,-0.37738414752075755
pi4b8g,fit,tinydl_revision,n512,B0,853,23.312125,24.598436,-1.2863109999999978,37.972,36.977482668275385,0.9945173317246159
pi4b8g,fit,tinydl_revision,n512,B0,854,23.314718,24.598436,-1.2837180000000004,36.998,36.97748743047201,0.020512569527987523
pi4b8g,fit,tinydl_revision,n512,B0,855,23.236794,24.598436,-1.3616419999999998,37.485,36.97734431847452,0.5076556815254776
pi4b8g,fit,tinydl_revision,n512,B0,856,23.369143,24.598436,-1.2292929999999984,36.024,37.37581232831782,-1.3518123283178198
pi4b8g,fit,tinydl_revision,n512,B0,857,23.183165,24.598436,-1.4152710000000006,36.024,36.18079593938901,-0.15679593938900638
pi4b8g,fit,tinydl_revision,n512,B0,858,23.238719,24.598436,-1.3597169999999998,36.511,36.18089796756914,0.3301020324308652
pi4b8g,fit,tinydl_revision,n512,B0,859,23.192239,24.598436,-1.4061969999999988,36.024,36.579037547462754,-0.5550375474627529
pi4b8g,fit,tinydl_revision,n512,B0,860,23.191757,24.598436,-1.4066790000000005,36.998,36.180811719101065,0.8171882808989324
pi4b8g,fit,tinydl_revision,n512,B0,861,23.173851,24.598436,-1.4245850000000004,35.537,36.97722871996241,-1.4402287199624126
pi4b8g,fit,tinydl_revision,n512,B0,862,23.337829,24.598436,-1.2606070000000003,36.511,37.773979761460154,-1.2629797614601515
pi4b8g,fit,tinydl_revision,n512,B0,863,23.229349,24.598436,-1.3690870000000004,37.485,36.57910570215485,0.9058942978451512
pi4b8g,fit,tinydl_revision,n512,B0,864,23.272849,24.598436,-1.3255869999999987,36.998,37.375635478737635,-0.3776354787376377
pi4b8g,fit,tinydl_revision,n512,B0,865,23.2767,24.598436,-1.3217359999999978,36.024,36.977417608184645,-0.9534176081846439
pi4b8g,fit,tinydl_revision,n512,B0,866,23.325274,24.598436,-1.2731619999999992,36.998,36.18105693090447,0.8169430690955295
pi4b8g,fit,tinydl_revision,n512,B0,867,23.215775,24.598436,-1.3826609999999988,37.485,36.977305715847926,0.5076942841520733
pi4b8g,fit,tinydl_revision,n512,B0,868,23.333717,24.598436,-1.2647189999999995,36.511,37.37574726639052,-0.8647472663905162
pi4b8g,fit,tinydl_revision,n512,B0,869,23.168832,24.598436,-1.4296040000000012,37.485,36.57899455913406,0.9060054408659397
pi4b8g,fit,tinydl_revision,n512,B0,870,23.239108,24.598436,-1.3593279999999979,36.511,37.37557351141169,-0.8645735114116846
pi4b8g,fit,tinydl_revision,n512,B0,871,24.598436,24.598436,0.0,36.998,36.58162011074916,0.416379889250841
pi4b8g,fit,tinydl_revision,n512,B0,872,23.190387,24.598436,-1.4080489999999983,36.998,36.97725908929651,0.020740910703487714
pi4b8g,fit,tinydl_revision,n512,B0,873,23.172036,24.598436,-1.426400000000001,37.485,36.97722538660843,0.5077746133915682
pi4b8g,fit,tinydl_revision,n512,B0,874,23.24996,24.598436,-1.348475999999998,36.511,37.37559344174633,-0.8645934417463295
pi4b8g,fit,tinydl_revision,n512,B0,875,23.321181,24.598436,-1.2772550000000003,36.998,36.57927435701026,0.4187256429897346
pi4b8g,fit,tinydl_revision,n512,B0,876,23.198202,24.598436,-1.400234000000001,36.511,36.977273442002485,-0.4662734420024819
pi4b8g,fit,tinydl_revision,n512,B0,877,23.363662,24.598436,-1.234773999999998,36.024,36.57935237585895,-0.555352375858952
pi4b8g,fit,tinydl_revision,n512,B0,878,23.311607,24.598436,-1.2868290000000009,35.537,35.78280688751677,-0.24580688751677116
pi4b8g,fit,tinydl_revision,n512,B0,879,23.208406,24.598436,-1.3900299999999994,36.511,35.78261735282588,0.7283826471741222
pi4b8g,fit,tinydl_revision,n1024,B1,880,44.990096,45.918356,-0.9282600000000016,37.485,36.805775470691266,0.6792245293087333
pi4b8g,fit,tinydl_revision,n1024,B1,881,44.940171,45.918356,-0.9781850000000034,36.998,37.60213366678069,-0.6041336667806902
pi4b8g,fit,tinydl_revision,n1024,B1,882,44.517419,45.918356,-1.400937000000006,36.024,37.20313231479112,-1.1791323147911186
pi4b8g,fit,tinydl_revision,n1024,B1,883,44.386181,45.918356,-1.5321750000000023,36.998,36.406441402224104,0.5915585977758937
pi4b8g,fit,tinydl_revision,n1024,B1,884,44.28172,45.918356,-1.6366360000000029,36.998,37.20269943975011,-0.20469943975011518
pi4b8g,fit,tinydl_revision,n1024,B1,885,44.245795,45.918356,-1.6725610000000017,36.511,37.20263346138004,-0.6916334613800359
pi4b8g,fit,tinydl_revision,n1024,B1,886,44.401866,45.918356,-1.5164900000000046,36.511,36.804695151787186,-0.2936951517871833
pi4b8g,fit,tinydl_revision,n1024,B1,887,44.256739,45.918356,-1.6616169999999997,37.485,36.804428617537674,0.6805713824623254
pi4b8g,fit,tinydl_revision,n1024,B1,888,44.432791,45.918356,-1.4855650000000011,36.511,37.60120183364475,-1.0902018336447483
pi4b8g,fit,tinydl_revision,n1024,B1,889,44.451477,45.918356,-1.4668790000000058,36.024,37.60123615157998,-1.5772361515799815
pi4b8g,fit,tinydl_revision,n1024,B1,890,44.7646,45.918356,-1.1537560000000013,37.972,36.40713639091791,1.5648636090820887
pi4b8g,fit,tinydl_revision,n1024,B1,891,44.675083,45.918356,-1.243273000000002,36.998,37.999871760257456,-1.0018717602574583
pi4b8g,fit,tinydl_revision,n1024,B1,892,44.499975,45.918356,-1.4183810000000037,37.485,37.20310027786175,0.2818997221382489
pi4b8g,fit,tinydl_revision,n1024,B1,893,44.500864,45.918356,-1.4174920000000029,37.485,37.601326853702815,-0.11632685370281592
pi4b8g,fit,tinydl_revision,n1024,B1,894,44.327608,45.918356,-1.590748000000005,38.459,37.601008658894585,0.8579913411054179
pi4b8g,fit,tinydl_revision,n1024,B1,895,44.492957,45.918356,-1.4253990000000059,37.972,38.39776221831427,-0.42576221831426864
pi4b8g,fit,tinydl_revision,n1024,B1,896,44.322052,45.918356,-1.5963040000000035,37.485,37.99922339811505,-0.5142233981150497
pi4b8g,fit,tinydl_revision,n1024,B1,897,44.546641,45.918356,-1.3717150000000018,37.485,37.60141092584887,-0.11641092584886792
pi4b8g,fit,tinydl_revision,n1024,B1,898,44.494439,45.918356,-1.423917000000003,37.972,37.60131505381339,0.3706849461866142
pi4b8g,fit,tinydl_revision,n1024,B1,899,44.529753,45.918356,-1.3886030000000034,37.485,37.99960485318653,-0.5146048531865333
pi4b8g,fit,tinydl_revision,n1024,B1,900,44.773415,45.918356,-1.1449410000000029,37.485,37.601827409603786,-0.11682740960378624
pi4b8g,fit,tinydl_revision,n1024,B1,901,44.517105,45.918356,-1.401251000000002,38.946,37.60135668125211,1.3446433187478846
pi4b8g,fit,tinydl_revision,n1024,B1,902,45.918356,45.918356,0.0,37.972,38.798604990340586,-0.8266049903405843
pi4b8g,fit,tinydl_revision,n1024,B1,903,44.277683,45.918356,-1.6406729999999996,36.998,38.397366854984014,-1.3993668549840166
pi4b8g,fit,tinydl_revision,n1024,B1,904,44.574067,45.918356,-1.3442890000000034,37.972,37.20323635216643,0.7687636478335733
pi4b8g,fit,tinydl_revision,n1024,B1,905,44.70775,45.918356,-1.2106060000000056,38.459,37.9999317551194,0.45906824488060494
pi4b8g,fit,tinydl_revision,n1024,B1,906,44.43957,45.918356,-1.4787859999999995,37.972,38.39766416995677,-0.42566416995676803
pi4b8g,fit,tinydl_revision,n1024,B1,907,44.584659,45.918356,-1.3336970000000008,37.972,37.999705691276645,-0.027705691276644018
pi4b8g,fit,tinydl_revision,n1024,B1,908,44.203333,45.918356,-1.7150230000000022,37.485,37.999005363706786,-0.5140053637067865
pi4b8g,fit,tinydl_revision,n1024,B1,909,44.506772,45.918356,-1.4115840000000048,38.946,37.601337704091414,1.3446622959085843
pi4b8g,fit,tinydl_revision,n1024,B1,910,44.529938,45.918356,-1.3884180000000015,37.485,38.796055079230705,-1.3110550792307052
pi4b8g,fit,tinydl_revision,n1024,B1,911,44.540697,45.918356,-1.3776590000000013,37.485,37.60140000934416,-0.1164000093441615
pi4b8g,fit,tinydl_revision,n1024,B1,912,44.488328,45.918356,-1.430028,38.459,37.601303830603385,0.8576961693966183
pi4b8g,fit,tinydl_revision,n1024,B1,913,44.417255,45.918356,-1.5011010000000056,38.459,38.39762318715014,0.06137681284986485
pi4b8g,fit,tinydl_revision,n1024,B1,914,44.330404,45.918356,-1.5879520000000014,37.485,37.60101379391262,-0.11601379391262157
pi4b8g,fit,tinydl_revision,n1024,B1,915,44.765211,45.918356,-1.153145000000002,37.485,37.60181234247649,-0.11681234247649286
pi4b8g,fit,tinydl_revision,n1024,B1,916,44.315757,45.918356,-1.602599000000005,37.485,37.600986893837835,-0.11598689383783523
pi4b8g,fit,tinydl_revision,n1024,B1,917,44.451995,45.918356,-1.4663610000000062,37.485,37.60123710291737,-0.1162371029173741
pi4b8g,fit,tinydl_revision,n1024,B1,918,44.506253,45.918356,-1.4121030000000019,37.485,37.60133675091747,-0.11633675091746909
pi4b8g,fit,tinydl_revision,n1024,B1,919,44.753304,45.918356,-1.1650520000000029,37.485,37.601790474572454,-0.11679047457245417
pi4b8g,fit,lucid_revision,n1,B0,920,1.999222,2.713653,-0.7144309999999998,36.998,36.81803281948479,0.17996718051520588
pi4b8g,fit,lucid_revision,n1,B0,921,1.837077,2.713653,-0.8765759999999998,37.485,36.8177350306799,0.6672649693201009
pi4b8g,fit,lucid_revision,n1,B0,922,1.835133,2.713653,-0.87852,36.998,37.21595640355026,-0.2179564035502608
pi4b8g,fit,lucid_revision,n1,B0,923,1.770726,2.713653,-0.9429269999999998,36.511,36.81761317317586,-0.30661317317585457
pi4b8g,fit,lucid_revision,n1,B0,924,1.826633,2.713653,-0.8870199999999999,36.024,36.419490906520785,-0.39549090652078434
pi4b8g,fit,lucid_revision,n1,B0,925,1.792596,2.713653,-0.9210569999999998,36.998,36.419428395573476,0.5785716044265214
pi4b8g,fit,lucid_revision,n1,B0,926,1.830929,2.713653,-0.8827239999999998,37.485,36.81772373951722,0.6672762604827795
pi4b8g,fit,lucid_revision,n1,B0,927,2.713653,2.713653,0.0,37.485,37.21756985706948,0.2674301429305217
pi4b8g,fit,lucid_revision,n1,B0,928,1.978038,2.713653,-0.7356149999999999,36.998,37.21621885696642,-0.2182188569664234
pi4b8g,fit,lucid_revision,n1,B0,929,1.90739,2.713653,-0.806263,36.998,36.81786416462938,0.1801358353706206
pi4b8g,fit,lucid_revision,n1,B0,930,1.85017,2.713653,-0.8634829999999998,36.024,36.81775907674251,-0.7937590767425107
pi4b8g,fit,lucid_revision,n1,B0,931,1.792264,2.713653,-0.9213889999999998,36.511,36.02120284269558,0.4897971573044231
pi4b8g,fit,lucid_revision,n1,B0,932,1.815856,2.713653,-0.897797,37.485,36.41947111392804,1.0655288860719594
pi4b8g,fit,lucid_revision,n1,B0,933,1.777153,2.713653,-0.9364999999999999,35.537,37.215849919878806,-1.6788499198788074
pi4b8g,fit,lucid_revision,n1,B0,934,1.745041,2.713653,-0.9686119999999998,36.024,35.62289117174529,0.4011088282547135
pi4b8g,fit,lucid_revision,n1,B0,935,1.805929,2.713653,-0.907724,36.511,36.02122793926976,0.48977206073024604
pi4b8g,fit,lucid_revision,n1,B0,936,1.795078,2.713653,-0.9185749999999999,36.511,36.41943295391208,0.0915670460879241
pi4b8g,fit,lucid_revision,n1,B0,937,1.746783,2.713653,-0.9668699999999999,35.537,36.41934425731131,-0.8823442573113098
pi4b8g,fit,lucid_revision,n1,B0,938,1.818318,2.713653,-0.8953349999999998,36.024,35.62302574925465,0.40097425074534954
pi4b8g,fit,lucid_revision,n1,B0,939,1.815004,2.713653,-0.8986489999999998,36.511,36.021244606039645,0.4897553939603583
pi4b8g,fit,lucid_revision,n1,B0,940,1.820893,2.713653,-0.8927599999999998,36.024,36.419480364674044,-0.395480364674043
pi4b8g,fit,lucid_revision,n1,B0,941,1.827059,2.713653,-0.8865939999999999,36.511,36.02126674575437,0.4897332542456354
pi4b8g,fit,lucid_revision,n1,B0,942,1.812319,2.713653,-0.9013339999999999,36.511,36.419464618020044,0.09153538197995914
pi4b8g,fit,lucid_revision,n1,B0,943,1.796578,2.713653,-0.9170749999999999,36.511,36.41943570875008,0.09156429124992371
pi4b8g,fit,lucid_revision,n1,B0,944,1.824448,2.713653,-0.8892049999999998,36.024,36.4194868936401,-0.39548689364009704
pi4b8g,fit,lucid_revision,n1,B0,945,1.822337,2.713653,-0.8913159999999998,36.024,36.02125807352434,0.002741926475657408
pi4b8g,fit,lucid_revision,n1,B0,946,1.827281,2.713653,-0.8863719999999999,36.511,36.02126715347039,0.4897328465296127
pi4b8g,fit,lucid_revision,n1,B0,947,1.750875,2.713653,-0.9627779999999999,36.024,36.41935177250937,-0.3953517725093718
pi4b8g,fit,lucid_revision,n1,B0,948,1.838262,2.713653,-0.8753909999999998,36.024,36.0212873207211,0.0027126792789005094
pi4b8g,fit,lucid_revision,n1,B0,949,1.766208,2.713653,-0.9474449999999999,36.998,36.02115498932298,0.9768450106770175
pi4b8g,fit,lucid_revision,n1,B0,950,1.841225,2.713653,-0.872428,35.537,36.81774264872524,-1.2807426487252442
pi4b8g,fit,lucid_revision,n1,B0,951,1.842096,2.713653,-0.8715569999999999,36.511,35.62306941894661,0.8879305810533893
pi4b8g,fit,lucid_revision,n1,B0,952,1.776634,2.713653,-0.9370189999999998,36.511,36.41939908042405,0.09160091957595284
pi4b8g,fit,lucid_revision,n1,B0,953,1.759523,2.713653,-0.9541299999999999,36.024,36.41936765506871,-0.39536765506871063
pi4b8g,fit,lucid_revision,n1,B0,954,1.849317,2.713653,-0.8643359999999998,36.024,36.02130762387715,0.0026923761228516696
pi4b8g,fit,lucid_revision,n1,B0,955,1.778282,2.713653,-0.935371,35.537,36.021177163932315,-0.4841771639323156
pi4b8g,fit,lucid_revision,n1,B0,956,1.777578,2.713653,-0.9360749999999998,36.511,35.6229509278546,0.8880490721453995
pi4b8g,fit,lucid_revision,n1,B0,957,1.847243,2.713653,-0.8664099999999999,35.537,36.41952875799489,-0.8825287579948906
pi4b8g,fit,lucid_revision,n1,B0,958,1.781208,2.713653,-0.932445,36.024,35.62295759456256,0.40104240543744396
pi4b8g,fit,lucid_revision,n1,B0,959,1.7628,2.713653,-0.950853,36.511,36.02114873033105,0.48985126966895365
pi4b8g,fit,lucid_revision,n256,B0,960,77.75064,77.75064,0.0,36.024,36.14499829637681,-0.12099829637681125
pi4b8g,fit,lucid_revision,n256,B0,961,67.973691,77.75064,-9.776949000000002,36.024,36.12704235596417,-0.10304235596417044
pi4b8g,fit,lucid_revision,n256,B0,962,68.075856,77.75064,-9.674784000000002,36.024,36.12722998798028,-0.10322998798027783
pi4b8g,fit,lucid_revision,n256,B0,963,68.039005,77.75064,-9.711635000000001,36.511,36.12716230895688,0.3838376910431194
pi4b8g,fit,lucid_revision,n256,B0,964,68.15015,77.75064,-9.600490000000008,36.511,36.525591376410226,-0.014591376410223234
pi4b8g,fit,lucid_revision,n256,B0,965,68.82436,77.75064,-8.926280000000006,36.998,36.5268296026284,0.47117039737159416
pi4b8g,fit,lucid_revision,n256,B0,966,71.397164,77.75064,-6.353476000000001,36.511,36.53155470811043,-0.020554708110424258
pi4b8g,fit,lucid_revision,n256,B0,967,68.154613,77.75064,-9.596027000000007,36.998,36.52559957297155,0.47240042702844676
pi4b8g,fit,lucid_revision,n256,B0,968,68.23489,77.75064,-9.515750000000011,37.485,36.92397194953198,0.5610280504680176
pi4b8g,fit,lucid_revision,n256,B0,969,68.14891,77.75064,-9.601730000000003,36.511,37.32203898535829,-0.8110389853582873
pi4b8g,fit,lucid_revision,n256,B0,970,68.31611,77.75064,-9.43453000000001,37.972,36.525896171686426,1.446103828313575
pi4b8g,fit,lucid_revision,n256,B0,971,68.144392,77.75064,-9.606248000000008,36.998,37.72025563092665,-0.7222556309266537
pi4b8g,fit,lucid_revision,n256,B0,972,68.059689,77.75064,-9.690950999999998,36.511,36.923650182617145,-0.41265018261714204
pi4b8g,fit,lucid_revision,n256,B0,973,68.087244,77.75064,-9.663396000000006,37.485,36.525475845850785,0.9595241541492143
pi4b8g,fit,lucid_revision,n256,B0,974,68.0538,77.75064,-9.696840000000009,36.024,37.32186431026357,-1.29786431026357
pi4b8g,fit,lucid_revision,n256,B0,975,68.182575,77.75064,-9.568065000000004,36.511,36.12742598368455,0.38357401631544974
pi4b8g,fit,lucid_revision,n256,B0,976,68.009783,77.75064,-9.740857000000005,36.998,36.52533358417996,0.47266641582003643
pi4b8g,fit,lucid_revision,n256,B0,977,68.132947,77.75064,-9.617693000000003,37.485,36.9237847252319,0.5612152747681023
pi4b8g,fit,lucid_revision,n256,B0,978,68.288314,77.75064,-9.462326000000004,36.998,37.32229500898256,-0.3242950089825598
pi4b8g,fit,lucid_revision,n256,B0,979,68.222205,77.75064,-9.528435000000002,36.998,37.32217359592571,-0.32417359592571415
pi4b8g,fit,lucid_revision,n256,B0,980,68.17989,77.75064,-9.570750000000004,37.972,36.92387093880536,1.0481290611946434
pi4b8g,fit,lucid_revision,n256,B0,981,67.92134,77.75064,-9.829300000000003,37.485,37.71984598284309,-0.23484598284309044
pi4b8g,fit,lucid_revision,n256,B0,982,67.994079,77.75064,-9.756561000000005,36.998,37.32175462914348,-0.32375462914347963
pi4b8g,fit,lucid_revision,n256,B0,983,67.972876,77.75064,-9.777764000000005,36.511,36.923490745449676,-0.41249074544967357
pi4b8g,fit,lucid_revision,n256,B0,984,67.994005,77.75064,-9.756635000000003,36.511,36.52530460695733,-0.014304606957324495
pi4b8g,fit,lucid_revision,n256,B0,985,68.09067,77.75064,-9.659970000000001,38.459,36.525482137900774,1.9335178620992295
pi4b8g,fit,lucid_revision,n256,B0,986,67.939395,77.75064,-9.811245,36.998,38.11810408505021,-1.1201040850502153
pi4b8g,fit,lucid_revision,n256,B0,987,68.287296,77.75064,-9.463344000000006,36.998,36.924068196225434,0.07393180377456332
pi4b8g,fit,lucid_revision,n256,B0,988,67.897507,77.75064,-9.853133,37.485,36.92335232585958,0.561647674140417
pi4b8g,fit,lucid_revision,n256,B0,989,67.809693,77.75064,-9.940947000000008,37.972,37.3214159934373,0.6505840065627027
pi4b8g,fit,lucid_revision,n256,B0,990,68.146909,77.75064,-9.60373100000001,36.511,37.720260253544815,-1.2092602535448123
pi4b8g,fit,lucid_revision,n256,B0,991,68.026597,77.75064,-9.724043000000009,37.485,36.52536446407737,0.9596355359226294
pi4b8g,fit,lucid_revision,n256,B0,992,67.920599,77.75064,-9.830041000000008,37.972,37.3216196788127,0.6503803211872992
pi4b8g,fit,lucid_revision,n256,B0,993,67.890341,77.75064,-9.860298999999998,37.972,37.719789051361005,0.2522109486389965
pi4b8g,fit,lucid_revision,n256,B0,994,68.071893,77.75064,-9.678747000000001,36.511,37.720122482259924,-1.2091224822599216
pi4b8g,fit,lucid_revision,n256,B0,995,68.159335,77.75064,-9.591305000000006,37.972,36.52560824520157,1.4463917547984337
pi4b8g,fit,lucid_revision,n256,B0,996,67.968302,77.75064,-9.78233800000001,37.972,37.71993223131116,0.25206776868883907
pi4b8g,fit,lucid_revision,n256,B0,997,67.839342,77.75064,-9.911298000000002,37.972,37.719695388705595,0.25230461129440585
pi4b8g,fit,lucid_revision,n256,B0,998,68.216834,77.75064,-9.533805999999998,36.511,37.72038867490953,-1.2093886749095262
pi4b8g,fit,lucid_revision,n256,B0,999,68.083522,77.75064,-9.667118000000002,37.972,36.52546901017943,1.4465309898205732
pi4b8g,fit,oi_svdd_as_elm_revision,n1024,B0,1000,97.14656,98.488498,-1.3419380000000132,37.485,35.90896335908007,1.5760366409199307
pi4b8g,fit,oi_svdd_as_elm_revision,n1024,B0,1001,96.944082,98.488498,-1.5444160000000124,38.459,37.50149126891615,0.9575087310838555
pi4b8g,fit,oi_svdd_as_elm_revision,n1024,B0,1002,96.718383,98.488498,-1.770115000000004,38.459,38.29752664574262,0.16147335425738163
pi4b8g,fit,oi_svdd_as_elm_revision,n1024,B0,1003,96.807844,98.488498,-1.680654000000004,38.459,38.29769094611744,0.16130905388256167
pi4b8g,fit,oi_svdd_as_elm_revision,n1024,B0,1004,96.809714,98.488498,-1.6787840000000074,38.459,38.29769438048214,0.1613056195178615
pi4b8g,fit,oi_svdd_as_elm_revision,n1024,B0,1005,96.890306,98.488498,-1.5981920000000116,38.459,38.297842392418154,0.16115760758184905
pi4b8g,fit,oi_svdd_as_elm_revision,n1024,B0,1006,96.760197,98.488498,-1.7283010000000019,37.485,38.29760343960668,-0.8126034396066828
pi4b8g,fit,oi_svdd_as_elm_revision,n1024,B0,1007,96.729808,98.488498,-1.7586900000000014,37.972,37.50109774214456,0.4709022578554425
pi4b8g,fit,oi_svdd_as_elm_revision,n1024,B0,1008,97.461073,98.488498,-1.027425000000008,38.459,37.900665696357834,0.5583343036421695
pi4b8g,fit,oi_svdd_as_elm_revision,n1024,B0,1009,96.788714,98.488498,-1.6997840000000082,38.459,38.29765581275016,0.16134418724984556
pi4b8g,fit,oi_svdd_as_elm_revision,n1024,B0,1010,96.782382,98.488498,-1.7061160000000086,37.972,38.29764418366069,-0.32564418366068537
pi4b8g,fit,oi_svdd_as_elm_revision,n1024,B0,1011,98.488498,98.488498,0.0,38.946,38.30077756578562,0.6452224342143751
pi4b8g,fit,oi_svdd_as_elm_revision,n1024,B0,1012,96.9691,98.488498,-1.5193980000000096,38.459,38.69621204536208,-0.23721204536207807
pi4b8g,fit,oi_svdd_as_elm_revision,n1024,B0,1013,96.939082,98.488498,-1.549416000000008,37.972,38.297931972403646,-0.32593197240364447
pi4b8g,fit,oi_svdd_as_elm_revision,n1024,B0,1014,96.802307,98.488498,-1.686191000000008,37.972,37.89945583395169,0.07254416604830993
pi4b8g,fit,oi_svdd_as_elm_revision,n1024,B0,1015,96.857306,98.488498,-1.6311920000000129,38.459,37.89955684284176,0.5594431571582419
pi4b8g,fit,oi_svdd_as_elm_revision,n1024,B0,1016,96.708698,98.488498,-1.7798000000000087,38.459,38.29750885867194,0.16149114132806375
pi4b8g,fit,oi_svdd_as_elm_revision,n1024,B0,1017,96.758067,98.488498,-1.73043100000001,38.946,38.29759952773672,0.6484004722632761
pi4b8g,fit,oi_svdd_as_elm_revision,n1024,B0,1018,97.916713,98.488498,-0.5717850000000055,38.459,38.69795239222921,-0.2389523922292085
pi4b8g,fit,oi_svdd_as_elm_revision,n1024,B0,1019,96.64418,98.488498,-1.8443180000000012,38.946,38.29739036757993,0.6486096324200687
pi4b8g,fit,oi_svdd_as_elm_revision,n1024,B0,1020,96.765512,98.488498,-1.722986000000006,38.946,38.695838144056395,0.2501618559436025
pi4b8g,fit,oi_svdd_as_elm_revision,n1024,B0,1021,96.848788,98.488498,-1.639710000000008,38.946,38.69599108531586,0.25000891468413755
pi4b8g,fit,oi_svdd_as_elm_revision,n1024,B0,1022,96.873954,98.488498,-1.6145440000000093,40.407,38.29781236101085,2.109187638989148
pi4b8g,fit,oi_svdd_as_elm_revision,n1024,B0,1023,96.775215,98.488498,-1.713283000000004,38.946,39.89053079360636,-0.9445307936063614
pi4b8g,fit,oi_svdd_as_elm_revision,n1024,B0,1024,96.88201,98.488498,-1.606488000000013,39.433,38.69605209946786,0.7369479005321367
pi4b8g,fit,oi_svdd_as_elm_revision,n1024,B0,1025,96.787752,98.488498,-1.7007460000000094,38.946,39.09410393226153,-0.1481039322615345
pi4b8g,fit,oi_svdd_as_elm_revision,n1024,B0,1026,96.768197,98.488498,-1.7203010000000063,38.946,38.695843075216416,0.25015692478358176
pi4b8g,fit,oi_svdd_as_elm_revision,n1024,B0,1027,96.539664,98.488498,-1.948834000000005,38.946,38.695423360954806,0.25057663904519245
pi4b8g,fit,oi_svdd_as_elm_revision,n1024,B0,1028,97.973415,98.488498,-0.5150830000000042,38.459,38.69805652877869,-0.23905652877868988
pi4b8g,fit,oi_svdd_as_elm_revision,n1024,B0,1029,96.752974,98.488498,-1.7355240000000123,38.946,38.29759017414344,0.6484098258565609
pi4b8g,fit,oi_svdd_as_elm_revision,n1024,B0,1030,96.81751,98.488498,-1.6709880000000084,38.459,38.69593364143391,-0.23693364143390738
pi4b8g,fit,oi_svdd_as_elm_revision,n1024,B0,1031,96.44435,98.488498,-2.044148000000007,39.433,38.297023368061716,1.1359766319382842
pi4b8g,fit,oi_svdd_as_elm_revision,n1024,B0,1032,96.867694,98.488498,-1.6208040000000068,38.459,39.094250750434405,-0.6352507504344018
pi4b8g,fit,oi_svdd_as_elm_revision,n1024,B0,1033,96.653069,98.488498,-1.8354290000000049,38.459,38.29740669274992,0.16159330725008658
pi4b8g,fit,oi_svdd_as_elm_revision,n1024,B0,1034,96.648514,98.488498,-1.8399840000000012,39.433,38.29739832722519,1.1356016727748113
pi4b8g,fit,oi_svdd_as_elm_revision,n1024,B0,1035,96.715401,98.488498,-1.773097000000007,38.946,39.09397105540549,-0.14797105540549182
pi4b8g,fit,oi_svdd_as_elm_revision,n1024,B0,1036,96.659106,98.488498,-1.8293920000000128,39.433,38.695642723194986,0.7373572768050138
pi4b8g,fit,oi_svdd_as_elm_revision,n1024,B0,1037,96.568367,98.488498,-1.920131000000012,38.946,39.0937010188386,-0.1477010188386032
pi4b8g,fit,oi_svdd_as_elm_revision,n1024,B0,1038,97.785511,98.488498,-0.7029870000000074,38.459,38.69771143205912,-0.2387114320591195
pi4b8g,fit,oi_svdd_as_elm_revision,n1024,B0,1039,96.581033,98.488498,-1.907465000000002,39.433,38.297274394409854,1.135725605590146
pi4b8g,fit,tinydl_revision,n256,B2,1040,12.622638,13.347087,-0.7244489999999999,37.972,38.13360040468839,-0.16160040468838588
pi4b8g,fit,tinydl_revision,n256,B2,1041,12.442567,13.347087,-0.9045199999999998,38.459,38.13326969373285,0.32573030626715394
pi4b8g,fit,tinydl_revision,n256,B2,1042,12.504658,13.347087,-0.842429000000001,36.998,38.5316086706374,-1.533608670637399
pi4b8g,fit,tinydl_revision,n256,B2,1043,12.537195,13.347087,-0.8098919999999996,37.972,37.336993597325474,0.6350064026745272
pi4b8g,fit,tinydl_revision,n256,B2,1044,12.424512,13.347087,-0.9225750000000001,38.459,37.73501159152573,0.7239884084742698
pi4b8g,fit,tinydl_revision,n256,B2,1045,12.478085,13.347087,-0.869002,38.459,38.53155986776396,-0.07255986776395673
pi4b8g,fit,tinydl_revision,n256,B2,1046,12.506862,13.347087,-0.8402250000000002,37.972,38.531612718412696,-0.5596127184126942
pi4b8g,fit,tinydl_revision,n256,B2,1047,12.454326,13.347087,-0.8927610000000001,38.459,38.133291289826204,0.32570871017379943
pi4b8g,fit,tinydl_revision,n256,B2,1048,12.462178,13.347087,-0.8849090000000004,37.972,38.53153065362526,-0.5595306536252593
pi4b8g,fit,tinydl_revision,n256,B2,1049,12.510251,13.347087,-0.8368359999999999,37.972,38.1333939993696,-0.16139399936960075
pi4b8g,fit,tinydl_revision,n256,B2,1050,12.50577,13.347087,-0.8413170000000001,38.459,38.13338576975022,0.32561423024978353
pi4b8g,fit,tinydl_revision,n256,B2,1051,12.494029,13.347087,-0.8530580000000008,37.485,38.531589149855336,-1.0465891498553361
pi4b8g,fit,tinydl_revision,n256,B2,1052,12.492954,13.347087,-0.8541330000000009,37.972,38.53158717555477,-0.5595871755547677
pi4b8g,fit,tinydl_revision,n256,B2,1053,13.347087,13.347087,0.0,37.485,38.13493089777739,-0.6499308977773879
pi4b8g,fit,tinydl_revision,n256,B2,1054,12.44364,13.347087,-0.9034469999999999,38.459,37.735046721219895,0.7239532787801082
pi4b8g,fit,tinydl_revision,n256,B2,1055,12.474159,13.347087,-0.8729279999999999,39.433,38.53155265743464,0.901447342565362
pi4b8g,fit,tinydl_revision,n256,B2,1056,12.545639,13.347087,-0.8014480000000006,38.459,39.328133820928905,-0.8691338209289015
pi4b8g,fit,tinydl_revision,n256,B2,1057,12.517028,13.347087,-0.8300590000000003,37.972,38.53163138886809,-0.559631388868091
pi4b8g,fit,tinydl_revision,n256,B2,1058,12.480548,13.347087,-0.8665389999999995,38.459,38.133339448067545,0.325660551932458
pi4b8g,fit,tinydl_revision,n256,B2,1059,12.438049,13.347087,-0.9090380000000007,37.972,38.53148633930121,-0.5594863393012091
pi4b8g,fit,tinydl_revision,n256,B2,1060,12.485048,13.347087,-0.8620389999999993,38.946,38.13334771258154,0.8126522874184587
pi4b8g,fit,tinydl_revision,n256,B2,1061,12.480326,13.347087,-0.8667610000000003,37.972,38.92978892663234,-0.9577889266323396
pi4b8g,fit,tinydl_revision,n256,B2,1062,12.505788,13.347087,-0.8412989999999994,38.459,38.13338580280827,0.325614197191733
pi4b8g,fit,tinydl_revision,n256,B2,1063,12.468344,13.347087,-0.878743,37.972,38.531541977846,-0.5595419778459956
pi4b8g,fit,tinydl_revision,n256,B2,1064,12.470585,13.347087,-0.8765020000000003,37.972,38.13332115043355,-0.161321150433551
pi4b8g,fit,tinydl_revision,n256,B2,1065,12.430363,13.347087,-0.9167240000000003,37.972,38.133247280370895,-0.16124728037089398
pi4b8g,fit,tinydl_revision,n256,B2,1066,12.490121,13.347087,-0.8569659999999999,36.998,38.13335702944365,-1.1353570294436537
pi4b8g,fit,tinydl_revision,n256,B2,1067,12.484677,13.347087,-0.8624100000000006,38.946,37.33689714493746,1.6091028550625381
pi4b8g,fit,tinydl_revision,n256,B2,1068,12.538472,13.347087,-0.8086149999999996,38.459,38.92989571517253,-0.4708957151725244
pi4b8g,fit,tinydl_revision,n256,B2,1069,12.426196,13.347087,-0.920891000000001,38.946,38.531464570571345,0.4145354294286534
pi4b8g,fit,tinydl_revision,n256,B2,1070,12.462584,13.347087,-0.8845030000000005,38.946,38.92975634240849,0.016243657591509475
pi4b8g,fit,tinydl_revision,n256,B2,1071,12.499862,13.347087,-0.8472249999999999,38.459,38.92982480564244,-0.4708248056424367
pi4b8g,fit,tinydl_revision,n256,B2,1072,12.487529,13.347087,-0.8595579999999998,38.459,38.531577212224,-0.07257721222399738
pi4b8g,fit,tinydl_revision,n256,B2,1073,12.457567,13.347087,-0.889520000000001,38.946,38.13329724211284,0.8127027578871591
pi4b8g,fit,tinydl_revision,n256,B2,1074,12.4424,13.347087,-0.9046870000000009,38.459,38.92971927330837,-0.4707192733083687
pi4b8g,fit,tinydl_revision,n256,B2,1075,12.473252,13.347087,-0.8738349999999997,38.946,38.53155099167593,0.4144490083240697
pi4b8g,fit,tinydl_revision,n256,B2,1076,12.494881,13.347087,-0.8522060000000007,38.459,38.929815657743724,-0.4708156577437208
pi4b8g,fit,tinydl_revision,n256,B2,1077,12.416604,13.347087,-0.9304830000000006,38.459,38.53144695430062,-0.07244695430061654
pi4b8g,fit,tinydl_revision,n256,B2,1078,12.577101,13.347087,-0.7699859999999994,39.433,38.53174171645683,0.9012582835431715
pi4b8g,fit,tinydl_revision,n256,B2,1079,12.691007,13.347087,-0.6560799999999993,38.946,39.32840079778906,-0.3824007977890602
pi4b8g,fit,oi_svdd_as_elm_revision,n1024,B1,1080,97.051098,98.029488,-0.9783900000000045,38.946,38.88503083955706,0.06096916044293721
pi4b8g,fit,oi_svdd_as_elm_revision,n1024,B1,1081,96.869139,98.029488,-1.1603489999999965,37.485,38.88469666117876,-1.3996966611787585
pi4b8g,fit,oi_svdd_as_elm_revision,n1024,B1,1082,96.725272,98.029488,-1.3042159999999967,38.946,37.689757611571935,1.2562423884280634
pi4b8g,fit,oi_svdd_as_elm_revision,n1024,B1,1083,96.67868,98.029488,-1.3508080000000007,38.459,38.8843468720518,-0.4253468720517972
pi4b8g,fit,oi_svdd_as_elm_revision,n1024,B1,1084,96.962212,98.029488,-1.0672760000000068,38.459,38.48664265206307,-0.027642652063065043
pi4b8g,fit,oi_svdd_as_elm_revision,n1024,B1,1085,96.859213,98.029488,-1.1702750000000037,38.946,38.08822854521662,0.857771454783375
pi4b8g,fit,oi_svdd_as_elm_revision,n1024,B1,1086,96.933137,98.029488,-1.0963509999999985,38.946,38.88481419726026,0.06118580273973606
pi4b8g,fit,oi_svdd_as_elm_revision,n1024,B1,1087,96.708771,98.029488,-1.320717000000002,39.433,38.884402135938615,0.5485978640613851
pi4b8g,fit,oi_svdd_as_elm_revision,n1024,B1,1088,96.668717,98.029488,-1.3607709999999997,38.946,39.28255351755822,-0.3365535175582224
pi4b8g,fit,oi_svdd_as_elm_revision,n1024,B1,1089,96.645273,98.029488,-1.3842149999999975,38.459,38.884285518136444,-0.425285518136441
pi4b8g,fit,oi_svdd_as_elm_revision,n1024,B1,1090,96.945768,98.029488,-1.0837199999999996,38.459,38.486612451692366,-0.027612451692363038
pi4b8g,fit,oi_svdd_as_elm_revision,n1024,B1,1091,96.647865,98.029488,-1.3816230000000047,39.433,38.4860653353561,0.9469346646438979
pi4b8g,fit,oi_svdd_as_elm_revision,n1024,B1,1092,96.977674,98.029488,-1.0518140000000074,38.459,39.28312093521398,-0.8241209352139762
pi4b8g,fit,oi_svdd_as_elm_revision,n1024,B1,1093,96.846584,98.029488,-1.1829040000000077,39.433,38.48643029445764,0.946569705542359
pi4b8g,fit,oi_svdd_as_elm_revision,n1024,B1,1094,96.860325,98.029488,-1.1691629999999975,38.459,39.28290541689109,-0.8239054168910869
pi4b8g,fit,oi_svdd_as_elm_revision,n1024,B1,1095,96.833807,98.029488,-1.1956810000000075,40.407,38.48640682874757,1.9205931712524276
pi4b8g,fit,oi_svdd_as_elm_revision,n1024,B1,1096,97.954193,98.029488,-0.075294999999997,40.407,40.08136425592673,0.3256357440732671
pi4b8g,fit,oi_svdd_as_elm_revision,n1024,B1,1097,96.889138,98.029488,-1.140349999999998,39.433,40.07940821993675,-0.6464082199367525
pi4b8g,fit,oi_svdd_as_elm_revision,n1024,B1,1098,96.901657,98.029488,-1.1278310000000005,39.433,39.282981325533875,0.15001867446612493
pi4b8g,fit,oi_svdd_as_elm_revision,n1024,B1,1099,96.765123,98.029488,-1.264364999999998,38.946,38.88450562969256,0.061494370307435986
pi4b8g,fit,oi_svdd_as_elm_revision,n1024,B1,1100,96.905101,98.029488,-1.1243869999999987,39.433,38.88476270750151,0.5482372924984915
pi4b8g,fit,oi_svdd_as_elm_revision,n1024,B1,1101,96.711753,98.029488,-1.317734999999999,39.433,39.28263255569697,0.15036744430302917
pi4b8g,fit,oi_svdd_as_elm_revision,n1024,B1,1102,96.885305,98.029488,-1.1441829999999982,38.946,39.28295129412657,-0.3369512941265711
pi4b8g,fit,oi_svdd_as_elm_revision,n1024,B1,1103,96.715642,98.029488,-1.313845999999998,39.433,38.88441475493321,0.5485852450667892
pi4b8g,fit,oi_svdd_as_elm_revision,n1024,B1,1104,96.851973,98.029488,-1.1775149999999996,38.459,39.28289007795311,-0.8238900779531093
pi4b8g,fit,oi_svdd_as_elm_revision,n1024,B1,1105,96.696198,98.029488,-1.3332900000000052,38.946,38.4861541017461,0.45984589825389577
pi4b8g,fit,oi_svdd_as_elm_revision,n1024,B1,1106,98.029488,98.029488,0.0,38.946,38.88682771019025,0.05917228980974443
pi4b8g,fit,oi_svdd_as_elm_revision,n1024,B1,1107,96.731512,98.029488,-1.2979760000000056,38.946,38.88444390111924,0.061556098880757304
pi4b8g,fit,oi_svdd_as_elm_revision,n1024,B1,1108,96.702143,98.029488,-1.327344999999994,39.433,38.884389963227775,0.5486100367722244
pi4b8g,fit,oi_svdd_as_elm_revision,n1024,B1,1109,96.702253,98.029488,-1.3272350000000017,40.894,39.28261510838964,1.6113848916103564
pi4b8g,fit,oi_svdd_as_elm_revision,n1024,B1,1110,96.711828,98.029488,-1.3176600000000036,39.433,40.477307522860094,-1.0443075228600947
pi4b8g,fit,oi_svdd_as_elm_revision,n1024,B1,1111,96.791011,98.029488,-1.2384770000000032,39.433,39.28277811766372,0.15022188233628242
pi4b8g,fit,oi_svdd_as_elm_revision,n1024,B1,1112,96.713013,98.029488,-1.316474999999997,38.946,39.28263486976089,-0.33663486976089274
pi4b8g,fit,oi_svdd_as_elm_revision,n1024,B1,1113,96.790585,98.029488,-1.2389030000000076,39.92,38.88455239214932,1.035447607850685
pi4b8g,fit,oi_svdd_as_elm_revision,n1024,B1,1114,96.610403,98.029488,-1.4190849999999955,39.433,39.68067136361659,-0.2476713636165897
pi4b8g,fit,oi_svdd_as_elm_revision,n1024,B1,1115,96.932768,98.029488,-1.0967200000000048,39.433,39.28303846271053,0.14996153728947093
pi4b8g,fit,oi_svdd_as_elm_revision,n1024,B1,1116,98.008822,98.029488,-0.020666000000005624,38.946,39.285014699009274,-0.33901469900927594
pi4b8g,fit,oi_svdd_as_elm_revision,n1024,B1,1117,96.860417,98.029488,-1.1690710000000024,39.433,38.88468064271407,0.5483193572859264
pi4b8g,fit,oi_svdd_as_elm_revision,n1024,B1,1118,96.642587,98.029488,-1.3869009999999946,39.92,39.28250552828028,0.6374944717197195
pi4b8g,fit,oi_svdd_as_elm_revision,n1024,B1,1119,96.807955,98.029488,-1.2215329999999938,38.946,39.681034179454166,-0.7350341794541677
pi4b8g,fit,lucid_revision,n512,B0,1120,144.695924,144.695924,0.0,39.433,38.257108633552704,1.1758913664472956
pi4b8g,fit,lucid_revision,n512,B0,1121,133.895252,144.695924,-10.800671999999992,38.946,39.03372245207369,-0.08772245207369167
pi4b8g,fit,lucid_revision,n512,B0,1122,133.753941,144.695924,-10.941982999999993,38.946,38.63523798299163,0.3107620170083649
pi4b8g,fit,lucid_revision,n512,B0,1123,133.404576,144.695924,-11.291348,39.433,38.634596353673295,0.7984036463267046
pi4b8g,fit,lucid_revision,n512,B0,1124,133.303559,144.695924,-11.392364999999984,38.459,39.03263577316695,-0.5736357731669486
pi4b8g,fit,lucid_revision,n512,B0,1125,133.229172,144.695924,-11.466751999999985,39.433,38.23604927079665,1.1969507292033512
pi4b8g,fit,lucid_revision,n512,B0,1126,133.00251,144.695924,-11.69341399999999,39.433,39.03208287901712,0.4009171209828821
pi4b8g,fit,lucid_revision,n512,B0,1127,133.313596,144.695924,-11.382328000000001,37.972,39.03265420670628,-1.0606542067062819
pi4b8g,fit,lucid_revision,n512,B0,1128,133.686886,144.695924,-11.009038000000004,38.946,37.83866494626947,1.1073350537305302
pi4b8g,fit,lucid_revision,n512,B0,1129,133.395836,144.695924,-11.300087999999988,38.459,38.63458030215055,-0.17558030215054998
pi4b8g,fit,lucid_revision,n512,B0,1130,133.15671,144.695924,-11.539213999999987,38.946,38.23591619008259,0.7100838099174069
pi4b8g,fit,lucid_revision,n512,B0,1131,133.577906,144.695924,-11.118017999999978,38.459,38.63491468438687,-0.17591468438686775
pi4b8g,fit,lucid_revision,n512,B0,1132,133.497038,144.695924,-11.198885999999987,37.972,38.236541222420264,-0.264541222420263
pi4b8g,fit,lucid_revision,n512,B0,1133,133.168006,144.695924,-11.527918,38.946,38.63416187898969,0.31183812101031094
pi4b8g,fit,lucid_revision,n512,B0,1134,133.24108,144.695924,-11.45484399999998,38.946,38.63429608367765,0.31170391632235095
pi4b8g,fit,lucid_revision,n512,B0,1135,134.230913,144.695924,-10.465011000000004,39.92,38.63611397005165,1.2838860299483486
pi4b8g,fit,lucid_revision,n512,B0,1136,133.566943,144.695924,-11.128980999999982,38.459,39.43134443647504,-0.9723444364750335
pi4b8g,fit,lucid_revision,n512,B0,1137,133.176618,144.695924,-11.519306,38.459,38.23595275229251,0.22304724770749118
pi4b8g,fit,lucid_revision,n512,B0,1138,133.23845,144.695924,-11.45747399999999,38.459,38.23606631038795,0.22293368961205573
pi4b8g,fit,lucid_revision,n512,B0,1139,133.335059,144.695924,-11.36086499999999,39.92,38.236243738484106,1.6837562615158959
pi4b8g,fit,lucid_revision,n512,B0,1140,133.207154,144.695924,-11.488769999999988,38.946,38.23600883344794,0.709991166552058
pi4b8g,fit,lucid_revision,n512,B0,1141,133.00401,144.695924,-11.691913999999997,37.972,38.633860690714705,-0.661860690714704
pi4b8g,fit,lucid_revision,n512,B0,1142,133.257394,144.695924,-11.438529999999986,37.972,37.837876159014904,0.13412384098509733
pi4b8g,fit,lucid_revision,n512,B0,1143,133.214043,144.695924,-11.481880999999987,38.946,37.837796542360174,1.1082034576398243
pi4b8g,fit,lucid_revision,n512,B0,1144,132.985843,144.695924,-11.710081000000002,37.972,38.63382732595342,-0.6618273259534178
pi4b8g,fit,lucid_revision,n512,B0,1145,133.041731,144.695924,-11.654192999999992,38.946,37.83748008126333,1.1085199187366683
pi4b8g,fit,lucid_revision,n512,B0,1146,133.251987,144.695924,-11.443936999999977,38.946,38.63431611502302,0.3116838849769792
pi4b8g,fit,lucid_revision,n512,B0,1147,133.21558,144.695924,-11.480344000000002,39.433,38.63424925143166,0.798750748568338
pi4b8g,fit,lucid_revision,n512,B0,1148,133.374725,144.695924,-11.321198999999979,38.946,37.83809164427974,1.1079083557202551
pi4b8g,fit,lucid_revision,n512,B0,1149,133.481797,144.695924,-11.21412699999999,40.407,38.63473817457004,1.7722618254299576
pi4b8g,fit,lucid_revision,n512,B0,1150,133.210432,144.695924,-11.485491999999994,37.972,39.82891462624888,-1.85691462624888
pi4b8g,fit,lucid_revision,n512,B0,1151,133.394707,144.695924,-11.30121699999998,38.946,37.838128342395,1.1078716576049956
pi4b8g,fit,lucid_revision,n512,B0,1152,132.878345,144.695924,-11.817578999999995,38.459,38.63362989956995,-0.17462989956994335
pi4b8g,fit,lucid_revision,n512,B0,1153,133.002713,144.695924,-11.693210999999991,38.459,38.23563336555771,0.22336663444229288
pi4b8g,fit,lucid_revision,n512,B0,1154,133.025491,144.695924,-11.670433000000003,38.459,38.235675198691006,0.22332480130899768
pi4b8g,fit,lucid_revision,n512,B0,1155,132.996843,144.695924,-11.699080999999978,38.946,38.63384752809875,0.31215247190124984
pi4b8g,fit,lucid_revision,n512,B0,1156,132.743847,144.695924,-11.952077000000003,38.459,38.633382886102495,-0.1743828861024923
pi4b8g,fit,lucid_revision,n512,B0,1157,133.086452,144.695924,-11.609471999999982,38.459,38.23578715714384,0.22321284285616372
pi4b8g,fit,lucid_revision,n512,B0,1158,133.124415,144.695924,-11.571508999999992,38.946,38.23585687842048,0.7101431215795202
pi4b8g,fit,lucid_revision,n512,B0,1159,133.049324,144.695924,-11.646599999999978,38.946,38.63394391253409,0.31205608746590485
pi4b8g,fit,lucid_revision,n1,B2,1160,2.046443,2.046443,0.0,38.946,38.390130773157765,0.5558692268422334
pi4b8g,fit,lucid_revision,n1,B2,1161,1.838522,2.046443,-0.20792100000000002,38.946,38.787973857183786,0.15802614281621175
pi4b8g,fit,lucid_revision,n1,B2,1162,1.879706,2.046443,-0.1667369999999999,39.92,38.78804949401589,1.1319505059841148
pi4b8g,fit,lucid_revision,n1,B2,1163,1.782411,2.046443,-0.26403200000000004,38.459,39.584320692321306,-1.1253206923213028
pi4b8g,fit,lucid_revision,n1,B2,1164,1.902058,2.046443,-0.14438499999999999,38.459,38.38986560163478,0.06913439836522173
pi4b8g,fit,lucid_revision,n1,B2,1165,1.791355,2.046443,-0.255088,37.972,38.38966228908078,-0.4176622890807806
pi4b8g,fit,lucid_revision,n1,B2,1166,1.839614,2.046443,-0.20682899999999993,39.433,37.99152597642503,1.441474023574969
pi4b8g,fit,lucid_revision,n1,B2,1167,1.853781,2.046443,-0.1926620000000001,38.946,39.18622682437288,-0.24022682437288267
pi4b8g,fit,lucid_revision,n1,B2,1168,1.802522,2.046443,-0.24392100000000005,38.459,38.78790774107181,-0.3289077410718093
pi4b8g,fit,lucid_revision,n1,B2,1169,1.764375,2.046443,-0.282068,38.459,38.389612738727976,0.06938726127202699
pi4b8g,fit,lucid_revision,n1,B2,1170,1.831522,2.046443,-0.21492099999999992,38.946,38.38973605813272,0.5562639418672788
pi4b8g,fit,lucid_revision,n1,B2,1171,1.78143,2.046443,-0.26501299999999994,38.946,38.787869004376425,0.1581309956235728
pi4b8g,fit,lucid_revision,n1,B2,1172,1.842707,2.046443,-0.20373599999999992,37.972,38.7879815431818,-0.8159815431817989
pi4b8g,fit,lucid_revision,n1,B2,1173,1.844299,2.046443,-0.2021440000000001,37.972,37.99153458070238,-0.019534580702377013
pi4b8g,fit,lucid_revision,n1,B2,1174,1.866965,2.046443,-0.17947800000000003,39.433,37.991576208141105,1.4414237918588952
pi4b8g,fit,lucid_revision,n1,B2,1175,1.78706,2.046443,-0.2593829999999999,37.485,39.18610428734213,-1.7011042873421331
pi4b8g,fit,lucid_revision,n1,B2,1176,1.829781,2.046443,-0.2166619999999999,39.92,37.59328297440326,2.326717025596743
pi4b8g,fit,lucid_revision,n1,B2,1177,1.798763,2.046443,-0.24768000000000012,38.946,39.58435072372861,-0.6383507237286139
pi4b8g,fit,lucid_revision,n1,B2,1178,1.776208,2.046443,-0.270235,38.459,38.787859413867075,-0.32885941386707174
pi4b8g,fit,lucid_revision,n1,B2,1179,1.827022,2.046443,-0.2194210000000001,38.459,38.38972779361872,0.06927220638128517
pi4b8g,fit,lucid_revision,n1,B2,1180,1.790986,2.046443,-0.25545700000000005,39.92,38.389661611390636,1.5303383886093656
pi4b8g,fit,lucid_revision,n1,B2,1181,1.759727,2.046443,-0.28671599999999997,37.972,39.58427903182453,-1.612279031824528
pi4b8g,fit,lucid_revision,n1,B2,1182,1.873391,2.046443,-0.17305199999999998,38.946,37.991588009867094,0.954411990132904
pi4b8g,fit,lucid_revision,n1,B2,1183,1.840559,2.046443,-0.20588399999999996,39.433,38.78797759825379,0.6450224017462105
pi4b8g,fit,lucid_revision,n1,B2,1184,1.791337,2.046443,-0.25510600000000005,38.946,39.18611214230354,-0.24011214230354483
pi4b8g,fit,lucid_revision,n1,B2,1185,1.892798,2.046443,-0.15364500000000003,38.946,38.78807353824194,0.15792646175805913
pi4b8g,fit,lucid_revision,n1,B2,1186,1.831503,2.046443,-0.2149399999999999,38.459,38.787960966378506,-0.3289609663785029
pi4b8g,fit,lucid_revision,n1,B2,1187,1.768449,2.046443,-0.2779940000000001,38.946,38.38962022086798,0.5563797791320155
pi4b8g,fit,lucid_revision,n1,B2,1188,1.833707,2.046443,-0.21273600000000004,38.459,38.78796501415381,-0.32896501415380897
pi4b8g,fit,lucid_revision,n1,B2,1189,1.823726,2.046443,-0.22271700000000005,38.946,38.389721740321356,0.556278259678642
pi4b8g,fit,lucid_revision,n1,B2,1190,1.782005,2.046443,-0.26443799999999995,38.946,38.78787006039766,0.15812993960233968
pi4b8g,fit,lucid_revision,n1,B2,1191,1.758468,2.046443,-0.2879750000000001,37.972,38.78782683331634,-0.8158268333163363
pi4b8g,fit,lucid_revision,n1,B2,1192,1.883631,2.046443,-0.16281199999999996,38.459,37.99160681622783,0.46739318377217387
pi4b8g,fit,lucid_revision,n1,B2,1193,1.803133,2.046443,-0.24330999999999992,38.946,38.38968392006875,0.5563160799312499
pi4b8g,fit,lucid_revision,n1,B2,1194,1.763727,2.046443,-0.28271599999999997,38.946,38.787836491778364,0.15816350822163372
pi4b8g,fit,lucid_revision,n1,B2,1195,1.844911,2.046443,-0.20153200000000004,38.459,38.7879855909571,-0.328985590957096
pi4b8g,fit,lucid_revision,n1,B2,1196,1.789115,2.046443,-0.257328,38.946,38.38965817518937,0.5563418248106302
pi4b8g,fit,lucid_revision,n1,B2,1197,1.773801,2.046443,-0.27264200000000005,38.946,38.38963005012996,0.5563699498700387
pi4b8g,fit,lucid_revision,n1,B2,1198,1.81867,2.046443,-0.227773,38.459,38.787937397821146,-0.32893739782114295
pi4b8g,fit,lucid_revision,n1,B2,1199,1.801597,2.046443,-0.24484600000000012,38.459,38.38968109911464,0.06931890088536363
pi4b8g,fit,fisvdd_revision,n16,B0,1200,2.509324,2.51162,-0.002296000000000298,38.459,38.137850770546386,0.3211492294536171
pi4b8g,fit,fisvdd_revision,n16,B0,1201,2.399363,2.51162,-0.11225700000000005,37.485,38.137648820718915,-0.6526488207189161
pi4b8g,fit,fisvdd_revision,n16,B0,1202,2.401177,2.51162,-0.11044300000000007,37.972,37.341202265955516,0.630797734044485
pi4b8g,fit,fisvdd_revision,n16,B0,1203,2.338235,2.51162,-0.17338500000000012,37.485,37.73931161242037,-0.2543116124203735
pi4b8g,fit,fisvdd_revision,n16,B0,1204,2.387641,2.51162,-0.12397900000000028,37.972,37.34117740629742,0.6308225937025824
pi4b8g,fit,fisvdd_revision,n16,B0,1205,2.418789,2.51162,-0.09283100000000033,37.972,37.73945955456715,0.23254044543285346
pi4b8g,fit,fisvdd_revision,n16,B0,1206,2.476158,2.51162,-0.03546200000000033,37.972,37.73956491610126,0.2324350838987428
pi4b8g,fit,fisvdd_revision,n16,B0,1207,2.432807,2.51162,-0.07881300000000024,37.485,37.73948529944653,-0.25448529944652876
pi4b8g,fit,fisvdd_revision,n16,B0,1208,2.396604,2.51162,-0.11501600000000023,36.511,37.34119386737274,-0.8301938673727349
pi4b8g,fit,fisvdd_revision,n16,B0,1209,2.347642,2.51162,-0.16397800000000018,37.972,36.54465405950652,1.4273459404934812
pi4b8g,fit,fisvdd_revision,n16,B0,1210,2.369734,2.51162,-0.1418860000000004,37.485,37.73936946218179,-0.254369462181792
pi4b8g,fit,fisvdd_revision,n16,B0,1211,2.376308,2.51162,-0.13531200000000032,36.998,37.34115659257805,-0.34315659257805464
pi4b8g,fit,fisvdd_revision,n16,B0,1212,2.332272,2.51162,-0.17934800000000006,36.511,36.94285077474023,-0.4318507747402265
pi4b8g,fit,fisvdd_revision,n16,B0,1213,2.397604,2.51162,-0.11401600000000034,36.998,36.544745817650586,0.4532541823494114
pi4b8g,fit,fisvdd_revision,n16,B0,1214,2.388826,2.51162,-0.12279400000000029,37.972,36.94295463947902,1.029045360520982
pi4b8g,fit,fisvdd_revision,n16,B0,1215,2.381549,2.51162,-0.13007100000000005,37.485,37.73939116112243,-0.25439116112242743
pi4b8g,fit,fisvdd_revision,n16,B0,1216,2.39066,2.51162,-0.12096000000000018,37.485,37.34118295086803,0.14381704913196813
pi4b8g,fit,fisvdd_revision,n16,B0,1217,2.423548,2.51162,-0.08807200000000037,36.511,37.341243351609435,-0.8302433516094325
pi4b8g,fit,fisvdd_revision,n16,B0,1218,2.355493,2.51162,-0.15612700000000013,36.511,36.5446684783286,-0.033668478328600315
pi4b8g,fit,fisvdd_revision,n16,B0,1219,2.431788,2.51162,-0.07983200000000013,36.024,36.544808598572025,-0.5208085985720246
pi4b8g,fit,fisvdd_revision,n16,B0,1220,2.415678,2.51162,-0.09594199999999997,37.485,36.1465540684715,1.3384459315284971
pi4b8g,fit,fisvdd_revision,n16,B0,1221,2.325105,2.51162,-0.186515,36.998,37.341062555264685,-0.3430625552646873
pi4b8g,fit,fisvdd_revision,n16,B0,1222,2.388493,2.51162,-0.12312700000000021,35.537,37.73940391418581,-2.2024039141858083
pi4b8g,fit,fisvdd_revision,n16,B0,1223,2.381493,2.51162,-0.13012700000000033,36.998,35.748266342573096,1.2497336574269013
pi4b8g,fit,fisvdd_revision,n16,B0,1224,2.331401,2.51162,-0.18021900000000013,36.998,36.94284917509763,0.05515082490236978
pi4b8g,fit,fisvdd_revision,n16,B0,1225,2.442233,2.51162,-0.06938700000000031,36.511,36.94305272456769,-0.43205272456768995
pi4b8g,fit,fisvdd_revision,n16,B0,1226,2.384826,2.51162,-0.1267940000000003,36.998,36.54472235010395,0.45327764989604447
pi4b8g,fit,fisvdd_revision,n16,B0,1227,2.340439,2.51162,-0.17118100000000025,36.024,36.94286577391485,-0.9188657739148525
pi4b8g,fit,fisvdd_revision,n16,B0,1228,2.405086,2.51162,-0.10653400000000035,36.511,36.14653461564211,0.3644653843578922
pi4b8g,fit,fisvdd_revision,n16,B0,1229,2.435881,2.51162,-0.075739,36.998,36.54481611560664,0.4531838843933542
pi4b8g,fit,fisvdd_revision,n16,B0,1230,2.339142,2.51162,-0.17247800000000035,36.511,36.942863391898264,-0.4318633918982613
pi4b8g,fit,fisvdd_revision,n16,B0,1231,2.453659,2.51162,-0.05796100000000015,36.024,36.544848765946604,-0.520848765946603
pi4b8g,fit,fisvdd_revision,n16,B0,1232,2.446492,2.51162,-0.06512800000000007,37.485,36.146610660190234,1.3383893398097655
pi4b8g,fit,fisvdd_revision,n16,B0,1233,2.372456,2.51162,-0.13916400000000007,36.511,37.341149518154076,-0.830149518154073
pi4b8g,fit,fisvdd_revision,n16,B0,1234,2.403381,2.51162,-0.1082390000000002,36.511,36.54475642745,-0.033756427449993964
pi4b8g,fit,fisvdd_revision,n16,B0,1235,2.435456,2.51162,-0.07616400000000034,36.024,36.54481533506921,-0.5208153350692086
pi4b8g,fit,fisvdd_revision,n16,B0,1236,2.352179,2.51162,-0.15944100000000017,36.024,36.14643744883277,-0.12243744883276975
pi4b8g,fit,fisvdd_revision,n16,B0,1237,2.51162,2.51162,0.0,36.024,36.14673027158303,-0.12273027158303051
pi4b8g,fit,fisvdd_revision,n16,B0,1238,2.36416,2.51162,-0.14746000000000015,37.972,36.14645945264215,1.8255405473578534
pi4b8g,fit,fisvdd_revision,n16,B0,1239,2.376123,2.51162,-0.13549699999999998,36.998,37.739381195955104,-0.7413811959551069
pi4b8g,fit,fisvdd_revision,n256,B0,1240,13.981797,15.421864,-1.440066999999999,36.511,36.55816758768588,-0.04716758768587681
pi4b8g,fit,fisvdd_revision,n256,B0,1241,13.860226,15.421864,-1.5616379999999985,36.511,36.5579443154123,-0.046944315412297044
pi4b8g,fit,fisvdd_revision,n256,B0,1242,13.931298,15.421864,-1.4905659999999994,36.024,36.558074843309804,-0.5340748433098028
pi4b8g,fit,fisvdd_revision,n256,B0,1243,13.956076,15.421864,-1.4657879999999999,35.537,36.15989540642002,-0.622895406420021
pi4b8g,fit,fisvdd_revision,n256,B0,1244,13.950872,15.421864,-1.470991999999999,36.511,35.76166090582831,0.7493390941716953
pi4b8g,fit,fisvdd_revision,n256,B0,1245,13.954613,15.421864,-1.4672509999999992,36.998,36.5581176626751,0.4398823373248959
pi4b8g,fit,fisvdd_revision,n256,B0,1246,14.061852,15.421864,-1.3600119999999993,35.537,36.95653955653029,-1.4195395565302888
pi4b8g,fit,fisvdd_revision,n256,B0,1247,15.421864,15.421864,0.0,35.537,35.76436246893347,-0.227362468933471
pi4b8g,fit,fisvdd_revision,n256,B0,1248,14.882392,15.421864,-0.539472,36.511,35.763371696956824,0.7476283030431787
pi4b8g,fit,fisvdd_revision,n256,B0,1249,14.074759,15.421864,-1.347104999999999,36.998,36.55833831785259,0.43966168214740975
pi4b8g,fit,fisvdd_revision,n256,B0,1250,13.972428,15.421864,-1.4494359999999986,36.998,36.956375324108144,0.04162467589185326
pi4b8g,fit,fisvdd_revision,n256,B0,1251,13.926132,15.421864,-1.4957319999999985,36.511,36.95629029878815,-0.4452902987881444
pi4b8g,fit,fisvdd_revision,n256,B0,1252,14.026149,15.421864,-1.3957149999999992,36.511,36.55824904273583,-0.047249042735828084
pi4b8g,fit,fisvdd_revision,n256,B0,1253,13.944391,15.421864,-1.4774729999999998,36.998,36.55809888937242,0.43990111062758075
pi4b8g,fit,fisvdd_revision,n256,B0,1254,13.961965,15.421864,-1.459899,36.511,36.95635610819482,-0.4453561081948152
pi4b8g,fit,fisvdd_revision,n256,B0,1255,13.924725,15.421864,-1.4971389999999989,36.511,36.5580627716097,-0.04706277160969563
pi4b8g,fit,fisvdd_revision,n256,B0,1256,13.969631,15.421864,-1.4522329999999997,36.998,36.55814524411315,0.43985475588684864
pi4b8g,fit,fisvdd_revision,n256,B0,1257,13.967557,15.421864,-1.454307,36.998,36.95636637823088,0.041633621769115337
pi4b8g,fit,fisvdd_revision,n256,B0,1258,13.889985,15.421864,-1.531879,36.024,36.95622391270204,-0.9322239127020424
pi4b8g,fit,fisvdd_revision,n256,B0,1259,15.341531,15.421864,-0.08033299999999954,36.511,36.16243987580657,0.3485601241934333
pi4b8g,fit,fisvdd_revision,n256,B0,1260,13.924299,15.421864,-1.4975649999999998,36.998,36.5580619892357,0.43993801076429406
pi4b8g,fit,fisvdd_revision,n256,B0,1261,14.049611,15.421864,-1.3722529999999988,36.024,36.95651707521566,-0.9325170752156566
pi4b8g,fit,fisvdd_revision,n256,B0,1262,13.952021,15.421864,-1.4698429999999991,36.024,36.159887959174625,-0.13588795917462448
pi4b8g,fit,fisvdd_revision,n256,B0,1263,13.914188,15.421864,-1.507676,36.998,36.15981847665062,0.8381815233493768
pi4b8g,fit,fisvdd_revision,n256,B0,1264,13.934206,15.421864,-1.4876579999999997,36.024,36.956305127162814,-0.9323051271628131
pi4b8g,fit,fisvdd_revision,n256,B0,1265,14.045797,15.421864,-1.376066999999999,36.511,36.160060184300086,0.35093981569991684
pi4b8g,fit,fisvdd_revision,n256,B0,1266,13.899984,15.421864,-1.5218799999999995,36.998,36.55801733331174,0.4399826666882589
pi4b8g,fit,fisvdd_revision,n256,B0,1267,13.905188,15.421864,-1.5166759999999986,35.537,36.956251833903444,-1.419251833903445
pi4b8g,fit,fisvdd_revision,n256,B0,1268,13.861171,15.421864,-1.5606929999999988,36.024,35.761496164679414,0.26250383532058663
pi4b8g,fit,fisvdd_revision,n256,B0,1269,13.951095,15.421864,-1.4707689999999989,36.511,36.159886258521304,0.35111374147869867
pi4b8g,fit,fisvdd_revision,n256,B0,1270,13.940169,15.421864,-1.4816950000000002,36.024,36.55809113542173,-0.5340911354217326
pi4b8g,fit,fisvdd_revision,n256,B0,1271,14.023445,15.421864,-1.3984189999999987,36.998,36.160019133540786,0.8379808664592119
pi4b8g,fit,fisvdd_revision,n256,B0,1272,13.95965,15.421864,-1.4622139999999995,36.511,36.95635185656151,-0.44535185656150844
pi4b8g,fit,fisvdd_revision,n256,B0,1273,13.999631,15.421864,-1.4222329999999985,36.024,36.55820034087313,-0.5342003408731273
pi4b8g,fit,fisvdd_revision,n256,B0,1274,14.055371,15.421864,-1.3664930000000002,36.511,36.95652765379357,-0.44552765379356885
pi4b8g,fit,fisvdd_revision,n256,B0,1275,13.972131,15.421864,-1.4497330000000002,36.998,36.558149835509816,0.43985016449018133
pi4b8g,fit,fisvdd_revision,n256,B0,1276,13.980075,15.421864,-1.441789,36.511,36.95638936827226,-0.4453893682722594
pi4b8g,fit,fisvdd_revision,n256,B0,1277,13.953039,15.421864,-1.468824999999999,36.511,36.55811477193176,-0.04711477193175995
pi4b8g,fit,fisvdd_revision,n256,B0,1278,13.947835,15.421864,-1.4740289999999998,36.511,36.55810521448046,-0.047105214480460234
pi4b8g,fit,fisvdd_revision,n256,B0,1279,13.955224,15.421864,-1.46664,37.972,36.55811878481245,1.4138812151875513
pi4b8g,fit,lucid_revision,n1024,B1,1280,294.88608,320.641715,-25.755634999999984,36.511,37.52497171673145,-1.0139717167314473
pi4b8g,fit,lucid_revision,n1024,B1,1281,315.319498,320.641715,-5.3222169999999664,36.998,37.164273944494205,-0.16627394449420763
pi4b8g,fit,lucid_revision,n1024,B1,1282,312.872006,320.641715,-7.7697089999999776,37.485,37.558003924992136,-0.07300392499213615
pi4b8g,fit,lucid_revision,n1024,B1,1283,314.032967,320.641715,-6.608747999999991,37.485,38.754810927398765,-1.2698109273987654
pi4b8g,fit,lucid_revision,n1024,B1,1284,312.599901,320.641715,-8.041813999999988,38.459,37.955729131336746,0.5032708686632574
pi4b8g,fit,lucid_revision,n1024,B1,1285,314.905858,320.641715,-5.735856999999953,38.946,38.75641404292926,0.1895859570707401
pi4b8g,fit,lucid_revision,n1024,B1,1286,316.117095,320.641715,-4.52461999999997,37.972,38.75863855073815,-0.7866385507381466
pi4b8g,fit,lucid_revision,n1024,B1,1287,320.641715,320.641715,0.0,38.459,38.368723337668925,0.09027666233107823
pi4b8g,fit,lucid_revision,n1024,B1,1288,313.456959,320.641715,-7.184755999999993,38.946,38.753753054914704,0.19224694508529439
pi4b8g,fit,lucid_revision,n1024,B1,1289,314.07067,320.641715,-6.57104499999997,39.433,39.15310511431055,0.2798948856894512
pi4b8g,fit,lucid_revision,n1024,B1,1290,312.75162,320.641715,-7.890094999999974,38.459,39.54890754474262,-1.0899075447426156
pi4b8g,fit,lucid_revision,n1024,B1,1291,314.222093,320.641715,-6.419622000000004,39.433,38.755158268393025,0.6778417316069749
pi4b8g,fit,lucid_revision,n1024,B1,1292,312.818249,320.641715,-7.823465999999996,38.946,39.54902991280998,-0.6030299128099799
pi4b8g,fit,lucid_revision,n1024,B1,1293,315.475903,320.641715,-5.16581199999996,39.433,39.15568590715441,0.27731409284559305
pi4b8g,fit,lucid_revision,n1024,B1,1294,315.660751,320.641715,-4.980963999999972,38.946,39.554250334491094,-0.6082503344910961
pi4b8g,fit,lucid_revision,n1024,B1,1295,314.826693,320.641715,-5.815021999999999,38.946,39.154493594902874,-0.2084935949028761
pi4b8g,fit,lucid_revision,n1024,B1,1296,313.0473,320.641715,-7.5944149999999695,39.433,39.15122563526856,0.28177436473144013
pi4b8g,fit,lucid_revision,n1024,B1,1297,314.575568,320.641715,-6.066147000000001,38.946,39.55225733224829,-0.6062573322482905
pi4b8g,fit,lucid_revision,n1024,B1,1298,312.755824,320.641715,-7.885890999999958,39.92,39.15069032249484,0.7693096775051629
pi4b8g,fit,lucid_revision,n1024,B1,1299,313.767675,320.641715,-6.8740399999999795,39.433,39.94899853249838,-0.5159985324983793
pi4b8g,fit,lucid_revision,n1024,B1,1300,313.339906,320.641715,-7.301808999999992,40.407,39.54998796649399,0.8570120335060096
pi4b8g,fit,lucid_revision,n1024,B1,1301,314.614141,320.641715,-6.027573999999959,38.946,40.34877806010653,-1.4027780601065345
pi4b8g,fit,lucid_revision,n1024,B1,1302,312.867896,320.641715,-7.773819000000003,40.407,39.15089614929765,1.2561038507023454
pi4b8g,fit,lucid_revision,n1024,B1,1303,313.985394,320.641715,-6.656320999999991,39.92,40.34762332935498,-0.4276233293549794
pi4b8g,fit,lucid_revision,n1024,B1,1304,313.861118,320.641715,-6.780597,40.894,39.9491701460498,0.9448298539501963
pi4b8g,fit,lucid_revision,n1024,B1,1305,313.772694,320.641715,-6.869020999999975,40.894,40.745457636467144,0.14854236353285444
pi4b8g,fit,lucid_revision,n1024,B1,1306,313.275611,320.641715,-7.36610399999995,38.946,40.74454471437579,-1.7985447143757938
pi4b8g,fit,lucid_revision,n1024,B1,1307,314.578234,320.641715,-6.0634809999999675,39.92,39.55226222851369,0.36773777148631126
pi4b8g,fit,lucid_revision,n1024,B1,1308,313.20463,320.641715,-7.437084999999968,40.407,39.947964467324304,0.4590355326756921
pi4b8g,fit,lucid_revision,n1024,B1,1309,314.502921,320.641715,-6.138793999999962,40.407,40.3485737980517,0.05842620194829351
pi4b8g,fit,lucid_revision,n1024,B1,1310,313.021263,320.641715,-7.620452,40.407,40.3458526462118,0.06114735378819347
pi4b8g,fit,lucid_revision,n1024,B1,1311,314.537272,320.641715,-6.104443000000003,40.894,40.34863688567844,0.5453631143215603
pi4b8g,fit,lucid_revision,n1024,B1,1312,312.855322,320.641715,-7.7863929999999755,39.92,40.74377282897063,-0.8237728289706254
pi4b8g,fit,lucid_revision,n1024,B1,1313,314.543846,320.641715,-6.097869000000003,39.92,39.9504240160747,-0.030424016074697136
pi4b8g,fit,lucid_revision,n1024,B1,1314,313.555734,320.641715,-7.085981000000004,38.946,39.948609290418155,-1.0026092904181567
pi4b8g,fit,lucid_revision,n1024,B1,1315,314.283425,320.641715,-6.358289999999954,40.407,39.15349585134953,1.253504148650464
pi4b8g,fit,lucid_revision,n1024,B1,1316,313.136631,320.641715,-7.505083999999954,40.407,40.346064526311984,0.06093547368801211
pi4b8g,fit,lucid_revision,n1024,B1,1317,314.193094,320.641715,-6.448621000000003,40.407,40.3480047825899,0.05899521741009295
pi4b8g,fit,lucid_revision,n1024,B1,1318,312.79786,320.641715,-7.843854999999962,40.894,39.94721741035575,0.9467825896442505
pi4b8g,fit,lucid_revision,n1024,B1,1319,315.719454,320.641715,-4.922260999999992,39.92,40.749032975415695,-0.8290329754156929
pi4b8g,fit,lucid_revision,n64,B2,1320,20.521918,20.521918,0.0,40.894,40.00518191942787,0.8888180805721291
pi4b8g,fit,lucid_revision,n64,B2,1321,19.056241,20.521918,-1.4656769999999995,39.433,40.40071506077242,-0.9677150607724201
pi4b8g,fit,lucid_revision,n64,B2,1322,18.793246,20.521918,-1.7286719999999995,39.433,39.20555722560484,0.2274427743951577
pi4b8g,fit,lucid_revision,n64,B2,1323,18.966168,20.521918,-1.5557499999999997,40.407,38.80764986386206,1.5993501361379359
pi4b8g,fit,lucid_revision,n64,B2,1324,19.149702,20.521918,-1.372215999999998,40.407,40.002661764241495,0.4043382357585017
pi4b8g,fit,lucid_revision,n64,B2,1325,19.01763,20.521918,-1.504287999999999,40.407,40.002419206265365,0.4045807937346311
pi4b8g,fit,lucid_revision,n64,B2,1326,18.924559,20.521918,-1.5973590000000009,39.92,40.002248275913765,-0.08224827591376282
pi4b8g,fit,lucid_revision,n64,B2,1327,19.00165,20.521918,-1.520267999999998,39.92,39.604164914917476,0.3158350850825258
pi4b8g,fit,lucid_revision,n64,B2,1328,19.038223,20.521918,-1.4836950000000009,39.92,39.60423208337757,0.3157679166224341
pi4b8g,fit,lucid_revision,n64,B2,1329,18.979224,20.521918,-1.542694000000001,40.407,39.60412372825283,0.8028762717471665
pi4b8g,fit,lucid_revision,n64,B2,1330,19.054278,20.521918,-1.4676399999999994,40.407,40.00248651246735,0.4045134875326468
pi4b8g,fit,lucid_revision,n64,B2,1331,19.030593,20.521918,-1.4913249999999998,39.433,40.00244301357535,-0.5694430135753521
pi4b8g,fit,lucid_revision,n64,B2,1332,19.889874,20.521918,-0.6320440000000005,39.92,39.207571247261576,0.7124287527384254
pi4b8g,fit,lucid_revision,n64,B2,1333,19.062796,20.521918,-1.4591220000000007,39.433,39.60427721313366,-0.1712772131336635
pi4b8g,fit,lucid_revision,n64,B2,1334,19.015316,20.521918,-1.5066020000000009,39.433,39.205965070187794,0.22703492981220563
pi4b8g,fit,lucid_revision,n64,B2,1335,18.99715,20.521918,-1.5247679999999981,39.92,39.20593170726307,0.7140682927369326
pi4b8g,fit,lucid_revision,n64,B2,1336,19.042223,20.521918,-1.4796949999999995,39.92,39.60423942961223,0.3157605703877735
pi4b8g,fit,lucid_revision,n64,B2,1337,19.031019,20.521918,-1.4908989999999989,39.92,39.604218852808934,0.31578114719106765
pi4b8g,fit,lucid_revision,n64,B2,1338,18.936947,20.521918,-1.5849709999999995,40.407,39.60404608406211,0.8029539159378842
pi4b8g,fit,lucid_revision,n64,B2,1339,18.967132,20.521918,-1.554786,39.92,40.00232646372585,-0.08232646372584895
pi4b8g,fit,lucid_revision,n64,B2,1340,19.007353,20.521918,-1.514565000000001,38.946,39.60417538881155,-0.65817538881155
pi4b8g,fit,lucid_revision,n64,B2,1341,19.016834,20.521918,-1.505084,38.946,38.80774291494343,0.13825708505656564
pi4b8g,fit,lucid_revision,n64,B2,1342,18.954243,20.521918,-1.5676749999999977,39.92,38.80762796289997,1.1123720371000303
pi4b8g,fit,lucid_revision,n64,B2,1343,19.022427,20.521918,-1.499490999999999,38.946,39.604203073096876,-0.6582030730968782
pi4b8g,fit,lucid_revision,n64,B2,1344,19.22522,20.521918,-1.2966979999999992,38.946,38.808125628057596,0.13787437194240226
pi4b8g,fit,lucid_revision,n64,B2,1345,18.895115,20.521918,-1.6268029999999989,38.946,38.80751937085917,0.1384806291408296
pi4b8g,fit,lucid_revision,n64,B2,1346,18.970039,20.521918,-1.5518789999999996,39.433,38.80765697318066,0.625343026819337
pi4b8g,fit,lucid_revision,n64,B2,1347,19.004835,20.521918,-1.5170829999999995,38.946,39.20594582121641,-0.2599458212164123
pi4b8g,fit,lucid_revision,n64,B2,1348,18.933799,20.521918,-1.588118999999999,39.92,38.80759041629461,1.112409583705393
pi4b8g,fit,lucid_revision,n64,B2,1349,19.005872,20.521918,-1.5160459999999993,38.459,39.604172668868166,-1.1451726688681632
pi4b8g,fit,lucid_revision,n64,B2,1350,18.965539,20.521918,-1.5563789999999997,39.433,38.409423765526256,1.0235762344737438
pi4b8g,fit,lucid_revision,n64,B2,1351,19.002909,20.521918,-1.5190090000000005,38.946,39.20594228400442,-0.2599422840044241
pi4b8g,fit,lucid_revision,n64,B2,1352,19.015261,20.521918,-1.5066570000000006,38.946,38.807740026036655,0.13825997396334344
pi4b8g,fit,lucid_revision,n64,B2,1353,19.242183,20.521918,-1.2797349999999987,38.946,38.80815678160225,0.13784321839774805
pi4b8g,fit,lucid_revision,n64,B2,1354,19.033056,20.521918,-1.488862000000001,40.894,39.60422259387894,1.2897774061210612
pi4b8g,fit,lucid_revision,n64,B2,1355,18.899225,20.521918,-1.6226929999999982,39.92,40.40042669167693,-0.4804266916769251
pi4b8g,fit,lucid_revision,n64,B2,1356,18.954521,20.521918,-1.5673969999999997,38.946,39.60407835974411,-0.6580783597441098
pi4b8g,fit,lucid_revision,n64,B2,1357,19.014946,20.521918,-1.506972000000001,39.433,38.807739447520675,0.6252605524793253
pi4b8g,fit,lucid_revision,n64,B2,1358,18.960317,20.521918,-1.5616009999999996,39.92,39.205864061297724,0.7141359387022774
pi4b8g,fit,lucid_revision,n64,B2,1359,18.940669,20.521918,-1.5812489999999997,39.92,39.60405291973347,0.3159470802665325
pi4b8g,fit,tinydl_revision,n1024,B0,1360,44.304238,45.9813,-1.6770619999999994,38.459,38.2087474247419,0.2502525752581022
pi4b8g,fit,tinydl_revision,n1024,B0,1361,44.405199,45.9813,-1.5761009999999942,38.946,38.20893284554137,0.7370671544586287
pi4b8g,fit,tinydl_revision,n1024,B0,1362,44.214888,45.9813,-1.7664119999999954,38.459,38.6068082713655,-0.14780827136549846
pi4b8g,fit,tinydl_revision,n1024,B0,1363,44.750268,45.9813,-1.231031999999999,38.459,38.20956658500368,0.2494334149963251
pi4b8g,fit,tinydl_revision,n1024,B0,1364,44.192148,45.9813,-1.7891519999999943,37.972,38.20854156488103,-0.23654156488102984
pi4b8g,fit,tinydl_revision,n1024,B0,1365,44.811303,45.9813,-1.169996999999995,39.433,37.811453736221445,1.621546263778555
pi4b8g,fit,tinydl_revision,n1024,B0,1366,44.311664,45.9813,-1.669635999999997,38.459,39.00521094930737,-0.5462109493073655
pi4b8g,fit,tinydl_revision,n1024,B0,1367,44.43055,45.9813,-1.5507500000000007,38.946,38.20897940414011,0.7370205958598888
pi4b8g,fit,tinydl_revision,n1024,B0,1368,44.367107,45.9813,-1.6141930000000002,37.972,38.60708783048907,-0.6350878304890699
pi4b8g,fit,tinydl_revision,n1024,B0,1369,44.779063,45.9813,-1.2022369999999967,39.433,38.209619468710464,1.2233805312895356
pi4b8g,fit,tinydl_revision,n1024,B0,1370,44.385348,45.9813,-1.595951999999997,38.459,39.00534627429611,-0.5463462742961056
pi4b8g,fit,tinydl_revision,n1024,B0,1371,44.349441,45.9813,-1.6318589999999986,39.433,38.208830442703274,1.224169557296726
pi4b8g,fit,tinydl_revision,n1024,B0,1372,44.414458,45.9813,-1.566841999999994,37.972,39.00539973651888,-1.0333997365188807
pi4b8g,fit,tinydl_revision,n1024,B0,1373,44.441773,45.9813,-1.5395269999999996,38.946,37.81077507269761,1.1352249273023887
pi4b8g,fit,tinydl_revision,n1024,B0,1374,44.186037,45.9813,-1.7952629999999985,38.946,38.60675528481143,0.33924471518857047
pi4b8g,fit,tinydl_revision,n1024,B0,1375,45.9813,45.9813,0.0,37.972,38.610052390631765,-0.6380523906317634
pi4b8g,fit,tinydl_revision,n1024,B0,1376,44.26885,45.9813,-1.712449999999997,37.972,37.81045748946342,0.16154251053658442
pi4b8g,fit,tinydl_revision,n1024,B0,1377,44.358293,45.9813,-1.623006999999994,37.485,37.81062175678017,-0.3256217567801727
pi4b8g,fit,tinydl_revision,n1024,B0,1378,44.229462,45.9813,-1.7518379999999993,37.972,37.41216020795027,0.5598397920497291
pi4b8g,fit,tinydl_revision,n1024,B0,1379,44.406922,45.9813,-1.5743779999999958,38.459,37.81071106679154,0.6482889332084625
pi4b8g,fit,tinydl_revision,n1024,B0,1380,44.646788,45.9813,-1.3345119999999966,39.433,37.81115159477251,1.6218484052274889
pi4b8g,fit,tinydl_revision,n1024,B0,1381,44.268554,45.9813,-1.7127459999999957,37.485,39.00513177526328,-1.5201317752632804
pi4b8g,fit,tinydl_revision,n1024,B0,1382,44.526493,45.9813,-1.4548069999999953,37.972,37.41270572280738,0.5592942771926204
pi4b8g,fit,tinydl_revision,n1024,B0,1383,44.334867,45.9813,-1.6464329999999947,37.485,37.41235379041646,0.07264620958353873
pi4b8g,fit,tinydl_revision,n1024,B0,1384,44.338905,45.9813,-1.6423950000000005,37.972,37.41236120644035,0.5596387935596496
pi4b8g,fit,tinydl_revision,n1024,B0,1385,45.424292,45.9813,-0.5570079999999962,37.972,37.812579526481535,0.1594204735184661
pi4b8g,fit,tinydl_revision,n1024,B0,1386,44.450476,45.9813,-1.5308239999999955,37.485,37.810791056267675,-0.32579105626767557
pi4b8g,fit,tinydl_revision,n1024,B0,1387,44.416699,45.9813,-1.5646009999999961,38.459,37.41250407968521,1.0464959203147899
pi4b8g,fit,tinydl_revision,n1024,B0,1388,44.242702,45.9813,-1.738597999999996,37.485,38.20863441026783,-0.7236344102678274
pi4b8g,fit,tinydl_revision,n1024,B0,1389,44.269906,45.9813,-1.7113939999999985,38.946,37.41223448572896,1.533765514271039
pi4b8g,fit,tinydl_revision,n1024,B0,1390,44.232313,45.9813,-1.7489869999999996,37.485,38.60684027340025,-1.1218402734002524
pi4b8g,fit,tinydl_revision,n1024,B0,1391,44.482346,45.9813,-1.4989539999999977,37.485,37.412624644251956,0.07237535574804355
pi4b8g,fit,tinydl_revision,n1024,B0,1392,44.399014,45.9813,-1.5822859999999963,38.459,37.4124716001452,1.0465283998548003
pi4b8g,fit,tinydl_revision,n1024,B0,1393,44.555271,45.9813,-1.4260289999999998,38.459,38.20920846157349,0.24979153842651414
pi4b8g,fit,tinydl_revision,n1024,B0,1394,44.404736,45.9813,-1.5765639999999976,37.972,37.8107070520743,0.16129294792570192
pi4b8g,fit,tinydl_revision,n1024,B0,1395,45.558974,45.9813,-0.4223259999999982,38.459,37.81282687787578,0.6461731221242246
pi4b8g,fit,tinydl_revision,n1024,B0,1396,44.345774,45.9813,-1.6355259999999987,38.459,38.208823708042644,0.25017629195735935
pi4b8g,fit,tinydl_revision,n1024,B0,1397,44.309312,45.9813,-1.671987999999999,37.972,38.20875674344057,-0.23675674344056574
pi4b8g,fit,tinydl_revision,n1024,B0,1398,44.219369,45.9813,-1.761930999999997,38.459,37.810366614704066,0.6486333852959376
pi4b8g,fit,tinydl_revision,n1024,B0,1399,44.469384,45.9813,-1.5119159999999994,36.998,38.20905072505935,-1.2110507250593514
pi4b8g,fit,lucid_revision,n1,B1,1400,2.12509,2.12509,0.0,38.946,38.201607012929685,0.744392987070313
pi4b8g,fit,lucid_revision,n1,B1,1401,1.822615,2.12509,-0.30247500000000005,37.972,38.5992764429876,-0.6272764429876005
pi4b8g,fit,lucid_revision,n1,B1,1402,1.88628,2.12509,-0.2388100000000002,37.972,37.80294348121425,0.16905651878575156
pi4b8g,fit,lucid_revision,n1,B1,1403,1.874261,2.12509,-0.2508290000000002,38.946,37.80292140761564,1.1430785923843558
pi4b8g,fit,lucid_revision,n1,B1,1404,1.791596,2.12509,-0.3334940000000002,36.998,38.599219474774344,-1.6012194747743465
pi4b8g,fit,lucid_revision,n1,B1,1405,1.845744,2.12509,-0.2793460000000001,37.972,37.00641914819134,0.9655808518086602
pi4b8g,fit,lucid_revision,n1,B1,1406,1.812503,2.12509,-0.31258700000000017,38.459,37.80280798542555,0.6561920145744509
pi4b8g,fit,lucid_revision,n1,B1,1407,1.916206,2.12509,-0.20888400000000007,38.459,38.2012233852093,0.2577766147906999
pi4b8g,fit,lucid_revision,n1,B1,1408,1.886187,2.12509,-0.2389030000000001,37.972,38.201168253554705,-0.22916825355470394
pi4b8g,fit,lucid_revision,n1,B1,1409,1.819873,2.12509,-0.30521700000000007,36.998,37.80282152086292,-0.804821520862923
pi4b8g,fit,lucid_revision,n1,B1,1410,1.789375,2.12509,-0.3357150000000002,37.485,37.0063156232159,0.47868437678410203
pi4b8g,fit,lucid_revision,n1,B1,1411,2.006074,2.12509,-0.11901600000000023,37.972,37.40493854678267,0.5670614532173346
pi4b8g,fit,lucid_revision,n1,B1,1412,1.839689,2.12509,-0.28540100000000024,37.972,37.802857914109445,0.1691420858905559
pi4b8g,fit,lucid_revision,n1,B1,1413,1.793189,2.12509,-0.3319010000000002,38.459,37.802772514131476,0.6562274858685271
pi4b8g,fit,lucid_revision,n1,B1,1414,1.832633,2.12509,-0.2924570000000002,37.485,38.20106989849191,-0.7160698984919094
pi4b8g,fit,lucid_revision,n1,B1,1415,1.804189,2.12509,-0.3209010000000001,37.972,37.40456777313639,0.567432226863609
pi4b8g,fit,lucid_revision,n1,B1,1416,1.767597,2.12509,-0.35749300000000006,36.998,37.8027255129221,-0.8047255129221043
pi4b8g,fit,lucid_revision,n1,B1,1417,1.837299,2.12509,-0.28779100000000013,37.485,37.006403638453406,0.47859636154659313
pi4b8g,fit,lucid_revision,n1,B1,1418,1.84604,2.12509,-0.27905000000000024,37.972,37.40464463495312,0.567355365046879
pi4b8g,fit,lucid_revision,n1,B1,1419,1.787467,2.12509,-0.33762300000000023,37.972,37.80276200534279,0.1692379946572089
pi4b8g,fit,lucid_revision,n1,B1,1420,1.920464,2.12509,-0.2046260000000002,38.459,38.2012312052761,0.25776879472390135
pi4b8g,fit,lucid_revision,n1,B1,1421,1.868187,2.12509,-0.2569030000000001,36.998,38.20113519549872,-1.2031351954987244
pi4b8g,fit,lucid_revision,n1,B1,1422,1.804503,2.12509,-0.3205870000000002,37.972,37.0063434066754,0.9656565933246029
pi4b8g,fit,lucid_revision,n1,B1,1423,1.843262,2.12509,-0.2818280000000002,38.459,37.80286447613356,0.6561355238664461
pi4b8g,fit,lucid_revision,n1,B1,1424,1.855484,2.12509,-0.26960600000000023,38.459,38.20111186569399,0.25788813430601465
pi4b8g,fit,lucid_revision,n1,B1,1425,1.771523,2.12509,-0.3535670000000002,37.972,37.802732723251424,0.16926727674857744
pi4b8g,fit,lucid_revision,n1,B1,1426,1.819263,2.12509,-0.30582700000000007,37.485,37.80282040056213,-0.3178204005621339
pi4b8g,fit,lucid_revision,n1,B1,1427,1.826188,2.12509,-0.2989020000000002,37.972,37.40460817559048,0.5673918244095191
pi4b8g,fit,lucid_revision,n1,B1,1428,1.786449,2.12509,-0.3386410000000002,37.972,37.80276013572607,0.16923986427393345
pi4b8g,fit,lucid_revision,n1,B1,1429,1.766227,2.12509,-0.35886300000000015,37.972,37.80272299683673,0.16927700316327332
pi4b8g,fit,lucid_revision,n1,B1,1430,1.859281,2.12509,-0.2658090000000002,38.459,38.599343782247644,-0.14034378224764055
pi4b8g,fit,lucid_revision,n1,B1,1431,1.825744,2.12509,-0.2993460000000001,37.972,38.20105724643926,-0.22905724643926106
pi4b8g,fit,lucid_revision,n1,B1,1432,1.782152,2.12509,-0.3429380000000002,37.485,37.802752244033485,-0.31775224403348545
pi4b8g,fit,lucid_revision,n1,B1,1433,1.856281,2.12509,-0.2688090000000001,38.459,37.40466344315042,1.0543365568495844
pi4b8g,fit,lucid_revision,n1,B1,1434,1.7898,2.12509,-0.3352900000000001,37.972,38.20099123317457,-0.22899123317456826
pi4b8g,fit,lucid_revision,n1,B1,1435,1.873706,2.12509,-0.25138400000000005,39.433,37.80292038832559,1.630079611674411
pi4b8g,fit,lucid_revision,n1,B1,1436,1.846003,2.12509,-0.2790870000000001,38.946,38.99754433956209,-0.051544339562092034
pi4b8g,fit,lucid_revision,n1,B1,1437,1.824559,2.12509,-0.3005310000000001,37.972,38.59928001325764,-0.6272800132576393
pi4b8g,fit,lucid_revision,n1,B1,1438,1.782819,2.12509,-0.3422710000000002,38.459,37.802753469018114,0.656246530981889
pi4b8g,fit,lucid_revision,n1,B1,1439,1.83667,2.12509,-0.2884200000000001,37.485,38.201077312679246,-0.7160773126792463
pi4b8g,fit,fisvdd_revision,n16,B1,1440,2.599026,2.599026,0.0,37.485,38.32668371358933,-0.8416837135893331
pi4b8g,fit,fisvdd_revision,n16,B1,1441,2.402529,2.599026,-0.19649699999999992,37.972,37.52987294904032,0.44212705095968374
pi4b8g,fit,fisvdd_revision,n16,B1,1442,2.390585,2.599026,-0.20844099999999965,38.459,38.32630089946444,0.1326991005355609
pi4b8g,fit,fisvdd_revision,n16,B1,1443,2.337735,2.599026,-0.26129099999999994,37.972,38.326203837338944,-0.3542038373389431
pi4b8g,fit,fisvdd_revision,n16,B1,1444,2.417789,2.599026,-0.18123699999999987,38.459,37.92812591806597,0.5308740819340301
pi4b8g,fit,fisvdd_revision,n16,B1,1445,2.424141,2.599026,-0.17488499999999974,38.459,38.32636252702704,0.13263747297296646
pi4b8g,fit,fisvdd_revision,n16,B1,1446,2.390308,2.599026,-0.20871799999999974,37.485,38.326300390737686,-0.8413003907376861
pi4b8g,fit,fisvdd_revision,n16,B1,1447,2.388697,2.599026,-0.21032899999999977,38.946,37.52984754576085,1.4161524542391462
pi4b8g,fit,fisvdd_revision,n16,B1,1448,2.395641,2.599026,-0.20338499999999993,38.459,38.72453512824546,-0.26553512824546033
pi4b8g,fit,fisvdd_revision,n16,B1,1449,2.344679,2.599026,-0.25434699999999966,38.459,38.32621659040232,0.13278340959768542
pi4b8g,fit,fisvdd_revision,n16,B1,1450,2.370493,2.599026,-0.22853299999999965,38.459,38.32626399932772,0.1327360006722813
pi4b8g,fit,fisvdd_revision,n16,B1,1451,2.381734,2.599026,-0.21729200000000004,37.485,38.326284644083685,-0.8412846440836859
pi4b8g,fit,fisvdd_revision,n16,B1,1452,2.441121,2.599026,-0.15790499999999996,37.972,37.529943825512355,0.44205617448764656
pi4b8g,fit,fisvdd_revision,n16,B1,1453,2.396678,2.599026,-0.20234799999999975,38.459,37.92808714647598,0.530912853524022
pi4b8g,fit,fisvdd_revision,n16,B1,1454,2.411475,2.599026,-0.18755100000000002,37.972,38.32633926517497,-0.3543392651749713
pi4b8g,fit,fisvdd_revision,n16,B1,1455,2.336438,2.599026,-0.26258800000000004,37.972,37.92797651218194,0.04402348781805898
pi4b8g,fit,fisvdd_revision,n16,B1,1456,2.394271,2.599026,-0.20475500000000002,37.485,37.92808272587927,-0.4430827258792718
pi4b8g,fit,fisvdd_revision,n16,B1,1457,2.433436,2.599026,-0.1655899999999999,37.485,37.52992971155901,-0.044929711559007046
pi4b8g,fit,fisvdd_revision,n16,B1,1458,2.344975,2.599026,-0.254051,37.972,37.52976724774286,0.44223275225714076
pi4b8g,fit,fisvdd_revision,n16,B1,1459,2.388808,2.599026,-0.2102179999999998,36.998,37.92807269275928,-0.930072692759282
pi4b8g,fit,fisvdd_revision,n16,B1,1460,2.389437,2.599026,-0.2095889999999998,37.972,37.13162396167385,0.8403760383261485
pi4b8g,fit,fisvdd_revision,n16,B1,1461,2.327883,2.599026,-0.2711429999999999,37.972,37.927960800422554,0.04403919957744762
pi4b8g,fit,fisvdd_revision,n16,B1,1462,2.379179,2.599026,-0.21984699999999968,37.485,37.928055008535885,-0.443055008535886
pi4b8g,fit,fisvdd_revision,n16,B1,1463,2.385104,2.599026,-0.21392199999999972,38.946,37.52984094700557,1.4161590529944306
pi4b8g,fit,fisvdd_revision,n16,B1,1464,2.349975,2.599026,-0.2490509999999997,37.485,38.72445125995742,-1.23945125995742
pi4b8g,fit,fisvdd_revision,n16,B1,1465,2.442047,2.599026,-0.15697899999999976,36.511,38.724620355586914,-2.2136203555869116
pi4b8g,fit,fisvdd_revision,n16,B1,1466,2.399455,2.599026,-0.19957099999999972,37.485,36.73341741717816,0.7515825828218397
pi4b8g,fit,fisvdd_revision,n16,B1,1467,2.336586,2.599026,-0.2624399999999998,38.459,37.529751840852214,0.9292481591477895
pi4b8g,fit,fisvdd_revision,n16,B1,1468,2.382604,2.599026,-0.21642199999999967,38.459,38.326286241889726,0.13271375811027752
pi4b8g,fit,fisvdd_revision,n16,B1,1469,2.370382,2.599026,-0.22864399999999963,38.459,38.326263795469714,0.13273620453028911
pi4b8g,fit,fisvdd_revision,n16,B1,1470,2.337068,2.599026,-0.2619579999999999,37.972,38.326202612354315,-0.35420261235431383
pi4b8g,fit,fisvdd_revision,n16,B1,1471,2.380234,2.599026,-0.21879199999999965,38.459,37.92805694610527,0.5309430538947311
pi4b8g,fit,fisvdd_revision,n16,B1,1472,2.391826,2.599026,-0.20719999999999983,37.972,38.326303178633744,-0.3543031786337423
pi4b8g,fit,fisvdd_revision,n16,B1,1473,2.327383,2.599026,-0.27164299999999963,37.485,37.92795988214322,-0.4429598821432208
pi4b8g,fit,fisvdd_revision,n16,B1,1474,2.402771,2.599026,-0.19625499999999985,38.946,37.52987339348752,1.4161266065124778
pi4b8g,fit,fisvdd_revision,n16,B1,1475,2.422159,2.599026,-0.17686699999999966,37.485,38.724583830108166,-1.2395838301081668
pi4b8g,fit,fisvdd_revision,n16,B1,1476,2.334179,2.599026,-0.26484700000000005,37.972,37.529747420255504,0.4422525797444976
pi4b8g,fit,fisvdd_revision,n16,B1,1477,2.365938,2.599026,-0.23308799999999996,37.485,37.92803069066259,-0.4430306906625887
pi4b8g,fit,fisvdd_revision,n16,B1,1478,2.385585,2.599026,-0.213441,37.972,37.52984183039028,0.4421581696097192
pi4b8g,fit,fisvdd_revision,n16,B1,1479,2.336623,2.599026,-0.26240299999999994,37.972,37.927976851945296,0.04402314805470553
pi4b8g,fit,tinydl_revision,n16,B1,1480,2.437473,2.437473,0.0,38.459,38.73052971787376,-0.27152971787375435
pi4b8g,fit,tinydl_revision,n16,B1,1481,2.162293,2.437473,-0.27517999999999976,36.998,38.33179939051965,-1.3337993905196512
pi4b8g,fit,tinydl_revision,n16,B1,1482,2.135664,2.437473,-0.301809,37.485,37.1370756553777,0.3479243446222995
pi4b8g,fit,tinydl_revision,n16,B1,1483,2.180515,2.437473,-0.2569579999999996,36.998,37.535382970010836,-0.5373829700108388
pi4b8g,fit,tinydl_revision,n16,B1,1484,2.169997,2.437473,-0.2674759999999998,37.972,37.13713870994638,0.8348612900536239
pi4b8g,fit,tinydl_revision,n16,B1,1485,2.1792,2.437473,-0.258273,38.459,37.9336054980766,0.525394501923401
pi4b8g,fit,tinydl_revision,n16,B1,1486,2.199996,2.437473,-0.23747699999999972,37.972,38.331868634291034,-0.35986863429103266
pi4b8g,fit,tinydl_revision,n16,B1,1487,2.221829,2.437473,-0.21564399999999972,37.485,37.933683788735976,-0.4486837887359769
pi4b8g,fit,tinydl_revision,n16,B1,1488,2.2037,2.437473,-0.2337729999999998,37.485,37.53542555062351,-0.050425550623508286
pi4b8g,fit,tinydl_revision,n16,B1,1489,2.237792,2.437473,-0.199681,39.433,37.53548816258155,1.897511837418449
pi4b8g,fit,tinydl_revision,n16,B1,1490,2.207867,2.437473,-0.22960599999999998,38.459,39.128332976125115,-0.6693329761251121
pi4b8g,fit,tinydl_revision,n16,B1,1491,2.218941,2.437473,-0.21853199999999973,37.972,38.331903427894964,-0.3599034278949631
pi4b8g,fit,tinydl_revision,n16,B1,1492,2.222903,2.437473,-0.2145699999999997,37.972,37.93368576119998,0.038314238800019496
pi4b8g,fit,tinydl_revision,n16,B1,1493,2.148349,2.437473,-0.2891239999999997,38.459,37.9335488384052,0.5254511615948019
pi4b8g,fit,tinydl_revision,n16,B1,1494,2.19733,2.437473,-0.24014299999999977,37.972,38.33186373802563,-0.35986373802563065
pi4b8g,fit,tinydl_revision,n16,B1,1495,2.179331,2.437473,-0.25814199999999987,37.972,37.93360573866579,0.03839426133421142
pi4b8g,fit,tinydl_revision,n16,B1,1496,2.143757,2.437473,-0.29371599999999987,37.972,37.933540404927804,0.03845959507219732
pi4b8g,fit,tinydl_revision,n16,B1,1497,2.333606,2.437473,-0.10386699999999971,37.972,37.93388907375398,0.03811092624601997
pi4b8g,fit,tinydl_revision,n16,B1,1498,2.240477,2.437473,-0.19699599999999995,37.972,37.93371803688198,0.03828196311802401
pi4b8g,fit,tinydl_revision,n16,B1,1499,2.178645,2.437473,-0.25882799999999984,37.972,37.93360447878654,0.03839552121345946
pi4b8g,fit,tinydl_revision,n16,B1,1500,2.236551,2.437473,-0.20092199999999982,36.998,37.53548588341224,-0.5374858834122449
pi4b8g,fit,tinydl_revision,n16,B1,1501,2.189608,2.437473,-0.24786499999999956,37.485,37.137174726698376,0.3478252733016234
pi4b8g,fit,tinydl_revision,n16,B1,1502,2.133182,2.437473,-0.30429099999999965,37.485,37.5352960401795,-0.05029604017950362
pi4b8g,fit,tinydl_revision,n16,B1,1503,2.207015,2.437473,-0.2304579999999996,38.459,37.53543163881549,0.9235683611845147
pi4b8g,fit,tinydl_revision,n16,B1,1504,2.192015,2.437473,-0.24545799999999973,37.972,38.331853976716324,-0.35985397671632313
pi4b8g,fit,tinydl_revision,n16,B1,1505,2.158127,2.437473,-0.27934599999999987,37.972,38.73001668255665,-0.7580166825566508
pi4b8g,fit,tinydl_revision,n16,B1,1506,2.198237,2.437473,-0.23923599999999956,36.998,37.93364046064393,-0.9356404606439312
pi4b8g,fit,tinydl_revision,n16,B1,1507,2.185033,2.437473,-0.25244,37.972,37.137166324442475,0.8348336755575261
pi4b8g,fit,tinydl_revision,n16,B1,1508,2.189497,2.437473,-0.24797599999999997,37.485,37.93362440912119,-0.4486244091211873
pi4b8g,fit,tinydl_revision,n16,B1,1509,2.187737,2.437473,-0.24973599999999996,38.459,37.53539623363752,0.9236037663624828
pi4b8g,fit,tinydl_revision,n16,B1,1510,2.231144,2.437473,-0.20632899999999976,37.485,38.331925839420364,-0.8469258394203649
pi4b8g,fit,tinydl_revision,n16,B1,1511,2.147553,2.437473,-0.28991999999999996,37.485,37.53532243336409,-0.05032243336408726
pi4b8g,fit,tinydl_revision,n16,B1,1512,2.189459,2.437473,-0.24801399999999996,38.459,37.53539939619154,0.9236006038084597
pi4b8g,fit,tinydl_revision,n16,B1,1513,2.180904,2.437473,-0.2565689999999998,37.972,38.33183357071299,-0.3598335707129863
pi4b8g,fit,tinydl_revision,n16,B1,1514,2.140979,2.437473,-0.2964939999999996,38.459,37.93353530296783,0.5254646970321701
pi4b8g,fit,tinydl_revision,n16,B1,1515,2.21107,2.437473,-0.2264029999999999,36.998,38.3318889723417,-1.333888972341704
pi4b8g,fit,tinydl_revision,n16,B1,1516,2.190441,2.437473,-0.24703199999999992,37.972,37.13717625655174,0.8348237434482613
pi4b8g,fit,tinydl_revision,n16,B1,1517,2.161664,2.437473,-0.27580899999999975,36.998,37.93357329218384,-0.9355732921838396
pi4b8g,fit,tinydl_revision,n16,B1,1518,2.288236,2.437473,-0.14923699999999984,37.485,37.13735586280648,0.3476441371935195
pi4b8g,fit,tinydl_revision,n16,B1,1519,2.205477,2.437473,-0.23199599999999965,37.485,37.53542881418826,-0.050428814188258286
pi4b8g,fit,fisvdd_revision,n256,B2,1520,13.934521,20.108055,-6.173534,37.485,37.33364210579377,0.15135789420622814
pi4b8g,fit,fisvdd_revision,n256,B2,1521,14.903725,20.108055,-5.204330000000001,38.459,37.73364704893947,0.7253529510605361
pi4b8g,fit,fisvdd_revision,n256,B2,1522,13.988557,20.108055,-6.119498,37.972,38.528416175499075,-0.5564161754990735
pi4b8g,fit,fisvdd_revision,n256,B2,1523,15.95115,20.108055,-4.156905,37.972,38.13379564954057,-0.16179564954057213
pi4b8g,fit,fisvdd_revision,n256,B2,1524,20.108055,20.108055,0.0,38.459,38.14143004944191,0.3175699505580951
pi4b8g,fit,fisvdd_revision,n256,B2,1525,13.942521,20.108055,-6.165534000000001,37.972,38.13010668454392,-0.15810668454391674
pi4b8g,fit,fisvdd_revision,n256,B2,1526,13.908133,20.108055,-6.199922000000001,37.972,38.130043528964514,-0.15804352896451235
pi4b8g,fit,fisvdd_revision,n256,B2,1527,13.839856,20.108055,-6.268199000000001,38.459,38.12991813424848,0.329081865751526
pi4b8g,fit,fisvdd_revision,n256,B2,1528,13.853781,20.108055,-6.2542740000000006,37.972,38.52816865146831,-0.5561686514683117
pi4b8g,fit,fisvdd_revision,n256,B2,1529,13.955187,20.108055,-6.152868,38.459,38.13012994639598,0.328870053604021
pi4b8g,fit,fisvdd_revision,n256,B2,1530,13.877337,20.108055,-6.2307179999999995,38.459,38.528211913444245,-0.06921191344424216
pi4b8g,fit,fisvdd_revision,n256,B2,1531,14.140684,20.108055,-5.967371,38.946,38.528695565659255,0.4173044343407426
pi4b8g,fit,fisvdd_revision,n256,B2,1532,13.927002,20.108055,-6.181053,37.485,38.926528069270795,-1.4415280692707952
pi4b8g,fit,fisvdd_revision,n256,B2,1533,13.893706,20.108055,-6.214349,38.946,37.73179208979223,1.2142079102077687
pi4b8g,fit,fisvdd_revision,n256,B2,1534,13.93291,20.108055,-6.1751450000000006,39.433,38.92653891965939,0.5064610803406069
pi4b8g,fit,fisvdd_revision,n256,B2,1535,13.838263,20.108055,-6.269792000000001,39.92,39.32459003803175,0.5954099619682509
pi4b8g,fit,fisvdd_revision,n256,B2,1536,13.892688,20.108055,-6.2153670000000005,38.459,39.72291493587756,-1.2639149358775583
pi4b8g,fit,fisvdd_revision,n256,B2,1537,13.832245,20.108055,-6.27581,38.459,38.52812909934088,-0.06912909934087708
pi4b8g,fit,fisvdd_revision,n256,B2,1538,13.86843,20.108055,-6.239625,37.972,39.324645441497026,-1.3526454414970246
pi4b8g,fit,fisvdd_revision,n256,B2,1539,13.932854,20.108055,-6.1752009999999995,39.433,38.130088930531294,1.3029110694687063
pi4b8g,fit,fisvdd_revision,n256,B2,1540,13.887818,20.108055,-6.220237000000001,38.459,39.32468104869644,-0.8656810486964375
pi4b8g,fit,fisvdd_revision,n256,B2,1541,14.720951,20.108055,-5.387104000000001,38.946,38.529761260046676,0.4162387399533216
pi4b8g,fit,fisvdd_revision,n256,B2,1542,13.860374,20.108055,-6.247681,38.946,38.926405703040004,0.01959429695999404
pi4b8g,fit,fisvdd_revision,n256,B2,1543,13.940928,20.108055,-6.167127000000001,38.946,38.92655364518678,0.019446354813219102
pi4b8g,fit,fisvdd_revision,n256,B2,1544,13.819986,20.108055,-6.288069,39.92,38.9263315281086,0.9936684718914037
pi4b8g,fit,fisvdd_revision,n256,B2,1545,13.929446,20.108055,-6.178609,38.946,39.722982444101,-0.7769824441010016
pi4b8g,fit,fisvdd_revision,n256,B2,1546,14.126758,20.108055,-5.981297,38.946,39.32511987602409,-0.3791198760240917
pi4b8g,fit,fisvdd_revision,n256,B2,1547,13.918502,20.108055,-6.189553,37.972,38.92651245852214,-0.9545124585221387
pi4b8g,fit,fisvdd_revision,n256,B2,1548,13.846541,20.108055,-6.261514,38.946,38.12993041164316,0.8160695883568394
pi4b8g,fit,fisvdd_revision,n256,B2,1549,13.855726,20.108055,-6.252329,38.459,38.926397166715326,-0.4673971667153225
pi4b8g,fit,fisvdd_revision,n256,B2,1550,13.862967,20.108055,-6.245088000000001,38.946,38.528185522096216,0.41781447790378223
pi4b8g,fit,fisvdd_revision,n256,B2,1551,13.957965,20.108055,-6.1500900000000005,38.946,38.92658493463677,0.019415065363226347
pi4b8g,fit,fisvdd_revision,n256,B2,1552,13.831097,20.108055,-6.2769580000000005,36.998,38.926351934111935,-1.9283519341119373
pi4b8g,fit,fisvdd_revision,n256,B2,1553,13.960112,20.108055,-6.147943,39.433,37.33368910516659,2.0993108948334083
pi4b8g,fit,fisvdd_revision,n256,B2,1554,13.978964,20.108055,-6.129091000000001,38.946,39.324848443672614,-0.3788484436726165
pi4b8g,fit,fisvdd_revision,n256,B2,1555,13.890855,20.108055,-6.2172,38.459,38.9264616831847,-0.4674616831846947
pi4b8g,fit,fisvdd_revision,n256,B2,1556,13.944502,20.108055,-6.163553,39.92,38.528335265907046,1.3916647340929558
pi4b8g,fit,fisvdd_revision,n256,B2,1557,13.808152,20.108055,-6.2999030000000005,38.946,39.72275968055418,-0.7767596805541785
pi4b8g,fit,fisvdd_revision,n256,B2,1558,13.86954,20.108055,-6.238515,38.946,38.926422536936734,0.019577463063264133
pi4b8g,fit,fisvdd_revision,n256,B2,1559,13.897485,20.108055,-6.210570000000001,38.459,38.92647385956865,-0.4674738595686492
pi4b8g,fit,tinydl_revision,n16,B0,1560,2.442196,3.036999,-0.5948029999999997,37.485,38.14364524874244,-0.6586452487424381
pi4b8g,fit,tinydl_revision,n16,B0,1561,2.162182,3.036999,-0.8748169999999997,38.459,37.34668110032333,1.1123188996766729
pi4b8g,fit,tinydl_revision,n16,B0,1562,2.201626,3.036999,-0.8353729999999997,37.485,38.14320342782417,-0.6582034278241693
pi4b8g,fit,tinydl_revision,n16,B0,1563,2.19796,3.036999,-0.8390389999999996,37.485,37.34674680871928,0.1382531912807181
pi4b8g,fit,tinydl_revision,n16,B0,1564,2.123609,3.036999,-0.9133899999999997,38.459,37.346610258745905,1.1123897412540984
pi4b8g,fit,tinydl_revision,n16,B0,1565,2.234236,3.036999,-0.8027629999999997,37.485,38.14326331800226,-0.6582633180022626
pi4b8g,fit,tinydl_revision,n16,B0,1566,2.198719,3.036999,-0.8382799999999997,37.972,37.34674820266731,0.6252517973326945
pi4b8g,fit,tinydl_revision,n16,B0,1567,2.14046,3.036999,-0.8965389999999998,37.972,37.744866149736396,0.22713385026360555
pi4b8g,fit,tinydl_revision,n16,B0,1568,2.173422,3.036999,-0.8635769999999998,36.998,37.74492668638314,-0.7469266863831407
pi4b8g,fit,tinydl_revision,n16,B0,1569,2.188867,3.036999,-0.8481319999999997,37.485,36.948505165750916,0.5364948342490834
pi4b8g,fit,tinydl_revision,n16,B0,1570,2.153867,3.036999,-0.8831319999999998,36.998,36.94844088619761,0.04955911380238831
pi4b8g,fit,tinydl_revision,n16,B0,1571,2.194367,3.036999,-0.8426319999999996,38.459,36.948515266823584,1.510484733176419
pi4b8g,fit,tinydl_revision,n16,B0,1572,2.176552,3.036999,-0.8604469999999997,37.485,38.14315737795218,-0.658157377952179
pi4b8g,fit,tinydl_revision,n16,B0,1573,2.429325,3.036999,-0.6076739999999998,36.998,37.34717172411503,-0.34917172411503117
pi4b8g,fit,tinydl_revision,n16,B0,1574,2.242051,3.036999,-0.7949479999999998,37.485,36.948602841287006,0.5363971587129939
pi4b8g,fit,tinydl_revision,n16,B0,1575,2.191293,3.036999,-0.8457059999999998,36.998,37.34673456438266,-0.34873456438266004
pi4b8g,fit,tinydl_revision,n16,B0,1576,2.145553,3.036999,-0.8914459999999997,37.485,36.94842561704886,0.5365743829511374
pi4b8g,fit,tinydl_revision,n16,B0,1577,2.690802,3.036999,-0.34619699999999964,37.972,37.34765194196533,0.6243480580346699
pi4b8g,fit,tinydl_revision,n16,B0,1578,2.266921,3.036999,-0.7700779999999998,37.972,37.74509840278185,0.22690159721815206
pi4b8g,fit,tinydl_revision,n16,B0,1579,3.036999,3.036999,0.0,36.998,37.74651269620622,-0.7485126962062196
pi4b8g,fit,tinydl_revision,n16,B0,1580,2.193719,3.036999,-0.8432799999999996,37.972,36.94851407673357,1.0234859232664348
pi4b8g,fit,tinydl_revision,n16,B0,1581,2.213978,3.036999,-0.8230209999999998,36.511,37.745001169856394,-1.2340011698563913
pi4b8g,fit,tinydl_revision,n16,B0,1582,2.189145,3.036999,-0.8478539999999999,36.998,36.55028073317382,0.44771926682617647
pi4b8g,fit,tinydl_revision,n16,B0,1583,2.124109,3.036999,-0.91289,36.998,36.948386233884825,0.0496137661151721
pi4b8g,fit,tinydl_revision,n16,B0,1584,2.19546,3.036999,-0.8415389999999996,36.511,36.9485172741822,-0.43751727418219843
pi4b8g,fit,tinydl_revision,n16,B0,1585,2.258255,3.036999,-0.7787439999999997,37.485,36.55040765774323,0.9345923422567708
pi4b8g,fit,tinydl_revision,n16,B0,1586,2.136423,3.036999,-0.9005759999999996,37.485,37.34663379240865,0.13836620759134632
pi4b8g,fit,tinydl_revision,n16,B0,1587,2.169609,3.036999,-0.8673899999999999,36.511,37.34669474044454,-0.8356947404445378
pi4b8g,fit,tinydl_revision,n16,B0,1588,2.195071,3.036999,-0.8419279999999998,36.511,36.55029161662048,-0.0392916166204742
pi4b8g,fit,tinydl_revision,n16,B0,1589,2.121239,3.036999,-0.9157599999999997,37.485,36.55015601982105,0.9348439801789468
pi4b8g,fit,tinydl_revision,n16,B0,1590,2.178553,3.036999,-0.8584459999999998,36.024,37.34671116662525,-1.322711166625247
pi4b8g,fit,tinydl_revision,n16,B0,1591,2.199033,3.036999,-0.8379659999999998,35.05,36.152073949925494,-1.1020739499254972
pi4b8g,fit,tinydl_revision,n16,B0,1592,2.113239,3.036999,-0.9237599999999997,35.537,35.355466497930486,0.18153350206951302
pi4b8g,fit,tinydl_revision,n16,B0,1593,2.172034,3.036999,-0.8649649999999998,35.537,35.753799421537664,-0.21679942153766518
pi4b8g,fit,tinydl_revision,n16,B0,1594,2.175256,3.036999,-0.8617429999999997,36.998,35.75380533892969,1.2441946610703098
pi4b8g,fit,tinydl_revision,n16,B0,1595,2.175553,3.036999,-0.8614459999999999,36.511,36.94848071380884,-0.4374807138088386
pi4b8g,fit,tinydl_revision,n16,B0,1596,2.200015,3.036999,-0.8369839999999997,36.998,36.550300696566524,0.44769930343347397
pi4b8g,fit,tinydl_revision,n16,B0,1597,2.185145,3.036999,-0.8518539999999999,36.511,36.948498330079566,-0.4374983300795634
pi4b8g,fit,tinydl_revision,n16,B0,1598,2.121146,3.036999,-0.9158529999999998,36.024,36.550155849021095,-0.5261558490210945
pi4b8g,fit,tinydl_revision,n16,B0,1599,2.175885,3.036999,-0.8611139999999997,36.998,36.1520314372655,0.8459685627344982
pi4b8g,fit,fisvdd_revision,n512,B1,1600,30.724378,30.724378,0.0,37.485,37.17384614310816,0.31115385689184194
pi4b8g,fit,fisvdd_revision,n512,B1,1601,26.274312,30.724378,-4.450066000000003,35.537,37.56389827897216,-2.026898278972162
pi4b8g,fit,fisvdd_revision,n512,B1,1602,26.132092,30.724378,-4.592286000000001,36.511,35.97073731103705,0.5402626889629545
pi4b8g,fit,fisvdd_revision,n512,B1,1603,26.103574,30.724378,-4.620804000000003,36.511,36.76713482233783,-0.2561348223378275
pi4b8g,fit,fisvdd_revision,n512,B1,1604,25.985539,30.724378,-4.738839000000002,36.998,36.76691804413569,0.2310819558643047
pi4b8g,fit,fisvdd_revision,n512,B1,1605,26.078111,30.724378,-4.646267000000002,36.998,37.16531300118493,-0.16731300118492953
pi4b8g,fit,fisvdd_revision,n512,B1,1606,25.952206,30.724378,-4.772172000000001,36.998,37.16508176926609,-0.16708176926609042
pi4b8g,fit,fisvdd_revision,n512,B1,1607,26.016057,30.724378,-4.7083210000000015,37.972,37.16519903537347,0.8068009646265324
pi4b8g,fit,fisvdd_revision,n512,B1,1608,26.236701,30.724378,-4.4876770000000015,36.998,37.962054147304585,-0.9640541473045872
pi4b8g,fit,fisvdd_revision,n512,B1,1609,26.367143,30.724378,-4.357235000000003,36.511,37.16584382540927,-0.6548438254092659
pi4b8g,fit,fisvdd_revision,n512,B1,1610,26.123592,30.724378,-4.600786000000003,37.485,36.767171586569205,0.7178284134307944
pi4b8g,fit,fisvdd_revision,n512,B1,1611,26.173147,30.724378,-4.551231000000001,37.972,37.56371248351471,0.40828751648528794
pi4b8g,fit,fisvdd_revision,n512,B1,1612,26.084556,30.724378,-4.639822000000002,37.485,37.961774724086354,-0.47677472408635424
pi4b8g,fit,fisvdd_revision,n512,B1,1613,25.916466,30.724378,-4.807912000000002,36.998,37.56324107379978,-0.5652410737997826
pi4b8g,fit,fisvdd_revision,n512,B1,1614,25.981929,30.724378,-4.742449000000001,36.998,37.16513635729932,-0.16713635729932008
pi4b8g,fit,fisvdd_revision,n512,B1,1615,26.53614,30.724378,-4.188238000000002,37.972,37.16615419831414,0.8058458016858623
pi4b8g,fit,fisvdd_revision,n512,B1,1616,25.986095,30.724378,-4.738283000000003,37.972,37.961593894683546,0.010406105316455694
pi4b8g,fit,fisvdd_revision,n512,B1,1617,25.99552,30.724378,-4.7288580000000024,36.998,38.758061090529786,-1.7600610905297884
pi4b8g,fit,fisvdd_revision,n512,B1,1618,26.13811,30.724378,-4.5862680000000005,36.511,37.165423192868325,-0.6544231928683217
pi4b8g,fit,fisvdd_revision,n512,B1,1619,26.332255,30.724378,-4.3921230000000016,37.485,36.767554808410125,0.7174451915898743
pi4b8g,fit,fisvdd_revision,n512,B1,1620,26.133221,30.724378,-4.591157000000003,36.998,37.56363915707342,-0.56563915707342
pi4b8g,fit,fisvdd_revision,n512,B1,1621,26.649323,30.724378,-4.0750550000000025,37.485,37.166362065533626,0.31863793446637345
pi4b8g,fit,fisvdd_revision,n512,B1,1622,26.582917,30.724378,-4.141461000000003,37.485,37.56446505015927,-0.0794650501592713
pi4b8g,fit,fisvdd_revision,n512,B1,1623,26.034779,30.724378,-4.689599000000001,37.485,37.56345836256522,-0.07845836256522176
pi4b8g,fit,fisvdd_revision,n512,B1,1624,26.01089,30.724378,-4.713488000000002,37.972,37.56341448901525,0.40858551098475004
pi4b8g,fit,fisvdd_revision,n512,B1,1625,26.096907,30.724378,-4.627471,37.485,37.96179740742244,-0.47679740742243837
pi4b8g,fit,fisvdd_revision,n512,B1,1626,26.135592,30.724378,-4.5887860000000025,38.459,37.56364351155402,0.8953564884459837
pi4b8g,fit,fisvdd_revision,n512,B1,1627,26.050853,30.724378,-4.6735250000000015,36.998,38.35993776969005,-1.3619377696900514
pi4b8g,fit,fisvdd_revision,n512,B1,1628,26.101759,30.724378,-4.622619,37.972,37.165356432124256,0.8066435678757458
pi4b8g,fit,fisvdd_revision,n512,B1,1629,26.699266,30.724378,-4.025112,37.972,37.962903675063906,0.009096324936095357
pi4b8g,fit,fisvdd_revision,n512,B1,1630,26.194887,30.724378,-4.529491,38.459,37.961977353440524,0.49702264655947914
pi4b8g,fit,fisvdd_revision,n512,B1,1631,25.997354,30.724378,-4.727024,37.485,38.35983951563798,-0.87483951563798
pi4b8g,fit,fisvdd_revision,n512,B1,1632,26.001465,30.724378,-4.722913000000002,37.485,37.56339717944983,-0.07839717944982993
pi4b8g,fit,fisvdd_revision,n512,B1,1633,25.987003,30.724378,-4.737375,36.998,37.96159556227881,-0.9635955622788117
pi4b8g,fit,fisvdd_revision,n512,B1,1634,26.078074,30.724378,-4.646304000000001,38.459,37.16531293323226,1.2936870667677454
pi4b8g,fit,fisvdd_revision,n512,B1,1635,26.088741,30.724378,-4.635637000000003,37.972,38.36000735322478,-0.3880073532247792
pi4b8g,fit,fisvdd_revision,n512,B1,1636,26.583103,30.724378,-4.141275,37.972,37.96269033489959,0.009309665100410314
pi4b8g,fit,fisvdd_revision,n512,B1,1637,26.002595,30.724378,-4.721783000000002,39.433,37.96162419790153,1.4713758020984713
pi4b8g,fit,fisvdd_revision,n512,B1,1638,26.171258,30.724378,-4.55312,37.972,39.15660878681704,-1.1846087868170372
pi4b8g,fit,fisvdd_revision,n512,B1,1639,26.221553,30.724378,-4.502825000000001,37.972,37.96202632711391,0.009973672886090412
pi4b8g,fit,lucid_revision,n1024,B0,1640,315.188575,318.610957,-3.4223819999999705,37.485,36.975365296666496,0.5096347033335036
pi4b8g,fit,lucid_revision,n1024,B0,1641,314.523476,318.610957,-4.087480999999968,36.998,37.37236874647473,-0.3743687464747296
pi4b8g,fit,lucid_revision,n1024,B0,1642,311.930117,318.610957,-6.680839999999989,37.485,37.36760589052932,0.11739410947068052
pi4b8g,fit,lucid_revision,n1024,B0,1643,314.321683,318.610957,-4.289273999999978,37.972,37.770223084932255,0.20177691506774664
pi4b8g,fit,lucid_revision,n1024,B0,1644,314.764212,318.610957,-3.8467449999999985,37.972,38.56748570168297,-0.5954857016829678
pi4b8g,fit,lucid_revision,n1024,B0,1645,314.75299,318.610957,-3.8579669999999737,38.459,38.169240148681205,0.28975985131879867
pi4b8g,fit,lucid_revision,n1024,B0,1646,312.816601,318.610957,-5.794355999999993,37.972,38.56390879982299,-0.5919087998229884
pi4b8g,fit,lucid_revision,n1024,B0,1647,318.610957,318.610957,0.0,37.972,38.176325531408054,-0.20432553140805254
pi4b8g,fit,lucid_revision,n1024,B0,1648,315.0573,318.610957,-3.553656999999987,38.946,38.16979903184885,0.7762009681511515
pi4b8g,fit,lucid_revision,n1024,B0,1649,313.870747,318.610957,-4.7402099999999905,37.485,38.964069743934886,-1.479069743934886
pi4b8g,fit,lucid_revision,n1024,B0,1650,314.08054,318.610957,-4.530417,38.459,37.76978021166587,0.6892197883341353
pi4b8g,fit,lucid_revision,n1024,B0,1651,314.487162,318.610957,-4.123794999999973,39.433,38.56697688310456,0.8660231168954411
pi4b8g,fit,lucid_revision,n1024,B0,1652,312.367719,318.610957,-6.2432379999999625,38.459,39.359534287976714,-0.9005342879767113
pi4b8g,fit,lucid_revision,n1024,B0,1653,314.136742,318.610957,-4.474214999999958,38.946,38.566333316216834,0.3796666837831637
pi4b8g,fit,lucid_revision,n1024,B0,1654,312.615141,318.610957,-5.995815999999991,38.946,38.961763749854555,-0.015763749854556863
pi4b8g,fit,lucid_revision,n1024,B0,1655,313.560123,318.610957,-5.050834000000009,38.946,38.96349926473583,-0.0174992647358323
pi4b8g,fit,lucid_revision,n1024,B0,1656,313.475347,318.610957,-5.135609999999986,38.459,38.963343568638365,-0.5043435686383617
pi4b8g,fit,lucid_revision,n1024,B0,1657,315.049504,318.610957,-3.561452999999972,38.946,38.568009657177896,0.37799034282210187
pi4b8g,fit,lucid_revision,n1024,B0,1658,312.959653,318.610957,-5.651303999999982,38.459,38.96239646635368,-0.5033964663536779
pi4b8g,fit,lucid_revision,n1024,B0,1659,315.407497,318.610957,-3.203460000000007,38.946,38.5686671323244,0.37733286767559804
pi4b8g,fit,lucid_revision,n1024,B0,1660,312.682843,318.610957,-5.928113999999994,38.459,38.96188808854935,-0.5028880885493479
pi4b8g,fit,lucid_revision,n1024,B0,1661,314.129187,318.610957,-4.481769999999983,38.459,38.56631944101611,-0.10731944101610935
pi4b8g,fit,lucid_revision,n1024,B0,1662,313.704269,318.610957,-4.906687999999974,38.459,38.56553905418089,-0.10653905418088527
pi4b8g,fit,lucid_revision,n1024,B0,1663,316.107465,318.610957,-2.5034919999999943,38.459,38.5699526646207,-0.1109526646206973
pi4b8g,fit,lucid_revision,n1024,B0,1664,314.424552,318.610957,-4.186404999999979,38.946,38.566861896166486,0.37913810383351176
pi4b8g,fit,lucid_revision,n1024,B0,1665,314.068225,318.610957,-4.542732000000001,38.459,38.167982537586305,0.2910174624136985
pi4b8g,fit,lucid_revision,n1024,B0,1666,313.095336,318.610957,-5.51562100000001,39.92,38.56442071300275,1.355579286997255
pi4b8g,fit,lucid_revision,n1024,B0,1667,313.80223,318.610957,-4.808726999999976,38.459,39.760393794725594,-1.3013937947255911
pi4b8g,fit,lucid_revision,n1024,B0,1668,312.752917,318.610957,-5.85803999999996,38.459,38.563791840420905,-0.1047918404209014
pi4b8g,fit,lucid_revision,n1024,B0,1669,314.886673,318.610957,-3.7242840000000115,38.459,38.56771060849376,-0.1087106084937588
pi4b8g,fit,lucid_revision,n1024,B0,1670,312.804323,318.610957,-5.806633999999974,38.946,38.56388625055569,0.38211374944430787
pi4b8g,fit,lucid_revision,n1024,B0,1671,314.083966,318.610957,-4.5269910000000095,38.946,38.96446133313709,-0.018461333137089753
pi4b8g,fit,lucid_revision,n1024,B0,1672,313.444514,318.610957,-5.166442999999958,39.433,38.963286942025015,0.4697130579749853
pi4b8g,fit,lucid_revision,n1024,B0,1673,315.25761,318.610957,-3.353346999999985,38.459,39.36484174233645,-0.9058417423364489
pi4b8g,fit,lucid_revision,n1024,B0,1674,312.970727,318.610957,-5.640229999999974,39.433,38.56419186126394,0.8688081387360569
pi4b8g,fit,lucid_revision,n1024,B0,1675,314.772657,318.610957,-3.838300000000004,38.459,39.36395109770172,-0.9049510977017192
pi4b8g,fit,lucid_revision,n1024,B0,1676,313.847266,318.610957,-4.763690999999994,38.946,38.56580167656045,0.38019832343955073
pi4b8g,fit,lucid_revision,n1024,B0,1677,314.049133,318.610957,-4.561824000000001,37.972,38.96439736028908,-0.9923973602890754
pi4b8g,fit,lucid_revision,n1024,B0,1678,313.575123,318.610957,-5.035833999999966,39.433,38.167076926835,1.2659230731649984
pi4b8g,fit,lucid_revision,n1024,B0,1679,315.080855,318.610957,-3.5301019999999994,38.946,38.966292178269036,-0.020292178269038175
pi4b8g,fit,oi_svdd_as_elm_revision,n256,B0,1680,25.657323,27.087648,-1.4303249999999998,37.485,38.170945480190575,-0.6859454801905756
pi4b8g,fit,oi_svdd_as_elm_revision,n256,B0,1681,25.851505,27.087648,-1.236143000000002,37.972,37.374852220544625,0.5971477794553763
pi4b8g,fit,oi_svdd_as_elm_revision,n256,B0,1682,27.087648,27.087648,0.0,38.946,37.77534741282406,1.1706525871759368
pi4b8g,fit,oi_svdd_as_elm_revision,n256,B0,1683,25.569843,27.087648,-1.5178050000000027,37.972,38.56900976117888,-0.5970097611788816
pi4b8g,fit,oi_svdd_as_elm_revision,n256,B0,1684,25.490715,27.087648,-1.596933,37.972,37.772414551683944,0.19958544831605707
pi4b8g,fit,oi_svdd_as_elm_revision,n256,B0,1685,25.553455,27.087648,-1.534193000000002,36.998,37.77252977737465,-0.7745297773746529
pi4b8g,fit,oi_svdd_as_elm_revision,n256,B0,1686,25.572213,27.087648,-1.515435,37.972,36.97611434126128,0.9958856587387217
pi4b8g,fit,oi_svdd_as_elm_revision,n256,B0,1687,25.645379,27.087648,-1.4422690000000031,37.972,37.772698601193454,0.19930139880654707
pi4b8g,fit,oi_svdd_as_elm_revision,n256,B0,1688,25.583361,27.087648,-1.5042870000000015,37.972,37.77258470149811,0.19941529850189
pi4b8g,fit,oi_svdd_as_elm_revision,n256,B0,1689,25.536399,27.087648,-1.551249000000002,38.459,37.77249845303004,0.6865015469699642
pi4b8g,fit,oi_svdd_as_elm_revision,n256,B0,1690,25.561733,27.087648,-1.5259150000000012,38.459,38.170769923547695,0.288230076452308
pi4b8g,fit,oi_svdd_as_elm_revision,n256,B0,1691,25.574973,27.087648,-1.5126750000000015,37.972,38.17079423958443,-0.19879423958443
pi4b8g,fit,oi_svdd_as_elm_revision,n256,B0,1692,25.643064,27.087648,-1.4445840000000025,36.998,37.77269434956015,-0.7746943495601499
pi4b8g,fit,oi_svdd_as_elm_revision,n256,B0,1693,25.665342,27.087648,-1.4223060000000025,37.972,36.976285378133284,0.9957146218667177
pi4b8g,fit,oi_svdd_as_elm_revision,n256,B0,1694,25.500752,27.087648,-1.586896000000003,37.972,38.17065792836369,-0.19865792836368712
pi4b8g,fit,oi_svdd_as_elm_revision,n256,B0,1695,25.571103,27.087648,-1.5165450000000007,37.485,37.772562188961984,-0.28756218896198504
pi4b8g,fit,oi_svdd_as_elm_revision,n256,B0,1696,25.533621,27.087648,-1.5540270000000014,37.485,37.374268407929655,0.11073159207034422
pi4b8g,fit,oi_svdd_as_elm_revision,n256,B0,1697,25.566047,27.087648,-1.5216010000000004,37.485,37.374327960180956,0.11067203981904328
pi4b8g,fit,oi_svdd_as_elm_revision,n256,B0,1698,25.657693,27.087648,-1.4299550000000032,37.485,37.374496273436456,0.11050372656354313
pi4b8g,fit,oi_svdd_as_elm_revision,n256,B0,1699,25.60138,27.087648,-1.4862680000000026,37.972,37.3743928513083,0.5976071486917007
pi4b8g,fit,oi_svdd_as_elm_revision,n256,B0,1700,25.575418,27.087648,-1.5122300000000024,37.972,37.772570113712625,0.19942988628737623
pi4b8g,fit,oi_svdd_as_elm_revision,n256,B0,1701,25.840134,27.087648,-1.2475140000000025,38.459,37.77305628017645,0.6859437198235554
pi4b8g,fit,oi_svdd_as_elm_revision,n256,B0,1702,25.609694,27.087648,-1.4779540000000004,37.972,38.17085800673787,-0.19885800673787202
pi4b8g,fit,oi_svdd_as_elm_revision,n256,B0,1703,25.585954,27.087648,-1.5016940000000005,37.485,37.772589463694736,-0.2875894636947365
pi4b8g,fit,oi_svdd_as_elm_revision,n256,B0,1704,25.552954,27.087648,-1.5346940000000018,37.485,37.37430391411834,0.11069608588165636
pi4b8g,fit,oi_svdd_as_elm_revision,n256,B0,1705,25.610824,27.087648,-1.4768240000000006,37.972,37.37441019576834,0.5975898042316601
pi4b8g,fit,oi_svdd_as_elm_revision,n256,B0,1706,25.52851,27.087648,-1.5591380000000008,36.511,37.772483964418726,-1.2614839644187228
pi4b8g,fit,oi_svdd_as_elm_revision,n256,B0,1707,25.527122,27.087648,-1.560526000000003,38.459,36.57780658585406,1.8811934141459403
pi4b8g,fit,oi_svdd_as_elm_revision,n256,B0,1708,25.607732,27.087648,-1.479916000000003,37.972,38.17085440340977,-0.19885440340976857
pi4b8g,fit,oi_svdd_as_elm_revision,n256,B0,1709,25.57788,27.087648,-1.509768000000001,37.485,37.77257463532006,-0.28757463532006255
pi4b8g,fit,oi_svdd_as_elm_revision,n256,B0,1710,25.740396,27.087648,-1.347252000000001,36.998,37.37464816234781,-0.37664816234781284
pi4b8g,fit,oi_svdd_as_elm_revision,n256,B0,1711,25.565047,27.087648,-1.5226010000000016,37.485,36.976101180481876,0.508898819518123
pi4b8g,fit,oi_svdd_as_elm_revision,n256,B0,1712,25.581158,27.087648,-1.506490000000003,37.485,37.37435571241896,0.11064428758103872
pi4b8g,fit,oi_svdd_as_elm_revision,n256,B0,1713,25.595935,27.087648,-1.4917130000000007,36.998,37.37438285124637,-0.37638285124636894
pi4b8g,fit,oi_svdd_as_elm_revision,n256,B0,1714,25.492326,27.087648,-1.595322000000003,36.998,36.97596762409913,0.022032375900870704
pi4b8g,fit,oi_svdd_as_elm_revision,n256,B0,1715,25.563362,27.087648,-1.524286,37.485,36.57787314274012,0.9071268572598825
pi4b8g,fit,oi_svdd_as_elm_revision,n256,B0,1716,25.599287,27.087648,-1.4883610000000012,37.972,37.37438900739102,0.5976109926089848
pi4b8g,fit,oi_svdd_as_elm_revision,n256,B0,1717,25.5379,27.087648,-1.549748000000001,37.485,37.7725012097046,-0.287501209704601
pi4b8g,fit,oi_svdd_as_elm_revision,n256,B0,1718,25.633619,27.087648,-1.454029000000002,37.485,37.37445206012313,0.11054793987686651
pi4b8g,fit,oi_svdd_as_elm_revision,n256,B0,1719,25.551177,27.087648,-1.5364710000000024,36.998,37.37430065055359,-0.3763006505535955
pi4b8g,fit,oi_svdd_as_elm_revision,n64,B0,1720,7.929576,7.962409,-0.03283300000000011,36.998,36.5494143002516,0.44858569974839924
pi4b8g,fit,oi_svdd_as_elm_revision,n64,B0,1721,7.638007,7.962409,-0.3244020000000001,36.998,36.947103759818326,0.050896240181671715
pi4b8g,fit,oi_svdd_as_elm_revision,n64,B0,1722,7.700895,7.962409,-0.261514,36.998,36.94721925731971,0.050780742680288427
pi4b8g,fit,oi_svdd_as_elm_revision,n64,B0,1723,7.716339,7.962409,-0.24607000000000046,36.998,36.94724762113175,0.05075237886824624
pi4b8g,fit,oi_svdd_as_elm_revision,n64,B0,1724,7.641915,7.962409,-0.32049400000000006,36.511,36.94711093708959,-0.4361109370895875
pi4b8g,fit,oi_svdd_as_elm_revision,n64,B0,1725,7.708562,7.962409,-0.2538470000000004,36.511,36.549008395074594,-0.038008395074591306
pi4b8g,fit,oi_svdd_as_elm_revision,n64,B0,1726,7.666988,7.962409,-0.29542100000000016,36.998,36.54893204198462,0.4490679580153767
pi4b8g,fit,oi_svdd_as_elm_revision,n64,B0,1727,7.724191,7.962409,-0.23821799999999982,36.998,36.947262041790395,0.05073795820960214
pi4b8g,fit,oi_svdd_as_elm_revision,n64,B0,1728,7.684007,7.962409,-0.2784019999999998,36.511,36.94718824151696,-0.4361882415169589
pi4b8g,fit,oi_svdd_as_elm_revision,n64,B0,1729,7.654229,7.962409,-0.3081800000000001,37.485,36.5489086093326,0.9360913906674
pi4b8g,fit,oi_svdd_as_elm_revision,n64,B0,1730,7.694117,7.962409,-0.26829199999999975,36.511,37.34543175226548,-0.8344317522654805
pi4b8g,fit,oi_svdd_as_elm_revision,n64,B0,1731,7.68321,7.962409,-0.2791990000000002,36.511,36.5489618346393,-0.037961834639297365
pi4b8g,fit,oi_svdd_as_elm_revision,n64,B0,1732,7.668229,7.962409,-0.2941799999999999,36.998,36.54893432115392,0.4490656788460754
pi4b8g,fit,oi_svdd_as_elm_revision,n64,B0,1733,7.66671,7.962409,-0.29569899999999993,36.024,36.54893153142131,-0.5249315314213092
pi4b8g,fit,oi_svdd_as_elm_revision,n64,B0,1734,7.71295,7.962409,-0.24945899999999988,36.511,36.15079151075361,0.36020848924638926
pi4b8g,fit,oi_svdd_as_elm_revision,n64,B0,1735,7.664822,7.962409,-0.29758700000000005,36.511,36.548928063998545,-0.03792806399854243
pi4b8g,fit,oi_svdd_as_elm_revision,n64,B0,1736,7.962409,7.962409,0.0,37.485,36.549474599982275,0.935525400017724
pi4b8g,fit,oi_svdd_as_elm_revision,n64,B0,1737,7.720468,7.962409,-0.24194099999999974,36.998,37.34548014742289,-0.34748014742289257
pi4b8g,fit,oi_svdd_as_elm_revision,n64,B0,1738,7.681969,7.962409,-0.28044000000000047,36.024,36.9471844986104,-0.9231844986103965
pi4b8g,fit,oi_svdd_as_elm_revision,n64,B0,1739,7.707339,7.962409,-0.2550699999999999,36.998,36.15078120582294,0.8472187941770599
pi4b8g,fit,oi_svdd_as_elm_revision,n64,B0,1740,7.649285,7.962409,-0.3131240000000002,35.537,36.94712447252696,-1.4101244725269595
pi4b8g,fit,oi_svdd_as_elm_revision,n64,B0,1741,7.704932,7.962409,-0.25747699999999973,36.024,35.752551842085815,0.2714481579141861
pi4b8g,fit,oi_svdd_as_elm_revision,n64,B0,1742,7.668099,7.962409,-0.2943100000000003,37.485,36.15070913926088,1.3342908607391166
pi4b8g,fit,oi_svdd_as_elm_revision,n64,B0,1743,7.662377,7.962409,-0.30003199999999985,36.024,37.34537345989343,-1.3213734598934295
pi4b8g,fit,oi_svdd_as_elm_revision,n64,B0,1744,7.663062,7.962409,-0.29934700000000003,36.511,36.150699888514886,0.36030011148511676
pi4b8g,fit,oi_svdd_as_elm_revision,n64,B0,1745,7.696173,7.962409,-0.26623600000000014,36.998,36.54898564194929,0.4490143580507109
pi4b8g,fit,oi_svdd_as_elm_revision,n64,B0,1746,7.683414,7.962409,-0.2789950000000001,36.998,36.94718715243767,0.050812847562326624
pi4b8g,fit,oi_svdd_as_elm_revision,n64,B0,1747,7.778263,7.962409,-0.18414600000000014,36.998,36.947361348190576,0.05063865180942173
pi4b8g,fit,oi_svdd_as_elm_revision,n64,B0,1748,7.783171,7.962409,-0.1792379999999998,36.511,36.947370362020514,-0.4363703620205115
pi4b8g,fit,oi_svdd_as_elm_revision,n64,B0,1749,7.674044,7.962409,-0.28836499999999976,37.485,36.54894500074256,0.9360549992574363
pi4b8g,fit,oi_svdd_as_elm_revision,n64,B0,1750,7.696191,7.962409,-0.2662180000000003,35.537,37.345435561288156,-1.8084355612881566
pi4b8g,fit,oi_svdd_as_elm_revision,n64,B0,1751,7.652877,7.962409,-0.3095319999999999,36.511,36.54890612630528,-0.03790612630528045
pi4b8g,fit,oi_svdd_as_elm_revision,n64,B0,1752,7.69808,7.962409,-0.26432900000000004,36.024,36.54898914426666,-0.5249891442666623
pi4b8g,fit,oi_svdd_as_elm_revision,n64,B0,1753,7.691858,7.962409,-0.2705510000000002,36.511,36.150752774058226,0.3602472259417766
pi4b8g,fit,oi_svdd_as_elm_revision,n64,B0,1754,7.665618,7.962409,-0.2967909999999998,36.998,36.54892952589925,0.4490704741007505
pi4b8g,fit,oi_svdd_as_elm_revision,n64,B0,1755,7.853966,7.962409,-0.10844300000000029,36.511,36.94750038119127,-0.4365003811912658
pi4b8g,fit,oi_svdd_as_elm_revision,n64,B0,1756,7.647952,7.962409,-0.314457,35.537,36.548897081253855,-1.0118970812538564
pi4b8g,fit,oi_svdd_as_elm_revision,n64,B0,1757,7.67984,7.962409,-0.2825689999999996,36.024,35.75250575915577,0.271494240844234
pi4b8g,fit,oi_svdd_as_elm_revision,n64,B0,1758,7.69284,7.962409,-0.2695689999999997,35.537,36.150754577558835,-0.6137545775588364
pi4b8g,fit,oi_svdd_as_elm_revision,n64,B0,1759,7.69471,7.962409,-0.26769900000000035,36.024,35.75253306878313,0.27146693121687093
pi4b8g,fit,oi_svdd_as_elm_revision,n1,B2,1760,2.207238,2.325735,-0.11849700000000007,37.485,37.326246154074084,0.15875384592591502
pi4b8g,fit,oi_svdd_as_elm_revision,n1,B2,1761,2.325735,2.325735,0.0,37.972,37.72468872390674,0.24731127609326364
pi4b8g,fit,oi_svdd_as_elm_revision,n1,B2,1762,1.782078,2.325735,-0.5436569999999998,36.998,38.12191520907249,-1.1239152090724929
pi4b8g,fit,oi_svdd_as_elm_revision,n1,B2,1763,1.736746,2.325735,-0.588989,36.998,37.32538206791422,-0.32738206791422186
pi4b8g,fit,oi_svdd_as_elm_revision,n1,B2,1764,1.763523,2.325735,-0.5622119999999999,37.485,36.5289813591648,0.9560186408351967
pi4b8g,fit,oi_svdd_as_elm_revision,n1,B2,1765,1.762634,2.325735,-0.5631009999999999,37.972,37.723654555885375,0.24834544411462645
pi4b8g,fit,oi_svdd_as_elm_revision,n1,B2,1766,1.801634,2.325735,-0.5241009999999999,36.511,38.12195112481376,-1.6109511248137593
pi4b8g,fit,oi_svdd_as_elm_revision,n1,B2,1767,1.737042,2.325735,-0.5886929999999999,37.485,36.92715766839518,0.5578423316048173
pi4b8g,fit,oi_svdd_as_elm_revision,n1,B2,1768,1.800338,2.325735,-0.5253969999999999,36.511,37.72372380149332,-1.2127238014933184
pi4b8g,fit,oi_svdd_as_elm_revision,n1,B2,1769,1.717746,2.325735,-0.6079889999999999,37.485,37.72357211643998,-0.23857211643998255
pi4b8g,fit,oi_svdd_as_elm_revision,n1,B2,1770,1.702079,2.325735,-0.623656,37.972,37.72354334307536,0.24845665692463825
pi4b8g,fit,oi_svdd_as_elm_revision,n1,B2,1771,1.812226,2.325735,-0.513509,37.485,38.121970577643154,-0.6369705776431545
pi4b8g,fit,oi_svdd_as_elm_revision,n1,B2,1772,1.739709,2.325735,-0.5860259999999999,37.972,37.723612452777964,0.2483875472220376
pi4b8g,fit,oi_svdd_as_elm_revision,n1,B2,1773,1.717098,2.325735,-0.6086369999999999,36.511,38.12179586949038,-1.6107958694903743
pi4b8g,fit,oi_svdd_as_elm_revision,n1,B2,1774,1.751357,2.325735,-0.5743779999999998,36.998,36.927183958732485,0.07081604126751273
pi4b8g,fit,oi_svdd_as_elm_revision,n1,B2,1775,1.699394,2.325735,-0.6263409999999998,37.485,37.32531346877493,0.15968653122506993
pi4b8g,fit,oi_svdd_as_elm_revision,n1,B2,1776,1.691506,2.325735,-0.6342289999999999,36.998,37.72352392514058,-0.7255239251405854
pi4b8g,fit,oi_svdd_as_elm_revision,n1,B2,1777,1.739542,2.325735,-0.586193,37.485,37.32538720293225,0.15961279706775144
pi4b8g,fit,oi_svdd_as_elm_revision,n1,B2,1778,1.715227,2.325735,-0.6105079999999998,37.485,37.7235674901487,-0.2385674901487036
pi4b8g,fit,oi_svdd_as_elm_revision,n1,B2,1779,1.693283,2.325735,-0.6324519999999998,38.459,37.72352718870533,0.7354728112946702
pi4b8g,fit,oi_svdd_as_elm_revision,n1,B2,1780,1.805559,2.325735,-0.520176,36.998,38.520183276446936,-1.5221832764469383
pi4b8g,fit,oi_svdd_as_elm_revision,n1,B2,1781,1.771357,2.325735,-0.5543779999999998,37.972,37.32544563304621,0.6465543669537936
pi4b8g,fit,oi_svdd_as_elm_revision,n1,B2,1782,1.844984,2.325735,-0.48075099999999993,37.972,38.12203073963193,-0.15003073963193003
pi4b8g,fit,oi_svdd_as_elm_revision,n1,B2,1783,1.764412,2.325735,-0.5613229999999998,37.485,38.1218827644271,-0.6368827644270993
pi4b8g,fit,oi_svdd_as_elm_revision,n1,B2,1784,1.718135,2.325735,-0.6075999999999999,37.972,37.7235728308613,0.24842716913870078
pi4b8g,fit,oi_svdd_as_elm_revision,n1,B2,1785,1.704895,2.325735,-0.6208399999999998,37.972,38.12177345796498,-0.14977345796497588
pi4b8g,fit,oi_svdd_as_elm_revision,n1,B2,1786,1.734672,2.325735,-0.5910629999999999,38.459,38.12182814517237,0.33717185482763057
pi4b8g,fit,oi_svdd_as_elm_revision,n1,B2,1787,1.747561,2.325735,-0.578174,37.485,38.520076759717426,-1.0350767597174269
pi4b8g,fit,oi_svdd_as_elm_revision,n1,B2,1788,1.687339,2.325735,-0.638396,38.459,37.72351627220063,0.7354837277993767
pi4b8g,fit,oi_svdd_as_elm_revision,n1,B2,1789,1.742209,2.325735,-0.583526,37.485,38.52006693045544,-1.035066930455443
pi4b8g,fit,oi_svdd_as_elm_revision,n1,B2,1790,1.78169,2.325735,-0.5440449999999999,38.459,37.72368955334731,0.7353104466526901
pi4b8g,fit,oi_svdd_as_elm_revision,n1,B2,1791,1.747542,2.325735,-0.578193,37.972,38.52007672482281,-0.5480767248228062
pi4b8g,fit,oi_svdd_as_elm_revision,n1,B2,1792,1.763468,2.325735,-0.5622669999999999,38.459,38.12188103071572,0.3371189692842833
pi4b8g,fit,oi_svdd_as_elm_revision,n1,B2,1793,1.793393,2.325735,-0.5323419999999999,37.972,38.520160932874205,-0.5481609328742039
pi4b8g,fit,oi_svdd_as_elm_revision,n1,B2,1794,1.712987,2.325735,-0.6127479999999998,38.459,38.1217883193977,0.33721168060230156
pi4b8g,fit,oi_svdd_as_elm_revision,n1,B2,1795,1.682636,2.325735,-0.6430989999999999,37.972,38.51995752114604,-0.5479575211460386
pi4b8g,fit,oi_svdd_as_elm_revision,n1,B2,1796,1.751245,2.325735,-0.57449,37.972,38.12185858245915,-0.14985858245914585
pi4b8g,fit,oi_svdd_as_elm_revision,n1,B2,1797,1.724283,2.325735,-0.6014519999999999,37.485,38.12180906516439,-0.6368090651643925
pi4b8g,fit,oi_svdd_as_elm_revision,n1,B2,1798,1.681469,2.325735,-0.6442659999999998,37.485,37.72350549160125,-0.23850549160125212
pi4b8g,fit,oi_svdd_as_elm_revision,n1,B2,1799,1.747838,2.325735,-0.5778969999999999,37.972,37.72362738216336,0.24837261783664388
pi4b8g,fit,fisvdd_revision,n1,B0,1800,1.82054,2.466047,-0.645507,36.998,36.551539285767625,0.4464607142323729
pi4b8g,fit,fisvdd_revision,n1,B0,1801,1.636544,2.466047,-0.8295030000000001,36.998,36.94942630945973,0.04857369054026606
pi4b8g,fit,fisvdd_revision,n1,B0,1802,1.583359,2.466047,-0.8826880000000001,36.511,36.94932863208708,-0.43832863208707806
pi4b8g,fit,fisvdd_revision,n1,B0,1803,1.569045,2.466047,-0.8970020000000001,37.972,36.55107740044593,1.4209225995540748
pi4b8g,fit,fisvdd_revision,n1,B0,1804,1.645544,2.466047,-0.8205030000000002,36.511,37.74589272476854,-1.2348927247685353
pi4b8g,fit,fisvdd_revision,n1,B0,1805,1.653303,2.466047,-0.8127440000000001,37.972,36.55123214520601,1.4207678547939935
pi4b8g,fit,fisvdd_revision,n1,B0,1806,1.627618,2.466047,-0.8384290000000001,37.485,37.74585980261789,-0.2608598026178939
pi4b8g,fit,fisvdd_revision,n1,B0,1807,2.466047,2.466047,0.0,36.998,37.34917468352324,-0.3511746835232401
pi4b8g,fit,fisvdd_revision,n1,B0,1808,1.6476,2.466047,-0.8184470000000001,37.485,36.94944661445234,0.535553385547658
pi4b8g,fit,fisvdd_revision,n1,B0,1809,1.676895,2.466047,-0.7891520000000001,37.485,37.347725359578874,0.13727464042112558
pi4b8g,fit,fisvdd_revision,n1,B0,1810,1.638377,2.466047,-0.8276700000000001,36.998,37.347654619012175,-0.34965461901217765
pi4b8g,fit,fisvdd_revision,n1,B0,1811,1.576564,2.466047,-0.889483,36.998,36.949316152670946,0.048683847329051844
pi4b8g,fit,fisvdd_revision,n1,B0,1812,1.553989,2.466047,-0.912058,37.485,36.94927469235906,0.5357253076409378
pi4b8g,fit,fisvdd_revision,n1,B0,1813,1.66384,2.466047,-0.8022070000000001,36.998,37.34770138330549,-0.3497013833054936
pi4b8g,fit,fisvdd_revision,n1,B0,1814,1.604415,2.466047,-0.8616320000000002,36.511,36.94936730266635,-0.43836730266635016
pi4b8g,fit,fisvdd_revision,n1,B0,1815,1.603767,2.466047,-0.8622800000000002,37.485,36.55114116943593,0.9338588305640698
pi4b8g,fit,fisvdd_revision,n1,B0,1816,1.629118,2.466047,-0.836929,36.024,37.34763761431549,-1.323637614315487
pi4b8g,fit,fisvdd_revision,n1,B0,1817,1.559786,2.466047,-0.9062610000000002,36.024,36.15283545260883,-0.12883545260882556
pi4b8g,fit,fisvdd_revision,n1,B0,1818,1.561268,2.466047,-0.904779,37.485,36.15283817438877,1.3321618256112302
pi4b8g,fit,fisvdd_revision,n1,B0,1819,1.605489,2.466047,-0.8605580000000002,36.998,37.34759421827077,-0.34959421827077364
pi4b8g,fit,fisvdd_revision,n1,B0,1820,1.566138,2.466047,-0.8999090000000001,36.511,36.949297004710296,-0.438297004710293
pi4b8g,fit,fisvdd_revision,n1,B0,1821,1.533231,2.466047,-0.9328160000000001,36.024,36.55101162593387,-0.5270116259338664
pi4b8g,fit,fisvdd_revision,n1,B0,1822,1.600878,2.466047,-0.8651690000000001,37.485,36.15291092047753,1.3320890795224685
pi4b8g,fit,fisvdd_revision,n1,B0,1823,1.585656,2.466047,-0.8803910000000001,36.998,37.34755779380275,-0.3495577938027523
pi4b8g,fit,fisvdd_revision,n1,B0,1824,1.600063,2.466047,-0.8659840000000001,36.511,36.949359309963036,-0.4383593099630332
pi4b8g,fit,fisvdd_revision,n1,B0,1825,1.662728,2.466047,-0.8033190000000001,36.998,36.55124945477143,0.44675054522856783
pi4b8g,fit,fisvdd_revision,n1,B0,1826,1.577156,2.466047,-0.8888910000000001,36.998,36.949317239913675,0.04868276008632222
pi4b8g,fit,fisvdd_revision,n1,B0,1827,1.662229,2.466047,-0.8038180000000001,37.485,36.94947348146906,0.5355265185309364
pi4b8g,fit,fisvdd_revision,n1,B0,1828,1.660025,2.466047,-0.806022,36.024,37.34769437683418,-1.323694376834176
pi4b8g,fit,fisvdd_revision,n1,B0,1829,1.622562,2.466047,-0.843485,36.998,36.15295074441564,0.8450492555843567
pi4b8g,fit,fisvdd_revision,n1,B0,1830,1.537027,2.466047,-0.9290200000000002,36.998,36.94924354065097,0.04875645934902906
pi4b8g,fit,fisvdd_revision,n1,B0,1831,1.532286,2.466047,-0.9337610000000001,36.024,36.94923483352633,-0.9252348335263321
pi4b8g,fit,fisvdd_revision,n1,B0,1832,1.606174,2.466047,-0.8598730000000001,35.537,36.15292064689223,-0.6159206468922278
pi4b8g,fit,fisvdd_revision,n1,B0,1833,1.59586,2.466047,-0.870187,37.485,35.75467676148573,1.7303232385142664
pi4b8g,fit,fisvdd_revision,n1,B0,1834,1.612063,2.466047,-0.8539840000000001,36.511,37.34760629180744,-0.8366062918074348
pi4b8g,fit,fisvdd_revision,n1,B0,1835,1.637636,2.466047,-0.828411,36.511,36.55120337184139,-0.040203371841386115
pi4b8g,fit,fisvdd_revision,n1,B0,1836,1.546805,2.466047,-0.9192420000000001,35.537,36.551036555381195,-1.014036555381196
pi4b8g,fit,fisvdd_revision,n1,B0,1837,1.541731,2.466047,-0.9243160000000001,36.024,35.7545773504017,0.2694226495982974
pi4b8g,fit,fisvdd_revision,n1,B0,1838,1.636229,2.466047,-0.8298180000000002,36.511,36.15297584466293,0.35802415533706977
pi4b8g,fit,fisvdd_revision,n1,B0,1839,1.560879,2.466047,-0.9051680000000002,36.511,36.55106240310786,-0.04006240310786069
pi4b8g,fit,lucid_revision,n64,B1,1840,20.456382,20.5099,-0.053517999999996846,37.485,36.63059381353837,0.854406186461631
pi4b8g,fit,lucid_revision,n64,B1,1841,19.090036,20.5099,-1.419863999999997,37.485,37.42453432523218,0.060465674767819166
pi4b8g,fit,lucid_revision,n64,B1,1842,19.028834,20.5099,-1.4810659999999984,36.511,36.62797203788789,-0.11697203788789068
pi4b8g,fit,lucid_revision,n64,B1,1843,18.965094,20.5099,-1.5448059999999977,37.485,36.62785497563852,0.8571450243614791
pi4b8g,fit,lucid_revision,n64,B1,1844,19.068334,20.5099,-1.4415659999999981,35.537,37.42449446823601,-1.8874944682360137
pi4b8g,fit,lucid_revision,n64,B1,1845,19.037612,20.5099,-1.472287999999999,36.998,35.83153827291903,1.1664617270809643
pi4b8g,fit,lucid_revision,n64,B1,1846,18.961743,20.5099,-1.5481569999999998,36.998,37.02607376447084,-0.028073764470839535
pi4b8g,fit,lucid_revision,n64,B1,1847,19.038001,20.5099,-1.471898999999997,37.485,37.02621381676159,0.45878618323840925
pi4b8g,fit,lucid_revision,n64,B1,1848,19.150017,20.5099,-1.359883,36.511,37.42464448385753,-0.9136444838575244
pi4b8g,fit,lucid_revision,n64,B1,1849,19.036483,20.5099,-1.4734169999999978,36.998,36.62798608572513,0.37001391427487107
pi4b8g,fit,lucid_revision,n64,B1,1850,18.959409,20.5099,-1.5504909999999974,36.998,37.02606947794291,-0.028069477942914034
pi4b8g,fit,lucid_revision,n64,B1,1851,19.355884,20.5099,-1.1540159999999986,37.972,37.02679762754,0.9452023724600025
pi4b8g,fit,lucid_revision,n64,B1,1852,19.055889,20.5099,-1.4540109999999977,37.485,37.82269655540383,-0.3376965554038307
pi4b8g,fit,lucid_revision,n64,B1,1853,19.172332,20.5099,-1.3375679999999974,36.511,37.42468546666416,-0.9136854666641554
pi4b8g,fit,lucid_revision,n64,B1,1854,20.5099,20.5099,0.0,37.972,36.63069210248506,1.3413078975149446
pi4b8g,fit,lucid_revision,n64,B1,1855,20.108907,20.5099,-0.4009929999999997,37.485,38.62108037101795,-1.136080371017954
pi4b8g,fit,lucid_revision,n64,B1,1856,19.022501,20.5099,-1.487399,37.485,37.42441029324268,0.06058970675731956
pi4b8g,fit,lucid_revision,n64,B1,1857,19.053853,20.5099,-1.456046999999998,36.998,37.424467873029975,-0.4264678730299778
pi4b8g,fit,lucid_revision,n64,B1,1858,19.063686,20.5099,-1.4462139999999977,38.459,37.02626098877092,1.4327390112290814
pi4b8g,fit,lucid_revision,n64,B1,1859,19.086852,20.5099,-1.4230479999999979,36.998,38.22097836391021,-1.2229783639102152
pi4b8g,fit,lucid_revision,n64,B1,1860,19.079926,20.5099,-1.4299739999999979,37.972,37.02629081448366,0.9457091855163426
pi4b8g,fit,lucid_revision,n64,B1,1861,19.052871,20.5099,-1.4570289999999986,36.998,37.82269101266978,-0.8246910126697813
pi4b8g,fit,lucid_revision,n64,B1,1862,18.998501,20.5099,-1.5113989999999973,36.998,37.02614127269428,-0.02814127269428468
pi4b8g,fit,lucid_revision,n64,B1,1863,19.074111,20.5099,-1.4357889999999998,36.511,37.02628013489502,-0.5152801348950149
pi4b8g,fit,lucid_revision,n64,B1,1864,19.029408,20.5099,-1.4804919999999981,37.485,36.627973092072565,0.857026907927434
pi4b8g,fit,lucid_revision,n64,B1,1865,19.005186,20.5099,-1.5047139999999999,36.998,37.424378493229376,-0.4263784932293788
pi4b8g,fit,lucid_revision,n64,B1,1866,19.036445,20.5099,-1.4734549999999977,37.972,37.0262109590763,0.9457890409236995
pi4b8g,fit,lucid_revision,n64,B1,1867,19.014279,20.5099,-1.4956209999999999,37.485,37.82262013619774,-0.3376201361977422
pi4b8g,fit,lucid_revision,n64,B1,1868,19.142777,20.5099,-1.3671229999999994,37.485,37.424631187172785,0.06036881282721396
pi4b8g,fit,lucid_revision,n64,B1,1869,19.138499,20.5099,-1.3714009999999988,37.485,37.424623330374814,0.060376669625185286
pi4b8g,fit,lucid_revision,n64,B1,1870,18.954558,20.5099,-1.5553419999999996,36.511,37.424285511937235,-0.9132855119372323
pi4b8g,fit,lucid_revision,n64,B1,1871,19.083926,20.5099,-1.4259739999999965,38.459,36.628073217577914,1.8309267824220896
pi4b8g,fit,lucid_revision,n64,B1,1872,19.060315,20.5099,-1.449584999999999,37.485,38.2209296271529,-0.735929627152899
pi4b8g,fit,lucid_revision,n64,B1,1873,19.209146,20.5099,-1.3007539999999977,36.511,37.8229780208753,-1.3119780208752942
pi4b8g,fit,lucid_revision,n64,B1,1874,19.016834,20.5099,-1.493065999999999,36.998,36.6279499991839,0.37005000081610007
pi4b8g,fit,lucid_revision,n64,B1,1875,18.999797,20.5099,-1.5101029999999973,38.459,37.02614365287431,1.4328563471256928
pi4b8g,fit,lucid_revision,n64,B1,1876,19.013057,20.5099,-1.4968429999999984,36.998,38.220842835063465,-1.2228428350634672
pi4b8g,fit,lucid_revision,n64,B1,1877,19.089611,20.5099,-1.4202889999999968,36.998,37.02630860155434,-0.028308601554343227
pi4b8g,fit,lucid_revision,n64,B1,1878,19.066723,20.5099,-1.4431769999999986,37.485,37.02626656639959,0.45873343360040764
pi4b8g,fit,lucid_revision,n64,B1,1879,19.024094,20.5099,-1.4858059999999966,37.972,37.42441321888063,0.5475867811193709
pi4b8g,fit,fisvdd_revision,n1024,B2,1880,52.30885,52.30885,0.0,37.485,36.60374228598492,0.8812577140150779
pi4b8g,fit,fisvdd_revision,n1024,B2,1881,50.341257,52.30885,-1.9675930000000008,37.485,37.794803515430914,-0.30980351543091444
pi4b8g,fit,fisvdd_revision,n1024,B2,1882,51.459477,52.30885,-0.8493729999999999,37.485,37.79685719206237,-0.3118571920623694
pi4b8g,fit,fisvdd_revision,n1024,B2,1883,50.200241,52.30885,-2.1086090000000013,38.459,37.79454453127407,0.664455468725933
pi4b8g,fit,fisvdd_revision,n1024,B2,1884,50.338016,52.30885,-1.9708339999999964,38.459,38.59124744942509,-0.13224744942508693
pi4b8g,fit,fisvdd_revision,n1024,B2,1885,50.201907,52.30885,-2.106943000000001,38.459,38.59099747726163,-0.1319974772616277
pi4b8g,fit,fisvdd_revision,n1024,B2,1886,50.238814,52.30885,-2.0700360000000018,39.433,38.591065259132314,0.8419347408676856
pi4b8g,fit,fisvdd_revision,n1024,B2,1887,50.33122,52.30885,-1.9776299999999978,37.972,39.38768485445322,-1.4156848544532181
pi4b8g,fit,fisvdd_revision,n1024,B2,1888,50.230462,52.30885,-2.078387999999997,37.485,38.192824977053924,-0.7078249770539244
pi4b8g,fit,fisvdd_revision,n1024,B2,1889,50.241128,52.30885,-2.0677219999999963,37.972,37.79461962264825,0.17738037735175283
pi4b8g,fit,fisvdd_revision,n1024,B2,1890,50.326257,52.30885,-1.9825930000000014,38.946,38.19300091019133,0.752999089808668
pi4b8g,fit,fisvdd_revision,n1024,B2,1891,50.394071,52.30885,-1.914779000000003,37.485,38.98957534086152,-1.5045753408615212
pi4b8g,fit,fisvdd_revision,n1024,B2,1892,51.287276,52.30885,-1.021574000000001,38.946,37.796540934823526,1.1494590651764724
pi4b8g,fit,fisvdd_revision,n1024,B2,1893,50.458273,52.30885,-1.8505770000000012,38.946,38.98969325160099,-0.0436932516009918
pi4b8g,fit,fisvdd_revision,n1024,B2,1894,50.188204,52.30885,-2.1206460000000007,38.459,38.989197254038636,-0.530197254038633
pi4b8g,fit,fisvdd_revision,n1024,B2,1895,50.448384,52.30885,-1.8604660000000024,38.459,38.59145014673194,-0.13245014673193367
pi4b8g,fit,fisvdd_revision,n1024,B2,1896,50.214222,52.30885,-2.094628,38.459,38.5910200944816,-0.13202009448159657
pi4b8g,fit,fisvdd_revision,n1024,B2,1897,50.657751,52.30885,-1.651099000000002,37.972,38.591834661510156,-0.6198346615101542
pi4b8g,fit,fisvdd_revision,n1024,B2,1898,50.438792,52.30885,-1.8700580000000002,39.433,38.1932075873208,1.2397924126792006
pi4b8g,fit,fisvdd_revision,n1024,B2,1899,50.332498,52.30885,-1.9763519999999986,38.946,39.7859121447156,-0.8399121447156048
pi4b8g,fit,fisvdd_revision,n1024,B2,1900,50.330294,52.30885,-1.9785559999999975,38.946,38.98945821065948,-0.0434582106594803
pi4b8g,fit,fisvdd_revision,n1024,B2,1901,50.530068,52.30885,-1.7787819999999996,39.433,38.98982510733042,0.44317489266958177
pi4b8g,fit,fisvdd_revision,n1024,B2,1902,52.126261,52.30885,-0.1825890000000001,39.92,39.39098155255753,0.5290184474424748
pi4b8g,fit,fisvdd_revision,n1024,B2,1903,50.39246,52.30885,-1.9163899999999998,39.433,39.78602226844634,-0.3530222684463382
pi4b8g,fit,fisvdd_revision,n1024,B2,1904,50.367701,52.30885,-1.941149000000003,38.459,39.38775185394991,-0.9287518539499047
pi4b8g,fit,fisvdd_revision,n1024,B2,1905,50.306665,52.30885,-2.002184999999997,39.92,38.591189871474356,1.328810128525646
pi4b8g,fit,fisvdd_revision,n1024,B2,1906,50.233554,52.30885,-2.0752960000000016,38.459,39.78573042825496,-1.3267304282549546
pi4b8g,fit,fisvdd_revision,n1024,B2,1907,50.556383,52.30885,-1.7524670000000029,38.946,38.591648493231304,0.354351506768694
pi4b8g,fit,fisvdd_revision,n1024,B2,1908,50.202629,52.30885,-2.106220999999998,39.92,38.98922374639739,0.930776253602609
pi4b8g,fit,fisvdd_revision,n1024,B2,1909,50.364997,52.30885,-1.9438529999999972,38.946,39.78597183103569,-0.8399718310356903
pi4b8g,fit,fisvdd_revision,n1024,B2,1910,50.189371,52.30885,-2.1194789999999983,39.433,38.9891993973026,0.44380060269740085
pi4b8g,fit,fisvdd_revision,n1024,B2,1911,50.414774,52.30885,-1.8940759999999983,39.92,39.387838306275995,0.5321616937240066
pi4b8g,fit,fisvdd_revision,n1024,B2,1912,51.737749,52.30885,-0.5711009999999987,38.946,39.78849297061751,-0.8424929706175135
pi4b8g,fit,fisvdd_revision,n1024,B2,1913,50.318461,52.30885,-1.9903890000000004,39.433,38.989436478660785,0.4435635213392146
pi4b8g,fit,fisvdd_revision,n1024,B2,1914,50.26361,52.30885,-2.0452399999999997,39.92,39.38756068472181,0.5324393152781894
pi4b8g,fit,fisvdd_revision,n1024,B2,1915,50.197111,52.30885,-2.111739,39.433,39.7856634985475,-0.3526634985474999
pi4b8g,fit,fisvdd_revision,n1024,B2,1916,50.292831,52.30885,-2.016019,38.946,39.38761435080259,-0.44161435080259537
pi4b8g,fit,fisvdd_revision,n1024,B2,1917,50.58477,52.30885,-1.7240800000000007,39.92,38.98992557076256,0.9300744292374432
pi4b8g,fit,fisvdd_revision,n1024,B2,1918,50.535216,52.30885,-1.7736340000000013,38.946,39.786284448215255,-0.8402844482152574
pi4b8g,fit,fisvdd_revision,n1024,B2,1919,50.496828,52.30885,-1.812021999999999,39.92,38.98976406012036,0.930235939879644
pi4b8g,fit,fisvdd_revision,n512,B2,1920,26.136037,27.349458,-1.2134209999999968,37.972,38.94698735830134,-0.9749873583013411
pi4b8g,fit,fisvdd_revision,n512,B2,1921,26.064316,27.349458,-1.285141999999997,38.946,38.15040575219644,0.7955942478035567
pi4b8g,fit,fisvdd_revision,n512,B2,1922,26.044075,27.349458,-1.305382999999999,38.459,38.9468184646933,-0.4878184646932979
pi4b8g,fit,fisvdd_revision,n512,B2,1923,26.109944,27.349458,-1.2395139999999998,39.433,38.54871449383566,0.8842855061643391
pi4b8g,fit,fisvdd_revision,n512,B2,1924,26.033482,27.349458,-1.3159759999999991,39.433,39.34502395316776,0.08797604683223881
pi4b8g,fit,fisvdd_revision,n512,B2,1925,26.178795,27.349458,-1.1706629999999976,38.946,38.94706588587678,-0.001065885876784023
pi4b8g,fit,fisvdd_revision,n512,B2,1926,27.346514,27.349458,-0.0029439999999993915,39.433,38.94921047032564,0.48378952967436106
pi4b8g,fit,fisvdd_revision,n512,B2,1927,26.075667,27.349458,-1.2737909999999992,39.433,39.34510142839509,0.0878985716049101
pi4b8g,fit,fisvdd_revision,n512,B2,1928,26.153184,27.349458,-1.196273999999999,38.946,39.345243792913195,-0.39924379291319667
pi4b8g,fit,fisvdd_revision,n512,B2,1929,26.098889,27.349458,-1.2505689999999987,38.946,38.94691913382002,-0.0009191338200196242
pi4b8g,fit,fisvdd_revision,n512,B2,1930,26.162129,27.349458,-1.1873289999999983,39.433,38.94703527779005,0.4859647222099497
pi4b8g,fit,fisvdd_revision,n512,B2,1931,26.12087,27.349458,-1.2285879999999985,38.946,39.34518444635646,-0.39918444635646466
pi4b8g,fit,fisvdd_revision,n512,B2,1932,26.093593,27.349458,-1.255865,39.433,38.94690940740532,0.48609059259467813
pi4b8g,fit,fisvdd_revision,n512,B2,1933,26.108777,27.349458,-1.2406809999999986,38.459,39.34516223685252,-0.8861622368525133
pi4b8g,fit,fisvdd_revision,n512,B2,1934,26.229924,27.349458,-1.119533999999998,40.407,38.548934844144405,1.8580651558555914
pi4b8g,fit,fisvdd_revision,n512,B2,1935,26.012983,27.349458,-1.336475,38.946,40.14143619183249,-1.195436191832492
pi4b8g,fit,fisvdd_revision,n512,B2,1936,27.349458,27.349458,0.0,39.92,38.94921587715435,0.9707841228456502
pi4b8g,fit,fisvdd_revision,n512,B2,1937,26.033668,27.349458,-1.3157899999999998,39.92,39.74324923790809,0.17675076209191332
pi4b8g,fit,fisvdd_revision,n512,B2,1938,26.734747,27.349458,-0.6147109999999998,38.459,39.744536810621064,-1.2855368106210605
pi4b8g,fit,fisvdd_revision,n512,B2,1939,26.187091,27.349458,-1.1623669999999997,38.946,38.548856178827066,0.3971438211729321
pi4b8g,fit,fisvdd_revision,n512,B2,1940,26.134295,27.349458,-1.2151629999999969,39.433,38.94698415901615,0.4860158409838533
pi4b8g,fit,fisvdd_revision,n512,B2,1941,25.977854,27.349458,-1.3716039999999978,38.946,39.34492178908229,-0.39892178908229425
pi4b8g,fit,fisvdd_revision,n512,B2,1942,26.537381,27.349458,-0.8120769999999986,37.972,38.94772445010257,-0.9757244501025681
pi4b8g,fit,fisvdd_revision,n512,B2,1943,26.049352,27.349458,-1.3001059999999995,38.946,38.15037826993256,0.7956217300674382
pi4b8g,fit,fisvdd_revision,n512,B2,1944,26.284219,27.349458,-1.0652389999999983,39.92,39.74370938951841,0.176290610481594
pi4b8g,fit,fisvdd_revision,n512,B2,1945,26.067223,27.349458,-1.282235,38.459,39.74331086363412,-1.2843108636341185
pi4b8g,fit,fisvdd_revision,n512,B2,1946,26.222387,27.349458,-1.1270709999999973,38.946,38.54892100200174,0.39707899799825697
pi4b8g,fit,fisvdd_revision,n512,B2,1947,26.097815,27.349458,-1.2516429999999978,39.433,38.94691716135601,0.4860828386439877
pi4b8g,fit,fisvdd_revision,n512,B2,1948,26.136722,27.349458,-1.2127359999999996,39.92,39.345213559484435,0.5747864405155667
pi4b8g,fit,fisvdd_revision,n512,B2,1949,26.091185,27.349458,-1.258272999999999,39.433,39.743354871252876,-0.3103548712528763
pi4b8g,fit,fisvdd_revision,n512,B2,1950,26.235404,27.349458,-1.1140539999999994,40.894,39.34539479476671,1.5486052052332866
pi4b8g,fit,fisvdd_revision,n512,B2,1951,26.182054,27.349458,-1.1674039999999977,38.459,40.53997164378311,-2.0809716437831085
pi4b8g,fit,fisvdd_revision,n512,B2,1952,26.098852,27.349458,-1.2506059999999977,39.433,38.54869412272694,0.8843058772730572
pi4b8g,fit,fisvdd_revision,n512,B2,1953,26.24422,27.349458,-1.105238,39.92,39.345410985867915,0.5745890141320871
pi4b8g,fit,fisvdd_revision,n512,B2,1954,26.160296,27.349458,-1.1891619999999996,39.92,39.743481797658845,0.1765182023411569
pi4b8g,fit,fisvdd_revision,n512,B2,1955,26.050483,27.349458,-1.2989749999999987,38.459,39.74328011964206,-1.2842801196420552
pi4b8g,fit,fisvdd_revision,n512,B2,1956,26.160499,27.349458,-1.188958999999997,38.946,38.54880734105902,0.39719265894098044
pi4b8g,fit,fisvdd_revision,n512,B2,1957,26.059668,27.349458,-1.28979,39.433,38.94684710215258,0.48615289784741833
pi4b8g,fit,fisvdd_revision,n512,B2,1958,26.152647,27.349458,-1.1968109999999967,39.433,39.34524280668119,0.08775719331880794
pi4b8g,fit,fisvdd_revision,n512,B2,1959,26.094871,27.349458,-1.2545869999999972,38.946,39.34513669766771,-0.3991366976677142
pi4b8g,fit,oi_svdd_as_elm_revision,n1024,B2,1960,96.89625,98.029358,-1.133108000000007,39.433,39.073414652178236,0.35958534782176343
pi4b8g,fit,oi_svdd_as_elm_revision,n1024,B2,1961,96.720197,98.029358,-1.3091610000000031,39.92,39.47131626365583,0.44868373634417225
pi4b8g,fit,oi_svdd_as_elm_revision,n1024,B2,1962,96.829695,98.029358,-1.199663000000001,40.894,39.86974230629705,1.0242576937029497
pi4b8g,fit,oi_svdd_as_elm_revision,n1024,B2,1963,96.531924,98.029358,-1.4974339999999984,39.433,39.869195432386526,-0.43619543238652625
pi4b8g,fit,oi_svdd_as_elm_revision,n1024,B2,1964,96.568552,98.029358,-1.4608060000000052,39.92,39.47103775871693,0.44896224128306983
pi4b8g,fit,oi_svdd_as_elm_revision,n1024,B2,1965,96.727457,98.029358,-1.3019010000000009,40.407,39.86955454021216,0.5374454597878398
pi4b8g,fit,oi_svdd_as_elm_revision,n1024,B2,1966,96.646624,98.029358,-1.3827339999999992,39.92,40.267631028805916,-0.3476310288059139
pi4b8g,fit,oi_svdd_as_elm_revision,n1024,B2,1967,96.879639,98.029358,-1.1497190000000046,40.894,39.869834031383064,1.0241659686169342
pi4b8g,fit,oi_svdd_as_elm_revision,n1024,B2,1968,96.840751,98.029358,-1.1886070000000046,40.894,40.66621249757048,0.22778750242952128
pi4b8g,fit,oi_svdd_as_elm_revision,n1024,B2,1969,96.88475,98.029358,-1.1446080000000052,39.92,40.666293304315225,-0.7462933043152233
pi4b8g,fit,oi_svdd_as_elm_revision,n1024,B2,1970,96.846954,98.029358,-1.1824040000000053,39.433,39.869774003463064,-0.4367740034630643
pi4b8g,fit,oi_svdd_as_elm_revision,n1024,B2,1971,96.630625,98.029358,-1.398733000000007,40.407,39.471151759423,0.9358482405769948
pi4b8g,fit,oi_svdd_as_elm_revision,n1024,B2,1972,96.688994,98.029358,-1.340364000000008,41.381,40.2677088437966,1.1132911562034025
pi4b8g,fit,oi_svdd_as_elm_revision,n1024,B2,1973,96.924249,98.029358,-1.1051089999999988,40.407,41.064590789686385,-0.6575907896863882
pi4b8g,fit,oi_svdd_as_elm_revision,n1024,B2,1974,96.723789,98.029358,-1.3055690000000055,40.407,40.66599768999579,-0.25899768999579464
pi4b8g,fit,oi_svdd_as_elm_revision,n1024,B2,1975,96.793307,98.029358,-1.2360510000000033,40.894,40.267900420740716,0.6260995792592823
pi4b8g,fit,oi_svdd_as_elm_revision,n1024,B2,1976,96.839714,98.029358,-1.1896440000000013,40.894,40.66621059305914,0.22778940694085748
pi4b8g,fit,oi_svdd_as_elm_revision,n1024,B2,1977,96.662162,98.029358,-1.367196000000007,40.894,41.064109451535295,-0.17010945153529633
pi4b8g,fit,oi_svdd_as_elm_revision,n1024,B2,1978,96.664921,98.029358,-1.3644369999999952,40.894,40.66588957546024,0.22811042453975716
pi4b8g,fit,oi_svdd_as_elm_revision,n1024,B2,1979,98.029358,98.029358,0.0,41.381,40.668395444056756,0.7126045559432441
pi4b8g,fit,oi_svdd_as_elm_revision,n1024,B2,1980,96.683513,98.029358,-1.345844999999997,40.407,41.064148663899374,-0.6571486638993775
pi4b8g,fit,oi_svdd_as_elm_revision,n1024,B2,1981,97.429148,98.029358,-0.6002100000000041,42.355,40.26906818003944,2.0859318199605568
pi4b8g,fit,oi_svdd_as_elm_revision,n1024,B2,1982,96.885046,98.029358,-1.1443119999999993,40.894,41.86096867735782,-0.9669686773578192
pi4b8g,fit,oi_svdd_as_elm_revision,n1024,B2,1983,96.7559,98.029358,-1.273458000000005,40.407,40.66605666373111,-0.2590566637311156
pi4b8g,fit,oi_svdd_as_elm_revision,n1024,B2,1984,96.643958,98.029358,-1.3854000000000042,40.894,40.267626132540514,0.6263738674594848
pi4b8g,fit,oi_svdd_as_elm_revision,n1024,B2,1985,96.605681,98.029358,-1.4236769999999979,41.381,40.66578077772487,0.715219222275131
pi4b8g,fit,oi_svdd_as_elm_revision,n1024,B2,1986,96.739771,98.029358,-1.2895869999999974,41.868,41.0642519850168,0.8037480149831993
pi4b8g,fit,oi_svdd_as_elm_revision,n1024,B2,1987,96.71305,98.029358,-1.3163080000000065,40.407,41.4624278534731,-1.0554278534731054
pi4b8g,fit,oi_svdd_as_elm_revision,n1024,B2,1988,96.718642,98.029358,-1.3107159999999993,41.381,41.06421318036875,0.3167868196312469
pi4b8g,fit,oi_svdd_as_elm_revision,n1024,B2,1989,97.855103,98.029358,-0.17425500000000227,41.381,41.06630035766683,0.31469964233316716
pi4b8g,fit,oi_svdd_as_elm_revision,n1024,B2,1990,96.621699,98.029358,-1.4076589999999953,41.381,41.064035138861996,0.31696486113800404
pi4b8g,fit,oi_svdd_as_elm_revision,n1024,B2,1991,96.673328,98.029358,-1.356030000000004,41.868,41.06412995854936,0.8038700414506437
pi4b8g,fit,oi_svdd_as_elm_revision,n1024,B2,1992,96.845084,98.029358,-1.184274000000002,42.355,41.46267034166,0.892329658339996
pi4b8g,fit,oi_svdd_as_elm_revision,n1024,B2,1993,96.710198,98.029358,-1.3191599999999966,40.407,41.860647558748184,-1.4536475587481874
pi4b8g,fit,oi_svdd_as_elm_revision,n1024,B2,1994,96.712623,98.029358,-1.3167350000000084,42.355,40.267752239841315,2.0872477601586823
pi4b8g,fit,oi_svdd_as_elm_revision,n1024,B2,1995,96.600773,98.029358,-1.4285849999999982,42.355,41.86044659331617,0.49455340668382775
pi4b8g,fit,oi_svdd_as_elm_revision,n1024,B2,1996,96.811566,98.029358,-1.2177920000000029,41.868,41.86083372702704,0.007166272972959575
pi4b8g,fit,oi_svdd_as_elm_revision,n1024,B2,1997,96.700291,98.029358,-1.329066999999995,43.329,41.46240442082107,1.8665955791789273
pi4b8g,fit,oi_svdd_as_elm_revision,n1024,B2,1998,96.818011,98.029358,-1.2113470000000035,41.381,42.65729544992846,-1.2762954499284618
pi4b8g,fit,oi_svdd_as_elm_revision,n1024,B2,1999,97.878639,98.029358,-0.15071899999999516,41.381,41.06634358291159,0.31465641708840764
pi4b8g,fit,tinydl_revision,n256,B1,2000,12.615878,13.563453,-0.9475750000000005,40.894,39.53781956205596,1.3561804379440403
pi4b8g,fit,tinydl_revision,n256,B1,2001,12.458659,13.563453,-1.104794,39.92,40.33398070641987,-0.4139807064198706
pi4b8g,fit,tinydl_revision,n256,B1,2002,12.536935,13.563453,-1.0265180000000012,40.894,39.53767457860519,1.356325421394807
pi4b8g,fit,tinydl_revision,n256,B1,2003,12.64836,13.563453,-0.9150930000000006,39.433,40.334329103435365,-0.9013291034353657
pi4b8g,fit,tinydl_revision,n256,B1,2004,12.463381,13.563453,-1.1000720000000008,39.92,39.13931454922867,0.7806854507713297
pi4b8g,fit,tinydl_revision,n256,B1,2005,12.475362,13.563453,-1.0880910000000004,40.407,39.537561496178455,0.8694385038215415
pi4b8g,fit,tinydl_revision,n256,B1,2006,12.406382,13.563453,-1.1570710000000002,39.433,39.93565975350208,-0.5026597535020798
pi4b8g,fit,tinydl_revision,n256,B1,2007,12.409771,13.563453,-1.1536820000000017,39.433,39.13921609131859,0.29378390868141224
pi4b8g,fit,tinydl_revision,n256,B1,2008,12.53451,13.563453,-1.0289430000000017,39.433,39.139445181810025,0.29355481818997475
pi4b8g,fit,tinydl_revision,n256,B1,2009,12.400679,13.563453,-1.1627740000000006,40.407,39.139199393327196,1.2678006066728003
pi4b8g,fit,tinydl_revision,n256,B1,2010,12.44964,13.563453,-1.1138130000000004,39.433,39.93573919935685,-0.5027391993568529
pi4b8g,fit,tinydl_revision,n256,B1,2011,12.465752,13.563453,-1.0977010000000007,39.433,39.13931890370927,0.293681096290733
pi4b8g,fit,tinydl_revision,n256,B1,2012,12.464881,13.563453,-1.0985720000000008,40.894,39.13931730406667,1.754682695933326
pi4b8g,fit,tinydl_revision,n256,B1,2013,13.563453,13.563453,0.0,39.92,40.33600972541468,-0.41600972541467485
pi4b8g,fit,tinydl_revision,n256,B1,2014,12.397216,13.563453,-1.1662370000000006,38.946,39.537417976464944,-0.5914179764649461
pi4b8g,fit,tinydl_revision,n256,B1,2015,12.512918,13.563453,-1.050535,39.433,38.74118058369489,0.6918194163051083
pi4b8g,fit,tinydl_revision,n256,B1,2016,12.422844,13.563453,-1.1406090000000013,39.92,39.13924010065003,0.7807598993499738
pi4b8g,fit,tinydl_revision,n256,B1,2017,12.445752,13.563453,-1.1177010000000003,38.946,39.537507115676355,-0.5915071156763574
pi4b8g,fit,tinydl_revision,n256,B1,2018,12.354124,13.563453,-1.2093290000000003,39.92,38.740888949198094,1.1791110508019074
pi4b8g,fit,tinydl_revision,n256,B1,2019,12.34942,13.563453,-1.2140330000000006,40.407,39.53733019630695,0.8696698036930499
pi4b8g,fit,tinydl_revision,n256,B1,2020,12.44103,13.563453,-1.1224230000000013,38.946,39.93572338658674,-0.9897233865867392
pi4b8g,fit,tinydl_revision,n256,B1,2021,12.350754,13.563453,-1.2126990000000006,38.946,38.74088275999539,0.2051172400046113
pi4b8g,fit,tinydl_revision,n256,B1,2022,12.448566,13.563453,-1.1148870000000013,39.92,38.74106239747162,1.1789376025283786
pi4b8g,fit,tinydl_revision,n256,B1,2023,12.459807,13.563453,-1.1036460000000012,40.407,39.537532928508405,0.8694670714915915
pi4b8g,fit,tinydl_revision,n256,B1,2024,12.400623,13.563453,-1.1628300000000014,38.946,39.93564917676073,-0.9896491767607287
pi4b8g,fit,tinydl_revision,n256,B1,2025,12.462751,13.563453,-1.100702,39.433,38.7410884490563,0.6919115509437006
pi4b8g,fit,tinydl_revision,n256,B1,2026,12.428048,13.563453,-1.1354050000000004,38.459,39.13924965810133,-0.6802496581013244
pi4b8g,fit,tinydl_revision,n256,B1,2027,12.406253,13.563453,-1.1572000000000013,38.459,38.342759744024384,0.11624025597561882
pi4b8g,fit,tinydl_revision,n256,B1,2028,12.443381,13.563453,-1.1200720000000004,39.433,38.342827931774536,1.0901720682254634
pi4b8g,fit,tinydl_revision,n256,B1,2029,12.383513,13.563453,-1.1799400000000002,39.433,39.13916786696114,0.2938321330388618
pi4b8g,fit,tinydl_revision,n256,B1,2030,12.44864,13.563453,-1.1148130000000016,38.459,39.139287476517374,-0.6802874765173712
pi4b8g,fit,tinydl_revision,n256,B1,2031,12.374716,13.563453,-1.1887370000000015,38.946,38.342701824473735,0.6032981755262625
pi4b8g,fit,tinydl_revision,n256,B1,2032,12.39316,13.563453,-1.170293000000001,39.433,37.94451075482136,1.4884892451786413
pi4b8g,fit,tinydl_revision,n256,B1,2033,12.36805,13.563453,-1.1954030000000007,39.433,39.139139468254484,0.29386053174551563
pi4b8g,fit,tinydl_revision,n256,B1,2034,12.390346,13.563453,-1.1731070000000017,37.485,39.139180416166504,-1.6541804161665041
pi4b8g,fit,tinydl_revision,n256,B1,2035,12.370568,13.563453,-1.1928850000000004,39.433,37.546244320147565,1.8867556798524348
pi4b8g,fit,tinydl_revision,n256,B1,2036,12.378494,13.563453,-1.184959000000001,38.459,39.13915864927319,-0.6801586492731886
pi4b8g,fit,tinydl_revision,n256,B1,2037,12.442474,13.563453,-1.1209790000000002,38.946,38.34282626601583,0.6031737339841712
pi4b8g,fit,tinydl_revision,n256,B1,2038,12.36879,13.563453,-1.1946630000000003,39.433,38.740915884167485,0.6920841158325146
pi4b8g,fit,tinydl_revision,n256,B1,2039,12.423863,13.563453,-1.13959,38.946,39.13924197210331,-0.1932419721033085
pi4b8g,fit,fisvdd_revision,n1,B1,2040,1.904798,1.904798,0.0,38.946,39.12971188942765,-0.1837118894276486
pi4b8g,fit,fisvdd_revision,n1,B1,2041,1.628618,1.904798,-0.2761800000000001,37.972,38.73097972551487,-0.7589797255148696
pi4b8g,fit,fisvdd_revision,n1,B1,2042,1.58736,1.904798,-0.3174379999999999,38.459,37.93445406649661,0.52454593350339
pi4b8g,fit,fisvdd_revision,n1,B1,2043,1.636766,1.904798,-0.26803200000000005,38.946,38.33276974665448,0.6132302533455203
pi4b8g,fit,fisvdd_revision,n1,B1,2044,1.635137,1.904798,-0.26966099999999993,39.433,38.73099169804082,0.7020083019591823
pi4b8g,fit,fisvdd_revision,n1,B1,2045,1.621118,1.904798,-0.28367999999999993,38.946,39.12919089446529,-0.1831908944652909
pi4b8g,fit,fisvdd_revision,n1,B1,2046,1.65484,1.904798,-0.2499579999999999,38.459,38.73102788375621,-0.2720278837562091
pi4b8g,fit,fisvdd_revision,n1,B1,2047,1.705728,1.904798,-0.19907000000000008,38.946,38.3328963994132,0.6131036005867969
pi4b8g,fit,fisvdd_revision,n1,B1,2048,1.622896,1.904798,-0.2819020000000001,38.946,38.73096921672619,0.21503078327381075
pi4b8g,fit,fisvdd_revision,n1,B1,2049,1.635469,1.904798,-0.26932899999999993,40.407,38.730992307778294,1.6760076922217024
pi4b8g,fit,fisvdd_revision,n1,B1,2050,1.647914,1.904798,-0.2568839999999999,38.459,39.925689993172114,-1.4666899931721105
pi4b8g,fit,fisvdd_revision,n1,B1,2051,1.623785,1.904798,-0.28101299999999996,37.485,38.33274590628643,-0.8477459062864341
pi4b8g,fit,fisvdd_revision,n1,B1,2052,1.632784,1.904798,-0.272014,38.946,37.53631254719704,1.409687452802956
pi4b8g,fit,fisvdd_revision,n1,B1,2053,1.640691,1.904798,-0.2641070000000001,37.972,38.731001898287644,-0.759001898287643
pi4b8g,fit,fisvdd_revision,n1,B1,2054,1.615433,1.904798,-0.2893650000000001,37.972,37.93450562420804,0.037494375791958134
pi4b8g,fit,fisvdd_revision,n1,B1,2055,1.606156,1.904798,-0.2986420000000001,38.946,37.9344885864533,1.0115114135466996
pi4b8g,fit,fisvdd_revision,n1,B1,2056,1.72282,1.904798,-0.18197799999999997,38.946,38.73115273301432,0.2148472669856787
pi4b8g,fit,fisvdd_revision,n1,B1,2057,1.638137,1.904798,-0.26666100000000004,38.459,38.73099720771681,-0.271997207716808
pi4b8g,fit,fisvdd_revision,n1,B1,2058,1.669969,1.904798,-0.23482899999999995,37.485,38.33283072591186,-0.8478307259118623
pi4b8g,fit,fisvdd_revision,n1,B1,2059,1.688765,1.904798,-0.21603299999999992,39.92,37.53641535958772,2.3835846404122805
pi4b8g,fit,fisvdd_revision,n1,B1,2060,1.603933,1.904798,-0.30086499999999994,39.433,39.52738427634502,-0.09438427634501778
pi4b8g,fit,fisvdd_revision,n1,B1,2061,1.590545,1.904798,-0.3142529999999999,37.485,37.93445991593596,-0.4494599159359609
pi4b8g,fit,fisvdd_revision,n1,B1,2062,1.641118,1.904798,-0.2636799999999999,39.433,37.53632785307696,1.8966721469230379
pi4b8g,fit,fisvdd_revision,n1,B1,2063,1.597692,1.904798,-0.3071060000000001,39.433,39.12914787124198,0.3038521287580167
pi4b8g,fit,fisvdd_revision,n1,B1,2064,1.591434,1.904798,-0.313364,38.459,39.12913637805785,-0.6701363780578475
pi4b8g,fit,fisvdd_revision,n1,B1,2065,1.644229,1.904798,-0.26056900000000005,37.485,38.3327834528918,-0.8477834528918038
pi4b8g,fit,fisvdd_revision,n1,B1,2066,1.593489,1.904798,-0.31130900000000006,40.407,38.332690265905086,2.0743097340949106
pi4b8g,fit,fisvdd_revision,n1,B1,2067,1.64121,1.904798,-0.26358799999999993,37.485,39.92567768088282,-2.440677680882821
pi4b8g,fit,fisvdd_revision,n1,B1,2068,1.676006,1.904798,-0.22879199999999988,37.972,37.5363919269357,0.4356080730643015
pi4b8g,fit,fisvdd_revision,n1,B1,2069,1.671061,1.904798,-0.23373700000000008,38.459,37.93460778829351,0.5243922117064912
pi4b8g,fit,fisvdd_revision,n1,B1,2070,1.60947,1.904798,-0.29532800000000003,38.946,38.33271961594913,0.6132803840508672
pi4b8g,fit,fisvdd_revision,n1,B1,2071,1.661136,1.904798,-0.24366200000000005,38.946,38.73103944672957,0.21496055327042995
pi4b8g,fit,fisvdd_revision,n1,B1,2072,1.596582,1.904798,-0.30821600000000005,37.972,38.73092088952145,-0.7589208895214483
pi4b8g,fit,fisvdd_revision,n1,B1,2073,1.615729,1.904798,-0.289069,38.459,37.934506167829404,0.5244938321705988
pi4b8g,fit,fisvdd_revision,n1,B1,2074,1.672246,1.904798,-0.2325520000000001,38.946,38.332834907755945,0.6131650922440528
pi4b8g,fit,fisvdd_revision,n1,B1,2075,1.600563,1.904798,-0.30423500000000003,38.459,38.7309282008615,-0.2719282008614954
pi4b8g,fit,fisvdd_revision,n1,B1,2076,1.597341,1.904798,-0.3074570000000001,38.459,38.33269734032907,0.1263026596709338
pi4b8g,fit,fisvdd_revision,n1,B1,2077,1.695672,1.904798,-0.20912599999999992,37.485,38.33287793097925,-0.8478779309792515
pi4b8g,fit,fisvdd_revision,n1,B1,2078,1.621266,1.904798,-0.2835319999999999,37.972,37.53629139371433,0.4357086062856723
pi4b8g,fit,fisvdd_revision,n1,B1,2079,1.589489,1.904798,-0.31530900000000006,37.485,37.93445797653001,-0.44945797653001307
pi4b8g,fit,lucid_revision,n256,B1,2080,77.1033,77.1033,0.0,37.972,38.32360233424953,-0.35160233424952736
pi4b8g,fit,lucid_revision,n256,B1,2081,68.021005,77.1033,-9.082295000000002,38.459,37.90869722352002,0.550302776479981
pi4b8g,fit,lucid_revision,n256,B1,2082,67.99356,77.1033,-9.109740000000002,38.946,38.30687176230785,0.6391282376921481
pi4b8g,fit,lucid_revision,n256,B1,2083,68.068874,77.1033,-9.03442600000001,37.972,38.705235024027616,-0.7332350240276142
pi4b8g,fit,lucid_revision,n256,B1,2084,68.103836,77.1033,-8.999464000000003,38.946,37.90884934751089,1.0371506524891103
pi4b8g,fit,lucid_revision,n256,B1,2085,67.8601,77.1033,-9.243200000000002,38.459,38.70485159832869,-0.24585159832868442
pi4b8g,fit,lucid_revision,n256,B1,2086,67.965136,77.1033,-9.138164000000003,37.972,38.30681955996433,-0.33481955996433044
pi4b8g,fit,lucid_revision,n256,B1,2087,68.21913,77.1033,-8.884169999999997,37.972,37.909061091705716,0.06293890829428506
pi4b8g,fit,lucid_revision,n256,B1,2088,68.102651,77.1033,-9.00064900000001,38.946,37.90884717118887,1.0371528288111307
pi4b8g,fit,lucid_revision,n256,B1,2089,67.817101,77.1033,-9.28619900000001,38.946,38.70477262814262,0.2412273718573772
pi4b8g,fit,lucid_revision,n256,B1,2090,68.011375,77.1033,-9.091925000000003,39.433,38.705129423740885,0.7278705762591144
pi4b8g,fit,lucid_revision,n256,B1,2091,68.202223,77.1033,-8.901077,40.407,39.103704870429574,1.3032951295704223
pi4b8g,fit,lucid_revision,n256,B1,2092,68.224834,77.1033,-8.878466000000003,38.946,39.90019628313839,-0.9541962831383941
pi4b8g,fit,lucid_revision,n256,B1,2093,67.840378,77.1033,-9.262922000000003,39.433,38.70481537771869,0.7281846222813115
pi4b8g,fit,lucid_revision,n256,B1,2094,67.940265,77.1033,-9.163035000000008,39.433,39.10322376919456,0.32977623080544305
pi4b8g,fit,lucid_revision,n256,B1,2095,68.194687,77.1033,-8.908613000000003,38.459,39.10369103012347,-0.6446910301234681
pi4b8g,fit,lucid_revision,n256,B1,2096,68.106392,77.1033,-8.996908000000005,37.972,38.30707898489525,-0.33507898489524734
pi4b8g,fit,lucid_revision,n256,B1,2097,68.027264,77.1033,-9.076036000000002,39.92,37.908708718540716,2.011291281459286
pi4b8g,fit,lucid_revision,n256,B1,2098,67.949487,77.1033,-9.153813,38.946,39.50146564907899,-0.5554656490789895
pi4b8g,fit,lucid_revision,n256,B1,2099,68.239334,77.1033,-8.863966000000005,39.92,38.30732314067742,1.6126768593225833
pi4b8g,fit,lucid_revision,n256,B1,2100,68.184539,77.1033,-8.918761000000003,38.946,39.50189733586654,-0.5558973358665398
pi4b8g,fit,lucid_revision,n256,B1,2101,68.013264,77.1033,-9.090035999999998,39.433,38.70513289300021,0.7278671069997884
pi4b8g,fit,lucid_revision,n256,B1,2102,68.255833,77.1033,-8.847467000000009,39.92,39.10380332833966,0.816196671660343
pi4b8g,fit,lucid_revision,n256,B1,2103,68.215316,77.1033,-8.887984000000003,39.92,39.5019538596326,0.4180461403674016
pi4b8g,fit,lucid_revision,n256,B1,2104,68.326166,77.1033,-8.777134000000004,39.433,39.50215744216072,-0.06915744216072284
pi4b8g,fit,lucid_revision,n256,B1,2105,67.819916,77.1033,-9.283383999999998,38.946,39.10300274119567,-0.1570027411956687
pi4b8g,fit,lucid_revision,n256,B1,2106,67.950839,77.1033,-9.152461000000002,38.946,38.705018245825485,0.24098175417451273
pi4b8g,fit,lucid_revision,n256,B1,2107,68.236167,77.1033,-8.86713300000001,38.946,38.70554226743653,0.24045773256347047
pi4b8g,fit,lucid_revision,n256,B1,2108,68.251426,77.1033,-8.85187400000001,38.946,38.705570291485216,0.24042970851478174
pi4b8g,fit,lucid_revision,n256,B1,2109,69.360239,77.1033,-7.743060999999997,39.433,38.7076066916093,0.7253933083907
pi4b8g,fit,lucid_revision,n256,B1,2110,68.131669,77.1033,-8.971631000000002,38.946,39.10357529386946,-0.15757529386946345
pi4b8g,fit,lucid_revision,n256,B1,2111,68.058875,77.1033,-9.044425000000004,40.407,38.705216660277515,1.701783339722482
pi4b8g,fit,lucid_revision,n256,B1,2112,68.498236,77.1033,-8.605063999999999,39.433,40.2989233450912,-0.865923345091197
pi4b8g,fit,lucid_revision,n256,B1,2113,68.075096,77.1033,-9.028204000000002,40.407,39.10347139423605,1.303528605763944
pi4b8g,fit,lucid_revision,n256,B1,2114,68.092726,77.1033,-9.010574000000005,38.946,39.89995365904615,-0.9539536590461495
pi4b8g,fit,lucid_revision,n256,B1,2115,69.655419,77.1033,-7.4478810000000095,39.92,38.708148806996306,1.211851193003696
pi4b8g,fit,lucid_revision,n256,B1,2116,68.602586,77.1033,-8.500714000000002,39.433,39.50266510370717,-0.06966510370717316
pi4b8g,fit,lucid_revision,n256,B1,2117,67.919914,77.1033,-9.183385999999999,39.92,39.103186393389144,0.8168136066108573
pi4b8g,fit,lucid_revision,n256,B1,2118,68.010671,77.1033,-9.092629000000002,39.92,39.501578017084405,0.4184219829155964
pi4b8g,fit,lucid_revision,n256,B1,2119,68.120133,77.1033,-8.983167000000009,39.92,39.5017790504691,0.41822094953089817
pi4b8g,fit,lucid_revision,n256,B2,2120,68.137206,69.136743,-0.9995369999999895,39.433,38.89402871981187,0.5389712801881288
pi4b8g,fit,lucid_revision,n256,B2,2121,68.013801,69.136743,-1.1229419999999948,39.92,39.29202702243011,0.6279729775698897
pi4b8g,fit,lucid_revision,n256,B2,2122,67.840416,69.136743,-1.296326999999991,39.433,39.68993353384623,-0.2569335338462295
pi4b8g,fit,lucid_revision,n256,B2,2123,67.936654,69.136743,-1.2000889999999913,40.894,39.29188533743871,1.6021146625612914
pi4b8g,fit,lucid_revision,n256,B2,2124,68.08467,69.136743,-1.052072999999993,39.92,40.486832006927436,-0.5668320069274344
pi4b8g,fit,lucid_revision,n256,B2,2125,67.983135,69.136743,-1.1536079999999913,38.946,39.69019564566247,-0.7441956456624723
pi4b8g,fit,lucid_revision,n256,B2,2126,67.991042,69.136743,-1.1457010000000025,39.92,38.89376028105102,1.026239718948979
pi4b8g,fit,lucid_revision,n256,B2,2127,68.104837,69.136743,-1.0319059999999922,40.407,39.69041915852524,0.7165808414747588
pi4b8g,fit,lucid_revision,n256,B2,2128,68.122929,69.136743,-1.0138139999999964,40.407,40.08867732868503,0.3183226713149665
pi4b8g,fit,lucid_revision,n256,B2,2129,67.935469,69.136743,-1.201273999999998,40.407,40.088333047397505,0.31866695260249145
pi4b8g,fit,lucid_revision,n256,B2,2130,67.923877,69.136743,-1.2128659999999911,40.407,40.08831175800945,0.318688241990543
pi4b8g,fit,lucid_revision,n256,B2,2131,68.125558,69.136743,-1.0111849999999976,40.407,40.08868215699776,0.31831784300223376
pi4b8g,fit,lucid_revision,n256,B2,2132,67.952895,69.136743,-1.1838479999999976,40.407,40.08836505126882,0.31863494873117304
pi4b8g,fit,lucid_revision,n256,B2,2133,67.913877,69.136743,-1.2228659999999962,40.407,40.08829339242279,0.31870660757720515
pi4b8g,fit,lucid_revision,n256,B2,2134,68.03293,69.136743,-1.1038130000000024,40.894,40.08851204024165,0.8054879597583451
pi4b8g,fit,lucid_revision,n256,B2,2135,68.307111,69.136743,-0.8296319999999895,39.92,40.48724053287365,-0.5672405328736474
pi4b8g,fit,lucid_revision,n256,B2,2136,68.08904,69.136743,-1.0477029999999985,40.407,39.69039014640799,0.7166098535920042
pi4b8g,fit,lucid_revision,n256,B2,2137,67.936395,69.136743,-1.200347999999991,40.894,40.08833474805083,0.8056652519491649
pi4b8g,fit,lucid_revision,n256,B2,2138,67.977561,69.136743,-1.1591820000000013,40.894,40.48663529496528,0.4073647050347162
pi4b8g,fit,lucid_revision,n256,B2,2139,67.942654,69.136743,-1.194088999999991,40.894,40.486571186211926,0.40742881378807283
pi4b8g,fit,lucid_revision,n256,B2,2140,67.999616,69.136743,-1.1371269999999924,41.381,40.48667580026666,0.8943241997333402
pi4b8g,fit,lucid_revision,n256,B2,2141,68.043504,69.136743,-1.093238999999997,40.894,40.884981346293806,0.009018653706192481
pi4b8g,fit,lucid_revision,n256,B2,2142,67.829267,69.136743,-1.307475999999994,41.868,40.48636294433447,1.3816370556655286
pi4b8g,fit,lucid_revision,n256,B2,2143,67.907692,69.136743,-1.2290509999999983,41.381,41.282956862728675,0.09804313727132552
pi4b8g,fit,lucid_revision,n256,B2,2144,69.136743,69.136743,0.0,40.894,40.88698914385322,0.007010856146777655
pi4b8g,fit,lucid_revision,n256,B2,2145,67.913173,69.136743,-1.2235699999999952,40.894,40.4865170426259,0.4074829573740999
pi4b8g,fit,lucid_revision,n256,B2,2146,67.978876,69.136743,-1.157866999999996,40.894,40.48663771003993,0.4073622899600693
pi4b8g,fit,lucid_revision,n256,B2,2147,68.066393,69.136743,-1.0703499999999906,40.894,39.690348553863885,1.2036514461361136
pi4b8g,fit,lucid_revision,n256,B2,2148,68.151947,69.136743,-0.9847959999999887,41.381,40.486955565084806,0.8940444349151946
pi4b8g,fit,lucid_revision,n256,B2,2149,67.977969,69.136743,-1.158773999999994,40.407,40.88486098742163,-0.47786098742163574
pi4b8g,fit,lucid_revision,n256,B2,2150,67.940395,69.136743,-1.1963480000000004,40.894,40.088342094285494,0.8056579057145044
pi4b8g,fit,lucid_revision,n256,B2,2151,68.248167,69.136743,-0.8885760000000005,40.407,40.487132278759645,-0.08013227875964901
pi4b8g,fit,lucid_revision,n256,B2,2152,68.057781,69.136743,-1.07896199999999,40.407,40.08855768056106,0.31844231943893675
pi4b8g,fit,lucid_revision,n256,B2,2153,67.895599,69.136743,-1.2411439999999914,40.894,40.0882598238035,0.8057401761965011
pi4b8g,fit,lucid_revision,n256,B2,2154,67.949487,69.136743,-1.1872559999999908,40.894,40.48658373541729,0.4074162645827073
pi4b8g,fit,lucid_revision,n256,B2,2155,68.429904,69.136743,-0.7068390000000022,40.407,40.48746604942192,-0.08046604942192204
pi4b8g,fit,lucid_revision,n256,B2,2156,68.253019,69.136743,-0.8837240000000008,40.894,40.08891624660188,0.8050837533981152
pi4b8g,fit,lucid_revision,n256,B2,2157,67.94684,69.136743,-1.189903000000001,41.381,40.4865788740465,0.8944211259534995
pi4b8g,fit,lucid_revision,n256,B2,2158,68.274203,69.136743,-0.8625399999999956,40.894,40.885405038541485,0.00859496145851324
pi4b8g,fit,lucid_revision,n256,B2,2159,68.050337,69.136743,-1.0864059999999967,41.381,40.48676895235876,0.8942310476412416
pi4b8g,fit,tinydl_revision,n1,B2,2160,4.854762,4.854762,0.0,40.407,40.922615406701446,-0.5156154067014498
pi4b8g,fit,tinydl_revision,n1,B2,2161,1.529453,4.854762,-3.325309,39.92,40.12005839535966,-0.20005839535966174
pi4b8g,fit,tinydl_revision,n1,B2,2162,1.492454,4.854762,-3.362308,40.894,39.72176550138517,1.1722344986148272
pi4b8g,fit,tinydl_revision,n1,B2,2163,1.539842,4.854762,-3.31492,40.894,40.51830241850806,0.37569758149194143
pi4b8g,fit,tinydl_revision,n1,B2,2164,1.485083,4.854762,-3.369679,40.894,40.51820185039207,0.375798149607931
pi4b8g,fit,tinydl_revision,n1,B2,2165,1.462454,4.854762,-3.392308,40.407,40.51816029090601,-0.11116029090601387
pi4b8g,fit,tinydl_revision,n1,B2,2166,1.521676,4.854762,-3.3330859999999998,40.407,40.12004411244291,0.28695588755708457
pi4b8g,fit,tinydl_revision,n1,B2,2167,1.460881,4.854762,-3.393881,39.92,40.11993245885882,-0.19993245885881805
pi4b8g,fit,tinydl_revision,n1,B2,2168,1.517175,4.854762,-3.337587,40.894,39.72181090295195,1.1721890970480473
pi4b8g,fit,tinydl_revision,n1,B2,2169,1.525564,4.854762,-3.329198,40.407,40.51827619612342,-0.11127619612342698
pi4b8g,fit,tinydl_revision,n1,B2,2170,1.468269,4.854762,-3.3864929999999998,40.407,40.11994602735424,0.28705397264575794
pi4b8g,fit,tinydl_revision,n1,B2,2171,1.480936,4.854762,-3.373826,39.92,40.119969291042864,-0.1999692910428621
pi4b8g,fit,tinydl_revision,n1,B2,2172,1.524324,4.854762,-3.330438,39.92,39.72182403250986,0.198175967490144
pi4b8g,fit,tinydl_revision,n1,B2,2173,1.478584,4.854762,-3.3761780000000003,40.894,39.721740028316475,1.1722599716835234
pi4b8g,fit,tinydl_revision,n1,B2,2174,1.46888,4.854762,-3.385882,40.407,40.518172092632,-0.11117209263200323
pi4b8g,fit,tinydl_revision,n1,B2,2175,1.518805,4.854762,-3.335957,40.407,40.120038839682984,0.2869611603170128
pi4b8g,fit,tinydl_revision,n1,B2,2176,1.493972,4.854762,-3.3607899999999997,40.894,40.119993232421635,0.7740067675783635
pi4b8g,fit,tinydl_revision,n1,B2,2177,1.453843,4.854762,-3.400919,39.92,40.51814447629934,-0.5981444762993391
pi4b8g,fit,tinydl_revision,n1,B2,2178,1.552564,4.854762,-3.3021979999999997,39.92,39.72187589692658,0.1981241030734182
pi4b8g,fit,tinydl_revision,n1,B2,2179,1.51975,4.854762,-3.335012,39.433,39.72181563209052,-0.2888156320905182
pi4b8g,fit,tinydl_revision,n1,B2,2180,1.595119,4.854762,-3.259643,39.433,39.3237291085402,0.10927089145980062
pi4b8g,fit,tinydl_revision,n1,B2,2181,1.482028,4.854762,-3.3727340000000003,39.92,39.32352141028411,0.5964785897158933
pi4b8g,fit,tinydl_revision,n1,B2,2182,1.518732,4.854762,-3.33603,41.381,39.72181376247379,1.6591862375262068
pi4b8g,fit,tinydl_revision,n1,B2,2183,1.457158,4.854762,-3.3976040000000003,40.407,40.91637550763173,-0.5093755076317308
pi4b8g,fit,tinydl_revision,n1,B2,2184,1.455992,4.854762,-3.39877,39.92,40.1199234799235,-0.19992347992349835
pi4b8g,fit,tinydl_revision,n1,B2,2185,1.517064,4.854762,-3.337698,40.407,39.72181069909394,0.6851893009060532
pi4b8g,fit,tinydl_revision,n1,B2,2186,1.514898,4.854762,-3.339864,40.407,40.12003166424828,0.2869683357517161
pi4b8g,fit,tinydl_revision,n1,B2,2187,1.479083,4.854762,-3.375679,39.92,40.11996588789965,-0.1999658878996513
pi4b8g,fit,tinydl_revision,n1,B2,2188,1.557786,4.854762,-3.296976,39.92,39.72188548743594,0.19811451256406087
pi4b8g,fit,tinydl_revision,n1,B2,2189,1.475843,4.854762,-3.378919,40.407,39.72173499430917,0.6852650056908232
pi4b8g,fit,tinydl_revision,n1,B2,2190,1.45477,4.854762,-3.399992,39.92,40.11992123564881,-0.1999212356488087
pi4b8g,fit,tinydl_revision,n1,B2,2191,1.509861,4.854762,-3.344901,39.92,39.72179747036187,0.1982025296381309
pi4b8g,fit,tinydl_revision,n1,B2,2192,1.472288,4.854762,-3.382474,39.433,39.72172846534311,-0.28872846534311236
pi4b8g,fit,tinydl_revision,n1,B2,2193,1.444899,4.854762,-3.409863,40.407,39.3234532206974,1.0835467793025941
pi4b8g,fit,tinydl_revision,n1,B2,2194,1.516046,4.854762,-3.338716,40.894,39.72180882947722,1.1721911705227797
pi4b8g,fit,tinydl_revision,n1,B2,2195,1.47651,4.854762,-3.378252,40.407,40.51818610557462,-0.1111861055746246
pi4b8g,fit,tinydl_revision,n1,B2,2196,1.457381,4.854762,-3.397381,40.894,40.119926030903486,0.7740739690965128
pi4b8g,fit,tinydl_revision,n1,B2,2197,1.560249,4.854762,-3.2945130000000002,41.381,40.51833989716075,0.86266010283925
pi4b8g,fit,tinydl_revision,n1,B2,2198,1.561212,4.854762,-3.2935499999999998,40.894,40.91656660890716,-0.022566608907162333
pi4b8g,fit,tinydl_revision,n1,B2,2199,1.760671,4.854762,-3.0940909999999997,40.894,39.32403315450047,1.569966845499529
pi4b8g,fit,fisvdd_revision,n16,B2,2200,3.496565,3.496565,0.0,40.407,38.91522523981571,1.4917747601842848
pi4b8g,fit,fisvdd_revision,n16,B2,2201,2.490473,3.496565,-1.0060919999999998,39.92,40.10805232225559,-0.18805232225558655
pi4b8g,fit,fisvdd_revision,n16,B2,2202,2.432493,3.496565,-1.064072,40.894,39.70972089544373,1.1842791045562677
pi4b8g,fit,fisvdd_revision,n16,B2,2203,2.356642,3.496565,-1.139923,40.407,40.50603147691317,-0.09903147691317571
pi4b8g,fit,fisvdd_revision,n16,B2,2204,2.370863,3.496565,-1.125702,39.92,40.10783265147355,-0.1878326514735491
pi4b8g,fit,fisvdd_revision,n16,B2,2205,2.370679,3.496565,-1.125886,38.946,39.70960737040635,-0.7636073704063548
pi4b8g,fit,fisvdd_revision,n16,B2,2206,2.318772,3.496565,-1.1777929999999999,38.459,38.913062153874854,-0.45406215387485105
pi4b8g,fit,fisvdd_revision,n16,B2,2207,2.373734,3.496565,-1.1228310000000001,38.946,38.51493815167184,0.43106184832815586
pi4b8g,fit,fisvdd_revision,n16,B2,2208,2.364827,3.496565,-1.131738,39.92,38.91314673658421,1.0068532634157918
pi4b8g,fit,fisvdd_revision,n16,B2,2209,2.39253,3.496565,-1.104035,39.433,39.70964750104976,-0.27664750104975866
pi4b8g,fit,fisvdd_revision,n16,B2,2210,2.43177,3.496565,-1.0647949999999997,40.407,39.3114946244714,1.095505375528596
pi4b8g,fit,fisvdd_revision,n16,B2,2211,2.419974,3.496565,-1.076591,38.946,40.107922846706195,-1.1619228467061973
pi4b8g,fit,fisvdd_revision,n16,B2,2212,2.392493,3.496565,-1.104072,39.433,38.913197546816264,0.5198024531837362
pi4b8g,fit,fisvdd_revision,n16,B2,2213,2.399382,3.496565,-1.0971829999999998,39.433,39.31143514200933,0.12156485799066985
pi4b8g,fit,fisvdd_revision,n16,B2,2214,2.347142,3.496565,-1.149423,39.92,39.31133920018462,0.6086607998153823
pi4b8g,fit,fisvdd_revision,n16,B2,2215,2.371678,3.496565,-1.1248869999999997,38.946,39.70960920512846,-0.7636092051284606
pi4b8g,fit,fisvdd_revision,n16,B2,2216,2.386364,3.496565,-1.110201,39.92,38.913186290548204,1.006813709451798
pi4b8g,fit,fisvdd_revision,n16,B2,2217,2.34679,3.496565,-1.149775,39.92,39.70956349685638,0.21043650314361884
pi4b8g,fit,fisvdd_revision,n16,B2,2218,2.380419,3.496565,-1.116146,41.381,39.709625258487755,1.6713747415122455
pi4b8g,fit,fisvdd_revision,n16,B2,2219,2.378605,3.496565,-1.11796,39.433,40.90429675639157,-1.4712967563915669
pi4b8g,fit,fisvdd_revision,n16,B2,2220,2.338475,3.496565,-1.15809,39.92,39.31132328273066,0.6086767172693399
pi4b8g,fit,fisvdd_revision,n16,B2,2221,2.436844,3.496565,-1.0597210000000001,40.894,39.70972888631049,1.1842711136895119
pi4b8g,fit,fisvdd_revision,n16,B2,2222,2.382253,3.496565,-1.114312,39.92,40.50607851301717,-0.5860785130171706
pi4b8g,fit,fisvdd_revision,n16,B2,2223,2.359475,3.496565,-1.1370899999999997,38.459,38.51491196418183,-0.0559119641818242
pi4b8g,fit,fisvdd_revision,n16,B2,2224,2.525953,3.496565,-0.970612,40.407,38.51521771079542,1.8917822892045777
pi4b8g,fit,fisvdd_revision,n16,B2,2225,2.385067,3.496565,-1.111498,39.433,40.107858737952846,-0.6748587379528459
pi4b8g,fit,fisvdd_revision,n16,B2,2226,2.337475,3.496565,-1.15909,40.894,39.311321446171995,1.5826785538280035
pi4b8g,fit,fisvdd_revision,n16,B2,2227,2.408437,3.496565,-1.0881279999999998,39.92,40.506126601469276,-0.5861266014692745
pi4b8g,fit,fisvdd_revision,n16,B2,2228,2.364771,3.496565,-1.1317939999999997,41.381,38.91314663373693,2.4678533662630713
pi4b8g,fit,fisvdd_revision,n16,B2,2229,2.353623,3.496565,-1.1429420000000001,39.92,40.90425087548297,-0.9842508754829709
pi4b8g,fit,fisvdd_revision,n16,B2,2230,2.315772,3.496565,-1.180793,40.407,39.70950653047968,0.6974934695203174
pi4b8g,fit,fisvdd_revision,n16,B2,2231,2.414196,3.496565,-1.082369,39.92,40.10791223507022,-0.1879122350702218
pi4b8g,fit,fisvdd_revision,n16,B2,2232,2.340105,3.496565,-1.15646,40.407,39.709551219461694,0.6974487805383021
pi4b8g,fit,fisvdd_revision,n16,B2,2233,2.340475,3.496565,-1.1560899999999998,38.946,40.10777684212881,-1.161776842128809
pi4b8g,fit,fisvdd_revision,n16,B2,2234,2.365419,3.496565,-1.1311459999999998,39.433,38.91314782382694,0.5198521761730603
pi4b8g,fit,fisvdd_revision,n16,B2,2235,2.342142,3.496565,-1.154423,40.407,39.311330017391285,1.0956699826087117
pi4b8g,fit,fisvdd_revision,n16,B2,2236,2.326531,3.496565,-1.1700339999999998,39.92,40.10775123315477,-0.1877512331547706
pi4b8g,fit,fisvdd_revision,n16,B2,2237,2.437751,3.496565,-1.058814,39.433,39.709730552069196,-0.2767305520691963
pi4b8g,fit,fisvdd_revision,n16,B2,2238,2.362475,3.496565,-1.13409,39.92,39.31136736013864,0.6086326398613622
pi4b8g,fit,fisvdd_revision,n16,B2,2239,2.320179,3.496565,-1.176386,40.407,39.70951462419372,0.6974853758062736
pi4b8g,fit,tinydl_revision,n1,B0,2240,1.821281,1.821281,0.0,38.459,38.548583125065825,-0.08958312506582189
pi4b8g,fit,tinydl_revision,n1,B0,2241,1.476991,1.821281,-0.34429,39.433,38.14972587314231,1.283274126857691
pi4b8g,fit,tinydl_revision,n1,B0,2242,1.465954,1.821281,-0.35532699999999995,39.433,38.946155489325136,0.4868445106748638
pi4b8g,fit,tinydl_revision,n1,B0,2243,1.499547,1.821281,-0.32173399999999996,38.459,38.9462171848404,-0.48721718484039656
pi4b8g,fit,tinydl_revision,n1,B0,2244,1.524212,1.821281,-0.297069,37.972,38.14981259727908,-0.17781259727907894
pi4b8g,fit,tinydl_revision,n1,B0,2245,1.45551,1.821281,-0.36577099999999985,38.946,37.7514614788852,1.1945385211148007
pi4b8g,fit,tinydl_revision,n1,B0,2246,1.497565,1.821281,-0.3237159999999999,37.485,38.54798860164071,-1.0629886016407113
pi4b8g,fit,tinydl_revision,n1,B0,2247,1.450436,1.821281,-0.37084499999999987,39.433,37.35322721704612,2.0797727829538815
pi4b8g,fit,tinydl_revision,n1,B0,2248,1.441233,1.821281,-0.38004799999999994,37.972,38.946110087758356,-0.9741100877583548
pi4b8g,fit,tinydl_revision,n1,B0,2249,1.478176,1.821281,-0.343105,38.459,37.751503106323916,0.7074968936760868
pi4b8g,fit,tinydl_revision,n1,B0,2250,1.440418,1.821281,-0.38086299999999995,36.998,38.149658704682224,-1.1516587046822266
pi4b8g,fit,tinydl_revision,n1,B0,2251,1.414363,1.821281,-0.4069179999999999,38.946,36.95493602372495,1.9910639762750506
pi4b8g,fit,tinydl_revision,n1,B0,2252,1.515157,1.821281,-0.30612399999999984,38.459,38.548020910380764,-0.08902091038076065
pi4b8g,fit,tinydl_revision,n1,B0,2253,1.51825,1.821281,-0.30303099999999983,37.972,38.14980164771631,-0.1778016477163078
pi4b8g,fit,tinydl_revision,n1,B0,2254,1.480862,1.821281,-0.340419,38.459,37.7515080393205,0.7074919606795049
pi4b8g,fit,tinydl_revision,n1,B0,2255,1.44938,1.821281,-0.37190100000000004,38.459,38.14967516392099,0.3093248360790142
pi4b8g,fit,tinydl_revision,n1,B0,2256,1.502379,1.821281,-0.318902,37.972,38.149772499693725,-0.17777249969372377
pi4b8g,fit,tinydl_revision,n1,B0,2257,1.457362,1.821281,-0.3639189999999999,37.972,37.75146488019185,0.22053511980815443
pi4b8g,fit,tinydl_revision,n1,B0,2258,1.426992,1.821281,-0.3942889999999999,38.459,37.75140910390516,0.7075908960948425
pi4b8g,fit,tinydl_revision,n1,B0,2259,1.494528,1.821281,-0.32675299999999985,37.972,38.149758080871635,-0.1777580808716337
pi4b8g,fit,tinydl_revision,n1,B0,2260,1.445233,1.821281,-0.37604799999999994,37.972,37.751442604571785,0.22055739542821584
pi4b8g,fit,tinydl_revision,n1,B0,2261,1.440677,1.821281,-0.38060399999999994,38.459,37.7514342372105,0.7075657627894998
pi4b8g,fit,tinydl_revision,n1,B0,2262,1.492324,1.821281,-0.32895699999999994,37.972,38.149754033096336,-0.17775403309633475
pi4b8g,fit,tinydl_revision,n1,B0,2263,1.524046,1.821281,-0.2972349999999999,38.459,37.751587349269926,0.7074126507300775
pi4b8g,fit,tinydl_revision,n1,B0,2264,1.499472,1.821281,-0.321809,37.485,38.14976716081768,-0.6647671608176822
pi4b8g,fit,tinydl_revision,n1,B0,2265,1.514324,1.821281,-0.3069569999999999,38.459,37.35334455110617,1.1056554488938346
pi4b8g,fit,tinydl_revision,n1,B0,2266,1.456362,1.821281,-0.364919,37.972,38.14968798677359,-0.17768798677359143
pi4b8g,fit,tinydl_revision,n1,B0,2267,1.446047,1.821281,-0.37523399999999985,37.972,37.75144409953054,0.2205559004694635
pi4b8g,fit,tinydl_revision,n1,B0,2268,1.430769,1.821281,-0.39051199999999997,36.998,37.751416040587245,-0.753416040587247
pi4b8g,fit,tinydl_revision,n1,B0,2269,1.628415,1.821281,-0.19286599999999998,37.972,36.95532914278051,1.0166708572194878
pi4b8g,fit,tinydl_revision,n1,B0,2270,1.451177,1.821281,-0.370104,38.459,37.7514535210765,0.7075464789235042
pi4b8g,fit,tinydl_revision,n1,B0,2271,1.431029,1.821281,-0.3902519999999998,37.972,38.14964146123291,-0.17764146123290914
pi4b8g,fit,tinydl_revision,n1,B0,2272,1.483972,1.821281,-0.33730899999999986,36.998,37.751513751017946,-0.7535137510179482
pi4b8g,fit,tinydl_revision,n1,B0,2273,1.445269,1.821281,-0.376012,37.972,36.95499278440708,1.017007215592919
pi4b8g,fit,tinydl_revision,n1,B0,2274,1.483936,1.821281,-0.337345,37.972,37.75151368490184,0.22048631509816374
pi4b8g,fit,tinydl_revision,n1,B0,2275,1.511324,1.821281,-0.30995700000000004,37.972,37.75156398457058,0.2204360154294207
pi4b8g,fit,tinydl_revision,n1,B0,2276,1.446788,1.821281,-0.37449299999999996,36.998,37.75144546042051,-0.7534454604205152
pi4b8g,fit,tinydl_revision,n1,B0,2277,1.426066,1.821281,-0.39521499999999987,36.998,36.954957516971014,0.043042483028983725
pi4b8g,fit,tinydl_revision,n1,B0,2278,1.478769,1.821281,-0.3425119999999999,37.485,36.95505430912239,0.5299456908776108
pi4b8g,fit,tinydl_revision,n1,B0,2279,1.472362,1.821281,-0.348919,36.998,37.35326748543143,-0.35526748543143327
pi4b8g,fit,oi_svdd_as_elm_revision,n1,B1,2280,1.960427,1.960427,0.0,37.972,37.93357455741651,0.038425442583488234
pi4b8g,fit,oi_svdd_as_elm_revision,n1,B1,2281,1.768671,1.960427,-0.19175599999999982,37.972,37.933222386272966,0.03877761372703503
pi4b8g,fit,oi_svdd_as_elm_revision,n1,B1,2282,1.703247,1.960427,-0.25717999999999996,37.972,37.9331022312588,0.03889776874120088
pi4b8g,fit,oi_svdd_as_elm_revision,n1,B1,2283,1.769078,1.960427,-0.191349,38.459,37.93322313375234,0.5257768662476607
pi4b8g,fit,oi_svdd_as_elm_revision,n1,B1,2284,1.694487,1.960427,-0.26593999999999984,37.972,38.331311086145305,-0.35931108614530416
pi4b8g,fit,oi_svdd_as_elm_revision,n1,B1,2285,1.71895,1.960427,-0.24147699999999994,38.459,37.933131070739535,0.5258689292604686
pi4b8g,fit,oi_svdd_as_elm_revision,n1,B1,2286,1.761283,1.960427,-0.199144,37.972,38.33143376091795,-0.35943376091795187
pi4b8g,fit,oi_svdd_as_elm_revision,n1,B1,2287,1.725172,1.960427,-0.235255,37.972,37.93314249780755,0.038857502192449545
pi4b8g,fit,oi_svdd_as_elm_revision,n1,B1,2288,1.72732,1.960427,-0.23310699999999995,37.485,37.13669655645475,0.3483034435452481
pi4b8g,fit,oi_svdd_as_elm_revision,n1,B1,2289,1.828596,1.960427,-0.1318309999999998,38.459,37.53510749891061,0.9238925010893908
pi4b8g,fit,oi_svdd_as_elm_revision,n1,B1,2290,1.733098,1.960427,-0.2273289999999999,36.998,38.331381997511954,-1.3333819975119567
pi4b8g,fit,oi_svdd_as_elm_revision,n1,B1,2291,1.765541,1.960427,-0.1948859999999999,38.946,37.13676675156352,1.8092332484364775
pi4b8g,fit,oi_svdd_as_elm_revision,n1,B1,2292,1.83741,1.960427,-0.12301699999999993,37.485,38.729798515759924,-1.2447985157599248
pi4b8g,fit,oi_svdd_as_elm_revision,n1,B1,2293,1.72032,1.960427,-0.24010699999999985,38.459,37.534908643684496,0.9240913563155075
pi4b8g,fit,oi_svdd_as_elm_revision,n1,B1,2294,1.773782,1.960427,-0.18664499999999995,37.972,38.33145671606472,-0.3594567160647202
pi4b8g,fit,oi_svdd_as_elm_revision,n1,B1,2295,1.781745,1.960427,-0.178682,37.485,37.93324639744096,-0.4482463974409612
pi4b8g,fit,oi_svdd_as_elm_revision,n1,B1,2296,1.701931,1.960427,-0.25849599999999984,38.459,37.53487487120719,0.9241251287928165
pi4b8g,fit,oi_svdd_as_elm_revision,n1,B1,2297,1.739876,1.960427,-0.22055099999999994,37.485,38.33139444570659,-0.8463944457065935
pi4b8g,fit,oi_svdd_as_elm_revision,n1,B1,2298,1.753801,1.960427,-0.20662599999999998,38.459,37.53497013350519,0.9240298664948128
pi4b8g,fit,oi_svdd_as_elm_revision,n1,B1,2299,1.754412,1.960427,-0.20601499999999984,36.998,38.33142114192336,-1.3334211419233597
pi4b8g,fit,oi_svdd_as_elm_revision,n1,B1,2300,1.711636,1.960427,-0.24879099999999998,38.946,37.136667751868636,1.809332248131362
pi4b8g,fit,oi_svdd_as_elm_revision,n1,B1,2301,1.764467,1.960427,-0.1959599999999999,37.485,38.72966455166115,-1.2446645516611525
pi4b8g,fit,oi_svdd_as_elm_revision,n1,B1,2302,1.713209,1.960427,-0.24721799999999994,38.459,37.53489558391582,0.9241044160841838
pi4b8g,fit,oi_svdd_as_elm_revision,n1,B1,2303,1.714449,1.960427,-0.24597800000000003,37.485,38.33134774752939,-0.8463477475293928
pi4b8g,fit,oi_svdd_as_elm_revision,n1,B1,2304,1.779597,1.960427,-0.18082999999999982,38.459,37.53501750937254,0.9239824906274663
pi4b8g,fit,oi_svdd_as_elm_revision,n1,B1,2305,1.723134,1.960427,-0.23729299999999998,37.972,38.33136369804141,-0.3593636980414061
pi4b8g,fit,oi_svdd_as_elm_revision,n1,B1,2306,1.693635,1.960427,-0.2667919999999999,37.972,37.9330845782569,0.03891542174309848
pi4b8g,fit,oi_svdd_as_elm_revision,n1,B1,2307,1.743727,1.960427,-0.2166999999999999,37.485,37.9331765751536,-0.4481765751536031
pi4b8g,fit,oi_svdd_as_elm_revision,n1,B1,2308,1.711913,1.960427,-0.2485139999999999,37.972,37.53489320373579,0.4371067962642101
pi4b8g,fit,oi_svdd_as_elm_revision,n1,B1,2309,1.743023,1.960427,-0.21740399999999993,37.972,37.9331752822163,0.03882471778370444
pi4b8g,fit,oi_svdd_as_elm_revision,n1,B1,2310,1.747319,1.960427,-0.21310799999999985,36.998,37.933183172072326,-0.9351831720723283
pi4b8g,fit,oi_svdd_as_elm_revision,n1,B1,2311,1.701265,1.960427,-0.2591619999999999,37.972,37.136648704918706,0.8353512950812956
pi4b8g,fit,oi_svdd_as_elm_revision,n1,B1,2312,1.691265,1.960427,-0.2691619999999999,38.946,37.93308022561287,1.0129197743871288
pi4b8g,fit,oi_svdd_as_elm_revision,n1,B1,2313,1.750319,1.960427,-0.21010799999999996,36.998,38.729638568029145,-1.7316385680291475
pi4b8g,fit,oi_svdd_as_elm_revision,n1,B1,2314,1.706542,1.960427,-0.2538849999999999,37.972,37.13665839643879,0.8353416035612113
pi4b8g,fit,oi_svdd_as_elm_revision,n1,B1,2315,1.849022,1.960427,-0.11140499999999998,37.972,37.93336995559834,0.038630044401664065
pi4b8g,fit,oi_svdd_as_elm_revision,n1,B1,2316,1.786208,1.960427,-0.1742189999999999,36.998,37.93325459400229,-0.9352545940022949
pi4b8g,fit,oi_svdd_as_elm_revision,n1,B1,2317,1.757227,1.960427,-0.20319999999999983,37.972,37.13675148241477,0.835248517585228
pi4b8g,fit,oi_svdd_as_elm_revision,n1,B1,2318,1.71895,1.960427,-0.24147699999999994,37.972,37.933131070739535,0.0388689292604667
pi4b8g,fit,oi_svdd_as_elm_revision,n1,B1,2319,1.787301,1.960427,-0.1731259999999999,38.946,37.93325660136091,1.0127433986390884
pi4b8g,fit,oi_svdd_as_elm_revision,n64,B1,2320,7.874022,8.744468,-0.8704459999999994,37.485,37.53443035840977,-0.04943035840977217
pi4b8g,fit,oi_svdd_as_elm_revision,n64,B1,2321,7.700395,8.744468,-1.0440729999999991,38.459,37.53411148223827,0.9248885177617296
pi4b8g,fit,oi_svdd_as_elm_revision,n64,B1,2322,7.720042,8.744468,-1.0244259999999992,38.459,38.33059745138721,0.1284025486127902
pi4b8g,fit,oi_svdd_as_elm_revision,n64,B1,2323,7.686303,8.744468,-1.0581649999999998,37.972,38.33053548773438,-0.35853548773437893
pi4b8g,fit,oi_svdd_as_elm_revision,n64,B1,2324,7.699914,8.744468,-1.0445539999999998,38.946,37.93233554199397,1.0136644580060263
pi4b8g,fit,oi_svdd_as_elm_revision,n64,B1,2325,7.70408,8.744468,-1.0403879999999992,37.485,38.72879307937819,-1.243793079378193
pi4b8g,fit,oi_svdd_as_elm_revision,n64,B1,2326,7.703228,8.744468,-1.0412399999999993,38.946,37.53411668520898,1.4118833147910195
pi4b8g,fit,oi_svdd_as_elm_revision,n64,B1,2327,7.681543,8.744468,-1.062925,38.459,38.72875168885554,-0.2697516888555356
pi4b8g,fit,oi_svdd_as_elm_revision,n64,B1,2328,7.679673,8.744468,-1.0647949999999993,38.459,38.330523311350426,0.1284766886495774
pi4b8g,fit,oi_svdd_as_elm_revision,n64,B1,2329,7.76056,8.744468,-0.9839079999999996,37.972,38.33067186507124,-0.35867186507123705
pi4b8g,fit,oi_svdd_as_elm_revision,n64,B1,2330,7.662192,8.744468,-1.0822759999999993,39.433,37.932266263327975,1.500733736672025
pi4b8g,fit,oi_svdd_as_elm_revision,n64,B1,2331,7.648062,8.744468,-1.096405999999999,37.972,39.12691514217526,-1.1549151421752555
pi4b8g,fit,oi_svdd_as_elm_revision,n64,B1,2332,7.671154,8.744468,-1.0733139999999999,38.459,37.93228272256674,0.5267172774332636
pi4b8g,fit,oi_svdd_as_elm_revision,n64,B1,2333,7.665859,8.744468,-1.0786089999999993,37.972,38.33049794112901,-0.35849794112900923
pi4b8g,fit,oi_svdd_as_elm_revision,n64,B1,2334,7.678247,8.744468,-1.0662209999999996,38.459,37.93229574927735,0.526704250722652
pi4b8g,fit,oi_svdd_as_elm_revision,n64,B1,2335,7.668062,8.744468,-1.0764059999999995,38.946,38.330501987067755,0.6154980129322425
pi4b8g,fit,oi_svdd_as_elm_revision,n64,B1,2336,7.678007,8.744468,-1.0664609999999994,38.946,38.728745194784096,0.21725480521590157
pi4b8g,fit,oi_svdd_as_elm_revision,n64,B1,2337,7.665914,8.744468,-1.0785539999999996,37.972,38.72872298528014,-0.7567229852801418
pi4b8g,fit,oi_svdd_as_elm_revision,n64,B1,2338,7.675488,8.744468,-1.0689799999999998,38.459,37.93229068221199,0.5267093177880113
pi4b8g,fit,oi_svdd_as_elm_revision,n64,B1,2339,7.739672,8.744468,-1.0047959999999998,36.998,38.33063350303382,-1.3326335030338257
pi4b8g,fit,oi_svdd_as_elm_revision,n64,B1,2340,7.68084,8.744468,-1.0636279999999996,37.972,37.13585062519316,0.836149374806844
pi4b8g,fit,oi_svdd_as_elm_revision,n64,B1,2341,7.669692,8.744468,-1.074775999999999,36.998,38.33050498065838,-1.3325049806583849
pi4b8g,fit,oi_svdd_as_elm_revision,n64,B1,2342,8.744468,8.744468,0.0,38.459,37.13780404041392,1.3211959595860847
pi4b8g,fit,oi_svdd_as_elm_revision,n64,B1,2343,7.680691,8.744468,-1.063776999999999,38.459,38.33052518096715,0.12847481903285285
pi4b8g,fit,oi_svdd_as_elm_revision,n64,B1,2344,7.675692,8.744468,-1.0687759999999997,38.459,38.33051600001038,0.12848399998962634
pi4b8g,fit,oi_svdd_as_elm_revision,n64,B1,2345,7.636156,8.744468,-1.1083119999999997,38.946,38.33044338982696,0.6155566101730372
pi4b8g,fit,oi_svdd_as_elm_revision,n64,B1,2346,7.687896,8.744468,-1.0565719999999992,37.972,38.728763356512744,-0.7567633565127423
pi4b8g,fit,oi_svdd_as_elm_revision,n64,B1,2347,7.696599,8.744468,-1.0478689999999995,37.972,37.93232945380199,0.03967054619801047
pi4b8g,fit,oi_svdd_as_elm_revision,n64,B1,2348,7.685654,8.744468,-1.058813999999999,37.485,37.932309352667396,-0.44730935266739635
pi4b8g,fit,oi_svdd_as_elm_revision,n64,B1,2349,7.667415,8.744468,-1.0770529999999994,37.972,37.53405091253347,0.43794908746652794
pi4b8g,fit,oi_svdd_as_elm_revision,n64,B1,2350,7.664044,8.744468,-1.0804239999999998,37.972,37.932269664634624,0.039730335365376845
pi4b8g,fit,oi_svdd_as_elm_revision,n64,B1,2351,7.684044,8.744468,-1.0604239999999994,38.946,37.93230639580794,1.0136936041920563
pi4b8g,fit,oi_svdd_as_elm_revision,n64,B1,2352,7.69545,8.744468,-1.0490179999999993,37.972,38.728777229876904,-0.7567772298769029
pi4b8g,fit,oi_svdd_as_elm_revision,n64,B1,2353,7.655377,8.744468,-1.0890909999999998,39.433,37.93225374718067,1.500746252819333
pi4b8g,fit,oi_svdd_as_elm_revision,n64,B1,2354,7.684692,8.744468,-1.0597759999999994,37.972,39.12698241531919,-1.1549824153191892
pi4b8g,fit,oi_svdd_as_elm_revision,n64,B1,2355,7.676821,8.744468,-1.0676469999999991,37.972,37.932293130344696,0.0397068696553049
pi4b8g,fit,oi_svdd_as_elm_revision,n64,B1,2356,7.645618,8.744468,-1.0988499999999997,38.946,37.932235824204646,1.0137641757953517
pi4b8g,fit,oi_svdd_as_elm_revision,n64,B1,2357,7.701394,8.744468,-1.0430739999999998,38.459,38.72878814638161,-0.2697881463816074
pi4b8g,fit,oi_svdd_as_elm_revision,n64,B1,2358,7.777875,8.744468,-0.9665929999999996,36.998,38.33070366508454,-1.3327036650845443
pi4b8g,fit,oi_svdd_as_elm_revision,n64,B1,2359,7.62836,8.744468,-1.1161079999999997,38.946,37.932204128875185,1.0137958711248132
pi4b8g,fit,oi_svdd_as_elm_revision,n256,B1,2360,25.58875,25.768173,-0.1794229999999999,37.972,38.35948774191066,-0.38748774191066104
pi4b8g,fit,oi_svdd_as_elm_revision,n256,B1,2361,25.461549,25.768173,-0.30662399999999934,37.485,37.961029186671375,-0.4760291866713757
pi4b8g,fit,oi_svdd_as_elm_revision,n256,B1,2362,25.454308,25.768173,-0.31386499999999984,37.972,37.56279094500967,0.40920905499033466
pi4b8g,fit,oi_svdd_as_elm_revision,n256,B1,2363,25.517807,25.768173,-0.25036599999999964,37.485,38.359357450929224,-0.8743574509292245
pi4b8g,fit,oi_svdd_as_elm_revision,n256,B1,2364,25.482845,25.768173,-0.2853279999999998,37.972,37.562843354884315,0.4091566451156865
pi4b8g,fit,oi_svdd_as_elm_revision,n256,B1,2365,25.43592,25.768173,-0.33225300000000146,38.459,37.96098211750933,0.4980178824906716
pi4b8g,fit,oi_svdd_as_elm_revision,n256,B1,2366,25.480604,25.768173,-0.2875690000000013,37.972,38.35928912543717,-0.38728912543717087
pi4b8g,fit,oi_svdd_as_elm_revision,n256,B1,2367,25.472456,25.768173,-0.2957169999999998,37.972,37.96104921801675,0.010950781983254387
pi4b8g,fit,oi_svdd_as_elm_revision,n256,B1,2368,25.768173,25.768173,0.0,38.459,37.96159231963577,0.49740768036423333
pi4b8g,fit,oi_svdd_as_elm_revision,n256,B1,2369,25.464086,25.768173,-0.3040869999999991,37.485,38.359258789161125,-0.8742587891611251
pi4b8g,fit,oi_svdd_as_elm_revision,n256,B1,2370,25.504641,25.768173,-0.26353200000000143,38.459,37.562883384517,0.8961166154830025
pi4b8g,fit,oi_svdd_as_elm_revision,n256,B1,2371,25.441642,25.768173,-0.32653099999999924,38.459,37.960992626298015,0.4980073737019879
pi4b8g,fit,oi_svdd_as_elm_revision,n256,B1,2372,25.449994,25.768173,-0.31817900000000066,38.946,38.359232908376406,0.5867670916235923
pi4b8g,fit,oi_svdd_as_elm_revision,n256,B1,2373,25.426605,25.768173,-0.3415680000000023,38.946,38.757414896246175,0.1885851037538231
pi4b8g,fit,oi_svdd_as_elm_revision,n256,B1,2374,25.464678,25.768173,-0.3034950000000016,37.972,38.75748481954426,-0.7854848195442585
pi4b8g,fit,oi_svdd_as_elm_revision,n256,B1,2375,25.465715,25.768173,-0.30245800000000145,38.946,37.96103683777478,0.9849631622252204
pi4b8g,fit,oi_svdd_as_elm_revision,n256,B1,2376,25.672396,25.768173,-0.09577700000000178,37.972,38.75786630583724,-0.7858663058372386
pi4b8g,fit,oi_svdd_as_elm_revision,n256,B1,2377,25.478734,25.768173,-0.28943900000000156,37.485,37.96106074793205,-0.47606074793205266
pi4b8g,fit,oi_svdd_as_elm_revision,n256,B1,2378,25.491937,25.768173,-0.2762360000000008,37.485,37.562860052875706,-0.07786005287570674
pi4b8g,fit,oi_svdd_as_elm_revision,n256,B1,2379,25.428735,25.768173,-0.33943800000000124,39.433,37.562743978694904,1.8702560213050958
pi4b8g,fit,oi_svdd_as_elm_revision,n256,B1,2380,25.487437,25.768173,-0.280736000000001,38.459,39.155751560923356,-0.696751560923353
pi4b8g,fit,oi_svdd_as_elm_revision,n256,B1,2381,25.458957,25.768173,-0.30921599999999927,37.972,38.35924936945173,-0.3872493694517303
pi4b8g,fit,oi_svdd_as_elm_revision,n256,B1,2382,25.466234,25.768173,-0.30193900000000085,38.459,37.96103779094873,0.4979622090512734
pi4b8g,fit,oi_svdd_as_elm_revision,n256,B1,2383,25.470011,25.768173,-0.29816200000000137,37.972,38.35926967077122,-0.387269670771218
pi4b8g,fit,oi_svdd_as_elm_revision,n256,B1,2384,25.444475,25.768173,-0.32369800000000026,39.433,37.96099782926871,1.4720021707312867
pi4b8g,fit,oi_svdd_as_elm_revision,n256,B1,2385,25.49053,25.768173,-0.2776430000000012,37.972,39.15575724139931,-1.1837572413993058
pi4b8g,fit,oi_svdd_as_elm_revision,n256,B1,2386,25.457808,25.768173,-0.3103650000000009,38.459,37.96102231610541,0.4979776838945966
pi4b8g,fit,oi_svdd_as_elm_revision,n256,B1,2387,25.465363,25.768173,-0.3028100000000009,37.972,38.35926113444654,-0.38726113444653976
pi4b8g,fit,oi_svdd_as_elm_revision,n256,B1,2388,25.464179,25.768173,-0.30399399999999943,37.972,37.96103401682067,0.010965983179332284
pi4b8g,fit,oi_svdd_as_elm_revision,n256,B1,2389,25.479437,25.768173,-0.2887360000000001,38.459,37.9610620390328,0.49793796096720655
pi4b8g,fit,oi_svdd_as_elm_revision,n256,B1,2390,25.530659,25.768173,-0.2375140000000009,37.972,38.359381054381195,-0.3873810543811942
pi4b8g,fit,oi_svdd_as_elm_revision,n256,B1,2391,25.446549,25.768173,-0.3216239999999999,37.972,37.96100163829139,0.010998361708608684
pi4b8g,fit,oi_svdd_as_elm_revision,n256,B1,2392,25.495308,25.768173,-0.27286499999999947,38.946,38.7575410733362,0.18845892666379882
pi4b8g,fit,oi_svdd_as_elm_revision,n256,B1,2393,25.447864,25.768173,-0.32030900000000173,38.459,38.75745393964685,-0.29845393964684774
pi4b8g,fit,oi_svdd_as_elm_revision,n256,B1,2394,25.568936,25.768173,-0.1992370000000001,38.946,38.35945135233725,0.5865486476627453
pi4b8g,fit,oi_svdd_as_elm_revision,n256,B1,2395,25.537973,25.768173,-0.23019999999999996,38.946,38.75761943011168,0.18838056988831653
pi4b8g,fit,oi_svdd_as_elm_revision,n256,B1,2396,25.479938,25.768173,-0.28823500000000024,38.459,38.7575128454295,-0.2985128454294994
pi4b8g,fit,oi_svdd_as_elm_revision,n256,B1,2397,25.473122,25.768173,-0.29505100000000084,38.946,38.359275384305235,0.586724615694763
pi4b8g,fit,oi_svdd_as_elm_revision,n256,B1,2398,25.473716,25.768173,-0.2944570000000013,37.972,38.757501418361485,-0.7855014183614841
pi4b8g,fit,oi_svdd_as_elm_revision,n256,B1,2399,25.447716,25.768173,-0.3204570000000011,38.946,37.961003781555355,0.9849962184446426
pi4b8g,fit,fisvdd_revision,n256,B1,2400,14.019053,14.019053,0.0,38.459,38.339803983134665,0.1191960168653381
pi4b8g,fit,fisvdd_revision,n256,B1,2401,13.901165,14.019053,-0.11788799999999888,38.946,38.33958747490665,0.6064125250933472
pi4b8g,fit,fisvdd_revision,n256,B1,2402,13.902074,14.019053,-0.11697899999999883,38.459,38.73781408747889,-0.27881408747888514
pi4b8g,fit,fisvdd_revision,n256,B1,2403,13.832537,14.019053,-0.18651599999999924,38.459,38.73768637869893,-0.27868637869892865
pi4b8g,fit,fisvdd_revision,n256,B1,2404,13.86387,14.019053,-0.15518299999999918,38.946,38.33951898045121,0.606481019548788
pi4b8g,fit,fisvdd_revision,n256,B1,2405,13.798668,14.019053,-0.22038500000000028,38.946,38.73762417629347,0.2083758237065254
pi4b8g,fit,fisvdd_revision,n256,B1,2406,14.015905,14.019053,-0.0031479999999994845,38.459,38.73802314478839,-0.27902314478838974
pi4b8g,fit,fisvdd_revision,n256,B1,2407,13.840722,14.019053,-0.17833100000000002,38.946,38.33947646779121,0.6065235322087901
pi4b8g,fit,fisvdd_revision,n256,B1,2408,13.869481,14.019053,-0.14957199999999915,38.459,38.737754228522284,-0.27875422852228127
pi4b8g,fit,fisvdd_revision,n256,B1,2409,13.901165,14.019053,-0.11788799999999888,37.972,38.33958747490665,-0.36758747490664945
pi4b8g,fit,fisvdd_revision,n256,B1,2410,13.931961,14.019053,-0.08709200000000017,37.972,37.94141909042692,0.030580909573082238
pi4b8g,fit,fisvdd_revision,n256,B1,2411,13.904647,14.019053,-0.1144059999999989,37.485,38.33959386980393,-0.8545938698039279
pi4b8g,fit,fisvdd_revision,n256,B1,2412,13.872185,14.019053,-0.14686799999999955,37.972,37.543084365155686,0.4289156348443157
pi4b8g,fit,fisvdd_revision,n256,B1,2413,13.890258,14.019053,-0.12879500000000021,39.433,37.94134250042087,1.4916574995791265
pi4b8g,fit,fisvdd_revision,n256,B1,2414,13.88337,14.019053,-0.13568300000000022,37.485,39.13600467962601,-1.6510046796260127
pi4b8g,fit,fisvdd_revision,n256,B1,2415,13.811982,14.019053,-0.20707099999999912,37.972,37.54297379881432,0.42902620118567825
pi4b8g,fit,fisvdd_revision,n256,B1,2416,13.877,14.019053,-0.14205299999999887,37.972,37.94131815132608,0.030681848673921763
pi4b8g,fit,fisvdd_revision,n256,B1,2417,13.892296,14.019053,-0.12675699999999956,38.459,37.94134624332743,0.5176537566725727
pi4b8g,fit,fisvdd_revision,n256,B1,2418,13.862166,14.019053,-0.15688699999999933,38.459,38.33951585095524,0.11948414904476579
pi4b8g,fit,fisvdd_revision,n256,B1,2419,13.915739,14.019053,-0.10331399999999924,37.972,38.33961424091265,-0.36761424091265127
pi4b8g,fit,fisvdd_revision,n256,B1,2420,13.822296,14.019053,-0.19675699999999985,38.459,37.94121768422082,0.5177823157791863
pi4b8g,fit,fisvdd_revision,n256,B1,2421,13.89537,14.019053,-0.12368299999999977,38.946,38.33957683204918,0.6064231679508154
pi4b8g,fit,fisvdd_revision,n256,B1,2422,13.854056,14.019053,-0.16499699999999962,37.972,38.73772589960487,-0.7657258996048668
pi4b8g,fit,fisvdd_revision,n256,B1,2423,13.840445,14.019053,-0.17860799999999877,38.946,37.941251015924045,1.0047489840759525
pi4b8g,fit,fisvdd_revision,n256,B1,2424,13.912035,14.019053,-0.10701800000000006,37.485,38.73783238143976,-1.2528323814397595
pi4b8g,fit,fisvdd_revision,n256,B1,2425,13.851889,14.019053,-0.16716399999999965,37.972,37.54304709036101,0.42895290963899413
pi4b8g,fit,fisvdd_revision,n256,B1,2426,13.857704,14.019053,-0.16134899999999952,38.946,37.94128271309006,1.004717286909937
pi4b8g,fit,fisvdd_revision,n256,B1,2427,13.828481,14.019053,-0.19057199999999952,38.459,38.73767892961698,-0.27867892961698004
pi4b8g,fit,fisvdd_revision,n256,B1,2428,13.841277,14.019053,-0.1777759999999997,38.459,38.33947748708127,0.11952251291873495
pi4b8g,fit,fisvdd_revision,n256,B1,2429,13.893888,14.019053,-0.12516499999999908,37.972,38.33957411026924,-0.3675741102692385
pi4b8g,fit,fisvdd_revision,n256,B1,2430,13.798167,14.019053,-0.22088600000000014,38.459,37.94117336989677,0.5178266301032366
pi4b8g,fit,fisvdd_revision,n256,B1,2431,13.859944,14.019053,-0.15910899999999906,37.485,38.33951177012189,-0.8545117701218885
pi4b8g,fit,fisvdd_revision,n256,B1,2432,13.894796,14.019053,-0.12425700000000006,37.972,38.33957577786451,-0.36757577786450923
pi4b8g,fit,fisvdd_revision,n256,B1,2433,13.823222,14.019053,-0.1958310000000001,38.946,37.94121938487414,1.0047806151258598
pi4b8g,fit,fisvdd_revision,n256,B1,2434,13.876166,14.019053,-0.142887,38.946,38.73776650591697,0.20823349408302505
pi4b8g,fit,fisvdd_revision,n256,B1,2435,13.915091,14.019053,-0.10396199999999922,38.459,38.73783799396304,-0.27883799396303743
pi4b8g,fit,fisvdd_revision,n256,B1,2436,13.896054,14.019053,-0.12299900000000008,36.998,38.339578088255315,-1.3415780882553179
pi4b8g,fit,fisvdd_revision,n256,B1,2437,13.944942,14.019053,-0.07411100000000026,38.459,37.14499304451414,1.3140069554858655
pi4b8g,fit,fisvdd_revision,n256,B1,2438,13.853018,14.019053,-0.16603499999999904,37.485,38.339499050116565,-0.8544990501165657
pi4b8g,fit,fisvdd_revision,n256,B1,2439,13.94285,14.019053,-0.07620299999999958,37.972,37.54321414557382,0.4287858544261809
pi4b8g,fit,oi_svdd_as_elm_revision,n16,B0,2440,3.400649,4.163822,-0.7631729999999997,38.459,37.73969812954699,0.7193018704530161
pi4b8g,fit,oi_svdd_as_elm_revision,n16,B0,2441,3.240985,4.163822,-0.9228369999999999,37.972,38.137629840384555,-0.16562984038455397
pi4b8g,fit,oi_svdd_as_elm_revision,n16,B0,2442,3.215837,4.163822,-0.9479849999999996,37.485,37.739358711466814,-0.2543587114668142
pi4b8g,fit,oi_svdd_as_elm_revision,n16,B0,2443,3.184208,4.163822,-0.9796139999999998,37.972,37.341075679812356,0.6309243201876455
pi4b8g,fit,oi_svdd_as_elm_revision,n16,B0,2444,3.250225,4.163822,-0.9135969999999998,37.485,37.73942186704622,-0.2544218670462186
pi4b8g,fit,oi_svdd_as_elm_revision,n16,B0,2445,3.343724,4.163822,-0.8200979999999998,37.485,37.341368640304516,0.14363135969548324
pi4b8g,fit,oi_svdd_as_elm_revision,n16,B0,2446,3.199152,4.163822,-0.9646699999999995,37.972,37.34110312534506,0.6308968746549439
pi4b8g,fit,oi_svdd_as_elm_revision,n16,B0,2447,3.214022,4.163822,-0.9497999999999998,37.972,37.73935537811283,0.23264462188716806
pi4b8g,fit,oi_svdd_as_elm_revision,n16,B0,2448,3.240392,4.163822,-0.9234299999999998,37.485,37.341178865024446,0.14382113497555338
pi4b8g,fit,oi_svdd_as_elm_revision,n16,B0,2449,3.201893,4.163822,-0.9619289999999996,36.998,37.34110815935236,-0.3431081593523615
pi4b8g,fit,oi_svdd_as_elm_revision,n16,B0,2450,3.20043,4.163822,-0.9633919999999998,36.998,36.94288052932662,0.055119470673375304
pi4b8g,fit,oi_svdd_as_elm_revision,n16,B0,2451,3.209837,4.163822,-0.9539849999999999,36.998,36.942897805833994,0.055102194166003926
pi4b8g,fit,oi_svdd_as_elm_revision,n16,B0,2452,3.204208,4.163822,-0.9596139999999997,36.998,36.94288746784526,0.05511253215473744
pi4b8g,fit,oi_svdd_as_elm_revision,n16,B0,2453,3.212208,4.163822,-0.9516139999999997,36.998,37.341127103455,-0.34312710345500363
pi4b8g,fit,oi_svdd_as_elm_revision,n16,B0,2454,3.241892,4.163822,-0.9219299999999997,36.998,36.94295667672203,0.05504332327797101
pi4b8g,fit,oi_svdd_as_elm_revision,n16,B0,2455,3.217911,4.163822,-0.9459109999999997,37.972,36.94291263420866,1.0290873657913409
pi4b8g,fit,oi_svdd_as_elm_revision,n16,B0,2456,3.24854,4.163822,-0.9152819999999995,37.485,37.739418772444864,-0.25441877244486477
pi4b8g,fit,oi_svdd_as_elm_revision,n16,B0,2457,3.180209,4.163822,-0.9836129999999996,36.511,37.34106833541425,-0.8300683354142464
pi4b8g,fit,oi_svdd_as_elm_revision,n16,B0,2458,3.207986,4.163822,-0.9558359999999997,37.972,36.54466946322349,1.427330536776509
pi4b8g,fit,oi_svdd_as_elm_revision,n16,B0,2459,3.228078,4.163822,-0.9357439999999997,36.511,37.739381192781444,-1.2283811927814412
pi4b8g,fit,oi_svdd_as_elm_revision,n16,B0,2460,3.149265,4.163822,-1.0145569999999995,36.024,36.54456161866207,-0.5205616186620716
pi4b8g,fit,oi_svdd_as_elm_revision,n16,B0,2461,3.226578,4.163822,-0.9372439999999997,36.511,36.1464786653818,0.36452133461820324
pi4b8g,fit,oi_svdd_as_elm_revision,n16,B0,2462,3.185727,4.163822,-0.9780949999999997,37.972,36.54462858326415,1.427371416735852
pi4b8g,fit,oi_svdd_as_elm_revision,n16,B0,2463,4.163822,4.163822,0.0,36.998,37.741099741533766,-0.7430997415337686
pi4b8g,fit,oi_svdd_as_elm_revision,n16,B0,2464,3.305225,4.163822,-0.8585969999999996,36.511,36.94307299149202,-0.4320729914920207
pi4b8g,fit,oi_svdd_as_elm_revision,n16,B0,2465,3.2293,4.163822,-0.9345219999999999,38.459,36.5447086076349,1.9142913923651008
pi4b8g,fit,oi_svdd_as_elm_revision,n16,B0,2466,3.223577,4.163822,-0.9402449999999996,36.511,38.1375978695713,-1.6265978695712988
pi4b8g,fit,oi_svdd_as_elm_revision,n16,B0,2467,3.207449,4.163822,-0.9563729999999997,36.998,36.54466847699149,0.453331523008508
pi4b8g,fit,oi_svdd_as_elm_revision,n16,B0,2468,3.2033,4.163822,-0.9605219999999997,36.998,36.94288580024999,0.0551141997500082
pi4b8g,fit,oi_svdd_as_elm_revision,n16,B0,2469,3.195615,4.163822,-0.9682069999999996,36.998,36.94287168629665,0.05512831370334936
pi4b8g,fit,oi_svdd_as_elm_revision,n16,B0,2470,3.209319,4.163822,-0.9545029999999999,36.998,36.9428968544966,0.05510314550339501
pi4b8g,fit,oi_svdd_as_elm_revision,n16,B0,2471,3.2583,4.163822,-0.9055219999999995,38.459,37.739436697257446,0.7195633027425572
pi4b8g,fit,oi_svdd_as_elm_revision,n16,B0,2472,3.19093,4.163822,-0.9728919999999999,36.024,38.13753791144053,-2.113537911440531
pi4b8g,fit,oi_svdd_as_elm_revision,n16,B0,2473,3.364853,4.163822,-0.7989689999999996,36.998,36.146732615531334,0.8512673844686631
pi4b8g,fit,oi_svdd_as_elm_revision,n16,B0,2474,3.250022,4.163822,-0.9137999999999997,36.511,36.94297160794398,-0.4319716079439786
pi4b8g,fit,oi_svdd_as_elm_revision,n16,B0,2475,3.194838,4.163822,-0.9689839999999998,36.511,36.54464531615015,-0.03364531615014954
pi4b8g,fit,oi_svdd_as_elm_revision,n16,B0,2476,3.200541,4.163822,-0.9632809999999998,36.024,36.94288073318463,-0.9188807331846292
pi4b8g,fit,oi_svdd_as_elm_revision,n16,B0,2477,3.208411,4.163822,-0.9554109999999998,36.024,36.14644530062051,-0.1224453006205124
pi4b8g,fit,oi_svdd_as_elm_revision,n16,B0,2478,3.220837,4.163822,-0.9429849999999997,37.485,36.1464681216985,1.3385318783015023
pi4b8g,fit,oi_svdd_as_elm_revision,n16,B0,2479,3.210744,4.163822,-0.9530779999999996,37.485,37.341124414733116,0.14387558526688338
pi4b8g,fit,lucid_revision,n16,B1,2480,6.379638,7.48312,-1.1034820000000005,37.972,37.00689263050055,0.9651073694994494
pi4b8g,fit,lucid_revision,n16,B1,2481,6.153734,7.48312,-1.3293860000000004,37.972,37.8029276308325,0.1690723691675018
pi4b8g,fit,lucid_revision,n16,B1,2482,6.105105,7.48312,-1.3780150000000004,36.998,37.80283832082113,-0.8048383208211334
pi4b8g,fit,lucid_revision,n16,B1,2483,6.136309,7.48312,-1.3468110000000006,38.459,37.00644574251692,1.4525542574830865
pi4b8g,fit,lucid_revision,n16,B1,2484,6.157753,7.48312,-1.3253670000000008,37.485,38.20115995510219,-0.7161599551021922
pi4b8g,fit,lucid_revision,n16,B1,2485,6.09231,7.48312,-1.39081,37.485,37.40458987891259,0.08041012108741086
pi4b8g,fit,lucid_revision,n16,B1,2486,6.143476,7.48312,-1.3396440000000007,36.998,37.404683848273294,-0.4066838482732962
pi4b8g,fit,lucid_revision,n16,B1,2487,6.127068,7.48312,-1.356052,36.511,37.00642877087829,-0.4954287708782843
pi4b8g,fit,lucid_revision,n16,B1,2488,6.145938,7.48312,-1.3371820000000003,37.972,36.608238483599905,1.3637615164000962
pi4b8g,fit,lucid_revision,n16,B1,2489,6.125013,7.48312,-1.3581070000000004,37.972,37.80287488303105,0.16912511696894938
pi4b8g,fit,lucid_revision,n16,B1,2490,6.177049,7.48312,-1.3060710000000002,36.511,37.8029704501978,-1.2919704501977947
pi4b8g,fit,lucid_revision,n16,B1,2491,6.214715,7.48312,-1.2684050000000004,36.511,36.608364796595275,-0.0973647965952722
pi4b8g,fit,lucid_revision,n16,B1,2492,6.145198,7.48312,-1.3379220000000007,36.998,36.60823712454649,0.3897628754535063
pi4b8g,fit,lucid_revision,n16,B1,2493,6.227066,7.48312,-1.2560540000000007,37.485,37.006612423071765,0.47838757692823464
pi4b8g,fit,lucid_revision,n16,B1,2494,6.139512,7.48312,-1.3436080000000006,37.485,37.00645162501433,0.47854837498567093
pi4b8g,fit,lucid_revision,n16,B1,2495,6.160419,7.48312,-1.3227010000000003,37.485,37.40471496508677,0.08028503491323136
pi4b8g,fit,lucid_revision,n16,B1,2496,6.090921,7.48312,-1.3921990000000006,38.459,37.4045873279326,1.0544126720674
pi4b8g,fit,lucid_revision,n16,B1,2497,6.12842,7.48312,-1.3547000000000002,36.998,38.20110608332684,-1.203106083326844
pi4b8g,fit,lucid_revision,n16,B1,2498,6.2194,7.48312,-1.2637200000000002,37.485,37.006598344013035,0.47840165598696416
pi4b8g,fit,lucid_revision,n16,B1,2499,6.076847,7.48312,-1.4062730000000006,37.485,37.404561480205935,0.08043851979406469
pi4b8g,fit,lucid_revision,n16,B1,2500,6.17727,7.48312,-1.3058500000000004,37.485,37.404745912936846,0.08025408706315318
pi4b8g,fit,lucid_revision,n16,B1,2501,6.133531,7.48312,-1.3495890000000008,37.972,37.40466558369736,0.5673344163026428
pi4b8g,fit,lucid_revision,n16,B1,2502,6.10155,7.48312,-1.3815700000000009,36.998,37.80283179185508,-0.8048317918550794
pi4b8g,fit,lucid_revision,n16,B1,2503,6.125882,7.48312,-1.3572380000000006,38.946,37.006426592719706,1.9395734072802924
pi4b8g,fit,lucid_revision,n16,B1,2504,6.114828,7.48312,-1.3682920000000003,37.485,38.59930606396186,-1.1143060639618625
pi4b8g,fit,lucid_revision,n16,B1,2505,6.104828,7.48312,-1.378292,36.998,37.40461286895397,-0.406612868953971
pi4b8g,fit,lucid_revision,n16,B1,2506,6.110902,7.48312,-1.3722180000000002,38.459,37.006399081070896,1.4526009189291074
pi4b8g,fit,lucid_revision,n16,B1,2507,6.095605,7.48312,-1.3875150000000005,37.972,38.201045816654215,-0.22904581665421375
pi4b8g,fit,lucid_revision,n16,B1,2508,6.141104,7.48312,-1.342016,37.485,37.80290443509655,-0.3179044350965512
pi4b8g,fit,lucid_revision,n16,B1,2509,6.112161,7.48312,-1.370959,36.998,37.40462633643867,-0.40662633643866997
pi4b8g,fit,lucid_revision,n16,B1,2510,6.094013,7.48312,-1.389107,36.998,37.00636806343158,-0.008368063431582584
pi4b8g,fit,lucid_revision,n16,B1,2511,6.176531,7.48312,-1.3065890000000007,37.972,37.00651961257958,0.9654803874204205
pi4b8g,fit,lucid_revision,n16,B1,2512,7.48312,7.48312,0.0,37.972,37.4071441830708,0.5648558169292031
pi4b8g,fit,lucid_revision,n16,B1,2513,7.035998,7.48312,-0.44712200000000024,36.998,37.804547960427364,-0.8065479604273662
pi4b8g,fit,lucid_revision,n16,B1,2514,6.178215,7.48312,-1.3049050000000006,37.485,37.00652270534437,0.47847729465562594
pi4b8g,fit,lucid_revision,n16,B1,2515,6.101384,7.48312,-1.381736,36.998,37.40460654384592,-0.40660654384592476
pi4b8g,fit,lucid_revision,n16,B1,2516,6.145975,7.48312,-1.3371450000000005,37.972,37.00646349469299,0.9655365053070142
pi4b8g,fit,lucid_revision,n16,B1,2517,6.154809,7.48312,-1.3283110000000002,36.998,37.802929605133066,-0.8049296051330685
pi4b8g,fit,lucid_revision,n16,B1,2518,6.097735,7.48312,-1.3853850000000003,36.511,37.00637489910294,-0.4953748991029343
pi4b8g,fit,lucid_revision,n16,B1,2519,6.132142,7.48312,-1.3509780000000005,36.998,36.608213146436555,0.389786853563443
pi4b8g,fit,oi_svdd_as_elm_revision,n16,B1,2520,3.427316,4.382059,-0.9547430000000001,37.485,38.32664024825483,-0.8416402482548335
pi4b8g,fit,oi_svdd_as_elm_revision,n16,B1,2521,3.236559,4.382059,-1.1454999999999997,37.485,37.52984002555256,-0.04484002555255984
pi4b8g,fit,oi_svdd_as_elm_revision,n16,B1,2522,3.226078,4.382059,-1.1559810000000001,37.972,37.52982077658118,0.4421792234188189
pi4b8g,fit,oi_svdd_as_elm_revision,n16,B1,2523,3.18282,4.382059,-1.199239,37.972,37.92796627386682,0.04403372613317913
pi4b8g,fit,oi_svdd_as_elm_revision,n16,B1,2524,3.286169,4.382059,-1.0958899999999998,36.024,37.928156080368396,-1.904156080368395
pi4b8g,fit,oi_svdd_as_elm_revision,n16,B1,2525,3.206948,4.382059,-1.1751109999999998,37.972,36.33511081379268,1.6368891862073198
pi4b8g,fit,oi_svdd_as_elm_revision,n16,B1,2526,3.184653,4.382059,-1.197406,37.972,37.92796964027886,0.04403035972114111
pi4b8g,fit,oi_svdd_as_elm_revision,n16,B1,2527,3.207374,4.382059,-1.1746849999999998,37.485,37.928011368728306,-0.4430113687283068
pi4b8g,fit,oi_svdd_as_elm_revision,n16,B1,2528,3.253503,4.382059,-1.1285560000000001,37.485,37.529871144202595,-0.0448711442025953
pi4b8g,fit,oi_svdd_as_elm_revision,n16,B1,2529,3.196338,4.382059,-1.185721,36.511,37.529766157326456,-1.0187661573264535
pi4b8g,fit,oi_svdd_as_elm_revision,n16,B1,2530,3.213189,4.382059,-1.16887,36.511,36.73334721889573,-0.2223472188957274
pi4b8g,fit,oi_svdd_as_elm_revision,n16,B1,2531,3.202763,4.382059,-1.179296,37.485,36.73332807093507,0.7516719290649263
pi4b8g,fit,oi_svdd_as_elm_revision,n16,B1,2532,3.203189,4.382059,-1.1788699999999999,37.972,37.52977873958988,0.4422212604101219
pi4b8g,fit,oi_svdd_as_elm_revision,n16,B1,2533,3.222892,4.382059,-1.159167,37.972,37.92803986844569,0.04396013155431433
pi4b8g,fit,oi_svdd_as_elm_revision,n16,B1,2534,3.195152,4.382059,-1.1869069999999997,37.972,37.52976397916788,0.44223602083211944
pi4b8g,fit,oi_svdd_as_elm_revision,n16,B1,2535,3.145153,4.382059,-1.2369059999999998,37.972,37.92789709621155,0.044102903788449055
pi4b8g,fit,oi_svdd_as_elm_revision,n16,B1,2536,3.360001,4.382059,-1.022058,37.485,37.92829167716782,-0.4432916771678208
pi4b8g,fit,oi_svdd_as_elm_revision,n16,B1,2537,3.264873,4.382059,-1.1171859999999998,37.485,37.52989202587463,-0.04489202587463126
pi4b8g,fit,oi_svdd_as_elm_revision,n16,B1,2538,3.149486,4.382059,-1.232573,37.485,37.52968011087984,-0.04468011087983825
pi4b8g,fit,oi_svdd_as_elm_revision,n16,B1,2539,3.216319,4.382059,-1.16574,37.485,37.928027796745575,-0.44302779674557513
pi4b8g,fit,oi_svdd_as_elm_revision,n16,B1,2540,3.193226,4.382059,-1.1888329999999998,37.485,37.52976044195589,-0.04476044195588713
pi4b8g,fit,oi_svdd_as_elm_revision,n16,B1,2541,3.148264,4.382059,-1.2337949999999998,36.998,37.52967786660515,-0.5316778666051505
pi4b8g,fit,oi_svdd_as_elm_revision,n16,B1,2542,3.240745,4.382059,-1.141314,37.485,37.13162277024673,0.3533772297532707
pi4b8g,fit,oi_svdd_as_elm_revision,n16,B1,2543,3.205023,4.382059,-1.1770359999999997,37.485,37.52978210783847,-0.04478210783847203
pi4b8g,fit,oi_svdd_as_elm_revision,n16,B1,2544,3.205096,4.382059,-1.1769629999999998,37.485,37.529782241907256,-0.04478224190725655
pi4b8g,fit,oi_svdd_as_elm_revision,n16,B1,2545,3.23954,4.382059,-1.142519,37.972,37.52984550033395,0.4421544996660529
pi4b8g,fit,oi_svdd_as_elm_revision,n16,B1,2546,3.252318,4.382059,-1.129741,37.972,37.928093911020994,0.04390608897900705
pi4b8g,fit,oi_svdd_as_elm_revision,n16,B1,2547,3.22317,4.382059,-1.1588889999999998,36.998,37.928040379009,-0.9300403790090002
pi4b8g,fit,oi_svdd_as_elm_revision,n16,B1,2548,3.213097,4.382059,-1.168962,37.972,37.13157199307273,0.8404280069272687
pi4b8g,fit,oi_svdd_as_elm_revision,n16,B1,2549,3.218318,4.382059,-1.163741,37.972,37.92803146802635,0.043968531973654024
pi4b8g,fit,oi_svdd_as_elm_revision,n16,B1,2550,3.178745,4.382059,-1.2033139999999998,38.459,37.92795878989026,0.5310412101097413
pi4b8g,fit,oi_svdd_as_elm_revision,n16,B1,2551,3.2053,4.382059,-1.176759,37.485,38.32623250284605,-0.8412325028460472
pi4b8g,fit,oi_svdd_as_elm_revision,n16,B1,2552,3.241873,4.382059,-1.140186,37.972,37.52984978502531,0.44215021497468854
pi4b8g,fit,oi_svdd_as_elm_revision,n16,B1,2553,3.190782,4.382059,-1.191277,36.998,37.92798089654692,-0.9299808965469225
pi4b8g,fit,oi_svdd_as_elm_revision,n16,B1,2554,3.528388,4.382059,-0.8536709999999998,37.485,37.132151043491085,0.35284895650891457
pi4b8g,fit,oi_svdd_as_elm_revision,n16,B1,2555,3.282688,4.382059,-1.099371,38.459,37.52992474416726,0.9290752558327426
pi4b8g,fit,oi_svdd_as_elm_revision,n16,B1,2556,4.382059,4.382059,0.0,38.459,38.32839368978525,0.1306063102147519
pi4b8g,fit,oi_svdd_as_elm_revision,n16,B1,2557,3.388482,4.382059,-0.9935769999999997,37.485,38.724793870476,-1.2397938704759994
pi4b8g,fit,oi_svdd_as_elm_revision,n16,B1,2558,3.206097,4.382059,-1.1759619999999997,37.972,37.52978408030248,0.4422159196975244
pi4b8g,fit,oi_svdd_as_elm_revision,n16,B1,2559,3.241152,4.382059,-1.140907,37.972,37.92807340400693,0.043926595993070805
pi4b8g,fit,fisvdd_revision,n64,B2,2560,4.881125,4.889236,-0.008111000000000423,37.972,37.719166596057505,0.2528334039424962
pi4b8g,fit,fisvdd_revision,n64,B2,2561,4.657481,4.889236,-0.2317550000000006,38.459,38.11698080387162,0.3420191961283834
pi4b8g,fit,fisvdd_revision,n64,B2,2562,4.661776,4.889236,-0.22746000000000066,37.485,38.51521363503151,-1.030213635031508
pi4b8g,fit,fisvdd_revision,n64,B2,2563,4.697776,4.889236,-0.19146000000000019,37.972,37.71882986486266,0.25317013513733855
pi4b8g,fit,fisvdd_revision,n64,B2,2564,4.627906,4.889236,-0.26133000000000006,36.998,37.71870154450867,-0.7207015445086711
pi4b8g,fit,fisvdd_revision,n64,B2,2565,4.652424,4.889236,-0.23681200000000047,37.972,37.32052163011363,0.6514783698863695
pi4b8g,fit,fisvdd_revision,n64,B2,2566,4.677258,4.889236,-0.21197800000000022,37.972,38.11701712549236,-0.1450171254923589
pi4b8g,fit,fisvdd_revision,n64,B2,2567,4.682739,4.889236,-0.2064970000000006,38.459,38.11702719167041,0.34197280832959365
pi4b8g,fit,fisvdd_revision,n64,B2,2568,4.653591,4.889236,-0.23564500000000077,37.485,38.515198602798826,-1.0301986027988264
pi4b8g,fit,fisvdd_revision,n64,B2,2569,4.664369,4.889236,-0.2248670000000006,38.459,37.71876851094731,0.7402314890526966
pi4b8g,fit,fisvdd_revision,n64,B2,2570,4.666424,4.889236,-0.22281200000000023,37.972,38.515222171356186,-0.5432221713561844
pi4b8g,fit,fisvdd_revision,n64,B2,2571,4.635555,4.889236,-0.25368100000000027,38.459,38.116940535486314,0.34205946451368874
pi4b8g,fit,fisvdd_revision,n64,B2,2572,4.659518,4.889236,-0.2297180000000001,39.433,38.515209488082036,0.9177905119179641
pi4b8g,fit,fisvdd_revision,n64,B2,2573,4.699387,4.889236,-0.1898490000000006,38.459,39.31173259612031,-0.8527325961203047
pi4b8g,fit,fisvdd_revision,n64,B2,2574,4.710072,4.889236,-0.1791640000000001,37.485,38.51530233346884,-1.030302333468839
pi4b8g,fit,fisvdd_revision,n64,B2,2575,4.648536,4.889236,-0.24070000000000036,37.972,37.71873943271395,0.2532605672860484
pi4b8g,fit,fisvdd_revision,n64,B2,2576,4.696757,4.889236,-0.1924790000000005,37.972,38.11705293654979,-0.14505293654978857
pi4b8g,fit,fisvdd_revision,n64,B2,2577,4.708165,4.889236,-0.1810710000000002,37.972,38.11707388801105,-0.1450738880110478
pi4b8g,fit,fisvdd_revision,n64,B2,2578,4.658776,4.889236,-0.23046000000000078,38.946,38.116983182215094,0.829016817784904
pi4b8g,fit,fisvdd_revision,n64,B2,2579,4.649036,4.889236,-0.24020000000000064,39.433,38.91341518041451,0.5195848195854893
pi4b8g,fit,fisvdd_revision,n64,B2,2580,4.67011,4.889236,-0.21912600000000015,38.946,39.311678827192246,-0.365678827192248
pi4b8g,fit,fisvdd_revision,n64,B2,2581,4.889236,4.889236,0.0,38.946,38.91385632180607,0.032143678193925496
pi4b8g,fit,fisvdd_revision,n64,B2,2582,4.674684,4.889236,-0.2145520000000003,37.972,38.51523734133077,-0.5432373413307658
pi4b8g,fit,fisvdd_revision,n64,B2,2583,4.660351,4.889236,-0.228885,38.459,38.116986074794994,0.3420139252050092
pi4b8g,fit,fisvdd_revision,n64,B2,2584,4.676109,4.889236,-0.21312700000000007,37.972,38.51523995842687,-0.5432399584268666
pi4b8g,fit,fisvdd_revision,n64,B2,2585,4.714035,4.889236,-0.17520100000000038,38.459,38.11708466861042,0.3419153313895862
pi4b8g,fit,fisvdd_revision,n64,B2,2586,4.68361,4.889236,-0.20562600000000053,38.946,38.51525373445342,0.43074626554658124
pi4b8g,fit,fisvdd_revision,n64,B2,2587,4.656629,4.889236,-0.23260700000000067,37.972,38.913429125404456,-0.9414291254044542
pi4b8g,fit,fisvdd_revision,n64,B2,2588,4.726071,4.889236,-0.16316500000000023,38.946,38.11710677343052,0.8288932265694768
pi4b8g,fit,fisvdd_revision,n64,B2,2589,4.687776,4.889236,-0.20145999999999997,37.485,38.913486328697225,-1.4284863286972254
pi4b8g,fit,fisvdd_revision,n64,B2,2590,4.681499,4.889236,-0.20773700000000073,37.972,37.71879997119726,0.2532000288027447
pi4b8g,fit,fisvdd_revision,n64,B2,2591,4.704035,4.889236,-0.18520100000000017,38.459,38.117066303023755,0.3419336969762483
pi4b8g,fit,fisvdd_revision,n64,B2,2592,4.69335,4.889236,-0.19588600000000067,38.459,38.515271622534826,-0.05627162253482254
pi4b8g,fit,fisvdd_revision,n64,B2,2593,4.707961,4.889236,-0.1812750000000003,38.459,38.5152984564935,-0.05629845649349363
pi4b8g,fit,fisvdd_revision,n64,B2,2594,4.644499,4.889236,-0.24473700000000065,39.92,38.515181904807434,1.4048180951925673
pi4b8g,fit,fisvdd_revision,n64,B2,2595,4.697832,4.889236,-0.19140400000000035,38.459,39.31172974027159,-0.8527297402715845
pi4b8g,fit,fisvdd_revision,n64,B2,2596,4.733554,4.889236,-0.15568200000000054,38.946,38.51534545953943,0.4306545404605657
pi4b8g,fit,fisvdd_revision,n64,B2,2597,4.67385,4.889236,-0.21538600000000052,37.485,38.91346075278125,-1.4284607527812483
pi4b8g,fit,fisvdd_revision,n64,B2,2598,4.64824,4.889236,-0.240996,38.459,37.718738889092585,0.7402611109074186
pi4b8g,fit,fisvdd_revision,n64,B2,2599,4.696202,4.889236,-0.19303399999999993,38.946,38.51527686040014,0.43072313959985564
pi4b8g,fit,tinydl_revision,n1024,B2,2600,44.591928,45.518468,-0.9265399999999957,38.946,38.98483712755989,-0.03883712755989421
pi4b8g,fit,tinydl_revision,n1024,B2,2601,44.396802,45.518468,-1.1216659999999976,38.946,38.98447876721364,-0.03847876721363974
pi4b8g,fit,tinydl_revision,n1024,B2,2602,44.393783,45.518468,-1.1246849999999995,39.433,38.984473222643025,0.44852677735697455
pi4b8g,fit,tinydl_revision,n1024,B2,2603,44.302322,45.518468,-1.216146000000002,38.946,39.38253019229129,-0.4365301922912934
pi4b8g,fit,tinydl_revision,n1024,B2,2604,44.413135,45.518468,-1.1053330000000017,38.946,38.984508763726325,-0.03850876372632683
pi4b8g,fit,tinydl_revision,n1024,B2,2605,44.245601,45.518468,-1.272866999999998,38.459,38.984201077706786,-0.5252010777067824
pi4b8g,fit,tinydl_revision,n1024,B2,2606,44.5243,45.518468,-0.9941680000000019,38.459,38.58648798163002,-0.1274879816300185
pi4b8g,fit,tinydl_revision,n1024,B2,2607,44.237285,45.518468,-1.2811829999999986,38.946,38.58596086174451,0.3600391382554875
pi4b8g,fit,tinydl_revision,n1024,B2,2608,44.392616,45.518468,-1.1258520000000019,39.92,38.98447107937906,0.9355289206209392
pi4b8g,fit,tinydl_revision,n1024,B2,2609,44.371543,45.518468,-1.146924999999996,38.946,39.78088226385912,-0.8348822638591216
pi4b8g,fit,tinydl_revision,n1024,B2,2610,44.458522,45.518468,-1.0599459999999965,39.433,38.9845921196145,0.4484078803855027
pi4b8g,fit,tinydl_revision,n1024,B2,2611,44.368525,45.518468,-1.1499430000000004,39.92,39.382651777984655,0.5373482220153463
pi4b8g,fit,tinydl_revision,n1024,B2,2612,44.20499,45.518468,-1.3134779999999964,39.433,39.78057637950363,-0.34757637950362863
pi4b8g,fit,tinydl_revision,n1024,B2,2613,44.208805,45.518468,-1.3096630000000005,39.433,38.98413349969411,0.4488665003058898
pi4b8g,fit,tinydl_revision,n1024,B2,2614,44.345024,45.518468,-1.1734439999999964,39.92,39.38260861701944,0.5373913829805588
pi4b8g,fit,tinydl_revision,n1024,B2,2615,44.338599,45.518468,-1.1798689999999965,39.92,39.78082176027043,0.13917823972957422
pi4b8g,fit,tinydl_revision,n1024,B2,2616,44.28523,45.518468,-1.233238,39.433,39.780723744970985,-0.3477237449709847
pi4b8g,fit,tinydl_revision,n1024,B2,2617,44.179231,45.518468,-1.3392369999999971,39.433,39.38230412844854,0.05069587155146138
pi4b8g,fit,tinydl_revision,n1024,B2,2618,45.210696,45.518468,-0.30777199999999993,39.433,39.38419847443293,0.048801525567071735
pi4b8g,fit,tinydl_revision,n1024,B2,2619,44.301248,45.518468,-1.2172199999999975,38.946,39.38252821982728,-0.43652821982728085
pi4b8g,fit,tinydl_revision,n1024,B2,2620,44.310062,45.518468,-1.2084059999999965,39.92,38.984319464114954,0.935680535885048
pi4b8g,fit,tinydl_revision,n1024,B2,2621,44.105769,45.518468,-1.4126989999999964,39.433,39.780394154316234,-0.347394154316234
pi4b8g,fit,tinydl_revision,n1024,B2,2622,44.423968,45.518468,-1.0944999999999965,39.92,39.38275360230677,0.5372463976932309
pi4b8g,fit,tinydl_revision,n1024,B2,2623,44.357302,45.518468,-1.1611660000000015,38.946,39.780856109427155,-0.8348561094271574
pi4b8g,fit,tinydl_revision,n1024,B2,2624,44.223934,45.518468,-1.2945339999999987,39.433,39.382386228130585,0.05061377186941485
pi4b8g,fit,tinydl_revision,n1024,B2,2625,44.480429,45.518468,-1.0380389999999977,39.433,39.38285729624561,0.05014270375438912
pi4b8g,fit,tinydl_revision,n1024,B2,2626,44.38256,45.518468,-1.1359080000000006,39.92,39.38267755408553,0.5373224459144694
pi4b8g,fit,tinydl_revision,n1024,B2,2627,44.206175,45.518468,-1.3122929999999968,40.407,39.78057855582565,0.6264214441743476
pi4b8g,fit,tinydl_revision,n1024,B2,2628,45.518468,45.518468,0.0,38.946,40.181213602047485,-1.2352136020474873
pi4b8g,fit,tinydl_revision,n1024,B2,2629,44.230692,45.518468,-1.287776000000001,39.433,38.98417369645363,0.4488263035463689
pi4b8g,fit,tinydl_revision,n1024,B2,2630,44.931589,45.518468,-0.5868789999999962,38.946,39.38368587805334,-0.4376858780533439
pi4b8g,fit,tinydl_revision,n1024,B2,2631,44.162972,45.518468,-1.3554959999999951,39.433,38.98404932470078,0.4489506752992227
pi4b8g,fit,tinydl_revision,n1024,B2,2632,44.407264,45.518468,-1.1112040000000007,39.92,39.382722924430816,0.537277075569186
pi4b8g,fit,tinydl_revision,n1024,B2,2633,44.402227,45.518468,-1.1162409999999952,39.433,39.780938616825225,-0.34793861682522476
pi4b8g,fit,tinydl_revision,n1024,B2,2634,44.182823,45.518468,-1.3356449999999995,39.433,39.38231072536726,0.05068927463273809
pi4b8g,fit,tinydl_revision,n1024,B2,2635,44.241156,45.518468,-1.277312000000002,39.433,39.382417857343924,0.050582142656075746
pi4b8g,fit,tinydl_revision,n1024,B2,2636,44.315747,45.518468,-1.2027209999999968,40.407,39.38255484809138,1.0244451519086155
pi4b8g,fit,tinydl_revision,n1024,B2,2637,44.555835,45.518468,-0.9626329999999967,39.433,40.17944567006919,-0.7464456700691926
pi4b8g,fit,tinydl_revision,n1024,B2,2638,45.348063,45.518468,-0.17040499999999525,39.92,40.977350529548836,-1.0573505295488346
pi4b8g,fit,tinydl_revision,n1024,B2,2639,44.332858,45.518468,-1.185609999999997,39.433,39.780811216587125,-0.3478112165871252
pi4b8g,fit,oi_svdd_as_elm_revision,n512,B1,2640,49.552403,50.732994,-1.1805909999999997,39.92,39.19798496277502,0.7220150372249847
pi4b8g,fit,oi_svdd_as_elm_revision,n512,B1,2641,49.457886,50.732994,-1.275107999999996,39.92,39.596036319899994,0.3239636801000074
pi4b8g,fit,oi_svdd_as_elm_revision,n512,B1,2642,49.435034,50.732994,-1.2979599999999962,39.433,39.59599435086136,-0.16299435086136072
pi4b8g,fit,oi_svdd_as_elm_revision,n512,B1,2643,49.286241,50.732994,-1.446753000000001,39.433,39.19749614064737,0.23550385935263307
pi4b8g,fit,oi_svdd_as_elm_revision,n512,B1,2644,49.29937,50.732994,-1.4336239999999947,39.433,39.19752025282609,0.23547974717391185
pi4b8g,fit,oi_svdd_as_elm_revision,n512,B1,2645,49.486459,50.732994,-1.2465349999999944,39.92,39.197863852750345,0.7221361472496568
pi4b8g,fit,oi_svdd_as_elm_revision,n512,B1,2646,49.323203,50.732994,-1.4097909999999985,39.433,39.59578896666919,-0.16278896666918996
pi4b8g,fit,oi_svdd_as_elm_revision,n512,B1,2647,49.357943,50.732994,-1.3750509999999991,39.92,39.19762782557683,0.722372174423171
pi4b8g,fit,oi_svdd_as_elm_revision,n512,B1,2648,49.444682,50.732994,-1.2883119999999977,39.433,39.59601206997937,-0.16301206997937356
pi4b8g,fit,oi_svdd_as_elm_revision,n512,B1,2649,49.432516,50.732994,-1.3004779999999982,38.946,39.19776478326623,-0.251764783266232
pi4b8g,fit,oi_svdd_as_elm_revision,n512,B1,2650,49.333184,50.732994,-1.3998099999999951,39.92,38.79935741108041,1.1206425889195941
pi4b8g,fit,oi_svdd_as_elm_revision,n512,B1,2651,49.51894,50.732994,-1.2140539999999973,38.946,39.596148449152786,-0.6501484491527876
pi4b8g,fit,oi_svdd_as_elm_revision,n512,B1,2652,50.640922,50.732994,-0.0920719999999946,40.894,38.80175914863712,2.092240851362881
pi4b8g,fit,oi_svdd_as_elm_revision,n512,B1,2653,49.425627,50.732994,-1.3073669999999993,39.433,40.3924269606348,-0.9594269606348007
pi4b8g,fit,oi_svdd_as_elm_revision,n512,B1,2654,49.293574,50.732994,-1.4394199999999984,39.92,39.19750960813206,0.7224903918679431
pi4b8g,fit,oi_svdd_as_elm_revision,n512,B1,2655,49.325017,50.732994,-1.4079769999999954,40.407,39.59579229818661,0.8112077018133874
pi4b8g,fit,oi_svdd_as_elm_revision,n512,B1,2656,49.382238,50.732994,-1.350755999999997,40.407,39.99412233105044,0.41287766894955524
pi4b8g,fit,oi_svdd_as_elm_revision,n512,B1,2657,49.343647,50.732994,-1.3893470000000008,40.407,39.99405145641496,0.4129485435850384
pi4b8g,fit,oi_svdd_as_elm_revision,n512,B1,2658,49.345332,50.732994,-1.3876619999999988,40.407,39.99405455101631,0.41294544898368457
pi4b8g,fit,oi_svdd_as_elm_revision,n512,B1,2659,49.420164,50.732994,-1.3128299999999982,39.433,39.9941919843744,-0.5611919843744033
pi4b8g,fit,oi_svdd_as_elm_revision,n512,B1,2660,49.374202,50.732994,-1.358792000000001,40.407,39.19765768618418,1.2093423138158172
pi4b8g,fit,oi_svdd_as_elm_revision,n512,B1,2661,49.421034,50.732994,-1.3119599999999991,39.433,39.99419358218044,-0.5611935821804437
pi4b8g,fit,oi_svdd_as_elm_revision,n512,B1,2662,50.732994,50.732994,0.0,39.433,39.200153187407025,0.23284681259297457
pi4b8g,fit,oi_svdd_as_elm_revision,n512,B1,2663,49.353295,50.732994,-1.3796989999999951,39.92,39.19761928925215,0.7223807107478493
pi4b8g,fit,oi_svdd_as_elm_revision,n512,B1,2664,49.41159,50.732994,-1.3214040000000011,37.972,39.59595129458,-1.6239512945799959
pi4b8g,fit,oi_svdd_as_elm_revision,n512,B1,2665,49.388609,50.732994,-1.3443849999999955,39.92,38.003009316063654,1.9169906839363478
pi4b8g,fit,oi_svdd_as_elm_revision,n512,B1,2666,49.374646,50.732994,-1.3583479999999994,39.433,39.595883444756645,-0.16288344475664474
pi4b8g,fit,oi_svdd_as_elm_revision,n512,B1,2667,49.531625,50.732994,-1.2013689999999997,39.92,39.197946802759056,0.7220531972409461
pi4b8g,fit,oi_svdd_as_elm_revision,n512,B1,2668,49.35785,50.732994,-1.3751439999999988,37.972,39.595852597917286,-1.6238525979172849
pi4b8g,fit,oi_svdd_as_elm_revision,n512,B1,2669,49.541569,50.732994,-1.1914249999999953,39.92,38.0032902360772,1.9167097639228032
pi4b8g,fit,oi_svdd_as_elm_revision,n512,B1,2670,49.671178,50.732994,-1.0618160000000003,39.433,39.596428043170974,-0.16342804317097404
pi4b8g,fit,oi_svdd_as_elm_revision,n512,B1,2671,49.507032,50.732994,-1.2259619999999956,39.92,39.19790163627178,0.7220983637282217
pi4b8g,fit,oi_svdd_as_elm_revision,n512,B1,2672,50.05969,50.732994,-0.6733039999999946,40.407,39.59714156825141,0.8098584317485873
pi4b8g,fit,oi_svdd_as_elm_revision,n512,B1,2673,49.416775,50.732994,-1.3162189999999967,39.433,39.994185760277084,-0.561185760277084
pi4b8g,fit,oi_svdd_as_elm_revision,n512,B1,2674,49.509255,50.732994,-1.2237389999999948,38.946,39.1979057189417,-0.2519057189416998
pi4b8g,fit,oi_svdd_as_elm_revision,n512,B1,2675,49.609586,50.732994,-1.1234079999999977,39.92,38.7998650395688,1.1201349604312014
pi4b8g,fit,oi_svdd_as_elm_revision,n512,B1,2676,49.523792,50.732994,-1.2092019999999977,40.407,39.596157360135436,0.8108426398645605
pi4b8g,fit,oi_svdd_as_elm_revision,n512,B1,2677,49.475255,50.732994,-1.2577390000000008,39.433,39.19784327594705,0.23515672405294907
pi4b8g,fit,oi_svdd_as_elm_revision,n512,B1,2678,49.562124,50.732994,-1.1708700000000007,39.92,39.19800281596181,0.7219971840381945
pi4b8g,fit,oi_svdd_as_elm_revision,n512,B1,2679,49.50981,50.732994,-1.2231839999999963,38.459,39.59613168137217,-1.1371316813721677
pi4b8g,fit,fisvdd_revision,n64,B0,2680,4.837551,4.837551,0.0,38.459,38.93464994229686,-0.47564994229685453
pi4b8g,fit,fisvdd_revision,n64,B0,2681,4.692239,4.837551,-0.14531200000000055,38.459,38.13793318200317,0.32106681799683656
pi4b8g,fit,fisvdd_revision,n64,B0,2682,4.688924,4.837551,-0.1486270000000003,38.459,38.13792709381119,0.32107290618881024
pi4b8g,fit,fisvdd_revision,n64,B0,2683,4.665554,4.837551,-0.17199700000000018,38.459,38.13788417343517,0.32111582656483506
pi4b8g,fit,fisvdd_revision,n64,B0,2684,4.670257,4.837551,-0.16729400000000005,37.972,38.13789281077057,-0.16589281077057194
pi4b8g,fit,fisvdd_revision,n64,B0,2685,4.686258,4.837551,-0.1512930000000008,38.459,37.73969725440538,0.719302745594625
pi4b8g,fit,fisvdd_revision,n64,B0,2686,4.717479,4.837551,-0.1200720000000004,37.485,38.1379795367439,-0.6529795367438993
pi4b8g,fit,fisvdd_revision,n64,B0,2687,4.675517,4.837551,-0.16203400000000023,38.459,37.34145258478834,1.1175474152116607
pi4b8g,fit,fisvdd_revision,n64,B0,2688,4.686998,4.837551,-0.15055300000000038,37.485,38.137923556599205,-0.6529235565992053
pi4b8g,fit,fisvdd_revision,n64,B0,2689,4.722868,4.837551,-0.11468300000000031,37.972,37.34153954767773,0.6304604523222679
pi4b8g,fit,fisvdd_revision,n64,B0,2690,4.666888,4.837551,-0.17066300000000023,37.972,37.739661680264014,0.2323383197359874
pi4b8g,fit,fisvdd_revision,n64,B0,2691,4.715035,4.837551,-0.12251600000000007,37.972,37.73975010505411,0.23224989494589465
pi4b8g,fit,fisvdd_revision,n64,B0,2692,4.69135,4.837551,-0.14620100000000047,38.459,37.7397066061621,0.7192933938379014
pi4b8g,fit,fisvdd_revision,n64,B0,2693,4.658295,4.837551,-0.17925600000000053,37.972,37.341420955574996,0.630579044425005
pi4b8g,fit,fisvdd_revision,n64,B0,2694,4.69572,4.837551,-0.1418310000000007,37.972,37.739714631923476,0.2322853680765249
pi4b8g,fit,fisvdd_revision,n64,B0,2695,4.684943,4.837551,-0.15260800000000074,37.485,37.73969483933073,-0.2546948393307318
pi4b8g,fit,fisvdd_revision,n64,B0,2696,4.698332,4.837551,-0.13921900000000065,36.998,37.3414944858743,-0.3434944858743023
pi4b8g,fit,fisvdd_revision,n64,B0,2697,4.67185,4.837551,-0.16570100000000032,38.459,36.9432209069873,1.5157790930127035
pi4b8g,fit,fisvdd_revision,n64,B0,2698,4.655498,4.837551,-0.1820530000000007,37.972,38.137865705001225,-0.16586570500122377
pi4b8g,fit,fisvdd_revision,n64,B0,2699,4.670313,4.837551,-0.16723800000000022,37.485,37.73966797047745,-0.25466797047744905
pi4b8g,fit,fisvdd_revision,n64,B0,2700,4.746053,4.837551,-0.09149800000000052,37.485,37.341582128290405,0.14341787170959464
pi4b8g,fit,fisvdd_revision,n64,B0,2701,4.656258,4.837551,-0.18129300000000015,37.972,37.34141721450499,0.6305827854950081
pi4b8g,fit,fisvdd_revision,n64,B0,2702,4.670888,4.837551,-0.16666300000000067,37.972,37.73966902649868,0.2323309735013197
pi4b8g,fit,fisvdd_revision,n64,B0,2703,4.723627,4.837551,-0.1139240000000008,37.485,37.739765884766165,-0.25476588476616513
pi4b8g,fit,fisvdd_revision,n64,B0,2704,4.658239,4.837551,-0.17931200000000036,37.485,37.34142085272771,0.14357914727229115
pi4b8g,fit,fisvdd_revision,n64,B0,2705,4.638573,4.837551,-0.19897800000000032,38.459,37.34138473496498,1.1176152650350204
pi4b8g,fit,fisvdd_revision,n64,B0,2706,4.755368,4.837551,-0.08218300000000056,38.459,38.13804912211519,0.3209508778848118
pi4b8g,fit,fisvdd_revision,n64,B0,2707,4.676443,4.837551,-0.16110800000000047,37.485,38.13790417172248,-0.6529041717224828
pi4b8g,fit,fisvdd_revision,n64,B0,2708,4.660943,4.837551,-0.17660800000000076,36.511,37.34142581878234,-0.8304258187823379
pi4b8g,fit,fisvdd_revision,n64,B0,2709,4.676183,4.837551,-0.1613680000000004,36.998,36.54500392165559,0.45299607834440536
pi4b8g,fit,fisvdd_revision,n64,B0,2710,4.678646,4.837551,-0.15890500000000074,36.998,36.943233388239996,0.05476661176000164
pi4b8g,fit,fisvdd_revision,n64,B0,2711,4.720627,4.837551,-0.11692400000000003,36.511,37.739760375090164,-1.228760375090161
pi4b8g,fit,fisvdd_revision,n64,B0,2712,4.685165,4.837551,-0.1523860000000008,36.998,36.54502041762553,0.4529795823744678
pi4b8g,fit,fisvdd_revision,n64,B0,2713,4.627962,4.837551,-0.20958900000000025,36.998,36.94314030410057,0.05485969589943096
pi4b8g,fit,fisvdd_revision,n64,B0,2714,4.715924,4.837551,-0.12162700000000015,37.485,36.94330185147394,0.5416981485260592
pi4b8g,fit,fisvdd_revision,n64,B0,2715,4.778811,4.837551,-0.058740000000000236,36.998,37.34164229027918,-0.3436422902791847
pi4b8g,fit,fisvdd_revision,n64,B0,2716,4.701739,4.837551,-0.1358120000000005,37.485,36.943275799889264,0.5417242001107354
pi4b8g,fit,fisvdd_revision,n64,B0,2717,4.749034,4.837551,-0.0885170000000004,37.972,37.34158760307179,0.6304123969282145
pi4b8g,fit,fisvdd_revision,n64,B0,2718,4.707943,4.837551,-0.12960800000000017,36.511,37.73973708018005,-1.2287370801800463
pi4b8g,fit,fisvdd_revision,n64,B0,2719,4.654814,4.837551,-0.18273700000000037,36.998,36.54496467623346,0.4530353237665352
pi4b8g,fit,lucid_revision,n16,B2,2720,6.303917,6.303917,0.0,37.485,38.390096593920525,-0.9050965939205255
pi4b8g,fit,lucid_revision,n16,B2,2721,6.104679,6.303917,-0.19923800000000025,37.485,37.593280795364215,-0.10828079536421598
pi4b8g,fit,lucid_revision,n16,B2,2722,6.030754,6.303917,-0.27316300000000027,37.485,37.593145027764834,-0.10814502776483437
pi4b8g,fit,lucid_revision,n16,B2,2723,6.085365,6.303917,-0.21855199999999986,37.972,37.59324532407014,0.3787546759298621
pi4b8g,fit,lucid_revision,n16,B2,2724,6.084143,6.303917,-0.21977400000000014,38.459,37.99146802293586,0.46753197706414085
pi4b8g,fit,lucid_revision,n16,B2,2725,6.113975,6.303917,-0.18994200000000028,36.998,38.3897477542944,-1.3917477542944
pi4b8g,fit,lucid_revision,n16,B2,2726,6.109901,6.303917,-0.1940160000000004,37.485,37.19506544273316,0.2899345572668395
pi4b8g,fit,lucid_revision,n16,B2,2727,6.097698,6.303917,-0.20621899999999993,38.459,37.593267974348166,0.8657320256518375
pi4b8g,fit,lucid_revision,n16,B2,2728,6.060161,6.303917,-0.2437560000000003,37.485,38.38964892172635,-0.9046489217263485
pi4b8g,fit,lucid_revision,n16,B2,2729,6.077032,6.303917,-0.22688500000000023,38.459,37.19500507688637,1.2639949231136356
pi4b8g,fit,lucid_revision,n16,B2,2730,6.066272,6.303917,-0.23764500000000055,37.972,38.38966014493636,-0.41766014493635595
pi4b8g,fit,lucid_revision,n16,B2,2731,6.087846,6.303917,-0.21607100000000035,38.946,37.9914748237126,0.9545251762873974
pi4b8g,fit,lucid_revision,n16,B2,2732,6.057235,6.303917,-0.24668199999999985,38.946,38.7878684910961,0.1581315089038995
pi4b8g,fit,lucid_revision,n16,B2,2733,6.016829,6.303917,-0.2870879999999998,37.972,38.787794283106635,-0.8157942831066336
pi4b8g,fit,lucid_revision,n16,B2,2734,6.075068,6.303917,-0.2288490000000003,36.998,37.99145135616597,-0.9934513561659699
pi4b8g,fit,lucid_revision,n16,B2,2735,6.152067,6.303917,-0.15185000000000048,38.946,37.19514288306587,1.750857116934128
pi4b8g,fit,lucid_revision,n16,B2,2736,6.036032,6.303917,-0.2678850000000006,38.459,38.7878295505427,-0.32882955054270013
pi4b8g,fit,lucid_revision,n16,B2,2737,6.095364,6.303917,-0.2085530000000002,38.946,38.389713574101066,0.5562864258989322
pi4b8g,fit,lucid_revision,n16,B2,2738,6.082624,6.303917,-0.22129300000000018,38.459,38.78791511948407,-0.3289151194840656
pi4b8g,fit,lucid_revision,n16,B2,2739,6.057105,6.303917,-0.24681200000000025,37.485,38.389643309203066,-0.9046433092030668
pi4b8g,fit,lucid_revision,n16,B2,2740,6.068198,6.303917,-0.23571900000000046,38.459,37.59321379586752,0.8657862041324833
pi4b8g,fit,lucid_revision,n16,B2,2741,6.065902,6.303917,-0.23801499999999987,38.946,38.38965946540965,0.5563405345903476
pi4b8g,fit,lucid_revision,n16,B2,2742,6.047865,6.303917,-0.2560520000000004,37.972,38.787851282541396,-0.815851282541395
pi4b8g,fit,lucid_revision,n16,B2,2743,6.081235,6.303917,-0.22268199999999982,39.433,37.99146268222326,1.441537317776742
pi4b8g,fit,lucid_revision,n16,B2,2744,6.021514,6.303917,-0.2824030000000004,38.459,39.1860278305244,-0.7270278305243991
pi4b8g,fit,lucid_revision,n16,B2,2745,6.09703,6.303917,-0.20688700000000004,38.459,38.3897166338078,0.06928336619220232
pi4b8g,fit,lucid_revision,n16,B2,2746,6.070828,6.303917,-0.23308900000000055,37.485,38.38966851229764,-0.9046685122976399
pi4b8g,fit,lucid_revision,n16,B2,2747,6.041291,6.303917,-0.262626,37.972,37.991389322723904,-0.019389322723903035
pi4b8g,fit,lucid_revision,n16,B2,2748,6.070809,6.303917,-0.23310800000000054,38.946,37.99144353426261,0.9545564657373902
pi4b8g,fit,lucid_revision,n16,B2,2749,6.098327,6.303917,-0.20558999999999994,38.946,38.787943958964796,0.1580560410352021
pi4b8g,fit,lucid_revision,n16,B2,2750,6.029235,6.303917,-0.2746820000000003,38.459,38.787817067453446,-0.32881706745344275
pi4b8g,fit,lucid_revision,n16,B2,2751,6.084179,6.303917,-0.21973800000000043,38.459,38.38969303219238,0.06930696780761991
pi4b8g,fit,lucid_revision,n16,B2,2752,6.082012,6.303917,-0.22190500000000046,37.972,38.389689052369754,-0.4176890523697523
pi4b8g,fit,lucid_revision,n16,B2,2753,6.047513,6.303917,-0.25640399999999985,37.972,37.99140074979193,-0.019400749791927296
pi4b8g,fit,lucid_revision,n16,B2,2754,6.083494,6.303917,-0.22042300000000026,38.459,37.991466831009284,0.4675331689907196
pi4b8g,fit,lucid_revision,n16,B2,2755,6.131753,6.303917,-0.17216400000000043,38.459,38.38978040463436,0.06921959536564515
pi4b8g,fit,lucid_revision,n16,B2,2756,6.047847,6.303917,-0.25607000000000024,38.459,38.38962630634293,0.06937369365707013
pi4b8g,fit,lucid_revision,n16,B2,2757,6.090253,6.303917,-0.21366400000000052,38.459,38.38970418744972,0.06929581255027983
pi4b8g,fit,lucid_revision,n16,B2,2758,6.057476,6.303917,-0.2464409999999999,37.972,38.38964399056633,-0.41764399056632584
pi4b8g,fit,lucid_revision,n16,B2,2759,6.041921,6.303917,-0.2619959999999999,37.972,37.991390479755864,-0.019390479755863055
pi4b8g,fit,fisvdd_revision,n64,B1,2760,4.94716,4.94716,0.0,38.946,38.327069559432346,0.6189304405676523
pi4b8g,fit,fisvdd_revision,n64,B1,2761,4.721498,4.94716,-0.2256619999999998,37.972,38.724880061071076,-0.7528800610710746
pi4b8g,fit,fisvdd_revision,n64,B1,2762,4.690442,4.94716,-0.2567180000000002,39.433,37.92837313862432,1.5046268613756766
pi4b8g,fit,fisvdd_revision,n64,B1,2763,4.68485,4.94716,-0.26231000000000027,38.946,39.1230376980095,-0.17703769800949942
pi4b8g,fit,fisvdd_revision,n64,B1,2764,4.784571,4.94716,-0.16258900000000054,38.459,38.72499589833581,-0.2659958983358095
pi4b8g,fit,fisvdd_revision,n64,B1,2765,4.662554,4.94716,-0.28460600000000014,37.972,38.32654686381667,-0.35454686381666534
pi4b8g,fit,fisvdd_revision,n64,B1,2766,4.67161,4.94716,-0.27554999999999996,39.433,37.92833855255153,1.5046614474484699
pi4b8g,fit,fisvdd_revision,n64,B1,2767,4.678795,4.94716,-0.2683650000000002,38.946,39.123026577646776,-0.1770265776467781
pi4b8g,fit,fisvdd_revision,n64,B1,2768,4.762219,4.94716,-0.18494100000000024,38.459,38.72495484757651,-0.2659548475765092
pi4b8g,fit,fisvdd_revision,n64,B1,2769,4.68335,4.94716,-0.2638100000000003,37.972,38.32658505689068,-0.3545850568906772
pi4b8g,fit,fisvdd_revision,n64,B1,2770,4.706886,4.94716,-0.24027400000000032,37.485,37.92840333899503,-0.4434033389950329
pi4b8g,fit,fisvdd_revision,n64,B1,2771,4.719961,4.94716,-0.2271990000000006,37.972,37.530202408859175,0.4417975911408263
pi4b8g,fit,fisvdd_revision,n64,B1,2772,4.660147,4.94716,-0.28701299999999996,37.972,37.928317500079544,0.043682499920457474
pi4b8g,fit,fisvdd_revision,n64,B1,2773,4.684868,4.94716,-0.2622920000000004,37.972,37.928362901646324,0.04363709835367757
pi4b8g,fit,fisvdd_revision,n64,B1,2774,4.700406,4.94716,-0.24675400000000014,37.972,37.92839143809488,0.04360856190512408
pi4b8g,fit,fisvdd_revision,n64,B1,2775,4.715183,4.94716,-0.23197700000000054,37.972,37.92841857692228,0.043581423077718284
pi4b8g,fit,fisvdd_revision,n64,B1,2776,4.683443,4.94716,-0.26371700000000065,38.946,37.92836028455022,1.017639715449775
pi4b8g,fit,fisvdd_revision,n64,B1,2777,4.67722,4.94716,-0.26994000000000007,37.972,38.72479874192646,-0.7527987419264619
pi4b8g,fit,fisvdd_revision,n64,B1,2778,4.79183,4.94716,-0.1553300000000002,37.972,37.928559343634355,0.043440656365646646
pi4b8g,fit,fisvdd_revision,n64,B1,2779,4.643999,4.94716,-0.30316100000000024,38.459,37.9282878433302,0.5307121566698001
pi4b8g,fit,fisvdd_revision,n64,B1,2780,4.716331,4.94716,-0.23082899999999995,37.972,38.32664562843204,-0.3546456284320385
pi4b8g,fit,fisvdd_revision,n64,B1,2781,4.692554,4.94716,-0.2546059999999999,37.485,37.928377017436226,-0.4433770174362266
pi4b8g,fit,fisvdd_revision,n64,B1,2782,4.691035,4.94716,-0.25612499999999994,38.459,37.5301492845632,0.928850715436802
pi4b8g,fit,fisvdd_revision,n64,B1,2783,4.688516,4.94716,-0.2586440000000003,37.485,38.32659454455275,-0.8415945445527484
pi4b8g,fit,fisvdd_revision,n64,B1,2784,4.704849,4.94716,-0.24231099999999994,37.485,37.53017465478462,-0.04517465478461702
pi4b8g,fit,fisvdd_revision,n64,B1,2785,4.693683,4.94716,-0.2534770000000002,37.972,37.53015414777055,0.4418458522294486
pi4b8g,fit,fisvdd_revision,n64,B1,2786,4.746034,4.94716,-0.20112600000000036,37.485,37.928475236593684,-0.4434752365936845
pi4b8g,fit,fisvdd_revision,n64,B1,2787,4.655739,4.94716,-0.2914210000000006,37.972,37.530084461388526,0.44191553861147526
pi4b8g,fit,fisvdd_revision,n64,B1,2788,4.732405,4.94716,-0.21475500000000025,37.485,37.92845020613563,-0.4434502061356298
pi4b8g,fit,fisvdd_revision,n64,B1,2789,4.720812,4.94716,-0.22634800000000066,37.972,37.5302039717706,0.44179602822940467
pi4b8g,fit,fisvdd_revision,n64,B1,2790,4.668443,4.94716,-0.2787170000000003,38.946,37.92833273617023,1.0176672638297646
pi4b8g,fit,fisvdd_revision,n64,B1,2791,4.679665,4.94716,-0.26749500000000026,37.972,38.724803232312404,-0.7528032323124023
pi4b8g,fit,fisvdd_revision,n64,B1,2792,4.688701,4.94716,-0.2584590000000002,37.972,37.92836994117569,0.04363005882431281
pi4b8g,fit,fisvdd_revision,n64,B1,2793,4.69459,4.94716,-0.2525700000000004,38.946,37.928380756669675,1.0176192433303228
pi4b8g,fit,fisvdd_revision,n64,B1,2794,4.696276,4.94716,-0.2508840000000001,38.459,38.7248337393884,-0.26583373938839827
pi4b8g,fit,fisvdd_revision,n64,B1,2795,4.690591,4.94716,-0.2565689999999998,37.485,37.530148469131156,-0.04514846913115633
pi4b8g,fit,fisvdd_revision,n64,B1,2796,4.696942,4.94716,-0.2502180000000003,37.485,37.530160133115245,-0.045160133115246026
pi4b8g,fit,fisvdd_revision,n64,B1,2797,4.674221,4.94716,-0.27293900000000004,37.972,37.53011840466579,0.441881595334209
pi4b8g,fit,fisvdd_revision,n64,B1,2798,4.696868,4.94716,-0.25029199999999996,38.459,37.92838494035031,0.5306150596496906
pi4b8g,fit,fisvdd_revision,n64,B1,2799,4.689294,4.94716,-0.25786599999999993,38.459,38.32659597339539,0.13240402660461115
pi4b8g,fit,fisvdd_revision,n1024,B0,2800,50.681474,52.118728,-1.4372539999999958,37.485,38.21454183007641,-0.729541830076414
pi4b8g,fit,fisvdd_revision,n1024,B0,2801,50.59116,52.118728,-1.5275679999999952,38.459,37.41792607683623,1.041073923163772
pi4b8g,fit,fisvdd_revision,n1024,B0,2802,50.361016,52.118728,-1.757711999999998,38.459,37.81572834701902,0.6432716529809852
pi4b8g,fit,fisvdd_revision,n1024,B0,2803,50.218926,52.118728,-1.899801999999994,37.485,38.21369233353859,-0.7286923335385893
pi4b8g,fit,fisvdd_revision,n1024,B0,2804,50.478347,52.118728,-1.6403809999999979,37.485,37.41771888914345,0.06728111085654831
pi4b8g,fit,fisvdd_revision,n1024,B0,2805,50.363608,52.118728,-1.755119999999998,37.485,37.417508164238676,0.06749183576132367
pi4b8g,fit,fisvdd_revision,n1024,B0,2806,50.401496,52.118728,-1.7172319999999957,37.485,37.417577747773414,0.06742225222658504
pi4b8g,fit,fisvdd_revision,n1024,B0,2807,50.214277,52.118728,-1.9044509999999946,38.946,37.41723390909653,1.528766090903467
pi4b8g,fit,fisvdd_revision,n1024,B0,2808,50.380589,52.118728,-1.7381389999999968,38.946,38.612214180262605,0.3337858197373933
pi4b8g,fit,fisvdd_revision,n1024,B0,2809,50.37983,52.118728,-1.738897999999999,37.485,38.61221278631458,-1.1272127863145798
pi4b8g,fit,fisvdd_revision,n1024,B0,2810,50.607345,52.118728,-1.511382999999995,37.972,37.41795580153824,0.5540441984617601
pi4b8g,fit,fisvdd_revision,n1024,B0,2811,50.593215,52.118728,-1.5255129999999966,38.459,37.8161547941047,0.6428452058953056
pi4b8g,fit,fisvdd_revision,n1024,B0,2812,52.118728,52.118728,0.0,37.972,38.217181431365304,-0.24518143136530313
pi4b8g,fit,fisvdd_revision,n1024,B0,2813,50.407811,52.118728,-1.710916999999995,37.972,37.815814288781795,0.1561857112182068
pi4b8g,fit,fisvdd_revision,n1024,B0,2814,50.476014,52.118728,-1.642713999999998,38.946,37.81593954759249,1.1300604524075055
pi4b8g,fit,fisvdd_revision,n1024,B0,2815,50.606086,52.118728,-1.5126419999999996,37.485,38.612628318732106,-1.127628318732107
pi4b8g,fit,fisvdd_revision,n1024,B0,2816,50.382664,52.118728,-1.736063999999999,36.511,37.81576810484102,-1.304768104841017
pi4b8g,fit,fisvdd_revision,n1024,B0,2817,51.50759,52.118728,-0.6111379999999969,37.485,36.623159268013666,0.8618407319863337
pi4b8g,fit,fisvdd_revision,n1024,B0,2818,50.30496,52.118728,-1.813767999999996,36.998,37.41740045374603,-0.41940045374603585
pi4b8g,fit,fisvdd_revision,n1024,B0,2819,50.483884,52.118728,-1.634843999999994,37.485,37.01950411502837,0.46549588497163086
pi4b8g,fit,fisvdd_revision,n1024,B0,2820,50.388904,52.118728,-1.7298240000000007,36.998,37.41755462182669,-0.41955462182669123
pi4b8g,fit,fisvdd_revision,n1024,B0,2821,50.59192,52.118728,-1.5268079999999955,36.998,37.019702529480405,-0.021702529480407406
pi4b8g,fit,fisvdd_revision,n1024,B0,2822,50.470069,52.118728,-1.648658999999995,37.485,37.0194787429704,0.4655212570296001
pi4b8g,fit,fisvdd_revision,n1024,B0,2823,50.356312,52.118728,-1.7624159999999947,38.459,37.41749476470665,1.04150523529335
pi4b8g,fit,fisvdd_revision,n1024,B0,2824,50.308275,52.118728,-1.8104529999999954,36.511,38.21385642821883,-1.7028564282188299
pi4b8g,fit,fisvdd_revision,n1024,B0,2825,50.444347,52.118728,-1.6743809999999968,37.485,36.62120655986799,0.8637934401320067
pi4b8g,fit,fisvdd_revision,n1024,B0,2826,50.372219,52.118728,-1.746508999999996,38.459,37.41752397884535,1.0414760211546508
pi4b8g,fit,fisvdd_revision,n1024,B0,2827,51.681716,52.118728,-0.43701199999999574,37.485,37.419928946908755,0.06507105309124483
pi4b8g,fit,fisvdd_revision,n1024,B0,2828,50.283998,52.118728,-1.8347300000000004,37.972,37.41736195580328,0.5546380441967216
pi4b8g,fit,fisvdd_revision,n1024,B0,2829,50.497383,52.118728,-1.621344999999998,38.459,37.81597879301462,0.6430212069853809
pi4b8g,fit,fisvdd_revision,n1024,B0,2830,50.482088,52.118728,-1.6366399999999999,36.998,38.21417564599024,-1.2161756459902406
pi4b8g,fit,fisvdd_revision,n1024,B0,2831,50.588419,52.118728,-1.5303089999999955,37.485,37.01969609968852,0.4653039003114827
pi4b8g,fit,fisvdd_revision,n1024,B0,2832,50.552123,52.118728,-1.5666049999999956,37.972,37.417854383095595,0.5541456169044068
pi4b8g,fit,fisvdd_revision,n1024,B0,2833,50.516254,52.118728,-1.6024739999999937,38.459,37.81601345071321,0.6429865492867961
pi4b8g,fit,fisvdd_revision,n1024,B0,2834,50.503994,52.118728,-1.6147339999999986,37.972,38.21421587764438,-0.24221587764437658
pi4b8g,fit,fisvdd_revision,n1024,B0,2835,50.479698,52.118728,-1.6390299999999982,37.972,37.81594631347461,0.15605368652538942
pi4b8g,fit,fisvdd_revision,n1024,B0,2836,50.329978,52.118728,-1.7887500000000003,37.972,37.81567134391115,0.15632865608885282
pi4b8g,fit,fisvdd_revision,n1024,B0,2837,51.450534,52.118728,-0.6681939999999997,37.972,37.817729310743644,0.15427068925635723
pi4b8g,fit,fisvdd_revision,n1024,B0,2838,50.413069,52.118728,-1.7056589999999971,37.972,37.81582394540726,0.1561760545927413
pi4b8g,fit,fisvdd_revision,n1024,B0,2839,50.836655,52.118728,-1.282072999999997,37.972,37.81660188594634,0.15539811405366066
pi4b8g,fit,oi_svdd_as_elm_revision,n512,B0,2840,49.425752,52.474813,-3.0490609999999947,37.972,37.41618438816428,0.5558156118357189
pi4b8g,fit,oi_svdd_as_elm_revision,n512,B0,2841,51.056819,52.474813,-1.4179940000000002,36.998,37.817404881538316,-0.8194048815383184
pi4b8g,fit,oi_svdd_as_elm_revision,n512,B0,2842,49.940651,52.474813,-2.534161999999995,37.485,37.01890508724441,0.4660949127555867
pi4b8g,fit,oi_svdd_as_elm_revision,n512,B0,2843,52.474813,52.474813,0.0,38.946,37.421784167566884,1.5242158324331143
pi4b8g,fit,oi_svdd_as_elm_revision,n512,B0,2844,49.540509,52.474813,-2.9343039999999974,38.459,38.61106997554835,-0.15206997554834345
pi4b8g,fit,oi_svdd_as_elm_revision,n512,B0,2845,49.545898,52.474813,-2.9289149999999964,37.485,38.21285492962259,-0.7278549296225876
pi4b8g,fit,oi_svdd_as_elm_revision,n512,B0,2846,49.381716,52.474813,-3.093097,37.972,37.416103513466865,0.5558964865331362
pi4b8g,fit,oi_svdd_as_elm_revision,n512,B0,2847,49.632527,52.474813,-2.8422859999999943,37.972,37.81478908572285,0.15721091427715095
pi4b8g,fit,oi_svdd_as_elm_revision,n512,B0,2848,49.520547,52.474813,-2.954265999999997,37.972,37.814583427883434,0.157416572116567
pi4b8g,fit,oi_svdd_as_elm_revision,n512,B0,2849,49.427956,52.474813,-3.0468569999999957,37.485,37.814413379079994,-0.3294133790799947
pi4b8g,fit,oi_svdd_as_elm_revision,n512,B0,2850,49.449974,52.474813,-3.024839,38.459,37.41622887328829,1.0427711267117132
pi4b8g,fit,oi_svdd_as_elm_revision,n512,B0,2851,49.421438,52.474813,-3.0533749999999955,36.998,38.21262635153102,-1.2146263515310238
pi4b8g,fit,oi_svdd_as_elm_revision,n512,B0,2852,50.66488,52.474813,-1.809933000000001,37.972,37.020235176290505,0.951764823709496
pi4b8g,fit,oi_svdd_as_elm_revision,n512,B0,2853,49.410197,52.474813,-3.064616000000001,37.485,37.814380763634645,-0.32938076363464575
pi4b8g,fit,oi_svdd_as_elm_revision,n512,B0,2854,49.557768,52.474813,-2.9170449999999946,37.972,37.41642684329313,0.5555731567068705
pi4b8g,fit,oi_svdd_as_elm_revision,n512,B0,2855,49.504547,52.474813,-2.970265999999995,37.485,37.81455404294478,-0.3295540429447783
pi4b8g,fit,oi_svdd_as_elm_revision,n512,B0,2856,49.517047,52.474813,-2.9577659999999995,37.972,37.416352056787694,0.5556479432123069
pi4b8g,fit,oi_svdd_as_elm_revision,n512,B0,2857,49.430197,52.474813,-3.0446159999999978,36.998,37.41619255166755,-0.418192551667552
pi4b8g,fit,oi_svdd_as_elm_revision,n512,B0,2858,49.560879,52.474813,-2.9139339999999976,38.459,37.01820761368673,1.4407923863132766
pi4b8g,fit,oi_svdd_as_elm_revision,n512,B0,2859,49.447048,52.474813,-3.027764999999995,37.972,38.21267338579846,-0.2406733857984591
pi4b8g,fit,oi_svdd_as_elm_revision,n512,B0,2860,49.539027,52.474813,-2.9357860000000002,38.459,37.814617367487585,0.6443826325124178
pi4b8g,fit,oi_svdd_as_elm_revision,n512,B0,2861,49.515677,52.474813,-2.959136000000001,37.485,38.212799426983146,-0.7277994269831467
pi4b8g,fit,oi_svdd_as_elm_revision,n512,B0,2862,50.610918,52.474813,-1.8638949999999994,38.946,37.41836101505219,1.5276389849478065
pi4b8g,fit,oi_svdd_as_elm_revision,n512,B0,2863,49.563916,52.474813,-2.9108969999999985,37.972,38.61111296387704,-0.6391129638770394
pi4b8g,fit,oi_svdd_as_elm_revision,n512,B0,2864,49.462585,52.474813,-3.0122280000000003,36.998,37.81447697727004,-0.8164769772700424
pi4b8g,fit,oi_svdd_as_elm_revision,n512,B0,2865,49.669785,52.474813,-2.805028,38.946,37.416632569085216,1.5293674309147818
pi4b8g,fit,oi_svdd_as_elm_revision,n512,B0,2866,49.449252,52.474813,-3.025560999999996,37.972,38.610902376714165,-0.6389023767141637
pi4b8g,fit,oi_svdd_as_elm_revision,n512,B0,2867,49.518436,52.474813,-2.9563769999999963,37.972,37.81457955090809,0.15742044909190867
pi4b8g,fit,oi_svdd_as_elm_revision,n512,B0,2868,49.53462,52.474813,-2.9401930000000007,37.485,37.81460927377354,-0.3296092737735421
pi4b8g,fit,oi_svdd_as_elm_revision,n512,B0,2869,49.481047,52.474813,-2.993766000000001,37.972,37.416285940675714,0.5557140593242877
pi4b8g,fit,oi_svdd_as_elm_revision,n512,B0,2870,49.454585,52.474813,-3.020227999999996,36.998,37.81446228480071,-0.8164622848007141
pi4b8g,fit,oi_svdd_as_elm_revision,n512,B0,2871,49.394085,52.474813,-3.0807280000000006,38.459,37.017901286720594,1.441098713279409
pi4b8g,fit,oi_svdd_as_elm_revision,n512,B0,2872,49.872781,52.474813,-2.602031999999994,37.485,38.213455269429,-0.7284552694289985
pi4b8g,fit,oi_svdd_as_elm_revision,n512,B0,2873,49.51975,52.474813,-2.9550629999999956,38.459,37.416357021005766,1.0426429789942375
pi4b8g,fit,oi_svdd_as_elm_revision,n512,B0,2874,49.383271,52.474813,-3.091541999999997,37.485,38.21255625559642,-0.7275562555964186
pi4b8g,fit,oi_svdd_as_elm_revision,n512,B0,2875,49.527102,52.474813,-2.947710999999998,37.972,37.416370523385076,0.555629476614925
pi4b8g,fit,oi_svdd_as_elm_revision,n512,B0,2876,49.563546,52.474813,-2.911266999999995,37.485,37.814662398069515,-0.3296623980695159
pi4b8g,fit,oi_svdd_as_elm_revision,n512,B0,2877,49.428289,52.474813,-3.046523999999998,37.485,37.41618904751362,0.06881095248638047
pi4b8g,fit,oi_svdd_as_elm_revision,n512,B0,2878,49.57299,52.474813,-2.9018230000000003,37.972,37.41645479938914,0.5555452006108581
pi4b8g,fit,oi_svdd_as_elm_revision,n512,B0,2879,49.49188,52.474813,-2.9829329999999956,38.459,37.81453077925616,0.6444692207438436
pi4b8g,margin,oi_svdd_as_elm_revision,n16,B1,0,3.698883,4.382059,-0.683176,35.05,35.539564394999196,-0.48956439499919924
pi4b8g,margin,oi_svdd_as_elm_revision,n16,B1,1,3.385833,4.382059,-0.9962260000000001,34.563,35.53898946030881,-0.97598946030881
pi4b8g,margin,oi_svdd_as_elm_revision,n16,B1,2,3.25015,4.382059,-1.1319089999999998,34.076,35.140515327378935,-1.0645153273789347
pi4b8g,margin,oi_svdd_as_elm_revision,n16,B1,3,3.179892,4.382059,-1.2021669999999998,35.05,34.74216135129977,0.30783864870022626
pi4b8g,margin,oi_svdd_as_elm_revision,n16,B1,4,3.189226,4.382059,-1.1928329999999998,35.537,35.538628380019176,-0.0016283800191772002
pi4b8g,margin,oi_svdd_as_elm_revision,n16,B1,5,3.245724,4.382059,-1.1363349999999999,34.563,35.9369570850511,-1.3739570850510958
pi4b8g,margin,oi_svdd_as_elm_revision,n16,B1,6,3.213521,4.382059,-1.1685379999999999,35.05,35.14044805607156,-0.09044805607156547
pi4b8g,margin,oi_svdd_as_elm_revision,n16,B1,7,3.19004,4.382059,-1.1920189999999997,35.05,35.53862987497793,-0.4886298749779314
pi4b8g,margin,oi_svdd_as_elm_revision,n16,B1,8,3.178114,4.382059,-1.203945,35.537,35.53860797217928,-0.0016079721792792157
pi4b8g,margin,oi_svdd_as_elm_revision,n16,B1,9,3.176726,4.382059,-1.205333,36.024,35.93683036617627,0.08716963382373422
pi4b8g,margin,oi_svdd_as_elm_revision,n16,B1,10,3.211632,4.382059,-1.170427,36.024,36.33511941623347,-0.31111941623346695
pi4b8g,margin,oi_svdd_as_elm_revision,n16,B1,11,3.191966,4.382059,-1.190093,35.537,36.33508329847075,-0.7980832984707504
pi4b8g,margin,oi_svdd_as_elm_revision,n16,B1,12,3.182762,4.382059,-1.199297,35.05,35.93684145164437,-0.8868414516443721
pi4b8g,margin,oi_svdd_as_elm_revision,n16,B1,13,3.187559,4.382059,-1.1945000000000001,36.024,35.53862531847588,0.4853746815241209
pi4b8g,margin,oi_svdd_as_elm_revision,n16,B1,14,3.220873,4.382059,-1.1611859999999998,36.024,36.335136387872105,-0.3111363878721036
pi4b8g,margin,oi_svdd_as_elm_revision,n16,B1,15,3.212262,4.382059,-1.169797,35.537,36.33512057326543,-0.7981205732654288
pi4b8g,margin,oi_svdd_as_elm_revision,n16,B1,16,3.218873,4.382059,-1.163186,35.05,35.93690777161436,-0.8869077716143607
pi4b8g,margin,oi_svdd_as_elm_revision,n16,B1,17,3.18104,4.382059,-1.201019,35.537,35.53861334594993,-0.0016133459499343417
pi4b8g,margin,oi_svdd_as_elm_revision,n16,B1,18,3.308945,4.382059,-1.073114,35.05,35.93707319412652,-0.887073194126522
pi4b8g,margin,oi_svdd_as_elm_revision,n16,B1,19,3.181188,4.382059,-1.2008709999999998,36.024,35.53861361776062,0.48538638223938335
pi4b8g,margin,oi_svdd_as_elm_revision,n16,B1,20,3.259057,4.382059,-1.123002,35.05,36.335206515028204,-1.2852065150282073
pi4b8g,margin,oi_svdd_as_elm_revision,n16,B1,21,3.213818,4.382059,-1.168241,36.024,35.53867354466989,0.4853264553301102
pi4b8g,margin,oi_svdd_as_elm_revision,n16,B1,22,3.212169,4.382059,-1.16989,35.05,36.33512040246548,-1.2851204024654805
pi4b8g,margin,oi_svdd_as_elm_revision,n16,B1,23,3.202076,4.382059,-1.179983,34.563,35.53865197979803,-0.9756519797980303
pi4b8g,margin,oi_svdd_as_elm_revision,n16,B1,24,3.206522,4.382059,-1.1755369999999998,35.05,35.140435201997455,-0.09043520199745814
pi4b8g,margin,oi_svdd_as_elm_revision,n16,B1,25,3.224373,4.382059,-1.157686,35.537,35.538692929546606,-0.001692929546607047
pi4b8g,margin,oi_svdd_as_elm_revision,n16,B1,26,3.225706,4.382059,-1.1563529999999997,35.05,35.93692032081972,-0.8869203208197263
pi4b8g,margin,oi_svdd_as_elm_revision,n16,B1,27,3.204058,4.382059,-1.178001,35.05,35.53865561985731,-0.48865561985731176
pi4b8g,margin,oi_svdd_as_elm_revision,n16,B1,28,3.19204,4.382059,-1.190019,35.537,35.53863354809526,-0.001633548095263393
pi4b8g,margin,oi_svdd_as_elm_revision,n16,B1,29,3.21304,4.382059,-1.169019,36.024,35.93689705896766,0.08710294103234162
pi4b8g,margin,oi_svdd_as_elm_revision,n16,B1,30,3.229687,4.382059,-1.1523719999999997,36.511,36.335152575300185,0.17584742469981762
pi4b8g,margin,oi_svdd_as_elm_revision,n16,B1,31,3.225373,4.382059,-1.156686,34.563,36.73336959552651,-2.170369595526509
pi4b8g,margin,oi_svdd_as_elm_revision,n16,B1,32,3.200021,4.382059,-1.182038,35.05,35.140423262529566,-0.09042326252956912
pi4b8g,margin,oi_svdd_as_elm_revision,n16,B1,33,3.184596,4.382059,-1.197463,35.537,35.538619876752556,-0.0016198767525565927
pi4b8g,margin,oi_svdd_as_elm_revision,n16,B1,34,3.227687,4.382059,-1.154372,35.537,35.93692395904244,-0.3999239590424395
pi4b8g,margin,oi_svdd_as_elm_revision,n16,B1,35,3.215799,4.382059,-1.1662599999999999,35.05,36.33512706917343,-1.2851270691734342
pi4b8g,margin,oi_svdd_as_elm_revision,n16,B1,36,3.189354,4.382059,-1.1927050000000001,35.537,35.53862861509869,-0.0016286150986886128
pi4b8g,margin,oi_svdd_as_elm_revision,n16,B1,37,3.207354,4.382059,-1.1747049999999999,36.024,35.936886616295084,0.08711338370491717
pi4b8g,margin,oi_svdd_as_elm_revision,n16,B1,38,3.240021,4.382059,-1.1420379999999999,36.511,36.33517155429744,0.17582844570256384
pi4b8g,margin,oi_svdd_as_elm_revision,n16,B1,39,3.176244,4.382059,-1.2058149999999999,35.537,36.73327936723581,-1.1962793672358103
pi4b8g,margin,lucid_revision,n1,B0,40,2.240074,2.713653,-0.47357899999999997,35.537,35.62380032889138,-0.08680032889137834
pi4b8g,margin,lucid_revision,n1,B0,41,2.788269,2.713653,0.07461600000000024,35.05,35.62480712116926,-0.5748071211692647
pi4b8g,margin,lucid_revision,n1,B0,42,1.944931,2.713653,-0.7687219999999999,35.537,35.225033338316614,0.3119666616833854
pi4b8g,margin,lucid_revision,n1,B0,43,1.853932,2.713653,-0.859721,35.537,35.62309115645498,-0.08609115645498377
pi4b8g,margin,lucid_revision,n1,B0,44,1.756823,2.713653,-0.9568299999999998,34.563,35.62291281007949,-1.0599128100794886
pi4b8g,margin,lucid_revision,n1,B0,45,1.83797,2.713653,-0.8756829999999998,35.537,34.82661195502474,0.7103880449752609
pi4b8g,margin,lucid_revision,n1,B0,46,1.838007,2.713653,-0.8756459999999999,35.537,35.623061909258226,-0.08606190925822688
pi4b8g,margin,lucid_revision,n1,B0,47,1.760823,2.713653,-0.9528299999999998,35.05,35.62292015631415,-0.5729201563141544
pi4b8g,margin,lucid_revision,n1,B0,48,1.828766,2.713653,-0.884887,35.05,35.22481999447918,-0.1748199944791864
pi4b8g,margin,lucid_revision,n1,B0,49,1.872821,2.713653,-0.8408319999999998,35.05,35.22490090407121,-0.17490090407121528
pi4b8g,margin,lucid_revision,n1,B0,50,1.754156,2.713653,-0.9594969999999998,34.563,35.224682968837115,-0.6616829688371126
pi4b8g,margin,lucid_revision,n1,B0,51,1.801248,2.713653,-0.9124049999999999,35.05,34.82654451291741,0.2234554870825889
pi4b8g,margin,lucid_revision,n1,B0,52,1.813378,2.713653,-0.9002749999999999,34.563,35.22479173351443,-0.661791733514427
pi4b8g,margin,lucid_revision,n1,B0,53,1.745045,2.713653,-0.9686079999999999,35.05,34.826441292810706,0.22355870718929083
pi4b8g,margin,lucid_revision,n1,B0,54,1.726119,2.713653,-0.9875339999999999,35.05,35.2246314772418,-0.17463147724180317
pi4b8g,margin,lucid_revision,n1,B0,55,1.831896,2.713653,-0.8817569999999999,34.563,35.224825742907804,-0.6618257429078014
pi4b8g,margin,lucid_revision,n1,B0,56,1.760526,2.713653,-0.9531269999999998,35.537,34.82646972457541,0.7105302754245884
pi4b8g,margin,lucid_revision,n1,B0,57,1.748175,2.713653,-0.9654779999999998,34.563,35.622896927520145,-1.0598969275201426
pi4b8g,margin,lucid_revision,n1,B0,58,1.798544,2.713653,-0.915109,34.563,34.826539546862776,-0.2635395468627735
pi4b8g,margin,lucid_revision,n1,B0,59,1.817803,2.713653,-0.8958499999999998,35.05,34.826574917146125,0.22342508285387197
pi4b8g,margin,lucid_revision,n1,B0,60,1.756138,2.713653,-0.9575149999999999,34.076,35.22468660889639,-1.1486866088963907
pi4b8g,margin,lucid_revision,n1,B0,61,1.800952,2.713653,-0.9127009999999998,35.05,34.42831902615563,0.62168097384437
pi4b8g,margin,lucid_revision,n1,B0,62,1.757563,2.713653,-0.9560899999999999,34.076,35.22468922599249,-1.1486892259924915
pi4b8g,margin,lucid_revision,n1,B0,63,1.725916,2.713653,-0.9877369999999999,34.076,34.42818121813957,-0.35218121813957026
pi4b8g,margin,lucid_revision,n1,B0,64,1.815063,2.713653,-0.8985899999999998,34.076,34.428344941834965,-0.35234494183496423
pi4b8g,margin,lucid_revision,n1,B0,65,1.782415,2.713653,-0.9312379999999998,34.563,34.42828498186764,0.1347150181323613
pi4b8g,margin,lucid_revision,n1,B0,66,1.739897,2.713653,-0.9737559999999998,34.076,34.826431838206695,-0.7504318382066941
pi4b8g,margin,lucid_revision,n1,B0,67,1.790415,2.713653,-0.9232379999999998,35.05,34.42829967433696,0.6217003256630349
pi4b8g,margin,lucid_revision,n1,B0,68,1.809507,2.713653,-0.9041459999999999,35.05,35.224784624195834,-0.17478462419583707
pi4b8g,margin,lucid_revision,n1,B0,69,1.78373,2.713653,-0.9299229999999998,35.05,35.2247372832231,-0.17473728322310222
pi4b8g,margin,lucid_revision,n1,B0,70,1.804081,2.713653,-0.9095719999999998,35.537,35.22477465902851,0.31222534097148724
pi4b8g,margin,lucid_revision,n1,B0,71,1.784285,2.713653,-0.929368,34.563,35.62296324565357,-1.0599632456535701
pi4b8g,margin,lucid_revision,n1,B0,72,1.725953,2.713653,-0.9876999999999998,33.589,34.82640622923265,-1.2374062292326542
pi4b8g,margin,lucid_revision,n1,B0,73,1.776063,2.713653,-0.9375899999999999,34.076,34.03004837290658,0.04595162709342304
pi4b8g,margin,lucid_revision,n1,B0,74,1.855488,2.713653,-0.8581649999999998,35.05,34.42841918471903,0.6215808152809643
pi4b8g,margin,lucid_revision,n1,B0,75,1.780767,2.713653,-0.9328859999999999,34.563,35.224731841499775,-0.6617318414997726
pi4b8g,margin,lucid_revision,n1,B0,76,1.727008,2.713653,-0.9866449999999998,35.05,34.82640816680205,0.2235918331979505
pi4b8g,margin,lucid_revision,n1,B0,77,1.811692,2.713653,-0.9019609999999998,34.563,35.22478863707652,-0.6617886370765191
pi4b8g,margin,lucid_revision,n1,B0,78,1.762378,2.713653,-0.9512749999999999,34.563,34.82647312588206,-0.26347312588205796
pi4b8g,margin,lucid_revision,n1,B0,79,1.796267,2.713653,-0.9173859999999998,34.563,34.82653536501869,-0.26353536501869
pi4b8g,margin,fisvdd_revision,n64,B2,80,4.986362,4.889236,0.09712599999999938,35.537,35.72823515427978,-0.19123515427978077
pi4b8g,margin,fisvdd_revision,n64,B2,81,4.755977,4.889236,-0.13325900000000068,36.024,35.72781203871153,0.29618796128847436
pi4b8g,margin,fisvdd_revision,n64,B2,82,4.602461,4.889236,-0.28677500000000045,36.024,36.523979983852186,-0.49997998385218523
pi4b8g,margin,fisvdd_revision,n64,B2,83,4.614109,4.889236,-0.27512700000000034,35.537,36.524001376087526,-0.9870013760875267
pi4b8g,margin,fisvdd_revision,n64,B2,84,4.641331,4.889236,-0.24790500000000026,35.05,36.12582642774712,-1.0758264277471241
pi4b8g,margin,fisvdd_revision,n64,B2,85,4.660682,4.889236,-0.22855399999999992,36.511,35.72763702385345,0.7833629761465559
pi4b8g,margin,fisvdd_revision,n64,B2,86,4.878641,4.889236,-0.010595000000000354,36.024,36.92271214776496,-0.8987121477649609
pi4b8g,margin,fisvdd_revision,n64,B2,87,4.683978,4.889236,-0.2052580000000006,36.024,36.52412969460496,-0.5001296946049578
pi4b8g,margin,fisvdd_revision,n64,B2,88,4.686867,4.889236,-0.20236900000000002,36.024,36.524135000422945,-0.5001350004229437
pi4b8g,margin,fisvdd_revision,n64,B2,89,4.861605,4.889236,-0.027631000000000405,36.024,36.52445591701112,-0.5004559170111165
pi4b8g,margin,fisvdd_revision,n64,B2,90,5.55013,4.889236,0.6608939999999999,36.511,36.5257204335666,-0.014720433566594693
pi4b8g,margin,fisvdd_revision,n64,B2,91,4.831643,4.889236,-0.05759300000000067,36.024,36.92262583318078,-0.8986258331807804
pi4b8g,margin,fisvdd_revision,n64,B2,92,4.749496,4.889236,-0.13974000000000064,36.998,36.524250022255636,0.47374997774436167
pi4b8g,margin,fisvdd_revision,n64,B2,93,4.623609,4.889236,-0.2656270000000003,36.024,37.32046870967567,-1.296468709675672
pi4b8g,margin,fisvdd_revision,n64,B2,94,4.646257,4.889236,-0.24297900000000006,36.511,36.92228536091593,-0.41128536091592593
pi4b8g,margin,fisvdd_revision,n64,B2,95,4.647479,4.889236,-0.24175700000000067,36.024,36.92228760519062,-0.8982876051906175
pi4b8g,margin,fisvdd_revision,n64,B2,96,4.604443,4.889236,-0.2847930000000005,36.024,36.52398362391146,-0.49998362391146145
pi4b8g,margin,fisvdd_revision,n64,B2,97,4.615442,4.889236,-0.27379400000000054,36.998,36.52400382422023,0.47399617577976727
pi4b8g,margin,fisvdd_revision,n64,B2,98,4.617442,4.889236,-0.27179400000000076,36.998,37.320457383618376,-0.32245738361837795
pi4b8g,margin,fisvdd_revision,n64,B2,99,4.632404,4.889236,-0.25683200000000017,36.511,37.320484862209135,-0.809484862209132
pi4b8g,margin,fisvdd_revision,n64,B2,100,4.643998,4.889236,-0.2452380000000005,35.537,36.9222812121299,-1.3852812121299038
pi4b8g,margin,fisvdd_revision,n64,B2,101,4.608368,4.889236,-0.2808680000000008,36.511,36.12576588926381,0.3852341107361923
pi4b8g,margin,fisvdd_revision,n64,B2,102,4.632293,4.889236,-0.2569430000000006,36.511,36.92225971521072,-0.41125971521071847
pi4b8g,margin,fisvdd_revision,n64,B2,103,4.65546,4.889236,-0.23377600000000065,37.485,36.922302262765335,0.5626977372346644
pi4b8g,margin,fisvdd_revision,n64,B2,104,4.652738,4.889236,-0.2364980000000001,36.511,37.71874714993346,-1.2077471499334607
pi4b8g,margin,fisvdd_revision,n64,B2,105,4.624405,4.889236,-0.26483100000000004,36.998,36.92224522843596,0.07575477156403565
pi4b8g,margin,fisvdd_revision,n64,B2,106,4.674756,4.889236,-0.21448,36.998,37.32056264414176,-0.3225626441417617
pi4b8g,margin,fisvdd_revision,n64,B2,107,4.614276,4.889236,-0.2749600000000001,36.024,37.32045156907364,-1.2964515690736391
pi4b8g,margin,fisvdd_revision,n64,B2,108,4.616258,4.889236,-0.27297800000000016,36.024,36.5240053228521,-0.5000053228520969
pi4b8g,margin,fisvdd_revision,n64,B2,109,4.624905,4.889236,-0.2643310000000003,36.511,36.52402120357488,-0.013021203574879792
pi4b8g,margin,fisvdd_revision,n64,B2,110,4.63509,4.889236,-0.2541460000000004,36.511,36.92226485206531,-0.41126485206530816
pi4b8g,margin,fisvdd_revision,n64,B2,111,4.625498,4.889236,-0.26373800000000003,37.485,36.922247235794586,0.5627527642054133
pi4b8g,margin,fisvdd_revision,n64,B2,112,4.635442,4.889236,-0.2537940000000001,36.024,36.52404055539355,-0.5000405553935465
pi4b8g,margin,fisvdd_revision,n64,B2,113,4.663034,4.889236,-0.22620200000000068,36.024,36.524091229720256,-0.5000912297202547
pi4b8g,margin,fisvdd_revision,n64,B2,114,4.623831,4.889236,-0.26540500000000034,36.024,36.52401923111088,-0.5000192311108762
pi4b8g,margin,fisvdd_revision,n64,B2,115,4.632997,4.889236,-0.25623900000000077,36.998,36.52403606500761,0.47396393499239053
pi4b8g,margin,fisvdd_revision,n64,B2,116,4.619812,4.889236,-0.2694240000000008,37.485,37.320461736262416,0.16453826373758318
pi4b8g,margin,fisvdd_revision,n64,B2,117,4.650349,4.889236,-0.23888700000000007,36.024,37.71874276239481,-1.6947427623948101
pi4b8g,margin,fisvdd_revision,n64,B2,118,4.764922,4.889236,-0.12431400000000004,36.998,36.52427835300961,0.4737216469903842
pi4b8g,margin,fisvdd_revision,n64,B2,119,4.629479,4.889236,-0.25975700000000046,35.05,37.32047949027504,-2.2704794902750436
pi4b8g,margin,tinydl_revision,n1,B2,120,1.727286,4.854762,-3.1274759999999997,36.511,37.33284712528736,-0.8218471252873556
pi4b8g,margin,tinydl_revision,n1,B2,121,1.473643,4.854762,-3.381119,36.998,36.93415635189724,0.06384364810276111
pi4b8g,margin,tinydl_revision,n1,B2,122,1.502642,4.854762,-3.35212,37.485,37.3324345534024,0.15256544659759896
pi4b8g,margin,tinydl_revision,n1,B2,123,1.466642,4.854762,-3.38812,36.024,37.73059338043084,-1.7065933804308386
pi4b8g,margin,tinydl_revision,n1,B2,124,1.436365,4.854762,-3.418397,35.537,36.53586294552288,-0.9988629455228804
pi4b8g,margin,tinydl_revision,n1,B2,125,1.482494,4.854762,-3.372268,36.998,36.13772272099717,0.8602772790028297
pi4b8g,margin,tinydl_revision,n1,B2,126,1.459736,4.854762,-3.395026,36.511,37.33235575401628,-0.8213557540162739
pi4b8g,margin,tinydl_revision,n1,B2,127,1.495439,4.854762,-3.359323,36.024,36.93419638152992,-0.9101963815299214
pi4b8g,margin,tinydl_revision,n1,B2,128,1.500253,4.854762,-3.354509,36.511,36.53598027958293,-0.024980279582926812
pi4b8g,margin,tinydl_revision,n1,B2,129,1.485661,4.854762,-3.369101,36.024,36.93417842365929,-0.9101784236592891
pi4b8g,margin,tinydl_revision,n1,B2,130,1.451069,4.854762,-3.403693,36.998,36.5358899502815,0.4621100497184969
pi4b8g,margin,tinydl_revision,n1,B2,131,1.684824,4.854762,-3.169938,37.972,37.33276914133328,0.6392308586667212
pi4b8g,margin,tinydl_revision,n1,B2,132,1.568788,4.854762,-3.285974,36.998,38.129005920692734,-1.1310059206927363
pi4b8g,margin,tinydl_revision,n1,B2,133,1.45692,4.854762,-3.397842,36.998,37.332350582267075,-0.3343505822670778
pi4b8g,margin,tinydl_revision,n1,B2,134,1.433458,4.854762,-3.421304,36.511,37.332307492927654,-0.8213074929276516
pi4b8g,margin,tinydl_revision,n1,B2,135,1.516216,4.854762,-3.338546,36.998,36.93423453970932,0.06376546029067498
pi4b8g,margin,tinydl_revision,n1,B2,136,1.456272,4.854762,-3.39849,36.998,37.33234939217706,-0.33434939217706017
pi4b8g,margin,tinydl_revision,n1,B2,137,1.484753,4.854762,-3.370009,36.511,37.332401699204425,-0.8214016992044222
pi4b8g,margin,tinydl_revision,n1,B2,138,1.498586,4.854762,-3.356176,37.485,36.934202161180046,0.5507978388199533
pi4b8g,margin,tinydl_revision,n1,B2,139,1.470865,4.854762,-3.383897,36.024,37.730601136218084,-1.706601136218083
pi4b8g,margin,tinydl_revision,n1,B2,140,1.43255,4.854762,-3.422212,36.998,36.535855939051565,0.4621440609484324
pi4b8g,margin,tinydl_revision,n1,B2,141,1.578733,4.854762,-3.2760290000000003,36.998,37.33257429898785,-0.33457429898785307
pi4b8g,margin,tinydl_revision,n1,B2,142,1.492716,4.854762,-3.3620460000000003,37.485,37.332416323721084,0.15258367627891545
pi4b8g,margin,tinydl_revision,n1,B2,143,1.451346,4.854762,-3.403416,36.024,37.73056528842948,-1.7065652884294806
pi4b8g,margin,tinydl_revision,n1,B2,144,1.43655,4.854762,-3.418212,37.972,36.53586328528623,1.4361367147137685
pi4b8g,margin,tinydl_revision,n1,B2,145,1.497549,4.854762,-3.357213,36.511,38.128875086089934,-1.6178750860899314
pi4b8g,margin,tinydl_revision,n1,B2,146,1.495623,4.854762,-3.359139,36.024,36.934196719456715,-0.9101967194567138
pi4b8g,margin,tinydl_revision,n1,B2,147,1.468902,4.854762,-3.38586,37.972,36.53592270163219,1.4360772983678132
pi4b8g,margin,tinydl_revision,n1,B2,148,1.489512,4.854762,-3.36525,37.972,38.12886032566794,-0.15686032566793529
pi4b8g,margin,tinydl_revision,n1,B2,149,1.447031,4.854762,-3.407731,36.511,38.12878230681925,-1.6177823068192438
pi4b8g,margin,tinydl_revision,n1,B2,150,1.446643,4.854762,-3.408119,37.485,36.93410676481326,0.5508932351867415
pi4b8g,margin,tinydl_revision,n1,B2,151,1.538974,4.854762,-3.315788,36.998,37.73072622239226,-0.7327262223922659
pi4b8g,margin,tinydl_revision,n1,B2,152,1.452495,4.854762,-3.402267,37.485,37.332342455494974,0.15265754450502556
pi4b8g,margin,tinydl_revision,n1,B2,153,1.508234,4.854762,-3.346528,37.485,37.73066976657887,-0.24566976657887096
pi4b8g,margin,tinydl_revision,n1,B2,154,1.504215,4.854762,-3.3505469999999997,36.998,37.73066238544959,-0.7326623854495935
pi4b8g,margin,tinydl_revision,n1,B2,155,1.479438,4.854762,-3.375324,36.511,37.33239193789512,-0.8213919378951147
pi4b8g,margin,tinydl_revision,n1,B2,156,1.493086,4.854762,-3.361676,36.511,36.93419206010738,-0.4231920601073753
pi4b8g,margin,tinydl_revision,n1,B2,157,1.515197,4.854762,-3.3395650000000003,36.511,36.934232668256044,-0.4232326682560412
pi4b8g,margin,tinydl_revision,n1,B2,158,1.491512,4.854762,-3.36325,37.485,36.93418916936404,0.5508108306359603
pi4b8g,margin,tinydl_revision,n1,B2,159,1.434699,4.854762,-3.420063,36.511,37.73053471523737,-1.2195347152373657
pi4b8g,margin,lucid_revision,n16,B1,160,6.816628,7.48312,-0.6664920000000008,37.485,37.00769518827199,0.4773048117280112
pi4b8g,margin,lucid_revision,n16,B1,161,6.083288,7.48312,-1.3998320000000009,36.024,37.404573309480305,-1.3805733094803045
pi4b8g,margin,lucid_revision,n16,B1,162,6.064585,7.48312,-1.4185350000000003,36.511,36.20986413090234,0.30113586909766354
pi4b8g,margin,lucid_revision,n16,B1,163,6.006715,7.48312,-1.4764050000000006,36.998,36.607982792392754,0.3900172076072437
pi4b8g,margin,lucid_revision,n16,B1,164,6.089344,7.48312,-1.3937760000000008,36.998,36.60813454539876,0.38986545460123523
pi4b8g,margin,lucid_revision,n16,B1,165,6.072251,7.48312,-1.4108690000000008,36.998,37.006328096241894,-0.008328096241896787
pi4b8g,margin,lucid_revision,n16,B1,166,6.021697,7.48312,-1.4614230000000008,36.998,37.00623525085509,-0.008235250855094023
pi4b8g,margin,lucid_revision,n16,B1,167,6.037697,7.48312,-1.4454230000000008,36.511,37.00626463579375,-0.49526463579374536
pi4b8g,margin,lucid_revision,n16,B1,168,6.053085,7.48312,-1.4300350000000002,36.024,36.6080679536181,-0.5840679536180957
pi4b8g,margin,lucid_revision,n16,B1,169,5.990289,7.48312,-1.4928310000000007,36.511,36.2097276819397,0.3012723180603061
pi4b8g,margin,lucid_revision,n16,B1,170,6.069604,7.48312,-1.4135160000000004,36.998,36.6080982917307,0.38990170826929926
pi4b8g,margin,lucid_revision,n16,B1,171,6.03764,7.48312,-1.4454800000000008,36.998,37.006264531109906,-0.008264531109908546
pi4b8g,margin,lucid_revision,n16,B1,172,6.000215,7.48312,-1.4829050000000006,36.511,37.00619579790183,-0.4951957979018289
pi4b8g,margin,lucid_revision,n16,B1,173,6.098158,7.48312,-1.3849620000000007,36.998,36.60815073282685,0.3898492671731475
pi4b8g,margin,lucid_revision,n16,B1,174,6.137843,7.48312,-1.3452770000000003,36.024,37.00644855979791,-0.9824485597979091
pi4b8g,margin,lucid_revision,n16,B1,175,5.984809,7.48312,-1.4983110000000002,36.998,36.20971761759821,0.788282382401789
pi4b8g,margin,lucid_revision,n16,B1,176,6.330876,7.48312,-1.1522440000000005,36.024,37.00680307622688,-0.9828030762268796
pi4b8g,margin,lucid_revision,n16,B1,177,6.036271,7.48312,-1.4468490000000003,37.972,36.209812130580275,1.7621878694197264
pi4b8g,margin,lucid_revision,n16,B1,178,6.056493,7.48312,-1.4266270000000008,36.024,37.80274904203126,-1.778749042031258
pi4b8g,margin,lucid_revision,n16,B1,179,6.059622,7.48312,-1.4234980000000004,36.024,36.20985501606168,-0.1858550160616801
pi4b8g,margin,lucid_revision,n16,B1,180,6.049863,7.48312,-1.4332570000000002,36.998,36.20983709308566,0.7881629069143372
pi4b8g,margin,lucid_revision,n16,B1,181,6.008697,7.48312,-1.4744230000000007,36.998,37.006211375592436,-0.00821137559243823
pi4b8g,margin,lucid_revision,n16,B1,182,6.058344,7.48312,-1.4247760000000005,35.05,36.60807761208012,-1.558077612080126
pi4b8g,margin,lucid_revision,n16,B1,183,5.999863,7.48312,-1.483257,36.998,35.413295378871545,1.5847046211284521
pi4b8g,margin,lucid_revision,n16,B1,184,6.129288,7.48312,-1.3538320000000006,35.537,37.00643284803852,-1.4694328480385224
pi4b8g,margin,lucid_revision,n16,B1,185,6.054622,7.48312,-1.4284980000000003,37.485,35.81162089012794,1.6733791098720587
pi4b8g,margin,lucid_revision,n16,B1,186,6.001957,7.48312,-1.4811630000000005,36.024,37.40442394032744,-1.3804239403274394
pi4b8g,margin,lucid_revision,n16,B1,187,6.053992,7.48312,-1.4291280000000004,36.024,36.20984467623639,-0.18584467623639256
pi4b8g,margin,lucid_revision,n16,B1,188,6.057918,7.48312,-1.4252020000000005,36.511,36.209851886565716,0.30114811343428727
pi4b8g,margin,lucid_revision,n16,B1,189,5.990012,7.48312,-1.4931080000000003,36.024,36.60795211635336,-0.583952116353359
pi4b8g,margin,lucid_revision,n16,B1,190,6.077825,7.48312,-1.4052950000000006,36.511,36.20988844693908,0.3011115530609203
pi4b8g,margin,lucid_revision,n16,B1,191,6.057159,7.48312,-1.425961,36.511,36.6080754357581,-0.09707543575810007
pi4b8g,margin,lucid_revision,n16,B1,192,6.015734,7.48312,-1.4673860000000003,36.511,36.60799935631536,-0.09699935631535794
pi4b8g,margin,lucid_revision,n16,B1,193,6.041956,7.48312,-1.4411640000000006,36.998,36.6080475145567,0.3899524854432954
pi4b8g,margin,lucid_revision,n16,B1,194,6.081733,7.48312,-1.4013870000000006,36.024,37.006345510491165,-0.9823455104911645
pi4b8g,margin,lucid_revision,n16,B1,195,6.007345,7.48312,-1.4757750000000005,36.511,36.2097590062843,0.3012409937157017
pi4b8g,margin,lucid_revision,n16,B1,196,6.05703,7.48312,-1.4260900000000003,36.511,36.60807519884203,-0.09707519884202753
pi4b8g,margin,lucid_revision,n16,B1,197,6.006771,7.48312,-1.4763490000000008,36.998,36.60798289524004,0.39001710475995566
pi4b8g,margin,lucid_revision,n16,B1,198,6.008993,7.48312,-1.4741270000000002,36.511,37.006211919213804,-0.49521191921380137
pi4b8g,margin,lucid_revision,n16,B1,199,7.412933,7.48312,-0.07018700000000067,36.024,36.61056539424689,-0.5865653942468896
pi4b8g,margin,lucid_revision,n1,B2,200,2.066058,2.046443,0.019614999999999938,36.998,36.797267024694364,0.20073297530563394
pi4b8g,margin,lucid_revision,n1,B2,201,1.850117,2.046443,-0.196326,37.485,37.195095379519884,0.2899046204801152
pi4b8g,margin,lucid_revision,n1,B2,202,1.779841,2.046443,-0.266602,36.998,37.593191256663474,-0.595191256663476
pi4b8g,margin,lucid_revision,n1,B2,203,1.760804,2.046443,-0.285639,36.998,37.19493135095575,-0.19693135095575087
pi4b8g,margin,lucid_revision,n1,B2,204,1.873654,2.046443,-0.17278900000000008,37.485,37.99158849288202,-0.5065884928820239
pi4b8g,margin,lucid_revision,n1,B2,205,1.797452,2.046443,-0.24899099999999996,36.998,37.593223600298145,-0.5952236002981479
pi4b8g,margin,lucid_revision,n1,B2,206,1.758267,2.046443,-0.288176,36.998,37.19492669160641,-0.1969266916064143
pi4b8g,margin,lucid_revision,n1,B2,207,1.818451,2.046443,-0.22799199999999997,36.998,37.19503722305316,-0.19703722305316518
pi4b8g,margin,lucid_revision,n1,B2,208,1.795637,2.046443,-0.2508060000000001,36.998,37.19499532380376,-0.19699532380376183
pi4b8g,margin,lucid_revision,n1,B2,209,1.762656,2.046443,-0.283787,37.485,37.593159695402804,-0.10815969540280435
pi4b8g,margin,lucid_revision,n1,B2,210,1.813785,2.046443,-0.23265800000000003,37.485,37.59325359681083,-0.10825359681083313
pi4b8g,margin,lucid_revision,n1,B2,211,1.827303,2.046443,-0.2191400000000001,37.972,37.59327842341088,0.37872157658912187
pi4b8g,margin,lucid_revision,n1,B2,212,1.749916,2.046443,-0.296527,37.972,37.991361240785814,-0.019361240785812583
pi4b8g,margin,lucid_revision,n1,B2,213,1.800692,2.046443,-0.24575100000000005,37.972,37.99145449388863,-0.019454493888630964
pi4b8g,margin,lucid_revision,n1,B2,214,1.881543,2.046443,-0.16490000000000005,36.998,36.79692815207211,0.20107184792788502
pi4b8g,margin,lucid_revision,n1,B2,215,1.776729,2.046443,-0.269714,37.485,37.194960598152505,0.2900394018474941
pi4b8g,margin,lucid_revision,n1,B2,216,1.830062,2.046443,-0.21638099999999993,36.511,37.59328349047624,-1.082283490476236
pi4b8g,margin,lucid_revision,n1,B2,217,1.819785,2.046443,-0.22665800000000003,37.485,36.796814729882016,0.6881852701179838
pi4b8g,margin,lucid_revision,n1,B2,218,1.788359,2.046443,-0.258084,37.485,37.59320690047019,-0.10820690047019355
pi4b8g,margin,lucid_revision,n1,B2,219,1.825118,2.046443,-0.221325,36.998,37.5932744105302,-0.5952744105302017
pi4b8g,margin,lucid_revision,n1,B2,220,1.817099,2.046443,-0.229344,36.998,37.19503474002585,-0.19703474002584898
pi4b8g,margin,lucid_revision,n1,B2,221,2.111113,2.046443,0.06467,36.511,37.195574713985465,-0.6845747139854623
pi4b8g,margin,lucid_revision,n1,B2,222,1.781693,2.046443,-0.26475000000000004,36.511,36.79674477168931,-0.2857447716893091
pi4b8g,margin,lucid_revision,n1,B2,223,1.851988,2.046443,-0.19445500000000004,37.485,36.79687387258074,0.6881261274192596
pi4b8g,margin,lucid_revision,n1,B2,224,1.801859,2.046443,-0.2445839999999999,37.485,37.59323169401218,-0.1082316940121828
pi4b8g,margin,lucid_revision,n1,B2,225,1.76873,2.046443,-0.2777130000000001,36.511,37.59317085066014,-1.082170850660134
pi4b8g,margin,lucid_revision,n1,B2,226,1.82697,2.046443,-0.21947300000000003,37.972,36.79682792555603,1.1751720744439709
pi4b8g,margin,lucid_revision,n1,B2,227,1.797952,2.046443,-0.24849100000000002,37.972,37.99144946171789,-0.019449461717890415
pi4b8g,margin,lucid_revision,n1,B2,228,1.759749,2.046443,-0.286694,37.972,37.99137929966717,-0.01937929966717178
pi4b8g,margin,lucid_revision,n1,B2,229,1.816044,2.046443,-0.23039900000000002,36.998,37.99148268873727,-0.9934826887372736
pi4b8g,margin,lucid_revision,n1,B2,230,1.809359,2.046443,-0.23708400000000007,36.998,37.19502052506177,-0.1970205250617738
pi4b8g,margin,lucid_revision,n1,B2,231,1.757897,2.046443,-0.28854599999999997,37.485,37.194926012079705,0.2900739879202945
pi4b8g,margin,lucid_revision,n1,B2,232,1.814396,2.046443,-0.23204700000000011,38.459,37.59325471894818,0.8657452810518222
pi4b8g,margin,lucid_revision,n1,B2,233,1.837044,2.046443,-0.2093990000000001,37.972,38.389746199609675,-0.41774619960967385
pi4b8g,margin,lucid_revision,n1,B2,234,1.766137,2.046443,-0.28030599999999994,38.946,37.99139103160393,0.9546089683960659
pi4b8g,margin,lucid_revision,n1,B2,235,1.812878,2.046443,-0.23356500000000002,36.511,38.787926760473354,-2.2769267604733514
pi4b8g,margin,lucid_revision,n1,B2,236,1.786267,2.046443,-0.26017599999999996,36.998,36.79675317210865,0.20124682789134596
pi4b8g,margin,lucid_revision,n1,B2,237,1.761249,2.046443,-0.28519399999999995,37.485,37.194932168224355,0.29006783177564444
pi4b8g,margin,lucid_revision,n1,B2,238,1.853117,2.046443,-0.1933260000000001,37.485,37.593325832336284,-0.10832583233628412
pi4b8g,margin,lucid_revision,n1,B2,239,1.822636,2.046443,-0.2238070000000001,37.485,37.59326985219159,-0.10826985219159013
pi4b8g,margin,lucid_revision,n16,B0,240,6.151176,7.124905,-0.9737289999999996,37.972,36.41957990343671,1.5524200965632886
pi4b8g,margin,lucid_revision,n16,B0,241,6.145843,7.124905,-0.9790619999999999,36.024,37.61424493849057,-1.5902449384905708
pi4b8g,margin,lucid_revision,n16,B0,242,6.104435,7.124905,-1.0204700000000004,36.024,36.021269117707696,0.0027308822923046705
pi4b8g,margin,lucid_revision,n16,B0,243,6.01753,7.124905,-1.1073750000000002,35.537,36.02110951157683,-0.4841095115768326
pi4b8g,margin,lucid_revision,n16,B0,244,6.076103,7.124905,-1.0488020000000002,36.998,35.62299214118716,1.375007858812836
pi4b8g,margin,lucid_revision,n16,B0,245,6.067807,7.124905,-1.0570979999999999,36.024,36.817651734517696,-0.7936517345176952
pi4b8g,margin,lucid_revision,n16,B0,246,6.028845,7.124905,-1.0960600000000005,36.024,36.021130292238134,0.002869707761867346
pi4b8g,margin,lucid_revision,n16,B0,247,6.091769,7.124905,-1.0331359999999998,36.024,36.02124585585563,0.0027541441443688086
pi4b8g,margin,lucid_revision,n16,B0,248,6.028122,7.124905,-1.0967830000000003,36.024,36.02112896440622,0.002871035593777549
pi4b8g,margin,lucid_revision,n16,B0,249,6.020344,7.124905,-1.1045610000000003,36.024,36.02111467965292,0.002885320347083109
pi4b8g,margin,lucid_revision,n16,B0,250,6.068899,7.124905,-1.056006,35.537,36.02120385375894,-0.4842038537589417
pi4b8g,margin,lucid_revision,n16,B0,251,6.084307,7.124905,-1.0405980000000001,36.024,35.623007208314455,0.400992791685546
pi4b8g,margin,lucid_revision,n16,B0,252,6.062584,7.124905,-1.0623209999999998,36.511,36.021192255890966,0.4898077441090365
pi4b8g,margin,lucid_revision,n16,B0,253,6.107028,7.124905,-1.0178770000000004,36.511,36.41949882304473,0.09150117695527626
pi4b8g,margin,lucid_revision,n16,B0,254,6.027992,7.124905,-1.0969129999999998,36.511,36.41935366879401,0.09164633120599319
pi4b8g,margin,lucid_revision,n16,B0,255,6.087047,7.124905,-1.037858,36.024,36.41946212676603,-0.3954621267660272
pi4b8g,margin,lucid_revision,n16,B0,256,6.088862,7.124905,-1.0360430000000003,35.537,36.02124051697959,-0.4842405169795896
pi4b8g,margin,lucid_revision,n16,B0,257,6.056936,7.124905,-1.0679689999999997,36.511,36.02118188300762,0.48981811699238165
pi4b8g,margin,lucid_revision,n16,B0,258,6.079622,7.124905,-1.0452830000000004,36.998,36.41944849031793,0.5785515096820646
pi4b8g,margin,lucid_revision,n16,B0,259,6.013475,7.124905,-1.1114300000000004,36.998,36.817551950612255,0.18044804938774206
pi4b8g,margin,lucid_revision,n16,B0,260,6.021623,7.124905,-1.103282,36.511,36.81756691489227,-0.3065669148922652
pi4b8g,margin,lucid_revision,n16,B0,261,6.157379,7.124905,-0.9675260000000003,35.537,36.41959129561012,-0.8825912956101192
pi4b8g,margin,lucid_revision,n16,B0,262,6.008955,7.124905,-1.1159499999999998,36.511,35.62286881994586,0.8881311800541454
pi4b8g,margin,lucid_revision,n16,B0,263,6.048919,7.124905,-1.0759860000000003,36.511,36.41939210245721,0.09160789754279364
pi4b8g,margin,lucid_revision,n16,B0,264,6.076769,7.124905,-1.0481360000000004,36.511,36.419443250616055,0.09155674938394753
pi4b8g,margin,lucid_revision,n16,B0,265,6.042381,7.124905,-1.0825240000000003,36.024,36.41938009503665,-0.39538009503664995
pi4b8g,margin,lucid_revision,n16,B0,266,6.357117,7.124905,-0.7677880000000004,36.024,36.02173318302453,0.002266816975470931
pi4b8g,margin,lucid_revision,n16,B0,267,6.104177,7.124905,-1.020728,36.024,36.02126864387556,0.002731356124442641
pi4b8g,margin,lucid_revision,n16,B0,268,5.981957,7.124905,-1.1429479999999996,35.537,36.02104417967541,-0.4840441796754078
pi4b8g,margin,lucid_revision,n16,B0,269,6.068844,7.124905,-1.0560609999999997,35.537,35.6229788096078,-0.08597880960780202
pi4b8g,margin,lucid_revision,n16,B0,270,6.066677,7.124905,-1.0582279999999997,35.05,35.62297482978517,-0.5729748297851742
pi4b8g,margin,lucid_revision,n16,B0,271,6.010271,7.124905,-1.1146339999999997,36.511,35.224646293716646,1.2863537062833572
pi4b8g,margin,lucid_revision,n16,B0,272,6.062177,7.124905,-1.062728,35.537,36.419416451552,-0.8824164515520039
pi4b8g,margin,lucid_revision,n16,B0,273,6.007122,7.124905,-1.1177830000000002,36.024,35.62286545353382,0.4011345464661815
pi4b8g,margin,lucid_revision,n16,B0,274,6.023345,7.124905,-1.10156,35.05,36.02112019116547,-0.9711201911654754
pi4b8g,margin,lucid_revision,n16,B0,275,6.074732,7.124905,-1.050173,35.05,36.02121456640564,-0.9712145664056422
pi4b8g,margin,lucid_revision,n16,B0,276,6.0429,7.124905,-1.0820049999999997,36.024,35.22470621878936,0.7992937812106433
pi4b8g,margin,lucid_revision,n16,B0,277,6.077492,7.124905,-1.0474129999999997,35.537,36.02121963530756,-0.48421963530756074
pi4b8g,margin,lucid_revision,n16,B0,278,6.069011,7.124905,-1.0558940000000003,36.998,35.6229791163131,1.3750208836869007
pi4b8g,margin,lucid_revision,n16,B0,279,6.000086,7.124905,-1.1248190000000005,35.05,36.81752736092828,-1.767527360928284
pi4b8g,margin,fisvdd_revision,n1,B0,280,1.7896,2.466047,-0.676447,36.024,35.356807633221266,0.6671923667787354
pi4b8g,margin,fisvdd_revision,n1,B0,281,1.64851,2.466047,-0.8175370000000002,35.05,36.15299839943991,-1.1029983994399117
pi4b8g,margin,fisvdd_revision,n1,B0,282,1.569178,2.466047,-0.8968690000000001,35.537,35.35640281528699,0.18059718471300812
pi4b8g,margin,fisvdd_revision,n1,B0,283,1.613455,2.466047,-0.852592,35.537,35.75470907573546,-0.2177090757354634
pi4b8g,margin,fisvdd_revision,n1,B0,284,1.609214,2.466047,-0.8568330000000002,35.05,35.75470128689015,-0.7047012868901561
pi4b8g,margin,fisvdd_revision,n1,B0,285,1.548789,2.466047,-0.9172580000000001,36.024,35.356365369692355,0.6676346303076457
pi4b8g,margin,fisvdd_revision,n1,B0,286,1.560493,2.466047,-0.9055540000000002,35.537,36.15283675105581,-0.6158367510558094
pi4b8g,margin,fisvdd_revision,n1,B0,287,1.617696,2.466047,-0.8483510000000001,35.537,35.754716864580764,-0.21771686458076545
pi4b8g,margin,fisvdd_revision,n1,B0,288,1.546048,2.466047,-0.919999,34.076,35.75458527882546,-1.6785852788254587
pi4b8g,margin,fisvdd_revision,n1,B0,289,1.532049,2.466047,-0.9339980000000001,35.537,34.55988473941947,0.9771152605805256
pi4b8g,margin,fisvdd_revision,n1,B0,290,1.599029,2.466047,-0.8670180000000001,35.05,35.754682581540145,-0.7046825815401476
pi4b8g,margin,fisvdd_revision,n1,B0,291,1.628807,2.466047,-0.8372400000000002,35.537,35.35651232744369,0.18048767255631049
pi4b8g,margin,fisvdd_revision,n1,B0,292,1.577677,2.466047,-0.8883700000000001,36.024,35.75464336733951,0.2693566326604895
pi4b8g,margin,fisvdd_revision,n1,B0,293,1.660176,2.466047,-0.805871,35.05,36.153019824733306,-1.103019824733309
pi4b8g,margin,fisvdd_revision,n1,B0,294,1.57027,2.466047,-0.895777,34.563,35.356404820809054,-0.7934048208090516
pi4b8g,margin,fisvdd_revision,n1,B0,295,1.555215,2.466047,-0.9108320000000001,35.537,34.95815222827793,0.5788477717220673
pi4b8g,margin,fisvdd_revision,n1,B0,296,1.624695,2.466047,-0.8413520000000001,34.076,35.754729718654865,-1.6787297186548642
pi4b8g,margin,fisvdd_revision,n1,B0,297,1.627751,2.466047,-0.8382960000000002,35.05,34.56006050175692,0.4899394982430749
pi4b8g,margin,fisvdd_revision,n1,B0,298,1.575585,2.466047,-0.8904620000000001,35.05,35.35641458211837,-0.30641458211837147
pi4b8g,margin,fisvdd_revision,n1,B0,299,1.616584,2.466047,-0.8494630000000001,35.537,35.35648987918711,0.1805101208128903
pi4b8g,margin,fisvdd_revision,n1,B0,300,1.625751,2.466047,-0.8402960000000002,35.537,35.75473165806081,-0.21773165806081352
pi4b8g,margin,fisvdd_revision,n1,B0,301,1.611584,2.466047,-0.8544630000000002,36.024,35.754705639534194,0.2692943604658069
pi4b8g,margin,fisvdd_revision,n1,B0,302,1.661176,2.466047,-0.8048710000000001,36.024,36.15302166129197,-0.12902166129197212
pi4b8g,margin,fisvdd_revision,n1,B0,303,1.622584,2.466047,-0.8434630000000001,34.563,36.152950784819936,-1.5899507848199335
pi4b8g,margin,fisvdd_revision,n1,B0,304,1.5609,2.466047,-0.9051470000000001,36.024,34.95816266911395,1.0658373308860476
pi4b8g,margin,fisvdd_revision,n1,B0,305,1.555845,2.466047,-0.9102020000000002,35.537,36.15282821473112,-0.615828214731124
pi4b8g,margin,fisvdd_revision,n1,B0,306,1.606399,2.466047,-0.8596480000000002,34.563,35.75469611697751,-1.1916961169775107
pi4b8g,margin,fisvdd_revision,n1,B0,307,1.628844,2.466047,-0.8372030000000001,36.511,34.95828745225595,1.5527125477440507
pi4b8g,margin,fisvdd_revision,n1,B0,308,1.592696,2.466047,-0.8733510000000002,35.537,36.55112083689494,-1.0141208368949393
pi4b8g,margin,fisvdd_revision,n1,B0,309,1.64625,2.466047,-0.8197970000000001,35.05,35.75476930567691,-0.704769305676912
pi4b8g,margin,fisvdd_revision,n1,B0,310,1.568863,2.466047,-0.8971840000000002,35.537,35.35640223677101,0.18059776322898813
pi4b8g,margin,fisvdd_revision,n1,B0,311,1.625139,2.466047,-0.8409080000000002,35.537,35.75473053408691,-0.21773053408691112
pi4b8g,margin,fisvdd_revision,n1,B0,312,1.633899,2.466047,-0.8321480000000001,34.076,35.754746622340825,-1.6787466223408245
pi4b8g,margin,fisvdd_revision,n1,B0,313,1.577622,2.466047,-0.888425,36.511,34.55996843690756,1.9510315630924424
pi4b8g,margin,fisvdd_revision,n1,B0,314,1.567937,2.466047,-0.8981100000000002,35.537,36.55107536553893,-1.014075365538929
pi4b8g,margin,fisvdd_revision,n1,B0,315,1.68649,2.466047,-0.779557,34.563,35.75484320879763,-1.1918432087976285
pi4b8g,margin,fisvdd_revision,n1,B0,316,1.576919,2.466047,-0.8891280000000001,35.537,34.95819208894722,0.5788079110527775
pi4b8g,margin,fisvdd_revision,n1,B0,317,1.552215,2.466047,-0.9138320000000002,35.05,35.75459660488276,-0.7045966048827594
pi4b8g,margin,fisvdd_revision,n1,B0,318,1.657343,2.466047,-0.8087040000000001,35.537,35.356564735481776,0.18043526451822345
pi4b8g,margin,fisvdd_revision,n1,B0,319,1.579862,2.466047,-0.886185,35.05,35.75464738022019,-0.7046473802201945
pi4b8g,margin,tinydl_revision,n256,B1,320,13.039673,13.563453,-0.5237800000000004,35.537,36.751023284452934,-1.214023284452935
pi4b8g,margin,tinydl_revision,n256,B1,321,12.414923,13.563453,-1.148530000000001,35.537,35.953426008145556,-0.41642600814555664
pi4b8g,margin,tinydl_revision,n256,B1,322,12.459812,13.563453,-1.1036410000000014,36.024,35.95350844942751,0.07049155057249124
pi4b8g,margin,tinydl_revision,n256,B1,323,12.371832,13.563453,-1.1916210000000014,36.511,36.7497967552769,-0.23879675527689415
pi4b8g,margin,tinydl_revision,n256,B1,324,12.414035,13.563453,-1.1494180000000007,35.537,36.749874263562276,-1.2128742635622771
pi4b8g,margin,tinydl_revision,n256,B1,325,12.492626,13.563453,-1.0708270000000013,35.537,35.953568714263575,-0.4165687142635761
pi4b8g,margin,tinydl_revision,n256,B1,326,12.340499,13.563453,-1.2229540000000014,36.024,35.9532893241034,0.07071067589659918
pi4b8g,margin,tinydl_revision,n256,B1,327,12.396813,13.563453,-1.166640000000001,35.537,36.35161769120852,-0.8146176912085181
pi4b8g,margin,tinydl_revision,n256,B1,328,12.40496,13.563453,-1.158493,36.998,35.95340771051156,1.0445922894884347
pi4b8g,margin,tinydl_revision,n256,B1,329,12.35898,13.563453,-1.2044730000000001,36.024,37.14799809496533,-1.12399809496533
pi4b8g,margin,tinydl_revision,n256,B1,330,12.515459,13.563453,-1.047994000000001,35.05,36.35183559154801,-1.3018355915480129
pi4b8g,margin,tinydl_revision,n256,B1,331,12.364535,13.563453,-1.1989180000000008,36.024,35.953333467627495,0.0706665323725062
pi4b8g,margin,tinydl_revision,n256,B1,332,12.341147,13.563453,-1.2223060000000014,35.537,36.35151545733382,-0.8145154573338189
pi4b8g,margin,tinydl_revision,n256,B1,333,12.406516,13.563453,-1.156937000000001,36.511,35.95341056819685,0.5575894318031516
pi4b8g,margin,tinydl_revision,n256,B1,334,12.340202,13.563453,-1.2232510000000012,35.537,36.74973866492629,-1.2127386649262917
pi4b8g,margin,tinydl_revision,n256,B1,335,12.409627,13.563453,-1.1538260000000005,36.024,35.95341628173086,0.07058371826914112
pi4b8g,margin,tinydl_revision,n256,B1,336,12.358684,13.563453,-1.2047690000000006,35.537,36.35154766506315,-0.8145476650631522
pi4b8g,margin,tinydl_revision,n256,B1,337,12.323592,13.563453,-1.2398610000000012,36.511,35.953258273406036,0.5577417265939673
pi4b8g,margin,tinydl_revision,n256,B1,338,12.334573,13.563453,-1.2288800000000002,35.537,36.749728326937564,-1.2127283269375653
pi4b8g,margin,tinydl_revision,n256,B1,339,12.271759,13.563453,-1.2916940000000015,35.537,35.9531630790607,-0.41616307906070205
pi4b8g,margin,tinydl_revision,n256,B1,340,12.444257,13.563453,-1.1191960000000005,35.537,35.95347988175746,-0.41647988175746065
pi4b8g,margin,tinydl_revision,n256,B1,341,12.425016,13.563453,-1.1384370000000015,36.511,35.95344454453217,0.5575554554678348
pi4b8g,margin,tinydl_revision,n256,B1,342,12.284518,13.563453,-1.2789350000000006,35.537,36.74963639799354,-1.212636397993542
pi4b8g,margin,tinydl_revision,n256,B1,343,12.394406,13.563453,-1.1690470000000008,37.485,35.95338832747141,1.5316116725285909
pi4b8g,margin,tinydl_revision,n256,B1,344,12.344647,13.563453,-1.2188060000000007,36.998,36.749746828429565,0.24825317157043258
pi4b8g,margin,tinydl_revision,n256,B1,345,12.851471,13.563453,-0.7119820000000008,36.024,37.148902583579286,-1.124902583579285
pi4b8g,margin,tinydl_revision,n256,B1,346,12.334147,13.563453,-1.2293060000000011,36.511,36.351502601423164,0.1594973985768391
pi4b8g,margin,tinydl_revision,n256,B1,347,12.413201,13.563453,-1.150252,35.537,36.74987273187235,-1.212872731872352
pi4b8g,margin,tinydl_revision,n256,B1,348,12.383331,13.563453,-1.1801220000000008,35.05,35.95336798758418,-0.9033679875841827
pi4b8g,margin,tinydl_revision,n256,B1,349,12.311017,13.563453,-1.2524360000000012,35.05,35.555010235540394,-0.5050102355403965
pi4b8g,margin,tinydl_revision,n256,B1,350,12.58968,13.563453,-0.9737730000000013,36.998,35.55552201648793,1.4424779835120702
pi4b8g,margin,tinydl_revision,n256,B1,351,12.388146,13.563453,-1.175307,36.024,37.14805166003538,-1.1240516600353772
pi4b8g,margin,tinydl_revision,n256,B1,352,12.348221,13.563453,-1.2152320000000003,36.024,36.351528449149825,-0.32752844914982404
pi4b8g,margin,tinydl_revision,n256,B1,353,12.373276,13.563453,-1.1901770000000003,36.511,36.3515744641272,0.15942553587280628
pi4b8g,margin,tinydl_revision,n256,B1,354,12.440942,13.563453,-1.1225110000000011,35.537,36.749923679846304,-1.2129236798463054
pi4b8g,margin,tinydl_revision,n256,B1,355,12.356165,13.563453,-1.2072880000000001,35.05,35.95331809563146,-0.9033180956314624
pi4b8g,margin,tinydl_revision,n256,B1,356,12.567236,13.563453,-0.9962170000000015,36.511,35.55548079676523,0.9555192032347719
pi4b8g,margin,tinydl_revision,n256,B1,357,12.2725,13.563453,-1.290953,36.024,36.749614326231494,-0.7256143262314936
pi4b8g,margin,tinydl_revision,n256,B1,358,12.387554,13.563453,-1.1758990000000011,36.511,36.35160068651183,0.15939931348817282
pi4b8g,margin,tinydl_revision,n256,B1,359,12.429812,13.563453,-1.1336410000000008,36.511,36.74990323894835,-0.23890323894834609
pi4b8g,margin,tinydl_revision,n16,B1,360,2.321073,2.437473,-0.11639999999999961,36.024,36.34096628360258,-0.31696628360258217
pi4b8g,margin,tinydl_revision,n16,B1,361,2.144965,2.437473,-0.29250799999999977,36.024,36.34064285092903,-0.31664285092902844
pi4b8g,margin,tinydl_revision,n16,B1,362,2.194241,2.437473,-0.2432319999999999,36.024,36.340733349193854,-0.31673334919385354
pi4b8g,margin,tinydl_revision,n16,B1,363,2.20739,2.437473,-0.2300829999999996,36.998,36.340757498103756,0.657242501896242
pi4b8g,margin,tinydl_revision,n16,B1,364,2.361554,2.437473,-0.07591899999999985,35.537,37.13749051561475,-1.6004905156147515
pi4b8g,margin,tinydl_revision,n16,B1,365,2.172575,2.437473,-0.26489799999999963,35.537,35.94246861517339,-0.4054686151733904
pi4b8g,margin,tinydl_revision,n16,B1,366,2.214481,2.437473,-0.22299199999999963,36.024,35.942545578000846,0.08145442199915465
pi4b8g,margin,tinydl_revision,n16,B1,367,2.170556,2.437473,-0.26691699999999985,36.511,36.34068985030186,0.17031014969814606
pi4b8g,margin,tinydl_revision,n16,B1,368,2.134909,2.437473,-0.30256399999999983,36.024,36.7388493256355,-0.7148493256354982
pi4b8g,margin,tinydl_revision,n16,B1,369,2.664715,2.437473,0.2272420000000004,35.05,36.341597402295676,-1.2915974022956789
pi4b8g,margin,tinydl_revision,n16,B1,370,2.222371,2.437473,-0.2151019999999999,36.511,35.54433512530831,0.9666648746916948
pi4b8g,margin,tinydl_revision,n16,B1,371,2.135909,2.437473,-0.30156399999999994,36.024,36.738851162194166,-0.7148511621941651
pi4b8g,margin,tinydl_revision,n16,B1,372,2.197204,2.437473,-0.24026899999999962,36.024,36.340738790917186,-0.31673879091718504
pi4b8g,margin,tinydl_revision,n16,B1,373,2.216815,2.437473,-0.2206579999999998,36.511,36.34077480766918,0.17022519233082534
pi4b8g,margin,tinydl_revision,n16,B1,374,2.146668,2.437473,-0.29080499999999976,36.024,36.738870921728854,-0.7148709217288527
pi4b8g,margin,tinydl_revision,n16,B1,375,2.188575,2.437473,-0.24889799999999962,36.511,36.34072294325246,0.170277056747544
pi4b8g,margin,tinydl_revision,n16,B1,376,2.196908,2.437473,-0.2405649999999997,36.024,36.73896319043623,-0.7149631904362295
pi4b8g,margin,tinydl_revision,n16,B1,377,2.128483,2.437473,-0.30898999999999965,36.024,36.340612580769104,-0.31661258076910315
pi4b8g,margin,tinydl_revision,n16,B1,378,2.19976,2.437473,-0.23771299999999984,35.05,36.34074348516114,-1.2907434851611441
pi4b8g,margin,tinydl_revision,n16,B1,379,2.219759,2.437473,-0.21771399999999996,36.024,35.54433032821707,0.4796696717829292
pi4b8g,margin,tinydl_revision,n16,B1,380,2.137057,2.437473,-0.3004159999999998,36.024,36.340628327423104,-0.31662832742310343
pi4b8g,margin,tinydl_revision,n16,B1,381,2.188371,2.437473,-0.2491019999999997,36.511,36.34072256859449,0.1702774314055162
pi4b8g,margin,tinydl_revision,n16,B1,382,2.198019,2.437473,-0.23945399999999983,35.537,36.738965230852905,-1.201965230852906
pi4b8g,margin,tinydl_revision,n16,B1,383,2.147242,2.437473,-0.2902309999999999,37.485,35.94242208963271,1.5425779103672923
pi4b8g,margin,tinydl_revision,n16,B1,384,2.197297,2.437473,-0.24017599999999995,36.511,37.53541379113837,-1.0244137911383646
pi4b8g,margin,tinydl_revision,n16,B1,385,2.195631,2.437473,-0.24184199999999967,36.511,36.738960845150814,-0.22796084515081105
pi4b8g,margin,tinydl_revision,n16,B1,386,2.133428,2.437473,-0.3040449999999999,36.024,36.73884660569212,-0.7148466056921166
pi4b8g,margin,tinydl_revision,n16,B1,387,2.185612,2.437473,-0.2518609999999999,36.024,36.34071750152913,-0.31671750152912637
pi4b8g,margin,tinydl_revision,n16,B1,388,2.219889,2.437473,-0.217584,35.537,36.34078045325052,-0.8037804532505177
pi4b8g,margin,tinydl_revision,n16,B1,389,2.248833,2.437473,-0.18863999999999992,36.998,37.13728349688537,-0.13928349688536912
pi4b8g,margin,tinydl_revision,n16,B1,390,2.6454,2.437473,0.2079270000000002,36.511,37.13801181544585,-0.6270118154458473
pi4b8g,margin,tinydl_revision,n16,B1,391,2.384886,2.437473,-0.05258699999999994,37.972,36.73930842306114,1.232691576938862
pi4b8g,margin,tinydl_revision,n16,B1,392,2.930137,2.437473,0.49266400000000043,36.998,37.93498463793155,-0.9369846379315518
pi4b8g,margin,tinydl_revision,n16,B1,393,2.306351,2.437473,-0.13112199999999996,36.998,37.137389132066716,-0.139389132066718
pi4b8g,margin,tinydl_revision,n16,B1,394,2.175001,2.437473,-0.2624719999999998,36.511,37.13714790008594,-0.6261479000859396
pi4b8g,margin,tinydl_revision,n16,B1,395,2.236259,2.437473,-0.20121399999999978,36.024,36.73903546085629,-0.7150354608562921
pi4b8g,margin,tinydl_revision,n16,B1,396,2.21613,2.437473,-0.22134299999999962,36.024,36.340773549626505,-0.31677354962650384
pi4b8g,margin,tinydl_revision,n16,B1,397,2.142113,2.437473,-0.2953599999999996,36.511,36.34063761306372,0.17036238693628292
pi4b8g,margin,tinydl_revision,n16,B1,398,2.191131,2.437473,-0.24634199999999984,36.024,36.73895258063682,-0.7149525806368189
pi4b8g,margin,tinydl_revision,n16,B1,399,2.251036,2.437473,-0.18643699999999974,36.024,36.340837656543286,-0.3168376565432851
pi4b8g,margin,lucid_revision,n256,B2,400,87.486804,69.136743,18.35006100000001,36.998,36.54021573285923,0.4577842671407666
pi4b8g,margin,lucid_revision,n256,B2,401,75.473467,69.136743,6.336724000000004,36.511,37.31460242096556,-0.8036024209655537
pi4b8g,margin,lucid_revision,n256,B2,402,80.739046,69.136743,11.602303000000006,37.972,36.92604802256892,1.0459519774310806
pi4b8g,margin,lucid_revision,n256,B2,403,80.795416,69.136743,11.658673000000007,36.511,38.12082637880214,-1.6098263788021399
pi4b8g,margin,lucid_revision,n256,B2,404,81.411072,69.136743,12.274329000000009,37.972,36.92728223774297,1.0447177622570294
pi4b8g,margin,lucid_revision,n256,B2,405,80.81623,69.136743,11.679487000000009,37.972,38.12086460493422,-0.14886460493421794
pi4b8g,margin,lucid_revision,n256,B2,406,80.88484,69.136743,11.748097000000001,38.459,37.32454072494347,1.1344592750565354
pi4b8g,margin,lucid_revision,n256,B2,407,81.180205,69.136743,12.043462000000005,37.972,38.51975800951507,-0.5477580095150714
pi4b8g,margin,lucid_revision,n256,B2,408,81.430961,69.136743,12.294218,38.459,38.121993594479505,0.33700640552049776
pi4b8g,margin,lucid_revision,n256,B2,409,80.699658,69.136743,11.562915000000004,37.972,38.51887545675782,-0.5468754567578173
pi4b8g,margin,lucid_revision,n256,B2,410,80.532771,69.136743,11.396028000000001,37.972,38.12034401585132,-0.14834401585132184
pi4b8g,margin,lucid_revision,n256,B2,411,80.736769,69.136743,11.600026,38.459,38.12071867014606,0.33828132985394177
pi4b8g,margin,lucid_revision,n256,B2,412,81.679938,69.136743,12.543195000000011,37.485,38.52067579848689,-1.035675798486892
pi4b8g,margin,lucid_revision,n256,B2,413,80.698658,69.136743,11.561914999999999,38.459,37.722423733918326,0.736576266081677
pi4b8g,margin,lucid_revision,n256,B2,414,80.442051,69.136743,11.30530800000001,38.459,38.51840234638956,-0.059402346389553884
pi4b8g,margin,lucid_revision,n256,B2,415,81.860268,69.136743,12.72352500000001,38.946,38.52100698511112,0.42499301488887653
pi4b8g,margin,lucid_revision,n256,B2,416,80.654899,69.136743,11.518156000000005,38.459,38.9170181973689,-0.4580181973688937
pi4b8g,margin,lucid_revision,n256,B2,417,80.971616,69.136743,11.834873000000002,38.459,38.5193749235795,-0.06037492357949503
pi4b8g,margin,lucid_revision,n256,B2,418,81.275759,69.136743,12.139015999999998,37.972,38.51993350004184,-0.5479335000418359
pi4b8g,margin,lucid_revision,n256,B2,419,81.866972,69.136743,12.730229000000008,38.946,39.71569412682165,-0.7696941268216548
pi4b8g,margin,lucid_revision,n256,B2,420,80.432866,69.136743,11.296123000000009,38.946,38.916610420738614,0.029389579261383858
pi4b8g,margin,lucid_revision,n256,B2,421,80.865969,69.136743,11.729226000000011,37.485,38.91740583980652,-1.4324058398065205
pi4b8g,margin,lucid_revision,n256,B2,422,81.384887,69.136743,12.24814400000001,38.946,37.72368403373511,1.2223159662648868
pi4b8g,margin,lucid_revision,n256,B2,423,80.824526,69.136743,11.68778300000001,39.92,38.91732972730573,1.0026702726942744
pi4b8g,margin,lucid_revision,n256,B2,424,80.229573,69.136743,11.092830000000006,38.459,39.71268694749856,-1.253686947498558
pi4b8g,margin,lucid_revision,n256,B2,425,81.823991,69.136743,12.687248000000011,37.972,38.5209403602724,-0.5489403602723968
pi4b8g,margin,lucid_revision,n256,B2,426,80.465772,69.136743,11.329029000000006,38.946,38.12022096825726,0.8257790317427407
pi4b8g,margin,lucid_revision,n256,B2,427,80.964783,69.136743,11.828040000000001,38.946,38.91758731751454,0.028412682485459584
pi4b8g,margin,lucid_revision,n256,B2,428,81.393923,69.136743,12.257180000000005,38.946,38.91837545830045,0.02762454169954509
pi4b8g,margin,lucid_revision,n256,B2,429,82.011469,69.136743,12.87472600000001,39.433,38.91950961775838,0.5134903822416206
pi4b8g,margin,lucid_revision,n256,B2,430,80.418143,69.136743,11.281400000000005,38.459,39.31480832422579,-0.8558083242257837
pi4b8g,margin,lucid_revision,n256,B2,431,80.781174,69.136743,11.644430999999997,38.946,38.51902516567404,0.42697483432596073
pi4b8g,margin,lucid_revision,n256,B2,432,81.371683,69.136743,12.234940000000009,39.433,38.91833461323572,0.5146653867642783
pi4b8g,margin,lucid_revision,n256,B2,433,80.97032,69.136743,11.833577000000005,38.946,39.31582242968029,-0.36982242968029055
pi4b8g,margin,lucid_revision,n256,B2,434,80.447236,69.136743,11.310493000000008,39.433,38.916636812086644,0.5163631879133561
pi4b8g,margin,lucid_revision,n256,B2,435,81.753733,69.136743,12.616990000000001,38.459,39.317261213614465,-0.8582612136144618
pi4b8g,margin,lucid_revision,n256,B2,436,80.137408,69.136743,11.000664999999998,39.433,38.517842851647885,0.9151571483521153
pi4b8g,margin,lucid_revision,n256,B2,437,80.780082,69.136743,11.643338999999997,39.433,39.31547304643279,0.11752695356720722
pi4b8g,margin,lucid_revision,n256,B2,438,81.37409,69.136743,12.237347,38.946,39.316563976972844,-0.3705639769728464
pi4b8g,margin,lucid_revision,n256,B2,439,81.827638,69.136743,12.690894999999998,39.92,38.91917200134226,1.0008279986577406
pi4b8g,margin,oi_svdd_as_elm_revision,n64,B2,440,7.851777,7.865966,-0.014189000000000007,38.459,38.51950759050056,-0.06050759050055632
pi4b8g,margin,oi_svdd_as_elm_revision,n64,B2,441,9.188625,7.865966,1.3226589999999998,37.972,38.521962790280035,-0.5499627902800341
pi4b8g,margin,oi_svdd_as_elm_revision,n64,B2,442,7.734186,7.865966,-0.13178,38.459,38.12106668459006,0.3379333154099413
pi4b8g,margin,oi_svdd_as_elm_revision,n64,B2,443,7.627003,7.865966,-0.23896300000000004,38.946,38.519094779862975,0.4269052201370229
pi4b8g,margin,oi_svdd_as_elm_revision,n64,B2,444,7.632725,7.865966,-0.23324100000000048,38.459,38.917330231792064,-0.4583302317920612
pi4b8g,margin,oi_svdd_as_elm_revision,n64,B2,445,7.73502,7.865966,-0.13094600000000067,38.459,38.51929315942039,-0.060293159420389486
pi4b8g,margin,oi_svdd_as_elm_revision,n64,B2,446,8.851889,7.865966,0.9859229999999997,38.459,38.52134435486109,-0.06234435486108936
pi4b8g,margin,oi_svdd_as_elm_revision,n64,B2,447,7.657373,7.865966,-0.20859300000000047,37.485,38.51915055614966,-1.0341505561496618
pi4b8g,margin,oi_svdd_as_elm_revision,n64,B2,448,7.604336,7.865966,-0.26163000000000025,37.972,37.722603264306876,0.24939673569312504
pi4b8g,margin,oi_svdd_as_elm_revision,n64,B2,449,7.628521,7.865966,-0.23744500000000013,38.946,38.12087262461862,0.8251273753813777
pi4b8g,margin,oi_svdd_as_elm_revision,n64,B2,450,7.778722,7.865966,-0.0872440000000001,38.946,38.917598363847624,0.02840163615237401
pi4b8g,margin,oi_svdd_as_elm_revision,n64,B2,451,7.604614,7.865966,-0.2613520000000005,38.946,38.917278604291404,0.02872139570859389
pi4b8g,margin,oi_svdd_as_elm_revision,n64,B2,452,7.653483,7.865966,-0.21248300000000064,37.972,38.91736835507685,-0.9453683550768517
pi4b8g,margin,oi_svdd_as_elm_revision,n64,B2,453,7.634318,7.865966,-0.23164799999999985,38.459,38.12088327114921,0.33811672885079247
pi4b8g,margin,oi_svdd_as_elm_revision,n64,B2,454,7.611447,7.865966,-0.25451900000000016,38.459,38.519066210356364,-0.06006621035636073
pi4b8g,margin,oi_svdd_as_elm_revision,n64,B2,455,7.634632,7.865966,-0.23133400000000037,37.972,38.519108790969035,-0.547108790969034
pi4b8g,margin,oi_svdd_as_elm_revision,n64,B2,456,7.62391,7.865966,-0.24205599999999983,37.972,38.12086415624661,-0.14886415624660998
pi4b8g,margin,oi_svdd_as_elm_revision,n64,B2,457,7.667558,7.865966,-0.19840800000000058,38.459,38.120944318359264,0.3380556816407392
pi4b8g,margin,oi_svdd_as_elm_revision,n64,B2,458,7.655169,7.865966,-0.21079700000000035,36.998,38.51914650837436,-1.5211465083743647
pi4b8g,margin,oi_svdd_as_elm_revision,n64,B2,459,7.626132,7.865966,-0.2398340000000001,38.946,38.12086823707997,0.8251317629200301
pi4b8g,margin,oi_svdd_as_elm_revision,n64,B2,460,7.825092,7.865966,-0.04087400000000052,37.972,38.91768352507296,-0.9456835250729583
pi4b8g,margin,oi_svdd_as_elm_revision,n64,B2,461,7.623225,7.865966,-0.24274100000000054,39.433,38.12086289820393,1.3121371017960684
pi4b8g,margin,oi_svdd_as_elm_revision,n64,B2,462,7.629336,7.865966,-0.2366299999999999,38.946,39.31554895083516,-0.36954895083515993
pi4b8g,margin,oi_svdd_as_elm_revision,n64,B2,463,7.634762,7.865966,-0.23120399999999997,38.459,38.91733397286207,-0.45833397286206434
pi4b8g,margin,oi_svdd_as_elm_revision,n64,B2,464,7.668576,7.865966,-0.1973900000000004,39.433,38.519171131116394,0.9138288688836056
pi4b8g,margin,oi_svdd_as_elm_revision,n64,B2,465,7.619262,7.865966,-0.24670400000000026,38.459,39.31553044934316,-0.856530449343154
pi4b8g,margin,oi_svdd_as_elm_revision,n64,B2,466,7.613521,7.865966,-0.2524449999999998,37.972,38.519070019379036,-0.547070019379035
pi4b8g,margin,oi_svdd_as_elm_revision,n64,B2,467,7.612855,7.865966,-0.25311100000000053,37.972,38.12084385309056,-0.14884385309056114
pi4b8g,margin,oi_svdd_as_elm_revision,n64,B2,468,7.590577,7.865966,-0.27538900000000055,38.459,38.1208029382366,0.3381970617634025
pi4b8g,margin,oi_svdd_as_elm_revision,n64,B2,469,7.627873,7.865966,-0.2380930000000001,38.459,38.519096377669015,-0.06009637766901221
pi4b8g,margin,oi_svdd_as_elm_revision,n64,B2,470,7.845499,7.865966,-0.020467000000000013,37.972,38.519496060585254,-0.547496060585253
pi4b8g,margin,oi_svdd_as_elm_revision,n64,B2,471,7.632947,7.865966,-0.23301900000000053,38.459,38.120880753227276,0.3381192467727274
pi4b8g,margin,oi_svdd_as_elm_revision,n64,B2,472,7.614503,7.865966,-0.2514630000000002,38.459,38.51907182287965,-0.06007182287964952
pi4b8g,margin,oi_svdd_as_elm_revision,n64,B2,473,7.616318,7.865966,-0.24964800000000054,38.946,38.519075156233626,0.42692484376637196
pi4b8g,margin,oi_svdd_as_elm_revision,n64,B2,474,7.633428,7.865966,-0.2325379999999999,38.459,38.91733152289281,-0.45833152289280576
pi4b8g,margin,oi_svdd_as_elm_revision,n64,B2,475,7.658354,7.865966,-0.20761200000000013,38.459,38.51915235781371,-0.0601523578137062
pi4b8g,margin,oi_svdd_as_elm_revision,n64,B2,476,7.640187,7.865966,-0.22577900000000017,38.459,38.51911899305242,-0.06011899305241997
pi4b8g,margin,oi_svdd_as_elm_revision,n64,B2,477,7.685558,7.865966,-0.1804079999999999,38.459,39.31565220583648,-0.8566522058364754
pi4b8g,margin,oi_svdd_as_elm_revision,n64,B2,478,7.670854,7.865966,-0.19511199999999995,39.433,38.51917531479703,0.9138246852029681
pi4b8g,margin,oi_svdd_as_elm_revision,n64,B2,479,7.599299,7.865966,-0.266667,37.972,39.31549378612251,-1.343493786122508
pi4b8g,margin,lucid_revision,n512,B0,480,172.061153,144.695924,27.365229,38.459,37.51091659573791,0.9480834042620927
pi4b8g,margin,lucid_revision,n512,B0,481,148.81228,144.695924,4.116355999999996,37.972,38.2646685628367,-0.2926685628366954
pi4b8g,margin,lucid_revision,n512,B0,482,158.10844,144.695924,13.41251600000001,38.459,37.88351656290447,0.5754834370955351
pi4b8g,margin,lucid_revision,n512,B0,483,158.860205,144.695924,14.164281000000017,39.433,38.2831221665704,1.1498778334295991
pi4b8g,margin,lucid_revision,n512,B0,484,158.222549,144.695924,13.526624999999996,36.998,39.078400960198515,-2.080400960198517
pi4b8g,margin,lucid_revision,n512,B0,485,159.18933,144.695924,14.493406000000022,38.459,37.88550168080092,0.5734983191990821
pi4b8g,margin,lucid_revision,n512,B0,486,159.013943,144.695924,14.318019000000021,37.972,38.28340451542659,-0.3114045154265881
pi4b8g,margin,lucid_revision,n512,B0,487,158.984832,144.695924,14.28890800000002,37.972,37.88512610822685,0.08687389177315197
pi4b8g,margin,lucid_revision,n512,B0,488,158.246696,144.695924,13.550771999999995,38.946,37.88377047815939,1.0622295218406066
pi4b8g,margin,lucid_revision,n512,B0,489,159.39453,144.695924,14.698606000000012,37.972,38.682328428919995,-0.7103284289199934
pi4b8g,margin,lucid_revision,n512,B0,490,158.215919,144.695924,13.519995000000023,37.972,37.88371395439333,0.0882860456066723
pi4b8g,margin,lucid_revision,n512,B0,491,159.139534,144.695924,14.443610000000007,37.485,37.88541022752559,-0.4004102275255903
pi4b8g,margin,lucid_revision,n512,B0,492,159.225531,144.695924,14.529606999999999,38.459,37.48734322292078,0.9716567770792253
pi4b8g,margin,lucid_revision,n512,B0,493,158.921685,144.695924,14.225761000000006,38.459,38.28323507819719,0.17576492180281633
pi4b8g,margin,lucid_revision,n512,B0,494,158.113791,144.695924,13.417867000000001,37.972,38.281751333470304,-0.30975133347030237
pi4b8g,margin,lucid_revision,n512,B0,495,159.306919,144.695924,14.610995000000003,37.972,38.682167526178716,-0.710167526178715
pi4b8g,margin,lucid_revision,n512,B0,496,158.479729,144.695924,13.783805000000001,38.946,37.884198456934996,1.0618015430650019
pi4b8g,margin,lucid_revision,n512,B0,497,158.748095,144.695924,14.052171000000016,37.972,38.681141213118764,-0.7091412131187624
pi4b8g,margin,lucid_revision,n512,B0,498,158.634505,144.695924,13.938581,37.972,37.88448271213908,0.08751728786091917
pi4b8g,margin,lucid_revision,n512,B0,499,159.270919,144.695924,14.574995000000001,38.459,37.88565152378592,0.5733484762140861
pi4b8g,margin,lucid_revision,n512,B0,500,159.437213,144.695924,14.741289000000023,38.459,38.28418187561313,0.17481812438687427
pi4b8g,margin,lucid_revision,n512,B0,501,160.440308,144.695924,15.744383999999997,38.459,38.286024118428166,0.17297588157183696
pi4b8g,margin,lucid_revision,n512,B0,502,158.29801,144.695924,13.602086000000014,38.946,38.282089662471186,0.6639103375288116
pi4b8g,margin,lucid_revision,n512,B0,503,159.002016,144.695924,14.306092000000007,38.459,38.681607553931784,-0.22260755393178044
pi4b8g,margin,lucid_revision,n512,B0,504,158.500247,144.695924,13.80432300000001,38.459,38.28246108258612,0.17653891741388605
pi4b8g,margin,lucid_revision,n512,B0,505,159.252808,144.695924,14.556883999999997,39.433,38.28384320501233,1.1491567949876682
pi4b8g,margin,lucid_revision,n512,B0,506,158.902795,144.695924,14.206871000000007,38.459,39.0796502718848,-0.6206502718847986
pi4b8g,margin,lucid_revision,n512,B0,507,159.378991,144.695924,14.683067000000023,37.972,38.28407494749448,-0.31207494749448017
pi4b8g,margin,lucid_revision,n512,B0,508,160.17983,144.695924,15.483906000000019,37.972,39.08199562158079,-1.1099956215807865
pi4b8g,margin,lucid_revision,n512,B0,509,160.716321,144.695924,16.020397000000003,37.972,37.88830608935482,0.08369391064518084
pi4b8g,margin,lucid_revision,n512,B0,510,158.609226,144.695924,13.913302000000016,37.972,37.884436285772566,0.0875637142274357
pi4b8g,margin,lucid_revision,n512,B0,511,160.015444,144.695924,15.319520000000011,38.459,37.887018887626695,0.5719811123733081
pi4b8g,margin,lucid_revision,n512,B0,512,158.599837,144.695924,13.903913000000017,37.972,38.28264398546366,-0.31064398546365624
pi4b8g,margin,lucid_revision,n512,B0,513,159.363436,144.695924,14.667512000000016,38.946,37.88582143668402,1.0601785633159793
pi4b8g,margin,lucid_revision,n512,B0,514,158.771186,144.695924,14.07526200000001,38.459,37.884733734814105,0.5742662651858979
pi4b8g,margin,lucid_revision,n512,B0,515,159.233493,144.695924,14.537569000000019,38.459,38.2838077318817,0.1751922681183018
pi4b8g,margin,lucid_revision,n512,B0,516,158.574004,144.695924,13.878080000000011,37.485,38.28259654164364,-0.7975965416436424
pi4b8g,margin,lucid_revision,n512,B0,517,160.360696,144.695924,15.664772,37.485,37.48942802003882,-0.004428020038822922
pi4b8g,margin,lucid_revision,n512,B0,518,159.587153,144.695924,14.89122900000001,37.972,37.48800736293868,0.4839926370613199
pi4b8g,margin,lucid_revision,n512,B0,519,159.112402,144.695924,14.416478000000012,37.485,37.88536039801587,-0.4003603980158701
pi4b8g,margin,fisvdd_revision,n512,B2,520,26.764906,27.349458,-0.5845519999999986,38.946,38.15169242683223,0.7943075731677709
pi4b8g,margin,fisvdd_revision,n512,B2,521,26.420874,27.349458,-0.9285839999999972,38.459,38.94751047816207,-0.4885104781620697
pi4b8g,margin,fisvdd_revision,n512,B2,522,26.44317,27.349458,-0.906288,38.459,38.54932648293369,-0.0903264829336834
pi4b8g,margin,fisvdd_revision,n512,B2,523,26.241099,27.349458,-1.108359,38.946,38.5489553676875,0.3970446323125003
pi4b8g,margin,fisvdd_revision,n512,B2,524,26.205174,27.349458,-1.144283999999999,38.459,38.94711433245783,-0.4881143324578261
pi4b8g,margin,fisvdd_revision,n512,B2,525,26.395097,27.349458,-0.9543609999999987,38.459,38.54923819404894,-0.0902381940489363
pi4b8g,margin,fisvdd_revision,n512,B2,526,26.272765,27.349458,-1.0766929999999988,39.433,38.54901352415421,0.8839864758457878
pi4b8g,margin,fisvdd_revision,n512,B2,527,26.36182,27.349458,-0.9876379999999969,38.946,39.34562696516703,-0.39962696516703033
pi4b8g,margin,fisvdd_revision,n512,B2,528,26.238247,27.349458,-1.1112109999999973,38.459,38.94717507296259,-0.48817507296258356
pi4b8g,margin,fisvdd_revision,n512,B2,529,26.234488,27.349458,-1.1149699999999996,37.972,38.548943226198155,-0.5769432261981535
pi4b8g,margin,fisvdd_revision,n512,B2,530,27.27573,27.349458,-0.07372799999999913,38.946,38.15263058507621,0.793369414923788
pi4b8g,margin,fisvdd_revision,n512,B2,531,26.350301,27.349458,-0.9991569999999967,38.946,38.94738086670734,-0.0013808667073433867
pi4b8g,margin,fisvdd_revision,n512,B2,532,26.13536,27.349458,-1.214098,38.946,38.94698611495112,-0.0009861149511252165
pi4b8g,margin,fisvdd_revision,n512,B2,533,26.223415,27.349458,-1.1260429999999992,38.459,38.947147833124454,-0.48814783312445087
pi4b8g,margin,fisvdd_revision,n512,B2,534,26.151175,27.349458,-1.198283,38.946,38.54879021698602,0.39720978301397736
pi4b8g,margin,fisvdd_revision,n512,B2,535,26.222599,27.349458,-1.1268589999999996,37.972,38.94714633449258,-0.9751463344925781
pi4b8g,margin,fisvdd_revision,n512,B2,536,26.282506,27.349458,-1.066951999999997,39.433,38.15080647093176,1.2821935290682376
pi4b8g,margin,fisvdd_revision,n512,B2,537,26.359449,27.349458,-0.990008999999997,38.459,39.34562261068643,-0.8866226106864303
pi4b8g,margin,fisvdd_revision,n512,B2,538,26.248248,27.349458,-1.1012099999999982,38.459,38.5489684972454,-0.08996849724539402
pi4b8g,margin,fisvdd_revision,n512,B2,539,26.113934,27.349458,-1.235523999999998,37.972,38.54872182170474,-0.5767218217047372
pi4b8g,margin,fisvdd_revision,n512,B2,540,27.491912,27.349458,0.14245400000000075,39.433,38.15302761600174,1.2799723839982633
pi4b8g,margin,fisvdd_revision,n512,B2,541,26.120027,27.349458,-1.2294309999999982,38.459,39.34518289813751,-0.8861828981375055
pi4b8g,margin,fisvdd_revision,n512,B2,542,26.343561,27.349458,-1.0058969999999974,39.433,38.54914354516153,0.8838564548384724
pi4b8g,margin,fisvdd_revision,n512,B2,543,26.275951,27.349458,-1.0735069999999993,38.946,39.34546926171094,-0.39946926171094077
pi4b8g,margin,fisvdd_revision,n512,B2,544,26.200322,27.349458,-1.1491359999999986,38.946,38.94710542147518,-0.00110542147518089
pi4b8g,margin,fisvdd_revision,n512,B2,545,26.284413,27.349458,-1.0650449999999978,38.946,38.94725985952996,-0.0012598595299593285
pi4b8g,margin,fisvdd_revision,n512,B2,546,26.468058,27.349458,-0.8813999999999993,39.92,38.94759713434617,0.9724028656538337
pi4b8g,margin,fisvdd_revision,n512,B2,547,26.262358,27.349458,-1.0870999999999995,38.946,39.743669240509405,-0.797669240509407
pi4b8g,margin,fisvdd_revision,n512,B2,548,26.306023,27.349458,-1.0434349999999988,38.946,38.94729954756273,-0.0012995475627306519
pi4b8g,margin,fisvdd_revision,n512,B2,549,26.264284,27.349458,-1.0851739999999985,38.946,38.947222891440575,-0.0012228914405767455
pi4b8g,margin,fisvdd_revision,n512,B2,550,26.80909,27.349458,-0.5403679999999973,38.459,38.94822345962114,-0.48922345962113667
pi4b8g,margin,fisvdd_revision,n512,B2,551,26.276636,27.349458,-1.0728219999999986,40.407,38.54902063347281,1.8579793665271893
pi4b8g,margin,fisvdd_revision,n512,B2,552,26.319135,27.349458,-1.0303229999999992,37.972,38.549098685379555,-0.5770986853795534
pi4b8g,margin,fisvdd_revision,n512,B2,553,26.416855,27.349458,-0.9326029999999967,38.459,38.15105321075198,0.307946789248021
pi4b8g,margin,fisvdd_revision,n512,B2,554,26.441929,27.349458,-0.9075290000000003,39.433,38.549324203764385,0.8836757962356145
pi4b8g,margin,fisvdd_revision,n512,B2,555,26.282802,27.349458,-1.0666559999999983,37.972,39.34548184397436,-1.3734818439743606
pi4b8g,margin,fisvdd_revision,n512,B2,556,26.196452,27.349458,-1.1530059999999978,39.433,38.150648427712326,1.2823515722876735
pi4b8g,margin,fisvdd_revision,n512,B2,557,26.140379,27.349458,-1.2090789999999991,38.946,39.34522027577948,-0.39922027577948427
pi4b8g,margin,fisvdd_revision,n512,B2,558,26.175063,27.349458,-1.174394999999997,38.459,38.947059031839835,-0.4880590318398319
pi4b8g,margin,fisvdd_revision,n512,B2,559,26.163101,27.349458,-1.1863569999999974,38.946,38.54881211978467,0.397187880215327
pi4b8g,margin,tinydl_revision,n16,B0,560,2.38772,3.036999,-0.6492789999999999,37.972,37.74532025723214,0.22667974276786396
pi4b8g,margin,tinydl_revision,n16,B0,561,2.144445,3.036999,-0.8925539999999996,36.998,37.744873468422675,-0.7468734684226774
pi4b8g,margin,tinydl_revision,n16,B0,562,2.195852,3.036999,-0.8411469999999999,36.998,36.9485179941132,0.04948200588679441
pi4b8g,margin,tinydl_revision,n16,B0,563,2.137983,3.036999,-0.8990159999999996,39.433,36.94841171429976,2.484588285700241
pi4b8g,margin,tinydl_revision,n16,B0,564,2.182427,3.036999,-0.8545719999999997,37.485,38.939618054015156,-1.4546180540151568
pi4b8g,margin,tinydl_revision,n16,B0,565,2.209981,3.036999,-0.8270179999999998,37.972,37.346768885991004,0.6252311140089972
pi4b8g,margin,tinydl_revision,n16,B0,566,2.177204,3.036999,-0.8597949999999996,37.485,37.744933632248014,-0.25993363224801413
pi4b8g,margin,tinydl_revision,n16,B0,567,2.157834,3.036999,-0.879165,37.485,37.34667311496625,0.13832688503374868
pi4b8g,margin,tinydl_revision,n16,B0,568,2.209741,3.036999,-0.8272579999999996,38.459,37.346768445216924,1.1122315547830794
pi4b8g,margin,tinydl_revision,n16,B0,569,2.161316,3.036999,-0.875683,36.998,38.143129396144346,-1.1451293961443483
pi4b8g,margin,tinydl_revision,n16,B0,570,2.142576,3.036999,-0.8944229999999997,38.459,36.94842014961371,1.5105798503862928
pi4b8g,margin,tinydl_revision,n16,B0,571,2.2025,3.036999,-0.8344989999999997,37.972,38.14320503297644,-0.17120503297643808
pi4b8g,margin,tinydl_revision,n16,B0,572,2.19813,3.036999,-0.8388689999999999,36.998,37.74497206407466,-0.7469720640746615
pi4b8g,margin,tinydl_revision,n16,B0,573,2.127094,3.036999,-0.9099049999999997,37.485,36.948391716012445,0.5366082839875546
pi4b8g,margin,tinydl_revision,n16,B0,574,2.230203,3.036999,-0.8067959999999998,36.998,37.346806024880344,-0.3488060248803464
pi4b8g,margin,tinydl_revision,n16,B0,575,2.20963,3.036999,-0.8273689999999996,37.972,36.948543298218496,1.0234567017815053
pi4b8g,margin,tinydl_revision,n16,B0,576,2.135539,3.036999,-0.9014599999999997,36.998,37.7448571120312,-0.7468571120312006
pi4b8g,margin,tinydl_revision,n16,B0,577,2.203111,3.036999,-0.833888,37.485,36.94853132569256,0.5364686743074429
pi4b8g,margin,tinydl_revision,n16,B0,578,2.206093,3.036999,-0.8309059999999997,37.485,37.34676174545091,0.138238254549087
pi4b8g,margin,tinydl_revision,n16,B0,579,2.137427,3.036999,-0.8995719999999996,36.511,37.34663563631355,-0.8356356363135475
pi4b8g,margin,tinydl_revision,n16,B0,580,2.187815,3.036999,-0.8491839999999997,37.485,37.34672817683161,0.13827182316838815
pi4b8g,margin,tinydl_revision,n16,B0,581,2.198111,3.036999,-0.8388879999999999,37.485,37.34674708603964,0.13825291396035766
pi4b8g,margin,tinydl_revision,n16,B0,582,2.131816,3.036999,-0.9051829999999996,37.485,37.34662533138288,0.1383746686171179
pi4b8g,margin,tinydl_revision,n16,B0,583,2.213889,3.036999,-0.8231099999999998,37.485,37.34677606326227,0.13822393673773092
pi4b8g,margin,tinydl_revision,n16,B0,584,2.244203,3.036999,-0.7927959999999996,36.511,37.346831736701674,-0.835831736701671
pi4b8g,margin,tinydl_revision,n16,B0,585,2.153872,3.036999,-0.883127,36.511,37.34666583852081,-0.8356658385208107
pi4b8g,margin,tinydl_revision,n16,B0,586,2.215315,3.036999,-0.8216839999999999,36.511,36.55032879591411,-0.039328795914109094
pi4b8g,margin,tinydl_revision,n16,B0,587,2.200092,3.036999,-0.8369069999999996,36.511,36.55030083798154,-0.03930083798153561
pi4b8g,margin,tinydl_revision,n16,B0,588,2.150408,3.036999,-0.8865909999999997,36.998,36.550209590400776,0.44779040959922156
pi4b8g,margin,tinydl_revision,n16,B0,589,2.2085,3.036999,-0.8284989999999999,36.511,36.94854122290721,-0.4375412229072069
pi4b8g,margin,tinydl_revision,n16,B0,590,2.180611,3.036999,-0.8563879999999999,36.511,36.550265059982166,-0.039265059982163564
pi4b8g,margin,tinydl_revision,n16,B0,591,2.159186,3.036999,-0.8778129999999997,36.511,36.55022571171275,-0.03922571171274569
pi4b8g,margin,tinydl_revision,n16,B0,592,2.196815,3.036999,-0.8401839999999998,36.998,36.55029481957879,0.44770518042120955
pi4b8g,margin,tinydl_revision,n16,B0,593,2.178389,3.036999,-0.8586099999999997,36.024,36.948485922289215,-0.9244859222892146
pi4b8g,margin,tinydl_revision,n16,B0,594,2.165204,3.036999,-0.8717949999999997,36.998,36.15201182098239,0.8459881790176098
pi4b8g,margin,tinydl_revision,n16,B0,595,2.19563,3.036999,-0.8413689999999998,36.998,36.94851758639717,0.04948241360282424
pi4b8g,margin,tinydl_revision,n16,B0,596,2.194556,3.036999,-0.8424429999999998,36.024,36.94851561393317,-0.924515613933167
pi4b8g,margin,tinydl_revision,n16,B0,597,2.167852,3.036999,-0.8691469999999999,36.024,36.15201668418973,-0.12801668418973122
pi4b8g,margin,tinydl_revision,n16,B0,598,2.197408,3.036999,-0.839591,36.998,36.152070965517666,0.8459290344823316
pi4b8g,margin,tinydl_revision,n16,B0,599,2.247018,3.036999,-0.7899809999999996,36.998,36.9486119634739,0.04938803652609636
pi4b8g,margin,oi_svdd_as_elm_revision,n512,B1,600,49.608338,50.732994,-1.1246559999999945,36.024,37.605187918122354,-1.5811879181223532
pi4b8g,margin,oi_svdd_as_elm_revision,n512,B1,601,49.599894,50.732994,-1.1330999999999989,38.459,36.41049758079975,2.048502419200254
pi4b8g,margin,oi_svdd_as_elm_revision,n512,B1,602,49.510488,50.732994,-1.2225059999999957,36.511,38.40145809713771,-1.89045809713771
pi4b8g,margin,oi_svdd_as_elm_revision,n512,B1,603,49.355417,50.732994,-1.3775769999999952,36.998,37.20649847072759,-0.20849847072759076
pi4b8g,margin,oi_svdd_as_elm_revision,n512,B1,604,49.354008,50.732994,-1.3789859999999976,37.485,37.20649588301643,0.27850411698356936
pi4b8g,margin,oi_svdd_as_elm_revision,n512,B1,605,49.422729,50.732994,-1.3102650000000011,37.485,37.60484703630492,-0.11984703630491822
pi4b8g,margin,oi_svdd_as_elm_revision,n512,B1,606,49.412285,50.732994,-1.3207090000000008,37.972,37.60482785528621,0.3671721447137912
pi4b8g,margin,oi_svdd_as_elm_revision,n512,B1,607,49.411341,50.732994,-1.3216529999999977,36.511,38.003051064715244,-1.4920510647152412
pi4b8g,margin,oi_svdd_as_elm_revision,n512,B1,608,50.628543,50.732994,-0.10445099999999741,37.972,36.81061169817535,1.1613883018246511
pi4b8g,margin,oi_svdd_as_elm_revision,n512,B1,609,49.564654,50.732994,-1.1683400000000006,36.998,38.003332633034,-1.0053326330340013
pi4b8g,margin,oi_svdd_as_elm_revision,n512,B1,610,49.488229,50.732994,-1.244765000000001,37.972,37.20674238775714,0.7652576122428627
pi4b8g,margin,oi_svdd_as_elm_revision,n512,B1,611,49.467063,50.732994,-1.2659309999999948,37.972,37.20670351515641,0.7652964848435886
pi4b8g,margin,oi_svdd_as_elm_revision,n512,B1,612,49.333509,50.732994,-1.3994849999999985,38.459,38.00290812168116,0.4560918783188441
pi4b8g,margin,oi_svdd_as_elm_revision,n512,B1,613,49.373379,50.732994,-1.359614999999998,37.485,38.40120628841558,-0.9162062884155802
pi4b8g,margin,oi_svdd_as_elm_revision,n512,B1,614,49.308658,50.732994,-1.4243359999999967,37.485,37.60463753822133,-0.11963753822133327
pi4b8g,margin,oi_svdd_as_elm_revision,n512,B1,615,49.398304,50.732994,-1.3346899999999948,37.972,37.604802178359506,0.3671978216404952
pi4b8g,margin,oi_svdd_as_elm_revision,n512,B1,616,49.354582,50.732994,-1.3784119999999973,38.459,38.00294682348192,0.45605317651808264
pi4b8g,margin,oi_svdd_as_elm_revision,n512,B1,617,49.464359,50.732994,-1.2686349999999962,37.972,38.40137337852301,-0.4293733785230103
pi4b8g,margin,oi_svdd_as_elm_revision,n512,B1,618,50.610173,50.732994,-0.12282099999999474,38.459,38.00525279001388,0.45374720998612617
pi4b8g,margin,oi_svdd_as_elm_revision,n512,B1,619,49.422378,50.732994,-1.310615999999996,36.998,38.401296277953655,-1.4032962779536575
pi4b8g,margin,oi_svdd_as_elm_revision,n512,B1,620,49.577005,50.732994,-1.1559889999999982,37.485,37.206905430089265,0.2780945699107349
pi4b8g,margin,oi_svdd_as_elm_revision,n512,B1,621,49.475433,50.732994,-1.2575609999999955,37.485,37.604943830292854,-0.11994383029285416
pi4b8g,margin,oi_svdd_as_elm_revision,n512,B1,622,49.569524,50.732994,-1.1634699999999967,37.485,37.605116633934294,-0.12011663393429473
pi4b8g,margin,oi_svdd_as_elm_revision,n512,B1,623,49.464691,50.732994,-1.268302999999996,39.433,37.60492410197966,1.8280758980203373
pi4b8g,margin,oi_svdd_as_elm_revision,n512,B1,624,49.451451,50.732994,-1.2815429999999992,38.946,39.19779955850457,-0.2517995585045725
pi4b8g,margin,oi_svdd_as_elm_revision,n512,B1,625,49.562671,50.732994,-1.1703229999999962,38.459,38.79977887741899,-0.34077887741898394
pi4b8g,margin,oi_svdd_as_elm_revision,n512,B1,626,49.469654,50.732994,-1.2633399999999995,37.972,38.401383103101146,-0.429383103101145
pi4b8g,margin,oi_svdd_as_elm_revision,n512,B1,627,49.60293,50.732994,-1.1300639999999973,37.972,38.0034029291535,-0.031402929153500736
pi4b8g,margin,oi_svdd_as_elm_revision,n512,B1,628,50.422416,50.732994,-0.3105779999999996,38.459,38.00490796326844,0.4540920367315664
pi4b8g,margin,oi_svdd_as_elm_revision,n512,B1,629,49.56769,50.732994,-1.165303999999999,38.946,38.40156315196652,0.5444368480334774
pi4b8g,margin,oi_svdd_as_elm_revision,n512,B1,630,49.376175,50.732994,-1.3568189999999944,37.972,38.40121142343361,-0.42921142343360685
pi4b8g,margin,oi_svdd_as_elm_revision,n512,B1,631,49.712687,50.732994,-1.0203069999999954,36.998,38.003604504323,-1.0056045043230029
pi4b8g,margin,oi_svdd_as_elm_revision,n512,B1,632,49.405582,50.732994,-1.3274119999999954,37.485,37.20659060169307,0.2784093983069269
pi4b8g,margin,oi_svdd_as_elm_revision,n512,B1,633,49.603412,50.732994,-1.1295819999999992,38.459,37.605178871234365,0.8538211287656381
pi4b8g,margin,oi_svdd_as_elm_revision,n512,B1,634,49.578338,50.732994,-1.1546559999999957,37.972,38.4015827076432,-0.42958270764319906
pi4b8g,margin,oi_svdd_as_elm_revision,n512,B1,635,49.662615,50.732994,-1.0703789999999955,37.485,38.00351254415747,-0.518512544157474
pi4b8g,margin,oi_svdd_as_elm_revision,n512,B1,636,49.6518,50.732994,-1.0811939999999964,38.459,37.60526773863509,0.853732261364911
pi4b8g,margin,oi_svdd_as_elm_revision,n512,B1,637,49.572912,50.732994,-1.1600819999999956,37.972,38.40157274247588,-0.4295727424758766
pi4b8g,margin,oi_svdd_as_elm_revision,n512,B1,638,49.574023,50.732994,-1.158971000000001,38.946,38.79979972603296,0.1462002739670396
pi4b8g,margin,oi_svdd_as_elm_revision,n512,B1,639,49.381156,50.732994,-1.3518380000000008,38.459,38.79944551447273,-0.34044551447272653
pi4b8g,margin,lucid_revision,n64,B0,640,20.886188,23.556491,-2.6703030000000005,37.972,37.23916486369568,0.732835136304324
pi4b8g,margin,lucid_revision,n64,B0,641,19.031515,23.556491,-4.524976000000002,37.972,37.235758647925,0.7362413520749982
pi4b8g,margin,lucid_revision,n64,B0,642,19.027793,23.556491,-4.528698000000002,36.998,37.63397675539406,-0.6359767553940614
pi4b8g,margin,lucid_revision,n64,B0,643,19.001793,23.556491,-4.554698000000002,37.485,36.83747911858792,0.6475208814120776
pi4b8g,margin,lucid_revision,n64,B0,644,18.982719,23.556491,-4.573772000000002,37.485,37.23566903120834,0.24933096879166072
pi4b8g,margin,lucid_revision,n64,B0,645,19.19105,23.556491,-4.365441000000001,36.998,37.236051643311775,-0.23805164331177764
pi4b8g,margin,lucid_revision,n64,B0,646,19.054626,23.556491,-4.501865000000002,37.485,36.83757614949192,0.6474238505080763
pi4b8g,margin,lucid_revision,n64,B0,647,19.067922,23.556491,-4.488569000000002,37.972,37.23582551151635,0.7361744884836483
pi4b8g,margin,lucid_revision,n64,B0,648,19.021386,23.556491,-4.5351050000000015,37.972,37.63396498856269,0.33803501143731296
pi4b8g,margin,lucid_revision,n64,B0,649,18.997238,23.556491,-4.559253000000002,37.485,37.63392063934402,-0.1489206393440199
pi4b8g,margin,lucid_revision,n64,B0,650,19.044996,23.556491,-4.511495,37.972,37.235783406572374,0.7362165934276277
pi4b8g,margin,lucid_revision,n64,B0,651,19.052922,23.556491,-4.503569000000002,37.485,37.634022906276776,-0.14902290627677672
pi4b8g,margin,lucid_revision,n64,B0,652,18.97296,23.556491,-4.583531000000001,37.485,37.23565110823232,0.24934889176768138
pi4b8g,margin,lucid_revision,n64,B0,653,19.086348,23.556491,-4.470143,37.485,37.23585935194633,0.2491406480536682
pi4b8g,margin,lucid_revision,n64,B0,654,19.038774,23.556491,-4.517717000000001,36.998,37.23577197950436,-0.2377719795043589
pi4b8g,margin,lucid_revision,n64,B0,655,19.044144,23.556491,-4.512347000000002,36.511,36.837556898683985,-0.3265568986839824
pi4b8g,margin,lucid_revision,n64,B0,656,19.099865,23.556491,-4.456626,36.511,36.439434290429006,0.07156570957099717
pi4b8g,margin,lucid_revision,n64,B0,657,19.072977,23.556491,-4.4835139999999996,36.998,36.439384909039596,0.5586150909604015
pi4b8g,margin,lucid_revision,n64,B0,658,18.931073,23.556491,-4.625418,36.998,36.83734923715907,0.16065076284093038
pi4b8g,margin,lucid_revision,n64,B0,659,19.032756,23.556491,-4.523735000000002,36.511,37.235760927094304,-0.7247609270943016
pi4b8g,margin,lucid_revision,n64,B0,660,19.046422,23.556491,-4.510069000000001,36.511,36.439336139224224,0.07166386077577869
pi4b8g,margin,lucid_revision,n64,B0,661,19.004145,23.556491,-4.552346,36.998,36.4392584950335,0.5587415049664983
pi4b8g,margin,lucid_revision,n64,B0,662,18.978775,23.556491,-4.577716000000002,36.511,36.83743684468055,-0.32643684468055056
pi4b8g,margin,lucid_revision,n64,B0,663,18.990608,23.556491,-4.5658829999999995,36.998,36.43923363353884,0.5587663664611568
pi4b8g,margin,lucid_revision,n64,B0,664,19.056552,23.556491,-4.499939000000001,36.998,36.83757968670391,0.1604203132960862
pi4b8g,margin,lucid_revision,n64,B0,665,19.019497,23.556491,-4.536994,38.459,36.837511633022544,1.6214883669774593
pi4b8g,margin,lucid_revision,n64,B0,666,18.936794,23.556491,-4.619697000000002,37.972,38.03203457353243,-0.060034573532426805
pi4b8g,margin,lucid_revision,n64,B0,667,19.046848,23.556491,-4.5096430000000005,36.511,37.634011751019436,-1.1230117510194333
pi4b8g,margin,lucid_revision,n64,B0,668,19.039959,23.556491,-4.5165320000000015,36.998,36.439324269545565,0.5586757304544321
pi4b8g,margin,lucid_revision,n64,B0,669,18.94335,23.556491,-4.613141000000002,37.485,36.83737178458981,0.6476282154101867
pi4b8g,margin,lucid_revision,n64,B0,670,19.033904,23.556491,-4.5225870000000015,36.024,37.235763035463656,-1.2117630354636546
pi4b8g,margin,lucid_revision,n64,B0,671,19.064051,23.556491,-4.492440000000002,36.511,36.041143572776534,0.4698564272234691
pi4b8g,margin,lucid_revision,n64,B0,672,19.018478,23.556491,-4.538012999999999,36.511,36.43928481842886,0.0717151815711432
pi4b8g,margin,lucid_revision,n64,B0,673,19.090773,23.556491,-4.4657180000000025,36.998,36.439417592437614,0.5585824075623833
pi4b8g,margin,lucid_revision,n64,B0,674,19.120773,23.556491,-4.435718000000001,36.511,36.837697632338,-0.3266976323379964
pi4b8g,margin,lucid_revision,n64,B0,675,19.069737,23.556491,-4.486754000000001,36.024,36.43937895858952,-0.4153789585895211
pi4b8g,margin,lucid_revision,n64,B0,676,19.093569,23.556491,-4.4629220000000025,36.511,36.04119778431524,0.46980221568476566
pi4b8g,margin,lucid_revision,n64,B0,677,18.95309,23.556491,-4.603401000000002,36.998,37.23561461581162,-0.2376146158116228
pi4b8g,margin,lucid_revision,n64,B0,678,19.013849,23.556491,-4.542642000000001,36.511,36.8375012601392,-0.3265012601391959
pi4b8g,margin,lucid_revision,n64,B0,679,19.187549,23.556491,-4.3689420000000005,36.998,36.439595327239076,0.558404672760922
pi4b8g,margin,oi_svdd_as_elm_revision,n256,B1,680,25.694348,25.768173,-0.07382499999999936,37.485,36.36855696313062,1.1164430368693772
pi4b8g,margin,oi_svdd_as_elm_revision,n256,B1,681,25.562276,25.768173,-0.20589700000000022,36.998,37.56298923457571,-0.5649892345757124
pi4b8g,margin,oi_svdd_as_elm_revision,n256,B1,682,25.552628,25.768173,-0.21554500000000232,36.511,37.1647465723173,-0.6537465723172957
pi4b8g,margin,oi_svdd_as_elm_revision,n256,B1,683,25.622127,25.768173,-0.1460460000000019,37.972,36.76664926816762,1.2053507318323824
pi4b8g,margin,oi_svdd_as_elm_revision,n256,B1,684,25.439093,25.768173,-0.32908000000000115,37.485,37.960987944909974,-0.4759879449099742
pi4b8g,margin,oi_svdd_as_elm_revision,n256,B1,685,25.521647,25.768173,-0.24652599999999936,37.972,37.56291461703367,0.4090853829663317
pi4b8g,margin,oi_svdd_as_elm_revision,n256,B1,686,25.531277,25.768173,-0.23689600000000155,36.998,37.96115724623404,-0.9631572462340401
pi4b8g,margin,oi_svdd_as_elm_revision,n256,B1,687,25.541017,25.768173,-0.2271560000000008,37.485,37.16472524803463,0.32027475196537125
pi4b8g,margin,oi_svdd_as_elm_revision,n256,B1,688,25.525795,25.768173,-0.2423780000000022,37.485,37.56292223507902,-0.07792223507902207
pi4b8g,margin,oi_svdd_as_elm_revision,n256,B1,689,25.520703,25.768173,-0.24746999999999986,36.998,37.56291288332229,-0.5649128833222932
pi4b8g,margin,oi_svdd_as_elm_revision,n256,B1,690,25.469925,25.768173,-0.29824800000000096,37.972,37.164594683405944,0.8074053165940569
pi4b8g,margin,oi_svdd_as_elm_revision,n256,B1,691,25.632053,25.768173,-0.1361200000000018,36.511,37.96134232727016,-1.4503423272701568
pi4b8g,margin,oi_svdd_as_elm_revision,n256,B1,692,25.475185,25.768173,-0.29298800000000114,37.972,36.76637940056413,1.2056205994358749
pi4b8g,margin,oi_svdd_as_elm_revision,n256,B1,693,25.642497,25.768173,-0.12567600000000212,36.998,37.96136150828887,-0.9633615082888696
pi4b8g,margin,oi_svdd_as_elm_revision,n256,B1,694,25.457352,25.768173,-0.3108210000000007,37.485,37.16457159235384,0.3204284076461619
pi4b8g,margin,oi_svdd_as_elm_revision,n256,B1,695,25.472259,25.768173,-0.2959139999999998,38.459,37.562823913074276,0.8961760869257276
pi4b8g,margin,oi_svdd_as_elm_revision,n256,B1,696,25.504462,25.768173,-0.2637110000000007,37.485,38.359332942053825,-0.874332942053826
pi4b8g,margin,oi_svdd_as_elm_revision,n256,B1,697,25.537758,25.768173,-0.2304150000000007,36.998,37.56294420583034,-0.5649442058303435
pi4b8g,margin,oi_svdd_as_elm_revision,n256,B1,698,25.524387,25.768173,-0.24378600000000006,36.998,37.16469470606401,-0.16669470606401404
pi4b8g,margin,oi_svdd_as_elm_revision,n256,B1,699,25.526721,25.768173,-0.24145200000000244,37.485,37.16469899259194,0.32030100740806233
pi4b8g,margin,oi_svdd_as_elm_revision,n256,B1,700,25.430408,25.768173,-0.337765000000001,36.998,37.562747051257546,-0.5647470512575481
pi4b8g,margin,oi_svdd_as_elm_revision,n256,B1,701,25.551202,25.768173,-0.2169710000000009,37.485,37.16474395338464,0.3202560466153628
pi4b8g,margin,oi_svdd_as_elm_revision,n256,B1,702,25.476296,25.768173,-0.2918769999999995,37.972,37.56283132726161,0.40916867273838875
pi4b8g,margin,oi_svdd_as_elm_revision,n256,B1,703,25.729828,25.768173,-0.03834499999999963,36.998,37.96152189679373,-0.9635218967937291
pi4b8g,margin,oi_svdd_as_elm_revision,n256,B1,704,25.450371,25.768173,-0.31780200000000036,36.998,37.164558771337795,-0.1665587713377974
pi4b8g,margin,oi_svdd_as_elm_revision,n256,B1,705,25.590961,25.768173,-0.1772120000000008,37.972,37.16481697312064,0.8071830268793647
pi4b8g,margin,oi_svdd_as_elm_revision,n256,B1,706,25.641312,25.768173,-0.12686100000000167,36.998,37.96135933196685,-0.9633593319668492
pi4b8g,margin,oi_svdd_as_elm_revision,n256,B1,707,25.551999,25.768173,-0.2161740000000023,37.485,37.1647454171219,0.3202545828780998
pi4b8g,margin,oi_svdd_as_elm_revision,n256,B1,708,25.548128,25.768173,-0.2200450000000025,37.485,37.5629632509437,-0.0779632509437036
pi4b8g,margin,oi_svdd_as_elm_revision,n256,B1,709,25.451852,25.768173,-0.3163210000000021,37.485,37.56278643442158,-0.07778643442158284
pi4b8g,margin,oi_svdd_as_elm_revision,n256,B1,710,25.6477,25.768173,-0.1204730000000005,36.998,37.56314612076319,-0.5651461207631954
pi4b8g,margin,oi_svdd_as_elm_revision,n256,B1,711,25.523647,25.768173,-0.24452600000000047,36.998,37.1646933470106,-0.16669334701060023
pi4b8g,margin,oi_svdd_as_elm_revision,n256,B1,712,25.582368,25.768173,-0.185805000000002,37.485,37.164801191572025,0.32019880842797477
pi4b8g,margin,oi_svdd_as_elm_revision,n256,B1,713,25.598386,25.768173,-0.16978699999999947,37.972,37.56305555270914,0.4089444472908639
pi4b8g,margin,oi_svdd_as_elm_revision,n256,B1,714,25.395186,25.768173,-0.37298700000000196,37.972,37.96090730712863,0.011092692871372378
pi4b8g,margin,oi_svdd_as_elm_revision,n256,B1,715,25.557238,25.768173,-0.2109349999999992,37.972,37.961204925133565,0.010795074866436494
pi4b8g,margin,oi_svdd_as_elm_revision,n256,B1,716,26.922123,25.768173,1.1539499999999983,37.485,37.96371161650836,-0.47871161650836314
pi4b8g,margin,oi_svdd_as_elm_revision,n256,B1,717,25.493036,25.768173,-0.27513700000000085,37.972,37.56286207125368,0.4091379287463184
pi4b8g,margin,oi_svdd_as_elm_revision,n256,B1,718,25.614089,25.768173,-0.154084000000001,37.972,37.961309335330284,0.01069066466971691
pi4b8g,margin,oi_svdd_as_elm_revision,n256,B1,719,25.479555,25.768173,-0.2886179999999996,37.972,37.96106225574672,0.0109377442532832
pi4b8g,margin,tinydl_revision,n1024,B1,720,46.989565,45.918356,1.071208999999996,36.998,38.40234738537219,-1.4043473853721906
pi4b8g,margin,tinydl_revision,n1024,B1,721,44.681826,45.918356,-1.236530000000002,37.972,37.203434257891715,0.7685657421082865
pi4b8g,margin,tinydl_revision,n1024,B1,722,44.503755,45.918356,-1.4146010000000047,38.946,37.999557106334336,0.9464428936656617
pi4b8g,margin,tinydl_revision,n1024,B1,723,45.582144,45.918356,-0.3362120000000033,38.459,38.79798751727838,-0.33898751727837606
pi4b8g,margin,tinydl_revision,n1024,B1,724,44.80449,45.918356,-1.1138660000000016,37.972,38.39833436694516,-0.4263343669451558
pi4b8g,margin,tinydl_revision,n1024,B1,725,44.750103,45.918356,-1.168253,37.972,38.00000953888858,-0.02800953888857549
pi4b8g,margin,tinydl_revision,n1024,B1,726,44.460329,45.918356,-1.4580270000000013,38.459,38.39770229507812,0.06129770492188413
pi4b8g,margin,tinydl_revision,n1024,B1,727,44.465607,45.918356,-1.4527490000000043,37.485,38.39771198843476,-0.9127119884347579
pi4b8g,margin,tinydl_revision,n1024,B1,728,44.48607,45.918356,-1.4322860000000048,37.485,37.60129968365391,-0.11629968365391363
pi4b8g,margin,tinydl_revision,n1024,B1,729,44.583475,45.918356,-1.3348810000000029,37.485,37.60147857365077,-0.11647857365077385
pi4b8g,margin,tinydl_revision,n1024,B1,730,45.787863,45.918356,-0.1304930000000013,37.972,37.603690502869355,0.368309497130646
pi4b8g,margin,tinydl_revision,n1024,B1,731,44.585383,45.918356,-1.3329730000000026,38.459,37.99970702094512,0.45929297905488653
pi4b8g,margin,tinydl_revision,n1024,B1,732,44.917489,45.918356,-1.0008669999999995,37.972,38.39854189623785,-0.42654189623785044
pi4b8g,margin,tinydl_revision,n1024,B1,733,44.68527,45.918356,-1.2330860000000001,37.972,37.99989046928059,-0.02789046928058525
pi4b8g,margin,tinydl_revision,n1024,B1,734,44.793435,45.918356,-1.1249210000000005,37.972,38.00008912064869,-0.02808912064868707
pi4b8g,margin,tinydl_revision,n1024,B1,735,44.824249,45.918356,-1.094107000000001,37.972,38.00014571236742,-0.028145712367418696
pi4b8g,margin,tinydl_revision,n1024,B1,736,44.789732,45.918356,-1.128624000000002,39.433,38.00008231987195,1.4329176801280497
pi4b8g,margin,tinydl_revision,n1024,B1,737,44.576013,45.918356,-1.3423429999999996,37.972,37.99968981239042,-0.027689812390420343
pi4b8g,margin,tinydl_revision,n1024,B1,738,44.845342,45.918356,-1.0730140000000006,38.459,38.00018445089936,0.4588155491006418
pi4b8g,margin,tinydl_revision,n1024,B1,739,44.671529,45.918356,-1.2468270000000032,38.946,38.39809017626837,0.5479098237316293
pi4b8g,margin,tinydl_revision,n1024,B1,740,46.13295,45.918356,0.21459399999999818,37.972,38.798999104810946,-0.8269991048109446
pi4b8g,margin,tinydl_revision,n1024,B1,741,44.570105,45.918356,-1.3482510000000048,38.459,37.99967896200182,0.4593210379981798
pi4b8g,margin,tinydl_revision,n1024,B1,742,44.85999,45.918356,-1.0583659999999995,38.459,38.398436295951115,0.06056370404888867
pi4b8g,margin,tinydl_revision,n1024,B1,743,44.543976,45.918356,-1.3743800000000022,38.459,38.39785591770085,0.06114408229915114
pi4b8g,margin,tinydl_revision,n1024,B1,744,44.706473,45.918356,-1.2118830000000003,38.459,38.398154352974394,0.060845647025608685
pi4b8g,margin,tinydl_revision,n1024,B1,745,44.500533,45.918356,-1.4178230000000056,38.459,38.397776132082726,0.06122386791727763
pi4b8g,margin,tinydl_revision,n1024,B1,746,44.554772,45.918356,-1.363584000000003,37.972,38.39787574518821,-0.4258757451882076
pi4b8g,margin,tinydl_revision,n1024,B1,747,46.064099,45.918356,0.14574299999999596,37.972,38.00242276962942,-0.0304227696294177
pi4b8g,margin,tinydl_revision,n1024,B1,748,44.716084,45.918356,-1.2022720000000007,38.459,38.39817200413973,0.06082799586027221
pi4b8g,margin,tinydl_revision,n1024,B1,749,48.269228,45.918356,2.3508719999999954,38.459,38.40469756154435,0.054302438455650304
pi4b8g,margin,tinydl_revision,n1024,B1,750,45.985619,45.918356,0.06726299999999696,38.459,38.40050357964573,0.05849642035427394
pi4b8g,margin,tinydl_revision,n1024,B1,751,44.851934,45.918356,-1.0664220000000029,37.972,38.79664644377491,-0.8246464437749097
pi4b8g,margin,tinydl_revision,n1024,B1,752,44.60529,45.918356,-1.3130660000000063,39.433,37.999743581318484,1.4332564186815162
pi4b8g,margin,tinydl_revision,n1024,B1,753,44.511847,45.918356,-1.4065089999999998,37.972,39.19424679718829,-1.2222467971882907
pi4b8g,margin,tinydl_revision,n1024,B1,754,44.491069,45.918356,-1.4272869999999998,37.972,37.9995338077511,-0.02753380775109804
pi4b8g,margin,tinydl_revision,n1024,B1,755,44.565494,45.918356,-1.3528620000000018,38.459,37.999670493629814,0.45932950637018877
pi4b8g,margin,tinydl_revision,n1024,B1,756,44.510106,45.918356,-1.4082500000000024,39.433,38.39779371345883,1.0352062865411682
pi4b8g,margin,tinydl_revision,n1024,B1,757,44.365645,45.918356,-1.5527110000000022,38.946,39.193978288638206,-0.24797828863820826
pi4b8g,margin,tinydl_revision,n1024,B1,758,44.593716,45.918356,-1.3246400000000023,37.972,38.7961722112693,-0.8241722112692997
pi4b8g,margin,tinydl_revision,n1024,B1,759,44.745547,45.918356,-1.1728090000000009,38.459,38.000001171527295,0.45899882847270845
pi4b8g,margin,fisvdd_revision,n64,B0,760,4.882141,4.837551,0.04458999999999946,38.459,38.138281948166956,0.32071805183304747
pi4b8g,margin,fisvdd_revision,n64,B0,761,4.709995,4.837551,-0.12755600000000022,37.485,38.137965791938846,-0.652965791938847
pi4b8g,margin,fisvdd_revision,n64,B0,762,4.627219,4.837551,-0.21033200000000019,38.459,37.34136388267789,1.1176361173221139
pi4b8g,margin,fisvdd_revision,n64,B0,763,4.649422,4.837551,-0.188129,36.998,38.13785454607077,-1.1398545460707723
pi4b8g,margin,fisvdd_revision,n64,B0,764,4.659033,4.837551,-0.1785180000000004,37.972,36.943197367814875,1.0288026321851262
pi4b8g,margin,fisvdd_revision,n64,B0,765,4.66257,4.837551,-0.17498100000000072,37.972,37.7396537500037,0.23234624999630427
pi4b8g,margin,fisvdd_revision,n64,B0,766,4.682236,4.837551,-0.15531500000000076,36.511,37.73968986776642,-1.2286898677664198
pi4b8g,margin,fisvdd_revision,n64,B0,767,4.652941,4.837551,-0.18461000000000016,36.998,36.943186179499484,0.05481382050051309
pi4b8g,margin,fisvdd_revision,n64,B0,768,4.649181,4.837551,-0.18837000000000081,36.998,36.9431792740389,0.054820725961100436
pi4b8g,margin,fisvdd_revision,n64,B0,769,4.638626,4.837551,-0.19892500000000002,37.972,36.94315988916218,1.0288401108378196
pi4b8g,margin,fisvdd_revision,n64,B0,770,4.640126,4.837551,-0.19742499999999996,36.998,37.739612530281,-0.741612530281003
pi4b8g,margin,fisvdd_revision,n64,B0,771,4.696144,4.837551,-0.14140700000000006,36.998,36.94326552434353,0.05473447565646694
pi4b8g,margin,fisvdd_revision,n64,B0,772,4.728088,4.837551,-0.10946300000000075,36.998,36.943324191373556,0.054675808626441835
pi4b8g,margin,fisvdd_revision,n64,B0,773,4.663033,4.837551,-0.17451799999999995,36.511,36.94320471404954,-0.43220471404954
pi4b8g,margin,fisvdd_revision,n64,B0,774,5.353262,4.837551,0.5157109999999996,36.998,36.54624741696058,0.4517525830394149
pi4b8g,margin,fisvdd_revision,n64,B0,775,4.670496,4.837551,-0.1670550000000004,37.485,36.94321842028687,0.5417815797131311
pi4b8g,margin,fisvdd_revision,n64,B0,776,4.713199,4.837551,-0.12435200000000002,36.511,37.34152178999199,-0.8305217899919839
pi4b8g,margin,fisvdd_revision,n64,B0,777,4.653959,4.837551,-0.18359199999999998,35.537,36.5449631059758,-1.0079631059758043
pi4b8g,margin,fisvdd_revision,n64,B0,778,4.677643,4.837551,-0.1599080000000006,37.485,35.74855671675042,1.736443283249578
pi4b8g,margin,fisvdd_revision,n64,B0,779,4.657385,4.837551,-0.18016600000000071,36.511,37.34141928430661,-0.8304192843066076
pi4b8g,margin,fisvdd_revision,n64,B0,780,4.73494,4.837551,-0.10261100000000045,36.511,36.54511183233313,-0.034111832333124426
pi4b8g,margin,fisvdd_revision,n64,B0,781,4.749328,4.837551,-0.08822300000000016,36.998,36.545138256739214,0.4528617432607831
pi4b8g,margin,fisvdd_revision,n64,B0,782,4.663644,4.837551,-0.1739070000000007,36.511,36.943205836186884,-0.43220583618688124
pi4b8g,margin,fisvdd_revision,n64,B0,783,4.691792,4.837551,-0.14575899999999997,36.511,36.54503258849981,-0.03403258849980517
pi4b8g,margin,fisvdd_revision,n64,B0,784,4.648367,4.837551,-0.18918400000000002,36.511,36.54495283593974,-0.0339528359397363
pi4b8g,margin,fisvdd_revision,n64,B0,785,4.642181,4.837551,-0.1953700000000005,36.511,37.739616304409054,-1.2286163044090515
pi4b8g,margin,fisvdd_revision,n64,B0,786,4.726476,4.837551,-0.11107500000000048,36.511,36.54509628770058,-0.03409628770057793
pi4b8g,margin,fisvdd_revision,n64,B0,787,4.701736,4.837551,-0.13581500000000002,36.511,36.54505085123918,-0.03405085123917928
pi4b8g,margin,fisvdd_revision,n64,B0,788,4.661977,4.837551,-0.17557400000000012,36.024,36.54497783150318,-0.5209778315031812
pi4b8g,margin,fisvdd_revision,n64,B0,789,4.666829,4.837551,-0.17072200000000048,36.024,36.14676179934542,-0.12276179934541886
pi4b8g,margin,fisvdd_revision,n64,B0,790,4.661662,4.837551,-0.17588900000000063,37.485,36.14675230984679,1.33824769015321
pi4b8g,margin,fisvdd_revision,n64,B0,791,4.648719,4.837551,-0.18883200000000055,36.024,37.34140336868921,-1.317403368689206
pi4b8g,margin,fisvdd_revision,n64,B0,792,4.667958,4.837551,-0.16959300000000077,35.537,36.14676387282015,-0.6097638728201531
pi4b8g,margin,fisvdd_revision,n64,B0,793,4.635422,4.837551,-0.20212900000000023,37.485,35.748479175406985,1.7365208245930148
pi4b8g,margin,fisvdd_revision,n64,B0,794,4.726699,4.837551,-0.1108520000000004,36.511,37.34154658353398,-0.8305465835339803
pi4b8g,margin,fisvdd_revision,n64,B0,795,4.716866,4.837551,-0.12068500000000082,36.024,36.5450786383718,-0.5210786383717974
pi4b8g,margin,fisvdd_revision,n64,B0,796,4.669329,4.837551,-0.1682220000000001,36.024,36.14676639074208,-0.12276639074207907
pi4b8g,margin,fisvdd_revision,n64,B0,797,4.710921,4.837551,-0.12663000000000046,36.024,36.14684277689012,-0.12284277689011702
pi4b8g,margin,fisvdd_revision,n64,B0,798,4.629793,4.837551,-0.2077580000000001,36.511,36.146693780558664,0.3643062194413389
pi4b8g,margin,fisvdd_revision,n64,B0,799,4.642589,4.837551,-0.1949620000000003,36.024,36.54494222430377,-0.5209422243037665
pi4b8g,margin,tinydl_revision,n1,B0,800,1.612862,1.821281,-0.2084189999999999,36.511,36.15885069250277,0.3521493074972355
pi4b8g,margin,tinydl_revision,n1,B0,801,1.495957,1.821281,-0.32532399999999995,36.511,36.556860932752336,-0.04586093275233338
pi4b8g,margin,tinydl_revision,n1,B0,802,1.577363,1.821281,-0.24391799999999986,36.511,36.557010439647094,-0.04601043964709106
pi4b8g,margin,tinydl_revision,n1,B0,803,1.512882,1.821281,-0.30839899999999987,36.998,36.55689201650775,0.44110798349224467
pi4b8g,margin,tinydl_revision,n1,B0,804,1.442809,1.821281,-0.3784719999999999,36.511,36.95498826647276,-0.4439882664727577
pi4b8g,margin,tinydl_revision,n1,B0,805,1.50392,1.821281,-0.317361,36.511,36.55687555726899,-0.04587555726898529
pi4b8g,margin,tinydl_revision,n1,B0,806,1.453587,1.821281,-0.36769399999999997,36.024,36.556783117761654,-0.5327831177616531
pi4b8g,margin,tinydl_revision,n1,B0,807,1.447365,1.821281,-0.3739159999999999,36.998,36.158546747553224,0.8394532524467735
pi4b8g,margin,tinydl_revision,n1,B0,808,1.483327,1.821281,-0.33795399999999987,36.511,36.955062680156786,-0.4440626801567831
pi4b8g,margin,tinydl_revision,n1,B0,809,1.51779,1.821281,-0.30349099999999996,36.024,36.55690103033769,-0.5329010303376904
pi4b8g,margin,tinydl_revision,n1,B0,810,1.460939,1.821281,-0.36034199999999994,36.998,36.15857167700056,0.8394283229994386
pi4b8g,margin,tinydl_revision,n1,B0,811,1.528122,1.821281,-0.29315899999999995,36.511,36.95514494880223,-0.44414494880222577
pi4b8g,margin,tinydl_revision,n1,B0,812,1.520382,1.821281,-0.300899,36.024,36.55690579069775,-0.5329057906977468
pi4b8g,margin,tinydl_revision,n1,B0,813,1.450791,1.821281,-0.37049,36.024,36.15855303960321,-0.13455303960321174
pi4b8g,margin,tinydl_revision,n1,B0,814,1.429995,1.821281,-0.391286,36.024,36.158514846529194,-0.13451484652919277
pi4b8g,margin,tinydl_revision,n1,B0,815,1.495901,1.821281,-0.32538,36.024,36.158635886764635,-0.13463588676463445
pi4b8g,margin,tinydl_revision,n1,B0,816,1.439142,1.821281,-0.382139,35.537,36.15853164553131,-0.6215316455313129
pi4b8g,margin,tinydl_revision,n1,B0,817,1.441217,1.821281,-0.38006399999999996,35.537,35.76031051325013,-0.22331051325013362
pi4b8g,margin,tinydl_revision,n1,B0,818,1.479179,1.821281,-0.3421019999999999,36.024,35.76038023269021,0.2636197673097911
pi4b8g,margin,tinydl_revision,n1,B0,819,1.491716,1.821281,-0.3295649999999999,36.511,36.15862820076662,0.35237179923338147
pi4b8g,margin,tinydl_revision,n1,B0,820,1.445531,1.821281,-0.37575000000000003,36.024,36.556768322445045,-0.5327683224450439
pi4b8g,margin,tinydl_revision,n1,B0,821,1.547845,1.821281,-0.273436,36.024,36.15873128496798,-0.1347312849679767
pi4b8g,margin,tinydl_revision,n1,B0,822,1.464994,1.821281,-0.356287,36.024,36.158579124245946,-0.13457912424594554
pi4b8g,margin,tinydl_revision,n1,B0,823,1.444864,1.821281,-0.376417,36.024,35.76031721117959,0.26368278882041096
pi4b8g,margin,tinydl_revision,n1,B0,824,1.490253,1.821281,-0.3310279999999999,35.537,36.15862551388129,-0.6216255138812912
pi4b8g,margin,tinydl_revision,n1,B0,825,1.484642,1.821281,-0.3366389999999999,36.511,35.7603902658102,0.7506097341898013
pi4b8g,margin,tinydl_revision,n1,B0,826,1.441735,1.821281,-0.37954599999999994,35.537,36.55676135086835,-1.0197613508683503
pi4b8g,margin,tinydl_revision,n1,B0,827,1.544159,1.821281,-0.27712199999999987,36.024,35.76049957227232,0.2635004277276778
pi4b8g,margin,tinydl_revision,n1,B0,828,1.522956,1.821281,-0.29832499999999995,36.024,35.76046063171893,0.26353936828107294
pi4b8g,margin,tinydl_revision,n1,B0,829,1.486253,1.821281,-0.3350279999999999,35.05,36.15861816764663,-1.1086181676466325
pi4b8g,margin,tinydl_revision,n1,B0,830,1.431087,1.821281,-0.39019399999999993,36.511,35.36206696577043,1.1489330342295716
pi4b8g,margin,tinydl_revision,n1,B0,831,1.544863,1.821281,-0.27641799999999983,36.024,36.556950751490454,-0.5329507514904535
pi4b8g,margin,tinydl_revision,n1,B0,832,1.46692,1.821281,-0.3543609999999999,35.537,36.158582661457935,-0.6215826614579356
pi4b8g,margin,tinydl_revision,n1,B0,833,1.438346,1.821281,-0.382935,35.537,36.15853018363062,-0.6215301836306182
pi4b8g,margin,tinydl_revision,n1,B0,834,1.486753,1.821281,-0.33452799999999994,36.024,35.76039414278555,0.2636058572144506
pi4b8g,margin,tinydl_revision,n1,B0,835,1.43918,1.821281,-0.382101,36.024,36.15853171532054,-0.13453171532054142
pi4b8g,margin,tinydl_revision,n1,B0,836,1.434587,1.821281,-0.38669399999999987,36.024,36.15852328000659,-0.13452328000659008
pi4b8g,margin,tinydl_revision,n1,B0,837,1.50566,1.821281,-0.31562099999999993,35.05,36.158653809740656,-1.1086538097406589
pi4b8g,margin,tinydl_revision,n1,B0,838,1.459976,1.821281,-0.361305,35.537,35.76034496525415,-0.22334496525414949
pi4b8g,margin,tinydl_revision,n1,B0,839,1.493309,1.821281,-0.32797199999999993,36.024,35.76040618326416,0.2635938167358418
pi4b8g,margin,lucid_revision,n1024,B0,840,335.897696,318.610957,17.28673900000001,36.024,36.61517386916312,-0.5911738691631214
pi4b8g,margin,lucid_revision,n1024,B0,841,293.169339,318.610957,-25.441618000000005,37.972,36.53670073483238,1.4352992651676217
pi4b8g,margin,lucid_revision,n1024,B0,842,312.356202,318.610957,-6.254754999999989,37.485,38.164838306909324,-0.6798383069093248
pi4b8g,margin,lucid_revision,n1024,B0,843,313.894713,318.610957,-4.716243999999961,36.998,37.769438929478646,-0.7714389294786486
pi4b8g,margin,lucid_revision,n1024,B0,844,313.853417,318.610957,-4.757540000000006,38.459,37.37113814381157,1.0878618561884323
pi4b8g,margin,lucid_revision,n1024,B0,845,312.420162,318.610957,-6.19079499999998,37.972,38.56318071634202,-0.5911807163420164
pi4b8g,margin,lucid_revision,n1024,B0,846,313.779121,318.610957,-4.83183600000001,38.459,38.16745158112974,0.2915484188702635
pi4b8g,margin,lucid_revision,n1024,B0,847,312.951764,318.610957,-5.659192999999959,38.459,38.56415703460196,-0.1051570346019588
pi4b8g,margin,lucid_revision,n1024,B0,848,314.249817,318.610957,-4.361139999999978,38.946,38.56654098508799,0.3794590149120083
pi4b8g,margin,lucid_revision,n1024,B0,849,311.913726,318.610957,-6.697230999999988,38.946,38.960475560057866,-0.014475560057867654
pi4b8g,margin,lucid_revision,n1024,B0,850,314.452016,318.610957,-4.15894099999997,38.946,38.965137278554096,-0.019137278554097747
pi4b8g,margin,lucid_revision,n1024,B0,851,312.337088,318.610957,-6.273868999999991,38.459,38.9612530892078,-0.5022530892077981
pi4b8g,margin,lucid_revision,n1024,B0,852,314.014985,318.610957,-4.595971999999961,38.946,38.56610970234334,0.37989029765665805
pi4b8g,margin,lucid_revision,n1024,B0,853,312.996576,318.610957,-5.61438099999998,39.433,38.96246427760931,0.47053572239069297
pi4b8g,margin,lucid_revision,n1024,B0,854,315.60783,318.610957,-3.0031270000000063,39.433,39.36548494191245,0.06751505808755098
pi4b8g,margin,lucid_revision,n1024,B0,855,312.714655,318.610957,-5.8963019999999915,39.433,39.36017145629405,0.0728285437059526
pi4b8g,margin,lucid_revision,n1024,B0,856,315.461275,318.610957,-3.1496819999999843,37.972,39.36521578505716,-1.3932157850571585
pi4b8g,margin,lucid_revision,n1024,B0,857,313.021539,318.610957,-5.5894179999999665,38.946,38.166060237342464,0.7799397626575342
pi4b8g,margin,lucid_revision,n1024,B0,858,314.718843,318.610957,-3.8921139999999923,39.433,38.96562732199326,0.46737267800673976
pi4b8g,margin,lucid_revision,n1024,B0,859,312.161071,318.610957,-6.449885999999992,38.459,39.35915476680151,-0.9001547668015064
pi4b8g,margin,lucid_revision,n1024,B0,860,314.870507,318.610957,-3.74045000000001,39.433,38.567680918686364,0.8653190813136362
pi4b8g,margin,lucid_revision,n1024,B0,861,312.676431,318.610957,-5.934526000000005,38.946,39.3601012556756,-0.41410125567560385
pi4b8g,margin,lucid_revision,n1024,B0,862,313.991576,318.610957,-4.619380999999976,38.946,38.964291653481936,-0.018291653481938397
pi4b8g,margin,lucid_revision,n1024,B0,863,312.763171,318.610957,-5.847785999999985,38.946,38.96203561563387,-0.01603561563387501
pi4b8g,margin,lucid_revision,n1024,B0,864,314.343217,318.610957,-4.267740000000003,38.946,38.9649374628078,-0.01893746280779851
pi4b8g,margin,lucid_revision,n1024,B0,865,312.113403,318.610957,-6.49755399999998,40.407,38.96084227858261,1.4461577214173857
pi4b8g,margin,lucid_revision,n1024,B0,866,314.743544,318.610957,-3.867412999999999,39.433,40.1603475162501,-0.7273475162500986
pi4b8g,margin,lucid_revision,n1024,B0,867,312.429546,318.610957,-6.181410999999969,39.433,39.35964783688935,0.0733521631106484
pi4b8g,margin,lucid_revision,n1024,B0,868,313.879502,318.610957,-4.731454999999983,40.407,39.36231076614642,1.0446892338535747
pi4b8g,margin,lucid_revision,n1024,B0,869,313.527304,318.610957,-5.08365299999997,38.946,40.158113820138205,-1.2121138201382067
pi4b8g,margin,lucid_revision,n1024,B0,870,314.489473,318.610957,-4.1214840000000095,38.946,38.96520607053205,-0.019206070532050035
pi4b8g,margin,lucid_revision,n1024,B0,871,312.858852,318.610957,-5.752104999999972,39.92,38.56398639626319,1.3560136037368125
pi4b8g,margin,lucid_revision,n1024,B0,872,313.871391,318.610957,-4.739565999999968,39.92,39.76052081295949,0.15947918704051034
pi4b8g,margin,lucid_revision,n1024,B0,873,313.500878,318.610957,-5.110078999999985,39.433,39.75984034409849,-0.3268403440984926
pi4b8g,margin,lucid_revision,n1024,B0,874,314.183291,318.610957,-4.427665999999988,39.433,39.362868692466996,0.07013130753300345
pi4b8g,margin,lucid_revision,n1024,B0,875,312.315694,318.610957,-6.295262999999977,38.946,39.35943874101212,-0.4134387410121221
pi4b8g,margin,lucid_revision,n1024,B0,876,315.606656,318.610957,-3.004300999999998,39.433,38.96725784265216,0.4657421573478402
pi4b8g,margin,lucid_revision,n1024,B0,877,312.931497,318.610957,-5.679460000000006,38.946,39.3605696993483,-0.41456969934829857
pi4b8g,margin,lucid_revision,n1024,B0,878,314.123662,318.610957,-4.4872949999999605,39.433,38.96453423716989,0.46846576283010677
pi4b8g,margin,lucid_revision,n1024,B0,879,313.884185,318.610957,-4.726771999999983,39.92,39.362319366750654,0.5576806332493476
pi4b8g,margin,tinydl_revision,n64,B1,880,4.449684,5.721395,-1.2717109999999998,37.485,37.93384873513921,-0.4488487351392081
pi4b8g,margin,tinydl_revision,n64,B1,881,4.24354,5.721395,-1.477855,37.972,37.53524519644916,0.4367548035508406
pi4b8g,margin,tinydl_revision,n64,B1,882,4.2283,5.721395,-1.4930950000000003,38.459,37.9334421504355,0.5255578495644997
pi4b8g,margin,tinydl_revision,n64,B1,883,4.225985,5.721395,-1.4954100000000006,38.459,38.3316628419426,0.12733715805740076
pi4b8g,margin,tinydl_revision,n64,B1,884,4.213836,5.721395,-1.5075590000000005,38.459,38.331640529591375,0.12735947040862783
pi4b8g,margin,tinydl_revision,n64,B1,885,4.266224,5.721395,-1.455171,38.459,38.33173674322676,0.12726325677324013
pi4b8g,margin,tinydl_revision,n64,B1,886,4.259984,5.721395,-1.461411,38.459,38.33172528310069,0.1272747168993149
pi4b8g,margin,tinydl_revision,n64,B1,887,4.374815,5.721395,-1.3465800000000003,37.972,38.33193617696886,-0.3599361769688585
pi4b8g,margin,tinydl_revision,n64,B1,888,4.198299,5.721395,-1.5230960000000007,38.459,37.93338705183896,0.5256129481610401
pi4b8g,margin,tinydl_revision,n64,B1,889,4.231577,5.721395,-1.4898180000000005,37.485,38.33167311197867,-0.8466731119786672
pi4b8g,margin,tinydl_revision,n64,B1,890,4.237133,5.721395,-1.4842620000000002,37.972,37.53523342961779,0.4367665703822112
pi4b8g,margin,tinydl_revision,n64,B1,891,4.201929,5.721395,-1.5194660000000004,37.972,37.933393718546924,0.03860628145307743
pi4b8g,margin,tinydl_revision,n64,B1,892,4.199503,5.721395,-1.5218920000000002,38.946,37.9333892630556,1.0126107369443957
pi4b8g,margin,tinydl_revision,n64,B1,893,4.25778,5.721395,-1.4636149999999999,37.972,38.729946178465795,-0.7579461784657937
pi4b8g,margin,tinydl_revision,n64,B1,894,4.234188,5.721395,-1.4872070000000006,37.972,37.93345296409293,0.03854703590707231
pi4b8g,margin,tinydl_revision,n64,B1,895,4.259021,5.721395,-1.4623740000000005,37.972,37.93349857135428,0.03850142864572348
pi4b8g,margin,tinydl_revision,n64,B1,896,4.283946,5.721395,-1.437449,37.485,37.93354434757903,-0.4485443475790305
pi4b8g,margin,tinydl_revision,n64,B1,897,4.23404,5.721395,-1.487355,37.972,37.53522774914183,0.4367722508581693
pi4b8g,margin,tinydl_revision,n64,B1,898,4.247428,5.721395,-1.473967,37.972,37.933477280129665,0.038522719870336175
pi4b8g,margin,tinydl_revision,n64,B1,899,4.245558,5.721395,-1.4758370000000003,37.972,37.93347384576496,0.038526154235043464
pi4b8g,margin,tinydl_revision,n64,B1,900,4.213355,5.721395,-1.5080400000000003,38.946,37.93341470306624,1.0125852969337572
pi4b8g,margin,tinydl_revision,n64,B1,901,4.237428,5.721395,-1.4839669999999998,37.972,37.93345891454301,0.0385410854569912
pi4b8g,margin,tinydl_revision,n64,B1,902,4.244558,5.721395,-1.4768370000000006,37.972,37.9334720092063,0.03852799079370328
pi4b8g,margin,tinydl_revision,n64,B1,903,4.253132,5.721395,-1.4682630000000003,37.972,37.9334877558603,0.038512244139703
pi4b8g,margin,tinydl_revision,n64,B1,904,4.232465,5.721395,-1.4889299999999999,37.485,37.933449799702345,-0.44844979970234533
pi4b8g,margin,tinydl_revision,n64,B1,905,4.274872,5.721395,-1.446523,38.459,37.53530273950528,0.9236972604947198
pi4b8g,margin,tinydl_revision,n64,B1,906,4.235151,5.721395,-1.4862440000000001,36.998,38.33167967583934,-1.3336796758393419
pi4b8g,margin,tinydl_revision,n64,B1,907,4.226003,5.721395,-1.4953919999999998,37.972,37.13698804557942,0.8350119544205796
pi4b8g,margin,tinydl_revision,n64,B1,908,4.236799,5.721395,-1.4845959999999998,37.485,37.933457759347604,-0.4484577593476047
pi4b8g,margin,tinydl_revision,n64,B1,909,4.223392,5.721395,-1.4980030000000006,38.459,37.53520819346516,0.9237918065348438
pi4b8g,margin,tinydl_revision,n64,B1,910,4.211152,5.721395,-1.510243,38.459,38.331635600267916,0.12736439973208746
pi4b8g,margin,tinydl_revision,n64,B1,911,4.232762,5.721395,-1.488633,37.485,38.33167528830069,-0.8466752883006876
pi4b8g,margin,tinydl_revision,n64,B1,912,4.230206,5.721395,-1.4911890000000003,37.972,37.535220707775906,0.4367792922240952
pi4b8g,margin,tinydl_revision,n64,B1,913,4.527349,5.721395,-1.1940460000000002,37.972,37.933991371468004,0.0380086285319976
pi4b8g,margin,tinydl_revision,n64,B1,914,4.222151,5.721395,-1.499244,37.972,37.933430857436264,0.03856914256373756
pi4b8g,margin,tinydl_revision,n64,B1,915,4.263151,5.721395,-1.4582440000000005,36.998,37.93350615634157,-0.9355061563415745
pi4b8g,margin,tinydl_revision,n64,B1,916,4.249651,5.721395,-1.4717440000000002,37.972,37.13703147651876,0.8349685234812441
pi4b8g,margin,tinydl_revision,n64,B1,917,4.231151,5.721395,-1.4902440000000006,37.485,37.93344738646426,-0.4484473864642595
pi4b8g,margin,tinydl_revision,n64,B1,918,4.261354,5.721395,-1.4600410000000004,37.972,37.53527791290524,0.4367220870947648
pi4b8g,margin,tinydl_revision,n64,B1,919,4.240466,5.721395,-1.4809290000000006,37.972,37.933464494008234,0.03853550599176714
pi4b8g,margin,lucid_revision,n16,B2,920,6.292709,6.303917,-0.011207999999999885,38.459,37.593626123490175,0.8653738765098282
pi4b8g,margin,lucid_revision,n16,B2,921,6.035251,6.303917,-0.2686660000000005,37.485,38.38960317304998,-0.9046031730499777
pi4b8g,margin,lucid_revision,n16,B2,922,6.102805,6.303917,-0.20111200000000018,38.459,37.59327735365327,0.8657226463467325
pi4b8g,margin,lucid_revision,n16,B2,923,6.088971,6.303917,-0.2149460000000003,37.972,38.389701832981515,-0.4177018329815141
pi4b8g,margin,lucid_revision,n16,B2,924,6.052064,6.303917,-0.25185300000000055,38.459,37.99140910797041,0.46759089202959103
pi4b8g,margin,lucid_revision,n16,B2,925,6.072213,6.303917,-0.23170400000000058,37.972,38.38967105593139,-0.4176710559313861
pi4b8g,margin,lucid_revision,n16,B2,926,6.096731,6.303917,-0.2071860000000001,38.946,37.99149114153635,0.9545088584636474
pi4b8g,margin,lucid_revision,n16,B2,927,6.076213,6.303917,-0.22770400000000013,37.485,38.78790334530646,-1.3029033453064613
pi4b8g,margin,lucid_revision,n16,B2,928,6.097619,6.303917,-0.20629800000000031,37.972,37.59326782926003,0.3787321707399727
pi4b8g,margin,lucid_revision,n16,B2,929,6.066935,6.303917,-0.23698200000000025,37.972,37.991436419434336,-0.01943641943433505
pi4b8g,margin,lucid_revision,n16,B2,930,6.045121,6.303917,-0.25879600000000025,38.946,37.9913963567436,0.954603643256398
pi4b8g,margin,lucid_revision,n16,B2,931,6.087212,6.303917,-0.21670500000000015,38.459,38.78792354561522,-0.3289235456152184
pi4b8g,margin,lucid_revision,n16,B2,932,6.180396,6.303917,-0.12352100000000021,38.946,38.38986974035755,0.5561302596424511
pi4b8g,margin,lucid_revision,n16,B2,933,6.07649,6.303917,-0.2274270000000005,38.459,38.389678910892805,0.06932108910719847
pi4b8g,margin,lucid_revision,n16,B2,934,6.091249,6.303917,-0.21266799999999986,38.946,38.38970601666215,0.5562939833378451
pi4b8g,margin,lucid_revision,n16,B2,935,6.052435,6.303917,-0.2514820000000002,38.946,38.7878596756145,0.1581403243854993
pi4b8g,margin,lucid_revision,n16,B2,936,6.078102,6.303917,-0.22581499999999988,38.946,38.78790681456578,0.15809318543421824
pi4b8g,margin,lucid_revision,n16,B2,937,6.10499,6.303917,-0.1989270000000003,37.972,38.78795619595519,-0.815956195955188
pi4b8g,margin,lucid_revision,n16,B2,938,6.032084,6.303917,-0.271833,38.946,37.99137241352827,0.9546275864717302
pi4b8g,margin,lucid_revision,n16,B2,939,6.117952,6.303917,-0.18596500000000038,38.459,38.787980001428615,-0.3289800014286115
pi4b8g,margin,lucid_revision,n16,B2,940,6.113934,6.303917,-0.1899829999999998,38.459,38.38974767899549,0.0692523210045124
pi4b8g,margin,lucid_revision,n16,B2,941,6.074231,6.303917,-0.22968600000000006,38.946,38.38967476210678,0.5563252378932191
pi4b8g,margin,lucid_revision,n16,B2,942,6.178063,6.303917,-0.12585400000000035,38.459,38.78809039880659,-0.32909039880658497
pi4b8g,margin,lucid_revision,n16,B2,943,6.080639,6.303917,-0.22327800000000053,39.433,38.38968653077471,1.0433134692252892
pi4b8g,margin,lucid_revision,n16,B2,944,6.074675,6.303917,-0.22924200000000017,37.972,39.18612546381964,-1.2141254638196415
pi4b8g,margin,lucid_revision,n16,B2,945,6.07912,6.303917,-0.22479700000000058,38.459,37.99145879790168,0.4675412020983245
pi4b8g,margin,lucid_revision,n16,B2,946,6.541445,6.303917,0.23752800000000018,38.459,38.39053282802733,0.06846717197267083
pi4b8g,margin,lucid_revision,n16,B2,947,6.121675,6.303917,-0.18224200000000046,38.946,38.38976189579613,0.5562381042038709
pi4b8g,margin,lucid_revision,n16,B2,948,6.122453,6.303917,-0.18146400000000007,38.946,38.78798826777917,0.1580117322208281
pi4b8g,margin,lucid_revision,n16,B2,949,6.039991,6.303917,-0.26392600000000055,38.459,38.78783682147846,-0.32883682147845406
pi4b8g,margin,lucid_revision,n16,B2,950,6.088953,6.303917,-0.21496400000000015,38.459,38.38970179992346,0.06929820007654541
pi4b8g,margin,lucid_revision,n16,B2,951,6.098989,6.303917,-0.20492799999999978,39.433,39.18617011790705,0.2468298820929533
pi4b8g,margin,lucid_revision,n16,B2,952,6.064712,6.303917,-0.2392050000000001,38.946,39.18610716618565,-0.24010716618565198
pi4b8g,margin,lucid_revision,n16,B2,953,6.088768,6.303917,-0.21514900000000026,38.459,38.78792640330051,-0.3289264033005068
pi4b8g,margin,lucid_revision,n16,B2,954,6.052806,6.303917,-0.25111099999999986,38.946,38.38963541383736,0.556364586162637
pi4b8g,margin,lucid_revision,n16,B2,955,6.06125,6.303917,-0.24266699999999997,38.946,38.78787586487914,0.15812413512085755
pi4b8g,margin,lucid_revision,n16,B2,956,6.138971,6.303917,-0.16494600000000048,38.946,38.78801860405522,0.15798139594478045
pi4b8g,margin,lucid_revision,n16,B2,957,6.291264,6.303917,-0.012653000000000247,38.946,38.78829829908413,0.15770170091586522
pi4b8g,margin,lucid_revision,n16,B2,958,6.078491,6.303917,-0.22542600000000057,37.972,38.7879075289871,-0.815907528987097
pi4b8g,margin,lucid_revision,n16,B2,959,6.09225,6.303917,-0.21166700000000027,38.459,37.99148291191697,0.46751708808303505
pi4b8g,margin,lucid_revision,n256,B1,960,78.262089,77.1033,1.1587889999999987,38.946,38.7239554613699,0.22204453863010087
pi4b8g,margin,lucid_revision,n256,B1,961,67.971856,77.1033,-9.131444000000002,38.459,38.705056844778966,-0.2460568447789626
pi4b8g,margin,lucid_revision,n256,B1,962,68.176537,77.1033,-8.926763000000008,37.972,38.30720781030287,-0.33520781030286884
pi4b8g,margin,lucid_revision,n256,B1,963,68.080557,77.1033,-9.022743000000006,37.972,37.9088065942617,0.06319340573830345
pi4b8g,margin,lucid_revision,n256,B1,964,68.097816,77.1033,-9.00548400000001,38.459,37.90883829142771,0.5501617085722899
pi4b8g,margin,lucid_revision,n256,B1,965,68.133667,77.1033,-8.969633000000002,38.459,38.30712907703286,0.15187092296714155
pi4b8g,margin,lucid_revision,n256,B1,966,68.282294,77.1033,-8.821006000000011,38.946,38.30740203923771,0.63859796076229
pi4b8g,margin,lucid_revision,n256,B1,967,68.229684,77.1033,-8.873615999999998,38.459,38.70553036102669,-0.2465303610266858
pi4b8g,margin,lucid_revision,n256,B1,968,68.141204,77.1033,-8.962096000000003,38.946,38.307142919175526,0.6388570808244722
pi4b8g,margin,lucid_revision,n256,B1,969,68.078334,77.1033,-9.024966000000006,38.459,38.7052523978726,-0.24625239787259545
pi4b8g,margin,lucid_revision,n256,B1,970,68.116797,77.1033,-8.986502999999999,37.485,38.307098094288165,-0.8220980942881653
pi4b8g,margin,lucid_revision,n256,B1,971,68.149556,77.1033,-8.953744,38.459,38.3071582581135,0.1518417418864999
pi4b8g,margin,lucid_revision,n256,B1,972,68.17674,77.1033,-8.92656000000001,39.433,38.30720818312428,1.1257918168757186
pi4b8g,margin,lucid_revision,n256,B1,973,68.160333,77.1033,-8.94296700000001,38.946,39.10362793698706,-0.1576279369870619
pi4b8g,margin,lucid_revision,n256,B1,974,68.452717,77.1033,-8.650582999999997,38.459,38.70593997421564,-0.24693997421563552
pi4b8g,margin,lucid_revision,n256,B1,975,68.216924,77.1033,-8.886375999999998,38.946,38.307281983397715,0.638718016602283
pi4b8g,margin,lucid_revision,n256,B1,976,68.124019,77.1033,-8.979281,39.433,38.705336301055254,0.7276636989447454
pi4b8g,margin,lucid_revision,n256,B1,977,68.281164,77.1033,-8.822136,38.946,39.103849850207226,-0.15784985020722786
pi4b8g,margin,lucid_revision,n256,B1,978,68.403496,77.1033,-8.699804,38.459,38.70584957696154,-0.2468495769615373
pi4b8g,margin,lucid_revision,n256,B1,979,68.899451,77.1033,-8.203849000000005,39.433,37.9103105411339,1.5226894588660969
pi4b8g,margin,lucid_revision,n256,B1,980,68.899691,77.1033,-8.203609,38.946,39.10498581132921,-0.15898581132920953
pi4b8g,margin,lucid_revision,n256,B1,981,71.279577,77.1033,-5.823723000000001,39.92,38.7111316684461,1.2088683315539015
pi4b8g,margin,lucid_revision,n256,B1,982,69.215797,77.1033,-7.8875030000000095,39.92,39.503791301683286,0.4162086983167157
pi4b8g,margin,lucid_revision,n256,B1,983,68.177592,77.1033,-8.925708,38.946,39.50188457729349,-0.5558845772934902
pi4b8g,margin,lucid_revision,n256,B1,984,68.286923,77.1033,-8.816377000000003,39.433,38.70563548380818,0.7273645161918196
pi4b8g,margin,lucid_revision,n256,B1,985,68.060094,77.1033,-9.043205999999998,39.433,39.10344384218294,0.32955615781705916
pi4b8g,margin,lucid_revision,n256,B1,986,68.275443,77.1033,-8.827857000000009,38.946,39.103839343255096,-0.15783934325509819
pi4b8g,margin,lucid_revision,n256,B1,987,68.05402,77.1033,-9.04928000000001,38.459,38.705207743785195,-0.24620774378519172
pi4b8g,margin,lucid_revision,n256,B1,988,68.019076,77.1033,-9.084224000000006,37.972,38.30691862393877,-0.33491862393876914
pi4b8g,margin,lucid_revision,n256,B1,989,68.201425,77.1033,-8.901875000000004,39.433,37.90902857543454,1.5239714245654596
pi4b8g,margin,lucid_revision,n256,B1,990,68.127278,77.1033,-8.976022,38.946,39.10356722954036,-0.15756722954036206
pi4b8g,margin,lucid_revision,n256,B1,991,68.229665,77.1033,-8.873635000000007,39.433,38.70553032613208,0.7274696738679225
pi4b8g,margin,lucid_revision,n256,B1,992,68.092038,77.1033,-9.011262000000002,38.946,39.103502509212966,-0.15750250921296782
pi4b8g,margin,lucid_revision,n256,B1,993,68.157796,77.1033,-8.945504,38.946,38.70539833449732,0.24060166550268036
pi4b8g,margin,lucid_revision,n256,B1,994,68.555456,77.1033,-8.547843999999998,38.946,38.706128660416425,0.23987133958357276
pi4b8g,margin,lucid_revision,n256,B1,995,68.14613,77.1033,-8.957170000000005,38.459,38.70537690920392,-0.2463769092039172
pi4b8g,margin,lucid_revision,n256,B1,996,68.232739,77.1033,-8.87056100000001,39.433,38.30731102857302,1.1256889714269818
pi4b8g,margin,lucid_revision,n256,B1,997,68.320348,77.1033,-8.782952000000009,39.433,39.10392181392199,0.3290781860780072
pi4b8g,margin,lucid_revision,n256,B1,998,68.32457,77.1033,-8.77873000000001,38.459,39.10392956787268,-0.6449295678726799
pi4b8g,margin,lucid_revision,n256,B1,999,69.297925,77.1033,-7.805374999999998,39.433,38.30926730515218,1.123732694847817
pi4b8g,margin,lucid_revision,n256,B0,1000,68.16598,77.75064,-9.58466,38.459,38.11852022169554,0.34047977830446285
pi4b8g,margin,lucid_revision,n256,B0,1001,68.052872,77.75064,-9.69776800000001,39.92,38.11831249221795,1.8016875077820487
pi4b8g,margin,lucid_revision,n256,B0,1002,68.027983,77.75064,-9.722656999999998,38.459,39.31294161153055,-0.8539416115305443
pi4b8g,margin,lucid_revision,n256,B0,1003,68.33583,77.75064,-9.414810000000003,37.485,38.118832161184955,-0.6338321611849551
pi4b8g,margin,lucid_revision,n256,B0,1004,68.02002,77.75064,-9.730620000000002,39.433,37.32180227131183,2.1111977286881682
pi4b8g,margin,lucid_revision,n256,B0,1005,68.089704,77.75064,-9.660936000000007,38.459,38.914830022627555,-0.455830022627552
pi4b8g,margin,lucid_revision,n256,B0,1006,68.20022,77.75064,-9.550420000000003,37.972,37.32213321918344,0.6498667808165592
pi4b8g,margin,lucid_revision,n256,B0,1007,69.328202,77.75064,-8.422438,38.946,37.72242976744101,1.2235702325589912
pi4b8g,margin,lucid_revision,n256,B0,1008,70.906286,77.75064,-6.84435400000001,38.459,38.52177789756764,-0.06277789756763497
pi4b8g,margin,lucid_revision,n256,B0,1009,70.191446,77.75064,-7.559194000000005,39.433,38.12224010883046,1.310759891169539
pi4b8g,margin,lucid_revision,n256,B0,1010,68.112889,77.75064,-9.637751000000009,37.485,38.91487260324023,-1.4298726032402271
pi4b8g,margin,lucid_revision,n256,B0,1011,68.186684,77.75064,-9.563956000000005,38.946,37.32210835952534,1.6238916404746604
pi4b8g,margin,lucid_revision,n256,B0,1012,68.146851,77.75064,-9.603789000000006,38.459,38.51671003330523,-0.05771003330522717
pi4b8g,margin,lucid_revision,n256,B0,1013,68.198906,77.75064,-9.55173400000001,38.459,38.11858069222618,0.34041930777382134
pi4b8g,margin,lucid_revision,n256,B0,1014,68.074741,77.75064,-9.675899000000001,37.972,38.118352655919416,-0.14635265591941504
pi4b8g,margin,lucid_revision,n256,B0,1015,68.233386,77.75064,-9.517254000000008,38.459,37.72041907362857,0.7385809263714336
pi4b8g,margin,lucid_revision,n256,B0,1016,68.139684,77.75064,-9.610956000000002,37.972,38.11847192754886,-0.14647192754885907
pi4b8g,margin,lucid_revision,n256,B0,1017,68.14111,77.75064,-9.609530000000007,38.946,37.72024960334111,1.2257503966588885
pi4b8g,margin,lucid_revision,n256,B0,1018,68.06763,77.75064,-9.68301000000001,38.459,38.51656453929115,-0.057564539291149686
pi4b8g,margin,lucid_revision,n256,B0,1019,68.068352,77.75064,-9.682288,38.459,38.1183409221461,0.3406590778538998
pi4b8g,margin,lucid_revision,n256,B0,1020,68.201646,77.75064,-9.548994000000008,39.433,38.11858572439692,1.3144142756030774
pi4b8g,margin,lucid_revision,n256,B0,1021,68.229294,77.75064,-9.521346000000008,38.459,38.91508638785174,-0.45608638785173383
pi4b8g,margin,lucid_revision,n256,B0,1022,68.289959,77.75064,-9.460681000000008,38.459,38.11874791640239,0.34025208359761194
pi4b8g,margin,lucid_revision,n256,B0,1023,68.588325,77.75064,-9.162315000000007,38.946,38.11929588306532,0.8267041169346783
pi4b8g,margin,lucid_revision,n256,B0,1024,68.133333,77.75064,-9.617307000000011,38.459,38.51668520670518,-0.05768520670518029
pi4b8g,margin,lucid_revision,n256,B0,1025,68.071574,77.75064,-9.679066000000006,38.459,38.11834683953813,0.3406531604618763
pi4b8g,margin,lucid_revision,n256,B0,1026,68.116388,77.75064,-9.634252000000004,37.972,38.11842914307818,-0.1464291430781799
pi4b8g,margin,lucid_revision,n256,B0,1027,68.247479,77.75064,-9.503161000000006,37.485,37.72044495624985,-0.23544495624985018
pi4b8g,margin,lucid_revision,n256,B0,1028,68.222331,77.75064,-9.528309000000007,38.459,37.3221738273321,1.1368261726679023
pi4b8g,margin,lucid_revision,n256,B0,1029,68.272164,77.75064,-9.478476,38.946,38.11871523484093,0.8272847651590709
pi4b8g,margin,lucid_revision,n256,B0,1030,68.062074,77.75064,-9.688566000000009,38.459,38.516554335371204,-0.05755433537120069
pi4b8g,margin,lucid_revision,n256,B0,1031,68.021186,77.75064,-9.729454000000004,37.972,38.118254299020066,-0.1462542990200646
pi4b8g,margin,lucid_revision,n256,B0,1032,68.029964,77.75064,-9.720675999999997,38.459,37.72004547719162,0.7389545228083847
pi4b8g,margin,lucid_revision,n256,B0,1033,68.351218,77.75064,-9.399422000000001,38.946,38.11886042214971,0.8271395778502892
pi4b8g,margin,lucid_revision,n256,B0,1034,68.019872,77.75064,-9.730767999999998,38.946,38.516476828922386,0.4295231710776122
pi4b8g,margin,lucid_revision,n256,B0,1035,68.153443,77.75064,-9.597197000000008,38.459,38.91494708304037,-0.455947083040364
pi4b8g,margin,lucid_revision,n256,B0,1036,68.161628,77.75064,-9.589012000000011,37.485,38.11851222899223,-0.633512228992231
pi4b8g,margin,lucid_revision,n256,B0,1037,68.338589,77.75064,-9.412051000000005,38.946,37.32238734196949,1.6236126580305097
pi4b8g,margin,lucid_revision,n256,B0,1038,68.076815,77.75064,-9.673825000000008,37.485,38.5165814080825,-1.031581408082502
pi4b8g,margin,lucid_revision,n256,B0,1039,68.089611,77.75064,-9.661029,38.459,37.321930079265954,1.1370699207340493
pi4b8g,margin,tinydl_revision,n1024,B0,1040,44.734467,45.9813,-1.2468329999999952,37.972,37.41308767925938,0.5589123207406246
pi4b8g,margin,tinydl_revision,n1024,B0,1041,44.786023,45.9813,-1.1952769999999973,38.459,37.81140730801837,0.6475926919816359
pi4b8g,margin,tinydl_revision,n1024,B0,1042,44.721376,45.9813,-1.259923999999998,37.972,38.2095135231507,-0.23751352315069596
pi4b8g,margin,tinydl_revision,n1024,B0,1043,44.670746,45.9813,-1.3105539999999962,37.972,37.81119559504503,0.16080440495497328
pi4b8g,margin,tinydl_revision,n1024,B0,1044,44.616433,45.9813,-1.3648669999999967,37.972,37.811095846034206,0.16090415396579516
pi4b8g,margin,tinydl_revision,n1024,B0,1045,44.263049,45.9813,-1.718250999999995,38.459,37.81044683558659,0.6485531644134142
pi4b8g,margin,tinydl_revision,n1024,B0,1046,44.863928,45.9813,-1.117371999999996,37.485,38.20977532826165,-0.72477532826165
pi4b8g,margin,tinydl_revision,n1024,B0,1047,44.536064,45.9813,-1.4452359999999942,37.972,37.41272330051037,0.5592766994896294
pi4b8g,margin,tinydl_revision,n1024,B0,1048,44.607211,45.9813,-1.374088999999998,38.946,37.81107890929019,1.1349210907098097
pi4b8g,margin,tinydl_revision,n1024,B0,1049,44.648247,45.9813,-1.3330529999999996,38.946,38.60760416059242,0.3383958394075748
pi4b8g,margin,tinydl_revision,n1024,B0,1050,44.556119,45.9813,-1.425180999999995,37.485,38.60743496211565,-1.1224349621156477
pi4b8g,margin,tinydl_revision,n1024,B0,1051,44.458972,45.9813,-1.5223279999999946,37.972,37.4125817165297,0.5594182834703005
pi4b8g,margin,tinydl_revision,n1024,B0,1052,44.563582,45.9813,-1.4177180000000007,38.459,37.81099878207215,0.648001217927856
pi4b8g,margin,tinydl_revision,n1024,B0,1053,44.470379,45.9813,-1.5109209999999962,37.972,38.20905255243522,-0.23705255243521606
pi4b8g,margin,tinydl_revision,n1024,B0,1054,44.446213,45.9813,-1.5350869999999972,38.459,37.01433334073727,1.4446666592627366
pi4b8g,margin,tinydl_revision,n1024,B0,1055,44.578267,45.9813,-1.4030330000000006,36.998,38.20925069507657,-1.211250695076572
pi4b8g,margin,tinydl_revision,n1024,B0,1056,44.64171,45.9813,-1.339589999999994,38.946,37.01469238244679,1.931307617553209
pi4b8g,margin,tinydl_revision,n1024,B0,1057,44.933742,45.9813,-1.047557999999995,38.946,38.60812848890876,0.3378715110912367
pi4b8g,margin,tinydl_revision,n1024,B0,1058,44.831114,45.9813,-1.150185999999998,37.972,38.60794000656599,-0.6359400065659884
pi4b8g,margin,tinydl_revision,n1024,B0,1059,44.637302,45.9813,-1.3439979999999991,38.459,37.811134173177,0.6478658268230006
pi4b8g,margin,tinydl_revision,n1024,B0,1060,44.684394,45.9813,-1.296906,36.998,38.209445603538114,-1.2114456035381167
pi4b8g,margin,tinydl_revision,n1024,B0,1061,44.620747,45.9813,-1.360552999999996,38.459,37.014653882667474,1.444346117332529
pi4b8g,margin,tinydl_revision,n1024,B0,1062,44.633247,45.9813,-1.3480530000000002,37.485,38.20935166907203,-0.7243516690720284
pi4b8g,margin,tinydl_revision,n1024,B0,1063,44.81754,45.9813,-1.1637599999999964,38.459,37.41324024769744,1.0457597523025655
pi4b8g,margin,tinydl_revision,n1024,B0,1064,44.549026,45.9813,-1.4322739999999996,38.459,38.20919699226462,0.24980300773538033
pi4b8g,margin,tinydl_revision,n1024,B0,1065,44.373566,45.9813,-1.6077340000000007,37.972,38.208874749681094,-0.23687474968109257
pi4b8g,margin,tinydl_revision,n1024,B0,1066,46.705453,45.9813,0.7241530000000012,38.459,37.81493245381858,0.6440675461814251
pi4b8g,margin,tinydl_revision,n1024,B0,1067,45.59049,45.9813,-0.3908099999999948,36.998,38.21110970199911,-1.213109701999116
pi4b8g,margin,tinydl_revision,n1024,B0,1068,44.760671,45.9813,-1.2206289999999953,37.485,37.01491086130225,0.4700891386977517
pi4b8g,margin,tinydl_revision,n1024,B0,1069,44.528859,45.9813,-1.4524410000000003,37.972,37.412710068105184,0.559289931894817
pi4b8g,margin,tinydl_revision,n1024,B0,1070,44.599914,45.9813,-1.3813859999999991,36.998,37.811065507921604,-0.8130655079216069
pi4b8g,margin,tinydl_revision,n1024,B0,1071,44.772559,45.9813,-1.2087409999999963,37.485,37.01493269431167,0.47006730568833177
pi4b8g,margin,tinydl_revision,n1024,B0,1072,44.618284,45.9813,-1.3630159999999947,36.998,37.41287430236389,-0.41487430236389145
pi4b8g,margin,tinydl_revision,n1024,B0,1073,44.651043,45.9813,-1.330256999999996,37.972,37.014709523048815,0.9572904769511865
pi4b8g,margin,tinydl_revision,n1024,B0,1074,44.506546,45.9813,-1.4747539999999972,37.485,37.81089403211208,-0.3258940321120818
pi4b8g,margin,tinydl_revision,n1024,B0,1075,44.485619,45.9813,-1.4956809999999976,37.485,37.41263065530847,0.07236934469153056
pi4b8g,margin,tinydl_revision,n1024,B0,1076,44.638729,45.9813,-1.3425709999999995,36.998,36.616461964524994,0.3815380354750033
pi4b8g,margin,tinydl_revision,n1024,B0,1077,45.966631,45.9813,-0.014668999999997823,37.972,37.01712567759105,0.9548743224089478
pi4b8g,margin,tinydl_revision,n1024,B0,1078,44.548489,45.9813,-1.432811000000001,36.998,37.81097106289221,-0.8129710628922098
pi4b8g,margin,tinydl_revision,n1024,B0,1079,44.594322,45.9813,-1.3869779999999992,37.485,37.01460535160472,0.47039464839527767
pi4b8g,margin,oi_svdd_as_elm_revision,n1,B1,1080,2.062669,1.960427,0.10224200000000017,37.972,38.73021221712846,-0.7582122171284595
pi4b8g,margin,oi_svdd_as_elm_revision,n1,B1,1081,1.741989,1.960427,-0.2184379999999999,37.972,37.93317338321464,0.038826616785364365
pi4b8g,margin,oi_svdd_as_elm_revision,n1,B1,1082,1.738249,1.960427,-0.222178,37.972,37.93316651448523,0.03883348551477184
pi4b8g,margin,oi_svdd_as_elm_revision,n1,B1,1083,1.808136,1.960427,-0.15229099999999995,38.459,37.93329486606072,0.5257051339392831
pi4b8g,margin,oi_svdd_as_elm_revision,n1,B1,1084,1.741526,1.960427,-0.218901,38.459,38.33139747602839,0.12760252397161054
pi4b8g,margin,oi_svdd_as_elm_revision,n1,B1,1085,1.705638,1.960427,-0.25478899999999993,37.485,38.33133156561099,-0.8463315656109884
pi4b8g,margin,oi_svdd_as_elm_revision,n1,B1,1086,1.756433,1.960427,-0.203994,37.485,37.5349749673276,-0.049974967327599984
pi4b8g,margin,oi_svdd_as_elm_revision,n1,B1,1087,1.737508,1.960427,-0.22291899999999987,38.459,37.53494021045484,0.9240597895451614
pi4b8g,margin,oi_svdd_as_elm_revision,n1,B1,1088,1.721786,1.960427,-0.23864099999999988,37.485,38.33136122236032,-0.8463612223603221
pi4b8g,margin,oi_svdd_as_elm_revision,n1,B1,1089,1.762452,1.960427,-0.197975,37.485,37.534986021574205,-0.04998602157420606
pi4b8g,margin,oi_svdd_as_elm_revision,n1,B1,1090,1.776766,1.960427,-0.18366099999999985,37.972,37.535012310074954,0.4369876899250471
pi4b8g,margin,oi_svdd_as_elm_revision,n1,B1,1091,1.695527,1.960427,-0.2648999999999999,38.459,37.933088053025905,0.525911946974098
pi4b8g,margin,oi_svdd_as_elm_revision,n1,B1,1092,1.793377,1.960427,-0.16704999999999992,37.485,38.33149270343178,-0.8464927034317782
pi4b8g,margin,oi_svdd_as_elm_revision,n1,B1,1093,1.76647,1.960427,-0.19395699999999994,37.972,37.53499340086693,0.4370065991330705
pi4b8g,margin,oi_svdd_as_elm_revision,n1,B1,1094,1.753155,1.960427,-0.2072719999999999,37.485,37.9331938902287,-0.44819389022870126
pi4b8g,margin,oi_svdd_as_elm_revision,n1,B1,1095,1.768451,1.960427,-0.19197599999999992,37.972,37.534997039089646,0.4370029609103554
pi4b8g,margin,oi_svdd_as_elm_revision,n1,B1,1096,1.725008,1.960427,-0.23541899999999982,37.485,37.93314219661193,-0.4481421966119328
pi4b8g,margin,oi_svdd_as_elm_revision,n1,B1,1097,1.713156,1.960427,-0.24727100000000002,37.972,37.534895486578215,0.4371045134217866
pi4b8g,margin,oi_svdd_as_elm_revision,n1,B1,1098,1.771692,1.960427,-0.18873499999999988,37.485,37.933227934516694,-0.4482279345166944
pi4b8g,margin,oi_svdd_as_elm_revision,n1,B1,1099,1.767063,1.960427,-0.19336399999999987,37.972,37.534994489946214,0.43700551005378685
pi4b8g,margin,oi_svdd_as_elm_revision,n1,B1,1100,1.700879,1.960427,-0.2595479999999999,37.972,37.93309788228788,0.03890211771211938
pi4b8g,margin,oi_svdd_as_elm_revision,n1,B1,1101,1.756878,1.960427,-0.20354899999999998,38.459,37.93320072773662,0.5257992722633844
pi4b8g,margin,oi_svdd_as_elm_revision,n1,B1,1102,1.810451,1.960427,-0.1499759999999999,37.972,37.535074174553614,0.43692582544638725
pi4b8g,margin,oi_svdd_as_elm_revision,n1,B1,1103,1.726304,1.960427,-0.23412299999999986,37.972,37.93314457679197,0.03885542320803381
pi4b8g,margin,oi_svdd_as_elm_revision,n1,B1,1104,1.799858,1.960427,-0.16056899999999996,38.459,37.93327966302808,0.5257203369719221
pi4b8g,margin,oi_svdd_as_elm_revision,n1,B1,1105,1.774748,1.960427,-0.18567899999999993,38.946,38.33145849018039,0.6145415098196096
pi4b8g,margin,oi_svdd_as_elm_revision,n1,B1,1106,1.703379,1.960427,-0.25704799999999994,36.998,38.72955235996537,-1.7315523599653702
pi4b8g,margin,oi_svdd_as_elm_revision,n1,B1,1107,1.763063,1.960427,-0.19736399999999987,37.972,37.93321208685197,0.03878791314803465
pi4b8g,margin,oi_svdd_as_elm_revision,n1,B1,1108,1.767952,1.960427,-0.19247499999999995,37.485,37.933221065787286,-0.44822106578728693
pi4b8g,margin,oi_svdd_as_elm_revision,n1,B1,1109,1.715026,1.960427,-0.24540099999999998,36.998,37.534898920942915,-0.5368989209429174
pi4b8g,margin,oi_svdd_as_elm_revision,n1,B1,1110,1.703027,1.960427,-0.25739999999999985,38.459,37.13665194093508,1.3223480590649217
pi4b8g,margin,oi_svdd_as_elm_revision,n1,B1,1111,1.760266,1.960427,-0.2001609999999998,37.485,38.33143189313779,-0.8464318931377903
pi4b8g,margin,oi_svdd_as_elm_revision,n1,B1,1112,1.763377,1.960427,-0.19704999999999995,37.485,37.53498772039097,-0.04998772039097332
pi4b8g,margin,oi_svdd_as_elm_revision,n1,B1,1113,1.720156,1.960427,-0.2402709999999999,37.972,37.534908342488876,0.4370916575111252
pi4b8g,margin,oi_svdd_as_elm_revision,n1,B1,1114,1.766951,1.960427,-0.19347599999999998,37.972,37.93321922739206,0.03878077260794299
pi4b8g,margin,oi_svdd_as_elm_revision,n1,B1,1115,1.704712,1.960427,-0.2557149999999999,37.485,37.93310492181725,-0.44810492181724726
pi4b8g,margin,oi_svdd_as_elm_revision,n1,B1,1116,1.680268,1.960427,-0.2801589999999998,37.485,37.534835085836804,-0.04983508583680418
pi4b8g,margin,oi_svdd_as_elm_revision,n1,B1,1117,1.757674,1.960427,-0.20275299999999996,36.998,37.5349772464969,-0.5369772464969031
pi4b8g,margin,oi_svdd_as_elm_revision,n1,B1,1118,1.708083,1.960427,-0.2523439999999999,37.485,37.13666122657569,0.3483387734243095
pi4b8g,margin,oi_svdd_as_elm_revision,n1,B1,1119,1.710138,1.960427,-0.250289,38.459,37.534889943844156,0.9241100561558468
pi4b8g,margin,fisvdd_revision,n1,B2,1120,1.915634,2.052518,-0.136884,37.972,38.52195010415402,-0.5499501041540213
pi4b8g,margin,fisvdd_revision,n1,B2,1121,1.604621,2.052518,-0.447897,37.485,38.12315396739323,-0.6381539673932295
pi4b8g,margin,fisvdd_revision,n1,B2,1122,1.589196,2.052518,-0.463322,38.459,37.7249006953354,0.7340993046646034
pi4b8g,margin,fisvdd_revision,n1,B2,1123,1.620417,2.052518,-0.43210100000000007,37.972,38.52140792081433,-0.5494079208143319
pi4b8g,margin,fisvdd_revision,n1,B2,1124,1.591566,2.052518,-0.46095200000000003,37.972,38.52135493426026,-0.5493549342602577
pi4b8g,margin,fisvdd_revision,n1,B2,1125,1.570047,2.052518,-0.4824710000000001,37.972,38.12309047021392,-0.15109047021391575
pi4b8g,margin,fisvdd_revision,n1,B2,1126,1.853209,2.052518,-0.19930899999999996,38.459,38.123610513838884,0.3353894861611195
pi4b8g,margin,fisvdd_revision,n1,B2,1127,1.657769,2.052518,-0.394749,37.972,38.52147651995362,-0.5494765199536218
pi4b8g,margin,fisvdd_revision,n1,B2,1128,1.55927,2.052518,-0.49324800000000013,38.946,38.12307067762117,0.8229293223788261
pi4b8g,margin,fisvdd_revision,n1,B2,1129,1.610602,2.052518,-0.441916,38.459,38.91961483813143,-0.460614838131427
pi4b8g,margin,fisvdd_revision,n1,B2,1130,1.617046,2.052518,-0.4354720000000001,38.459,38.52140172977507,-0.062401729775068304
pi4b8g,margin,fisvdd_revision,n1,B2,1131,1.554307,2.052518,-0.49821099999999996,38.459,38.521286505920926,-0.06228650592092322
pi4b8g,margin,fisvdd_revision,n1,B2,1132,1.596603,2.052518,-0.45591500000000007,38.459,38.52136418500626,-0.06236418500625973
pi4b8g,margin,fisvdd_revision,n1,B2,1133,1.618066,2.052518,-0.43445200000000006,37.972,38.521403603064904,-0.5494036030649028
pi4b8g,margin,fisvdd_revision,n1,B2,1134,1.571751,2.052518,-0.48076700000000017,37.972,38.12309359970988,-0.15109359970988123
pi4b8g,margin,fisvdd_revision,n1,B2,1135,1.568214,2.052518,-0.48430400000000007,37.485,38.12308710380188,-0.6380871038018796
pi4b8g,margin,fisvdd_revision,n1,B2,1136,1.67175,2.052518,-0.380768,38.946,37.725052310599516,1.2209476894004823
pi4b8g,margin,fisvdd_revision,n1,B2,1137,1.603177,2.052518,-0.449341,37.972,38.919601201683335,-0.9476012016833337
pi4b8g,margin,fisvdd_revision,n1,B2,1138,1.565843,2.052518,-0.48667499999999997,37.485,38.123082749321284,-0.6380827493212848
pi4b8g,margin,fisvdd_revision,n1,B2,1139,1.604306,2.052518,-0.44821200000000005,38.946,37.72492844573684,1.2210715542631547
pi4b8g,margin,fisvdd_revision,n1,B2,1140,1.575251,2.052518,-0.4772670000000001,38.459,38.91954991394603,-0.46054991394602496
pi4b8g,margin,fisvdd_revision,n1,B2,1141,1.549696,2.052518,-0.5028220000000001,37.972,38.52127803754892,-0.5492780375489161
pi4b8g,margin,fisvdd_revision,n1,B2,1142,1.618695,2.052518,-0.43382300000000007,38.459,38.1231798151199,0.3358201848801059
pi4b8g,margin,fisvdd_revision,n1,B2,1143,1.589751,2.052518,-0.46276700000000015,37.972,38.52135160090628,-0.5493516009062773
pi4b8g,margin,fisvdd_revision,n1,B2,1144,1.559658,2.052518,-0.4928600000000001,38.459,38.123071390205936,0.3359286097940668
pi4b8g,margin,fisvdd_revision,n1,B2,1145,1.598084,2.052518,-0.454434,37.972,38.521366904949645,-0.5493669049496432
pi4b8g,margin,fisvdd_revision,n1,B2,1146,1.664823,2.052518,-0.3876950000000001,38.459,38.12326453189804,0.33573546810196575
pi4b8g,margin,fisvdd_revision,n1,B2,1147,1.589362,2.052518,-0.4631560000000001,38.946,38.52135088648496,0.42464911351503787
pi4b8g,margin,fisvdd_revision,n1,B2,1148,1.679508,2.052518,-0.37301000000000006,37.485,38.919741388042866,-1.434741388042866
pi4b8g,margin,fisvdd_revision,n1,B2,1149,1.661323,2.052518,-0.39119499999999996,37.972,37.725033160802305,0.24696683919769669
pi4b8g,margin,fisvdd_revision,n1,B2,1150,1.559603,2.052518,-0.492915,38.459,38.12307128919521,0.3359287108047937
pi4b8g,margin,fisvdd_revision,n1,B2,1151,1.552511,2.052518,-0.5000070000000001,38.459,38.52128320746156,-0.06228320746155447
pi4b8g,margin,fisvdd_revision,n1,B2,1152,1.666712,2.052518,-0.3858060000000001,37.972,38.52149294429777,-0.5494929442977678
pi4b8g,margin,fisvdd_revision,n1,B2,1153,1.569381,2.052518,-0.48313700000000015,38.459,38.12308924706584,0.3359107529341614
pi4b8g,margin,fisvdd_revision,n1,B2,1154,1.571196,2.052518,-0.481322,37.972,38.521317523560235,-0.5493175235602337
pi4b8g,margin,fisvdd_revision,n1,B2,1155,1.63488,2.052518,-0.41763799999999995,38.946,38.12320953982191,0.8227904601780907
pi4b8g,margin,fisvdd_revision,n1,B2,1156,1.7421,2.052518,-0.3104180000000001,37.972,38.91985634192289,-0.9478563419228863
pi4b8g,margin,fisvdd_revision,n1,B2,1157,1.623565,2.052518,-0.42895300000000014,38.459,38.1231887591606,0.33581124083940495
pi4b8g,margin,fisvdd_revision,n1,B2,1158,1.638528,2.052518,-0.4139900000000001,38.946,38.52144118272833,0.42455881727166656
pi4b8g,margin,fisvdd_revision,n1,B2,1159,1.577325,2.052518,-0.475193,37.485,38.9195537229687,-1.434553722968701
pi4b8g,margin,tinydl_revision,n512,B1,1160,23.380179,23.98465,-0.6044710000000002,38.459,39.15740056919839,-0.6984005691983839
pi4b8g,margin,tinydl_revision,n512,B1,1161,23.373364,23.98465,-0.6112859999999998,38.459,38.360938166770254,0.0980618332297496
pi4b8g,margin,tinydl_revision,n512,B1,1162,23.321828,23.98465,-0.6628219999999985,39.433,38.36084351788285,1.0721564821171512
pi4b8g,margin,tinydl_revision,n512,B1,1163,23.340883,23.98465,-0.6437669999999969,38.946,39.157328399789044,-0.21132839978904627
pi4b8g,margin,tinydl_revision,n512,B1,1164,23.354438,23.98465,-0.6302120000000002,37.485,38.75912835120135,-1.2741283512013482
pi4b8g,margin,tinydl_revision,n512,B1,1165,23.457456,23.98465,-0.5271939999999979,37.972,37.56464272038077,0.40735727961923374
pi4b8g,margin,tinydl_revision,n512,B1,1166,23.378475,23.98465,-0.6061749999999968,38.459,37.96272261028118,0.49627738971881996
pi4b8g,margin,tinydl_revision,n512,B1,1167,23.346531,23.98465,-0.6381189999999997,38.946,38.36088888639157,0.585111113608427
pi4b8g,margin,tinydl_revision,n512,B1,1168,23.328754,23.98465,-0.6558959999999985,38.459,38.75908118102858,-0.30008118102857395
pi4b8g,margin,tinydl_revision,n512,B1,1169,23.825504,23.98465,-0.1591459999999998,37.972,38.361768548405486,-0.3897685484054847
pi4b8g,margin,tinydl_revision,n512,B1,1170,23.212108,23.98465,-0.7725419999999978,37.485,38.758866953806425,-1.2738669538064258
pi4b8g,margin,tinydl_revision,n512,B1,1171,23.423974,23.98465,-0.5606759999999973,38.459,37.56458122872352,0.8944187712764844
pi4b8g,margin,tinydl_revision,n512,B1,1172,23.305717,23.98465,-0.6789329999999971,37.972,38.36081392908618,-0.38881392908617585
pi4b8g,margin,tinydl_revision,n512,B1,1173,23.526195,23.98465,-0.45845499999999717,38.946,37.96299390672732,0.9830060932726781
pi4b8g,margin,tinydl_revision,n512,B1,1174,23.340865,23.98465,-0.6437849999999976,37.972,38.75910342359058,-0.7871034235905796
pi4b8g,margin,tinydl_revision,n512,B1,1175,23.296958,23.98465,-0.6876919999999984,38.459,37.96257289952841,0.49642710047159255
pi4b8g,margin,tinydl_revision,n512,B1,1176,23.36492,23.98465,-0.619729999999997,37.485,38.36092265886888,-0.8759226588688804
pi4b8g,margin,tinydl_revision,n512,B1,1177,23.361938,23.98465,-0.6227119999999999,38.946,37.56446729597011,1.3815327040298868
pi4b8g,margin,tinydl_revision,n512,B1,1178,23.413808,23.98465,-0.570841999999999,37.972,37.96278750140853,0.009212498591473661
pi4b8g,margin,tinydl_revision,n512,B1,1179,23.338106,23.98465,-0.6465439999999987,38.946,37.9626484702444,0.9833515297555948
pi4b8g,margin,tinydl_revision,n512,B1,1180,23.436771,23.98465,-0.5478789999999982,37.485,38.759279560585995,-1.2742795605859953
pi4b8g,margin,tinydl_revision,n512,B1,1181,23.376123,23.98465,-0.6085269999999987,37.972,37.56449334755479,0.407506652445214
pi4b8g,margin,tinydl_revision,n512,B1,1182,23.310532,23.98465,-0.674118,37.485,37.962597828975746,-0.4775978289757461
pi4b8g,margin,tinydl_revision,n512,B1,1183,23.391937,23.98465,-0.5927129999999998,38.946,37.564522390893536,1.3814776091064616
pi4b8g,margin,tinydl_revision,n512,B1,1184,23.386234,23.98465,-0.5984159999999967,37.972,38.759186746420696,-0.7871867464206943
pi4b8g,margin,tinydl_revision,n512,B1,1185,23.43364,23.98465,-0.551009999999998,37.972,37.962823924039995,0.009176075960006358
pi4b8g,margin,tinydl_revision,n512,B1,1186,23.370401,23.98465,-0.6142489999999974,37.972,39.15738261132775,-1.1853826113277464
pi4b8g,margin,tinydl_revision,n512,B1,1187,23.355346,23.98465,-0.6293039999999976,38.459,37.9626801325158,0.4963198674842033
pi4b8g,margin,tinydl_revision,n512,B1,1188,23.511861,23.98465,-0.4727889999999988,38.946,38.36119252463582,0.5848074753641797
pi4b8g,margin,tinydl_revision,n512,B1,1189,23.404122,23.98465,-0.5805279999999975,37.485,38.75921959878211,-1.2742195987821106
pi4b8g,margin,tinydl_revision,n512,B1,1190,23.349309,23.98465,-0.6353409999999968,38.459,37.56444410207072,0.8945558979292798
pi4b8g,margin,tinydl_revision,n512,B1,1191,23.291458,23.98465,-0.6931919999999998,37.485,38.36078774159616,-0.875787741596163
pi4b8g,margin,tinydl_revision,n512,B1,1192,23.376327,23.98465,-0.6083229999999986,37.485,37.56449372221276,-0.07949372221276008
pi4b8g,margin,tinydl_revision,n512,B1,1193,23.334772,23.98465,-0.6498779999999975,37.972,37.5644174040174,0.4075825959826034
pi4b8g,margin,tinydl_revision,n512,B1,1194,23.352475,23.98465,-0.6321750000000002,38.459,37.96267485975587,0.49632514024413155
pi4b8g,margin,tinydl_revision,n512,B1,1195,23.412215,23.98465,-0.5724349999999987,38.946,38.36100951891099,0.5849904810890081
pi4b8g,margin,tinydl_revision,n512,B1,1196,23.483974,23.98465,-0.5006759999999986,37.485,38.7593662516647,-1.274366251664702
pi4b8g,margin,tinydl_revision,n512,B1,1197,23.524528,23.98465,-0.46012199999999837,37.485,37.56476590204361,-0.07976590204361145
pi4b8g,margin,tinydl_revision,n512,B1,1198,23.382252,23.98465,-0.6023979999999973,38.946,37.564504603822854,1.3814953961771437
pi4b8g,margin,tinydl_revision,n512,B1,1199,23.542602,23.98465,-0.4420479999999998,37.972,38.75947392542617,-0.7874739254261698
pi4b8g,margin,lucid_revision,n512,B2,1200,146.588521,172.21262,-25.624099,38.459,38.63792089908921,-0.1789208990892064
pi4b8g,margin,lucid_revision,n512,B2,1201,135.059049,172.21262,-37.153571,38.459,38.61674634737362,-0.15774634737361737
pi4b8g,margin,lucid_revision,n512,B2,1202,135.121974,172.21262,-37.09064599999999,38.946,39.015086855968086,-0.06908685596808795
pi4b8g,margin,lucid_revision,n512,B2,1203,133.641295,172.21262,-38.57132499999997,38.459,39.01236750211912,-0.5533675021191158
pi4b8g,margin,lucid_revision,n512,B2,1204,134.85333,172.21262,-37.35928999999999,39.433,38.61636853236142,0.8166314676385795
pi4b8g,margin,lucid_revision,n512,B2,1205,132.956436,172.21262,-39.25618399999999,39.92,39.40933466152812,0.5106653384718811
pi4b8g,margin,lucid_revision,n512,B2,1206,134.877497,172.21262,-37.33512299999998,38.946,39.81108774589593,-0.8650877458959343
pi4b8g,margin,lucid_revision,n512,B2,1207,133.424798,172.21262,-38.78782199999998,38.946,39.01196989267762,-0.06596989267762154
pi4b8g,margin,lucid_revision,n512,B2,1208,135.115511,172.21262,-37.09710899999999,39.92,39.41329992942984,0.5067000705701616
pi4b8g,margin,lucid_revision,n512,B2,1209,133.462927,172.21262,-38.74969299999998,39.433,39.80848980510382,-0.37548980510381824
pi4b8g,margin,lucid_revision,n512,B2,1210,135.394617,172.21262,-36.818002999999976,39.433,39.41381252397286,0.01918747602714177
pi4b8g,margin,lucid_revision,n512,B2,1211,133.526352,172.21262,-38.686267999999984,39.433,39.41038134569679,0.02261865430320853
pi4b8g,margin,lucid_revision,n512,B2,1212,134.859033,172.21262,-37.353586999999976,39.433,39.41282889253631,0.020171107463688998
pi4b8g,margin,lucid_revision,n512,B2,1213,133.82981,172.21262,-38.38280999999998,39.433,39.41093866411645,0.022061335883549305
pi4b8g,margin,lucid_revision,n512,B2,1214,135.598169,172.21262,-36.614450999999974,40.407,39.414186359162436,0.9928136408375607
pi4b8g,margin,lucid_revision,n512,B2,1215,133.479778,172.21262,-38.73284199999998,40.894,40.2067456960943,0.6872543039056964
pi4b8g,margin,lucid_revision,n512,B2,1216,134.990105,172.21262,-37.22251499999999,40.407,40.607744443375,-0.20074444337500097
pi4b8g,margin,lucid_revision,n512,B2,1217,133.339929,172.21262,-38.872690999999975,40.407,40.20648885520143,0.20051114479856835
pi4b8g,margin,lucid_revision,n512,B2,1218,135.4843,172.21262,-36.72832,40.407,40.21042711834452,0.19657288165547726
pi4b8g,margin,lucid_revision,n512,B2,1219,133.43226,172.21262,-38.78035999999997,41.381,40.206658426499615,1.174341573500385
pi4b8g,margin,lucid_revision,n512,B2,1220,135.051011,172.21262,-37.161609,40.894,41.00608124395752,-0.11208124395751895
pi4b8g,margin,lucid_revision,n512,B2,1221,133.416835,172.21262,-38.795784999999995,40.407,40.6048550407226,-0.19785504072260096
pi4b8g,margin,lucid_revision,n512,B2,1222,135.033641,172.21262,-37.178979,41.381,40.209599456652676,1.1714005433473247
pi4b8g,margin,lucid_revision,n512,B2,1223,133.596776,172.21262,-38.61584399999998,41.381,41.00341045606592,0.3775895439340786
pi4b8g,margin,lucid_revision,n512,B2,1224,135.91833,172.21262,-36.29428999999999,40.894,41.007674126183126,-0.11367412618312756
pi4b8g,margin,lucid_revision,n512,B2,1225,134.275598,172.21262,-37.937021999999985,40.407,40.606432209352256,-0.1994322093522598
pi4b8g,margin,lucid_revision,n512,B2,1226,134.633351,172.21262,-37.57926899999998,41.868,40.208864300584274,1.659135699415728
pi4b8g,margin,lucid_revision,n512,B2,1227,133.381743,172.21262,-38.83087699999999,40.407,41.40124047848671,-0.9942404784867165
pi4b8g,margin,lucid_revision,n512,B2,1228,134.943401,172.21262,-37.26921899999999,40.894,40.20943372559866,0.684566274401341
pi4b8g,margin,lucid_revision,n512,B2,1229,133.548203,172.21262,-38.664416999999986,40.894,40.60509630576143,0.2889036942385701
pi4b8g,margin,lucid_revision,n512,B2,1230,135.69263,172.21262,-36.51998999999998,41.868,40.6090346717518,1.2589653282482018
pi4b8g,margin,lucid_revision,n512,B2,1231,133.249726,172.21262,-38.96289399999998,41.868,41.40099802152131,0.4670019784786916
pi4b8g,margin,lucid_revision,n512,B2,1232,134.900365,172.21262,-37.31225499999999,41.381,41.40402951688114,-0.02302951688113808
pi4b8g,margin,lucid_revision,n512,B2,1233,133.826012,172.21262,-38.386607999999995,41.381,41.00383146142827,0.3771685385717305
pi4b8g,margin,lucid_revision,n512,B2,1234,135.006752,172.21262,-37.20586799999998,41.381,41.00599995970752,0.3750000402924769
pi4b8g,margin,lucid_revision,n512,B2,1235,135.104788,172.21262,-37.10783199999997,40.894,40.607955065432485,0.28604493456751356
pi4b8g,margin,lucid_revision,n512,B2,1236,134.891032,172.21262,-37.32158799999999,41.868,40.60756248999829,1.2604375100017151
pi4b8g,margin,lucid_revision,n512,B2,1237,133.449205,172.21262,-38.76341499999998,40.407,41.40136437640744,-0.9943643764074466
pi4b8g,margin,lucid_revision,n512,B2,1238,134.686462,172.21262,-37.52615799999998,41.868,40.208961842051586,1.659038157948416
pi4b8g,margin,lucid_revision,n512,B2,1239,134.119285,172.21262,-38.093334999999996,41.381,41.402595017638326,-0.021595017638325942
pi4b8g,margin,lucid_revision,n64,B1,1240,19.243897,20.5099,-1.2660029999999978,40.894,39.814166558827544,1.079833441172454
pi4b8g,margin,lucid_revision,n64,B1,1241,19.129898,20.5099,-1.3800019999999975,40.407,40.212182136116596,0.19481786388340083
pi4b8g,margin,lucid_revision,n64,B1,1242,19.013178,20.5099,-1.4967219999999983,41.381,39.81374282984869,1.5672571701513078
pi4b8g,margin,lucid_revision,n64,B1,1243,19.07851,20.5099,-1.4313899999999968,40.894,40.61031270218028,0.2836872978197178
pi4b8g,margin,lucid_revision,n64,B1,1244,19.035734,20.5099,-1.4741659999999968,39.433,40.21200919840637,-0.7790091984063707
pi4b8g,margin,lucid_revision,n64,B1,1245,19.026826,20.5099,-1.4830739999999984,39.433,39.01731800892055,0.4156819910794525
pi4b8g,margin,lucid_revision,n64,B1,1246,19.083584,20.5099,-1.426316,40.894,39.01742224831731,1.8765777516826887
pi4b8g,margin,lucid_revision,n64,B1,1247,19.161916,20.5099,-1.3479839999999967,40.407,40.21224093905196,0.1947590609480372
pi4b8g,margin,lucid_revision,n64,B1,1248,19.082936,20.5099,-1.4269639999999981,39.433,39.81387094450811,-0.38087094450811065
pi4b8g,margin,lucid_revision,n64,B1,1249,19.092899,20.5099,-1.417000999999999,39.92,39.01743935586128,0.9025606441387239
pi4b8g,margin,lucid_revision,n64,B1,1250,19.003678,20.5099,-1.5062219999999975,39.92,39.813725382541364,0.10627461745863798
pi4b8g,margin,lucid_revision,n64,B1,1251,19.154269,20.5099,-1.355630999999999,39.92,39.41577700860702,0.5042229913929788
pi4b8g,margin,lucid_revision,n64,B1,1252,19.101862,20.5099,-1.4080379999999977,39.92,39.41568076007702,0.5043192399229852
pi4b8g,margin,lucid_revision,n64,B1,1253,19.18025,20.5099,-1.3296499999999973,40.407,39.41582472423772,0.9911752757622736
pi4b8g,margin,lucid_revision,n64,B1,1254,19.053733,20.5099,-1.456166999999997,38.946,39.81381731148539,-0.8678173114853891
pi4b8g,margin,lucid_revision,n64,B1,1255,19.067732,20.5099,-1.4421679999999988,38.946,38.61916819204893,0.32683180795106637
pi4b8g,margin,lucid_revision,n64,B1,1256,19.008289,20.5099,-1.501610999999997,39.92,38.61905902149215,1.3009409785078532
pi4b8g,margin,lucid_revision,n64,B1,1257,19.081769,20.5099,-1.428130999999997,38.459,39.41564385810374,-0.9566438581037389
pi4b8g,margin,lucid_revision,n64,B1,1258,19.161565,20.5099,-1.3483349999999987,39.433,38.22111557871783,1.2118844212821713
pi4b8g,margin,lucid_revision,n64,B1,1259,19.033511,20.5099,-1.4763889999999975,39.433,39.01733028631523,0.4156697136847711
pi4b8g,margin,lucid_revision,n64,B1,1260,19.059047,20.5099,-1.4508529999999986,39.433,39.01737718467732,0.41562281532267775
pi4b8g,margin,lucid_revision,n64,B1,1261,19.109251,20.5099,-1.4006489999999978,39.433,39.017469387268584,0.4155306127314162
pi4b8g,margin,lucid_revision,n64,B1,1262,19.0319,20.5099,-1.477999999999998,39.92,39.01732732761921,0.9026726723807883
pi4b8g,margin,lucid_revision,n64,B1,1263,19.043659,20.5099,-1.4662409999999966,39.433,39.41557386685298,0.01742613314701913
pi4b8g,margin,lucid_revision,n64,B1,1264,18.980216,20.5099,-1.5296839999999996,39.433,39.017232406921124,0.41576759307887556
pi4b8g,margin,lucid_revision,n64,B1,1265,19.022919,20.5099,-1.4869809999999966,38.946,39.01731083348584,-0.071310833485839
pi4b8g,margin,lucid_revision,n64,B1,1266,19.028326,20.5099,-1.4815739999999984,39.92,38.61909582061813,1.3009041793818739
pi4b8g,margin,lucid_revision,n64,B1,1267,18.984549,20.5099,-1.525350999999997,39.92,39.415465307870235,0.5045346921297664
pi4b8g,margin,lucid_revision,n64,B1,1268,19.03577,20.5099,-1.4741299999999988,38.459,38.61910949196084,-0.16010949196083857
pi4b8g,margin,lucid_revision,n64,B1,1269,18.97429,20.5099,-1.5356099999999984,39.433,38.22077163719366,1.2122283628063428
pi4b8g,margin,lucid_revision,n64,B1,1270,18.927513,20.5099,-1.582386999999997,39.92,39.01713561476975,0.9028643852302523
pi4b8g,margin,lucid_revision,n64,B1,1271,19.10101,20.5099,-1.4088899999999995,38.459,39.415679195329034,-0.9566791953290306
pi4b8g,margin,lucid_revision,n64,B1,1272,19.012808,20.5099,-1.4970919999999985,39.92,38.220842377760356,1.699157622239646
pi4b8g,margin,lucid_revision,n64,B1,1273,19.01679,20.5099,-1.493109999999998,39.433,39.41552452035818,0.01747547964181706
pi4b8g,margin,lucid_revision,n64,B1,1274,19.031159,20.5099,-1.4787409999999994,38.946,39.017325966729246,-0.07132596672924763
pi4b8g,margin,lucid_revision,n64,B1,1275,19.064733,20.5099,-1.4451669999999979,38.946,38.619162684209485,0.3268373157905131
pi4b8g,margin,lucid_revision,n64,B1,1276,18.982382,20.5099,-1.527517999999997,38.459,38.61901144176679,-0.16001144176678395
pi4b8g,margin,lucid_revision,n64,B1,1277,18.958142,20.5099,-1.5517579999999995,38.946,38.22074198044432,0.7252580195556746
pi4b8g,margin,lucid_revision,n64,B1,1278,18.924364,20.5099,-1.5855359999999976,39.433,38.618904888306105,0.814095111693895
pi4b8g,margin,lucid_revision,n64,B1,1279,19.031437,20.5099,-1.4784629999999979,38.459,39.017326477292556,-0.5583264772925531
pi4b8g,margin,lucid_revision,n1,B1,1280,2.119502,2.12509,-0.005587999999999926,38.946,38.599821693380264,0.34617830661973414
pi4b8g,margin,lucid_revision,n1,B1,1281,1.824506,2.12509,-0.3005840000000002,38.946,38.599279915920036,0.346720084079962
pi4b8g,margin,lucid_revision,n1,B1,1282,1.772933,2.12509,-0.35215700000000005,39.433,38.599185199079955,0.8338148009200452
pi4b8g,margin,lucid_revision,n1,B1,1283,1.836025,2.12509,-0.2890650000000001,38.459,38.997526014379716,-0.5385260143797126
pi4b8g,margin,lucid_revision,n1,B1,1284,1.807747,2.12509,-0.31734300000000015,38.459,38.20102419389295,0.25797580610705495
pi4b8g,margin,lucid_revision,n1,B1,1285,1.778692,2.12509,-0.3463980000000002,38.946,38.20097083268091,0.745029167319089
pi4b8g,margin,lucid_revision,n1,B1,1286,1.865468,2.12509,-0.25962200000000024,38.946,38.599355145036114,0.3466448549638841
pi4b8g,margin,lucid_revision,n1,B1,1287,1.846358,2.12509,-0.2787320000000002,39.92,38.5993200484,1.320679951599999
pi4b8g,margin,lucid_revision,n1,B1,1288,1.7681,2.12509,-0.35699000000000014,39.433,39.39562620927274,0.03737379072725844
pi4b8g,margin,lucid_revision,n1,B1,1289,1.833358,2.12509,-0.2917320000000001,40.407,38.99752111627775,1.4094788837222438
pi4b8g,margin,lucid_revision,n1,B1,1290,1.794877,2.12509,-0.3302130000000001,38.946,39.79390032994455,-0.8479003299445509
pi4b8g,margin,lucid_revision,n1,B1,1291,1.767303,2.12509,-0.3577870000000001,39.433,38.59917485925466,0.8338251407453399
pi4b8g,margin,lucid_revision,n1,B1,1292,1.831228,2.12509,-0.29386200000000007,39.433,38.9975172044078,0.4354827955922005
pi4b8g,margin,lucid_revision,n1,B1,1293,1.883357,2.12509,-0.2417330000000002,38.946,38.997612942374495,-0.051612942374497095
pi4b8g,margin,lucid_revision,n1,B1,1294,2.790749,2.12509,0.6656589999999998,39.92,38.60105447787511,1.318945522124892
pi4b8g,margin,lucid_revision,n1,B1,1295,5.251781,2.12509,3.126691,39.92,39.402024193802745,0.5179758061972564
pi4b8g,margin,lucid_revision,n1,B1,1296,1.846728,2.12509,-0.2783620000000002,39.433,39.395770614207535,0.0372293857924646
pi4b8g,margin,lucid_revision,n1,B1,1297,1.890134,2.12509,-0.23495600000000016,38.946,38.99762538873257,-0.051625388732574606
pi4b8g,margin,lucid_revision,n1,B1,1298,1.812728,2.12509,-0.31236200000000025,38.946,38.997483228072475,-0.051483228072477516
pi4b8g,margin,lucid_revision,n1,B1,1299,1.778007,2.12509,-0.34708300000000025,39.92,38.59919451777863,1.320805482221374
pi4b8g,margin,lucid_revision,n1,B1,1300,1.920115,2.12509,-0.20497500000000013,38.946,39.39590539373835,-0.44990539373835503
pi4b8g,margin,lucid_revision,n1,B1,1301,1.819006,2.12509,-0.30608400000000024,39.433,38.599269814847375,0.8337301851526249
pi4b8g,margin,lucid_revision,n1,B1,1302,1.764285,2.12509,-0.36080500000000004,39.433,38.99739425966102,0.43560574033897836
pi4b8g,margin,lucid_revision,n1,B1,1303,1.83271,2.12509,-0.2923800000000001,38.459,38.99751992618774,-0.5385199261877389
pi4b8g,margin,lucid_revision,n1,B1,1304,1.820081,2.12509,-0.3050090000000001,38.459,38.201046846007536,0.2579531539924673
pi4b8g,margin,lucid_revision,n1,B1,1305,1.769396,2.12509,-0.3556940000000002,38.946,38.20095376003155,0.7450462399684454
pi4b8g,margin,lucid_revision,n1,B1,1306,1.873097,2.12509,-0.25199300000000013,38.459,38.599369156142174,-0.14036915614217094
pi4b8g,margin,lucid_revision,n1,B1,1307,1.838765,2.12509,-0.28632500000000016,37.972,38.20108116026965,-0.22908116026965075
pi4b8g,margin,lucid_revision,n1,B1,1308,1.772729,2.12509,-0.35236100000000015,38.459,37.80273493814117,0.6562650618588322
pi4b8g,margin,lucid_revision,n1,B1,1309,1.811303,2.12509,-0.31378700000000004,38.946,38.20103072469556,0.7449692753044346
pi4b8g,margin,lucid_revision,n1,B1,1310,1.814488,2.12509,-0.31060200000000004,39.433,38.59926151727532,0.8337384827246765
pi4b8g,margin,lucid_revision,n1,B1,1311,1.76397,2.12509,-0.3611200000000001,38.946,38.99739368114504,-0.0513936811450435
pi4b8g,margin,lucid_revision,n1,B1,1312,1.754729,2.12509,-0.37036100000000016,39.433,38.599151766366006,0.8338482336339936
pi4b8g,margin,lucid_revision,n1,B1,1313,1.841487,2.12509,-0.28360300000000005,38.946,38.99753604566315,-0.051536045663155505
pi4b8g,margin,lucid_revision,n1,B1,1314,1.768766,2.12509,-0.3563240000000001,38.946,38.59917754614,0.34682245385999977
pi4b8g,margin,lucid_revision,n1,B1,1315,1.754693,2.12509,-0.3703970000000001,37.972,38.59915170024989,-0.6271517002498896
pi4b8g,margin,lucid_revision,n1,B1,1316,1.875783,2.12509,-0.24930700000000017,38.946,37.80292420285794,1.1430757971420604
pi4b8g,margin,lucid_revision,n1,B1,1317,1.779359,2.12509,-0.34573100000000023,38.459,38.599197000805944,-0.14019700080594077
pi4b8g,margin,lucid_revision,n1,B1,1318,1.757507,2.12509,-0.3675830000000002,37.972,38.20093192518557,-0.22893192518557015
pi4b8g,margin,lucid_revision,n1,B1,1319,1.815617,2.12509,-0.3094730000000001,38.459,37.80281370446924,0.656186295530766
pi4b8g,margin,tinydl_revision,n1,B1,1320,1.645639,2.287884,-0.642245,38.459,38.338703805145705,0.12029619485429777
pi4b8g,margin,tinydl_revision,n1,B1,1321,1.564955,2.287884,-0.7229289999999999,38.459,38.3385556242463,0.12044437575370637
pi4b8g,margin,tinydl_revision,n1,B1,1322,1.465086,2.287884,-0.8227979999999999,38.459,38.338372208968885,0.12062779103111865
pi4b8g,margin,tinydl_revision,n1,B1,1323,1.452753,2.287884,-0.8351310000000001,38.946,38.33834955869086,0.6076504413091399
pi4b8g,margin,tinydl_revision,n1,B1,1324,1.495716,2.287884,-0.792168,38.946,38.73665340590123,0.20934659409876843
pi4b8g,margin,tinydl_revision,n1,B1,1325,1.472845,2.287884,-0.8150390000000001,37.972,38.736611401967984,-0.7646114019679828
pi4b8g,margin,tinydl_revision,n1,B1,1326,1.441457,2.287884,-0.846427,38.946,37.940103869783755,1.005896130216243
pi4b8g,margin,tinydl_revision,n1,B1,1327,1.501438,2.287884,-0.786446,37.485,38.73666391468992,-1.2516639146899209
pi4b8g,margin,tinydl_revision,n1,B1,1328,1.486901,2.287884,-0.800983,37.972,37.54196238721536,0.4300376127846448
pi4b8g,margin,tinydl_revision,n1,B1,1329,1.469901,2.287884,-0.8179830000000001,39.433,37.94015610885845,1.492843891141547
pi4b8g,margin,tinydl_revision,n1,B1,1330,1.552344,2.287884,-0.7355400000000001,38.946,39.13498234968578,-0.1889823496857801
pi4b8g,margin,tinydl_revision,n1,B1,1331,1.53527,2.287884,-0.7526140000000001,39.433,38.7367260491427,0.6962739508572966
pi4b8g,margin,tinydl_revision,n1,B1,1332,1.45866,2.287884,-0.829224,37.972,39.134810293523714,-1.1628102935237123
pi4b8g,margin,tinydl_revision,n1,B1,1333,1.45792,2.287884,-0.8299639999999999,37.972,37.940134105049076,0.03186589495092562
pi4b8g,margin,tinydl_revision,n1,B1,1334,1.510197,2.287884,-0.777687,38.459,37.940230114826456,0.5187698851735476
pi4b8g,margin,tinydl_revision,n1,B1,1335,1.458105,2.287884,-0.829779,38.946,38.33835938795284,0.607640612047156
pi4b8g,margin,tinydl_revision,n1,B1,1336,1.447438,2.287884,-0.840446,38.459,38.736564740521956,-0.277564740521953
pi4b8g,margin,tinydl_revision,n1,B1,1337,1.509141,2.287884,-0.778743,37.485,38.33845311856091,-0.853453118560914
pi4b8g,margin,tinydl_revision,n1,B1,1338,1.495845,2.287884,-0.7920389999999999,37.485,37.94020375653648,-0.45520375653647704
pi4b8g,margin,tinydl_revision,n1,B1,1339,1.456531,2.287884,-0.831353,38.946,37.54190661092867,1.4040933890713276
pi4b8g,margin,tinydl_revision,n1,B1,1340,1.721785,2.287884,-0.5660990000000001,38.459,38.73706859488229,-0.27806859488228497
pi4b8g,margin,tinydl_revision,n1,B1,1341,1.805839,2.287884,-0.48204500000000006,38.459,38.33899802184399,0.12000197815601155
pi4b8g,margin,tinydl_revision,n1,B1,1342,1.561677,2.287884,-0.726207,38.946,38.33854960400699,0.6074503959930055
pi4b8g,margin,tinydl_revision,n1,B1,1343,2.161908,2.287884,-0.1259760000000001,38.946,38.73787690659203,0.20812309340796986
pi4b8g,margin,tinydl_revision,n1,B1,1344,1.534696,2.287884,-0.753188,39.433,38.73672499495803,0.6962750050419686
pi4b8g,margin,tinydl_revision,n1,B1,1345,1.553955,2.287884,-0.733929,37.972,39.13498530838179,-1.162985308381792
pi4b8g,margin,tinydl_revision,n1,B1,1346,1.493456,2.287884,-0.7944280000000001,37.485,37.940199368997824,-0.45519936899782465
pi4b8g,margin,tinydl_revision,n1,B1,1347,1.467234,2.287884,-0.8206500000000001,38.459,37.54192626761608,0.9170737323839262
pi4b8g,margin,tinydl_revision,n1,B1,1348,1.512308,2.287884,-0.775576,37.485,38.33845893494221,-0.8534589349422106
pi4b8g,margin,tinydl_revision,n1,B1,1349,1.454123,2.287884,-0.833761,37.485,37.541902188495406,-0.05690218849540685
pi4b8g,margin,tinydl_revision,n1,B1,1350,1.509049,2.287884,-0.7788349999999999,38.459,37.54200306331669,0.9169969366833115
pi4b8g,margin,tinydl_revision,n1,B1,1351,1.514178,2.287884,-0.773706,38.459,38.33846236930692,0.12053763069308587
pi4b8g,margin,tinydl_revision,n1,B1,1352,1.462234,2.287884,-0.82565,38.946,38.33836697110357,0.60763302889643
pi4b8g,margin,tinydl_revision,n1,B1,1353,1.44792,2.287884,-0.8399639999999999,37.972,38.73656562574323,-0.7645656257432307
pi4b8g,margin,tinydl_revision,n1,B1,1354,1.519993,2.287884,-0.7678910000000001,37.972,37.940248105755146,0.031751894244855805
pi4b8g,margin,tinydl_revision,n1,B1,1355,1.474642,2.287884,-0.813242,37.972,37.94016481598309,0.031835184016912876
pi4b8g,margin,tinydl_revision,n1,B1,1356,1.453902,2.287884,-0.833982,37.485,37.94012672575635,-0.45512672575635094
pi4b8g,margin,tinydl_revision,n1,B1,1357,1.491438,2.287884,-0.796446,37.972,37.54197071968203,0.4300292803179744
pi4b8g,margin,tinydl_revision,n1,B1,1358,1.587029,2.287884,-0.700855,39.433,37.940371221301874,1.4926287786981263
pi4b8g,margin,tinydl_revision,n1,B1,1359,2.34346,2.287884,0.05557599999999985,38.946,39.13643528063136,-0.1904352806313625
pi4b8g,margin,tinydl_revision,n512,B2,1360,23.413251,24.106426,-0.6931750000000001,38.459,38.15145467850284,0.30754532149716596
pi4b8g,margin,tinydl_revision,n512,B2,1361,23.40251,24.106426,-0.7039159999999995,38.946,38.54965989516662,0.3963401048333779
pi4b8g,margin,tinydl_revision,n512,B2,1362,23.381566,24.106426,-0.7248599999999996,38.459,38.94784637342232,-0.4888463734223194
pi4b8g,margin,tinydl_revision,n512,B2,1363,24.452381,24.106426,0.345955,38.459,38.551588044849815,-0.09258804484981198
pi4b8g,margin,tinydl_revision,n512,B2,1364,23.248513,24.106426,-0.8579129999999999,39.433,38.54937707064174,0.8836229293582605
pi4b8g,margin,tinydl_revision,n512,B2,1365,23.244532,24.106426,-0.8618939999999995,39.433,39.34581964558251,0.08718035441749095
pi4b8g,margin,tinydl_revision,n512,B2,1366,23.14857,24.106426,-0.9578559999999996,37.972,39.34564340573981,-1.3736434057398057
pi4b8g,margin,tinydl_revision,n512,B2,1367,23.204254,24.106426,-0.9021720000000002,38.946,38.151070843251325,0.7949291567486725
pi4b8g,margin,tinydl_revision,n512,B2,1368,23.27292,24.106426,-0.8335059999999999,38.946,38.947646838669506,-0.0016468386695080994
pi4b8g,margin,tinydl_revision,n512,B2,1369,23.218809,24.106426,-0.8876169999999988,38.946,38.94754746064353,-0.0015474606435290639
pi4b8g,margin,tinydl_revision,n512,B2,1370,23.3374,24.106426,-0.7690260000000002,38.946,38.947765259972286,-0.0017652599722879359
pi4b8g,margin,tinydl_revision,n512,B2,1371,23.248235,24.106426,-0.8581909999999979,39.92,38.947601503218834,0.9723984967811674
pi4b8g,margin,tinydl_revision,n512,B2,1372,23.367771,24.106426,-0.7386549999999978,38.946,39.74427092437635,-0.7982709243763537
pi4b8g,margin,tinydl_revision,n512,B2,1373,24.708155,24.106426,0.6017290000000024,39.433,38.95028273194645,0.4827172680535483
pi4b8g,margin,tinydl_revision,n512,B2,1374,23.577119,24.106426,-0.5293069999999993,39.433,39.346430461119546,0.08656953888045393
pi4b8g,margin,tinydl_revision,n512,B2,1375,23.434029,24.106426,-0.6723970000000001,38.459,39.34616766794003,-0.8871676679400267
pi4b8g,margin,tinydl_revision,n512,B2,1376,23.360604,24.106426,-0.7458220000000004,38.946,38.54958293233916,0.39641706766083473
pi4b8g,margin,tinydl_revision,n512,B2,1377,23.402491,24.106426,-0.7039349999999978,39.433,38.947884803412414,0.48511519658758573
pi4b8g,margin,tinydl_revision,n512,B2,1378,23.285791,24.106426,-0.8206349999999993,39.433,39.34589542015651,0.08710457984349063
pi4b8g,margin,tinydl_revision,n512,B2,1379,23.273845,24.106426,-0.8325809999999976,38.946,39.34587348062668,-0.39987348062668104
pi4b8g,margin,tinydl_revision,n512,B2,1380,23.361659,24.106426,-0.7447669999999995,38.946,38.94780981304896,-0.0018098130489647701
pi4b8g,margin,tinydl_revision,n512,B2,1381,23.428251,24.106426,-0.6781749999999995,40.407,38.947932113163645,1.4590678868363511
pi4b8g,margin,tinydl_revision,n512,B2,1382,23.42125,24.106426,-0.6851759999999985,39.433,40.142594084837654,-0.7095940848376543
pi4b8g,margin,tinydl_revision,n512,B2,1383,23.481305,24.106426,-0.625121,38.946,39.34625449308752,-0.40025449308752314
pi4b8g,margin,tinydl_revision,n512,B2,1384,23.292161,24.106426,-0.8142649999999989,39.92,38.9476821758948,0.972317824105204
pi4b8g,margin,tinydl_revision,n512,B2,1385,23.272883,24.106426,-0.8335429999999988,40.407,39.744096656997655,0.6629033430023412
pi4b8g,margin,tinydl_revision,n512,B2,1386,23.235921,24.106426,-0.8705049999999979,39.433,40.14225371725665,-0.7092537172566509
pi4b8g,margin,tinydl_revision,n512,B2,1387,23.281142,24.106426,-0.8252839999999999,39.92,39.34588688199527,0.5741131180047319
pi4b8g,margin,tinydl_revision,n512,B2,1388,23.202884,24.106426,-0.9035419999999981,39.433,39.7439680997276,-0.310968099727603
pi4b8g,margin,tinydl_revision,n512,B2,1389,23.404103,24.106426,-0.7023229999999998,39.433,39.346112707085396,0.08688729291460362
pi4b8g,margin,tinydl_revision,n512,B2,1390,23.260143,24.106426,-0.8462829999999997,39.433,40.14229820238066,-0.7092982023806584
pi4b8g,margin,tinydl_revision,n512,B2,1391,23.359456,24.106426,-0.7469699999999975,38.946,39.34603071025064,-0.40003071025063974
pi4b8g,margin,tinydl_revision,n512,B2,1392,23.270735,24.106426,-0.8356910000000006,38.946,38.94764282578882,-0.0016428257888208009
pi4b8g,margin,tinydl_revision,n512,B2,1393,23.449158,24.106426,-0.6572679999999984,39.433,38.94797051009568,0.4850294899043206
pi4b8g,margin,tinydl_revision,n512,B2,1394,23.420473,24.106426,-0.6859529999999978,40.407,39.34614277155075,1.060857228449244
pi4b8g,margin,tinydl_revision,n512,B2,1395,23.381973,24.106426,-0.7244530000000005,39.433,40.14252195032294,-0.7095219503229373
pi4b8g,margin,tinydl_revision,n512,B2,1396,23.475379,24.106426,-0.6310469999999988,39.92,39.34624360964087,0.5737563903591294
pi4b8g,margin,tinydl_revision,n512,B2,1397,23.477435,24.106426,-0.6289909999999992,40.407,39.7444723287459,0.6625276712540966
pi4b8g,margin,tinydl_revision,n512,B2,1398,23.354418,24.106426,-0.752008,40.407,39.34602145766807,1.0609785423319238
pi4b8g,margin,tinydl_revision,n512,B2,1399,23.457509,24.106426,-0.6489169999999973,39.92,40.14266067661833,-0.22266067661832523
pi4b8g,margin,lucid_revision,n1024,B1,1400,297.112049,320.641715,-23.529665999999963,40.894,39.520184555090616,1.3738154449093827
pi4b8g,margin,lucid_revision,n1024,B1,1401,314.468329,320.641715,-6.173385999999994,40.407,40.74673521095474,-0.3397352109547427
pi4b8g,margin,lucid_revision,n1024,B1,1402,312.284755,320.641715,-8.356959999999958,41.381,40.34450000606186,1.0364999939381434
pi4b8g,margin,lucid_revision,n1024,B1,1403,313.182924,320.641715,-7.458790999999962,41.381,41.14259943240313,0.23840056759686945
pi4b8g,margin,lucid_revision,n1024,B1,1404,314.036354,320.641715,-6.605360999999959,40.894,41.144166806665424,-0.2501668066654261
pi4b8g,margin,lucid_revision,n1024,B1,1405,314.280276,320.641715,-6.361438999999962,40.894,40.74638984058793,0.1476101594120678
pi4b8g,margin,lucid_revision,n1024,B1,1406,311.665098,320.641715,-8.976616999999976,40.894,40.741586912768994,0.15241308723100389
pi4b8g,margin,lucid_revision,n1024,B1,1407,314.332589,320.641715,-6.309125999999992,41.868,40.746485916481426,1.1215140835185764
pi4b8g,margin,lucid_revision,n1024,B1,1408,312.049479,320.641715,-8.592235999999957,40.407,41.5387427373064,-1.1317427373064035
pi4b8g,margin,lucid_revision,n1024,B1,1409,313.602101,320.641715,-7.039613999999972,42.355,40.34691938927423,2.00808061072577
pi4b8g,margin,lucid_revision,n1024,B1,1410,312.274271,320.641715,-8.367443999999978,41.381,41.14093063786163,0.24006936213837093
pi4b8g,margin,lucid_revision,n1024,B1,1411,314.174405,320.641715,-6.467309999999998,41.381,41.14442034542582,0.23657965457417873
pi4b8g,margin,lucid_revision,n1024,B1,1412,312.623931,320.641715,-8.01778399999995,41.381,41.14157280896477,0.23942719103523302
pi4b8g,margin,lucid_revision,n1024,B1,1413,314.037777,320.641715,-6.603937999999971,40.894,41.1441694200884,-0.2501694200884046
pi4b8g,margin,lucid_revision,n1024,B1,1414,314.298495,320.641715,-6.343219999999974,41.868,40.74642330085027,1.1215766991497347
pi4b8g,margin,lucid_revision,n1024,B1,1415,313.321233,320.641715,-7.32048199999997,41.868,41.54107838813607,0.32692161186393065
pi4b8g,margin,lucid_revision,n1024,B1,1416,311.983812,320.641715,-8.657902999999976,40.894,41.14039719286807,-0.2463971928680735
pi4b8g,margin,lucid_revision,n1024,B1,1417,314.594286,320.641715,-6.0474289999999655,41.381,40.74696653837463,0.6340334616253713
pi4b8g,margin,lucid_revision,n1024,B1,1418,313.472656,320.641715,-7.169059000000004,42.842,41.14313154221854,1.6988684577814581
pi4b8g,margin,lucid_revision,n1024,B1,1419,313.590228,320.641715,-7.051486999999952,42.355,41.93979735637483,0.41520264362516457
pi4b8g,margin,lucid_revision,n1024,B1,1420,312.322935,320.641715,-8.318780000000004,41.381,41.93746989843336,-0.5564698984333631
pi4b8g,margin,lucid_revision,n1024,B1,1421,313.264974,320.641715,-7.376740999999981,41.868,41.142750122041676,0.7252498779583263
pi4b8g,margin,lucid_revision,n1024,B1,1422,311.939181,320.641715,-8.702533999999957,41.868,42.733214997979886,-0.8652149979798835
pi4b8g,margin,lucid_revision,n1024,B1,1423,314.632395,320.641715,-6.009320000000002,43.329,41.543486414069655,1.785513585930346
pi4b8g,margin,lucid_revision,n1024,B1,1424,312.694187,320.641715,-7.947527999999977,40.894,42.73460161079204,-1.8406016107920422
pi4b8g,margin,lucid_revision,n1024,B1,1425,313.433359,320.641715,-7.208355999999981,42.355,40.74483442783223,1.610165572167766
pi4b8g,margin,lucid_revision,n1024,B1,1426,312.257656,320.641715,-8.38405899999998,42.355,41.93735000972021,0.41764999027978433
pi4b8g,margin,lucid_revision,n1024,B1,1427,313.500932,320.641715,-7.140782999999999,41.868,41.93963335903219,-0.07163335903219092
pi4b8g,margin,lucid_revision,n1024,B1,1428,311.872218,320.641715,-8.769497000000001,42.355,41.53841718708071,0.816582812919286
pi4b8g,margin,lucid_revision,n1024,B1,1429,314.398305,320.641715,-6.243409999999983,41.381,41.94128143719195,-0.5602814371919465
pi4b8g,margin,lucid_revision,n1024,B1,1430,313.259676,320.641715,-7.382038999999963,43.816,41.14274039195386,2.673259608046145
pi4b8g,margin,lucid_revision,n1024,B1,1431,313.865535,320.641715,-6.776179999999954,42.355,43.13497780325271,-0.7799778032527129
pi4b8g,margin,lucid_revision,n1024,B1,1432,311.782904,320.641715,-8.858811000000003,42.355,41.93647809982043,0.41852190017957014
pi4b8g,margin,lucid_revision,n1024,B1,1433,313.445562,320.641715,-7.196152999999981,42.355,41.93953166877886,0.4154683312211347
pi4b8g,margin,lucid_revision,n1024,B1,1434,312.643834,320.641715,-7.99788099999995,42.842,41.938059248272715,0.9039407517272835
pi4b8g,margin,lucid_revision,n1024,B1,1435,313.829073,320.641715,-6.8126419999999825,42.355,42.33846095236981,0.01653904763018943
pi4b8g,margin,lucid_revision,n1024,B1,1436,313.199361,320.641715,-7.442353999999966,42.355,41.939079506198745,0.4159204938012522
pi4b8g,margin,lucid_revision,n1024,B1,1437,314.156714,320.641715,-6.485000999999954,41.381,41.94083774114728,-0.5598377411472768
pi4b8g,margin,lucid_revision,n1024,B1,1438,312.135045,320.641715,-8.506669999999986,42.842,41.1406749411448,1.701325058855197
pi4b8g,margin,lucid_revision,n1024,B1,1439,313.434115,320.641715,-7.207599999999957,41.868,42.33773558883222,-0.469735588832215
pi4b8g,margin,oi_svdd_as_elm_revision,n256,B2,1440,25.752822,26.965707,-1.212885,40.894,40.53958198552364,0.3544180144763587
pi4b8g,margin,oi_svdd_as_elm_revision,n256,B2,1441,25.451753,26.965707,-1.5139539999999982,41.381,40.53902905464263,0.8419709453573674
pi4b8g,margin,oi_svdd_as_elm_revision,n256,B2,1442,25.46753,26.965707,-1.4981769999999983,40.407,40.93728297316912,-0.5302829731691219
pi4b8g,margin,oi_svdd_as_elm_revision,n256,B2,1443,25.643564,26.965707,-1.322142999999997,40.407,41.33583121307774,-0.9288312130777427
pi4b8g,margin,oi_svdd_as_elm_revision,n256,B2,1444,25.525585,26.965707,-1.4401219999999988,41.381,40.140939708301644,1.2400602916983559
pi4b8g,margin,oi_svdd_as_elm_revision,n256,B2,1445,25.622546,26.965707,-1.3431609999999985,40.407,40.937567669147285,-0.5305676691472883
pi4b8g,margin,oi_svdd_as_elm_revision,n256,B2,1446,25.599398,26.965707,-1.3663089999999976,41.381,40.14107527020646,1.2399247297935432
pi4b8g,margin,oi_svdd_as_elm_revision,n256,B2,1447,25.637175,26.965707,-1.3285319999999992,40.894,40.937594536164006,-0.04359453616400799
pi4b8g,margin,oi_svdd_as_elm_revision,n256,B2,1448,25.807839,26.965707,-1.157867999999997,40.894,40.53968302747176,0.35431697252823824
pi4b8g,margin,oi_svdd_as_elm_revision,n256,B2,1449,25.490474,26.965707,-1.4752329999999994,40.894,40.53910016803074,0.3548998319692558
pi4b8g,margin,oi_svdd_as_elm_revision,n256,B2,1450,25.786654,26.965707,-1.1790529999999997,40.407,40.53964411997642,-0.1326441199764261
pi4b8g,margin,oi_svdd_as_elm_revision,n256,B2,1451,25.505622,26.965707,-1.4600849999999994,41.868,40.93735293136182,0.93064706863818
pi4b8g,margin,oi_svdd_as_elm_revision,n256,B2,1452,25.538085,26.965707,-1.4276219999999995,40.407,41.335637494706205,-0.9286374947062086
pi4b8g,margin,oi_svdd_as_elm_revision,n256,B2,1453,25.550881,26.965707,-1.414825999999998,40.894,40.140986165889665,0.7530138341103338
pi4b8g,margin,oi_svdd_as_elm_revision,n256,B2,1454,25.649137,26.965707,-1.3165699999999987,41.381,40.53939156193836,0.8416084380616411
pi4b8g,margin,oi_svdd_as_elm_revision,n256,B2,1455,25.944596,26.965707,-1.0211109999999977,40.894,40.93815913286566,-0.044159132865658535
pi4b8g,margin,oi_svdd_as_elm_revision,n256,B2,1456,25.584861,26.965707,-1.3808459999999982,40.894,40.539273515293544,0.35472648470645396
pi4b8g,margin,oi_svdd_as_elm_revision,n256,B2,1457,25.483196,26.965707,-1.4825109999999988,40.894,40.53908680155677,0.3549131984432279
pi4b8g,margin,oi_svdd_as_elm_revision,n256,B2,1458,25.611861,26.965707,-1.3538459999999972,41.381,40.53932310237752,0.8416768976224773
pi4b8g,margin,oi_svdd_as_elm_revision,n256,B2,1459,25.486974,26.965707,-1.4787329999999983,40.407,40.93731868321582,-0.5303186832158246
pi4b8g,margin,oi_svdd_as_elm_revision,n256,B2,1460,25.72397,26.965707,-1.241736999999997,41.381,40.14130405399259,1.2396959460074086
pi4b8g,margin,oi_svdd_as_elm_revision,n256,B2,1461,25.629583,26.965707,-1.336123999999998,41.381,40.937580593010615,0.44341940698938487
pi4b8g,margin,oi_svdd_as_elm_revision,n256,B2,1462,25.599398,26.965707,-1.3663089999999976,40.407,40.93752515648728,-0.5305251564872862
pi4b8g,margin,oi_svdd_as_elm_revision,n256,B2,1463,25.669582,26.965707,-1.296125,40.407,40.14120416723987,0.2657958327601264
pi4b8g,margin,oi_svdd_as_elm_revision,n256,B2,1464,25.545436,26.965707,-1.4202709999999996,40.407,39.74275122268732,0.6642487773126788
pi4b8g,margin,oi_svdd_as_elm_revision,n256,B2,1465,25.622693,26.965707,-1.3430139999999966,41.381,40.14111805284058,1.239881947159418
pi4b8g,margin,oi_svdd_as_elm_revision,n256,B2,1466,25.558195,26.965707,-1.407511999999997,40.407,40.93744948476057,-0.5304494847605739
pi4b8g,margin,oi_svdd_as_elm_revision,n256,B2,1467,25.554861,26.965707,-1.4108459999999994,41.868,40.14099347539315,1.7270065246068498
pi4b8g,margin,oi_svdd_as_elm_revision,n256,B2,1468,25.756248,26.965707,-1.209458999999999,41.381,41.336038163854454,0.044961836145546386
pi4b8g,margin,oi_svdd_as_elm_revision,n256,B2,1469,25.483345,26.965707,-1.4823619999999984,40.894,40.93731201834442,-0.04331201834442311
pi4b8g,margin,oi_svdd_as_elm_revision,n256,B2,1470,25.624842,26.965707,-1.3408649999999973,41.381,40.53934694274557,0.8416530572544332
pi4b8g,margin,oi_svdd_as_elm_revision,n256,B2,1471,25.515826,26.965707,-1.4498809999999978,40.894,40.93737167160645,-0.043371671606450946
pi4b8g,margin,oi_svdd_as_elm_revision,n256,B2,1472,25.55764,26.965707,-1.408066999999999,40.894,40.5392235223301,0.35477647766990117
pi4b8g,margin,oi_svdd_as_elm_revision,n256,B2,1473,25.791765,26.965707,-1.1739419999999967,40.407,40.539653506627765,-0.13265350662776854
pi4b8g,margin,oi_svdd_as_elm_revision,n256,B2,1474,25.496604,26.965707,-1.469102999999997,41.868,40.14088648299495,1.7271135170050513
pi4b8g,margin,oi_svdd_as_elm_revision,n256,B2,1475,25.990502,26.965707,-0.975204999999999,40.894,41.33646838506819,-0.44246838506818875
pi4b8g,margin,oi_svdd_as_elm_revision,n256,B2,1476,25.797431,26.965707,-1.1682759999999988,40.407,40.53966391256917,-0.13266391256917132
pi4b8g,margin,oi_svdd_as_elm_revision,n256,B2,1477,25.51514,26.965707,-1.4505669999999995,40.407,40.14092052544638,0.2660794745536137
pi4b8g,margin,oi_svdd_as_elm_revision,n256,B2,1478,25.645804,26.965707,-1.319903,41.381,40.14116049754791,1.2398395024520923
pi4b8g,margin,oi_svdd_as_elm_revision,n256,B2,1479,25.443049,26.965707,-1.5226579999999998,41.381,40.93723801237642,0.44376198762358143
pi4b8g,margin,fisvdd_revision,n256,B1,1480,14.137556,14.019053,0.11850300000000047,40.407,41.127596222829126,-0.7205962228291298
pi4b8g,margin,fisvdd_revision,n256,B1,1481,13.910356,14.019053,-0.10869699999999938,40.407,39.93250412727898,0.4744958727210147
pi4b8g,margin,fisvdd_revision,n256,B1,1482,14.080427,14.019053,0.061374000000000706,40.407,39.932816472647865,0.47418352735213176
pi4b8g,margin,fisvdd_revision,n256,B1,1483,14.116297,14.019053,0.09724399999999989,40.407,39.93288235000721,0.4741176499927846
pi4b8g,margin,fisvdd_revision,n256,B1,1484,14.025742,14.019053,0.006688999999999723,41.381,39.932716040437214,1.4482839595627865
pi4b8g,margin,fisvdd_revision,n256,B1,1485,14.019928,14.019053,0.0008750000000006253,40.407,40.72915524896595,-0.3221552489659558
pi4b8g,margin,fisvdd_revision,n256,B1,1486,14.09065,14.019053,0.07159700000000058,40.894,40.331060190927516,0.562939809072482
pi4b8g,margin,fisvdd_revision,n256,B1,1487,13.84482,14.019053,-0.1742329999999992,40.894,40.33060870971066,0.5633912902893385
pi4b8g,margin,fisvdd_revision,n256,B1,1488,13.923633,14.019053,-0.09541999999999895,40.407,40.33075345440881,0.07624654559118937
pi4b8g,margin,fisvdd_revision,n256,B1,1489,13.952022,14.019053,-0.06703100000000006,40.407,39.93258064933236,0.4744193506676382
pi4b8g,margin,fisvdd_revision,n256,B1,1490,13.985132,14.019053,-0.033920999999999424,38.946,39.93264145778979,-0.9866414577897942
pi4b8g,margin,fisvdd_revision,n256,B1,1491,13.908763,14.019053,-0.11028999999999911,40.407,38.73782637221981,1.6691736277801894
pi4b8g,margin,fisvdd_revision,n256,B1,1492,14.019687,14.019053,0.0006339999999998014,40.894,39.93270492007449,0.961295079925506
pi4b8g,margin,fisvdd_revision,n256,B1,1493,13.884079,14.019053,-0.1349739999999997,40.407,40.33068081116733,0.07631918883266309
pi4b8g,margin,fisvdd_revision,n256,B1,1494,13.969058,14.019053,-0.049994999999999123,39.92,39.93261193694579,-0.012611936945788216
pi4b8g,margin,fisvdd_revision,n256,B1,1495,14.100335,14.019053,0.08128199999999985,40.407,39.53462809171738,0.8723719082826165
pi4b8g,margin,fisvdd_revision,n256,B1,1496,13.995206,14.019053,-0.02384699999999995,39.433,39.93265995928179,-0.49965995928179296
pi4b8g,margin,fisvdd_revision,n256,B1,1497,14.065112,14.019053,0.04605899999999963,40.407,39.136338459471084,1.2706615405289128
pi4b8g,margin,fisvdd_revision,n256,B1,1498,14.073817,14.019053,0.05476400000000048,38.946,39.93280433299508,-0.9868043329950851
pi4b8g,margin,fisvdd_revision,n256,B1,1499,14.060446,14.019053,0.04139300000000112,38.459,38.738104946947935,-0.27910494694793186
pi4b8g,margin,fisvdd_revision,n256,B1,1500,14.055224,14.019053,0.036171000000001285,39.92,38.33987041329817,1.5801295867018297
pi4b8g,margin,fisvdd_revision,n256,B1,1501,13.846672,14.019053,-0.17238099999999967,39.92,39.53416222473649,0.3858377752635107
pi4b8g,margin,fisvdd_revision,n256,B1,1502,14.108482,14.019053,0.08942900000000087,40.407,39.53464305416083,0.8723569458391651
pi4b8g,margin,fisvdd_revision,n256,B1,1503,13.867838,14.019053,-0.15121499999999877,39.433,39.93242604047762,-0.49942604047762273
pi4b8g,margin,fisvdd_revision,n256,B1,1504,13.935948,14.019053,-0.08310499999999976,39.433,39.13610124220755,0.296898757792448
pi4b8g,margin,fisvdd_revision,n256,B1,1505,13.905264,14.019053,-0.11378899999999881,40.407,39.13604488924145,1.2709551107585497
pi4b8g,margin,fisvdd_revision,n256,B1,1506,14.137759,14.019053,0.11870600000000131,40.407,39.9329217662293,0.47407823377069747
pi4b8g,margin,fisvdd_revision,n256,B1,1507,13.907782,14.019053,-0.11127100000000034,40.407,39.932499399976976,0.4745006000230205
pi4b8g,margin,fisvdd_revision,n256,B1,1508,14.049409,14.019053,0.03035600000000116,40.407,39.93275950627116,0.4742404937288356
pi4b8g,margin,fisvdd_revision,n256,B1,1509,14.097019,14.019053,0.07796599999999998,39.92,39.93284694482925,-0.012846944829249196
pi4b8g,margin,fisvdd_revision,n256,B1,1510,14.220128,14.019053,0.20107500000000122,39.433,39.53484809858965,-0.10184809858964883
pi4b8g,margin,fisvdd_revision,n256,B1,1511,13.852968,14.019053,-0.16608499999999893,38.946,39.13594884456945,-0.18994884456945016
pi4b8g,margin,fisvdd_revision,n256,B1,1512,13.996039,14.019053,-0.023013999999999868,40.894,38.73798665971393,2.1560133402860657
pi4b8g,margin,fisvdd_revision,n256,B1,1513,13.893782,14.019053,-0.1252709999999997,38.946,40.330698631296066,-1.384698631296068
pi4b8g,margin,fisvdd_revision,n256,B1,1514,14.03615,14.019053,0.017096999999999696,39.92,38.73806032591858,1.1819396740814199
pi4b8g,margin,fisvdd_revision,n256,B1,1515,13.948059,14.019053,-0.07099399999999889,40.407,39.53434842790996,0.8726515720900352
pi4b8g,margin,fisvdd_revision,n256,B1,1516,14.167666,14.019053,0.148613000000001,38.946,39.93297669218932,-0.986976692189323
pi4b8g,margin,fisvdd_revision,n256,B1,1517,14.127575,14.019053,0.10852200000000067,39.92,38.73822823329462,1.1817717667053813
pi4b8g,margin,fisvdd_revision,n256,B1,1518,13.993465,14.019053,-0.025587999999999056,39.92,39.534431818692745,0.38556818130725645
pi4b8g,margin,fisvdd_revision,n256,B1,1519,14.900302,14.019053,0.8812490000000004,40.894,39.53609727804371,1.357902721956286
pi4b8g,margin,oi_svdd_as_elm_revision,n256,B0,1520,25.915485,27.087648,-1.1721630000000012,38.946,38.96786949612971,-0.021869496129710342
pi4b8g,margin,oi_svdd_as_elm_revision,n256,B0,1521,25.557028,27.087648,-1.5306200000000025,39.92,38.56898622567958,1.3510137743204211
pi4b8g,margin,oi_svdd_as_elm_revision,n256,B0,1522,26.091426,27.087648,-0.996222000000003,38.946,39.36641756523837,-0.4204175652383739
pi4b8g,margin,oi_svdd_as_elm_revision,n256,B0,1523,25.649748,27.087648,-1.4379000000000026,39.433,38.569156511399086,0.8638434886009136
pi4b8g,margin,oi_svdd_as_elm_revision,n256,B0,1524,25.625434,27.087648,-1.462214000000003,39.433,38.96733680045209,0.4656631995479117
pi4b8g,margin,oi_svdd_as_elm_revision,n256,B0,1525,25.616212,27.087648,-1.4714360000000006,38.946,38.96731986370807,-0.021319863708072262
pi4b8g,margin,oi_svdd_as_elm_revision,n256,B0,1526,25.740599,27.087648,-1.347049000000002,38.946,38.569323364590446,0.3766766354095523
pi4b8g,margin,oi_svdd_as_elm_revision,n256,B0,1527,25.64749,27.087648,-1.4401580000000003,39.92,38.56915236444962,1.3508476355503802
pi4b8g,margin,oi_svdd_as_elm_revision,n256,B0,1528,25.65397,27.087648,-1.4336780000000005,38.946,39.365614151630595,-0.4196141516305971
pi4b8g,margin,oi_svdd_as_elm_revision,n256,B0,1529,25.572583,27.087648,-1.5150649999999999,39.433,38.56901479334963,0.8639852066503693
pi4b8g,margin,oi_svdd_as_elm_revision,n256,B0,1530,25.966484,27.087648,-1.1211640000000003,38.459,38.96796315878512,-0.5089631587851144
pi4b8g,margin,oi_svdd_as_elm_revision,n256,B0,1531,25.707322,27.087648,-1.3803260000000002,38.946,38.17103730628732,0.7749626937126806
pi4b8g,margin,oi_svdd_as_elm_revision,n256,B0,1532,25.648489,27.087648,-1.439159,38.946,38.56915419917173,0.3768458008282707
pi4b8g,margin,oi_svdd_as_elm_revision,n256,B0,1533,25.55088,27.087648,-1.5367680000000021,38.946,38.5689749345169,0.377025065483096
pi4b8g,margin,oi_svdd_as_elm_revision,n256,B0,1534,25.780949,27.087648,-1.3066990000000018,37.972,38.56939746973262,-0.5973974697326199
pi4b8g,margin,oi_svdd_as_elm_revision,n256,B0,1535,25.543732,27.087648,-1.543916000000003,38.946,37.77251192051474,1.17348807948526
pi4b8g,margin,oi_svdd_as_elm_revision,n256,B0,1536,25.62573,27.087648,-1.4619180000000007,38.946,38.56911240093305,0.37688759906694713
pi4b8g,margin,oi_svdd_as_elm_revision,n256,B0,1537,25.771802,27.087648,-1.3158460000000005,38.459,38.5693806707305,-0.11038067073049973
pi4b8g,margin,oi_svdd_as_elm_revision,n256,B0,1538,25.553527,27.087648,-1.5341210000000025,38.459,38.17075485274729,0.28824514725271655
pi4b8g,margin,oi_svdd_as_elm_revision,n256,B0,1539,25.605657,27.087648,-1.4819910000000007,39.433,38.17085059255054,1.2621494074494564
pi4b8g,margin,oi_svdd_as_elm_revision,n256,B0,1540,25.719173,27.087648,-1.368475,37.972,38.569284014484474,-0.5972840144844724
pi4b8g,margin,oi_svdd_as_elm_revision,n256,B0,1541,25.683766,27.087648,-1.403882000000003,38.946,37.772769101170965,1.1732308988290328
pi4b8g,margin,oi_svdd_as_elm_revision,n256,B0,1542,25.805098,27.087648,-1.2825500000000005,38.459,38.569441820787844,-0.11044182078784104
pi4b8g,margin,oi_svdd_as_elm_revision,n256,B0,1543,27.007059,27.087648,-0.0805889999999998,39.433,38.17342434953814,1.259575650461862
pi4b8g,margin,oi_svdd_as_elm_revision,n256,B0,1544,26.61114,27.087648,-0.4765080000000026,38.459,38.96914710734848,-0.5101471073484802
pi4b8g,margin,oi_svdd_as_elm_revision,n256,B0,1545,27.957432,27.087648,0.8697839999999992,38.946,38.17516976530719,0.7708302346928093
pi4b8g,margin,oi_svdd_as_elm_revision,n256,B0,1546,25.803023,27.087648,-1.284625000000002,39.433,38.56943800992861,0.8635619900713891
pi4b8g,margin,oi_svdd_as_elm_revision,n256,B0,1547,25.477381,27.087648,-1.6102670000000003,38.459,38.967064892431914,-0.5080648924319107
pi4b8g,margin,oi_svdd_as_elm_revision,n256,B0,1548,25.712562,27.087648,-1.3750860000000031,38.459,38.96749681613554,-0.5084968161355334
pi4b8g,margin,oi_svdd_as_elm_revision,n256,B0,1549,25.784542,27.087648,-1.3031060000000032,39.433,38.1711791253475,1.2618208746525
pi4b8g,margin,oi_svdd_as_elm_revision,n256,B0,1550,25.628082,27.087648,-1.4595660000000024,39.433,38.96734166365944,0.4656583363405602
pi4b8g,margin,oi_svdd_as_elm_revision,n256,B0,1551,25.773431,27.087648,-1.3142170000000029,38.459,38.967608605624974,-0.5086086056249712
pi4b8g,margin,oi_svdd_as_elm_revision,n256,B0,1552,27.064354,27.087648,-0.023293999999999926,38.946,38.1735295751669,0.7724704248330951
pi4b8g,margin,oi_svdd_as_elm_revision,n256,B0,1553,25.685581,27.087648,-1.4020670000000024,38.946,38.569222320805764,0.3767776791942339
pi4b8g,margin,oi_svdd_as_elm_revision,n256,B0,1554,25.717969,27.087648,-1.3696790000000014,38.459,38.56928180326784,-0.11028180326783854
pi4b8g,margin,oi_svdd_as_elm_revision,n256,B0,1555,25.577787,27.087648,-1.5098610000000008,38.946,38.17079940766052,0.7752005923394805
pi4b8g,margin,oi_svdd_as_elm_revision,n256,B0,1556,25.634138,27.087648,-1.4535100000000014,38.459,38.170902899577904,0.2880971004220996
pi4b8g,margin,oi_svdd_as_elm_revision,n256,B0,1557,25.581305,27.087648,-1.506343000000001,38.459,38.17080586867391,0.28819413132609384
pi4b8g,margin,oi_svdd_as_elm_revision,n256,B0,1558,25.832004,27.087648,-1.2556440000000002,38.459,38.171266292094906,0.28773370790509745
pi4b8g,margin,oi_svdd_as_elm_revision,n256,B0,1559,25.737654,27.087648,-1.3499940000000024,38.946,38.17109301278477,0.7749069872152248
pi4b8g,margin,oi_svdd_as_elm_revision,n16,B2,1560,3.419386,3.470714,-0.05132800000000026,38.946,38.5152938844021,0.43070611559789995
pi4b8g,margin,oi_svdd_as_elm_revision,n16,B2,1561,3.258204,3.470714,-0.21250999999999998,39.433,38.9132228073436,0.5197771926563988
pi4b8g,margin,oi_svdd_as_elm_revision,n16,B2,1562,3.2115,3.470714,-0.25921400000000006,39.433,39.31136197584808,0.12163802415192038
pi4b8g,margin,oi_svdd_as_elm_revision,n16,B2,1563,3.195002,3.470714,-0.27571199999999996,39.92,39.31133167630321,0.60866832369679
pi4b8g,margin,oi_svdd_as_elm_revision,n16,B2,1564,3.216667,3.470714,-0.2540469999999999,38.946,39.70959640848712,-0.7635964084871247
pi4b8g,margin,oi_svdd_as_elm_revision,n16,B2,1565,3.34898,3.470714,-0.12173400000000001,40.894,38.91338952279307,1.9806104772069304
pi4b8g,margin,oi_svdd_as_elm_revision,n16,B2,1566,3.255963,3.470714,-0.21475100000000014,39.433,40.50611846417728,-1.073118464177277
pi4b8g,margin,oi_svdd_as_elm_revision,n16,B2,1567,3.250204,3.470714,-0.22050999999999998,38.946,39.311433058014686,-0.3654330580146876
pi4b8g,margin,oi_svdd_as_elm_revision,n16,B2,1568,3.214445,3.470714,-0.2562690000000001,38.946,38.91314244137294,0.032857558627057415
pi4b8g,margin,oi_svdd_as_elm_revision,n16,B2,1569,3.19852,3.470714,-0.27219400000000027,38.946,38.913113194176184,0.032886805823814313
pi4b8g,margin,oi_svdd_as_elm_revision,n16,B2,1570,3.219167,3.470714,-0.25154699999999997,38.946,38.91315111360296,0.032848886397040644
pi4b8g,margin,oi_svdd_as_elm_revision,n16,B2,1571,3.194131,3.470714,-0.276583,39.92,38.9131051335202,1.0068948664798043
pi4b8g,margin,oi_svdd_as_elm_revision,n16,B2,1572,3.182001,3.470714,-0.288713,38.459,39.70953274234441,-1.2505327423444044
pi4b8g,margin,oi_svdd_as_elm_revision,n16,B2,1573,3.225464,3.470714,-0.24524999999999997,38.459,38.514937735272476,-0.055937735272472366
pi4b8g,margin,oi_svdd_as_elm_revision,n16,B2,1574,3.21939,3.470714,-0.2513239999999999,39.433,38.514926580015135,0.9180734199848644
pi4b8g,margin,oi_svdd_as_elm_revision,n16,B2,1575,3.216426,3.470714,-0.2542880000000003,38.946,39.31137102273607,-0.36537102273607047
pi4b8g,margin,oi_svdd_as_elm_revision,n16,B2,1576,3.283759,3.470714,-0.1869550000000002,38.946,38.91326974060031,0.03273025939968477
pi4b8g,margin,oi_svdd_as_elm_revision,n16,B2,1577,3.254593,3.470714,-0.21612100000000023,38.459,38.91321617553026,-0.45421617553025584
pi4b8g,margin,oi_svdd_as_elm_revision,n16,B2,1578,3.165687,3.470714,-0.30502699999999994,39.433,38.5148279513051,0.918172048694899
pi4b8g,margin,oi_svdd_as_elm_revision,n16,B2,1579,3.243315,3.470714,-0.22739900000000013,39.92,38.913195462821626,1.0068045371783754
pi4b8g,margin,oi_svdd_as_elm_revision,n16,B2,1580,3.243445,3.470714,-0.22726900000000017,39.92,39.70964558785508,0.21035441214492323
pi4b8g,margin,oi_svdd_as_elm_revision,n16,B2,1581,3.165094,3.470714,-0.3056200000000002,39.92,39.70950169164704,0.21049830835296035
pi4b8g,margin,oi_svdd_as_elm_revision,n16,B2,1582,3.215853,3.470714,-0.254861,39.433,39.70959491352836,-0.2765949135283634
pi4b8g,margin,oi_svdd_as_elm_revision,n16,B2,1583,3.214408,3.470714,-0.2563059999999999,39.433,39.311367316560684,0.12163268343931577
pi4b8g,margin,oi_svdd_as_elm_revision,n16,B2,1584,3.178353,3.470714,-0.2923610000000001,39.92,39.311301099437976,0.6086989005620254
pi4b8g,margin,oi_svdd_as_elm_revision,n16,B2,1585,3.270777,3.470714,-0.19993700000000025,39.92,39.70969578467653,0.2103042153234682
pi4b8g,margin,oi_svdd_as_elm_revision,n16,B2,1586,3.22739,3.470714,-0.24332399999999987,39.92,39.709616101905695,0.2103838980943067
pi4b8g,margin,oi_svdd_as_elm_revision,n16,B2,1587,3.232204,3.470714,-0.23851000000000022,39.433,39.709624943099115,-0.27662494309911523
pi4b8g,margin,oi_svdd_as_elm_revision,n16,B2,1588,3.258945,3.470714,-0.21176899999999987,39.433,39.31144911137399,0.12155088862601104
pi4b8g,margin,oi_svdd_as_elm_revision,n16,B2,1589,3.214704,3.470714,-0.2560100000000003,39.92,39.311367860182045,0.6086321398179564
pi4b8g,margin,oi_svdd_as_elm_revision,n16,B2,1590,3.215093,3.470714,-0.2556210000000001,38.946,39.70959351774378,-0.7635935177437787
pi4b8g,margin,oi_svdd_as_elm_revision,n16,B2,1591,3.226612,3.470714,-0.24410200000000026,40.407,38.913164786782225,1.4938352132177712
pi4b8g,margin,oi_svdd_as_elm_revision,n16,B2,1592,3.230871,3.470714,-0.23984300000000003,38.946,40.107847438106816,-1.1618474381068182
pi4b8g,margin,oi_svdd_as_elm_revision,n16,B2,1593,3.207612,3.470714,-0.26310199999999995,40.407,38.913129892167575,1.4938701078324215
pi4b8g,margin,oi_svdd_as_elm_revision,n16,B2,1594,3.354184,3.470714,-0.11653000000000002,39.433,40.10807390966559,-0.675073909665592
pi4b8g,margin,oi_svdd_as_elm_revision,n16,B2,1595,3.237186,3.470714,-0.23352800000000018,39.92,39.31140914969397,0.6085908503060296
pi4b8g,margin,oi_svdd_as_elm_revision,n16,B2,1596,3.224167,3.470714,-0.24654700000000007,39.433,39.70961018267712,-0.2766101826771177
pi4b8g,margin,oi_svdd_as_elm_revision,n16,B2,1597,3.257241,3.470714,-0.21347300000000002,40.407,39.31144598187802,1.0955540181219732
pi4b8g,margin,oi_svdd_as_elm_revision,n16,B2,1598,3.209093,3.470714,-0.2616209999999999,38.946,40.10780744153219,-1.16180744153219
pi4b8g,margin,oi_svdd_as_elm_revision,n16,B2,1599,3.356776,3.470714,-0.1139380000000001,39.92,38.913403840604424,1.0065961593955777
pi4b8g,margin,lucid_revision,n64,B2,1600,20.506873,20.521918,-0.015045000000000641,40.407,40.005154288402736,0.4018457115972609
pi4b8g,margin,lucid_revision,n64,B2,1601,19.033676,20.521918,-1.4882419999999996,40.407,40.00244867568572,0.40455132431427643
pi4b8g,margin,lucid_revision,n64,B2,1602,19.005417,20.521918,-1.516500999999998,38.946,40.002396776374376,-1.0563967763743776
pi4b8g,margin,lucid_revision,n64,B2,1603,18.944362,20.521918,-1.5775559999999977,39.433,38.80760981586379,0.625390184136208
pi4b8g,margin,lucid_revision,n64,B2,1604,19.046213,20.521918,-1.4757049999999978,39.92,39.20602181434089,0.7139781856591085
pi4b8g,margin,lucid_revision,n64,B2,1605,19.053564,20.521918,-1.468353999999998,40.407,39.60426025802406,0.8027397419759339
pi4b8g,margin,lucid_revision,n64,B2,1606,19.002417,20.521918,-1.5195009999999982,38.459,40.002391266698375,-1.5433912666983716
pi4b8g,margin,lucid_revision,n64,B2,1607,19.028805,20.521918,-1.493113000000001,39.92,38.40953995724682,1.5104600427531807
pi4b8g,margin,lucid_revision,n64,B2,1608,19.016898,20.521918,-1.5050199999999982,39.92,39.604192918764014,0.3158070812359881
pi4b8g,margin,lucid_revision,n64,B2,1609,18.97238,20.521918,-1.5495379999999983,39.92,39.60411115884532,0.3158888411546812
pi4b8g,margin,lucid_revision,n64,B2,1610,18.986176,20.521918,-1.535741999999999,40.407,39.60413649600868,0.8028635039913183
pi4b8g,margin,lucid_revision,n64,B2,1611,18.965214,20.521918,-1.5567039999999999,39.92,40.00232294120633,-0.08232294120632844
pi4b8g,margin,lucid_revision,n64,B2,1612,18.991417,20.521918,-1.530501000000001,40.407,39.60414612141265,0.8028538785873494
pi4b8g,margin,lucid_revision,n64,B2,1613,19.202562,20.521918,-1.319355999999999,39.92,40.002758844732575,-0.08275884473257378
pi4b8g,margin,lucid_revision,n64,B2,1614,19.139378,20.521918,-1.3825399999999988,39.433,39.60441786046942,-0.17141786046941832
pi4b8g,margin,lucid_revision,n64,B2,1615,18.991824,20.521918,-1.5300939999999983,40.407,39.20592192575161,1.201078074248386
pi4b8g,margin,lucid_revision,n64,B2,1616,18.974843,20.521918,-1.5470749999999995,40.407,40.002340625429724,0.40465937457027223
pi4b8g,margin,lucid_revision,n64,B2,1617,18.993176,20.521918,-1.5287420000000012,39.92,39.20592440877893,0.714075591221075
pi4b8g,margin,lucid_revision,n64,B2,1618,19.090286,20.521918,-1.4316320000000005,39.433,39.60432770013139,-0.17132770013139265
pi4b8g,margin,lucid_revision,n64,B2,1619,19.023028,20.521918,-1.4988899999999994,40.894,39.20597923372822,1.6880207662717766
pi4b8g,margin,lucid_revision,n64,B2,1620,18.98962,20.521918,-1.5322980000000008,39.433,40.400592707397536,-0.9675927073975359
pi4b8g,margin,lucid_revision,n64,B2,1621,19.018527,20.521918,-1.5033910000000006,40.407,39.20597096737767,1.2010290326223299
pi4b8g,margin,lucid_revision,n64,B2,1622,18.952288,20.521918,-1.56963,40.407,40.00229920184901,0.4047007981509836
pi4b8g,margin,lucid_revision,n64,B2,1623,19.01462,20.521918,-1.5072979999999987,39.92,40.00241367822378,-0.0824136782237801
pi4b8g,margin,lucid_revision,n64,B2,1624,19.039565,20.521918,-1.4823529999999998,39.92,39.604234548039294,0.3157654519607078
pi4b8g,margin,lucid_revision,n64,B2,1625,18.911845,20.521918,-1.6100729999999999,39.92,39.60399998276648,0.3160000172335202
pi4b8g,margin,lucid_revision,n64,B2,1626,18.982843,20.521918,-1.5390750000000004,40.407,39.60413037475865,0.8028696252413496
pi4b8g,margin,lucid_revision,n64,B2,1627,19.056619,20.521918,-1.4652989999999981,39.92,40.00249081185119,-0.08249081185118712
pi4b8g,margin,lucid_revision,n64,B2,1628,19.205728,20.521918,-1.3161899999999989,40.894,39.604539716136905,1.289460283863093
pi4b8g,margin,lucid_revision,n64,B2,1629,18.992417,20.521918,-1.5295009999999998,40.407,40.400597844252125,0.006402155747871063
pi4b8g,margin,lucid_revision,n64,B2,1630,19.038694,20.521918,-1.4832239999999999,39.92,40.002457891537105,-0.08245789153710348
pi4b8g,margin,lucid_revision,n64,B2,1631,19.011546,20.521918,-1.5103720000000003,39.433,39.60418308950204,-0.17118308950203698
pi4b8g,margin,lucid_revision,n64,B2,1632,18.981472,20.521918,-1.5404459999999993,40.894,39.2059029136963,1.6880970863036993
pi4b8g,margin,lucid_revision,n64,B2,1633,18.94464,20.521918,-1.5772779999999997,40.407,40.40051009898874,0.0064899010112569044
pi4b8g,margin,lucid_revision,n64,B2,1634,18.993602,20.521918,-1.5283160000000002,41.381,40.00237507743374,1.3786249225662601
pi4b8g,margin,lucid_revision,n64,B2,1635,18.981547,20.521918,-1.5403710000000004,39.92,40.00235293771902,-0.08235293771901553
pi4b8g,margin,lucid_revision,n64,B2,1636,18.946807,20.521918,-1.5751109999999997,39.92,39.60406419253056,0.31593580746944383
pi4b8g,margin,lucid_revision,n64,B2,1637,19.077878,20.521918,-1.444040000000001,40.407,39.604304912111466,0.8026950878885302
pi4b8g,margin,lucid_revision,n64,B2,1638,18.983565,20.521918,-1.5383530000000007,40.894,40.00235664389441,0.8916433561055896
pi4b8g,margin,lucid_revision,n64,B2,1639,18.962473,20.521918,-1.5594450000000002,40.894,40.40054285033943,0.4934571496605713
pi4b8g,margin,fisvdd_revision,n16,B1,1640,2.677492,2.599026,0.07846600000000015,40.407,39.12327770728243,1.283722292717563
pi4b8g,margin,fisvdd_revision,n16,B1,1641,2.62214,2.599026,0.02311400000000008,40.407,39.919625936367964,0.48737406363203206
pi4b8g,margin,fisvdd_revision,n16,B1,1642,2.376849,2.599026,-0.22217699999999985,39.433,39.12272555877542,0.31027444122457837
pi4b8g,margin,fisvdd_revision,n16,B1,1643,2.402255,2.599026,-0.19677100000000003,40.407,39.12277221838489,1.2842277816151082
pi4b8g,margin,fisvdd_revision,n16,B1,1644,2.44218,2.599026,-0.15684599999999982,40.407,39.91929542927044,0.4877045707295551
pi4b8g,margin,fisvdd_revision,n16,B1,1645,2.360552,2.599026,-0.23847399999999963,38.946,39.919145514659654,-0.9731455146596559
pi4b8g,margin,fisvdd_revision,n16,B1,1646,2.397126,2.599026,-0.20189999999999975,39.92,38.72453785553508,1.1954621444649192
pi4b8g,margin,fisvdd_revision,n16,B1,1647,2.400051,2.599026,-0.1989749999999999,40.407,39.9192180568904,0.4877819431095958
pi4b8g,margin,fisvdd_revision,n16,B1,1648,2.376571,2.599026,-0.22245499999999963,39.433,39.91917493449292,-0.48617493449292226
pi4b8g,margin,fisvdd_revision,n16,B1,1649,2.409385,2.599026,-0.18964099999999995,38.946,39.122785313048176,-0.17678531304817824
pi4b8g,margin,fisvdd_revision,n16,B1,1650,2.374163,2.599026,-0.22486300000000004,40.407,38.724495682638434,1.6825043173615626
pi4b8g,margin,fisvdd_revision,n16,B1,1651,2.372848,2.599026,-0.226178,39.433,39.91916809698501,-0.4861680969850113
pi4b8g,margin,fisvdd_revision,n16,B1,1652,2.432644,2.599026,-0.16638200000000003,40.894,39.12282802956619,1.7711719704338051
pi4b8g,margin,fisvdd_revision,n16,B1,1653,2.399144,2.599026,-0.19988199999999967,38.946,40.317441334272104,-1.371441334272106
pi4b8g,margin,fisvdd_revision,n16,B1,1654,2.395996,2.599026,-0.20303000000000004,39.433,38.72453578022379,0.7084642197762108
pi4b8g,margin,fisvdd_revision,n16,B1,1655,2.413681,2.599026,-0.18534499999999987,38.946,39.122793202904205,-0.1767932029042072
pi4b8g,margin,fisvdd_revision,n16,B1,1656,2.400404,2.599026,-0.19862199999999985,39.92,38.72454387577439,1.1954561242256148
pi4b8g,margin,fisvdd_revision,n16,B1,1657,2.364367,2.599026,-0.23465899999999973,39.433,39.52092757799056,-0.08792757799056261
pi4b8g,margin,fisvdd_revision,n16,B1,1658,2.400645,2.599026,-0.19838099999999992,38.946,39.122769261525434,-0.17676926152543615
pi4b8g,margin,fisvdd_revision,n16,B1,1659,2.405774,2.599026,-0.19325199999999976,39.433,38.72455373809442,0.7084462619055785
pi4b8g,margin,fisvdd_revision,n16,B1,1660,2.344979,2.599026,-0.2540469999999999,39.433,39.122667027650735,0.31033297234926494
pi4b8g,margin,fisvdd_revision,n16,B1,1661,2.420237,2.599026,-0.17878899999999964,38.946,39.12280524338282,-0.1768052433828231
pi4b8g,margin,fisvdd_revision,n16,B1,1662,2.395885,2.599026,-0.20314100000000002,39.92,38.724535576365774,1.1954644236342276
pi4b8g,margin,fisvdd_revision,n16,B1,1663,2.352312,2.599026,-0.24671399999999988,38.459,39.52090543827584,-1.0619054382758364
pi4b8g,margin,fisvdd_revision,n16,B1,1664,2.424051,2.599026,-0.17497499999999988,38.946,38.326362361736756,0.6196376382632423
pi4b8g,margin,fisvdd_revision,n16,B1,1665,2.429662,2.599026,-0.16936399999999985,40.407,38.72459760980784,1.6824023901921592
pi4b8g,margin,fisvdd_revision,n16,B1,1666,2.36383,2.599026,-0.23519599999999974,39.433,39.91915153489896,-0.48615153489895846
pi4b8g,margin,fisvdd_revision,n16,B1,1667,2.422384,2.599026,-0.17664199999999974,38.459,39.12280918647428,-0.6638091864742748
pi4b8g,margin,fisvdd_revision,n16,B1,1668,2.391329,2.599026,-0.20769700000000002,38.946,38.326302265864086,0.6196977341359116
pi4b8g,margin,fisvdd_revision,n16,B1,1669,2.359052,2.599026,-0.2399739999999997,38.946,38.72446793040043,0.22153206959956862
pi4b8g,margin,fisvdd_revision,n16,B1,1670,2.399626,2.599026,-0.1993999999999998,38.946,38.72454244693174,0.2214575530682552
pi4b8g,margin,fisvdd_revision,n16,B1,1671,2.476735,2.599026,-0.1222909999999997,38.946,38.72468406213392,0.2213159378660805
pi4b8g,margin,fisvdd_revision,n16,B1,1672,2.3867,2.599026,-0.21232600000000001,38.946,38.724518707574425,0.22148129242557246
pi4b8g,margin,fisvdd_revision,n16,B1,1673,2.417403,2.599026,-0.18162299999999965,39.433,38.72457509543515,0.7084249045648505
pi4b8g,margin,fisvdd_revision,n16,B1,1674,2.424181,2.599026,-0.17484499999999992,39.433,39.1228124867702,0.3101875132297991
pi4b8g,margin,fisvdd_revision,n16,B1,1675,2.370404,2.599026,-0.22862199999999966,39.92,38.72448877901441,1.195511220985594
pi4b8g,margin,fisvdd_revision,n16,B1,1676,2.413126,2.599026,-0.18589999999999973,39.433,39.52101712675455,-0.08801712675455065
pi4b8g,margin,fisvdd_revision,n16,B1,1677,2.387737,2.599026,-0.21128899999999984,40.407,39.122745555226174,1.284254444773822
pi4b8g,margin,fisvdd_revision,n16,B1,1678,2.37096,2.599026,-0.22806599999999966,39.92,39.919164629562246,0.0008353704377555005
pi4b8g,margin,fisvdd_revision,n16,B1,1679,2.414755,2.599026,-0.18427099999999985,39.92,39.52102011850862,0.3989798814913783
pi4b8g,margin,tinydl_revision,n256,B0,1680,12.482305,12.731431,-0.2491260000000004,38.459,38.15423121792656,0.30476878207344527
pi4b8g,margin,tinydl_revision,n256,B0,1681,12.5511,12.731431,-0.18033100000000069,37.485,38.15435756397998,-0.6693575639799789
pi4b8g,margin,tinydl_revision,n256,B0,1682,12.590286,12.731431,-0.14114499999999985,38.946,37.35797964508705,1.588020354912949
pi4b8g,margin,tinydl_revision,n256,B0,1683,12.461528,12.731431,-0.2699030000000011,38.459,38.552418002887556,-0.09341800288755309
pi4b8g,margin,tinydl_revision,n256,B0,1684,12.606599,12.731431,-0.12483200000000139,37.972,38.15445949114938,-0.18245949114938043
pi4b8g,margin,tinydl_revision,n256,B0,1685,12.513897,12.731431,-0.21753400000000056,38.946,37.75606429534752,1.189935704652477
pi4b8g,margin,tinydl_revision,n256,B0,1686,12.554045,12.731431,-0.17738600000000027,38.946,38.55258791578566,0.39341208421434004
pi4b8g,margin,tinydl_revision,n256,B0,1687,13.836412,12.731431,1.1049809999999987,37.972,38.15671811487205,-0.18471811487204803
pi4b8g,margin,tinydl_revision,n256,B0,1688,12.447788,12.731431,-0.2836430000000014,38.946,37.75594288229067,1.1900571177093298
pi4b8g,margin,tinydl_revision,n256,B0,1689,12.525564,12.731431,-0.20586700000000135,38.946,38.55253560875829,0.3934643912417073
pi4b8g,margin,tinydl_revision,n256,B0,1690,12.455324,12.731431,-0.27610700000000143,37.972,38.5524066088776,-0.5804066088775954
pi4b8g,margin,tinydl_revision,n256,B0,1691,12.554545,12.731431,-0.17688600000000143,38.459,37.75613894778417,0.7028610522158303
pi4b8g,margin,tinydl_revision,n256,B0,1692,12.515471,12.731431,-0.21596000000000082,38.946,38.15429212923127,0.7917078707687253
pi4b8g,margin,tinydl_revision,n256,B0,1693,12.422121,12.731431,-0.30931,38.459,38.552345629620206,-0.09334562962020243
pi4b8g,margin,tinydl_revision,n256,B0,1694,12.448288,12.731431,-0.2831430000000008,37.972,38.154168743710414,-0.18216874371041314
pi4b8g,margin,tinydl_revision,n256,B0,1695,12.492713,12.731431,-0.23871800000000043,38.459,37.75602538968874,0.7029746103112657
pi4b8g,margin,tinydl_revision,n256,B0,1696,12.464214,12.731431,-0.2672170000000005,38.459,38.15419799274373,0.3048020072562707
pi4b8g,margin,tinydl_revision,n256,B0,1697,12.503731,12.731431,-0.22770000000000046,37.972,38.15427056803253,-0.1822705680325285
pi4b8g,margin,tinydl_revision,n256,B0,1698,12.468602,12.731431,-0.262829,37.972,37.755981108422745,0.2160188915772565
pi4b8g,margin,tinydl_revision,n256,B0,1699,12.44251,12.731431,-0.2889210000000002,36.998,37.75593318893403,-0.7579331889340324
pi4b8g,margin,tinydl_revision,n256,B0,1700,12.595618,12.731431,-0.13581300000000063,38.946,38.15443932389867,0.7915606761013265
pi4b8g,margin,tinydl_revision,n256,B0,1701,12.43627,12.731431,-0.29516100000000023,38.946,38.552371615088774,0.3936283849112243
pi4b8g,margin,tinydl_revision,n256,B0,1702,12.529731,12.731431,-0.20170000000000066,38.946,38.552543261698254,0.39345673830174377
pi4b8g,margin,tinydl_revision,n256,B0,1703,12.436102,12.731431,-0.2953290000000006,37.972,38.55237130654692,-0.5803713065469154
pi4b8g,margin,tinydl_revision,n256,B0,1704,12.488028,12.731431,-0.2434030000000007,37.485,37.75601678541139,-0.2710167854113905
pi4b8g,margin,tinydl_revision,n256,B0,1705,12.479324,12.731431,-0.2521070000000005,38.459,37.35777585686435,1.1012241431356529
pi4b8g,margin,tinydl_revision,n256,B0,1706,12.499324,12.731431,-0.23210700000000095,37.972,38.15426247431849,-0.18226247431849174
pi4b8g,margin,tinydl_revision,n256,B0,1707,12.618932,12.731431,-0.11249900000000146,37.972,37.756257198286995,0.21574280171300586
pi4b8g,margin,tinydl_revision,n256,B0,1708,12.453417,12.731431,-0.27801400000000065,37.972,37.7559532202794,0.2160467797205996
pi4b8g,margin,tinydl_revision,n256,B0,1709,12.452195,12.731431,-0.27923600000000093,37.972,37.75595097600471,0.21604902399528925
pi4b8g,margin,tinydl_revision,n256,B0,1710,12.540748,12.731431,-0.19068299999999994,38.459,37.756113608784254,0.702886391215749
pi4b8g,margin,tinydl_revision,n256,B0,1711,12.450972,12.731431,-0.28045900000000046,37.485,38.154173673033874,-0.6691736730338746
pi4b8g,margin,tinydl_revision,n256,B0,1712,12.505805,12.731431,-0.2256260000000001,37.972,37.357824490774384,0.6141755092256176
pi4b8g,margin,tinydl_revision,n256,B0,1713,12.430139,12.731431,-0.3012920000000001,39.433,37.75591046886677,1.6770895311332268
pi4b8g,margin,tinydl_revision,n256,B0,1714,12.456973,12.731431,-0.274458000000001,36.998,38.95063458050325,-1.9526345805032506
pi4b8g,margin,tinydl_revision,n256,B0,1715,12.480324,12.731431,-0.2511070000000011,38.946,36.959552750282604,1.9864472497173935
pi4b8g,margin,tinydl_revision,n256,B0,1716,12.506175,12.731431,-0.2252559999999999,37.972,38.552499999722315,-0.5804999997223135
pi4b8g,margin,tinydl_revision,n256,B0,1717,12.498694,12.731431,-0.2327370000000002,37.972,37.75603637414612,0.21596362585388107
pi4b8g,margin,tinydl_revision,n256,B0,1718,12.467065,12.731431,-0.26436600000000077,37.972,37.755978285632075,0.21602171436792617
pi4b8g,margin,tinydl_revision,n256,B0,1719,12.490546,12.731431,-0.24088500000000046,37.485,37.75602140986611,-0.27102140986610834
pi4b8g,margin,oi_svdd_as_elm_revision,n64,B0,1720,7.791163,7.962409,-0.171246,36.998,36.54916009665696,0.4488399033430355
pi4b8g,margin,oi_svdd_as_elm_revision,n64,B0,1721,7.707461,7.962409,-0.25494799999999973,36.998,36.94723131616391,0.05076868383608968
pi4b8g,margin,oi_svdd_as_elm_revision,n64,B0,1722,7.725664,7.962409,-0.23674499999999998,38.459,36.94726474704131,1.5117352529586938
pi4b8g,margin,oi_svdd_as_elm_revision,n64,B0,1723,7.710128,7.962409,-0.252281,38.459,38.14191104368711,0.3170889563128938
pi4b8g,margin,oi_svdd_as_elm_revision,n64,B0,1724,7.767275,7.962409,-0.19513400000000036,36.998,38.1420159975052,-1.1440159975051998
pi4b8g,margin,oi_svdd_as_elm_revision,n64,B0,1725,7.710646,7.962409,-0.2517630000000004,36.998,36.94723716560326,0.05076283439673546
pi4b8g,margin,oi_svdd_as_elm_revision,n64,B0,1726,7.666128,7.962409,-0.29628100000000046,37.972,36.94715540568457,1.0248445943154323
pi4b8g,margin,oi_svdd_as_elm_revision,n64,B0,1727,7.692795,7.962409,-0.2696139999999998,36.998,37.74365426747534,-0.745654267475345
pi4b8g,margin,oi_svdd_as_elm_revision,n64,B0,1728,7.63474,7.962409,-0.3276690000000002,37.972,36.947097759781165,1.024902240218836
pi4b8g,margin,oi_svdd_as_elm_revision,n64,B0,1729,7.713313,7.962409,-0.24909599999999976,38.459,37.74369194998605,0.7153080500139524
pi4b8g,margin,oi_svdd_as_elm_revision,n64,B0,1730,7.774146,7.962409,-0.18826300000000007,36.511,38.142028616499786,-1.6310286164997834
pi4b8g,margin,oi_svdd_as_elm_revision,n64,B0,1731,7.712072,7.962409,-0.25033700000000003,37.485,37.34546472767633,0.1395352723236698
pi4b8g,margin,oi_svdd_as_elm_revision,n64,B0,1732,7.733183,7.962409,-0.2292259999999997,37.972,37.34550349926633,0.6264965007336727
pi4b8g,margin,oi_svdd_as_elm_revision,n64,B0,1733,7.705942,7.962409,-0.2564669999999998,36.998,37.74367841271212,-0.7456784127121239
pi4b8g,margin,oi_svdd_as_elm_revision,n64,B0,1734,7.675665,7.962409,-0.28674399999999967,36.998,36.94717292094457,0.0508270790554306
pi4b8g,margin,oi_svdd_as_elm_revision,n64,B0,1735,7.702905,7.962409,-0.25950399999999973,37.972,36.947222948802626,1.0247770511973755
pi4b8g,margin,oi_svdd_as_elm_revision,n64,B0,1736,7.722238,7.962409,-0.24017100000000013,37.972,37.743708341272146,0.22829165872785495
pi4b8g,margin,oi_svdd_as_elm_revision,n64,B0,1737,7.672609,7.962409,-0.2898000000000005,37.485,37.74361719470211,-0.2586171947021114
pi4b8g,margin,oi_svdd_as_elm_revision,n64,B0,1738,7.706517,7.962409,-0.25589200000000023,36.998,37.34545452559294,-0.3474545255929442
pi4b8g,margin,oi_svdd_as_elm_revision,n64,B0,1739,7.676943,7.962409,-0.28546600000000044,36.511,36.947175268066545,-0.43617526806654183
pi4b8g,margin,oi_svdd_as_elm_revision,n64,B0,1740,7.745238,7.962409,-0.21717100000000045,36.998,36.54907575270023,0.44892424729976455
pi4b8g,margin,oi_svdd_as_elm_revision,n64,B0,1741,7.698702,7.962409,-0.26370700000000014,37.485,36.947215229746554,0.5377847702534453
pi4b8g,margin,oi_svdd_as_elm_revision,n64,B0,1742,7.659499,7.962409,-0.3029099999999998,36.998,37.34536817427759,-0.3473681742775909
pi4b8g,margin,oi_svdd_as_elm_revision,n64,B0,1743,7.689684,7.962409,-0.27272500000000033,37.972,36.94719866766051,1.0248013323394929
pi4b8g,margin,oi_svdd_as_elm_revision,n64,B0,1744,7.683554,7.962409,-0.2788550000000001,37.485,37.3454123526963,0.1395876473036992
pi4b8g,margin,oi_svdd_as_elm_revision,n64,B0,1745,7.686202,7.962409,-0.2762070000000003,36.998,37.345417215903645,-0.34741721590364705
pi4b8g,margin,oi_svdd_as_elm_revision,n64,B0,1746,7.675998,7.962409,-0.2864110000000002,38.459,36.947173532518605,1.5118264674813986
pi4b8g,margin,oi_svdd_as_elm_revision,n64,B0,1747,7.686035,7.962409,-0.2763739999999997,37.485,38.141866795479174,-0.6568667954791749
pi4b8g,margin,oi_svdd_as_elm_revision,n64,B0,1748,7.7672,7.962409,-0.1952090000000002,37.485,37.34556597348247,0.13943402651752734
pi4b8g,margin,oi_svdd_as_elm_revision,n64,B0,1749,7.691424,7.962409,-0.2709850000000005,37.972,37.345426806412995,0.6265731935870065
pi4b8g,margin,oi_svdd_as_elm_revision,n64,B0,1750,7.71135,7.962409,-0.2510589999999997,37.485,37.743688344821386,-0.2586883448213868
pi4b8g,margin,oi_svdd_as_elm_revision,n64,B0,1751,7.670406,7.962409,-0.29200300000000023,36.511,37.34538820562296,-0.8343882056229575
pi4b8g,margin,oi_svdd_as_elm_revision,n64,B0,1752,7.720183,7.962409,-0.2422260000000005,37.485,36.549029737722854,0.9359702622771451
pi4b8g,margin,oi_svdd_as_elm_revision,n64,B0,1753,7.756663,7.962409,-0.20574600000000043,38.946,37.34554662166381,1.6004533783361907
pi4b8g,margin,oi_svdd_as_elm_revision,n64,B0,1754,7.668055,7.962409,-0.2943540000000002,38.459,38.54005871729476,-0.08105871729475922
pi4b8g,margin,oi_svdd_as_elm_revision,n64,B0,1755,7.707554,7.962409,-0.25485500000000005,36.511,38.1419063163851,-1.6309063163851008
pi4b8g,margin,oi_svdd_as_elm_revision,n64,B0,1756,7.665295,7.962409,-0.29711399999999966,36.998,36.5489289326908,0.4490710673091982
pi4b8g,margin,oi_svdd_as_elm_revision,n64,B0,1757,7.685832,7.962409,-0.27657699999999963,37.485,36.947191593236525,0.5378084067634745
pi4b8g,margin,oi_svdd_as_elm_revision,n64,B0,1758,7.778793,7.962409,-0.18361599999999978,36.998,37.345587264707085,-0.34758726470708723
pi4b8g,margin,oi_svdd_as_elm_revision,n64,B0,1759,7.676258,7.962409,-0.28615100000000027,36.511,36.94717401002386,-0.4361740100238549
pi4b8g,margin,oi_svdd_as_elm_revision,n1,B0,1760,1.927152,2.0085,-0.0813480000000002,36.024,36.948395359588595,-0.9243953595885941
pi4b8g,margin,oi_svdd_as_elm_revision,n1,B0,1761,1.774192,2.0085,-0.23430800000000018,37.972,36.15166455329423,1.8203354467057693
pi4b8g,margin,oi_svdd_as_elm_revision,n1,B0,1762,1.695378,2.0085,-0.3131220000000001,37.485,37.744419579321175,-0.2594195793211753
pi4b8g,margin,oi_svdd_as_elm_revision,n1,B0,1763,1.752545,2.0085,-0.25595500000000015,37.485,37.34629962673002,0.13870037326997675
pi4b8g,margin,oi_svdd_as_elm_revision,n1,B0,1764,1.764766,2.0085,-0.24373400000000012,36.998,37.34632207131347,-0.3483220713134756
pi4b8g,margin,oi_svdd_as_elm_revision,n1,B0,1765,1.696434,2.0085,-0.3120660000000002,36.998,36.947971632446304,0.05002836755369344
pi4b8g,margin,oi_svdd_as_elm_revision,n1,B0,1766,1.768766,2.0085,-0.2397340000000001,37.485,36.94810447440773,0.5368955255922714
pi4b8g,margin,oi_svdd_as_elm_revision,n1,B0,1767,1.799525,2.0085,-0.20897500000000013,37.485,37.346385908256146,0.13861409174385386
pi4b8g,margin,oi_svdd_as_elm_revision,n1,B0,1768,1.713137,2.0085,-0.29536300000000026,36.998,37.34622725162611,-0.34822725162611334
pi4b8g,margin,oi_svdd_as_elm_revision,n1,B0,1769,1.685509,2.0085,-0.32299100000000025,36.998,36.947951568042875,0.05004843195712283
pi4b8g,margin,oi_svdd_as_elm_revision,n1,B0,1770,1.751063,2.0085,-0.25743700000000014,36.998,36.94807196180967,0.049928038190330426
pi4b8g,margin,oi_svdd_as_elm_revision,n1,B0,1771,1.723656,2.0085,-0.2848440000000001,37.485,36.948021627246305,0.5369783727536941
pi4b8g,margin,oi_svdd_as_elm_revision,n1,B0,1772,1.68449,2.0085,-0.32401000000000013,37.485,37.34617463973001,0.13882536026999048
pi4b8g,margin,oi_svdd_as_elm_revision,n1,B0,1773,1.75997,2.0085,-0.24853000000000014,36.998,37.34631326317812,-0.3483132631781203
pi4b8g,margin,oi_svdd_as_elm_revision,n1,B0,1774,1.698804,2.0085,-0.3096960000000002,36.024,36.94797598509034,-0.9239759850903368
pi4b8g,margin,oi_svdd_as_elm_revision,n1,B0,1775,1.696304,2.0085,-0.31219600000000014,37.485,36.15152150741286,1.3334784925871404
pi4b8g,margin,oi_svdd_as_elm_revision,n1,B0,1776,1.767896,2.0085,-0.24060400000000026,36.998,37.3463278197421,-0.3483278197421029
pi4b8g,margin,oi_svdd_as_elm_revision,n1,B0,1777,1.835061,2.0085,-0.17343900000000012,36.511,36.94822622906449,-0.4372262290644855
pi4b8g,margin,oi_svdd_as_elm_revision,n1,B0,1778,1.710563,2.0085,-0.2979370000000001,36.511,36.54977263804329,-0.03877263804328379
pi4b8g,margin,oi_svdd_as_elm_revision,n1,B0,1779,1.74447,2.0085,-0.2640300000000002,36.998,36.549834910237976,0.4481650897620213
pi4b8g,margin,oi_svdd_as_elm_revision,n1,B0,1780,1.687934,2.0085,-0.32056600000000013,36.024,36.94795602169764,-0.9239560216976415
pi4b8g,margin,oi_svdd_as_elm_revision,n1,B0,1781,1.686082,2.0085,-0.3224180000000001,36.998,36.151502734110174,0.8464972658898233
pi4b8g,margin,oi_svdd_as_elm_revision,n1,B0,1782,1.728915,2.0085,-0.2795850000000002,37.972,36.94803128570833,1.0239687142916694
pi4b8g,margin,oi_svdd_as_elm_revision,n1,B0,1783,1.721137,2.0085,-0.28736300000000026,37.485,37.74446688723585,-0.25946688723585254
pi4b8g,margin,oi_svdd_as_elm_revision,n1,B0,1784,1.694008,2.0085,-0.3144920000000002,36.024,37.34619212009539,-1.3221921200953872
pi4b8g,margin,oi_svdd_as_elm_revision,n1,B0,1785,1.801895,2.0085,-0.20660500000000015,36.511,36.151715431478955,0.35928456852104773
pi4b8g,margin,oi_svdd_as_elm_revision,n1,B0,1786,1.777266,2.0085,-0.23123400000000016,36.998,36.549895142015984,0.44810485798401345
pi4b8g,margin,oi_svdd_as_elm_revision,n1,B0,1787,1.693101,2.0085,-0.3153990000000002,35.537,36.947965511196266,-1.4109655111962667
pi4b8g,margin,oi_svdd_as_elm_revision,n1,B0,1788,1.733304,2.0085,-0.2751960000000002,38.459,35.75336451694309,2.7056354830569163
pi4b8g,margin,oi_svdd_as_elm_revision,n1,B0,1789,1.721822,2.0085,-0.2866780000000002,36.998,38.14269308841895,-1.1446930884189541
pi4b8g,margin,oi_svdd_as_elm_revision,n1,B0,1790,1.689527,2.0085,-0.3189730000000002,37.485,36.94795894733559,0.5370410526644065
pi4b8g,margin,oi_svdd_as_elm_revision,n1,B0,1791,1.799822,2.0085,-0.20867800000000014,36.511,37.34638645371407,-0.8353864537140652
pi4b8g,margin,oi_svdd_as_elm_revision,n1,B0,1792,1.716008,2.0085,-0.2924920000000002,36.998,36.54978263810522,0.4482173618947769
pi4b8g,margin,oi_svdd_as_elm_revision,n1,B0,1793,1.680583,2.0085,-0.32791700000000024,36.998,36.947942521154886,0.0500574788451118
pi4b8g,margin,oi_svdd_as_elm_revision,n1,B0,1794,1.753563,2.0085,-0.2549370000000002,36.024,36.94807655320633,-0.9240765532063264
pi4b8g,margin,oi_svdd_as_elm_revision,n1,B0,1795,1.74247,2.0085,-0.2660300000000002,36.511,36.15160629398023,0.35939370601977316
pi4b8g,margin,oi_svdd_as_elm_revision,n1,B0,1796,1.744396,2.0085,-0.2641040000000001,36.998,36.54983477433263,0.44816522566736694
pi4b8g,margin,oi_svdd_as_elm_revision,n1,B0,1797,1.769878,2.0085,-0.2386220000000001,36.511,36.948106516660964,-0.4371065166609611
pi4b8g,margin,oi_svdd_as_elm_revision,n1,B0,1798,1.759914,2.0085,-0.2485860000000002,36.998,36.54986327405001,0.4481367259499862
pi4b8g,margin,oi_svdd_as_elm_revision,n1,B0,1799,1.711804,2.0085,-0.29669600000000007,37.972,36.94799986035299,1.0240001396470078
pi4b8g,margin,tinydl_revision,n1024,B2,1800,45.162561,45.518468,-0.35590700000000197,37.485,37.7912102991199,-0.30621029911990405
pi4b8g,margin,tinydl_revision,n1024,B2,1801,44.471759,45.518468,-1.046709,38.946,37.78994160072034,1.156058399279658
pi4b8g,margin,tinydl_revision,n1024,B2,1802,44.577941,45.518468,-0.9405269999999959,37.972,38.98481143961383,-1.0128114396138272
pi4b8g,margin,tinydl_revision,n1024,B2,1803,45.430224,45.518468,-0.08824399999999599,37.972,38.189926821062514,-0.2179268210625125
pi4b8g,margin,tinydl_revision,n1024,B2,1804,44.679088,45.518468,-0.8393799999999985,37.485,38.1885473157324,-0.7035473157324006
pi4b8g,margin,tinydl_revision,n1024,B2,1805,44.425648,45.518468,-1.0928199999999961,38.459,37.78985691516369,0.669143084836314
pi4b8g,margin,tinydl_revision,n1024,B2,1806,44.446499,45.518468,-1.0719689999999957,38.459,38.58634509552925,-0.12734509552925033
pi4b8g,margin,tinydl_revision,n1024,B2,1807,44.849807,45.518468,-0.6686610000000002,38.459,38.587085794331706,-0.12808579433170308
pi4b8g,margin,tinydl_revision,n1024,B2,1808,44.565386,45.518468,-0.953082000000002,37.485,38.98478838161978,-1.49978838161978
pi4b8g,margin,tinydl_revision,n1024,B2,1809,44.709809,45.518468,-0.8086589999999987,38.459,37.79037879351077,0.6686212064892345
pi4b8g,margin,tinydl_revision,n1024,B2,1810,44.902529,45.518468,-0.6159389999999973,38.459,38.58718262137769,-0.12818262137768954
pi4b8g,margin,tinydl_revision,n1024,B2,1811,44.609181,45.518468,-0.9092869999999991,38.459,38.58664387056615,-0.12764387056614623
pi4b8g,margin,tinydl_revision,n1024,B2,1812,44.637441,45.518468,-0.881026999999996,39.92,38.58669577171405,1.3333042282859537
pi4b8g,margin,tinydl_revision,n1024,B2,1813,44.843085,45.518468,-0.6753829999999965,38.946,39.78174827840559,-0.835748278405589
pi4b8g,margin,tinydl_revision,n1024,B2,1814,44.468925,45.518468,-1.049543,38.946,38.984611225334305,-0.038611225334307164
pi4b8g,margin,tinydl_revision,n1024,B2,1815,44.572812,45.518468,-0.9456559999999996,38.459,38.984802019904436,-0.5258020199044324
pi4b8g,margin,tinydl_revision,n1024,B2,1816,44.787067,45.518468,-0.7314009999999982,38.459,38.586970568641,-0.12797056864099687
pi4b8g,margin,tinydl_revision,n1024,B2,1817,44.714383,45.518468,-0.8040850000000006,39.433,38.58683708021093,0.846162919789073
pi4b8g,margin,tinydl_revision,n1024,B2,1818,44.590293,45.518468,-0.928174999999996,39.433,39.38305906792689,0.04994093207311323
pi4b8g,margin,tinydl_revision,n1024,B2,1819,44.780883,45.518468,-0.7375849999999957,38.946,38.98518415450262,-0.03918415450262103
pi4b8g,margin,tinydl_revision,n1024,B2,1820,45.220986,45.518468,-0.29748199999999514,39.433,38.985992429481186,0.4470075705188137
pi4b8g,margin,tinydl_revision,n1024,B2,1821,44.895881,45.518468,-0.6225869999999958,39.433,39.3836202982165,0.04937970178350071
pi4b8g,margin,tinydl_revision,n1024,B2,1822,44.392574,45.518468,-1.1258939999999953,38.946,39.38269594538401,-0.4366959453840096
pi4b8g,margin,tinydl_revision,n1024,B2,1823,44.715939,45.518468,-0.8025289999999998,39.433,38.985064881036614,0.447935118963386
pi4b8g,margin,tinydl_revision,n1024,B2,1824,44.497332,45.518468,-1.0211359999999985,39.92,39.38288833959674,0.5371116604032622
pi4b8g,margin,tinydl_revision,n1024,B2,1825,44.515091,45.518468,-1.0033770000000004,40.407,39.7811458981825,0.6258541018174952
pi4b8g,margin,tinydl_revision,n1024,B2,1826,44.46524,45.518468,-1.0532279999999972,38.459,40.17927928703685,-1.7202792870368455
pi4b8g,margin,tinydl_revision,n1024,B2,1827,44.936972,45.518468,-0.5814960000000013,39.433,38.587245877967824,0.8457541220321758
pi4b8g,margin,tinydl_revision,n1024,B2,1828,44.552571,45.518468,-0.9658969999999982,39.92,39.38298978926089,0.5370102107391119
pi4b8g,margin,tinydl_revision,n1024,B2,1829,44.619644,45.518468,-0.8988239999999976,38.459,39.7813379159007,-1.3223379159006967
pi4b8g,margin,tinydl_revision,n1024,B2,1830,45.560739,45.518468,0.0422709999999995,39.92,38.58839146265721,1.3316085373427882
pi4b8g,margin,tinydl_revision,n1024,B2,1831,44.467517,45.518468,-1.0509509999999977,38.946,39.78105852574053,-0.8350585257405285
pi4b8g,margin,tinydl_revision,n1024,B2,1832,44.748309,45.518468,-0.7701589999999996,39.433,38.985124330440634,0.447875669559366
pi4b8g,margin,tinydl_revision,n1024,B2,1833,44.279964,45.518468,-1.238503999999999,39.92,38.58603924423182,1.3339607557681816
pi4b8g,margin,tinydl_revision,n1024,B2,1834,44.373852,45.518468,-1.1446159999999992,39.433,39.78088650447308,-0.347886504473081
pi4b8g,margin,tinydl_revision,n1024,B2,1835,44.513795,45.518468,-1.0046729999999968,38.946,39.38291857486205,-0.4369185748620552
pi4b8g,margin,tinydl_revision,n1024,B2,1836,44.947176,45.518468,-0.5712919999999997,40.407,38.98548956135286,1.4215104386471396
pi4b8g,margin,tinydl_revision,n1024,B2,1837,44.505924,45.518468,-1.0125439999999983,40.407,40.179354005589616,0.22764599441038058
pi4b8g,margin,tinydl_revision,n1024,B2,1838,44.827733,45.518468,-0.6907349999999965,39.92,40.179945026697354,-0.259945026697352
pi4b8g,margin,tinydl_revision,n1024,B2,1839,44.71681,45.518468,-0.8016579999999962,39.92,39.78151636696004,0.1384836330399608
pi4b8g,margin,fisvdd_revision,n256,B2,1840,14.017019,20.108055,-6.091036000000001,38.946,38.92669339077223,0.019306609227768945
pi4b8g,margin,fisvdd_revision,n256,B2,1841,13.92504,20.108055,-6.183015000000001,39.433,38.9265244659427,0.5064755340573015
pi4b8g,margin,fisvdd_revision,n256,B2,1842,13.89654,20.108055,-6.211515,38.946,39.324697067161125,-0.37869706716112717
pi4b8g,margin,fisvdd_revision,n256,B2,1843,13.918151,20.108055,-6.189904,39.92,38.926511813890045,0.9934881861099569
pi4b8g,margin,fisvdd_revision,n256,B2,1844,15.400033,20.108055,-4.708022,40.407,39.72568326339991,0.6813167366000883
pi4b8g,margin,fisvdd_revision,n256,B2,1845,13.873355,20.108055,-6.2347,39.92,40.12110437282928,-0.20110437282927762
pi4b8g,margin,fisvdd_revision,n256,B2,1846,13.963261,20.108055,-6.144794000000001,40.407,39.72304454733229,0.6839554526677034
pi4b8g,margin,fisvdd_revision,n256,B2,1847,14.624268,20.108055,-5.4837869999999995,39.92,40.12248346860681,-0.20248346860680755
pi4b8g,margin,fisvdd_revision,n256,B2,1848,14.302237,20.108055,-5.805818,40.407,39.32544215350223,1.0815578464977662
pi4b8g,margin,fisvdd_revision,n256,B2,1849,16.164427,20.108055,-3.9436280000000004,40.407,40.12531206096522,0.28168793903477507
pi4b8g,margin,fisvdd_revision,n256,B2,1850,14.262219,20.108055,-5.845836,40.407,40.12181854437836,0.28518145562163966
pi4b8g,margin,fisvdd_revision,n256,B2,1851,13.962687,20.108055,-6.1453679999999995,39.92,40.12126843628803,-0.20126843628802504
pi4b8g,margin,fisvdd_revision,n256,B2,1852,14.086203,20.108055,-6.021852000000001,39.433,39.7232703375278,-0.29027033752780085
pi4b8g,margin,fisvdd_revision,n256,B2,1853,13.985613,20.108055,-6.1224419999999995,39.433,39.32486065495118,0.10813934504881928
pi4b8g,margin,fisvdd_revision,n256,B2,1854,13.98039,20.108055,-6.127665,40.894,39.32485106260527,1.5691489373947292
pi4b8g,margin,fisvdd_revision,n256,B2,1855,13.879614,20.108055,-6.228441,40.407,40.51934081099038,-0.11234081099038207
pi4b8g,margin,fisvdd_revision,n256,B2,1856,14.019816,20.108055,-6.088239,40.407,40.51959830018846,-0.11259830018846628
pi4b8g,margin,fisvdd_revision,n256,B2,1857,13.905207,20.108055,-6.2028479999999995,39.92,40.1211628708959,-0.20116287089589946
pi4b8g,margin,fisvdd_revision,n256,B2,1858,14.140702,20.108055,-5.967353000000001,40.407,39.72337042813854,0.6836295718614593
pi4b8g,margin,fisvdd_revision,n256,B2,1859,13.885836,20.108055,-6.222219000000001,39.92,40.12112729491798,-0.2011272949179812
pi4b8g,margin,fisvdd_revision,n256,B2,1860,14.066482,20.108055,-6.041573,40.407,39.72323411875435,0.6837658812456482
pi4b8g,margin,fisvdd_revision,n256,B2,1861,14.044723,20.108055,-6.063332000000001,38.946,40.121419100214744,-1.1754191002147465
pi4b8g,margin,fisvdd_revision,n256,B2,1862,13.949095,20.108055,-6.15896,39.92,38.9265686443614,0.9934313556385987
pi4b8g,margin,fisvdd_revision,n256,B2,1863,14.014705,20.108055,-6.093350000000001,40.407,39.7231390272563,0.6838609727436946
pi4b8g,margin,fisvdd_revision,n256,B2,1864,13.985446,20.108055,-6.122609000000001,39.92,40.1213102345267,-0.2013102345267015
pi4b8g,margin,fisvdd_revision,n256,B2,1865,13.947261,20.108055,-6.160794000000001,40.894,39.72301516239364,1.1709848376063619
pi4b8g,margin,fisvdd_revision,n256,B2,1866,14.047537,20.108055,-6.060518,39.433,40.51964921143124,-1.0866492114312436
pi4b8g,margin,fisvdd_revision,n256,B2,1867,13.901762,20.108055,-6.2062930000000005,39.92,39.32470665767048,0.5952933423295192
pi4b8g,margin,fisvdd_revision,n256,B2,1868,14.116943,20.108055,-5.991112000000001,39.92,39.723326793341194,0.19667320665880794
pi4b8g,margin,fisvdd_revision,n256,B2,1869,13.943336,20.108055,-6.164719,39.433,40.519457840181694,-1.0864578401816942
pi4b8g,margin,fisvdd_revision,n256,B2,1870,14.088259,20.108055,-6.0197959999999995,40.894,39.32504917035201,1.5689508296479886
pi4b8g,margin,fisvdd_revision,n256,B2,1871,13.977872,20.108055,-6.130183000000001,39.433,40.51952126757178,-1.0865212675717828
pi4b8g,margin,fisvdd_revision,n256,B2,1872,13.99289,20.108055,-6.115165000000001,39.92,39.32487401958859,0.5951259804114102
pi4b8g,margin,fisvdd_revision,n256,B2,1873,14.062259,20.108055,-6.045796000000001,39.92,39.723226362967104,0.19677363703289785
pi4b8g,margin,fisvdd_revision,n256,B2,1874,13.985964,20.108055,-6.122091000000001,40.407,39.72308624272369,0.6839137572763079
pi4b8g,margin,fisvdd_revision,n256,B2,1875,13.97215,20.108055,-6.135905000000001,40.407,40.12128581564268,0.28571418435731744
pi4b8g,margin,fisvdd_revision,n256,B2,1876,13.963799,20.108055,-6.144256,38.946,40.12127047854126,-1.1752704785412647
pi4b8g,margin,fisvdd_revision,n256,B2,1877,13.953446,20.108055,-6.154609000000001,39.92,40.12125146464939,-0.20125146464938837
pi4b8g,margin,fisvdd_revision,n256,B2,1878,15.108426,20.108055,-4.9996290000000005,39.433,39.725147710037,-0.2921477100369998
pi4b8g,margin,fisvdd_revision,n256,B2,1879,14.298589,20.108055,-5.8094660000000005,40.407,39.32543545373622,1.0815645462637775
pi4b8g,margin,lucid_revision,n512,B1,1880,152.915216,168.015604,-15.10038800000001,38.946,39.257321931841695,-0.31132193184169665
pi4b8g,margin,lucid_revision,n512,B1,1881,133.807062,168.015604,-34.208541999999994,41.381,38.82400374288201,2.556996257117987
pi4b8g,margin,lucid_revision,n512,B1,1882,133.177498,168.015604,-34.83810599999998,39.433,40.81397222736409,-1.38097222736409
pi4b8g,margin,lucid_revision,n512,B1,1883,133.223423,168.015604,-34.792181,39.433,39.22115679875918,0.2118432012408178
pi4b8g,margin,lucid_revision,n512,B1,1884,134.962375,168.015604,-33.05322899999999,39.433,39.22435048612447,0.20864951387552821
pi4b8g,margin,lucid_revision,n512,B1,1885,135.131279,168.015604,-32.88432499999999,39.92,39.22466068822939,0.6953393117706099
pi4b8g,margin,lucid_revision,n512,B1,1886,133.379827,168.015604,-34.63577699999999,40.407,39.619668987021186,0.7873310129788109
pi4b8g,margin,lucid_revision,n512,B1,1887,133.324422,168.015604,-34.691182,41.381,40.0177921756287,1.363207824371301
pi4b8g,margin,lucid_revision,n512,B1,1888,133.43616,168.015604,-34.579443999999995,41.381,40.814447275301745,0.5665527246982549
pi4b8g,margin,lucid_revision,n512,B1,1889,135.200778,168.015604,-32.81482599999998,40.894,40.81768809978176,0.07631190021823642
pi4b8g,margin,lucid_revision,n512,B1,1890,133.231312,168.015604,-34.78429199999999,40.894,40.41584611679173,0.4781538832082717
pi4b8g,margin,lucid_revision,n512,B1,1891,133.394828,168.015604,-34.620776000000006,40.407,40.41614642351855,-0.009146423518551217
pi4b8g,margin,lucid_revision,n512,B1,1892,133.476492,168.015604,-34.53911199999999,40.894,40.01807146110504,0.8759285388949607
pi4b8g,margin,lucid_revision,n512,B1,1893,133.34307,168.015604,-34.672533999999985,40.407,40.41605136691512,-0.009051366915123538
pi4b8g,margin,lucid_revision,n512,B1,1894,133.328717,168.015604,-34.686886999999984,40.894,40.017800063648174,0.8761999363518242
pi4b8g,margin,lucid_revision,n512,B1,1895,133.16485,168.015604,-34.850753999999995,40.894,40.41572405542967,0.47827594457032774
pi4b8g,margin,lucid_revision,n512,B1,1896,133.355847,168.015604,-34.659756999999985,41.381,40.41607483262519,0.9649251673748083
pi4b8g,margin,lucid_revision,n512,B1,1897,133.646138,168.015604,-34.36946599999999,41.381,40.814832912217305,0.566167087782695
pi4b8g,margin,lucid_revision,n512,B1,1898,133.377809,168.015604,-34.63779499999998,41.381,40.814340110267025,0.5666598897329749
pi4b8g,margin,lucid_revision,n512,B1,1899,133.596472,168.015604,-34.41913199999999,40.894,41.21296664083501,-0.3189666408350149
pi4b8g,margin,lucid_revision,n512,B1,1900,134.108759,168.015604,-33.906845000000004,40.894,40.4174575996835,0.47654240031649664
pi4b8g,margin,lucid_revision,n512,B1,1901,133.054111,168.015604,-34.96149299999999,39.92,40.415520676759556,-0.49552067675955414
pi4b8g,margin,lucid_revision,n512,B1,1902,133.346772,168.015604,-34.66883200000001,39.92,39.61960827957448,0.3003917204255231
pi4b8g,margin,lucid_revision,n512,B1,1903,133.25657,168.015604,-34.759033999999986,40.407,39.61944261830969,0.7875573816903056
pi4b8g,margin,lucid_revision,n512,B1,1904,133.397105,168.015604,-34.618498999999986,40.407,40.01792566222222,0.3890743377777781
pi4b8g,margin,lucid_revision,n512,B1,1905,133.2412,168.015604,-34.774404000000004,40.407,40.0176393335434,0.3893606664565965
pi4b8g,margin,lucid_revision,n512,B1,1906,133.323976,168.015604,-34.69162800000001,39.92,40.01779135652354,-0.09779135652353688
pi4b8g,margin,lucid_revision,n512,B1,1907,133.339142,168.015604,-34.67646199999999,41.868,39.61959426663186,2.248405733368145
pi4b8g,margin,lucid_revision,n512,B1,1908,133.414956,168.015604,-34.60064800000001,40.407,41.2126332760522,-0.8056332760522054
pi4b8g,margin,lucid_revision,n512,B1,1909,133.598157,168.015604,-34.41744700000001,40.407,40.01829490601513,0.38870509398486774
pi4b8g,margin,lucid_revision,n512,B1,1910,133.14085,168.015604,-34.874753999999996,41.868,40.01745503488127,1.8505449651187291
pi4b8g,margin,lucid_revision,n512,B1,1911,133.558473,168.015604,-34.457131000000004,40.894,41.21289685344227,-0.3188968534422685
pi4b8g,margin,lucid_revision,n512,B1,1912,133.588009,168.015604,-34.427595,40.407,40.4165012117582,-0.00950121175820584
pi4b8g,margin,lucid_revision,n512,B1,1913,133.360272,168.015604,-34.65533199999999,40.407,40.8143079025377,-0.40730790253770266
pi4b8g,margin,lucid_revision,n512,B1,1914,133.771264,168.015604,-34.244339999999994,40.407,40.01861282717612,0.3883871728238759
pi4b8g,margin,lucid_revision,n512,B1,1915,133.646267,168.015604,-34.369337,40.407,40.018383262852545,0.3886167371474514
pi4b8g,margin,lucid_revision,n512,B1,1916,133.140405,168.015604,-34.87519900000001,40.407,40.017454217612666,0.38954578238733006
pi4b8g,margin,lucid_revision,n512,B1,1917,132.853817,168.015604,-35.161787000000004,41.381,40.016927881937704,1.3640721180622961
pi4b8g,margin,lucid_revision,n512,B1,1918,132.974908,168.015604,-35.040696,40.407,40.81360015894395,-0.4066001589439523
pi4b8g,margin,lucid_revision,n512,B1,1919,133.53525,168.015604,-34.480354000000005,40.894,40.01817937361913,0.8758206263808717
pi4b8g,margin,fisvdd_revision,n1,B1,1920,1.913782,1.904798,0.008984000000000103,40.407,39.129728389070706,1.27727161092929
pi4b8g,margin,fisvdd_revision,n1,B1,1921,1.602509,1.904798,-0.30228900000000003,39.92,39.925606604225884,-0.005606604225881995
pi4b8g,margin,fisvdd_revision,n1,B1,1922,1.566251,1.904798,-0.33854699999999993,40.407,39.527315071141366,0.8796849288586301
pi4b8g,margin,fisvdd_revision,n1,B1,1923,1.62575,1.904798,-0.27904799999999996,40.407,39.92564928768584,0.4813507123141534
pi4b8g,margin,fisvdd_revision,n1,B1,1924,1.611806,1.904798,-0.2929919999999999,40.407,39.9256236787118,0.4813763212881952
pi4b8g,margin,fisvdd_revision,n1,B1,1925,1.629046,1.904798,-0.275752,39.92,39.925655340983205,-0.005655340983203416
pi4b8g,margin,fisvdd_revision,n1,B1,1926,1.654194,1.904798,-0.25060400000000005,40.407,39.52747658362013,0.8795234163798682
pi4b8g,margin,fisvdd_revision,n1,B1,1927,1.645212,1.904798,-0.2595860000000001,40.407,39.925685030790596,0.4813149692094001
pi4b8g,margin,fisvdd_revision,n1,B1,1928,1.611176,1.904798,-0.29362200000000005,39.92,39.92562252167984,-0.005622521679839565
pi4b8g,margin,fisvdd_revision,n1,B1,1929,1.648305,1.904798,-0.2564930000000001,39.92,39.52746576812615,0.39253423187385295
pi4b8g,margin,fisvdd_revision,n1,B1,1930,1.574899,1.904798,-0.32989899999999994,40.407,39.52733095370071,0.8796690462992842
pi4b8g,margin,fisvdd_revision,n1,B1,1931,1.564955,1.904798,-0.3398429999999999,39.433,39.925537634101744,-0.492537634101744
pi4b8g,margin,fisvdd_revision,n1,B1,1932,1.625953,1.904798,-0.278845,38.946,39.12919977422644,-0.18319977422644484
pi4b8g,margin,fisvdd_revision,n1,B1,1933,1.583491,1.904798,-0.321307,40.407,38.73089684713195,1.6761031528680448
pi4b8g,margin,fisvdd_revision,n1,B1,1934,1.590584,1.904798,-0.314214,39.92,39.925584703263794,-0.00558470326379279
pi4b8g,margin,fisvdd_revision,n1,B1,1935,1.65412,1.904798,-0.25067799999999996,38.459,39.52747644771479,-1.0684764477147866
pi4b8g,margin,fisvdd_revision,n1,B1,1936,1.591232,1.904798,-0.313566,40.407,38.33268612079218,2.074313879207814
pi4b8g,margin,fisvdd_revision,n1,B1,1937,1.620639,1.904798,-0.28415900000000005,38.946,39.9256399010345,-0.9796399010345027
pi4b8g,margin,fisvdd_revision,n1,B1,1938,1.649454,1.904798,-0.255344,39.433,38.731017992051235,0.7019820079487644
pi4b8g,margin,fisvdd_revision,n1,B1,1939,1.608065,1.904798,-0.2967329999999999,39.92,39.12916692186502,0.7908330781349804
pi4b8g,margin,fisvdd_revision,n1,B1,1940,1.565214,1.904798,-0.3395839999999999,40.407,39.52731316663003,0.8796868333699663
pi4b8g,margin,fisvdd_revision,n1,B1,1941,1.622157,1.904798,-0.2826409999999999,39.433,39.92564268893055,-0.49264268893055174
pi4b8g,margin,fisvdd_revision,n1,B1,1942,1.596862,1.904798,-0.307936,39.433,39.12914634689829,0.30385365310171153
pi4b8g,margin,fisvdd_revision,n1,B1,1943,1.582529,1.904798,-0.3222689999999999,38.946,39.12912002350293,-0.18312002350293
pi4b8g,margin,fisvdd_revision,n1,B1,1944,1.777655,1.904798,-0.127143,39.92,38.73125344070877,1.188746559291232
pi4b8g,margin,fisvdd_revision,n1,B1,1945,1.664397,1.904798,-0.2404010000000001,39.433,39.5274953220282,-0.09449532202820166
pi4b8g,margin,fisvdd_revision,n1,B1,1946,1.599917,1.904798,-0.30488099999999996,39.433,39.12915195758501,0.30384804241499097
pi4b8g,margin,fisvdd_revision,n1,B1,1947,1.690693,1.904798,-0.214105,39.92,39.129318673034476,0.790681326965526
pi4b8g,margin,fisvdd_revision,n1,B1,1948,1.651509,1.904798,-0.2532890000000001,38.946,39.527471652460115,-0.5814716524601167
pi4b8g,margin,fisvdd_revision,n1,B1,1949,1.585806,1.904798,-0.31899199999999994,39.433,38.730901098765266,0.7020989012347343
pi4b8g,margin,fisvdd_revision,n1,B1,1950,1.565121,1.904798,-0.339677,39.433,39.129088052689674,0.30391194731032556
pi4b8g,margin,fisvdd_revision,n1,B1,1951,1.654175,1.904798,-0.25062300000000004,39.92,39.12925160558511,0.7907483944148908
pi4b8g,margin,fisvdd_revision,n1,B1,1952,1.565677,1.904798,-0.339121,38.946,39.527314016956694,-0.5813140169566964
pi4b8g,margin,fisvdd_revision,n1,B1,1953,1.568918,1.904798,-0.33587999999999996,38.946,38.73087008296251,0.21512991703748696
pi4b8g,margin,fisvdd_revision,n1,B1,1954,1.640323,1.904798,-0.264475,39.433,38.73100122243406,0.7019987775659402
pi4b8g,margin,fisvdd_revision,n1,B1,1955,1.57551,1.904798,-0.329288,39.433,39.129107132697655,0.3038928673023449
pi4b8g,margin,fisvdd_revision,n1,B1,1956,1.56564,1.904798,-0.33915800000000007,39.433,39.12908900586362,0.30391099413638045
pi4b8g,margin,fisvdd_revision,n1,B1,1957,1.669453,1.904798,-0.23534499999999992,40.407,39.12927966452841,1.2777203354715851
pi4b8g,margin,fisvdd_revision,n1,B1,1958,1.59975,1.904798,-0.305048,39.433,39.925601537160524,-0.49260153716052457
pi4b8g,margin,fisvdd_revision,n1,B1,1959,1.584695,1.904798,-0.320103,38.459,39.129124001489,-0.6701240014889933
pi4b8g,margin,oi_svdd_as_elm_revision,n512,B2,1960,49.633631,50.516328,-0.8826970000000003,39.92,39.38680234281982,0.5331976571801817
pi4b8g,margin,oi_svdd_as_elm_revision,n512,B2,1961,49.705889,50.516328,-0.8104390000000024,39.92,39.78515999201632,0.13484000798368356
pi4b8g,margin,oi_svdd_as_elm_revision,n512,B2,1962,49.605242,50.516328,-0.9110860000000045,41.381,39.78497514789626,1.5960248521037386
pi4b8g,margin,oi_svdd_as_elm_revision,n512,B2,1963,49.452782,50.516328,-1.0635460000000023,39.433,40.97936997558328,-1.546369975583282
pi4b8g,margin,oi_svdd_as_elm_revision,n512,B2,1964,49.470189,50.516328,-1.0461390000000037,39.92,39.38650217199834,0.5334978280016642
pi4b8g,margin,oi_svdd_as_elm_revision,n512,B2,1965,49.458782,50.516328,-1.057546000000002,39.92,39.784706165514045,0.13529383448595667
pi4b8g,margin,oi_svdd_as_elm_revision,n512,B2,1966,49.656501,50.516328,-0.8598270000000028,39.92,39.785069288056924,0.1349307119430776
pi4b8g,margin,oi_svdd_as_elm_revision,n512,B2,1967,49.446671,50.516328,-1.0696569999999994,39.92,39.78468392295204,0.13531607704796045
pi4b8g,margin,oi_svdd_as_elm_revision,n512,B2,1968,49.601372,50.516328,-0.9149560000000037,40.894,39.78496804041423,1.1090319595857707
pi4b8g,margin,oi_svdd_as_elm_revision,n512,B2,1969,49.510651,50.516328,-1.0056769999999986,40.407,40.58125131225631,-0.17425131225631674
pi4b8g,margin,oi_svdd_as_elm_revision,n512,B2,1970,49.447189,50.516328,-1.0691389999999998,39.92,40.18290981742984,-0.2629098174298363
pi4b8g,margin,oi_svdd_as_elm_revision,n512,B2,1971,49.51828,50.516328,-0.9980480000000043,41.381,39.784815437081555,1.5961845629184452
pi4b8g,margin,oi_svdd_as_elm_revision,n512,B2,1972,49.577058,50.516328,-0.9392700000000005,39.92,40.979598215748055,-1.0595982157480535
pi4b8g,margin,oi_svdd_as_elm_revision,n512,B2,1973,49.490096,50.516328,-1.0262320000000003,40.407,39.78476367551211,0.6222363244878863
pi4b8g,margin,oi_svdd_as_elm_revision,n512,B2,1974,49.549743,50.516328,-0.966585000000002,39.92,40.183098163867264,-0.26309816386726226
pi4b8g,margin,oi_svdd_as_elm_revision,n512,B2,1975,49.724981,50.516328,-0.7913470000000018,41.868,39.785195055594365,2.0828049444056376
pi4b8g,margin,oi_svdd_as_elm_revision,n512,B2,1976,49.708203,50.516328,-0.808125000000004,39.92,41.378064014374715,-1.4580640143747132
pi4b8g,margin,oi_svdd_as_elm_revision,n512,B2,1977,49.486282,50.516328,-1.0300459999999987,39.92,39.78475667087736,0.1352433291226447
pi4b8g,margin,oi_svdd_as_elm_revision,n512,B2,1978,49.586687,50.516328,-0.9296410000000037,41.381,39.78494107055022,1.5960589294497822
pi4b8g,margin,oi_svdd_as_elm_revision,n512,B2,1979,49.491244,50.516328,-1.0250839999999997,41.381,40.97944061330269,0.40155938669730773
pi4b8g,margin,oi_svdd_as_elm_revision,n512,B2,1980,49.5008,50.516328,-1.0155280000000033,40.894,40.9794581634573,-0.08545816345730373
pi4b8g,margin,oi_svdd_as_elm_revision,n512,B2,1981,49.504651,50.516328,-1.0116769999999988,39.92,40.58124029290431,-0.66124029290431
pi4b8g,margin,oi_svdd_as_elm_revision,n512,B2,1982,49.545151,50.516328,-0.9711770000000044,40.894,39.78486478724947,1.1091352127505303
pi4b8g,margin,oi_svdd_as_elm_revision,n512,B2,1983,49.525558,50.516328,-0.9907700000000048,40.407,40.581278689836346,-0.1742786898363491
pi4b8g,margin,oi_svdd_as_elm_revision,n512,B2,1984,49.646483,50.516328,-0.869844999999998,41.381,40.18327583255261,1.1977241674473902
pi4b8g,margin,oi_svdd_as_elm_revision,n512,B2,1985,49.399116,50.516328,-1.117212000000002,40.894,40.97927141482592,-0.08527141482591816
pi4b8g,margin,oi_svdd_as_elm_revision,n512,B2,1986,49.640908,50.516328,-0.8754199999999983,40.407,40.58149053687846,-0.17449053687846572
pi4b8g,margin,oi_svdd_as_elm_revision,n512,B2,1987,49.453134,50.516328,-1.0631940000000029,40.894,40.182920735771106,0.7110792642288928
pi4b8g,margin,oi_svdd_as_elm_revision,n512,B2,1988,49.644834,50.516328,-0.8714939999999984,41.381,40.581497747207784,0.799502252792216
pi4b8g,margin,oi_svdd_as_elm_revision,n512,B2,1989,49.661537,50.516328,-0.8547909999999987,40.407,40.9797533663876,-0.5727533663876017
pi4b8g,margin,oi_svdd_as_elm_revision,n512,B2,1990,49.677426,50.516328,-0.8389020000000045,41.381,40.183332661187414,1.197667338812586
pi4b8g,margin,oi_svdd_as_elm_revision,n512,B2,1991,49.579317,50.516328,-0.9370109999999983,40.894,40.97960236453408,-0.08560236453408265
pi4b8g,margin,oi_svdd_as_elm_revision,n512,B2,1992,49.473782,50.516328,-1.0425460000000015,41.381,40.58118360017485,0.7998163998251471
pi4b8g,margin,oi_svdd_as_elm_revision,n512,B2,1993,49.501632,50.516328,-1.0146960000000007,41.868,40.97945969147411,0.88854030852589
pi4b8g,margin,oi_svdd_as_elm_revision,n512,B2,1994,49.513874,50.516328,-1.0024540000000002,41.381,41.37770711776571,0.003292882234291028
pi4b8g,margin,oi_svdd_as_elm_revision,n512,B2,1995,49.633594,50.516328,-0.8827339999999992,40.407,40.979702047428795,-0.5727020474287983
pi4b8g,margin,oi_svdd_as_elm_revision,n512,B2,1996,49.659556,50.516328,-0.8567719999999994,40.894,40.18329984188405,0.710700158115948
pi4b8g,margin,oi_svdd_as_elm_revision,n512,B2,1997,49.464522,50.516328,-1.0518059999999991,39.92,40.581166593641605,-0.6611665936416031
pi4b8g,margin,oi_svdd_as_elm_revision,n512,B2,1998,49.565039,50.516328,-0.9512890000000027,40.894,40.581351199009035,0.3126488009909636
pi4b8g,margin,oi_svdd_as_elm_revision,n512,B2,1999,49.625316,50.516328,-0.8910120000000035,40.894,40.58146190125574,0.3125380987442554
pi4b8g,margin,tinydl_revision,n64,B2,2000,4.519682,5.477103,-0.9574209999999992,40.407,40.51199514947266,-0.1049951494726642
pi4b8g,margin,tinydl_revision,n64,B2,2001,4.261816,5.477103,-1.215287,40.894,40.11329662029529,0.7807033797047112
pi4b8g,margin,tinydl_revision,n64,B2,2002,4.259371,5.477103,-1.2177319999999998,40.894,40.51151707304976,0.3824829269502388
pi4b8g,margin,tinydl_revision,n64,B2,2003,4.260316,5.477103,-1.2167869999999992,40.894,40.5115188085977,0.38248119140229875
pi4b8g,margin,tinydl_revision,n64,B2,2004,4.294667,5.477103,-1.182436,40.894,40.511581896224435,0.3824181037755636
pi4b8g,margin,tinydl_revision,n64,B2,2005,4.26389,5.477103,-1.2132129999999997,41.381,40.51152537245837,0.8694746275416279
pi4b8g,margin,tinydl_revision,n64,B2,2006,4.255075,5.477103,-1.222028,40.894,40.51150918319373,0.38249081680626773
pi4b8g,margin,tinydl_revision,n64,B2,2007,4.233224,5.477103,-1.2438789999999997,39.92,40.511469052550325,-0.5914690525503232
pi4b8g,margin,tinydl_revision,n64,B2,2008,4.257278,5.477103,-1.2198249999999993,40.407,39.71506334285166,0.6919366571483394
pi4b8g,margin,tinydl_revision,n64,B2,2009,4.223761,5.477103,-1.253342,39.92,40.11322673005525,-0.19322673005525104
pi4b8g,margin,tinydl_revision,n64,B2,2010,4.296612,5.477103,-1.180491,41.381,39.71513558205022,1.665864417949777
pi4b8g,margin,tinydl_revision,n64,B2,2011,4.249279,5.477103,-1.227824,40.407,40.909723481640114,-0.5027234816401176
pi4b8g,margin,tinydl_revision,n64,B2,2012,4.30676,5.477103,-1.170343,40.894,40.11337916258797,0.7806208374120303
pi4b8g,margin,tinydl_revision,n64,B2,2013,4.252131,5.477103,-1.2249719999999993,40.894,40.51150377636502,0.3824962236349805
pi4b8g,margin,tinydl_revision,n64,B2,2014,4.261964,5.477103,-1.2151389999999997,40.407,40.511521835246384,-0.1045218352463877
pi4b8g,margin,tinydl_revision,n64,B2,2015,4.278871,5.477103,-1.198232,39.433,40.11332794280334,-0.6803279428033377
pi4b8g,margin,tinydl_revision,n64,B2,2016,4.253205,5.477103,-1.2238979999999993,39.92,39.3168309194078,0.6031690805922025
pi4b8g,margin,tinydl_revision,n64,B2,2017,4.247742,5.477103,-1.229361,39.92,39.71504582942821,0.20495417057178855
pi4b8g,margin,tinydl_revision,n64,B2,2018,4.217076,5.477103,-1.260027,40.894,39.714989509520166,1.1790104904798326
pi4b8g,margin,tinydl_revision,n64,B2,2019,4.221261,5.477103,-1.2558419999999995,40.894,40.511447081799,0.3825529182010001
pi4b8g,margin,tinydl_revision,n64,B2,2020,4.35887,5.477103,-1.118233,39.92,40.511699808800465,-0.5916998088004632
pi4b8g,margin,tinydl_revision,n64,B2,2021,4.254075,5.477103,-1.2230279999999993,39.92,39.715057460354245,0.20494253964575648
pi4b8g,margin,tinydl_revision,n64,B2,2022,4.25226,5.477103,-1.224843,40.407,39.71505412700027,0.6919458729997245
pi4b8g,margin,tinydl_revision,n64,B2,2023,4.227557,5.477103,-1.2495459999999996,40.407,40.11323370163195,0.29376629836804824
pi4b8g,margin,tinydl_revision,n64,B2,2024,4.242279,5.477103,-1.2348239999999997,40.894,39.71503579630822,1.178964203691777
pi4b8g,margin,tinydl_revision,n64,B2,2025,4.267038,5.477103,-1.2100649999999993,40.894,40.51153115394505,0.38246884605494813
pi4b8g,margin,tinydl_revision,n64,B2,2026,4.337352,5.477103,-1.1397509999999995,40.894,40.51166028973109,0.38233971026890856
pi4b8g,margin,tinydl_revision,n64,B2,2027,4.206113,5.477103,-1.2709899999999994,39.92,40.51141926160833,-0.5914192616083298
pi4b8g,margin,tinydl_revision,n64,B2,2028,4.264964,5.477103,-1.2121389999999996,39.92,39.71507745864156,0.20492254135844234
pi4b8g,margin,tinydl_revision,n64,B2,2029,4.291834,5.477103,-1.185269,39.92,39.71512680697292,0.2048731930270833
pi4b8g,margin,tinydl_revision,n64,B2,2030,4.260686,5.477103,-1.2164169999999999,39.433,39.71506960184359,-0.2820696018435882
pi4b8g,margin,tinydl_revision,n64,B2,2031,4.26389,5.477103,-1.2132129999999997,40.407,39.31685054303714,1.0901494569628554
pi4b8g,margin,tinydl_revision,n64,B2,2032,4.282686,5.477103,-1.1944169999999996,39.433,40.113334949274645,-0.6803349492746449
pi4b8g,margin,tinydl_revision,n64,B2,2033,4.26389,5.477103,-1.2132129999999997,40.407,39.31685054303714,1.0901494569628554
pi4b8g,margin,tinydl_revision,n64,B2,2034,4.256964,5.477103,-1.2201389999999996,39.92,40.11328770931264,-0.19328770931263506
pi4b8g,margin,tinydl_revision,n64,B2,2035,4.254575,5.477103,-1.2225279999999996,39.92,39.71505837863358,0.20494162136642302
pi4b8g,margin,tinydl_revision,n64,B2,2036,4.261316,5.477103,-1.2157869999999997,39.92,39.71507075887555,0.20492924112445365
pi4b8g,margin,tinydl_revision,n64,B2,2037,4.270927,5.477103,-1.2061759999999992,40.894,40.11331335318129,0.7806866468187081
pi4b8g,margin,tinydl_revision,n64,B2,2038,4.238631,5.477103,-1.2384719999999998,40.407,40.51147898282303,-0.10447898282303214
pi4b8g,margin,tinydl_revision,n64,B2,2039,4.293722,5.477103,-1.1833809999999998,40.407,40.11335521753608,0.29364478246391457
pi4b8g,margin,fisvdd_revision,n64,B1,2040,4.898602,4.94716,-0.04855799999999988,40.894,39.123430266097465,1.7705697339025335
pi4b8g,margin,fisvdd_revision,n64,B1,2041,4.72316,4.94716,-0.2240000000000002,40.407,40.31778288599322,0.08921711400677879
pi4b8g,margin,fisvdd_revision,n64,B1,2042,4.698308,4.94716,-0.2488520000000003,40.894,39.91951230069684,0.974487699303161
pi4b8g,margin,fisvdd_revision,n64,B1,2043,4.70066,4.94716,-0.24650000000000016,38.946,40.31774156342323,-1.3717415634232353
pi4b8g,margin,fisvdd_revision,n64,B1,2044,4.676439,4.94716,-0.270721,39.92,39.52124719385496,0.3987528061450405
pi4b8g,margin,fisvdd_revision,n64,B1,2045,4.684309,4.94716,-0.2628510000000004,39.92,39.52126164757166,0.39873835242833877
pi4b8g,margin,fisvdd_revision,n64,B1,2046,4.681827,4.94716,-0.26533300000000004,38.946,39.52125708923305,-0.5752570892330553
pi4b8g,margin,fisvdd_revision,n64,B1,2047,4.674475,4.94716,-0.27268500000000007,38.946,38.724793700572924,0.22120629942707382
pi4b8g,margin,fisvdd_revision,n64,B1,2048,4.738789,4.94716,-0.20837100000000053,38.946,38.72491181700697,0.22108818299302868
pi4b8g,margin,fisvdd_revision,n64,B1,2049,4.674902,4.94716,-0.2722579999999999,38.946,38.72479448478347,0.22120551521652487
pi4b8g,margin,fisvdd_revision,n64,B1,2050,4.689957,4.94716,-0.2572030000000005,39.433,38.72482213417419,0.7081778658258102
pi4b8g,margin,fisvdd_revision,n64,B1,2051,4.785511,4.94716,-0.1616490000000006,39.433,39.123222567841374,0.30977743215862574
pi4b8g,margin,fisvdd_revision,n64,B1,2052,4.655624,4.94716,-0.2915359999999998,39.92,39.122984022745925,0.7970159772540768
pi4b8g,margin,fisvdd_revision,n64,B1,2053,4.720104,4.94716,-0.22705600000000015,38.946,39.52132738718911,-0.5753273871891125
pi4b8g,margin,fisvdd_revision,n64,B1,2054,4.681161,4.94716,-0.2659989999999999,39.433,38.72480597980417,0.7081940201958332
pi4b8g,margin,fisvdd_revision,n64,B1,2055,4.66679,4.94716,-0.28037000000000045,39.433,39.12300452975999,0.3099954702400112
pi4b8g,margin,fisvdd_revision,n64,B1,2056,4.666531,4.94716,-0.28062900000000024,38.946,39.1230040540913,-0.1770040540912987
pi4b8g,margin,fisvdd_revision,n64,B1,2057,4.906527,4.94716,-0.040633000000000585,39.433,38.72521987768448,0.7077801223155191
pi4b8g,margin,fisvdd_revision,n64,B1,2058,4.708845,4.94716,-0.23831500000000005,39.92,39.12308176623469,0.7969182337653109
pi4b8g,margin,fisvdd_revision,n64,B1,2059,4.709494,4.94716,-0.23766599999999993,39.433,39.52130790130167,-0.08830790130166832
pi4b8g,margin,fisvdd_revision,n64,B1,2060,4.694308,4.94716,-0.25285199999999985,39.92,39.12305506818136,0.7969449318186435
pi4b8g,margin,fisvdd_revision,n64,B1,2061,4.676605,4.94716,-0.2705549999999999,38.459,39.5212474987237,-1.0622474987236998
pi4b8g,margin,fisvdd_revision,n64,B1,2062,4.742197,4.94716,-0.20496300000000023,39.92,38.7249180759989,1.1950819240011015
pi4b8g,margin,fisvdd_revision,n64,B1,2063,4.66305,4.94716,-0.2841100000000001,38.459,39.52122260417099,-1.0622226041709837
pi4b8g,margin,fisvdd_revision,n64,B1,2064,4.693512,4.94716,-0.2536480000000001,39.92,38.326603719999845,1.5933962800001567
pi4b8g,margin,fisvdd_revision,n64,B1,2065,4.737104,4.94716,-0.2100559999999998,38.946,39.521358608686434,-0.575358608686436
pi4b8g,margin,fisvdd_revision,n64,B1,2066,4.693919,4.94716,-0.25324100000000005,39.92,38.72482941061963,1.1951705893803748
pi4b8g,margin,fisvdd_revision,n64,B1,2067,4.707178,4.94716,-0.23998200000000036,38.946,39.5213036478318,-0.5753036478318023
pi4b8g,margin,fisvdd_revision,n64,B1,2068,4.682068,4.94716,-0.2650920000000001,38.946,38.724807645562876,0.2211923544371217
pi4b8g,margin,fisvdd_revision,n64,B1,2069,4.672883,4.94716,-0.27427700000000055,38.946,38.72479077677153,0.22120922322847036
pi4b8g,margin,fisvdd_revision,n64,B1,2070,4.653106,4.94716,-0.29405400000000004,38.459,38.724754455150794,-0.2657544551507911
pi4b8g,margin,fisvdd_revision,n64,B1,2071,4.671476,4.94716,-0.27568400000000004,38.459,38.32656324959308,0.13243675040692438
pi4b8g,margin,fisvdd_revision,n64,B1,2072,4.696883,4.94716,-0.2502770000000005,38.946,38.32660991103911,0.6193900889608912
pi4b8g,margin,fisvdd_revision,n64,B1,2073,4.731493,4.94716,-0.21566699999999983,37.972,38.72489841747494,-0.7528984174749382
pi4b8g,margin,fisvdd_revision,n64,B1,2074,4.695975,4.94716,-0.25118500000000044,38.459,37.92838330030342,0.53061669969658
pi4b8g,margin,fisvdd_revision,n64,B1,2075,4.661605,4.94716,-0.28555500000000045,39.433,38.32654512092249,1.1064548790775106
pi4b8g,margin,fisvdd_revision,n64,B1,2076,4.732012,4.94716,-0.21514800000000012,39.433,39.123124313789305,0.3098756862106953
pi4b8g,margin,fisvdd_revision,n64,B1,2077,4.664512,4.94716,-0.282648,39.433,39.12300034607935,0.30999965392064865
pi4b8g,margin,fisvdd_revision,n64,B1,2078,4.783677,4.94716,-0.16348300000000027,38.946,39.12321919959278,-0.1772191995927841
pi4b8g,margin,fisvdd_revision,n64,B1,2079,4.721363,4.94716,-0.22579700000000003,40.407,38.72487981313566,1.6821201868643385
pi4b8g,margin,oi_svdd_as_elm_revision,n1024,B2,2080,97.401347,98.029358,-0.6280110000000008,39.433,39.47256723559115,-0.03956723559115005
pi4b8g,margin,oi_svdd_as_elm_revision,n1024,B2,2081,97.189591,98.029358,-0.839767000000009,39.92,39.472178333274286,0.4478216667257158
pi4b8g,margin,oi_svdd_as_elm_revision,n1024,B2,2082,96.690822,98.029358,-1.3385360000000048,39.92,39.86948725788543,0.05051274211457013
pi4b8g,margin,oi_svdd_as_elm_revision,n1024,B2,2083,96.921633,98.029358,-1.107725000000002,39.92,39.86991115582768,0.050088844172321956
pi4b8g,margin,oi_svdd_as_elm_revision,n1024,B2,2084,96.8688,98.029358,-1.1605580000000089,39.92,39.869814124923685,0.05018587507631622
pi4b8g,margin,oi_svdd_as_elm_revision,n1024,B2,2085,96.693155,98.029358,-1.3362029999999976,40.407,39.869491542576796,0.5375084574232005
pi4b8g,margin,oi_svdd_as_elm_revision,n1024,B2,2086,96.797376,98.029358,-1.2319820000000021,40.407,40.26790789369793,0.1390921063020656
pi4b8g,margin,oi_svdd_as_elm_revision,n1024,B2,2087,96.715081,98.029358,-1.3142770000000041,40.407,40.267756754102514,0.13924324589748238
pi4b8g,margin,oi_svdd_as_elm_revision,n1024,B2,2088,97.061204,98.029358,-0.9681539999999984,40.894,40.268392429297656,0.6256075707023427
pi4b8g,margin,oi_svdd_as_elm_revision,n1024,B2,2089,96.841375,98.029358,-1.1879830000000027,41.381,40.666213643583085,0.7147863564169157
pi4b8g,margin,oi_svdd_as_elm_revision,n1024,B2,2090,96.844319,98.029358,-1.1850390000000033,40.894,40.267994107271385,0.6260058927286138
pi4b8g,margin,oi_svdd_as_elm_revision,n1024,B2,2091,97.028168,98.029358,-1.0011900000000082,40.894,40.66655669988598,0.22744330011401814
pi4b8g,margin,oi_svdd_as_elm_revision,n1024,B2,2092,97.124166,98.029358,-0.9051919999999996,39.433,40.66673300584479,-1.2337330058447904
pi4b8g,margin,oi_svdd_as_elm_revision,n1024,B2,2093,97.320199,98.029358,-0.7091589999999997,40.894,39.47241820252853,1.4215817974714682
pi4b8g,margin,oi_svdd_as_elm_revision,n1024,B2,2094,97.129943,98.029358,-0.8994150000000047,40.407,40.66674361564421,-0.25974361564421145
pi4b8g,margin,oi_svdd_as_elm_revision,n1024,B2,2095,96.979891,98.029358,-1.049467000000007,41.381,40.26824309320285,1.1127569067971521
pi4b8g,margin,oi_svdd_as_elm_revision,n1024,B2,2096,97.030872,98.029358,-0.9984859999999998,41.381,41.064786609081025,0.3162133909189748
pi4b8g,margin,oi_svdd_as_elm_revision,n1024,B2,2097,96.848911,98.029358,-1.180447000000001,40.894,41.06445242702961,-0.17045242702960905
pi4b8g,margin,oi_svdd_as_elm_revision,n1024,B2,2098,97.109666,98.029358,-0.9196919999999977,41.868,40.666706375744134,1.201293624255868
pi4b8g,margin,oi_svdd_as_elm_revision,n1024,B2,2099,96.966909,98.029358,-1.0624490000000009,41.381,41.46289408041949,-0.08189408041948809
pi4b8g,margin,oi_svdd_as_elm_revision,n1024,B2,2100,97.229497,98.029358,-0.799861000000007,41.868,41.06515139554605,0.8028486044539491
pi4b8g,margin,oi_svdd_as_elm_revision,n1024,B2,2101,96.840097,98.029358,-1.189261000000002,41.868,41.06443623960153,0.8035637603984753
pi4b8g,margin,oi_svdd_as_elm_revision,n1024,B2,2102,96.938651,98.029358,-1.090707000000009,41.381,41.4628421829447,-0.08184218294469758
pi4b8g,margin,oi_svdd_as_elm_revision,n1024,B2,2103,96.918354,98.029358,-1.1110040000000083,41.381,41.064579963173045,0.31642003682695474
pi4b8g,margin,oi_svdd_as_elm_revision,n1024,B2,2104,96.911484,98.029358,-1.1178740000000005,41.381,41.06456734601501,0.31643265398498954
pi4b8g,margin,oi_svdd_as_elm_revision,n1024,B2,2105,96.974316,98.029358,-1.0550420000000003,41.868,41.06468274066911,0.803317259330889
pi4b8g,margin,oi_svdd_as_elm_revision,n1024,B2,2106,96.8198,98.029358,-1.2095580000000012,41.381,41.46262390611069,-0.0816239061106927
pi4b8g,margin,oi_svdd_as_elm_revision,n1024,B2,2107,97.292293,98.029358,-0.7370650000000012,41.868,41.06526672408404,0.802733275915962
pi4b8g,margin,oi_svdd_as_elm_revision,n1024,B2,2108,96.961206,98.029358,-1.0681519999999978,41.381,41.46288360652541,-0.08188360652540894
pi4b8g,margin,oi_svdd_as_elm_revision,n1024,B2,2109,96.942669,98.029358,-1.086689000000007,40.407,41.06462461909701,-0.6576246190970139
pi4b8g,margin,oi_svdd_as_elm_revision,n1024,B2,2110,96.908502,98.029358,-1.1208560000000034,41.868,40.26811198311624,1.5998880168837601
pi4b8g,margin,oi_svdd_as_elm_revision,n1024,B2,2111,97.011574,98.029358,-1.017784000000006,41.868,41.4629761103123,0.40502388968770475
pi4b8g,margin,oi_svdd_as_elm_revision,n1024,B2,2112,96.849522,98.029358,-1.1798360000000088,41.868,41.46267849230736,0.40532150769264064
pi4b8g,margin,oi_svdd_as_elm_revision,n1024,B2,2113,97.185738,98.029358,-0.8436200000000014,42.355,41.4632959727158,0.8917040272841987
pi4b8g,margin,oi_svdd_as_elm_revision,n1024,B2,2114,97.210849,98.029358,-0.8185090000000059,41.868,41.861567033680856,0.006432966319145805
pi4b8g,margin,oi_svdd_as_elm_revision,n1024,B2,2115,97.018242,98.029358,-1.0111160000000012,42.842,41.46298835648548,1.3790116435145165
pi4b8g,margin,oi_svdd_as_elm_revision,n1024,B2,2116,97.021852,98.029358,-1.0075060000000065,42.355,42.25944487274308,0.09555512725691528
pi4b8g,margin,oi_svdd_as_elm_revision,n1024,B2,2117,96.971631,98.029358,-1.0577269999999999,42.355,41.861127695789904,0.4938723042100932
pi4b8g,margin,oi_svdd_as_elm_revision,n1024,B2,2118,97.05076,98.029358,-0.9785980000000052,41.868,41.861273020840585,0.0067269791594171124
pi4b8g,margin,oi_svdd_as_elm_revision,n1024,B2,2119,96.969187,98.029358,-1.0601709999999969,41.868,41.46289826410012,0.4051017358998834
pi4b8g,margin,tinydl_revision,n16,B2,2120,2.459643,2.709488,-0.2498450000000001,41.381,40.91036335013892,0.47063664986107767
pi4b8g,margin,tinydl_revision,n16,B2,2121,2.259535,2.709488,-0.4499529999999998,40.407,40.9099958400574,-0.5029958400574017
pi4b8g,margin,tinydl_revision,n16,B2,2122,2.224425,2.709488,-0.4850629999999998,42.355,40.113481472201805,2.241518527798192
pi4b8g,margin,tinydl_revision,n16,B2,2123,2.184925,2.709488,-0.5245630000000001,40.894,41.70630870069614,-0.8123087006961427
pi4b8g,margin,tinydl_revision,n16,B2,2124,2.244739,2.709488,-0.46474899999999986,41.381,40.51174372319496,0.8692562768050394
pi4b8g,margin,tinydl_revision,n16,B2,2125,2.205148,2.709488,-0.50434,40.407,40.90989595514123,-0.5028959551412342
pi4b8g,margin,tinydl_revision,n16,B2,2126,2.164019,2.709488,-0.5454689999999998,40.894,40.11337053303903,0.780629466960967
pi4b8g,margin,tinydl_revision,n16,B2,2127,2.212369,2.709488,-0.4971190000000001,40.894,40.51168427379094,0.3823157262090575
pi4b8g,margin,tinydl_revision,n16,B2,2128,2.171074,2.709488,-0.538414,42.355,40.51160843310083,1.8433915668991645
pi4b8g,margin,tinydl_revision,n16,B2,2129,2.145149,2.709488,-0.5643389999999999,40.894,41.706235649738645,-0.8122356497386463
pi4b8g,margin,tinydl_revision,n16,B2,2130,2.236277,2.709488,-0.47321100000000005,41.381,40.51172818223553,0.8692718177644707
pi4b8g,margin,tinydl_revision,n16,B2,2131,2.174833,2.709488,-0.5346549999999999,41.868,40.90984027986527,0.9581597201347307
pi4b8g,margin,tinydl_revision,n16,B2,2132,2.192314,2.709488,-0.5171739999999998,40.894,41.308097327887715,-0.4140973278877169
pi4b8g,margin,tinydl_revision,n16,B2,2133,2.224573,2.709488,-0.484915,40.894,40.5117066871529,0.38229331284709644
pi4b8g,margin,tinydl_revision,n16,B2,2134,2.17687,2.709488,-0.5326179999999998,41.381,40.51161907779486,0.8693809222051385
pi4b8g,margin,tinydl_revision,n16,B2,2135,2.183537,2.709488,-0.5259510000000001,41.381,40.9098562652719,0.471143734728102
pi4b8g,margin,tinydl_revision,n16,B2,2136,2.20148,2.709488,-0.5080079999999998,39.92,40.90988921864404,-0.9898892186440378
pi4b8g,margin,tinydl_revision,n16,B2,2137,2.169592,2.709488,-0.5398959999999997,41.381,39.71515582504007,1.665844174959929
pi4b8g,margin,tinydl_revision,n16,B2,2138,2.159944,2.709488,-0.549544,40.407,40.9098129353433,-0.5028129353433002
pi4b8g,margin,tinydl_revision,n16,B2,2139,2.258387,2.709488,-0.451101,40.407,40.11354384540722,0.29345615459277496
pi4b8g,margin,tinydl_revision,n16,B2,2140,2.164722,2.709488,-0.5447660000000001,40.894,40.113371824139776,0.7806281758602225
pi4b8g,margin,tinydl_revision,n16,B2,2141,2.163482,2.709488,-0.5460059999999998,40.894,40.51159448994744,0.38240551005255696
pi4b8g,margin,tinydl_revision,n16,B2,2142,2.196888,2.709488,-0.5126,41.868,40.51165584202624,1.3563441579737656
pi4b8g,margin,tinydl_revision,n16,B2,2143,2.150759,2.709488,-0.558729,40.894,41.308021009692354,-0.41402100969235534
pi4b8g,margin,tinydl_revision,n16,B2,2144,2.174,2.709488,-0.535488,41.381,40.51161380687149,0.8693861931285127
pi4b8g,margin,tinydl_revision,n16,B2,2145,2.207332,2.709488,-0.5021559999999998,40.894,40.90989996618536,-0.015899966185358494
pi4b8g,margin,tinydl_revision,n16,B2,2146,2.165629,2.709488,-0.5438589999999999,39.433,40.5115984330389,-1.0785984330388985
pi4b8g,margin,tinydl_revision,n16,B2,2147,2.146797,2.709488,-0.562691,40.407,40.113338903825685,0.29366109617431135
pi4b8g,margin,tinydl_revision,n16,B2,2148,2.188536,2.709488,-0.5209519999999999,40.894,40.113415559947846,0.7805844400521522
pi4b8g,margin,tinydl_revision,n16,B2,2149,2.172351,2.709488,-0.537137,40.407,40.51161077838625,-0.10461077838625243
pi4b8g,margin,tinydl_revision,n16,B2,2150,2.137982,2.709488,-0.5715059999999998,40.894,40.11332271456104,0.780677285438955
pi4b8g,margin,tinydl_revision,n16,B2,2151,2.205536,2.709488,-0.503952,40.894,40.51167172458558,0.38232827541441594
pi4b8g,margin,tinydl_revision,n16,B2,2152,2.207517,2.709488,-0.5019709999999997,40.894,40.5116753628083,0.38232463719170084
pi4b8g,margin,tinydl_revision,n16,B2,2153,2.152426,2.709488,-0.5570619999999997,40.894,40.51157418495483,0.38242581504516693
pi4b8g,margin,tinydl_revision,n16,B2,2154,2.219407,2.709488,-0.490081,40.894,40.51169719949083,0.38230280050916576
pi4b8g,margin,tinydl_revision,n16,B2,2155,2.224944,2.709488,-0.4845440000000001,40.894,40.51170736851617,0.3822926314838284
pi4b8g,margin,tinydl_revision,n16,B2,2156,2.143352,2.709488,-0.5661359999999998,40.407,40.5115575200215,-0.1045575200215012
pi4b8g,margin,tinydl_revision,n16,B2,2157,2.185889,2.709488,-0.5235989999999999,41.868,40.113410698577056,1.7545893014229463
pi4b8g,margin,tinydl_revision,n16,B2,2158,2.235295,2.709488,-0.4741930000000001,40.894,41.30817626501574,-0.41417626501574034
pi4b8g,margin,tinydl_revision,n16,B2,2159,2.153815,2.709488,-0.5556730000000001,39.92,40.51157673593482,-0.5915767359348152
pi4b8g,margin,oi_svdd_as_elm_revision,n16,B0,2160,3.389941,4.163822,-0.7738809999999998,39.92,39.332578236238426,0.5874217637615757
pi4b8g,margin,oi_svdd_as_elm_revision,n16,B0,2161,3.179279,4.163822,-0.9845429999999995,39.433,39.33219134311674,0.10080865688325957
pi4b8g,margin,oi_svdd_as_elm_revision,n16,B0,2162,3.252926,4.163822,-0.9108959999999997,39.92,38.9341016570124,0.9858983429876034
pi4b8g,margin,oi_svdd_as_elm_revision,n16,B0,2163,3.383349,4.163822,-0.7804729999999998,39.433,39.3325661296437,0.10043387035629792
pi4b8g,margin,oi_svdd_as_elm_revision,n16,B0,2164,3.239704,4.163822,-0.9241179999999996,38.946,38.93407737403372,0.011922625966278133
pi4b8g,margin,oi_svdd_as_elm_revision,n16,B0,2165,3.360221,4.163822,-0.8036009999999996,39.433,38.53607376743406,0.8969262325659386
pi4b8g,margin,oi_svdd_as_elm_revision,n16,B0,2166,3.250222,4.163822,-0.9135999999999997,40.407,38.934096690957766,1.4729033090422305
pi4b8g,margin,oi_svdd_as_elm_revision,n16,B0,2167,3.22387,4.163822,-0.9399519999999999,39.433,39.730498180244616,-0.2974981802446166
pi4b8g,margin,oi_svdd_as_elm_revision,n16,B0,2168,3.279889,4.163822,-0.8839329999999999,39.92,38.93415117614371,0.9858488238562941
pi4b8g,margin,oi_svdd_as_elm_revision,n16,B0,2169,3.258167,4.163822,-0.9056549999999999,39.433,39.33233622555678,0.10066377444321972
pi4b8g,margin,oi_svdd_as_elm_revision,n16,B0,2170,3.216649,4.163822,-0.9471729999999998,38.459,38.934035032173675,-0.4750350321736718
pi4b8g,margin,oi_svdd_as_elm_revision,n16,B0,2171,3.233148,4.163822,-0.9306739999999998,38.946,38.13761544727429,0.8083845527257054
pi4b8g,margin,oi_svdd_as_elm_revision,n16,B0,2172,3.238667,4.163822,-0.9251549999999997,38.946,38.53585052638198,0.41014947361802
pi4b8g,margin,oi_svdd_as_elm_revision,n16,B0,2173,3.982728,4.163822,-0.18109399999999987,38.946,38.53721703805953,0.40878296194046726
pi4b8g,margin,oi_svdd_as_elm_revision,n16,B0,2174,3.419885,4.163822,-0.7439369999999998,38.946,38.536183343870306,0.4098166561296921
pi4b8g,margin,oi_svdd_as_elm_revision,n16,B0,2175,4.486515,4.163822,0.3226930000000001,39.433,38.53814227244018,0.8948577275598169
pi4b8g,margin,oi_svdd_as_elm_revision,n16,B0,2176,3.301832,4.163822,-0.8619899999999996,38.946,38.93419147575052,0.011808524249481422
pi4b8g,margin,oi_svdd_as_elm_revision,n16,B0,2177,3.214723,4.163822,-0.9490989999999995,39.92,38.53580655182128,1.3841934481787206
pi4b8g,margin,oi_svdd_as_elm_revision,n16,B0,2178,3.281832,4.163822,-0.8819899999999996,38.946,39.33237968771761,-0.3863796877176142
pi4b8g,margin,oi_svdd_as_elm_revision,n16,B0,2179,3.209389,4.163822,-0.9544329999999999,39.433,38.535796755617355,0.897203244382645
pi4b8g,margin,oi_svdd_as_elm_revision,n16,B0,2180,3.188075,4.163822,-0.9757469999999997,38.459,38.93398255434635,-0.4749825543463473
pi4b8g,margin,oi_svdd_as_elm_revision,n16,B0,2181,3.2265,4.163822,-0.9373219999999995,39.92,38.13760323783228,1.7823967621677212
pi4b8g,margin,oi_svdd_as_elm_revision,n16,B0,2182,3.2255,4.163822,-0.9383219999999999,38.946,39.33227623069484,-0.38627623069483974
pi4b8g,margin,oi_svdd_as_elm_revision,n16,B0,2183,3.176501,4.163822,-0.9873209999999997,37.972,38.53573635487595,-0.5637363548759495
pi4b8g,margin,oi_svdd_as_elm_revision,n16,B0,2184,3.270758,4.163822,-0.8930639999999999,38.946,37.73945957710531,1.2065404228946903
pi4b8g,margin,oi_svdd_as_elm_revision,n16,B0,2185,3.267333,4.163822,-0.8964889999999999,38.946,38.53590317317269,0.4100968268273064
pi4b8g,margin,oi_svdd_as_elm_revision,n16,B0,2186,3.215852,4.163822,-0.9479699999999998,38.459,38.53580862529601,-0.07680862529601029
pi4b8g,margin,oi_svdd_as_elm_revision,n16,B0,2187,3.236537,4.163822,-0.9272849999999995,38.459,38.13762167137161,0.32137832862839133
pi4b8g,margin,oi_svdd_as_elm_revision,n16,B0,2188,3.259999,4.163822,-0.9038229999999996,38.946,38.13766476071103,0.8083352392889651
pi4b8g,margin,oi_svdd_as_elm_revision,n16,B0,2189,3.203723,4.163822,-0.9600989999999996,38.946,38.53578634967595,0.4102136503240459
pi4b8g,margin,oi_svdd_as_elm_revision,n16,B0,2190,3.243759,4.163822,-0.9200629999999999,38.459,37.73940999185788,0.71959000814212
pi4b8g,margin,oi_svdd_as_elm_revision,n16,B0,2191,3.220056,4.163822,-0.9437659999999997,38.946,38.13759140304824,0.8084085969517574
pi4b8g,margin,oi_svdd_as_elm_revision,n16,B0,2192,3.233741,4.163822,-0.9300809999999995,38.946,38.53584147949399,0.410158520506009
pi4b8g,margin,oi_svdd_as_elm_revision,n16,B0,2193,3.242722,4.163822,-0.9210999999999996,38.946,38.535857973627365,0.41014202637263253
pi4b8g,margin,oi_svdd_as_elm_revision,n16,B0,2194,3.206519,4.163822,-0.9573029999999996,38.459,38.53579148469398,-0.07679148469397745
pi4b8g,margin,oi_svdd_as_elm_revision,n16,B0,2195,3.214889,4.163822,-0.9489329999999998,37.972,38.535806856690016,-0.5638068566900145
pi4b8g,margin,oi_svdd_as_elm_revision,n16,B0,2196,3.226056,4.163822,-0.9377659999999999,37.972,37.73937747925982,0.23262252074017908
pi4b8g,margin,oi_svdd_as_elm_revision,n16,B0,2197,3.907322,4.163822,-0.2564999999999995,37.972,37.74062866423595,0.23137133576405233
pi4b8g,margin,oi_svdd_as_elm_revision,n16,B0,2198,3.275574,4.163822,-0.8882479999999995,38.459,37.73946842197184,0.7195315780281604
pi4b8g,margin,oi_svdd_as_elm_revision,n16,B0,2199,3.219759,4.163822,-0.9440629999999999,37.972,38.13759085759031,-0.16559085759030978
pi4b8g,margin,oi_svdd_as_elm_revision,n1024,B1,2200,97.629988,98.029488,-0.3995000000000033,38.946,38.487869061862796,0.4581309381372023
pi4b8g,margin,oi_svdd_as_elm_revision,n1024,B1,2201,97.515693,98.029488,-0.5137950000000018,38.946,38.88588409553047,0.06011590446952653
pi4b8g,margin,oi_svdd_as_elm_revision,n1024,B1,2202,100.657288,98.029488,2.6277999999999935,38.459,38.89165381905267,-0.43265381905266764
pi4b8g,margin,oi_svdd_as_elm_revision,n1024,B1,2203,97.923909,98.029488,-0.10557900000000586,38.459,38.48840886502245,-0.029408865022446662
pi4b8g,margin,oi_svdd_as_elm_revision,n1024,B1,2204,97.165996,98.029488,-0.8634919999999937,39.433,38.48701691333426,0.9459830866657413
pi4b8g,margin,oi_svdd_as_elm_revision,n1024,B1,2205,97.024517,98.029488,-1.0049709999999976,39.433,39.28320696513157,0.14979303486843065
pi4b8g,margin,oi_svdd_as_elm_revision,n1024,B1,2206,96.860575,98.029488,-1.1689130000000034,39.433,39.28290587603076,0.1500941239692395
pi4b8g,margin,oi_svdd_as_elm_revision,n1024,B1,2207,97.130589,98.029488,-0.8988990000000001,39.92,39.28340177258239,0.6365982274176147
pi4b8g,margin,oi_svdd_as_elm_revision,n1024,B1,2208,96.968184,98.029488,-1.061304000000007,39.433,39.68132844941265,-0.24832844941265364
pi4b8g,margin,oi_svdd_as_elm_revision,n1024,B1,2209,96.739318,98.029488,-1.2901700000000034,40.407,38.88445823729619,1.5225417627038098
pi4b8g,margin,oi_svdd_as_elm_revision,n1024,B1,2210,96.904556,98.029488,-1.1249320000000012,39.433,40.07943653599826,-0.6464365359982622
pi4b8g,margin,oi_svdd_as_elm_revision,n1024,B1,2211,97.163292,98.029488,-0.8661960000000022,39.92,39.283461833560445,0.6365381664395571
pi4b8g,margin,oi_svdd_as_elm_revision,n1024,B1,2212,97.02548,98.029488,-1.004007999999999,39.433,39.68143367687798,-0.2484336768779798
pi4b8g,margin,oi_svdd_as_elm_revision,n1024,B1,2213,97.118126,98.029488,-0.9113619999999969,40.894,39.283378883551734,1.6106211164482644
pi4b8g,margin,oi_svdd_as_elm_revision,n1024,B1,2214,97.084146,98.029488,-0.9453419999999966,39.92,40.47799130670949,-0.5579913067094893
pi4b8g,margin,oi_svdd_as_elm_revision,n1024,B1,2215,97.142719,98.029488,-0.886769000000001,39.433,39.68164899317942,-0.24864899317942246
pi4b8g,margin,oi_svdd_as_elm_revision,n1024,B1,2216,97.031535,98.029488,-0.9979529999999954,39.92,39.28321985410029,0.6367801458997135
pi4b8g,margin,oi_svdd_as_elm_revision,n1024,B1,2217,96.926555,98.029488,-1.1029330000000073,40.407,39.68125199531195,0.7257480046880431
pi4b8g,margin,oi_svdd_as_elm_revision,n1024,B1,2218,96.885353,98.029488,-1.1441350000000057,40.407,40.0794012685622,0.3275987314377957
pi4b8g,margin,oi_svdd_as_elm_revision,n1024,B1,2219,97.020905,98.029488,-1.0085830000000016,40.407,40.07965021776249,0.3273497822375049
pi4b8g,margin,oi_svdd_as_elm_revision,n1024,B1,2220,97.057331,98.029488,-0.9721569999999957,39.92,40.07971711624845,-0.15971711624845142
pi4b8g,margin,oi_svdd_as_elm_revision,n1024,B1,2221,97.021813,98.029488,-1.007675000000006,40.894,39.68142694221735,1.2125730577826488
pi4b8g,margin,oi_svdd_as_elm_revision,n1024,B1,2222,96.919185,98.029488,-1.1103030000000018,40.894,40.4776883461554,0.4163116538446019
pi4b8g,margin,oi_svdd_as_elm_revision,n1024,B1,2223,97.028461,98.029488,-1.0010270000000077,41.381,40.47788903794017,0.9031109620598272
pi4b8g,margin,oi_svdd_as_elm_revision,n1024,B1,2224,97.196884,98.029488,-0.8326040000000035,41.381,40.876423299800784,0.5045767001992161
pi4b8g,margin,oi_svdd_as_elm_revision,n1024,B1,2225,97.229439,98.029488,-0.8000490000000013,40.407,40.87648308896816,-0.46948308896816116
pi4b8g,margin,oi_svdd_as_elm_revision,n1024,B1,2226,97.308882,98.029488,-0.7206060000000036,41.381,40.08017910441744,1.3008208955825609
pi4b8g,margin,oi_svdd_as_elm_revision,n1024,B1,2227,97.009461,98.029488,-1.020026999999999,40.894,40.876079086465936,0.017920913534062777
pi4b8g,margin,oi_svdd_as_elm_revision,n1024,B1,2228,97.091238,98.029488,-0.9382499999999965,39.92,40.47800433158355,-0.5580043315835468
pi4b8g,margin,oi_svdd_as_elm_revision,n1024,B1,2229,97.074441,98.029488,-0.9550470000000075,41.381,39.681523596626825,1.6994764033731755
pi4b8g,margin,oi_svdd_as_elm_revision,n1024,B1,2230,97.038702,98.029488,-0.990786,40.407,40.87613278927789,-0.4691327892778929
pi4b8g,margin,oi_svdd_as_elm_revision,n1024,B1,2231,97.541656,98.029488,-0.4878319999999974,41.381,40.08060660752435,1.3003933924756481
pi4b8g,margin,oi_svdd_as_elm_revision,n1024,B1,2232,97.088312,98.029488,-0.9411759999999987,40.407,40.876223900953306,-0.4692239009533097
pi4b8g,margin,oi_svdd_as_elm_revision,n1024,B1,2233,97.117145,98.029488,-0.912343000000007,40.407,40.079826968168504,0.32717303183149227
pi4b8g,margin,oi_svdd_as_elm_revision,n1024,B1,2234,97.305568,98.029488,-0.7239200000000068,41.381,40.08017301806202,1.3008269819379805
pi4b8g,margin,oi_svdd_as_elm_revision,n1024,B1,2235,97.081849,98.029488,-0.9476389999999952,40.894,40.87621203127465,0.017787968725350822
pi4b8g,margin,oi_svdd_as_elm_revision,n1024,B1,2236,97.157625,98.029488,-0.8718630000000047,40.894,40.478126255203705,0.41587374479629347
pi4b8g,margin,oi_svdd_as_elm_revision,n1024,B1,2237,97.103459,98.029488,-0.9260289999999998,40.894,40.478026776167006,0.4159732238329923
pi4b8g,margin,oi_svdd_as_elm_revision,n1024,B1,2238,97.298901,98.029488,-0.7305869999999999,40.894,40.4783857168658,0.4156142831341967
pi4b8g,margin,oi_svdd_as_elm_revision,n1024,B1,2239,97.213976,98.029488,-0.8155119999999982,40.894,40.47822974712109,0.41577025287890734
pi4b8g,margin,tinydl_revision,n64,B0,2240,4.476534,4.335679,0.14085500000000017,40.407,39.73635456238395,0.6706454376160451
pi4b8g,margin,tinydl_revision,n64,B0,2241,4.240168,4.335679,-0.09551100000000012,39.433,39.73592046235831,-0.3029204623583084
pi4b8g,margin,tinydl_revision,n64,B0,2242,4.258186,4.335679,-0.07749299999999959,39.92,38.93950366719153,0.980496332808471
pi4b8g,margin,tinydl_revision,n64,B0,2243,4.318222,4.335679,-0.017457000000000278,40.407,39.33783886996802,1.0691611300319792
pi4b8g,margin,tinydl_revision,n64,B0,2244,4.245483,4.335679,-0.09019599999999972,38.946,39.735930223667616,-0.7899302236676178
pi4b8g,margin,tinydl_revision,n64,B0,2245,4.274334,4.335679,-0.061345000000000205,40.407,38.54130838080046,1.8656916191995379
pi4b8g,margin,tinydl_revision,n64,B0,2246,4.251871,4.335679,-0.08380799999999944,39.92,39.735941955604375,0.184058044395627
pi4b8g,margin,tinydl_revision,n64,B0,2247,4.257982,4.335679,-0.07769699999999968,39.433,39.33772823567398,0.09527176432602147
pi4b8g,margin,tinydl_revision,n64,B0,2248,4.214242,4.335679,-0.12143700000000024,38.946,38.93942296145752,0.006577038542481262
pi4b8g,margin,tinydl_revision,n64,B0,2249,4.244723,4.335679,-0.09095600000000026,38.946,38.5412539984618,0.40474600153820006
pi4b8g,margin,tinydl_revision,n64,B0,2250,4.260168,4.335679,-0.07551099999999966,37.972,38.541282364110394,-0.5692823641103928
pi4b8g,margin,tinydl_revision,n64,B0,2251,4.234038,4.335679,-0.10164099999999987,38.946,37.74478448855164,1.2012155114483605
pi4b8g,margin,tinydl_revision,n64,B0,2252,4.269389,4.335679,-0.06628999999999952,38.946,38.54129929901786,0.40470070098213995
pi4b8g,margin,tinydl_revision,n64,B0,2253,4.256723,4.335679,-0.0789559999999998,39.433,38.541276037165794,0.891723962834206
pi4b8g,margin,tinydl_revision,n64,B0,2254,4.3085,4.335679,-0.027178999999999398,38.946,38.93959607180425,0.006403928195744868
pi4b8g,margin,tinydl_revision,n64,B0,2255,4.228891,4.335679,-0.10678799999999988,38.459,38.541224922065,-0.0822249220649951
pi4b8g,margin,tinydl_revision,n64,B0,2256,4.266797,4.335679,-0.06888199999999944,37.972,38.14306959551739,-0.17106959551738754
pi4b8g,margin,tinydl_revision,n64,B0,2257,4.275315,4.335679,-0.06036399999999986,37.972,37.74486029618369,0.227139703816313
pi4b8g,margin,tinydl_revision,n64,B0,2258,4.259482,4.335679,-0.07619699999999963,39.92,38.54128110423115,1.3787188957688485
pi4b8g,margin,tinydl_revision,n64,B0,2259,4.233353,4.335679,-0.1023259999999997,38.459,39.337683003070595,-0.8786830030705914
pi4b8g,margin,tinydl_revision,n64,B0,2260,4.289963,4.335679,-0.045715999999999646,38.946,38.14311214123544,0.8028878587645565
pi4b8g,margin,tinydl_revision,n64,B0,2261,4.240224,4.335679,-0.0954549999999994,37.972,38.541245735784365,-0.5692457357843637
pi4b8g,margin,tinydl_revision,n64,B0,2262,4.232002,4.335679,-0.10367700000000024,39.433,37.744780749318195,1.6882192506818043
pi4b8g,margin,tinydl_revision,n64,B0,2263,4.251742,4.335679,-0.0839369999999997,38.946,38.93949183240749,0.006508167592507164
pi4b8g,margin,tinydl_revision,n64,B0,2264,4.255797,4.335679,-0.07988199999999956,38.459,38.541274336512465,-0.0822743365124623
pi4b8g,margin,tinydl_revision,n64,B0,2265,4.321481,4.335679,-0.014197999999999489,38.459,38.14317002589148,0.3158299741085244
pi4b8g,margin,tinydl_revision,n64,B0,2266,4.224817,4.335679,-0.11086200000000002,37.485,38.14299249678459,-0.657992496784594
pi4b8g,margin,tinydl_revision,n64,B0,2267,4.238131,4.335679,-0.09754799999999975,37.972,37.34656706244585,0.6254329375541516
pi4b8g,margin,tinydl_revision,n64,B0,2268,4.265075,4.335679,-0.07060399999999944,38.946,37.74484148982295,1.201158510177045
pi4b8g,margin,tinydl_revision,n64,B0,2269,4.281945,4.335679,-0.053733999999999504,38.946,38.54132235884847,0.4046776411515296
pi4b8g,margin,tinydl_revision,n64,B0,2270,4.237353,4.335679,-0.09832600000000014,37.972,38.54124046302443,-0.5692404630244283
pi4b8g,margin,tinydl_revision,n64,B0,2271,4.251927,4.335679,-0.0837519999999996,38.459,37.74481734274961,0.7141826572503902
pi4b8g,margin,tinydl_revision,n64,B0,2272,4.221909,4.335679,-0.1137699999999997,38.946,38.14298715607199,0.8030128439280091
pi4b8g,margin,tinydl_revision,n64,B0,2273,4.26039,4.335679,-0.07528899999999972,38.459,38.541282771826424,-0.08228277182642074
pi4b8g,margin,tinydl_revision,n64,B0,2274,4.226353,4.335679,-0.10932600000000026,37.972,38.1429953177387,-0.1709953177387007
pi4b8g,margin,tinydl_revision,n64,B0,2275,5.61557,4.335679,1.2798910000000001,38.459,37.74732175311854,0.711678246881462
pi4b8g,margin,tinydl_revision,n64,B0,2276,4.225927,4.335679,-0.1097519999999994,38.459,37.744769592224294,0.7142304077757089
pi4b8g,margin,tinydl_revision,n64,B0,2277,4.239705,4.335679,-0.095974,37.972,38.14301983947001,-0.17101983947000576
pi4b8g,margin,tinydl_revision,n64,B0,2278,4.25863,4.335679,-0.0770489999999997,38.459,37.74482965320235,0.7141703467976512
pi4b8g,margin,tinydl_revision,n64,B0,2279,4.316908,4.335679,-0.018771000000000093,39.433,38.1431616273087,1.2898383726912996
pi4b8g,margin,fisvdd_revision,n1024,B0,2280,50.696757,52.118728,-1.4219709999999992,38.459,37.81634495506209,0.6426550449379107
pi4b8g,margin,fisvdd_revision,n1024,B0,2281,50.906383,52.118728,-1.2123449999999991,37.972,38.61317983178982,-0.6411798317898203
pi4b8g,margin,fisvdd_revision,n1024,B0,2282,50.746479,52.118728,-1.3722489999999965,37.972,37.81643627243208,0.15556372756792314
pi4b8g,margin,fisvdd_revision,n1024,B0,2283,50.680128,52.118728,-1.4385999999999939,38.459,37.81631441492804,0.6426855850719662
pi4b8g,margin,fisvdd_revision,n1024,B0,2284,50.632887,52.118728,-1.4858410000000006,38.459,38.214452597200506,0.2445474027994976
pi4b8g,margin,fisvdd_revision,n1024,B0,2285,50.654443,52.118728,-1.4642849999999967,37.485,38.21449218605911,-0.7294921860591117
pi4b8g,margin,fisvdd_revision,n1024,B0,2286,50.65722,52.118728,-1.461507999999995,37.972,37.41804739990171,0.5539526000982917
pi4b8g,margin,fisvdd_revision,n1024,B0,2287,50.719276,52.118728,-1.3994519999999966,38.459,37.81638631252669,0.6426136874733146
pi4b8g,margin,fisvdd_revision,n1024,B0,2288,50.934772,52.118728,-1.183955999999995,38.459,38.21500702671338,0.24399297328662328
pi4b8g,margin,fisvdd_revision,n1024,B0,2289,50.820607,52.118728,-1.2981209999999948,37.972,38.214797355993284,-0.24279735599328234
pi4b8g,margin,fisvdd_revision,n1024,B0,2290,50.725534,52.118728,-1.393193999999994,38.946,37.81639780571082,1.129602194289177
pi4b8g,margin,fisvdd_revision,n1024,B0,2291,50.692794,52.118728,-1.425933999999998,38.459,38.61278756306091,-0.15378756306090935
pi4b8g,margin,fisvdd_revision,n1024,B0,2292,50.803662,52.118728,-1.3150659999999945,38.459,38.21476623550669,0.24423376449331613
pi4b8g,margin,fisvdd_revision,n1024,B0,2293,50.819144,52.118728,-1.2995839999999959,38.459,38.21479466910795,0.24420533089205065
pi4b8g,margin,fisvdd_revision,n1024,B0,2294,50.942456,52.118728,-1.1762719999999973,38.946,38.215021138830174,0.7309788611698238
pi4b8g,margin,fisvdd_revision,n1024,B0,2295,50.889864,52.118728,-1.2288639999999944,38.946,39.01137443681763,-0.06537443681763477
pi4b8g,margin,fisvdd_revision,n1024,B0,2296,50.894069,52.118728,-1.2246589999999955,37.972,38.61315721640641,-0.6411572164064054
pi4b8g,margin,fisvdd_revision,n1024,B0,2297,50.600055,52.118728,-1.5186729999999997,39.92,37.81616735616598,2.103832643834025
pi4b8g,margin,fisvdd_revision,n1024,B0,2298,50.631573,52.118728,-1.4871549999999942,37.972,39.40912501338365,-1.4371250133836497
pi4b8g,margin,fisvdd_revision,n1024,B0,2299,50.769774,52.118728,-1.348953999999999,37.972,37.8164790550662,0.15552094493379798
pi4b8g,margin,fisvdd_revision,n1024,B0,2300,50.905716,52.118728,-1.213011999999999,39.433,37.816728720524374,1.616271279475626
pi4b8g,margin,fisvdd_revision,n1024,B0,2301,50.814884,52.118728,-1.303843999999998,38.459,39.01123673164886,-0.5522367316488541
pi4b8g,margin,fisvdd_revision,n1024,B0,2302,50.933252,52.118728,-1.1854759999999942,37.972,38.21500423514421,-0.24300423514420544
pi4b8g,margin,fisvdd_revision,n1024,B0,2303,50.462094,52.118728,-1.6566339999999968,38.946,37.81591398269586,1.1300860173041372
pi4b8g,margin,fisvdd_revision,n1024,B0,2304,50.829606,52.118728,-1.289121999999999,38.459,38.61303882632512,-0.15403882632512023
pi4b8g,margin,fisvdd_revision,n1024,B0,2305,50.873383,52.118728,-1.2453450000000004,38.459,38.214894282213436,0.2441057177865673
pi4b8g,margin,fisvdd_revision,n1024,B0,2306,50.794755,52.118728,-1.3239729999999952,37.972,37.816524934138236,0.15547506586176496
pi4b8g,margin,fisvdd_revision,n1024,B0,2307,50.61711,52.118728,-1.5016180000000006,38.459,37.81619867867402,0.6428013213259831
pi4b8g,margin,fisvdd_revision,n1024,B0,2308,50.708386,52.118728,-1.410342,39.433,38.214591255543226,1.2184087444567737
pi4b8g,margin,fisvdd_revision,n1024,B0,2309,50.636869,52.118728,-1.481859,37.972,39.010909796657934,-1.0389097966579328
pi4b8g,margin,fisvdd_revision,n1024,B0,2310,50.563092,52.118728,-1.5556359999999998,38.946,37.816099471448005,1.1299005285519925
pi4b8g,margin,fisvdd_revision,n1024,B0,2311,50.738478,52.118728,-1.3802499999999966,38.459,38.612871464407014,-0.15387146440701116
pi4b8g,margin,fisvdd_revision,n1024,B0,2312,50.713886,52.118728,-1.404841999999995,38.459,38.214601356615894,0.244398643384109
pi4b8g,margin,fisvdd_revision,n1024,B0,2313,50.745904,52.118728,-1.3728239999999943,38.459,38.21466015955126,0.24433984044874535
pi4b8g,margin,fisvdd_revision,n1024,B0,2314,50.901531,52.118728,-1.2171969999999988,38.459,38.214945977666765,0.2440540223332377
pi4b8g,margin,fisvdd_revision,n1024,B0,2315,50.656683,52.118728,-1.4620449999999963,38.946,38.214496299950525,0.7315037000494726
pi4b8g,margin,fisvdd_revision,n1024,B0,2316,50.511538,52.118728,-1.6071899999999957,37.972,38.612454675783354,-0.6404546757833529
pi4b8g,margin,fisvdd_revision,n1024,B0,2317,50.728441,52.118728,-1.3902870000000007,38.459,37.816403144586864,0.6425968554131387
pi4b8g,margin,fisvdd_revision,n1024,B0,2318,50.609592,52.118728,-1.509135999999998,37.972,38.21440981456639,-0.24240981456638622
pi4b8g,margin,fisvdd_revision,n1024,B0,2319,51.514632,52.118728,-0.6040959999999984,37.972,37.81784703048101,0.15415296951898938
pi4b8g,margin,fisvdd_revision,n1024,B1,2320,50.730793,52.577197,-1.8464039999999997,39.433,38.80152555051116,0.6314744494888416
pi4b8g,margin,fisvdd_revision,n1024,B1,2321,50.695312,52.577197,-1.881884999999997,38.946,39.19968533071354,-0.2536853307135445
pi4b8g,margin,fisvdd_revision,n1024,B1,2322,50.645369,52.577197,-1.9318279999999959,38.459,38.801368664323675,-0.3423686643236721
pi4b8g,margin,fisvdd_revision,n1024,B1,2323,50.688201,52.577197,-1.8889959999999988,37.972,38.40322238466405,-0.4312223846640464
pi4b8g,margin,fisvdd_revision,n1024,B1,2324,51.753702,52.577197,-0.8234950000000012,38.459,38.00695429661878,0.4520457033812235
pi4b8g,margin,fisvdd_revision,n1024,B1,2325,50.777088,52.577197,-1.800108999999999,38.946,38.40338563085419,0.5426143691458094
pi4b8g,margin,fisvdd_revision,n1024,B1,2326,50.678924,52.577197,-1.898272999999996,38.946,38.80143029004971,0.1445697099502894
pi4b8g,margin,fisvdd_revision,n1024,B1,2327,50.619536,52.577197,-1.9576610000000016,39.433,38.80132122050366,0.6316787794963403
pi4b8g,margin,fisvdd_revision,n1024,B1,2328,50.711904,52.577197,-1.8652930000000012,38.946,39.19971580289493,-0.2537158028949307
pi4b8g,margin,fisvdd_revision,n1024,B1,2329,50.946882,52.577197,-1.630314999999996,39.433,38.80192241063673,0.6310775893632723
pi4b8g,margin,fisvdd_revision,n1024,B1,2330,50.535519,52.577197,-2.0416779999999974,39.433,39.19939186149463,0.23360813850536744
pi4b8g,margin,fisvdd_revision,n1024,B1,2331,50.66822,52.577197,-1.9089770000000001,38.459,39.19963557466616,-0.7406355746661575
pi4b8g,margin,fisvdd_revision,n1024,B1,2332,50.554296,52.577197,-2.0229009999999974,38.459,38.40297646027588,0.056023539724122884
pi4b8g,margin,fisvdd_revision,n1024,B1,2333,50.698571,52.577197,-1.878625999999997,38.459,38.40324142977742,0.05575857022258646
pi4b8g,margin,fisvdd_revision,n1024,B1,2334,51.920884,52.577197,-0.6563129999999973,38.946,38.40548627931008,0.5405137206899155
pi4b8g,margin,fisvdd_revision,n1024,B1,2335,50.601814,52.577197,-1.9753830000000008,38.459,38.80128867301098,-0.34228867301097665
pi4b8g,margin,fisvdd_revision,n1024,B1,2336,50.797922,52.577197,-1.7792749999999984,38.946,38.40342389371744,0.54257610628256
pi4b8g,margin,fisvdd_revision,n1024,B1,2337,50.698997,52.577197,-1.8781999999999996,39.433,38.80146715529181,0.6315328447081896
pi4b8g,margin,fisvdd_revision,n1024,B1,2338,50.704812,52.577197,-1.8723850000000013,38.946,39.19970277802087,-0.25370277802087315
pi4b8g,margin,fisvdd_revision,n1024,B1,2339,50.83568,52.577197,-1.7415169999999947,38.459,38.801718181639956,-0.3427181816399525
pi4b8g,margin,fisvdd_revision,n1024,B1,2340,50.915012,52.577197,-1.662185000000001,39.433,38.403638936371635,1.0293610636283645
pi4b8g,margin,fisvdd_revision,n1024,B1,2341,50.818624,52.577197,-1.7585729999999984,38.946,39.19991180043576,-0.253911800435759
pi4b8g,margin,fisvdd_revision,n1024,B1,2342,50.756348,52.577197,-1.8208489999999955,38.459,38.80157248376786,-0.3425724837678601
pi4b8g,margin,fisvdd_revision,n1024,B1,2343,50.703682,52.577197,-1.8735149999999976,40.407,38.40325081642876,2.0037491835712373
pi4b8g,margin,fisvdd_revision,n1024,B1,2344,51.90681,52.577197,-0.6703869999999981,39.92,39.99836020414505,-0.0783602041450493
pi4b8g,margin,fisvdd_revision,n1024,B1,2345,50.581444,52.577197,-1.9957530000000006,39.433,39.19947620545137,0.23352379454863126
pi4b8g,margin,fisvdd_revision,n1024,B1,2346,50.582981,52.577197,-1.9942160000000015,39.433,39.19947902824204,0.2335209717579616
pi4b8g,margin,fisvdd_revision,n1024,B1,2347,50.899327,52.577197,-1.6778699999999986,38.946,39.20006001622978,-0.25406001622977925
pi4b8g,margin,fisvdd_revision,n1024,B1,2348,50.963863,52.577197,-1.6133339999999947,39.92,38.80195359723943,1.1180464027605694
pi4b8g,margin,fisvdd_revision,n1024,B1,2349,50.504185,52.577197,-2.0730119999999985,38.946,39.5975592579058,-0.6515592579058023
pi4b8g,margin,fisvdd_revision,n1024,B1,2350,50.633072,52.577197,-1.9441249999999997,39.433,38.80134608016176,0.6316539198382429
pi4b8g,margin,fisvdd_revision,n1024,B1,2351,50.647368,52.577197,-1.929828999999998,38.459,39.19959727874486,-0.7405972787448576
pi4b8g,margin,fisvdd_revision,n1024,B1,2352,50.712201,52.577197,-1.8649959999999979,38.946,38.40326646207203,0.5427335379279654
pi4b8g,margin,fisvdd_revision,n1024,B1,2353,50.799051,52.577197,-1.7781459999999996,38.946,38.801650910332576,0.144349089667422
pi4b8g,margin,fisvdd_revision,n1024,B1,2354,51.87794,52.577197,-0.6992569999999958,38.459,38.80363235327514,-0.34463235327513786
pi4b8g,margin,fisvdd_revision,n1024,B1,2355,50.694609,52.577197,-1.8825879999999984,39.92,38.40323415333198,1.5167658466680223
pi4b8g,margin,fisvdd_revision,n1024,B1,2356,50.843273,52.577197,-1.7339239999999947,40.894,39.19995706977031,1.6940429302296849
pi4b8g,margin,fisvdd_revision,n1024,B1,2357,50.96464,52.577197,-1.6125569999999954,38.946,40.39485479680715,-1.4488547968071543
pi4b8g,margin,fisvdd_revision,n1024,B1,2358,50.640646,52.577197,-1.9365510000000015,39.433,38.8013599902571,0.6316400097429025
pi4b8g,margin,fisvdd_revision,n1024,B1,2359,50.804032,52.577197,-1.7731649999999988,39.433,39.199885001371705,0.2331149986282952
pi4b8g,margin,tinydl_revision,n512,B0,2360,23.582501,24.598436,-1.015934999999999,38.459,38.570879002222895,-0.11187900222289215
pi4b8g,margin,tinydl_revision,n512,B0,2361,23.283784,24.598436,-1.3146519999999988,38.946,38.172105447787466,0.773894552212532
pi4b8g,margin,tinydl_revision,n512,B0,2362,23.360246,24.598436,-1.2381899999999995,38.459,38.57047081787659,-0.11147081787658664
pi4b8g,margin,tinydl_revision,n512,B0,2363,23.327469,24.598436,-1.2709669999999988,39.433,38.17218567785279,1.260814322147212
pi4b8g,margin,tinydl_revision,n512,B0,2364,23.300413,24.598436,-1.2980230000000006,37.972,38.96858587420234,-0.9965858742023386
pi4b8g,margin,tinydl_revision,n512,B0,2365,23.350894,24.598436,-1.2475419999999993,38.946,37.77400375609913,1.171996243900871
pi4b8g,margin,tinydl_revision,n512,B0,2366,23.226174,24.598436,-1.3722619999999992,38.946,38.57022458678313,0.37577541321687136
pi4b8g,margin,tinydl_revision,n512,B0,2367,23.417263,24.598436,-1.1811730000000011,39.433,38.570575532942044,0.8624244670579557
pi4b8g,margin,tinydl_revision,n512,B0,2368,23.360653,24.598436,-1.2377830000000003,38.459,38.96869650849638,-0.5096965084963756
pi4b8g,margin,tinydl_revision,n512,B0,2369,23.388338,24.598436,-1.2100979999999986,39.433,38.172297467342226,1.260702532657774
pi4b8g,margin,tinydl_revision,n512,B0,2370,23.373783,24.598436,-1.224653,38.946,37.77404579309043,1.171954206909568
pi4b8g,margin,tinydl_revision,n512,B0,2371,23.367542,24.598436,-1.2308939999999993,39.433,38.57048421740862,0.8625157825913803
pi4b8g,margin,tinydl_revision,n512,B0,2372,23.52041,24.598436,-1.0780260000000013,38.459,38.96898991159918,-0.5099899115991775
pi4b8g,margin,tinydl_revision,n512,B0,2373,23.343597,24.598436,-1.2548390000000005,37.972,38.172215297870956,-0.2002152978709546
pi4b8g,margin,tinydl_revision,n512,B0,2374,23.348968,24.598436,-1.2494680000000002,38.459,37.77400021888714,0.6849997811128645
pi4b8g,margin,tinydl_revision,n512,B0,2375,23.320857,24.598436,-1.2775789999999994,38.459,38.17217353452689,0.2868264654731121
pi4b8g,margin,tinydl_revision,n512,B0,2376,23.405189,24.598436,-1.1932469999999995,39.433,38.17232841519231,1.2606715848076888
pi4b8g,margin,tinydl_revision,n512,B0,2377,23.349097,24.598436,-1.249338999999999,38.459,38.968675285224435,-0.5096752852244322
pi4b8g,margin,tinydl_revision,n512,B0,2378,23.471947,24.598436,-1.1264889999999994,38.459,38.17245102017573,0.28654897982427485
pi4b8g,margin,tinydl_revision,n512,B0,2379,23.383597,24.598436,-1.2148389999999978,38.946,38.17228876021759,0.7737112397824077
pi4b8g,margin,tinydl_revision,n512,B0,2380,23.38743,24.598436,-1.2110060000000011,37.485,38.57052074288737,-1.0855207428873683
pi4b8g,margin,tinydl_revision,n512,B0,2381,23.357154,24.598436,-1.2412819999999982,37.972,37.37579030981597,0.5962096901840326
pi4b8g,margin,tinydl_revision,n512,B0,2382,23.396782,24.598436,-1.2016539999999978,37.485,37.774088032103194,-0.28908803210319434
pi4b8g,margin,tinydl_revision,n512,B0,2383,23.456059,24.598436,-1.1423769999999998,38.459,37.37597195465083,1.0830280453491739
pi4b8g,margin,tinydl_revision,n512,B0,2384,23.525168,24.598436,-1.0732679999999988,37.972,38.172548763664494,-0.20054876366449292
pi4b8g,margin,tinydl_revision,n512,B0,2385,23.332987,24.598436,-1.2654490000000003,37.972,37.773970868843094,0.19802913115690757
pi4b8g,margin,tinydl_revision,n512,B0,2386,23.313672,24.598436,-1.2847639999999991,37.485,37.37571045257206,0.10928954742794161
pi4b8g,margin,tinydl_revision,n512,B0,2387,23.316209,24.598436,-1.282226999999999,38.946,37.375715111921394,1.5702848880786036
pi4b8g,margin,tinydl_revision,n512,B0,2388,24.555077,24.598436,-0.043358999999998815,38.459,38.572665195104,-0.11366519510399797
pi4b8g,margin,tinydl_revision,n512,B0,2389,23.402893,24.598436,-1.1955430000000007,37.972,38.17232419845361,-0.2003241984536075
pi4b8g,margin,tinydl_revision,n512,B0,2390,23.400838,24.598436,-1.1975979999999993,37.485,37.77409548118514,-0.28909548118514294
pi4b8g,margin,tinydl_revision,n512,B0,2391,23.321413,24.598436,-1.2770229999999998,37.485,37.375724669372694,0.10927533062730532
pi4b8g,margin,tinydl_revision,n512,B0,2392,23.576946,24.598436,-1.02149,37.485,37.37619397071828,0.10880602928171612
pi4b8g,margin,tinydl_revision,n512,B0,2393,23.346671,24.598436,-1.251764999999999,36.998,37.37577105717148,-0.3777710571714792
pi4b8g,margin,tinydl_revision,n512,B0,2394,23.413819,24.598436,-1.1846169999999994,38.459,38.96879415097442,-0.5097941509744146
pi4b8g,margin,tinydl_revision,n512,B0,2395,23.428541,24.598436,-1.1698950000000004,37.485,38.17237130251028,-0.6873713025102788
pi4b8g,margin,tinydl_revision,n512,B0,2396,23.424874,24.598436,-1.1735620000000004,38.459,37.37591468156883,1.0830853184311735
pi4b8g,margin,tinydl_revision,n512,B0,2397,23.390337,24.598436,-1.2080990000000007,37.972,38.172301138623006,-0.20030113862300425
pi4b8g,margin,tinydl_revision,n512,B0,2398,24.624964,24.598436,0.026527999999998997,37.485,37.77634366039867,-0.2913436603986739
pi4b8g,margin,tinydl_revision,n512,B0,2399,23.415912,24.598436,-1.1825240000000008,38.459,37.375898222330065,1.0831017776699383
pi4b8g,margin,lucid_revision,n1024,B2,2400,296.859716,336.759825,-39.900108999999986,39.433,39.310164387649834,0.12283561235016549
pi4b8g,margin,lucid_revision,n1024,B2,2401,316.727503,336.759825,-20.032321999999965,39.92,39.74487768717862,0.17512231282137947
pi4b8g,margin,lucid_revision,n1024,B2,2402,310.970955,336.759825,-25.788869999999974,39.92,40.1325303922036,-0.21253039220359682
pi4b8g,margin,lucid_revision,n1024,B2,2403,313.54291,336.759825,-23.21691499999997,40.407,40.137253938447316,0.26974606155268077
pi4b8g,margin,lucid_revision,n1024,B2,2404,311.792125,336.759825,-24.96769999999998,40.407,40.53226346222373,-0.1252634622237352
pi4b8g,margin,lucid_revision,n1024,B2,2405,313.634389,336.759825,-23.12543599999998,40.407,40.535646888137926,-0.12864688813792924
pi4b8g,margin,lucid_revision,n1024,B2,2406,315.478673,336.759825,-21.281151999999963,40.894,40.14080908076022,0.7531909192397777
pi4b8g,margin,lucid_revision,n1024,B2,2407,312.684238,336.759825,-24.075586999999985,40.894,40.93212682322531,-0.03812682322531202
pi4b8g,margin,lucid_revision,n1024,B2,2408,313.13049,336.759825,-23.62933499999997,41.381,40.93294639120311,0.44805360879689005
pi4b8g,margin,lucid_revision,n1024,B2,2409,312.975474,336.759825,-23.78435099999996,41.381,41.330886638365364,0.05011336163463653
pi4b8g,margin,lucid_revision,n1024,B2,2410,311.138895,336.759825,-25.620929999999987,40.407,41.327513653287184,-0.9205136532871876
pi4b8g,margin,lucid_revision,n1024,B2,2411,313.724164,336.759825,-23.035661000000005,41.868,40.535811765192165,1.3321882348078375
pi4b8g,margin,lucid_revision,n1024,B2,2412,312.003731,336.759825,-24.756093999999962,41.381,41.32910197533762,0.05189802466237836
pi4b8g,margin,lucid_revision,n1024,B2,2413,313.138786,336.759825,-23.621038999999996,42.355,41.33118657043422,1.0238134295657773
pi4b8g,margin,lucid_revision,n1024,B2,2414,311.849919,336.759825,-24.909905999999978,41.381,42.12526937685691,-0.7442693768569129
pi4b8g,margin,lucid_revision,n1024,B2,2415,313.494205,336.759825,-23.265619999999956,40.894,41.33183931827872,-0.43783931827871925
pi4b8g,margin,lucid_revision,n1024,B2,2416,311.710124,336.759825,-25.04970099999997,42.355,40.930337805716974,1.424662194283023
pi4b8g,margin,lucid_revision,n1024,B2,2417,315.18575,336.759825,-21.574074999999993,42.355,42.131395826188154,0.22360417381184305
pi4b8g,margin,lucid_revision,n1024,B2,2418,311.724549,336.759825,-25.035275999999953,41.868,42.12503912749696,-0.25703912749695945
pi4b8g,margin,lucid_revision,n1024,B2,2419,313.532185,336.759825,-23.22763999999995,43.329,41.73013401391726,1.5988659860827426
pi4b8g,margin,lucid_revision,n1024,B2,2420,310.908674,336.759825,-25.85115099999996,41.868,42.919990611476194,-1.0519906114761923
pi4b8g,margin,lucid_revision,n1024,B2,2421,313.531889,336.759825,-23.227936,42.842,41.7301334702959,1.111866529704102
pi4b8g,margin,lucid_revision,n1024,B2,2422,310.957951,336.759825,-25.801873999999998,41.868,42.52185616843716,-0.6538561684371587
pi4b8g,margin,lucid_revision,n1024,B2,2423,313.113228,336.759825,-23.646596999999986,42.842,41.729364574808244,1.1126354251917547
pi4b8g,margin,lucid_revision,n1024,B2,2424,311.94536,336.759825,-24.814464999999984,43.329,42.52366960299296,0.8053303970070402
pi4b8g,margin,lucid_revision,n1024,B2,2425,313.071969,336.759825,-23.687855999999954,42.842,42.923963629655475,-0.08196362965547621
pi4b8g,margin,lucid_revision,n1024,B2,2426,312.217577,336.759825,-24.542247999999972,42.355,42.52416954548333,-0.16916954548333507
pi4b8g,margin,lucid_revision,n1024,B2,2427,313.294002,336.759825,-23.465823,43.329,42.12792152000493,1.2010784799950684
pi4b8g,margin,lucid_revision,n1024,B2,2428,311.82112,336.759825,-24.93870499999997,42.842,42.921666372084715,-0.07966637208471639
pi4b8g,margin,lucid_revision,n1024,B2,2429,314.78168,336.759825,-21.978144999999984,43.329,42.528878671068405,0.8001213289315956
pi4b8g,margin,lucid_revision,n1024,B2,2430,311.840286,336.759825,-24.919538999999986,42.842,42.92170157156811,-0.07970157156810842
pi4b8g,margin,lucid_revision,n1024,B2,2431,312.931285,336.759825,-23.828539999999975,42.842,42.5254803120957,0.31651968790429663
pi4b8g,margin,lucid_revision,n1024,B2,2432,311.326221,336.759825,-25.433604000000003,42.355,42.522532517897076,-0.16753251789707946
pi4b8g,margin,lucid_revision,n1024,B2,2433,316.451817,336.759825,-20.308007999999973,42.842,42.133721032508696,0.708278967491303
pi4b8g,margin,lucid_revision,n1024,B2,2434,314.871734,336.759825,-21.888090999999974,43.816,42.529044060522516,1.2869559394774868
pi4b8g,margin,lucid_revision,n1024,B2,2435,320.775705,336.759825,-15.984119999999962,43.816,43.336336935906985,0.4796630640930175
pi4b8g,margin,lucid_revision,n1024,B2,2436,311.576142,336.759825,-25.183682999999974,43.329,43.319441398756254,0.009558601243746523
pi4b8g,margin,lucid_revision,n1024,B2,2437,313.819065,336.759825,-22.940759999999955,43.329,42.92533571528858,0.403664284711418
pi4b8g,margin,lucid_revision,n1024,B2,2438,311.865228,336.759825,-24.894596999999976,42.842,42.921747379014356,-0.07974737901435702
pi4b8g,margin,lucid_revision,n1024,B2,2439,312.746287,336.759825,-24.013537999999983,43.329,42.525140552415614,0.8038594475843865
pi4b8g,margin,fisvdd_revision,n256,B0,2440,14.113312,15.421864,-1.3085519999999988,41.868,40.14243361096252,1.725566389037482
pi4b8g,margin,fisvdd_revision,n256,B0,2441,13.823613,15.421864,-1.5982509999999994,41.868,40.93835144803437,0.9296485519656343
pi4b8g,margin,fisvdd_revision,n256,B0,2442,14.01674,15.421864,-1.405123999999999,41.868,40.93870613709985,0.9292938629001526
pi4b8g,margin,fisvdd_revision,n256,B0,2443,13.830483,15.421864,-1.5913810000000002,41.868,40.9383640651924,0.9296359348075995
pi4b8g,margin,fisvdd_revision,n256,B0,2444,14.116441,15.421864,-1.3054229999999993,41.868,40.938889243835405,0.9291107561645973
pi4b8g,margin,fisvdd_revision,n256,B0,2445,14.19107,15.421864,-1.2307939999999995,41.381,40.939026304372085,0.4419736956279152
pi4b8g,margin,fisvdd_revision,n256,B0,2446,15.133332,15.421864,-0.288532,41.381,40.54253188067339,0.8384681193266132
pi4b8g,margin,fisvdd_revision,n256,B0,2447,14.229625,15.421864,-1.192238999999999,41.868,40.54087216975105,1.3271278302489549
pi4b8g,margin,fisvdd_revision,n256,B0,2448,16.450179,15.421864,1.0283149999999992,40.894,40.94317529058339,-0.049175290583391984
pi4b8g,margin,fisvdd_revision,n256,B0,2449,14.02748,15.421864,-1.3943839999999987,41.381,40.1422759754591,1.2387240245409004
pi4b8g,margin,fisvdd_revision,n256,B0,2450,14.133108,15.421864,-1.2887559999999993,41.381,40.540694910618285,0.8403050893817152
pi4b8g,margin,fisvdd_revision,n256,B0,2451,13.891353,15.421864,-1.5305109999999988,40.894,40.540250913377996,0.35374908662200255
pi4b8g,margin,fisvdd_revision,n256,B0,2452,15.645841,15.421864,0.22397700000000142,39.92,40.14524819037831,-0.22524819037830923
pi4b8g,margin,fisvdd_revision,n256,B0,2453,14.09985,15.421864,-1.3220139999999994,40.894,39.34595900092894,1.5480409990710555
pi4b8g,margin,fisvdd_revision,n256,B0,2454,14.055202,15.421864,-1.3666619999999998,40.894,40.14232688853844,0.7516731114615567
pi4b8g,margin,fisvdd_revision,n256,B0,2455,13.889168,15.421864,-1.5326959999999996,40.407,40.142021957356896,0.26497804264310076
pi4b8g,margin,fisvdd_revision,n256,B0,2456,14.063757,15.421864,-1.3581069999999986,39.92,39.74411765715742,0.1758823428425842
pi4b8g,margin,fisvdd_revision,n256,B0,2457,13.840094,15.421864,-1.5817699999999988,40.894,38.94725700065569,1.946742999344309
pi4b8g,margin,fisvdd_revision,n256,B0,2458,14.120108,15.421864,-1.3017559999999992,39.433,40.142446092215216,-0.7094460922152166
pi4b8g,margin,fisvdd_revision,n256,B0,2459,13.991758,15.421864,-1.4301059999999985,40.407,38.947535540489206,1.4594644595107908
pi4b8g,margin,fisvdd_revision,n256,B0,2460,14.079923,15.421864,-1.3419409999999985,40.407,39.74414734696481,0.6628526530351877
pi4b8g,margin,fisvdd_revision,n256,B0,2461,13.955926,15.421864,-1.4659379999999995,39.433,39.74391961919991,-0.3109196191999075
pi4b8g,margin,fisvdd_revision,n256,B0,2462,14.035128,15.421864,-1.386735999999999,39.92,38.94761519203855,0.9723848079614541
pi4b8g,margin,fisvdd_revision,n256,B0,2463,14.021369,15.421864,-1.4004949999999994,39.433,39.34581486596828,0.08718513403172068
pi4b8g,margin,fisvdd_revision,n256,B0,2464,14.382955,15.421864,-1.0389089999999985,39.433,38.948253996729655,0.4847460032703452
pi4b8g,margin,fisvdd_revision,n256,B0,2465,13.865446,15.421864,-1.556417999999999,39.92,38.94730356109099,0.9726964389090114
pi4b8g,margin,fisvdd_revision,n256,B0,2466,14.075701,15.421864,-1.3461629999999989,39.92,39.34591464987371,0.574085350126289
pi4b8g,margin,fisvdd_revision,n256,B0,2467,13.96987,15.421864,-1.4519939999999991,39.92,39.345720285033536,0.5742797149664653
pi4b8g,margin,fisvdd_revision,n256,B0,2468,14.234291,15.421864,-1.1875729999999987,39.433,39.34620590971255,0.086794090287448
pi4b8g,margin,fisvdd_revision,n256,B0,2469,14.083535,15.421864,-1.3383289999999999,39.433,38.94770409433389,0.48529590566610636
pi4b8g,margin,fisvdd_revision,n256,B0,2470,13.974574,15.421864,-1.4472899999999989,40.407,38.94750398106509,1.4594960189349067
pi4b8g,margin,fisvdd_revision,n256,B0,2471,14.017406,15.421864,-1.404458,39.433,39.744032530826686,-0.3110325308266866
pi4b8g,margin,fisvdd_revision,n256,B0,2472,13.994129,15.421864,-1.4277350000000002,39.433,38.9475398949698,0.48546010503019943
pi4b8g,margin,fisvdd_revision,n256,B0,2473,13.992888,15.421864,-1.4289759999999987,38.946,38.9475376158005,-0.0015376158005011575
pi4b8g,margin,fisvdd_revision,n256,B0,2474,14.115719,15.421864,-1.306144999999999,39.433,38.549538258997586,0.8834617410024137
pi4b8g,margin,fisvdd_revision,n256,B0,2475,14.10546,15.421864,-1.3164039999999986,39.433,38.947744360882645,0.48525563911735503
pi4b8g,margin,fisvdd_revision,n256,B0,2476,14.182014,15.421864,-1.2398499999999988,40.407,38.94788495679476,1.4591150432052373
pi4b8g,margin,fisvdd_revision,n256,B0,2477,13.901575,15.421864,-1.520289,39.433,39.743819800399855,-0.31081980039985524
pi4b8g,margin,fisvdd_revision,n256,B0,2478,14.063572,15.421864,-1.3582919999999987,37.972,38.54944248797283,-0.5774424879728315
pi4b8g,margin,fisvdd_revision,n256,B0,2479,13.945018,15.421864,-1.476846,38.459,37.752774870315925,0.7062251296840785
pi4b8g,margin,fisvdd_revision,n1024,B2,2480,50.716495,52.30885,-1.5923549999999977,39.92,40.58306726401448,-0.6630672640144795
pi4b8g,margin,fisvdd_revision,n1024,B2,2481,51.115413,52.30885,-1.193437000000003,40.407,39.78735001404357,0.6196499859564284
pi4b8g,margin,fisvdd_revision,n1024,B2,2482,50.682218,52.30885,-1.6266320000000007,39.92,40.18477936915267,-0.2647793691526701
pi4b8g,margin,fisvdd_revision,n1024,B2,2483,50.636829,52.30885,-1.6720210000000009,40.407,39.78647106645098,0.6205289335490178
pi4b8g,margin,fisvdd_revision,n1024,B2,2484,51.08534,52.30885,-1.2235099999999974,39.433,40.18551972635521,-0.7525197263552101
pi4b8g,margin,fisvdd_revision,n1024,B2,2485,50.705847,52.30885,-1.603003000000001,41.381,39.38837287891657,1.99262712108343
pi4b8g,margin,fisvdd_revision,n1024,B2,2486,50.481184,52.30885,-1.8276660000000007,39.92,40.980860044698645,-1.060860044698643
pi4b8g,margin,fisvdd_revision,n1024,B2,2487,50.525554,52.30885,-1.783296,39.92,39.78626670338542,0.13373329661457944
pi4b8g,margin,fisvdd_revision,n1024,B2,2488,50.694236,52.30885,-1.614614000000003,41.868,39.78657649777431,2.0814235022256895
pi4b8g,margin,fisvdd_revision,n1024,B2,2489,50.703346,52.30885,-1.6055039999999963,39.92,40.18481817196417,-0.26481817196416557
pi4b8g,margin,fisvdd_revision,n1024,B2,2490,50.497554,52.30885,-1.8112959999999987,41.381,39.78621527974278,1.5947847202572234
pi4b8g,margin,fisvdd_revision,n1024,B2,2491,50.79429,52.30885,-1.514560000000003,41.381,40.98143508223631,0.39956491776369063
pi4b8g,margin,fisvdd_revision,n1024,B2,2492,50.644218,52.30885,-1.6646319999999974,40.407,40.98115946620419,-0.5741594662041933
pi4b8g,margin,fisvdd_revision,n1024,B2,2493,50.657755,52.30885,-1.651094999999998,40.894,40.18473444141803,0.7092655585819685
pi4b8g,margin,fisvdd_revision,n1024,B2,2494,50.678606,52.30885,-1.6302439999999976,41.381,40.58299767864318,0.7980023213568188
pi4b8g,margin,fisvdd_revision,n1024,B2,2495,50.560515,52.30885,-1.7483349999999973,40.894,40.981005740734176,-0.08700574073417755
pi4b8g,margin,fisvdd_revision,n1024,B2,2496,50.802456,52.30885,-1.5063940000000002,41.868,40.58322513643397,1.2847748635660352
pi4b8g,margin,fisvdd_revision,n1024,B2,2497,50.783216,52.30885,-1.5256339999999966,40.407,41.37963968732605,-0.9726396873260512
pi4b8g,margin,fisvdd_revision,n1024,B2,2498,50.72231,52.30885,-1.5865399999999994,40.894,40.18485300046271,0.709146999537289
pi4b8g,margin,fisvdd_revision,n1024,B2,2499,50.761512,52.30885,-1.5473379999999963,41.381,40.58314994037595,0.7978500596240536
pi4b8g,margin,fisvdd_revision,n1024,B2,2500,51.420149,52.30885,-0.8887009999999975,41.381,40.1861346227256,1.1948653772743967
pi4b8g,margin,fisvdd_revision,n1024,B2,2501,50.770586,52.30885,-1.538263999999998,40.407,40.98139154844969,-0.5743915484496966
pi4b8g,margin,fisvdd_revision,n1024,B2,2502,50.692217,52.30885,-1.6166330000000002,40.407,40.18479773290277,0.22220226709722368
pi4b8g,margin,fisvdd_revision,n1024,B2,2503,50.687939,52.30885,-1.6209109999999995,41.868,40.583014819245214,1.2849851807547878
pi4b8g,margin,fisvdd_revision,n1024,B2,2504,50.691125,52.30885,-1.617725,41.381,41.37947055680194,0.0015294431980592549
pi4b8g,margin,fisvdd_revision,n1024,B2,2505,50.604533,52.30885,-1.704316999999996,41.381,40.981086582373536,0.3999134176264647
pi4b8g,margin,fisvdd_revision,n1024,B2,2506,51.528759,52.30885,-0.7800909999999988,40.407,40.982783977643145,-0.5757839776431481
pi4b8g,margin,fisvdd_revision,n1024,B2,2507,51.415594,52.30885,-0.8932560000000009,41.868,40.18612625720088,1.6818737427991195
pi4b8g,margin,fisvdd_revision,n1024,B2,2508,50.882751,52.30885,-1.4260990000000007,40.894,41.37982248919287,-0.48582248919286997
pi4b8g,margin,fisvdd_revision,n1024,B2,2509,50.692087,52.30885,-1.6167629999999988,42.355,40.58302243729056,1.7719775627094378
pi4b8g,margin,fisvdd_revision,n1024,B2,2510,50.567886,52.30885,-1.7409639999999982,40.407,41.77746916428891,-1.370469164288913
pi4b8g,margin,fisvdd_revision,n1024,B2,2511,50.612774,52.30885,-1.696075999999998,41.381,40.18465183117267,1.1963481688273276
pi4b8g,margin,fisvdd_revision,n1024,B2,2512,50.389537,52.30885,-1.9193130000000025,40.407,40.98069172960658,-0.5736917296065869
pi4b8g,margin,fisvdd_revision,n1024,B2,2513,50.511572,52.30885,-1.7972779999999986,41.381,40.18446596776256,1.1965340322374374
pi4b8g,margin,fisvdd_revision,n1024,B2,2514,51.623905,52.30885,-0.684944999999999,40.894,40.58473377571356,0.30926622428643924
pi4b8g,margin,fisvdd_revision,n1024,B2,2515,50.462406,52.30885,-1.8464439999999982,41.868,40.582600614659604,1.2853993853403978
pi4b8g,margin,fisvdd_revision,n1024,B2,2516,51.912881,52.30885,-0.3959690000000009,41.381,41.38171438337144,-0.0007143833714380321
pi4b8g,margin,fisvdd_revision,n1024,B2,2517,50.720587,52.30885,-1.5882629999999978,41.381,40.98129972235295,0.3997002776470495
pi4b8g,margin,fisvdd_revision,n1024,B2,2518,50.627737,52.30885,-1.6811129999999963,41.868,40.98112919788082,0.8868708021191836
pi4b8g,margin,fisvdd_revision,n1024,B2,2519,50.53696,52.30885,-1.771889999999999,40.894,41.3791874237352,-0.48518742373520496
pi4b8g,margin,tinydl_revision,n256,B2,2520,12.625134,13.347087,-0.721953000000001,41.381,41.319404533862105,0.061595466137895016
pi4b8g,margin,tinydl_revision,n256,B2,2521,12.653022,13.347087,-0.6940650000000002,40.407,40.52300586552936,-0.11600586552936676
pi4b8g,margin,tinydl_revision,n256,B2,2522,12.763854,13.347087,-0.5832329999999999,41.381,40.124984471859015,1.2560155281409848
pi4b8g,margin,tinydl_revision,n256,B2,2523,12.461581,13.347087,-0.8855059999999995,41.868,40.9208792160422,0.9471207839578
pi4b8g,margin,tinydl_revision,n256,B2,2524,12.509062,13.347087,-0.838025,40.894,41.319191360824625,-0.42519136082462694
pi4b8g,margin,tinydl_revision,n256,B2,2525,12.447119,13.347087,-0.8999679999999994,40.407,40.522627712590364,-0.11562771259036708
pi4b8g,margin,tinydl_revision,n256,B2,2526,12.489395,13.347087,-0.8576920000000001,41.381,40.124480411804115,1.2565195881958857
pi4b8g,margin,tinydl_revision,n256,B2,2527,12.543135,13.347087,-0.8039520000000007,41.381,40.921028994747644,0.45997100525235624
pi4b8g,margin,tinydl_revision,n256,B2,2528,12.786927,13.347087,-0.5601599999999998,41.381,40.921476733057936,0.4595232669420639
pi4b8g,margin,tinydl_revision,n256,B2,2529,12.645429,13.347087,-0.7016580000000001,41.381,40.52299192053941,0.8580080794605891
pi4b8g,margin,tinydl_revision,n256,B2,2530,13.620912,13.347087,0.27382500000000043,41.868,40.92300839543697,0.9449916045630289
pi4b8g,margin,tinydl_revision,n256,B2,2531,12.515135,13.347087,-0.8319519999999994,40.894,41.319202514245404,-0.4252025142454059
pi4b8g,margin,tinydl_revision,n256,B2,2532,12.552709,13.347087,-0.794378,40.407,40.5228216348199,-0.11582163481990193
pi4b8g,margin,tinydl_revision,n256,B2,2533,12.490173,13.347087,-0.8569139999999997,40.407,40.12448184064675,0.28251815935324487
pi4b8g,margin,tinydl_revision,n256,B2,2534,12.569728,13.347087,-0.7773590000000006,40.407,40.12462794807142,0.28237205192857573
pi4b8g,margin,tinydl_revision,n256,B2,2535,12.753983,13.347087,-0.5931040000000003,41.381,40.12496634318842,1.2560336568115815
pi4b8g,margin,tinydl_revision,n256,B2,2536,12.546006,13.347087,-0.8010809999999999,41.381,40.92103426750758,0.4599657324924209
pi4b8g,margin,tinydl_revision,n256,B2,2537,12.508802,13.347087,-0.8382850000000008,40.894,40.92096594017897,-0.02696594017896814
pi4b8g,margin,tinydl_revision,n256,B2,2538,12.484525,13.347087,-0.8625620000000005,40.407,40.52269641090382,-0.11569641090382277
pi4b8g,margin,tinydl_revision,n256,B2,2539,12.495061,13.347087,-0.8520260000000004,40.407,40.12449081774551,0.2825091822544863
pi4b8g,margin,tinydl_revision,n256,B2,2540,12.49458,13.347087,-0.852507000000001,41.868,40.124489934360795,1.7435100656392066
pi4b8g,margin,tinydl_revision,n256,B2,2541,12.443951,13.347087,-0.9031359999999999,41.868,41.319071780653324,0.5489282193466778
pi4b8g,margin,tinydl_revision,n256,B2,2542,12.482766,13.347087,-0.8643210000000003,41.381,40.92091812353754,0.46008187646246057
pi4b8g,margin,tinydl_revision,n256,B2,2543,12.687095,13.347087,-0.6599920000000008,40.407,40.9212933857332,-0.5142933857332039
pi4b8g,margin,tinydl_revision,n256,B2,2544,12.505043,13.347087,-0.8420439999999996,40.407,40.124509150274115,0.2824908497258818
pi4b8g,margin,tinydl_revision,n256,B2,2545,12.465525,13.347087,-0.8815620000000006,40.407,40.124436573148756,0.28256342685124025
pi4b8g,margin,tinydl_revision,n256,B2,2546,12.604227,13.347087,-0.7428600000000003,40.894,40.12469130750884,0.7693086924911583
pi4b8g,margin,tinydl_revision,n256,B2,2547,12.429433,13.347087,-0.9176540000000006,42.355,40.5225952312138,1.8324047687861977
pi4b8g,margin,tinydl_revision,n256,B2,2548,12.501673,13.347087,-0.8454139999999999,40.407,41.71740273363305,-1.3104027336330546
pi4b8g,margin,tinydl_revision,n256,B2,2549,12.521728,13.347087,-0.8253590000000006,41.868,40.12453979325546,1.743460206744544
pi4b8g,margin,tinydl_revision,n256,B2,2550,12.599672,13.347087,-0.7474150000000002,40.894,40.52290788512453,0.37109211487546645
pi4b8g,margin,tinydl_revision,n256,B2,2551,12.511172,13.347087,-0.835915,41.868,40.522745349682594,1.3452546503174077
pi4b8g,margin,tinydl_revision,n256,B2,2552,12.632578,13.347087,-0.7145089999999996,40.407,41.31941820520481,-0.9124182052048155
pi4b8g,margin,tinydl_revision,n256,B2,2553,12.533191,13.347087,-0.8138959999999997,41.868,40.124560845727444,1.7434391542725578
pi4b8g,margin,tinydl_revision,n256,B2,2554,12.512321,13.347087,-0.8347660000000001,41.868,41.31919734616932,0.548802653830684
pi4b8g,margin,tinydl_revision,n256,B2,2555,12.462192,13.347087,-0.8848950000000002,41.381,41.31910528131995,0.06189471868005114
pi4b8g,margin,tinydl_revision,n256,B2,2556,12.471488,13.347087,-0.8755989999999994,40.894,40.92089741082891,-0.02689741082890862
pi4b8g,margin,tinydl_revision,n256,B2,2557,12.672725,13.347087,-0.6743620000000004,40.894,40.52304205124476,0.37095794875524035
pi4b8g,margin,tinydl_revision,n256,B2,2558,12.582394,13.347087,-0.7646929999999994,40.894,40.5228761530639,0.3711238469361007
pi4b8g,margin,tinydl_revision,n256,B2,2559,12.508654,13.347087,-0.8384330000000002,40.407,40.52274072522787,-0.11574072522787304
pi4b8g,margin,oi_svdd_as_elm_revision,n64,B1,2560,7.91327,8.744468,-0.8311979999999997,39.433,39.52562715536635,-0.09262715536635113
pi4b8g,margin,oi_svdd_as_elm_revision,n64,B1,2561,7.720089,8.744468,-1.0243789999999997,40.894,39.12704742398628,1.7669525760137148
pi4b8g,margin,oi_svdd_as_elm_revision,n64,B1,2562,7.745329,8.744468,-0.9991389999999996,39.92,40.32176860814824,-0.4017686081482381
pi4b8g,margin,oi_svdd_as_elm_revision,n64,B1,2563,7.691256,8.744468,-1.0532119999999994,40.894,39.52521941363069,1.3687805863693114
pi4b8g,margin,oi_svdd_as_elm_revision,n64,B1,2564,7.797643,8.744468,-0.9468249999999996,39.433,39.52541479959748,-0.09241479959747778
pi4b8g,margin,oi_svdd_as_elm_revision,n64,B1,2565,7.800643,8.744468,-0.9438249999999995,39.92,39.127195366133066,0.7928046338669361
pi4b8g,margin,oi_svdd_as_elm_revision,n64,B1,2566,7.711348,8.744468,-1.0331199999999994,40.407,39.5252563137674,0.8817436862325962
pi4b8g,margin,oi_svdd_as_elm_revision,n64,B1,2567,7.668367,8.744468,-1.0761009999999995,40.407,39.92340231977978,0.483597680220214
pi4b8g,margin,oi_svdd_as_elm_revision,n64,B1,2568,7.693775,8.744468,-1.0506929999999999,40.894,39.92344898306237,0.9705510169376268
pi4b8g,margin,oi_svdd_as_elm_revision,n64,B1,2569,7.726608,8.744468,-1.0178599999999998,41.381,40.321734225933454,1.0592657740665459
pi4b8g,margin,oi_svdd_as_elm_revision,n64,B1,2570,7.676071,8.744468,-1.0683969999999992,39.433,40.71986635490857,-1.2868663549085682
pi4b8g,margin,oi_svdd_as_elm_revision,n64,B1,2571,7.708385,8.744468,-1.0360829999999996,39.433,39.12702592890366,0.3059740710963368
pi4b8g,margin,oi_svdd_as_elm_revision,n64,B1,2572,7.666516,8.744468,-1.0779519999999998,39.92,39.126949034028875,0.7930509659711262
pi4b8g,margin,oi_svdd_as_elm_revision,n64,B1,2573,7.692182,8.744468,-1.0522859999999996,40.894,39.52522111428401,1.3687788857159902
pi4b8g,margin,oi_svdd_as_elm_revision,n64,B1,2574,7.718737,8.744468,-1.0257309999999995,38.946,40.32171977038019,-1.3757197703801936
pi4b8g,margin,oi_svdd_as_elm_revision,n64,B1,2575,7.792736,8.744468,-0.9517319999999998,40.894,38.72895590132328,2.1650440986767165
pi4b8g,margin,oi_svdd_as_elm_revision,n64,B1,2576,7.677868,8.744468,-1.0665999999999993,39.92,40.32164471206408,-0.40164471206407626
pi4b8g,margin,oi_svdd_as_elm_revision,n64,B1,2577,7.692015,8.744468,-1.0524529999999999,40.407,39.52522080757871,0.8817791924212841
pi4b8g,margin,oi_svdd_as_elm_revision,n64,B1,2578,7.714996,8.744468,-1.0294719999999993,39.433,39.92348795667382,-0.4904879566738174
pi4b8g,margin,oi_svdd_as_elm_revision,n64,B1,2579,7.701182,8.744468,-1.0432859999999993,38.946,39.12701270017159,-0.18101270017159266
pi4b8g,margin,oi_svdd_as_elm_revision,n64,B1,2580,7.696849,8.744468,-1.0476189999999992,39.433,38.72877979922248,0.7042202007775202
pi4b8g,margin,oi_svdd_as_elm_revision,n64,B1,2581,7.651016,8.744468,-1.0934519999999992,40.407,39.12692056736955,1.280079432630444
pi4b8g,margin,oi_svdd_as_elm_revision,n64,B1,2582,7.666163,8.744468,-1.0783049999999994,40.894,39.52517332886408,1.3688266711359205
pi4b8g,margin,oi_svdd_as_elm_revision,n64,B1,2583,7.685497,8.744468,-1.0589709999999997,40.407,40.32165872317014,0.08534127682985826
pi4b8g,margin,oi_svdd_as_elm_revision,n64,B1,2584,7.671942,8.744468,-1.0725259999999999,39.433,39.923408885477016,-0.49040888547701655
pi4b8g,margin,oi_svdd_as_elm_revision,n64,B1,2585,7.788513,8.744468,-0.9559549999999994,38.459,39.12717308867645,-0.668173088676447
pi4b8g,margin,oi_svdd_as_elm_revision,n64,B1,2586,7.695052,8.744468,-1.049416,39.92,38.33055155578615,1.5894484442138506
pi4b8g,margin,oi_svdd_as_elm_revision,n64,B1,2587,7.702145,8.744468,-1.0423229999999997,39.92,39.525239411918,0.39476058808200065
pi4b8g,margin,oi_svdd_as_elm_revision,n64,B1,2588,7.793532,8.744468,-0.9509359999999996,39.433,39.5254072495048,-0.09240724950480228
pi4b8g,margin,oi_svdd_as_elm_revision,n64,B1,2589,7.679848,8.744468,-1.0646199999999997,38.946,39.12697351902901,-0.18097351902900982
pi4b8g,margin,oi_svdd_as_elm_revision,n64,B1,2590,7.680645,8.744468,-1.0638229999999993,39.92,38.72875003962585,1.1912499603741509
pi4b8g,margin,oi_svdd_as_elm_revision,n64,B1,2591,7.708997,8.744468,-1.0354709999999994,38.946,39.52525199601798,-0.5792519960179803
pi4b8g,margin,oi_svdd_as_elm_revision,n64,B1,2592,7.750755,8.744468,-0.9937129999999996,38.946,38.728878800753925,0.21712119924607265
pi4b8g,margin,oi_svdd_as_elm_revision,n64,B1,2593,8.103175,8.744468,-0.6412929999999992,38.946,38.729526040758984,0.2164739592410143
pi4b8g,margin,oi_svdd_as_elm_revision,n64,B1,2594,7.72894,8.744468,-1.0155279999999998,39.92,38.72883873622663,1.191161263773374
pi4b8g,margin,oi_svdd_as_elm_revision,n64,B1,2595,7.661034,8.744468,-1.0834339999999996,40.894,40.321613795435496,0.5723862045645021
pi4b8g,margin,oi_svdd_as_elm_revision,n64,B1,2596,7.666627,8.744468,-1.0778409999999994,38.946,40.321624067308115,-1.3756240673081166
pi4b8g,margin,oi_svdd_as_elm_revision,n64,B1,2597,7.714904,8.744468,-1.0295639999999997,39.92,38.72881295828919,1.191187041710812
pi4b8g,margin,oi_svdd_as_elm_revision,n64,B1,2598,7.644479,8.744468,-1.0999889999999999,39.433,39.52513350492597,-0.09213350492596817
pi4b8g,margin,oi_svdd_as_elm_revision,n64,B1,2599,7.698608,8.744468,-1.0458599999999993,39.92,39.127007972869585,0.7929920271304169
pi4b8g,margin,fisvdd_revision,n512,B1,2600,26.474431,30.724378,-4.249947000000002,39.92,38.75894063867707,1.161059361322934
pi4b8g,margin,fisvdd_revision,n512,B1,2601,26.499486,30.724378,-4.2248920000000005,39.92,39.55543653993526,0.36456346006474405
pi4b8g,margin,fisvdd_revision,n512,B1,2602,26.231454,30.724378,-4.492924000000002,39.92,39.5549442834429,0.36505571655710156
pi4b8g,margin,fisvdd_revision,n512,B1,2603,26.121901,30.724378,-4.602477,40.407,39.554743082931374,0.8522569170686225
pi4b8g,margin,fisvdd_revision,n512,B1,2604,26.213658,30.724378,-4.510720000000003,39.92,39.95313654318529,-0.033136543185285916
pi4b8g,margin,fisvdd_revision,n512,B1,2605,26.148251,30.724378,-4.576127000000003,38.946,39.55479147625222,-0.6087914762522217
pi4b8g,margin,fisvdd_revision,n512,B1,2606,26.348526,30.724378,-4.375852000000002,39.92,38.75870940675823,1.1612905932417732
pi4b8g,margin,fisvdd_revision,n512,B1,2607,27.446174,30.724378,-3.2782040000000023,39.92,39.158950244845215,0.7610497551547866
pi4b8g,margin,fisvdd_revision,n512,B1,2608,26.342118,30.724378,-4.382260000000002,40.407,39.555147524371115,0.8518524756288812
pi4b8g,margin,fisvdd_revision,n512,B1,2609,26.099363,30.724378,-4.625015000000001,39.92,39.952926633712565,-0.0329266337125631
pi4b8g,margin,fisvdd_revision,n512,B1,2610,26.239305,30.724378,-4.485073,38.946,39.55495870226499,-0.6089587022649923
pi4b8g,margin,fisvdd_revision,n512,B1,2611,26.157992,30.724378,-4.566386000000001,39.92,38.758359479889364,1.1616405201106375
pi4b8g,margin,fisvdd_revision,n512,B1,2612,26.273693,30.724378,-4.450685,38.946,39.555021857844395,-0.6090218578443967
pi4b8g,margin,fisvdd_revision,n512,B1,2613,26.207917,30.724378,-4.516461000000003,40.407,38.75845117008076,1.6485488299192355
pi4b8g,margin,fisvdd_revision,n512,B1,2614,26.352063,30.724378,-4.372315,39.92,39.95339073208745,-0.03339073208744736
pi4b8g,margin,fisvdd_revision,n512,B1,2615,26.189399,30.724378,-4.534979,39.433,39.1566421038278,0.2763578961722004
pi4b8g,margin,fisvdd_revision,n512,B1,2616,26.249472,30.724378,-4.474906000000001,39.92,39.15675243141654,0.7632475685834592
pi4b8g,margin,fisvdd_revision,n512,B1,2617,27.353323,30.724378,-3.371055000000002,39.433,39.55700466167693,-0.1240046616769277
pi4b8g,margin,fisvdd_revision,n512,B1,2618,26.298101,30.724378,-4.4262770000000025,39.92,39.15684174142791,0.7631582585720906
pi4b8g,margin,fisvdd_revision,n512,B1,2619,26.177603,30.724378,-4.546775,38.946,39.55484538292218,-0.6088453829221834
pi4b8g,margin,fisvdd_revision,n512,B1,2620,26.27112,30.724378,-4.453258000000002,39.433,38.75856724609813,0.6744327539018684
pi4b8g,margin,fisvdd_revision,n512,B1,2621,26.26749,30.724378,-4.456888000000003,38.459,39.15678552253058,-0.6977855225305802
pi4b8g,margin,fisvdd_revision,n512,B1,2622,26.382266,30.724378,-4.342112,39.433,38.36054642910721,1.0724535708927903
pi4b8g,margin,fisvdd_revision,n512,B1,2623,26.20838,30.724378,-4.515998000000003,39.433,39.15667696354784,0.27632303645216183
pi4b8g,margin,fisvdd_revision,n512,B1,2624,26.196843,30.724378,-4.527535,39.92,39.156655775170506,0.7633442248294955
pi4b8g,margin,fisvdd_revision,n512,B1,2625,26.106659,30.724378,-4.617719000000001,39.92,39.55471509010418,0.36528490989581996
pi4b8g,margin,fisvdd_revision,n512,B1,2626,26.362025,30.724378,-4.362353000000002,38.946,39.555184084744475,-0.6091840847444772
pi4b8g,margin,fisvdd_revision,n512,B1,2627,26.847109,30.724378,-3.877269000000002,38.459,38.75962508368758,-0.3006250836875779
pi4b8g,margin,fisvdd_revision,n512,B1,2628,26.498431,30.724378,-4.2259470000000015,39.92,38.36075977294464,1.559240227055362
pi4b8g,margin,fisvdd_revision,n512,B1,2629,26.109401,30.724378,-4.614977000000003,39.92,39.554720125948045,0.36527987405195717
pi4b8g,margin,fisvdd_revision,n512,B1,2630,26.564503,30.724378,-4.159875000000003,38.459,39.55555594747004,-1.096555947470037
pi4b8g,margin,fisvdd_revision,n512,B1,2631,26.370322,30.724378,-4.354056,39.92,38.3605244932505,1.5594755067495
pi4b8g,margin,fisvdd_revision,n512,B1,2632,26.253435,30.724378,-4.470943000000002,39.92,39.55498465283894,0.3650153471610622
pi4b8g,margin,fisvdd_revision,n512,B1,2633,26.354655,30.724378,-4.3697230000000005,39.433,39.55517054930711,-0.12217054930710702
pi4b8g,margin,fisvdd_revision,n512,B1,2634,26.219139,30.724378,-4.505239000000003,38.946,39.55492166622293,-0.6089216662229333
pi4b8g,margin,fisvdd_revision,n512,B1,2635,26.289101,30.724378,-4.435277000000003,39.433,38.7586002692595,0.6743997307404968
pi4b8g,margin,fisvdd_revision,n512,B1,2636,26.436265,30.724378,-4.288113000000003,39.433,39.15709548771943,0.2759045122805688
pi4b8g,margin,fisvdd_revision,n512,B1,2637,26.395766,30.724378,-4.328612000000003,40.407,39.15702110893002,1.2499788910699792
pi4b8g,margin,fisvdd_revision,n512,B1,2638,26.744556,30.724378,-3.979822000000002,40.407,39.95411156850793,0.45288843149206315
pi4b8g,margin,fisvdd_revision,n512,B1,2639,26.198398,30.724378,-4.525980000000001,39.433,39.953108517300045,-0.520108517300045
pi4b8g,margin,oi_svdd_as_elm_revision,n1,B2,2640,2.062335,2.325735,-0.26339999999999986,39.92,40.11355463319658,-0.19355463319657673
pi4b8g,margin,oi_svdd_as_elm_revision,n1,B2,2641,1.80845,2.325735,-0.517285,39.433,39.71486341535927,-0.2818634153592683
pi4b8g,margin,oi_svdd_as_elm_revision,n1,B2,2642,1.740766,2.325735,-0.5849689999999999,40.407,39.31651416658211,1.0904858334178869
pi4b8g,margin,oi_svdd_as_elm_revision,n1,B2,2643,1.75521,2.325735,-0.570525,38.946,40.112990580116296,-1.1669905801162983
pi4b8g,margin,oi_svdd_as_elm_revision,n1,B2,2644,1.75534,2.325735,-0.570395,39.433,38.91831598944769,0.5146840105523083
pi4b8g,margin,oi_svdd_as_elm_revision,n1,B2,2645,1.70347,2.325735,-0.6222649999999998,39.92,39.3164456702901,0.6035543297099011
pi4b8g,margin,oi_svdd_as_elm_revision,n1,B2,2646,1.692638,2.325735,-0.6330969999999998,39.92,39.71465071982705,0.20534928017295329
pi4b8g,margin,oi_svdd_as_elm_revision,n1,B2,2647,1.745284,2.325735,-0.5804509999999998,39.433,39.714747407294574,-0.28174740729457426
pi4b8g,margin,oi_svdd_as_elm_revision,n1,B2,2648,1.695508,2.325735,-0.6302269999999999,39.433,39.31643104761,0.1165689523899971
pi4b8g,margin,oi_svdd_as_elm_revision,n1,B2,2649,1.693378,2.325735,-0.6323569999999998,39.92,39.31642713574004,0.6035728642599594
pi4b8g,margin,oi_svdd_as_elm_revision,n1,B2,2650,1.736396,2.325735,-0.5893389999999998,40.894,39.71473108396115,1.1792689160388505
pi4b8g,margin,oi_svdd_as_elm_revision,n1,B2,2651,1.748414,2.325735,-0.577321,40.407,40.51120304200401,-0.10420304200401631
pi4b8g,margin,oi_svdd_as_elm_revision,n1,B2,2652,1.7181,2.325735,-0.6076349999999999,39.433,40.1129224254242,-0.679922425424202
pi4b8g,margin,oi_svdd_as_elm_revision,n1,B2,2653,1.748526,2.325735,-0.5772089999999999,40.407,39.31652841827736,1.090471581722639
pi4b8g,margin,oi_svdd_as_elm_revision,n1,B2,2654,1.737785,2.325735,-0.58795,40.407,40.112958578081546,0.2940414219184504
pi4b8g,margin,oi_svdd_as_elm_revision,n1,B2,2655,1.692082,2.325735,-0.6336529999999998,39.433,40.11287464184083,-0.6798746418408328
pi4b8g,margin,oi_svdd_as_elm_revision,n1,B2,2656,1.741766,2.325735,-0.583969,40.407,39.31651600314078,1.09048399685922
pi4b8g,margin,oi_svdd_as_elm_revision,n1,B2,2657,1.703045,2.325735,-0.62269,40.407,40.112894776033485,0.2941052239665112
pi4b8g,margin,oi_svdd_as_elm_revision,n1,B2,2658,1.688638,2.325735,-0.6370969999999998,41.381,40.112868316732786,1.2681316832672138
pi4b8g,margin,oi_svdd_as_elm_revision,n1,B2,2659,1.75047,2.325735,-0.5752649999999999,39.92,40.90943176110905,-0.9894317611090457
pi4b8g,margin,oi_svdd_as_elm_revision,n1,B2,2660,1.722211,2.325735,-0.603524,39.433,39.71470503237647,-0.2817050323764718
pi4b8g,margin,oi_svdd_as_elm_revision,n1,B2,2661,1.741322,2.325735,-0.5844129999999998,40.894,39.316515187708724,1.5774848122912744
pi4b8g,margin,oi_svdd_as_elm_revision,n1,B2,2662,1.840264,2.325735,-0.485471,41.381,40.511371729917485,0.8696282700825151
pi4b8g,margin,oi_svdd_as_elm_revision,n1,B2,2663,1.709767,2.325735,-0.6159679999999998,40.407,40.90935700766167,-0.5023570076616721
pi4b8g,margin,oi_svdd_as_elm_revision,n1,B2,2664,1.747433,2.325735,-0.5783019999999999,40.894,40.11297629719955,0.7810237028004465
pi4b8g,margin,oi_svdd_as_elm_revision,n1,B2,2665,1.756951,2.325735,-0.568784,39.92,40.51121872070535,-0.5912187207053492
pi4b8g,margin,oi_svdd_as_elm_revision,n1,B2,2666,1.722415,2.325735,-0.6033199999999999,40.894,39.714705407034444,1.1792945929655545
pi4b8g,margin,oi_svdd_as_elm_revision,n1,B2,2667,1.719248,2.325735,-0.6064869999999998,39.433,40.511149476933966,-1.078149476933966
pi4b8g,margin,oi_svdd_as_elm_revision,n1,B2,2668,1.756247,2.325735,-0.569488,40.407,39.316542598346814,1.0904574016531825
pi4b8g,margin,oi_svdd_as_elm_revision,n1,B2,2669,1.745414,2.325735,-0.5803209999999999,39.92,40.112972589187606,-0.19297258918760463
pi4b8g,margin,oi_svdd_as_elm_revision,n1,B2,2670,1.695489,2.325735,-0.6302459999999999,40.407,39.714655955855804,0.6923440441441926
pi4b8g,margin,oi_svdd_as_elm_revision,n1,B2,2671,1.786043,2.325735,-0.5396919999999998,40.407,40.11304720672965,0.29395279327034984
pi4b8g,margin,oi_svdd_as_elm_revision,n1,B2,2672,1.824135,2.325735,-0.5015999999999998,40.407,40.11311716492235,0.2938828350776461
pi4b8g,margin,oi_svdd_as_elm_revision,n1,B2,2673,1.694248,2.325735,-0.6314869999999999,40.407,40.1128786198269,0.2941213801730953
pi4b8g,margin,oi_svdd_as_elm_revision,n1,B2,2674,1.741636,2.325735,-0.5840989999999999,39.92,40.11296565066897,-0.19296565066896676
pi4b8g,margin,oi_svdd_as_elm_revision,n1,B2,2675,1.772543,2.325735,-0.5531919999999999,39.433,39.71479747004725,-0.28179747004725186
pi4b8g,margin,oi_svdd_as_elm_revision,n1,B2,2676,1.699323,2.325735,-0.626412,39.92,39.31643805408132,0.6035619459186847
pi4b8g,margin,oi_svdd_as_elm_revision,n1,B2,2677,1.715211,2.325735,-0.6105239999999998,40.407,39.71469217646581,0.6923078235341862
pi4b8g,margin,oi_svdd_as_elm_revision,n1,B2,2678,1.894264,2.325735,-0.43147099999999994,38.946,40.11324596094504,-1.1672459609450385
pi4b8g,margin,oi_svdd_as_elm_revision,n1,B2,2679,1.721766,2.325735,-0.603969,39.92,38.91825432882704,1.0017456711729622
pi4b8g,margin,fisvdd_revision,n512,B0,2680,26.46769,29.248146,-2.7804559999999974,40.894,38.570260058377606,2.3237399416223923
pi4b8g,margin,fisvdd_revision,n512,B0,2681,26.272564,29.248146,-2.9755819999999993,39.92,40.162801470592996,-0.24280147059299395
pi4b8g,margin,fisvdd_revision,n512,B0,2682,26.345581,29.248146,-2.902564999999999,38.946,39.36648568431629,-0.4204856843162901
pi4b8g,margin,fisvdd_revision,n512,B0,2683,26.295508,29.248146,-2.9526379999999968,38.946,38.56994383603338,0.37605616396661645
pi4b8g,margin,fisvdd_revision,n512,B0,2684,27.06692,29.248146,-2.1812259999999988,39.433,38.57136057942701,0.8616394205729918
pi4b8g,margin,fisvdd_revision,n512,B0,2685,26.292137,29.248146,-2.956008999999998,38.459,38.96816258813453,-0.5091625881345294
pi4b8g,margin,fisvdd_revision,n512,B0,2686,26.383525,29.248146,-2.8646209999999996,39.92,38.171880541277076,1.7481194587229254
pi4b8g,margin,fisvdd_revision,n512,B0,2687,26.21738,29.248146,-3.030766,38.946,39.366250235658754,-0.42025023565875586
pi4b8g,margin,fisvdd_revision,n512,B0,2688,26.700742,29.248146,-2.5474039999999967,38.946,38.57068807204782,0.3753119279521755
pi4b8g,margin,fisvdd_revision,n512,B0,2689,26.211232,29.248146,-3.0369139999999994,38.946,38.56978905821525,0.37621094178474834
pi4b8g,margin,fisvdd_revision,n512,B0,2690,26.251953,29.248146,-2.996192999999998,39.433,38.569863844720686,0.8631361552793138
pi4b8g,margin,fisvdd_revision,n512,B0,2691,26.221472,29.248146,-3.026674,37.972,38.9680328077164,-0.9960328077163965
pi4b8g,margin,fisvdd_revision,n512,B0,2692,26.311508,29.248146,-2.9366379999999985,39.433,37.77352333469122,1.6594766653087802
pi4b8g,margin,fisvdd_revision,n512,B0,2693,26.3601,29.248146,-2.8880459999999992,38.946,38.96828740617114,-0.022287406171145108
pi4b8g,margin,fisvdd_revision,n512,B0,2694,27.478524,29.248146,-1.7696219999999983,39.433,38.57211651432016,0.8608834856798424
pi4b8g,margin,fisvdd_revision,n512,B0,2695,26.445876,29.248146,-2.80227,39.433,38.968444938827275,0.4645550611727245
pi4b8g,margin,fisvdd_revision,n512,B0,2696,26.216768,29.248146,-3.031378,37.972,38.96802416854444,-0.9960241685444373
pi4b8g,margin,fisvdd_revision,n512,B0,2697,26.629983,29.248146,-2.618162999999999,39.433,37.774108232712365,1.6588917672876349
pi4b8g,margin,fisvdd_revision,n512,B0,2698,26.349007,29.248146,-2.899138999999998,38.946,38.968267033225864,-0.022267033225865873
pi4b8g,margin,fisvdd_revision,n512,B0,2699,26.318619,29.248146,-2.9295269999999967,38.946,38.569986280740714,0.3760137192592836
pi4b8g,margin,fisvdd_revision,n512,B0,2700,26.328674,29.248146,-2.919471999999999,39.433,38.570004747338096,0.8629952526619036
pi4b8g,margin,fisvdd_revision,n512,B0,2701,26.115937,29.248146,-3.1322089999999996,38.946,38.96783898649759,-0.02183898649759186
pi4b8g,margin,fisvdd_revision,n512,B0,2702,26.348155,29.248146,-2.899991,38.459,38.57004052533747,-0.11104052533746511
pi4b8g,margin,fisvdd_revision,n512,B0,2703,26.338618,29.248146,-2.909527999999998,38.459,38.171798066937065,0.2872019330629385
pi4b8g,margin,fisvdd_revision,n512,B0,2704,27.395766,29.248146,-1.8523800000000001,39.433,38.17373958125767,1.259260418742329
pi4b8g,margin,fisvdd_revision,n512,B0,2705,26.349063,29.248146,-2.8990829999999974,38.946,38.96826713607315,-0.022267136073153893
pi4b8g,margin,fisvdd_revision,n512,B0,2706,26.326637,29.248146,-2.921508999999997,37.485,38.57000100626809,-1.0850010062680937
pi4b8g,margin,fisvdd_revision,n512,B0,2707,26.086882,29.248146,-3.161263999999999,38.459,37.374885852723914,1.0841141472760896
pi4b8g,margin,fisvdd_revision,n512,B0,2708,26.480023,29.248146,-2.7681229999999992,38.946,38.17205776551523,0.7739422344847711
pi4b8g,margin,fisvdd_revision,n512,B0,2709,27.242473,29.248146,-2.005672999999998,38.946,38.571682992810494,0.37431700718950367
pi4b8g,margin,fisvdd_revision,n512,B0,2710,26.448413,29.248146,-2.799733,38.459,38.5702246550362,-0.11122465503619594
pi4b8g,margin,fisvdd_revision,n512,B0,2711,26.189454,29.248146,-3.058691999999997,38.946,38.171524118500216,0.7744758814997823
pi4b8g,margin,fisvdd_revision,n512,B0,2712,26.312545,29.248146,-2.9356009999999984,38.459,38.569975125483374,-0.11097512548337107
pi4b8g,margin,fisvdd_revision,n512,B0,2713,26.301878,29.248146,-2.946268,39.433,38.17173059177168,1.2612694082283227
pi4b8g,margin,fisvdd_revision,n512,B0,2714,26.714889,29.248146,-2.533256999999999,38.459,38.96893899698369,-0.509938996983685
pi4b8g,margin,fisvdd_revision,n512,B0,2715,26.135955,29.248146,-3.1121909999999993,37.972,38.171425864448146,-0.1994258644481448
pi4b8g,margin,fisvdd_revision,n512,B0,2716,26.263231,29.248146,-2.9849149999999973,37.972,37.7734346711485,0.19856532885150102
pi4b8g,margin,fisvdd_revision,n512,B0,2717,26.283989,29.248146,-2.964157,37.972,37.77347279443329,0.19852720556671244
pi4b8g,margin,fisvdd_revision,n512,B0,2718,26.241398,29.248146,-3.006747999999998,38.459,37.773394573563145,0.6856054264368581
pi4b8g,margin,fisvdd_revision,n512,B0,2719,26.304822,29.248146,-2.943323999999997,38.946,38.17173599860039,0.774264001399608
pi4b8g,margin,oi_svdd_as_elm_revision,n512,B0,2720,49.622141,52.474813,-2.8526719999999983,38.946,37.814770011224546,1.131229988775452
pi4b8g,margin,oi_svdd_as_elm_revision,n512,B0,2721,49.521606,52.474813,-2.953206999999999,38.946,38.611035259079884,0.33496474092011397
pi4b8g,margin,oi_svdd_as_elm_revision,n512,B0,2722,49.537161,52.474813,-2.937652,38.946,38.61106382674993,0.3349361732500711
pi4b8g,margin,oi_svdd_as_elm_revision,n512,B0,2723,49.934024,52.474813,-2.5407889999999966,39.92,38.61179268893178,1.308207311068223
pi4b8g,margin,oi_svdd_as_elm_revision,n512,B0,2724,49.487884,52.474813,-2.9869289999999964,39.433,39.407423212929366,0.0255767870706336
pi4b8g,margin,oi_svdd_as_elm_revision,n512,B0,2725,49.517661,52.474813,-2.9571520000000007,37.485,39.00925295699635,-1.5242529569963494
pi4b8g,margin,oi_svdd_as_elm_revision,n512,B0,2726,49.34709,52.474813,-3.127722999999996,37.972,37.4160399207865,0.5559600792134987
pi4b8g,margin,oi_svdd_as_elm_revision,n512,B0,2727,49.492291,52.474813,-2.982521999999996,38.946,37.81453153408177,1.1314684659182248
pi4b8g,margin,oi_svdd_as_elm_revision,n512,B0,2728,49.515569,52.474813,-2.959243999999998,38.946,38.61102417177521,0.3349758282247848
pi4b8g,margin,oi_svdd_as_elm_revision,n512,B0,2729,49.473607,52.474813,-3.0012059999999963,37.972,38.610947106100475,-0.6389471061004741
pi4b8g,margin,oi_svdd_as_elm_revision,n512,B0,2730,49.629992,52.474813,-2.844820999999996,38.459,37.81478443004663,0.6442155699533743
pi4b8g,margin,oi_svdd_as_elm_revision,n512,B0,2731,49.749786,52.474813,-2.725026999999997,38.946,38.21322938189588,0.7327706181041194
pi4b8g,margin,oi_svdd_as_elm_revision,n512,B0,2732,49.643103,52.474813,-2.831709999999994,38.946,38.61125839544812,0.33474160455187985
pi4b8g,margin,oi_svdd_as_elm_revision,n512,B0,2733,49.529105,52.474813,-2.945707999999996,38.459,38.61104903143332,-0.1520490314333145
pi4b8g,margin,oi_svdd_as_elm_revision,n512,B0,2734,49.556216,52.474813,-2.9185969999999983,38.459,38.212873879234905,0.24612612076509777
pi4b8g,margin,oi_svdd_as_elm_revision,n512,B0,2735,49.440218,52.474813,-3.034594999999996,39.433,38.21266084210277,1.2203391578972287
pi4b8g,margin,oi_svdd_as_elm_revision,n512,B0,2736,49.609437,52.474813,-2.8653759999999977,38.946,39.009421509004476,-0.06342150900447763
pi4b8g,margin,oi_svdd_as_elm_revision,n512,B0,2737,49.402811,52.474813,-3.0720019999999977,38.946,38.61081708509316,0.33518291490683794
pi4b8g,margin,oi_svdd_as_elm_revision,n512,B0,2738,49.434551,52.474813,-3.0402619999999985,38.946,38.61087537746521,0.33512462253478503
pi4b8g,margin,oi_svdd_as_elm_revision,n512,B0,2739,49.512272,52.474813,-2.9625409999999945,39.433,37.81456823036047,1.6184317696395283
pi4b8g,margin,oi_svdd_as_elm_revision,n512,B0,2740,49.470051,52.474813,-3.0047619999999995,38.946,39.009165518438266,-0.06316551843826801
pi4b8g,margin,oi_svdd_as_elm_revision,n512,B0,2741,49.531846,52.474813,-2.942966999999996,38.946,38.61105406544062,0.3349459345593786
pi4b8g,margin,oi_svdd_as_elm_revision,n512,B0,2742,49.477698,52.474813,-2.997115000000001,39.433,38.61095461946198,0.8220453805380217
pi4b8g,margin,oi_svdd_as_elm_revision,n512,B0,2743,49.542846,52.474813,-2.931967,37.972,39.009299210726354,-1.0372992107263528
pi4b8g,margin,oi_svdd_as_elm_revision,n512,B0,2744,49.606363,52.474813,-2.8684499999999957,38.946,37.81474103400191,1.1312589659980858
pi4b8g,margin,oi_svdd_as_elm_revision,n512,B0,2745,49.791767,52.474813,-2.6830459999999974,39.92,38.611531425605634,1.308468574394368
pi4b8g,margin,oi_svdd_as_elm_revision,n512,B0,2746,49.758583,52.474813,-2.716229999999996,38.459,39.40792036752369,-0.9489203675236837
pi4b8g,margin,oi_svdd_as_elm_revision,n512,B0,2747,51.733067,52.474813,-0.7417459999999991,38.946,38.61509673694387,0.33090326305612905
pi4b8g,margin,oi_svdd_as_elm_revision,n512,B0,2748,51.021505,52.474813,-1.4533079999999998,38.459,38.6137899115864,-0.15478991158639843
pi4b8g,margin,oi_svdd_as_elm_revision,n512,B0,2749,49.448607,52.474813,-3.026205999999995,38.459,38.21267624899342,0.2463237510065852
pi4b8g,margin,oi_svdd_as_elm_revision,n512,B0,2750,49.558919,52.474813,-2.9158939999999944,39.433,38.21287884345298,1.2201211565470231
pi4b8g,margin,oi_svdd_as_elm_revision,n512,B0,2751,49.465013,52.474813,-3.0097999999999985,38.459,39.0091562658557,-0.5501562658556978
pi4b8g,margin,oi_svdd_as_elm_revision,n512,B0,2752,49.542567,52.474813,-2.9322459999999992,38.459,38.21284881204567,0.24615118795433233
pi4b8g,margin,oi_svdd_as_elm_revision,n512,B0,2753,49.454754,52.474813,-3.0200589999999963,37.972,38.212687538319535,-0.24068753831953416
pi4b8g,margin,oi_svdd_as_elm_revision,n512,B0,2754,49.410459,52.474813,-3.0643539999999945,38.459,37.81438124481301,0.6446187551869897
pi4b8g,margin,oi_svdd_as_elm_revision,n512,B0,2755,49.480717,52.474813,-2.994095999999999,38.946,38.212735220892185,0.7332647791078131
pi4b8g,margin,oi_svdd_as_elm_revision,n512,B0,2756,49.567419,52.474813,-2.9073939999999965,38.946,38.611119397342044,0.33488060265795383
pi4b8g,margin,oi_svdd_as_elm_revision,n512,B0,2757,49.421737,52.474813,-3.0530759999999972,38.946,38.61085184380247,0.33514815619752625
pi4b8g,margin,oi_svdd_as_elm_revision,n512,B0,2758,49.600956,52.474813,-2.873857000000001,38.946,38.61118099001003,0.33481900998997105
pi4b8g,margin,oi_svdd_as_elm_revision,n512,B0,2759,49.51392,52.474813,-2.9608929999999987,37.972,38.611021143289975,-0.6390211432899733
pi4b8g,margin,oi_svdd_as_elm_revision,n1024,B0,2760,97.148428,98.488498,-1.3400700000000114,38.459,37.90009150547372,0.5589084945262854
pi4b8g,margin,oi_svdd_as_elm_revision,n1024,B0,2761,97.17876,98.488498,-1.30973800000001,39.433,38.298372155111586,1.1346278448884135
pi4b8g,margin,oi_svdd_as_elm_revision,n1024,B0,2762,97.089781,98.488498,-1.3987170000000049,38.459,39.094658626238854,-0.6356586262388504
pi4b8g,margin,oi_svdd_as_elm_revision,n1024,B0,2763,97.975618,98.488498,-0.5128800000000098,38.459,38.299835631577025,0.159164368422978
pi4b8g,margin,oi_svdd_as_elm_revision,n1024,B0,2764,96.913598,98.488498,-1.5749000000000137,39.433,38.297885169542596,1.135114830457404
pi4b8g,margin,oi_svdd_as_elm_revision,n1024,B0,2765,96.964394,98.488498,-1.5241040000000083,38.459,39.094428345657406,-0.6354283456574024
pi4b8g,margin,oi_svdd_as_elm_revision,n1024,B0,2766,97.538625,98.488498,-0.9498730000000108,40.407,39.89193284085754,0.515067159142454
pi4b8g,margin,oi_svdd_as_elm_revision,n1024,B0,2767,96.820471,98.488498,-1.6680270000000093,39.433,39.890613908905344,-0.45761390890534415
pi4b8g,margin,oi_svdd_as_elm_revision,n1024,B0,2768,97.12241,98.488498,-1.3660880000000049,38.946,39.094718551311566,-0.14871855131156764
pi4b8g,margin,oi_svdd_as_elm_revision,n1024,B0,2769,97.205038,98.488498,-1.2834600000000052,39.433,38.696645359340614,0.7363546406593855
pi4b8g,margin,oi_svdd_as_elm_revision,n1024,B0,2770,96.824841,98.488498,-1.6636570000000006,39.433,39.09417204838589,0.33882795161410684
pi4b8g,margin,oi_svdd_as_elm_revision,n1024,B0,2771,96.929987,98.488498,-1.55851100000001,38.459,39.09436515518339,-0.6353651551833863
pi4b8g,margin,oi_svdd_as_elm_revision,n1024,B0,2772,97.089336,98.488498,-1.399162000000004,38.946,38.298207922689436,0.6477920773105623
pi4b8g,margin,oi_svdd_as_elm_revision,n1024,B0,2773,98.426905,98.488498,-0.06159300000000201,39.433,38.69888938976812,0.7341106102318804
pi4b8g,margin,oi_svdd_as_elm_revision,n1024,B0,2774,97.297703,98.488498,-1.1907950000000085,39.433,39.0950404871898,0.3379595128102011
pi4b8g,margin,oi_svdd_as_elm_revision,n1024,B0,2775,97.146354,98.488498,-1.3421440000000047,38.946,39.09476252587226,-0.14876252587226446
pi4b8g,margin,oi_svdd_as_elm_revision,n1024,B0,2776,97.091521,98.488498,-1.3969770000000068,38.946,38.69643687871053,0.24956312128946934
pi4b8g,margin,oi_svdd_as_elm_revision,n1024,B0,2777,96.98893,98.488498,-1.4995680000000107,39.92,39.09447340746083,0.8255265925391697
pi4b8g,margin,oi_svdd_as_elm_revision,n1024,B0,2778,97.336109,98.488498,-1.1523890000000137,39.433,39.49333596520234,-0.06033596520234141
pi4b8g,margin,oi_svdd_as_elm_revision,n1024,B0,2779,97.025374,98.488498,-1.4631240000000076,38.946,39.09454033900486,-0.1485403390048603
pi4b8g,margin,oi_svdd_as_elm_revision,n1024,B0,2780,96.927858,98.488498,-1.5606400000000065,39.92,38.696136302009585,1.2238636979904172
pi4b8g,margin,oi_svdd_as_elm_revision,n1024,B0,2781,97.041744,98.488498,-1.4467540000000128,39.433,39.492795346610635,-0.05979534661063468
pi4b8g,margin,oi_svdd_as_elm_revision,n1024,B0,2782,97.380479,98.488498,-1.108019000000013,38.946,39.09519251016994,-0.1491925101699394
pi4b8g,margin,oi_svdd_as_elm_revision,n1024,B0,2783,98.470812,98.488498,-0.01768600000001186,39.433,38.698970027549464,0.7340299724505357
pi4b8g,margin,oi_svdd_as_elm_revision,n1024,B0,2784,96.954301,98.488498,-1.534197000000006,38.946,39.09440980927079,-0.14840980927079528
pi4b8g,margin,oi_svdd_as_elm_revision,n1024,B0,2785,97.067374,98.488498,-1.421124000000006,38.946,38.69639253132842,0.24960746867157724
pi4b8g,margin,oi_svdd_as_elm_revision,n1024,B0,2786,97.23113,98.488498,-1.2573680000000138,39.433,38.69669327882932,0.7363067211706777
pi4b8g,margin,oi_svdd_as_elm_revision,n1024,B0,2787,96.865265,98.488498,-1.6232330000000132,38.946,39.09424628943341,-0.14824628943340912
pi4b8g,margin,oi_svdd_as_elm_revision,n1024,B0,2788,97.049763,98.488498,-1.4387350000000083,38.946,38.696360187693756,0.249639812306242
pi4b8g,margin,oi_svdd_as_elm_revision,n1024,B0,2789,97.0208,98.488498,-1.4676980000000128,38.946,38.69630699544511,0.24969300455488508
pi4b8g,margin,oi_svdd_as_elm_revision,n1024,B0,2790,97.130335,98.488498,-1.3581630000000047,39.92,38.69650816289859,1.2234918371014132
pi4b8g,margin,oi_svdd_as_elm_revision,n1024,B0,2791,97.054466,98.488498,-1.434032000000002,39.92,38.69636882502916,1.2236311749708406
pi4b8g,margin,oi_svdd_as_elm_revision,n1024,B0,2792,97.443848,98.488498,-1.0446500000000043,39.92,39.49353383419645,0.42646616580355357
pi4b8g,margin,oi_svdd_as_elm_revision,n1024,B0,2793,98.149188,98.488498,-0.33931000000001177,39.433,39.4948292324859,-0.061829232485898444
pi4b8g,margin,oi_svdd_as_elm_revision,n1024,B0,2794,96.998226,98.488498,-1.4902720000000045,39.92,39.094490480110196,0.8255095198898061
pi4b8g,margin,oi_svdd_as_elm_revision,n1024,B0,2795,96.761786,98.488498,-1.7267120000000062,38.946,39.49228118731963,-0.5462811873196287
pi4b8g,margin,oi_svdd_as_elm_revision,n1024,B0,2796,96.973542,98.488498,-1.5149560000000122,38.946,38.69622020335568,0.2497797966443187
pi4b8g,margin,oi_svdd_as_elm_revision,n1024,B0,2797,97.122409,98.488498,-1.3660890000000023,39.433,38.696493606334606,0.7365063936653939
pi4b8g,margin,oi_svdd_as_elm_revision,n1024,B0,2798,97.101502,98.488498,-1.3869960000000106,38.946,39.09468015254298,-0.14868015254297973
pi4b8g,margin,oi_svdd_as_elm_revision,n1024,B0,2799,97.34522,98.488498,-1.1432780000000093,39.92,38.696902811807526,1.223097188192476
pi4b8g,margin,fisvdd_revision,n16,B2,2800,2.602751,3.496565,-0.8938139999999999,40.407,38.51535875482785,1.8916412451721456
pi4b8g,margin,fisvdd_revision,n16,B2,2801,2.367589,3.496565,-1.1289759999999998,39.92,40.10782663858048,-0.187826638580475
pi4b8g,margin,fisvdd_revision,n16,B2,2802,2.405736,3.496565,-1.0908289999999998,39.433,39.7096717546435,-0.2766717546435018
pi4b8g,margin,fisvdd_revision,n16,B2,2803,2.386384,3.496565,-1.1101809999999999,39.433,39.31141127041979,0.1215887295802105
pi4b8g,margin,fisvdd_revision,n16,B2,2804,2.3612,3.496565,-1.1353649999999997,40.407,39.311365018526345,1.0956349814736512
pi4b8g,margin,fisvdd_revision,n16,B2,2805,2.406329,3.496565,-1.090236,39.433,40.1078977868632,-0.6748977868631982
pi4b8g,margin,fisvdd_revision,n16,B2,2806,2.397347,3.496565,-1.099218,38.946,39.31143140461244,-0.36543140461244406
pi4b8g,margin,fisvdd_revision,n16,B2,2807,2.348941,3.496565,-1.147624,40.894,39.70956744729407,1.1844325527059283
pi4b8g,margin,fisvdd_revision,n16,B2,2808,2.490939,3.496565,-1.005626,39.433,40.50627812123234,-1.0732781212323417
pi4b8g,margin,fisvdd_revision,n16,B2,2809,2.73336,3.496565,-0.7632050000000001,40.407,39.31204851219947,1.0949514878005289
pi4b8g,margin,fisvdd_revision,n16,B2,2810,2.73549,3.496565,-0.761075,40.407,40.10850231035025,0.29849768964975
pi4b8g,margin,fisvdd_revision,n16,B2,2811,2.461957,3.496565,-1.034608,39.92,40.10799995094867,-0.18799995094866517
pi4b8g,margin,fisvdd_revision,n16,B2,2812,2.502438,3.496565,-0.9941269999999998,40.894,39.70984935353962,1.184150646460381
pi4b8g,margin,fisvdd_revision,n16,B2,2813,2.424402,3.496565,-1.0721629999999998,40.407,40.50615592212838,-0.0991559221283822
pi4b8g,margin,fisvdd_revision,n16,B2,2814,2.401995,3.496565,-1.09457,40.407,40.10788982721794,0.29911017278205776
pi4b8g,margin,fisvdd_revision,n16,B2,2815,2.371347,3.496565,-1.1252179999999998,40.894,40.10783354036795,0.7861664596320495
pi4b8g,margin,fisvdd_revision,n16,B2,2816,2.409032,3.496565,-1.087533,39.92,40.50612769422168,-0.5861276942216804
pi4b8g,margin,fisvdd_revision,n16,B2,2817,2.379181,3.496565,-1.117384,39.92,39.70962298482813,0.21037701517187202
pi4b8g,margin,fisvdd_revision,n16,B2,2818,2.418866,3.496565,-1.077699,39.433,39.70969586865879,-0.27669586865879126
pi4b8g,margin,fisvdd_revision,n16,B2,2819,2.358329,3.496565,-1.138236,39.92,39.31135974576642,0.6086402542335847
pi4b8g,margin,fisvdd_revision,n16,B2,2820,2.397514,3.496565,-1.0990509999999998,40.407,39.70965665445815,0.6973433455418458
pi4b8g,margin,fisvdd_revision,n16,B2,2821,2.367181,3.496565,-1.129384,39.433,40.10782588926455,-0.6748258892645467
pi4b8g,margin,fisvdd_revision,n16,B2,2822,2.346959,3.496565,-1.149606,39.433,39.31133886409438,0.12166113590561878
pi4b8g,margin,fisvdd_revision,n16,B2,2823,2.379366,3.496565,-1.1171989999999998,40.407,39.31139838145107,1.0956016185489261
pi4b8g,margin,fisvdd_revision,n16,B2,2824,2.352237,3.496565,-1.1443279999999998,40.407,40.10779844373184,0.2992015562681587
pi4b8g,margin,fisvdd_revision,n16,B2,2825,2.345589,3.496565,-1.150976,39.92,40.107786234289826,-0.187786234289824
pi4b8g,margin,fisvdd_revision,n16,B2,2826,2.382348,3.496565,-1.114217,40.407,39.709628801209426,0.6973711987905702
pi4b8g,margin,fisvdd_revision,n16,B2,2827,2.377737,3.496565,-1.1188279999999997,40.407,40.10784527597782,0.29915472402217347
pi4b8g,margin,fisvdd_revision,n16,B2,2828,2.381921,3.496565,-1.1146439999999997,40.407,40.10785296013928,0.29914703986071345
pi4b8g,margin,fisvdd_revision,n16,B2,2829,2.413421,3.496565,-1.0831439999999999,39.92,40.107910811737256,-0.18791081173725388
pi4b8g,margin,fisvdd_revision,n16,B2,2830,2.39331,3.496565,-1.1032549999999999,38.946,40.90432376298675,-1.9583237629867511
pi4b8g,margin,fisvdd_revision,n16,B2,2831,2.35083,3.496565,-1.1457349999999997,39.92,38.91312103027256,1.0068789697274383
pi4b8g,margin,fisvdd_revision,n16,B2,2832,2.398773,3.496565,-1.097792,39.433,39.70965896668551,-0.2766589666855097
pi4b8g,margin,fisvdd_revision,n16,B2,2833,2.349922,3.496565,-1.146643,40.407,39.311344305817705,1.095655694182291
pi4b8g,margin,fisvdd_revision,n16,B2,2834,2.324034,3.496565,-1.1725309999999998,39.92,40.10774664726778,-0.18774664726777957
pi4b8g,margin,fisvdd_revision,n16,B2,2835,2.386273,3.496565,-1.1102919999999998,40.407,39.70963600970219,0.6973639902978093
pi4b8g,margin,fisvdd_revision,n16,B2,2836,2.396607,3.496565,-1.099958,40.407,40.10787993183985,0.2991200681601498
pi4b8g,margin,fisvdd_revision,n16,B2,2837,2.348107,3.496565,-1.1484579999999998,40.407,40.10779085874455,0.29920914125544584
pi4b8g,margin,fisvdd_revision,n16,B2,2838,2.446864,3.496565,-1.0497009999999998,39.433,40.10797223176872,-0.6749722317687201
pi4b8g,margin,fisvdd_revision,n16,B2,2839,2.417718,3.496565,-1.0788470000000001,40.407,39.31146881714903,1.0955311828509693
pi4b8g,margin,fisvdd_revision,n16,B0,2840,2.508549,2.51162,-0.003071000000000268,40.407,38.93429923349424,1.4727007665057599
pi4b8g,margin,fisvdd_revision,n16,B0,2841,2.430846,2.51162,-0.08077400000000035,38.946,39.730606413657036,-0.7846064136570376
pi4b8g,margin,fisvdd_revision,n16,B0,2842,2.456902,2.51162,-0.054718000000000266,38.459,38.137754494468,0.3212455055320049
pi4b8g,margin,fisvdd_revision,n16,B0,2843,2.3572,2.51162,-0.15442,40.407,38.13757138589588,2.2694286141041147
pi4b8g,margin,fisvdd_revision,n16,B0,2844,2.413162,2.51162,-0.09845800000000038,38.946,39.730573935953586,-0.7845739359535884
pi4b8g,margin,fisvdd_revision,n16,B0,2845,2.408754,2.51162,-0.10286600000000012,39.433,38.53589101098176,0.8971089890182427
pi4b8g,margin,fisvdd_revision,n16,B0,2846,2.333589,2.51162,-0.17803100000000027,37.972,38.93397790919004,-0.9619779091900398
pi4b8g,margin,fisvdd_revision,n16,B0,2847,2.414088,2.51162,-0.09753200000000017,38.459,38.13767586404527,0.3213241359547325
pi4b8g,margin,fisvdd_revision,n16,B0,2848,2.412106,2.51162,-0.0995140000000001,38.946,38.137672223985994,0.8083277760140035
pi4b8g,margin,fisvdd_revision,n16,B0,2849,2.340404,2.51162,-0.17121600000000026,38.946,38.535765482196936,0.41023451780306175
pi4b8g,margin,fisvdd_revision,n16,B0,2850,2.402328,2.51162,-0.10929200000000039,38.459,38.53587920925577,-0.07687920925576464
pi4b8g,margin,fisvdd_revision,n16,B0,2851,2.42955,2.51162,-0.08207000000000031,39.433,38.13770426091536,1.2952957390846365
pi4b8g,margin,fisvdd_revision,n16,B0,2852,2.384033,2.51162,-0.12758700000000012,38.946,38.93407055255538,0.011929447444614993
pi4b8g,margin,fisvdd_revision,n16,B0,2853,2.399996,2.51162,-0.11162400000000039,38.946,38.53587492640096,0.4101250735990405
pi4b8g,margin,fisvdd_revision,n16,B0,2854,2.404847,2.51162,-0.106773,38.459,38.53588383554705,-0.07688383554704359
pi4b8g,margin,fisvdd_revision,n16,B0,2855,2.343756,2.51162,-0.16786400000000024,38.459,38.13754669520118,0.3214533047988226
pi4b8g,margin,fisvdd_revision,n16,B0,2856,2.439642,2.51162,-0.0719780000000001,39.433,38.13772279546542,1.2952772045345782
pi4b8g,margin,fisvdd_revision,n16,B0,2857,2.521882,2.51162,0.010261999999999993,38.459,38.93432372033093,-0.47532372033092685
pi4b8g,margin,fisvdd_revision,n16,B0,2858,2.345403,2.51162,-0.16621700000000006,37.972,38.137549720013304,-0.1655497200133027
pi4b8g,margin,fisvdd_revision,n16,B0,2859,2.401328,2.51162,-0.11029200000000028,37.972,37.73942748641628,0.2325725135837189
pi4b8g,margin,fisvdd_revision,n16,B0,2860,2.391237,2.51162,-0.12038300000000035,37.972,37.739408953702785,0.23259104629721605
pi4b8g,margin,fisvdd_revision,n16,B0,2861,2.348459,2.51162,-0.1631610000000001,37.972,37.73933038939617,0.2326696106038284
pi4b8g,margin,fisvdd_revision,n16,B0,2862,2.453939,2.51162,-0.05768100000000009,38.946,37.73952410960426,1.2064758903957369
pi4b8g,margin,fisvdd_revision,n16,B0,2863,2.406255,2.51162,-0.10536500000000038,37.972,38.53588642142165,-0.5638864214216497
pi4b8g,margin,fisvdd_revision,n16,B0,2864,2.358885,2.51162,-0.1527350000000003,38.459,37.73934953735682,0.7196504626431803
pi4b8g,margin,fisvdd_revision,n16,B0,2865,2.409977,2.51162,-0.10164300000000015,38.946,38.137668313952595,0.8083316860474028
pi4b8g,margin,fisvdd_revision,n16,B0,2866,2.408107,2.51162,-0.10351299999999997,38.459,38.5358898227283,-0.07688982272829747
pi4b8g,margin,fisvdd_revision,n16,B0,2867,2.334589,2.51162,-0.17703100000000038,39.433,38.13752985946789,1.2954701405321103
pi4b8g,margin,fisvdd_revision,n16,B0,2868,2.399162,2.51162,-0.11245800000000017,37.972,38.934098337851445,-0.9620983378514438
pi4b8g,margin,fisvdd_revision,n16,B0,2869,2.406847,2.51162,-0.10477300000000023,36.998,37.73943762238356,-0.7414376223835646
pi4b8g,margin,fisvdd_revision,n16,B0,2870,2.340755,2.51162,-0.17086500000000004,37.485,36.942866354267395,0.5421336457326049
pi4b8g,margin,fisvdd_revision,n16,B0,2871,2.457124,2.51162,-0.05449600000000032,38.459,37.3413050159032,1.1176949840968007
pi4b8g,margin,fisvdd_revision,n16,B0,2872,2.45768,2.51162,-0.05394000000000032,37.485,38.13775592331064,-0.652755923310643
pi4b8g,margin,fisvdd_revision,n16,B0,2873,2.369921,2.51162,-0.14169900000000002,37.972,37.341144862477854,0.630855137522147
pi4b8g,margin,fisvdd_revision,n16,B0,2874,2.42194,2.51162,-0.08967999999999998,38.459,37.73946534156351,0.7195346584364941
pi4b8g,margin,fisvdd_revision,n16,B0,2875,2.418144,2.51162,-0.09347600000000034,38.459,38.13768331312722,0.3213166868727839
pi4b8g,margin,fisvdd_revision,n16,B0,2876,2.339052,2.51162,-0.17256800000000005,37.972,38.137538056029214,-0.165538056029213
pi4b8g,margin,fisvdd_revision,n16,B0,2877,2.408421,2.51162,-0.10319900000000004,37.972,37.7394405131269,0.23255948687310024
pi4b8g,margin,fisvdd_revision,n16,B0,2878,2.389606,2.51162,-0.12201400000000007,37.485,37.7394059582756,-0.25440595827559775
pi4b8g,margin,fisvdd_revision,n16,B0,2879,2.368329,2.51162,-0.14329100000000006,37.972,37.34114193867646,0.6308580613235435
